#t	totalEnergy 	temperature  	pressure 	volume 		PtensXX 	PtensXY 	PtensXZ 	PtensYX 	PtensYY 	PtensYZ 	PtensZX 	PtensZY 	PtensZZ
0.0	-1.199313E+06	2.999959E+02	1.653837E+01	5.568179E+03
0.005	-1.199322E+06	5.378078E+02	2.239720E+01	5.568179E+03
0.01	-1.199320E+06	6.852678E+02	3.690547E+01	5.568179E+03
0.015	-1.199319E+06	7.549182E+02	4.890966E+01	5.568179E+03
0.02	-1.199322E+06	8.086751E+02	5.803823E+01	5.568179E+03
0.025	-1.199317E+06	6.865664E+02	6.457127E+01	5.568179E+03
0.03	-1.199319E+06	6.865313E+02	6.838717E+01	5.568179E+03
0.035	-1.199320E+06	6.934977E+02	6.945689E+01	5.568179E+03
0.04	-1.199318E+06	6.345246E+02	6.837654E+01	5.568179E+03
0.045	-1.199321E+06	7.076999E+02	6.391018E+01	5.568179E+03
0.05	-1.199320E+06	6.940134E+02	5.595993E+01	5.568179E+03
0.055	-1.199319E+06	6.485150E+02	4.951428E+01	5.568179E+03
0.06	-1.199321E+06	6.788306E+02	4.587720E+01	5.568179E+03
0.065	-1.199319E+06	6.348581E+02	4.438837E+01	5.568179E+03
0.07	-1.199319E+06	6.335904E+02	4.436596E+01	5.568179E+03
0.075	-1.199321E+06	7.348277E+02	4.372698E+01	5.568179E+03
0.08	-1.199321E+06	7.477864E+02	4.539316E+01	5.568179E+03
0.085	-1.199318E+06	6.946841E+02	4.979737E+01	5.568179E+03
0.09	-1.199322E+06	7.599196E+02	5.285948E+01	5.568179E+03
0.095	-1.199320E+06	7.115161E+02	5.611819E+01	5.568179E+03
0.1	-1.199319E+06	6.765777E+02	5.811267E+01	5.568179E+03
0.105	-1.199321E+06	6.683762E+02	5.848054E+01	5.568179E+03
0.11	-1.199318E+06	5.970520E+02	5.911696E+01	5.568179E+03
0.115	-1.199321E+06	6.771274E+02	5.886856E+01	5.568179E+03
0.12	-1.199320E+06	6.921644E+02	5.858160E+01	5.568179E+03
0.125	-1.199319E+06	6.646325E+02	5.633265E+01	5.568179E+03
0.13	-1.199321E+06	6.886776E+02	5.248311E+01	5.568179E+03
0.135	-1.199320E+06	6.347910E+02	4.792945E+01	5.568179E+03
0.14	-1.199318E+06	5.891899E+02	4.381494E+01	5.568179E+03
0.145	-1.199321E+06	6.461342E+02	4.340514E+01	5.568179E+03
0.15	-1.199319E+06	6.520993E+02	4.455230E+01	5.568179E+03
0.155	-1.199320E+06	6.834275E+02	4.372192E+01	5.568179E+03
0.16	-1.199321E+06	7.096379E+02	4.218877E+01	5.568179E+03
0.165	-1.199319E+06	6.447879E+02	4.226618E+01	5.568179E+03
0.17	-1.199320E+06	6.571464E+02	4.616592E+01	5.568179E+03
0.175	-1.199320E+06	6.618121E+02	5.138969E+01	5.568179E+03
0.18	-1.199320E+06	6.558570E+02	5.467214E+01	5.568179E+03
0.185	-1.199321E+06	6.661377E+02	5.671193E+01	5.568179E+03
0.19	-1.199319E+06	6.235697E+02	5.590865E+01	5.568179E+03
0.195	-1.199320E+06	6.525691E+02	5.412100E+01	5.568179E+03
0.2	-1.199321E+06	6.839288E+02	5.248620E+01	5.568179E+03
0.205	-1.199319E+06	6.559100E+02	4.974613E+01	5.568179E+03
0.21	-1.199321E+06	7.030830E+02	4.702804E+01	5.568179E+03
0.215	-1.199321E+06	6.991150E+02	4.302252E+01	5.568179E+03
0.22	-1.199319E+06	6.507310E+02	4.064103E+01	5.568179E+03
0.225	-1.199320E+06	6.568899E+02	4.288447E+01	5.568179E+03
0.23	-1.199321E+06	6.791405E+02	4.537303E+01	5.568179E+03
0.235	-1.199319E+06	6.660235E+02	4.704702E+01	5.568179E+03
0.24	-1.199320E+06	6.933520E+02	4.733064E+01	5.568179E+03
0.245	-1.199320E+06	6.885655E+02	4.784160E+01	5.568179E+03
0.25	-1.199319E+06	6.632415E+02	5.043425E+01	5.568179E+03
0.255	-1.199321E+06	6.587358E+02	5.205386E+01	5.568179E+03
0.26	-1.199319E+06	5.960982E+02	5.257717E+01	5.568179E+03
0.265	-1.199320E+06	6.255515E+02	5.156494E+01	5.568179E+03
0.27	-1.199320E+06	6.623118E+02	4.908132E+01	5.568179E+03
0.275	-1.199319E+06	6.487663E+02	4.709017E+01	5.568179E+03
0.28	-1.199321E+06	6.702934E+02	4.575780E+01	5.568179E+03
0.285	-1.199319E+06	6.452545E+02	4.458246E+01	5.568179E+03
0.29	-1.199320E+06	6.476327E+02	4.241103E+01	5.568179E+03
0.295	-1.199320E+06	6.376048E+02	4.046201E+01	5.568179E+03
0.3	-1.199320E+06	6.174831E+02	3.996386E+01	5.568179E+03
0.305	-1.199319E+06	6.097568E+02	4.171153E+01	5.568179E+03
0.31	-1.199320E+06	6.512981E+02	4.513739E+01	5.568179E+03
0.315	-1.199321E+06	6.572772E+02	4.907697E+01	5.568179E+03
0.32	-1.199319E+06	6.171266E+02	5.229752E+01	5.568179E+03
0.325	-1.199321E+06	6.353176E+02	5.388530E+01	5.568179E+03
0.33	-1.199318E+06	5.828099E+02	5.511897E+01	5.568179E+03
0.335	-1.199321E+06	6.351253E+02	5.569668E+01	5.568179E+03
0.34	-1.199321E+06	6.443257E+02	5.598350E+01	5.568179E+03
0.345	-1.199319E+06	6.106097E+02	5.420923E+01	5.568179E+03
0.35	-1.199321E+06	6.516046E+02	5.039643E+01	5.568179E+03
0.355	-1.199320E+06	6.175364E+02	4.621980E+01	5.568179E+03
0.36	-1.199321E+06	6.259727E+02	4.307453E+01	5.568179E+03
0.365	-1.199321E+06	6.224778E+02	4.312056E+01	5.568179E+03
0.37	-1.199319E+06	5.936455E+02	4.419647E+01	5.568179E+03
0.375	-1.199322E+06	6.529895E+02	4.408262E+01	5.568179E+03
0.38	-1.199320E+06	6.415601E+02	4.271064E+01	5.568179E+03
0.385	-1.199320E+06	6.139153E+02	4.184937E+01	5.568179E+03
0.39	-1.199320E+06	6.020587E+02	4.517297E+01	5.568179E+03
0.395	-1.199320E+06	6.027235E+02	4.968643E+01	5.568179E+03
0.4	-1.199321E+06	6.268861E+02	5.241892E+01	5.568179E+03
0.405	-1.199321E+06	6.355950E+02	5.362966E+01	5.568179E+03
0.41	-1.199320E+06	5.951283E+02	5.392791E+01	5.568179E+03
0.415	-1.199321E+06	6.167524E+02	5.472689E+01	5.568179E+03
0.42	-1.199322E+06	6.402737E+02	5.546383E+01	5.568179E+03
0.425	-1.199319E+06	5.564353E+02	5.486333E+01	5.568179E+03
0.43	-1.199322E+06	6.205341E+02	5.204261E+01	5.568179E+03
0.435	-1.199322E+06	6.478356E+02	4.815781E+01	5.568179E+03
0.44	-1.199320E+06	6.027303E+02	4.430424E+01	5.568179E+03
0.445	-1.199322E+06	6.205264E+02	4.295804E+01	5.568179E+03
0.45	-1.199321E+06	5.986847E+02	4.343971E+01	5.568179E+03
0.455	-1.199321E+06	5.895302E+02	4.264653E+01	5.568179E+03
0.46	-1.199321E+06	6.047208E+02	4.144675E+01	5.568179E+03
0.465	-1.199321E+06	5.934032E+02	4.097452E+01	5.568179E+03
0.47	-1.199321E+06	5.967739E+02	4.213464E+01	5.568179E+03
0.475	-1.199322E+06	6.381776E+02	4.583308E+01	5.568179E+03
0.48	-1.199321E+06	6.115936E+02	5.014987E+01	5.568179E+03
0.485	-1.199321E+06	5.814276E+02	5.293580E+01	5.568179E+03
0.49	-1.199322E+06	5.899187E+02	5.406556E+01	5.568179E+03
0.495	-1.199320E+06	5.453153E+02	5.399178E+01	5.568179E+03
0.5	-1.199322E+06	5.720497E+02	5.337038E+01	5.568179E+03
0.505	-1.199322E+06	5.880012E+02	5.253384E+01	5.568179E+03
0.51	-1.199321E+06	5.732682E+02	5.004865E+01	5.568179E+03
0.515	-1.199323E+06	6.113559E+02	4.530781E+01	5.568179E+03
0.52	-1.199321E+06	5.541740E+02	4.082486E+01	5.568179E+03
0.525	-1.199321E+06	5.332100E+02	3.925162E+01	5.568179E+03
0.53	-1.199323E+06	5.902245E+02	4.052024E+01	5.568179E+03
0.535	-1.199321E+06	5.807384E+02	4.233197E+01	5.568179E+03
0.54	-1.199322E+06	5.974996E+02	4.294764E+01	5.568179E+03
0.545	-1.199322E+06	5.920327E+02	4.325674E+01	5.568179E+03
0.55	-1.199321E+06	5.415868E+02	4.482741E+01	5.568179E+03
0.555	-1.199322E+06	5.490634E+02	4.715301E+01	5.568179E+03
0.56	-1.199322E+06	5.498440E+02	4.878149E+01	5.568179E+03
0.565	-1.199322E+06	5.455098E+02	4.977143E+01	5.568179E+03
0.57	-1.199322E+06	5.486265E+02	4.970007E+01	5.568179E+03
0.575	-1.199322E+06	5.478634E+02	4.832453E+01	5.568179E+03
0.58	-1.199321E+06	5.310330E+02	4.830536E+01	5.568179E+03
0.585	-1.199322E+06	5.638076E+02	4.798148E+01	5.568179E+03
0.59	-1.199322E+06	5.720327E+02	4.674196E+01	5.568179E+03
0.595	-1.199322E+06	5.643624E+02	4.546515E+01	5.568179E+03
0.6	-1.199323E+06	5.923600E+02	4.305741E+01	5.568179E+03
0.605	-1.199322E+06	5.703686E+02	4.148527E+01	5.568179E+03
0.61	-1.199322E+06	5.666642E+02	4.163626E+01	5.568179E+03
0.615	-1.199323E+06	5.647305E+02	4.282903E+01	5.568179E+03
0.62	-1.199322E+06	5.291328E+02	4.477259E+01	5.568179E+03
0.625	-1.199322E+06	5.199690E+02	4.568911E+01	5.568179E+03
0.63	-1.199322E+06	4.981276E+02	4.522559E+01	5.568179E+03
0.635	-1.199322E+06	5.081787E+02	4.543988E+01	5.568179E+03
0.64	-1.199323E+06	5.532014E+02	4.693596E+01	5.568179E+03
0.645	-1.199323E+06	5.442235E+02	4.778075E+01	5.568179E+03
0.65	-1.199322E+06	5.160291E+02	4.759436E+01	5.568179E+03
0.655	-1.199323E+06	5.415115E+02	4.642335E+01	5.568179E+03
0.66	-1.199323E+06	5.376649E+02	4.509797E+01	5.568179E+03
0.665	-1.199322E+06	5.200569E+02	4.596194E+01	5.568179E+03
0.67	-1.199323E+06	5.260007E+02	4.767619E+01	5.568179E+03
0.675	-1.199323E+06	5.286146E+02	4.786215E+01	5.568179E+03
0.68	-1.199323E+06	5.234937E+02	4.688432E+01	5.568179E+03
0.685	-1.199323E+06	5.143488E+02	4.436434E+01	5.568179E+03
0.69	-1.199323E+06	5.154643E+02	4.267186E+01	5.568179E+03
0.695	-1.199323E+06	5.222485E+02	4.340862E+01	5.568179E+03
0.7	-1.199322E+06	5.154455E+02	4.391185E+01	5.568179E+03
0.705	-1.199323E+06	5.248749E+02	4.348559E+01	5.568179E+03
0.71	-1.199322E+06	4.933566E+02	4.280531E+01	5.568179E+03
0.715	-1.199322E+06	4.783223E+02	4.146455E+01	5.568179E+03
0.72	-1.199323E+06	4.949150E+02	4.152705E+01	5.568179E+03
0.725	-1.199323E+06	4.851567E+02	4.365827E+01	5.568179E+03
0.73	-1.199323E+06	4.974536E+02	4.514556E+01	5.568179E+03
0.735	-1.199324E+06	5.169581E+02	4.576647E+01	5.568179E+03
0.74	-1.199322E+06	4.982299E+02	4.687607E+01	5.568179E+03
0.745	-1.199323E+06	5.281592E+02	4.774702E+01	5.568179E+03
0.75	-1.199324E+06	5.277680E+02	4.895663E+01	5.568179E+03
0.755	-1.199322E+06	4.763963E+02	4.914026E+01	5.568179E+03
0.76	-1.199323E+06	4.790789E+02	4.718766E+01	5.568179E+03
0.765	-1.199323E+06	4.740842E+02	4.591871E+01	5.568179E+03
0.77	-1.199323E+06	4.695941E+02	4.569680E+01	5.568179E+03
0.775	-1.199324E+06	5.081801E+02	4.598478E+01	5.568179E+03
0.78	-1.199323E+06	4.989999E+02	4.759000E+01	5.568179E+03
0.785	-1.199323E+06	4.710778E+02	4.910067E+01	5.568179E+03
0.79	-1.199324E+06	4.963091E+02	4.954461E+01	5.568179E+03
0.795	-1.199324E+06	4.960792E+02	4.976426E+01	5.568179E+03
0.8	-1.199322E+06	4.569680E+02	4.944095E+01	5.568179E+03
0.805	-1.199324E+06	4.811811E+02	4.892279E+01	5.568179E+03
0.81	-1.199324E+06	4.624805E+02	4.921587E+01	5.568179E+03
0.815	-1.199322E+06	4.349106E+02	4.804073E+01	5.568179E+03
0.82	-1.199324E+06	4.843876E+02	4.552066E+01	5.568179E+03
0.825	-1.199323E+06	4.607288E+02	4.388092E+01	5.568179E+03
0.83	-1.199323E+06	4.536228E+02	4.229763E+01	5.568179E+03
0.835	-1.199324E+06	4.729048E+02	4.180259E+01	5.568179E+03
0.84	-1.199323E+06	4.389342E+02	4.267995E+01	5.568179E+03
0.845	-1.199324E+06	4.430285E+02	4.276238E+01	5.568179E+03
0.85	-1.199323E+06	4.130705E+02	4.330127E+01	5.568179E+03
0.855	-1.199323E+06	4.192754E+02	4.524403E+01	5.568179E+03
0.86	-1.199325E+06	4.642552E+02	4.769755E+01	5.568179E+03
0.865	-1.199324E+06	4.388525E+02	5.007694E+01	5.568179E+03
0.87	-1.199324E+06	4.415076E+02	5.098005E+01	5.568179E+03
0.875	-1.199324E+06	4.564503E+02	4.994677E+01	5.568179E+03
0.88	-1.199324E+06	4.459617E+02	4.852091E+01	5.568179E+03
0.885	-1.199324E+06	4.465800E+02	4.771362E+01	5.568179E+03
0.89	-1.199324E+06	4.431831E+02	4.666481E+01	5.568179E+03
0.895	-1.199324E+06	4.396829E+02	4.518852E+01	5.568179E+03
0.9	-1.199324E+06	4.282033E+02	4.296274E+01	5.568179E+03
0.905	-1.199325E+06	4.340568E+02	4.018247E+01	5.568179E+03
0.91	-1.199324E+06	4.184800E+02	3.993172E+01	5.568179E+03
0.915	-1.199325E+06	4.263262E+02	4.125287E+01	5.568179E+03
0.92	-1.199325E+06	4.215827E+02	4.303231E+01	5.568179E+03
0.925	-1.199324E+06	4.141151E+02	4.539432E+01	5.568179E+03
0.93	-1.199325E+06	4.362686E+02	4.703718E+01	5.568179E+03
0.935	-1.199324E+06	4.097031E+02	4.875670E+01	5.568179E+03
0.94	-1.199325E+06	4.282371E+02	5.097840E+01	5.568179E+03
0.945	-1.199325E+06	4.363230E+02	5.345174E+01	5.568179E+03
0.95	-1.199324E+06	4.236028E+02	5.463329E+01	5.568179E+03
0.955	-1.199325E+06	4.251735E+02	5.444711E+01	5.568179E+03
0.96	-1.199325E+06	4.123997E+02	5.348337E+01	5.568179E+03
0.965	-1.199325E+06	4.146081E+02	5.146945E+01	5.568179E+03
0.97	-1.199325E+06	4.174185E+02	5.007393E+01	5.568179E+03
0.975	-1.199325E+06	4.103063E+02	4.896033E+01	5.568179E+03
0.98	-1.199325E+06	4.069921E+02	4.709877E+01	5.568179E+03
0.985	-1.199325E+06	4.111532E+02	4.525342E+01	5.568179E+03
0.99	-1.199325E+06	4.061480E+02	4.322425E+01	5.568179E+03
0.995	-1.199325E+06	4.054523E+02	4.254951E+01	5.568179E+03
1.0	-1.199325E+06	4.012160E+02	4.424436E+01	5.568179E+03
1.005	-1.199325E+06	3.972172E+02	4.576670E+01	5.568179E+03
1.01	-1.199325E+06	4.036196E+02	4.688406E+01	5.568179E+03
1.015	-1.199325E+06	3.900185E+02	4.773235E+01	5.568179E+03
1.02	-1.199325E+06	3.937027E+02	4.858912E+01	5.568179E+03
1.025	-1.199326E+06	4.191515E+02	5.056678E+01	5.568179E+03
1.03	-1.199325E+06	3.764256E+02	5.207811E+01	5.568179E+03
1.035	-1.199325E+06	3.682021E+02	5.173738E+01	5.568179E+03
1.04	-1.199326E+06	3.698294E+02	5.046718E+01	5.568179E+03
1.045	-1.199325E+06	3.618514E+02	4.922897E+01	5.568179E+03
1.05	-1.199325E+06	3.803801E+02	4.939722E+01	5.568179E+03
1.055	-1.199326E+06	3.934385E+02	4.974676E+01	5.568179E+03
1.06	-1.199326E+06	3.835922E+02	4.910221E+01	5.568179E+03
1.065	-1.199325E+06	3.618325E+02	4.760026E+01	5.568179E+03
1.07	-1.199325E+06	3.651809E+02	4.627351E+01	5.568179E+03
1.075	-1.199325E+06	3.772230E+02	4.701195E+01	5.568179E+03
1.08	-1.199326E+06	3.967788E+02	4.807000E+01	5.568179E+03
1.085	-1.199326E+06	3.682005E+02	4.861485E+01	5.568179E+03
1.09	-1.199325E+06	3.440758E+02	4.892016E+01	5.568179E+03
1.095	-1.199327E+06	3.735303E+02	4.887382E+01	5.568179E+03
1.1	-1.199325E+06	3.428633E+02	5.028370E+01	5.568179E+03
1.105	-1.199326E+06	3.689586E+02	5.185191E+01	5.568179E+03
1.11	-1.199326E+06	3.732285E+02	5.318760E+01	5.568179E+03
1.115	-1.199325E+06	3.499514E+02	5.394861E+01	5.568179E+03
1.12	-1.199326E+06	3.782628E+02	5.315699E+01	5.568179E+03
1.125	-1.199325E+06	3.531459E+02	5.216861E+01	5.568179E+03
1.13	-1.199326E+06	3.499228E+02	5.140013E+01	5.568179E+03
1.135	-1.199326E+06	3.538249E+02	5.120350E+01	5.568179E+03
1.14	-1.199326E+06	3.397582E+02	5.140555E+01	5.568179E+03
1.145	-1.199326E+06	3.480873E+02	5.127808E+01	5.568179E+03
1.15	-1.199326E+06	3.603079E+02	5.056923E+01	5.568179E+03
1.155	-1.199327E+06	3.680928E+02	4.954586E+01	5.568179E+03
1.16	-1.199326E+06	3.428549E+02	4.974342E+01	5.568179E+03
1.165	-1.199327E+06	3.556185E+02	5.081371E+01	5.568179E+03
1.17	-1.199326E+06	3.224962E+02	5.229878E+01	5.568179E+03
1.175	-1.199325E+06	3.151966E+02	5.308650E+01	5.568179E+03
1.18	-1.199327E+06	3.611126E+02	5.256638E+01	5.568179E+03
1.185	-1.199326E+06	3.262679E+02	5.226087E+01	5.568179E+03
1.19	-1.199327E+06	3.369712E+02	5.204223E+01	5.568179E+03
1.195	-1.199327E+06	3.367096E+02	5.194962E+01	5.568179E+03
1.2	-1.199326E+06	3.210628E+02	5.129794E+01	5.568179E+03
1.205	-1.199327E+06	3.342025E+02	4.955795E+01	5.568179E+03
1.21	-1.199326E+06	3.214514E+02	4.802255E+01	5.568179E+03
1.215	-1.199327E+06	3.239163E+02	4.786037E+01	5.568179E+03
1.22	-1.199326E+06	3.136395E+02	4.904348E+01	5.568179E+03
1.225	-1.199327E+06	3.163853E+02	5.036883E+01	5.568179E+03
1.23	-1.199327E+06	3.330832E+02	5.113470E+01	5.568179E+03
1.235	-1.199327E+06	3.256465E+02	5.151278E+01	5.568179E+03
1.24	-1.199327E+06	3.222796E+02	5.253493E+01	5.568179E+03
1.245	-1.199327E+06	3.182357E+02	5.382469E+01	5.568179E+03
1.25	-1.199327E+06	3.282748E+02	5.402300E+01	5.568179E+03
1.255	-1.199327E+06	3.355519E+02	5.375004E+01	5.568179E+03
1.26	-1.199326E+06	3.125010E+02	5.282188E+01	5.568179E+03
1.265	-1.199327E+06	3.075894E+02	5.149517E+01	5.568179E+03
1.27	-1.199327E+06	3.042679E+02	5.177566E+01	5.568179E+03
1.275	-1.199327E+06	3.107291E+02	5.247656E+01	5.568179E+03
1.28	-1.199327E+06	3.190108E+02	5.251268E+01	5.568179E+03
1.285	-1.199327E+06	2.980571E+02	5.257080E+01	5.568179E+03
1.29	-1.199327E+06	3.041449E+02	5.215452E+01	5.568179E+03
1.295	-1.199327E+06	3.085888E+02	5.169762E+01	5.568179E+03
1.3	-1.199327E+06	2.909778E+02	5.193513E+01	5.568179E+03
1.305	-1.199327E+06	3.028150E+02	5.198399E+01	5.568179E+03
1.31	-1.199327E+06	3.071025E+02	5.196478E+01	5.568179E+03
1.315	-1.199327E+06	3.052071E+02	5.200193E+01	5.568179E+03
1.32	-1.199327E+06	2.969855E+02	5.188144E+01	5.568179E+03
1.325	-1.199327E+06	2.892058E+02	5.263708E+01	5.568179E+03
1.33	-1.199327E+06	2.895493E+02	5.408884E+01	5.568179E+03
1.335	-1.199327E+06	2.871433E+02	5.454045E+01	5.568179E+03
1.34	-1.199327E+06	2.841522E+02	5.415941E+01	5.568179E+03
1.345	-1.199327E+06	2.727961E+02	5.320296E+01	5.568179E+03
1.35	-1.199327E+06	2.709043E+02	5.183082E+01	5.568179E+03
1.355	-1.199327E+06	2.759187E+02	5.145063E+01	5.568179E+03
1.36	-1.199327E+06	2.762015E+02	5.157164E+01	5.568179E+03
1.365	-1.199328E+06	3.098246E+02	5.094661E+01	5.568179E+03
1.37	-1.199328E+06	3.069488E+02	5.020177E+01	5.568179E+03
1.375	-1.199327E+06	2.823349E+02	4.926185E+01	5.568179E+03
1.38	-1.199328E+06	2.815306E+02	4.919430E+01	5.568179E+03
1.385	-1.199327E+06	2.702466E+02	5.062632E+01	5.568179E+03
1.39	-1.199328E+06	2.626275E+02	5.174707E+01	5.568179E+03
1.395	-1.199327E+06	2.542697E+02	5.241836E+01	5.568179E+03
1.4	-1.199327E+06	2.644644E+02	5.285173E+01	5.568179E+03
1.405	-1.199328E+06	2.874345E+02	5.344432E+01	5.568179E+03
1.41	-1.199328E+06	2.800633E+02	5.474884E+01	5.568179E+03
1.415	-1.199327E+06	2.595772E+02	5.549302E+01	5.568179E+03
1.42	-1.199328E+06	2.731135E+02	5.474760E+01	5.568179E+03
1.425	-1.199328E+06	2.652462E+02	5.334713E+01	5.568179E+03
1.43	-1.199327E+06	2.541874E+02	5.188378E+01	5.568179E+03
1.435	-1.199328E+06	2.748077E+02	5.097224E+01	5.568179E+03
1.44	-1.199328E+06	2.583009E+02	5.121939E+01	5.568179E+03
1.445	-1.199327E+06	2.463435E+02	5.140826E+01	5.568179E+03
1.45	-1.199328E+06	2.696388E+02	5.105814E+01	5.568179E+03
1.455	-1.199328E+06	2.576740E+02	5.151420E+01	5.568179E+03
1.46	-1.199328E+06	2.635835E+02	5.210198E+01	5.568179E+03
1.465	-1.199328E+06	2.652039E+02	5.278117E+01	5.568179E+03
1.47	-1.199328E+06	2.408432E+02	5.377828E+01	5.568179E+03
1.475	-1.199328E+06	2.556046E+02	5.378375E+01	5.568179E+03
1.48	-1.199328E+06	2.625807E+02	5.339868E+01	5.568179E+03
1.485	-1.199328E+06	2.465613E+02	5.355694E+01	5.568179E+03
1.49	-1.199328E+06	2.662274E+02	5.383130E+01	5.568179E+03
1.495	-1.199328E+06	2.593780E+02	5.456675E+01	5.568179E+03
1.5	-1.199328E+06	2.349703E+02	5.520870E+01	5.568179E+03
1.505	-1.199328E+06	2.531716E+02	5.481069E+01	5.568179E+03
1.51	-1.199328E+06	2.560037E+02	5.398040E+01	5.568179E+03
1.515	-1.199328E+06	2.399820E+02	5.337370E+01	5.568179E+03
1.52	-1.199328E+06	2.491671E+02	5.314320E+01	5.568179E+03
1.525	-1.199328E+06	2.450973E+02	5.315835E+01	5.568179E+03
1.53	-1.199328E+06	2.460103E+02	5.263356E+01	5.568179E+03
1.535	-1.199328E+06	2.495403E+02	5.164080E+01	5.568179E+03
1.54	-1.199328E+06	2.405844E+02	5.094280E+01	5.568179E+03
1.545	-1.199328E+06	2.357310E+02	5.120532E+01	5.568179E+03
1.55	-1.199329E+06	2.372503E+02	5.200326E+01	5.568179E+03
1.555	-1.199328E+06	2.314862E+02	5.281641E+01	5.568179E+03
1.56	-1.199329E+06	2.416087E+02	5.347204E+01	5.568179E+03
1.565	-1.199329E+06	2.427240E+02	5.400886E+01	5.568179E+03
1.57	-1.199328E+06	2.340895E+02	5.477089E+01	5.568179E+03
1.575	-1.199329E+06	2.431897E+02	5.564919E+01	5.568179E+03
1.58	-1.199328E+06	2.345385E+02	5.632988E+01	5.568179E+03
1.585	-1.199328E+06	2.369090E+02	5.617818E+01	5.568179E+03
1.59	-1.199329E+06	2.442864E+02	5.509753E+01	5.568179E+03
1.595	-1.199328E+06	2.213992E+02	5.390239E+01	5.568179E+03
1.6	-1.199329E+06	2.158662E+02	5.305825E+01	5.568179E+03
1.605	-1.199328E+06	2.047496E+02	5.313115E+01	5.568179E+03
1.61	-1.199329E+06	2.195844E+02	5.319468E+01	5.568179E+03
1.615	-1.199329E+06	2.441815E+02	5.260061E+01	5.568179E+03
1.62	-1.199329E+06	2.333819E+02	5.212184E+01	5.568179E+03
1.625	-1.199329E+06	2.230748E+02	5.231800E+01	5.568179E+03
1.63	-1.199329E+06	2.225681E+02	5.305351E+01	5.568179E+03
1.635	-1.199329E+06	2.113995E+02	5.373636E+01	5.568179E+03
1.64	-1.199329E+06	2.091628E+02	5.380498E+01	5.568179E+03
1.645	-1.199329E+06	2.171372E+02	5.346024E+01	5.568179E+03
1.65	-1.199329E+06	2.143653E+02	5.365550E+01	5.568179E+03
1.655	-1.199329E+06	2.165719E+02	5.425704E+01	5.568179E+03
1.66	-1.199329E+06	2.196957E+02	5.468899E+01	5.568179E+03
1.665	-1.199329E+06	2.144322E+02	5.481422E+01	5.568179E+03
1.67	-1.199329E+06	2.191370E+02	5.384728E+01	5.568179E+03
1.675	-1.199329E+06	2.099774E+02	5.259443E+01	5.568179E+03
1.68	-1.199328E+06	1.952891E+02	5.249023E+01	5.568179E+03
1.685	-1.199329E+06	2.080190E+02	5.266631E+01	5.568179E+03
1.69	-1.199329E+06	2.078881E+02	5.259838E+01	5.568179E+03
1.695	-1.199329E+06	1.994309E+02	5.245666E+01	5.568179E+03
1.7	-1.199329E+06	2.169105E+02	5.202186E+01	5.568179E+03
1.705	-1.199329E+06	2.070665E+02	5.217217E+01	5.568179E+03
1.71	-1.199329E+06	2.011863E+02	5.292560E+01	5.568179E+03
1.715	-1.199329E+06	2.069541E+02	5.379562E+01	5.568179E+03
1.72	-1.199329E+06	2.038324E+02	5.446239E+01	5.568179E+03
1.725	-1.199329E+06	2.149515E+02	5.456178E+01	5.568179E+03
1.73	-1.199329E+06	2.031710E+02	5.484989E+01	5.568179E+03
1.735	-1.199329E+06	2.102839E+02	5.518128E+01	5.568179E+03
1.74	-1.199329E+06	2.042017E+02	5.539157E+01	5.568179E+03
1.745	-1.199329E+06	1.966335E+02	5.503676E+01	5.568179E+03
1.75	-1.199330E+06	2.093086E+02	5.408425E+01	5.568179E+03
1.755	-1.199329E+06	1.933878E+02	5.314037E+01	5.568179E+03
1.76	-1.199329E+06	2.003697E+02	5.219196E+01	5.568179E+03
1.765	-1.199329E+06	1.981484E+02	5.216084E+01	5.568179E+03
1.77	-1.199329E+06	1.931976E+02	5.273598E+01	5.568179E+03
1.775	-1.199330E+06	2.034444E+02	5.297960E+01	5.568179E+03
1.78	-1.199329E+06	1.951302E+02	5.303631E+01	5.568179E+03
1.785	-1.199329E+06	1.904204E+02	5.309970E+01	5.568179E+03
1.79	-1.199329E+06	1.885974E+02	5.377505E+01	5.568179E+03
1.795	-1.199329E+06	1.903142E+02	5.505080E+01	5.568179E+03
1.8	-1.199329E+06	1.882795E+02	5.611029E+01	5.568179E+03
1.805	-1.199329E+06	1.890884E+02	5.643011E+01	5.568179E+03
1.81	-1.199330E+06	1.907630E+02	5.599256E+01	5.568179E+03
1.815	-1.199329E+06	1.808952E+02	5.516941E+01	5.568179E+03
1.82	-1.199330E+06	1.924862E+02	5.426734E+01	5.568179E+03
1.825	-1.199329E+06	1.923258E+02	5.363513E+01	5.568179E+03
1.83	-1.199329E+06	1.904991E+02	5.257989E+01	5.568179E+03
1.835	-1.199329E+06	1.905219E+02	5.116953E+01	5.568179E+03
1.84	-1.199330E+06	1.911435E+02	5.012433E+01	5.568179E+03
1.845	-1.199329E+06	1.874563E+02	4.999710E+01	5.568179E+03
1.85	-1.199330E+06	1.922656E+02	5.065729E+01	5.568179E+03
1.855	-1.199329E+06	1.836536E+02	5.156475E+01	5.568179E+03
1.86	-1.199329E+06	1.773158E+02	5.210464E+01	5.568179E+03
1.865	-1.199330E+06	1.837540E+02	5.237219E+01	5.568179E+03
1.87	-1.199329E+06	1.727170E+02	5.307600E+01	5.568179E+03
1.875	-1.199330E+06	1.836211E+02	5.419698E+01	5.568179E+03
1.88	-1.199330E+06	1.831758E+02	5.542201E+01	5.568179E+03
1.885	-1.199329E+06	1.773549E+02	5.583560E+01	5.568179E+03
1.89	-1.199330E+06	1.830130E+02	5.506752E+01	5.568179E+03
1.895	-1.199329E+06	1.694203E+02	5.388009E+01	5.568179E+03
1.9	-1.199330E+06	1.694374E+02	5.278959E+01	5.568179E+03
1.905	-1.199329E+06	1.702980E+02	5.193794E+01	5.568179E+03
1.91	-1.199330E+06	1.777527E+02	5.085723E+01	5.568179E+03
1.915	-1.199330E+06	1.799392E+02	4.973357E+01	5.568179E+03
1.92	-1.199330E+06	1.704700E+02	4.909212E+01	5.568179E+03
1.925	-1.199330E+06	1.660020E+02	4.919433E+01	5.568179E+03
1.93	-1.199329E+06	1.607812E+02	5.031650E+01	5.568179E+03
1.935	-1.199330E+06	1.763433E+02	5.169487E+01	5.568179E+03
1.94	-1.199330E+06	1.868404E+02	5.282906E+01	5.568179E+03
1.945	-1.199330E+06	1.815502E+02	5.374491E+01	5.568179E+03
1.95	-1.199330E+06	1.697690E+02	5.427322E+01	5.568179E+03
1.955	-1.199330E+06	1.624721E+02	5.481070E+01	5.568179E+03
1.96	-1.199330E+06	1.581941E+02	5.561502E+01	5.568179E+03
1.965	-1.199330E+06	1.595051E+02	5.593445E+01	5.568179E+03
1.97	-1.199330E+06	1.689306E+02	5.539035E+01	5.568179E+03
1.975	-1.199330E+06	1.696076E+02	5.398965E+01	5.568179E+03
1.98	-1.199330E+06	1.726848E+02	5.206666E+01	5.568179E+03
1.985	-1.199330E+06	1.630205E+02	5.091217E+01	5.568179E+03
1.99	-1.199330E+06	1.579760E+02	5.047713E+01	5.568179E+03
1.995	-1.199330E+06	1.691024E+02	5.006823E+01	5.568179E+03
2.0	-1.199330E+06	1.658967E+02	4.941481E+01	5.568179E+03
2.005	-1.199330E+06	1.546575E+02	4.864859E+01	5.568179E+03
2.01	-1.199330E+06	1.517035E+02	4.889692E+01	5.568179E+03
2.015	-1.199330E+06	1.639963E+02	5.001854E+01	5.568179E+03
2.02	-1.199330E+06	1.615214E+02	5.109726E+01	5.568179E+03
2.025	-1.199330E+06	1.573169E+02	5.172473E+01	5.568179E+03
2.03	-1.199330E+06	1.600003E+02	5.190508E+01	5.568179E+03
2.035	-1.199330E+06	1.524133E+02	5.239364E+01	5.568179E+03
2.04	-1.199330E+06	1.620521E+02	5.320051E+01	5.568179E+03
2.045	-1.199330E+06	1.633640E+02	5.371772E+01	5.568179E+03
2.05	-1.199330E+06	1.593053E+02	5.336381E+01	5.568179E+03
2.055	-1.199330E+06	1.606926E+02	5.205440E+01	5.568179E+03
2.06	-1.199330E+06	1.503949E+02	5.067117E+01	5.568179E+03
2.065	-1.199330E+06	1.529992E+02	4.988106E+01	5.568179E+03
2.07	-1.199330E+06	1.588140E+02	4.974237E+01	5.568179E+03
2.075	-1.199330E+06	1.602028E+02	4.974297E+01	5.568179E+03
2.08	-1.199330E+06	1.589643E+02	4.951129E+01	5.568179E+03
2.085	-1.199330E+06	1.528845E+02	4.951500E+01	5.568179E+03
2.09	-1.199330E+06	1.594730E+02	5.002155E+01	5.568179E+03
2.095	-1.199330E+06	1.547486E+02	5.083065E+01	5.568179E+03
2.1	-1.199330E+06	1.463750E+02	5.129314E+01	5.568179E+03
2.105	-1.199330E+06	1.502003E+02	5.119443E+01	5.568179E+03
2.11	-1.199330E+06	1.467933E+02	5.100616E+01	5.568179E+03
2.115	-1.199330E+06	1.520533E+02	5.079018E+01	5.568179E+03
2.12	-1.199330E+06	1.582640E+02	5.057671E+01	5.568179E+03
2.125	-1.199330E+06	1.497714E+02	5.025180E+01	5.568179E+03
2.13	-1.199330E+06	1.470228E+02	4.956656E+01	5.568179E+03
2.135	-1.199330E+06	1.461346E+02	4.892052E+01	5.568179E+03
2.14	-1.199330E+06	1.400569E+02	4.848730E+01	5.568179E+03
2.145	-1.199330E+06	1.414480E+02	4.835932E+01	5.568179E+03
2.15	-1.199330E+06	1.486118E+02	4.894950E+01	5.568179E+03
2.155	-1.199330E+06	1.499616E+02	4.973277E+01	5.568179E+03
2.16	-1.199330E+06	1.431381E+02	5.032404E+01	5.568179E+03
2.165	-1.199330E+06	1.448965E+02	5.078625E+01	5.568179E+03
2.17	-1.199330E+06	1.499862E+02	5.089714E+01	5.568179E+03
2.175	-1.199330E+06	1.491891E+02	5.096509E+01	5.568179E+03
2.18	-1.199330E+06	1.462099E+02	5.123032E+01	5.568179E+03
2.185	-1.199330E+06	1.399200E+02	5.120169E+01	5.568179E+03
2.19	-1.199330E+06	1.389062E+02	5.072569E+01	5.568179E+03
2.195	-1.199330E+06	1.397200E+02	5.002181E+01	5.568179E+03
2.2	-1.199330E+06	1.357007E+02	4.951638E+01	5.568179E+03
2.205	-1.199330E+06	1.435807E+02	4.927210E+01	5.568179E+03
2.21	-1.199330E+06	1.377280E+02	4.901727E+01	5.568179E+03
2.215	-1.199330E+06	1.370747E+02	4.842812E+01	5.568179E+03
2.22	-1.199330E+06	1.383465E+02	4.775496E+01	5.568179E+03
2.225	-1.199330E+06	1.375374E+02	4.750356E+01	5.568179E+03
2.23	-1.199331E+06	1.477021E+02	4.788353E+01	5.568179E+03
2.235	-1.199330E+06	1.368617E+02	4.866689E+01	5.568179E+03
2.24	-1.199330E+06	1.323585E+02	4.935213E+01	5.568179E+03
2.245	-1.199330E+06	1.392938E+02	4.993054E+01	5.568179E+03
2.25	-1.199330E+06	1.371324E+02	5.061040E+01	5.568179E+03
2.255	-1.199330E+06	1.360787E+02	5.157841E+01	5.568179E+03
2.26	-1.199330E+06	1.317469E+02	5.252607E+01	5.568179E+03
2.265	-1.199330E+06	1.306281E+02	5.291391E+01	5.568179E+03
2.27	-1.199330E+06	1.329394E+02	5.263611E+01	5.568179E+03
2.275	-1.199330E+06	1.363263E+02	5.173142E+01	5.568179E+03
2.28	-1.199330E+06	1.388124E+02	5.063907E+01	5.568179E+03
2.285	-1.199330E+06	1.383920E+02	4.957208E+01	5.568179E+03
2.29	-1.199330E+06	1.378293E+02	4.845090E+01	5.568179E+03
2.295	-1.199330E+06	1.330437E+02	4.758219E+01	5.568179E+03
2.3	-1.199331E+06	1.356285E+02	4.683235E+01	5.568179E+03
2.305	-1.199330E+06	1.312780E+02	4.643096E+01	5.568179E+03
2.31	-1.199330E+06	1.235097E+02	4.673610E+01	5.568179E+03
2.315	-1.199330E+06	1.233691E+02	4.753427E+01	5.568179E+03
2.32	-1.199330E+06	1.247811E+02	4.878308E+01	5.568179E+03
2.325	-1.199330E+06	1.355424E+02	4.997693E+01	5.568179E+03
2.33	-1.199331E+06	1.387010E+02	5.057897E+01	5.568179E+03
2.335	-1.199330E+06	1.304105E+02	5.097200E+01	5.568179E+03
2.34	-1.199331E+06	1.347464E+02	5.131164E+01	5.568179E+03
2.345	-1.199331E+06	1.275565E+02	5.150410E+01	5.568179E+03
2.35	-1.199330E+06	1.147021E+02	5.138554E+01	5.568179E+03
2.355	-1.199331E+06	1.231569E+02	5.084983E+01	5.568179E+03
2.36	-1.199331E+06	1.314940E+02	5.022758E+01	5.568179E+03
2.365	-1.199331E+06	1.295703E+02	4.982474E+01	5.568179E+03
2.37	-1.199331E+06	1.295738E+02	4.963653E+01	5.568179E+03
2.375	-1.199331E+06	1.282328E+02	4.944303E+01	5.568179E+03
2.38	-1.199331E+06	1.260405E+02	4.901827E+01	5.568179E+03
2.385	-1.199331E+06	1.255370E+02	4.849929E+01	5.568179E+03
2.39	-1.199331E+06	1.263055E+02	4.843543E+01	5.568179E+03
2.395	-1.199331E+06	1.361208E+02	4.882615E+01	5.568179E+03
2.4	-1.199331E+06	1.348846E+02	4.920158E+01	5.568179E+03
2.405	-1.199331E+06	1.228298E+02	4.934735E+01	5.568179E+03
2.41	-1.199330E+06	1.187975E+02	4.935274E+01	5.568179E+03
2.415	-1.199331E+06	1.214768E+02	4.952273E+01	5.568179E+03
2.42	-1.199331E+06	1.224576E+02	5.014150E+01	5.568179E+03
2.425	-1.199331E+06	1.212918E+02	5.084685E+01	5.568179E+03
2.43	-1.199331E+06	1.265163E+02	5.125492E+01	5.568179E+03
2.435	-1.199331E+06	1.260539E+02	5.137236E+01	5.568179E+03
2.44	-1.199331E+06	1.214463E+02	5.101102E+01	5.568179E+03
2.445	-1.199331E+06	1.209622E+02	5.062696E+01	5.568179E+03
2.45	-1.199331E+06	1.226399E+02	5.055896E+01	5.568179E+03
2.455	-1.199331E+06	1.274905E+02	5.035175E+01	5.568179E+03
2.46	-1.199331E+06	1.195739E+02	4.996461E+01	5.568179E+03
2.465	-1.199331E+06	1.140625E+02	4.940713E+01	5.568179E+03
2.47	-1.199331E+06	1.181323E+02	4.895750E+01	5.568179E+03
2.475	-1.199331E+06	1.147928E+02	4.903948E+01	5.568179E+03
2.48	-1.199331E+06	1.162046E+02	4.938848E+01	5.568179E+03
2.485	-1.199331E+06	1.201477E+02	4.966561E+01	5.568179E+03
2.49	-1.199331E+06	1.190517E+02	4.971062E+01	5.568179E+03
2.495	-1.199331E+06	1.141015E+02	4.963230E+01	5.568179E+03
2.5	-1.199331E+06	1.159024E+02	4.976209E+01	5.568179E+03
2.505	-1.199331E+06	1.253301E+02	5.021426E+01	5.568179E+03
2.51	-1.199331E+06	1.170021E+02	5.063079E+01	5.568179E+03
2.515	-1.199331E+06	1.119277E+02	5.047910E+01	5.568179E+03
2.52	-1.199331E+06	1.104185E+02	5.008351E+01	5.568179E+03
2.525	-1.199331E+06	1.089428E+02	4.968362E+01	5.568179E+03
2.53	-1.199331E+06	1.175459E+02	4.965136E+01	5.568179E+03
2.535	-1.199331E+06	1.213838E+02	5.017431E+01	5.568179E+03
2.54	-1.199331E+06	1.235764E+02	5.038204E+01	5.568179E+03
2.545	-1.199331E+06	1.195768E+02	5.022200E+01	5.568179E+03
2.55	-1.199331E+06	1.100009E+02	5.013577E+01	5.568179E+03
2.555	-1.199331E+06	1.145660E+02	5.024237E+01	5.568179E+03
2.56	-1.199331E+06	1.118579E+02	5.102233E+01	5.568179E+03
2.565	-1.199331E+06	1.091763E+02	5.190067E+01	5.568179E+03
2.57	-1.199331E+06	1.171249E+02	5.217953E+01	5.568179E+03
2.575	-1.199331E+06	1.216621E+02	5.179546E+01	5.568179E+03
2.58	-1.199331E+06	1.167418E+02	5.102595E+01	5.568179E+03
2.585	-1.199331E+06	1.172919E+02	5.068178E+01	5.568179E+03
2.59	-1.199331E+06	1.210866E+02	5.093778E+01	5.568179E+03
2.595	-1.199331E+06	1.139870E+02	5.122738E+01	5.568179E+03
2.6	-1.199331E+06	1.109521E+02	5.122718E+01	5.568179E+03
2.605	-1.199331E+06	1.121567E+02	5.111000E+01	5.568179E+03
2.61	-1.199331E+06	1.143157E+02	5.119620E+01	5.568179E+03
2.615	-1.199331E+06	1.164269E+02	5.163769E+01	5.568179E+03
2.62	-1.199331E+06	1.103726E+02	5.211818E+01	5.568179E+03
2.625	-1.199331E+06	1.100901E+02	5.213433E+01	5.568179E+03
2.63	-1.199331E+06	1.124309E+02	5.188340E+01	5.568179E+03
2.635	-1.199331E+06	1.077541E+02	5.181310E+01	5.568179E+03
2.64	-1.199331E+06	1.184135E+02	5.193577E+01	5.568179E+03
2.645	-1.199331E+06	1.175800E+02	5.229654E+01	5.568179E+03
2.65	-1.199331E+06	1.078961E+02	5.242705E+01	5.568179E+03
2.655	-1.199331E+06	1.125251E+02	5.211870E+01	5.568179E+03
2.66	-1.199331E+06	1.144679E+02	5.160576E+01	5.568179E+03
2.665	-1.199331E+06	1.073570E+02	5.115235E+01	5.568179E+03
2.67	-1.199331E+06	9.951348E+01	5.120656E+01	5.568179E+03
2.675	-1.199331E+06	9.816204E+01	5.162039E+01	5.568179E+03
2.68	-1.199331E+06	1.078057E+02	5.182745E+01	5.568179E+03
2.685	-1.199331E+06	1.148887E+02	5.175222E+01	5.568179E+03
2.69	-1.199331E+06	1.147799E+02	5.158044E+01	5.568179E+03
2.695	-1.199331E+06	1.147887E+02	5.162850E+01	5.568179E+03
2.7	-1.199331E+06	1.128565E+02	5.202075E+01	5.568179E+03
2.705	-1.199331E+06	1.036417E+02	5.254042E+01	5.568179E+03
2.71	-1.199331E+06	1.041737E+02	5.293846E+01	5.568179E+03
2.715	-1.199331E+06	1.089912E+02	5.322274E+01	5.568179E+03
2.72	-1.199331E+06	1.063287E+02	5.347788E+01	5.568179E+03
2.725	-1.199331E+06	1.065380E+02	5.381450E+01	5.568179E+03
2.73	-1.199331E+06	1.004012E+02	5.428012E+01	5.568179E+03
2.735	-1.199331E+06	1.042942E+02	5.429230E+01	5.568179E+03
2.74	-1.199331E+06	1.108331E+02	5.370223E+01	5.568179E+03
2.745	-1.199331E+06	1.046887E+02	5.292235E+01	5.568179E+03
2.75	-1.199331E+06	1.065975E+02	5.231119E+01	5.568179E+03
2.755	-1.199331E+06	1.085124E+02	5.224806E+01	5.568179E+03
2.76	-1.199331E+06	1.045517E+02	5.246179E+01	5.568179E+03
2.765	-1.199331E+06	1.084099E+02	5.245182E+01	5.568179E+03
2.77	-1.199331E+06	1.074540E+02	5.247721E+01	5.568179E+03
2.775	-1.199331E+06	1.090675E+02	5.280086E+01	5.568179E+03
2.78	-1.199331E+06	1.083284E+02	5.341027E+01	5.568179E+03
2.785	-1.199331E+06	9.922569E+01	5.407459E+01	5.568179E+03
2.79	-1.199331E+06	1.034393E+02	5.445862E+01	5.568179E+03
2.795	-1.199331E+06	1.108195E+02	5.456938E+01	5.568179E+03
2.8	-1.199331E+06	1.109947E+02	5.452565E+01	5.568179E+03
2.805	-1.199331E+06	1.039047E+02	5.447097E+01	5.568179E+03
2.81	-1.199331E+06	1.032811E+02	5.435494E+01	5.568179E+03
2.815	-1.199331E+06	1.010532E+02	5.417822E+01	5.568179E+03
2.82	-1.199331E+06	1.046906E+02	5.372790E+01	5.568179E+03
2.825	-1.199331E+06	1.094697E+02	5.310853E+01	5.568179E+03
2.83	-1.199331E+06	1.010332E+02	5.270435E+01	5.568179E+03
2.835	-1.199331E+06	1.056189E+02	5.243411E+01	5.568179E+03
2.84	-1.199331E+06	1.019245E+02	5.244561E+01	5.568179E+03
2.845	-1.199331E+06	9.793121E+01	5.241637E+01	5.568179E+03
2.85	-1.199331E+06	1.050741E+02	5.210721E+01	5.568179E+03
2.855	-1.199331E+06	1.000468E+02	5.211238E+01	5.568179E+03
2.86	-1.199331E+06	9.679646E+01	5.272592E+01	5.568179E+03
2.865	-1.199331E+06	9.790922E+01	5.389243E+01	5.568179E+03
2.87	-1.199331E+06	1.012944E+02	5.502552E+01	5.568179E+03
2.875	-1.199331E+06	9.960303E+01	5.554887E+01	5.568179E+03
2.88	-1.199331E+06	1.059987E+02	5.542529E+01	5.568179E+03
2.885	-1.199331E+06	1.071916E+02	5.519830E+01	5.568179E+03
2.89	-1.199331E+06	1.024247E+02	5.514727E+01	5.568179E+03
2.895	-1.199331E+06	1.075065E+02	5.512153E+01	5.568179E+03
2.9	-1.199331E+06	1.035586E+02	5.500065E+01	5.568179E+03
2.905	-1.199331E+06	1.002718E+02	5.458509E+01	5.568179E+03
2.91	-1.199331E+06	9.910751E+01	5.427979E+01	5.568179E+03
2.915	-1.199331E+06	1.001902E+02	5.437018E+01	5.568179E+03
2.92	-1.199331E+06	9.982192E+01	5.446149E+01	5.568179E+03
2.925	-1.199331E+06	9.612478E+01	5.428920E+01	5.568179E+03
2.93	-1.199331E+06	1.052003E+02	5.376474E+01	5.568179E+03
2.935	-1.199331E+06	1.079211E+02	5.322861E+01	5.568179E+03
2.94	-1.199331E+06	1.075066E+02	5.303725E+01	5.568179E+03
2.945	-1.199331E+06	1.087119E+02	5.322480E+01	5.568179E+03
2.95	-1.199331E+06	1.046294E+02	5.356957E+01	5.568179E+03
2.955	-1.199331E+06	9.789106E+01	5.375299E+01	5.568179E+03
2.96	-1.199331E+06	9.490647E+01	5.388441E+01	5.568179E+03
2.965	-1.199331E+06	1.033999E+02	5.416933E+01	5.568179E+03
2.97	-1.199331E+06	1.072713E+02	5.456674E+01	5.568179E+03
2.975	-1.199331E+06	9.988524E+01	5.494715E+01	5.568179E+03
2.98	-1.199331E+06	9.586375E+01	5.524758E+01	5.568179E+03
2.985	-1.199331E+06	1.004170E+02	5.536202E+01	5.568179E+03
2.99	-1.199331E+06	9.978990E+01	5.530249E+01	5.568179E+03
2.995	-1.199331E+06	1.018493E+02	5.518004E+01	5.568179E+03
3.0	-1.199331E+06	1.015371E+02	5.499653E+01	5.568179E+03
3.005	-1.199331E+06	9.847263E+01	5.467613E+01	5.568179E+03
3.01	-1.199331E+06	9.827243E+01	5.428414E+01	5.568179E+03
3.015	-1.199331E+06	9.085918E+01	5.371247E+01	5.568179E+03
3.02	-1.199331E+06	9.847732E+01	5.311711E+01	5.568179E+03
3.025	-1.199331E+06	1.010888E+02	5.318826E+01	5.568179E+03
3.03	-1.199331E+06	1.004514E+02	5.344288E+01	5.568179E+03
3.035	-1.199331E+06	9.714357E+01	5.360673E+01	5.568179E+03
3.04	-1.199331E+06	9.526976E+01	5.375193E+01	5.568179E+03
3.045	-1.199331E+06	1.043023E+02	5.366831E+01	5.568179E+03
3.05	-1.199331E+06	9.235384E+01	5.393118E+01	5.568179E+03
3.055	-1.199331E+06	9.524800E+01	5.450852E+01	5.568179E+03
3.06	-1.199331E+06	1.018806E+02	5.510345E+01	5.568179E+03
3.065	-1.199331E+06	9.687739E+01	5.549888E+01	5.568179E+03
3.07	-1.199331E+06	9.742812E+01	5.566771E+01	5.568179E+03
3.075	-1.199331E+06	1.011565E+02	5.583881E+01	5.568179E+03
3.08	-1.199331E+06	1.071662E+02	5.599359E+01	5.568179E+03
3.085	-1.199331E+06	9.619195E+01	5.608995E+01	5.568179E+03
3.09	-1.199331E+06	1.001869E+02	5.566801E+01	5.568179E+03
3.095	-1.199331E+06	1.028958E+02	5.488261E+01	5.568179E+03
3.1	-1.199331E+06	9.326063E+01	5.412602E+01	5.568179E+03
3.105	-1.199331E+06	1.017115E+02	5.350799E+01	5.568179E+03
3.11	-1.199331E+06	1.014870E+02	5.338936E+01	5.568179E+03
3.115	-1.199331E+06	1.044145E+02	5.318693E+01	5.568179E+03
3.12	-1.199332E+06	1.080439E+02	5.268262E+01	5.568179E+03
3.125	-1.199331E+06	9.253158E+01	5.252271E+01	5.568179E+03
3.13	-1.199331E+06	9.381569E+01	5.254599E+01	5.568179E+03
3.135	-1.199331E+06	9.814449E+01	5.286169E+01	5.568179E+03
3.14	-1.199331E+06	9.318346E+01	5.338854E+01	5.568179E+03
3.145	-1.199331E+06	1.064479E+02	5.346573E+01	5.568179E+03
3.15	-1.199331E+06	1.105762E+02	5.333528E+01	5.568179E+03
3.155	-1.199331E+06	9.490394E+01	5.308936E+01	5.568179E+03
3.16	-1.199331E+06	9.263716E+01	5.280014E+01	5.568179E+03
3.165	-1.199331E+06	9.562331E+01	5.313579E+01	5.568179E+03
3.17	-1.199331E+06	9.616551E+01	5.369525E+01	5.568179E+03
3.175	-1.199331E+06	9.868060E+01	5.387561E+01	5.568179E+03
3.18	-1.199331E+06	9.771875E+01	5.388929E+01	5.568179E+03
3.185	-1.199331E+06	9.718181E+01	5.370512E+01	5.568179E+03
3.19	-1.199331E+06	9.974179E+01	5.340021E+01	5.568179E+03
3.195	-1.199331E+06	9.735739E+01	5.325109E+01	5.568179E+03
3.2	-1.199331E+06	9.765995E+01	5.293550E+01	5.568179E+03
3.205	-1.199331E+06	1.039642E+02	5.230381E+01	5.568179E+03
3.21	-1.199331E+06	9.065802E+01	5.182257E+01	5.568179E+03
3.215	-1.199331E+06	8.740276E+01	5.158789E+01	5.568179E+03
3.22	-1.199331E+06	9.781621E+01	5.183671E+01	5.568179E+03
3.225	-1.199331E+06	9.352906E+01	5.243097E+01	5.568179E+03
3.23	-1.199331E+06	1.053560E+02	5.251833E+01	5.568179E+03
3.235	-1.199331E+06	1.075891E+02	5.240990E+01	5.568179E+03
3.24	-1.199331E+06	9.565852E+01	5.248078E+01	5.568179E+03
3.245	-1.199331E+06	1.005704E+02	5.254405E+01	5.568179E+03
3.25	-1.199331E+06	1.010345E+02	5.279517E+01	5.568179E+03
3.255	-1.199331E+06	1.001751E+02	5.292641E+01	5.568179E+03
3.26	-1.199331E+06	1.015909E+02	5.272514E+01	5.568179E+03
3.265	-1.199331E+06	9.401104E+01	5.289838E+01	5.568179E+03
3.27	-1.199331E+06	9.603268E+01	5.346065E+01	5.568179E+03
3.275	-1.199331E+06	1.046706E+02	5.387490E+01	5.568179E+03
3.28	-1.199331E+06	9.821542E+01	5.412203E+01	5.568179E+03
3.285	-1.199331E+06	9.942516E+01	5.384625E+01	5.568179E+03
3.29	-1.199331E+06	1.034235E+02	5.322537E+01	5.568179E+03
3.295	-1.199331E+06	9.362643E+01	5.290645E+01	5.568179E+03
3.3	-1.199331E+06	9.782544E+01	5.265695E+01	5.568179E+03
3.305	-1.199331E+06	1.025589E+02	5.234734E+01	5.568179E+03
3.31	-1.199331E+06	9.758938E+01	5.199502E+01	5.568179E+03
3.315	-1.199331E+06	9.646026E+01	5.159862E+01	5.568179E+03
3.32	-1.199331E+06	9.595381E+01	5.148328E+01	5.568179E+03
3.325	-1.199331E+06	9.501635E+01	5.180977E+01	5.568179E+03
3.33	-1.199331E+06	9.620085E+01	5.232668E+01	5.568179E+03
3.335	-1.199331E+06	9.519167E+01	5.291564E+01	5.568179E+03
3.34	-1.199331E+06	9.594431E+01	5.344662E+01	5.568179E+03
3.345	-1.199331E+06	1.023758E+02	5.358057E+01	5.568179E+03
3.35	-1.199331E+06	9.959456E+01	5.347963E+01	5.568179E+03
3.355	-1.199331E+06	9.408196E+01	5.347081E+01	5.568179E+03
3.36	-1.199331E+06	1.002485E+02	5.333340E+01	5.568179E+03
3.365	-1.199331E+06	9.538990E+01	5.304494E+01	5.568179E+03
3.37	-1.199331E+06	9.450483E+01	5.261604E+01	5.568179E+03
3.375	-1.199331E+06	9.857423E+01	5.212420E+01	5.568179E+03
3.38	-1.199331E+06	9.609224E+01	5.197318E+01	5.568179E+03
3.385	-1.199331E+06	9.893620E+01	5.212613E+01	5.568179E+03
3.39	-1.199331E+06	1.011729E+02	5.215487E+01	5.568179E+03
3.395	-1.199331E+06	9.994882E+01	5.201315E+01	5.568179E+03
3.4	-1.199331E+06	9.668281E+01	5.185374E+01	5.568179E+03
3.405	-1.199331E+06	9.899341E+01	5.181202E+01	5.568179E+03
3.41	-1.199331E+06	9.828069E+01	5.214392E+01	5.568179E+03
3.415	-1.199331E+06	9.562559E+01	5.249493E+01	5.568179E+03
3.42	-1.199331E+06	1.009132E+02	5.257296E+01	5.568179E+03
3.425	-1.199331E+06	1.035649E+02	5.255513E+01	5.568179E+03
3.43	-1.199331E+06	1.024300E+02	5.249025E+01	5.568179E+03
3.435	-1.199331E+06	9.719027E+01	5.267099E+01	5.568179E+03
3.44	-1.199331E+06	9.805892E+01	5.306464E+01	5.568179E+03
3.445	-1.199331E+06	1.004059E+02	5.322314E+01	5.568179E+03
3.45	-1.199331E+06	9.836608E+01	5.292381E+01	5.568179E+03
3.455	-1.199331E+06	9.894858E+01	5.243390E+01	5.568179E+03
3.46	-1.199331E+06	9.857198E+01	5.214882E+01	5.568179E+03
3.465	-1.199331E+06	1.018711E+02	5.207885E+01	5.568179E+03
3.47	-1.199331E+06	1.027418E+02	5.209237E+01	5.568179E+03
3.475	-1.199331E+06	1.002304E+02	5.181964E+01	5.568179E+03
3.48	-1.199331E+06	1.011480E+02	5.123271E+01	5.568179E+03
3.485	-1.199331E+06	9.400114E+01	5.087857E+01	5.568179E+03
3.49	-1.199331E+06	9.583945E+01	5.075352E+01	5.568179E+03
3.495	-1.199331E+06	1.001484E+02	5.094164E+01	5.568179E+03
3.5	-1.199331E+06	9.979730E+01	5.124012E+01	5.568179E+03
3.505	-1.199331E+06	1.041845E+02	5.130057E+01	5.568179E+03
3.51	-1.199331E+06	9.854055E+01	5.158328E+01	5.568179E+03
3.515	-1.199331E+06	1.016924E+02	5.203758E+01	5.568179E+03
3.52	-1.199331E+06	1.069272E+02	5.248002E+01	5.568179E+03
3.525	-1.199331E+06	9.624942E+01	5.272592E+01	5.568179E+03
3.53	-1.199331E+06	1.013052E+02	5.232597E+01	5.568179E+03
3.535	-1.199331E+06	1.017089E+02	5.173106E+01	5.568179E+03
3.54	-1.199331E+06	9.406585E+01	5.121604E+01	5.568179E+03
3.545	-1.199331E+06	9.928143E+01	5.087890E+01	5.568179E+03
3.55	-1.199331E+06	1.028021E+02	5.089950E+01	5.568179E+03
3.555	-1.199331E+06	1.024806E+02	5.083158E+01	5.568179E+03
3.56	-1.199331E+06	9.960686E+01	5.051020E+01	5.568179E+03
3.565	-1.199331E+06	1.024773E+02	5.019885E+01	5.568179E+03
3.57	-1.199331E+06	1.024583E+02	5.014303E+01	5.568179E+03
3.575	-1.199331E+06	9.816108E+01	5.034123E+01	5.568179E+03
3.58	-1.199331E+06	1.015496E+02	5.058445E+01	5.568179E+03
3.585	-1.199331E+06	9.973340E+01	5.064657E+01	5.568179E+03
3.59	-1.199331E+06	9.980917E+01	5.031136E+01	5.568179E+03
3.595	-1.199331E+06	1.025690E+02	5.004929E+01	5.568179E+03
3.6	-1.199331E+06	1.057755E+02	5.006723E+01	5.568179E+03
3.605	-1.199331E+06	1.026016E+02	5.003246E+01	5.568179E+03
3.61	-1.199331E+06	9.316422E+01	5.000130E+01	5.568179E+03
3.615	-1.199331E+06	9.798127E+01	4.990646E+01	5.568179E+03
3.62	-1.199331E+06	1.024278E+02	4.998660E+01	5.568179E+03
3.625	-1.199331E+06	1.019437E+02	5.054653E+01	5.568179E+03
3.63	-1.199331E+06	1.055821E+02	5.117573E+01	5.568179E+03
3.635	-1.199331E+06	1.056107E+02	5.149854E+01	5.568179E+03
3.64	-1.199331E+06	9.964622E+01	5.142806E+01	5.568179E+03
3.645	-1.199331E+06	1.011306E+02	5.092847E+01	5.568179E+03
3.65	-1.199331E+06	1.022673E+02	5.041719E+01	5.568179E+03
3.655	-1.199331E+06	1.005839E+02	5.008153E+01	5.568179E+03
3.66	-1.199331E+06	1.065325E+02	4.969703E+01	5.568179E+03
3.665	-1.199331E+06	1.034432E+02	4.937958E+01	5.568179E+03
3.67	-1.199331E+06	1.078701E+02	4.897867E+01	5.568179E+03
3.675	-1.199331E+06	1.101854E+02	4.875756E+01	5.568179E+03
3.68	-1.199331E+06	1.084480E+02	4.912905E+01	5.568179E+03
3.685	-1.199331E+06	1.129873E+02	4.973757E+01	5.568179E+03
3.69	-1.199331E+06	1.005752E+02	5.030834E+01	5.568179E+03
3.695	-1.199331E+06	9.592622E+01	5.072541E+01	5.568179E+03
3.7	-1.199331E+06	1.021190E+02	5.092790E+01	5.568179E+03
3.705	-1.199331E+06	1.053922E+02	5.112013E+01	5.568179E+03
3.71	-1.199331E+06	1.060143E+02	5.162864E+01	5.568179E+03
3.715	-1.199331E+06	1.053123E+02	5.209911E+01	5.568179E+03
3.72	-1.199331E+06	1.048526E+02	5.214166E+01	5.568179E+03
3.725	-1.199331E+06	1.023792E+02	5.185631E+01	5.568179E+03
3.73	-1.199331E+06	1.074579E+02	5.134108E+01	5.568179E+03
3.735	-1.199331E+06	1.110637E+02	5.120792E+01	5.568179E+03
3.74	-1.199331E+06	1.085759E+02	5.143423E+01	5.568179E+03
3.745	-1.199331E+06	1.046251E+02	5.124520E+01	5.568179E+03
3.75	-1.199331E+06	1.007806E+02	5.066385E+01	5.568179E+03
3.755	-1.199331E+06	1.037730E+02	4.977532E+01	5.568179E+03
3.76	-1.199331E+06	1.047985E+02	4.899135E+01	5.568179E+03
3.765	-1.199331E+06	1.016033E+02	4.892478E+01	5.568179E+03
3.77	-1.199331E+06	1.030882E+02	4.928692E+01	5.568179E+03
3.775	-1.199331E+06	1.083885E+02	4.990853E+01	5.568179E+03
3.78	-1.199331E+06	1.079381E+02	5.060274E+01	5.568179E+03
3.785	-1.199331E+06	1.115697E+02	5.108264E+01	5.568179E+03
3.79	-1.199331E+06	1.142717E+02	5.182523E+01	5.568179E+03
3.795	-1.199331E+06	1.109598E+02	5.266361E+01	5.568179E+03
3.8	-1.199331E+06	1.090533E+02	5.308525E+01	5.568179E+03
3.805	-1.199331E+06	1.112012E+02	5.306855E+01	5.568179E+03
3.81	-1.199331E+06	1.086277E+02	5.267740E+01	5.568179E+03
3.815	-1.199331E+06	1.040951E+02	5.225197E+01	5.568179E+03
3.82	-1.199331E+06	1.087679E+02	5.199964E+01	5.568179E+03
3.825	-1.199331E+06	1.081918E+02	5.179025E+01	5.568179E+03
3.83	-1.199331E+06	1.051287E+02	5.155647E+01	5.568179E+03
3.835	-1.199331E+06	1.103785E+02	5.123853E+01	5.568179E+03
3.84	-1.199331E+06	1.117385E+02	5.093660E+01	5.568179E+03
3.845	-1.199331E+06	1.121581E+02	5.100839E+01	5.568179E+03
3.85	-1.199331E+06	1.121157E+02	5.163788E+01	5.568179E+03
3.855	-1.199331E+06	1.152931E+02	5.237422E+01	5.568179E+03
3.86	-1.199331E+06	1.159897E+02	5.281557E+01	5.568179E+03
3.865	-1.199331E+06	1.100211E+02	5.283377E+01	5.568179E+03
3.87	-1.199331E+06	1.075056E+02	5.259417E+01	5.568179E+03
3.875	-1.199331E+06	1.042963E+02	5.243108E+01	5.568179E+03
3.88	-1.199331E+06	1.075087E+02	5.207521E+01	5.568179E+03
3.885	-1.199331E+06	1.096754E+02	5.153150E+01	5.568179E+03
3.89	-1.199331E+06	1.110851E+02	5.090932E+01	5.568179E+03
3.895	-1.199331E+06	1.152044E+02	5.031560E+01	5.568179E+03
3.9	-1.199331E+06	1.112439E+02	5.029350E+01	5.568179E+03
3.905	-1.199331E+06	1.111221E+02	5.078090E+01	5.568179E+03
3.91	-1.199331E+06	1.123452E+02	5.147850E+01	5.568179E+03
3.915	-1.199331E+06	1.153733E+02	5.208965E+01	5.568179E+03
3.92	-1.199331E+06	1.173327E+02	5.231738E+01	5.568179E+03
3.925	-1.199331E+06	1.141209E+02	5.258593E+01	5.568179E+03
3.93	-1.199331E+06	1.166669E+02	5.311069E+01	5.568179E+03
3.935	-1.199331E+06	1.145222E+02	5.337309E+01	5.568179E+03
3.94	-1.199331E+06	1.114867E+02	5.303857E+01	5.568179E+03
3.945	-1.199331E+06	1.158739E+02	5.220467E+01	5.568179E+03
3.95	-1.199331E+06	1.139459E+02	5.141616E+01	5.568179E+03
3.955	-1.199331E+06	1.145452E+02	5.120960E+01	5.568179E+03
3.96	-1.199331E+06	1.157062E+02	5.132659E+01	5.568179E+03
3.965	-1.199331E+06	1.161095E+02	5.127154E+01	5.568179E+03
3.97	-1.199331E+06	1.200384E+02	5.113081E+01	5.568179E+03
3.975	-1.199331E+06	1.175937E+02	5.122085E+01	5.568179E+03
3.98	-1.199331E+06	1.223198E+02	5.167037E+01	5.568179E+03
3.985	-1.199331E+06	1.238143E+02	5.251254E+01	5.568179E+03
3.99	-1.199331E+06	1.169101E+02	5.332127E+01	5.568179E+03
3.995	-1.199331E+06	1.172600E+02	5.373464E+01	5.568179E+03
4.0	-1.199331E+06	1.176506E+02	5.380858E+01	5.568179E+03
4.005	-1.199331E+06	1.148518E+02	5.368391E+01	5.568179E+03
4.01	-1.199331E+06	1.194291E+02	5.364849E+01	5.568179E+03
4.015	-1.199331E+06	1.186249E+02	5.382569E+01	5.568179E+03
4.02	-1.199331E+06	1.139883E+02	5.382658E+01	5.568179E+03
4.025	-1.199331E+06	1.201191E+02	5.336563E+01	5.568179E+03
4.03	-1.199331E+06	1.241815E+02	5.262546E+01	5.568179E+03
4.035	-1.199331E+06	1.256266E+02	5.206872E+01	5.568179E+03
4.04	-1.199331E+06	1.247466E+02	5.199022E+01	5.568179E+03
4.045	-1.199331E+06	1.201235E+02	5.195502E+01	5.568179E+03
4.05	-1.199331E+06	1.151852E+02	5.168107E+01	5.568179E+03
4.055	-1.199331E+06	1.162903E+02	5.124926E+01	5.568179E+03
4.06	-1.199331E+06	1.236320E+02	5.072199E+01	5.568179E+03
4.065	-1.199331E+06	1.201128E+02	5.063592E+01	5.568179E+03
4.07	-1.199331E+06	1.211986E+02	5.103733E+01	5.568179E+03
4.075	-1.199331E+06	1.149069E+02	5.177851E+01	5.568179E+03
4.08	-1.199331E+06	1.172925E+02	5.264085E+01	5.568179E+03
4.085	-1.199331E+06	1.284062E+02	5.352074E+01	5.568179E+03
4.09	-1.199331E+06	1.228908E+02	5.448689E+01	5.568179E+03
4.095	-1.199331E+06	1.237343E+02	5.526951E+01	5.568179E+03
4.1	-1.199331E+06	1.271728E+02	5.554761E+01	5.568179E+03
4.105	-1.199331E+06	1.292318E+02	5.496176E+01	5.568179E+03
4.11	-1.199331E+06	1.279862E+02	5.367974E+01	5.568179E+03
4.115	-1.199331E+06	1.257890E+02	5.231032E+01	5.568179E+03
4.12	-1.199331E+06	1.297767E+02	5.128745E+01	5.568179E+03
4.125	-1.199331E+06	1.219908E+02	5.084730E+01	5.568179E+03
4.13	-1.199331E+06	1.179595E+02	5.049532E+01	5.568179E+03
4.135	-1.199331E+06	1.223592E+02	5.004878E+01	5.568179E+03
4.14	-1.199331E+06	1.235208E+02	5.000881E+01	5.568179E+03
4.145	-1.199331E+06	1.302461E+02	5.068416E+01	5.568179E+03
4.15	-1.199331E+06	1.310777E+02	5.199499E+01	5.568179E+03
4.155	-1.199330E+06	1.233563E+02	5.334262E+01	5.568179E+03
4.16	-1.199330E+06	1.241408E+02	5.430719E+01	5.568179E+03
4.165	-1.199331E+06	1.347852E+02	5.491468E+01	5.568179E+03
4.17	-1.199331E+06	1.326611E+02	5.523417E+01	5.568179E+03
4.175	-1.199331E+06	1.280405E+02	5.519702E+01	5.568179E+03
4.18	-1.199331E+06	1.241895E+02	5.482825E+01	5.568179E+03
4.185	-1.199330E+06	1.218491E+02	5.398664E+01	5.568179E+03
4.19	-1.199331E+06	1.270245E+02	5.266849E+01	5.568179E+03
4.195	-1.199331E+06	1.291020E+02	5.136136E+01	5.568179E+03
4.2	-1.199331E+06	1.325253E+02	5.061445E+01	5.568179E+03
4.205	-1.199331E+06	1.332955E+02	5.073138E+01	5.568179E+03
4.21	-1.199330E+06	1.280998E+02	5.137162E+01	5.568179E+03
4.215	-1.199331E+06	1.319495E+02	5.206519E+01	5.568179E+03
4.22	-1.199331E+06	1.392712E+02	5.266830E+01	5.568179E+03
4.225	-1.199330E+06	1.377839E+02	5.302843E+01	5.568179E+03
4.23	-1.199330E+06	1.359604E+02	5.341813E+01	5.568179E+03
4.235	-1.199330E+06	1.353767E+02	5.396279E+01	5.568179E+03
4.24	-1.199330E+06	1.351612E+02	5.417695E+01	5.568179E+03
4.245	-1.199331E+06	1.390238E+02	5.407277E+01	5.568179E+03
4.25	-1.199331E+06	1.398106E+02	5.381387E+01	5.568179E+03
4.255	-1.199331E+06	1.371794E+02	5.346740E+01	5.568179E+03
4.26	-1.199330E+06	1.302168E+02	5.331921E+01	5.568179E+03
4.265	-1.199330E+06	1.318735E+02	5.318868E+01	5.568179E+03
4.27	-1.199330E+06	1.334046E+02	5.306141E+01	5.568179E+03
4.275	-1.199330E+06	1.342710E+02	5.282483E+01	5.568179E+03
4.28	-1.199331E+06	1.387675E+02	5.256542E+01	5.568179E+03
4.285	-1.199330E+06	1.409388E+02	5.286555E+01	5.568179E+03
4.29	-1.199330E+06	1.402546E+02	5.368123E+01	5.568179E+03
4.295	-1.199330E+06	1.397872E+02	5.447571E+01	5.568179E+03
4.3	-1.199331E+06	1.489225E+02	5.470605E+01	5.568179E+03
4.305	-1.199330E+06	1.407939E+02	5.471911E+01	5.568179E+03
4.31	-1.199330E+06	1.344723E+02	5.502848E+01	5.568179E+03
4.315	-1.199330E+06	1.414601E+02	5.549857E+01	5.568179E+03
4.32	-1.199330E+06	1.378482E+02	5.560849E+01	5.568179E+03
4.325	-1.199330E+06	1.431274E+02	5.492517E+01	5.568179E+03
4.33	-1.199330E+06	1.457071E+02	5.396072E+01	5.568179E+03
4.335	-1.199330E+06	1.426197E+02	5.315954E+01	5.568179E+03
4.34	-1.199330E+06	1.457554E+02	5.254813E+01	5.568179E+03
4.345	-1.199330E+06	1.482043E+02	5.225714E+01	5.568179E+03
4.35	-1.199330E+06	1.539768E+02	5.190484E+01	5.568179E+03
4.355	-1.199330E+06	1.453347E+02	5.121627E+01	5.568179E+03
4.36	-1.199330E+06	1.399185E+02	5.044152E+01	5.568179E+03
4.365	-1.199330E+06	1.398410E+02	5.035824E+01	5.568179E+03
4.37	-1.199330E+06	1.473315E+02	5.108115E+01	5.568179E+03
4.375	-1.199330E+06	1.475156E+02	5.242952E+01	5.568179E+03
4.38	-1.199330E+06	1.494212E+02	5.382746E+01	5.568179E+03
4.385	-1.199331E+06	1.570036E+02	5.461799E+01	5.568179E+03
4.39	-1.199330E+06	1.394114E+02	5.515041E+01	5.568179E+03
4.395	-1.199330E+06	1.395861E+02	5.563638E+01	5.568179E+03
4.4	-1.199330E+06	1.520514E+02	5.600536E+01	5.568179E+03
4.405	-1.199330E+06	1.527166E+02	5.583020E+01	5.568179E+03
4.41	-1.199330E+06	1.535167E+02	5.463335E+01	5.568179E+03
4.415	-1.199330E+06	1.451501E+02	5.294815E+01	5.568179E+03
4.42	-1.199330E+06	1.522679E+02	5.155933E+01	5.568179E+03
4.425	-1.199330E+06	1.549578E+02	5.077093E+01	5.568179E+03
4.43	-1.199330E+06	1.476286E+02	5.014967E+01	5.568179E+03
4.435	-1.199330E+06	1.441801E+02	4.967958E+01	5.568179E+03
4.44	-1.199330E+06	1.473081E+02	4.960014E+01	5.568179E+03
4.445	-1.199330E+06	1.528940E+02	5.024662E+01	5.568179E+03
4.45	-1.199330E+06	1.544324E+02	5.180229E+01	5.568179E+03
4.455	-1.199330E+06	1.614167E+02	5.342632E+01	5.568179E+03
4.46	-1.199330E+06	1.502500E+02	5.471975E+01	5.568179E+03
4.465	-1.199330E+06	1.493341E+02	5.537156E+01	5.568179E+03
4.47	-1.199330E+06	1.580793E+02	5.540242E+01	5.568179E+03
4.475	-1.199330E+06	1.547746E+02	5.519013E+01	5.568179E+03
4.48	-1.199330E+06	1.578394E+02	5.464265E+01	5.568179E+03
4.485	-1.199330E+06	1.597484E+02	5.376083E+01	5.568179E+03
4.49	-1.199330E+06	1.595024E+02	5.259254E+01	5.568179E+03
4.495	-1.199330E+06	1.648656E+02	5.143088E+01	5.568179E+03
4.5	-1.199330E+06	1.719417E+02	5.077612E+01	5.568179E+03
4.505	-1.199330E+06	1.665060E+02	5.065779E+01	5.568179E+03
4.51	-1.199330E+06	1.570634E+02	5.070580E+01	5.568179E+03
4.515	-1.199330E+06	1.611677E+02	5.071280E+01	5.568179E+03
4.52	-1.199330E+06	1.573800E+02	5.084014E+01	5.568179E+03
4.525	-1.199330E+06	1.627058E+02	5.130419E+01	5.568179E+03
4.53	-1.199330E+06	1.801861E+02	5.227661E+01	5.568179E+03
4.535	-1.199330E+06	1.783539E+02	5.346531E+01	5.568179E+03
4.54	-1.199330E+06	1.710988E+02	5.431160E+01	5.568179E+03
4.545	-1.199330E+06	1.659425E+02	5.470346E+01	5.568179E+03
4.55	-1.199330E+06	1.646344E+02	5.453503E+01	5.568179E+03
4.555	-1.199330E+06	1.627005E+02	5.428188E+01	5.568179E+03
4.56	-1.199330E+06	1.719090E+02	5.425251E+01	5.568179E+03
4.565	-1.199330E+06	1.692452E+02	5.416708E+01	5.568179E+03
4.57	-1.199330E+06	1.615179E+02	5.358654E+01	5.568179E+03
4.575	-1.199330E+06	1.690746E+02	5.250046E+01	5.568179E+03
4.58	-1.199330E+06	1.743253E+02	5.136234E+01	5.568179E+03
4.585	-1.199330E+06	1.795418E+02	5.055744E+01	5.568179E+03
4.59	-1.199330E+06	1.815139E+02	5.024224E+01	5.568179E+03
4.595	-1.199330E+06	1.717069E+02	5.030775E+01	5.568179E+03
4.6	-1.199329E+06	1.691687E+02	5.054038E+01	5.568179E+03
4.605	-1.199330E+06	1.741804E+02	5.090708E+01	5.568179E+03
4.61	-1.199329E+06	1.706686E+02	5.155827E+01	5.568179E+03
4.615	-1.199330E+06	1.730258E+02	5.250954E+01	5.568179E+03
4.62	-1.199329E+06	1.696889E+02	5.363323E+01	5.568179E+03
4.625	-1.199329E+06	1.772719E+02	5.419354E+01	5.568179E+03
4.63	-1.199330E+06	1.899617E+02	5.406626E+01	5.568179E+03
4.635	-1.199329E+06	1.803035E+02	5.377128E+01	5.568179E+03
4.64	-1.199329E+06	1.792111E+02	5.331021E+01	5.568179E+03
4.645	-1.199329E+06	1.756314E+02	5.295017E+01	5.568179E+03
4.65	-1.199329E+06	1.734473E+02	5.272373E+01	5.568179E+03
4.655	-1.199330E+06	1.851359E+02	5.220993E+01	5.568179E+03
4.66	-1.199329E+06	1.884800E+02	5.145590E+01	5.568179E+03
4.665	-1.199329E+06	1.820822E+02	5.094589E+01	5.568179E+03
4.67	-1.199329E+06	1.839623E+02	5.103005E+01	5.568179E+03
4.675	-1.199330E+06	1.957828E+02	5.130160E+01	5.568179E+03
4.68	-1.199329E+06	1.883314E+02	5.135050E+01	5.568179E+03
4.685	-1.199329E+06	1.805788E+02	5.137157E+01	5.568179E+03
4.69	-1.199329E+06	1.788539E+02	5.164390E+01	5.568179E+03
4.695	-1.199329E+06	1.805026E+02	5.218566E+01	5.568179E+03
4.7	-1.199330E+06	1.945870E+02	5.282676E+01	5.568179E+03
4.705	-1.199329E+06	1.858548E+02	5.319024E+01	5.568179E+03
4.71	-1.199329E+06	1.947692E+02	5.261678E+01	5.568179E+03
4.715	-1.199330E+06	1.978010E+02	5.159951E+01	5.568179E+03
4.72	-1.199329E+06	1.765019E+02	5.087054E+01	5.568179E+03
4.725	-1.199329E+06	1.954589E+02	5.090540E+01	5.568179E+03
4.73	-1.199329E+06	2.033103E+02	5.166749E+01	5.568179E+03
4.735	-1.199329E+06	1.898050E+02	5.181185E+01	5.568179E+03
4.74	-1.199329E+06	1.810262E+02	5.148463E+01	5.568179E+03
4.745	-1.199329E+06	1.935344E+02	5.131242E+01	5.568179E+03
4.75	-1.199329E+06	1.986642E+02	5.160288E+01	5.568179E+03
4.755	-1.199329E+06	1.938793E+02	5.224800E+01	5.568179E+03
4.76	-1.199329E+06	2.125505E+02	5.266449E+01	5.568179E+03
4.765	-1.199329E+06	2.135142E+02	5.276542E+01	5.568179E+03
4.77	-1.199329E+06	2.003746E+02	5.214176E+01	5.568179E+03
4.775	-1.199329E+06	1.920889E+02	5.167088E+01	5.568179E+03
4.78	-1.199329E+06	2.012796E+02	5.192443E+01	5.568179E+03
4.785	-1.199329E+06	2.127973E+02	5.196998E+01	5.568179E+03
4.79	-1.199329E+06	2.037511E+02	5.173435E+01	5.568179E+03
4.795	-1.199329E+06	2.092091E+02	5.101939E+01	5.568179E+03
4.8	-1.199329E+06	2.198156E+02	5.011983E+01	5.568179E+03
4.805	-1.199329E+06	2.082768E+02	4.993990E+01	5.568179E+03
4.81	-1.199329E+06	2.218745E+02	5.003382E+01	5.568179E+03
4.815	-1.199329E+06	2.194397E+02	5.042915E+01	5.568179E+03
4.82	-1.199329E+06	2.021219E+02	5.061375E+01	5.568179E+03
4.825	-1.199329E+06	2.069919E+02	5.052741E+01	5.568179E+03
4.83	-1.199329E+06	2.034038E+02	5.117474E+01	5.568179E+03
4.835	-1.199329E+06	2.084254E+02	5.204030E+01	5.568179E+03
4.84	-1.199329E+06	2.156254E+02	5.284448E+01	5.568179E+03
4.845	-1.199329E+06	2.095779E+02	5.345796E+01	5.568179E+03
4.85	-1.199329E+06	2.142810E+02	5.339721E+01	5.568179E+03
4.855	-1.199329E+06	2.187945E+02	5.321228E+01	5.568179E+03
4.86	-1.199329E+06	2.234687E+02	5.284851E+01	5.568179E+03
4.865	-1.199329E+06	2.134934E+02	5.214129E+01	5.568179E+03
4.87	-1.199329E+06	2.167039E+02	5.118413E+01	5.568179E+03
4.875	-1.199329E+06	2.243954E+02	5.007048E+01	5.568179E+03
4.88	-1.199328E+06	2.206869E+02	4.867019E+01	5.568179E+03
4.885	-1.199329E+06	2.310552E+02	4.734792E+01	5.568179E+03
4.89	-1.199329E+06	2.193068E+02	4.726344E+01	5.568179E+03
4.895	-1.199328E+06	2.114768E+02	4.795699E+01	5.568179E+03
4.9	-1.199329E+06	2.249425E+02	4.858281E+01	5.568179E+03
4.905	-1.199328E+06	2.234835E+02	4.918188E+01	5.568179E+03
4.91	-1.199329E+06	2.315983E+02	4.944176E+01	5.568179E+03
4.915	-1.199329E+06	2.394224E+02	5.005226E+01	5.568179E+03
4.92	-1.199328E+06	2.254723E+02	5.135649E+01	5.568179E+03
4.925	-1.199328E+06	2.178708E+02	5.217460E+01	5.568179E+03
4.93	-1.199329E+06	2.225896E+02	5.244112E+01	5.568179E+03
4.935	-1.199328E+06	2.251506E+02	5.260012E+01	5.568179E+03
4.94	-1.199328E+06	2.343828E+02	5.258048E+01	5.568179E+03
4.945	-1.199329E+06	2.476220E+02	5.253819E+01	5.568179E+03
4.95	-1.199328E+06	2.312754E+02	5.220931E+01	5.568179E+03
4.955	-1.199328E+06	2.330391E+02	5.095727E+01	5.568179E+03
4.96	-1.199329E+06	2.418240E+02	4.947206E+01	5.568179E+03
4.965	-1.199328E+06	2.278948E+02	4.824984E+01	5.568179E+03
4.97	-1.199328E+06	2.293523E+02	4.732157E+01	5.568179E+03
4.975	-1.199329E+06	2.325993E+02	4.691393E+01	5.568179E+03
4.98	-1.199328E+06	2.167294E+02	4.673961E+01	5.568179E+03
4.985	-1.199328E+06	2.378360E+02	4.652369E+01	5.568179E+03
4.99	-1.199328E+06	2.520533E+02	4.725338E+01	5.568179E+03
4.995	-1.199328E+06	2.493302E+02	4.886526E+01	5.568179E+03
5.0	-1.199329E+06	2.648568E+02	5.043383E+01	5.568179E+03
5.005	-1.199328E+06	2.440707E+02	5.214309E+01	5.568179E+03
5.01	-1.199328E+06	2.327836E+02	5.340994E+01	5.568179E+03
5.015	-1.199328E+06	2.606572E+02	5.347608E+01	5.568179E+03
5.02	-1.199328E+06	2.619027E+02	5.293854E+01	5.568179E+03
5.025	-1.199328E+06	2.530226E+02	5.213982E+01	5.568179E+03
5.03	-1.199328E+06	2.628054E+02	5.112054E+01	5.568179E+03
5.035	-1.199328E+06	2.571906E+02	5.033853E+01	5.568179E+03
5.04	-1.199328E+06	2.519712E+02	4.932377E+01	5.568179E+03
5.045	-1.199328E+06	2.658510E+02	4.809804E+01	5.568179E+03
5.05	-1.199328E+06	2.551155E+02	4.767715E+01	5.568179E+03
5.055	-1.199328E+06	2.536451E+02	4.767730E+01	5.568179E+03
5.06	-1.199328E+06	2.636044E+02	4.804607E+01	5.568179E+03
5.065	-1.199327E+06	2.566664E+02	4.888079E+01	5.568179E+03
5.07	-1.199328E+06	2.764656E+02	4.890109E+01	5.568179E+03
5.075	-1.199328E+06	2.740572E+02	4.843630E+01	5.568179E+03
5.08	-1.199327E+06	2.585279E+02	4.855881E+01	5.568179E+03
5.085	-1.199328E+06	2.626631E+02	4.933590E+01	5.568179E+03
5.09	-1.199328E+06	2.660361E+02	5.005133E+01	5.568179E+03
5.095	-1.199327E+06	2.630821E+02	5.013749E+01	5.568179E+03
5.1	-1.199327E+06	2.672938E+02	4.952507E+01	5.568179E+03
5.105	-1.199328E+06	2.766143E+02	4.914589E+01	5.568179E+03
5.11	-1.199327E+06	2.678833E+02	4.984792E+01	5.568179E+03
5.115	-1.199328E+06	2.892585E+02	5.037535E+01	5.568179E+03
5.12	-1.199328E+06	2.946215E+02	5.038990E+01	5.568179E+03
5.125	-1.199327E+06	2.805652E+02	4.993304E+01	5.568179E+03
5.13	-1.199328E+06	2.918866E+02	4.886612E+01	5.568179E+03
5.135	-1.199327E+06	2.790009E+02	4.815476E+01	5.568179E+03
5.14	-1.199327E+06	2.700997E+02	4.787705E+01	5.568179E+03
5.145	-1.199327E+06	2.738425E+02	4.792344E+01	5.568179E+03
5.15	-1.199327E+06	2.744032E+02	4.828778E+01	5.568179E+03
5.155	-1.199327E+06	2.904720E+02	4.853123E+01	5.568179E+03
5.16	-1.199327E+06	2.957492E+02	4.894657E+01	5.568179E+03
5.165	-1.199327E+06	3.053879E+02	4.949575E+01	5.568179E+03
5.17	-1.199327E+06	2.923110E+02	5.039591E+01	5.568179E+03
5.175	-1.199327E+06	2.877593E+02	5.116890E+01	5.568179E+03
5.18	-1.199328E+06	2.956508E+02	5.131316E+01	5.568179E+03
5.185	-1.199327E+06	2.696201E+02	5.130580E+01	5.568179E+03
5.19	-1.199327E+06	2.802693E+02	5.092577E+01	5.568179E+03
5.195	-1.199327E+06	2.799286E+02	5.115495E+01	5.568179E+03
5.2	-1.199327E+06	2.896098E+02	5.129332E+01	5.568179E+03
5.205	-1.199328E+06	3.227256E+02	5.004435E+01	5.568179E+03
5.21	-1.199327E+06	2.913708E+02	4.892442E+01	5.568179E+03
5.215	-1.199327E+06	2.857888E+02	4.791685E+01	5.568179E+03
5.22	-1.199327E+06	2.998202E+02	4.725553E+01	5.568179E+03
5.225	-1.199327E+06	2.982267E+02	4.760724E+01	5.568179E+03
5.23	-1.199327E+06	2.944612E+02	4.838073E+01	5.568179E+03
5.235	-1.199327E+06	3.179356E+02	4.879102E+01	5.568179E+03
5.24	-1.199327E+06	3.247601E+02	4.916779E+01	5.568179E+03
5.245	-1.199326E+06	3.024486E+02	4.967047E+01	5.568179E+03
5.25	-1.199327E+06	3.069129E+02	5.008381E+01	5.568179E+03
5.255	-1.199327E+06	3.088452E+02	5.056902E+01	5.568179E+03
5.26	-1.199326E+06	3.048181E+02	5.067648E+01	5.568179E+03
5.265	-1.199327E+06	3.239577E+02	5.009700E+01	5.568179E+03
5.27	-1.199327E+06	3.345397E+02	4.992152E+01	5.568179E+03
5.275	-1.199327E+06	3.167210E+02	5.009277E+01	5.568179E+03
5.28	-1.199326E+06	2.970744E+02	4.993463E+01	5.568179E+03
5.285	-1.199327E+06	3.083096E+02	4.978163E+01	5.568179E+03
5.29	-1.199327E+06	3.185048E+02	4.943665E+01	5.568179E+03
5.295	-1.199327E+06	3.296946E+02	4.906834E+01	5.568179E+03
5.3	-1.199326E+06	3.328321E+02	4.974484E+01	5.568179E+03
5.305	-1.199327E+06	3.414334E+02	5.053961E+01	5.568179E+03
5.31	-1.199327E+06	3.370272E+02	5.119170E+01	5.568179E+03
5.315	-1.199326E+06	3.347452E+02	5.179798E+01	5.568179E+03
5.32	-1.199327E+06	3.583576E+02	5.155996E+01	5.568179E+03
5.325	-1.199326E+06	3.375608E+02	5.152573E+01	5.568179E+03
5.33	-1.199326E+06	3.281623E+02	5.161277E+01	5.568179E+03
5.335	-1.199327E+06	3.468285E+02	5.117077E+01	5.568179E+03
5.34	-1.199326E+06	3.421953E+02	5.080608E+01	5.568179E+03
5.345	-1.199326E+06	3.323724E+02	5.034508E+01	5.568179E+03
5.35	-1.199326E+06	3.208813E+02	4.987998E+01	5.568179E+03
5.355	-1.199326E+06	3.411996E+02	5.040755E+01	5.568179E+03
5.36	-1.199326E+06	3.549488E+02	5.191254E+01	5.568179E+03
5.365	-1.199326E+06	3.526501E+02	5.299350E+01	5.568179E+03
5.37	-1.199326E+06	3.614048E+02	5.348654E+01	5.568179E+03
5.375	-1.199326E+06	3.775410E+02	5.361821E+01	5.568179E+03
5.38	-1.199326E+06	3.778465E+02	5.336074E+01	5.568179E+03
5.385	-1.199326E+06	3.586620E+02	5.319885E+01	5.568179E+03
5.39	-1.199325E+06	3.415877E+02	5.286985E+01	5.568179E+03
5.395	-1.199326E+06	3.539327E+02	5.194985E+01	5.568179E+03
5.4	-1.199326E+06	3.615052E+02	5.087853E+01	5.568179E+03
5.405	-1.199326E+06	3.480599E+02	4.944551E+01	5.568179E+03
5.41	-1.199326E+06	3.404336E+02	4.849295E+01	5.568179E+03
5.415	-1.199326E+06	3.437657E+02	4.861509E+01	5.568179E+03
5.42	-1.199326E+06	3.567764E+02	4.867634E+01	5.568179E+03
5.425	-1.199326E+06	3.642182E+02	4.805989E+01	5.568179E+03
5.43	-1.199326E+06	3.720998E+02	4.653259E+01	5.568179E+03
5.435	-1.199326E+06	3.792730E+02	4.528249E+01	5.568179E+03
5.44	-1.199325E+06	3.713841E+02	4.573106E+01	5.568179E+03
5.445	-1.199325E+06	3.747410E+02	4.674405E+01	5.568179E+03
5.45	-1.199326E+06	3.814070E+02	4.739760E+01	5.568179E+03
5.455	-1.199325E+06	3.676820E+02	4.769993E+01	5.568179E+03
5.46	-1.199326E+06	3.633612E+02	4.778787E+01	5.568179E+03
5.465	-1.199325E+06	3.533809E+02	4.914381E+01	5.568179E+03
5.47	-1.199326E+06	3.787032E+02	5.096365E+01	5.568179E+03
5.475	-1.199325E+06	3.854460E+02	5.205372E+01	5.568179E+03
5.48	-1.199325E+06	3.786711E+02	5.265122E+01	5.568179E+03
5.485	-1.199326E+06	4.016821E+02	5.259814E+01	5.568179E+03
5.49	-1.199325E+06	4.064014E+02	5.207998E+01	5.568179E+03
5.495	-1.199326E+06	4.153068E+02	5.150027E+01	5.568179E+03
5.5	-1.199325E+06	3.915380E+02	5.070940E+01	5.568179E+03
5.505	-1.199325E+06	3.802044E+02	4.936196E+01	5.568179E+03
5.51	-1.199325E+06	3.886881E+02	4.830904E+01	5.568179E+03
5.515	-1.199325E+06	3.913692E+02	4.743196E+01	5.568179E+03
5.52	-1.199326E+06	4.197967E+02	4.659705E+01	5.568179E+03
5.525	-1.199325E+06	4.063449E+02	4.715746E+01	5.568179E+03
5.53	-1.199325E+06	4.087943E+02	4.809234E+01	5.568179E+03
5.535	-1.199326E+06	4.261409E+02	4.847553E+01	5.568179E+03
5.54	-1.199324E+06	3.807205E+02	4.888192E+01	5.568179E+03
5.545	-1.199325E+06	4.035591E+02	4.899083E+01	5.568179E+03
5.55	-1.199325E+06	4.285359E+02	5.013435E+01	5.568179E+03
5.555	-1.199324E+06	3.913928E+02	5.182814E+01	5.568179E+03
5.56	-1.199325E+06	4.042497E+02	5.235970E+01	5.568179E+03
5.565	-1.199325E+06	4.176739E+02	5.241196E+01	5.568179E+03
5.57	-1.199324E+06	4.132277E+02	5.177858E+01	5.568179E+03
5.575	-1.199324E+06	4.207774E+02	5.054220E+01	5.568179E+03
5.58	-1.199325E+06	4.354806E+02	4.919855E+01	5.568179E+03
5.585	-1.199324E+06	4.063641E+02	4.807882E+01	5.568179E+03
5.59	-1.199324E+06	4.123870E+02	4.675231E+01	5.568179E+03
5.595	-1.199325E+06	4.401740E+02	4.593244E+01	5.568179E+03
5.6	-1.199324E+06	4.227661E+02	4.622116E+01	5.568179E+03
5.605	-1.199325E+06	4.457829E+02	4.682094E+01	5.568179E+03
5.61	-1.199324E+06	4.227671E+02	4.846474E+01	5.568179E+03
5.615	-1.199324E+06	4.096808E+02	5.025018E+01	5.568179E+03
5.62	-1.199325E+06	4.534682E+02	5.136412E+01	5.568179E+03
5.625	-1.199324E+06	4.258660E+02	5.274913E+01	5.568179E+03
5.63	-1.199324E+06	4.200463E+02	5.386310E+01	5.568179E+03
5.635	-1.199324E+06	4.435325E+02	5.481821E+01	5.568179E+03
5.64	-1.199324E+06	4.414284E+02	5.556276E+01	5.568179E+03
5.645	-1.199324E+06	4.522521E+02	5.524841E+01	5.568179E+03
5.65	-1.199324E+06	4.564495E+02	5.372055E+01	5.568179E+03
5.655	-1.199324E+06	4.380078E+02	5.228782E+01	5.568179E+03
5.66	-1.199324E+06	4.553941E+02	5.228272E+01	5.568179E+03
5.665	-1.199324E+06	4.675587E+02	5.318611E+01	5.568179E+03
5.67	-1.199323E+06	4.526055E+02	5.335567E+01	5.568179E+03
5.675	-1.199324E+06	4.697774E+02	5.234626E+01	5.568179E+03
5.68	-1.199324E+06	4.721133E+02	5.167235E+01	5.568179E+03
5.685	-1.199324E+06	4.711735E+02	5.236755E+01	5.568179E+03
5.69	-1.199324E+06	4.867110E+02	5.280375E+01	5.568179E+03
5.695	-1.199324E+06	4.737678E+02	5.220428E+01	5.568179E+03
5.7	-1.199324E+06	4.606148E+02	5.119195E+01	5.568179E+03
5.705	-1.199323E+06	4.517711E+02	4.975510E+01	5.568179E+03
5.71	-1.199324E+06	4.550712E+02	4.918486E+01	5.568179E+03
5.715	-1.199324E+06	4.726980E+02	4.995829E+01	5.568179E+03
5.72	-1.199324E+06	4.946307E+02	5.024518E+01	5.568179E+03
5.725	-1.199323E+06	4.775353E+02	5.056581E+01	5.568179E+03
5.73	-1.199324E+06	4.770474E+02	4.999999E+01	5.568179E+03
5.735	-1.199324E+06	4.728921E+02	4.819690E+01	5.568179E+03
5.74	-1.199322E+06	4.379208E+02	4.805447E+01	5.568179E+03
5.745	-1.199323E+06	4.673784E+02	4.880232E+01	5.568179E+03
5.75	-1.199324E+06	4.823028E+02	4.870081E+01	5.568179E+03
5.755	-1.199323E+06	4.625628E+02	4.820171E+01	5.568179E+03
5.76	-1.199324E+06	4.863951E+02	4.742746E+01	5.568179E+03
5.765	-1.199323E+06	4.653312E+02	4.732045E+01	5.568179E+03
5.77	-1.199323E+06	4.714197E+02	4.814592E+01	5.568179E+03
5.775	-1.199324E+06	5.005292E+02	4.970595E+01	5.568179E+03
5.78	-1.199323E+06	4.852577E+02	5.141838E+01	5.568179E+03
5.785	-1.199323E+06	4.760646E+02	5.251628E+01	5.568179E+03
5.79	-1.199323E+06	4.782420E+02	5.347198E+01	5.568179E+03
5.795	-1.199323E+06	4.966787E+02	5.411970E+01	5.568179E+03
5.8	-1.199322E+06	4.863154E+02	5.459917E+01	5.568179E+03
5.805	-1.199323E+06	5.007508E+02	5.456365E+01	5.568179E+03
5.81	-1.199323E+06	5.092809E+02	5.400929E+01	5.568179E+03
5.815	-1.199323E+06	5.232269E+02	5.273868E+01	5.568179E+03
5.82	-1.199323E+06	5.312583E+02	5.135398E+01	5.568179E+03
5.825	-1.199322E+06	5.161661E+02	5.037439E+01	5.568179E+03
5.83	-1.199323E+06	5.258223E+02	5.030020E+01	5.568179E+03
5.835	-1.199322E+06	5.329100E+02	5.133100E+01	5.568179E+03
5.84	-1.199323E+06	5.566786E+02	5.216767E+01	5.568179E+03
5.845	-1.199323E+06	5.473205E+02	5.296233E+01	5.568179E+03
5.85	-1.199322E+06	5.209007E+02	5.363038E+01	5.568179E+03
5.855	-1.199322E+06	5.134939E+02	5.486457E+01	5.568179E+03
5.86	-1.199322E+06	5.134717E+02	5.609465E+01	5.568179E+03
5.865	-1.199322E+06	5.235819E+02	5.582416E+01	5.568179E+03
5.87	-1.199323E+06	5.405388E+02	5.510697E+01	5.568179E+03
5.875	-1.199322E+06	5.479324E+02	5.431114E+01	5.568179E+03
5.88	-1.199323E+06	5.559723E+02	5.270451E+01	5.568179E+03
5.885	-1.199322E+06	5.282453E+02	5.132368E+01	5.568179E+03
5.89	-1.199322E+06	5.267251E+02	4.940113E+01	5.568179E+03
5.895	-1.199322E+06	5.255688E+02	4.804868E+01	5.568179E+03
5.9	-1.199322E+06	5.352174E+02	4.794583E+01	5.568179E+03
5.905	-1.199323E+06	5.621260E+02	4.780562E+01	5.568179E+03
5.91	-1.199321E+06	5.350594E+02	4.840399E+01	5.568179E+03
5.915	-1.199322E+06	5.432073E+02	4.909137E+01	5.568179E+03
5.92	-1.199322E+06	5.565784E+02	4.975967E+01	5.568179E+03
5.925	-1.199321E+06	5.328780E+02	5.130987E+01	5.568179E+03
5.93	-1.199322E+06	5.615070E+02	5.253847E+01	5.568179E+03
5.935	-1.199322E+06	5.848330E+02	5.359766E+01	5.568179E+03
5.94	-1.199322E+06	5.761752E+02	5.410955E+01	5.568179E+03
5.945	-1.199321E+06	5.478944E+02	5.348445E+01	5.568179E+03
5.95	-1.199322E+06	5.604596E+02	5.161031E+01	5.568179E+03
5.955	-1.199322E+06	5.465944E+02	4.983097E+01	5.568179E+03
5.96	-1.199321E+06	5.185218E+02	4.906935E+01	5.568179E+03
5.965	-1.199322E+06	5.548254E+02	4.861721E+01	5.568179E+03
5.97	-1.199321E+06	5.673880E+02	4.852141E+01	5.568179E+03
5.975	-1.199322E+06	5.845245E+02	4.810089E+01	5.568179E+03
5.98	-1.199322E+06	5.779882E+02	4.726681E+01	5.568179E+03
5.985	-1.199321E+06	5.478551E+02	4.735126E+01	5.568179E+03
5.99	-1.199322E+06	5.726999E+02	4.822761E+01	5.568179E+03
5.995	-1.199322E+06	5.885240E+02	4.894648E+01	5.568179E+03
6.0	-1.199321E+06	5.674308E+02	4.928000E+01	5.568179E+03
6.005	-1.199322E+06	5.870540E+02	4.856157E+01	5.568179E+03
6.01	-1.199321E+06	5.758037E+02	4.828245E+01	5.568179E+03
6.015	-1.199321E+06	5.781911E+02	4.852741E+01	5.568179E+03
6.02	-1.199322E+06	5.867663E+02	4.871471E+01	5.568179E+03
6.025	-1.199320E+06	5.609192E+02	4.934571E+01	5.568179E+03
6.03	-1.199321E+06	5.863557E+02	4.928315E+01	5.568179E+03
6.035	-1.199322E+06	6.128007E+02	4.874321E+01	5.568179E+03
6.04	-1.199321E+06	5.910668E+02	4.897826E+01	5.568179E+03
6.045	-1.199321E+06	6.003730E+02	4.852128E+01	5.568179E+03
6.05	-1.199322E+06	6.039379E+02	4.750149E+01	5.568179E+03
6.055	-1.199320E+06	5.609954E+02	4.703222E+01	5.568179E+03
6.06	-1.199322E+06	6.174634E+02	4.566085E+01	5.568179E+03
6.065	-1.199321E+06	6.314254E+02	4.522883E+01	5.568179E+03
6.07	-1.199320E+06	5.932499E+02	4.552910E+01	5.568179E+03
6.075	-1.199321E+06	5.957453E+02	4.628793E+01	5.568179E+03
6.08	-1.199321E+06	5.924988E+02	4.846905E+01	5.568179E+03
6.085	-1.199321E+06	6.033944E+02	4.987847E+01	5.568179E+03
6.09	-1.199321E+06	6.245957E+02	5.060759E+01	5.568179E+03
6.095	-1.199320E+06	6.182375E+02	5.174380E+01	5.568179E+03
6.1	-1.199321E+06	6.358093E+02	5.236952E+01	5.568179E+03
6.105	-1.199321E+06	6.245854E+02	5.269683E+01	5.568179E+03
6.11	-1.199321E+06	6.197990E+02	5.133136E+01	5.568179E+03
6.115	-1.199320E+06	6.085877E+02	4.854029E+01	5.568179E+03
6.12	-1.199321E+06	6.074230E+02	4.626012E+01	5.568179E+03
6.125	-1.199321E+06	6.161140E+02	4.601793E+01	5.568179E+03
6.13	-1.199321E+06	6.352515E+02	4.714585E+01	5.568179E+03
6.135	-1.199321E+06	6.496929E+02	4.871772E+01	5.568179E+03
6.14	-1.199320E+06	6.146214E+02	5.073515E+01	5.568179E+03
6.145	-1.199320E+06	6.254925E+02	5.135446E+01	5.568179E+03
6.15	-1.199321E+06	6.281034E+02	5.090279E+01	5.568179E+03
6.155	-1.199319E+06	5.752564E+02	5.066023E+01	5.568179E+03
6.16	-1.199322E+06	6.335863E+02	4.993872E+01	5.568179E+03
6.165	-1.199320E+06	6.086853E+02	4.994679E+01	5.568179E+03
6.17	-1.199320E+06	5.954083E+02	4.849186E+01	5.568179E+03
6.175	-1.199321E+06	6.371626E+02	4.657882E+01	5.568179E+03
6.18	-1.199320E+06	6.587624E+02	4.665444E+01	5.568179E+03
6.185	-1.199321E+06	6.806727E+02	4.704472E+01	5.568179E+03
6.19	-1.199320E+06	6.621242E+02	4.736048E+01	5.568179E+03
6.195	-1.199320E+06	6.480809E+02	4.767510E+01	5.568179E+03
6.2	-1.199320E+06	6.360536E+02	4.709261E+01	5.568179E+03
6.205	-1.199320E+06	6.305392E+02	4.660901E+01	5.568179E+03
6.21	-1.199320E+06	6.465741E+02	4.739059E+01	5.568179E+03
6.215	-1.199320E+06	6.501518E+02	4.796309E+01	5.568179E+03
6.22	-1.199320E+06	6.415384E+02	4.810650E+01	5.568179E+03
6.225	-1.199319E+06	6.172527E+02	4.839962E+01	5.568179E+03
6.23	-1.199320E+06	6.481702E+02	4.794958E+01	5.568179E+03
6.235	-1.199321E+06	6.817639E+02	4.752208E+01	5.568179E+03
6.24	-1.199320E+06	6.500714E+02	4.736837E+01	5.568179E+03
6.245	-1.199320E+06	6.355861E+02	4.666850E+01	5.568179E+03
6.25	-1.199320E+06	6.179860E+02	4.628753E+01	5.568179E+03
6.255	-1.199319E+06	5.978143E+02	4.546160E+01	5.568179E+03
6.26	-1.199321E+06	6.573927E+02	4.472752E+01	5.568179E+03
6.265	-1.199320E+06	6.811222E+02	4.593072E+01	5.568179E+03
6.27	-1.199321E+06	6.904740E+02	4.641780E+01	5.568179E+03
6.275	-1.199319E+06	6.250661E+02	4.657243E+01	5.568179E+03
6.28	-1.199320E+06	6.171108E+02	4.519180E+01	5.568179E+03
6.285	-1.199320E+06	6.211683E+02	4.310165E+01	5.568179E+03
6.29	-1.199319E+06	6.200948E+02	4.259700E+01	5.568179E+03
6.295	-1.199320E+06	6.579147E+02	4.317152E+01	5.568179E+03
6.3	-1.199319E+06	6.434261E+02	4.411170E+01	5.568179E+03
6.305	-1.199319E+06	6.438352E+02	4.515157E+01	5.568179E+03
6.31	-1.199320E+06	6.759244E+02	4.648000E+01	5.568179E+03
6.315	-1.199320E+06	6.863877E+02	4.697255E+01	5.568179E+03
6.32	-1.199320E+06	6.724037E+02	4.671504E+01	5.568179E+03
6.325	-1.199319E+06	6.350001E+02	4.675953E+01	5.568179E+03
6.33	-1.199320E+06	6.352251E+02	4.686010E+01	5.568179E+03
6.335	-1.199320E+06	6.361509E+02	4.709595E+01	5.568179E+03
6.34	-1.199319E+06	6.393215E+02	4.693484E+01	5.568179E+03
6.345	-1.199320E+06	6.851735E+02	4.668453E+01	5.568179E+03
6.35	-1.199320E+06	6.837336E+02	4.756789E+01	5.568179E+03
6.355	-1.199319E+06	6.630706E+02	4.826173E+01	5.568179E+03
6.36	-1.199319E+06	6.865115E+02	4.812328E+01	5.568179E+03
6.365	-1.199320E+06	7.091141E+02	4.684373E+01	5.568179E+03
6.37	-1.199319E+06	6.833234E+02	4.558958E+01	5.568179E+03
6.375	-1.199319E+06	6.595904E+02	4.638708E+01	5.568179E+03
6.38	-1.199320E+06	6.824369E+02	4.752217E+01	5.568179E+03
6.385	-1.199319E+06	6.774326E+02	4.877680E+01	5.568179E+03
6.39	-1.199319E+06	6.766150E+02	4.958799E+01	5.568179E+03
6.395	-1.199319E+06	6.872917E+02	4.877808E+01	5.568179E+03
6.4	-1.199320E+06	6.936019E+02	4.777677E+01	5.568179E+03
6.405	-1.199319E+06	6.875345E+02	4.802768E+01	5.568179E+03
6.41	-1.199320E+06	7.008157E+02	4.812931E+01	5.568179E+03
6.415	-1.199319E+06	6.820347E+02	4.819672E+01	5.568179E+03
6.42	-1.199319E+06	6.548107E+02	4.789016E+01	5.568179E+03
6.425	-1.199319E+06	6.697636E+02	4.716986E+01	5.568179E+03
6.43	-1.199320E+06	6.913811E+02	4.804219E+01	5.568179E+03
6.435	-1.199319E+06	6.746179E+02	4.994705E+01	5.568179E+03
6.44	-1.199320E+06	7.124867E+02	4.961477E+01	5.568179E+03
6.445	-1.199320E+06	6.791716E+02	4.865062E+01	5.568179E+03
6.45	-1.199318E+06	6.341597E+02	4.727113E+01	5.568179E+03
6.455	-1.199321E+06	6.829846E+02	4.493727E+01	5.568179E+03
6.46	-1.199318E+06	6.224895E+02	4.444580E+01	5.568179E+03
6.465	-1.199318E+06	6.117085E+02	4.451395E+01	5.568179E+03
6.47	-1.199320E+06	6.871511E+02	4.393018E+01	5.568179E+03
6.475	-1.199320E+06	6.996679E+02	4.315238E+01	5.568179E+03
6.48	-1.199319E+06	6.754095E+02	4.192604E+01	5.568179E+03
6.485	-1.199320E+06	6.857423E+02	4.035659E+01	5.568179E+03
6.49	-1.199319E+06	6.666129E+02	4.058795E+01	5.568179E+03
6.495	-1.199319E+06	6.562125E+02	4.120325E+01	5.568179E+03
6.5	-1.199321E+06	6.905324E+02	4.192515E+01	5.568179E+03
6.505	-1.199318E+06	6.568552E+02	4.502076E+01	5.568179E+03
6.51	-1.199320E+06	6.869660E+02	4.663165E+01	5.568179E+03
6.515	-1.199320E+06	6.980259E+02	4.749159E+01	5.568179E+03
6.52	-1.199318E+06	6.433339E+02	4.905879E+01	5.568179E+03
6.525	-1.199320E+06	6.821011E+02	4.885475E+01	5.568179E+03
6.53	-1.199320E+06	7.150601E+02	4.824822E+01	5.568179E+03
6.535	-1.199319E+06	6.880908E+02	4.793178E+01	5.568179E+03
6.54	-1.199319E+06	7.000608E+02	4.635562E+01	5.568179E+03
6.545	-1.199320E+06	7.105025E+02	4.473838E+01	5.568179E+03
6.55	-1.199319E+06	6.728600E+02	4.431763E+01	5.568179E+03
6.555	-1.199319E+06	6.599552E+02	4.304950E+01	5.568179E+03
6.56	-1.199320E+06	6.709304E+02	4.249619E+01	5.568179E+03
6.565	-1.199318E+06	6.516659E+02	4.456976E+01	5.568179E+03
6.57	-1.199320E+06	7.167779E+02	4.597829E+01	5.568179E+03
6.575	-1.199321E+06	6.983209E+02	4.755564E+01	5.568179E+03
6.58	-1.199317E+06	6.022983E+02	4.894692E+01	5.568179E+03
6.585	-1.199321E+06	6.926038E+02	4.735726E+01	5.568179E+03
6.59	-1.199320E+06	6.994501E+02	4.644581E+01	5.568179E+03
6.595	-1.199319E+06	6.730501E+02	4.537405E+01	5.568179E+03
6.6	-1.199321E+06	7.016350E+02	4.326044E+01	5.568179E+03
6.605	-1.199318E+06	6.529862E+02	4.311858E+01	5.568179E+03
6.61	-1.199320E+06	6.753083E+02	4.258322E+01	5.568179E+03
6.615	-1.199319E+06	6.571172E+02	4.241639E+01	5.568179E+03
6.62	-1.199319E+06	6.594669E+02	4.404844E+01	5.568179E+03
6.625	-1.199321E+06	7.253022E+02	4.609995E+01	5.568179E+03
6.63	-1.199319E+06	6.950971E+02	4.888134E+01	5.568179E+03
6.635	-1.199320E+06	6.826736E+02	5.028025E+01	5.568179E+03
6.64	-1.199319E+06	6.652580E+02	4.943523E+01	5.568179E+03
6.645	-1.199320E+06	6.677518E+02	4.856117E+01	5.568179E+03
6.65	-1.199319E+06	6.630746E+02	4.891928E+01	5.568179E+03
6.655	-1.199321E+06	7.057530E+02	4.834988E+01	5.568179E+03
6.66	-1.199320E+06	6.738477E+02	4.732340E+01	5.568179E+03
6.665	-1.199319E+06	6.438694E+02	4.587169E+01	5.568179E+03
6.67	-1.199320E+06	6.715538E+02	4.452058E+01	5.568179E+03
6.675	-1.199320E+06	6.616487E+02	4.371699E+01	5.568179E+03
6.68	-1.199319E+06	6.503935E+02	4.356949E+01	5.568179E+03
6.685	-1.199321E+06	6.957688E+02	4.366465E+01	5.568179E+03
6.69	-1.199320E+06	6.774112E+02	4.334167E+01	5.568179E+03
6.695	-1.199319E+06	6.146580E+02	4.284071E+01	5.568179E+03
6.7	-1.199320E+06	6.169283E+02	4.250676E+01	5.568179E+03
6.705	-1.199320E+06	6.504535E+02	4.326452E+01	5.568179E+03
6.71	-1.199320E+06	6.581792E+02	4.549409E+01	5.568179E+03
6.715	-1.199321E+06	6.854877E+02	4.727884E+01	5.568179E+03
6.72	-1.199319E+06	6.775667E+02	4.842430E+01	5.568179E+03
6.725	-1.199321E+06	6.986892E+02	4.864809E+01	5.568179E+03
6.73	-1.199320E+06	6.918705E+02	4.888990E+01	5.568179E+03
6.735	-1.199320E+06	6.719411E+02	4.933821E+01	5.568179E+03
6.74	-1.199320E+06	6.603098E+02	4.949483E+01	5.568179E+03
6.745	-1.199320E+06	6.523637E+02	4.955590E+01	5.568179E+03
6.75	-1.199321E+06	6.767629E+02	4.933216E+01	5.568179E+03
6.755	-1.199320E+06	6.664976E+02	4.884007E+01	5.568179E+03
6.76	-1.199320E+06	6.553220E+02	4.869109E+01	5.568179E+03
6.765	-1.199321E+06	6.446646E+02	4.879226E+01	5.568179E+03
6.77	-1.199320E+06	6.265759E+02	4.897196E+01	5.568179E+03
6.775	-1.199321E+06	6.721310E+02	4.910028E+01	5.568179E+03
6.78	-1.199321E+06	6.939637E+02	4.861591E+01	5.568179E+03
6.785	-1.199321E+06	6.632095E+02	4.809326E+01	5.568179E+03
6.79	-1.199321E+06	6.360392E+02	4.864893E+01	5.568179E+03
6.795	-1.199320E+06	6.019991E+02	4.920629E+01	5.568179E+03
6.8	-1.199320E+06	6.185455E+02	4.879879E+01	5.568179E+03
6.805	-1.199321E+06	6.664425E+02	4.817112E+01	5.568179E+03
6.81	-1.199321E+06	6.709095E+02	4.723357E+01	5.568179E+03
6.815	-1.199320E+06	6.255415E+02	4.685572E+01	5.568179E+03
6.82	-1.199321E+06	6.182383E+02	4.663956E+01	5.568179E+03
6.825	-1.199320E+06	5.825994E+02	4.676389E+01	5.568179E+03
6.83	-1.199321E+06	6.272963E+02	4.735676E+01	5.568179E+03
6.835	-1.199321E+06	6.481466E+02	4.892042E+01	5.568179E+03
6.84	-1.199321E+06	6.417995E+02	4.894608E+01	5.568179E+03
6.845	-1.199321E+06	6.348071E+02	4.840586E+01	5.568179E+03
6.85	-1.199321E+06	6.269540E+02	4.945823E+01	5.568179E+03
6.855	-1.199322E+06	6.551838E+02	5.010041E+01	5.568179E+03
6.86	-1.199320E+06	6.013433E+02	5.071871E+01	5.568179E+03
6.865	-1.199321E+06	6.257991E+02	5.129665E+01	5.568179E+03
6.87	-1.199322E+06	6.570123E+02	5.236820E+01	5.568179E+03
6.875	-1.199321E+06	6.549704E+02	5.308406E+01	5.568179E+03
6.88	-1.199322E+06	6.616435E+02	5.259601E+01	5.568179E+03
6.885	-1.199321E+06	6.278567E+02	5.188485E+01	5.568179E+03
6.89	-1.199322E+06	6.360569E+02	5.015089E+01	5.568179E+03
6.895	-1.199322E+06	6.260589E+02	4.834550E+01	5.568179E+03
6.9	-1.199321E+06	5.903541E+02	4.757251E+01	5.568179E+03
6.905	-1.199322E+06	6.176921E+02	4.705678E+01	5.568179E+03
6.91	-1.199322E+06	6.311262E+02	4.752869E+01	5.568179E+03
6.915	-1.199322E+06	6.292237E+02	4.827407E+01	5.568179E+03
6.92	-1.199322E+06	6.301723E+02	4.864252E+01	5.568179E+03
6.925	-1.199322E+06	6.225216E+02	4.945033E+01	5.568179E+03
6.93	-1.199321E+06	6.087239E+02	5.025894E+01	5.568179E+03
6.935	-1.199322E+06	6.079181E+02	5.069241E+01	5.568179E+03
6.94	-1.199322E+06	5.974320E+02	5.060915E+01	5.568179E+03
6.945	-1.199322E+06	5.793133E+02	4.978681E+01	5.568179E+03
6.95	-1.199321E+06	5.697505E+02	4.908575E+01	5.568179E+03
6.955	-1.199322E+06	5.994790E+02	4.797441E+01	5.568179E+03
6.96	-1.199322E+06	5.997706E+02	4.697016E+01	5.568179E+03
6.965	-1.199321E+06	5.824546E+02	4.629139E+01	5.568179E+03
6.97	-1.199323E+06	5.970851E+02	4.542588E+01	5.568179E+03
6.975	-1.199321E+06	5.451269E+02	4.623141E+01	5.568179E+03
6.98	-1.199322E+06	5.856029E+02	4.792951E+01	5.568179E+03
6.985	-1.199323E+06	6.076332E+02	5.020964E+01	5.568179E+03
6.99	-1.199322E+06	5.892596E+02	5.195221E+01	5.568179E+03
6.995	-1.199323E+06	6.148080E+02	5.268323E+01	5.568179E+03
7.0	-1.199322E+06	6.148900E+02	5.345800E+01	5.568179E+03
7.005	-1.199322E+06	6.123033E+02	5.396986E+01	5.568179E+03
7.01	-1.199323E+06	6.012693E+02	5.374070E+01	5.568179E+03
7.015	-1.199322E+06	5.758022E+02	5.304456E+01	5.568179E+03
7.02	-1.199322E+06	5.765227E+02	5.235777E+01	5.568179E+03
7.025	-1.199322E+06	5.844302E+02	5.150718E+01	5.568179E+03
7.03	-1.199323E+06	5.873455E+02	5.089789E+01	5.568179E+03
7.035	-1.199322E+06	5.738306E+02	5.110480E+01	5.568179E+03
7.04	-1.199323E+06	6.029934E+02	5.067713E+01	5.568179E+03
7.045	-1.199322E+06	5.896668E+02	5.093629E+01	5.568179E+03
7.05	-1.199323E+06	5.932416E+02	5.169505E+01	5.568179E+03
7.055	-1.199323E+06	6.009588E+02	5.172851E+01	5.568179E+03
7.06	-1.199322E+06	5.750856E+02	5.136246E+01	5.568179E+03
7.065	-1.199323E+06	5.586903E+02	5.127710E+01	5.568179E+03
7.07	-1.199322E+06	5.264344E+02	5.212850E+01	5.568179E+03
7.075	-1.199323E+06	5.632970E+02	5.284215E+01	5.568179E+03
7.08	-1.199323E+06	5.705957E+02	5.351463E+01	5.568179E+03
7.085	-1.199322E+06	5.391118E+02	5.359716E+01	5.568179E+03
7.09	-1.199323E+06	5.390610E+02	5.348679E+01	5.568179E+03
7.095	-1.199322E+06	5.390255E+02	5.422892E+01	5.568179E+03
7.1	-1.199324E+06	5.748576E+02	5.421321E+01	5.568179E+03
7.105	-1.199323E+06	5.769885E+02	5.345565E+01	5.568179E+03
7.11	-1.199323E+06	5.650722E+02	5.234383E+01	5.568179E+03
7.115	-1.199323E+06	5.413167E+02	5.116859E+01	5.568179E+03
7.12	-1.199323E+06	5.286539E+02	5.035643E+01	5.568179E+03
7.125	-1.199324E+06	5.508451E+02	4.994288E+01	5.568179E+03
7.13	-1.199322E+06	5.129675E+02	5.019484E+01	5.568179E+03
7.135	-1.199324E+06	5.435949E+02	4.973857E+01	5.568179E+03
7.14	-1.199324E+06	5.471571E+02	4.971337E+01	5.568179E+03
7.145	-1.199322E+06	4.968425E+02	5.047547E+01	5.568179E+03
7.15	-1.199325E+06	5.544022E+02	5.118318E+01	5.568179E+03
7.155	-1.199323E+06	5.342767E+02	5.305910E+01	5.568179E+03
7.16	-1.199323E+06	5.358929E+02	5.320585E+01	5.568179E+03
7.165	-1.199325E+06	5.451656E+02	5.222714E+01	5.568179E+03
7.17	-1.199322E+06	4.836603E+02	5.314020E+01	5.568179E+03
7.175	-1.199324E+06	5.332128E+02	5.450710E+01	5.568179E+03
7.18	-1.199324E+06	5.527374E+02	5.617558E+01	5.568179E+03
7.185	-1.199324E+06	5.275781E+02	5.678710E+01	5.568179E+03
7.19	-1.199324E+06	5.060052E+02	5.547116E+01	5.568179E+03
7.195	-1.199324E+06	5.020414E+02	5.396088E+01	5.568179E+03
7.2	-1.199323E+06	4.982693E+02	5.324880E+01	5.568179E+03
7.205	-1.199324E+06	5.136263E+02	5.241406E+01	5.568179E+03
7.21	-1.199324E+06	5.302941E+02	5.172432E+01	5.568179E+03
7.215	-1.199323E+06	4.873393E+02	5.143413E+01	5.568179E+03
7.22	-1.199324E+06	5.044825E+02	5.061885E+01	5.568179E+03
7.225	-1.199325E+06	5.247696E+02	5.077503E+01	5.568179E+03
7.23	-1.199324E+06	4.982409E+02	5.184138E+01	5.568179E+03
7.235	-1.199324E+06	4.956299E+02	5.191014E+01	5.568179E+03
7.24	-1.199324E+06	4.780611E+02	5.225577E+01	5.568179E+03
7.245	-1.199324E+06	4.921993E+02	5.267019E+01	5.568179E+03
7.25	-1.199324E+06	5.051935E+02	5.318850E+01	5.568179E+03
7.255	-1.199325E+06	5.233538E+02	5.440646E+01	5.568179E+03
7.26	-1.199324E+06	5.078567E+02	5.506272E+01	5.568179E+03
7.265	-1.199325E+06	5.219479E+02	5.409486E+01	5.568179E+03
7.27	-1.199325E+06	4.990282E+02	5.295898E+01	5.568179E+03
7.275	-1.199323E+06	4.580553E+02	5.148403E+01	5.568179E+03
7.28	-1.199326E+06	5.000320E+02	5.055016E+01	5.568179E+03
7.285	-1.199323E+06	4.565896E+02	5.239061E+01	5.568179E+03
7.29	-1.199325E+06	4.923198E+02	5.341980E+01	5.568179E+03
7.295	-1.199325E+06	4.981696E+02	5.400492E+01	5.568179E+03
7.3	-1.199323E+06	4.684071E+02	5.438870E+01	5.568179E+03
7.305	-1.199326E+06	5.148752E+02	5.338907E+01	5.568179E+03
7.31	-1.199323E+06	4.561341E+02	5.356957E+01	5.568179E+03
7.315	-1.199325E+06	4.540006E+02	5.353019E+01	5.568179E+03
7.32	-1.199324E+06	4.577682E+02	5.299043E+01	5.568179E+03
7.325	-1.199324E+06	4.585603E+02	5.263922E+01	5.568179E+03
7.33	-1.199324E+06	4.652083E+02	5.258551E+01	5.568179E+03
7.335	-1.199324E+06	4.810982E+02	5.293902E+01	5.568179E+03
7.34	-1.199325E+06	4.889549E+02	5.404144E+01	5.568179E+03
7.345	-1.199324E+06	4.463936E+02	5.471250E+01	5.568179E+03
7.35	-1.199325E+06	4.603638E+02	5.412756E+01	5.568179E+03
7.355	-1.199325E+06	4.632270E+02	5.414897E+01	5.568179E+03
7.36	-1.199325E+06	4.736573E+02	5.375428E+01	5.568179E+03
7.365	-1.199325E+06	4.809301E+02	5.298800E+01	5.568179E+03
7.37	-1.199324E+06	4.442561E+02	5.285306E+01	5.568179E+03
7.375	-1.199325E+06	4.327001E+02	5.228400E+01	5.568179E+03
7.38	-1.199325E+06	4.363941E+02	5.169460E+01	5.568179E+03
7.385	-1.199325E+06	4.401313E+02	5.140752E+01	5.568179E+03
7.39	-1.199324E+06	4.120751E+02	5.157196E+01	5.568179E+03
7.395	-1.199325E+06	4.255138E+02	5.221676E+01	5.568179E+03
7.4	-1.199325E+06	4.376204E+02	5.326406E+01	5.568179E+03
7.405	-1.199325E+06	4.579106E+02	5.384116E+01	5.568179E+03
7.41	-1.199325E+06	4.495148E+02	5.388550E+01	5.568179E+03
7.415	-1.199324E+06	4.168971E+02	5.310184E+01	5.568179E+03
7.42	-1.199326E+06	4.306192E+02	5.184314E+01	5.568179E+03
7.425	-1.199325E+06	4.158917E+02	5.133200E+01	5.568179E+03
7.43	-1.199325E+06	4.179880E+02	5.064283E+01	5.568179E+03
7.435	-1.199325E+06	4.166768E+02	4.974176E+01	5.568179E+03
7.44	-1.199325E+06	4.143103E+02	4.855234E+01	5.568179E+03
7.445	-1.199326E+06	4.334965E+02	4.822081E+01	5.568179E+03
7.45	-1.199325E+06	4.294470E+02	4.938158E+01	5.568179E+03
7.455	-1.199326E+06	4.370867E+02	5.076347E+01	5.568179E+03
7.46	-1.199326E+06	4.353442E+02	5.273958E+01	5.568179E+03
7.465	-1.199325E+06	4.053871E+02	5.442133E+01	5.568179E+03
7.47	-1.199326E+06	4.203742E+02	5.515566E+01	5.568179E+03
7.475	-1.199326E+06	4.328579E+02	5.660591E+01	5.568179E+03
7.48	-1.199326E+06	4.220425E+02	5.752400E+01	5.568179E+03
7.485	-1.199325E+06	4.066027E+02	5.772977E+01	5.568179E+03
7.49	-1.199326E+06	4.128389E+02	5.767235E+01	5.568179E+03
7.495	-1.199326E+06	4.092576E+02	5.647647E+01	5.568179E+03
7.5	-1.199325E+06	3.871020E+02	5.486628E+01	5.568179E+03
7.505	-1.199326E+06	4.025255E+02	5.374215E+01	5.568179E+03
7.51	-1.199326E+06	3.995752E+02	5.339676E+01	5.568179E+03
7.515	-1.199326E+06	4.014955E+02	5.258796E+01	5.568179E+03
7.52	-1.199326E+06	4.092710E+02	5.179064E+01	5.568179E+03
7.525	-1.199326E+06	4.107643E+02	5.203841E+01	5.568179E+03
7.53	-1.199326E+06	4.132051E+02	5.252548E+01	5.568179E+03
7.535	-1.199326E+06	3.881654E+02	5.351902E+01	5.568179E+03
7.54	-1.199326E+06	3.931781E+02	5.413964E+01	5.568179E+03
7.545	-1.199326E+06	3.990201E+02	5.404526E+01	5.568179E+03
7.55	-1.199326E+06	3.756095E+02	5.475312E+01	5.568179E+03
7.555	-1.199326E+06	3.723189E+02	5.574566E+01	5.568179E+03
7.56	-1.199326E+06	3.865610E+02	5.651384E+01	5.568179E+03
7.565	-1.199326E+06	3.811871E+02	5.707361E+01	5.568179E+03
7.57	-1.199326E+06	3.945422E+02	5.600202E+01	5.568179E+03
7.575	-1.199326E+06	3.820557E+02	5.456780E+01	5.568179E+03
7.58	-1.199326E+06	3.736453E+02	5.339405E+01	5.568179E+03
7.585	-1.199326E+06	3.670159E+02	5.254699E+01	5.568179E+03
7.59	-1.199326E+06	3.553719E+02	5.259971E+01	5.568179E+03
7.595	-1.199327E+06	3.729295E+02	5.273501E+01	5.568179E+03
7.6	-1.199326E+06	3.665975E+02	5.260071E+01	5.568179E+03
7.605	-1.199326E+06	3.622844E+02	5.257268E+01	5.568179E+03
7.61	-1.199327E+06	3.830263E+02	5.254748E+01	5.568179E+03
7.615	-1.199326E+06	3.672270E+02	5.259047E+01	5.568179E+03
7.62	-1.199327E+06	3.573128E+02	5.289618E+01	5.568179E+03
7.625	-1.199326E+06	3.519150E+02	5.389499E+01	5.568179E+03
7.63	-1.199327E+06	3.573887E+02	5.512316E+01	5.568179E+03
7.635	-1.199327E+06	3.601943E+02	5.619364E+01	5.568179E+03
7.64	-1.199327E+06	3.607167E+02	5.695868E+01	5.568179E+03
7.645	-1.199327E+06	3.580577E+02	5.727697E+01	5.568179E+03
7.65	-1.199326E+06	3.346607E+02	5.723907E+01	5.568179E+03
7.655	-1.199327E+06	3.519690E+02	5.639259E+01	5.568179E+03
7.66	-1.199327E+06	3.530654E+02	5.526364E+01	5.568179E+03
7.665	-1.199327E+06	3.608756E+02	5.441203E+01	5.568179E+03
7.67	-1.199328E+06	3.747906E+02	5.386069E+01	5.568179E+03
7.675	-1.199326E+06	3.394086E+02	5.367737E+01	5.568179E+03
7.68	-1.199327E+06	3.562550E+02	5.353839E+01	5.568179E+03
7.685	-1.199327E+06	3.394767E+02	5.395253E+01	5.568179E+03
7.69	-1.199327E+06	3.322377E+02	5.422990E+01	5.568179E+03
7.695	-1.199327E+06	3.365994E+02	5.470084E+01	5.568179E+03
7.7	-1.199326E+06	3.159778E+02	5.521621E+01	5.568179E+03
7.705	-1.199327E+06	3.276371E+02	5.534938E+01	5.568179E+03
7.71	-1.199327E+06	3.380615E+02	5.546950E+01	5.568179E+03
7.715	-1.199327E+06	3.394438E+02	5.544959E+01	5.568179E+03
7.72	-1.199327E+06	3.426756E+02	5.524152E+01	5.568179E+03
7.725	-1.199328E+06	3.462028E+02	5.450475E+01	5.568179E+03
7.73	-1.199327E+06	3.099098E+02	5.371665E+01	5.568179E+03
7.735	-1.199327E+06	3.101790E+02	5.230271E+01	5.568179E+03
7.74	-1.199328E+06	3.234468E+02	5.023382E+01	5.568179E+03
7.745	-1.199327E+06	2.970440E+02	4.910269E+01	5.568179E+03
7.75	-1.199328E+06	3.155427E+02	4.883290E+01	5.568179E+03
7.755	-1.199327E+06	3.101458E+02	4.955337E+01	5.568179E+03
7.76	-1.199327E+06	3.155432E+02	5.069858E+01	5.568179E+03
7.765	-1.199328E+06	3.331373E+02	5.154808E+01	5.568179E+03
7.77	-1.199327E+06	3.131808E+02	5.266174E+01	5.568179E+03
7.775	-1.199327E+06	3.010691E+02	5.416677E+01	5.568179E+03
7.78	-1.199327E+06	3.148955E+02	5.529968E+01	5.568179E+03
7.785	-1.199328E+06	3.485108E+02	5.586357E+01	5.568179E+03
7.79	-1.199327E+06	3.210647E+02	5.590027E+01	5.568179E+03
7.795	-1.199328E+06	3.059937E+02	5.476819E+01	5.568179E+03
7.8	-1.199328E+06	3.008563E+02	5.385672E+01	5.568179E+03
7.805	-1.199327E+06	2.880142E+02	5.332724E+01	5.568179E+03
7.81	-1.199328E+06	3.159668E+02	5.301929E+01	5.568179E+03
7.815	-1.199327E+06	3.035901E+02	5.379208E+01	5.568179E+03
7.82	-1.199328E+06	3.108333E+02	5.372396E+01	5.568179E+03
7.825	-1.199328E+06	3.195983E+02	5.337164E+01	5.568179E+03
7.83	-1.199327E+06	2.911407E+02	5.385913E+01	5.568179E+03
7.835	-1.199328E+06	3.002417E+02	5.352992E+01	5.568179E+03
7.84	-1.199328E+06	2.861607E+02	5.349376E+01	5.568179E+03
7.845	-1.199328E+06	2.924247E+02	5.384375E+01	5.568179E+03
7.85	-1.199328E+06	2.915390E+02	5.361130E+01	5.568179E+03
7.855	-1.199328E+06	2.846522E+02	5.309510E+01	5.568179E+03
7.86	-1.199328E+06	2.915723E+02	5.291415E+01	5.568179E+03
7.865	-1.199328E+06	2.959943E+02	5.255596E+01	5.568179E+03
7.87	-1.199328E+06	2.888160E+02	5.222270E+01	5.568179E+03
7.875	-1.199327E+06	2.727621E+02	5.194438E+01	5.568179E+03
7.88	-1.199328E+06	2.892252E+02	5.088552E+01	5.568179E+03
7.885	-1.199328E+06	2.800280E+02	5.040749E+01	5.568179E+03
7.89	-1.199328E+06	2.649928E+02	5.074697E+01	5.568179E+03
7.895	-1.199328E+06	2.763099E+02	5.106228E+01	5.568179E+03
7.9	-1.199327E+06	2.652466E+02	5.180270E+01	5.568179E+03
7.905	-1.199328E+06	2.794413E+02	5.210184E+01	5.568179E+03
7.91	-1.199328E+06	2.852450E+02	5.231212E+01	5.568179E+03
7.915	-1.199328E+06	2.791798E+02	5.332435E+01	5.568179E+03
7.92	-1.199328E+06	2.866785E+02	5.406390E+01	5.568179E+03
7.925	-1.199328E+06	2.887022E+02	5.403594E+01	5.568179E+03
7.93	-1.199328E+06	2.733915E+02	5.408301E+01	5.568179E+03
7.935	-1.199328E+06	2.672745E+02	5.402404E+01	5.568179E+03
7.94	-1.199328E+06	2.601084E+02	5.422459E+01	5.568179E+03
7.945	-1.199328E+06	2.494474E+02	5.485785E+01	5.568179E+03
7.95	-1.199328E+06	2.683321E+02	5.480831E+01	5.568179E+03
7.955	-1.199329E+06	2.839833E+02	5.394020E+01	5.568179E+03
7.96	-1.199328E+06	2.712304E+02	5.271655E+01	5.568179E+03
7.965	-1.199328E+06	2.625612E+02	5.150171E+01	5.568179E+03
7.97	-1.199328E+06	2.602215E+02	5.099591E+01	5.568179E+03
7.975	-1.199328E+06	2.593588E+02	5.099283E+01	5.568179E+03
7.98	-1.199328E+06	2.485466E+02	5.113448E+01	5.568179E+03
7.985	-1.199328E+06	2.543319E+02	5.133009E+01	5.568179E+03
7.99	-1.199328E+06	2.585949E+02	5.162347E+01	5.568179E+03
7.995	-1.199328E+06	2.607192E+02	5.179427E+01	5.568179E+03
8.0	-1.199328E+06	2.616113E+02	5.202585E+01	5.568179E+03
8.005	-1.199328E+06	2.548864E+02	5.242835E+01	5.568179E+03
8.01	-1.199328E+06	2.603553E+02	5.256676E+01	5.568179E+03
8.015	-1.199328E+06	2.565221E+02	5.262017E+01	5.568179E+03
8.02	-1.199329E+06	2.530893E+02	5.265839E+01	5.568179E+03
8.025	-1.199328E+06	2.428707E+02	5.274597E+01	5.568179E+03
8.03	-1.199328E+06	2.380700E+02	5.300568E+01	5.568179E+03
8.035	-1.199329E+06	2.405288E+02	5.338929E+01	5.568179E+03
8.04	-1.199328E+06	2.380473E+02	5.339378E+01	5.568179E+03
8.045	-1.199329E+06	2.476464E+02	5.271243E+01	5.568179E+03
8.05	-1.199328E+06	2.343673E+02	5.212069E+01	5.568179E+03
8.055	-1.199329E+06	2.492589E+02	5.140213E+01	5.568179E+03
8.06	-1.199329E+06	2.530522E+02	5.069969E+01	5.568179E+03
8.065	-1.199328E+06	2.414700E+02	4.982779E+01	5.568179E+03
8.07	-1.199329E+06	2.451427E+02	4.856773E+01	5.568179E+03
8.075	-1.199328E+06	2.300648E+02	4.767311E+01	5.568179E+03
8.08	-1.199329E+06	2.283106E+02	4.753692E+01	5.568179E+03
8.085	-1.199329E+06	2.209858E+02	4.824320E+01	5.568179E+03
8.09	-1.199329E+06	2.230084E+02	4.933041E+01	5.568179E+03
8.095	-1.199329E+06	2.330749E+02	5.075651E+01	5.568179E+03
8.1	-1.199329E+06	2.362103E+02	5.212049E+01	5.568179E+03
8.105	-1.199329E+06	2.464517E+02	5.311681E+01	5.568179E+03
8.11	-1.199329E+06	2.318621E+02	5.406926E+01	5.568179E+03
8.115	-1.199329E+06	2.329946E+02	5.408138E+01	5.568179E+03
8.12	-1.199329E+06	2.225683E+02	5.370931E+01	5.568179E+03
8.125	-1.199329E+06	2.172665E+02	5.344124E+01	5.568179E+03
8.13	-1.199329E+06	2.392378E+02	5.282299E+01	5.568179E+03
8.135	-1.199329E+06	2.256952E+02	5.251029E+01	5.568179E+03
8.14	-1.199329E+06	2.263869E+02	5.206584E+01	5.568179E+03
8.145	-1.199329E+06	2.391699E+02	5.118184E+01	5.568179E+03
8.15	-1.199329E+06	2.216193E+02	5.030569E+01	5.568179E+03
8.155	-1.199329E+06	2.205019E+02	4.947451E+01	5.568179E+03
8.16	-1.199329E+06	2.195476E+02	4.936997E+01	5.568179E+03
8.165	-1.199329E+06	2.249779E+02	4.969866E+01	5.568179E+03
8.17	-1.199329E+06	2.368674E+02	5.004512E+01	5.568179E+03
8.175	-1.199329E+06	2.238459E+02	5.056715E+01	5.568179E+03
8.18	-1.199329E+06	2.177874E+02	5.088470E+01	5.568179E+03
8.185	-1.199329E+06	2.188952E+02	5.108926E+01	5.568179E+03
8.19	-1.199329E+06	2.116875E+02	5.123054E+01	5.568179E+03
8.195	-1.199329E+06	2.119203E+02	5.121667E+01	5.568179E+03
8.2	-1.199329E+06	2.056097E+02	5.134589E+01	5.568179E+03
8.205	-1.199329E+06	2.126661E+02	5.105225E+01	5.568179E+03
8.21	-1.199329E+06	2.080830E+02	5.056013E+01	5.568179E+03
8.215	-1.199329E+06	1.977287E+02	5.025341E+01	5.568179E+03
8.22	-1.199330E+06	2.094232E+02	4.996791E+01	5.568179E+03
8.225	-1.199329E+06	1.968869E+02	5.006565E+01	5.568179E+03
8.23	-1.199329E+06	2.016538E+02	5.003069E+01	5.568179E+03
8.235	-1.199329E+06	2.080711E+02	4.995358E+01	5.568179E+03
8.24	-1.199329E+06	2.003366E+02	5.018010E+01	5.568179E+03
8.245	-1.199330E+06	2.108226E+02	5.044376E+01	5.568179E+03
8.25	-1.199329E+06	1.976756E+02	5.056299E+01	5.568179E+03
8.255	-1.199329E+06	1.939045E+02	5.012669E+01	5.568179E+03
8.26	-1.199329E+06	1.998094E+02	4.951568E+01	5.568179E+03
8.265	-1.199329E+06	2.012148E+02	4.897902E+01	5.568179E+03
8.27	-1.199330E+06	2.079959E+02	4.879703E+01	5.568179E+03
8.275	-1.199329E+06	1.963614E+02	4.917934E+01	5.568179E+03
8.28	-1.199329E+06	2.024443E+02	4.942529E+01	5.568179E+03
8.285	-1.199329E+06	1.972153E+02	4.980785E+01	5.568179E+03
8.29	-1.199329E+06	1.869571E+02	5.011540E+01	5.568179E+03
8.295	-1.199330E+06	1.969233E+02	5.037475E+01	5.568179E+03
8.3	-1.199329E+06	1.904856E+02	5.108303E+01	5.568179E+03
8.305	-1.199330E+06	1.967596E+02	5.119631E+01	5.568179E+03
8.31	-1.199329E+06	1.907440E+02	5.100375E+01	5.568179E+03
8.315	-1.199329E+06	1.937986E+02	5.086949E+01	5.568179E+03
8.32	-1.199330E+06	2.001714E+02	5.077315E+01	5.568179E+03
8.325	-1.199329E+06	1.885678E+02	5.085771E+01	5.568179E+03
8.33	-1.199330E+06	1.973303E+02	5.055756E+01	5.568179E+03
8.335	-1.199329E+06	1.919721E+02	5.024229E+01	5.568179E+03
8.34	-1.199330E+06	1.913506E+02	4.990255E+01	5.568179E+03
8.345	-1.199330E+06	1.906639E+02	4.952904E+01	5.568179E+03
8.35	-1.199329E+06	1.802209E+02	4.952941E+01	5.568179E+03
8.355	-1.199330E+06	1.832432E+02	4.972293E+01	5.568179E+03
8.36	-1.199330E+06	1.937106E+02	4.998489E+01	5.568179E+03
8.365	-1.199330E+06	1.899807E+02	5.027015E+01	5.568179E+03
8.37	-1.199329E+06	1.784698E+02	5.033141E+01	5.568179E+03
8.375	-1.199330E+06	1.878475E+02	5.049750E+01	5.568179E+03
8.38	-1.199330E+06	1.883311E+02	5.098716E+01	5.568179E+03
8.385	-1.199330E+06	1.840188E+02	5.126891E+01	5.568179E+03
8.39	-1.199330E+06	1.850055E+02	5.165354E+01	5.568179E+03
8.395	-1.199330E+06	1.857192E+02	5.190139E+01	5.568179E+03
8.4	-1.199330E+06	1.776241E+02	5.174418E+01	5.568179E+03
8.405	-1.199329E+06	1.624936E+02	5.187836E+01	5.568179E+03
8.41	-1.199330E+06	1.708528E+02	5.183496E+01	5.568179E+03
8.415	-1.199330E+06	1.763435E+02	5.139368E+01	5.568179E+03
8.42	-1.199330E+06	1.773202E+02	5.094556E+01	5.568179E+03
8.425	-1.199330E+06	1.821650E+02	5.004917E+01	5.568179E+03
8.43	-1.199330E+06	1.794047E+02	4.907544E+01	5.568179E+03
8.435	-1.199330E+06	1.767806E+02	4.888401E+01	5.568179E+03
8.44	-1.199330E+06	1.716384E+02	4.891923E+01	5.568179E+03
8.445	-1.199330E+06	1.711786E+02	4.898729E+01	5.568179E+03
8.45	-1.199330E+06	1.641791E+02	4.941308E+01	5.568179E+03
8.455	-1.199330E+06	1.671722E+02	4.957536E+01	5.568179E+03
8.46	-1.199330E+06	1.737561E+02	4.994714E+01	5.568179E+03
8.465	-1.199330E+06	1.718924E+02	5.092966E+01	5.568179E+03
8.47	-1.199330E+06	1.808169E+02	5.174534E+01	5.568179E+03
8.475	-1.199330E+06	1.733609E+02	5.230063E+01	5.568179E+03
8.48	-1.199330E+06	1.622227E+02	5.243889E+01	5.568179E+03
8.485	-1.199330E+06	1.662135E+02	5.215764E+01	5.568179E+03
8.49	-1.199330E+06	1.638437E+02	5.206195E+01	5.568179E+03
8.495	-1.199330E+06	1.595439E+02	5.190233E+01	5.568179E+03
8.5	-1.199330E+06	1.595736E+02	5.136783E+01	5.568179E+03
8.505	-1.199330E+06	1.556324E+02	5.082480E+01	5.568179E+03
8.51	-1.199330E+06	1.555625E+02	5.030791E+01	5.568179E+03
8.515	-1.199330E+06	1.688847E+02	4.990075E+01	5.568179E+03
8.52	-1.199330E+06	1.675338E+02	5.004813E+01	5.568179E+03
8.525	-1.199330E+06	1.611602E+02	5.019870E+01	5.568179E+03
8.53	-1.199330E+06	1.654757E+02	5.018105E+01	5.568179E+03
8.535	-1.199330E+06	1.585829E+02	5.062066E+01	5.568179E+03
8.54	-1.199330E+06	1.695593E+02	5.100589E+01	5.568179E+03
8.545	-1.199331E+06	1.695098E+02	5.160509E+01	5.568179E+03
8.55	-1.199330E+06	1.501556E+02	5.236736E+01	5.568179E+03
8.555	-1.199330E+06	1.536943E+02	5.262420E+01	5.568179E+03
8.56	-1.199330E+06	1.573792E+02	5.303994E+01	5.568179E+03
8.565	-1.199330E+06	1.580141E+02	5.345106E+01	5.568179E+03
8.57	-1.199330E+06	1.649138E+02	5.341057E+01	5.568179E+03
8.575	-1.199330E+06	1.588827E+02	5.353716E+01	5.568179E+03
8.58	-1.199330E+06	1.526022E+02	5.342839E+01	5.568179E+03
8.585	-1.199330E+06	1.577811E+02	5.291168E+01	5.568179E+03
8.59	-1.199330E+06	1.532447E+02	5.264623E+01	5.568179E+03
8.595	-1.199330E+06	1.540316E+02	5.217851E+01	5.568179E+03
8.6	-1.199331E+06	1.615216E+02	5.169260E+01	5.568179E+03
8.605	-1.199330E+06	1.533175E+02	5.170053E+01	5.568179E+03
8.61	-1.199330E+06	1.530107E+02	5.161716E+01	5.568179E+03
8.615	-1.199331E+06	1.600411E+02	5.143960E+01	5.568179E+03
8.62	-1.199330E+06	1.442790E+02	5.134093E+01	5.568179E+03
8.625	-1.199330E+06	1.436753E+02	5.131057E+01	5.568179E+03
8.63	-1.199331E+06	1.598378E+02	5.199631E+01	5.568179E+03
8.635	-1.199330E+06	1.466080E+02	5.304414E+01	5.568179E+03
8.64	-1.199330E+06	1.424888E+02	5.357351E+01	5.568179E+03
8.645	-1.199331E+06	1.489156E+02	5.404263E+01	5.568179E+03
8.65	-1.199330E+06	1.452431E+02	5.430288E+01	5.568179E+03
8.655	-1.199331E+06	1.495490E+02	5.422230E+01	5.568179E+03
8.66	-1.199331E+06	1.465271E+02	5.433499E+01	5.568179E+03
8.665	-1.199331E+06	1.483851E+02	5.419058E+01	5.568179E+03
8.67	-1.199331E+06	1.573595E+02	5.374376E+01	5.568179E+03
8.675	-1.199330E+06	1.473327E+02	5.345431E+01	5.568179E+03
8.68	-1.199331E+06	1.497288E+02	5.312057E+01	5.568179E+03
8.685	-1.199331E+06	1.494192E+02	5.318041E+01	5.568179E+03
8.69	-1.199331E+06	1.477978E+02	5.350908E+01	5.568179E+03
8.695	-1.199331E+06	1.467520E+02	5.370777E+01	5.568179E+03
8.7	-1.199331E+06	1.420976E+02	5.391189E+01	5.568179E+03
8.705	-1.199331E+06	1.409874E+02	5.406619E+01	5.568179E+03
8.71	-1.199330E+06	1.388548E+02	5.418230E+01	5.568179E+03
8.715	-1.199331E+06	1.493497E+02	5.421059E+01	5.568179E+03
8.72	-1.199331E+06	1.460750E+02	5.391016E+01	5.568179E+03
8.725	-1.199331E+06	1.424523E+02	5.310167E+01	5.568179E+03
8.73	-1.199331E+06	1.359562E+02	5.242743E+01	5.568179E+03
8.735	-1.199330E+06	1.288140E+02	5.208138E+01	5.568179E+03
8.74	-1.199331E+06	1.404078E+02	5.196663E+01	5.568179E+03
8.745	-1.199331E+06	1.356021E+02	5.230976E+01	5.568179E+03
8.75	-1.199331E+06	1.347000E+02	5.261345E+01	5.568179E+03
8.755	-1.199331E+06	1.445167E+02	5.288939E+01	5.568179E+03
8.76	-1.199331E+06	1.443574E+02	5.324574E+01	5.568179E+03
8.765	-1.199331E+06	1.361992E+02	5.331456E+01	5.568179E+03
8.77	-1.199331E+06	1.297755E+02	5.329157E+01	5.568179E+03
8.775	-1.199331E+06	1.294222E+02	5.332421E+01	5.568179E+03
8.78	-1.199331E+06	1.284083E+02	5.324847E+01	5.568179E+03
8.785	-1.199331E+06	1.316473E+02	5.316566E+01	5.568179E+03
8.79	-1.199331E+06	1.317922E+02	5.311235E+01	5.568179E+03
8.795	-1.199331E+06	1.328647E+02	5.286208E+01	5.568179E+03
8.8	-1.199331E+06	1.273853E+02	5.263994E+01	5.568179E+03
8.805	-1.199331E+06	1.276303E+02	5.237332E+01	5.568179E+03
8.81	-1.199331E+06	1.337869E+02	5.209842E+01	5.568179E+03
8.815	-1.199331E+06	1.320494E+02	5.222163E+01	5.568179E+03
8.82	-1.199331E+06	1.459566E+02	5.232094E+01	5.568179E+03
8.825	-1.199331E+06	1.390391E+02	5.228547E+01	5.568179E+03
8.83	-1.199331E+06	1.280106E+02	5.229191E+01	5.568179E+03
8.835	-1.199331E+06	1.294197E+02	5.252099E+01	5.568179E+03
8.84	-1.199331E+06	1.293103E+02	5.297083E+01	5.568179E+03
8.845	-1.199331E+06	1.341527E+02	5.364213E+01	5.568179E+03
8.85	-1.199331E+06	1.380030E+02	5.444224E+01	5.568179E+03
8.855	-1.199331E+06	1.382509E+02	5.504640E+01	5.568179E+03
8.86	-1.199331E+06	1.292559E+02	5.550830E+01	5.568179E+03
8.865	-1.199331E+06	1.307473E+02	5.569320E+01	5.568179E+03
8.87	-1.199331E+06	1.348116E+02	5.568224E+01	5.568179E+03
8.875	-1.199331E+06	1.296659E+02	5.562791E+01	5.568179E+03
8.88	-1.199331E+06	1.271872E+02	5.530948E+01	5.568179E+03
8.885	-1.199331E+06	1.205666E+02	5.492294E+01	5.568179E+03
8.89	-1.199331E+06	1.301612E+02	5.449984E+01	5.568179E+03
8.895	-1.199331E+06	1.306899E+02	5.411667E+01	5.568179E+03
8.9	-1.199331E+06	1.202617E+02	5.386438E+01	5.568179E+03
8.905	-1.199331E+06	1.275272E+02	5.377974E+01	5.568179E+03
8.91	-1.199331E+06	1.314641E+02	5.394023E+01	5.568179E+03
8.915	-1.199331E+06	1.264851E+02	5.410706E+01	5.568179E+03
8.92	-1.199331E+06	1.301826E+02	5.403765E+01	5.568179E+03
8.925	-1.199331E+06	1.290687E+02	5.383558E+01	5.568179E+03
8.93	-1.199331E+06	1.176749E+02	5.367477E+01	5.568179E+03
8.935	-1.199331E+06	1.179929E+02	5.370671E+01	5.568179E+03
8.94	-1.199331E+06	1.154865E+02	5.416790E+01	5.568179E+03
8.945	-1.199331E+06	1.169636E+02	5.480364E+01	5.568179E+03
8.95	-1.199331E+06	1.223142E+02	5.528577E+01	5.568179E+03
8.955	-1.199331E+06	1.237808E+02	5.556367E+01	5.568179E+03
8.96	-1.199331E+06	1.210960E+02	5.576940E+01	5.568179E+03
8.965	-1.199331E+06	1.193608E+02	5.595820E+01	5.568179E+03
8.97	-1.199331E+06	1.230006E+02	5.606600E+01	5.568179E+03
8.975	-1.199331E+06	1.260179E+02	5.573076E+01	5.568179E+03
8.98	-1.199331E+06	1.244726E+02	5.505017E+01	5.568179E+03
8.985	-1.199331E+06	1.172367E+02	5.461235E+01	5.568179E+03
8.99	-1.199331E+06	1.178280E+02	5.432484E+01	5.568179E+03
8.995	-1.199332E+06	1.255166E+02	5.415906E+01	5.568179E+03
9.0	-1.199331E+06	1.189614E+02	5.429097E+01	5.568179E+03
9.005	-1.199332E+06	1.203586E+02	5.439028E+01	5.568179E+03
9.01	-1.199331E+06	1.148545E+02	5.485273E+01	5.568179E+03
9.015	-1.199331E+06	1.097807E+02	5.551262E+01	5.568179E+03
9.02	-1.199332E+06	1.209168E+02	5.585888E+01	5.568179E+03
9.025	-1.199331E+06	1.150713E+02	5.616847E+01	5.568179E+03
9.03	-1.199331E+06	1.146470E+02	5.628038E+01	5.568179E+03
9.035	-1.199332E+06	1.204830E+02	5.644930E+01	5.568179E+03
9.04	-1.199331E+06	1.198494E+02	5.676842E+01	5.568179E+03
9.045	-1.199332E+06	1.213098E+02	5.669780E+01	5.568179E+03
9.05	-1.199331E+06	1.136512E+02	5.631818E+01	5.568179E+03
9.055	-1.199331E+06	1.105656E+02	5.577856E+01	5.568179E+03
9.06	-1.199332E+06	1.143935E+02	5.532971E+01	5.568179E+03
9.065	-1.199331E+06	1.178993E+02	5.511995E+01	5.568179E+03
9.07	-1.199332E+06	1.225730E+02	5.483348E+01	5.568179E+03
9.075	-1.199331E+06	1.140260E+02	5.457425E+01	5.568179E+03
9.08	-1.199332E+06	1.131659E+02	5.429448E+01	5.568179E+03
9.085	-1.199331E+06	1.110613E+02	5.420694E+01	5.568179E+03
9.09	-1.199331E+06	1.141743E+02	5.436256E+01	5.568179E+03
9.095	-1.199332E+06	1.224486E+02	5.463825E+01	5.568179E+03
9.1	-1.199332E+06	1.163450E+02	5.504980E+01	5.568179E+03
9.105	-1.199332E+06	1.137350E+02	5.523753E+01	5.568179E+03
9.11	-1.199332E+06	1.083063E+02	5.531582E+01	5.568179E+03
9.115	-1.199331E+06	1.066392E+02	5.543126E+01	5.568179E+03
9.12	-1.199332E+06	1.133377E+02	5.529725E+01	5.568179E+03
9.125	-1.199332E+06	1.082298E+02	5.502204E+01	5.568179E+03
9.13	-1.199332E+06	1.103301E+02	5.455651E+01	5.568179E+03
9.135	-1.199332E+06	1.146807E+02	5.389144E+01	5.568179E+03
9.14	-1.199331E+06	1.123032E+02	5.334964E+01	5.568179E+03
9.145	-1.199332E+06	1.168826E+02	5.321466E+01	5.568179E+03
9.15	-1.199332E+06	1.166580E+02	5.351888E+01	5.568179E+03
9.155	-1.199332E+06	1.155478E+02	5.404040E+01	5.568179E+03
9.16	-1.199332E+06	1.107701E+02	5.467702E+01	5.568179E+03
9.165	-1.199331E+06	1.068318E+02	5.507863E+01	5.568179E+03
9.17	-1.199332E+06	1.107575E+02	5.526053E+01	5.568179E+03
9.175	-1.199331E+06	1.082056E+02	5.544285E+01	5.568179E+03
9.18	-1.199332E+06	1.124916E+02	5.530493E+01	5.568179E+03
9.185	-1.199332E+06	1.085830E+02	5.516169E+01	5.568179E+03
9.19	-1.199331E+06	1.072139E+02	5.487278E+01	5.568179E+03
9.195	-1.199332E+06	1.164098E+02	5.432902E+01	5.568179E+03
9.2	-1.199331E+06	1.055692E+02	5.408785E+01	5.568179E+03
9.205	-1.199332E+06	1.108839E+02	5.374397E+01	5.568179E+03
9.21	-1.199332E+06	1.116197E+02	5.348605E+01	5.568179E+03
9.215	-1.199331E+06	1.022547E+02	5.354678E+01	5.568179E+03
9.22	-1.199332E+06	1.143539E+02	5.364796E+01	5.568179E+03
9.225	-1.199332E+06	1.109781E+02	5.407919E+01	5.568179E+03
9.23	-1.199332E+06	1.044533E+02	5.467803E+01	5.568179E+03
9.235	-1.199332E+06	1.023953E+02	5.524049E+01	5.568179E+03
9.24	-1.199332E+06	1.030353E+02	5.565020E+01	5.568179E+03
9.245	-1.199332E+06	1.097628E+02	5.580942E+01	5.568179E+03
9.25	-1.199332E+06	1.134448E+02	5.561535E+01	5.568179E+03
9.255	-1.199332E+06	1.129791E+02	5.521184E+01	5.568179E+03
9.26	-1.199332E+06	1.016344E+02	5.499085E+01	5.568179E+03
9.265	-1.199332E+06	1.040576E+02	5.450952E+01	5.568179E+03
9.27	-1.199332E+06	1.060685E+02	5.401902E+01	5.568179E+03
9.275	-1.199331E+06	1.017074E+02	5.368308E+01	5.568179E+03
9.28	-1.199332E+06	1.125697E+02	5.304425E+01	5.568179E+03
9.285	-1.199332E+06	1.074731E+02	5.282898E+01	5.568179E+03
9.29	-1.199332E+06	1.023735E+02	5.289291E+01	5.568179E+03
9.295	-1.199332E+06	1.070069E+02	5.295604E+01	5.568179E+03
9.3	-1.199332E+06	9.869174E+01	5.357611E+01	5.568179E+03
9.305	-1.199332E+06	1.009863E+02	5.412383E+01	5.568179E+03
9.31	-1.199332E+06	1.014416E+02	5.468328E+01	5.568179E+03
9.315	-1.199332E+06	9.888768E+01	5.559272E+01	5.568179E+03
9.32	-1.199332E+06	1.085632E+02	5.610309E+01	5.568179E+03
9.325	-1.199332E+06	1.023197E+02	5.635641E+01	5.568179E+03
9.33	-1.199332E+06	9.746430E+01	5.639915E+01	5.568179E+03
9.335	-1.199332E+06	1.020918E+02	5.609107E+01	5.568179E+03
9.34	-1.199332E+06	1.055022E+02	5.589742E+01	5.568179E+03
9.345	-1.199332E+06	1.070803E+02	5.579923E+01	5.568179E+03
9.35	-1.199332E+06	1.080661E+02	5.550386E+01	5.568179E+03
9.355	-1.199332E+06	1.080258E+02	5.514226E+01	5.568179E+03
9.36	-1.199332E+06	1.008046E+02	5.470321E+01	5.568179E+03
9.365	-1.199332E+06	1.040335E+02	5.418499E+01	5.568179E+03
9.37	-1.199332E+06	1.056798E+02	5.405200E+01	5.568179E+03
9.375	-1.199332E+06	1.005827E+02	5.416691E+01	5.568179E+03
9.38	-1.199332E+06	1.085244E+02	5.417515E+01	5.568179E+03
9.385	-1.199332E+06	1.062397E+02	5.428904E+01	5.568179E+03
9.39	-1.199332E+06	1.010470E+02	5.439794E+01	5.568179E+03
9.395	-1.199332E+06	1.052783E+02	5.453500E+01	5.568179E+03
9.4	-1.199332E+06	9.879355E+01	5.489242E+01	5.568179E+03
9.405	-1.199332E+06	1.018561E+02	5.509076E+01	5.568179E+03
9.41	-1.199332E+06	1.054355E+02	5.523027E+01	5.568179E+03
9.415	-1.199332E+06	1.008564E+02	5.522432E+01	5.568179E+03
9.42	-1.199332E+06	1.027067E+02	5.498039E+01	5.568179E+03
9.425	-1.199332E+06	1.013719E+02	5.488753E+01	5.568179E+03
9.43	-1.199332E+06	1.065904E+02	5.461463E+01	5.568179E+03
9.435	-1.199332E+06	1.048478E+02	5.420051E+01	5.568179E+03
9.44	-1.199332E+06	9.854314E+01	5.379370E+01	5.568179E+03
9.445	-1.199332E+06	1.006502E+02	5.339418E+01	5.568179E+03
9.45	-1.199332E+06	9.671701E+01	5.342946E+01	5.568179E+03
9.455	-1.199332E+06	9.936923E+01	5.377878E+01	5.568179E+03
9.46	-1.199332E+06	9.929345E+01	5.424985E+01	5.568179E+03
9.465	-1.199332E+06	9.869353E+01	5.455134E+01	5.568179E+03
9.47	-1.199332E+06	1.002949E+02	5.458058E+01	5.568179E+03
9.475	-1.199332E+06	9.682384E+01	5.462835E+01	5.568179E+03
9.48	-1.199332E+06	1.064567E+02	5.455958E+01	5.568179E+03
9.485	-1.199332E+06	1.067758E+02	5.440936E+01	5.568179E+03
9.49	-1.199332E+06	1.001306E+02	5.408819E+01	5.568179E+03
9.495	-1.199332E+06	1.016069E+02	5.367691E+01	5.568179E+03
9.5	-1.199332E+06	1.001887E+02	5.364450E+01	5.568179E+03
9.505	-1.199332E+06	1.027182E+02	5.397127E+01	5.568179E+03
9.51	-1.199332E+06	1.004663E+02	5.455108E+01	5.568179E+03
9.515	-1.199332E+06	9.974130E+01	5.513771E+01	5.568179E+03
9.52	-1.199332E+06	1.033696E+02	5.547296E+01	5.568179E+03
9.525	-1.199332E+06	9.815796E+01	5.556303E+01	5.568179E+03
9.53	-1.199332E+06	9.927926E+01	5.549950E+01	5.568179E+03
9.535	-1.199332E+06	1.004422E+02	5.550494E+01	5.568179E+03
9.54	-1.199332E+06	1.056031E+02	5.532332E+01	5.568179E+03
9.545	-1.199332E+06	1.062865E+02	5.491656E+01	5.568179E+03
9.55	-1.199332E+06	9.735904E+01	5.436597E+01	5.568179E+03
9.555	-1.199332E+06	9.917042E+01	5.365327E+01	5.568179E+03
9.56	-1.199332E+06	9.443350E+01	5.309779E+01	5.568179E+03
9.565	-1.199332E+06	9.413126E+01	5.258361E+01	5.568179E+03
9.57	-1.199332E+06	9.871499E+01	5.231648E+01	5.568179E+03
9.575	-1.199332E+06	9.394230E+01	5.239488E+01	5.568179E+03
9.58	-1.199332E+06	9.779982E+01	5.242267E+01	5.568179E+03
9.585	-1.199332E+06	1.013530E+02	5.263051E+01	5.568179E+03
9.59	-1.199332E+06	1.035542E+02	5.296370E+01	5.568179E+03
9.595	-1.199332E+06	1.042023E+02	5.318306E+01	5.568179E+03
9.6	-1.199332E+06	9.336299E+01	5.328767E+01	5.568179E+03
9.605	-1.199332E+06	9.154643E+01	5.318203E+01	5.568179E+03
9.61	-1.199332E+06	9.644321E+01	5.333903E+01	5.568179E+03
9.615	-1.199332E+06	1.024390E+02	5.380856E+01	5.568179E+03
9.62	-1.199332E+06	9.866331E+01	5.425342E+01	5.568179E+03
9.625	-1.199332E+06	9.445645E+01	5.450542E+01	5.568179E+03
9.63	-1.199332E+06	1.001199E+02	5.440340E+01	5.568179E+03
9.635	-1.199332E+06	9.755276E+01	5.408483E+01	5.568179E+03
9.64	-1.199332E+06	9.534002E+01	5.364916E+01	5.568179E+03
9.645	-1.199332E+06	1.011283E+02	5.320825E+01	5.568179E+03
9.65	-1.199332E+06	1.047441E+02	5.283753E+01	5.568179E+03
9.655	-1.199332E+06	1.013455E+02	5.240802E+01	5.568179E+03
9.66	-1.199332E+06	1.002171E+02	5.195606E+01	5.568179E+03
9.665	-1.199332E+06	1.020319E+02	5.174907E+01	5.568179E+03
9.67	-1.199332E+06	9.791157E+01	5.195672E+01	5.568179E+03
9.675	-1.199332E+06	9.336508E+01	5.252502E+01	5.568179E+03
9.68	-1.199332E+06	9.775790E+01	5.314083E+01	5.568179E+03
9.685	-1.199332E+06	1.008437E+02	5.355957E+01	5.568179E+03
9.69	-1.199332E+06	1.003446E+02	5.386002E+01	5.568179E+03
9.695	-1.199332E+06	1.043111E+02	5.410526E+01	5.568179E+03
9.7	-1.199332E+06	1.019206E+02	5.421104E+01	5.568179E+03
9.705	-1.199332E+06	9.730474E+01	5.404619E+01	5.568179E+03
9.71	-1.199332E+06	9.650241E+01	5.357317E+01	5.568179E+03
9.715	-1.199332E+06	9.805170E+01	5.292306E+01	5.568179E+03
9.72	-1.199332E+06	1.001286E+02	5.227945E+01	5.568179E+03
9.725	-1.199332E+06	9.648642E+01	5.166138E+01	5.568179E+03
9.73	-1.199332E+06	9.267382E+01	5.112788E+01	5.568179E+03
9.735	-1.199332E+06	9.213508E+01	5.080820E+01	5.568179E+03
9.74	-1.199332E+06	9.731530E+01	5.056394E+01	5.568179E+03
9.745	-1.199332E+06	9.869674E+01	5.053235E+01	5.568179E+03
9.75	-1.199332E+06	9.284039E+01	5.096277E+01	5.568179E+03
9.755	-1.199332E+06	9.762962E+01	5.173183E+01	5.568179E+03
9.76	-1.199332E+06	1.015401E+02	5.274776E+01	5.568179E+03
9.765	-1.199332E+06	1.005138E+02	5.356345E+01	5.568179E+03
9.77	-1.199332E+06	1.034676E+02	5.373119E+01	5.568179E+03
9.775	-1.199332E+06	9.786931E+01	5.357433E+01	5.568179E+03
9.78	-1.199332E+06	9.745919E+01	5.319347E+01	5.568179E+03
9.785	-1.199332E+06	9.613484E+01	5.273747E+01	5.568179E+03
9.79	-1.199332E+06	9.311092E+01	5.242347E+01	5.568179E+03
9.795	-1.199332E+06	9.753746E+01	5.207651E+01	5.568179E+03
9.8	-1.199332E+06	9.890120E+01	5.171655E+01	5.568179E+03
9.805	-1.199332E+06	1.006869E+02	5.163537E+01	5.568179E+03
9.81	-1.199332E+06	1.005822E+02	5.188659E+01	5.568179E+03
9.815	-1.199332E+06	9.906324E+01	5.227301E+01	5.568179E+03
9.82	-1.199332E+06	9.849194E+01	5.268827E+01	5.568179E+03
9.825	-1.199332E+06	1.009652E+02	5.288193E+01	5.568179E+03
9.83	-1.199332E+06	1.025024E+02	5.282894E+01	5.568179E+03
9.835	-1.199332E+06	8.901337E+01	5.284354E+01	5.568179E+03
9.84	-1.199332E+06	9.039551E+01	5.275766E+01	5.568179E+03
9.845	-1.199332E+06	9.817066E+01	5.268139E+01	5.568179E+03
9.85	-1.199332E+06	9.744324E+01	5.259391E+01	5.568179E+03
9.855	-1.199332E+06	1.025234E+02	5.234391E+01	5.568179E+03
9.86	-1.199332E+06	9.846743E+01	5.241062E+01	5.568179E+03
9.865	-1.199332E+06	1.005097E+02	5.261054E+01	5.568179E+03
9.87	-1.199332E+06	1.005119E+02	5.280055E+01	5.568179E+03
9.875	-1.199332E+06	9.663476E+01	5.299268E+01	5.568179E+03
9.88	-1.199332E+06	9.787484E+01	5.298147E+01	5.568179E+03
9.885	-1.199332E+06	9.645427E+01	5.292019E+01	5.568179E+03
9.89	-1.199332E+06	9.511753E+01	5.298736E+01	5.568179E+03
9.895	-1.199332E+06	9.459763E+01	5.312680E+01	5.568179E+03
9.9	-1.199332E+06	9.923159E+01	5.317324E+01	5.568179E+03
9.905	-1.199332E+06	9.871075E+01	5.305450E+01	5.568179E+03
9.91	-1.199332E+06	1.008063E+02	5.268681E+01	5.568179E+03
9.915	-1.199332E+06	1.033641E+02	5.240388E+01	5.568179E+03
9.92	-1.199332E+06	9.802110E+01	5.241602E+01	5.568179E+03
9.925	-1.199332E+06	1.015668E+02	5.234731E+01	5.568179E+03
9.93	-1.199332E+06	9.949231E+01	5.218541E+01	5.568179E+03
9.935	-1.199332E+06	9.715441E+01	5.182765E+01	5.568179E+03
9.94	-1.199332E+06	9.846331E+01	5.148180E+01	5.568179E+03
9.945	-1.199332E+06	9.607811E+01	5.158078E+01	5.568179E+03
9.95	-1.199332E+06	9.360717E+01	5.187808E+01	5.568179E+03
9.955	-1.199332E+06	9.554919E+01	5.219408E+01	5.568179E+03
9.96	-1.199332E+06	9.693324E+01	5.252695E+01	5.568179E+03
9.965	-1.199332E+06	9.927775E+01	5.261939E+01	5.568179E+03
9.97	-1.199332E+06	9.999284E+01	5.288002E+01	5.568179E+03
9.975	-1.199332E+06	9.795452E+01	5.348131E+01	5.568179E+03
9.98	-1.199332E+06	1.042426E+02	5.378052E+01	5.568179E+03
9.985	-1.199332E+06	9.917227E+01	5.376525E+01	5.568179E+03
9.99	-1.199332E+06	9.776127E+01	5.327170E+01	5.568179E+03
9.995	-1.199332E+06	1.071799E+02	5.235479E+01	5.568179E+03
10.0	-1.199332E+06	9.996557E+01	5.163812E+01	5.568179E+03
10.005	-1.199332E+06	9.803728E+01	5.097265E+01	5.568179E+03
10.01	-1.199332E+06	9.617615E+01	5.046933E+01	5.568179E+03
10.015	-1.199332E+06	9.062249E+01	5.037577E+01	5.568179E+03
10.02	-1.199332E+06	9.717367E+01	5.044224E+01	5.568179E+03
10.025	-1.199332E+06	9.844577E+01	5.076498E+01	5.568179E+03
10.03	-1.199332E+06	1.002852E+02	5.127084E+01	5.568179E+03
10.035	-1.199332E+06	1.028780E+02	5.166918E+01	5.568179E+03
10.04	-1.199332E+06	1.053660E+02	5.185478E+01	5.568179E+03
10.045	-1.199332E+06	1.004763E+02	5.201350E+01	5.568179E+03
10.05	-1.199332E+06	1.013217E+02	5.198925E+01	5.568179E+03
10.055	-1.199332E+06	1.025436E+02	5.199907E+01	5.568179E+03
10.06	-1.199332E+06	9.723002E+01	5.226078E+01	5.568179E+03
10.065	-1.199332E+06	1.042010E+02	5.248553E+01	5.568179E+03
10.07	-1.199332E+06	1.017456E+02	5.286584E+01	5.568179E+03
10.075	-1.199332E+06	1.013984E+02	5.298239E+01	5.568179E+03
10.08	-1.199332E+06	1.062424E+02	5.264155E+01	5.568179E+03
10.085	-1.199332E+06	9.539358E+01	5.232183E+01	5.568179E+03
10.09	-1.199332E+06	9.981582E+01	5.178259E+01	5.568179E+03
10.095	-1.199332E+06	1.047043E+02	5.132702E+01	5.568179E+03
10.1	-1.199332E+06	1.027349E+02	5.110691E+01	5.568179E+03
10.105	-1.199332E+06	1.067253E+02	5.071144E+01	5.568179E+03
10.11	-1.199332E+06	1.020597E+02	5.033864E+01	5.568179E+03
10.115	-1.199332E+06	9.541986E+01	5.018443E+01	5.568179E+03
10.12	-1.199332E+06	9.544233E+01	5.030253E+01	5.568179E+03
10.125	-1.199332E+06	9.921393E+01	5.061457E+01	5.568179E+03
10.13	-1.199332E+06	1.001515E+02	5.086185E+01	5.568179E+03
10.135	-1.199332E+06	1.040181E+02	5.109880E+01	5.568179E+03
10.14	-1.199332E+06	1.104205E+02	5.156621E+01	5.568179E+03
10.145	-1.199332E+06	1.050837E+02	5.210596E+01	5.568179E+03
10.15	-1.199332E+06	1.058339E+02	5.226568E+01	5.568179E+03
10.155	-1.199332E+06	1.047616E+02	5.213841E+01	5.568179E+03
10.16	-1.199332E+06	9.656924E+01	5.189990E+01	5.568179E+03
10.165	-1.199332E+06	9.945035E+01	5.172809E+01	5.568179E+03
10.17	-1.199332E+06	1.020138E+02	5.187079E+01	5.568179E+03
10.175	-1.199332E+06	1.052509E+02	5.192503E+01	5.568179E+03
10.18	-1.199332E+06	1.053087E+02	5.172388E+01	5.568179E+03
10.185	-1.199332E+06	9.808454E+01	5.145792E+01	5.568179E+03
10.19	-1.199332E+06	1.005249E+02	5.120271E+01	5.568179E+03
10.195	-1.199332E+06	1.063185E+02	5.112596E+01	5.568179E+03
10.2	-1.199332E+06	1.079795E+02	5.101761E+01	5.568179E+03
10.205	-1.199332E+06	1.062541E+02	5.063995E+01	5.568179E+03
10.21	-1.199332E+06	9.884771E+01	5.024876E+01	5.568179E+03
10.215	-1.199332E+06	1.024803E+02	5.020645E+01	5.568179E+03
10.22	-1.199332E+06	1.077928E+02	5.069538E+01	5.568179E+03
10.225	-1.199332E+06	1.085410E+02	5.136803E+01	5.568179E+03
10.23	-1.199332E+06	1.093633E+02	5.202901E+01	5.568179E+03
10.235	-1.199332E+06	1.044814E+02	5.264386E+01	5.568179E+03
10.24	-1.199332E+06	1.040200E+02	5.293821E+01	5.568179E+03
10.245	-1.199332E+06	1.039364E+02	5.302437E+01	5.568179E+03
10.25	-1.199332E+06	1.055228E+02	5.300291E+01	5.568179E+03
10.255	-1.199332E+06	1.104408E+02	5.283425E+01	5.568179E+03
10.26	-1.199332E+06	1.055796E+02	5.257806E+01	5.568179E+03
10.265	-1.199332E+06	1.043642E+02	5.209984E+01	5.568179E+03
10.27	-1.199332E+06	1.046431E+02	5.169221E+01	5.568179E+03
10.275	-1.199332E+06	1.043164E+02	5.150117E+01	5.568179E+03
10.28	-1.199332E+06	1.069551E+02	5.134896E+01	5.568179E+03
10.285	-1.199332E+06	1.070706E+02	5.134305E+01	5.568179E+03
10.29	-1.199332E+06	1.055555E+02	5.141911E+01	5.568179E+03
10.295	-1.199332E+06	1.045009E+02	5.152083E+01	5.568179E+03
10.3	-1.199332E+06	1.066802E+02	5.167441E+01	5.568179E+03
10.305	-1.199332E+06	1.101518E+02	5.185186E+01	5.568179E+03
10.31	-1.199332E+06	1.147658E+02	5.208139E+01	5.568179E+03
10.315	-1.199332E+06	1.100727E+02	5.219872E+01	5.568179E+03
10.32	-1.199331E+06	1.059163E+02	5.213111E+01	5.568179E+03
10.325	-1.199331E+06	1.101880E+02	5.218669E+01	5.568179E+03
10.33	-1.199332E+06	1.123625E+02	5.241284E+01	5.568179E+03
10.335	-1.199331E+06	1.102870E+02	5.276490E+01	5.568179E+03
10.34	-1.199331E+06	1.098617E+02	5.305013E+01	5.568179E+03
10.345	-1.199332E+06	1.095507E+02	5.309668E+01	5.568179E+03
10.35	-1.199331E+06	1.021734E+02	5.316103E+01	5.568179E+03
10.355	-1.199331E+06	1.041856E+02	5.327258E+01	5.568179E+03
10.36	-1.199331E+06	1.071588E+02	5.356263E+01	5.568179E+03
10.365	-1.199331E+06	1.109114E+02	5.395577E+01	5.568179E+03
10.37	-1.199332E+06	1.245349E+02	5.397439E+01	5.568179E+03
10.375	-1.199331E+06	1.173909E+02	5.370288E+01	5.568179E+03
10.38	-1.199331E+06	1.154656E+02	5.305901E+01	5.568179E+03
10.385	-1.199332E+06	1.127831E+02	5.245861E+01	5.568179E+03
10.39	-1.199331E+06	1.103191E+02	5.199408E+01	5.568179E+03
10.395	-1.199332E+06	1.156709E+02	5.143890E+01	5.568179E+03
10.4	-1.199331E+06	1.076301E+02	5.132331E+01	5.568179E+03
10.405	-1.199331E+06	1.092925E+02	5.155529E+01	5.568179E+03
10.41	-1.199331E+06	1.120355E+02	5.207637E+01	5.568179E+03
10.415	-1.199331E+06	1.133923E+02	5.284578E+01	5.568179E+03
10.42	-1.199331E+06	1.184983E+02	5.343582E+01	5.568179E+03
10.425	-1.199331E+06	1.121649E+02	5.394719E+01	5.568179E+03
10.43	-1.199331E+06	1.132662E+02	5.429039E+01	5.568179E+03
10.435	-1.199331E+06	1.189704E+02	5.435920E+01	5.568179E+03
10.44	-1.199331E+06	1.173989E+02	5.417660E+01	5.568179E+03
10.445	-1.199331E+06	1.162307E+02	5.356852E+01	5.568179E+03
10.45	-1.199331E+06	1.086401E+02	5.289082E+01	5.568179E+03
10.455	-1.199331E+06	1.030185E+02	5.228679E+01	5.568179E+03
10.46	-1.199331E+06	1.068942E+02	5.187563E+01	5.568179E+03
10.465	-1.199331E+06	1.105937E+02	5.202878E+01	5.568179E+03
10.47	-1.199331E+06	1.153792E+02	5.236556E+01	5.568179E+03
10.475	-1.199331E+06	1.128416E+02	5.277693E+01	5.568179E+03
10.48	-1.199331E+06	1.127201E+02	5.338735E+01	5.568179E+03
10.485	-1.199331E+06	1.181387E+02	5.378560E+01	5.568179E+03
10.49	-1.199331E+06	1.123877E+02	5.392472E+01	5.568179E+03
10.495	-1.199331E+06	1.124216E+02	5.403761E+01	5.568179E+03
10.5	-1.199331E+06	1.112018E+02	5.413210E+01	5.568179E+03
10.505	-1.199331E+06	1.117489E+02	5.400982E+01	5.568179E+03
10.51	-1.199331E+06	1.121569E+02	5.386961E+01	5.568179E+03
10.515	-1.199331E+06	1.132949E+02	5.374438E+01	5.568179E+03
10.52	-1.199332E+06	1.257288E+02	5.373539E+01	5.568179E+03
10.525	-1.199331E+06	1.189311E+02	5.421375E+01	5.568179E+03
10.53	-1.199331E+06	1.181495E+02	5.464526E+01	5.568179E+03
10.535	-1.199332E+06	1.235074E+02	5.499476E+01	5.568179E+03
10.54	-1.199331E+06	1.172431E+02	5.526997E+01	5.568179E+03
10.545	-1.199331E+06	1.234930E+02	5.502271E+01	5.568179E+03
10.55	-1.199331E+06	1.202057E+02	5.482885E+01	5.568179E+03
10.555	-1.199331E+06	1.219442E+02	5.476402E+01	5.568179E+03
10.56	-1.199332E+06	1.351121E+02	5.439444E+01	5.568179E+03
10.565	-1.199331E+06	1.230387E+02	5.390874E+01	5.568179E+03
10.57	-1.199331E+06	1.163824E+02	5.338637E+01	5.568179E+03
10.575	-1.199331E+06	1.206278E+02	5.327835E+01	5.568179E+03
10.58	-1.199331E+06	1.179069E+02	5.367979E+01	5.568179E+03
10.585	-1.199331E+06	1.243826E+02	5.401642E+01	5.568179E+03
10.59	-1.199331E+06	1.337402E+02	5.426141E+01	5.568179E+03
10.595	-1.199331E+06	1.285386E+02	5.445872E+01	5.568179E+03
10.6	-1.199331E+06	1.230160E+02	5.446023E+01	5.568179E+03
10.605	-1.199331E+06	1.183862E+02	5.456509E+01	5.568179E+03
10.61	-1.199331E+06	1.178100E+02	5.476558E+01	5.568179E+03
10.615	-1.199331E+06	1.266761E+02	5.481858E+01	5.568179E+03
10.62	-1.199331E+06	1.307457E+02	5.482944E+01	5.568179E+03
10.625	-1.199331E+06	1.233156E+02	5.471986E+01	5.568179E+03
10.63	-1.199331E+06	1.223098E+02	5.436720E+01	5.568179E+03
10.635	-1.199331E+06	1.235733E+02	5.421591E+01	5.568179E+03
10.64	-1.199331E+06	1.174484E+02	5.425704E+01	5.568179E+03
10.645	-1.199331E+06	1.276873E+02	5.403126E+01	5.568179E+03
10.65	-1.199331E+06	1.316536E+02	5.375783E+01	5.568179E+03
10.655	-1.199331E+06	1.205041E+02	5.341734E+01	5.568179E+03
10.66	-1.199331E+06	1.274726E+02	5.297408E+01	5.568179E+03
10.665	-1.199331E+06	1.275309E+02	5.289181E+01	5.568179E+03
10.67	-1.199331E+06	1.285827E+02	5.287803E+01	5.568179E+03
10.675	-1.199331E+06	1.347559E+02	5.293301E+01	5.568179E+03
10.68	-1.199331E+06	1.287042E+02	5.334895E+01	5.568179E+03
10.685	-1.199331E+06	1.341578E+02	5.386242E+01	5.568179E+03
10.69	-1.199331E+06	1.335856E+02	5.448773E+01	5.568179E+03
10.695	-1.199331E+06	1.310471E+02	5.497648E+01	5.568179E+03
10.7	-1.199331E+06	1.293147E+02	5.512421E+01	5.568179E+03
10.705	-1.199331E+06	1.245231E+02	5.508847E+01	5.568179E+03
10.71	-1.199331E+06	1.318825E+02	5.507801E+01	5.568179E+03
10.715	-1.199331E+06	1.355375E+02	5.509460E+01	5.568179E+03
10.72	-1.199331E+06	1.289476E+02	5.484835E+01	5.568179E+03
10.725	-1.199331E+06	1.222774E+02	5.450821E+01	5.568179E+03
10.73	-1.199331E+06	1.256299E+02	5.428015E+01	5.568179E+03
10.735	-1.199331E+06	1.348843E+02	5.407194E+01	5.568179E+03
10.74	-1.199331E+06	1.344697E+02	5.400726E+01	5.568179E+03
10.745	-1.199331E+06	1.326888E+02	5.387618E+01	5.568179E+03
10.75	-1.199331E+06	1.299515E+02	5.363022E+01	5.568179E+03
10.755	-1.199331E+06	1.316126E+02	5.344598E+01	5.568179E+03
10.76	-1.199331E+06	1.378871E+02	5.334518E+01	5.568179E+03
10.765	-1.199331E+06	1.345268E+02	5.354187E+01	5.568179E+03
10.77	-1.199331E+06	1.346113E+02	5.396467E+01	5.568179E+03
10.775	-1.199331E+06	1.359426E+02	5.442092E+01	5.568179E+03
10.78	-1.199331E+06	1.375676E+02	5.470061E+01	5.568179E+03
10.785	-1.199331E+06	1.365047E+02	5.471430E+01	5.568179E+03
10.79	-1.199331E+06	1.404400E+02	5.456219E+01	5.568179E+03
10.795	-1.199331E+06	1.371702E+02	5.458917E+01	5.568179E+03
10.8	-1.199331E+06	1.364055E+02	5.465581E+01	5.568179E+03
10.805	-1.199331E+06	1.401879E+02	5.461670E+01	5.568179E+03
10.81	-1.199331E+06	1.384412E+02	5.460394E+01	5.568179E+03
10.815	-1.199331E+06	1.395671E+02	5.466224E+01	5.568179E+03
10.82	-1.199331E+06	1.389830E+02	5.484447E+01	5.568179E+03
10.825	-1.199331E+06	1.435953E+02	5.508098E+01	5.568179E+03
10.83	-1.199331E+06	1.391625E+02	5.531144E+01	5.568179E+03
10.835	-1.199331E+06	1.332427E+02	5.531082E+01	5.568179E+03
10.84	-1.199331E+06	1.415356E+02	5.523063E+01	5.568179E+03
10.845	-1.199331E+06	1.454353E+02	5.522984E+01	5.568179E+03
10.85	-1.199331E+06	1.502156E+02	5.514409E+01	5.568179E+03
10.855	-1.199331E+06	1.414832E+02	5.535810E+01	5.568179E+03
10.86	-1.199331E+06	1.407972E+02	5.563113E+01	5.568179E+03
10.865	-1.199331E+06	1.499544E+02	5.572309E+01	5.568179E+03
10.87	-1.199331E+06	1.480844E+02	5.567975E+01	5.568179E+03
10.875	-1.199331E+06	1.501473E+02	5.538065E+01	5.568179E+03
10.88	-1.199331E+06	1.418267E+02	5.524511E+01	5.568179E+03
10.885	-1.199331E+06	1.397291E+02	5.533711E+01	5.568179E+03
10.89	-1.199331E+06	1.456557E+02	5.545486E+01	5.568179E+03
10.895	-1.199331E+06	1.430638E+02	5.551489E+01	5.568179E+03
10.9	-1.199331E+06	1.527601E+02	5.548387E+01	5.568179E+03
10.905	-1.199331E+06	1.496973E+02	5.577478E+01	5.568179E+03
10.91	-1.199331E+06	1.504538E+02	5.610204E+01	5.568179E+03
10.915	-1.199331E+06	1.555653E+02	5.633949E+01	5.568179E+03
10.92	-1.199330E+06	1.501844E+02	5.636495E+01	5.568179E+03
10.925	-1.199331E+06	1.587168E+02	5.607656E+01	5.568179E+03
10.93	-1.199331E+06	1.518064E+02	5.613824E+01	5.568179E+03
10.935	-1.199331E+06	1.543740E+02	5.591565E+01	5.568179E+03
10.94	-1.199331E+06	1.493328E+02	5.564952E+01	5.568179E+03
10.945	-1.199330E+06	1.380054E+02	5.558125E+01	5.568179E+03
10.95	-1.199331E+06	1.432420E+02	5.523917E+01	5.568179E+03
10.955	-1.199330E+06	1.509000E+02	5.513340E+01	5.568179E+03
10.96	-1.199331E+06	1.630893E+02	5.515828E+01	5.568179E+03
10.965	-1.199331E+06	1.604963E+02	5.511276E+01	5.568179E+03
10.97	-1.199330E+06	1.583650E+02	5.516235E+01	5.568179E+03
10.975	-1.199331E+06	1.690620E+02	5.518493E+01	5.568179E+03
10.98	-1.199330E+06	1.564013E+02	5.511216E+01	5.568179E+03
10.985	-1.199330E+06	1.462901E+02	5.489532E+01	5.568179E+03
10.99	-1.199331E+06	1.544676E+02	5.490127E+01	5.568179E+03
10.995	-1.199330E+06	1.518510E+02	5.527666E+01	5.568179E+03
11.0	-1.199330E+06	1.560542E+02	5.569451E+01	5.568179E+03
11.005	-1.199330E+06	1.564233E+02	5.619699E+01	5.568179E+03
11.01	-1.199330E+06	1.601952E+02	5.649472E+01	5.568179E+03
11.015	-1.199330E+06	1.615160E+02	5.676495E+01	5.568179E+03
11.02	-1.199330E+06	1.568415E+02	5.681646E+01	5.568179E+03
11.025	-1.199330E+06	1.603696E+02	5.627574E+01	5.568179E+03
11.03	-1.199330E+06	1.516202E+02	5.571981E+01	5.568179E+03
11.035	-1.199330E+06	1.581262E+02	5.516152E+01	5.568179E+03
11.04	-1.199331E+06	1.682394E+02	5.463913E+01	5.568179E+03
11.045	-1.199330E+06	1.619840E+02	5.426257E+01	5.568179E+03
11.05	-1.199330E+06	1.652815E+02	5.374592E+01	5.568179E+03
11.055	-1.199330E+06	1.580486E+02	5.345728E+01	5.568179E+03
11.06	-1.199330E+06	1.640890E+02	5.354164E+01	5.568179E+03
11.065	-1.199330E+06	1.711301E+02	5.415040E+01	5.568179E+03
11.07	-1.199330E+06	1.656826E+02	5.523579E+01	5.568179E+03
11.075	-1.199330E+06	1.670053E+02	5.631409E+01	5.568179E+03
11.08	-1.199330E+06	1.673569E+02	5.684768E+01	5.568179E+03
11.085	-1.199330E+06	1.722718E+02	5.683822E+01	5.568179E+03
11.09	-1.199330E+06	1.716646E+02	5.679053E+01	5.568179E+03
11.095	-1.199330E+06	1.793663E+02	5.627174E+01	5.568179E+03
11.1	-1.199330E+06	1.738956E+02	5.548829E+01	5.568179E+03
11.105	-1.199330E+06	1.647959E+02	5.476238E+01	5.568179E+03
11.11	-1.199330E+06	1.741304E+02	5.406486E+01	5.568179E+03
11.115	-1.199330E+06	1.780203E+02	5.376191E+01	5.568179E+03
11.12	-1.199330E+06	1.797133E+02	5.378150E+01	5.568179E+03
11.125	-1.199330E+06	1.841420E+02	5.391513E+01	5.568179E+03
11.13	-1.199330E+06	1.753167E+02	5.444220E+01	5.568179E+03
11.135	-1.199330E+06	1.765076E+02	5.499126E+01	5.568179E+03
11.14	-1.199330E+06	1.846906E+02	5.517726E+01	5.568179E+03
11.145	-1.199330E+06	1.699761E+02	5.537924E+01	5.568179E+03
11.15	-1.199330E+06	1.721806E+02	5.545671E+01	5.568179E+03
11.155	-1.199330E+06	1.903949E+02	5.537505E+01	5.568179E+03
11.16	-1.199330E+06	1.765571E+02	5.547094E+01	5.568179E+03
11.165	-1.199330E+06	1.790396E+02	5.519677E+01	5.568179E+03
11.17	-1.199330E+06	1.912583E+02	5.464639E+01	5.568179E+03
11.175	-1.199330E+06	1.860068E+02	5.410420E+01	5.568179E+03
11.18	-1.199330E+06	1.773267E+02	5.356268E+01	5.568179E+03
11.185	-1.199330E+06	1.712090E+02	5.331558E+01	5.568179E+03
11.19	-1.199330E+06	1.779694E+02	5.324192E+01	5.568179E+03
11.195	-1.199330E+06	1.911400E+02	5.299978E+01	5.568179E+03
11.2	-1.199330E+06	1.911326E+02	5.305265E+01	5.568179E+03
11.205	-1.199330E+06	1.831028E+02	5.378537E+01	5.568179E+03
11.21	-1.199330E+06	1.932562E+02	5.442574E+01	5.568179E+03
11.215	-1.199330E+06	1.959315E+02	5.479128E+01	5.568179E+03
11.22	-1.199329E+06	1.852941E+02	5.512391E+01	5.568179E+03
11.225	-1.199330E+06	1.968750E+02	5.511396E+01	5.568179E+03
11.23	-1.199330E+06	1.923500E+02	5.511921E+01	5.568179E+03
11.235	-1.199329E+06	1.892563E+02	5.506045E+01	5.568179E+03
11.24	-1.199330E+06	2.005768E+02	5.488790E+01	5.568179E+03
11.245	-1.199329E+06	1.946291E+02	5.472163E+01	5.568179E+03
11.25	-1.199330E+06	1.940841E+02	5.419053E+01	5.568179E+03
11.255	-1.199329E+06	1.922791E+02	5.355069E+01	5.568179E+03
11.26	-1.199329E+06	1.884302E+02	5.280488E+01	5.568179E+03
11.265	-1.199329E+06	1.875706E+02	5.220544E+01	5.568179E+03
11.27	-1.199329E+06	1.915158E+02	5.214995E+01	5.568179E+03
11.275	-1.199329E+06	1.912447E+02	5.257240E+01	5.568179E+03
11.28	-1.199329E+06	1.862943E+02	5.335767E+01	5.568179E+03
11.285	-1.199330E+06	1.947330E+02	5.415017E+01	5.568179E+03
11.29	-1.199329E+06	1.931879E+02	5.493467E+01	5.568179E+03
11.295	-1.199329E+06	1.964161E+02	5.542320E+01	5.568179E+03
11.3	-1.199329E+06	2.058334E+02	5.567301E+01	5.568179E+03
11.305	-1.199329E+06	2.152703E+02	5.587481E+01	5.568179E+03
11.31	-1.199329E+06	2.226581E+02	5.561963E+01	5.568179E+03
11.315	-1.199329E+06	2.061795E+02	5.516329E+01	5.568179E+03
11.32	-1.199329E+06	1.988832E+02	5.465630E+01	5.568179E+03
11.325	-1.199329E+06	2.036991E+02	5.407392E+01	5.568179E+03
11.33	-1.199329E+06	2.046380E+02	5.369203E+01	5.568179E+03
11.335	-1.199329E+06	2.099701E+02	5.345589E+01	5.568179E+03
11.34	-1.199329E+06	2.147291E+02	5.340803E+01	5.568179E+03
11.345	-1.199329E+06	2.159864E+02	5.373316E+01	5.568179E+03
11.35	-1.199329E+06	2.138028E+02	5.421505E+01	5.568179E+03
11.355	-1.199329E+06	2.174252E+02	5.447166E+01	5.568179E+03
11.36	-1.199329E+06	2.193971E+02	5.459306E+01	5.568179E+03
11.365	-1.199329E+06	2.102492E+02	5.476025E+01	5.568179E+03
11.37	-1.199329E+06	2.164470E+02	5.474452E+01	5.568179E+03
11.375	-1.199329E+06	2.154216E+02	5.479279E+01	5.568179E+03
11.38	-1.199329E+06	2.125336E+02	5.484359E+01	5.568179E+03
11.385	-1.199329E+06	2.314508E+02	5.440761E+01	5.568179E+03
11.39	-1.199329E+06	2.333003E+02	5.350849E+01	5.568179E+03
11.395	-1.199329E+06	2.087202E+02	5.241993E+01	5.568179E+03
11.4	-1.199329E+06	2.055889E+02	5.165336E+01	5.568179E+03
11.405	-1.199329E+06	2.195361E+02	5.156206E+01	5.568179E+03
11.41	-1.199329E+06	2.286575E+02	5.152554E+01	5.568179E+03
11.415	-1.199329E+06	2.319161E+02	5.129106E+01	5.568179E+03
11.42	-1.199329E+06	2.343898E+02	5.118859E+01	5.568179E+03
11.425	-1.199329E+06	2.227209E+02	5.132750E+01	5.568179E+03
11.43	-1.199329E+06	2.191861E+02	5.143889E+01	5.568179E+03
11.435	-1.199329E+06	2.246403E+02	5.176114E+01	5.568179E+03
11.44	-1.199329E+06	2.248028E+02	5.235709E+01	5.568179E+03
11.445	-1.199329E+06	2.348702E+02	5.288401E+01	5.568179E+03
11.45	-1.199329E+06	2.448576E+02	5.342088E+01	5.568179E+03
11.455	-1.199328E+06	2.318390E+02	5.390208E+01	5.568179E+03
11.46	-1.199329E+06	2.431400E+02	5.409921E+01	5.568179E+03
11.465	-1.199329E+06	2.393688E+02	5.456676E+01	5.568179E+03
11.47	-1.199328E+06	2.349763E+02	5.468143E+01	5.568179E+03
11.475	-1.199329E+06	2.505643E+02	5.426242E+01	5.568179E+03
11.48	-1.199329E+06	2.411222E+02	5.352445E+01	5.568179E+03
11.485	-1.199328E+06	2.301682E+02	5.241511E+01	5.568179E+03
11.49	-1.199329E+06	2.388642E+02	5.178243E+01	5.568179E+03
11.495	-1.199329E+06	2.510654E+02	5.141863E+01	5.568179E+03
11.5	-1.199329E+06	2.547137E+02	5.068568E+01	5.568179E+03
11.505	-1.199328E+06	2.372422E+02	5.037637E+01	5.568179E+03
11.51	-1.199328E+06	2.350697E+02	5.053876E+01	5.568179E+03
11.515	-1.199328E+06	2.441785E+02	5.105205E+01	5.568179E+03
11.52	-1.199329E+06	2.583179E+02	5.190132E+01	5.568179E+03
11.525	-1.199329E+06	2.641009E+02	5.273966E+01	5.568179E+03
11.53	-1.199328E+06	2.535197E+02	5.310524E+01	5.568179E+03
11.535	-1.199329E+06	2.530504E+02	5.274070E+01	5.568179E+03
11.54	-1.199328E+06	2.475854E+02	5.228662E+01	5.568179E+03
11.545	-1.199328E+06	2.526422E+02	5.163959E+01	5.568179E+03
11.55	-1.199328E+06	2.531931E+02	5.078834E+01	5.568179E+03
11.555	-1.199328E+06	2.465917E+02	5.020910E+01	5.568179E+03
11.56	-1.199328E+06	2.556360E+02	4.962726E+01	5.568179E+03
11.565	-1.199328E+06	2.559637E+02	4.923055E+01	5.568179E+03
11.57	-1.199328E+06	2.575324E+02	4.920667E+01	5.568179E+03
11.575	-1.199328E+06	2.656797E+02	4.919082E+01	5.568179E+03
11.58	-1.199328E+06	2.586344E+02	4.957222E+01	5.568179E+03
11.585	-1.199328E+06	2.566379E+02	5.009143E+01	5.568179E+03
11.59	-1.199328E+06	2.604092E+02	5.029391E+01	5.568179E+03
11.595	-1.199328E+06	2.685437E+02	5.032672E+01	5.568179E+03
11.6	-1.199328E+06	2.767999E+02	5.015247E+01	5.568179E+03
11.605	-1.199328E+06	2.744639E+02	4.977610E+01	5.568179E+03
11.61	-1.199328E+06	2.611970E+02	4.933653E+01	5.568179E+03
11.615	-1.199328E+06	2.649467E+02	4.870444E+01	5.568179E+03
11.62	-1.199328E+06	2.699270E+02	4.842735E+01	5.568179E+03
11.625	-1.199328E+06	2.851565E+02	4.855260E+01	5.568179E+03
11.63	-1.199328E+06	2.834585E+02	4.856538E+01	5.568179E+03
11.635	-1.199328E+06	2.700885E+02	4.847678E+01	5.568179E+03
11.64	-1.199328E+06	2.727401E+02	4.872184E+01	5.568179E+03
11.645	-1.199328E+06	2.766126E+02	4.917523E+01	5.568179E+03
11.65	-1.199328E+06	2.810143E+02	4.920808E+01	5.568179E+03
11.655	-1.199328E+06	2.721394E+02	4.892757E+01	5.568179E+03
11.66	-1.199328E+06	2.671682E+02	4.862059E+01	5.568179E+03
11.665	-1.199328E+06	2.749070E+02	4.858508E+01	5.568179E+03
11.67	-1.199327E+06	2.767086E+02	4.920358E+01	5.568179E+03
11.675	-1.199328E+06	2.985918E+02	4.962250E+01	5.568179E+03
11.68	-1.199328E+06	2.992643E+02	4.947906E+01	5.568179E+03
11.685	-1.199328E+06	2.937547E+02	4.902506E+01	5.568179E+03
11.69	-1.199328E+06	2.869692E+02	4.819109E+01	5.568179E+03
11.695	-1.199327E+06	2.717317E+02	4.708268E+01	5.568179E+03
11.7	-1.199328E+06	2.843352E+02	4.638934E+01	5.568179E+03
11.705	-1.199328E+06	2.961564E+02	4.615235E+01	5.568179E+03
11.71	-1.199328E+06	3.072734E+02	4.605104E+01	5.568179E+03
11.715	-1.199328E+06	3.049380E+02	4.635411E+01	5.568179E+03
11.72	-1.199327E+06	2.990552E+02	4.687129E+01	5.568179E+03
11.725	-1.199328E+06	3.083196E+02	4.777756E+01	5.568179E+03
11.73	-1.199328E+06	3.139169E+02	4.913123E+01	5.568179E+03
11.735	-1.199328E+06	3.202093E+02	5.013096E+01	5.568179E+03
11.74	-1.199328E+06	3.217159E+02	5.048533E+01	5.568179E+03
11.745	-1.199327E+06	3.015654E+02	5.035088E+01	5.568179E+03
11.75	-1.199327E+06	3.013119E+02	4.975820E+01	5.568179E+03
11.755	-1.199328E+06	3.061296E+02	4.939361E+01	5.568179E+03
11.76	-1.199327E+06	2.956047E+02	4.901915E+01	5.568179E+03
11.765	-1.199328E+06	3.150303E+02	4.828505E+01	5.568179E+03
11.77	-1.199328E+06	3.160466E+02	4.791182E+01	5.568179E+03
11.775	-1.199327E+06	3.011506E+02	4.727096E+01	5.568179E+03
11.78	-1.199327E+06	3.159023E+02	4.660574E+01	5.568179E+03
11.785	-1.199327E+06	3.212735E+02	4.698283E+01	5.568179E+03
11.79	-1.199327E+06	3.196339E+02	4.725869E+01	5.568179E+03
11.795	-1.199327E+06	3.225193E+02	4.720316E+01	5.568179E+03
11.8	-1.199327E+06	3.322213E+02	4.741807E+01	5.568179E+03
11.805	-1.199327E+06	3.211600E+02	4.744126E+01	5.568179E+03
11.81	-1.199326E+06	3.002199E+02	4.738866E+01	5.568179E+03
11.815	-1.199327E+06	3.292172E+02	4.750065E+01	5.568179E+03
11.82	-1.199327E+06	3.353955E+02	4.764656E+01	5.568179E+03
11.825	-1.199327E+06	3.259543E+02	4.745153E+01	5.568179E+03
11.83	-1.199327E+06	3.247277E+02	4.718292E+01	5.568179E+03
11.835	-1.199327E+06	3.208751E+02	4.730432E+01	5.568179E+03
11.84	-1.199328E+06	3.540884E+02	4.751228E+01	5.568179E+03
11.845	-1.199327E+06	3.517218E+02	4.764265E+01	5.568179E+03
11.85	-1.199327E+06	3.461008E+02	4.720020E+01	5.568179E+03
11.855	-1.199327E+06	3.390173E+02	4.703311E+01	5.568179E+03
11.86	-1.199326E+06	3.228971E+02	4.748127E+01	5.568179E+03
11.865	-1.199327E+06	3.539965E+02	4.767449E+01	5.568179E+03
11.87	-1.199327E+06	3.616387E+02	4.768612E+01	5.568179E+03
11.875	-1.199327E+06	3.534383E+02	4.723374E+01	5.568179E+03
11.88	-1.199327E+06	3.392934E+02	4.698139E+01	5.568179E+03
11.885	-1.199327E+06	3.381428E+02	4.743111E+01	5.568179E+03
11.89	-1.199327E+06	3.600750E+02	4.783074E+01	5.568179E+03
11.895	-1.199327E+06	3.593090E+02	4.789659E+01	5.568179E+03
11.9	-1.199327E+06	3.530502E+02	4.754663E+01	5.568179E+03
11.905	-1.199327E+06	3.584139E+02	4.722537E+01	5.568179E+03
11.91	-1.199327E+06	3.511287E+02	4.740500E+01	5.568179E+03
11.915	-1.199327E+06	3.570900E+02	4.741075E+01	5.568179E+03
11.92	-1.199327E+06	3.632514E+02	4.730516E+01	5.568179E+03
11.925	-1.199327E+06	3.647261E+02	4.714965E+01	5.568179E+03
11.93	-1.199327E+06	3.570133E+02	4.733721E+01	5.568179E+03
11.935	-1.199326E+06	3.575125E+02	4.779607E+01	5.568179E+03
11.94	-1.199327E+06	3.779247E+02	4.786086E+01	5.568179E+03
11.945	-1.199326E+06	3.630586E+02	4.815421E+01	5.568179E+03
11.95	-1.199327E+06	3.722142E+02	4.825588E+01	5.568179E+03
11.955	-1.199327E+06	3.738609E+02	4.823979E+01	5.568179E+03
11.96	-1.199326E+06	3.560515E+02	4.838584E+01	5.568179E+03
11.965	-1.199327E+06	3.767965E+02	4.835578E+01	5.568179E+03
11.97	-1.199326E+06	3.739541E+02	4.859218E+01	5.568179E+03
11.975	-1.199326E+06	3.891857E+02	4.854574E+01	5.568179E+03
11.98	-1.199327E+06	3.985145E+02	4.812184E+01	5.568179E+03
11.985	-1.199326E+06	3.660895E+02	4.813146E+01	5.568179E+03
11.99	-1.199327E+06	3.827901E+02	4.846528E+01	5.568179E+03
11.995	-1.199326E+06	3.897170E+02	4.952316E+01	5.568179E+03
12.0	-1.199326E+06	4.039473E+02	5.068897E+01	5.568179E+03
12.005	-1.199326E+06	3.997512E+02	5.141684E+01	5.568179E+03
12.01	-1.199326E+06	3.896308E+02	5.159069E+01	5.568179E+03
12.015	-1.199327E+06	3.991880E+02	5.118205E+01	5.568179E+03
12.02	-1.199326E+06	3.896561E+02	5.100586E+01	5.568179E+03
12.025	-1.199327E+06	4.089445E+02	5.104413E+01	5.568179E+03
12.03	-1.199326E+06	3.980983E+02	5.089411E+01	5.568179E+03
12.035	-1.199326E+06	3.851850E+02	5.033621E+01	5.568179E+03
12.04	-1.199326E+06	3.988048E+02	4.961165E+01	5.568179E+03
12.045	-1.199326E+06	3.981090E+02	4.916226E+01	5.568179E+03
12.05	-1.199326E+06	4.069670E+02	4.923443E+01	5.568179E+03
12.055	-1.199326E+06	4.050016E+02	4.984073E+01	5.568179E+03
12.06	-1.199326E+06	4.184601E+02	5.007465E+01	5.568179E+03
12.065	-1.199326E+06	4.197181E+02	5.021949E+01	5.568179E+03
12.07	-1.199326E+06	4.265329E+02	5.045556E+01	5.568179E+03
12.075	-1.199326E+06	4.231211E+02	5.096934E+01	5.568179E+03
12.08	-1.199326E+06	4.228718E+02	5.162665E+01	5.568179E+03
12.085	-1.199326E+06	4.199013E+02	5.186055E+01	5.568179E+03
12.09	-1.199326E+06	4.083128E+02	5.145778E+01	5.568179E+03
12.095	-1.199326E+06	3.966289E+02	5.151518E+01	5.568179E+03
12.1	-1.199325E+06	4.023899E+02	5.175151E+01	5.568179E+03
12.105	-1.199326E+06	4.485022E+02	5.158404E+01	5.568179E+03
12.11	-1.199325E+06	4.439026E+02	5.157527E+01	5.568179E+03
12.115	-1.199326E+06	4.462887E+02	5.079066E+01	5.568179E+03
12.12	-1.199326E+06	4.520597E+02	5.041604E+01	5.568179E+03
12.125	-1.199325E+06	4.302758E+02	5.102219E+01	5.568179E+03
12.13	-1.199326E+06	4.485610E+02	5.072331E+01	5.568179E+03
12.135	-1.199326E+06	4.364247E+02	5.022704E+01	5.568179E+03
12.14	-1.199325E+06	4.119854E+02	4.985307E+01	5.568179E+03
12.145	-1.199326E+06	4.185350E+02	4.915932E+01	5.568179E+03
12.15	-1.199325E+06	4.228453E+02	4.882559E+01	5.568179E+03
12.155	-1.199326E+06	4.559454E+02	4.841934E+01	5.568179E+03
12.16	-1.199325E+06	4.520026E+02	4.849813E+01	5.568179E+03
12.165	-1.199325E+06	4.384510E+02	4.955936E+01	5.568179E+03
12.17	-1.199325E+06	4.505474E+02	5.073228E+01	5.568179E+03
12.175	-1.199325E+06	4.650533E+02	5.134438E+01	5.568179E+03
12.18	-1.199325E+06	4.635178E+02	5.167855E+01	5.568179E+03
12.185	-1.199324E+06	4.412118E+02	5.158081E+01	5.568179E+03
12.19	-1.199325E+06	4.662357E+02	5.134438E+01	5.568179E+03
12.195	-1.199325E+06	4.643043E+02	5.211988E+01	5.568179E+03
12.2	-1.199324E+06	4.456409E+02	5.270016E+01	5.568179E+03
12.205	-1.199326E+06	4.861231E+02	5.231026E+01	5.568179E+03
12.21	-1.199324E+06	4.662474E+02	5.286074E+01	5.568179E+03
12.215	-1.199325E+06	4.898375E+02	5.311279E+01	5.568179E+03
12.22	-1.199326E+06	4.892524E+02	5.330357E+01	5.568179E+03
12.225	-1.199324E+06	4.402819E+02	5.375940E+01	5.568179E+03
12.23	-1.199325E+06	4.657065E+02	5.351101E+01	5.568179E+03
12.235	-1.199324E+06	4.808428E+02	5.381072E+01	5.568179E+03
12.24	-1.199325E+06	5.071662E+02	5.403484E+01	5.568179E+03
12.245	-1.199325E+06	5.028319E+02	5.353347E+01	5.568179E+03
12.25	-1.199325E+06	4.945030E+02	5.222601E+01	5.568179E+03
12.255	-1.199324E+06	4.853289E+02	5.147105E+01	5.568179E+03
12.26	-1.199324E+06	4.911530E+02	5.143458E+01	5.568179E+03
12.265	-1.199326E+06	5.296922E+02	5.131306E+01	5.568179E+03
12.27	-1.199324E+06	4.803212E+02	5.190700E+01	5.568179E+03
12.275	-1.199324E+06	4.754203E+02	5.169018E+01	5.568179E+03
12.28	-1.199324E+06	4.829993E+02	5.235917E+01	5.568179E+03
12.285	-1.199324E+06	4.810184E+02	5.458277E+01	5.568179E+03
12.29	-1.199325E+06	5.032200E+02	5.549631E+01	5.568179E+03
12.295	-1.199324E+06	4.852104E+02	5.515994E+01	5.568179E+03
12.3	-1.199324E+06	4.673409E+02	5.387606E+01	5.568179E+03
12.305	-1.199324E+06	4.918399E+02	5.237651E+01	5.568179E+03
12.31	-1.199324E+06	5.073592E+02	5.219876E+01	5.568179E+03
12.315	-1.199324E+06	5.149437E+02	5.135997E+01	5.568179E+03
12.32	-1.199325E+06	5.354215E+02	4.939541E+01	5.568179E+03
12.325	-1.199323E+06	4.984449E+02	4.843705E+01	5.568179E+03
12.33	-1.199323E+06	4.855920E+02	4.780108E+01	5.568179E+03
12.335	-1.199324E+06	5.020483E+02	4.764445E+01	5.568179E+03
12.34	-1.199323E+06	4.838659E+02	4.873799E+01	5.568179E+03
12.345	-1.199324E+06	5.169375E+02	4.953510E+01	5.568179E+03
12.35	-1.199325E+06	5.551771E+02	4.992589E+01	5.568179E+03
12.355	-1.199323E+06	5.265186E+02	5.102756E+01	5.568179E+03
12.36	-1.199324E+06	5.212924E+02	5.184350E+01	5.568179E+03
12.365	-1.199324E+06	5.247084E+02	5.267105E+01	5.568179E+03
12.37	-1.199323E+06	4.946759E+02	5.383138E+01	5.568179E+03
12.375	-1.199323E+06	4.948778E+02	5.454839E+01	5.568179E+03
12.38	-1.199324E+06	5.606012E+02	5.527692E+01	5.568179E+03
12.385	-1.199323E+06	5.603651E+02	5.664667E+01	5.568179E+03
12.39	-1.199323E+06	5.726359E+02	5.695767E+01	5.568179E+03
12.395	-1.199324E+06	5.949000E+02	5.625878E+01	5.568179E+03
12.4	-1.199322E+06	5.390294E+02	5.480042E+01	5.568179E+03
12.405	-1.199323E+06	5.383485E+02	5.199455E+01	5.568179E+03
12.41	-1.199323E+06	5.577325E+02	4.987532E+01	5.568179E+03
12.415	-1.199323E+06	5.541344E+02	4.873716E+01	5.568179E+03
12.42	-1.199323E+06	5.339202E+02	4.777771E+01	5.568179E+03
12.425	-1.199323E+06	5.350286E+02	4.702654E+01	5.568179E+03
12.43	-1.199323E+06	5.310990E+02	4.726326E+01	5.568179E+03
12.435	-1.199323E+06	5.453516E+02	4.851558E+01	5.568179E+03
12.44	-1.199323E+06	5.724690E+02	5.010649E+01	5.568179E+03
12.445	-1.199323E+06	5.748552E+02	5.058434E+01	5.568179E+03
12.45	-1.199322E+06	5.318700E+02	5.013923E+01	5.568179E+03
12.455	-1.199323E+06	5.383283E+02	4.929801E+01	5.568179E+03
12.46	-1.199323E+06	5.436642E+02	4.856043E+01	5.568179E+03
12.465	-1.199322E+06	5.358328E+02	4.746582E+01	5.568179E+03
12.47	-1.199323E+06	5.792069E+02	4.642246E+01	5.568179E+03
12.475	-1.199323E+06	5.760317E+02	4.662044E+01	5.568179E+03
12.48	-1.199322E+06	5.514041E+02	4.709285E+01	5.568179E+03
12.485	-1.199323E+06	5.657640E+02	4.710704E+01	5.568179E+03
12.49	-1.199322E+06	5.483060E+02	4.697131E+01	5.568179E+03
12.495	-1.199322E+06	5.400767E+02	4.685430E+01	5.568179E+03
12.5	-1.199322E+06	5.675146E+02	4.776254E+01	5.568179E+03
12.505	-1.199323E+06	5.803673E+02	4.947993E+01	5.568179E+03
12.51	-1.199321E+06	5.681987E+02	5.077985E+01	5.568179E+03
12.515	-1.199323E+06	6.074658E+02	5.051012E+01	5.568179E+03
12.52	-1.199322E+06	6.007499E+02	5.005340E+01	5.568179E+03
12.525	-1.199322E+06	5.880539E+02	5.007233E+01	5.568179E+03
12.53	-1.199323E+06	6.125546E+02	5.064150E+01	5.568179E+03
12.535	-1.199322E+06	6.020502E+02	5.142054E+01	5.568179E+03
12.54	-1.199322E+06	5.952702E+02	5.118675E+01	5.568179E+03
12.545	-1.199322E+06	6.033298E+02	5.021459E+01	5.568179E+03
12.55	-1.199321E+06	5.787427E+02	4.966535E+01	5.568179E+03
12.555	-1.199321E+06	5.799695E+02	4.929209E+01	5.568179E+03
12.56	-1.199323E+06	6.247465E+02	4.944435E+01	5.568179E+03
12.565	-1.199321E+06	5.887590E+02	5.058057E+01	5.568179E+03
12.57	-1.199322E+06	6.053699E+02	4.997219E+01	5.568179E+03
12.575	-1.199322E+06	6.234139E+02	4.958407E+01	5.568179E+03
12.58	-1.199320E+06	5.764442E+02	5.015231E+01	5.568179E+03
12.585	-1.199322E+06	6.126756E+02	4.903405E+01	5.568179E+03
12.59	-1.199322E+06	6.163781E+02	4.819575E+01	5.568179E+03
12.595	-1.199320E+06	5.820323E+02	4.746436E+01	5.568179E+03
12.6	-1.199322E+06	6.206065E+02	4.579233E+01	5.568179E+03
12.605	-1.199321E+06	6.089073E+02	4.597931E+01	5.568179E+03
12.61	-1.199321E+06	5.967688E+02	4.644082E+01	5.568179E+03
12.615	-1.199321E+06	5.980702E+02	4.548916E+01	5.568179E+03
12.62	-1.199321E+06	5.904877E+02	4.437388E+01	5.568179E+03
12.625	-1.199320E+06	5.873725E+02	4.396493E+01	5.568179E+03
12.63	-1.199322E+06	6.500682E+02	4.408267E+01	5.568179E+03
12.635	-1.199321E+06	6.257983E+02	4.527626E+01	5.568179E+03
12.64	-1.199320E+06	5.803879E+02	4.618605E+01	5.568179E+03
12.645	-1.199321E+06	6.057540E+02	4.691956E+01	5.568179E+03
12.65	-1.199322E+06	6.353951E+02	4.740943E+01	5.568179E+03
12.655	-1.199320E+06	6.081940E+02	4.757547E+01	5.568179E+03
12.66	-1.199321E+06	6.386823E+02	4.679862E+01	5.568179E+03
12.665	-1.199321E+06	6.312008E+02	4.661743E+01	5.568179E+03
12.67	-1.199321E+06	6.237308E+02	4.651787E+01	5.568179E+03
12.675	-1.199321E+06	6.362160E+02	4.592837E+01	5.568179E+03
12.68	-1.199320E+06	6.160058E+02	4.614197E+01	5.568179E+03
12.685	-1.199321E+06	6.413188E+02	4.637349E+01	5.568179E+03
12.69	-1.199322E+06	6.510884E+02	4.710357E+01	5.568179E+03
12.695	-1.199320E+06	6.001748E+02	4.894413E+01	5.568179E+03
12.7	-1.199321E+06	6.293250E+02	4.997159E+01	5.568179E+03
12.705	-1.199321E+06	6.360784E+02	5.058487E+01	5.568179E+03
12.71	-1.199320E+06	6.304859E+02	5.018485E+01	5.568179E+03
12.715	-1.199321E+06	6.537233E+02	4.910814E+01	5.568179E+03
12.72	-1.199320E+06	6.282762E+02	4.891226E+01	5.568179E+03
12.725	-1.199320E+06	6.395295E+02	4.914961E+01	5.568179E+03
12.73	-1.199322E+06	6.810886E+02	4.918165E+01	5.568179E+03
12.735	-1.199320E+06	6.402954E+02	4.882261E+01	5.568179E+03
12.74	-1.199321E+06	6.528034E+02	4.790359E+01	5.568179E+03
12.745	-1.199321E+06	6.477611E+02	4.705705E+01	5.568179E+03
12.75	-1.199320E+06	6.156591E+02	4.591393E+01	5.568179E+03
12.755	-1.199320E+06	6.273035E+02	4.517666E+01	5.568179E+03
12.76	-1.199320E+06	6.477995E+02	4.557363E+01	5.568179E+03
12.765	-1.199321E+06	6.726496E+02	4.666082E+01	5.568179E+03
12.77	-1.199320E+06	6.513634E+02	4.749528E+01	5.568179E+03
12.775	-1.199320E+06	6.335117E+02	4.755621E+01	5.568179E+03
12.78	-1.199321E+06	6.642510E+02	4.772234E+01	5.568179E+03
12.785	-1.199320E+06	6.561476E+02	4.791433E+01	5.568179E+03
12.79	-1.199321E+06	6.545657E+02	4.820559E+01	5.568179E+03
12.795	-1.199319E+06	6.474295E+02	4.983080E+01	5.568179E+03
12.8	-1.199322E+06	7.081077E+02	5.016404E+01	5.568179E+03
12.805	-1.199320E+06	6.578906E+02	5.013822E+01	5.568179E+03
12.81	-1.199319E+06	6.201701E+02	4.980222E+01	5.568179E+03
12.815	-1.199322E+06	6.879958E+02	4.851991E+01	5.568179E+03
12.82	-1.199319E+06	6.317781E+02	4.875143E+01	5.568179E+03
12.825	-1.199320E+06	6.451686E+02	4.810758E+01	5.568179E+03
12.83	-1.199321E+06	6.601099E+02	4.768400E+01	5.568179E+03
12.835	-1.199319E+06	6.354022E+02	4.888717E+01	5.568179E+03
12.84	-1.199321E+06	6.880279E+02	4.878363E+01	5.568179E+03
12.845	-1.199320E+06	6.949955E+02	4.870386E+01	5.568179E+03
12.85	-1.199320E+06	6.600186E+02	4.921063E+01	5.568179E+03
12.855	-1.199320E+06	6.524106E+02	4.863124E+01	5.568179E+03
12.86	-1.199320E+06	6.431625E+02	4.799992E+01	5.568179E+03
12.865	-1.199318E+06	6.146122E+02	4.794470E+01	5.568179E+03
12.87	-1.199320E+06	6.885981E+02	4.680372E+01	5.568179E+03
12.875	-1.199321E+06	7.131795E+02	4.621139E+01	5.568179E+03
12.88	-1.199318E+06	6.459308E+02	4.639908E+01	5.568179E+03
12.885	-1.199321E+06	6.748764E+02	4.612429E+01	5.568179E+03
12.89	-1.199319E+06	6.634393E+02	4.744050E+01	5.568179E+03
12.895	-1.199319E+06	6.634883E+02	4.850871E+01	5.568179E+03
12.9	-1.199320E+06	6.809501E+02	4.739921E+01	5.568179E+03
12.905	-1.199319E+06	6.545215E+02	4.638228E+01	5.568179E+03
12.91	-1.199319E+06	6.389073E+02	4.662367E+01	5.568179E+03
12.915	-1.199320E+06	6.657438E+02	4.713902E+01	5.568179E+03
12.92	-1.199320E+06	6.740291E+02	4.794946E+01	5.568179E+03
12.925	-1.199319E+06	6.501626E+02	4.827602E+01	5.568179E+03
12.93	-1.199320E+06	6.702916E+02	4.788282E+01	5.568179E+03
12.935	-1.199320E+06	6.728350E+02	4.843348E+01	5.568179E+03
12.94	-1.199319E+06	6.721959E+02	4.941625E+01	5.568179E+03
12.945	-1.199321E+06	6.973350E+02	4.968587E+01	5.568179E+03
12.95	-1.199319E+06	6.595864E+02	4.946822E+01	5.568179E+03
12.955	-1.199319E+06	6.517229E+02	4.931514E+01	5.568179E+03
12.96	-1.199320E+06	6.922355E+02	4.935505E+01	5.568179E+03
12.965	-1.199320E+06	6.930032E+02	4.904344E+01	5.568179E+03
12.97	-1.199320E+06	6.710563E+02	4.809671E+01	5.568179E+03
12.975	-1.199319E+06	6.512712E+02	4.668596E+01	5.568179E+03
12.98	-1.199320E+06	6.746689E+02	4.522051E+01	5.568179E+03
12.985	-1.199320E+06	6.556946E+02	4.573318E+01	5.568179E+03
12.99	-1.199318E+06	6.326813E+02	4.764681E+01	5.568179E+03
12.995	-1.199321E+06	7.015355E+02	5.005565E+01	5.568179E+03
13.0	-1.199319E+06	7.026689E+02	5.352858E+01	5.568179E+03
13.005	-1.199320E+06	7.081220E+02	5.471041E+01	5.568179E+03
13.01	-1.199321E+06	7.040206E+02	5.440646E+01	5.568179E+03
13.015	-1.199319E+06	6.483494E+02	5.387193E+01	5.568179E+03
13.02	-1.199320E+06	6.907035E+02	5.171055E+01	5.568179E+03
13.025	-1.199320E+06	7.091469E+02	4.978606E+01	5.568179E+03
13.03	-1.199319E+06	6.804896E+02	4.831944E+01	5.568179E+03
13.035	-1.199320E+06	6.859682E+02	4.726453E+01	5.568179E+03
13.04	-1.199320E+06	6.776041E+02	4.703591E+01	5.568179E+03
13.045	-1.199319E+06	6.724096E+02	4.695758E+01	5.568179E+03
13.05	-1.199320E+06	7.002421E+02	4.729499E+01	5.568179E+03
13.055	-1.199321E+06	7.220270E+02	4.777053E+01	5.568179E+03
13.06	-1.199320E+06	6.683676E+02	4.796810E+01	5.568179E+03
13.065	-1.199319E+06	6.470321E+02	4.803449E+01	5.568179E+03
13.07	-1.199321E+06	7.073832E+02	4.767652E+01	5.568179E+03
13.075	-1.199320E+06	6.869838E+02	4.775077E+01	5.568179E+03
13.08	-1.199319E+06	6.690162E+02	4.758090E+01	5.568179E+03
13.085	-1.199320E+06	6.928399E+02	4.699152E+01	5.568179E+03
13.09	-1.199319E+06	6.622851E+02	4.724734E+01	5.568179E+03
13.095	-1.199320E+06	6.455385E+02	4.761676E+01	5.568179E+03
13.1	-1.199319E+06	6.535833E+02	4.915425E+01	5.568179E+03
13.105	-1.199321E+06	6.924047E+02	5.149175E+01	5.568179E+03
13.11	-1.199319E+06	6.833953E+02	5.300458E+01	5.568179E+03
13.115	-1.199320E+06	6.929795E+02	5.320571E+01	5.568179E+03
13.12	-1.199320E+06	6.840819E+02	5.280041E+01	5.568179E+03
13.125	-1.199320E+06	6.859840E+02	5.203123E+01	5.568179E+03
13.13	-1.199321E+06	7.010885E+02	5.129046E+01	5.568179E+03
13.135	-1.199319E+06	6.720767E+02	4.946393E+01	5.568179E+03
13.14	-1.199321E+06	7.063459E+02	4.599057E+01	5.568179E+03
13.145	-1.199320E+06	6.715428E+02	4.338286E+01	5.568179E+03
13.15	-1.199320E+06	6.346389E+02	4.161633E+01	5.568179E+03
13.155	-1.199319E+06	6.223260E+02	4.144615E+01	5.568179E+03
13.16	-1.199320E+06	6.447106E+02	4.250928E+01	5.568179E+03
13.165	-1.199321E+06	6.790349E+02	4.441929E+01	5.568179E+03
13.17	-1.199319E+06	6.623872E+02	4.657824E+01	5.568179E+03
13.175	-1.199320E+06	6.883075E+02	4.774070E+01	5.568179E+03
13.18	-1.199320E+06	6.776677E+02	4.923618E+01	5.568179E+03
13.185	-1.199319E+06	6.732582E+02	5.008534E+01	5.568179E+03
13.19	-1.199322E+06	7.436961E+02	5.018041E+01	5.568179E+03
13.195	-1.199319E+06	6.698740E+02	5.142719E+01	5.568179E+03
13.2	-1.199321E+06	6.896575E+02	5.004186E+01	5.568179E+03
13.205	-1.199321E+06	6.778161E+02	4.877331E+01	5.568179E+03
13.21	-1.199319E+06	6.386040E+02	4.860638E+01	5.568179E+03
13.215	-1.199322E+06	6.909821E+02	4.779809E+01	5.568179E+03
13.22	-1.199319E+06	6.412278E+02	4.902559E+01	5.568179E+03
13.225	-1.199321E+06	6.689910E+02	4.901304E+01	5.568179E+03
13.23	-1.199320E+06	6.770166E+02	4.826104E+01	5.568179E+03
13.235	-1.199320E+06	6.722270E+02	4.932742E+01	5.568179E+03
13.24	-1.199321E+06	6.853894E+02	5.014080E+01	5.568179E+03
13.245	-1.199320E+06	6.643639E+02	4.950963E+01	5.568179E+03
13.25	-1.199321E+06	6.734054E+02	4.897281E+01	5.568179E+03
13.255	-1.199319E+06	6.387560E+02	4.936314E+01	5.568179E+03
13.26	-1.199322E+06	6.810261E+02	4.813215E+01	5.568179E+03
13.265	-1.199320E+06	6.561752E+02	4.758084E+01	5.568179E+03
13.27	-1.199319E+06	6.407275E+02	4.767350E+01	5.568179E+03
13.275	-1.199322E+06	6.955666E+02	4.699101E+01	5.568179E+03
13.28	-1.199320E+06	6.481053E+02	4.706840E+01	5.568179E+03
13.285	-1.199321E+06	6.467552E+02	4.632080E+01	5.568179E+03
13.29	-1.199322E+06	6.624581E+02	4.528273E+01	5.568179E+03
13.295	-1.199320E+06	6.217746E+02	4.630426E+01	5.568179E+03
13.3	-1.199321E+06	6.446367E+02	4.691239E+01	5.568179E+03
13.305	-1.199322E+06	6.432940E+02	4.631618E+01	5.568179E+03
13.31	-1.199320E+06	5.812624E+02	4.570976E+01	5.568179E+03
13.315	-1.199320E+06	5.870067E+02	4.535798E+01	5.568179E+03
13.32	-1.199321E+06	6.287739E+02	4.642683E+01	5.568179E+03
13.325	-1.199321E+06	6.536350E+02	4.770296E+01	5.568179E+03
13.33	-1.199322E+06	6.861153E+02	4.725910E+01	5.568179E+03
