t	totalEnergy 	temperature  	pressure 	volume 		PtensXX 	PtensXY 	PtensXZ 	PtensYX 	PtensYY 	PtensYZ 	PtensZX 	PtensZY 	PtensZZ
0,0	-1,199292E+06	2,999941E+02	1,671664E+01	5,568179E+03
0,005	-1,199302E+06	5,478515E+02	2,453390E+01	5,568179E+03
0,01	-1,199300E+06	6,872397E+02	3,944017E+01	5,568179E+03
0,015	-1,199299E+06	7,437656E+02	5,163114E+01	5,568179E+03
0,02	-1,199301E+06	7,988848E+02	6,062956E+01	5,568179E+03
0,025	-1,199298E+06	6,889402E+02	6,631217E+01	5,568179E+03
0,03	-1,199298E+06	6,585115E+02	6,955879E+01	5,568179E+03
0,035	-1,199299E+06	6,829605E+02	6,935700E+01	5,568179E+03
0,04	-1,199299E+06	6,775172E+02	6,636897E+01	5,568179E+03
0,045	-1,199300E+06	7,016675E+02	6,141746E+01	5,568179E+03
0,05	-1,199300E+06	7,090012E+02	5,325918E+01	5,568179E+03
0,055	-1,199299E+06	6,798157E+02	4,664733E+01	5,568179E+03
0,06	-1,199300E+06	6,716978E+02	4,308608E+01	5,568179E+03
0,065	-1,199299E+06	6,335148E+02	4,160959E+01	5,568179E+03
0,07	-1,199298E+06	6,229239E+02	4,255663E+01	5,568179E+03
0,075	-1,199300E+06	7,216453E+02	4,417306E+01	5,568179E+03
0,08	-1,199300E+06	7,461516E+02	4,743506E+01	5,568179E+03
0,085	-1,199298E+06	7,301406E+02	5,218236E+01	5,568179E+03
0,09	-1,199301E+06	7,849608E+02	5,604367E+01	5,568179E+03
0,095	-1,199299E+06	7,388092E+02	5,887469E+01	5,568179E+03
0,1	-1,199299E+06	6,932245E+02	5,977125E+01	5,568179E+03
0,105	-1,199300E+06	6,863555E+02	5,902834E+01	5,568179E+03
0,11	-1,199298E+06	6,296615E+02	5,777939E+01	5,568179E+03
0,115	-1,199300E+06	6,591953E+02	5,576395E+01	5,568179E+03
0,12	-1,199299E+06	6,533845E+02	5,370230E+01	5,568179E+03
0,125	-1,199299E+06	6,421765E+02	5,012621E+01	5,568179E+03
0,13	-1,199300E+06	6,588632E+02	4,567088E+01	5,568179E+03
0,135	-1,199299E+06	6,349298E+02	4,145387E+01	5,568179E+03
0,14	-1,199299E+06	6,226875E+02	3,882736E+01	5,568179E+03
0,145	-1,199300E+06	6,687326E+02	3,952649E+01	5,568179E+03
0,15	-1,199299E+06	6,675562E+02	4,074476E+01	5,568179E+03
0,155	-1,199299E+06	6,607544E+02	4,089614E+01	5,568179E+03
0,16	-1,199300E+06	6,883965E+02	4,097082E+01	5,568179E+03
0,165	-1,199300E+06	6,847709E+02	4,115348E+01	5,568179E+03
0,17	-1,199299E+06	6,745331E+02	4,416026E+01	5,568179E+03
0,175	-1,199300E+06	6,562430E+02	4,749312E+01	5,568179E+03
0,18	-1,199299E+06	6,221459E+02	4,915114E+01	5,568179E+03
0,185	-1,199300E+06	6,363118E+02	5,065542E+01	5,568179E+03
0,19	-1,199299E+06	6,370926E+02	4,974091E+01	5,568179E+03
0,195	-1,199300E+06	6,727518E+02	4,794070E+01	5,568179E+03
0,2	-1,199299E+06	6,680140E+02	4,759770E+01	5,568179E+03
0,205	-1,199298E+06	6,563605E+02	4,620592E+01	5,568179E+03
0,21	-1,199300E+06	7,186753E+02	4,378484E+01	5,568179E+03
0,215	-1,199300E+06	7,057933E+02	4,042069E+01	5,568179E+03
0,22	-1,199299E+06	6,679963E+02	3,833522E+01	5,568179E+03
0,225	-1,199300E+06	6,700970E+02	4,042369E+01	5,568179E+03
0,23	-1,199299E+06	6,469653E+02	4,366410E+01	5,568179E+03
0,235	-1,199299E+06	6,498923E+02	4,592722E+01	5,568179E+03
0,24	-1,199301E+06	6,931228E+02	4,709997E+01	5,568179E+03
0,245	-1,199299E+06	6,657419E+02	4,774707E+01	5,568179E+03
0,25	-1,199299E+06	6,475757E+02	4,897881E+01	5,568179E+03
0,255	-1,199300E+06	6,614439E+02	5,112644E+01	5,568179E+03
0,26	-1,199299E+06	6,200460E+02	5,311974E+01	5,568179E+03
0,265	-1,199299E+06	6,444875E+02	5,273058E+01	5,568179E+03
0,27	-1,199301E+06	6,907566E+02	5,085233E+01	5,568179E+03
0,275	-1,199299E+06	6,728631E+02	4,827766E+01	5,568179E+03
0,28	-1,199301E+06	7,041135E+02	4,493112E+01	5,568179E+03
0,285	-1,199299E+06	6,568526E+02	4,351845E+01	5,568179E+03
0,29	-1,199299E+06	6,285355E+02	4,127410E+01	5,568179E+03
0,295	-1,199300E+06	6,455669E+02	3,817628E+01	5,568179E+03
0,3	-1,199299E+06	6,054051E+02	3,786810E+01	5,568179E+03
0,305	-1,199299E+06	6,131108E+02	3,922768E+01	5,568179E+03
0,31	-1,199301E+06	6,431521E+02	4,290665E+01	5,568179E+03
0,315	-1,199299E+06	6,139417E+02	4,852198E+01	5,568179E+03
0,32	-1,199300E+06	6,451428E+02	5,234821E+01	5,568179E+03
0,325	-1,199301E+06	6,623933E+02	5,433431E+01	5,568179E+03
0,33	-1,199298E+06	5,823778E+02	5,458074E+01	5,568179E+03
0,335	-1,199300E+06	6,381079E+02	5,297005E+01	5,568179E+03
0,34	-1,199300E+06	6,509774E+02	5,198125E+01	5,568179E+03
0,345	-1,199298E+06	6,233784E+02	4,938733E+01	5,568179E+03
0,35	-1,199301E+06	6,693972E+02	4,463354E+01	5,568179E+03
0,355	-1,199298E+06	5,964254E+02	4,034600E+01	5,568179E+03
0,36	-1,199300E+06	6,107522E+02	3,717449E+01	5,568179E+03
0,365	-1,199301E+06	6,427719E+02	3,743508E+01	5,568179E+03
0,37	-1,199299E+06	6,153172E+02	3,883335E+01	5,568179E+03
0,375	-1,199300E+06	6,256829E+02	3,849869E+01	5,568179E+03
0,38	-1,199300E+06	6,313634E+02	3,693486E+01	5,568179E+03
0,385	-1,199300E+06	6,344081E+02	3,722309E+01	5,568179E+03
0,39	-1,199299E+06	6,131649E+02	4,195606E+01	5,568179E+03
0,395	-1,199301E+06	6,467634E+02	4,734416E+01	5,568179E+03
0,4	-1,199299E+06	6,183675E+02	5,175529E+01	5,568179E+03
0,405	-1,199300E+06	6,327210E+02	5,349827E+01	5,568179E+03
0,41	-1,199301E+06	6,454947E+02	5,358961E+01	5,568179E+03
0,415	-1,199299E+06	6,036196E+02	5,398250E+01	5,568179E+03
0,42	-1,199302E+06	6,354918E+02	5,273739E+01	5,568179E+03
0,425	-1,199299E+06	5,637252E+02	5,122062E+01	5,568179E+03
0,43	-1,199300E+06	5,866851E+02	4,790280E+01	5,568179E+03
0,435	-1,199301E+06	6,296738E+02	4,293112E+01	5,568179E+03
0,44	-1,199299E+06	6,034111E+02	3,903722E+01	5,568179E+03
0,445	-1,199301E+06	6,412830E+02	3,709257E+01	5,568179E+03
0,45	-1,199300E+06	6,088395E+02	3,694814E+01	5,568179E+03
0,455	-1,199300E+06	5,711365E+02	3,634451E+01	5,568179E+03
0,46	-1,199300E+06	5,583974E+02	3,590755E+01	5,568179E+03
0,465	-1,199300E+06	5,607194E+02	3,688084E+01	5,568179E+03
0,47	-1,199301E+06	5,998894E+02	3,935033E+01	5,568179E+03
0,475	-1,199301E+06	6,121878E+02	4,375039E+01	5,568179E+03
0,48	-1,199301E+06	6,149585E+02	4,859825E+01	5,568179E+03
0,485	-1,199300E+06	5,791774E+02	5,220652E+01	5,568179E+03
0,49	-1,199301E+06	5,805350E+02	5,309918E+01	5,568179E+03
0,495	-1,199300E+06	5,364841E+02	5,294242E+01	5,568179E+03
0,5	-1,199300E+06	5,700094E+02	5,247138E+01	5,568179E+03
0,505	-1,199302E+06	6,328486E+02	5,099313E+01	5,568179E+03
0,51	-1,199300E+06	5,905275E+02	4,774292E+01	5,568179E+03
0,515	-1,199302E+06	5,953332E+02	4,286305E+01	5,568179E+03
0,52	-1,199301E+06	5,622705E+02	3,887824E+01	5,568179E+03
0,525	-1,199300E+06	5,592729E+02	3,747746E+01	5,568179E+03
0,53	-1,199302E+06	6,141699E+02	3,827874E+01	5,568179E+03
0,535	-1,199301E+06	6,031471E+02	3,988533E+01	5,568179E+03
0,54	-1,199301E+06	5,941510E+02	4,083156E+01	5,568179E+03
0,545	-1,199302E+06	5,859808E+02	4,067922E+01	5,568179E+03
0,55	-1,199301E+06	5,391999E+02	4,144442E+01	5,568179E+03
0,555	-1,199301E+06	5,401138E+02	4,414658E+01	5,568179E+03
0,56	-1,199301E+06	5,601844E+02	4,726893E+01	5,568179E+03
0,565	-1,199302E+06	5,715931E+02	4,919576E+01	5,568179E+03
0,57	-1,199301E+06	5,628472E+02	4,944287E+01	5,568179E+03
0,575	-1,199301E+06	5,451052E+02	4,766505E+01	5,568179E+03
0,58	-1,199301E+06	5,285739E+02	4,615312E+01	5,568179E+03
0,585	-1,199302E+06	5,447865E+02	4,559109E+01	5,568179E+03
0,59	-1,199302E+06	5,514190E+02	4,417162E+01	5,568179E+03
0,595	-1,199301E+06	5,456106E+02	4,246597E+01	5,568179E+03
0,6	-1,199302E+06	5,816493E+02	4,031237E+01	5,568179E+03
0,605	-1,199301E+06	5,555378E+02	3,766744E+01	5,568179E+03
0,61	-1,199301E+06	5,330864E+02	3,671344E+01	5,568179E+03
0,615	-1,199302E+06	5,224409E+02	3,834195E+01	5,568179E+03
0,62	-1,199302E+06	5,260979E+02	4,037723E+01	5,568179E+03
0,625	-1,199302E+06	5,329318E+02	4,261495E+01	5,568179E+03
0,63	-1,199302E+06	5,312237E+02	4,350972E+01	5,568179E+03
0,635	-1,199302E+06	5,463272E+02	4,319838E+01	5,568179E+03
0,64	-1,199302E+06	5,572979E+02	4,463495E+01	5,568179E+03
0,645	-1,199302E+06	5,456369E+02	4,600904E+01	5,568179E+03
0,65	-1,199302E+06	5,244912E+02	4,593426E+01	5,568179E+03
0,655	-1,199302E+06	5,187809E+02	4,509385E+01	5,568179E+03
0,66	-1,199302E+06	5,228762E+02	4,372791E+01	5,568179E+03
0,665	-1,199302E+06	5,308096E+02	4,335214E+01	5,568179E+03
0,67	-1,199302E+06	5,226655E+02	4,411377E+01	5,568179E+03
0,675	-1,199302E+06	5,083427E+02	4,387028E+01	5,568179E+03
0,68	-1,199302E+06	5,239567E+02	4,250908E+01	5,568179E+03
0,685	-1,199302E+06	5,074070E+02	4,119047E+01	5,568179E+03
0,69	-1,199302E+06	4,969162E+02	4,006185E+01	5,568179E+03
0,695	-1,199303E+06	5,135514E+02	4,028111E+01	5,568179E+03
0,7	-1,199302E+06	5,081302E+02	4,163489E+01	5,568179E+03
0,705	-1,199302E+06	5,175149E+02	4,250316E+01	5,568179E+03
0,71	-1,199303E+06	5,256786E+02	4,250477E+01	5,568179E+03
0,715	-1,199301E+06	4,949441E+02	4,257907E+01	5,568179E+03
0,72	-1,199303E+06	5,265856E+02	4,277140E+01	5,568179E+03
0,725	-1,199303E+06	5,251989E+02	4,372974E+01	5,568179E+03
0,73	-1,199301E+06	4,673490E+02	4,514525E+01	5,568179E+03
0,735	-1,199303E+06	5,047322E+02	4,514211E+01	5,568179E+03
0,74	-1,199303E+06	5,033487E+02	4,535256E+01	5,568179E+03
0,745	-1,199302E+06	4,755141E+02	4,621884E+01	5,568179E+03
0,75	-1,199303E+06	5,117900E+02	4,666569E+01	5,568179E+03
0,755	-1,199303E+06	4,929416E+02	4,757700E+01	5,568179E+03
0,76	-1,199302E+06	4,571311E+02	4,793421E+01	5,568179E+03
0,765	-1,199303E+06	5,060228E+02	4,703651E+01	5,568179E+03
0,77	-1,199303E+06	5,100665E+02	4,697109E+01	5,568179E+03
0,775	-1,199302E+06	4,989234E+02	4,701068E+01	5,568179E+03
0,78	-1,199304E+06	5,053004E+02	4,732279E+01	5,568179E+03
0,785	-1,199302E+06	4,607993E+02	4,813229E+01	5,568179E+03
0,79	-1,199303E+06	4,627411E+02	4,725917E+01	5,568179E+03
0,795	-1,199303E+06	4,669144E+02	4,597593E+01	5,568179E+03
0,8	-1,199302E+06	4,297057E+02	4,565871E+01	5,568179E+03
0,805	-1,199303E+06	4,449404E+02	4,643783E+01	5,568179E+03
0,81	-1,199303E+06	4,625528E+02	4,852262E+01	5,568179E+03
0,815	-1,199303E+06	4,731867E+02	4,958738E+01	5,568179E+03
0,82	-1,199303E+06	4,855794E+02	4,842715E+01	5,568179E+03
0,825	-1,199303E+06	4,662398E+02	4,622186E+01	5,568179E+03
0,83	-1,199303E+06	4,558605E+02	4,495979E+01	5,568179E+03
0,835	-1,199304E+06	4,799638E+02	4,494115E+01	5,568179E+03
0,84	-1,199303E+06	4,484288E+02	4,494238E+01	5,568179E+03
0,845	-1,199303E+06	4,237915E+02	4,415578E+01	5,568179E+03
0,85	-1,199304E+06	4,219633E+02	4,351250E+01	5,568179E+03
0,855	-1,199303E+06	4,213670E+02	4,513332E+01	5,568179E+03
0,86	-1,199304E+06	4,638468E+02	4,845334E+01	5,568179E+03
0,865	-1,199303E+06	4,513193E+02	5,150578E+01	5,568179E+03
0,87	-1,199303E+06	4,568572E+02	5,340758E+01	5,568179E+03
0,875	-1,199304E+06	4,678519E+02	5,361047E+01	5,568179E+03
0,88	-1,199303E+06	4,326053E+02	5,273000E+01	5,568179E+03
0,885	-1,199304E+06	4,339279E+02	5,203196E+01	5,568179E+03
0,89	-1,199304E+06	4,406827E+02	5,123915E+01	5,568179E+03
0,895	-1,199304E+06	4,350223E+02	5,010531E+01	5,568179E+03
0,9	-1,199304E+06	4,407379E+02	4,813023E+01	5,568179E+03
0,905	-1,199305E+06	4,688647E+02	4,487685E+01	5,568179E+03
0,91	-1,199304E+06	4,316059E+02	4,314988E+01	5,568179E+03
0,915	-1,199304E+06	4,142171E+02	4,332230E+01	5,568179E+03
0,92	-1,199304E+06	4,240866E+02	4,474190E+01	5,568179E+03
0,925	-1,199304E+06	4,348706E+02	4,717461E+01	5,568179E+03
0,93	-1,199305E+06	4,574794E+02	4,941341E+01	5,568179E+03
0,935	-1,199304E+06	4,410922E+02	5,121601E+01	5,568179E+03
0,94	-1,199304E+06	4,360476E+02	5,278320E+01	5,568179E+03
0,945	-1,199305E+06	4,250189E+02	5,413166E+01	5,568179E+03
0,95	-1,199304E+06	4,040384E+02	5,455693E+01	5,568179E+03
0,955	-1,199304E+06	4,019410E+02	5,387070E+01	5,568179E+03
0,96	-1,199305E+06	4,143020E+02	5,240726E+01	5,568179E+03
0,965	-1,199304E+06	4,065086E+02	5,062108E+01	5,568179E+03
0,97	-1,199304E+06	4,155401E+02	4,933428E+01	5,568179E+03
0,975	-1,199305E+06	4,193479E+02	4,854902E+01	5,568179E+03
0,98	-1,199304E+06	3,779780E+02	4,734474E+01	5,568179E+03
0,985	-1,199305E+06	3,890375E+02	4,564340E+01	5,568179E+03
0,99	-1,199305E+06	3,972358E+02	4,400824E+01	5,568179E+03
0,995	-1,199305E+06	4,039304E+02	4,352144E+01	5,568179E+03
1,0	-1,199305E+06	4,067806E+02	4,533815E+01	5,568179E+03
1,005	-1,199304E+06	3,876193E+02	4,740248E+01	5,568179E+03
1,01	-1,199305E+06	4,121152E+02	4,868448E+01	5,568179E+03
1,015	-1,199305E+06	4,015825E+02	4,921913E+01	5,568179E+03
1,02	-1,199304E+06	3,735090E+02	4,930754E+01	5,568179E+03
1,025	-1,199305E+06	3,963178E+02	5,105516E+01	5,568179E+03
1,03	-1,199305E+06	3,929749E+02	5,304631E+01	5,568179E+03
1,035	-1,199305E+06	3,746766E+02	5,363069E+01	5,568179E+03
1,04	-1,199305E+06	3,839615E+02	5,314047E+01	5,568179E+03
1,045	-1,199305E+06	3,829576E+02	5,200513E+01	5,568179E+03
1,05	-1,199304E+06	3,604623E+02	5,219330E+01	5,568179E+03
1,055	-1,199305E+06	3,788942E+02	5,299234E+01	5,568179E+03
1,06	-1,199305E+06	3,816988E+02	5,277910E+01	5,568179E+03
1,065	-1,199305E+06	3,741013E+02	5,093056E+01	5,568179E+03
1,07	-1,199305E+06	3,679030E+02	4,806521E+01	5,568179E+03
1,075	-1,199305E+06	3,662268E+02	4,666210E+01	5,568179E+03
1,08	-1,199305E+06	3,772281E+02	4,717875E+01	5,568179E+03
1,085	-1,199305E+06	3,865979E+02	4,786685E+01	5,568179E+03
1,09	-1,199305E+06	3,679335E+02	4,856822E+01	5,568179E+03
1,095	-1,199305E+06	3,579990E+02	4,863869E+01	5,568179E+03
1,1	-1,199305E+06	3,536799E+02	4,930000E+01	5,568179E+03
1,105	-1,199305E+06	3,535260E+02	5,166917E+01	5,568179E+03
1,11	-1,199306E+06	3,753031E+02	5,384951E+01	5,568179E+03
1,115	-1,199305E+06	3,689534E+02	5,553336E+01	5,568179E+03
1,12	-1,199305E+06	3,620620E+02	5,638767E+01	5,568179E+03
1,125	-1,199306E+06	3,655337E+02	5,582175E+01	5,568179E+03
1,13	-1,199305E+06	3,560205E+02	5,493064E+01	5,568179E+03
1,135	-1,199306E+06	3,602482E+02	5,405202E+01	5,568179E+03
1,14	-1,199306E+06	3,548755E+02	5,319488E+01	5,568179E+03
1,145	-1,199305E+06	3,414007E+02	5,254758E+01	5,568179E+03
1,15	-1,199306E+06	3,516697E+02	5,158761E+01	5,568179E+03
1,155	-1,199306E+06	3,546268E+02	5,050045E+01	5,568179E+03
1,16	-1,199306E+06	3,433714E+02	5,069266E+01	5,568179E+03
1,165	-1,199306E+06	3,322063E+02	5,228521E+01	5,568179E+03
1,17	-1,199306E+06	3,316269E+02	5,375224E+01	5,568179E+03
1,175	-1,199306E+06	3,349035E+02	5,486628E+01	5,568179E+03
1,18	-1,199306E+06	3,420318E+02	5,498081E+01	5,568179E+03
1,185	-1,199306E+06	3,393266E+02	5,449435E+01	5,568179E+03
1,19	-1,199306E+06	3,368955E+02	5,507391E+01	5,568179E+03
1,195	-1,199306E+06	3,464517E+02	5,533825E+01	5,568179E+03
1,2	-1,199306E+06	3,353335E+02	5,484088E+01	5,568179E+03
1,205	-1,199306E+06	3,147652E+02	5,372357E+01	5,568179E+03
1,21	-1,199306E+06	3,200739E+02	5,143666E+01	5,568179E+03
1,215	-1,199306E+06	3,224528E+02	5,098439E+01	5,568179E+03
1,22	-1,199306E+06	3,298662E+02	5,231767E+01	5,568179E+03
1,225	-1,199307E+06	3,455585E+02	5,297156E+01	5,568179E+03
1,23	-1,199306E+06	3,266816E+02	5,305372E+01	5,568179E+03
1,235	-1,199306E+06	3,172694E+02	5,217205E+01	5,568179E+03
1,24	-1,199307E+06	3,259795E+02	5,167465E+01	5,568179E+03
1,245	-1,199307E+06	3,230278E+02	5,273210E+01	5,568179E+03
1,25	-1,199307E+06	3,236644E+02	5,372901E+01	5,568179E+03
1,255	-1,199307E+06	3,322545E+02	5,384696E+01	5,568179E+03
1,26	-1,199307E+06	3,308671E+02	5,341546E+01	5,568179E+03
1,265	-1,199306E+06	2,960406E+02	5,314878E+01	5,568179E+03
1,27	-1,199307E+06	2,996656E+02	5,344561E+01	5,568179E+03
1,275	-1,199307E+06	3,058305E+02	5,432526E+01	5,568179E+03
1,28	-1,199306E+06	2,964902E+02	5,476077E+01	5,568179E+03
1,285	-1,199307E+06	3,142347E+02	5,412855E+01	5,568179E+03
1,29	-1,199307E+06	2,949103E+02	5,325654E+01	5,568179E+03
1,295	-1,199307E+06	2,969809E+02	5,201750E+01	5,568179E+03
1,3	-1,199308E+06	3,121667E+02	5,145021E+01	5,568179E+03
1,305	-1,199307E+06	2,930544E+02	5,203338E+01	5,568179E+03
1,31	-1,199307E+06	2,944587E+02	5,202534E+01	5,568179E+03
1,315	-1,199307E+06	2,932496E+02	5,179813E+01	5,568179E+03
1,32	-1,199307E+06	2,843113E+02	5,210936E+01	5,568179E+03
1,325	-1,199307E+06	2,913422E+02	5,288933E+01	5,568179E+03
1,33	-1,199307E+06	2,975309E+02	5,444503E+01	5,568179E+03
1,335	-1,199307E+06	2,923858E+02	5,582696E+01	5,568179E+03
1,34	-1,199307E+06	3,036430E+02	5,644974E+01	5,568179E+03
1,345	-1,199307E+06	2,934566E+02	5,683668E+01	5,568179E+03
1,35	-1,199307E+06	2,801978E+02	5,612121E+01	5,568179E+03
1,355	-1,199308E+06	2,848194E+02	5,519116E+01	5,568179E+03
1,36	-1,199307E+06	2,694842E+02	5,481374E+01	5,568179E+03
1,365	-1,199308E+06	2,881221E+02	5,345088E+01	5,568179E+03
1,37	-1,199308E+06	2,885031E+02	5,148041E+01	5,568179E+03
1,375	-1,199307E+06	2,649474E+02	4,947157E+01	5,568179E+03
1,38	-1,199307E+06	2,689108E+02	4,900307E+01	5,568179E+03
1,385	-1,199308E+06	2,942198E+02	5,052131E+01	5,568179E+03
1,39	-1,199308E+06	2,829127E+02	5,212640E+01	5,568179E+03
1,395	-1,199307E+06	2,562334E+02	5,299881E+01	5,568179E+03
1,4	-1,199308E+06	2,658990E+02	5,357887E+01	5,568179E+03
1,405	-1,199307E+06	2,722741E+02	5,488340E+01	5,568179E+03
1,41	-1,199308E+06	2,914425E+02	5,676973E+01	5,568179E+03
1,415	-1,199308E+06	2,875211E+02	5,823233E+01	5,568179E+03
1,42	-1,199308E+06	2,841246E+02	5,797923E+01	5,568179E+03
1,425	-1,199308E+06	2,745889E+02	5,630863E+01	5,568179E+03
1,43	-1,199307E+06	2,567367E+02	5,461605E+01	5,568179E+03
1,435	-1,199308E+06	2,675596E+02	5,354109E+01	5,568179E+03
1,44	-1,199308E+06	2,588321E+02	5,327932E+01	5,568179E+03
1,445	-1,199308E+06	2,539625E+02	5,330607E+01	5,568179E+03
1,45	-1,199308E+06	2,624520E+02	5,307769E+01	5,568179E+03
1,455	-1,199308E+06	2,671799E+02	5,262997E+01	5,568179E+03
1,46	-1,199308E+06	2,655414E+02	5,226485E+01	5,568179E+03
1,465	-1,199308E+06	2,574409E+02	5,251711E+01	5,568179E+03
1,47	-1,199308E+06	2,447191E+02	5,345341E+01	5,568179E+03
1,475	-1,199308E+06	2,658918E+02	5,370917E+01	5,568179E+03
1,48	-1,199308E+06	2,671711E+02	5,343101E+01	5,568179E+03
1,485	-1,199308E+06	2,409140E+02	5,309187E+01	5,568179E+03
1,49	-1,199308E+06	2,527716E+02	5,297846E+01	5,568179E+03
1,495	-1,199308E+06	2,478845E+02	5,384675E+01	5,568179E+03
1,5	-1,199308E+06	2,353732E+02	5,434878E+01	5,568179E+03
1,505	-1,199308E+06	2,414477E+02	5,429624E+01	5,568179E+03
1,51	-1,199308E+06	2,448894E+02	5,448676E+01	5,568179E+03
1,515	-1,199308E+06	2,499207E+02	5,431528E+01	5,568179E+03
1,52	-1,199309E+06	2,517406E+02	5,411698E+01	5,568179E+03
1,525	-1,199308E+06	2,329734E+02	5,417239E+01	5,568179E+03
1,53	-1,199308E+06	2,250241E+02	5,355953E+01	5,568179E+03
1,535	-1,199309E+06	2,400456E+02	5,210841E+01	5,568179E+03
1,54	-1,199308E+06	2,309065E+02	5,090573E+01	5,568179E+03
1,545	-1,199309E+06	2,407566E+02	5,062351E+01	5,568179E+03
1,55	-1,199309E+06	2,475656E+02	5,122860E+01	5,568179E+03
1,555	-1,199308E+06	2,361536E+02	5,208603E+01	5,568179E+03
1,56	-1,199309E+06	2,489579E+02	5,262206E+01	5,568179E+03
1,565	-1,199309E+06	2,438915E+02	5,329496E+01	5,568179E+03
1,57	-1,199308E+06	2,235403E+02	5,463308E+01	5,568179E+03
1,575	-1,199309E+06	2,303604E+02	5,638644E+01	5,568179E+03
1,58	-1,199309E+06	2,412212E+02	5,791496E+01	5,568179E+03
1,585	-1,199309E+06	2,429100E+02	5,821970E+01	5,568179E+03
1,59	-1,199309E+06	2,466613E+02	5,701107E+01	5,568179E+03
1,595	-1,199309E+06	2,185973E+02	5,555188E+01	5,568179E+03
1,6	-1,199309E+06	2,126521E+02	5,447695E+01	5,568179E+03
1,605	-1,199310E+06	2,338021E+02	5,402339E+01	5,568179E+03
1,61	-1,199309E+06	2,150954E+02	5,394832E+01	5,568179E+03
1,615	-1,199309E+06	2,258348E+02	5,304396E+01	5,568179E+03
1,62	-1,199309E+06	2,322109E+02	5,206180E+01	5,568179E+03
1,625	-1,199309E+06	2,186899E+02	5,195964E+01	5,568179E+03
1,63	-1,199310E+06	2,344376E+02	5,267712E+01	5,568179E+03
1,635	-1,199309E+06	2,234095E+02	5,421001E+01	5,568179E+03
1,64	-1,199309E+06	2,146326E+02	5,535883E+01	5,568179E+03
1,645	-1,199309E+06	2,145178E+02	5,584094E+01	5,568179E+03
1,65	-1,199309E+06	2,181676E+02	5,630640E+01	5,568179E+03
1,655	-1,199309E+06	2,114343E+02	5,710122E+01	5,568179E+03
1,66	-1,199309E+06	2,113308E+02	5,782329E+01	5,568179E+03
1,665	-1,199310E+06	2,136808E+02	5,796236E+01	5,568179E+03
1,67	-1,199309E+06	2,092685E+02	5,704134E+01	5,568179E+03
1,675	-1,199310E+06	2,178426E+02	5,512814E+01	5,568179E+03
1,68	-1,199309E+06	2,011708E+02	5,377956E+01	5,568179E+03
1,685	-1,199309E+06	2,014383E+02	5,296506E+01	5,568179E+03
1,69	-1,199310E+06	2,081695E+02	5,251994E+01	5,568179E+03
1,695	-1,199309E+06	1,978499E+02	5,272692E+01	5,568179E+03
1,7	-1,199310E+06	2,112467E+02	5,258201E+01	5,568179E+03
1,705	-1,199309E+06	2,094945E+02	5,287687E+01	5,568179E+03
1,71	-1,199309E+06	2,101485E+02	5,425685E+01	5,568179E+03
1,715	-1,199310E+06	2,226622E+02	5,567644E+01	5,568179E+03
1,72	-1,199309E+06	2,057459E+02	5,676145E+01	5,568179E+03
1,725	-1,199309E+06	1,962716E+02	5,704711E+01	5,568179E+03
1,73	-1,199310E+06	2,001134E+02	5,691562E+01	5,568179E+03
1,735	-1,199310E+06	2,011979E+02	5,733474E+01	5,568179E+03
1,74	-1,199310E+06	2,065613E+02	5,773663E+01	5,568179E+03
1,745	-1,199310E+06	2,021548E+02	5,754004E+01	5,568179E+03
1,75	-1,199310E+06	2,023728E+02	5,660224E+01	5,568179E+03
1,755	-1,199310E+06	1,970137E+02	5,531007E+01	5,568179E+03
1,76	-1,199310E+06	1,943754E+02	5,445011E+01	5,568179E+03
1,765	-1,199310E+06	1,973091E+02	5,434476E+01	5,568179E+03
1,77	-1,199310E+06	1,938195E+02	5,449376E+01	5,568179E+03
1,775	-1,199310E+06	2,044730E+02	5,420566E+01	5,568179E+03
1,78	-1,199310E+06	2,031817E+02	5,360798E+01	5,568179E+03
1,785	-1,199310E+06	1,980965E+02	5,321183E+01	5,568179E+03
1,79	-1,199310E+06	1,889508E+02	5,341502E+01	5,568179E+03
1,795	-1,199310E+06	1,820486E+02	5,385775E+01	5,568179E+03
1,8	-1,199310E+06	1,825917E+02	5,443138E+01	5,568179E+03
1,805	-1,199310E+06	1,864788E+02	5,462409E+01	5,568179E+03
1,81	-1,199310E+06	1,877513E+02	5,421636E+01	5,568179E+03
1,815	-1,199310E+06	1,798422E+02	5,402590E+01	5,568179E+03
1,82	-1,199310E+06	1,858557E+02	5,409914E+01	5,568179E+03
1,825	-1,199310E+06	1,858242E+02	5,431651E+01	5,568179E+03
1,83	-1,199310E+06	1,737737E+02	5,437880E+01	5,568179E+03
1,835	-1,199310E+06	1,893444E+02	5,350038E+01	5,568179E+03
1,84	-1,199310E+06	1,902130E+02	5,223537E+01	5,568179E+03
1,845	-1,199310E+06	1,805396E+02	5,147347E+01	5,568179E+03
1,85	-1,199310E+06	1,815656E+02	5,175891E+01	5,568179E+03
1,855	-1,199310E+06	1,765255E+02	5,265291E+01	5,568179E+03
1,86	-1,199310E+06	1,751834E+02	5,322457E+01	5,568179E+03
1,865	-1,199310E+06	1,785904E+02	5,361508E+01	5,568179E+03
1,87	-1,199310E+06	1,817418E+02	5,425848E+01	5,568179E+03
1,875	-1,199310E+06	1,831023E+02	5,530907E+01	5,568179E+03
1,88	-1,199310E+06	1,822212E+02	5,615692E+01	5,568179E+03
1,885	-1,199310E+06	1,809766E+02	5,610510E+01	5,568179E+03
1,89	-1,199310E+06	1,794255E+02	5,487522E+01	5,568179E+03
1,895	-1,199310E+06	1,731843E+02	5,293333E+01	5,568179E+03
1,9	-1,199310E+06	1,706413E+02	5,152005E+01	5,568179E+03
1,905	-1,199310E+06	1,688164E+02	5,081384E+01	5,568179E+03
1,91	-1,199310E+06	1,757784E+02	5,049286E+01	5,568179E+03
1,915	-1,199310E+06	1,787516E+02	5,033925E+01	5,568179E+03
1,92	-1,199310E+06	1,737574E+02	4,979661E+01	5,568179E+03
1,925	-1,199310E+06	1,717237E+02	4,994054E+01	5,568179E+03
1,93	-1,199310E+06	1,724465E+02	5,136497E+01	5,568179E+03
1,935	-1,199311E+06	1,736448E+02	5,289141E+01	5,568179E+03
1,94	-1,199310E+06	1,644727E+02	5,421254E+01	5,568179E+03
1,945	-1,199310E+06	1,702268E+02	5,493025E+01	5,568179E+03
1,95	-1,199310E+06	1,702919E+02	5,517359E+01	5,568179E+03
1,955	-1,199310E+06	1,622185E+02	5,554965E+01	5,568179E+03
1,96	-1,199311E+06	1,717964E+02	5,571294E+01	5,568179E+03
1,965	-1,199310E+06	1,669557E+02	5,549774E+01	5,568179E+03
1,97	-1,199310E+06	1,669201E+02	5,455826E+01	5,568179E+03
1,975	-1,199310E+06	1,635399E+02	5,290821E+01	5,568179E+03
1,98	-1,199310E+06	1,572661E+02	5,126672E+01	5,568179E+03
1,985	-1,199310E+06	1,682879E+02	5,046598E+01	5,568179E+03
1,99	-1,199310E+06	1,656259E+02	5,062766E+01	5,568179E+03
1,995	-1,199310E+06	1,583742E+02	5,075588E+01	5,568179E+03
2,0	-1,199310E+06	1,628241E+02	5,059873E+01	5,568179E+03
2,005	-1,199310E+06	1,550634E+02	5,043695E+01	5,568179E+03
2,01	-1,199310E+06	1,540138E+02	5,044672E+01	5,568179E+03
2,015	-1,199310E+06	1,578324E+02	5,130870E+01	5,568179E+03
2,02	-1,199310E+06	1,573027E+02	5,233338E+01	5,568179E+03
2,025	-1,199311E+06	1,615815E+02	5,270395E+01	5,568179E+03
2,03	-1,199310E+06	1,565811E+02	5,278859E+01	5,568179E+03
2,035	-1,199311E+06	1,608541E+02	5,279054E+01	5,568179E+03
2,04	-1,199311E+06	1,675911E+02	5,328545E+01	5,568179E+03
2,045	-1,199310E+06	1,623091E+02	5,395514E+01	5,568179E+03
2,05	-1,199311E+06	1,596661E+02	5,379883E+01	5,568179E+03
2,055	-1,199310E+06	1,504965E+02	5,292063E+01	5,568179E+03
2,06	-1,199311E+06	1,493630E+02	5,172934E+01	5,568179E+03
2,065	-1,199311E+06	1,531065E+02	5,097949E+01	5,568179E+03
2,07	-1,199311E+06	1,586637E+02	5,076175E+01	5,568179E+03
2,075	-1,199311E+06	1,538543E+02	5,049056E+01	5,568179E+03
2,08	-1,199310E+06	1,505010E+02	4,972576E+01	5,568179E+03
2,085	-1,199311E+06	1,582165E+02	4,868236E+01	5,568179E+03
2,09	-1,199310E+06	1,432138E+02	4,850779E+01	5,568179E+03
2,095	-1,199310E+06	1,457612E+02	4,933940E+01	5,568179E+03
2,1	-1,199311E+06	1,563195E+02	5,074369E+01	5,568179E+03
2,105	-1,199310E+06	1,508538E+02	5,204440E+01	5,568179E+03
2,11	-1,199311E+06	1,552723E+02	5,250451E+01	5,568179E+03
2,115	-1,199310E+06	1,463196E+02	5,276847E+01	5,568179E+03
2,12	-1,199311E+06	1,489794E+02	5,301946E+01	5,568179E+03
2,125	-1,199311E+06	1,476107E+02	5,336345E+01	5,568179E+03
2,13	-1,199310E+06	1,395570E+02	5,370054E+01	5,568179E+03
2,135	-1,199311E+06	1,481613E+02	5,350218E+01	5,568179E+03
2,14	-1,199310E+06	1,463424E+02	5,291687E+01	5,568179E+03
2,145	-1,199310E+06	1,439794E+02	5,228704E+01	5,568179E+03
2,15	-1,199311E+06	1,522316E+02	5,212161E+01	5,568179E+03
2,155	-1,199311E+06	1,468044E+02	5,230680E+01	5,568179E+03
2,16	-1,199310E+06	1,384493E+02	5,235259E+01	5,568179E+03
2,165	-1,199310E+06	1,416676E+02	5,244825E+01	5,568179E+03
2,17	-1,199310E+06	1,452034E+02	5,235624E+01	5,568179E+03
2,175	-1,199310E+06	1,457564E+02	5,227633E+01	5,568179E+03
2,18	-1,199310E+06	1,483168E+02	5,260497E+01	5,568179E+03
2,185	-1,199310E+06	1,497605E+02	5,253399E+01	5,568179E+03
2,19	-1,199310E+06	1,475313E+02	5,175281E+01	5,568179E+03
2,195	-1,199310E+06	1,388068E+02	5,066245E+01	5,568179E+03
2,2	-1,199310E+06	1,377881E+02	4,978770E+01	5,568179E+03
2,205	-1,199311E+06	1,442985E+02	4,981374E+01	5,568179E+03
2,21	-1,199311E+06	1,382142E+02	5,039830E+01	5,568179E+03
2,215	-1,199310E+06	1,342641E+02	5,090217E+01	5,568179E+03
2,22	-1,199311E+06	1,421856E+02	5,117667E+01	5,568179E+03
2,225	-1,199310E+06	1,339968E+02	5,132373E+01	5,568179E+03
2,23	-1,199310E+06	1,323617E+02	5,183221E+01	5,568179E+03
2,235	-1,199311E+06	1,399704E+02	5,274367E+01	5,568179E+03
2,24	-1,199310E+06	1,389569E+02	5,331259E+01	5,568179E+03
2,245	-1,199311E+06	1,409174E+02	5,325292E+01	5,568179E+03
2,25	-1,199310E+06	1,384154E+02	5,289163E+01	5,568179E+03
2,255	-1,199310E+06	1,380726E+02	5,261314E+01	5,568179E+03
2,26	-1,199311E+06	1,388363E+02	5,257261E+01	5,568179E+03
2,265	-1,199310E+06	1,340430E+02	5,245717E+01	5,568179E+03
2,27	-1,199310E+06	1,338818E+02	5,197150E+01	5,568179E+03
2,275	-1,199311E+06	1,456018E+02	5,097760E+01	5,568179E+03
2,28	-1,199310E+06	1,382318E+02	5,009940E+01	5,568179E+03
2,285	-1,199310E+06	1,301802E+02	4,987400E+01	5,568179E+03
2,29	-1,199311E+06	1,331477E+02	5,039174E+01	5,568179E+03
2,295	-1,199310E+06	1,294883E+02	5,119985E+01	5,568179E+03
2,3	-1,199311E+06	1,374323E+02	5,141468E+01	5,568179E+03
2,305	-1,199311E+06	1,299501E+02	5,140415E+01	5,568179E+03
2,31	-1,199310E+06	1,183059E+02	5,166364E+01	5,568179E+03
2,315	-1,199311E+06	1,274161E+02	5,201951E+01	5,568179E+03
2,32	-1,199310E+06	1,265115E+02	5,242779E+01	5,568179E+03
2,325	-1,199310E+06	1,264799E+02	5,238761E+01	5,568179E+03
2,33	-1,199311E+06	1,333084E+02	5,174407E+01	5,568179E+03
2,335	-1,199311E+06	1,322982E+02	5,103352E+01	5,568179E+03
2,34	-1,199311E+06	1,285141E+02	5,051453E+01	5,568179E+03
2,345	-1,199311E+06	1,259784E+02	5,034543E+01	5,568179E+03
2,35	-1,199311E+06	1,230153E+02	5,031431E+01	5,568179E+03
2,355	-1,199311E+06	1,239816E+02	4,979931E+01	5,568179E+03
2,36	-1,199311E+06	1,243369E+02	4,916397E+01	5,568179E+03
2,365	-1,199311E+06	1,230128E+02	4,914650E+01	5,568179E+03
2,37	-1,199311E+06	1,307760E+02	4,960904E+01	5,568179E+03
2,375	-1,199311E+06	1,290143E+02	5,025501E+01	5,568179E+03
2,38	-1,199311E+06	1,241572E+02	5,060824E+01	5,568179E+03
2,385	-1,199311E+06	1,283963E+02	5,039507E+01	5,568179E+03
2,39	-1,199311E+06	1,249310E+02	5,021090E+01	5,568179E+03
2,395	-1,199311E+06	1,255359E+02	5,049126E+01	5,568179E+03
2,4	-1,199311E+06	1,280938E+02	5,127028E+01	5,568179E+03
2,405	-1,199311E+06	1,251480E+02	5,212641E+01	5,568179E+03
2,41	-1,199311E+06	1,303459E+02	5,241964E+01	5,568179E+03
2,415	-1,199311E+06	1,245162E+02	5,240565E+01	5,568179E+03
2,42	-1,199310E+06	1,152833E+02	5,245962E+01	5,568179E+03
2,425	-1,199311E+06	1,203750E+02	5,252284E+01	5,568179E+03
2,43	-1,199311E+06	1,196549E+02	5,263673E+01	5,568179E+03
2,435	-1,199311E+06	1,224471E+02	5,257060E+01	5,568179E+03
2,44	-1,199311E+06	1,294833E+02	5,216945E+01	5,568179E+03
2,445	-1,199311E+06	1,242436E+02	5,194781E+01	5,568179E+03
2,45	-1,199311E+06	1,268611E+02	5,225240E+01	5,568179E+03
2,455	-1,199311E+06	1,299552E+02	5,286169E+01	5,568179E+03
2,46	-1,199311E+06	1,196617E+02	5,326002E+01	5,568179E+03
2,465	-1,199311E+06	1,178113E+02	5,299943E+01	5,568179E+03
2,47	-1,199311E+06	1,187287E+02	5,235202E+01	5,568179E+03
2,475	-1,199311E+06	1,117588E+02	5,193038E+01	5,568179E+03
2,48	-1,199311E+06	1,157366E+02	5,176576E+01	5,568179E+03
2,485	-1,199311E+06	1,205342E+02	5,153828E+01	5,568179E+03
2,49	-1,199310E+06	1,171135E+02	5,089993E+01	5,568179E+03
2,495	-1,199311E+06	1,295303E+02	4,967123E+01	5,568179E+03
2,5	-1,199311E+06	1,180404E+02	4,874744E+01	5,568179E+03
2,505	-1,199311E+06	1,073714E+02	4,871830E+01	5,568179E+03
2,51	-1,199311E+06	1,140148E+02	4,956832E+01	5,568179E+03
2,515	-1,199311E+06	1,152079E+02	5,066026E+01	5,568179E+03
2,52	-1,199311E+06	1,182812E+02	5,130643E+01	5,568179E+03
2,525	-1,199311E+06	1,170894E+02	5,164701E+01	5,568179E+03
2,53	-1,199311E+06	1,145858E+02	5,210923E+01	5,568179E+03
2,535	-1,199311E+06	1,164612E+02	5,277764E+01	5,568179E+03
2,54	-1,199311E+06	1,152516E+02	5,314708E+01	5,568179E+03
2,545	-1,199311E+06	1,091692E+02	5,278411E+01	5,568179E+03
2,55	-1,199311E+06	1,080842E+02	5,189274E+01	5,568179E+03
2,555	-1,199311E+06	1,175359E+02	5,111163E+01	5,568179E+03
2,56	-1,199311E+06	1,196184E+02	5,103737E+01	5,568179E+03
2,565	-1,199311E+06	1,185149E+02	5,137592E+01	5,568179E+03
2,57	-1,199311E+06	1,169849E+02	5,164675E+01	5,568179E+03
2,575	-1,199311E+06	1,128340E+02	5,173075E+01	5,568179E+03
2,58	-1,199311E+06	1,148376E+02	5,166599E+01	5,568179E+03
2,585	-1,199311E+06	1,142337E+02	5,202897E+01	5,568179E+03
2,59	-1,199311E+06	1,148320E+02	5,293212E+01	5,568179E+03
2,595	-1,199311E+06	1,129702E+02	5,373974E+01	5,568179E+03
2,6	-1,199311E+06	1,128902E+02	5,398141E+01	5,568179E+03
2,605	-1,199311E+06	1,155676E+02	5,367842E+01	5,568179E+03
2,61	-1,199311E+06	1,162442E+02	5,319449E+01	5,568179E+03
2,615	-1,199311E+06	1,153333E+02	5,288291E+01	5,568179E+03
2,62	-1,199311E+06	1,130255E+02	5,256742E+01	5,568179E+03
2,625	-1,199311E+06	1,110357E+02	5,190750E+01	5,568179E+03
2,63	-1,199311E+06	1,091365E+02	5,105059E+01	5,568179E+03
2,635	-1,199311E+06	1,075860E+02	5,036577E+01	5,568179E+03
2,64	-1,199311E+06	1,095295E+02	5,020612E+01	5,568179E+03
2,645	-1,199311E+06	1,131234E+02	5,067914E+01	5,568179E+03
2,65	-1,199311E+06	1,067220E+02	5,129213E+01	5,568179E+03
2,655	-1,199311E+06	1,050452E+02	5,157081E+01	5,568179E+03
2,66	-1,199311E+06	1,096603E+02	5,160371E+01	5,568179E+03
2,665	-1,199311E+06	1,062485E+02	5,165674E+01	5,568179E+03
2,67	-1,199311E+06	1,107010E+02	5,213320E+01	5,568179E+03
2,675	-1,199311E+06	1,124223E+02	5,311479E+01	5,568179E+03
2,68	-1,199311E+06	1,067707E+02	5,379927E+01	5,568179E+03
2,685	-1,199311E+06	1,059942E+02	5,395989E+01	5,568179E+03
2,69	-1,199311E+06	1,079135E+02	5,398227E+01	5,568179E+03
2,695	-1,199311E+06	1,133115E+02	5,406022E+01	5,568179E+03
2,7	-1,199311E+06	1,135540E+02	5,438110E+01	5,568179E+03
2,705	-1,199311E+06	1,030247E+02	5,476062E+01	5,568179E+03
2,71	-1,199311E+06	1,027494E+02	5,466512E+01	5,568179E+03
2,715	-1,199311E+06	1,095963E+02	5,398587E+01	5,568179E+03
2,72	-1,199311E+06	1,066145E+02	5,334557E+01	5,568179E+03
2,725	-1,199311E+06	1,071948E+02	5,332280E+01	5,568179E+03
2,73	-1,199311E+06	1,128227E+02	5,362390E+01	5,568179E+03
2,735	-1,199311E+06	1,096650E+02	5,371714E+01	5,568179E+03
2,74	-1,199311E+06	1,086432E+02	5,334449E+01	5,568179E+03
2,745	-1,199311E+06	1,116661E+02	5,283083E+01	5,568179E+03
2,75	-1,199311E+06	1,089083E+02	5,292034E+01	5,568179E+03
2,755	-1,199311E+06	1,073915E+02	5,370529E+01	5,568179E+03
2,76	-1,199311E+06	1,124516E+02	5,463108E+01	5,568179E+03
2,765	-1,199311E+06	1,099118E+02	5,517488E+01	5,568179E+03
2,77	-1,199311E+06	1,027656E+02	5,514415E+01	5,568179E+03
2,775	-1,199311E+06	1,029886E+02	5,491780E+01	5,568179E+03
2,78	-1,199311E+06	1,058984E+02	5,477788E+01	5,568179E+03
2,785	-1,199311E+06	1,046627E+02	5,450642E+01	5,568179E+03
2,79	-1,199311E+06	1,040068E+02	5,388988E+01	5,568179E+03
2,795	-1,199311E+06	1,036334E+02	5,302239E+01	5,568179E+03
2,8	-1,199311E+06	1,000234E+02	5,224461E+01	5,568179E+03
2,805	-1,199311E+06	1,050009E+02	5,190783E+01	5,568179E+03
2,81	-1,199311E+06	1,060821E+02	5,231756E+01	5,568179E+03
2,815	-1,199311E+06	1,035894E+02	5,313457E+01	5,568179E+03
2,82	-1,199311E+06	1,065917E+02	5,380444E+01	5,568179E+03
2,825	-1,199311E+06	1,051171E+02	5,407949E+01	5,568179E+03
2,83	-1,199311E+06	9,971743E+01	5,394119E+01	5,568179E+03
2,835	-1,199311E+06	1,012452E+02	5,374546E+01	5,568179E+03
2,84	-1,199311E+06	1,034457E+02	5,366454E+01	5,568179E+03
2,845	-1,199311E+06	9,874298E+01	5,342278E+01	5,568179E+03
2,85	-1,199311E+06	1,012426E+02	5,298351E+01	5,568179E+03
2,855	-1,199311E+06	1,020305E+02	5,271081E+01	5,568179E+03
2,86	-1,199311E+06	1,005202E+02	5,291569E+01	5,568179E+03
2,865	-1,199311E+06	1,059124E+02	5,378619E+01	5,568179E+03
2,87	-1,199311E+06	1,038518E+02	5,482600E+01	5,568179E+03
2,875	-1,199311E+06	1,012901E+02	5,520511E+01	5,568179E+03
2,88	-1,199311E+06	1,017801E+02	5,506383E+01	5,568179E+03
2,885	-1,199311E+06	1,034582E+02	5,496423E+01	5,568179E+03
2,89	-1,199311E+06	1,055239E+02	5,524557E+01	5,568179E+03
2,895	-1,199311E+06	9,710655E+01	5,573131E+01	5,568179E+03
2,9	-1,199311E+06	9,784768E+01	5,564817E+01	5,568179E+03
2,905	-1,199311E+06	1,030528E+02	5,496834E+01	5,568179E+03
2,91	-1,199311E+06	9,938642E+01	5,426682E+01	5,568179E+03
2,915	-1,199311E+06	1,030272E+02	5,402089E+01	5,568179E+03
2,92	-1,199311E+06	1,013835E+02	5,438441E+01	5,568179E+03
2,925	-1,199311E+06	1,000632E+02	5,466896E+01	5,568179E+03
2,93	-1,199311E+06	1,039436E+02	5,448402E+01	5,568179E+03
2,935	-1,199311E+06	1,041196E+02	5,408911E+01	5,568179E+03
2,94	-1,199311E+06	1,071739E+02	5,386023E+01	5,568179E+03
2,945	-1,199311E+06	1,048640E+02	5,395803E+01	5,568179E+03
2,95	-1,199311E+06	1,010023E+02	5,409491E+01	5,568179E+03
2,955	-1,199311E+06	9,695481E+01	5,412994E+01	5,568179E+03
2,96	-1,199311E+06	9,898789E+01	5,396352E+01	5,568179E+03
2,965	-1,199311E+06	1,016681E+02	5,390339E+01	5,568179E+03
2,97	-1,199311E+06	1,004642E+02	5,425146E+01	5,568179E+03
2,975	-1,199311E+06	1,009873E+02	5,498825E+01	5,568179E+03
2,98	-1,199311E+06	9,721363E+01	5,592013E+01	5,568179E+03
2,985	-1,199311E+06	1,027798E+02	5,642157E+01	5,568179E+03
2,99	-1,199311E+06	1,014998E+02	5,648443E+01	5,568179E+03
2,995	-1,199311E+06	9,695524E+01	5,633551E+01	5,568179E+03
3,0	-1,199311E+06	1,009949E+02	5,611456E+01	5,568179E+03
3,005	-1,199311E+06	9,239091E+01	5,612257E+01	5,568179E+03
3,01	-1,199311E+06	9,744848E+01	5,594147E+01	5,568179E+03
3,015	-1,199311E+06	1,032247E+02	5,532998E+01	5,568179E+03
3,02	-1,199311E+06	9,592955E+01	5,458786E+01	5,568179E+03
3,025	-1,199311E+06	1,010071E+02	5,406534E+01	5,568179E+03
3,03	-1,199311E+06	9,666910E+01	5,414231E+01	5,568179E+03
3,035	-1,199311E+06	8,881960E+01	5,457074E+01	5,568179E+03
3,04	-1,199311E+06	1,003490E+02	5,491474E+01	5,568179E+03
3,045	-1,199311E+06	1,015221E+02	5,516207E+01	5,568179E+03
3,05	-1,199311E+06	9,263281E+01	5,555860E+01	5,568179E+03
3,055	-1,199311E+06	9,766912E+01	5,633749E+01	5,568179E+03
3,06	-1,199311E+06	9,720014E+01	5,710971E+01	5,568179E+03
3,065	-1,199311E+06	9,714147E+01	5,728833E+01	5,568179E+03
3,07	-1,199311E+06	1,017140E+02	5,685706E+01	5,568179E+03
3,075	-1,199311E+06	9,524510E+01	5,622583E+01	5,568179E+03
3,08	-1,199311E+06	9,484574E+01	5,603613E+01	5,568179E+03
3,085	-1,199311E+06	9,968732E+01	5,626560E+01	5,568179E+03
3,09	-1,199311E+06	1,002716E+02	5,623428E+01	5,568179E+03
3,095	-1,199311E+06	1,031285E+02	5,563269E+01	5,568179E+03
3,1	-1,199311E+06	1,025889E+02	5,482667E+01	5,568179E+03
3,105	-1,199311E+06	9,982609E+01	5,453417E+01	5,568179E+03
3,11	-1,199311E+06	1,034349E+02	5,484254E+01	5,568179E+03
3,115	-1,199311E+06	1,024746E+02	5,522195E+01	5,568179E+03
3,12	-1,199311E+06	9,045812E+01	5,544581E+01	5,568179E+03
3,125	-1,199311E+06	9,792648E+01	5,531067E+01	5,568179E+03
3,13	-1,199311E+06	9,497104E+01	5,527185E+01	5,568179E+03
3,135	-1,199311E+06	9,008615E+01	5,545425E+01	5,568179E+03
3,14	-1,199311E+06	9,824754E+01	5,557960E+01	5,568179E+03
3,145	-1,199311E+06	9,672982E+01	5,560999E+01	5,568179E+03
3,15	-1,199311E+06	1,059100E+02	5,519036E+01	5,568179E+03
3,155	-1,199311E+06	1,005128E+02	5,466576E+01	5,568179E+03
3,16	-1,199311E+06	9,157684E+01	5,455596E+01	5,568179E+03
3,165	-1,199311E+06	9,977296E+01	5,491143E+01	5,568179E+03
3,17	-1,199311E+06	9,577062E+01	5,559216E+01	5,568179E+03
3,175	-1,199311E+06	9,657050E+01	5,613001E+01	5,568179E+03
3,18	-1,199311E+06	9,925204E+01	5,619565E+01	5,568179E+03
3,185	-1,199311E+06	9,779204E+01	5,580465E+01	5,568179E+03
3,19	-1,199311E+06	9,608934E+01	5,548260E+01	5,568179E+03
3,195	-1,199311E+06	9,471588E+01	5,530506E+01	5,568179E+03
3,2	-1,199311E+06	9,911307E+01	5,501534E+01	5,568179E+03
3,205	-1,199311E+06	9,470621E+01	5,462387E+01	5,568179E+03
3,21	-1,199311E+06	9,782537E+01	5,393844E+01	5,568179E+03
3,215	-1,199311E+06	9,779878E+01	5,365934E+01	5,568179E+03
3,22	-1,199311E+06	9,404876E+01	5,404559E+01	5,568179E+03
3,225	-1,199311E+06	9,678458E+01	5,451168E+01	5,568179E+03
3,23	-1,199311E+06	9,383395E+01	5,495539E+01	5,568179E+03
3,235	-1,199311E+06	9,865895E+01	5,498881E+01	5,568179E+03
3,24	-1,199311E+06	9,408464E+01	5,497041E+01	5,568179E+03
3,245	-1,199311E+06	9,721735E+01	5,540705E+01	5,568179E+03
3,25	-1,199311E+06	1,061227E+02	5,588094E+01	5,568179E+03
3,255	-1,199311E+06	9,632066E+01	5,601024E+01	5,568179E+03
3,26	-1,199311E+06	9,778672E+01	5,556934E+01	5,568179E+03
3,265	-1,199311E+06	9,602339E+01	5,494161E+01	5,568179E+03
3,27	-1,199311E+06	9,422449E+01	5,470657E+01	5,568179E+03
3,275	-1,199311E+06	9,966043E+01	5,500185E+01	5,568179E+03
3,28	-1,199311E+06	9,656564E+01	5,548723E+01	5,568179E+03
3,285	-1,199311E+06	9,894638E+01	5,549773E+01	5,568179E+03
3,29	-1,199311E+06	9,748391E+01	5,512457E+01	5,568179E+03
3,295	-1,199311E+06	9,587517E+01	5,494474E+01	5,568179E+03
3,3	-1,199311E+06	1,006079E+02	5,513555E+01	5,568179E+03
3,305	-1,199311E+06	9,953931E+01	5,534995E+01	5,568179E+03
3,31	-1,199311E+06	9,856906E+01	5,519910E+01	5,568179E+03
3,315	-1,199311E+06	1,008489E+02	5,475414E+01	5,568179E+03
3,32	-1,199311E+06	9,856715E+01	5,433752E+01	5,568179E+03
3,325	-1,199311E+06	9,375753E+01	5,427209E+01	5,568179E+03
3,33	-1,199311E+06	9,464848E+01	5,469525E+01	5,568179E+03
3,335	-1,199311E+06	9,498142E+01	5,533851E+01	5,568179E+03
3,34	-1,199311E+06	9,592817E+01	5,570188E+01	5,568179E+03
3,345	-1,199311E+06	9,846826E+01	5,573639E+01	5,568179E+03
3,35	-1,199311E+06	9,511461E+01	5,581108E+01	5,568179E+03
3,355	-1,199311E+06	9,488249E+01	5,616968E+01	5,568179E+03
3,36	-1,199311E+06	1,018582E+02	5,658977E+01	5,568179E+03
3,365	-1,199311E+06	9,826795E+01	5,662145E+01	5,568179E+03
3,37	-1,199311E+06	1,002806E+02	5,601996E+01	5,568179E+03
3,375	-1,199311E+06	1,019866E+02	5,508621E+01	5,568179E+03
3,38	-1,199311E+06	9,345626E+01	5,439102E+01	5,568179E+03
3,385	-1,199311E+06	9,820251E+01	5,425965E+01	5,568179E+03
3,39	-1,199311E+06	9,687739E+01	5,446346E+01	5,568179E+03
3,395	-1,199311E+06	9,362253E+01	5,442324E+01	5,568179E+03
3,4	-1,199311E+06	9,570137E+01	5,418766E+01	5,568179E+03
3,405	-1,199311E+06	9,693038E+01	5,421584E+01	5,568179E+03
3,41	-1,199311E+06	1,011256E+02	5,483473E+01	5,568179E+03
3,415	-1,199311E+06	1,001080E+02	5,586006E+01	5,568179E+03
3,42	-1,199311E+06	1,019206E+02	5,652168E+01	5,568179E+03
3,425	-1,199311E+06	9,934141E+01	5,659948E+01	5,568179E+03
3,43	-1,199311E+06	9,790147E+01	5,629147E+01	5,568179E+03
3,435	-1,199311E+06	1,006709E+02	5,608386E+01	5,568179E+03
3,44	-1,199311E+06	1,001149E+02	5,619635E+01	5,568179E+03
3,445	-1,199311E+06	1,006844E+02	5,607838E+01	5,568179E+03
3,45	-1,199311E+06	1,004189E+02	5,551329E+01	5,568179E+03
3,455	-1,199311E+06	1,001759E+02	5,461543E+01	5,568179E+03
3,46	-1,199311E+06	9,672926E+01	5,381439E+01	5,568179E+03
3,465	-1,199311E+06	9,791620E+01	5,379331E+01	5,568179E+03
3,47	-1,199311E+06	9,790382E+01	5,437315E+01	5,568179E+03
3,475	-1,199311E+06	1,012412E+02	5,485644E+01	5,568179E+03
3,48	-1,199311E+06	1,052020E+02	5,504360E+01	5,568179E+03
3,485	-1,199311E+06	1,006015E+02	5,488245E+01	5,568179E+03
3,49	-1,199311E+06	1,020802E+02	5,475012E+01	5,568179E+03
3,495	-1,199311E+06	1,027960E+02	5,487062E+01	5,568179E+03
3,5	-1,199311E+06	9,845476E+01	5,478427E+01	5,568179E+03
3,505	-1,199311E+06	9,492080E+01	5,453718E+01	5,568179E+03
3,51	-1,199311E+06	9,755917E+01	5,435177E+01	5,568179E+03
3,515	-1,199311E+06	1,007582E+02	5,443836E+01	5,568179E+03
3,52	-1,199311E+06	9,860480E+01	5,507928E+01	5,568179E+03
3,525	-1,199311E+06	1,018687E+02	5,579481E+01	5,568179E+03
3,53	-1,199311E+06	1,012905E+02	5,608535E+01	5,568179E+03
3,535	-1,199311E+06	1,015384E+02	5,585623E+01	5,568179E+03
3,54	-1,199311E+06	9,509551E+01	5,534229E+01	5,568179E+03
3,545	-1,199311E+06	9,598086E+01	5,491561E+01	5,568179E+03
3,55	-1,199311E+06	1,025121E+02	5,483838E+01	5,568179E+03
3,555	-1,199311E+06	9,939276E+01	5,473569E+01	5,568179E+03
3,56	-1,199311E+06	1,034162E+02	5,424554E+01	5,568179E+03
3,565	-1,199311E+06	1,005525E+02	5,371403E+01	5,568179E+03
3,57	-1,199311E+06	9,885188E+01	5,333224E+01	5,568179E+03
3,575	-1,199311E+06	1,006812E+02	5,345324E+01	5,568179E+03
3,58	-1,199311E+06	1,007778E+02	5,398442E+01	5,568179E+03
3,585	-1,199311E+06	1,073614E+02	5,413294E+01	5,568179E+03
3,59	-1,199311E+06	9,898381E+01	5,381804E+01	5,568179E+03
3,595	-1,199311E+06	9,735045E+01	5,335080E+01	5,568179E+03
3,6	-1,199311E+06	1,030903E+02	5,319856E+01	5,568179E+03
3,605	-1,199311E+06	1,032623E+02	5,339806E+01	5,568179E+03
3,61	-1,199311E+06	1,002574E+02	5,358437E+01	5,568179E+03
3,615	-1,199311E+06	9,739558E+01	5,358412E+01	5,568179E+03
3,62	-1,199311E+06	1,048691E+02	5,346332E+01	5,568179E+03
3,625	-1,199311E+06	1,030873E+02	5,362546E+01	5,568179E+03
3,63	-1,199311E+06	1,048695E+02	5,416130E+01	5,568179E+03
3,635	-1,199311E+06	1,083594E+02	5,500424E+01	5,568179E+03
3,64	-1,199311E+06	1,060745E+02	5,553780E+01	5,568179E+03
3,645	-1,199311E+06	1,048733E+02	5,521936E+01	5,568179E+03
3,65	-1,199311E+06	9,743194E+01	5,438734E+01	5,568179E+03
3,655	-1,199311E+06	1,020610E+02	5,344826E+01	5,568179E+03
3,66	-1,199311E+06	1,036066E+02	5,291065E+01	5,568179E+03
3,665	-1,199311E+06	1,022402E+02	5,253882E+01	5,568179E+03
3,67	-1,199311E+06	1,096583E+02	5,189955E+01	5,568179E+03
3,675	-1,199311E+06	1,046842E+02	5,133926E+01	5,568179E+03
3,68	-1,199311E+06	1,081271E+02	5,109422E+01	5,568179E+03
3,685	-1,199311E+06	1,100267E+02	5,155524E+01	5,568179E+03
3,69	-1,199311E+06	1,045815E+02	5,241955E+01	5,568179E+03
3,695	-1,199311E+06	1,044367E+02	5,303241E+01	5,568179E+03
3,7	-1,199311E+06	1,025420E+02	5,338336E+01	5,568179E+03
3,705	-1,199311E+06	9,765154E+01	5,352998E+01	5,568179E+03
3,71	-1,199311E+06	9,585132E+01	5,378050E+01	5,568179E+03
3,715	-1,199311E+06	9,737677E+01	5,432035E+01	5,568179E+03
3,72	-1,199311E+06	9,854798E+01	5,462685E+01	5,568179E+03
3,725	-1,199311E+06	1,099387E+02	5,432577E+01	5,568179E+03
3,73	-1,199311E+06	1,074267E+02	5,371480E+01	5,568179E+03
3,735	-1,199311E+06	1,051351E+02	5,291158E+01	5,568179E+03
3,74	-1,199311E+06	1,139029E+02	5,224333E+01	5,568179E+03
3,745	-1,199311E+06	1,074049E+02	5,170376E+01	5,568179E+03
3,75	-1,199311E+06	1,046755E+02	5,075026E+01	5,568179E+03
3,755	-1,199311E+06	1,091984E+02	4,974954E+01	5,568179E+03
3,76	-1,199311E+06	1,053122E+02	4,927967E+01	5,568179E+03
3,765	-1,199311E+06	9,951745E+01	4,941396E+01	5,568179E+03
3,77	-1,199311E+06	1,017133E+02	5,014269E+01	5,568179E+03
3,775	-1,199311E+06	1,040660E+02	5,096233E+01	5,568179E+03
3,78	-1,199311E+06	1,086720E+02	5,133077E+01	5,568179E+03
3,785	-1,199311E+06	1,093867E+02	5,158058E+01	5,568179E+03
3,79	-1,199311E+06	1,091867E+02	5,189676E+01	5,568179E+03
3,795	-1,199311E+06	1,133039E+02	5,235651E+01	5,568179E+03
3,8	-1,199311E+06	1,025632E+02	5,307932E+01	5,568179E+03
3,805	-1,199311E+06	1,014332E+02	5,344588E+01	5,568179E+03
3,81	-1,199311E+06	1,103599E+02	5,332963E+01	5,568179E+03
3,815	-1,199311E+06	1,079004E+02	5,314563E+01	5,568179E+03
3,82	-1,199311E+06	1,058079E+02	5,301334E+01	5,568179E+03
3,825	-1,199311E+06	1,074432E+02	5,301995E+01	5,568179E+03
3,83	-1,199311E+06	1,057950E+02	5,296719E+01	5,568179E+03
3,835	-1,199311E+06	1,051351E+02	5,232811E+01	5,568179E+03
3,84	-1,199311E+06	1,091224E+02	5,134592E+01	5,568179E+03
3,845	-1,199311E+06	1,087140E+02	5,087668E+01	5,568179E+03
3,85	-1,199311E+06	1,178200E+02	5,089161E+01	5,568179E+03
3,855	-1,199311E+06	1,123888E+02	5,109476E+01	5,568179E+03
3,86	-1,199310E+06	1,030791E+02	5,124998E+01	5,568179E+03
3,865	-1,199311E+06	1,172642E+02	5,129497E+01	5,568179E+03
3,87	-1,199311E+06	1,140428E+02	5,167604E+01	5,568179E+03
3,875	-1,199311E+06	1,113977E+02	5,227935E+01	5,568179E+03
3,88	-1,199311E+06	1,159061E+02	5,273533E+01	5,568179E+03
3,885	-1,199311E+06	1,083429E+02	5,300107E+01	5,568179E+03
3,89	-1,199311E+06	1,061830E+02	5,291556E+01	5,568179E+03
3,895	-1,199311E+06	1,066952E+02	5,256656E+01	5,568179E+03
3,9	-1,199311E+06	1,134454E+02	5,232927E+01	5,568179E+03
3,905	-1,199311E+06	1,120558E+02	5,237777E+01	5,568179E+03
3,91	-1,199311E+06	1,139594E+02	5,228018E+01	5,568179E+03
3,915	-1,199311E+06	1,143920E+02	5,191955E+01	5,568179E+03
3,92	-1,199311E+06	1,088474E+02	5,144830E+01	5,568179E+03
3,925	-1,199311E+06	1,138091E+02	5,113800E+01	5,568179E+03
3,93	-1,199311E+06	1,194545E+02	5,119445E+01	5,568179E+03
3,935	-1,199311E+06	1,175376E+02	5,141693E+01	5,568179E+03
3,94	-1,199311E+06	1,160694E+02	5,160819E+01	5,568179E+03
3,945	-1,199311E+06	1,179332E+02	5,158224E+01	5,568179E+03
3,95	-1,199311E+06	1,164902E+02	5,147926E+01	5,568179E+03
3,955	-1,199311E+06	1,099111E+02	5,171255E+01	5,568179E+03
3,96	-1,199311E+06	1,097292E+02	5,202945E+01	5,568179E+03
3,965	-1,199311E+06	1,118176E+02	5,215201E+01	5,568179E+03
3,97	-1,199311E+06	1,194179E+02	5,182112E+01	5,568179E+03
3,975	-1,199311E+06	1,206518E+02	5,118309E+01	5,568179E+03
3,98	-1,199311E+06	1,171893E+02	5,084311E+01	5,568179E+03
3,985	-1,199311E+06	1,165861E+02	5,101249E+01	5,568179E+03
3,99	-1,199311E+06	1,128473E+02	5,168500E+01	5,568179E+03
3,995	-1,199311E+06	1,158777E+02	5,255071E+01	5,568179E+03
4,0	-1,199311E+06	1,226425E+02	5,303492E+01	5,568179E+03
4,005	-1,199311E+06	1,165412E+02	5,314751E+01	5,568179E+03
4,01	-1,199311E+06	1,125923E+02	5,318425E+01	5,568179E+03
4,015	-1,199311E+06	1,200706E+02	5,323996E+01	5,568179E+03
4,02	-1,199311E+06	1,193860E+02	5,318451E+01	5,568179E+03
4,025	-1,199311E+06	1,205296E+02	5,256184E+01	5,568179E+03
4,03	-1,199311E+06	1,231734E+02	5,135438E+01	5,568179E+03
4,035	-1,199311E+06	1,163049E+02	5,021000E+01	5,568179E+03
4,04	-1,199311E+06	1,151536E+02	4,964172E+01	5,568179E+03
4,045	-1,199311E+06	1,181038E+02	4,945785E+01	5,568179E+03
4,05	-1,199311E+06	1,169962E+02	4,918018E+01	5,568179E+03
4,055	-1,199311E+06	1,213321E+02	4,856065E+01	5,568179E+03
4,06	-1,199311E+06	1,214057E+02	4,807014E+01	5,568179E+03
4,065	-1,199311E+06	1,198938E+02	4,856581E+01	5,568179E+03
4,07	-1,199311E+06	1,249007E+02	5,000277E+01	5,568179E+03
4,075	-1,199311E+06	1,252067E+02	5,156381E+01	5,568179E+03
4,08	-1,199311E+06	1,264133E+02	5,252860E+01	5,568179E+03
4,085	-1,199311E+06	1,256412E+02	5,279270E+01	5,568179E+03
4,09	-1,199310E+06	1,195216E+02	5,291242E+01	5,568179E+03
4,095	-1,199311E+06	1,214708E+02	5,308468E+01	5,568179E+03
4,1	-1,199311E+06	1,170755E+02	5,308604E+01	5,568179E+03
4,105	-1,199310E+06	1,186708E+02	5,264716E+01	5,568179E+03
4,11	-1,199311E+06	1,313986E+02	5,194581E+01	5,568179E+03
4,115	-1,199311E+06	1,335751E+02	5,139693E+01	5,568179E+03
4,12	-1,199310E+06	1,288199E+02	5,096243E+01	5,568179E+03
4,125	-1,199311E+06	1,251602E+02	5,053585E+01	5,568179E+03
4,13	-1,199311E+06	1,207209E+02	5,010022E+01	5,568179E+03
4,135	-1,199311E+06	1,220526E+02	4,942795E+01	5,568179E+03
4,14	-1,199311E+06	1,261649E+02	4,872875E+01	5,568179E+03
4,145	-1,199311E+06	1,242770E+02	4,853833E+01	5,568179E+03
4,15	-1,199311E+06	1,287264E+02	4,889417E+01	5,568179E+03
4,155	-1,199311E+06	1,284313E+02	4,976002E+01	5,568179E+03
4,16	-1,199311E+06	1,253451E+02	5,080945E+01	5,568179E+03
4,165	-1,199311E+06	1,324995E+02	5,156959E+01	5,568179E+03
4,17	-1,199311E+06	1,298964E+02	5,220991E+01	5,568179E+03
4,175	-1,199311E+06	1,314839E+02	5,273498E+01	5,568179E+03
4,18	-1,199311E+06	1,346590E+02	5,305232E+01	5,568179E+03
4,185	-1,199311E+06	1,317449E+02	5,289608E+01	5,568179E+03
4,19	-1,199311E+06	1,298626E+02	5,187238E+01	5,568179E+03
4,195	-1,199311E+06	1,259042E+02	5,024444E+01	5,568179E+03
4,2	-1,199311E+06	1,222662E+02	4,885466E+01	5,568179E+03
4,205	-1,199311E+06	1,244828E+02	4,823679E+01	5,568179E+03
4,21	-1,199311E+06	1,303568E+02	4,819252E+01	5,568179E+03
4,215	-1,199311E+06	1,315778E+02	4,834588E+01	5,568179E+03
4,22	-1,199311E+06	1,339234E+02	4,827287E+01	5,568179E+03
4,225	-1,199311E+06	1,290601E+02	4,830112E+01	5,568179E+03
4,23	-1,199310E+06	1,273443E+02	4,926959E+01	5,568179E+03
4,235	-1,199311E+06	1,397407E+02	5,092617E+01	5,568179E+03
4,24	-1,199311E+06	1,368452E+02	5,249266E+01	5,568179E+03
4,245	-1,199311E+06	1,339490E+02	5,327980E+01	5,568179E+03
4,25	-1,199311E+06	1,327179E+02	5,325815E+01	5,568179E+03
4,255	-1,199310E+06	1,243537E+02	5,328076E+01	5,568179E+03
4,26	-1,199311E+06	1,322487E+02	5,344116E+01	5,568179E+03
4,265	-1,199311E+06	1,382690E+02	5,331746E+01	5,568179E+03
4,27	-1,199310E+06	1,328851E+02	5,291958E+01	5,568179E+03
4,275	-1,199311E+06	1,427484E+02	5,197674E+01	5,568179E+03
4,28	-1,199311E+06	1,433198E+02	5,102975E+01	5,568179E+03
4,285	-1,199310E+06	1,338632E+02	5,081489E+01	5,568179E+03
4,29	-1,199311E+06	1,401619E+02	5,107755E+01	5,568179E+03
4,295	-1,199311E+06	1,376444E+02	5,165293E+01	5,568179E+03
4,3	-1,199310E+06	1,365583E+02	5,211968E+01	5,568179E+03
4,305	-1,199311E+06	1,433112E+02	5,246133E+01	5,568179E+03
4,31	-1,199311E+06	1,465007E+02	5,292503E+01	5,568179E+03
4,315	-1,199311E+06	1,435873E+02	5,321722E+01	5,568179E+03
4,32	-1,199310E+06	1,404633E+02	5,325375E+01	5,568179E+03
4,325	-1,199311E+06	1,422646E+02	5,317614E+01	5,568179E+03
4,33	-1,199310E+06	1,419574E+02	5,284086E+01	5,568179E+03
4,335	-1,199311E+06	1,489171E+02	5,230489E+01	5,568179E+03
4,34	-1,199311E+06	1,464651E+02	5,211159E+01	5,568179E+03
4,345	-1,199311E+06	1,440220E+02	5,225995E+01	5,568179E+03
4,35	-1,199311E+06	1,471641E+02	5,256222E+01	5,568179E+03
4,355	-1,199310E+06	1,383012E+02	5,267870E+01	5,568179E+03
4,36	-1,199311E+06	1,422009E+02	5,223160E+01	5,568179E+03
4,365	-1,199311E+06	1,417123E+02	5,206706E+01	5,568179E+03
4,37	-1,199310E+06	1,363124E+02	5,248221E+01	5,568179E+03
4,375	-1,199310E+06	1,373424E+02	5,298946E+01	5,568179E+03
4,38	-1,199310E+06	1,404382E+02	5,352030E+01	5,568179E+03
4,385	-1,199310E+06	1,504731E+02	5,382015E+01	5,568179E+03
4,39	-1,199310E+06	1,515804E+02	5,355725E+01	5,568179E+03
4,395	-1,199310E+06	1,418855E+02	5,315973E+01	5,568179E+03
4,4	-1,199310E+06	1,375912E+02	5,330074E+01	5,568179E+03
4,405	-1,199310E+06	1,419300E+02	5,360585E+01	5,568179E+03
4,41	-1,199310E+06	1,501819E+02	5,350187E+01	5,568179E+03
4,415	-1,199310E+06	1,506208E+02	5,328316E+01	5,568179E+03
4,42	-1,199310E+06	1,589899E+02	5,315952E+01	5,568179E+03
4,425	-1,199310E+06	1,541946E+02	5,361345E+01	5,568179E+03
4,43	-1,199310E+06	1,409962E+02	5,443655E+01	5,568179E+03
4,435	-1,199311E+06	1,591299E+02	5,455277E+01	5,568179E+03
4,44	-1,199310E+06	1,565659E+02	5,417000E+01	5,568179E+03
4,445	-1,199310E+06	1,450739E+02	5,381586E+01	5,568179E+03
4,45	-1,199311E+06	1,587318E+02	5,404665E+01	5,568179E+03
4,455	-1,199310E+06	1,564385E+02	5,502096E+01	5,568179E+03
4,46	-1,199310E+06	1,554812E+02	5,566384E+01	5,568179E+03
4,465	-1,199310E+06	1,645323E+02	5,573645E+01	5,568179E+03
4,47	-1,199310E+06	1,613997E+02	5,565862E+01	5,568179E+03
4,475	-1,199310E+06	1,603465E+02	5,541806E+01	5,568179E+03
4,48	-1,199310E+06	1,690106E+02	5,507706E+01	5,568179E+03
4,485	-1,199310E+06	1,645691E+02	5,464877E+01	5,568179E+03
4,49	-1,199310E+06	1,651547E+02	5,374607E+01	5,568179E+03
4,495	-1,199311E+06	1,713414E+02	5,246669E+01	5,568179E+03
4,5	-1,199310E+06	1,544962E+02	5,147967E+01	5,568179E+03
4,505	-1,199310E+06	1,507735E+02	5,091904E+01	5,568179E+03
4,51	-1,199310E+06	1,557749E+02	5,093121E+01	5,568179E+03
4,515	-1,199310E+06	1,513027E+02	5,160115E+01	5,568179E+03
4,52	-1,199310E+06	1,603874E+02	5,237050E+01	5,568179E+03
4,525	-1,199310E+06	1,669454E+02	5,326904E+01	5,568179E+03
4,53	-1,199310E+06	1,640159E+02	5,457045E+01	5,568179E+03
4,535	-1,199310E+06	1,661157E+02	5,579323E+01	5,568179E+03
4,54	-1,199310E+06	1,616094E+02	5,691952E+01	5,568179E+03
4,545	-1,199310E+06	1,617907E+02	5,760646E+01	5,568179E+03
4,55	-1,199310E+06	1,701501E+02	5,706555E+01	5,568179E+03
4,555	-1,199310E+06	1,606732E+02	5,593405E+01	5,568179E+03
4,56	-1,199310E+06	1,655891E+02	5,491624E+01	5,568179E+03
4,565	-1,199310E+06	1,743627E+02	5,406987E+01	5,568179E+03
4,57	-1,199310E+06	1,594714E+02	5,339306E+01	5,568179E+03
4,575	-1,199310E+06	1,707314E+02	5,265920E+01	5,568179E+03
4,58	-1,199310E+06	1,784928E+02	5,221164E+01	5,568179E+03
4,585	-1,199310E+06	1,754009E+02	5,239292E+01	5,568179E+03
4,59	-1,199310E+06	1,746300E+02	5,321958E+01	5,568179E+03
4,595	-1,199310E+06	1,763109E+02	5,411459E+01	5,568179E+03
4,6	-1,199310E+06	1,730013E+02	5,465807E+01	5,568179E+03
4,605	-1,199310E+06	1,691488E+02	5,475663E+01	5,568179E+03
4,61	-1,199310E+06	1,773450E+02	5,473870E+01	5,568179E+03
4,615	-1,199310E+06	1,760280E+02	5,506116E+01	5,568179E+03
4,62	-1,199310E+06	1,731402E+02	5,535771E+01	5,568179E+03
4,625	-1,199310E+06	1,770571E+02	5,547036E+01	5,568179E+03
4,63	-1,199310E+06	1,810143E+02	5,541917E+01	5,568179E+03
4,635	-1,199310E+06	1,877245E+02	5,510711E+01	5,568179E+03
4,64	-1,199310E+06	1,805358E+02	5,511621E+01	5,568179E+03
4,645	-1,199310E+06	1,810576E+02	5,542474E+01	5,568179E+03
4,65	-1,199310E+06	1,787272E+02	5,561709E+01	5,568179E+03
4,655	-1,199310E+06	1,793632E+02	5,519880E+01	5,568179E+03
4,66	-1,199310E+06	1,845651E+02	5,444250E+01	5,568179E+03
4,665	-1,199310E+06	1,808523E+02	5,419051E+01	5,568179E+03
4,67	-1,199310E+06	1,847414E+02	5,438460E+01	5,568179E+03
4,675	-1,199310E+06	1,878619E+02	5,459151E+01	5,568179E+03
4,68	-1,199309E+06	1,795613E+02	5,426002E+01	5,568179E+03
4,685	-1,199310E+06	1,901415E+02	5,325310E+01	5,568179E+03
4,69	-1,199310E+06	1,846299E+02	5,283011E+01	5,568179E+03
4,695	-1,199310E+06	1,855290E+02	5,289636E+01	5,568179E+03
4,7	-1,199310E+06	1,880840E+02	5,329075E+01	5,568179E+03
4,705	-1,199309E+06	1,764329E+02	5,408353E+01	5,568179E+03
4,71	-1,199310E+06	1,898916E+02	5,456106E+01	5,568179E+03
4,715	-1,199310E+06	1,945449E+02	5,491342E+01	5,568179E+03
4,72	-1,199309E+06	1,790216E+02	5,533047E+01	5,568179E+03
4,725	-1,199309E+06	1,792872E+02	5,596889E+01	5,568179E+03
4,73	-1,199310E+06	1,922643E+02	5,698589E+01	5,568179E+03
4,735	-1,199310E+06	1,980173E+02	5,759862E+01	5,568179E+03
4,74	-1,199309E+06	1,983076E+02	5,713932E+01	5,568179E+03
4,745	-1,199310E+06	1,939940E+02	5,599024E+01	5,568179E+03
4,75	-1,199309E+06	1,831634E+02	5,504234E+01	5,568179E+03
4,755	-1,199310E+06	1,919178E+02	5,457115E+01	5,568179E+03
4,76	-1,199310E+06	1,996186E+02	5,443494E+01	5,568179E+03
4,765	-1,199309E+06	1,941285E+02	5,432110E+01	5,568179E+03
4,77	-1,199310E+06	2,070842E+02	5,379193E+01	5,568179E+03
4,775	-1,199309E+06	2,108995E+02	5,359268E+01	5,568179E+03
4,78	-1,199309E+06	2,154458E+02	5,400379E+01	5,568179E+03
4,785	-1,199310E+06	2,170765E+02	5,439336E+01	5,568179E+03
4,79	-1,199309E+06	1,997995E+02	5,451725E+01	5,568179E+03
4,795	-1,199309E+06	1,992457E+02	5,403068E+01	5,568179E+03
4,8	-1,199309E+06	2,060156E+02	5,331479E+01	5,568179E+03
4,805	-1,199309E+06	2,074575E+02	5,354483E+01	5,568179E+03
4,81	-1,199309E+06	2,168881E+02	5,461863E+01	5,568179E+03
4,815	-1,199309E+06	2,091910E+02	5,568357E+01	5,568179E+03
4,82	-1,199309E+06	1,951972E+02	5,630910E+01	5,568179E+03
4,825	-1,199309E+06	2,082991E+02	5,648078E+01	5,568179E+03
4,83	-1,199309E+06	2,129536E+02	5,683939E+01	5,568179E+03
4,835	-1,199309E+06	2,106533E+02	5,738752E+01	5,568179E+03
4,84	-1,199309E+06	2,147878E+02	5,763336E+01	5,568179E+03
4,845	-1,199309E+06	2,243990E+02	5,734445E+01	5,568179E+03
4,85	-1,199309E+06	2,248418E+02	5,617439E+01	5,568179E+03
4,855	-1,199309E+06	2,137458E+02	5,429828E+01	5,568179E+03
4,86	-1,199309E+06	2,142258E+02	5,298409E+01	5,568179E+03
4,865	-1,199309E+06	2,103309E+02	5,263978E+01	5,568179E+03
4,87	-1,199309E+06	2,001412E+02	5,246153E+01	5,568179E+03
4,875	-1,199309E+06	2,104940E+02	5,226850E+01	5,568179E+03
4,88	-1,199309E+06	2,141795E+02	5,230859E+01	5,568179E+03
4,885	-1,199309E+06	2,106934E+02	5,301452E+01	5,568179E+03
4,89	-1,199309E+06	2,284871E+02	5,478190E+01	5,568179E+03
4,895	-1,199309E+06	2,344943E+02	5,655215E+01	5,568179E+03
4,9	-1,199308E+06	2,147811E+02	5,723850E+01	5,568179E+03
4,905	-1,199308E+06	2,129619E+02	5,712708E+01	5,568179E+03
4,91	-1,199309E+06	2,322272E+02	5,650081E+01	5,568179E+03
4,915	-1,199309E+06	2,381170E+02	5,581157E+01	5,568179E+03
4,92	-1,199309E+06	2,347581E+02	5,533349E+01	5,568179E+03
4,925	-1,199309E+06	2,310243E+02	5,464404E+01	5,568179E+03
4,93	-1,199308E+06	2,204909E+02	5,388101E+01	5,568179E+03
4,935	-1,199309E+06	2,277375E+02	5,343748E+01	5,568179E+03
4,94	-1,199309E+06	2,338272E+02	5,365702E+01	5,568179E+03
4,945	-1,199309E+06	2,348487E+02	5,435975E+01	5,568179E+03
4,95	-1,199309E+06	2,260063E+02	5,520701E+01	5,568179E+03
4,955	-1,199308E+06	2,142923E+02	5,579409E+01	5,568179E+03
4,96	-1,199309E+06	2,330703E+02	5,558023E+01	5,568179E+03
4,965	-1,199308E+06	2,385844E+02	5,500191E+01	5,568179E+03
4,97	-1,199308E+06	2,402371E+02	5,472247E+01	5,568179E+03
4,975	-1,199309E+06	2,449575E+02	5,461415E+01	5,568179E+03
4,98	-1,199308E+06	2,299233E+02	5,450468E+01	5,568179E+03
4,985	-1,199308E+06	2,334343E+02	5,424645E+01	5,568179E+03
4,99	-1,199308E+06	2,427441E+02	5,379175E+01	5,568179E+03
4,995	-1,199308E+06	2,445718E+02	5,397037E+01	5,568179E+03
5,0	-1,199308E+06	2,433532E+02	5,523299E+01	5,568179E+03
5,005	-1,199309E+06	2,572938E+02	5,645077E+01	5,568179E+03
5,01	-1,199308E+06	2,466867E+02	5,717050E+01	5,568179E+03
5,015	-1,199308E+06	2,346763E+02	5,663958E+01	5,568179E+03
5,02	-1,199309E+06	2,512053E+02	5,536384E+01	5,568179E+03
5,025	-1,199308E+06	2,503129E+02	5,522293E+01	5,568179E+03
5,03	-1,199308E+06	2,655110E+02	5,524935E+01	5,568179E+03
5,035	-1,199308E+06	2,617820E+02	5,504170E+01	5,568179E+03
5,04	-1,199308E+06	2,661685E+02	5,477457E+01	5,568179E+03
5,045	-1,199309E+06	2,742406E+02	5,360305E+01	5,568179E+03
5,05	-1,199308E+06	2,502066E+02	5,249191E+01	5,568179E+03
5,055	-1,199308E+06	2,478334E+02	5,253676E+01	5,568179E+03
5,06	-1,199308E+06	2,495726E+02	5,280439E+01	5,568179E+03
5,065	-1,199308E+06	2,582184E+02	5,282930E+01	5,568179E+03
5,07	-1,199308E+06	2,574983E+02	5,281462E+01	5,568179E+03
5,075	-1,199308E+06	2,651981E+02	5,213144E+01	5,568179E+03
5,08	-1,199308E+06	2,764458E+02	5,191754E+01	5,568179E+03
5,085	-1,199307E+06	2,633258E+02	5,277424E+01	5,568179E+03
5,09	-1,199308E+06	2,748090E+02	5,298408E+01	5,568179E+03
5,095	-1,199308E+06	2,706964E+02	5,268537E+01	5,568179E+03
5,1	-1,199308E+06	2,555041E+02	5,195837E+01	5,568179E+03
5,105	-1,199308E+06	2,624048E+02	5,137056E+01	5,568179E+03
5,11	-1,199308E+06	2,737711E+02	5,228390E+01	5,568179E+03
5,115	-1,199308E+06	2,776972E+02	5,339597E+01	5,568179E+03
5,12	-1,199307E+06	2,693901E+02	5,381539E+01	5,568179E+03
5,125	-1,199308E+06	2,810641E+02	5,359276E+01	5,568179E+03
5,13	-1,199308E+06	2,694900E+02	5,268065E+01	5,568179E+03
5,135	-1,199307E+06	2,651696E+02	5,187855E+01	5,568179E+03
5,14	-1,199308E+06	2,816146E+02	5,217887E+01	5,568179E+03
5,145	-1,199308E+06	2,920005E+02	5,258181E+01	5,568179E+03
5,15	-1,199308E+06	2,982242E+02	5,196513E+01	5,568179E+03
5,155	-1,199307E+06	2,881265E+02	5,113324E+01	5,568179E+03
5,16	-1,199308E+06	2,893885E+02	5,087977E+01	5,568179E+03
5,165	-1,199308E+06	2,958431E+02	5,157840E+01	5,568179E+03
5,17	-1,199307E+06	2,944511E+02	5,317859E+01	5,568179E+03
5,175	-1,199307E+06	2,951197E+02	5,489075E+01	5,568179E+03
5,18	-1,199307E+06	2,944555E+02	5,571614E+01	5,568179E+03
5,185	-1,199307E+06	2,887431E+02	5,575666E+01	5,568179E+03
5,19	-1,199307E+06	2,833862E+02	5,595058E+01	5,568179E+03
5,195	-1,199307E+06	2,867164E+02	5,633637E+01	5,568179E+03
5,2	-1,199307E+06	2,871659E+02	5,683134E+01	5,568179E+03
5,205	-1,199307E+06	2,912115E+02	5,673852E+01	5,568179E+03
5,21	-1,199307E+06	2,980929E+02	5,540549E+01	5,568179E+03
5,215	-1,199307E+06	3,120852E+02	5,384776E+01	5,568179E+03
5,22	-1,199307E+06	3,237639E+02	5,260090E+01	5,568179E+03
5,225	-1,199307E+06	3,212743E+02	5,138447E+01	5,568179E+03
5,23	-1,199307E+06	3,085032E+02	5,072189E+01	5,568179E+03
5,235	-1,199307E+06	3,016152E+02	5,020795E+01	5,568179E+03
5,24	-1,199307E+06	3,043654E+02	5,013183E+01	5,568179E+03
5,245	-1,199307E+06	2,968690E+02	5,169624E+01	5,568179E+03
5,25	-1,199307E+06	3,061316E+02	5,342098E+01	5,568179E+03
5,255	-1,199307E+06	3,145718E+02	5,445590E+01	5,568179E+03
5,26	-1,199306E+06	3,030954E+02	5,535599E+01	5,568179E+03
5,265	-1,199307E+06	3,136885E+02	5,581459E+01	5,568179E+03
5,27	-1,199307E+06	3,167536E+02	5,666977E+01	5,568179E+03
5,275	-1,199307E+06	3,183426E+02	5,749613E+01	5,568179E+03
5,28	-1,199306E+06	3,117268E+02	5,757983E+01	5,568179E+03
5,285	-1,199306E+06	3,155643E+02	5,717684E+01	5,568179E+03
5,29	-1,199307E+06	3,256659E+02	5,655896E+01	5,568179E+03
5,295	-1,199306E+06	3,268176E+02	5,582779E+01	5,568179E+03
5,3	-1,199307E+06	3,456233E+02	5,476877E+01	5,568179E+03
5,305	-1,199307E+06	3,427348E+02	5,371939E+01	5,568179E+03
5,31	-1,199306E+06	3,266459E+02	5,245631E+01	5,568179E+03
5,315	-1,199306E+06	3,211757E+02	5,089381E+01	5,568179E+03
5,32	-1,199306E+06	3,288054E+02	4,954194E+01	5,568179E+03
5,325	-1,199306E+06	3,468230E+02	4,846294E+01	5,568179E+03
5,33	-1,199307E+06	3,498573E+02	4,844049E+01	5,568179E+03
5,335	-1,199306E+06	3,312473E+02	4,965103E+01	5,568179E+03
5,34	-1,199306E+06	3,378373E+02	5,075868E+01	5,568179E+03
5,345	-1,199306E+06	3,479357E+02	5,224295E+01	5,568179E+03
5,35	-1,199306E+06	3,469959E+02	5,388907E+01	5,568179E+03
5,355	-1,199306E+06	3,580686E+02	5,468198E+01	5,568179E+03
5,36	-1,199306E+06	3,383810E+02	5,570146E+01	5,568179E+03
5,365	-1,199306E+06	3,318315E+02	5,612748E+01	5,568179E+03
5,37	-1,199306E+06	3,472586E+02	5,527246E+01	5,568179E+03
5,375	-1,199306E+06	3,458769E+02	5,391857E+01	5,568179E+03
5,38	-1,199306E+06	3,442527E+02	5,190347E+01	5,568179E+03
5,385	-1,199306E+06	3,552214E+02	5,010649E+01	5,568179E+03
5,39	-1,199306E+06	3,427692E+02	4,943858E+01	5,568179E+03
5,395	-1,199305E+06	3,392982E+02	4,870220E+01	5,568179E+03
5,4	-1,199306E+06	3,687096E+02	4,766626E+01	5,568179E+03
5,405	-1,199306E+06	3,535175E+02	4,726011E+01	5,568179E+03
5,41	-1,199305E+06	3,503782E+02	4,752342E+01	5,568179E+03
5,415	-1,199306E+06	3,858928E+02	4,852194E+01	5,568179E+03
5,42	-1,199306E+06	3,728541E+02	4,961881E+01	5,568179E+03
5,425	-1,199305E+06	3,578962E+02	4,963407E+01	5,568179E+03
5,43	-1,199306E+06	3,687775E+02	4,901442E+01	5,568179E+03
5,435	-1,199305E+06	3,476245E+02	4,887462E+01	5,568179E+03
5,44	-1,199306E+06	3,573751E+02	4,896649E+01	5,568179E+03
5,445	-1,199305E+06	3,700058E+02	4,951555E+01	5,568179E+03
5,45	-1,199305E+06	3,813657E+02	4,987549E+01	5,568179E+03
5,455	-1,199306E+06	3,914746E+02	4,936471E+01	5,568179E+03
5,46	-1,199306E+06	3,869911E+02	4,896783E+01	5,568179E+03
5,465	-1,199305E+06	3,750375E+02	4,962469E+01	5,568179E+03
5,47	-1,199305E+06	3,822088E+02	5,044800E+01	5,568179E+03
5,475	-1,199305E+06	3,929855E+02	5,106765E+01	5,568179E+03
5,48	-1,199305E+06	3,967821E+02	5,122587E+01	5,568179E+03
5,485	-1,199305E+06	4,091943E+02	5,062275E+01	5,568179E+03
5,49	-1,199305E+06	4,022392E+02	5,025710E+01	5,568179E+03
5,495	-1,199304E+06	3,744864E+02	4,999066E+01	5,568179E+03
5,5	-1,199305E+06	3,904106E+02	4,883034E+01	5,568179E+03
5,505	-1,199305E+06	3,967452E+02	4,748229E+01	5,568179E+03
5,51	-1,199305E+06	3,928356E+02	4,569380E+01	5,568179E+03
5,515	-1,199305E+06	3,772828E+02	4,421932E+01	5,568179E+03
5,52	-1,199305E+06	3,804082E+02	4,400413E+01	5,568179E+03
5,525	-1,199305E+06	4,042913E+02	4,428951E+01	5,568179E+03
5,53	-1,199305E+06	4,052765E+02	4,481770E+01	5,568179E+03
5,535	-1,199305E+06	4,160174E+02	4,530426E+01	5,568179E+03
5,54	-1,199305E+06	4,312551E+02	4,521315E+01	5,568179E+03
5,545	-1,199305E+06	4,224528E+02	4,521364E+01	5,568179E+03
5,55	-1,199304E+06	3,739744E+02	4,618469E+01	5,568179E+03
5,555	-1,199305E+06	3,908341E+02	4,699503E+01	5,568179E+03
5,56	-1,199305E+06	4,215610E+02	4,792867E+01	5,568179E+03
5,565	-1,199304E+06	4,113368E+02	4,852188E+01	5,568179E+03
5,57	-1,199304E+06	4,117114E+02	4,811431E+01	5,568179E+03
5,575	-1,199305E+06	4,239018E+02	4,845243E+01	5,568179E+03
5,58	-1,199304E+06	4,293545E+02	4,949184E+01	5,568179E+03
5,585	-1,199304E+06	4,283378E+02	4,953911E+01	5,568179E+03
5,59	-1,199304E+06	4,278250E+02	4,897292E+01	5,568179E+03
5,595	-1,199304E+06	4,295336E+02	4,841477E+01	5,568179E+03
5,6	-1,199304E+06	4,405871E+02	4,807827E+01	5,568179E+03
5,605	-1,199304E+06	4,575679E+02	4,834020E+01	5,568179E+03
5,61	-1,199304E+06	4,595248E+02	4,848126E+01	5,568179E+03
5,615	-1,199304E+06	4,502073E+02	4,744575E+01	5,568179E+03
5,62	-1,199304E+06	4,324669E+02	4,588700E+01	5,568179E+03
5,625	-1,199304E+06	4,250853E+02	4,473612E+01	5,568179E+03
5,63	-1,199304E+06	4,368164E+02	4,440187E+01	5,568179E+03
5,635	-1,199304E+06	4,489889E+02	4,522727E+01	5,568179E+03
5,64	-1,199304E+06	4,477416E+02	4,687154E+01	5,568179E+03
5,645	-1,199304E+06	4,520767E+02	4,828540E+01	5,568179E+03
5,65	-1,199304E+06	4,476060E+02	4,958174E+01	5,568179E+03
5,655	-1,199303E+06	4,372620E+02	5,109317E+01	5,568179E+03
5,66	-1,199305E+06	4,868468E+02	5,170416E+01	5,568179E+03
5,665	-1,199304E+06	4,777898E+02	5,198174E+01	5,568179E+03
5,67	-1,199303E+06	4,590797E+02	5,092317E+01	5,568179E+03
5,675	-1,199305E+06	4,680811E+02	4,839473E+01	5,568179E+03
5,68	-1,199303E+06	4,304562E+02	4,671666E+01	5,568179E+03
5,685	-1,199304E+06	4,638231E+02	4,556111E+01	5,568179E+03
5,69	-1,199304E+06	4,704418E+02	4,522627E+01	5,568179E+03
5,695	-1,199303E+06	4,558539E+02	4,530845E+01	5,568179E+03
5,7	-1,199304E+06	4,609028E+02	4,572283E+01	5,568179E+03
5,705	-1,199303E+06	4,586564E+02	4,692477E+01	5,568179E+03
5,71	-1,199304E+06	4,864340E+02	4,833249E+01	5,568179E+03
5,715	-1,199304E+06	5,043780E+02	5,015203E+01	5,568179E+03
5,72	-1,199304E+06	5,013621E+02	5,151687E+01	5,568179E+03
5,725	-1,199303E+06	4,834953E+02	5,123334E+01	5,568179E+03
5,73	-1,199303E+06	4,750237E+02	4,964736E+01	5,568179E+03
5,735	-1,199304E+06	4,837965E+02	4,797649E+01	5,568179E+03
5,74	-1,199303E+06	4,850306E+02	4,690837E+01	5,568179E+03
5,745	-1,199304E+06	4,863061E+02	4,597234E+01	5,568179E+03
5,75	-1,199303E+06	4,593055E+02	4,544969E+01	5,568179E+03
5,755	-1,199303E+06	4,691059E+02	4,537146E+01	5,568179E+03
5,76	-1,199304E+06	5,032879E+02	4,567005E+01	5,568179E+03
5,765	-1,199303E+06	5,057983E+02	4,633558E+01	5,568179E+03
5,77	-1,199303E+06	5,102904E+02	4,750606E+01	5,568179E+03
5,775	-1,199303E+06	5,082780E+02	4,944394E+01	5,568179E+03
5,78	-1,199303E+06	4,993446E+02	5,063759E+01	5,568179E+03
5,785	-1,199303E+06	5,054079E+02	5,026893E+01	5,568179E+03
5,79	-1,199303E+06	4,871722E+02	4,993479E+01	5,568179E+03
5,795	-1,199303E+06	4,838266E+02	5,001391E+01	5,568179E+03
5,8	-1,199303E+06	5,156008E+02	5,108482E+01	5,568179E+03
5,805	-1,199303E+06	5,162011E+02	5,294723E+01	5,568179E+03
5,81	-1,199303E+06	5,230531E+02	5,296474E+01	5,568179E+03
5,815	-1,199303E+06	5,089025E+02	5,231695E+01	5,568179E+03
5,82	-1,199302E+06	4,904416E+02	5,218228E+01	5,568179E+03
5,825	-1,199303E+06	5,369037E+02	5,090708E+01	5,568179E+03
5,83	-1,199303E+06	5,490179E+02	4,939779E+01	5,568179E+03
5,835	-1,199302E+06	5,176908E+02	4,805153E+01	5,568179E+03
5,84	-1,199303E+06	5,124689E+02	4,612112E+01	5,568179E+03
5,845	-1,199303E+06	5,095535E+02	4,504523E+01	5,568179E+03
5,85	-1,199302E+06	5,007252E+02	4,530527E+01	5,568179E+03
5,855	-1,199303E+06	5,191681E+02	4,626591E+01	5,568179E+03
5,86	-1,199303E+06	5,459867E+02	4,778167E+01	5,568179E+03
5,865	-1,199303E+06	5,687846E+02	4,794448E+01	5,568179E+03
5,87	-1,199303E+06	5,542473E+02	4,689760E+01	5,568179E+03
5,875	-1,199302E+06	5,217628E+02	4,630143E+01	5,568179E+03
5,88	-1,199302E+06	5,066918E+02	4,644607E+01	5,568179E+03
5,885	-1,199303E+06	5,187080E+02	4,726874E+01	5,568179E+03
5,89	-1,199302E+06	5,293699E+02	4,833818E+01	5,568179E+03
5,895	-1,199303E+06	5,572953E+02	4,811339E+01	5,568179E+03
5,9	-1,199303E+06	5,709203E+02	4,679356E+01	5,568179E+03
5,905	-1,199302E+06	5,317580E+02	4,583908E+01	5,568179E+03
5,91	-1,199302E+06	5,224961E+02	4,552072E+01	5,568179E+03
5,915	-1,199302E+06	5,514356E+02	4,579356E+01	5,568179E+03
5,92	-1,199302E+06	5,718899E+02	4,620599E+01	5,568179E+03
5,925	-1,199303E+06	6,025846E+02	4,631063E+01	5,568179E+03
5,93	-1,199302E+06	5,827581E+02	4,610102E+01	5,568179E+03
5,935	-1,199302E+06	5,459602E+02	4,528606E+01	5,568179E+03
5,94	-1,199302E+06	5,222832E+02	4,473110E+01	5,568179E+03
5,945	-1,199302E+06	5,178437E+02	4,430566E+01	5,568179E+03
5,95	-1,199303E+06	5,592080E+02	4,398875E+01	5,568179E+03
5,955	-1,199302E+06	5,700252E+02	4,391293E+01	5,568179E+03
5,96	-1,199302E+06	5,704716E+02	4,384736E+01	5,568179E+03
5,965	-1,199302E+06	5,665077E+02	4,519315E+01	5,568179E+03
5,97	-1,199302E+06	5,787347E+02	4,669590E+01	5,568179E+03
5,975	-1,199303E+06	6,085516E+02	4,682101E+01	5,568179E+03
5,98	-1,199302E+06	5,853884E+02	4,615514E+01	5,568179E+03
5,985	-1,199301E+06	5,697343E+02	4,492727E+01	5,568179E+03
5,99	-1,199302E+06	5,919128E+02	4,499459E+01	5,568179E+03
5,995	-1,199302E+06	5,991204E+02	4,642690E+01	5,568179E+03
6,0	-1,199302E+06	5,862795E+02	4,713068E+01	5,568179E+03
6,005	-1,199301E+06	5,542463E+02	4,777806E+01	5,568179E+03
6,01	-1,199302E+06	5,680843E+02	4,864060E+01	5,568179E+03
6,015	-1,199302E+06	5,677567E+02	4,910475E+01	5,568179E+03
6,02	-1,199302E+06	5,630048E+02	4,902614E+01	5,568179E+03
6,025	-1,199302E+06	5,758565E+02	4,878443E+01	5,568179E+03
6,03	-1,199302E+06	6,003621E+02	4,753720E+01	5,568179E+03
6,035	-1,199302E+06	6,100801E+02	4,512995E+01	5,568179E+03
6,04	-1,199301E+06	5,727236E+02	4,329484E+01	5,568179E+03
6,045	-1,199302E+06	5,960444E+02	4,221209E+01	5,568179E+03
6,05	-1,199302E+06	5,895051E+02	4,215769E+01	5,568179E+03
6,055	-1,199300E+06	5,424184E+02	4,238398E+01	5,568179E+03
6,06	-1,199302E+06	5,991270E+02	4,270861E+01	5,568179E+03
6,065	-1,199302E+06	6,178901E+02	4,501469E+01	5,568179E+03
6,07	-1,199301E+06	6,119018E+02	4,716474E+01	5,568179E+03
6,075	-1,199301E+06	6,296741E+02	4,859225E+01	5,568179E+03
6,08	-1,199301E+06	6,363588E+02	5,041468E+01	5,568179E+03
6,085	-1,199302E+06	6,432481E+02	5,053758E+01	5,568179E+03
6,09	-1,199301E+06	6,069304E+02	4,960509E+01	5,568179E+03
6,095	-1,199301E+06	5,880111E+02	4,949845E+01	5,568179E+03
6,1	-1,199301E+06	5,921369E+02	4,982933E+01	5,568179E+03
6,105	-1,199301E+06	6,028577E+02	5,031115E+01	5,568179E+03
6,11	-1,199301E+06	6,192165E+02	5,034552E+01	5,568179E+03
6,115	-1,199301E+06	6,490371E+02	4,903835E+01	5,568179E+03
6,12	-1,199302E+06	6,462398E+02	4,764822E+01	5,568179E+03
6,125	-1,199299E+06	5,893504E+02	4,753523E+01	5,568179E+03
6,13	-1,199302E+06	6,331302E+02	4,808393E+01	5,568179E+03
6,135	-1,199301E+06	6,400049E+02	4,978993E+01	5,568179E+03
6,14	-1,199300E+06	6,382685E+02	5,097881E+01	5,568179E+03
6,145	-1,199302E+06	6,728536E+02	5,040695E+01	5,568179E+03
6,15	-1,199300E+06	6,469549E+02	4,974400E+01	5,568179E+03
6,155	-1,199301E+06	6,416029E+02	4,937145E+01	5,568179E+03
6,16	-1,199300E+06	6,181261E+02	4,906342E+01	5,568179E+03
6,165	-1,199301E+06	6,223624E+02	4,847850E+01	5,568179E+03
6,17	-1,199300E+06	6,232361E+02	4,766496E+01	5,568179E+03
6,175	-1,199301E+06	6,545280E+02	4,586048E+01	5,568179E+03
6,18	-1,199301E+06	6,490178E+02	4,543574E+01	5,568179E+03
6,185	-1,199300E+06	6,259529E+02	4,614258E+01	5,568179E+03
6,19	-1,199301E+06	6,247321E+02	4,668203E+01	5,568179E+03
6,195	-1,199300E+06	6,112069E+02	4,764666E+01	5,568179E+03
6,2	-1,199301E+06	6,401395E+02	4,809136E+01	5,568179E+03
6,205	-1,199300E+06	6,473565E+02	4,925067E+01	5,568179E+03
6,21	-1,199300E+06	6,667263E+02	5,168206E+01	5,568179E+03
6,215	-1,199301E+06	6,771490E+02	5,350574E+01	5,568179E+03
6,22	-1,199300E+06	6,611531E+02	5,368586E+01	5,568179E+03
6,225	-1,199301E+06	6,688916E+02	5,261150E+01	5,568179E+03
6,23	-1,199300E+06	6,607261E+02	5,123917E+01	5,568179E+03
6,235	-1,199300E+06	6,489864E+02	5,043316E+01	5,568179E+03
6,24	-1,199300E+06	6,351571E+02	5,035092E+01	5,568179E+03
6,245	-1,199301E+06	6,458318E+02	4,995851E+01	5,568179E+03
6,25	-1,199301E+06	6,277245E+02	4,921176E+01	5,568179E+03
6,255	-1,199299E+06	5,898012E+02	4,833121E+01	5,568179E+03
6,26	-1,199301E+06	6,606454E+02	4,779920E+01	5,568179E+03
6,265	-1,199300E+06	6,938594E+02	4,879538E+01	5,568179E+03
6,27	-1,199300E+06	6,859942E+02	4,954660E+01	5,568179E+03
6,275	-1,199300E+06	6,741441E+02	4,969125E+01	5,568179E+03
6,28	-1,199301E+06	6,884657E+02	4,917847E+01	5,568179E+03
6,285	-1,199300E+06	6,735476E+02	4,839911E+01	5,568179E+03
6,29	-1,199299E+06	6,416512E+02	4,865366E+01	5,568179E+03
6,295	-1,199300E+06	6,590628E+02	4,959085E+01	5,568179E+03
6,3	-1,199300E+06	6,567957E+02	5,019889E+01	5,568179E+03
6,305	-1,199300E+06	6,524403E+02	5,042015E+01	5,568179E+03
6,31	-1,199300E+06	6,641310E+02	5,047204E+01	5,568179E+03
6,315	-1,199300E+06	6,584043E+02	5,106345E+01	5,568179E+03
6,32	-1,199300E+06	6,628459E+02	5,140183E+01	5,568179E+03
6,325	-1,199300E+06	6,570901E+02	5,103716E+01	5,568179E+03
6,33	-1,199300E+06	6,599415E+02	5,019981E+01	5,568179E+03
6,335	-1,199300E+06	6,604307E+02	4,819188E+01	5,568179E+03
6,34	-1,199300E+06	6,524678E+02	4,582626E+01	5,568179E+03
6,345	-1,199300E+06	6,538436E+02	4,486384E+01	5,568179E+03
6,35	-1,199300E+06	6,855203E+02	4,470358E+01	5,568179E+03
6,355	-1,199300E+06	6,944545E+02	4,516002E+01	5,568179E+03
6,36	-1,199299E+06	6,784031E+02	4,582569E+01	5,568179E+03
6,365	-1,199300E+06	6,948087E+02	4,596601E+01	5,568179E+03
6,37	-1,199300E+06	6,779096E+02	4,683371E+01	5,568179E+03
6,375	-1,199299E+06	6,492775E+02	4,777100E+01	5,568179E+03
6,38	-1,199299E+06	6,492301E+02	4,822436E+01	5,568179E+03
6,385	-1,199300E+06	6,929134E+02	4,829789E+01	5,568179E+03
6,39	-1,199300E+06	7,090496E+02	4,721867E+01	5,568179E+03
6,395	-1,199299E+06	6,845095E+02	4,562672E+01	5,568179E+03
6,4	-1,199300E+06	6,855602E+02	4,500204E+01	5,568179E+03
6,405	-1,199299E+06	6,467905E+02	4,559089E+01	5,568179E+03
6,41	-1,199300E+06	6,542475E+02	4,635156E+01	5,568179E+03
6,415	-1,199300E+06	6,707003E+02	4,755279E+01	5,568179E+03
6,42	-1,199300E+06	6,984463E+02	4,777850E+01	5,568179E+03
6,425	-1,199300E+06	7,187903E+02	4,755629E+01	5,568179E+03
6,43	-1,199300E+06	6,965910E+02	4,750883E+01	5,568179E+03
6,435	-1,199300E+06	6,618046E+02	4,612676E+01	5,568179E+03
6,44	-1,199299E+06	6,290892E+02	4,376239E+01	5,568179E+03
6,445	-1,199300E+06	6,386699E+02	4,236776E+01	5,568179E+03
6,45	-1,199300E+06	6,525949E+02	4,220644E+01	5,568179E+03
6,455	-1,199300E+06	6,761393E+02	4,244302E+01	5,568179E+03
6,46	-1,199301E+06	7,046948E+02	4,267877E+01	5,568179E+03
6,465	-1,199299E+06	6,767915E+02	4,275643E+01	5,568179E+03
6,47	-1,199300E+06	6,634120E+02	4,261042E+01	5,568179E+03
6,475	-1,199300E+06	6,574691E+02	4,228379E+01	5,568179E+03
6,48	-1,199299E+06	6,397744E+02	4,253263E+01	5,568179E+03
6,485	-1,199300E+06	6,693470E+02	4,357205E+01	5,568179E+03
6,49	-1,199300E+06	6,655779E+02	4,564169E+01	5,568179E+03
6,495	-1,199300E+06	6,809778E+02	4,740868E+01	5,568179E+03
6,5	-1,199301E+06	7,012317E+02	4,832383E+01	5,568179E+03
6,505	-1,199299E+06	6,779545E+02	4,892011E+01	5,568179E+03
6,51	-1,199300E+06	6,849541E+02	4,907323E+01	5,568179E+03
6,515	-1,199299E+06	6,589517E+02	5,015628E+01	5,568179E+03
6,52	-1,199300E+06	6,617848E+02	5,178420E+01	5,568179E+03
6,525	-1,199300E+06	6,950445E+02	5,332846E+01	5,568179E+03
6,53	-1,199300E+06	7,251948E+02	5,294317E+01	5,568179E+03
6,535	-1,199299E+06	7,037774E+02	5,149218E+01	5,568179E+03
6,54	-1,199299E+06	7,161801E+02	5,110595E+01	5,568179E+03
6,545	-1,199301E+06	7,411774E+02	5,045773E+01	5,568179E+03
6,55	-1,199299E+06	6,672948E+02	4,971375E+01	5,568179E+03
6,555	-1,199300E+06	6,798539E+02	4,766206E+01	5,568179E+03
6,56	-1,199301E+06	7,011643E+02	4,447470E+01	5,568179E+03
6,565	-1,199299E+06	6,503674E+02	4,412817E+01	5,568179E+03
6,57	-1,199301E+06	6,988680E+02	4,559908E+01	5,568179E+03
6,575	-1,199300E+06	6,930432E+02	4,747907E+01	5,568179E+03
6,58	-1,199299E+06	6,403917E+02	4,835771E+01	5,568179E+03
6,585	-1,199299E+06	6,493703E+02	4,735650E+01	5,568179E+03
6,59	-1,199300E+06	6,747239E+02	4,711299E+01	5,568179E+03
6,595	-1,199299E+06	6,565572E+02	4,919567E+01	5,568179E+03
6,6	-1,199300E+06	6,839269E+02	5,157139E+01	5,568179E+03
6,605	-1,199300E+06	6,927860E+02	5,348732E+01	5,568179E+03
6,61	-1,199300E+06	7,008882E+02	5,316372E+01	5,568179E+03
6,615	-1,199300E+06	6,867653E+02	5,132011E+01	5,568179E+03
6,62	-1,199300E+06	6,801775E+02	4,953836E+01	5,568179E+03
6,625	-1,199300E+06	6,701037E+02	4,815823E+01	5,568179E+03
6,63	-1,199299E+06	6,396189E+02	4,749694E+01	5,568179E+03
6,635	-1,199300E+06	6,477100E+02	4,676374E+01	5,568179E+03
6,64	-1,199300E+06	6,505175E+02	4,576948E+01	5,568179E+03
6,645	-1,199299E+06	6,340443E+02	4,557966E+01	5,568179E+03
6,65	-1,199300E+06	6,670988E+02	4,718678E+01	5,568179E+03
6,655	-1,199300E+06	6,854331E+02	5,092843E+01	5,568179E+03
6,66	-1,199300E+06	6,981449E+02	5,421002E+01	5,568179E+03
6,665	-1,199300E+06	7,100427E+02	5,539372E+01	5,568179E+03
6,67	-1,199300E+06	6,791518E+02	5,511481E+01	5,568179E+03
6,675	-1,199300E+06	6,727115E+02	5,397426E+01	5,568179E+03
6,68	-1,199301E+06	6,635893E+02	5,340250E+01	5,568179E+03
6,685	-1,199299E+06	6,300907E+02	5,244099E+01	5,568179E+03
6,69	-1,199300E+06	6,485543E+02	5,036520E+01	5,568179E+03
6,695	-1,199300E+06	6,498194E+02	4,872508E+01	5,568179E+03
6,7	-1,199300E+06	6,434530E+02	4,709263E+01	5,568179E+03
6,705	-1,199301E+06	6,828925E+02	4,629393E+01	5,568179E+03
6,71	-1,199301E+06	6,751533E+02	4,723392E+01	5,568179E+03
6,715	-1,199300E+06	6,452609E+02	4,839775E+01	5,568179E+03
6,72	-1,199301E+06	6,766614E+02	4,919404E+01	5,568179E+03
6,725	-1,199300E+06	6,789314E+02	5,076365E+01	5,568179E+03
6,73	-1,199300E+06	6,942859E+02	5,252439E+01	5,568179E+03
6,735	-1,199301E+06	7,207971E+02	5,340806E+01	5,568179E+03
6,74	-1,199300E+06	6,681310E+02	5,340380E+01	5,568179E+03
6,745	-1,199300E+06	6,330268E+02	5,286615E+01	5,568179E+03
6,75	-1,199301E+06	6,682894E+02	5,181550E+01	5,568179E+03
6,755	-1,199300E+06	6,618003E+02	5,113888E+01	5,568179E+03
6,76	-1,199301E+06	6,748531E+02	5,098666E+01	5,568179E+03
6,765	-1,199301E+06	6,628865E+02	5,034852E+01	5,568179E+03
6,77	-1,199300E+06	6,159320E+02	4,882304E+01	5,568179E+03
6,775	-1,199300E+06	6,330726E+02	4,713586E+01	5,568179E+03
6,78	-1,199301E+06	6,624120E+02	4,515543E+01	5,568179E+03
6,785	-1,199300E+06	6,394581E+02	4,400082E+01	5,568179E+03
6,79	-1,199301E+06	6,418826E+02	4,458901E+01	5,568179E+03
6,795	-1,199300E+06	6,318424E+02	4,620066E+01	5,568179E+03
6,8	-1,199300E+06	6,445887E+02	4,789544E+01	5,568179E+03
6,805	-1,199301E+06	6,684105E+02	4,983270E+01	5,568179E+03
6,81	-1,199301E+06	6,547485E+02	5,155158E+01	5,568179E+03
6,815	-1,199300E+06	6,395040E+02	5,354636E+01	5,568179E+03
6,82	-1,199301E+06	6,474662E+02	5,525537E+01	5,568179E+03
6,825	-1,199300E+06	6,395182E+02	5,555973E+01	5,568179E+03
6,83	-1,199301E+06	6,541443E+02	5,530343E+01	5,568179E+03
6,835	-1,199302E+06	6,641229E+02	5,491692E+01	5,568179E+03
6,84	-1,199299E+06	6,113647E+02	5,416878E+01	5,568179E+03
6,845	-1,199301E+06	6,388080E+02	5,276462E+01	5,568179E+03
6,85	-1,199301E+06	6,373091E+02	5,121271E+01	5,568179E+03
6,855	-1,199300E+06	6,009423E+02	4,862398E+01	5,568179E+03
6,86	-1,199302E+06	6,474683E+02	4,537601E+01	5,568179E+03
6,865	-1,199301E+06	6,307732E+02	4,336542E+01	5,568179E+03
6,87	-1,199300E+06	5,926308E+02	4,212699E+01	5,568179E+03
6,875	-1,199301E+06	6,145177E+02	4,194082E+01	5,568179E+03
6,88	-1,199300E+06	6,034580E+02	4,370746E+01	5,568179E+03
6,885	-1,199301E+06	6,297070E+02	4,579405E+01	5,568179E+03
6,89	-1,199301E+06	6,572040E+02	4,748324E+01	5,568179E+03
6,895	-1,199301E+06	6,460302E+02	4,873749E+01	5,568179E+03
6,9	-1,199301E+06	6,363092E+02	4,901384E+01	5,568179E+03
6,905	-1,199300E+06	6,045628E+02	4,898516E+01	5,568179E+03
6,91	-1,199301E+06	5,881559E+02	4,875375E+01	5,568179E+03
6,915	-1,199301E+06	5,703519E+02	4,768174E+01	5,568179E+03
6,92	-1,199301E+06	5,720986E+02	4,720502E+01	5,568179E+03
6,925	-1,199300E+06	5,755253E+02	4,831486E+01	5,568179E+03
6,93	-1,199302E+06	6,201388E+02	4,884486E+01	5,568179E+03
6,935	-1,199301E+06	6,336599E+02	4,953017E+01	5,568179E+03
6,94	-1,199301E+06	6,440824E+02	4,926583E+01	5,568179E+03
6,945	-1,199301E+06	6,257703E+02	4,761481E+01	5,568179E+03
6,95	-1,199301E+06	5,948458E+02	4,666407E+01	5,568179E+03
6,955	-1,199301E+06	6,076616E+02	4,693816E+01	5,568179E+03
6,96	-1,199301E+06	6,292993E+02	4,808098E+01	5,568179E+03
6,965	-1,199302E+06	6,266109E+02	4,940358E+01	5,568179E+03
6,97	-1,199301E+06	5,996428E+02	4,947780E+01	5,568179E+03
6,975	-1,199301E+06	5,814364E+02	4,916537E+01	5,568179E+03
6,98	-1,199301E+06	5,791762E+02	5,074760E+01	5,568179E+03
6,985	-1,199302E+06	5,990384E+02	5,252413E+01	5,568179E+03
6,99	-1,199302E+06	6,001816E+02	5,271005E+01	5,568179E+03
6,995	-1,199301E+06	5,598330E+02	5,189063E+01	5,568179E+03
7,0	-1,199301E+06	5,744657E+02	4,996538E+01	5,568179E+03
7,005	-1,199302E+06	6,063170E+02	4,923461E+01	5,568179E+03
7,01	-1,199301E+06	5,935856E+02	5,023287E+01	5,568179E+03
7,015	-1,199302E+06	6,051950E+02	5,025383E+01	5,568179E+03
7,02	-1,199302E+06	5,814783E+02	4,953520E+01	5,568179E+03
7,025	-1,199301E+06	5,557134E+02	4,847449E+01	5,568179E+03
7,03	-1,199302E+06	5,839456E+02	4,706661E+01	5,568179E+03
7,035	-1,199302E+06	5,764524E+02	4,669355E+01	5,568179E+03
7,04	-1,199302E+06	5,578010E+02	4,693830E+01	5,568179E+03
7,045	-1,199301E+06	5,353512E+02	4,811269E+01	5,568179E+03
7,05	-1,199302E+06	5,676862E+02	4,972370E+01	5,568179E+03
7,055	-1,199303E+06	6,103569E+02	5,042798E+01	5,568179E+03
7,06	-1,199301E+06	5,796698E+02	5,007568E+01	5,568179E+03
7,065	-1,199303E+06	5,712493E+02	4,879960E+01	5,568179E+03
7,07	-1,199301E+06	5,172815E+02	4,870084E+01	5,568179E+03
7,075	-1,199302E+06	5,572484E+02	4,887867E+01	5,568179E+03
7,08	-1,199303E+06	5,832420E+02	4,909256E+01	5,568179E+03
7,085	-1,199301E+06	5,353331E+02	4,891480E+01	5,568179E+03
7,09	-1,199303E+06	5,598951E+02	4,754174E+01	5,568179E+03
7,095	-1,199302E+06	5,510438E+02	4,763797E+01	5,568179E+03
7,1	-1,199303E+06	5,847083E+02	4,882890E+01	5,568179E+03
7,105	-1,199303E+06	5,983142E+02	5,017258E+01	5,568179E+03
7,11	-1,199302E+06	5,411466E+02	5,144987E+01	5,568179E+03
7,115	-1,199302E+06	5,328151E+02	5,244776E+01	5,568179E+03
7,12	-1,199303E+06	5,678300E+02	5,404710E+01	5,568179E+03
7,125	-1,199303E+06	5,607833E+02	5,544187E+01	5,568179E+03
7,13	-1,199302E+06	5,252944E+02	5,526175E+01	5,568179E+03
7,135	-1,199302E+06	5,251852E+02	5,400855E+01	5,568179E+03
7,14	-1,199303E+06	5,293368E+02	5,219694E+01	5,568179E+03
7,145	-1,199302E+06	5,221062E+02	5,088150E+01	5,568179E+03
7,15	-1,199302E+06	5,358231E+02	5,105056E+01	5,568179E+03
7,155	-1,199303E+06	5,545126E+02	5,103014E+01	5,568179E+03
7,16	-1,199302E+06	5,213798E+02	5,021349E+01	5,568179E+03
7,165	-1,199303E+06	5,405337E+02	4,886964E+01	5,568179E+03
7,17	-1,199303E+06	5,731285E+02	4,781438E+01	5,568179E+03
7,175	-1,199303E+06	5,447874E+02	4,699941E+01	5,568179E+03
7,18	-1,199303E+06	5,155603E+02	4,635268E+01	5,568179E+03
7,185	-1,199302E+06	4,952667E+02	4,718559E+01	5,568179E+03
7,19	-1,199303E+06	5,313377E+02	4,805306E+01	5,568179E+03
7,195	-1,199303E+06	5,297047E+02	4,898868E+01	5,568179E+03
7,2	-1,199302E+06	4,990690E+02	5,047162E+01	5,568179E+03
7,205	-1,199303E+06	4,990979E+02	5,181588E+01	5,568179E+03
7,21	-1,199302E+06	4,817531E+02	5,277843E+01	5,568179E+03
7,215	-1,199303E+06	5,045880E+02	5,227074E+01	5,568179E+03
7,22	-1,199303E+06	5,126350E+02	5,093516E+01	5,568179E+03
7,225	-1,199303E+06	5,118250E+02	4,973094E+01	5,568179E+03
7,23	-1,199303E+06	5,236438E+02	4,938016E+01	5,568179E+03
7,235	-1,199303E+06	5,153549E+02	4,961750E+01	5,568179E+03
7,24	-1,199303E+06	5,183430E+02	4,923893E+01	5,568179E+03
7,245	-1,199303E+06	5,166265E+02	4,826718E+01	5,568179E+03
7,25	-1,199303E+06	4,944471E+02	4,759637E+01	5,568179E+03
7,255	-1,199303E+06	5,032115E+02	4,746392E+01	5,568179E+03
7,26	-1,199304E+06	5,066067E+02	4,820279E+01	5,568179E+03
7,265	-1,199303E+06	4,897155E+02	4,917202E+01	5,568179E+03
7,27	-1,199304E+06	4,968351E+02	4,924474E+01	5,568179E+03
7,275	-1,199303E+06	4,899230E+02	4,934039E+01	5,568179E+03
7,28	-1,199304E+06	4,982523E+02	4,939915E+01	5,568179E+03
7,285	-1,199303E+06	4,868308E+02	5,015446E+01	5,568179E+03
7,29	-1,199303E+06	4,861544E+02	5,175101E+01	5,568179E+03
7,295	-1,199304E+06	4,964552E+02	5,223239E+01	5,568179E+03
7,3	-1,199304E+06	4,926434E+02	5,107415E+01	5,568179E+03
7,305	-1,199303E+06	4,712618E+02	4,949721E+01	5,568179E+03
7,31	-1,199303E+06	4,607602E+02	4,784617E+01	5,568179E+03
7,315	-1,199304E+06	4,617483E+02	4,724249E+01	5,568179E+03
7,32	-1,199303E+06	4,488305E+02	4,763934E+01	5,568179E+03
7,325	-1,199304E+06	4,715610E+02	4,715271E+01	5,568179E+03
7,33	-1,199304E+06	4,865278E+02	4,619495E+01	5,568179E+03
7,335	-1,199303E+06	4,545612E+02	4,551103E+01	5,568179E+03
7,34	-1,199304E+06	4,813330E+02	4,470708E+01	5,568179E+03
7,345	-1,199304E+06	4,654346E+02	4,497449E+01	5,568179E+03
7,35	-1,199303E+06	4,493804E+02	4,502706E+01	5,568179E+03
7,355	-1,199304E+06	4,649983E+02	4,387793E+01	5,568179E+03
7,36	-1,199303E+06	4,285117E+02	4,301698E+01	5,568179E+03
7,365	-1,199304E+06	4,238674E+02	4,339215E+01	5,568179E+03
7,37	-1,199304E+06	4,377988E+02	4,532505E+01	5,568179E+03
7,375	-1,199304E+06	4,342675E+02	4,712884E+01	5,568179E+03
7,38	-1,199304E+06	4,456825E+02	4,717847E+01	5,568179E+03
7,385	-1,199304E+06	4,384735E+02	4,659340E+01	5,568179E+03
7,39	-1,199304E+06	4,233216E+02	4,651389E+01	5,568179E+03
7,395	-1,199304E+06	4,363232E+02	4,680313E+01	5,568179E+03
7,4	-1,199304E+06	4,390072E+02	4,756145E+01	5,568179E+03
7,405	-1,199304E+06	4,354058E+02	4,835760E+01	5,568179E+03
7,41	-1,199305E+06	4,522807E+02	4,805963E+01	5,568179E+03
7,415	-1,199304E+06	4,358620E+02	4,771616E+01	5,568179E+03
7,42	-1,199304E+06	4,421992E+02	4,775771E+01	5,568179E+03
7,425	-1,199305E+06	4,480616E+02	4,793752E+01	5,568179E+03
7,43	-1,199304E+06	4,054691E+02	4,867690E+01	5,568179E+03
7,435	-1,199304E+06	4,010552E+02	4,899908E+01	5,568179E+03
7,44	-1,199305E+06	4,320476E+02	4,896264E+01	5,568179E+03
7,445	-1,199305E+06	4,308981E+02	4,975200E+01	5,568179E+03
7,45	-1,199304E+06	4,133942E+02	5,040049E+01	5,568179E+03
7,455	-1,199306E+06	4,442452E+02	5,053461E+01	5,568179E+03
7,46	-1,199305E+06	4,218222E+02	5,114499E+01	5,568179E+03
7,465	-1,199305E+06	4,119105E+02	5,040907E+01	5,568179E+03
7,47	-1,199305E+06	4,160733E+02	4,959576E+01	5,568179E+03
7,475	-1,199305E+06	4,114492E+02	4,991705E+01	5,568179E+03
7,48	-1,199305E+06	4,232780E+02	5,010005E+01	5,568179E+03
7,485	-1,199305E+06	4,186275E+02	5,036676E+01	5,568179E+03
7,49	-1,199306E+06	4,258371E+02	4,998893E+01	5,568179E+03
7,495	-1,199305E+06	3,996415E+02	4,888871E+01	5,568179E+03
7,5	-1,199305E+06	3,801314E+02	4,851039E+01	5,568179E+03
7,505	-1,199305E+06	3,822723E+02	4,926970E+01	5,568179E+03
7,51	-1,199305E+06	3,914598E+02	4,987613E+01	5,568179E+03
7,515	-1,199306E+06	3,973692E+02	5,002399E+01	5,568179E+03
7,52	-1,199305E+06	3,770183E+02	4,980192E+01	5,568179E+03
7,525	-1,199305E+06	4,007634E+02	4,927746E+01	5,568179E+03
7,53	-1,199306E+06	4,056004E+02	4,949780E+01	5,568179E+03
7,535	-1,199305E+06	3,869722E+02	4,934536E+01	5,568179E+03
7,54	-1,199306E+06	3,969494E+02	4,845341E+01	5,568179E+03
7,545	-1,199305E+06	3,602333E+02	4,832068E+01	5,568179E+03
7,55	-1,199305E+06	3,611072E+02	4,830020E+01	5,568179E+03
7,555	-1,199306E+06	3,951228E+02	4,854311E+01	5,568179E+03
7,56	-1,199305E+06	3,812118E+02	4,926782E+01	5,568179E+03
7,565	-1,199306E+06	3,853465E+02	4,928986E+01	5,568179E+03
7,57	-1,199306E+06	3,794286E+02	4,937494E+01	5,568179E+03
7,575	-1,199306E+06	3,823335E+02	4,924332E+01	5,568179E+03
7,58	-1,199306E+06	3,791149E+02	4,890836E+01	5,568179E+03
7,585	-1,199306E+06	3,840313E+02	4,904608E+01	5,568179E+03
7,59	-1,199306E+06	3,771291E+02	4,979731E+01	5,568179E+03
7,595	-1,199306E+06	3,714314E+02	5,039080E+01	5,568179E+03
7,6	-1,199306E+06	3,778969E+02	5,038578E+01	5,568179E+03
7,605	-1,199305E+06	3,478010E+02	5,039997E+01	5,568179E+03
7,61	-1,199306E+06	3,545896E+02	5,042866E+01	5,568179E+03
7,615	-1,199306E+06	3,603135E+02	5,114455E+01	5,568179E+03
7,62	-1,199306E+06	3,522609E+02	5,187456E+01	5,568179E+03
7,625	-1,199306E+06	3,571050E+02	5,192469E+01	5,568179E+03
7,63	-1,199306E+06	3,590264E+02	5,209602E+01	5,568179E+03
7,635	-1,199306E+06	3,658175E+02	5,190196E+01	5,568179E+03
7,64	-1,199306E+06	3,619688E+02	5,123694E+01	5,568179E+03
7,645	-1,199306E+06	3,572001E+02	5,101106E+01	5,568179E+03
7,65	-1,199306E+06	3,547987E+02	5,118109E+01	5,568179E+03
7,655	-1,199307E+06	3,701368E+02	5,085794E+01	5,568179E+03
7,66	-1,199306E+06	3,512723E+02	4,986609E+01	5,568179E+03
7,665	-1,199306E+06	3,275535E+02	4,926267E+01	5,568179E+03
7,67	-1,199307E+06	3,498155E+02	4,994350E+01	5,568179E+03
7,675	-1,199306E+06	3,350218E+02	5,111851E+01	5,568179E+03
7,68	-1,199306E+06	3,401351E+02	5,169617E+01	5,568179E+03
7,685	-1,199307E+06	3,534168E+02	5,179383E+01	5,568179E+03
7,69	-1,199306E+06	3,435717E+02	5,101868E+01	5,568179E+03
7,695	-1,199307E+06	3,442990E+02	4,996951E+01	5,568179E+03
7,7	-1,199307E+06	3,352440E+02	4,933318E+01	5,568179E+03
7,705	-1,199307E+06	3,293945E+02	4,891806E+01	5,568179E+03
7,71	-1,199306E+06	3,246485E+02	4,886593E+01	5,568179E+03
7,715	-1,199307E+06	3,295690E+02	4,857579E+01	5,568179E+03
7,72	-1,199307E+06	3,316993E+02	4,886463E+01	5,568179E+03
7,725	-1,199306E+06	3,142877E+02	5,028188E+01	5,568179E+03
7,73	-1,199307E+06	3,155076E+02	5,123251E+01	5,568179E+03
7,735	-1,199307E+06	3,214822E+02	5,150310E+01	5,568179E+03
7,74	-1,199306E+06	3,114192E+02	5,124946E+01	5,568179E+03
7,745	-1,199307E+06	3,147233E+02	5,070317E+01	5,568179E+03
7,75	-1,199307E+06	3,272863E+02	5,078687E+01	5,568179E+03
7,755	-1,199307E+06	3,313805E+02	5,073365E+01	5,568179E+03
7,76	-1,199307E+06	3,179183E+02	5,037405E+01	5,568179E+03
7,765	-1,199307E+06	3,253114E+02	4,964029E+01	5,568179E+03
7,77	-1,199307E+06	3,194152E+02	4,868066E+01	5,568179E+03
7,775	-1,199307E+06	3,034278E+02	4,840281E+01	5,568179E+03
7,78	-1,199307E+06	3,162281E+02	4,911102E+01	5,568179E+03
7,785	-1,199307E+06	3,024852E+02	5,053918E+01	5,568179E+03
7,79	-1,199307E+06	2,979922E+02	5,122094E+01	5,568179E+03
7,795	-1,199307E+06	3,056378E+02	5,135741E+01	5,568179E+03
7,8	-1,199307E+06	2,877754E+02	5,182464E+01	5,568179E+03
7,805	-1,199307E+06	3,008293E+02	5,170145E+01	5,568179E+03
7,81	-1,199307E+06	3,058577E+02	5,177033E+01	5,568179E+03
7,815	-1,199307E+06	2,960666E+02	5,188329E+01	5,568179E+03
7,82	-1,199308E+06	3,128867E+02	5,073770E+01	5,568179E+03
7,825	-1,199307E+06	2,942431E+02	5,010065E+01	5,568179E+03
7,83	-1,199308E+06	3,013054E+02	4,995628E+01	5,568179E+03
7,835	-1,199308E+06	2,930611E+02	4,984483E+01	5,568179E+03
7,84	-1,199307E+06	2,532975E+02	5,063721E+01	5,568179E+03
7,845	-1,199307E+06	2,681943E+02	5,123008E+01	5,568179E+03
7,85	-1,199308E+06	3,082278E+02	5,089629E+01	5,568179E+03
7,855	-1,199308E+06	3,086531E+02	5,089230E+01	5,568179E+03
7,86	-1,199307E+06	2,912436E+02	5,096033E+01	5,568179E+03
7,865	-1,199308E+06	2,987945E+02	5,098805E+01	5,568179E+03
7,87	-1,199307E+06	2,738444E+02	5,170202E+01	5,568179E+03
7,875	-1,199307E+06	2,745271E+02	5,137950E+01	5,568179E+03
7,88	-1,199308E+06	2,868411E+02	5,081116E+01	5,568179E+03
7,885	-1,199307E+06	2,581583E+02	5,167289E+01	5,568179E+03
7,89	-1,199308E+06	2,867999E+02	5,220293E+01	5,568179E+03
7,895	-1,199308E+06	2,851144E+02	5,264204E+01	5,568179E+03
7,9	-1,199307E+06	2,626837E+02	5,324323E+01	5,568179E+03
7,905	-1,199308E+06	2,831773E+02	5,336586E+01	5,568179E+03
7,91	-1,199308E+06	2,784033E+02	5,405516E+01	5,568179E+03
7,915	-1,199308E+06	2,780733E+02	5,500595E+01	5,568179E+03
7,92	-1,199308E+06	2,835596E+02	5,531053E+01	5,568179E+03
7,925	-1,199308E+06	2,637621E+02	5,539396E+01	5,568179E+03
7,93	-1,199308E+06	2,480482E+02	5,517934E+01	5,568179E+03
7,935	-1,199308E+06	2,633004E+02	5,438377E+01	5,568179E+03
7,94	-1,199308E+06	2,654224E+02	5,407091E+01	5,568179E+03
7,945	-1,199308E+06	2,566234E+02	5,413043E+01	5,568179E+03
7,95	-1,199309E+06	2,670264E+02	5,389611E+01	5,568179E+03
7,955	-1,199308E+06	2,505635E+02	5,419782E+01	5,568179E+03
7,96	-1,199308E+06	2,590632E+02	5,403539E+01	5,568179E+03
7,965	-1,199309E+06	2,700254E+02	5,308325E+01	5,568179E+03
7,97	-1,199308E+06	2,467370E+02	5,256811E+01	5,568179E+03
7,975	-1,199308E+06	2,555970E+02	5,223933E+01	5,568179E+03
7,98	-1,199308E+06	2,651237E+02	5,231956E+01	5,568179E+03
7,985	-1,199308E+06	2,576837E+02	5,263032E+01	5,568179E+03
7,99	-1,199308E+06	2,537441E+02	5,240002E+01	5,568179E+03
7,995	-1,199308E+06	2,427724E+02	5,237217E+01	5,568179E+03
8,0	-1,199308E+06	2,386872E+02	5,338856E+01	5,568179E+03
8,005	-1,199309E+06	2,646093E+02	5,442736E+01	5,568179E+03
8,01	-1,199309E+06	2,721206E+02	5,495540E+01	5,568179E+03
8,015	-1,199308E+06	2,575527E+02	5,491270E+01	5,568179E+03
8,02	-1,199308E+06	2,534112E+02	5,408834E+01	5,568179E+03
8,025	-1,199309E+06	2,501889E+02	5,354379E+01	5,568179E+03
8,03	-1,199308E+06	2,303360E+02	5,360531E+01	5,568179E+03
8,035	-1,199308E+06	2,297695E+02	5,328243E+01	5,568179E+03
8,04	-1,199309E+06	2,407626E+02	5,323473E+01	5,568179E+03
8,045	-1,199309E+06	2,425101E+02	5,343233E+01	5,568179E+03
8,05	-1,199309E+06	2,448809E+02	5,335632E+01	5,568179E+03
8,055	-1,199309E+06	2,481330E+02	5,379705E+01	5,568179E+03
8,06	-1,199309E+06	2,486236E+02	5,425449E+01	5,568179E+03
8,065	-1,199308E+06	2,370813E+02	5,393627E+01	5,568179E+03
8,07	-1,199309E+06	2,366716E+02	5,342344E+01	5,568179E+03
8,075	-1,199309E+06	2,356718E+02	5,331270E+01	5,568179E+03
8,08	-1,199309E+06	2,318302E+02	5,314038E+01	5,568179E+03
8,085	-1,199309E+06	2,266005E+02	5,287985E+01	5,568179E+03
8,09	-1,199309E+06	2,266605E+02	5,240190E+01	5,568179E+03
8,095	-1,199309E+06	2,335684E+02	5,137631E+01	5,568179E+03
8,1	-1,199309E+06	2,228918E+02	5,084747E+01	5,568179E+03
8,105	-1,199309E+06	2,188519E+02	5,134654E+01	5,568179E+03
8,11	-1,199309E+06	2,342050E+02	5,204925E+01	5,568179E+03
8,115	-1,199309E+06	2,321334E+02	5,285423E+01	5,568179E+03
8,12	-1,199309E+06	2,313355E+02	5,310714E+01	5,568179E+03
8,125	-1,199309E+06	2,192341E+02	5,277020E+01	5,568179E+03
8,13	-1,199309E+06	2,169840E+02	5,292029E+01	5,568179E+03
8,135	-1,199309E+06	2,245982E+02	5,358569E+01	5,568179E+03
8,14	-1,199309E+06	2,235492E+02	5,393503E+01	5,568179E+03
8,145	-1,199309E+06	2,074174E+02	5,428384E+01	5,568179E+03
8,15	-1,199309E+06	2,076872E+02	5,440931E+01	5,568179E+03
8,155	-1,199310E+06	2,258695E+02	5,385608E+01	5,568179E+03
8,16	-1,199309E+06	2,123682E+02	5,362209E+01	5,568179E+03
8,165	-1,199309E+06	2,232880E+02	5,351786E+01	5,568179E+03
8,17	-1,199310E+06	2,346592E+02	5,326685E+01	5,568179E+03
8,175	-1,199309E+06	2,130283E+02	5,303413E+01	5,568179E+03
8,18	-1,199309E+06	2,151967E+02	5,241712E+01	5,568179E+03
8,185	-1,199309E+06	2,157216E+02	5,211272E+01	5,568179E+03
8,19	-1,199309E+06	2,058837E+02	5,273238E+01	5,568179E+03
8,195	-1,199309E+06	2,168127E+02	5,356619E+01	5,568179E+03
8,2	-1,199309E+06	2,176372E+02	5,437699E+01	5,568179E+03
8,205	-1,199309E+06	2,102304E+02	5,495166E+01	5,568179E+03
8,21	-1,199309E+06	2,133290E+02	5,490438E+01	5,568179E+03
8,215	-1,199309E+06	2,132024E+02	5,489275E+01	5,568179E+03
8,22	-1,199309E+06	2,060788E+02	5,516851E+01	5,568179E+03
8,225	-1,199309E+06	1,959896E+02	5,518035E+01	5,568179E+03
8,23	-1,199309E+06	2,004441E+02	5,503834E+01	5,568179E+03
8,235	-1,199309E+06	2,134549E+02	5,471467E+01	5,568179E+03
8,24	-1,199309E+06	2,085049E+02	5,394941E+01	5,568179E+03
8,245	-1,199309E+06	1,979413E+02	5,330087E+01	5,568179E+03
8,25	-1,199309E+06	1,882526E+02	5,298333E+01	5,568179E+03
8,255	-1,199309E+06	1,902395E+02	5,238286E+01	5,568179E+03
8,26	-1,199309E+06	1,888403E+02	5,207539E+01	5,568179E+03
8,265	-1,199309E+06	1,952162E+02	5,247505E+01	5,568179E+03
8,27	-1,199310E+06	2,076295E+02	5,307596E+01	5,568179E+03
8,275	-1,199309E+06	1,974228E+02	5,383336E+01	5,568179E+03
8,28	-1,199309E+06	1,919065E+02	5,439716E+01	5,568179E+03
8,285	-1,199310E+06	2,000220E+02	5,431340E+01	5,568179E+03
8,29	-1,199310E+06	1,987422E+02	5,386511E+01	5,568179E+03
8,295	-1,199309E+06	1,860843E+02	5,338923E+01	5,568179E+03
8,3	-1,199310E+06	1,841115E+02	5,294549E+01	5,568179E+03
8,305	-1,199310E+06	1,829202E+02	5,268589E+01	5,568179E+03
8,31	-1,199309E+06	1,839658E+02	5,254164E+01	5,568179E+03
8,315	-1,199310E+06	1,907188E+02	5,247855E+01	5,568179E+03
8,32	-1,199309E+06	1,886840E+02	5,252774E+01	5,568179E+03
8,325	-1,199310E+06	1,887772E+02	5,280513E+01	5,568179E+03
8,33	-1,199309E+06	1,825631E+02	5,375169E+01	5,568179E+03
8,335	-1,199310E+06	1,905119E+02	5,463104E+01	5,568179E+03
8,34	-1,199310E+06	1,867827E+02	5,491815E+01	5,568179E+03
8,345	-1,199310E+06	1,822215E+02	5,462170E+01	5,568179E+03
8,35	-1,199310E+06	1,833387E+02	5,427009E+01	5,568179E+03
8,355	-1,199309E+06	1,778498E+02	5,445754E+01	5,568179E+03
8,36	-1,199310E+06	1,886077E+02	5,464281E+01	5,568179E+03
8,365	-1,199310E+06	1,818868E+02	5,445650E+01	5,568179E+03
8,37	-1,199310E+06	1,753877E+02	5,389044E+01	5,568179E+03
8,375	-1,199310E+06	1,757832E+02	5,337790E+01	5,568179E+03
8,38	-1,199310E+06	1,756059E+02	5,337516E+01	5,568179E+03
8,385	-1,199310E+06	1,844230E+02	5,379289E+01	5,568179E+03
8,39	-1,199310E+06	1,786136E+02	5,427800E+01	5,568179E+03
8,395	-1,199310E+06	1,847020E+02	5,420329E+01	5,568179E+03
8,4	-1,199310E+06	1,719242E+02	5,392885E+01	5,568179E+03
8,405	-1,199310E+06	1,676643E+02	5,377269E+01	5,568179E+03
8,41	-1,199310E+06	1,800288E+02	5,402233E+01	5,568179E+03
8,415	-1,199310E+06	1,799961E+02	5,443247E+01	5,568179E+03
8,42	-1,199310E+06	1,803441E+02	5,450397E+01	5,568179E+03
8,425	-1,199310E+06	1,807610E+02	5,449652E+01	5,568179E+03
8,43	-1,199310E+06	1,808830E+02	5,451472E+01	5,568179E+03
8,435	-1,199310E+06	1,803224E+02	5,457046E+01	5,568179E+03
8,44	-1,199310E+06	1,657016E+02	5,483149E+01	5,568179E+03
8,445	-1,199310E+06	1,671841E+02	5,472551E+01	5,568179E+03
8,45	-1,199310E+06	1,674970E+02	5,445909E+01	5,568179E+03
8,455	-1,199310E+06	1,649501E+02	5,443906E+01	5,568179E+03
8,46	-1,199310E+06	1,697015E+02	5,472982E+01	5,568179E+03
8,465	-1,199310E+06	1,663658E+02	5,528635E+01	5,568179E+03
8,47	-1,199310E+06	1,647946E+02	5,568909E+01	5,568179E+03
8,475	-1,199310E+06	1,700781E+02	5,577182E+01	5,568179E+03
8,48	-1,199310E+06	1,706036E+02	5,566972E+01	5,568179E+03
8,485	-1,199310E+06	1,614263E+02	5,545851E+01	5,568179E+03
8,49	-1,199310E+06	1,610553E+02	5,517014E+01	5,568179E+03
8,495	-1,199310E+06	1,651958E+02	5,510085E+01	5,568179E+03
8,5	-1,199310E+06	1,606140E+02	5,510571E+01	5,568179E+03
8,505	-1,199310E+06	1,616985E+02	5,496483E+01	5,568179E+03
8,51	-1,199310E+06	1,534048E+02	5,501335E+01	5,568179E+03
8,515	-1,199310E+06	1,516011E+02	5,484476E+01	5,568179E+03
8,52	-1,199310E+06	1,587735E+02	5,466588E+01	5,568179E+03
8,525	-1,199310E+06	1,612355E+02	5,469684E+01	5,568179E+03
8,53	-1,199310E+06	1,667921E+02	5,437469E+01	5,568179E+03
8,535	-1,199310E+06	1,602964E+02	5,390613E+01	5,568179E+03
8,54	-1,199310E+06	1,558413E+02	5,343038E+01	5,568179E+03
8,545	-1,199310E+06	1,603107E+02	5,312218E+01	5,568179E+03
8,55	-1,199310E+06	1,537938E+02	5,334272E+01	5,568179E+03
8,555	-1,199310E+06	1,486601E+02	5,378000E+01	5,568179E+03
8,56	-1,199310E+06	1,532534E+02	5,398021E+01	5,568179E+03
8,565	-1,199310E+06	1,570973E+02	5,383152E+01	5,568179E+03
8,57	-1,199310E+06	1,491010E+02	5,368122E+01	5,568179E+03
8,575	-1,199310E+06	1,502177E+02	5,378099E+01	5,568179E+03
8,58	-1,199310E+06	1,589823E+02	5,423439E+01	5,568179E+03
8,585	-1,199310E+06	1,565960E+02	5,471950E+01	5,568179E+03
8,59	-1,199310E+06	1,613733E+02	5,469960E+01	5,568179E+03
8,595	-1,199310E+06	1,570028E+02	5,458410E+01	5,568179E+03
8,6	-1,199310E+06	1,481613E+02	5,453524E+01	5,568179E+03
8,605	-1,199310E+06	1,525095E+02	5,455726E+01	5,568179E+03
8,61	-1,199310E+06	1,535709E+02	5,467672E+01	5,568179E+03
8,615	-1,199310E+06	1,578990E+02	5,440034E+01	5,568179E+03
8,62	-1,199310E+06	1,566399E+02	5,401522E+01	5,568179E+03
8,625	-1,199310E+06	1,475611E+02	5,386247E+01	5,568179E+03
8,63	-1,199311E+06	1,556687E+02	5,369177E+01	5,568179E+03
8,635	-1,199310E+06	1,513822E+02	5,359772E+01	5,568179E+03
8,64	-1,199310E+06	1,467508E+02	5,328872E+01	5,568179E+03
8,645	-1,199310E+06	1,471181E+02	5,302090E+01	5,568179E+03
8,65	-1,199310E+06	1,467962E+02	5,310006E+01	5,568179E+03
8,655	-1,199310E+06	1,467515E+02	5,342620E+01	5,568179E+03
8,66	-1,199310E+06	1,425010E+02	5,391587E+01	5,568179E+03
8,665	-1,199310E+06	1,482472E+02	5,424108E+01	5,568179E+03
8,67	-1,199310E+06	1,457950E+02	5,441942E+01	5,568179E+03
8,675	-1,199310E+06	1,384007E+02	5,429321E+01	5,568179E+03
8,68	-1,199310E+06	1,384933E+02	5,395112E+01	5,568179E+03
8,685	-1,199310E+06	1,383310E+02	5,389906E+01	5,568179E+03
8,69	-1,199310E+06	1,428053E+02	5,381377E+01	5,568179E+03
8,695	-1,199310E+06	1,394068E+02	5,345228E+01	5,568179E+03
8,7	-1,199310E+06	1,428545E+02	5,276065E+01	5,568179E+03
8,705	-1,199310E+06	1,415165E+02	5,199049E+01	5,568179E+03
8,71	-1,199310E+06	1,324578E+02	5,177706E+01	5,568179E+03
8,715	-1,199310E+06	1,399076E+02	5,212563E+01	5,568179E+03
8,72	-1,199310E+06	1,482896E+02	5,251126E+01	5,568179E+03
8,725	-1,199310E+06	1,487007E+02	5,256633E+01	5,568179E+03
8,73	-1,199310E+06	1,432048E+02	5,234349E+01	5,568179E+03
8,735	-1,199310E+06	1,382224E+02	5,227054E+01	5,568179E+03
8,74	-1,199310E+06	1,343113E+02	5,268113E+01	5,568179E+03
8,745	-1,199310E+06	1,311031E+02	5,340444E+01	5,568179E+03
8,75	-1,199311E+06	1,405260E+02	5,391721E+01	5,568179E+03
8,755	-1,199311E+06	1,413420E+02	5,399623E+01	5,568179E+03
8,76	-1,199310E+06	1,329846E+02	5,375329E+01	5,568179E+03
8,765	-1,199310E+06	1,365354E+02	5,351920E+01	5,568179E+03
8,77	-1,199310E+06	1,408806E+02	5,362304E+01	5,568179E+03
8,775	-1,199311E+06	1,441278E+02	5,364394E+01	5,568179E+03
8,78	-1,199311E+06	1,408770E+02	5,332203E+01	5,568179E+03
8,785	-1,199310E+06	1,307367E+02	5,295517E+01	5,568179E+03
8,79	-1,199310E+06	1,328887E+02	5,269944E+01	5,568179E+03
8,795	-1,199311E+06	1,335663E+02	5,280190E+01	5,568179E+03
8,8	-1,199310E+06	1,283810E+02	5,319812E+01	5,568179E+03
8,805	-1,199311E+06	1,322418E+02	5,334911E+01	5,568179E+03
8,81	-1,199310E+06	1,289942E+02	5,323192E+01	5,568179E+03
8,815	-1,199310E+06	1,260485E+02	5,310875E+01	5,568179E+03
8,82	-1,199310E+06	1,291815E+02	5,313664E+01	5,568179E+03
8,825	-1,199311E+06	1,319892E+02	5,325629E+01	5,568179E+03
8,83	-1,199311E+06	1,328496E+02	5,325822E+01	5,568179E+03
8,835	-1,199310E+06	1,285456E+02	5,286170E+01	5,568179E+03
8,84	-1,199311E+06	1,251755E+02	5,220303E+01	5,568179E+03
8,845	-1,199310E+06	1,242690E+02	5,177737E+01	5,568179E+03
8,85	-1,199311E+06	1,324779E+02	5,157177E+01	5,568179E+03
8,855	-1,199311E+06	1,266904E+02	5,182683E+01	5,568179E+03
8,86	-1,199310E+06	1,208002E+02	5,226934E+01	5,568179E+03
8,865	-1,199311E+06	1,275490E+02	5,267005E+01	5,568179E+03
8,87	-1,199311E+06	1,268449E+02	5,336529E+01	5,568179E+03
8,875	-1,199311E+06	1,299709E+02	5,389144E+01	5,568179E+03
8,88	-1,199311E+06	1,281627E+02	5,399393E+01	5,568179E+03
8,885	-1,199310E+06	1,214616E+02	5,378981E+01	5,568179E+03
8,89	-1,199311E+06	1,279460E+02	5,317581E+01	5,568179E+03
8,895	-1,199311E+06	1,261527E+02	5,260643E+01	5,568179E+03
8,9	-1,199311E+06	1,204396E+02	5,222914E+01	5,568179E+03
8,905	-1,199311E+06	1,204381E+02	5,196524E+01	5,568179E+03
8,91	-1,199311E+06	1,230834E+02	5,193377E+01	5,568179E+03
8,915	-1,199311E+06	1,216835E+02	5,209059E+01	5,568179E+03
8,92	-1,199311E+06	1,235346E+02	5,223139E+01	5,568179E+03
8,925	-1,199311E+06	1,282084E+02	5,259542E+01	5,568179E+03
8,93	-1,199311E+06	1,243268E+02	5,336370E+01	5,568179E+03
8,935	-1,199311E+06	1,289050E+02	5,410432E+01	5,568179E+03
8,94	-1,199311E+06	1,293390E+02	5,460763E+01	5,568179E+03
8,945	-1,199311E+06	1,229818E+02	5,453941E+01	5,568179E+03
8,95	-1,199311E+06	1,204462E+02	5,395326E+01	5,568179E+03
8,955	-1,199311E+06	1,202524E+02	5,347081E+01	5,568179E+03
8,96	-1,199311E+06	1,274136E+02	5,324096E+01	5,568179E+03
8,965	-1,199311E+06	1,240046E+02	5,315465E+01	5,568179E+03
8,97	-1,199311E+06	1,174614E+02	5,291316E+01	5,568179E+03
8,975	-1,199311E+06	1,192185E+02	5,260049E+01	5,568179E+03
8,98	-1,199311E+06	1,214684E+02	5,258530E+01	5,568179E+03
8,985	-1,199311E+06	1,234632E+02	5,281009E+01	5,568179E+03
8,99	-1,199311E+06	1,167420E+02	5,324127E+01	5,568179E+03
8,995	-1,199311E+06	1,141235E+02	5,354535E+01	5,568179E+03
9,0	-1,199311E+06	1,187682E+02	5,348274E+01	5,568179E+03
9,005	-1,199311E+06	1,192382E+02	5,314581E+01	5,568179E+03
9,01	-1,199311E+06	1,220640E+02	5,260996E+01	5,568179E+03
9,015	-1,199311E+06	1,198886E+02	5,235468E+01	5,568179E+03
9,02	-1,199311E+06	1,137919E+02	5,237164E+01	5,568179E+03
9,025	-1,199311E+06	1,147078E+02	5,227916E+01	5,568179E+03
9,03	-1,199311E+06	1,160001E+02	5,210277E+01	5,568179E+03
9,035	-1,199311E+06	1,171076E+02	5,200723E+01	5,568179E+03
9,04	-1,199311E+06	1,164961E+02	5,239275E+01	5,568179E+03
9,045	-1,199311E+06	1,110469E+02	5,311270E+01	5,568179E+03
9,05	-1,199311E+06	1,077019E+02	5,363700E+01	5,568179E+03
9,055	-1,199311E+06	1,106201E+02	5,375794E+01	5,568179E+03
9,06	-1,199311E+06	1,185546E+02	5,342678E+01	5,568179E+03
9,065	-1,199311E+06	1,167476E+02	5,301964E+01	5,568179E+03
9,07	-1,199311E+06	1,116889E+02	5,250482E+01	5,568179E+03
9,075	-1,199311E+06	1,139468E+02	5,181155E+01	5,568179E+03
9,08	-1,199311E+06	1,159685E+02	5,111733E+01	5,568179E+03
9,085	-1,199311E+06	1,138749E+02	5,040799E+01	5,568179E+03
9,09	-1,199311E+06	1,096547E+02	5,025765E+01	5,568179E+03
9,095	-1,199311E+06	1,135298E+02	5,081235E+01	5,568179E+03
9,1	-1,199311E+06	1,234728E+02	5,154014E+01	5,568179E+03
9,105	-1,199311E+06	1,116003E+02	5,247905E+01	5,568179E+03
9,11	-1,199311E+06	1,104791E+02	5,315241E+01	5,568179E+03
9,115	-1,199311E+06	1,159218E+02	5,349039E+01	5,568179E+03
9,12	-1,199311E+06	1,086664E+02	5,376990E+01	5,568179E+03
9,125	-1,199311E+06	1,128672E+02	5,362010E+01	5,568179E+03
9,13	-1,199311E+06	1,141737E+02	5,340514E+01	5,568179E+03
9,135	-1,199311E+06	1,173814E+02	5,330411E+01	5,568179E+03
9,14	-1,199311E+06	1,196001E+02	5,288781E+01	5,568179E+03
9,145	-1,199311E+06	1,154133E+02	5,234179E+01	5,568179E+03
9,15	-1,199311E+06	1,133265E+02	5,195903E+01	5,568179E+03
9,155	-1,199311E+06	1,113517E+02	5,175939E+01	5,568179E+03
9,16	-1,199311E+06	1,118255E+02	5,178020E+01	5,568179E+03
9,165	-1,199311E+06	1,121248E+02	5,170291E+01	5,568179E+03
9,17	-1,199311E+06	1,130414E+02	5,123971E+01	5,568179E+03
9,175	-1,199311E+06	1,086033E+02	5,087693E+01	5,568179E+03
9,18	-1,199311E+06	1,086671E+02	5,091647E+01	5,568179E+03
9,185	-1,199311E+06	1,170352E+02	5,114745E+01	5,568179E+03
9,19	-1,199311E+06	1,102162E+02	5,146477E+01	5,568179E+03
9,195	-1,199311E+06	1,039649E+02	5,151199E+01	5,568179E+03
9,2	-1,199311E+06	1,009543E+02	5,147136E+01	5,568179E+03
9,205	-1,199311E+06	1,011796E+02	5,187959E+01	5,568179E+03
9,21	-1,199311E+06	1,088227E+02	5,253350E+01	5,568179E+03
9,215	-1,199311E+06	1,105999E+02	5,298028E+01	5,568179E+03
9,22	-1,199311E+06	1,036144E+02	5,297804E+01	5,568179E+03
9,225	-1,199311E+06	1,052163E+02	5,243977E+01	5,568179E+03
9,23	-1,199311E+06	1,130288E+02	5,195974E+01	5,568179E+03
9,235	-1,199311E+06	1,070535E+02	5,193597E+01	5,568179E+03
9,24	-1,199311E+06	1,110080E+02	5,170093E+01	5,568179E+03
9,245	-1,199311E+06	1,144867E+02	5,124856E+01	5,568179E+03
9,25	-1,199311E+06	1,072578E+02	5,094277E+01	5,568179E+03
9,255	-1,199311E+06	1,054480E+02	5,087020E+01	5,568179E+03
9,26	-1,199311E+06	1,004054E+02	5,134426E+01	5,568179E+03
9,265	-1,199311E+06	1,029165E+02	5,205478E+01	5,568179E+03
9,27	-1,199311E+06	1,058382E+02	5,247679E+01	5,568179E+03
9,275	-1,199311E+06	1,014557E+02	5,269814E+01	5,568179E+03
9,28	-1,199311E+06	1,033428E+02	5,296509E+01	5,568179E+03
9,285	-1,199311E+06	1,098110E+02	5,319750E+01	5,568179E+03
9,29	-1,199311E+06	1,087713E+02	5,336597E+01	5,568179E+03
9,295	-1,199311E+06	1,067243E+02	5,332114E+01	5,568179E+03
9,3	-1,199311E+06	1,136220E+02	5,296310E+01	5,568179E+03
9,305	-1,199311E+06	1,090569E+02	5,258139E+01	5,568179E+03
9,31	-1,199311E+06	1,006884E+02	5,217487E+01	5,568179E+03
9,315	-1,199311E+06	1,034406E+02	5,199558E+01	5,568179E+03
9,32	-1,199311E+06	1,022721E+02	5,227420E+01	5,568179E+03
9,325	-1,199311E+06	9,971311E+01	5,272500E+01	5,568179E+03
9,33	-1,199311E+06	1,045207E+02	5,331845E+01	5,568179E+03
9,335	-1,199311E+06	1,058970E+02	5,390749E+01	5,568179E+03
9,34	-1,199311E+06	1,045621E+02	5,419545E+01	5,568179E+03
9,345	-1,199311E+06	1,006341E+02	5,441212E+01	5,568179E+03
9,35	-1,199311E+06	9,638873E+01	5,449783E+01	5,568179E+03
9,355	-1,199311E+06	1,052004E+02	5,421237E+01	5,568179E+03
9,36	-1,199311E+06	1,063385E+02	5,364499E+01	5,568179E+03
9,365	-1,199311E+06	1,002243E+02	5,265421E+01	5,568179E+03
9,37	-1,199311E+06	1,006302E+02	5,179179E+01	5,568179E+03
9,375	-1,199311E+06	9,875162E+01	5,163539E+01	5,568179E+03
9,38	-1,199311E+06	1,002756E+02	5,172588E+01	5,568179E+03
9,385	-1,199311E+06	1,048190E+02	5,187641E+01	5,568179E+03
9,39	-1,199311E+06	1,062101E+02	5,217922E+01	5,568179E+03
9,395	-1,199311E+06	1,041790E+02	5,270186E+01	5,568179E+03
9,4	-1,199311E+06	9,875374E+01	5,355489E+01	5,568179E+03
9,405	-1,199311E+06	1,000952E+02	5,438213E+01	5,568179E+03
9,41	-1,199311E+06	9,913324E+01	5,485736E+01	5,568179E+03
9,415	-1,199311E+06	9,717288E+01	5,498005E+01	5,568179E+03
9,42	-1,199311E+06	1,004281E+02	5,503003E+01	5,568179E+03
9,425	-1,199311E+06	1,015345E+02	5,504410E+01	5,568179E+03
9,43	-1,199311E+06	1,000017E+02	5,484219E+01	5,568179E+03
9,435	-1,199311E+06	9,962451E+01	5,443498E+01	5,568179E+03
9,44	-1,199311E+06	1,080480E+02	5,381606E+01	5,568179E+03
9,445	-1,199311E+06	1,069012E+02	5,331440E+01	5,568179E+03
9,45	-1,199311E+06	1,024875E+02	5,298122E+01	5,568179E+03
9,455	-1,199311E+06	1,047376E+02	5,276138E+01	5,568179E+03
9,46	-1,199311E+06	9,974454E+01	5,281586E+01	5,568179E+03
9,465	-1,199311E+06	1,010094E+02	5,284509E+01	5,568179E+03
9,47	-1,199311E+06	1,017418E+02	5,287249E+01	5,568179E+03
9,475	-1,199311E+06	9,461643E+01	5,310131E+01	5,568179E+03
9,48	-1,199311E+06	9,732305E+01	5,345517E+01	5,568179E+03
9,485	-1,199311E+06	1,055972E+02	5,383737E+01	5,568179E+03
9,49	-1,199311E+06	1,033591E+02	5,407567E+01	5,568179E+03
9,495	-1,199311E+06	9,605562E+01	5,403377E+01	5,568179E+03
9,5	-1,199311E+06	9,476034E+01	5,386742E+01	5,568179E+03
9,505	-1,199311E+06	9,293795E+01	5,389452E+01	5,568179E+03
9,51	-1,199311E+06	9,712282E+01	5,403603E+01	5,568179E+03
9,515	-1,199311E+06	9,964196E+01	5,410464E+01	5,568179E+03
9,52	-1,199311E+06	9,737774E+01	5,406106E+01	5,568179E+03
9,525	-1,199311E+06	1,031048E+02	5,378217E+01	5,568179E+03
9,53	-1,199311E+06	1,023556E+02	5,338130E+01	5,568179E+03
9,535	-1,199311E+06	1,014299E+02	5,306723E+01	5,568179E+03
9,54	-1,199311E+06	1,007555E+02	5,293351E+01	5,568179E+03
9,545	-1,199311E+06	9,764095E+01	5,288152E+01	5,568179E+03
9,55	-1,199311E+06	1,008641E+02	5,286312E+01	5,568179E+03
9,555	-1,199311E+06	1,009118E+02	5,306165E+01	5,568179E+03
9,56	-1,199311E+06	1,014579E+02	5,363091E+01	5,568179E+03
9,565	-1,199311E+06	1,018637E+02	5,449417E+01	5,568179E+03
9,57	-1,199311E+06	9,888413E+01	5,528676E+01	5,568179E+03
9,575	-1,199311E+06	9,963506E+01	5,576474E+01	5,568179E+03
9,58	-1,199311E+06	1,019095E+02	5,588516E+01	5,568179E+03
9,585	-1,199311E+06	1,033130E+02	5,583709E+01	5,568179E+03
9,59	-1,199311E+06	1,009977E+02	5,570615E+01	5,568179E+03
9,595	-1,199311E+06	1,039200E+02	5,514992E+01	5,568179E+03
9,6	-1,199311E+06	1,008305E+02	5,448068E+01	5,568179E+03
9,605	-1,199311E+06	9,440205E+01	5,383922E+01	5,568179E+03
9,61	-1,199311E+06	9,980169E+01	5,318618E+01	5,568179E+03
9,615	-1,199311E+06	9,645169E+01	5,314399E+01	5,568179E+03
9,62	-1,199311E+06	9,497680E+01	5,337688E+01	5,568179E+03
9,625	-1,199311E+06	9,967210E+01	5,360730E+01	5,568179E+03
9,63	-1,199311E+06	9,930536E+01	5,410524E+01	5,568179E+03
9,635	-1,199311E+06	1,016819E+02	5,444978E+01	5,568179E+03
9,64	-1,199311E+06	9,758578E+01	5,477644E+01	5,568179E+03
9,645	-1,199311E+06	9,114061E+01	5,527984E+01	5,568179E+03
9,65	-1,199311E+06	9,242497E+01	5,555121E+01	5,568179E+03
9,655	-1,199311E+06	1,002423E+02	5,565918E+01	5,568179E+03
9,66	-1,199311E+06	1,017426E+02	5,568759E+01	5,568179E+03
9,665	-1,199311E+06	1,011503E+02	5,526840E+01	5,568179E+03
9,67	-1,199311E+06	9,982898E+01	5,475626E+01	5,568179E+03
9,675	-1,199311E+06	9,722503E+01	5,439183E+01	5,568179E+03
9,68	-1,199311E+06	1,025971E+02	5,389714E+01	5,568179E+03
9,685	-1,199311E+06	9,673592E+01	5,357693E+01	5,568179E+03
9,69	-1,199311E+06	9,405909E+01	5,343904E+01	5,568179E+03
9,695	-1,199311E+06	1,014684E+02	5,355560E+01	5,568179E+03
9,7	-1,199311E+06	1,021308E+02	5,410278E+01	5,568179E+03
9,705	-1,199311E+06	1,037932E+02	5,456716E+01	5,568179E+03
9,71	-1,199311E+06	9,799189E+01	5,479247E+01	5,568179E+03
9,715	-1,199311E+06	9,570364E+01	5,484042E+01	5,568179E+03
9,72	-1,199311E+06	9,809291E+01	5,473887E+01	5,568179E+03
9,725	-1,199311E+06	9,655145E+01	5,465124E+01	5,568179E+03
9,73	-1,199311E+06	9,703159E+01	5,468750E+01	5,568179E+03
9,735	-1,199311E+06	9,848071E+01	5,478123E+01	5,568179E+03
9,74	-1,199311E+06	9,850321E+01	5,466654E+01	5,568179E+03
9,745	-1,199311E+06	9,382108E+01	5,430066E+01	5,568179E+03
9,75	-1,199311E+06	9,522793E+01	5,395930E+01	5,568179E+03
9,755	-1,199311E+06	9,705828E+01	5,380312E+01	5,568179E+03
9,76	-1,199311E+06	9,734355E+01	5,357320E+01	5,568179E+03
9,765	-1,199311E+06	9,960202E+01	5,321943E+01	5,568179E+03
9,77	-1,199311E+06	9,488600E+01	5,295316E+01	5,568179E+03
9,775	-1,199311E+06	9,487775E+01	5,293314E+01	5,568179E+03
9,78	-1,199311E+06	9,803656E+01	5,327498E+01	5,568179E+03
9,785	-1,199311E+06	9,531507E+01	5,378135E+01	5,568179E+03
9,79	-1,199311E+06	9,586452E+01	5,426709E+01	5,568179E+03
9,795	-1,199311E+06	9,530403E+01	5,474615E+01	5,568179E+03
9,8	-1,199311E+06	9,638221E+01	5,507615E+01	5,568179E+03
9,805	-1,199311E+06	1,034013E+02	5,535142E+01	5,568179E+03
9,81	-1,199311E+06	1,007971E+02	5,561165E+01	5,568179E+03
9,815	-1,199311E+06	9,556698E+01	5,547998E+01	5,568179E+03
9,82	-1,199311E+06	9,598506E+01	5,504403E+01	5,568179E+03
9,825	-1,199311E+06	9,580439E+01	5,451544E+01	5,568179E+03
9,83	-1,199311E+06	9,846379E+01	5,403105E+01	5,568179E+03
9,835	-1,199311E+06	1,008878E+02	5,396698E+01	5,568179E+03
9,84	-1,199311E+06	9,725971E+01	5,422366E+01	5,568179E+03
9,845	-1,199311E+06	1,005331E+02	5,441897E+01	5,568179E+03
9,85	-1,199311E+06	1,015771E+02	5,467873E+01	5,568179E+03
9,855	-1,199311E+06	9,802368E+01	5,496994E+01	5,568179E+03
9,86	-1,199311E+06	1,017134E+02	5,529293E+01	5,568179E+03
9,865	-1,199311E+06	9,624362E+01	5,596095E+01	5,568179E+03
9,87	-1,199311E+06	9,499041E+01	5,641414E+01	5,568179E+03
9,875	-1,199311E+06	9,857026E+01	5,634006E+01	5,568179E+03
9,88	-1,199311E+06	9,253525E+01	5,608469E+01	5,568179E+03
9,885	-1,199311E+06	9,762357E+01	5,564355E+01	5,568179E+03
9,89	-1,199311E+06	1,017602E+02	5,534191E+01	5,568179E+03
9,895	-1,199311E+06	9,845308E+01	5,524236E+01	5,568179E+03
9,9	-1,199311E+06	1,016451E+02	5,489994E+01	5,568179E+03
9,905	-1,199311E+06	9,914795E+01	5,454864E+01	5,568179E+03
9,91	-1,199311E+06	9,507196E+01	5,448157E+01	5,568179E+03
9,915	-1,199311E+06	9,530002E+01	5,467902E+01	5,568179E+03
9,92	-1,199311E+06	1,009068E+02	5,510343E+01	5,568179E+03
9,925	-1,199311E+06	9,514953E+01	5,566998E+01	5,568179E+03
9,93	-1,199311E+06	9,411356E+01	5,597951E+01	5,568179E+03
9,935	-1,199311E+06	9,915725E+01	5,614269E+01	5,568179E+03
9,94	-1,199311E+06	9,492508E+01	5,616968E+01	5,568179E+03
9,945	-1,199311E+06	1,030378E+02	5,573733E+01	5,568179E+03
9,95	-1,199311E+06	9,887082E+01	5,532994E+01	5,568179E+03
9,955	-1,199311E+06	9,429788E+01	5,492376E+01	5,568179E+03
9,96	-1,199311E+06	1,027043E+02	5,448263E+01	5,568179E+03
9,965	-1,199311E+06	9,593349E+01	5,433594E+01	5,568179E+03
9,97	-1,199311E+06	9,610422E+01	5,422825E+01	5,568179E+03
9,975	-1,199311E+06	1,025318E+02	5,444848E+01	5,568179E+03
9,98	-1,199311E+06	1,022991E+02	5,498052E+01	5,568179E+03
9,985	-1,199311E+06	1,017453E+02	5,520063E+01	5,568179E+03
9,99	-1,199311E+06	9,759774E+01	5,523845E+01	5,568179E+03
9,995	-1,199311E+06	9,597058E+01	5,531159E+01	5,568179E+03
10,0	-1,199311E+06	1,019541E+02	5,542075E+01	5,568179E+03
10,005	-1,199311E+06	1,009621E+02	5,566070E+01	5,568179E+03
10,01	-1,199311E+06	9,639890E+01	5,572115E+01	5,568179E+03
10,015	-1,199311E+06	1,013648E+02	5,536111E+01	5,568179E+03
10,02	-1,199311E+06	9,745254E+01	5,493640E+01	5,568179E+03
10,025	-1,199311E+06	9,325891E+01	5,471335E+01	5,568179E+03
10,03	-1,199311E+06	9,975952E+01	5,473034E+01	5,568179E+03
10,035	-1,199311E+06	9,835977E+01	5,490237E+01	5,568179E+03
10,04	-1,199311E+06	9,852812E+01	5,499368E+01	5,568179E+03
10,045	-1,199311E+06	1,049724E+02	5,487654E+01	5,568179E+03
10,05	-1,199311E+06	1,013235E+02	5,478256E+01	5,568179E+03
10,055	-1,199311E+06	9,833852E+01	5,486470E+01	5,568179E+03
10,06	-1,199311E+06	1,038020E+02	5,489684E+01	5,568179E+03
10,065	-1,199311E+06	9,759273E+01	5,483136E+01	5,568179E+03
10,07	-1,199311E+06	9,380705E+01	5,462861E+01	5,568179E+03
10,075	-1,199311E+06	9,999392E+01	5,432784E+01	5,568179E+03
10,08	-1,199311E+06	9,879347E+01	5,411763E+01	5,568179E+03
10,085	-1,199311E+06	9,738003E+01	5,402337E+01	5,568179E+03
10,09	-1,199311E+06	1,005507E+02	5,410599E+01	5,568179E+03
10,095	-1,199311E+06	1,034907E+02	5,431018E+01	5,568179E+03
10,1	-1,199311E+06	1,055253E+02	5,455852E+01	5,568179E+03
10,105	-1,199311E+06	1,035392E+02	5,497343E+01	5,568179E+03
10,11	-1,199311E+06	1,087525E+02	5,534710E+01	5,568179E+03
10,115	-1,199311E+06	1,066867E+02	5,552418E+01	5,568179E+03
10,12	-1,199311E+06	9,968593E+01	5,560474E+01	5,568179E+03
10,125	-1,199311E+06	1,016043E+02	5,567567E+01	5,568179E+03
10,13	-1,199311E+06	1,062866E+02	5,565605E+01	5,568179E+03
10,135	-1,199311E+06	1,061108E+02	5,560584E+01	5,568179E+03
10,14	-1,199311E+06	1,003200E+02	5,558108E+01	5,568179E+03
10,145	-1,199311E+06	1,057520E+02	5,541462E+01	5,568179E+03
10,15	-1,199311E+06	1,071537E+02	5,508869E+01	5,568179E+03
10,155	-1,199311E+06	1,053942E+02	5,444329E+01	5,568179E+03
10,16	-1,199311E+06	1,079126E+02	5,370562E+01	5,568179E+03
10,165	-1,199311E+06	1,007822E+02	5,335787E+01	5,568179E+03
10,17	-1,199311E+06	1,033235E+02	5,349616E+01	5,568179E+03
10,175	-1,199311E+06	1,052266E+02	5,403367E+01	5,568179E+03
10,18	-1,199311E+06	1,054781E+02	5,439773E+01	5,568179E+03
10,185	-1,199311E+06	1,066000E+02	5,450778E+01	5,568179E+03
10,19	-1,199311E+06	1,032507E+02	5,477496E+01	5,568179E+03
10,195	-1,199311E+06	1,031239E+02	5,527435E+01	5,568179E+03
10,2	-1,199311E+06	9,855496E+01	5,579934E+01	5,568179E+03
10,205	-1,199311E+06	1,052941E+02	5,582125E+01	5,568179E+03
10,21	-1,199311E+06	1,034154E+02	5,532691E+01	5,568179E+03
10,215	-1,199311E+06	9,885181E+01	5,463882E+01	5,568179E+03
10,22	-1,199311E+06	1,033129E+02	5,416512E+01	5,568179E+03
10,225	-1,199311E+06	1,041557E+02	5,382948E+01	5,568179E+03
10,23	-1,199311E+06	1,053328E+02	5,328446E+01	5,568179E+03
10,235	-1,199311E+06	9,842595E+01	5,267669E+01	5,568179E+03
10,24	-1,199311E+06	1,042255E+02	5,230159E+01	5,568179E+03
10,245	-1,199311E+06	1,070220E+02	5,254867E+01	5,568179E+03
10,25	-1,199311E+06	1,027329E+02	5,301722E+01	5,568179E+03
10,255	-1,199311E+06	1,043467E+02	5,341169E+01	5,568179E+03
10,26	-1,199311E+06	1,063397E+02	5,381184E+01	5,568179E+03
10,265	-1,199311E+06	1,132328E+02	5,415679E+01	5,568179E+03
10,27	-1,199311E+06	1,095274E+02	5,466261E+01	5,568179E+03
10,275	-1,199311E+06	1,079184E+02	5,495222E+01	5,568179E+03
10,28	-1,199311E+06	1,063128E+02	5,484604E+01	5,568179E+03
10,285	-1,199311E+06	1,032693E+02	5,451957E+01	5,568179E+03
10,29	-1,199311E+06	1,037990E+02	5,405455E+01	5,568179E+03
10,295	-1,199311E+06	1,032236E+02	5,362917E+01	5,568179E+03
10,3	-1,199311E+06	1,126997E+02	5,320168E+01	5,568179E+03
10,305	-1,199311E+06	1,088161E+02	5,305425E+01	5,568179E+03
10,31	-1,199311E+06	1,108953E+02	5,311302E+01	5,568179E+03
10,315	-1,199311E+06	1,138817E+02	5,328616E+01	5,568179E+03
10,32	-1,199311E+06	1,056729E+02	5,353060E+01	5,568179E+03
10,325	-1,199311E+06	1,098639E+02	5,370084E+01	5,568179E+03
10,33	-1,199311E+06	1,148131E+02	5,404049E+01	5,568179E+03
10,335	-1,199311E+06	1,141755E+02	5,447133E+01	5,568179E+03
10,34	-1,199311E+06	1,096735E+02	5,475120E+01	5,568179E+03
10,345	-1,199311E+06	1,072529E+02	5,492596E+01	5,568179E+03
10,35	-1,199311E+06	1,102104E+02	5,490899E+01	5,568179E+03
10,355	-1,199311E+06	1,094827E+02	5,474635E+01	5,568179E+03
10,36	-1,199311E+06	1,068532E+02	5,470027E+01	5,568179E+03
10,365	-1,199311E+06	1,056507E+02	5,463116E+01	5,568179E+03
10,37	-1,199311E+06	1,062640E+02	5,438234E+01	5,568179E+03
10,375	-1,199311E+06	1,092334E+02	5,406579E+01	5,568179E+03
10,38	-1,199311E+06	1,126739E+02	5,366765E+01	5,568179E+03
10,385	-1,199311E+06	1,173870E+02	5,333948E+01	5,568179E+03
10,39	-1,199311E+06	1,118956E+02	5,333927E+01	5,568179E+03
10,395	-1,199311E+06	1,113093E+02	5,326706E+01	5,568179E+03
10,4	-1,199311E+06	1,135619E+02	5,313556E+01	5,568179E+03
10,405	-1,199311E+06	1,086811E+02	5,320023E+01	5,568179E+03
10,41	-1,199311E+06	1,089698E+02	5,349919E+01	5,568179E+03
10,415	-1,199311E+06	1,089026E+02	5,426928E+01	5,568179E+03
10,42	-1,199311E+06	1,110584E+02	5,504484E+01	5,568179E+03
10,425	-1,199311E+06	1,178016E+02	5,524257E+01	5,568179E+03
10,43	-1,199311E+06	1,133964E+02	5,518576E+01	5,568179E+03
10,435	-1,199311E+06	1,133549E+02	5,501235E+01	5,568179E+03
10,44	-1,199311E+06	1,139727E+02	5,484006E+01	5,568179E+03
10,445	-1,199311E+06	1,109687E+02	5,470445E+01	5,568179E+03
10,45	-1,199311E+06	1,164994E+02	5,430257E+01	5,568179E+03
10,455	-1,199311E+06	1,186277E+02	5,377380E+01	5,568179E+03
10,46	-1,199311E+06	1,140675E+02	5,347638E+01	5,568179E+03
10,465	-1,199311E+06	1,168244E+02	5,333875E+01	5,568179E+03
10,47	-1,199311E+06	1,152225E+02	5,338637E+01	5,568179E+03
10,475	-1,199311E+06	1,083531E+02	5,366149E+01	5,568179E+03
10,48	-1,199311E+06	1,142358E+02	5,400242E+01	5,568179E+03
10,485	-1,199311E+06	1,213058E+02	5,431708E+01	5,568179E+03
10,49	-1,199310E+06	1,105267E+02	5,449258E+01	5,568179E+03
10,495	-1,199311E+06	1,144723E+02	5,441667E+01	5,568179E+03
10,5	-1,199311E+06	1,177939E+02	5,455668E+01	5,568179E+03
10,505	-1,199310E+06	1,121061E+02	5,464584E+01	5,568179E+03
10,51	-1,199311E+06	1,226461E+02	5,431356E+01	5,568179E+03
10,515	-1,199311E+06	1,186465E+02	5,407491E+01	5,568179E+03
10,52	-1,199311E+06	1,192585E+02	5,374876E+01	5,568179E+03
10,525	-1,199311E+06	1,216782E+02	5,352092E+01	5,568179E+03
10,53	-1,199310E+06	1,097023E+02	5,363172E+01	5,568179E+03
10,535	-1,199311E+06	1,153956E+02	5,338828E+01	5,568179E+03
10,54	-1,199311E+06	1,139984E+02	5,294862E+01	5,568179E+03
10,545	-1,199311E+06	1,153646E+02	5,258005E+01	5,568179E+03
10,55	-1,199311E+06	1,240046E+02	5,239157E+01	5,568179E+03
10,555	-1,199311E+06	1,237930E+02	5,247818E+01	5,568179E+03
10,56	-1,199311E+06	1,220897E+02	5,247218E+01	5,568179E+03
10,565	-1,199311E+06	1,227664E+02	5,213437E+01	5,568179E+03
10,57	-1,199311E+06	1,211737E+02	5,184129E+01	5,568179E+03
10,575	-1,199310E+06	1,102589E+02	5,185103E+01	5,568179E+03
10,58	-1,199311E+06	1,144903E+02	5,201056E+01	5,568179E+03
10,585	-1,199311E+06	1,214671E+02	5,244345E+01	5,568179E+03
10,59	-1,199310E+06	1,217225E+02	5,274134E+01	5,568179E+03
10,595	-1,199311E+06	1,274524E+02	5,248839E+01	5,568179E+03
10,6	-1,199310E+06	1,203533E+02	5,222043E+01	5,568179E+03
10,605	-1,199310E+06	1,238144E+02	5,198472E+01	5,568179E+03
10,61	-1,199311E+06	1,256403E+02	5,192007E+01	5,568179E+03
10,615	-1,199310E+06	1,209380E+02	5,205484E+01	5,568179E+03
10,62	-1,199311E+06	1,308608E+02	5,203750E+01	5,568179E+03
10,625	-1,199310E+06	1,307099E+02	5,215762E+01	5,568179E+03
10,63	-1,199310E+06	1,253133E+02	5,251303E+01	5,568179E+03
10,635	-1,199311E+06	1,294535E+02	5,299842E+01	5,568179E+03
10,64	-1,199310E+06	1,258578E+02	5,372038E+01	5,568179E+03
10,645	-1,199310E+06	1,221930E+02	5,437047E+01	5,568179E+03
10,65	-1,199311E+06	1,298570E+02	5,473153E+01	5,568179E+03
10,655	-1,199311E+06	1,290151E+02	5,476584E+01	5,568179E+03
10,66	-1,199310E+06	1,246858E+02	5,433559E+01	5,568179E+03
10,665	-1,199311E+06	1,327556E+02	5,364848E+01	5,568179E+03
10,67	-1,199311E+06	1,360816E+02	5,293265E+01	5,568179E+03
10,675	-1,199310E+06	1,309645E+02	5,205146E+01	5,568179E+03
10,68	-1,199310E+06	1,261778E+02	5,112736E+01	5,568179E+03
10,685	-1,199310E+06	1,270598E+02	5,041391E+01	5,568179E+03
10,69	-1,199310E+06	1,304379E+02	5,004258E+01	5,568179E+03
10,695	-1,199310E+06	1,296616E+02	5,005421E+01	5,568179E+03
10,7	-1,199310E+06	1,287505E+02	5,044576E+01	5,568179E+03
10,705	-1,199310E+06	1,308372E+02	5,121495E+01	5,568179E+03
10,71	-1,199310E+06	1,331339E+02	5,225327E+01	5,568179E+03
10,715	-1,199310E+06	1,352758E+02	5,329056E+01	5,568179E+03
10,72	-1,199310E+06	1,363809E+02	5,397379E+01	5,568179E+03
10,725	-1,199310E+06	1,286053E+02	5,415744E+01	5,568179E+03
10,73	-1,199310E+06	1,264591E+02	5,386412E+01	5,568179E+03
10,735	-1,199310E+06	1,281717E+02	5,339906E+01	5,568179E+03
10,74	-1,199310E+06	1,300838E+02	5,297693E+01	5,568179E+03
10,745	-1,199310E+06	1,336218E+02	5,261725E+01	5,568179E+03
10,75	-1,199310E+06	1,335256E+02	5,218113E+01	5,568179E+03
10,755	-1,199310E+06	1,340307E+02	5,143843E+01	5,568179E+03
10,76	-1,199310E+06	1,369483E+02	5,064735E+01	5,568179E+03
10,765	-1,199310E+06	1,375698E+02	5,034942E+01	5,568179E+03
10,77	-1,199310E+06	1,366871E+02	5,052053E+01	5,568179E+03
10,775	-1,199310E+06	1,339248E+02	5,089149E+01	5,568179E+03
10,78	-1,199310E+06	1,316328E+02	5,135754E+01	5,568179E+03
10,785	-1,199310E+06	1,373676E+02	5,183994E+01	5,568179E+03
10,79	-1,199310E+06	1,418049E+02	5,236416E+01	5,568179E+03
10,795	-1,199310E+06	1,396366E+02	5,305913E+01	5,568179E+03
10,8	-1,199310E+06	1,475979E+02	5,372418E+01	5,568179E+03
10,805	-1,199311E+06	1,477816E+02	5,400121E+01	5,568179E+03
10,81	-1,199310E+06	1,362198E+02	5,395523E+01	5,568179E+03
10,815	-1,199310E+06	1,416129E+02	5,364224E+01	5,568179E+03
10,82	-1,199310E+06	1,432015E+02	5,326881E+01	5,568179E+03
10,825	-1,199310E+06	1,401092E+02	5,294449E+01	5,568179E+03
10,83	-1,199310E+06	1,410931E+02	5,259377E+01	5,568179E+03
10,835	-1,199310E+06	1,393134E+02	5,230529E+01	5,568179E+03
10,84	-1,199310E+06	1,389715E+02	5,203232E+01	5,568179E+03
10,845	-1,199310E+06	1,497537E+02	5,155113E+01	5,568179E+03
10,85	-1,199310E+06	1,464141E+02	5,118875E+01	5,568179E+03
10,855	-1,199310E+06	1,371953E+02	5,108319E+01	5,568179E+03
10,86	-1,199310E+06	1,470944E+02	5,114934E+01	5,568179E+03
10,865	-1,199310E+06	1,493462E+02	5,142900E+01	5,568179E+03
10,87	-1,199310E+06	1,413012E+02	5,157617E+01	5,568179E+03
10,875	-1,199310E+06	1,365210E+02	5,164352E+01	5,568179E+03
10,88	-1,199310E+06	1,413882E+02	5,172333E+01	5,568179E+03
10,885	-1,199310E+06	1,463360E+02	5,171866E+01	5,568179E+03
10,89	-1,199310E+06	1,528611E+02	5,172695E+01	5,568179E+03
10,895	-1,199310E+06	1,562311E+02	5,177262E+01	5,568179E+03
10,9	-1,199310E+06	1,526227E+02	5,153620E+01	5,568179E+03
10,905	-1,199310E+06	1,482094E+02	5,121197E+01	5,568179E+03
10,91	-1,199310E+06	1,399865E+02	5,124093E+01	5,568179E+03
10,915	-1,199310E+06	1,396120E+02	5,150169E+01	5,568179E+03
10,92	-1,199310E+06	1,440494E+02	5,204651E+01	5,568179E+03
10,925	-1,199310E+06	1,533594E+02	5,263549E+01	5,568179E+03
10,93	-1,199311E+06	1,632332E+02	5,282578E+01	5,568179E+03
10,935	-1,199310E+06	1,490644E+02	5,288942E+01	5,568179E+03
10,94	-1,199310E+06	1,415704E+02	5,283756E+01	5,568179E+03
10,945	-1,199310E+06	1,553854E+02	5,259411E+01	5,568179E+03
10,95	-1,199310E+06	1,562553E+02	5,246195E+01	5,568179E+03
10,955	-1,199310E+06	1,582109E+02	5,233275E+01	5,568179E+03
10,96	-1,199310E+06	1,571620E+02	5,233863E+01	5,568179E+03
10,965	-1,199310E+06	1,536141E+02	5,250340E+01	5,568179E+03
10,97	-1,199310E+06	1,557633E+02	5,257796E+01	5,568179E+03
10,975	-1,199310E+06	1,629948E+02	5,239426E+01	5,568179E+03
10,98	-1,199310E+06	1,532215E+02	5,227656E+01	5,568179E+03
10,985	-1,199310E+06	1,443400E+02	5,233101E+01	5,568179E+03
10,99	-1,199310E+06	1,575304E+02	5,266585E+01	5,568179E+03
10,995	-1,199310E+06	1,604891E+02	5,338480E+01	5,568179E+03
11,0	-1,199310E+06	1,633110E+02	5,357278E+01	5,568179E+03
11,005	-1,199310E+06	1,616222E+02	5,319269E+01	5,568179E+03
11,01	-1,199310E+06	1,574153E+02	5,288511E+01	5,568179E+03
11,015	-1,199310E+06	1,687089E+02	5,258343E+01	5,568179E+03
11,02	-1,199310E+06	1,594645E+02	5,245644E+01	5,568179E+03
11,025	-1,199310E+06	1,556437E+02	5,227367E+01	5,568179E+03
11,03	-1,199310E+06	1,665170E+02	5,182784E+01	5,568179E+03
11,035	-1,199310E+06	1,629259E+02	5,148108E+01	5,568179E+03
11,04	-1,199310E+06	1,683155E+02	5,124887E+01	5,568179E+03
11,045	-1,199310E+06	1,668908E+02	5,140853E+01	5,568179E+03
11,05	-1,199310E+06	1,641902E+02	5,182481E+01	5,568179E+03
11,055	-1,199310E+06	1,635603E+02	5,209055E+01	5,568179E+03
11,06	-1,199310E+06	1,597738E+02	5,233795E+01	5,568179E+03
11,065	-1,199310E+06	1,605098E+02	5,275783E+01	5,568179E+03
11,07	-1,199310E+06	1,644049E+02	5,314957E+01	5,568179E+03
11,075	-1,199310E+06	1,736098E+02	5,326082E+01	5,568179E+03
11,08	-1,199310E+06	1,710722E+02	5,306918E+01	5,568179E+03
11,085	-1,199310E+06	1,725525E+02	5,242860E+01	5,568179E+03
11,09	-1,199310E+06	1,770656E+02	5,162845E+01	5,568179E+03
11,095	-1,199310E+06	1,748387E+02	5,094716E+01	5,568179E+03
11,1	-1,199310E+06	1,719017E+02	5,048231E+01	5,568179E+03
11,105	-1,199310E+06	1,664749E+02	5,054559E+01	5,568179E+03
11,11	-1,199310E+06	1,681793E+02	5,100116E+01	5,568179E+03
11,115	-1,199310E+06	1,687003E+02	5,154008E+01	5,568179E+03
11,12	-1,199310E+06	1,672112E+02	5,212079E+01	5,568179E+03
11,125	-1,199310E+06	1,849061E+02	5,238646E+01	5,568179E+03
11,13	-1,199310E+06	1,859684E+02	5,225479E+01	5,568179E+03
11,135	-1,199310E+06	1,710610E+02	5,188018E+01	5,568179E+03
11,14	-1,199310E+06	1,703106E+02	5,127459E+01	5,568179E+03
11,145	-1,199310E+06	1,787726E+02	5,059829E+01	5,568179E+03
11,15	-1,199310E+06	1,780738E+02	5,023627E+01	5,568179E+03
11,155	-1,199310E+06	1,861123E+02	5,009150E+01	5,568179E+03
11,16	-1,199310E+06	1,851408E+02	5,051921E+01	5,568179E+03
11,165	-1,199310E+06	1,780216E+02	5,144139E+01	5,568179E+03
11,17	-1,199310E+06	1,950107E+02	5,207358E+01	5,568179E+03
11,175	-1,199310E+06	1,899839E+02	5,272707E+01	5,568179E+03
11,18	-1,199310E+06	1,875766E+02	5,325607E+01	5,568179E+03
11,185	-1,199310E+06	1,930327E+02	5,340392E+01	5,568179E+03
11,19	-1,199310E+06	1,783813E+02	5,337991E+01	5,568179E+03
11,195	-1,199310E+06	1,831673E+02	5,294928E+01	5,568179E+03
11,2	-1,199310E+06	1,951723E+02	5,240215E+01	5,568179E+03
11,205	-1,199310E+06	1,896318E+02	5,196095E+01	5,568179E+03
11,21	-1,199310E+06	1,863462E+02	5,131587E+01	5,568179E+03
11,215	-1,199310E+06	1,812970E+02	5,088701E+01	5,568179E+03
11,22	-1,199310E+06	1,905699E+02	5,072569E+01	5,568179E+03
11,225	-1,199310E+06	1,970268E+02	5,065853E+01	5,568179E+03
11,23	-1,199310E+06	1,983095E+02	5,085156E+01	5,568179E+03
11,235	-1,199310E+06	1,949649E+02	5,142240E+01	5,568179E+03
11,24	-1,199310E+06	1,911902E+02	5,181181E+01	5,568179E+03
11,245	-1,199310E+06	1,970892E+02	5,195132E+01	5,568179E+03
11,25	-1,199310E+06	1,963788E+02	5,214829E+01	5,568179E+03
11,255	-1,199310E+06	1,924947E+02	5,210249E+01	5,568179E+03
11,26	-1,199309E+06	1,861279E+02	5,238398E+01	5,568179E+03
11,265	-1,199310E+06	1,874906E+02	5,311465E+01	5,568179E+03
11,27	-1,199310E+06	1,893584E+02	5,351088E+01	5,568179E+03
11,275	-1,199309E+06	1,810576E+02	5,378562E+01	5,568179E+03
11,28	-1,199310E+06	1,935145E+02	5,411174E+01	5,568179E+03
11,285	-1,199309E+06	2,000963E+02	5,426774E+01	5,568179E+03
11,29	-1,199309E+06	2,026094E+02	5,418896E+01	5,568179E+03
11,295	-1,199310E+06	2,106601E+02	5,395417E+01	5,568179E+03
11,3	-1,199309E+06	2,038882E+02	5,344473E+01	5,568179E+03
11,305	-1,199309E+06	2,037617E+02	5,278133E+01	5,568179E+03
11,31	-1,199310E+06	2,145790E+02	5,215142E+01	5,568179E+03
11,315	-1,199310E+06	2,174952E+02	5,154222E+01	5,568179E+03
11,32	-1,199309E+06	2,078035E+02	5,149939E+01	5,568179E+03
11,325	-1,199309E+06	2,103376E+02	5,189179E+01	5,568179E+03
11,33	-1,199310E+06	2,198509E+02	5,230763E+01	5,568179E+03
11,335	-1,199309E+06	2,080159E+02	5,304747E+01	5,568179E+03
11,34	-1,199309E+06	2,130054E+02	5,391265E+01	5,568179E+03
11,345	-1,199309E+06	2,209310E+02	5,508361E+01	5,568179E+03
11,35	-1,199309E+06	2,213322E+02	5,632559E+01	5,568179E+03
11,355	-1,199309E+06	2,203752E+02	5,714785E+01	5,568179E+03
11,36	-1,199309E+06	2,147261E+02	5,714889E+01	5,568179E+03
11,365	-1,199309E+06	2,186020E+02	5,613756E+01	5,568179E+03
11,37	-1,199309E+06	2,127608E+02	5,528827E+01	5,568179E+03
11,375	-1,199309E+06	2,234532E+02	5,483603E+01	5,568179E+03
11,38	-1,199309E+06	2,327867E+02	5,418030E+01	5,568179E+03
11,385	-1,199309E+06	2,231954E+02	5,316316E+01	5,568179E+03
11,39	-1,199309E+06	2,212166E+02	5,180488E+01	5,568179E+03
11,395	-1,199309E+06	2,167693E+02	5,063323E+01	5,568179E+03
11,4	-1,199309E+06	2,112170E+02	5,034962E+01	5,568179E+03
11,405	-1,199309E+06	2,177558E+02	5,064738E+01	5,568179E+03
11,41	-1,199309E+06	2,204243E+02	5,105466E+01	5,568179E+03
11,415	-1,199309E+06	2,247014E+02	5,129878E+01	5,568179E+03
11,42	-1,199309E+06	2,186153E+02	5,138492E+01	5,568179E+03
11,425	-1,199309E+06	2,165172E+02	5,156513E+01	5,568179E+03
11,43	-1,199309E+06	2,214926E+02	5,210471E+01	5,568179E+03
11,435	-1,199309E+06	2,238883E+02	5,260922E+01	5,568179E+03
11,44	-1,199309E+06	2,387107E+02	5,259913E+01	5,568179E+03
11,445	-1,199309E+06	2,231412E+02	5,267847E+01	5,568179E+03
11,45	-1,199309E+06	2,123796E+02	5,262315E+01	5,568179E+03
11,455	-1,199309E+06	2,326606E+02	5,256713E+01	5,568179E+03
11,46	-1,199309E+06	2,375404E+02	5,304908E+01	5,568179E+03
11,465	-1,199309E+06	2,521636E+02	5,300533E+01	5,568179E+03
11,47	-1,199309E+06	2,515083E+02	5,262427E+01	5,568179E+03
11,475	-1,199309E+06	2,388541E+02	5,235377E+01	5,568179E+03
11,48	-1,199309E+06	2,292196E+02	5,217558E+01	5,568179E+03
11,485	-1,199309E+06	2,321194E+02	5,237306E+01	5,568179E+03
11,49	-1,199309E+06	2,368990E+02	5,263316E+01	5,568179E+03
11,495	-1,199309E+06	2,441708E+02	5,289466E+01	5,568179E+03
11,5	-1,199309E+06	2,561673E+02	5,354620E+01	5,568179E+03
11,505	-1,199309E+06	2,619791E+02	5,421342E+01	5,568179E+03
11,51	-1,199309E+06	2,595644E+02	5,474904E+01	5,568179E+03
11,515	-1,199309E+06	2,457827E+02	5,512219E+01	5,568179E+03
11,52	-1,199308E+06	2,399419E+02	5,514104E+01	5,568179E+03
11,525	-1,199309E+06	2,546379E+02	5,485817E+01	5,568179E+03
11,53	-1,199309E+06	2,677511E+02	5,429844E+01	5,568179E+03
11,535	-1,199309E+06	2,585581E+02	5,375330E+01	5,568179E+03
11,54	-1,199308E+06	2,530085E+02	5,319976E+01	5,568179E+03
11,545	-1,199309E+06	2,608863E+02	5,258828E+01	5,568179E+03
11,55	-1,199308E+06	2,507044E+02	5,215949E+01	5,568179E+03
11,555	-1,199308E+06	2,428987E+02	5,189095E+01	5,568179E+03
11,56	-1,199308E+06	2,491194E+02	5,224613E+01	5,568179E+03
11,565	-1,199308E+06	2,547229E+02	5,321160E+01	5,568179E+03
11,57	-1,199309E+06	2,758127E+02	5,387337E+01	5,568179E+03
11,575	-1,199308E+06	2,646405E+02	5,434871E+01	5,568179E+03
11,58	-1,199308E+06	2,473380E+02	5,424517E+01	5,568179E+03
11,585	-1,199308E+06	2,583372E+02	5,377545E+01	5,568179E+03
11,59	-1,199308E+06	2,586617E+02	5,372157E+01	5,568179E+03
11,595	-1,199308E+06	2,627810E+02	5,357461E+01	5,568179E+03
11,6	-1,199308E+06	2,601443E+02	5,343951E+01	5,568179E+03
11,605	-1,199308E+06	2,680988E+02	5,297147E+01	5,568179E+03
11,61	-1,199308E+06	2,751294E+02	5,232364E+01	5,568179E+03
11,615	-1,199308E+06	2,736793E+02	5,194907E+01	5,568179E+03
11,62	-1,199308E+06	2,905427E+02	5,164199E+01	5,568179E+03
11,625	-1,199308E+06	2,850565E+02	5,182065E+01	5,568179E+03
11,63	-1,199307E+06	2,749552E+02	5,236247E+01	5,568179E+03
11,635	-1,199308E+06	2,919656E+02	5,257775E+01	5,568179E+03
11,64	-1,199308E+06	2,871194E+02	5,245083E+01	5,568179E+03
11,645	-1,199308E+06	2,739800E+02	5,213733E+01	5,568179E+03
11,65	-1,199308E+06	2,682611E+02	5,239421E+01	5,568179E+03
11,655	-1,199308E+06	2,793487E+02	5,292572E+01	5,568179E+03
11,66	-1,199308E+06	2,879307E+02	5,328907E+01	5,568179E+03
11,665	-1,199307E+06	2,869698E+02	5,350431E+01	5,568179E+03
11,67	-1,199308E+06	2,859026E+02	5,353507E+01	5,568179E+03
11,675	-1,199307E+06	2,767910E+02	5,373604E+01	5,568179E+03
11,68	-1,199307E+06	2,916467E+02	5,380966E+01	5,568179E+03
11,685	-1,199308E+06	3,137208E+02	5,338068E+01	5,568179E+03
11,69	-1,199308E+06	3,060513E+02	5,249566E+01	5,568179E+03
11,695	-1,199307E+06	2,898970E+02	5,145607E+01	5,568179E+03
11,7	-1,199307E+06	2,895647E+02	5,081059E+01	5,568179E+03
11,705	-1,199307E+06	2,939032E+02	5,062317E+01	5,568179E+03
11,71	-1,199307E+06	3,005705E+02	5,060332E+01	5,568179E+03
11,715	-1,199308E+06	2,999559E+02	5,063238E+01	5,568179E+03
11,72	-1,199307E+06	2,819828E+02	5,103972E+01	5,568179E+03
11,725	-1,199307E+06	2,839770E+02	5,225162E+01	5,568179E+03
11,73	-1,199307E+06	2,967230E+02	5,382610E+01	5,568179E+03
11,735	-1,199307E+06	3,004955E+02	5,489347E+01	5,568179E+03
11,74	-1,199307E+06	3,116439E+02	5,495080E+01	5,568179E+03
11,745	-1,199307E+06	3,106095E+02	5,446572E+01	5,568179E+03
11,75	-1,199307E+06	3,200915E+02	5,378718E+01	5,568179E+03
11,755	-1,199307E+06	3,158596E+02	5,306982E+01	5,568179E+03
11,76	-1,199307E+06	3,150135E+02	5,230337E+01	5,568179E+03
11,765	-1,199307E+06	3,154760E+02	5,200797E+01	5,568179E+03
11,77	-1,199307E+06	3,122099E+02	5,188487E+01	5,568179E+03
11,775	-1,199307E+06	3,162289E+02	5,181855E+01	5,568179E+03
11,78	-1,199306E+06	3,099361E+02	5,247550E+01	5,568179E+03
11,785	-1,199307E+06	3,290761E+02	5,309915E+01	5,568179E+03
11,79	-1,199307E+06	3,279693E+02	5,366942E+01	5,568179E+03
11,795	-1,199307E+06	3,135976E+02	5,398293E+01	5,568179E+03
11,8	-1,199307E+06	3,242651E+02	5,404348E+01	5,568179E+03
11,805	-1,199307E+06	3,309894E+02	5,486908E+01	5,568179E+03
11,81	-1,199306E+06	3,273125E+02	5,559502E+01	5,568179E+03
11,815	-1,199307E+06	3,349997E+02	5,537318E+01	5,568179E+03
11,82	-1,199307E+06	3,352357E+02	5,531824E+01	5,568179E+03
11,825	-1,199307E+06	3,402042E+02	5,483592E+01	5,568179E+03
11,83	-1,199307E+06	3,394029E+02	5,408763E+01	5,568179E+03
11,835	-1,199307E+06	3,408253E+02	5,387652E+01	5,568179E+03
11,84	-1,199307E+06	3,436380E+02	5,359949E+01	5,568179E+03
11,845	-1,199306E+06	3,381363E+02	5,331810E+01	5,568179E+03
11,85	-1,199307E+06	3,397507E+02	5,291991E+01	5,568179E+03
11,855	-1,199306E+06	3,310196E+02	5,229765E+01	5,568179E+03
11,86	-1,199306E+06	3,305436E+02	5,250476E+01	5,568179E+03
11,865	-1,199306E+06	3,489255E+02	5,369403E+01	5,568179E+03
11,87	-1,199307E+06	3,575378E+02	5,489551E+01	5,568179E+03
11,875	-1,199306E+06	3,514282E+02	5,613166E+01	5,568179E+03
11,88	-1,199307E+06	3,660579E+02	5,629491E+01	5,568179E+03
11,885	-1,199306E+06	3,419895E+02	5,567516E+01	5,568179E+03
11,89	-1,199306E+06	3,428220E+02	5,591266E+01	5,568179E+03
11,895	-1,199307E+06	3,736143E+02	5,659456E+01	5,568179E+03
11,9	-1,199306E+06	3,742257E+02	5,662706E+01	5,568179E+03
11,905	-1,199306E+06	3,740467E+02	5,546240E+01	5,568179E+03
11,91	-1,199306E+06	3,702163E+02	5,296812E+01	5,568179E+03
11,915	-1,199306E+06	3,406069E+02	5,091485E+01	5,568179E+03
11,92	-1,199306E+06	3,272719E+02	5,006928E+01	5,568179E+03
11,925	-1,199306E+06	3,527865E+02	4,972135E+01	5,568179E+03
11,93	-1,199306E+06	3,548614E+02	5,029600E+01	5,568179E+03
11,935	-1,199306E+06	3,661761E+02	5,101734E+01	5,568179E+03
11,94	-1,199307E+06	3,997516E+02	5,154467E+01	5,568179E+03
11,945	-1,199305E+06	3,661265E+02	5,308000E+01	5,568179E+03
11,95	-1,199306E+06	3,689749E+02	5,458571E+01	5,568179E+03
11,955	-1,199306E+06	3,813328E+02	5,561102E+01	5,568179E+03
11,96	-1,199305E+06	3,711631E+02	5,574837E+01	5,568179E+03
11,965	-1,199306E+06	3,867345E+02	5,529758E+01	5,568179E+03
11,97	-1,199305E+06	3,835309E+02	5,512640E+01	5,568179E+03
11,975	-1,199306E+06	3,941832E+02	5,494066E+01	5,568179E+03
11,98	-1,199306E+06	3,851466E+02	5,531228E+01	5,568179E+03
11,985	-1,199306E+06	3,805734E+02	5,551369E+01	5,568179E+03
11,99	-1,199305E+06	3,835536E+02	5,508244E+01	5,568179E+03
11,995	-1,199306E+06	4,034139E+02	5,410577E+01	5,568179E+03
12,0	-1,199306E+06	4,098856E+02	5,309004E+01	5,568179E+03
12,005	-1,199305E+06	4,004494E+02	5,210203E+01	5,568179E+03
12,01	-1,199306E+06	4,137975E+02	5,057309E+01	5,568179E+03
12,015	-1,199305E+06	3,810075E+02	4,944878E+01	5,568179E+03
12,02	-1,199305E+06	3,616343E+02	4,926296E+01	5,568179E+03
12,025	-1,199306E+06	3,929070E+02	5,004051E+01	5,568179E+03
12,03	-1,199305E+06	3,978954E+02	5,194418E+01	5,568179E+03
12,035	-1,199305E+06	4,145983E+02	5,322987E+01	5,568179E+03
12,04	-1,199305E+06	4,103975E+02	5,380623E+01	5,568179E+03
12,045	-1,199304E+06	3,915488E+02	5,455232E+01	5,568179E+03
12,05	-1,199306E+06	4,249530E+02	5,431577E+01	5,568179E+03
12,055	-1,199305E+06	3,977178E+02	5,392995E+01	5,568179E+03
12,06	-1,199304E+06	3,782477E+02	5,351488E+01	5,568179E+03
12,065	-1,199305E+06	4,118427E+02	5,303103E+01	5,568179E+03
12,07	-1,199305E+06	4,183113E+02	5,248518E+01	5,568179E+03
12,075	-1,199304E+06	4,175011E+02	5,138691E+01	5,568179E+03
12,08	-1,199305E+06	4,311392E+02	5,043950E+01	5,568179E+03
12,085	-1,199304E+06	4,138339E+02	4,991403E+01	5,568179E+03
12,09	-1,199305E+06	4,156917E+02	4,956543E+01	5,568179E+03
12,095	-1,199305E+06	4,358555E+02	4,955437E+01	5,568179E+03
12,1	-1,199305E+06	4,329046E+02	4,954678E+01	5,568179E+03
12,105	-1,199304E+06	4,174759E+02	5,016703E+01	5,568179E+03
12,11	-1,199305E+06	4,334691E+02	5,073065E+01	5,568179E+03
12,115	-1,199305E+06	4,378944E+02	5,045093E+01	5,568179E+03
12,12	-1,199304E+06	4,284748E+02	4,988815E+01	5,568179E+03
12,125	-1,199305E+06	4,399664E+02	4,994792E+01	5,568179E+03
12,13	-1,199305E+06	4,372070E+02	5,055656E+01	5,568179E+03
12,135	-1,199304E+06	4,359144E+02	5,108609E+01	5,568179E+03
12,14	-1,199305E+06	4,512582E+02	5,140106E+01	5,568179E+03
12,145	-1,199304E+06	4,290167E+02	5,173380E+01	5,568179E+03
12,15	-1,199305E+06	4,530894E+02	5,191853E+01	5,568179E+03
12,155	-1,199304E+06	4,600569E+02	5,209119E+01	5,568179E+03
12,16	-1,199304E+06	4,549152E+02	5,103830E+01	5,568179E+03
12,165	-1,199305E+06	4,680384E+02	4,922116E+01	5,568179E+03
12,17	-1,199303E+06	4,299608E+02	4,826089E+01	5,568179E+03
12,175	-1,199304E+06	4,476677E+02	4,775392E+01	5,568179E+03
12,18	-1,199305E+06	4,612642E+02	4,835074E+01	5,568179E+03
12,185	-1,199303E+06	4,433186E+02	4,966581E+01	5,568179E+03
12,19	-1,199304E+06	4,640957E+02	5,076262E+01	5,568179E+03
12,195	-1,199304E+06	4,581317E+02	5,210538E+01	5,568179E+03
12,2	-1,199304E+06	4,462652E+02	5,267968E+01	5,568179E+03
12,205	-1,199304E+06	4,474954E+02	5,284410E+01	5,568179E+03
12,21	-1,199304E+06	4,644470E+02	5,314191E+01	5,568179E+03
12,215	-1,199304E+06	4,828726E+02	5,193429E+01	5,568179E+03
12,22	-1,199304E+06	4,917328E+02	4,942734E+01	5,568179E+03
12,225	-1,199303E+06	4,578831E+02	4,744524E+01	5,568179E+03
12,23	-1,199303E+06	4,331774E+02	4,617965E+01	5,568179E+03
12,235	-1,199304E+06	4,656306E+02	4,568806E+01	5,568179E+03
12,24	-1,199304E+06	4,794480E+02	4,580300E+01	5,568179E+03
12,245	-1,199303E+06	4,846039E+02	4,601329E+01	5,568179E+03
12,25	-1,199304E+06	4,930495E+02	4,685978E+01	5,568179E+03
12,255	-1,199303E+06	4,925152E+02	4,806849E+01	5,568179E+03
12,26	-1,199304E+06	5,032842E+02	4,928666E+01	5,568179E+03
12,265	-1,199303E+06	5,004171E+02	5,099977E+01	5,568179E+03
12,27	-1,199303E+06	4,892466E+02	5,215600E+01	5,568179E+03
12,275	-1,199303E+06	4,838440E+02	5,232228E+01	5,568179E+03
12,28	-1,199304E+06	5,068848E+02	5,272521E+01	5,568179E+03
12,285	-1,199303E+06	5,120828E+02	5,315922E+01	5,568179E+03
12,29	-1,199303E+06	5,158309E+02	5,250808E+01	5,568179E+03
12,295	-1,199303E+06	5,180011E+02	5,184423E+01	5,568179E+03
12,3	-1,199303E+06	5,058516E+02	5,073299E+01	5,568179E+03
12,305	-1,199303E+06	5,166758E+02	4,913797E+01	5,568179E+03
12,31	-1,199303E+06	5,132265E+02	4,853641E+01	5,568179E+03
12,315	-1,199303E+06	5,213939E+02	4,812358E+01	5,568179E+03
12,32	-1,199303E+06	5,439762E+02	4,823484E+01	5,568179E+03
12,325	-1,199303E+06	5,371117E+02	4,867975E+01	5,568179E+03
12,33	-1,199302E+06	5,155096E+02	4,862452E+01	5,568179E+03
12,335	-1,199303E+06	5,247627E+02	4,928713E+01	5,568179E+03
12,34	-1,199303E+06	5,187417E+02	5,042488E+01	5,568179E+03
12,345	-1,199303E+06	5,141367E+02	5,061411E+01	5,568179E+03
12,35	-1,199302E+06	5,067069E+02	5,089203E+01	5,568179E+03
12,355	-1,199303E+06	5,065043E+02	5,101818E+01	5,568179E+03
12,36	-1,199302E+06	5,057178E+02	5,137177E+01	5,568179E+03
12,365	-1,199303E+06	5,489763E+02	5,152305E+01	5,568179E+03
12,37	-1,199302E+06	5,464976E+02	5,149245E+01	5,568179E+03
12,375	-1,199302E+06	5,367052E+02	5,145188E+01	5,568179E+03
12,38	-1,199302E+06	5,332920E+02	5,067328E+01	5,568179E+03
12,385	-1,199302E+06	5,233327E+02	4,896664E+01	5,568179E+03
12,39	-1,199302E+06	5,193766E+02	4,741362E+01	5,568179E+03
12,395	-1,199301E+06	5,002368E+02	4,657379E+01	5,568179E+03
12,4	-1,199302E+06	5,175842E+02	4,624644E+01	5,568179E+03
12,405	-1,199302E+06	5,350625E+02	4,673789E+01	5,568179E+03
12,41	-1,199302E+06	5,563006E+02	4,755721E+01	5,568179E+03
12,415	-1,199302E+06	5,593322E+02	4,901699E+01	5,568179E+03
12,42	-1,199302E+06	5,686466E+02	5,041487E+01	5,568179E+03
12,425	-1,199302E+06	5,597397E+02	5,071574E+01	5,568179E+03
12,43	-1,199302E+06	5,527954E+02	5,035478E+01	5,568179E+03
12,435	-1,199302E+06	5,618502E+02	5,020016E+01	5,568179E+03
12,44	-1,199302E+06	5,583602E+02	4,939220E+01	5,568179E+03
12,445	-1,199301E+06	5,258300E+02	4,882539E+01	5,568179E+03
12,45	-1,199302E+06	5,466085E+02	4,845832E+01	5,568179E+03
12,455	-1,199302E+06	5,632644E+02	4,760864E+01	5,568179E+03
12,46	-1,199302E+06	5,640556E+02	4,724153E+01	5,568179E+03
12,465	-1,199301E+06	5,745754E+02	4,739857E+01	5,568179E+03
12,47	-1,199302E+06	5,963482E+02	4,693474E+01	5,568179E+03
12,475	-1,199300E+06	5,521681E+02	4,796618E+01	5,568179E+03
12,48	-1,199301E+06	5,770008E+02	4,856385E+01	5,568179E+03
12,485	-1,199302E+06	5,972736E+02	4,750113E+01	5,568179E+03
12,49	-1,199300E+06	5,464214E+02	4,692530E+01	5,568179E+03
12,495	-1,199302E+06	5,665687E+02	4,645740E+01	5,568179E+03
12,5	-1,199301E+06	5,749166E+02	4,624462E+01	5,568179E+03
12,505	-1,199301E+06	5,773950E+02	4,587857E+01	5,568179E+03
12,51	-1,199301E+06	5,546858E+02	4,585173E+01	5,568179E+03
12,515	-1,199301E+06	5,681241E+02	4,545555E+01	5,568179E+03
12,52	-1,199302E+06	5,989826E+02	4,492730E+01	5,568179E+03
12,525	-1,199301E+06	5,840237E+02	4,502541E+01	5,568179E+03
12,53	-1,199302E+06	5,987513E+02	4,467438E+01	5,568179E+03
12,535	-1,199301E+06	5,705438E+02	4,528800E+01	5,568179E+03
12,54	-1,199300E+06	5,753559E+02	4,606694E+01	5,568179E+03
12,545	-1,199302E+06	6,393700E+02	4,617008E+01	5,568179E+03
12,55	-1,199301E+06	6,201831E+02	4,691315E+01	5,568179E+03
12,555	-1,199300E+06	5,992964E+02	4,630675E+01	5,568179E+03
12,56	-1,199301E+06	6,096354E+02	4,498646E+01	5,568179E+03
12,565	-1,199300E+06	5,940426E+02	4,527031E+01	5,568179E+03
12,57	-1,199302E+06	6,281773E+02	4,483750E+01	5,568179E+03
12,575	-1,199301E+06	6,013054E+02	4,400555E+01	5,568179E+03
12,58	-1,199300E+06	5,735291E+02	4,431445E+01	5,568179E+03
12,585	-1,199302E+06	6,145779E+02	4,553964E+01	5,568179E+03
12,59	-1,199299E+06	5,882613E+02	4,783930E+01	5,568179E+03
12,595	-1,199301E+06	6,196025E+02	4,872560E+01	5,568179E+03
12,6	-1,199300E+06	5,980491E+02	4,854093E+01	5,568179E+03
12,605	-1,199300E+06	6,002777E+02	4,792319E+01	5,568179E+03
12,61	-1,199301E+06	6,361981E+02	4,735047E+01	5,568179E+03
12,615	-1,199300E+06	6,081152E+02	4,654386E+01	5,568179E+03
12,62	-1,199301E+06	6,125390E+02	4,466950E+01	5,568179E+03
12,625	-1,199299E+06	5,878676E+02	4,365016E+01	5,568179E+03
12,63	-1,199301E+06	6,251505E+02	4,347889E+01	5,568179E+03
12,635	-1,199300E+06	6,279988E+02	4,489438E+01	5,568179E+03
12,64	-1,199300E+06	6,187403E+02	4,680114E+01	5,568179E+03
12,645	-1,199301E+06	6,552639E+02	4,822019E+01	5,568179E+03
12,65	-1,199300E+06	6,403312E+02	4,945196E+01	5,568179E+03
12,655	-1,199301E+06	6,399884E+02	4,935470E+01	5,568179E+03
12,66	-1,199300E+06	6,173419E+02	4,976449E+01	5,568179E+03
12,665	-1,199300E+06	6,042284E+02	5,085545E+01	5,568179E+03
12,67	-1,199299E+06	6,065231E+02	5,126544E+01	5,568179E+03
12,675	-1,199301E+06	6,432834E+02	5,110624E+01	5,568179E+03
12,68	-1,199300E+06	6,296353E+02	5,070956E+01	5,568179E+03
12,685	-1,199300E+06	6,434135E+02	4,958617E+01	5,568179E+03
12,69	-1,199301E+06	6,685102E+02	4,898164E+01	5,568179E+03
12,695	-1,199299E+06	6,337249E+02	4,849138E+01	5,568179E+03
12,7	-1,199301E+06	6,691382E+02	4,734226E+01	5,568179E+03
12,705	-1,199300E+06	6,662099E+02	4,726965E+01	5,568179E+03
12,71	-1,199300E+06	6,650606E+02	4,665977E+01	5,568179E+03
12,715	-1,199300E+06	6,415510E+02	4,605688E+01	5,568179E+03
12,72	-1,199299E+06	6,070242E+02	4,658949E+01	5,568179E+03
12,725	-1,199301E+06	6,548926E+02	4,750434E+01	5,568179E+03
12,73	-1,199299E+06	6,334522E+02	4,931179E+01	5,568179E+03
12,735	-1,199300E+06	6,523235E+02	5,051324E+01	5,568179E+03
12,74	-1,199301E+06	6,486835E+02	5,161550E+01	5,568179E+03
12,745	-1,199299E+06	6,173090E+02	5,312920E+01	5,568179E+03
12,75	-1,199301E+06	6,726942E+02	5,410948E+01	5,568179E+03
12,755	-1,199299E+06	6,656792E+02	5,455329E+01	5,568179E+03
12,76	-1,199301E+06	6,889768E+02	5,212200E+01	5,568179E+03
12,765	-1,199300E+06	6,492589E+02	4,880151E+01	5,568179E+03
12,77	-1,199299E+06	6,218916E+02	4,600908E+01	5,568179E+03
12,775	-1,199300E+06	6,470790E+02	4,404875E+01	5,568179E+03
12,78	-1,199300E+06	6,410486E+02	4,455446E+01	5,568179E+03
12,785	-1,199300E+06	6,563850E+02	4,525057E+01	5,568179E+03
12,79	-1,199300E+06	6,527383E+02	4,467187E+01	5,568179E+03
12,795	-1,199299E+06	6,246667E+02	4,555649E+01	5,568179E+03
12,8	-1,199299E+06	6,591686E+02	4,729395E+01	5,568179E+03
12,805	-1,199301E+06	7,140294E+02	4,854228E+01	5,568179E+03
12,81	-1,199299E+06	6,640606E+02	5,087177E+01	5,568179E+03
12,815	-1,199300E+06	6,680037E+02	5,182779E+01	5,568179E+03
12,82	-1,199301E+06	6,768114E+02	5,177270E+01	5,568179E+03
12,825	-1,199299E+06	6,478562E+02	5,208225E+01	5,568179E+03
12,83	-1,199301E+06	6,777236E+02	5,141099E+01	5,568179E+03
12,835	-1,199299E+06	6,448540E+02	5,085542E+01	5,568179E+03
12,84	-1,199300E+06	6,593569E+02	4,951587E+01	5,568179E+03
12,845	-1,199299E+06	6,469787E+02	4,827170E+01	5,568179E+03
12,85	-1,199299E+06	6,589421E+02	4,747506E+01	5,568179E+03
12,855	-1,199301E+06	7,024837E+02	4,758951E+01	5,568179E+03
12,86	-1,199299E+06	6,826502E+02	4,854365E+01	5,568179E+03
12,865	-1,199301E+06	7,217419E+02	4,810762E+01	5,568179E+03
12,87	-1,199299E+06	6,725001E+02	4,890593E+01	5,568179E+03
12,875	-1,199300E+06	6,823933E+02	4,972276E+01	5,568179E+03
12,88	-1,199301E+06	6,970334E+02	4,939857E+01	5,568179E+03
12,885	-1,199298E+06	6,495587E+02	5,011467E+01	5,568179E+03
12,89	-1,199301E+06	6,891703E+02	5,029739E+01	5,568179E+03
12,895	-1,199299E+06	6,575438E+02	4,999109E+01	5,568179E+03
12,9	-1,199299E+06	6,479860E+02	5,000411E+01	5,568179E+03
12,905	-1,199300E+06	6,906430E+02	5,029017E+01	5,568179E+03
12,91	-1,199300E+06	6,855817E+02	5,036834E+01	5,568179E+03
12,915	-1,199299E+06	6,714879E+02	4,962677E+01	5,568179E+03
12,92	-1,199299E+06	6,787572E+02	4,826921E+01	5,568179E+03
12,925	-1,199300E+06	6,852069E+02	4,714028E+01	5,568179E+03
12,93	-1,199299E+06	6,583039E+02	4,621561E+01	5,568179E+03
12,935	-1,199299E+06	6,355823E+02	4,512537E+01	5,568179E+03
12,94	-1,199299E+06	6,278211E+02	4,460326E+01	5,568179E+03
12,945	-1,199299E+06	6,349188E+02	4,502396E+01	5,568179E+03
12,95	-1,199299E+06	6,637873E+02	4,646221E+01	5,568179E+03
12,955	-1,199300E+06	6,936525E+02	4,843453E+01	5,568179E+03
12,96	-1,199300E+06	6,893522E+02	5,078887E+01	5,568179E+03
12,965	-1,199299E+06	6,795494E+02	5,262181E+01	5,568179E+03
12,97	-1,199300E+06	6,917870E+02	5,284438E+01	5,568179E+03
12,975	-1,199300E+06	6,914068E+02	5,186427E+01	5,568179E+03
12,98	-1,199299E+06	6,789310E+02	5,031967E+01	5,568179E+03
12,985	-1,199299E+06	6,907982E+02	4,983768E+01	5,568179E+03
12,99	-1,199300E+06	7,327288E+02	4,966132E+01	5,568179E+03
12,995	-1,199299E+06	6,945967E+02	4,902202E+01	5,568179E+03
13,0	-1,199299E+06	6,589757E+02	4,914215E+01	5,568179E+03
13,005	-1,199300E+06	6,807408E+02	4,979016E+01	5,568179E+03
13,01	-1,199299E+06	6,693223E+02	5,004641E+01	5,568179E+03
13,015	-1,199300E+06	6,822049E+02	5,058108E+01	5,568179E+03
13,02	-1,199300E+06	7,045650E+02	5,138209E+01	5,568179E+03
13,025	-1,199300E+06	7,052715E+02	5,157420E+01	5,568179E+03
13,03	-1,199299E+06	6,716778E+02	5,188246E+01	5,568179E+03
13,035	-1,199300E+06	6,851758E+02	5,065231E+01	5,568179E+03
13,04	-1,199300E+06	6,772686E+02	4,860546E+01	5,568179E+03
13,045	-1,199299E+06	6,559716E+02	4,794989E+01	5,568179E+03
13,05	-1,199300E+06	6,813657E+02	4,776784E+01	5,568179E+03
13,055	-1,199299E+06	6,836118E+02	4,742938E+01	5,568179E+03
13,06	-1,199300E+06	6,821871E+02	4,655265E+01	5,568179E+03
13,065	-1,199300E+06	6,570112E+02	4,530427E+01	5,568179E+03
13,07	-1,199299E+06	6,337798E+02	4,485837E+01	5,568179E+03
13,075	-1,199300E+06	6,669935E+02	4,518068E+01	5,568179E+03
13,08	-1,199300E+06	6,765542E+02	4,559906E+01	5,568179E+03
13,085	-1,199300E+06	6,767107E+02	4,526285E+01	5,568179E+03
13,09	-1,199299E+06	6,552074E+02	4,532386E+01	5,568179E+03
13,095	-1,199299E+06	6,679731E+02	4,611140E+01	5,568179E+03
13,1	-1,199300E+06	7,005577E+02	4,677504E+01	5,568179E+03
13,105	-1,199299E+06	6,644013E+02	4,734969E+01	5,568179E+03
13,11	-1,199300E+06	6,665650E+02	4,781799E+01	5,568179E+03
13,115	-1,199300E+06	6,721920E+02	4,840898E+01	5,568179E+03
13,12	-1,199299E+06	6,608439E+02	4,946104E+01	5,568179E+03
13,125	-1,199300E+06	6,853655E+02	5,048391E+01	5,568179E+03
13,13	-1,199300E+06	7,007631E+02	5,039675E+01	5,568179E+03
13,135	-1,199299E+06	6,718634E+02	5,015644E+01	5,568179E+03
13,14	-1,199299E+06	6,714522E+02	4,996090E+01	5,568179E+03
13,145	-1,199300E+06	7,114645E+02	4,943031E+01	5,568179E+03
13,15	-1,199300E+06	6,944835E+02	4,962971E+01	5,568179E+03
13,155	-1,199299E+06	6,519731E+02	4,965703E+01	5,568179E+03
13,16	-1,199301E+06	6,851133E+02	4,832583E+01	5,568179E+03
13,165	-1,199299E+06	6,494718E+02	4,798181E+01	5,568179E+03
13,17	-1,199300E+06	6,513917E+02	4,798616E+01	5,568179E+03
13,175	-1,199301E+06	6,783052E+02	4,806380E+01	5,568179E+03
13,18	-1,199299E+06	6,405325E+02	4,934193E+01	5,568179E+03
13,185	-1,199300E+06	6,802005E+02	5,038191E+01	5,568179E+03
13,19	-1,199300E+06	6,864981E+02	5,160093E+01	5,568179E+03
13,195	-1,199299E+06	6,433905E+02	5,247490E+01	5,568179E+03
13,2	-1,199300E+06	6,614549E+02	5,165453E+01	5,568179E+03
13,205	-1,199300E+06	6,424475E+02	5,097173E+01	5,568179E+03
13,21	-1,199299E+06	6,249032E+02	5,063686E+01	5,568179E+03
13,215	-1,199300E+06	6,583016E+02	5,073948E+01	5,568179E+03
13,22	-1,199301E+06	6,989667E+02	5,097082E+01	5,568179E+03
13,225	-1,199299E+06	6,459327E+02	5,077319E+01	5,568179E+03
13,23	-1,199300E+06	6,455213E+02	4,976844E+01	5,568179E+03
13,235	-1,199301E+06	6,882494E+02	4,975419E+01	5,568179E+03
13,24	-1,199299E+06	6,706034E+02	5,106859E+01	5,568179E+03
13,245	-1,199301E+06	6,985443E+02	5,146715E+01	5,568179E+03
13,25	-1,199300E+06	6,568566E+02	5,209996E+01	5,568179E+03
13,255	-1,199299E+06	6,190556E+02	5,236188E+01	5,568179E+03
13,26	-1,199301E+06	6,688138E+02	5,272380E+01	5,568179E+03
13,265	-1,199301E+06	7,026691E+02	5,405890E+01	5,568179E+03
13,27	-1,199300E+06	7,010463E+02	5,408899E+01	5,568179E+03
13,275	-1,199301E+06	6,782114E+02	5,260232E+01	5,568179E+03
13,28	-1,199300E+06	6,335505E+02	5,059506E+01	5,568179E+03
13,285	-1,199300E+06	6,150438E+02	4,909355E+01	5,568179E+03
13,29	-1,199301E+06	6,590530E+02	4,833284E+01	5,568179E+03
13,295	-1,199301E+06	6,699261E+02	4,801586E+01	5,568179E+03
13,3	-1,199300E+06	6,399917E+02	4,804697E+01	5,568179E+03
13,305	-1,199301E+06	6,248023E+02	4,761777E+01	5,568179E+03
13,31	-1,199300E+06	6,139256E+02	4,722215E+01	5,568179E+03
13,315	-1,199301E+06	6,317903E+02	4,789326E+01	5,568179E+03
13,32	-1,199300E+06	6,309704E+02	4,899990E+01	5,568179E+03
13,325	-1,199301E+06	6,402603E+02	4,969807E+01	5,568179E+03
13,33	-1,199300E+06	6,291127E+02	5,057374E+01	5,568179E+03
