#t	totalEnergy 	temperature  	pressure 	volume 		PtensXX 	PtensXY 	PtensXZ 	PtensYX 	PtensYY 	PtensYZ 	PtensZX 	PtensZY 	PtensZZ
0.0	-1.199292E+06	2.999963E+02	1.671665E+01	5.568179E+03
0.005	-1.199302E+06	5.556385E+02	2.357963E+01	5.568179E+03
0.01	-1.199299E+06	6.614881E+02	3.802029E+01	5.568179E+03
0.015	-1.199298E+06	7.231138E+02	5.083484E+01	5.568179E+03
0.02	-1.199302E+06	8.082851E+02	6.007216E+01	5.568179E+03
0.025	-1.199297E+06	6.876333E+02	6.582923E+01	5.568179E+03
0.03	-1.199299E+06	6.940954E+02	6.911152E+01	5.568179E+03
0.035	-1.199299E+06	6.839634E+02	6.909185E+01	5.568179E+03
0.04	-1.199298E+06	6.398322E+02	6.646792E+01	5.568179E+03
0.045	-1.199300E+06	6.900116E+02	6.101576E+01	5.568179E+03
0.05	-1.199299E+06	6.912498E+02	5.239282E+01	5.568179E+03
0.055	-1.199299E+06	6.739539E+02	4.600147E+01	5.568179E+03
0.06	-1.199300E+06	6.739386E+02	4.234533E+01	5.568179E+03
0.065	-1.199298E+06	6.230746E+02	4.037720E+01	5.568179E+03
0.07	-1.199299E+06	6.301604E+02	4.025068E+01	5.568179E+03
0.075	-1.199299E+06	6.921943E+02	4.095563E+01	5.568179E+03
0.08	-1.199300E+06	7.153757E+02	4.444348E+01	5.568179E+03
0.085	-1.199298E+06	7.091705E+02	5.033397E+01	5.568179E+03
0.09	-1.199301E+06	7.865523E+02	5.447177E+01	5.568179E+03
0.095	-1.199299E+06	7.367500E+02	5.827817E+01	5.568179E+03
0.1	-1.199299E+06	7.109312E+02	6.042111E+01	5.568179E+03
0.105	-1.199301E+06	7.068145E+02	6.012682E+01	5.568179E+03
0.11	-1.199297E+06	6.195322E+02	5.937232E+01	5.568179E+03
0.115	-1.199300E+06	6.851946E+02	5.699678E+01	5.568179E+03
0.12	-1.199299E+06	6.843869E+02	5.452055E+01	5.568179E+03
0.125	-1.199299E+06	6.595165E+02	5.136507E+01	5.568179E+03
0.13	-1.199300E+06	6.754444E+02	4.794439E+01	5.568179E+03
0.135	-1.199299E+06	6.279300E+02	4.486544E+01	5.568179E+03
0.14	-1.199299E+06	6.306987E+02	4.217459E+01	5.568179E+03
0.145	-1.199299E+06	6.506993E+02	4.257069E+01	5.568179E+03
0.15	-1.199299E+06	6.637940E+02	4.379476E+01	5.568179E+03
0.155	-1.199299E+06	6.797300E+02	4.466919E+01	5.568179E+03
0.16	-1.199300E+06	7.059169E+02	4.442284E+01	5.568179E+03
0.165	-1.199299E+06	6.666873E+02	4.349487E+01	5.568179E+03
0.17	-1.199299E+06	6.512245E+02	4.546430E+01	5.568179E+03
0.175	-1.199300E+06	6.443598E+02	4.773484E+01	5.568179E+03
0.18	-1.199299E+06	6.306828E+02	4.899045E+01	5.568179E+03
0.185	-1.199300E+06	6.536764E+02	5.018308E+01	5.568179E+03
0.19	-1.199299E+06	6.491659E+02	4.875496E+01	5.568179E+03
0.195	-1.199300E+06	6.673177E+02	4.818601E+01	5.568179E+03
0.2	-1.199299E+06	6.523424E+02	4.900659E+01	5.568179E+03
0.205	-1.199299E+06	6.486023E+02	4.784366E+01	5.568179E+03
0.21	-1.199301E+06	7.083665E+02	4.550874E+01	5.568179E+03
0.215	-1.199300E+06	6.903330E+02	4.171911E+01	5.568179E+03
0.22	-1.199299E+06	6.587541E+02	4.048209E+01	5.568179E+03
0.225	-1.199300E+06	6.788205E+02	4.340401E+01	5.568179E+03
0.23	-1.199299E+06	6.524897E+02	4.616299E+01	5.568179E+03
0.235	-1.199299E+06	6.440424E+02	4.761865E+01	5.568179E+03
0.24	-1.199301E+06	6.868079E+02	4.765337E+01	5.568179E+03
0.245	-1.199299E+06	6.632330E+02	4.837114E+01	5.568179E+03
0.25	-1.199299E+06	6.444083E+02	5.055397E+01	5.568179E+03
0.255	-1.199300E+06	6.325110E+02	5.190960E+01	5.568179E+03
0.26	-1.199298E+06	5.875580E+02	5.268360E+01	5.568179E+03
0.265	-1.199301E+06	6.627170E+02	5.160160E+01	5.568179E+03
0.27	-1.199299E+06	6.484450E+02	4.944709E+01	5.568179E+03
0.275	-1.199299E+06	6.571938E+02	4.708999E+01	5.568179E+03
0.28	-1.199301E+06	6.847894E+02	4.558474E+01	5.568179E+03
0.285	-1.199299E+06	6.426670E+02	4.461931E+01	5.568179E+03
0.29	-1.199300E+06	6.462330E+02	4.295911E+01	5.568179E+03
0.295	-1.199300E+06	6.414839E+02	4.125552E+01	5.568179E+03
0.3	-1.199300E+06	6.398921E+02	4.106735E+01	5.568179E+03
0.305	-1.199299E+06	6.171413E+02	4.415572E+01	5.568179E+03
0.31	-1.199301E+06	6.787970E+02	4.790425E+01	5.568179E+03
0.315	-1.199300E+06	6.566390E+02	5.158640E+01	5.568179E+03
0.32	-1.199299E+06	6.136692E+02	5.428734E+01	5.568179E+03
0.325	-1.199301E+06	6.514458E+02	5.562322E+01	5.568179E+03
0.33	-1.199298E+06	6.041595E+02	5.714442E+01	5.568179E+03
0.335	-1.199301E+06	6.672716E+02	5.715119E+01	5.568179E+03
0.34	-1.199300E+06	6.605224E+02	5.637600E+01	5.568179E+03
0.345	-1.199299E+06	6.083081E+02	5.344835E+01	5.568179E+03
0.35	-1.199301E+06	6.352269E+02	4.826386E+01	5.568179E+03
0.355	-1.199298E+06	5.926912E+02	4.416501E+01	5.568179E+03
0.36	-1.199301E+06	6.453749E+02	4.155775E+01	5.568179E+03
0.365	-1.199301E+06	6.569451E+02	4.155235E+01	5.568179E+03
0.37	-1.199299E+06	6.181711E+02	4.202907E+01	5.568179E+03
0.375	-1.199301E+06	6.602564E+02	4.103417E+01	5.568179E+03
0.38	-1.199300E+06	6.460664E+02	3.946698E+01	5.568179E+03
0.385	-1.199300E+06	6.317003E+02	3.905352E+01	5.568179E+03
0.39	-1.199300E+06	6.139783E+02	4.254693E+01	5.568179E+03
0.395	-1.199301E+06	6.308268E+02	4.614879E+01	5.568179E+03
0.4	-1.199301E+06	6.256271E+02	4.791714E+01	5.568179E+03
0.405	-1.199300E+06	5.918575E+02	4.907544E+01	5.568179E+03
0.41	-1.199300E+06	5.986365E+02	4.957988E+01	5.568179E+03
0.415	-1.199301E+06	6.340300E+02	5.083326E+01	5.568179E+03
0.42	-1.199300E+06	6.241968E+02	5.220644E+01	5.568179E+03
0.425	-1.199300E+06	6.012751E+02	5.127914E+01	5.568179E+03
0.43	-1.199301E+06	6.258883E+02	4.833793E+01	5.568179E+03
0.435	-1.199300E+06	5.921122E+02	4.503697E+01	5.568179E+03
0.44	-1.199300E+06	5.718859E+02	4.212822E+01	5.568179E+03
0.445	-1.199302E+06	6.191731E+02	4.036715E+01	5.568179E+03
0.45	-1.199301E+06	5.908835E+02	3.897522E+01	5.568179E+03
0.455	-1.199300E+06	5.479960E+02	3.665689E+01	5.568179E+03
0.46	-1.199301E+06	5.664527E+02	3.469873E+01	5.568179E+03
0.465	-1.199301E+06	5.816822E+02	3.476033E+01	5.568179E+03
0.47	-1.199300E+06	5.874785E+02	3.729468E+01	5.568179E+03
0.475	-1.199301E+06	6.142052E+02	4.148776E+01	5.568179E+03
0.48	-1.199301E+06	5.984670E+02	4.623801E+01	5.568179E+03
0.485	-1.199300E+06	5.796860E+02	4.996921E+01	5.568179E+03
0.49	-1.199302E+06	6.073839E+02	5.173507E+01	5.568179E+03
0.495	-1.199300E+06	5.771816E+02	5.235626E+01	5.568179E+03
0.5	-1.199301E+06	5.946635E+02	5.128670E+01	5.568179E+03
0.505	-1.199302E+06	6.125876E+02	4.869575E+01	5.568179E+03
0.51	-1.199300E+06	5.480098E+02	4.562588E+01	5.568179E+03
0.515	-1.199302E+06	5.806636E+02	4.156708E+01	5.568179E+03
0.52	-1.199301E+06	5.787517E+02	3.909395E+01	5.568179E+03
0.525	-1.199301E+06	5.951526E+02	3.880144E+01	5.568179E+03
0.53	-1.199302E+06	6.142447E+02	3.976225E+01	5.568179E+03
0.535	-1.199301E+06	5.803061E+02	4.089560E+01	5.568179E+03
0.54	-1.199302E+06	5.732470E+02	4.107213E+01	5.568179E+03
0.545	-1.199301E+06	5.654894E+02	4.097890E+01	5.568179E+03
0.55	-1.199301E+06	5.648048E+02	4.229063E+01	5.568179E+03
0.555	-1.199302E+06	5.785470E+02	4.478625E+01	5.568179E+03
0.56	-1.199301E+06	5.572841E+02	4.630800E+01	5.568179E+03
0.565	-1.199301E+06	5.378955E+02	4.685439E+01	5.568179E+03
0.57	-1.199301E+06	5.469644E+02	4.694644E+01	5.568179E+03
0.575	-1.199302E+06	5.642595E+02	4.600834E+01	5.568179E+03
0.58	-1.199302E+06	5.611429E+02	4.521572E+01	5.568179E+03
0.585	-1.199302E+06	5.523484E+02	4.424223E+01	5.568179E+03
0.59	-1.199302E+06	5.338347E+02	4.299176E+01	5.568179E+03
0.595	-1.199301E+06	5.259300E+02	4.270673E+01	5.568179E+03
0.6	-1.199302E+06	5.747922E+02	4.164560E+01	5.568179E+03
0.605	-1.199302E+06	5.884390E+02	4.054249E+01	5.568179E+03
0.61	-1.199302E+06	5.515699E+02	4.136404E+01	5.568179E+03
0.615	-1.199302E+06	5.374489E+02	4.279120E+01	5.568179E+03
0.62	-1.199302E+06	5.515525E+02	4.419966E+01	5.568179E+03
0.625	-1.199303E+06	5.515532E+02	4.507677E+01	5.568179E+03
0.63	-1.199302E+06	5.152522E+02	4.421189E+01	5.568179E+03
0.635	-1.199302E+06	5.213846E+02	4.313101E+01	5.568179E+03
0.64	-1.199303E+06	5.515375E+02	4.310047E+01	5.568179E+03
0.645	-1.199302E+06	5.442968E+02	4.236113E+01	5.568179E+03
0.65	-1.199302E+06	5.402399E+02	4.112687E+01	5.568179E+03
0.655	-1.199302E+06	5.401351E+02	3.996194E+01	5.568179E+03
0.66	-1.199302E+06	5.217775E+02	3.837169E+01	5.568179E+03
0.665	-1.199303E+06	5.440009E+02	3.817368E+01	5.568179E+03
0.67	-1.199302E+06	5.343191E+02	3.995067E+01	5.568179E+03
0.675	-1.199302E+06	5.228203E+02	4.007035E+01	5.568179E+03
0.68	-1.199303E+06	5.295701E+02	3.906367E+01	5.568179E+03
0.685	-1.199302E+06	5.020925E+02	3.877788E+01	5.568179E+03
0.69	-1.199303E+06	5.073780E+02	3.914947E+01	5.568179E+03
0.695	-1.199303E+06	5.107297E+02	4.083058E+01	5.568179E+03
0.7	-1.199302E+06	4.813468E+02	4.278032E+01	5.568179E+03
0.705	-1.199303E+06	5.057911E+02	4.361064E+01	5.568179E+03
0.71	-1.199303E+06	5.127079E+02	4.374670E+01	5.568179E+03
0.715	-1.199302E+06	5.033489E+02	4.364373E+01	5.568179E+03
0.72	-1.199304E+06	5.204806E+02	4.381179E+01	5.568179E+03
0.725	-1.199302E+06	4.861243E+02	4.434044E+01	5.568179E+03
0.73	-1.199303E+06	4.876087E+02	4.383076E+01	5.568179E+03
0.735	-1.199303E+06	4.971919E+02	4.228238E+01	5.568179E+03
0.74	-1.199303E+06	4.943304E+02	4.061725E+01	5.568179E+03
0.745	-1.199303E+06	4.886297E+02	4.052504E+01	5.568179E+03
0.75	-1.199304E+06	5.212777E+02	4.131340E+01	5.568179E+03
0.755	-1.199304E+06	5.088041E+02	4.180508E+01	5.568179E+03
0.76	-1.199302E+06	4.599488E+02	4.192910E+01	5.568179E+03
0.765	-1.199304E+06	4.895345E+02	4.225881E+01	5.568179E+03
0.77	-1.199303E+06	5.010159E+02	4.440181E+01	5.568179E+03
0.775	-1.199303E+06	5.104677E+02	4.728767E+01	5.568179E+03
0.78	-1.199304E+06	5.232867E+02	4.979841E+01	5.568179E+03
0.785	-1.199303E+06	4.702657E+02	5.199046E+01	5.568179E+03
0.79	-1.199303E+06	4.638727E+02	5.232026E+01	5.568179E+03
0.795	-1.199304E+06	4.848372E+02	5.111418E+01	5.568179E+03
0.8	-1.199303E+06	4.515169E+02	4.980697E+01	5.568179E+03
0.805	-1.199304E+06	4.594672E+02	4.859205E+01	5.568179E+03
0.81	-1.199304E+06	4.772691E+02	4.792302E+01	5.568179E+03
0.815	-1.199303E+06	4.740791E+02	4.676676E+01	5.568179E+03
0.82	-1.199304E+06	4.876890E+02	4.455029E+01	5.568179E+03
0.825	-1.199303E+06	4.636702E+02	4.292028E+01	5.568179E+03
0.83	-1.199304E+06	4.671177E+02	4.268049E+01	5.568179E+03
0.835	-1.199304E+06	4.770811E+02	4.393295E+01	5.568179E+03
0.84	-1.199304E+06	4.575260E+02	4.546321E+01	5.568179E+03
0.845	-1.199304E+06	4.529950E+02	4.643480E+01	5.568179E+03
0.85	-1.199304E+06	4.477632E+02	4.702548E+01	5.568179E+03
0.855	-1.199304E+06	4.398591E+02	4.843626E+01	5.568179E+03
0.86	-1.199304E+06	4.443848E+02	5.114712E+01	5.568179E+03
0.865	-1.199304E+06	4.471867E+02	5.357856E+01	5.568179E+03
0.87	-1.199304E+06	4.544680E+02	5.505786E+01	5.568179E+03
0.875	-1.199305E+06	4.554245E+02	5.500187E+01	5.568179E+03
0.88	-1.199304E+06	4.468022E+02	5.374509E+01	5.568179E+03
0.885	-1.199305E+06	4.412575E+02	5.275323E+01	5.568179E+03
0.89	-1.199304E+06	4.267760E+02	5.163365E+01	5.568179E+03
0.895	-1.199305E+06	4.214569E+02	4.992897E+01	5.568179E+03
0.9	-1.199304E+06	4.247421E+02	4.797655E+01	5.568179E+03
0.905	-1.199305E+06	4.452755E+02	4.553798E+01	5.568179E+03
0.91	-1.199305E+06	4.366520E+02	4.416994E+01	5.568179E+03
0.915	-1.199304E+06	4.135443E+02	4.457275E+01	5.568179E+03
0.92	-1.199305E+06	4.245789E+02	4.561295E+01	5.568179E+03
0.925	-1.199305E+06	4.436680E+02	4.686154E+01	5.568179E+03
0.93	-1.199305E+06	4.311197E+02	4.834144E+01	5.568179E+03
0.935	-1.199305E+06	4.167589E+02	5.010636E+01	5.568179E+03
0.94	-1.199305E+06	4.327363E+02	5.201238E+01	5.568179E+03
0.945	-1.199305E+06	4.229058E+02	5.436429E+01	5.568179E+03
0.95	-1.199305E+06	4.167951E+02	5.606838E+01	5.568179E+03
0.955	-1.199306E+06	4.252543E+02	5.591105E+01	5.568179E+03
0.96	-1.199305E+06	4.049702E+02	5.481644E+01	5.568179E+03
0.965	-1.199305E+06	4.044267E+02	5.333783E+01	5.568179E+03
0.97	-1.199306E+06	4.161726E+02	5.203155E+01	5.568179E+03
0.975	-1.199305E+06	3.944365E+02	5.073110E+01	5.568179E+03
0.98	-1.199305E+06	3.885453E+02	4.864421E+01	5.568179E+03
0.985	-1.199306E+06	4.206322E+02	4.638251E+01	5.568179E+03
0.99	-1.199305E+06	3.996456E+02	4.489069E+01	5.568179E+03
0.995	-1.199305E+06	4.069424E+02	4.470915E+01	5.568179E+03
1.0	-1.199306E+06	4.138647E+02	4.623885E+01	5.568179E+03
1.005	-1.199305E+06	3.873502E+02	4.787639E+01	5.568179E+03
1.01	-1.199305E+06	3.963918E+02	4.888440E+01	5.568179E+03
1.015	-1.199306E+06	4.070472E+02	4.950663E+01	5.568179E+03
1.02	-1.199306E+06	3.974155E+02	5.020218E+01	5.568179E+03
1.025	-1.199306E+06	3.920703E+02	5.149580E+01	5.568179E+03
1.03	-1.199306E+06	3.864198E+02	5.233598E+01	5.568179E+03
1.035	-1.199305E+06	3.689139E+02	5.237865E+01	5.568179E+03
1.04	-1.199306E+06	3.755773E+02	5.141060E+01	5.568179E+03
1.045	-1.199306E+06	3.692918E+02	5.089260E+01	5.568179E+03
1.05	-1.199305E+06	3.635207E+02	5.214781E+01	5.568179E+03
1.055	-1.199306E+06	3.947471E+02	5.291203E+01	5.568179E+03
1.06	-1.199306E+06	3.887710E+02	5.269203E+01	5.568179E+03
1.065	-1.199306E+06	3.871778E+02	5.157334E+01	5.568179E+03
1.07	-1.199306E+06	3.886604E+02	5.019152E+01	5.568179E+03
1.075	-1.199306E+06	3.783835E+02	5.030843E+01	5.568179E+03
1.08	-1.199306E+06	3.795094E+02	5.058534E+01	5.568179E+03
1.085	-1.199306E+06	3.550764E+02	5.017810E+01	5.568179E+03
1.09	-1.199306E+06	3.500178E+02	4.991895E+01	5.568179E+03
1.095	-1.199306E+06	3.629223E+02	4.974889E+01	5.568179E+03
1.1	-1.199306E+06	3.670761E+02	5.018599E+01	5.568179E+03
1.105	-1.199306E+06	3.671926E+02	5.129445E+01	5.568179E+03
1.11	-1.199306E+06	3.591676E+02	5.182630E+01	5.568179E+03
1.115	-1.199306E+06	3.520055E+02	5.168982E+01	5.568179E+03
1.12	-1.199306E+06	3.523597E+02	5.142117E+01	5.568179E+03
1.125	-1.199306E+06	3.676983E+02	5.094601E+01	5.568179E+03
1.13	-1.199306E+06	3.736114E+02	5.099240E+01	5.568179E+03
1.135	-1.199306E+06	3.598772E+02	5.153440E+01	5.568179E+03
1.14	-1.199306E+06	3.408766E+02	5.200071E+01	5.568179E+03
1.145	-1.199306E+06	3.342546E+02	5.275855E+01	5.568179E+03
1.15	-1.199306E+06	3.454240E+02	5.334502E+01	5.568179E+03
1.155	-1.199306E+06	3.443348E+02	5.377074E+01	5.568179E+03
1.16	-1.199306E+06	3.470352E+02	5.503947E+01	5.568179E+03
1.165	-1.199306E+06	3.483114E+02	5.644291E+01	5.568179E+03
1.17	-1.199306E+06	3.432985E+02	5.677730E+01	5.568179E+03
1.175	-1.199306E+06	3.359974E+02	5.615340E+01	5.568179E+03
1.18	-1.199306E+06	3.336706E+02	5.455597E+01	5.568179E+03
1.185	-1.199306E+06	3.299989E+02	5.357202E+01	5.568179E+03
1.19	-1.199306E+06	3.410004E+02	5.357562E+01	5.568179E+03
1.195	-1.199306E+06	3.378948E+02	5.329672E+01	5.568179E+03
1.2	-1.199306E+06	3.338156E+02	5.238385E+01	5.568179E+03
1.205	-1.199306E+06	3.302062E+02	5.080273E+01	5.568179E+03
1.21	-1.199306E+06	3.213951E+02	4.960362E+01	5.568179E+03
1.215	-1.199306E+06	3.222587E+02	5.052572E+01	5.568179E+03
1.22	-1.199307E+06	3.277222E+02	5.221781E+01	5.568179E+03
1.225	-1.199307E+06	3.267456E+02	5.326109E+01	5.568179E+03
1.23	-1.199307E+06	3.216144E+02	5.386264E+01	5.568179E+03
1.235	-1.199307E+06	3.192462E+02	5.404633E+01	5.568179E+03
1.24	-1.199307E+06	3.203221E+02	5.525958E+01	5.568179E+03
1.245	-1.199307E+06	3.216237E+02	5.733245E+01	5.568179E+03
1.25	-1.199307E+06	3.196296E+02	5.841922E+01	5.568179E+03
1.255	-1.199307E+06	3.195468E+02	5.818821E+01	5.568179E+03
1.26	-1.199307E+06	3.139099E+02	5.684369E+01	5.568179E+03
1.265	-1.199306E+06	3.061140E+02	5.538346E+01	5.568179E+03
1.27	-1.199307E+06	3.065377E+02	5.447731E+01	5.568179E+03
1.275	-1.199307E+06	2.927920E+02	5.352877E+01	5.568179E+03
1.28	-1.199307E+06	2.769102E+02	5.266659E+01	5.568179E+03
1.285	-1.199307E+06	2.833983E+02	5.230217E+01	5.568179E+03
1.29	-1.199307E+06	3.041725E+02	5.198148E+01	5.568179E+03
1.295	-1.199307E+06	3.048664E+02	5.202684E+01	5.568179E+03
1.3	-1.199307E+06	2.981819E+02	5.300968E+01	5.568179E+03
1.305	-1.199307E+06	2.900725E+02	5.436799E+01	5.568179E+03
1.31	-1.199307E+06	2.945427E+02	5.523540E+01	5.568179E+03
1.315	-1.199307E+06	3.009421E+02	5.581639E+01	5.568179E+03
1.32	-1.199307E+06	3.002809E+02	5.612851E+01	5.568179E+03
1.325	-1.199307E+06	2.974425E+02	5.682732E+01	5.568179E+03
1.33	-1.199307E+06	2.931464E+02	5.819594E+01	5.568179E+03
1.335	-1.199307E+06	2.965499E+02	5.887320E+01	5.568179E+03
1.34	-1.199307E+06	2.828626E+02	5.884803E+01	5.568179E+03
1.345	-1.199307E+06	2.735528E+02	5.827523E+01	5.568179E+03
1.35	-1.199307E+06	2.692117E+02	5.762468E+01	5.568179E+03
1.355	-1.199307E+06	2.802759E+02	5.755616E+01	5.568179E+03
1.36	-1.199307E+06	2.897808E+02	5.753538E+01	5.568179E+03
1.365	-1.199307E+06	2.982219E+02	5.668425E+01	5.568179E+03
1.37	-1.199308E+06	2.999772E+02	5.530557E+01	5.568179E+03
1.375	-1.199307E+06	2.855726E+02	5.418082E+01	5.568179E+03
1.38	-1.199308E+06	2.889924E+02	5.396447E+01	5.568179E+03
1.385	-1.199307E+06	2.827681E+02	5.466032E+01	5.568179E+03
1.39	-1.199308E+06	2.863122E+02	5.507697E+01	5.568179E+03
1.395	-1.199308E+06	2.752439E+02	5.523202E+01	5.568179E+03
1.4	-1.199307E+06	2.603185E+02	5.542224E+01	5.568179E+03
1.405	-1.199308E+06	2.710591E+02	5.604970E+01	5.568179E+03
1.41	-1.199307E+06	2.627618E+02	5.756934E+01	5.568179E+03
1.415	-1.199308E+06	2.762853E+02	5.882048E+01	5.568179E+03
1.42	-1.199308E+06	2.682291E+02	5.925760E+01	5.568179E+03
1.425	-1.199307E+06	2.617071E+02	5.848978E+01	5.568179E+03
1.43	-1.199308E+06	2.648244E+02	5.760617E+01	5.568179E+03
1.435	-1.199307E+06	2.556000E+02	5.742182E+01	5.568179E+03
1.44	-1.199308E+06	2.701701E+02	5.729879E+01	5.568179E+03
1.445	-1.199308E+06	2.702476E+02	5.705159E+01	5.568179E+03
1.45	-1.199308E+06	2.613592E+02	5.589748E+01	5.568179E+03
1.455	-1.199308E+06	2.492472E+02	5.438999E+01	5.568179E+03
1.46	-1.199308E+06	2.596557E+02	5.328181E+01	5.568179E+03
1.465	-1.199308E+06	2.642429E+02	5.273206E+01	5.568179E+03
1.47	-1.199307E+06	2.355197E+02	5.264145E+01	5.568179E+03
1.475	-1.199308E+06	2.488806E+02	5.205999E+01	5.568179E+03
1.48	-1.199308E+06	2.497231E+02	5.158643E+01	5.568179E+03
1.485	-1.199308E+06	2.497751E+02	5.168837E+01	5.568179E+03
1.49	-1.199308E+06	2.582157E+02	5.281420E+01	5.568179E+03
1.495	-1.199308E+06	2.410301E+02	5.480444E+01	5.568179E+03
1.5	-1.199308E+06	2.451926E+02	5.636760E+01	5.568179E+03
1.505	-1.199308E+06	2.384712E+02	5.769831E+01	5.568179E+03
1.51	-1.199308E+06	2.458207E+02	5.830768E+01	5.568179E+03
1.515	-1.199308E+06	2.562897E+02	5.841996E+01	5.568179E+03
1.52	-1.199308E+06	2.516135E+02	5.831949E+01	5.568179E+03
1.525	-1.199308E+06	2.438703E+02	5.752044E+01	5.568179E+03
1.53	-1.199308E+06	2.371942E+02	5.637538E+01	5.568179E+03
1.535	-1.199308E+06	2.397862E+02	5.479791E+01	5.568179E+03
1.54	-1.199308E+06	2.421856E+02	5.336421E+01	5.568179E+03
1.545	-1.199308E+06	2.460773E+02	5.302432E+01	5.568179E+03
1.55	-1.199308E+06	2.356375E+02	5.318117E+01	5.568179E+03
1.555	-1.199308E+06	2.404425E+02	5.319161E+01	5.568179E+03
1.56	-1.199308E+06	2.471716E+02	5.325312E+01	5.568179E+03
1.565	-1.199308E+06	2.360412E+02	5.343443E+01	5.568179E+03
1.57	-1.199308E+06	2.321721E+02	5.425275E+01	5.568179E+03
1.575	-1.199308E+06	2.280145E+02	5.537712E+01	5.568179E+03
1.58	-1.199308E+06	2.195523E+02	5.604145E+01	5.568179E+03
1.585	-1.199308E+06	2.212121E+02	5.630155E+01	5.568179E+03
1.59	-1.199309E+06	2.354548E+02	5.622320E+01	5.568179E+03
1.595	-1.199308E+06	2.321316E+02	5.633748E+01	5.568179E+03
1.6	-1.199308E+06	2.269429E+02	5.657406E+01	5.568179E+03
1.605	-1.199308E+06	2.159829E+02	5.659651E+01	5.568179E+03
1.61	-1.199308E+06	2.137575E+02	5.610578E+01	5.568179E+03
1.615	-1.199308E+06	2.199872E+02	5.509872E+01	5.568179E+03
1.62	-1.199308E+06	2.203142E+02	5.427614E+01	5.568179E+03
1.625	-1.199308E+06	2.263742E+02	5.421558E+01	5.568179E+03
1.63	-1.199309E+06	2.323000E+02	5.458575E+01	5.568179E+03
1.635	-1.199309E+06	2.230283E+02	5.503625E+01	5.568179E+03
1.64	-1.199308E+06	2.160561E+02	5.523091E+01	5.568179E+03
1.645	-1.199309E+06	2.218495E+02	5.499397E+01	5.568179E+03
1.65	-1.199309E+06	2.146438E+02	5.497861E+01	5.568179E+03
1.655	-1.199309E+06	2.087609E+02	5.542572E+01	5.568179E+03
1.66	-1.199309E+06	2.109850E+02	5.631096E+01	5.568179E+03
1.665	-1.199308E+06	2.145021E+02	5.682137E+01	5.568179E+03
1.67	-1.199309E+06	2.268795E+02	5.618884E+01	5.568179E+03
1.675	-1.199309E+06	2.119406E+02	5.553395E+01	5.568179E+03
1.68	-1.199309E+06	2.022533E+02	5.528598E+01	5.568179E+03
1.685	-1.199309E+06	2.077843E+02	5.542921E+01	5.568179E+03
1.69	-1.199309E+06	2.057431E+02	5.573899E+01	5.568179E+03
1.695	-1.199309E+06	2.104339E+02	5.548856E+01	5.568179E+03
1.7	-1.199309E+06	1.982389E+02	5.522226E+01	5.568179E+03
1.705	-1.199309E+06	2.117863E+02	5.544156E+01	5.568179E+03
1.71	-1.199309E+06	2.099927E+02	5.657992E+01	5.568179E+03
1.715	-1.199309E+06	2.040773E+02	5.786676E+01	5.568179E+03
1.72	-1.199309E+06	2.162570E+02	5.847608E+01	5.568179E+03
1.725	-1.199309E+06	2.092395E+02	5.830168E+01	5.568179E+03
1.73	-1.199309E+06	2.050478E+02	5.768224E+01	5.568179E+03
1.735	-1.199309E+06	1.920432E+02	5.752389E+01	5.568179E+03
1.74	-1.199309E+06	1.965770E+02	5.731800E+01	5.568179E+03
1.745	-1.199309E+06	2.059609E+02	5.666609E+01	5.568179E+03
1.75	-1.199309E+06	2.005569E+02	5.552229E+01	5.568179E+03
1.755	-1.199309E+06	2.011851E+02	5.417660E+01	5.568179E+03
1.76	-1.199309E+06	1.994891E+02	5.346474E+01	5.568179E+03
1.765	-1.199309E+06	1.953340E+02	5.334015E+01	5.568179E+03
1.77	-1.199309E+06	1.892146E+02	5.371746E+01	5.568179E+03
1.775	-1.199309E+06	1.933034E+02	5.410452E+01	5.568179E+03
1.78	-1.199309E+06	2.064474E+02	5.408790E+01	5.568179E+03
1.785	-1.199309E+06	2.007598E+02	5.463115E+01	5.568179E+03
1.79	-1.199309E+06	2.023902E+02	5.576800E+01	5.568179E+03
1.795	-1.199309E+06	2.012478E+02	5.706637E+01	5.568179E+03
1.8	-1.199309E+06	1.858505E+02	5.813260E+01	5.568179E+03
1.805	-1.199309E+06	1.796989E+02	5.843170E+01	5.568179E+03
1.81	-1.199309E+06	1.733447E+02	5.822888E+01	5.568179E+03
1.815	-1.199309E+06	1.759532E+02	5.769803E+01	5.568179E+03
1.82	-1.199309E+06	1.900465E+02	5.692623E+01	5.568179E+03
1.825	-1.199309E+06	1.841679E+02	5.614848E+01	5.568179E+03
1.83	-1.199309E+06	1.894337E+02	5.489073E+01	5.568179E+03
1.835	-1.199309E+06	1.911676E+02	5.342298E+01	5.568179E+03
1.84	-1.199309E+06	1.889079E+02	5.209806E+01	5.568179E+03
1.845	-1.199309E+06	1.878490E+02	5.136305E+01	5.568179E+03
1.85	-1.199309E+06	1.762249E+02	5.146940E+01	5.568179E+03
1.855	-1.199309E+06	1.758239E+02	5.199809E+01	5.568179E+03
1.86	-1.199309E+06	1.751997E+02	5.279507E+01	5.568179E+03
1.865	-1.199309E+06	1.825633E+02	5.331081E+01	5.568179E+03
1.87	-1.199309E+06	1.838829E+02	5.411544E+01	5.568179E+03
1.875	-1.199309E+06	1.818108E+02	5.568099E+01	5.568179E+03
1.88	-1.199309E+06	1.900265E+02	5.712850E+01	5.568179E+03
1.885	-1.199309E+06	1.863646E+02	5.804000E+01	5.568179E+03
1.89	-1.199309E+06	1.788824E+02	5.778497E+01	5.568179E+03
1.895	-1.199309E+06	1.747763E+02	5.678605E+01	5.568179E+03
1.9	-1.199309E+06	1.685698E+02	5.612316E+01	5.568179E+03
1.905	-1.199309E+06	1.712531E+02	5.527288E+01	5.568179E+03
1.91	-1.199309E+06	1.731674E+02	5.428524E+01	5.568179E+03
1.915	-1.199309E+06	1.736300E+02	5.318057E+01	5.568179E+03
1.92	-1.199310E+06	1.837754E+02	5.178729E+01	5.568179E+03
1.925	-1.199309E+06	1.748511E+02	5.118100E+01	5.568179E+03
1.93	-1.199309E+06	1.734776E+02	5.125436E+01	5.568179E+03
1.935	-1.199310E+06	1.831389E+02	5.151277E+01	5.568179E+03
1.94	-1.199309E+06	1.724177E+02	5.189585E+01	5.568179E+03
1.945	-1.199310E+06	1.695689E+02	5.222187E+01	5.568179E+03
1.95	-1.199309E+06	1.662720E+02	5.310640E+01	5.568179E+03
1.955	-1.199309E+06	1.641568E+02	5.438433E+01	5.568179E+03
1.96	-1.199310E+06	1.614381E+02	5.551994E+01	5.568179E+03
1.965	-1.199309E+06	1.523175E+02	5.615967E+01	5.568179E+03
1.97	-1.199310E+06	1.598686E+02	5.591816E+01	5.568179E+03
1.975	-1.199309E+06	1.592893E+02	5.532774E+01	5.568179E+03
1.98	-1.199310E+06	1.698552E+02	5.460129E+01	5.568179E+03
1.985	-1.199310E+06	1.679625E+02	5.417990E+01	5.568179E+03
1.99	-1.199309E+06	1.591988E+02	5.387741E+01	5.568179E+03
1.995	-1.199310E+06	1.758322E+02	5.304000E+01	5.568179E+03
2.0	-1.199309E+06	1.604098E+02	5.230443E+01	5.568179E+03
2.005	-1.199310E+06	1.625822E+02	5.157319E+01	5.568179E+03
2.01	-1.199310E+06	1.687218E+02	5.135778E+01	5.568179E+03
2.015	-1.199309E+06	1.563801E+02	5.168337E+01	5.568179E+03
2.02	-1.199310E+06	1.601852E+02	5.166131E+01	5.568179E+03
2.025	-1.199310E+06	1.527137E+02	5.179116E+01	5.568179E+03
2.03	-1.199310E+06	1.579292E+02	5.194081E+01	5.568179E+03
2.035	-1.199310E+06	1.618794E+02	5.238586E+01	5.568179E+03
2.04	-1.199310E+06	1.549182E+02	5.361187E+01	5.568179E+03
2.045	-1.199310E+06	1.601618E+02	5.457378E+01	5.568179E+03
2.05	-1.199310E+06	1.620994E+02	5.468012E+01	5.568179E+03
2.055	-1.199310E+06	1.614800E+02	5.415773E+01	5.568179E+03
2.06	-1.199310E+06	1.605285E+02	5.338211E+01	5.568179E+03
2.065	-1.199310E+06	1.641041E+02	5.275424E+01	5.568179E+03
2.07	-1.199310E+06	1.600760E+02	5.226387E+01	5.568179E+03
2.075	-1.199310E+06	1.534886E+02	5.147158E+01	5.568179E+03
2.08	-1.199310E+06	1.555700E+02	5.053865E+01	5.568179E+03
2.085	-1.199310E+06	1.518147E+02	4.983151E+01	5.568179E+03
2.09	-1.199310E+06	1.445102E+02	4.956184E+01	5.568179E+03
2.095	-1.199310E+06	1.406116E+02	5.019929E+01	5.568179E+03
2.1	-1.199310E+06	1.470739E+02	5.150305E+01	5.568179E+03
2.105	-1.199310E+06	1.566630E+02	5.272059E+01	5.568179E+03
2.11	-1.199310E+06	1.506273E+02	5.353139E+01	5.568179E+03
2.115	-1.199310E+06	1.458415E+02	5.382653E+01	5.568179E+03
2.12	-1.199310E+06	1.558980E+02	5.369913E+01	5.568179E+03
2.125	-1.199310E+06	1.519859E+02	5.315102E+01	5.568179E+03
2.13	-1.199310E+06	1.444799E+02	5.199700E+01	5.568179E+03
2.135	-1.199310E+06	1.457511E+02	5.069255E+01	5.568179E+03
2.14	-1.199310E+06	1.358156E+02	4.957739E+01	5.568179E+03
2.145	-1.199310E+06	1.339755E+02	4.873699E+01	5.568179E+03
2.15	-1.199310E+06	1.396730E+02	4.876683E+01	5.568179E+03
2.155	-1.199310E+06	1.420742E+02	4.940607E+01	5.568179E+03
2.16	-1.199310E+06	1.465021E+02	5.011954E+01	5.568179E+03
2.165	-1.199310E+06	1.416256E+02	5.086079E+01	5.568179E+03
2.17	-1.199310E+06	1.414485E+02	5.127656E+01	5.568179E+03
2.175	-1.199310E+06	1.406569E+02	5.182268E+01	5.568179E+03
2.18	-1.199310E+06	1.453068E+02	5.261201E+01	5.568179E+03
2.185	-1.199310E+06	1.567324E+02	5.293856E+01	5.568179E+03
2.19	-1.199310E+06	1.445827E+02	5.271656E+01	5.568179E+03
2.195	-1.199310E+06	1.323825E+02	5.209887E+01	5.568179E+03
2.2	-1.199310E+06	1.365456E+02	5.168004E+01	5.568179E+03
2.205	-1.199310E+06	1.395044E+02	5.170254E+01	5.568179E+03
2.21	-1.199310E+06	1.400467E+02	5.155934E+01	5.568179E+03
2.215	-1.199310E+06	1.442097E+02	5.099860E+01	5.568179E+03
2.22	-1.199310E+06	1.412667E+02	5.007964E+01	5.568179E+03
2.225	-1.199310E+06	1.336704E+02	4.933296E+01	5.568179E+03
2.23	-1.199310E+06	1.388942E+02	4.944465E+01	5.568179E+03
2.235	-1.199310E+06	1.412822E+02	5.008661E+01	5.568179E+03
2.24	-1.199310E+06	1.414151E+02	5.051556E+01	5.568179E+03
2.245	-1.199310E+06	1.378188E+02	5.078590E+01	5.568179E+03
2.25	-1.199310E+06	1.350566E+02	5.119517E+01	5.568179E+03
2.255	-1.199310E+06	1.368651E+02	5.194131E+01	5.568179E+03
2.26	-1.199310E+06	1.357378E+02	5.293245E+01	5.568179E+03
2.265	-1.199310E+06	1.349770E+02	5.370022E+01	5.568179E+03
2.27	-1.199310E+06	1.374190E+02	5.361658E+01	5.568179E+03
2.275	-1.199310E+06	1.387143E+02	5.271417E+01	5.568179E+03
2.28	-1.199310E+06	1.312039E+02	5.154449E+01	5.568179E+03
2.285	-1.199310E+06	1.348868E+02	5.028754E+01	5.568179E+03
2.29	-1.199310E+06	1.329101E+02	4.949006E+01	5.568179E+03
2.295	-1.199310E+06	1.328427E+02	4.888004E+01	5.568179E+03
2.3	-1.199310E+06	1.386181E+02	4.817484E+01	5.568179E+03
2.305	-1.199310E+06	1.230040E+02	4.799327E+01	5.568179E+03
2.31	-1.199310E+06	1.302415E+02	4.800072E+01	5.568179E+03
2.315	-1.199310E+06	1.268039E+02	4.858518E+01	5.568179E+03
2.32	-1.199310E+06	1.204224E+02	4.960508E+01	5.568179E+03
2.325	-1.199310E+06	1.381222E+02	5.022722E+01	5.568179E+03
2.33	-1.199310E+06	1.306755E+02	5.071965E+01	5.568179E+03
2.335	-1.199310E+06	1.365506E+02	5.089258E+01	5.568179E+03
2.34	-1.199310E+06	1.333368E+02	5.097545E+01	5.568179E+03
2.345	-1.199310E+06	1.230014E+02	5.091363E+01	5.568179E+03
2.35	-1.199310E+06	1.283288E+02	5.055837E+01	5.568179E+03
2.355	-1.199310E+06	1.198540E+02	5.024712E+01	5.568179E+03
2.36	-1.199310E+06	1.225451E+02	4.981727E+01	5.568179E+03
2.365	-1.199310E+06	1.224129E+02	4.968321E+01	5.568179E+03
2.37	-1.199310E+06	1.290243E+02	4.980094E+01	5.568179E+03
2.375	-1.199310E+06	1.310528E+02	5.003268E+01	5.568179E+03
2.38	-1.199310E+06	1.280797E+02	5.016056E+01	5.568179E+03
2.385	-1.199311E+06	1.375502E+02	4.976238E+01	5.568179E+03
2.39	-1.199310E+06	1.244329E+02	4.931364E+01	5.568179E+03
2.395	-1.199310E+06	1.270855E+02	4.894016E+01	5.568179E+03
2.4	-1.199310E+06	1.258163E+02	4.890243E+01	5.568179E+03
2.405	-1.199310E+06	1.140473E+02	4.896741E+01	5.568179E+03
2.41	-1.199311E+06	1.269615E+02	4.888999E+01	5.568179E+03
2.415	-1.199310E+06	1.235495E+02	4.936341E+01	5.568179E+03
2.42	-1.199310E+06	1.185574E+02	4.985634E+01	5.568179E+03
2.425	-1.199310E+06	1.190913E+02	5.015361E+01	5.568179E+03
2.43	-1.199310E+06	1.173182E+02	5.056680E+01	5.568179E+03
2.435	-1.199310E+06	1.269280E+02	5.062149E+01	5.568179E+03
2.44	-1.199310E+06	1.289884E+02	5.050405E+01	5.568179E+03
2.445	-1.199310E+06	1.228230E+02	5.036797E+01	5.568179E+03
2.45	-1.199310E+06	1.246466E+02	5.004483E+01	5.568179E+03
2.455	-1.199310E+06	1.198499E+02	4.998227E+01	5.568179E+03
2.46	-1.199310E+06	1.183627E+02	4.993184E+01	5.568179E+03
2.465	-1.199311E+06	1.220535E+02	4.982069E+01	5.568179E+03
2.47	-1.199310E+06	1.204263E+02	4.986920E+01	5.568179E+03
2.475	-1.199311E+06	1.226205E+02	4.984081E+01	5.568179E+03
2.48	-1.199310E+06	1.145302E+02	5.004027E+01	5.568179E+03
2.485	-1.199310E+06	1.202829E+02	5.018212E+01	5.568179E+03
2.49	-1.199310E+06	1.229861E+02	5.019974E+01	5.568179E+03
2.495	-1.199310E+06	1.175910E+02	5.014250E+01	5.568179E+03
2.5	-1.199310E+06	1.201193E+02	5.005054E+01	5.568179E+03
2.505	-1.199310E+06	1.153841E+02	5.037390E+01	5.568179E+03
2.51	-1.199310E+06	1.212395E+02	5.065291E+01	5.568179E+03
2.515	-1.199311E+06	1.187601E+02	5.080351E+01	5.568179E+03
2.52	-1.199310E+06	1.113302E+02	5.096276E+01	5.568179E+03
2.525	-1.199311E+06	1.180292E+02	5.082424E+01	5.568179E+03
2.53	-1.199310E+06	1.110285E+02	5.087730E+01	5.568179E+03
2.535	-1.199311E+06	1.194426E+02	5.116234E+01	5.568179E+03
2.54	-1.199311E+06	1.240941E+02	5.141244E+01	5.568179E+03
2.545	-1.199310E+06	1.166477E+02	5.137721E+01	5.568179E+03
2.55	-1.199310E+06	1.135409E+02	5.130029E+01	5.568179E+03
2.555	-1.199310E+06	1.133083E+02	5.174350E+01	5.568179E+03
2.56	-1.199310E+06	1.195231E+02	5.251825E+01	5.568179E+03
2.565	-1.199310E+06	1.146056E+02	5.313794E+01	5.568179E+03
2.57	-1.199310E+06	1.172615E+02	5.308690E+01	5.568179E+03
2.575	-1.199311E+06	1.213034E+02	5.256238E+01	5.568179E+03
2.58	-1.199310E+06	1.086833E+02	5.222527E+01	5.568179E+03
2.585	-1.199310E+06	1.141611E+02	5.208016E+01	5.568179E+03
2.59	-1.199310E+06	1.149015E+02	5.220418E+01	5.568179E+03
2.595	-1.199310E+06	1.102932E+02	5.217311E+01	5.568179E+03
2.6	-1.199311E+06	1.184757E+02	5.181091E+01	5.568179E+03
2.605	-1.199310E+06	1.143856E+02	5.170406E+01	5.568179E+03
2.61	-1.199310E+06	1.133443E+02	5.175796E+01	5.568179E+03
2.615	-1.199311E+06	1.190349E+02	5.196327E+01	5.568179E+03
2.62	-1.199310E+06	1.127745E+02	5.218005E+01	5.568179E+03
2.625	-1.199311E+06	1.100089E+02	5.205483E+01	5.568179E+03
2.63	-1.199311E+06	1.067437E+02	5.189414E+01	5.568179E+03
2.635	-1.199310E+06	1.047825E+02	5.179814E+01	5.568179E+03
2.64	-1.199311E+06	1.124477E+02	5.182907E+01	5.568179E+03
2.645	-1.199310E+06	1.110530E+02	5.210947E+01	5.568179E+03
2.65	-1.199311E+06	1.107244E+02	5.234285E+01	5.568179E+03
2.655	-1.199311E+06	1.086504E+02	5.249195E+01	5.568179E+03
2.66	-1.199310E+06	1.088053E+02	5.251093E+01	5.568179E+03
2.665	-1.199311E+06	1.119470E+02	5.252941E+01	5.568179E+03
2.67	-1.199310E+06	1.046698E+02	5.290732E+01	5.568179E+03
2.675	-1.199311E+06	1.079692E+02	5.335614E+01	5.568179E+03
2.68	-1.199311E+06	1.065924E+02	5.355795E+01	5.568179E+03
2.685	-1.199311E+06	1.066927E+02	5.325947E+01	5.568179E+03
2.69	-1.199311E+06	1.072658E+02	5.278480E+01	5.568179E+03
2.695	-1.199310E+06	1.069537E+02	5.268255E+01	5.568179E+03
2.7	-1.199311E+06	1.165932E+02	5.290467E+01	5.568179E+03
2.705	-1.199310E+06	1.101753E+02	5.326230E+01	5.568179E+03
2.71	-1.199311E+06	1.094451E+02	5.344487E+01	5.568179E+03
2.715	-1.199311E+06	1.088149E+02	5.355685E+01	5.568179E+03
2.72	-1.199311E+06	1.036974E+02	5.391212E+01	5.568179E+03
2.725	-1.199311E+06	1.092928E+02	5.444941E+01	5.568179E+03
2.73	-1.199311E+06	1.057925E+02	5.478409E+01	5.568179E+03
2.735	-1.199311E+06	1.055992E+02	5.452179E+01	5.568179E+03
2.74	-1.199311E+06	1.069040E+02	5.397678E+01	5.568179E+03
2.745	-1.199311E+06	1.074554E+02	5.359189E+01	5.568179E+03
2.75	-1.199311E+06	1.117221E+02	5.351719E+01	5.568179E+03
2.755	-1.199311E+06	1.078696E+02	5.366868E+01	5.568179E+03
2.76	-1.199311E+06	1.068131E+02	5.373198E+01	5.568179E+03
2.765	-1.199311E+06	1.118848E+02	5.372456E+01	5.568179E+03
2.77	-1.199311E+06	1.096003E+02	5.384700E+01	5.568179E+03
2.775	-1.199311E+06	1.081889E+02	5.398991E+01	5.568179E+03
2.78	-1.199311E+06	1.037071E+02	5.418038E+01	5.568179E+03
2.785	-1.199311E+06	9.773741E+01	5.431241E+01	5.568179E+03
2.79	-1.199311E+06	1.063371E+02	5.417524E+01	5.568179E+03
2.795	-1.199311E+06	1.047822E+02	5.400484E+01	5.568179E+03
2.8	-1.199311E+06	1.036903E+02	5.379779E+01	5.568179E+03
2.805	-1.199311E+06	1.071220E+02	5.377930E+01	5.568179E+03
2.81	-1.199311E+06	1.048411E+02	5.405450E+01	5.568179E+03
2.815	-1.199311E+06	1.054311E+02	5.439107E+01	5.568179E+03
2.82	-1.199311E+06	1.040780E+02	5.477001E+01	5.568179E+03
2.825	-1.199311E+06	1.020858E+02	5.507638E+01	5.568179E+03
2.83	-1.199311E+06	1.005267E+02	5.524216E+01	5.568179E+03
2.835	-1.199311E+06	1.058254E+02	5.528423E+01	5.568179E+03
2.84	-1.199311E+06	1.108445E+02	5.521290E+01	5.568179E+03
2.845	-1.199311E+06	1.061869E+02	5.494492E+01	5.568179E+03
2.85	-1.199311E+06	1.065965E+02	5.436532E+01	5.568179E+03
2.855	-1.199311E+06	9.905834E+01	5.395523E+01	5.568179E+03
2.86	-1.199311E+06	9.965769E+01	5.387360E+01	5.568179E+03
2.865	-1.199311E+06	1.032131E+02	5.421597E+01	5.568179E+03
2.87	-1.199311E+06	1.011356E+02	5.476193E+01	5.568179E+03
2.875	-1.199311E+06	1.046379E+02	5.488975E+01	5.568179E+03
2.88	-1.199311E+06	1.026260E+02	5.482900E+01	5.568179E+03
2.885	-1.199311E+06	1.051588E+02	5.492896E+01	5.568179E+03
2.89	-1.199311E+06	1.057594E+02	5.522656E+01	5.568179E+03
2.895	-1.199311E+06	9.791798E+01	5.569142E+01	5.568179E+03
2.9	-1.199311E+06	1.049839E+02	5.590700E+01	5.568179E+03
2.905	-1.199311E+06	1.077897E+02	5.579420E+01	5.568179E+03
2.91	-1.199310E+06	9.409627E+01	5.573404E+01	5.568179E+03
2.915	-1.199311E+06	9.593375E+01	5.581356E+01	5.568179E+03
2.92	-1.199311E+06	1.033704E+02	5.598158E+01	5.568179E+03
2.925	-1.199311E+06	1.039603E+02	5.582864E+01	5.568179E+03
2.93	-1.199311E+06	1.018817E+02	5.518402E+01	5.568179E+03
2.935	-1.199311E+06	1.011849E+02	5.452251E+01	5.568179E+03
2.94	-1.199311E+06	1.040098E+02	5.410178E+01	5.568179E+03
2.945	-1.199311E+06	1.002213E+02	5.394845E+01	5.568179E+03
2.95	-1.199311E+06	9.603800E+01	5.404757E+01	5.568179E+03
2.955	-1.199311E+06	9.721950E+01	5.414297E+01	5.568179E+03
2.96	-1.199311E+06	1.026532E+02	5.419666E+01	5.568179E+03
2.965	-1.199311E+06	1.036720E+02	5.459410E+01	5.568179E+03
2.97	-1.199311E+06	1.030171E+02	5.517249E+01	5.568179E+03
2.975	-1.199311E+06	1.016136E+02	5.575937E+01	5.568179E+03
2.98	-1.199310E+06	9.420348E+01	5.638317E+01	5.568179E+03
2.985	-1.199311E+06	9.896516E+01	5.674228E+01	5.568179E+03
2.99	-1.199311E+06	1.008186E+02	5.708170E+01	5.568179E+03
2.995	-1.199311E+06	1.040168E+02	5.720631E+01	5.568179E+03
3.0	-1.199311E+06	1.063417E+02	5.690159E+01	5.568179E+03
3.005	-1.199310E+06	9.889827E+01	5.657281E+01	5.568179E+03
3.01	-1.199311E+06	1.026745E+02	5.623452E+01	5.568179E+03
3.015	-1.199311E+06	1.010425E+02	5.594664E+01	5.568179E+03
3.02	-1.199311E+06	9.428569E+01	5.581524E+01	5.568179E+03
3.025	-1.199311E+06	9.682184E+01	5.576257E+01	5.568179E+03
3.03	-1.199311E+06	1.011134E+02	5.566946E+01	5.568179E+03
3.035	-1.199311E+06	9.659486E+01	5.551849E+01	5.568179E+03
3.04	-1.199311E+06	9.684369E+01	5.522599E+01	5.568179E+03
3.045	-1.199311E+06	1.017236E+02	5.487959E+01	5.568179E+03
3.05	-1.199311E+06	9.568190E+01	5.488574E+01	5.568179E+03
3.055	-1.199311E+06	9.982655E+01	5.528668E+01	5.568179E+03
3.06	-1.199311E+06	9.742602E+01	5.602302E+01	5.568179E+03
3.065	-1.199311E+06	9.529337E+01	5.663369E+01	5.568179E+03
3.07	-1.199311E+06	1.006277E+02	5.688081E+01	5.568179E+03
3.075	-1.199311E+06	9.986723E+01	5.703028E+01	5.568179E+03
3.08	-1.199311E+06	9.979113E+01	5.720239E+01	5.568179E+03
3.085	-1.199311E+06	9.810607E+01	5.737816E+01	5.568179E+03
3.09	-1.199311E+06	1.005899E+02	5.727966E+01	5.568179E+03
3.095	-1.199311E+06	1.031464E+02	5.675919E+01	5.568179E+03
3.1	-1.199311E+06	9.811401E+01	5.625329E+01	5.568179E+03
3.105	-1.199311E+06	9.706541E+01	5.616983E+01	5.568179E+03
3.11	-1.199311E+06	9.842417E+01	5.644748E+01	5.568179E+03
3.115	-1.199311E+06	9.920775E+01	5.672137E+01	5.568179E+03
3.12	-1.199311E+06	9.686449E+01	5.683360E+01	5.568179E+03
3.125	-1.199311E+06	9.566266E+01	5.702634E+01	5.568179E+03
3.13	-1.199311E+06	1.004182E+02	5.745330E+01	5.568179E+03
3.135	-1.199311E+06	1.003994E+02	5.778247E+01	5.568179E+03
3.14	-1.199311E+06	9.717724E+01	5.767284E+01	5.568179E+03
3.145	-1.199311E+06	1.003923E+02	5.716211E+01	5.568179E+03
3.15	-1.199311E+06	1.000559E+02	5.656836E+01	5.568179E+03
3.155	-1.199311E+06	9.521705E+01	5.611833E+01	5.568179E+03
3.16	-1.199311E+06	9.191814E+01	5.591604E+01	5.568179E+03
3.165	-1.199311E+06	9.646932E+01	5.591253E+01	5.568179E+03
3.17	-1.199311E+06	9.558806E+01	5.609496E+01	5.568179E+03
3.175	-1.199311E+06	9.676620E+01	5.629973E+01	5.568179E+03
3.18	-1.199311E+06	1.021555E+02	5.646537E+01	5.568179E+03
3.185	-1.199311E+06	9.775084E+01	5.658806E+01	5.568179E+03
3.19	-1.199311E+06	9.439780E+01	5.662868E+01	5.568179E+03
3.195	-1.199311E+06	9.063256E+01	5.678996E+01	5.568179E+03
3.2	-1.199311E+06	9.169450E+01	5.701785E+01	5.568179E+03
3.205	-1.199311E+06	9.931138E+01	5.712366E+01	5.568179E+03
3.21	-1.199311E+06	9.682465E+01	5.713406E+01	5.568179E+03
3.215	-1.199311E+06	9.656461E+01	5.701558E+01	5.568179E+03
3.22	-1.199311E+06	9.726419E+01	5.684705E+01	5.568179E+03
3.225	-1.199311E+06	9.598876E+01	5.659534E+01	5.568179E+03
3.23	-1.199311E+06	1.026818E+02	5.612125E+01	5.568179E+03
3.235	-1.199311E+06	9.962998E+01	5.559036E+01	5.568179E+03
3.24	-1.199311E+06	9.503071E+01	5.526637E+01	5.568179E+03
3.245	-1.199311E+06	9.708469E+01	5.533338E+01	5.568179E+03
3.25	-1.199311E+06	9.625648E+01	5.555402E+01	5.568179E+03
3.255	-1.199311E+06	9.570879E+01	5.560634E+01	5.568179E+03
3.26	-1.199311E+06	9.445284E+01	5.559308E+01	5.568179E+03
3.265	-1.199311E+06	9.762986E+01	5.583876E+01	5.568179E+03
3.27	-1.199311E+06	1.001905E+02	5.651423E+01	5.568179E+03
3.275	-1.199311E+06	9.924704E+01	5.721599E+01	5.568179E+03
3.28	-1.199311E+06	1.018665E+02	5.757516E+01	5.568179E+03
3.285	-1.199311E+06	9.988632E+01	5.752322E+01	5.568179E+03
3.29	-1.199311E+06	9.706125E+01	5.734062E+01	5.568179E+03
3.295	-1.199311E+06	9.813094E+01	5.738434E+01	5.568179E+03
3.3	-1.199311E+06	1.008683E+02	5.719689E+01	5.568179E+03
3.305	-1.199311E+06	9.742945E+01	5.661171E+01	5.568179E+03
3.31	-1.199311E+06	9.198192E+01	5.586939E+01	5.568179E+03
3.315	-1.199311E+06	9.677405E+01	5.504798E+01	5.568179E+03
3.32	-1.199311E+06	9.399912E+01	5.472436E+01	5.568179E+03
3.325	-1.199311E+06	9.069585E+01	5.491018E+01	5.568179E+03
3.33	-1.199311E+06	1.007226E+02	5.526287E+01	5.568179E+03
3.335	-1.199311E+06	1.021532E+02	5.572347E+01	5.568179E+03
3.34	-1.199311E+06	1.005226E+02	5.586665E+01	5.568179E+03
3.345	-1.199311E+06	9.942271E+01	5.590989E+01	5.568179E+03
3.35	-1.199311E+06	1.005164E+02	5.613581E+01	5.568179E+03
3.355	-1.199311E+06	1.021695E+02	5.632392E+01	5.568179E+03
3.36	-1.199311E+06	9.381850E+01	5.653920E+01	5.568179E+03
3.365	-1.199311E+06	9.126800E+01	5.667617E+01	5.568179E+03
3.37	-1.199311E+06	9.454862E+01	5.673637E+01	5.568179E+03
3.375	-1.199311E+06	9.603653E+01	5.686626E+01	5.568179E+03
3.38	-1.199311E+06	9.920260E+01	5.698507E+01	5.568179E+03
3.385	-1.199311E+06	9.755164E+01	5.698230E+01	5.568179E+03
3.39	-1.199311E+06	9.862721E+01	5.676275E+01	5.568179E+03
3.395	-1.199311E+06	1.038394E+02	5.630693E+01	5.568179E+03
3.4	-1.199311E+06	1.018903E+02	5.571224E+01	5.568179E+03
3.405	-1.199311E+06	9.982680E+01	5.528190E+01	5.568179E+03
3.41	-1.199311E+06	9.935047E+01	5.516777E+01	5.568179E+03
3.415	-1.199311E+06	9.842645E+01	5.511744E+01	5.568179E+03
3.42	-1.199311E+06	9.489083E+01	5.510224E+01	5.568179E+03
3.425	-1.199311E+06	9.625029E+01	5.519334E+01	5.568179E+03
3.43	-1.199311E+06	1.036500E+02	5.560762E+01	5.568179E+03
3.435	-1.199311E+06	1.031612E+02	5.637164E+01	5.568179E+03
3.44	-1.199311E+06	9.714916E+01	5.689500E+01	5.568179E+03
3.445	-1.199311E+06	9.359305E+01	5.698821E+01	5.568179E+03
3.45	-1.199311E+06	9.908529E+01	5.678018E+01	5.568179E+03
3.455	-1.199311E+06	1.033438E+02	5.646898E+01	5.568179E+03
3.46	-1.199311E+06	1.024030E+02	5.634028E+01	5.568179E+03
3.465	-1.199311E+06	1.043280E+02	5.619316E+01	5.568179E+03
3.47	-1.199311E+06	1.004642E+02	5.583681E+01	5.568179E+03
3.475	-1.199311E+06	9.687030E+01	5.527596E+01	5.568179E+03
3.48	-1.199311E+06	9.677472E+01	5.469263E+01	5.568179E+03
3.485	-1.199311E+06	9.716799E+01	5.451049E+01	5.568179E+03
3.49	-1.199311E+06	9.837513E+01	5.470539E+01	5.568179E+03
3.495	-1.199311E+06	1.012277E+02	5.488883E+01	5.568179E+03
3.5	-1.199311E+06	9.855676E+01	5.504017E+01	5.568179E+03
3.505	-1.199311E+06	9.865460E+01	5.512968E+01	5.568179E+03
3.51	-1.199311E+06	1.029444E+02	5.525980E+01	5.568179E+03
3.515	-1.199311E+06	1.035503E+02	5.563360E+01	5.568179E+03
3.52	-1.199311E+06	1.031709E+02	5.607505E+01	5.568179E+03
3.525	-1.199311E+06	9.620162E+01	5.635388E+01	5.568179E+03
3.53	-1.199311E+06	1.002863E+02	5.618496E+01	5.568179E+03
3.535	-1.199311E+06	1.003733E+02	5.573864E+01	5.568179E+03
3.54	-1.199311E+06	9.410906E+01	5.539438E+01	5.568179E+03
3.545	-1.199311E+06	9.799031E+01	5.537403E+01	5.568179E+03
3.55	-1.199311E+06	9.596644E+01	5.565097E+01	5.568179E+03
3.555	-1.199311E+06	9.889393E+01	5.583491E+01	5.568179E+03
3.56	-1.199311E+06	1.016564E+02	5.585677E+01	5.568179E+03
3.565	-1.199311E+06	1.029944E+02	5.568898E+01	5.568179E+03
3.57	-1.199311E+06	9.950715E+01	5.548465E+01	5.568179E+03
3.575	-1.199311E+06	9.574630E+01	5.542558E+01	5.568179E+03
3.58	-1.199311E+06	1.083688E+02	5.532350E+01	5.568179E+03
3.585	-1.199311E+06	1.023267E+02	5.508134E+01	5.568179E+03
3.59	-1.199311E+06	9.823477E+01	5.459989E+01	5.568179E+03
3.595	-1.199311E+06	9.984860E+01	5.441554E+01	5.568179E+03
3.6	-1.199311E+06	9.879394E+01	5.449678E+01	5.568179E+03
3.605	-1.199311E+06	1.015485E+02	5.447097E+01	5.568179E+03
3.61	-1.199311E+06	9.784017E+01	5.442117E+01	5.568179E+03
3.615	-1.199311E+06	1.041058E+02	5.420921E+01	5.568179E+03
3.62	-1.199311E+06	1.040003E+02	5.432021E+01	5.568179E+03
3.625	-1.199311E+06	1.084977E+02	5.475507E+01	5.568179E+03
3.63	-1.199311E+06	1.083683E+02	5.519552E+01	5.568179E+03
3.635	-1.199311E+06	9.860953E+01	5.548732E+01	5.568179E+03
3.64	-1.199311E+06	1.027186E+02	5.543465E+01	5.568179E+03
3.645	-1.199311E+06	1.025874E+02	5.529129E+01	5.568179E+03
3.65	-1.199311E+06	1.011466E+02	5.518904E+01	5.568179E+03
3.655	-1.199311E+06	1.027613E+02	5.508062E+01	5.568179E+03
3.66	-1.199311E+06	1.064216E+02	5.477372E+01	5.568179E+03
3.665	-1.199311E+06	1.101460E+02	5.414125E+01	5.568179E+03
3.67	-1.199311E+06	1.047239E+02	5.343393E+01	5.568179E+03
3.675	-1.199311E+06	1.031555E+02	5.296446E+01	5.568179E+03
3.68	-1.199311E+06	1.048276E+02	5.294008E+01	5.568179E+03
3.685	-1.199311E+06	1.038114E+02	5.311395E+01	5.568179E+03
3.69	-1.199311E+06	1.041800E+02	5.318671E+01	5.568179E+03
3.695	-1.199311E+06	1.055165E+02	5.316122E+01	5.568179E+03
3.7	-1.199311E+06	1.058856E+02	5.297125E+01	5.568179E+03
3.705	-1.199311E+06	1.047804E+02	5.280551E+01	5.568179E+03
3.71	-1.199311E+06	1.066781E+02	5.281644E+01	5.568179E+03
3.715	-1.199311E+06	1.052936E+02	5.283004E+01	5.568179E+03
3.72	-1.199311E+06	1.072900E+02	5.269106E+01	5.568179E+03
3.725	-1.199311E+06	1.073073E+02	5.245708E+01	5.568179E+03
3.73	-1.199311E+06	1.022433E+02	5.234145E+01	5.568179E+03
3.735	-1.199311E+06	1.010968E+02	5.260631E+01	5.568179E+03
3.74	-1.199311E+06	1.037582E+02	5.301829E+01	5.568179E+03
3.745	-1.199311E+06	1.058460E+02	5.311017E+01	5.568179E+03
3.75	-1.199311E+06	1.049954E+02	5.280233E+01	5.568179E+03
3.755	-1.199311E+06	1.091750E+02	5.230845E+01	5.568179E+03
3.76	-1.199311E+06	1.103595E+02	5.186978E+01	5.568179E+03
3.765	-1.199311E+06	1.064303E+02	5.155580E+01	5.568179E+03
3.77	-1.199311E+06	1.064641E+02	5.134083E+01	5.568179E+03
3.775	-1.199311E+06	1.047944E+02	5.101009E+01	5.568179E+03
3.78	-1.199311E+06	1.060512E+02	5.054136E+01	5.568179E+03
3.785	-1.199311E+06	1.054116E+02	5.034848E+01	5.568179E+03
3.79	-1.199311E+06	1.065571E+02	5.032390E+01	5.568179E+03
3.795	-1.199311E+06	1.089537E+02	5.036817E+01	5.568179E+03
3.8	-1.199310E+06	1.043041E+02	5.047473E+01	5.568179E+03
3.805	-1.199311E+06	1.071982E+02	5.043050E+01	5.568179E+03
3.81	-1.199310E+06	1.044362E+02	5.079263E+01	5.568179E+03
3.815	-1.199311E+06	1.107969E+02	5.138043E+01	5.568179E+03
3.82	-1.199311E+06	1.148507E+02	5.182209E+01	5.568179E+03
3.825	-1.199310E+06	1.036234E+02	5.236327E+01	5.568179E+03
3.83	-1.199311E+06	1.069831E+02	5.260250E+01	5.568179E+03
3.835	-1.199310E+06	1.131450E+02	5.260579E+01	5.568179E+03
3.84	-1.199310E+06	1.122693E+02	5.267976E+01	5.568179E+03
3.845	-1.199310E+06	1.056976E+02	5.257327E+01	5.568179E+03
3.85	-1.199310E+06	1.076441E+02	5.236011E+01	5.568179E+03
3.855	-1.199310E+06	1.094634E+02	5.222707E+01	5.568179E+03
3.86	-1.199310E+06	1.091031E+02	5.195851E+01	5.568179E+03
3.865	-1.199311E+06	1.136003E+02	5.176534E+01	5.568179E+03
3.87	-1.199310E+06	1.105412E+02	5.182902E+01	5.568179E+03
3.875	-1.199310E+06	1.131792E+02	5.185677E+01	5.568179E+03
3.88	-1.199310E+06	1.125878E+02	5.197363E+01	5.568179E+03
3.885	-1.199310E+06	1.149257E+02	5.195670E+01	5.568179E+03
3.89	-1.199310E+06	1.139742E+02	5.177586E+01	5.568179E+03
3.895	-1.199310E+06	1.121830E+02	5.196439E+01	5.568179E+03
3.9	-1.199310E+06	1.136064E+02	5.248545E+01	5.568179E+03
3.905	-1.199310E+06	1.100090E+02	5.279626E+01	5.568179E+03
3.91	-1.199310E+06	1.119838E+02	5.266119E+01	5.568179E+03
3.915	-1.199310E+06	1.115647E+02	5.226025E+01	5.568179E+03
3.92	-1.199310E+06	1.152663E+02	5.192606E+01	5.568179E+03
3.925	-1.199310E+06	1.172063E+02	5.202150E+01	5.568179E+03
3.93	-1.199310E+06	1.174172E+02	5.223228E+01	5.568179E+03
3.935	-1.199310E+06	1.131007E+02	5.216036E+01	5.568179E+03
3.94	-1.199310E+06	1.095525E+02	5.176127E+01	5.568179E+03
3.945	-1.199310E+06	1.159530E+02	5.121241E+01	5.568179E+03
3.95	-1.199310E+06	1.142181E+02	5.097513E+01	5.568179E+03
3.955	-1.199310E+06	1.130052E+02	5.106510E+01	5.568179E+03
3.96	-1.199310E+06	1.095885E+02	5.112626E+01	5.568179E+03
3.965	-1.199310E+06	1.127485E+02	5.091881E+01	5.568179E+03
3.97	-1.199310E+06	1.198496E+02	5.055517E+01	5.568179E+03
3.975	-1.199310E+06	1.145350E+02	5.031874E+01	5.568179E+03
3.98	-1.199310E+06	1.126742E+02	5.050330E+01	5.568179E+03
3.985	-1.199310E+06	1.205786E+02	5.106402E+01	5.568179E+03
3.99	-1.199310E+06	1.247756E+02	5.147490E+01	5.568179E+03
3.995	-1.199310E+06	1.133338E+02	5.157913E+01	5.568179E+03
4.0	-1.199310E+06	1.164903E+02	5.157460E+01	5.568179E+03
4.005	-1.199310E+06	1.205399E+02	5.163325E+01	5.568179E+03
4.01	-1.199310E+06	1.185371E+02	5.154199E+01	5.568179E+03
4.015	-1.199310E+06	1.154761E+02	5.143523E+01	5.568179E+03
4.02	-1.199310E+06	1.154830E+02	5.112659E+01	5.568179E+03
4.025	-1.199310E+06	1.183514E+02	5.044604E+01	5.568179E+03
4.03	-1.199310E+06	1.142768E+02	4.993185E+01	5.568179E+03
4.035	-1.199310E+06	1.227079E+02	4.970338E+01	5.568179E+03
4.04	-1.199310E+06	1.203295E+02	4.979677E+01	5.568179E+03
4.045	-1.199310E+06	1.175075E+02	4.993927E+01	5.568179E+03
4.05	-1.199310E+06	1.234695E+02	4.975568E+01	5.568179E+03
4.055	-1.199310E+06	1.205899E+02	4.917140E+01	5.568179E+03
4.06	-1.199310E+06	1.218108E+02	4.851824E+01	5.568179E+03
4.065	-1.199310E+06	1.207094E+02	4.834533E+01	5.568179E+03
4.07	-1.199310E+06	1.190080E+02	4.850818E+01	5.568179E+03
4.075	-1.199310E+06	1.183369E+02	4.863997E+01	5.568179E+03
4.08	-1.199310E+06	1.201495E+02	4.861804E+01	5.568179E+03
4.085	-1.199310E+06	1.230657E+02	4.880808E+01	5.568179E+03
4.09	-1.199310E+06	1.159869E+02	4.957170E+01	5.568179E+03
4.095	-1.199310E+06	1.211593E+02	5.025925E+01	5.568179E+03
4.1	-1.199310E+06	1.252751E+02	5.046878E+01	5.568179E+03
4.105	-1.199310E+06	1.207637E+02	5.003828E+01	5.568179E+03
4.11	-1.199310E+06	1.201040E+02	4.934004E+01	5.568179E+03
4.115	-1.199310E+06	1.206946E+02	4.920189E+01	5.568179E+03
4.12	-1.199310E+06	1.260808E+02	4.928895E+01	5.568179E+03
4.125	-1.199310E+06	1.290609E+02	4.917699E+01	5.568179E+03
4.13	-1.199310E+06	1.233978E+02	4.883729E+01	5.568179E+03
4.135	-1.199310E+06	1.277075E+02	4.813492E+01	5.568179E+03
4.14	-1.199310E+06	1.297207E+02	4.778918E+01	5.568179E+03
4.145	-1.199310E+06	1.266810E+02	4.810143E+01	5.568179E+03
4.15	-1.199310E+06	1.306526E+02	4.858476E+01	5.568179E+03
4.155	-1.199310E+06	1.290095E+02	4.912636E+01	5.568179E+03
4.16	-1.199310E+06	1.326170E+02	4.956322E+01	5.568179E+03
4.165	-1.199310E+06	1.258425E+02	5.007744E+01	5.568179E+03
4.17	-1.199310E+06	1.239385E+02	5.062501E+01	5.568179E+03
4.175	-1.199310E+06	1.307401E+02	5.117659E+01	5.568179E+03
4.18	-1.199310E+06	1.301987E+02	5.151181E+01	5.568179E+03
4.185	-1.199310E+06	1.353485E+02	5.121870E+01	5.568179E+03
4.19	-1.199310E+06	1.289439E+02	5.057196E+01	5.568179E+03
4.195	-1.199310E+06	1.297425E+02	4.972534E+01	5.568179E+03
4.2	-1.199310E+06	1.341922E+02	4.937846E+01	5.568179E+03
4.205	-1.199310E+06	1.273465E+02	4.972514E+01	5.568179E+03
4.21	-1.199310E+06	1.371469E+02	4.964266E+01	5.568179E+03
4.215	-1.199310E+06	1.315484E+02	4.914924E+01	5.568179E+03
4.22	-1.199310E+06	1.257587E+02	4.853901E+01	5.568179E+03
4.225	-1.199310E+06	1.314721E+02	4.837110E+01	5.568179E+03
4.23	-1.199310E+06	1.356501E+02	4.905215E+01	5.568179E+03
4.235	-1.199310E+06	1.373129E+02	4.983001E+01	5.568179E+03
4.24	-1.199310E+06	1.349846E+02	5.024594E+01	5.568179E+03
4.245	-1.199310E+06	1.348637E+02	5.046088E+01	5.568179E+03
4.25	-1.199310E+06	1.353733E+02	5.067203E+01	5.568179E+03
4.255	-1.199310E+06	1.360918E+02	5.110685E+01	5.568179E+03
4.26	-1.199310E+06	1.294987E+02	5.153620E+01	5.568179E+03
4.265	-1.199310E+06	1.221123E+02	5.157222E+01	5.568179E+03
4.27	-1.199310E+06	1.318824E+02	5.126063E+01	5.568179E+03
4.275	-1.199310E+06	1.412668E+02	5.096327E+01	5.568179E+03
4.28	-1.199310E+06	1.451777E+02	5.095161E+01	5.568179E+03
4.285	-1.199310E+06	1.426813E+02	5.125475E+01	5.568179E+03
4.29	-1.199310E+06	1.439841E+02	5.149250E+01	5.568179E+03
4.295	-1.199310E+06	1.394447E+02	5.153297E+01	5.568179E+03
4.3	-1.199310E+06	1.316132E+02	5.141161E+01	5.568179E+03
4.305	-1.199310E+06	1.327001E+02	5.138611E+01	5.568179E+03
4.31	-1.199310E+06	1.441187E+02	5.158742E+01	5.568179E+03
4.315	-1.199310E+06	1.439139E+02	5.199541E+01	5.568179E+03
4.32	-1.199309E+06	1.363490E+02	5.225582E+01	5.568179E+03
4.325	-1.199310E+06	1.528969E+02	5.212997E+01	5.568179E+03
4.33	-1.199310E+06	1.480946E+02	5.212500E+01	5.568179E+03
4.335	-1.199310E+06	1.423887E+02	5.209793E+01	5.568179E+03
4.34	-1.199310E+06	1.443657E+02	5.225070E+01	5.568179E+03
4.345	-1.199310E+06	1.432730E+02	5.232715E+01	5.568179E+03
4.35	-1.199310E+06	1.488625E+02	5.186989E+01	5.568179E+03
4.355	-1.199310E+06	1.443256E+02	5.139986E+01	5.568179E+03
4.36	-1.199310E+06	1.491130E+02	5.092204E+01	5.568179E+03
4.365	-1.199310E+06	1.448501E+02	5.074826E+01	5.568179E+03
4.37	-1.199309E+06	1.337096E+02	5.122542E+01	5.568179E+03
4.375	-1.199310E+06	1.464282E+02	5.197289E+01	5.568179E+03
4.38	-1.199310E+06	1.560380E+02	5.279614E+01	5.568179E+03
4.385	-1.199310E+06	1.507257E+02	5.348411E+01	5.568179E+03
4.39	-1.199310E+06	1.493296E+02	5.392949E+01	5.568179E+03
4.395	-1.199310E+06	1.499665E+02	5.442352E+01	5.568179E+03
4.4	-1.199309E+06	1.438349E+02	5.472407E+01	5.568179E+03
4.405	-1.199310E+06	1.483780E+02	5.439660E+01	5.568179E+03
4.41	-1.199310E+06	1.524077E+02	5.373211E+01	5.568179E+03
4.415	-1.199309E+06	1.412815E+02	5.324092E+01	5.568179E+03
4.42	-1.199310E+06	1.557212E+02	5.310883E+01	5.568179E+03
4.425	-1.199310E+06	1.609291E+02	5.341860E+01	5.568179E+03
4.43	-1.199309E+06	1.525249E+02	5.339430E+01	5.568179E+03
4.435	-1.199310E+06	1.550211E+02	5.274496E+01	5.568179E+03
4.44	-1.199309E+06	1.520229E+02	5.208054E+01	5.568179E+03
4.445	-1.199310E+06	1.555387E+02	5.172352E+01	5.568179E+03
4.45	-1.199310E+06	1.567845E+02	5.190499E+01	5.568179E+03
4.455	-1.199309E+06	1.438014E+02	5.245222E+01	5.568179E+03
4.46	-1.199309E+06	1.386064E+02	5.300105E+01	5.568179E+03
4.465	-1.199310E+06	1.563552E+02	5.360821E+01	5.568179E+03
4.47	-1.199309E+06	1.561837E+02	5.485551E+01	5.568179E+03
4.475	-1.199309E+06	1.620815E+02	5.619097E+01	5.568179E+03
4.48	-1.199310E+06	1.718047E+02	5.690844E+01	5.568179E+03
4.485	-1.199309E+06	1.618255E+02	5.686858E+01	5.568179E+03
4.49	-1.199310E+06	1.675617E+02	5.588027E+01	5.568179E+03
4.495	-1.199310E+06	1.659084E+02	5.490282E+01	5.568179E+03
4.5	-1.199309E+06	1.569363E+02	5.451991E+01	5.568179E+03
4.505	-1.199310E+06	1.702412E+02	5.404814E+01	5.568179E+03
4.51	-1.199309E+06	1.650371E+02	5.354450E+01	5.568179E+03
4.515	-1.199309E+06	1.554814E+02	5.303902E+01	5.568179E+03
4.52	-1.199309E+06	1.641501E+02	5.271647E+01	5.568179E+03
4.525	-1.199309E+06	1.702094E+02	5.322131E+01	5.568179E+03
4.53	-1.199309E+06	1.722554E+02	5.419041E+01	5.568179E+03
4.535	-1.199309E+06	1.766165E+02	5.490396E+01	5.568179E+03
4.54	-1.199309E+06	1.727177E+02	5.547727E+01	5.568179E+03
4.545	-1.199309E+06	1.623070E+02	5.576328E+01	5.568179E+03
4.55	-1.199309E+06	1.602263E+02	5.578844E+01	5.568179E+03
4.555	-1.199309E+06	1.643255E+02	5.611909E+01	5.568179E+03
4.56	-1.199309E+06	1.687373E+02	5.616370E+01	5.568179E+03
4.565	-1.199309E+06	1.619415E+02	5.562391E+01	5.568179E+03
4.57	-1.199309E+06	1.568533E+02	5.502142E+01	5.568179E+03
4.575	-1.199309E+06	1.736991E+02	5.409801E+01	5.568179E+03
4.58	-1.199310E+06	1.794599E+02	5.340027E+01	5.568179E+03
4.585	-1.199309E+06	1.687879E+02	5.330791E+01	5.568179E+03
4.59	-1.199309E+06	1.755724E+02	5.309685E+01	5.568179E+03
4.595	-1.199310E+06	1.743198E+02	5.297097E+01	5.568179E+03
4.6	-1.199309E+06	1.586032E+02	5.278697E+01	5.568179E+03
4.605	-1.199309E+06	1.707840E+02	5.266064E+01	5.568179E+03
4.61	-1.199309E+06	1.781655E+02	5.367457E+01	5.568179E+03
4.615	-1.199309E+06	1.746963E+02	5.476812E+01	5.568179E+03
4.62	-1.199309E+06	1.771560E+02	5.530123E+01	5.568179E+03
4.625	-1.199309E+06	1.800170E+02	5.560872E+01	5.568179E+03
4.63	-1.199309E+06	1.865674E+02	5.522219E+01	5.568179E+03
4.635	-1.199309E+06	1.879339E+02	5.493228E+01	5.568179E+03
4.64	-1.199309E+06	1.868999E+02	5.507634E+01	5.568179E+03
4.645	-1.199309E+06	1.778855E+02	5.501549E+01	5.568179E+03
4.65	-1.199309E+06	1.728645E+02	5.466075E+01	5.568179E+03
4.655	-1.199309E+06	1.762698E+02	5.405573E+01	5.568179E+03
4.66	-1.199309E+06	1.794170E+02	5.354510E+01	5.568179E+03
4.665	-1.199309E+06	1.812957E+02	5.365963E+01	5.568179E+03
4.67	-1.199309E+06	1.886177E+02	5.423079E+01	5.568179E+03
4.675	-1.199309E+06	1.882633E+02	5.494700E+01	5.568179E+03
4.68	-1.199309E+06	1.954407E+02	5.538391E+01	5.568179E+03
4.685	-1.199309E+06	2.006253E+02	5.572028E+01	5.568179E+03
4.69	-1.199309E+06	1.996039E+02	5.584657E+01	5.568179E+03
4.695	-1.199309E+06	1.911445E+02	5.577404E+01	5.568179E+03
4.7	-1.199309E+06	1.808482E+02	5.571122E+01	5.568179E+03
4.705	-1.199309E+06	1.839891E+02	5.514779E+01	5.568179E+03
4.71	-1.199309E+06	1.752386E+02	5.445274E+01	5.568179E+03
4.715	-1.199309E+06	1.757116E+02	5.398029E+01	5.568179E+03
4.72	-1.199309E+06	1.926340E+02	5.387873E+01	5.568179E+03
4.725	-1.199309E+06	1.874576E+02	5.461124E+01	5.568179E+03
4.73	-1.199309E+06	1.961708E+02	5.518799E+01	5.568179E+03
4.735	-1.199309E+06	1.965217E+02	5.546190E+01	5.568179E+03
4.74	-1.199309E+06	1.981412E+02	5.539359E+01	5.568179E+03
4.745	-1.199309E+06	2.025886E+02	5.494251E+01	5.568179E+03
4.75	-1.199309E+06	1.947097E+02	5.505141E+01	5.568179E+03
4.755	-1.199309E+06	1.962679E+02	5.549892E+01	5.568179E+03
4.76	-1.199309E+06	1.903273E+02	5.576005E+01	5.568179E+03
4.765	-1.199309E+06	2.027310E+02	5.594727E+01	5.568179E+03
4.77	-1.199309E+06	2.142000E+02	5.611276E+01	5.568179E+03
4.775	-1.199309E+06	1.953123E+02	5.650008E+01	5.568179E+03
4.78	-1.199309E+06	1.915635E+02	5.730607E+01	5.568179E+03
4.785	-1.199309E+06	1.997587E+02	5.796739E+01	5.568179E+03
4.79	-1.199309E+06	2.214048E+02	5.781115E+01	5.568179E+03
4.795	-1.199309E+06	2.179247E+02	5.733625E+01	5.568179E+03
4.8	-1.199309E+06	2.148129E+02	5.658602E+01	5.568179E+03
4.805	-1.199309E+06	2.135725E+02	5.607124E+01	5.568179E+03
4.81	-1.199308E+06	1.917627E+02	5.613162E+01	5.568179E+03
4.815	-1.199309E+06	2.074863E+02	5.575035E+01	5.568179E+03
4.82	-1.199309E+06	2.061898E+02	5.525794E+01	5.568179E+03
4.825	-1.199308E+06	1.961703E+02	5.505809E+01	5.568179E+03
4.83	-1.199309E+06	2.154119E+02	5.538483E+01	5.568179E+03
4.835	-1.199308E+06	2.044684E+02	5.674171E+01	5.568179E+03
4.84	-1.199309E+06	2.121990E+02	5.794931E+01	5.568179E+03
4.845	-1.199309E+06	2.293052E+02	5.849483E+01	5.568179E+03
4.85	-1.199309E+06	2.213179E+02	5.853724E+01	5.568179E+03
4.855	-1.199309E+06	2.145192E+02	5.823642E+01	5.568179E+03
4.86	-1.199309E+06	2.244441E+02	5.816676E+01	5.568179E+03
4.865	-1.199309E+06	2.310425E+02	5.813507E+01	5.568179E+03
4.87	-1.199308E+06	2.147643E+02	5.752615E+01	5.568179E+03
4.875	-1.199308E+06	2.096256E+02	5.644220E+01	5.568179E+03
4.88	-1.199309E+06	2.201181E+02	5.557285E+01	5.568179E+03
4.885	-1.199308E+06	2.188462E+02	5.522576E+01	5.568179E+03
4.89	-1.199308E+06	2.140747E+02	5.519238E+01	5.568179E+03
4.895	-1.199308E+06	2.208807E+02	5.531729E+01	5.568179E+03
4.9	-1.199308E+06	2.232364E+02	5.523348E+01	5.568179E+03
4.905	-1.199308E+06	2.125849E+02	5.490368E+01	5.568179E+03
4.91	-1.199308E+06	2.147089E+02	5.486166E+01	5.568179E+03
4.915	-1.199309E+06	2.335591E+02	5.520965E+01	5.568179E+03
4.92	-1.199309E+06	2.339474E+02	5.560571E+01	5.568179E+03
4.925	-1.199308E+06	2.170204E+02	5.568497E+01	5.568179E+03
4.93	-1.199308E+06	2.263399E+02	5.549092E+01	5.568179E+03
4.935	-1.199308E+06	2.270919E+02	5.569086E+01	5.568179E+03
4.94	-1.199308E+06	2.259311E+02	5.604732E+01	5.568179E+03
4.945	-1.199308E+06	2.251294E+02	5.653557E+01	5.568179E+03
4.95	-1.199308E+06	2.162731E+02	5.706876E+01	5.568179E+03
4.955	-1.199308E+06	2.211835E+02	5.740840E+01	5.568179E+03
4.96	-1.199308E+06	2.326518E+02	5.789461E+01	5.568179E+03
4.965	-1.199308E+06	2.524628E+02	5.813883E+01	5.568179E+03
4.97	-1.199308E+06	2.538085E+02	5.793336E+01	5.568179E+03
4.975	-1.199308E+06	2.399338E+02	5.732715E+01	5.568179E+03
4.98	-1.199308E+06	2.513130E+02	5.607270E+01	5.568179E+03
4.985	-1.199308E+06	2.417581E+02	5.485063E+01	5.568179E+03
4.99	-1.199308E+06	2.355598E+02	5.410624E+01	5.568179E+03
4.995	-1.199308E+06	2.472856E+02	5.415800E+01	5.568179E+03
5.0	-1.199308E+06	2.326530E+02	5.512067E+01	5.568179E+03
5.005	-1.199308E+06	2.422282E+02	5.588935E+01	5.568179E+03
5.01	-1.199308E+06	2.522604E+02	5.646568E+01	5.568179E+03
5.015	-1.199308E+06	2.504568E+02	5.708382E+01	5.568179E+03
5.02	-1.199308E+06	2.570102E+02	5.775165E+01	5.568179E+03
5.025	-1.199308E+06	2.699706E+02	5.853418E+01	5.568179E+03
5.03	-1.199308E+06	2.775950E+02	5.887716E+01	5.568179E+03
5.035	-1.199308E+06	2.696551E+02	5.827547E+01	5.568179E+03
5.04	-1.199308E+06	2.696651E+02	5.681355E+01	5.568179E+03
5.045	-1.199308E+06	2.597138E+02	5.524809E+01	5.568179E+03
5.05	-1.199308E+06	2.498902E+02	5.392011E+01	5.568179E+03
5.055	-1.199308E+06	2.419111E+02	5.299439E+01	5.568179E+03
5.06	-1.199307E+06	2.404705E+02	5.247396E+01	5.568179E+03
5.065	-1.199308E+06	2.716721E+02	5.195727E+01	5.568179E+03
5.07	-1.199308E+06	2.671710E+02	5.177637E+01	5.568179E+03
5.075	-1.199307E+06	2.463968E+02	5.213672E+01	5.568179E+03
5.08	-1.199308E+06	2.645660E+02	5.305703E+01	5.568179E+03
5.085	-1.199308E+06	2.609928E+02	5.435156E+01	5.568179E+03
5.09	-1.199307E+06	2.686365E+02	5.489361E+01	5.568179E+03
5.095	-1.199308E+06	3.008097E+02	5.444175E+01	5.568179E+03
5.1	-1.199308E+06	2.827982E+02	5.338874E+01	5.568179E+03
5.105	-1.199307E+06	2.549638E+02	5.246218E+01	5.568179E+03
5.11	-1.199308E+06	2.530840E+02	5.251649E+01	5.568179E+03
5.115	-1.199308E+06	2.692292E+02	5.245316E+01	5.568179E+03
5.12	-1.199308E+06	2.699284E+02	5.178955E+01	5.568179E+03
5.125	-1.199307E+06	2.629411E+02	5.117903E+01	5.568179E+03
5.13	-1.199308E+06	2.723523E+02	5.101925E+01	5.568179E+03
5.135	-1.199307E+06	2.629180E+02	5.190438E+01	5.568179E+03
5.14	-1.199308E+06	2.892782E+02	5.319517E+01	5.568179E+03
5.145	-1.199308E+06	3.080287E+02	5.404431E+01	5.568179E+03
5.15	-1.199307E+06	2.965979E+02	5.416815E+01	5.568179E+03
5.155	-1.199308E+06	2.937081E+02	5.428824E+01	5.568179E+03
5.16	-1.199307E+06	2.802080E+02	5.494378E+01	5.568179E+03
5.165	-1.199307E+06	2.808364E+02	5.553251E+01	5.568179E+03
5.17	-1.199307E+06	2.819891E+02	5.581111E+01	5.568179E+03
5.175	-1.199307E+06	2.874377E+02	5.558787E+01	5.568179E+03
5.18	-1.199308E+06	3.036346E+02	5.497816E+01	5.568179E+03
5.185	-1.199307E+06	2.961866E+02	5.448379E+01	5.568179E+03
5.19	-1.199307E+06	2.947206E+02	5.431211E+01	5.568179E+03
5.195	-1.199307E+06	2.943675E+02	5.448179E+01	5.568179E+03
5.2	-1.199307E+06	2.915347E+02	5.407380E+01	5.568179E+03
5.205	-1.199307E+06	2.884997E+02	5.317050E+01	5.568179E+03
5.21	-1.199307E+06	2.934617E+02	5.268981E+01	5.568179E+03
5.215	-1.199307E+06	3.018856E+02	5.272404E+01	5.568179E+03
5.22	-1.199307E+06	3.102442E+02	5.334631E+01	5.568179E+03
5.225	-1.199307E+06	3.276735E+02	5.415138E+01	5.568179E+03
5.23	-1.199307E+06	3.110936E+02	5.465307E+01	5.568179E+03
5.235	-1.199307E+06	3.025953E+02	5.523080E+01	5.568179E+03
5.24	-1.199307E+06	3.101411E+02	5.650426E+01	5.568179E+03
5.245	-1.199307E+06	3.125761E+02	5.785647E+01	5.568179E+03
5.25	-1.199307E+06	3.110394E+02	5.878979E+01	5.568179E+03
5.255	-1.199307E+06	3.138386E+02	5.907358E+01	5.568179E+03
5.26	-1.199307E+06	3.301998E+02	5.820611E+01	5.568179E+03
5.265	-1.199306E+06	3.077040E+02	5.673205E+01	5.568179E+03
5.27	-1.199307E+06	3.013421E+02	5.511166E+01	5.568179E+03
5.275	-1.199307E+06	3.059658E+02	5.398789E+01	5.568179E+03
5.28	-1.199306E+06	3.057805E+02	5.354279E+01	5.568179E+03
5.285	-1.199307E+06	3.360868E+02	5.298138E+01	5.568179E+03
5.29	-1.199306E+06	3.293936E+02	5.263265E+01	5.568179E+03
5.295	-1.199307E+06	3.304834E+02	5.285116E+01	5.568179E+03
5.3	-1.199306E+06	3.191069E+02	5.373933E+01	5.568179E+03
5.305	-1.199307E+06	3.344029E+02	5.432279E+01	5.568179E+03
5.31	-1.199307E+06	3.453281E+02	5.429380E+01	5.568179E+03
5.315	-1.199306E+06	3.126027E+02	5.375240E+01	5.568179E+03
5.32	-1.199306E+06	3.169962E+02	5.362096E+01	5.568179E+03
5.325	-1.199306E+06	3.208185E+02	5.498458E+01	5.568179E+03
5.33	-1.199306E+06	3.232266E+02	5.627887E+01	5.568179E+03
5.335	-1.199307E+06	3.461620E+02	5.667290E+01	5.568179E+03
5.34	-1.199307E+06	3.620722E+02	5.653082E+01	5.568179E+03
5.345	-1.199307E+06	3.626708E+02	5.569289E+01	5.568179E+03
5.35	-1.199306E+06	3.548560E+02	5.511543E+01	5.568179E+03
5.355	-1.199306E+06	3.443549E+02	5.490538E+01	5.568179E+03
5.36	-1.199306E+06	3.345377E+02	5.405040E+01	5.568179E+03
5.365	-1.199306E+06	3.436645E+02	5.276614E+01	5.568179E+03
5.37	-1.199306E+06	3.355761E+02	5.191351E+01	5.568179E+03
5.375	-1.199306E+06	3.354652E+02	5.208214E+01	5.568179E+03
5.38	-1.199307E+06	3.605099E+02	5.348252E+01	5.568179E+03
5.385	-1.199306E+06	3.634688E+02	5.518688E+01	5.568179E+03
5.39	-1.199306E+06	3.783535E+02	5.590803E+01	5.568179E+03
5.395	-1.199306E+06	3.842416E+02	5.556054E+01	5.568179E+03
5.4	-1.199306E+06	3.615838E+02	5.479934E+01	5.568179E+03
5.405	-1.199306E+06	3.492358E+02	5.425908E+01	5.568179E+03
5.41	-1.199306E+06	3.523566E+02	5.402270E+01	5.568179E+03
5.415	-1.199305E+06	3.471687E+02	5.378552E+01	5.568179E+03
5.42	-1.199306E+06	3.701163E+02	5.306179E+01	5.568179E+03
5.425	-1.199306E+06	3.789856E+02	5.198016E+01	5.568179E+03
5.43	-1.199306E+06	3.692219E+02	5.075080E+01	5.568179E+03
5.435	-1.199306E+06	3.755191E+02	5.055545E+01	5.568179E+03
5.44	-1.199306E+06	3.796870E+02	5.159505E+01	5.568179E+03
5.445	-1.199306E+06	3.799834E+02	5.222727E+01	5.568179E+03
5.45	-1.199306E+06	3.845479E+02	5.174731E+01	5.568179E+03
5.455	-1.199306E+06	3.635218E+02	5.073680E+01	5.568179E+03
5.46	-1.199305E+06	3.563005E+02	5.007824E+01	5.568179E+03
5.465	-1.199306E+06	3.781921E+02	5.003653E+01	5.568179E+03
5.47	-1.199306E+06	3.745956E+02	4.977965E+01	5.568179E+03
5.475	-1.199305E+06	3.727214E+02	4.939211E+01	5.568179E+03
5.48	-1.199306E+06	3.915437E+02	4.962914E+01	5.568179E+03
5.485	-1.199305E+06	3.839882E+02	5.051236E+01	5.568179E+03
5.49	-1.199305E+06	3.948443E+02	5.113234E+01	5.568179E+03
5.495	-1.199305E+06	4.003298E+02	5.129443E+01	5.568179E+03
5.5	-1.199305E+06	3.877652E+02	5.092786E+01	5.568179E+03
5.505	-1.199305E+06	4.029265E+02	4.984737E+01	5.568179E+03
5.51	-1.199305E+06	4.097564E+02	4.896000E+01	5.568179E+03
5.515	-1.199305E+06	3.999807E+02	4.851249E+01	5.568179E+03
5.52	-1.199305E+06	4.165533E+02	4.803538E+01	5.568179E+03
5.525	-1.199305E+06	4.307897E+02	4.779843E+01	5.568179E+03
5.53	-1.199305E+06	4.201870E+02	4.718474E+01	5.568179E+03
5.535	-1.199305E+06	4.096309E+02	4.630928E+01	5.568179E+03
5.54	-1.199305E+06	3.949463E+02	4.659233E+01	5.568179E+03
5.545	-1.199305E+06	3.961537E+02	4.753213E+01	5.568179E+03
5.55	-1.199305E+06	4.028502E+02	4.861946E+01	5.568179E+03
5.555	-1.199305E+06	4.088305E+02	4.911900E+01	5.568179E+03
5.56	-1.199305E+06	4.122355E+02	4.843291E+01	5.568179E+03
5.565	-1.199304E+06	4.020430E+02	4.785587E+01	5.568179E+03
5.57	-1.199305E+06	4.035216E+02	4.761482E+01	5.568179E+03
5.575	-1.199305E+06	4.049293E+02	4.729131E+01	5.568179E+03
5.58	-1.199304E+06	4.118081E+02	4.692777E+01	5.568179E+03
5.585	-1.199305E+06	4.319904E+02	4.660279E+01	5.568179E+03
5.59	-1.199305E+06	4.440289E+02	4.612213E+01	5.568179E+03
5.595	-1.199305E+06	4.417469E+02	4.551361E+01	5.568179E+03
5.6	-1.199304E+06	4.283166E+02	4.569354E+01	5.568179E+03
5.605	-1.199304E+06	4.377580E+02	4.637120E+01	5.568179E+03
5.61	-1.199305E+06	4.616072E+02	4.660543E+01	5.568179E+03
5.615	-1.199304E+06	4.462554E+02	4.676328E+01	5.568179E+03
5.62	-1.199304E+06	4.422342E+02	4.620147E+01	5.568179E+03
5.625	-1.199305E+06	4.426426E+02	4.563438E+01	5.568179E+03
5.63	-1.199303E+06	4.066075E+02	4.645625E+01	5.568179E+03
5.635	-1.199304E+06	4.386943E+02	4.707296E+01	5.568179E+03
5.64	-1.199305E+06	4.743955E+02	4.730293E+01	5.568179E+03
5.645	-1.199304E+06	4.485372E+02	4.684577E+01	5.568179E+03
5.65	-1.199304E+06	4.496597E+02	4.556253E+01	5.568179E+03
5.655	-1.199304E+06	4.459979E+02	4.551257E+01	5.568179E+03
5.66	-1.199304E+06	4.560504E+02	4.555725E+01	5.568179E+03
5.665	-1.199304E+06	4.793617E+02	4.478028E+01	5.568179E+03
5.67	-1.199304E+06	4.731298E+02	4.447704E+01	5.568179E+03
5.675	-1.199304E+06	4.705916E+02	4.447468E+01	5.568179E+03
5.68	-1.199304E+06	4.594351E+02	4.484580E+01	5.568179E+03
5.685	-1.199304E+06	4.596738E+02	4.538152E+01	5.568179E+03
5.69	-1.199304E+06	4.726997E+02	4.556687E+01	5.568179E+03
5.695	-1.199303E+06	4.617410E+02	4.530211E+01	5.568179E+03
5.7	-1.199304E+06	4.619189E+02	4.462540E+01	5.568179E+03
5.705	-1.199303E+06	4.620883E+02	4.437578E+01	5.568179E+03
5.71	-1.199304E+06	4.701672E+02	4.450874E+01	5.568179E+03
5.715	-1.199303E+06	4.620958E+02	4.503254E+01	5.568179E+03
5.72	-1.199303E+06	4.625823E+02	4.543005E+01	5.568179E+03
5.725	-1.199304E+06	4.890176E+02	4.516056E+01	5.568179E+03
5.73	-1.199303E+06	4.801635E+02	4.506340E+01	5.568179E+03
5.735	-1.199303E+06	4.973176E+02	4.454137E+01	5.568179E+03
5.74	-1.199304E+06	5.120331E+02	4.403260E+01	5.568179E+03
5.745	-1.199303E+06	4.841146E+02	4.357338E+01	5.568179E+03
5.75	-1.199303E+06	4.911675E+02	4.215078E+01	5.568179E+03
5.755	-1.199304E+06	4.878442E+02	4.133795E+01	5.568179E+03
5.76	-1.199303E+06	4.589632E+02	4.189136E+01	5.568179E+03
5.765	-1.199304E+06	4.940296E+02	4.228982E+01	5.568179E+03
5.77	-1.199303E+06	4.921882E+02	4.279552E+01	5.568179E+03
5.775	-1.199303E+06	4.851769E+02	4.318959E+01	5.568179E+03
5.78	-1.199304E+06	4.845893E+02	4.372044E+01	5.568179E+03
5.785	-1.199302E+06	4.566059E+02	4.549252E+01	5.568179E+03
5.79	-1.199304E+06	5.124187E+02	4.756277E+01	5.568179E+03
5.795	-1.199303E+06	5.267593E+02	4.940178E+01	5.568179E+03
5.8	-1.199303E+06	5.105347E+02	5.031354E+01	5.568179E+03
5.805	-1.199303E+06	5.114216E+02	4.983353E+01	5.568179E+03
5.81	-1.199303E+06	5.025144E+02	4.761213E+01	5.568179E+03
5.815	-1.199303E+06	4.928049E+02	4.499900E+01	5.568179E+03
5.82	-1.199302E+06	4.754901E+02	4.364943E+01	5.568179E+03
5.825	-1.199304E+06	5.182402E+02	4.234382E+01	5.568179E+03
5.83	-1.199302E+06	4.991636E+02	4.152840E+01	5.568179E+03
5.835	-1.199302E+06	4.914999E+02	4.093942E+01	5.568179E+03
5.84	-1.199303E+06	5.536538E+02	4.095886E+01	5.568179E+03
5.845	-1.199303E+06	5.483668E+02	4.205220E+01	5.568179E+03
5.85	-1.199303E+06	5.179351E+02	4.265909E+01	5.568179E+03
5.855	-1.199302E+06	4.791832E+02	4.379469E+01	5.568179E+03
5.86	-1.199302E+06	4.972471E+02	4.527759E+01	5.568179E+03
5.865	-1.199304E+06	5.602062E+02	4.620021E+01	5.568179E+03
5.87	-1.199302E+06	5.443795E+02	4.796767E+01	5.568179E+03
5.875	-1.199303E+06	5.713857E+02	4.928073E+01	5.568179E+03
5.88	-1.199303E+06	5.621608E+02	4.978680E+01	5.568179E+03
5.885	-1.199302E+06	5.252598E+02	4.907328E+01	5.568179E+03
5.89	-1.199303E+06	5.429842E+02	4.669072E+01	5.568179E+03
5.895	-1.199302E+06	5.296234E+02	4.456988E+01	5.568179E+03
5.9	-1.199302E+06	5.372218E+02	4.323305E+01	5.568179E+03
5.905	-1.199303E+06	5.673275E+02	4.298630E+01	5.568179E+03
5.91	-1.199302E+06	5.664340E+02	4.347599E+01	5.568179E+03
5.915	-1.199302E+06	5.663108E+02	4.353155E+01	5.568179E+03
5.92	-1.199302E+06	5.573565E+02	4.371031E+01	5.568179E+03
5.925	-1.199302E+06	5.639024E+02	4.359349E+01	5.568179E+03
5.93	-1.199302E+06	5.455826E+02	4.399785E+01	5.568179E+03
5.935	-1.199302E+06	5.560819E+02	4.506542E+01	5.568179E+03
5.94	-1.199302E+06	5.630793E+02	4.635758E+01	5.568179E+03
5.945	-1.199301E+06	5.412157E+02	4.736807E+01	5.568179E+03
5.95	-1.199302E+06	5.552612E+02	4.742860E+01	5.568179E+03
5.955	-1.199302E+06	5.721095E+02	4.758187E+01	5.568179E+03
5.96	-1.199301E+06	5.632332E+02	4.797831E+01	5.568179E+03
5.965	-1.199302E+06	5.798697E+02	4.703469E+01	5.568179E+03
5.97	-1.199302E+06	5.917135E+02	4.525759E+01	5.568179E+03
5.975	-1.199301E+06	5.636742E+02	4.334838E+01	5.568179E+03
5.98	-1.199302E+06	5.657391E+02	4.129652E+01	5.568179E+03
5.985	-1.199301E+06	5.688654E+02	4.083006E+01	5.568179E+03
5.99	-1.199302E+06	5.900634E+02	4.055006E+01	5.568179E+03
5.995	-1.199301E+06	5.565273E+02	4.024550E+01	5.568179E+03
6.0	-1.199301E+06	5.460717E+02	4.041624E+01	5.568179E+03
6.005	-1.199302E+06	5.946483E+02	4.119098E+01	5.568179E+03
6.01	-1.199302E+06	6.095986E+02	4.287451E+01	5.568179E+03
6.015	-1.199301E+06	5.800431E+02	4.436842E+01	5.568179E+03
6.02	-1.199301E+06	5.700895E+02	4.519434E+01	5.568179E+03
6.025	-1.199302E+06	5.987243E+02	4.584143E+01	5.568179E+03
6.03	-1.199301E+06	5.857772E+02	4.641985E+01	5.568179E+03
6.035	-1.199300E+06	5.738588E+02	4.723235E+01	5.568179E+03
6.04	-1.199301E+06	6.029120E+02	4.796702E+01	5.568179E+03
6.045	-1.199301E+06	6.227893E+02	4.730157E+01	5.568179E+03
6.05	-1.199301E+06	6.151464E+02	4.578430E+01	5.568179E+03
6.055	-1.199301E+06	5.919038E+02	4.450039E+01	5.568179E+03
6.06	-1.199301E+06	5.874905E+02	4.324072E+01	5.568179E+03
6.065	-1.199300E+06	5.728767E+02	4.373303E+01	5.568179E+03
6.07	-1.199301E+06	6.222113E+02	4.512261E+01	5.568179E+03
6.075	-1.199302E+06	6.543923E+02	4.620078E+01	5.568179E+03
6.08	-1.199300E+06	6.138894E+02	4.700535E+01	5.568179E+03
6.085	-1.199300E+06	5.954947E+02	4.753128E+01	5.568179E+03
6.09	-1.199300E+06	6.201670E+02	4.899385E+01	5.568179E+03
6.095	-1.199302E+06	6.719944E+02	5.105804E+01	5.568179E+03
6.1	-1.199300E+06	6.350967E+02	5.288588E+01	5.568179E+03
6.105	-1.199300E+06	6.210911E+02	5.376303E+01	5.568179E+03
6.11	-1.199301E+06	6.245279E+02	5.447736E+01	5.568179E+03
6.115	-1.199300E+06	6.052616E+02	5.499257E+01	5.568179E+03
6.12	-1.199300E+06	6.205088E+02	5.460081E+01	5.568179E+03
6.125	-1.199301E+06	6.453794E+02	5.416729E+01	5.568179E+03
6.13	-1.199301E+06	6.526734E+02	5.406034E+01	5.568179E+03
6.135	-1.199300E+06	6.445190E+02	5.279522E+01	5.568179E+03
6.14	-1.199301E+06	6.440963E+02	5.104083E+01	5.568179E+03
6.145	-1.199300E+06	6.068046E+02	5.008619E+01	5.568179E+03
6.15	-1.199301E+06	6.202962E+02	4.872307E+01	5.568179E+03
6.155	-1.199301E+06	6.114349E+02	4.946313E+01	5.568179E+03
6.16	-1.199299E+06	5.968676E+02	5.128891E+01	5.568179E+03
6.165	-1.199302E+06	6.649223E+02	5.131881E+01	5.568179E+03
6.17	-1.199299E+06	6.295556E+02	5.218786E+01	5.568179E+03
6.175	-1.199300E+06	6.401102E+02	5.291474E+01	5.568179E+03
6.18	-1.199300E+06	6.392641E+02	5.331997E+01	5.568179E+03
6.185	-1.199300E+06	6.114109E+02	5.322400E+01	5.568179E+03
6.19	-1.199300E+06	6.235366E+02	5.265554E+01	5.568179E+03
6.195	-1.199300E+06	6.245815E+02	5.237223E+01	5.568179E+03
6.2	-1.199300E+06	6.459640E+02	5.222098E+01	5.568179E+03
6.205	-1.199300E+06	6.565216E+02	5.200719E+01	5.568179E+03
6.21	-1.199300E+06	6.472837E+02	5.124855E+01	5.568179E+03
6.215	-1.199300E+06	6.175924E+02	5.174208E+01	5.568179E+03
6.22	-1.199299E+06	6.162348E+02	5.373603E+01	5.568179E+03
6.225	-1.199301E+06	6.889909E+02	5.537402E+01	5.568179E+03
6.23	-1.199300E+06	6.699586E+02	5.806136E+01	5.568179E+03
6.235	-1.199299E+06	6.292407E+02	5.941627E+01	5.568179E+03
6.24	-1.199301E+06	6.607198E+02	5.895800E+01	5.568179E+03
6.245	-1.199299E+06	6.401937E+02	6.040834E+01	5.568179E+03
6.25	-1.199300E+06	6.601466E+02	6.064950E+01	5.568179E+03
6.255	-1.199300E+06	6.613102E+02	6.023988E+01	5.568179E+03
6.26	-1.199298E+06	6.314465E+02	6.078714E+01	5.568179E+03
6.265	-1.199301E+06	6.834574E+02	5.905628E+01	5.568179E+03
6.27	-1.199299E+06	6.431690E+02	5.804320E+01	5.568179E+03
6.275	-1.199299E+06	6.576073E+02	5.719328E+01	5.568179E+03
6.28	-1.199300E+06	6.895652E+02	5.517190E+01	5.568179E+03
6.285	-1.199299E+06	6.593613E+02	5.292206E+01	5.568179E+03
6.29	-1.199300E+06	6.577076E+02	5.020332E+01	5.568179E+03
6.295	-1.199299E+06	6.422247E+02	4.880717E+01	5.568179E+03
6.3	-1.199300E+06	6.510413E+02	4.898645E+01	5.568179E+03
6.305	-1.199299E+06	6.501120E+02	4.973097E+01	5.568179E+03
6.31	-1.199299E+06	6.752724E+02	5.038350E+01	5.568179E+03
6.315	-1.199300E+06	6.859626E+02	5.203226E+01	5.568179E+03
6.32	-1.199298E+06	6.356119E+02	5.452840E+01	5.568179E+03
6.325	-1.199300E+06	6.721322E+02	5.536605E+01	5.568179E+03
6.33	-1.199299E+06	6.456622E+02	5.568341E+01	5.568179E+03
6.335	-1.199298E+06	6.169591E+02	5.529116E+01	5.568179E+03
6.34	-1.199300E+06	6.764063E+02	5.411477E+01	5.568179E+03
6.345	-1.199299E+06	6.833230E+02	5.382761E+01	5.568179E+03
6.35	-1.199300E+06	6.917332E+02	5.298081E+01	5.568179E+03
6.355	-1.199299E+06	6.659931E+02	5.080258E+01	5.568179E+03
6.36	-1.199299E+06	6.375010E+02	4.802997E+01	5.568179E+03
6.365	-1.199299E+06	6.271565E+02	4.649367E+01	5.568179E+03
6.37	-1.199300E+06	6.571202E+02	4.595096E+01	5.568179E+03
6.375	-1.199299E+06	6.733677E+02	4.696052E+01	5.568179E+03
6.38	-1.199299E+06	6.791062E+02	4.894254E+01	5.568179E+03
6.385	-1.199299E+06	7.127304E+02	4.960761E+01	5.568179E+03
6.39	-1.199300E+06	7.010723E+02	5.027155E+01	5.568179E+03
6.395	-1.199298E+06	6.504088E+02	5.227077E+01	5.568179E+03
6.4	-1.199299E+06	6.615881E+02	5.290420E+01	5.568179E+03
6.405	-1.199299E+06	6.610451E+02	5.249635E+01	5.568179E+03
6.41	-1.199299E+06	6.756611E+02	5.191457E+01	5.568179E+03
6.415	-1.199300E+06	7.144731E+02	5.072802E+01	5.568179E+03
6.42	-1.199299E+06	6.952251E+02	5.004199E+01	5.568179E+03
6.425	-1.199298E+06	6.574853E+02	4.934395E+01	5.568179E+03
6.43	-1.199301E+06	7.068559E+02	4.702695E+01	5.568179E+03
6.435	-1.199298E+06	6.485738E+02	4.580741E+01	5.568179E+03
6.44	-1.199298E+06	6.537940E+02	4.478192E+01	5.568179E+03
6.445	-1.199300E+06	7.282912E+02	4.332569E+01	5.568179E+03
6.45	-1.199299E+06	6.782480E+02	4.249522E+01	5.568179E+03
6.455	-1.199297E+06	6.142177E+02	4.225185E+01	5.568179E+03
6.46	-1.199300E+06	6.790318E+02	4.231484E+01	5.568179E+03
6.465	-1.199300E+06	6.970693E+02	4.386532E+01	5.568179E+03
6.47	-1.199298E+06	6.534042E+02	4.543275E+01	5.568179E+03
6.475	-1.199299E+06	6.560683E+02	4.578464E+01	5.568179E+03
6.48	-1.199299E+06	6.601303E+02	4.634249E+01	5.568179E+03
6.485	-1.199299E+06	6.564445E+02	4.630501E+01	5.568179E+03
6.49	-1.199299E+06	6.859516E+02	4.557674E+01	5.568179E+03
6.495	-1.199299E+06	6.905604E+02	4.581846E+01	5.568179E+03
6.5	-1.199299E+06	6.966089E+02	4.558089E+01	5.568179E+03
6.505	-1.199300E+06	7.312964E+02	4.499507E+01	5.568179E+03
6.51	-1.199299E+06	7.034954E+02	4.596586E+01	5.568179E+03
6.515	-1.199299E+06	6.852116E+02	4.556402E+01	5.568179E+03
6.52	-1.199299E+06	6.613409E+02	4.484625E+01	5.568179E+03
6.525	-1.199298E+06	6.345128E+02	4.581917E+01	5.568179E+03
6.53	-1.199300E+06	6.693759E+02	4.611119E+01	5.568179E+03
6.535	-1.199299E+06	6.746853E+02	4.720645E+01	5.568179E+03
6.54	-1.199299E+06	6.754112E+02	5.003051E+01	5.568179E+03
6.545	-1.199299E+06	6.877929E+02	5.177515E+01	5.568179E+03
6.55	-1.199300E+06	6.896023E+02	5.234455E+01	5.568179E+03
6.555	-1.199298E+06	6.648378E+02	5.335085E+01	5.568179E+03
6.56	-1.199299E+06	6.932937E+02	5.318157E+01	5.568179E+03
6.565	-1.199300E+06	6.986069E+02	5.260469E+01	5.568179E+03
6.57	-1.199298E+06	6.517316E+02	5.206755E+01	5.568179E+03
6.575	-1.199300E+06	6.973079E+02	4.973129E+01	5.568179E+03
6.58	-1.199300E+06	7.000545E+02	4.753259E+01	5.568179E+03
6.585	-1.199298E+06	6.512957E+02	4.665561E+01	5.568179E+03
6.59	-1.199300E+06	6.982365E+02	4.604106E+01	5.568179E+03
6.595	-1.199300E+06	6.958570E+02	4.599964E+01	5.568179E+03
6.6	-1.199298E+06	6.399099E+02	4.627941E+01	5.568179E+03
6.605	-1.199300E+06	6.769860E+02	4.639006E+01	5.568179E+03
6.61	-1.199300E+06	6.994323E+02	4.664382E+01	5.568179E+03
6.615	-1.199299E+06	6.711594E+02	4.721371E+01	5.568179E+03
6.62	-1.199299E+06	6.518989E+02	4.881452E+01	5.568179E+03
6.625	-1.199300E+06	6.786558E+02	5.059334E+01	5.568179E+03
6.63	-1.199298E+06	6.314723E+02	5.265818E+01	5.568179E+03
6.635	-1.199299E+06	6.489189E+02	5.395833E+01	5.568179E+03
6.64	-1.199300E+06	6.930412E+02	5.533912E+01	5.568179E+03
6.645	-1.199299E+06	6.898091E+02	5.678810E+01	5.568179E+03
6.65	-1.199300E+06	7.179422E+02	5.547097E+01	5.568179E+03
6.655	-1.199300E+06	6.808021E+02	5.300571E+01	5.568179E+03
6.66	-1.199299E+06	6.261844E+02	5.116535E+01	5.568179E+03
6.665	-1.199299E+06	6.353792E+02	4.853752E+01	5.568179E+03
6.67	-1.199300E+06	6.604094E+02	4.666252E+01	5.568179E+03
6.675	-1.199300E+06	6.724746E+02	4.660551E+01	5.568179E+03
6.68	-1.199299E+06	6.650612E+02	4.616077E+01	5.568179E+03
6.685	-1.199300E+06	6.756667E+02	4.533550E+01	5.568179E+03
6.69	-1.199299E+06	6.480962E+02	4.489087E+01	5.568179E+03
6.695	-1.199299E+06	6.205998E+02	4.416621E+01	5.568179E+03
6.7	-1.199299E+06	6.075497E+02	4.569969E+01	5.568179E+03
6.705	-1.199299E+06	6.402617E+02	4.836496E+01	5.568179E+03
6.71	-1.199301E+06	6.896684E+02	4.944921E+01	5.568179E+03
6.715	-1.199298E+06	6.235405E+02	5.094906E+01	5.568179E+03
6.72	-1.199300E+06	6.449062E+02	5.071909E+01	5.568179E+03
6.725	-1.199300E+06	6.690242E+02	4.924085E+01	5.568179E+03
6.73	-1.199299E+06	6.353198E+02	4.855612E+01	5.568179E+03
6.735	-1.199300E+06	6.802306E+02	4.751669E+01	5.568179E+03
6.74	-1.199300E+06	6.816191E+02	4.657174E+01	5.568179E+03
6.745	-1.199300E+06	6.370641E+02	4.573181E+01	5.568179E+03
6.75	-1.199299E+06	5.944043E+02	4.547977E+01	5.568179E+03
6.755	-1.199300E+06	6.440867E+02	4.675928E+01	5.568179E+03
6.76	-1.199301E+06	6.752827E+02	4.983901E+01	5.568179E+03
6.765	-1.199299E+06	6.461288E+02	5.292348E+01	5.568179E+03
6.77	-1.199301E+06	6.988067E+02	5.453500E+01	5.568179E+03
6.775	-1.199300E+06	7.009707E+02	5.526381E+01	5.568179E+03
6.78	-1.199300E+06	6.792786E+02	5.485271E+01	5.568179E+03
6.785	-1.199300E+06	6.648986E+02	5.438299E+01	5.568179E+03
6.79	-1.199300E+06	6.467113E+02	5.392451E+01	5.568179E+03
6.795	-1.199301E+06	6.603991E+02	5.261710E+01	5.568179E+03
6.8	-1.199300E+06	6.277928E+02	5.123842E+01	5.568179E+03
6.805	-1.199300E+06	6.392226E+02	4.994094E+01	5.568179E+03
6.81	-1.199301E+06	6.794987E+02	4.890957E+01	5.568179E+03
6.815	-1.199300E+06	6.516775E+02	4.817463E+01	5.568179E+03
6.82	-1.199301E+06	6.600768E+02	4.777199E+01	5.568179E+03
6.825	-1.199301E+06	6.509499E+02	4.829052E+01	5.568179E+03
6.83	-1.199300E+06	6.219199E+02	4.844488E+01	5.568179E+03
6.835	-1.199301E+06	6.195607E+02	4.891742E+01	5.568179E+03
6.84	-1.199300E+06	6.313253E+02	5.030831E+01	5.568179E+03
6.845	-1.199302E+06	6.681330E+02	5.098716E+01	5.568179E+03
6.85	-1.199300E+06	6.361337E+02	5.233662E+01	5.568179E+03
6.855	-1.199300E+06	6.343432E+02	5.331821E+01	5.568179E+03
6.86	-1.199302E+06	6.702264E+02	5.222711E+01	5.568179E+03
6.865	-1.199300E+06	5.958081E+02	5.199648E+01	5.568179E+03
6.87	-1.199300E+06	5.615157E+02	5.255416E+01	5.568179E+03
6.875	-1.199302E+06	6.257997E+02	5.270010E+01	5.568179E+03
6.88	-1.199301E+06	6.393824E+02	5.276696E+01	5.568179E+03
6.885	-1.199301E+06	6.314384E+02	5.087903E+01	5.568179E+03
6.89	-1.199301E+06	6.388653E+02	4.778225E+01	5.568179E+03
6.895	-1.199301E+06	6.213671E+02	4.605261E+01	5.568179E+03
6.9	-1.199301E+06	6.165289E+02	4.560283E+01	5.568179E+03
6.905	-1.199302E+06	6.216299E+02	4.605474E+01	5.568179E+03
6.91	-1.199301E+06	5.885934E+02	4.733853E+01	5.568179E+03
6.915	-1.199301E+06	5.673247E+02	4.821548E+01	5.568179E+03
6.92	-1.199302E+06	5.929671E+02	4.869697E+01	5.568179E+03
6.925	-1.199301E+06	5.900628E+02	4.983218E+01	5.568179E+03
6.93	-1.199301E+06	6.063821E+02	4.967687E+01	5.568179E+03
6.935	-1.199302E+06	6.223286E+02	4.881599E+01	5.568179E+03
6.94	-1.199301E+06	5.738762E+02	4.972179E+01	5.568179E+03
6.945	-1.199301E+06	5.921147E+02	5.005455E+01	5.568179E+03
6.95	-1.199303E+06	6.340135E+02	4.979407E+01	5.568179E+03
6.955	-1.199301E+06	5.767369E+02	5.086798E+01	5.568179E+03
6.96	-1.199301E+06	5.916656E+02	5.103651E+01	5.568179E+03
6.965	-1.199303E+06	6.277651E+02	5.136055E+01	5.568179E+03
6.97	-1.199300E+06	5.612603E+02	5.248701E+01	5.568179E+03
6.975	-1.199302E+06	6.031703E+02	5.194709E+01	5.568179E+03
6.98	-1.199302E+06	6.028236E+02	5.251902E+01	5.568179E+03
6.985	-1.199302E+06	5.890849E+02	5.248296E+01	5.568179E+03
6.99	-1.199302E+06	5.858098E+02	5.142392E+01	5.568179E+03
6.995	-1.199301E+06	5.795360E+02	5.222786E+01	5.568179E+03
7.0	-1.199303E+06	6.302071E+02	5.279304E+01	5.568179E+03
7.005	-1.199301E+06	6.032730E+02	5.270805E+01	5.568179E+03
7.01	-1.199301E+06	5.819960E+02	5.300104E+01	5.568179E+03
7.015	-1.199302E+06	5.979642E+02	5.310292E+01	5.568179E+03
7.02	-1.199302E+06	5.897505E+02	5.334105E+01	5.568179E+03
7.025	-1.199302E+06	5.817525E+02	5.382447E+01	5.568179E+03
7.03	-1.199302E+06	5.942759E+02	5.318059E+01	5.568179E+03
7.035	-1.199303E+06	5.903425E+02	5.213873E+01	5.568179E+03
7.04	-1.199301E+06	5.442186E+02	5.139654E+01	5.568179E+03
7.045	-1.199302E+06	5.637447E+02	4.986320E+01	5.568179E+03
7.05	-1.199303E+06	5.789426E+02	4.975467E+01	5.568179E+03
7.055	-1.199301E+06	5.491459E+02	5.059210E+01	5.568179E+03
7.06	-1.199302E+06	5.788075E+02	5.114512E+01	5.568179E+03
7.065	-1.199303E+06	6.028875E+02	5.301793E+01	5.568179E+03
7.07	-1.199301E+06	5.494079E+02	5.450156E+01	5.568179E+03
7.075	-1.199302E+06	5.604702E+02	5.487950E+01	5.568179E+03
7.08	-1.199302E+06	5.757164E+02	5.540747E+01	5.568179E+03
7.085	-1.199303E+06	5.813764E+02	5.393803E+01	5.568179E+03
7.09	-1.199302E+06	5.541258E+02	5.283388E+01	5.568179E+03
7.095	-1.199302E+06	5.563093E+02	5.278281E+01	5.568179E+03
7.1	-1.199304E+06	5.962574E+02	5.134026E+01	5.568179E+03
7.105	-1.199302E+06	5.304343E+02	5.028119E+01	5.568179E+03
7.11	-1.199302E+06	5.114133E+02	4.935748E+01	5.568179E+03
7.115	-1.199303E+06	5.426532E+02	4.833179E+01	5.568179E+03
7.12	-1.199302E+06	5.147879E+02	4.821489E+01	5.568179E+03
7.125	-1.199302E+06	5.244353E+02	4.842836E+01	5.568179E+03
7.13	-1.199302E+06	5.462609E+02	4.922830E+01	5.568179E+03
7.135	-1.199302E+06	5.562528E+02	5.063432E+01	5.568179E+03
7.14	-1.199302E+06	5.620579E+02	5.200290E+01	5.568179E+03
7.145	-1.199303E+06	5.614943E+02	5.276359E+01	5.568179E+03
7.15	-1.199302E+06	5.314219E+02	5.269800E+01	5.568179E+03
7.155	-1.199302E+06	4.994242E+02	5.225659E+01	5.568179E+03
7.16	-1.199303E+06	5.164671E+02	5.181569E+01	5.568179E+03
7.165	-1.199303E+06	5.335093E+02	5.157312E+01	5.568179E+03
7.17	-1.199303E+06	5.234861E+02	5.155909E+01	5.568179E+03
7.175	-1.199303E+06	5.099268E+02	5.170777E+01	5.568179E+03
7.18	-1.199302E+06	5.067554E+02	5.234595E+01	5.568179E+03
7.185	-1.199303E+06	5.335684E+02	5.248890E+01	5.568179E+03
7.19	-1.199303E+06	5.328094E+02	5.249003E+01	5.568179E+03
7.195	-1.199303E+06	5.354164E+02	5.278148E+01	5.568179E+03
7.2	-1.199303E+06	5.333079E+02	5.217002E+01	5.568179E+03
7.205	-1.199303E+06	5.040523E+02	5.129303E+01	5.568179E+03
7.21	-1.199303E+06	5.041616E+02	5.076073E+01	5.568179E+03
7.215	-1.199303E+06	5.118552E+02	5.009615E+01	5.568179E+03
7.22	-1.199303E+06	5.039768E+02	4.956690E+01	5.568179E+03
7.225	-1.199303E+06	4.982334E+02	4.942459E+01	5.568179E+03
7.23	-1.199303E+06	5.065910E+02	4.914212E+01	5.568179E+03
7.235	-1.199303E+06	4.953380E+02	4.869418E+01	5.568179E+03
7.24	-1.199303E+06	4.902856E+02	4.840194E+01	5.568179E+03
7.245	-1.199304E+06	4.986957E+02	4.832603E+01	5.568179E+03
7.25	-1.199303E+06	4.946667E+02	4.790069E+01	5.568179E+03
7.255	-1.199303E+06	4.947183E+02	4.790252E+01	5.568179E+03
7.26	-1.199304E+06	4.931931E+02	4.860075E+01	5.568179E+03
7.265	-1.199304E+06	4.778914E+02	4.838500E+01	5.568179E+03
7.27	-1.199303E+06	4.583505E+02	4.825144E+01	5.568179E+03
7.275	-1.199303E+06	4.882034E+02	4.902440E+01	5.568179E+03
7.28	-1.199304E+06	5.077817E+02	4.965032E+01	5.568179E+03
7.285	-1.199303E+06	4.767347E+02	4.995633E+01	5.568179E+03
7.29	-1.199303E+06	4.603787E+02	4.934950E+01	5.568179E+03
7.295	-1.199303E+06	4.688357E+02	4.831261E+01	5.568179E+03
7.3	-1.199304E+06	4.992865E+02	4.824834E+01	5.568179E+03
7.305	-1.199304E+06	4.971376E+02	4.799670E+01	5.568179E+03
7.31	-1.199304E+06	4.775835E+02	4.707071E+01	5.568179E+03
7.315	-1.199303E+06	4.644099E+02	4.698699E+01	5.568179E+03
7.32	-1.199304E+06	4.770586E+02	4.691159E+01	5.568179E+03
7.325	-1.199304E+06	4.911794E+02	4.684857E+01	5.568179E+03
7.33	-1.199304E+06	4.633806E+02	4.728064E+01	5.568179E+03
7.335	-1.199303E+06	4.396173E+02	4.712754E+01	5.568179E+03
7.34	-1.199304E+06	4.623675E+02	4.677420E+01	5.568179E+03
7.345	-1.199303E+06	4.562466E+02	4.711714E+01	5.568179E+03
7.35	-1.199304E+06	4.697574E+02	4.692028E+01	5.568179E+03
7.355	-1.199304E+06	4.768771E+02	4.714649E+01	5.568179E+03
7.36	-1.199304E+06	4.716855E+02	4.794256E+01	5.568179E+03
7.365	-1.199304E+06	4.526881E+02	4.808749E+01	5.568179E+03
7.37	-1.199304E+06	4.335043E+02	4.804868E+01	5.568179E+03
7.375	-1.199304E+06	4.323558E+02	4.869749E+01	5.568179E+03
7.38	-1.199304E+06	4.581480E+02	4.899472E+01	5.568179E+03
7.385	-1.199304E+06	4.612950E+02	4.911348E+01	5.568179E+03
7.39	-1.199304E+06	4.589606E+02	4.924277E+01	5.568179E+03
7.395	-1.199304E+06	4.619231E+02	4.840133E+01	5.568179E+03
7.4	-1.199304E+06	4.518023E+02	4.698863E+01	5.568179E+03
7.405	-1.199304E+06	4.402391E+02	4.576340E+01	5.568179E+03
7.41	-1.199304E+06	4.294804E+02	4.438868E+01	5.568179E+03
7.415	-1.199304E+06	4.222901E+02	4.351573E+01	5.568179E+03
7.42	-1.199304E+06	4.260781E+02	4.351107E+01	5.568179E+03
7.425	-1.199304E+06	4.224646E+02	4.372595E+01	5.568179E+03
7.43	-1.199304E+06	4.158239E+02	4.425997E+01	5.568179E+03
7.435	-1.199305E+06	4.428828E+02	4.479944E+01	5.568179E+03
7.44	-1.199305E+06	4.551807E+02	4.491164E+01	5.568179E+03
7.445	-1.199304E+06	4.237218E+02	4.510775E+01	5.568179E+03
7.45	-1.199304E+06	4.092888E+02	4.546033E+01	5.568179E+03
7.455	-1.199305E+06	4.123167E+02	4.597248E+01	5.568179E+03
7.46	-1.199304E+06	4.083721E+02	4.695619E+01	5.568179E+03
7.465	-1.199305E+06	4.117441E+02	4.769144E+01	5.568179E+03
7.47	-1.199304E+06	4.034556E+02	4.809075E+01	5.568179E+03
7.475	-1.199304E+06	4.007565E+02	4.825610E+01	5.568179E+03
7.48	-1.199305E+06	4.009246E+02	4.780751E+01	5.568179E+03
7.485	-1.199304E+06	3.944336E+02	4.717393E+01	5.568179E+03
7.49	-1.199305E+06	4.128617E+02	4.698384E+01	5.568179E+03
7.495	-1.199305E+06	4.115458E+02	4.671139E+01	5.568179E+03
7.5	-1.199305E+06	4.091595E+02	4.619260E+01	5.568179E+03
7.505	-1.199305E+06	3.936541E+02	4.634124E+01	5.568179E+03
7.51	-1.199305E+06	4.037431E+02	4.620729E+01	5.568179E+03
7.515	-1.199305E+06	4.098065E+02	4.628244E+01	5.568179E+03
7.52	-1.199304E+06	3.841555E+02	4.635433E+01	5.568179E+03
7.525	-1.199305E+06	3.957346E+02	4.563135E+01	5.568179E+03
7.53	-1.199305E+06	3.863370E+02	4.595133E+01	5.568179E+03
7.535	-1.199305E+06	3.944071E+02	4.669140E+01	5.568179E+03
7.54	-1.199305E+06	4.032739E+02	4.799128E+01	5.568179E+03
7.545	-1.199305E+06	3.864895E+02	4.987202E+01	5.568179E+03
7.55	-1.199306E+06	3.960741E+02	5.020151E+01	5.568179E+03
7.555	-1.199305E+06	3.706478E+02	4.989534E+01	5.568179E+03
7.56	-1.199305E+06	3.836576E+02	4.924135E+01	5.568179E+03
7.565	-1.199305E+06	3.858188E+02	4.839803E+01	5.568179E+03
7.57	-1.199305E+06	3.680265E+02	4.767358E+01	5.568179E+03
7.575	-1.199305E+06	3.629140E+02	4.693416E+01	5.568179E+03
7.58	-1.199305E+06	3.611743E+02	4.650159E+01	5.568179E+03
7.585	-1.199306E+06	3.881383E+02	4.624934E+01	5.568179E+03
7.59	-1.199305E+06	3.597164E+02	4.615237E+01	5.568179E+03
7.595	-1.199305E+06	3.562525E+02	4.584283E+01	5.568179E+03
7.6	-1.199306E+06	3.729256E+02	4.603999E+01	5.568179E+03
7.605	-1.199306E+06	3.672242E+02	4.634054E+01	5.568179E+03
7.61	-1.199306E+06	3.571214E+02	4.669119E+01	5.568179E+03
7.615	-1.199305E+06	3.493366E+02	4.789037E+01	5.568179E+03
7.62	-1.199306E+06	3.679369E+02	4.913105E+01	5.568179E+03
7.625	-1.199306E+06	3.522817E+02	5.022107E+01	5.568179E+03
7.63	-1.199306E+06	3.493268E+02	5.120217E+01	5.568179E+03
7.635	-1.199306E+06	3.676665E+02	5.172668E+01	5.568179E+03
7.64	-1.199306E+06	3.426104E+02	5.173414E+01	5.568179E+03
7.645	-1.199306E+06	3.362766E+02	5.089993E+01	5.568179E+03
7.65	-1.199306E+06	3.525466E+02	4.968610E+01	5.568179E+03
7.655	-1.199307E+06	3.562429E+02	4.877219E+01	5.568179E+03
7.66	-1.199306E+06	3.365998E+02	4.830026E+01	5.568179E+03
7.665	-1.199306E+06	3.459540E+02	4.794117E+01	5.568179E+03
7.67	-1.199306E+06	3.505709E+02	4.812286E+01	5.568179E+03
7.675	-1.199306E+06	3.473387E+02	4.864856E+01	5.568179E+03
7.68	-1.199307E+06	3.576281E+02	4.889577E+01	5.568179E+03
7.685	-1.199307E+06	3.539103E+02	4.891579E+01	5.568179E+03
7.69	-1.199306E+06	3.420083E+02	4.887148E+01	5.568179E+03
7.695	-1.199306E+06	3.333762E+02	4.895438E+01	5.568179E+03
7.7	-1.199307E+06	3.395517E+02	4.959234E+01	5.568179E+03
7.705	-1.199306E+06	3.292702E+02	5.061186E+01	5.568179E+03
7.71	-1.199306E+06	3.288667E+02	5.120393E+01	5.568179E+03
7.715	-1.199307E+06	3.373056E+02	5.145938E+01	5.568179E+03
7.72	-1.199307E+06	3.325404E+02	5.089597E+01	5.568179E+03
7.725	-1.199307E+06	3.282881E+02	4.967746E+01	5.568179E+03
7.73	-1.199306E+06	3.053322E+02	4.899674E+01	5.568179E+03
7.735	-1.199307E+06	3.242026E+02	4.838494E+01	5.568179E+03
7.74	-1.199307E+06	3.370020E+02	4.826290E+01	5.568179E+03
7.745	-1.199306E+06	3.234985E+02	4.844188E+01	5.568179E+03
7.75	-1.199307E+06	3.299032E+02	4.794126E+01	5.568179E+03
7.755	-1.199307E+06	3.167249E+02	4.772859E+01	5.568179E+03
7.76	-1.199307E+06	3.154954E+02	4.768155E+01	5.568179E+03
7.765	-1.199307E+06	3.035345E+02	4.760088E+01	5.568179E+03
7.77	-1.199307E+06	2.984141E+02	4.778035E+01	5.568179E+03
7.775	-1.199307E+06	2.973932E+02	4.801157E+01	5.568179E+03
7.78	-1.199307E+06	2.991278E+02	4.806735E+01	5.568179E+03
7.785	-1.199307E+06	3.008298E+02	4.827594E+01	5.568179E+03
7.79	-1.199307E+06	2.940590E+02	4.857940E+01	5.568179E+03
7.795	-1.199308E+06	3.166663E+02	4.872550E+01	5.568179E+03
7.8	-1.199307E+06	3.047584E+02	4.891684E+01	5.568179E+03
7.805	-1.199307E+06	2.959014E+02	4.843687E+01	5.568179E+03
7.81	-1.199307E+06	2.948826E+02	4.795918E+01	5.568179E+03
7.815	-1.199307E+06	3.063602E+02	4.826759E+01	5.568179E+03
7.82	-1.199308E+06	3.166766E+02	4.904857E+01	5.568179E+03
7.825	-1.199307E+06	2.851261E+02	4.987505E+01	5.568179E+03
7.83	-1.199307E+06	2.745263E+02	5.024041E+01	5.568179E+03
7.835	-1.199308E+06	2.954465E+02	5.039047E+01	5.568179E+03
7.84	-1.199307E+06	3.036734E+02	5.087584E+01	5.568179E+03
7.845	-1.199307E+06	3.061594E+02	5.115245E+01	5.568179E+03
7.85	-1.199308E+06	3.083809E+02	5.117296E+01	5.568179E+03
7.855	-1.199307E+06	2.934970E+02	5.142053E+01	5.568179E+03
7.86	-1.199307E+06	2.816146E+02	5.169242E+01	5.568179E+03
7.865	-1.199308E+06	2.864977E+02	5.179657E+01	5.568179E+03
7.87	-1.199307E+06	2.766112E+02	5.197700E+01	5.568179E+03
7.875	-1.199308E+06	2.806676E+02	5.208852E+01	5.568179E+03
7.88	-1.199308E+06	2.941676E+02	5.194993E+01	5.568179E+03
7.885	-1.199308E+06	2.914070E+02	5.158492E+01	5.568179E+03
7.89	-1.199308E+06	2.858495E+02	5.106393E+01	5.568179E+03
7.895	-1.199308E+06	2.865673E+02	5.082111E+01	5.568179E+03
7.9	-1.199308E+06	2.810950E+02	5.104272E+01	5.568179E+03
7.905	-1.199308E+06	2.776047E+02	5.122170E+01	5.568179E+03
7.91	-1.199308E+06	2.588956E+02	5.190660E+01	5.568179E+03
7.915	-1.199308E+06	2.585205E+02	5.327924E+01	5.568179E+03
7.92	-1.199308E+06	2.798008E+02	5.486087E+01	5.568179E+03
7.925	-1.199308E+06	2.734301E+02	5.641001E+01	5.568179E+03
7.93	-1.199308E+06	2.757734E+02	5.741688E+01	5.568179E+03
7.935	-1.199308E+06	2.663348E+02	5.816230E+01	5.568179E+03
7.94	-1.199308E+06	2.681446E+02	5.835127E+01	5.568179E+03
7.945	-1.199308E+06	2.771124E+02	5.764305E+01	5.568179E+03
7.95	-1.199308E+06	2.610558E+02	5.637786E+01	5.568179E+03
7.955	-1.199308E+06	2.706456E+02	5.473122E+01	5.568179E+03
7.96	-1.199308E+06	2.722228E+02	5.336613E+01	5.568179E+03
7.965	-1.199308E+06	2.667366E+02	5.209166E+01	5.568179E+03
7.97	-1.199308E+06	2.468140E+02	5.128905E+01	5.568179E+03
7.975	-1.199308E+06	2.481457E+02	5.117991E+01	5.568179E+03
7.98	-1.199308E+06	2.590510E+02	5.182431E+01	5.568179E+03
7.985	-1.199308E+06	2.605012E+02	5.334026E+01	5.568179E+03
7.99	-1.199309E+06	2.711394E+02	5.530431E+01	5.568179E+03
7.995	-1.199308E+06	2.666128E+02	5.705024E+01	5.568179E+03
8.0	-1.199308E+06	2.600694E+02	5.811886E+01	5.568179E+03
8.005	-1.199308E+06	2.474506E+02	5.864915E+01	5.568179E+03
8.01	-1.199308E+06	2.409488E+02	5.903916E+01	5.568179E+03
8.015	-1.199309E+06	2.494767E+02	5.922755E+01	5.568179E+03
8.02	-1.199308E+06	2.406466E+02	5.888038E+01	5.568179E+03
8.025	-1.199308E+06	2.367153E+02	5.787175E+01	5.568179E+03
8.03	-1.199308E+06	2.407983E+02	5.663605E+01	5.568179E+03
8.035	-1.199309E+06	2.460757E+02	5.573570E+01	5.568179E+03
8.04	-1.199309E+06	2.481720E+02	5.505352E+01	5.568179E+03
8.045	-1.199309E+06	2.547156E+02	5.418275E+01	5.568179E+03
8.05	-1.199308E+06	2.380512E+02	5.369957E+01	5.568179E+03
8.055	-1.199308E+06	2.341309E+02	5.349089E+01	5.568179E+03
8.06	-1.199309E+06	2.509667E+02	5.366931E+01	5.568179E+03
8.065	-1.199308E+06	2.377173E+02	5.419081E+01	5.568179E+03
8.07	-1.199309E+06	2.335099E+02	5.409800E+01	5.568179E+03
8.075	-1.199308E+06	2.145839E+02	5.446166E+01	5.568179E+03
8.08	-1.199309E+06	2.273620E+02	5.532470E+01	5.568179E+03
8.085	-1.199309E+06	2.408527E+02	5.624387E+01	5.568179E+03
8.09	-1.199309E+06	2.275747E+02	5.721513E+01	5.568179E+03
8.095	-1.199309E+06	2.300890E+02	5.788648E+01	5.568179E+03
8.1	-1.199309E+06	2.175231E+02	5.834694E+01	5.568179E+03
8.105	-1.199309E+06	2.203424E+02	5.851920E+01	5.568179E+03
8.11	-1.199309E+06	2.345333E+02	5.837195E+01	5.568179E+03
8.115	-1.199309E+06	2.383940E+02	5.733267E+01	5.568179E+03
8.12	-1.199309E+06	2.273834E+02	5.581564E+01	5.568179E+03
8.125	-1.199309E+06	2.188594E+02	5.482489E+01	5.568179E+03
8.13	-1.199309E+06	2.250565E+02	5.428226E+01	5.568179E+03
8.135	-1.199309E+06	2.192997E+02	5.409214E+01	5.568179E+03
8.14	-1.199309E+06	2.202906E+02	5.408033E+01	5.568179E+03
8.145	-1.199309E+06	2.226673E+02	5.411318E+01	5.568179E+03
8.15	-1.199309E+06	2.083344E+02	5.429265E+01	5.568179E+03
8.155	-1.199309E+06	2.218842E+02	5.457226E+01	5.568179E+03
8.16	-1.199309E+06	2.320733E+02	5.508466E+01	5.568179E+03
8.165	-1.199309E+06	2.186363E+02	5.554972E+01	5.568179E+03
8.17	-1.199309E+06	2.246796E+02	5.570528E+01	5.568179E+03
8.175	-1.199309E+06	2.084670E+02	5.595409E+01	5.568179E+03
8.18	-1.199309E+06	2.026967E+02	5.630283E+01	5.568179E+03
8.185	-1.199309E+06	2.165228E+02	5.681598E+01	5.568179E+03
8.19	-1.199309E+06	2.156250E+02	5.688241E+01	5.568179E+03
8.195	-1.199310E+06	2.248575E+02	5.605089E+01	5.568179E+03
8.2	-1.199309E+06	2.097383E+02	5.518294E+01	5.568179E+03
8.205	-1.199309E+06	2.022002E+02	5.434506E+01	5.568179E+03
8.21	-1.199309E+06	1.981992E+02	5.407776E+01	5.568179E+03
8.215	-1.199309E+06	2.006372E+02	5.421973E+01	5.568179E+03
8.22	-1.199310E+06	2.092393E+02	5.444412E+01	5.568179E+03
8.225	-1.199309E+06	1.989106E+02	5.498566E+01	5.568179E+03
8.23	-1.199310E+06	2.086665E+02	5.510067E+01	5.568179E+03
8.235	-1.199309E+06	1.995021E+02	5.527286E+01	5.568179E+03
8.24	-1.199309E+06	1.986085E+02	5.544758E+01	5.568179E+03
8.245	-1.199310E+06	2.065303E+02	5.530430E+01	5.568179E+03
8.25	-1.199309E+06	1.935754E+02	5.523799E+01	5.568179E+03
8.255	-1.199309E+06	2.013550E+02	5.492345E+01	5.568179E+03
8.26	-1.199309E+06	1.999994E+02	5.477813E+01	5.568179E+03
8.265	-1.199309E+06	1.917436E+02	5.482263E+01	5.568179E+03
8.27	-1.199309E+06	1.912563E+02	5.455903E+01	5.568179E+03
8.275	-1.199309E+06	1.954596E+02	5.412410E+01	5.568179E+03
8.28	-1.199310E+06	2.033671E+02	5.357038E+01	5.568179E+03
8.285	-1.199310E+06	2.003922E+02	5.314727E+01	5.568179E+03
8.29	-1.199310E+06	1.926278E+02	5.311660E+01	5.568179E+03
8.295	-1.199310E+06	1.898375E+02	5.352713E+01	5.568179E+03
8.3	-1.199309E+06	1.906643E+02	5.415050E+01	5.568179E+03
8.305	-1.199310E+06	1.928341E+02	5.467255E+01	5.568179E+03
8.31	-1.199309E+06	1.888230E+02	5.525398E+01	5.568179E+03
8.315	-1.199310E+06	1.895337E+02	5.569032E+01	5.568179E+03
8.32	-1.199309E+06	1.813171E+02	5.600783E+01	5.568179E+03
8.325	-1.199309E+06	1.799794E+02	5.617650E+01	5.568179E+03
8.33	-1.199310E+06	1.925861E+02	5.586863E+01	5.568179E+03
8.335	-1.199309E+06	1.797911E+02	5.536090E+01	5.568179E+03
8.34	-1.199310E+06	1.797538E+02	5.466677E+01	5.568179E+03
8.345	-1.199310E+06	1.857278E+02	5.410885E+01	5.568179E+03
8.35	-1.199310E+06	1.867403E+02	5.380847E+01	5.568179E+03
8.355	-1.199310E+06	1.966679E+02	5.348696E+01	5.568179E+03
8.36	-1.199310E+06	1.887027E+02	5.339523E+01	5.568179E+03
8.365	-1.199310E+06	1.838760E+02	5.354854E+01	5.568179E+03
8.37	-1.199310E+06	1.720202E+02	5.394040E+01	5.568179E+03
8.375	-1.199310E+06	1.722470E+02	5.467931E+01	5.568179E+03
8.38	-1.199310E+06	1.804096E+02	5.577161E+01	5.568179E+03
8.385	-1.199310E+06	1.746023E+02	5.671802E+01	5.568179E+03
8.39	-1.199310E+06	1.775973E+02	5.736039E+01	5.568179E+03
8.395	-1.199310E+06	1.717104E+02	5.795436E+01	5.568179E+03
8.4	-1.199310E+06	1.807988E+02	5.831496E+01	5.568179E+03
8.405	-1.199310E+06	1.843081E+02	5.851911E+01	5.568179E+03
8.41	-1.199310E+06	1.808197E+02	5.809902E+01	5.568179E+03
8.415	-1.199310E+06	1.793358E+02	5.719208E+01	5.568179E+03
8.42	-1.199310E+06	1.728554E+02	5.619474E+01	5.568179E+03
8.425	-1.199311E+06	1.776633E+02	5.495744E+01	5.568179E+03
8.43	-1.199310E+06	1.577242E+02	5.428972E+01	5.568179E+03
8.435	-1.199310E+06	1.642708E+02	5.393125E+01	5.568179E+03
8.44	-1.199310E+06	1.742328E+02	5.370137E+01	5.568179E+03
8.445	-1.199310E+06	1.680107E+02	5.385375E+01	5.568179E+03
8.45	-1.199311E+06	1.803174E+02	5.439971E+01	5.568179E+03
8.455	-1.199310E+06	1.727943E+02	5.561987E+01	5.568179E+03
8.46	-1.199310E+06	1.741038E+02	5.690708E+01	5.568179E+03
8.465	-1.199310E+06	1.625315E+02	5.816908E+01	5.568179E+03
8.47	-1.199310E+06	1.557333E+02	5.919468E+01	5.568179E+03
8.475	-1.199310E+06	1.720025E+02	5.968706E+01	5.568179E+03
8.48	-1.199310E+06	1.697452E+02	5.991593E+01	5.568179E+03
8.485	-1.199310E+06	1.672007E+02	5.989713E+01	5.568179E+03
8.49	-1.199310E+06	1.651922E+02	5.970754E+01	5.568179E+03
8.495	-1.199310E+06	1.738431E+02	5.883735E+01	5.568179E+03
8.5	-1.199310E+06	1.694635E+02	5.741937E+01	5.568179E+03
8.505	-1.199310E+06	1.639279E+02	5.604246E+01	5.568179E+03
8.51	-1.199311E+06	1.716676E+02	5.487320E+01	5.568179E+03
8.515	-1.199310E+06	1.615857E+02	5.407519E+01	5.568179E+03
8.52	-1.199311E+06	1.668824E+02	5.348809E+01	5.568179E+03
8.525	-1.199311E+06	1.634309E+02	5.355979E+01	5.568179E+03
8.53	-1.199310E+06	1.479008E+02	5.436846E+01	5.568179E+03
8.535	-1.199310E+06	1.511945E+02	5.539538E+01	5.568179E+03
8.54	-1.199310E+06	1.470906E+02	5.686911E+01	5.568179E+03
8.545	-1.199310E+06	1.594083E+02	5.821223E+01	5.568179E+03
8.55	-1.199310E+06	1.663836E+02	5.909669E+01	5.568179E+03
8.555	-1.199310E+06	1.608133E+02	5.966078E+01	5.568179E+03
8.56	-1.199310E+06	1.647170E+02	5.948573E+01	5.568179E+03
8.565	-1.199310E+06	1.551893E+02	5.871608E+01	5.568179E+03
8.57	-1.199310E+06	1.479014E+02	5.788272E+01	5.568179E+03
8.575	-1.199310E+06	1.521311E+02	5.702976E+01	5.568179E+03
8.58	-1.199311E+06	1.532378E+02	5.605872E+01	5.568179E+03
8.585	-1.199310E+06	1.460111E+02	5.513310E+01	5.568179E+03
8.59	-1.199311E+06	1.519221E+02	5.419535E+01	5.568179E+03
8.595	-1.199311E+06	1.579400E+02	5.345722E+01	5.568179E+03
8.6	-1.199310E+06	1.495107E+02	5.323184E+01	5.568179E+03
8.605	-1.199311E+06	1.515869E+02	5.336116E+01	5.568179E+03
8.61	-1.199311E+06	1.504655E+02	5.386731E+01	5.568179E+03
8.615	-1.199311E+06	1.503492E+02	5.453783E+01	5.568179E+03
8.62	-1.199311E+06	1.514977E+02	5.534795E+01	5.568179E+03
8.625	-1.199311E+06	1.527048E+02	5.634545E+01	5.568179E+03
8.63	-1.199311E+06	1.514141E+02	5.711379E+01	5.568179E+03
8.635	-1.199311E+06	1.499799E+02	5.746652E+01	5.568179E+03
8.64	-1.199311E+06	1.451122E+02	5.760807E+01	5.568179E+03
8.645	-1.199311E+06	1.482636E+02	5.746682E+01	5.568179E+03
8.65	-1.199311E+06	1.534764E+02	5.714065E+01	5.568179E+03
8.655	-1.199311E+06	1.475999E+02	5.649469E+01	5.568179E+03
8.66	-1.199311E+06	1.461179E+02	5.549003E+01	5.568179E+03
8.665	-1.199311E+06	1.414890E+02	5.462614E+01	5.568179E+03
8.67	-1.199311E+06	1.423415E+02	5.412760E+01	5.568179E+03
8.675	-1.199311E+06	1.430828E+02	5.416749E+01	5.568179E+03
8.68	-1.199311E+06	1.415961E+02	5.446101E+01	5.568179E+03
8.685	-1.199311E+06	1.393096E+02	5.487404E+01	5.568179E+03
8.69	-1.199311E+06	1.372595E+02	5.546979E+01	5.568179E+03
8.695	-1.199311E+06	1.466522E+02	5.607055E+01	5.568179E+03
8.7	-1.199311E+06	1.447042E+02	5.670518E+01	5.568179E+03
8.705	-1.199310E+06	1.359425E+02	5.709497E+01	5.568179E+03
8.71	-1.199311E+06	1.443199E+02	5.692374E+01	5.568179E+03
8.715	-1.199311E+06	1.462287E+02	5.644120E+01	5.568179E+03
8.72	-1.199311E+06	1.392889E+02	5.557819E+01	5.568179E+03
8.725	-1.199311E+06	1.323096E+02	5.472683E+01	5.568179E+03
8.73	-1.199311E+06	1.428454E+02	5.403838E+01	5.568179E+03
8.735	-1.199311E+06	1.380963E+02	5.336259E+01	5.568179E+03
8.74	-1.199311E+06	1.343560E+02	5.292113E+01	5.568179E+03
8.745	-1.199311E+06	1.375544E+02	5.312118E+01	5.568179E+03
8.75	-1.199311E+06	1.409661E+02	5.363972E+01	5.568179E+03
8.755	-1.199311E+06	1.450025E+02	5.423703E+01	5.568179E+03
8.76	-1.199311E+06	1.350713E+02	5.502070E+01	5.568179E+03
8.765	-1.199311E+06	1.397065E+02	5.573795E+01	5.568179E+03
8.77	-1.199311E+06	1.396642E+02	5.639435E+01	5.568179E+03
8.775	-1.199311E+06	1.372639E+02	5.663378E+01	5.568179E+03
8.78	-1.199311E+06	1.371566E+02	5.621892E+01	5.568179E+03
8.785	-1.199311E+06	1.318714E+02	5.542889E+01	5.568179E+03
8.79	-1.199311E+06	1.298661E+02	5.459460E+01	5.568179E+03
8.795	-1.199311E+06	1.292315E+02	5.373677E+01	5.568179E+03
8.8	-1.199311E+06	1.327468E+02	5.287607E+01	5.568179E+03
8.805	-1.199311E+06	1.323103E+02	5.220350E+01	5.568179E+03
8.81	-1.199311E+06	1.423833E+02	5.148188E+01	5.568179E+03
8.815	-1.199311E+06	1.374511E+02	5.111797E+01	5.568179E+03
8.82	-1.199311E+06	1.265075E+02	5.122627E+01	5.568179E+03
8.825	-1.199311E+06	1.366199E+02	5.152709E+01	5.568179E+03
8.83	-1.199311E+06	1.320195E+02	5.228149E+01	5.568179E+03
8.835	-1.199311E+06	1.283565E+02	5.315306E+01	5.568179E+03
8.84	-1.199311E+06	1.308267E+02	5.420784E+01	5.568179E+03
8.845	-1.199311E+06	1.359237E+02	5.543804E+01	5.568179E+03
8.85	-1.199311E+06	1.274815E+02	5.636047E+01	5.568179E+03
8.855	-1.199311E+06	1.253007E+02	5.668505E+01	5.568179E+03
8.86	-1.199311E+06	1.287874E+02	5.643483E+01	5.568179E+03
8.865	-1.199311E+06	1.282590E+02	5.555570E+01	5.568179E+03
8.87	-1.199311E+06	1.342254E+02	5.424246E+01	5.568179E+03
8.875	-1.199311E+06	1.261629E+02	5.283380E+01	5.568179E+03
8.88	-1.199311E+06	1.247512E+02	5.138878E+01	5.568179E+03
8.885	-1.199311E+06	1.277188E+02	5.035944E+01	5.568179E+03
8.89	-1.199311E+06	1.214588E+02	4.971535E+01	5.568179E+03
8.895	-1.199311E+06	1.195784E+02	4.934023E+01	5.568179E+03
8.9	-1.199311E+06	1.215690E+02	4.947655E+01	5.568179E+03
8.905	-1.199311E+06	1.256651E+02	4.985501E+01	5.568179E+03
8.91	-1.199311E+06	1.265508E+02	5.053411E+01	5.568179E+03
8.915	-1.199311E+06	1.300168E+02	5.158053E+01	5.568179E+03
8.92	-1.199311E+06	1.278848E+02	5.268490E+01	5.568179E+03
8.925	-1.199311E+06	1.214678E+02	5.342396E+01	5.568179E+03
8.93	-1.199311E+06	1.200226E+02	5.368115E+01	5.568179E+03
8.935	-1.199311E+06	1.233062E+02	5.383526E+01	5.568179E+03
8.94	-1.199311E+06	1.286409E+02	5.372913E+01	5.568179E+03
8.945	-1.199311E+06	1.205717E+02	5.316205E+01	5.568179E+03
8.95	-1.199311E+06	1.196325E+02	5.230129E+01	5.568179E+03
8.955	-1.199311E+06	1.197759E+02	5.140782E+01	5.568179E+03
8.96	-1.199311E+06	1.179354E+02	5.080293E+01	5.568179E+03
8.965	-1.199311E+06	1.221951E+02	5.066323E+01	5.568179E+03
8.97	-1.199311E+06	1.261605E+02	5.074597E+01	5.568179E+03
8.975	-1.199311E+06	1.224849E+02	5.100709E+01	5.568179E+03
8.98	-1.199311E+06	1.217737E+02	5.140160E+01	5.568179E+03
8.985	-1.199311E+06	1.242784E+02	5.177486E+01	5.568179E+03
8.99	-1.199311E+06	1.189307E+02	5.212972E+01	5.568179E+03
8.995	-1.199311E+06	1.201793E+02	5.226275E+01	5.568179E+03
9.0	-1.199311E+06	1.203433E+02	5.232194E+01	5.568179E+03
9.005	-1.199311E+06	1.154302E+02	5.268571E+01	5.568179E+03
9.01	-1.199311E+06	1.181830E+02	5.311734E+01	5.568179E+03
9.015	-1.199311E+06	1.215126E+02	5.331950E+01	5.568179E+03
9.02	-1.199311E+06	1.205255E+02	5.334316E+01	5.568179E+03
9.025	-1.199311E+06	1.175930E+02	5.328148E+01	5.568179E+03
9.03	-1.199311E+06	1.204701E+02	5.314689E+01	5.568179E+03
9.035	-1.199311E+06	1.177621E+02	5.296732E+01	5.568179E+03
9.04	-1.199311E+06	1.166665E+02	5.261758E+01	5.568179E+03
9.045	-1.199311E+06	1.172513E+02	5.218603E+01	5.568179E+03
9.05	-1.199311E+06	1.150481E+02	5.176369E+01	5.568179E+03
9.055	-1.199311E+06	1.153308E+02	5.140340E+01	5.568179E+03
9.06	-1.199311E+06	1.138005E+02	5.108883E+01	5.568179E+03
9.065	-1.199311E+06	1.192588E+02	5.068197E+01	5.568179E+03
9.07	-1.199311E+06	1.194723E+02	5.034952E+01	5.568179E+03
9.075	-1.199311E+06	1.129874E+02	5.023384E+01	5.568179E+03
9.08	-1.199311E+06	1.194164E+02	5.037225E+01	5.568179E+03
9.085	-1.199311E+06	1.180849E+02	5.066252E+01	5.568179E+03
9.09	-1.199311E+06	1.096372E+02	5.077501E+01	5.568179E+03
9.095	-1.199311E+06	1.072703E+02	5.085877E+01	5.568179E+03
9.1	-1.199311E+06	1.064713E+02	5.098553E+01	5.568179E+03
9.105	-1.199311E+06	1.158918E+02	5.084881E+01	5.568179E+03
9.11	-1.199311E+06	1.138963E+02	5.074061E+01	5.568179E+03
9.115	-1.199311E+06	1.138014E+02	5.070530E+01	5.568179E+03
9.12	-1.199312E+06	1.208833E+02	5.063648E+01	5.568179E+03
9.125	-1.199311E+06	1.080148E+02	5.072328E+01	5.568179E+03
9.13	-1.199311E+06	1.081206E+02	5.080202E+01	5.568179E+03
9.135	-1.199311E+06	1.122912E+02	5.090888E+01	5.568179E+03
9.14	-1.199311E+06	1.099829E+02	5.097907E+01	5.568179E+03
9.145	-1.199311E+06	1.060805E+02	5.100720E+01	5.568179E+03
9.15	-1.199311E+06	1.134329E+02	5.086912E+01	5.568179E+03
9.155	-1.199312E+06	1.196152E+02	5.066256E+01	5.568179E+03
9.16	-1.199311E+06	1.086927E+02	5.050310E+01	5.568179E+03
9.165	-1.199311E+06	1.121128E+02	5.026127E+01	5.568179E+03
9.17	-1.199311E+06	1.064318E+02	5.027537E+01	5.568179E+03
9.175	-1.199311E+06	1.035972E+02	5.013702E+01	5.568179E+03
9.18	-1.199312E+06	1.161700E+02	4.994735E+01	5.568179E+03
9.185	-1.199311E+06	1.128714E+02	5.012741E+01	5.568179E+03
9.19	-1.199311E+06	1.119229E+02	5.004566E+01	5.568179E+03
9.195	-1.199311E+06	1.080242E+02	5.006666E+01	5.568179E+03
9.2	-1.199311E+06	1.033267E+02	5.033198E+01	5.568179E+03
9.205	-1.199311E+06	1.086740E+02	5.046314E+01	5.568179E+03
9.21	-1.199311E+06	1.100417E+02	5.078609E+01	5.568179E+03
9.215	-1.199311E+06	1.143285E+02	5.104873E+01	5.568179E+03
9.22	-1.199311E+06	1.171179E+02	5.103630E+01	5.568179E+03
9.225	-1.199311E+06	1.071423E+02	5.112656E+01	5.568179E+03
9.23	-1.199311E+06	1.059235E+02	5.113326E+01	5.568179E+03
9.235	-1.199311E+06	1.124410E+02	5.105955E+01	5.568179E+03
9.24	-1.199311E+06	1.094548E+02	5.105253E+01	5.568179E+03
9.245	-1.199311E+06	1.073919E+02	5.072490E+01	5.568179E+03
9.25	-1.199311E+06	1.077413E+02	5.012359E+01	5.568179E+03
9.255	-1.199311E+06	1.018281E+02	4.960329E+01	5.568179E+03
9.26	-1.199311E+06	1.009222E+02	4.911484E+01	5.568179E+03
9.265	-1.199312E+06	1.132351E+02	4.871128E+01	5.568179E+03
9.27	-1.199311E+06	1.119046E+02	4.871170E+01	5.568179E+03
9.275	-1.199311E+06	1.103871E+02	4.887511E+01	5.568179E+03
9.28	-1.199312E+06	1.116382E+02	4.918518E+01	5.568179E+03
9.285	-1.199311E+06	9.672590E+01	4.983782E+01	5.568179E+03
9.29	-1.199311E+06	1.001278E+02	5.039962E+01	5.568179E+03
9.295	-1.199311E+06	1.061033E+02	5.104332E+01	5.568179E+03
9.3	-1.199311E+06	1.075535E+02	5.178439E+01	5.568179E+03
9.305	-1.199312E+06	1.137291E+02	5.212299E+01	5.568179E+03
9.31	-1.199311E+06	1.027389E+02	5.232411E+01	5.568179E+03
9.315	-1.199311E+06	9.981601E+01	5.238966E+01	5.568179E+03
9.32	-1.199311E+06	1.067767E+02	5.211390E+01	5.568179E+03
9.325	-1.199311E+06	1.083658E+02	5.170961E+01	5.568179E+03
9.33	-1.199311E+06	1.015652E+02	5.133140E+01	5.568179E+03
9.335	-1.199311E+06	1.042822E+02	5.082158E+01	5.568179E+03
9.34	-1.199312E+06	1.053841E+02	5.032575E+01	5.568179E+03
9.345	-1.199311E+06	9.816001E+01	4.987563E+01	5.568179E+03
9.35	-1.199312E+06	1.033141E+02	4.945004E+01	5.568179E+03
9.355	-1.199311E+06	1.002961E+02	4.943841E+01	5.568179E+03
9.36	-1.199311E+06	1.004280E+02	4.970871E+01	5.568179E+03
9.365	-1.199311E+06	1.043467E+02	5.022510E+01	5.568179E+03
9.37	-1.199311E+06	1.036975E+02	5.095655E+01	5.568179E+03
9.375	-1.199312E+06	1.129084E+02	5.146016E+01	5.568179E+03
9.38	-1.199311E+06	1.113959E+02	5.185031E+01	5.568179E+03
9.385	-1.199312E+06	1.083167E+02	5.214002E+01	5.568179E+03
9.39	-1.199311E+06	1.030459E+02	5.236030E+01	5.568179E+03
9.395	-1.199312E+06	1.032161E+02	5.248625E+01	5.568179E+03
9.4	-1.199312E+06	1.006886E+02	5.257781E+01	5.568179E+03
9.405	-1.199311E+06	9.610868E+01	5.262927E+01	5.568179E+03
9.41	-1.199312E+06	1.009058E+02	5.246487E+01	5.568179E+03
9.415	-1.199311E+06	9.572837E+01	5.220255E+01	5.568179E+03
9.42	-1.199312E+06	1.031339E+02	5.183078E+01	5.568179E+03
9.425	-1.199312E+06	1.061567E+02	5.164872E+01	5.568179E+03
9.43	-1.199311E+06	1.039641E+02	5.154765E+01	5.568179E+03
9.435	-1.199312E+06	1.094532E+02	5.127235E+01	5.568179E+03
9.44	-1.199311E+06	1.020315E+02	5.102719E+01	5.568179E+03
9.445	-1.199311E+06	9.680907E+01	5.071458E+01	5.568179E+03
9.45	-1.199311E+06	9.697403E+01	5.051388E+01	5.568179E+03
9.455	-1.199312E+06	1.042267E+02	5.054642E+01	5.568179E+03
9.46	-1.199312E+06	1.024058E+02	5.080547E+01	5.568179E+03
9.465	-1.199311E+06	9.713059E+01	5.126418E+01	5.568179E+03
9.47	-1.199312E+06	1.026264E+02	5.177420E+01	5.568179E+03
9.475	-1.199312E+06	1.022899E+02	5.237615E+01	5.568179E+03
9.48	-1.199312E+06	1.033982E+02	5.296096E+01	5.568179E+03
9.485	-1.199312E+06	1.002995E+02	5.353480E+01	5.568179E+03
9.49	-1.199312E+06	9.796264E+01	5.411919E+01	5.568179E+03
9.495	-1.199312E+06	1.045268E+02	5.438387E+01	5.568179E+03
9.5	-1.199312E+06	9.915540E+01	5.416113E+01	5.568179E+03
9.505	-1.199312E+06	9.714685E+01	5.357790E+01	5.568179E+03
9.51	-1.199312E+06	1.015603E+02	5.293248E+01	5.568179E+03
9.515	-1.199312E+06	1.014538E+02	5.257732E+01	5.568179E+03
9.52	-1.199312E+06	1.052845E+02	5.257424E+01	5.568179E+03
9.525	-1.199312E+06	1.103660E+02	5.258877E+01	5.568179E+03
9.53	-1.199312E+06	1.030187E+02	5.246214E+01	5.568179E+03
9.535	-1.199312E+06	9.709089E+01	5.214641E+01	5.568179E+03
9.54	-1.199312E+06	1.019642E+02	5.180536E+01	5.568179E+03
9.545	-1.199312E+06	1.030958E+02	5.181786E+01	5.568179E+03
9.55	-1.199312E+06	1.035313E+02	5.205753E+01	5.568179E+03
9.555	-1.199312E+06	1.003346E+02	5.229030E+01	5.568179E+03
9.56	-1.199312E+06	9.492007E+01	5.257255E+01	5.568179E+03
9.565	-1.199312E+06	9.608844E+01	5.308938E+01	5.568179E+03
9.57	-1.199312E+06	9.673342E+01	5.393448E+01	5.568179E+03
9.575	-1.199312E+06	9.813992E+01	5.474289E+01	5.568179E+03
9.58	-1.199312E+06	9.786588E+01	5.504545E+01	5.568179E+03
9.585	-1.199312E+06	9.563456E+01	5.488082E+01	5.568179E+03
9.59	-1.199312E+06	9.900839E+01	5.451211E+01	5.568179E+03
9.595	-1.199312E+06	1.005730E+02	5.402545E+01	5.568179E+03
9.6	-1.199312E+06	9.821391E+01	5.351052E+01	5.568179E+03
9.605	-1.199312E+06	9.558046E+01	5.311083E+01	5.568179E+03
9.61	-1.199312E+06	1.005606E+02	5.292311E+01	5.568179E+03
9.615	-1.199312E+06	1.005743E+02	5.316469E+01	5.568179E+03
9.62	-1.199312E+06	9.753220E+01	5.357305E+01	5.568179E+03
9.625	-1.199312E+06	1.021296E+02	5.391937E+01	5.568179E+03
9.63	-1.199312E+06	1.004345E+02	5.427037E+01	5.568179E+03
9.635	-1.199312E+06	9.891281E+01	5.439347E+01	5.568179E+03
9.64	-1.199312E+06	1.015347E+02	5.442823E+01	5.568179E+03
9.645	-1.199312E+06	9.934815E+01	5.443011E+01	5.568179E+03
9.65	-1.199312E+06	9.769559E+01	5.411072E+01	5.568179E+03
9.655	-1.199312E+06	9.729438E+01	5.378166E+01	5.568179E+03
9.66	-1.199312E+06	9.897111E+01	5.354048E+01	5.568179E+03
9.665	-1.199312E+06	1.027079E+02	5.340985E+01	5.568179E+03
9.67	-1.199312E+06	9.937743E+01	5.375542E+01	5.568179E+03
9.675	-1.199312E+06	9.856629E+01	5.425815E+01	5.568179E+03
9.68	-1.199312E+06	9.965407E+01	5.487661E+01	5.568179E+03
9.685	-1.199312E+06	9.905469E+01	5.572268E+01	5.568179E+03
9.69	-1.199312E+06	1.017070E+02	5.626405E+01	5.568179E+03
9.695	-1.199312E+06	1.018989E+02	5.632498E+01	5.568179E+03
9.7	-1.199312E+06	9.893664E+01	5.595630E+01	5.568179E+03
9.705	-1.199312E+06	9.994469E+01	5.529871E+01	5.568179E+03
9.71	-1.199312E+06	9.639108E+01	5.480216E+01	5.568179E+03
9.715	-1.199312E+06	9.475422E+01	5.435408E+01	5.568179E+03
9.72	-1.199312E+06	9.516522E+01	5.396280E+01	5.568179E+03
9.725	-1.199312E+06	9.952797E+01	5.367361E+01	5.568179E+03
9.73	-1.199312E+06	1.058699E+02	5.335061E+01	5.568179E+03
9.735	-1.199312E+06	1.023904E+02	5.329675E+01	5.568179E+03
9.74	-1.199312E+06	1.033145E+02	5.355679E+01	5.568179E+03
9.745	-1.199312E+06	1.001784E+02	5.394090E+01	5.568179E+03
9.75	-1.199312E+06	9.578472E+01	5.422397E+01	5.568179E+03
9.755	-1.199312E+06	9.939819E+01	5.460865E+01	5.568179E+03
9.76	-1.199312E+06	1.021202E+02	5.530324E+01	5.568179E+03
9.765	-1.199312E+06	9.955145E+01	5.602344E+01	5.568179E+03
9.77	-1.199312E+06	9.427078E+01	5.654002E+01	5.568179E+03
9.775	-1.199312E+06	9.726590E+01	5.674453E+01	5.568179E+03
9.78	-1.199312E+06	9.559483E+01	5.681740E+01	5.568179E+03
9.785	-1.199312E+06	9.129500E+01	5.689286E+01	5.568179E+03
9.79	-1.199312E+06	9.852148E+01	5.675510E+01	5.568179E+03
9.795	-1.199312E+06	9.807724E+01	5.638634E+01	5.568179E+03
9.8	-1.199312E+06	9.851531E+01	5.586209E+01	5.568179E+03
9.805	-1.199312E+06	1.004940E+02	5.528858E+01	5.568179E+03
9.81	-1.199312E+06	9.419393E+01	5.462837E+01	5.568179E+03
9.815	-1.199312E+06	9.334419E+01	5.400151E+01	5.568179E+03
9.82	-1.199312E+06	9.680981E+01	5.382637E+01	5.568179E+03
9.825	-1.199312E+06	1.006592E+02	5.414729E+01	5.568179E+03
9.83	-1.199312E+06	1.005487E+02	5.490138E+01	5.568179E+03
9.835	-1.199312E+06	9.921715E+01	5.593053E+01	5.568179E+03
9.84	-1.199312E+06	9.755560E+01	5.683634E+01	5.568179E+03
9.845	-1.199312E+06	9.551285E+01	5.751728E+01	5.568179E+03
9.85	-1.199312E+06	9.497009E+01	5.814551E+01	5.568179E+03
9.855	-1.199312E+06	9.708931E+01	5.861086E+01	5.568179E+03
9.86	-1.199312E+06	9.805301E+01	5.877364E+01	5.568179E+03
9.865	-1.199312E+06	9.669537E+01	5.867448E+01	5.568179E+03
9.87	-1.199312E+06	9.892792E+01	5.836648E+01	5.568179E+03
9.875	-1.199312E+06	1.027056E+02	5.797808E+01	5.568179E+03
9.88	-1.199312E+06	1.002201E+02	5.761667E+01	5.568179E+03
9.885	-1.199312E+06	9.991054E+01	5.705550E+01	5.568179E+03
9.89	-1.199312E+06	1.038208E+02	5.623291E+01	5.568179E+03
9.895	-1.199312E+06	1.018414E+02	5.547339E+01	5.568179E+03
9.9	-1.199312E+06	9.957261E+01	5.498241E+01	5.568179E+03
9.905	-1.199312E+06	9.758815E+01	5.488424E+01	5.568179E+03
9.91	-1.199312E+06	9.218801E+01	5.517868E+01	5.568179E+03
9.915	-1.199312E+06	9.809824E+01	5.559005E+01	5.568179E+03
9.92	-1.199312E+06	1.000170E+02	5.608450E+01	5.568179E+03
9.925	-1.199312E+06	9.740972E+01	5.659561E+01	5.568179E+03
9.93	-1.199312E+06	1.032477E+02	5.698004E+01	5.568179E+03
9.935	-1.199312E+06	1.007557E+02	5.727230E+01	5.568179E+03
9.94	-1.199312E+06	9.644187E+01	5.737456E+01	5.568179E+03
9.945	-1.199312E+06	9.696908E+01	5.743835E+01	5.568179E+03
9.95	-1.199312E+06	9.798974E+01	5.759734E+01	5.568179E+03
9.955	-1.199312E+06	9.907897E+01	5.759464E+01	5.568179E+03
9.96	-1.199312E+06	1.017944E+02	5.732658E+01	5.568179E+03
9.965	-1.199312E+06	9.562929E+01	5.696287E+01	5.568179E+03
9.97	-1.199312E+06	9.164826E+01	5.651512E+01	5.568179E+03
9.975	-1.199312E+06	1.017508E+02	5.620295E+01	5.568179E+03
9.98	-1.199312E+06	9.901127E+01	5.616744E+01	5.568179E+03
9.985	-1.199312E+06	9.949681E+01	5.595337E+01	5.568179E+03
9.99	-1.199312E+06	9.993190E+01	5.590179E+01	5.568179E+03
9.995	-1.199312E+06	9.903688E+01	5.616398E+01	5.568179E+03
10.0	-1.199312E+06	1.015325E+02	5.634783E+01	5.568179E+03
10.005	-1.199312E+06	9.829391E+01	5.645914E+01	5.568179E+03
10.01	-1.199312E+06	1.002068E+02	5.636862E+01	5.568179E+03
10.015	-1.199312E+06	1.027302E+02	5.602058E+01	5.568179E+03
10.02	-1.199312E+06	9.871386E+01	5.570359E+01	5.568179E+03
10.025	-1.199312E+06	9.668957E+01	5.542581E+01	5.568179E+03
10.03	-1.199312E+06	1.004583E+02	5.509186E+01	5.568179E+03
10.035	-1.199312E+06	9.451052E+01	5.498568E+01	5.568179E+03
10.04	-1.199312E+06	9.700471E+01	5.500982E+01	5.568179E+03
10.045	-1.199312E+06	1.079265E+02	5.504576E+01	5.568179E+03
10.05	-1.199312E+06	9.960795E+01	5.520876E+01	5.568179E+03
10.055	-1.199312E+06	9.999436E+01	5.519951E+01	5.568179E+03
10.06	-1.199312E+06	1.039180E+02	5.529476E+01	5.568179E+03
10.065	-1.199312E+06	1.020851E+02	5.572844E+01	5.568179E+03
10.07	-1.199312E+06	9.921394E+01	5.618504E+01	5.568179E+03
10.075	-1.199312E+06	1.015179E+02	5.656617E+01	5.568179E+03
10.08	-1.199312E+06	1.019456E+02	5.681109E+01	5.568179E+03
10.085	-1.199311E+06	9.895620E+01	5.661391E+01	5.568179E+03
10.09	-1.199312E+06	1.032943E+02	5.618314E+01	5.568179E+03
10.095	-1.199311E+06	9.822542E+01	5.566939E+01	5.568179E+03
10.1	-1.199312E+06	1.033702E+02	5.470741E+01	5.568179E+03
10.105	-1.199312E+06	9.976068E+01	5.389773E+01	5.568179E+03
10.11	-1.199311E+06	9.645335E+01	5.334262E+01	5.568179E+03
10.115	-1.199312E+06	1.064397E+02	5.303001E+01	5.568179E+03
10.12	-1.199311E+06	9.494706E+01	5.359914E+01	5.568179E+03
10.125	-1.199312E+06	1.006178E+02	5.440200E+01	5.568179E+03
10.13	-1.199312E+06	1.052911E+02	5.523352E+01	5.568179E+03
10.135	-1.199311E+06	9.883964E+01	5.616578E+01	5.568179E+03
10.14	-1.199312E+06	1.037785E+02	5.684558E+01	5.568179E+03
10.145	-1.199312E+06	1.054347E+02	5.744744E+01	5.568179E+03
10.15	-1.199312E+06	1.090344E+02	5.774024E+01	5.568179E+03
10.155	-1.199312E+06	1.034955E+02	5.761412E+01	5.568179E+03
10.16	-1.199312E+06	1.061819E+02	5.721357E+01	5.568179E+03
10.165	-1.199312E+06	1.021092E+02	5.666486E+01	5.568179E+03
10.17	-1.199312E+06	1.050855E+02	5.584796E+01	5.568179E+03
10.175	-1.199312E+06	1.061501E+02	5.511886E+01	5.568179E+03
10.18	-1.199311E+06	9.669038E+01	5.468321E+01	5.568179E+03
10.185	-1.199312E+06	1.021303E+02	5.431023E+01	5.568179E+03
10.19	-1.199312E+06	9.945866E+01	5.418152E+01	5.568179E+03
10.195	-1.199312E+06	1.052268E+02	5.415521E+01	5.568179E+03
10.2	-1.199312E+06	1.087678E+02	5.419129E+01	5.568179E+03
10.205	-1.199312E+06	1.062720E+02	5.432102E+01	5.568179E+03
10.21	-1.199312E+06	1.092586E+02	5.461998E+01	5.568179E+03
10.215	-1.199312E+06	1.072009E+02	5.525000E+01	5.568179E+03
10.22	-1.199312E+06	1.072608E+02	5.612764E+01	5.568179E+03
10.225	-1.199312E+06	1.081731E+02	5.699748E+01	5.568179E+03
10.23	-1.199312E+06	1.115633E+02	5.765461E+01	5.568179E+03
10.235	-1.199312E+06	1.055393E+02	5.818258E+01	5.568179E+03
10.24	-1.199312E+06	1.034894E+02	5.819763E+01	5.568179E+03
10.245	-1.199312E+06	1.024725E+02	5.768426E+01	5.568179E+03
10.25	-1.199311E+06	1.023074E+02	5.687789E+01	5.568179E+03
10.255	-1.199312E+06	1.090495E+02	5.582405E+01	5.568179E+03
10.26	-1.199312E+06	1.046961E+02	5.498936E+01	5.568179E+03
10.265	-1.199312E+06	1.055391E+02	5.432936E+01	5.568179E+03
10.27	-1.199312E+06	1.035837E+02	5.381752E+01	5.568179E+03
10.275	-1.199311E+06	9.698589E+01	5.385463E+01	5.568179E+03
10.28	-1.199312E+06	1.059152E+02	5.438007E+01	5.568179E+03
10.285	-1.199312E+06	1.125474E+02	5.526604E+01	5.568179E+03
10.29	-1.199312E+06	1.094991E+02	5.617779E+01	5.568179E+03
10.295	-1.199311E+06	1.048441E+02	5.672715E+01	5.568179E+03
10.3	-1.199312E+06	1.060574E+02	5.709077E+01	5.568179E+03
10.305	-1.199312E+06	1.056251E+02	5.729379E+01	5.568179E+03
10.31	-1.199311E+06	1.055230E+02	5.714993E+01	5.568179E+03
10.315	-1.199312E+06	1.072213E+02	5.682234E+01	5.568179E+03
10.32	-1.199311E+06	1.062591E+02	5.624040E+01	5.568179E+03
10.325	-1.199312E+06	1.064251E+02	5.541506E+01	5.568179E+03
10.33	-1.199311E+06	1.035543E+02	5.474075E+01	5.568179E+03
10.335	-1.199312E+06	1.065210E+02	5.424457E+01	5.568179E+03
10.34	-1.199312E+06	1.072221E+02	5.421399E+01	5.568179E+03
10.345	-1.199312E+06	1.099676E+02	5.460284E+01	5.568179E+03
10.35	-1.199312E+06	1.143381E+02	5.486691E+01	5.568179E+03
10.355	-1.199312E+06	1.109613E+02	5.495317E+01	5.568179E+03
10.36	-1.199311E+06	1.082490E+02	5.502796E+01	5.568179E+03
10.365	-1.199311E+06	1.132345E+02	5.507023E+01	5.568179E+03
10.37	-1.199312E+06	1.194933E+02	5.518412E+01	5.568179E+03
10.375	-1.199311E+06	1.089880E+02	5.559929E+01	5.568179E+03
10.38	-1.199311E+06	1.141793E+02	5.589723E+01	5.568179E+03
10.385	-1.199312E+06	1.190842E+02	5.611263E+01	5.568179E+03
10.39	-1.199311E+06	1.094556E+02	5.635707E+01	5.568179E+03
10.395	-1.199312E+06	1.161454E+02	5.632345E+01	5.568179E+03
10.4	-1.199311E+06	1.096419E+02	5.627218E+01	5.568179E+03
10.405	-1.199311E+06	1.094908E+02	5.593427E+01	5.568179E+03
10.41	-1.199312E+06	1.175397E+02	5.524065E+01	5.568179E+03
10.415	-1.199311E+06	1.159825E+02	5.463029E+01	5.568179E+03
10.42	-1.199312E+06	1.163320E+02	5.412593E+01	5.568179E+03
10.425	-1.199311E+06	1.126604E+02	5.383101E+01	5.568179E+03
10.43	-1.199311E+06	1.146647E+02	5.381655E+01	5.568179E+03
10.435	-1.199311E+06	1.135597E+02	5.391393E+01	5.568179E+03
10.44	-1.199311E+06	1.167772E+02	5.387472E+01	5.568179E+03
10.445	-1.199311E+06	1.161861E+02	5.383045E+01	5.568179E+03
10.45	-1.199311E+06	1.141707E+02	5.374995E+01	5.568179E+03
10.455	-1.199312E+06	1.199180E+02	5.353765E+01	5.568179E+03
10.46	-1.199311E+06	1.103355E+02	5.333714E+01	5.568179E+03
10.465	-1.199311E+06	1.142818E+02	5.288508E+01	5.568179E+03
10.47	-1.199311E+06	1.144752E+02	5.239311E+01	5.568179E+03
10.475	-1.199311E+06	1.037880E+02	5.204588E+01	5.568179E+03
10.48	-1.199311E+06	1.095703E+02	5.189971E+01	5.568179E+03
10.485	-1.199311E+06	1.153784E+02	5.226214E+01	5.568179E+03
10.49	-1.199311E+06	1.207335E+02	5.269141E+01	5.568179E+03
10.495	-1.199311E+06	1.210352E+02	5.290577E+01	5.568179E+03
10.5	-1.199311E+06	1.186086E+02	5.323347E+01	5.568179E+03
10.505	-1.199311E+06	1.192914E+02	5.364607E+01	5.568179E+03
10.51	-1.199311E+06	1.218247E+02	5.394350E+01	5.568179E+03
10.515	-1.199311E+06	1.174239E+02	5.415936E+01	5.568179E+03
10.52	-1.199311E+06	1.204759E+02	5.402758E+01	5.568179E+03
10.525	-1.199311E+06	1.228358E+02	5.362530E+01	5.568179E+03
10.53	-1.199311E+06	1.161424E+02	5.330987E+01	5.568179E+03
10.535	-1.199311E+06	1.215245E+02	5.312151E+01	5.568179E+03
10.54	-1.199311E+06	1.232672E+02	5.306870E+01	5.568179E+03
10.545	-1.199311E+06	1.185151E+02	5.303089E+01	5.568179E+03
10.55	-1.199311E+06	1.183017E+02	5.281395E+01	5.568179E+03
10.555	-1.199311E+06	1.223589E+02	5.261149E+01	5.568179E+03
10.56	-1.199311E+06	1.184744E+02	5.271045E+01	5.568179E+03
10.565	-1.199311E+06	1.194904E+02	5.267279E+01	5.568179E+03
10.57	-1.199312E+06	1.309221E+02	5.247409E+01	5.568179E+03
10.575	-1.199311E+06	1.197435E+02	5.251466E+01	5.568179E+03
10.58	-1.199311E+06	1.243746E+02	5.246540E+01	5.568179E+03
10.585	-1.199311E+06	1.326653E+02	5.273233E+01	5.568179E+03
10.59	-1.199311E+06	1.213359E+02	5.324017E+01	5.568179E+03
10.595	-1.199311E+06	1.224005E+02	5.339056E+01	5.568179E+03
10.6	-1.199311E+06	1.207151E+02	5.363685E+01	5.568179E+03
10.605	-1.199311E+06	1.276054E+02	5.375531E+01	5.568179E+03
10.61	-1.199311E+06	1.238155E+02	5.363799E+01	5.568179E+03
10.615	-1.199311E+06	1.213469E+02	5.324784E+01	5.568179E+03
10.62	-1.199311E+06	1.263676E+02	5.244955E+01	5.568179E+03
10.625	-1.199311E+06	1.179218E+02	5.154224E+01	5.568179E+03
10.63	-1.199311E+06	1.180244E+02	5.068957E+01	5.568179E+03
10.635	-1.199311E+06	1.232506E+02	4.996716E+01	5.568179E+03
10.64	-1.199311E+06	1.302797E+02	4.927601E+01	5.568179E+03
10.645	-1.199311E+06	1.284822E+02	4.871343E+01	5.568179E+03
10.65	-1.199311E+06	1.268004E+02	4.838513E+01	5.568179E+03
10.655	-1.199311E+06	1.253821E+02	4.845477E+01	5.568179E+03
10.66	-1.199311E+06	1.233796E+02	4.906255E+01	5.568179E+03
10.665	-1.199311E+06	1.310249E+02	4.996859E+01	5.568179E+03
10.67	-1.199311E+06	1.291425E+02	5.097926E+01	5.568179E+03
10.675	-1.199311E+06	1.285130E+02	5.191290E+01	5.568179E+03
10.68	-1.199311E+06	1.256989E+02	5.267372E+01	5.568179E+03
10.685	-1.199311E+06	1.303484E+02	5.306761E+01	5.568179E+03
10.69	-1.199311E+06	1.272550E+02	5.324292E+01	5.568179E+03
10.695	-1.199311E+06	1.257973E+02	5.315067E+01	5.568179E+03
10.7	-1.199311E+06	1.306794E+02	5.292840E+01	5.568179E+03
10.705	-1.199311E+06	1.244012E+02	5.258854E+01	5.568179E+03
10.71	-1.199311E+06	1.306846E+02	5.187688E+01	5.568179E+03
10.715	-1.199311E+06	1.344445E+02	5.109735E+01	5.568179E+03
10.72	-1.199311E+06	1.371803E+02	5.015014E+01	5.568179E+03
10.725	-1.199311E+06	1.371826E+02	4.930979E+01	5.568179E+03
10.73	-1.199311E+06	1.367821E+02	4.881217E+01	5.568179E+03
10.735	-1.199311E+06	1.402413E+02	4.836206E+01	5.568179E+03
10.74	-1.199311E+06	1.333889E+02	4.809645E+01	5.568179E+03
10.745	-1.199311E+06	1.430072E+02	4.792664E+01	5.568179E+03
10.75	-1.199311E+06	1.389235E+02	4.796105E+01	5.568179E+03
10.755	-1.199311E+06	1.336159E+02	4.803057E+01	5.568179E+03
10.76	-1.199311E+06	1.338660E+02	4.820155E+01	5.568179E+03
10.765	-1.199311E+06	1.296297E+02	4.866376E+01	5.568179E+03
10.77	-1.199311E+06	1.363648E+02	4.922622E+01	5.568179E+03
10.775	-1.199311E+06	1.359823E+02	4.981315E+01	5.568179E+03
10.78	-1.199311E+06	1.394456E+02	5.009223E+01	5.568179E+03
10.785	-1.199311E+06	1.343731E+02	5.012596E+01	5.568179E+03
10.79	-1.199310E+06	1.296436E+02	5.003179E+01	5.568179E+03
10.795	-1.199311E+06	1.409642E+02	4.973773E+01	5.568179E+03
10.8	-1.199311E+06	1.427597E+02	4.934306E+01	5.568179E+03
10.805	-1.199311E+06	1.421475E+02	4.862617E+01	5.568179E+03
10.81	-1.199311E+06	1.399713E+02	4.767703E+01	5.568179E+03
10.815	-1.199311E+06	1.371989E+02	4.700856E+01	5.568179E+03
10.82	-1.199311E+06	1.390543E+02	4.682101E+01	5.568179E+03
10.825	-1.199311E+06	1.409325E+02	4.688391E+01	5.568179E+03
10.83	-1.199311E+06	1.450756E+02	4.697300E+01	5.568179E+03
10.835	-1.199311E+06	1.414010E+02	4.712081E+01	5.568179E+03
10.84	-1.199311E+06	1.409369E+02	4.724960E+01	5.568179E+03
10.845	-1.199311E+06	1.380884E+02	4.753394E+01	5.568179E+03
10.85	-1.199311E+06	1.340969E+02	4.801617E+01	5.568179E+03
10.855	-1.199311E+06	1.377808E+02	4.858572E+01	5.568179E+03
10.86	-1.199311E+06	1.443356E+02	4.914501E+01	5.568179E+03
10.865	-1.199311E+06	1.407612E+02	4.960657E+01	5.568179E+03
10.87	-1.199310E+06	1.433970E+02	4.974737E+01	5.568179E+03
10.875	-1.199311E+06	1.551515E+02	4.954584E+01	5.568179E+03
10.88	-1.199311E+06	1.515435E+02	4.922325E+01	5.568179E+03
10.885	-1.199310E+06	1.461392E+02	4.898361E+01	5.568179E+03
10.89	-1.199311E+06	1.467062E+02	4.920318E+01	5.568179E+03
10.895	-1.199311E+06	1.491696E+02	4.967270E+01	5.568179E+03
10.9	-1.199311E+06	1.463155E+02	4.999510E+01	5.568179E+03
10.905	-1.199310E+06	1.463100E+02	5.001675E+01	5.568179E+03
10.91	-1.199311E+06	1.648651E+02	4.958516E+01	5.568179E+03
10.915	-1.199310E+06	1.534697E+02	4.907786E+01	5.568179E+03
10.92	-1.199310E+06	1.418214E+02	4.846391E+01	5.568179E+03
10.925	-1.199311E+06	1.483315E+02	4.807579E+01	5.568179E+03
10.93	-1.199310E+06	1.478035E+02	4.816533E+01	5.568179E+03
10.935	-1.199311E+06	1.547730E+02	4.837792E+01	5.568179E+03
10.94	-1.199310E+06	1.521759E+02	4.913751E+01	5.568179E+03
10.945	-1.199311E+06	1.640035E+02	5.009892E+01	5.568179E+03
10.95	-1.199311E+06	1.664323E+02	5.072985E+01	5.568179E+03
10.955	-1.199310E+06	1.561213E+02	5.085160E+01	5.568179E+03
10.96	-1.199311E+06	1.571045E+02	5.050789E+01	5.568179E+03
10.965	-1.199310E+06	1.532512E+02	5.006190E+01	5.568179E+03
10.97	-1.199311E+06	1.607208E+02	4.967807E+01	5.568179E+03
10.975	-1.199310E+06	1.539861E+02	4.973051E+01	5.568179E+03
10.98	-1.199311E+06	1.581064E+02	4.990247E+01	5.568179E+03
10.985	-1.199311E+06	1.641449E+02	5.031415E+01	5.568179E+03
10.99	-1.199310E+06	1.528828E+02	5.098542E+01	5.568179E+03
10.995	-1.199310E+06	1.555955E+02	5.140472E+01	5.568179E+03
11.0	-1.199310E+06	1.554193E+02	5.192921E+01	5.568179E+03
11.005	-1.199311E+06	1.550875E+02	5.226407E+01	5.568179E+03
11.01	-1.199310E+06	1.559593E+02	5.214917E+01	5.568179E+03
11.015	-1.199311E+06	1.672103E+02	5.196506E+01	5.568179E+03
11.02	-1.199311E+06	1.729134E+02	5.156494E+01	5.568179E+03
11.025	-1.199310E+06	1.661579E+02	5.089910E+01	5.568179E+03
11.03	-1.199310E+06	1.657649E+02	5.033947E+01	5.568179E+03
11.035	-1.199310E+06	1.679687E+02	4.978225E+01	5.568179E+03
11.04	-1.199311E+06	1.683287E+02	4.923535E+01	5.568179E+03
11.045	-1.199310E+06	1.564585E+02	4.901353E+01	5.568179E+03
11.05	-1.199310E+06	1.643610E+02	4.885561E+01	5.568179E+03
11.055	-1.199311E+06	1.686199E+02	4.917256E+01	5.568179E+03
11.06	-1.199310E+06	1.569691E+02	4.988493E+01	5.568179E+03
11.065	-1.199310E+06	1.590289E+02	5.047783E+01	5.568179E+03
11.07	-1.199310E+06	1.620521E+02	5.130867E+01	5.568179E+03
11.075	-1.199311E+06	1.801241E+02	5.206095E+01	5.568179E+03
11.08	-1.199310E+06	1.812016E+02	5.268916E+01	5.568179E+03
11.085	-1.199310E+06	1.803231E+02	5.317795E+01	5.568179E+03
11.09	-1.199311E+06	1.774419E+02	5.313289E+01	5.568179E+03
11.095	-1.199310E+06	1.645247E+02	5.246090E+01	5.568179E+03
11.1	-1.199310E+06	1.709859E+02	5.153228E+01	5.568179E+03
11.105	-1.199310E+06	1.709962E+02	5.081804E+01	5.568179E+03
11.11	-1.199310E+06	1.770379E+02	5.011367E+01	5.568179E+03
11.115	-1.199310E+06	1.779693E+02	4.955464E+01	5.568179E+03
11.12	-1.199310E+06	1.786011E+02	4.917899E+01	5.568179E+03
11.125	-1.199310E+06	1.824394E+02	4.908313E+01	5.568179E+03
11.13	-1.199310E+06	1.735575E+02	4.956398E+01	5.568179E+03
11.135	-1.199310E+06	1.726217E+02	5.031435E+01	5.568179E+03
11.14	-1.199310E+06	1.733777E+02	5.124515E+01	5.568179E+03
11.145	-1.199310E+06	1.801528E+02	5.226933E+01	5.568179E+03
11.15	-1.199310E+06	1.800924E+02	5.309974E+01	5.568179E+03
11.155	-1.199310E+06	1.840882E+02	5.349978E+01	5.568179E+03
11.16	-1.199310E+06	1.846604E+02	5.362469E+01	5.568179E+03
11.165	-1.199310E+06	1.755498E+02	5.345196E+01	5.568179E+03
11.17	-1.199310E+06	1.809013E+02	5.286202E+01	5.568179E+03
11.175	-1.199310E+06	1.810017E+02	5.217092E+01	5.568179E+03
11.18	-1.199310E+06	1.853521E+02	5.139354E+01	5.568179E+03
11.185	-1.199310E+06	1.977701E+02	5.047618E+01	5.568179E+03
11.19	-1.199310E+06	1.947589E+02	4.995721E+01	5.568179E+03
11.195	-1.199310E+06	1.894138E+02	4.993785E+01	5.568179E+03
11.2	-1.199310E+06	1.877907E+02	5.020043E+01	5.568179E+03
11.205	-1.199310E+06	1.864728E+02	5.100623E+01	5.568179E+03
11.21	-1.199310E+06	1.887669E+02	5.200807E+01	5.568179E+03
11.215	-1.199310E+06	1.943726E+02	5.285372E+01	5.568179E+03
11.22	-1.199310E+06	1.930106E+02	5.366814E+01	5.568179E+03
11.225	-1.199310E+06	1.933635E+02	5.404280E+01	5.568179E+03
11.23	-1.199310E+06	1.906910E+02	5.419919E+01	5.568179E+03
11.235	-1.199310E+06	1.921042E+02	5.399972E+01	5.568179E+03
11.24	-1.199310E+06	1.957218E+02	5.297123E+01	5.568179E+03
11.245	-1.199309E+06	1.792224E+02	5.222927E+01	5.568179E+03
11.25	-1.199310E+06	1.867208E+02	5.220965E+01	5.568179E+03
11.255	-1.199310E+06	2.046574E+02	5.238060E+01	5.568179E+03
11.26	-1.199310E+06	2.085660E+02	5.242590E+01	5.568179E+03
11.265	-1.199310E+06	2.024810E+02	5.209792E+01	5.568179E+03
11.27	-1.199309E+06	1.908880E+02	5.177214E+01	5.568179E+03
11.275	-1.199310E+06	2.036901E+02	5.180347E+01	5.568179E+03
11.28	-1.199309E+06	1.902935E+02	5.215406E+01	5.568179E+03
11.285	-1.199310E+06	2.030490E+02	5.239136E+01	5.568179E+03
11.29	-1.199310E+06	2.110139E+02	5.293792E+01	5.568179E+03
11.295	-1.199309E+06	1.961721E+02	5.346499E+01	5.568179E+03
11.3	-1.199310E+06	2.105348E+02	5.401184E+01	5.568179E+03
11.305	-1.199309E+06	1.984861E+02	5.501902E+01	5.568179E+03
11.31	-1.199310E+06	2.133216E+02	5.545037E+01	5.568179E+03
11.315	-1.199310E+06	2.094600E+02	5.585010E+01	5.568179E+03
11.32	-1.199309E+06	2.095263E+02	5.596302E+01	5.568179E+03
11.325	-1.199310E+06	2.303425E+02	5.574378E+01	5.568179E+03
11.33	-1.199309E+06	2.079641E+02	5.562515E+01	5.568179E+03
11.335	-1.199310E+06	2.134912E+02	5.505509E+01	5.568179E+03
11.34	-1.199310E+06	2.149478E+02	5.483594E+01	5.568179E+03
11.345	-1.199310E+06	2.171338E+02	5.419313E+01	5.568179E+03
11.35	-1.199310E+06	2.144017E+02	5.302596E+01	5.568179E+03
11.355	-1.199309E+06	2.085555E+02	5.234761E+01	5.568179E+03
11.36	-1.199310E+06	2.297775E+02	5.177078E+01	5.568179E+03
11.365	-1.199310E+06	2.086604E+02	5.195265E+01	5.568179E+03
11.37	-1.199309E+06	2.000905E+02	5.301177E+01	5.568179E+03
11.375	-1.199310E+06	2.231860E+02	5.424207E+01	5.568179E+03
11.38	-1.199310E+06	2.370135E+02	5.514711E+01	5.568179E+03
11.385	-1.199309E+06	2.230609E+02	5.564599E+01	5.568179E+03
11.39	-1.199309E+06	2.182697E+02	5.575727E+01	5.568179E+03
11.395	-1.199310E+06	2.311968E+02	5.536295E+01	5.568179E+03
11.4	-1.199309E+06	2.095304E+02	5.476250E+01	5.568179E+03
11.405	-1.199309E+06	2.105340E+02	5.396796E+01	5.568179E+03
11.41	-1.199310E+06	2.253867E+02	5.330797E+01	5.568179E+03
11.415	-1.199310E+06	2.330911E+02	5.289556E+01	5.568179E+03
11.42	-1.199309E+06	2.280863E+02	5.249692E+01	5.568179E+03
11.425	-1.199309E+06	2.215759E+02	5.247732E+01	5.568179E+03
11.43	-1.199310E+06	2.284611E+02	5.298532E+01	5.568179E+03
11.435	-1.199309E+06	2.234998E+02	5.332008E+01	5.568179E+03
11.44	-1.199309E+06	2.170293E+02	5.375407E+01	5.568179E+03
11.445	-1.199309E+06	2.241205E+02	5.449853E+01	5.568179E+03
11.45	-1.199310E+06	2.379344E+02	5.491009E+01	5.568179E+03
11.455	-1.199309E+06	2.223874E+02	5.538421E+01	5.568179E+03
11.46	-1.199309E+06	2.281825E+02	5.568336E+01	5.568179E+03
11.465	-1.199309E+06	2.482178E+02	5.567440E+01	5.568179E+03
11.47	-1.199309E+06	2.394441E+02	5.579931E+01	5.568179E+03
11.475	-1.199309E+06	2.490150E+02	5.559152E+01	5.568179E+03
11.48	-1.199309E+06	2.465268E+02	5.524022E+01	5.568179E+03
11.485	-1.199309E+06	2.462814E+02	5.500066E+01	5.568179E+03
11.49	-1.199309E+06	2.432957E+02	5.498445E+01	5.568179E+03
11.495	-1.199309E+06	2.400949E+02	5.506024E+01	5.568179E+03
11.5	-1.199309E+06	2.476072E+02	5.527085E+01	5.568179E+03
11.505	-1.199309E+06	2.394693E+02	5.560798E+01	5.568179E+03
11.51	-1.199309E+06	2.520304E+02	5.568224E+01	5.568179E+03
11.515	-1.199309E+06	2.520513E+02	5.597355E+01	5.568179E+03
11.52	-1.199309E+06	2.437416E+02	5.677087E+01	5.568179E+03
11.525	-1.199309E+06	2.558217E+02	5.781506E+01	5.568179E+03
11.53	-1.199309E+06	2.532086E+02	5.880364E+01	5.568179E+03
11.535	-1.199309E+06	2.671648E+02	5.895933E+01	5.568179E+03
11.54	-1.199309E+06	2.645889E+02	5.871574E+01	5.568179E+03
11.545	-1.199309E+06	2.593584E+02	5.849367E+01	5.568179E+03
11.55	-1.199309E+06	2.557482E+02	5.802724E+01	5.568179E+03
11.555	-1.199309E+06	2.538374E+02	5.700781E+01	5.568179E+03
11.56	-1.199309E+06	2.513874E+02	5.581585E+01	5.568179E+03
11.565	-1.199309E+06	2.597677E+02	5.447078E+01	5.568179E+03
11.57	-1.199309E+06	2.599076E+02	5.342827E+01	5.568179E+03
11.575	-1.199308E+06	2.489438E+02	5.339510E+01	5.568179E+03
11.58	-1.199309E+06	2.691455E+02	5.369379E+01	5.568179E+03
11.585	-1.199309E+06	2.670500E+02	5.410134E+01	5.568179E+03
11.59	-1.199308E+06	2.476633E+02	5.479717E+01	5.568179E+03
11.595	-1.199309E+06	2.723807E+02	5.526056E+01	5.568179E+03
11.6	-1.199309E+06	2.748211E+02	5.604266E+01	5.568179E+03
11.605	-1.199308E+06	2.604394E+02	5.694275E+01	5.568179E+03
11.61	-1.199309E+06	2.771887E+02	5.741940E+01	5.568179E+03
11.615	-1.199309E+06	2.853759E+02	5.798593E+01	5.568179E+03
11.62	-1.199308E+06	2.612274E+02	5.829751E+01	5.568179E+03
11.625	-1.199309E+06	2.686164E+02	5.780363E+01	5.568179E+03
11.63	-1.199309E+06	2.708773E+02	5.720076E+01	5.568179E+03
11.635	-1.199308E+06	2.677567E+02	5.604298E+01	5.568179E+03
11.64	-1.199309E+06	2.839017E+02	5.468240E+01	5.568179E+03
11.645	-1.199308E+06	2.748162E+02	5.425185E+01	5.568179E+03
11.65	-1.199308E+06	2.947715E+02	5.394521E+01	5.568179E+03
11.655	-1.199309E+06	3.009055E+02	5.426432E+01	5.568179E+03
11.66	-1.199308E+06	2.793090E+02	5.503432E+01	5.568179E+03
11.665	-1.199308E+06	2.743895E+02	5.525316E+01	5.568179E+03
11.67	-1.199308E+06	2.865249E+02	5.560594E+01	5.568179E+03
11.675	-1.199309E+06	2.968220E+02	5.634333E+01	5.568179E+03
11.68	-1.199308E+06	2.826687E+02	5.691363E+01	5.568179E+03
11.685	-1.199309E+06	3.009970E+02	5.722857E+01	5.568179E+03
11.69	-1.199308E+06	2.889149E+02	5.790429E+01	5.568179E+03
11.695	-1.199308E+06	2.927038E+02	5.808440E+01	5.568179E+03
11.7	-1.199309E+06	3.162097E+02	5.807324E+01	5.568179E+03
11.705	-1.199308E+06	2.989864E+02	5.776569E+01	5.568179E+03
11.71	-1.199308E+06	2.996231E+02	5.618781E+01	5.568179E+03
11.715	-1.199308E+06	2.875839E+02	5.507620E+01	5.568179E+03
11.72	-1.199308E+06	2.907534E+02	5.450215E+01	5.568179E+03
11.725	-1.199308E+06	3.148706E+02	5.334439E+01	5.568179E+03
11.73	-1.199308E+06	3.011170E+02	5.239411E+01	5.568179E+03
11.735	-1.199308E+06	2.940594E+02	5.164690E+01	5.568179E+03
11.74	-1.199308E+06	2.834394E+02	5.140437E+01	5.568179E+03
11.745	-1.199308E+06	2.841334E+02	5.198112E+01	5.568179E+03
11.75	-1.199308E+06	3.096446E+02	5.274566E+01	5.568179E+03
11.755	-1.199308E+06	3.109799E+02	5.336187E+01	5.568179E+03
11.76	-1.199308E+06	3.086875E+02	5.383700E+01	5.568179E+03
11.765	-1.199307E+06	3.052278E+02	5.485946E+01	5.568179E+03
11.77	-1.199308E+06	3.127774E+02	5.597840E+01	5.568179E+03
11.775	-1.199307E+06	3.137945E+02	5.666687E+01	5.568179E+03
11.78	-1.199308E+06	3.222220E+02	5.636709E+01	5.568179E+03
11.785	-1.199307E+06	3.128315E+02	5.533600E+01	5.568179E+03
11.79	-1.199307E+06	3.179624E+02	5.432719E+01	5.568179E+03
11.795	-1.199308E+06	3.232291E+02	5.343339E+01	5.568179E+03
11.8	-1.199307E+06	3.053979E+02	5.253157E+01	5.568179E+03
11.805	-1.199307E+06	3.160488E+02	5.202930E+01	5.568179E+03
11.81	-1.199307E+06	3.295688E+02	5.206175E+01	5.568179E+03
11.815	-1.199307E+06	3.305476E+02	5.231179E+01	5.568179E+03
11.82	-1.199307E+06	3.249302E+02	5.321109E+01	5.568179E+03
11.825	-1.199307E+06	3.321884E+02	5.422877E+01	5.568179E+03
11.83	-1.199307E+06	3.290282E+02	5.480453E+01	5.568179E+03
11.835	-1.199307E+06	3.263682E+02	5.514510E+01	5.568179E+03
11.84	-1.199308E+06	3.539439E+02	5.494247E+01	5.568179E+03
11.845	-1.199307E+06	3.497808E+02	5.468680E+01	5.568179E+03
11.85	-1.199307E+06	3.428078E+02	5.464544E+01	5.568179E+03
11.855	-1.199307E+06	3.334767E+02	5.501268E+01	5.568179E+03
11.86	-1.199307E+06	3.379503E+02	5.523277E+01	5.568179E+03
11.865	-1.199307E+06	3.454703E+02	5.514690E+01	5.568179E+03
11.87	-1.199307E+06	3.603315E+02	5.437638E+01	5.568179E+03
11.875	-1.199307E+06	3.481313E+02	5.316581E+01	5.568179E+03
11.88	-1.199307E+06	3.331457E+02	5.206375E+01	5.568179E+03
11.885	-1.199307E+06	3.396370E+02	5.123501E+01	5.568179E+03
11.89	-1.199307E+06	3.528585E+02	5.027456E+01	5.568179E+03
11.895	-1.199307E+06	3.573722E+02	4.928164E+01	5.568179E+03
11.9	-1.199306E+06	3.551692E+02	4.877883E+01	5.568179E+03
11.905	-1.199307E+06	3.670285E+02	4.893769E+01	5.568179E+03
11.91	-1.199307E+06	3.647489E+02	4.974254E+01	5.568179E+03
11.915	-1.199306E+06	3.491278E+02	5.054106E+01	5.568179E+03
11.92	-1.199306E+06	3.527305E+02	5.141954E+01	5.568179E+03
11.925	-1.199307E+06	3.618524E+02	5.262418E+01	5.568179E+03
11.93	-1.199306E+06	3.580883E+02	5.325822E+01	5.568179E+03
11.935	-1.199306E+06	3.548459E+02	5.386075E+01	5.568179E+03
11.94	-1.199306E+06	3.634944E+02	5.454768E+01	5.568179E+03
11.945	-1.199307E+06	3.819694E+02	5.402759E+01	5.568179E+03
11.95	-1.199306E+06	3.672719E+02	5.285420E+01	5.568179E+03
11.955	-1.199306E+06	3.455521E+02	5.142496E+01	5.568179E+03
11.96	-1.199307E+06	3.672095E+02	5.026220E+01	5.568179E+03
11.965	-1.199306E+06	3.723142E+02	5.009042E+01	5.568179E+03
11.97	-1.199307E+06	3.794155E+02	5.002766E+01	5.568179E+03
11.975	-1.199306E+06	3.605943E+02	5.055672E+01	5.568179E+03
11.98	-1.199306E+06	3.742597E+02	5.091903E+01	5.568179E+03
11.985	-1.199306E+06	3.730812E+02	5.127138E+01	5.568179E+03
11.99	-1.199305E+06	3.568312E+02	5.242407E+01	5.568179E+03
11.995	-1.199307E+06	3.973984E+02	5.364145E+01	5.568179E+03
12.0	-1.199306E+06	4.044070E+02	5.464064E+01	5.568179E+03
12.005	-1.199306E+06	3.865920E+02	5.477140E+01	5.568179E+03
12.01	-1.199306E+06	3.762305E+02	5.407685E+01	5.568179E+03
12.015	-1.199305E+06	3.682495E+02	5.358510E+01	5.568179E+03
12.02	-1.199306E+06	3.845318E+02	5.336054E+01	5.568179E+03
12.025	-1.199305E+06	3.896800E+02	5.368381E+01	5.568179E+03
12.03	-1.199307E+06	4.309768E+02	5.386688E+01	5.568179E+03
12.035	-1.199306E+06	4.097838E+02	5.346130E+01	5.568179E+03
12.04	-1.199306E+06	4.050717E+02	5.212487E+01	5.568179E+03
12.045	-1.199306E+06	4.113448E+02	5.204539E+01	5.568179E+03
12.05	-1.199305E+06	4.021934E+02	5.336501E+01	5.568179E+03
12.055	-1.199307E+06	4.473787E+02	5.424446E+01	5.568179E+03
12.06	-1.199305E+06	4.232898E+02	5.504456E+01	5.568179E+03
12.065	-1.199305E+06	4.064522E+02	5.545333E+01	5.568179E+03
12.07	-1.199306E+06	4.173275E+02	5.702908E+01	5.568179E+03
12.075	-1.199305E+06	3.993351E+02	5.970722E+01	5.568179E+03
12.08	-1.199306E+06	4.234231E+02	6.106058E+01	5.568179E+03
12.085	-1.199305E+06	4.380925E+02	6.150223E+01	5.568179E+03
12.09	-1.199306E+06	4.437221E+02	6.069888E+01	5.568179E+03
12.095	-1.199305E+06	4.389909E+02	5.892516E+01	5.568179E+03
12.1	-1.199306E+06	4.498965E+02	5.662179E+01	5.568179E+03
12.105	-1.199305E+06	4.315230E+02	5.421242E+01	5.568179E+03
12.11	-1.199305E+06	4.156054E+02	5.130080E+01	5.568179E+03
12.115	-1.199305E+06	4.064693E+02	4.869477E+01	5.568179E+03
12.12	-1.199305E+06	4.040306E+02	4.815125E+01	5.568179E+03
12.125	-1.199306E+06	4.346497E+02	4.895416E+01	5.568179E+03
12.13	-1.199305E+06	4.370819E+02	5.084420E+01	5.568179E+03
12.135	-1.199305E+06	4.538038E+02	5.304362E+01	5.568179E+03
12.14	-1.199305E+06	4.509521E+02	5.448306E+01	5.568179E+03
12.145	-1.199305E+06	4.252835E+02	5.595683E+01	5.568179E+03
12.15	-1.199304E+06	4.129879E+02	5.737146E+01	5.568179E+03
12.155	-1.199305E+06	4.489479E+02	5.739794E+01	5.568179E+03
12.16	-1.199305E+06	4.454653E+02	5.767029E+01	5.568179E+03
12.165	-1.199304E+06	4.319877E+02	5.763737E+01	5.568179E+03
12.17	-1.199305E+06	4.507709E+02	5.615872E+01	5.568179E+03
12.175	-1.199304E+06	4.329355E+02	5.451192E+01	5.568179E+03
12.18	-1.199304E+06	4.448947E+02	5.224272E+01	5.568179E+03
12.185	-1.199305E+06	4.642594E+02	4.986024E+01	5.568179E+03
12.19	-1.199304E+06	4.594613E+02	4.873195E+01	5.568179E+03
12.195	-1.199305E+06	4.626776E+02	4.795979E+01	5.568179E+03
12.2	-1.199305E+06	4.778176E+02	4.725088E+01	5.568179E+03
12.205	-1.199305E+06	4.805927E+02	4.771438E+01	5.568179E+03
12.21	-1.199304E+06	4.698260E+02	4.890776E+01	5.568179E+03
12.215	-1.199305E+06	5.032553E+02	5.084833E+01	5.568179E+03
12.22	-1.199304E+06	4.980917E+02	5.347474E+01	5.568179E+03
12.225	-1.199304E+06	4.796745E+02	5.471238E+01	5.568179E+03
12.23	-1.199304E+06	4.618052E+02	5.561002E+01	5.568179E+03
12.235	-1.199304E+06	4.785498E+02	5.612006E+01	5.568179E+03
12.24	-1.199305E+06	5.065067E+02	5.581583E+01	5.568179E+03
12.245	-1.199303E+06	4.718506E+02	5.592871E+01	5.568179E+03
12.25	-1.199304E+06	4.760410E+02	5.531546E+01	5.568179E+03
12.255	-1.199304E+06	4.684447E+02	5.397658E+01	5.568179E+03
12.26	-1.199303E+06	4.643100E+02	5.260648E+01	5.568179E+03
12.265	-1.199304E+06	4.764001E+02	5.143511E+01	5.568179E+03
12.27	-1.199303E+06	4.816441E+02	5.055733E+01	5.568179E+03
12.275	-1.199305E+06	5.272299E+02	4.901551E+01	5.568179E+03
12.28	-1.199302E+06	4.778755E+02	4.763733E+01	5.568179E+03
12.285	-1.199304E+06	5.007518E+02	4.644598E+01	5.568179E+03
12.29	-1.199303E+06	4.818994E+02	4.681081E+01	5.568179E+03
12.295	-1.199303E+06	4.876262E+02	4.665615E+01	5.568179E+03
12.3	-1.199304E+06	5.061863E+02	4.678701E+01	5.568179E+03
12.305	-1.199302E+06	4.806883E+02	4.788572E+01	5.568179E+03
12.31	-1.199304E+06	5.018987E+02	4.841001E+01	5.568179E+03
12.315	-1.199303E+06	4.856162E+02	5.005690E+01	5.568179E+03
12.32	-1.199303E+06	4.925659E+02	5.159750E+01	5.568179E+03
12.325	-1.199304E+06	5.012444E+02	5.176091E+01	5.568179E+03
12.33	-1.199302E+06	4.775321E+02	5.164765E+01	5.568179E+03
12.335	-1.199303E+06	5.056108E+02	5.109217E+01	5.568179E+03
12.34	-1.199303E+06	5.256387E+02	5.007212E+01	5.568179E+03
12.345	-1.199303E+06	5.216474E+02	4.881532E+01	5.568179E+03
12.35	-1.199303E+06	5.312703E+02	4.753162E+01	5.568179E+03
12.355	-1.199303E+06	5.268059E+02	4.649499E+01	5.568179E+03
12.36	-1.199304E+06	5.376032E+02	4.542287E+01	5.568179E+03
12.365	-1.199302E+06	5.145314E+02	4.527291E+01	5.568179E+03
12.37	-1.199302E+06	5.180503E+02	4.615457E+01	5.568179E+03
12.375	-1.199303E+06	5.495279E+02	4.819000E+01	5.568179E+03
12.38	-1.199303E+06	5.391963E+02	4.978088E+01	5.568179E+03
12.385	-1.199303E+06	5.407436E+02	5.045136E+01	5.568179E+03
12.39	-1.199303E+06	5.498162E+02	5.188480E+01	5.568179E+03
12.395	-1.199302E+06	5.288235E+02	5.254653E+01	5.568179E+03
12.4	-1.199303E+06	5.402560E+02	5.220498E+01	5.568179E+03
12.405	-1.199303E+06	5.569614E+02	5.253022E+01	5.568179E+03
12.41	-1.199303E+06	5.670861E+02	5.146968E+01	5.568179E+03
12.415	-1.199302E+06	5.338428E+02	4.958259E+01	5.568179E+03
12.42	-1.199302E+06	5.266339E+02	4.836100E+01	5.568179E+03
12.425	-1.199304E+06	5.907848E+02	4.756032E+01	5.568179E+03
12.43	-1.199303E+06	5.694168E+02	4.817396E+01	5.568179E+03
12.435	-1.199302E+06	5.432935E+02	4.818527E+01	5.568179E+03
12.44	-1.199303E+06	5.661344E+02	4.687954E+01	5.568179E+03
12.445	-1.199302E+06	5.487007E+02	4.623644E+01	5.568179E+03
12.45	-1.199303E+06	5.720014E+02	4.570946E+01	5.568179E+03
12.455	-1.199302E+06	5.597282E+02	4.621409E+01	5.568179E+03
12.46	-1.199302E+06	5.617424E+02	4.676013E+01	5.568179E+03
12.465	-1.199303E+06	5.816786E+02	4.695041E+01	5.568179E+03
12.47	-1.199301E+06	5.321873E+02	4.762093E+01	5.568179E+03
12.475	-1.199302E+06	5.414398E+02	4.740809E+01	5.568179E+03
12.48	-1.199302E+06	5.483752E+02	4.725126E+01	5.568179E+03
12.485	-1.199301E+06	5.324649E+02	4.728701E+01	5.568179E+03
12.49	-1.199303E+06	5.732327E+02	4.667576E+01	5.568179E+03
12.495	-1.199302E+06	5.669809E+02	4.590401E+01	5.568179E+03
12.5	-1.199302E+06	5.633985E+02	4.406015E+01	5.568179E+03
12.505	-1.199302E+06	5.552574E+02	4.294761E+01	5.568179E+03
12.51	-1.199301E+06	5.634824E+02	4.335690E+01	5.568179E+03
12.515	-1.199303E+06	5.972895E+02	4.420184E+01	5.568179E+03
12.52	-1.199301E+06	5.690470E+02	4.459887E+01	5.568179E+03
12.525	-1.199302E+06	5.873520E+02	4.387702E+01	5.568179E+03
12.53	-1.199302E+06	5.832504E+02	4.438079E+01	5.568179E+03
12.535	-1.199302E+06	5.791646E+02	4.522011E+01	5.568179E+03
12.54	-1.199302E+06	5.716249E+02	4.634110E+01	5.568179E+03
12.545	-1.199301E+06	5.772108E+02	4.771603E+01	5.568179E+03
12.55	-1.199303E+06	6.269472E+02	4.775281E+01	5.568179E+03
12.555	-1.199301E+06	5.869393E+02	4.842159E+01	5.568179E+03
12.56	-1.199301E+06	5.818482E+02	4.862096E+01	5.568179E+03
12.565	-1.199302E+06	5.983551E+02	4.805704E+01	5.568179E+03
12.57	-1.199301E+06	5.901201E+02	4.857162E+01	5.568179E+03
12.575	-1.199302E+06	6.183211E+02	4.834846E+01	5.568179E+03
12.58	-1.199301E+06	6.191992E+02	4.678008E+01	5.568179E+03
12.585	-1.199301E+06	6.115720E+02	4.493454E+01	5.568179E+03
12.59	-1.199301E+06	6.142371E+02	4.368266E+01	5.568179E+03
12.595	-1.199302E+06	6.503011E+02	4.359201E+01	5.568179E+03
12.6	-1.199301E+06	6.337205E+02	4.390657E+01	5.568179E+03
12.605	-1.199301E+06	6.322429E+02	4.328178E+01	5.568179E+03
12.61	-1.199301E+06	6.317708E+02	4.292144E+01	5.568179E+03
12.615	-1.199300E+06	5.994721E+02	4.289173E+01	5.568179E+03
12.62	-1.199301E+06	6.130761E+02	4.333300E+01	5.568179E+03
12.625	-1.199301E+06	6.353411E+02	4.470497E+01	5.568179E+03
12.63	-1.199301E+06	6.149425E+02	4.524490E+01	5.568179E+03
12.635	-1.199301E+06	5.998830E+02	4.418285E+01	5.568179E+03
12.64	-1.199300E+06	6.012895E+02	4.388301E+01	5.568179E+03
12.645	-1.199301E+06	6.285693E+02	4.466363E+01	5.568179E+03
12.65	-1.199301E+06	6.370741E+02	4.490493E+01	5.568179E+03
12.655	-1.199300E+06	6.095604E+02	4.482339E+01	5.568179E+03
12.66	-1.199301E+06	6.169465E+02	4.328483E+01	5.568179E+03
12.665	-1.199301E+06	6.073789E+02	4.028147E+01	5.568179E+03
12.67	-1.199300E+06	5.646805E+02	3.842767E+01	5.568179E+03
12.675	-1.199300E+06	5.938174E+02	3.810222E+01	5.568179E+03
12.68	-1.199301E+06	6.365689E+02	3.839718E+01	5.568179E+03
12.685	-1.199300E+06	6.038373E+02	3.860802E+01	5.568179E+03
12.69	-1.199300E+06	5.966947E+02	3.825702E+01	5.568179E+03
12.695	-1.199301E+06	6.232003E+02	3.892138E+01	5.568179E+03
12.7	-1.199300E+06	6.275693E+02	4.144104E+01	5.568179E+03
12.705	-1.199300E+06	6.357562E+02	4.442875E+01	5.568179E+03
12.71	-1.199300E+06	6.490521E+02	4.671389E+01	5.568179E+03
12.715	-1.199301E+06	6.693448E+02	4.742538E+01	5.568179E+03
12.72	-1.199301E+06	6.497592E+02	4.616173E+01	5.568179E+03
12.725	-1.199300E+06	6.218506E+02	4.399816E+01	5.568179E+03
12.73	-1.199301E+06	6.511529E+02	4.304406E+01	5.568179E+03
12.735	-1.199301E+06	6.731979E+02	4.268940E+01	5.568179E+03
12.74	-1.199300E+06	6.516392E+02	4.200461E+01	5.568179E+03
12.745	-1.199300E+06	6.481388E+02	4.193872E+01	5.568179E+03
12.75	-1.199301E+06	6.791951E+02	4.182045E+01	5.568179E+03
12.755	-1.199300E+06	6.656142E+02	4.138512E+01	5.568179E+03
12.76	-1.199300E+06	6.545463E+02	4.142250E+01	5.568179E+03
12.765	-1.199301E+06	6.718086E+02	4.187874E+01	5.568179E+03
12.77	-1.199300E+06	6.574229E+02	4.265281E+01	5.568179E+03
12.775	-1.199301E+06	6.643717E+02	4.313252E+01	5.568179E+03
12.78	-1.199300E+06	6.583653E+02	4.352971E+01	5.568179E+03
12.785	-1.199300E+06	6.700663E+02	4.413473E+01	5.568179E+03
12.79	-1.199301E+06	6.556083E+02	4.489838E+01	5.568179E+03
12.795	-1.199299E+06	6.128896E+02	4.583543E+01	5.568179E+03
12.8	-1.199301E+06	6.762267E+02	4.600803E+01	5.568179E+03
12.805	-1.199300E+06	6.881829E+02	4.564415E+01	5.568179E+03
12.81	-1.199300E+06	6.580531E+02	4.490745E+01	5.568179E+03
12.815	-1.199300E+06	6.509692E+02	4.348704E+01	5.568179E+03
12.82	-1.199300E+06	6.588574E+02	4.149821E+01	5.568179E+03
12.825	-1.199300E+06	6.519129E+02	4.075950E+01	5.568179E+03
12.83	-1.199300E+06	6.461021E+02	4.071336E+01	5.568179E+03
12.835	-1.199301E+06	6.625103E+02	4.012905E+01	5.568179E+03
12.84	-1.199299E+06	6.009526E+02	4.070225E+01	5.568179E+03
12.845	-1.199299E+06	6.237201E+02	4.156006E+01	5.568179E+03
12.85	-1.199301E+06	6.842863E+02	4.316412E+01	5.568179E+03
12.855	-1.199299E+06	6.567792E+02	4.526675E+01	5.568179E+03
12.86	-1.199300E+06	6.746966E+02	4.616606E+01	5.568179E+03
12.865	-1.199300E+06	6.638990E+02	4.776235E+01	5.568179E+03
12.87	-1.199299E+06	6.456385E+02	4.896524E+01	5.568179E+03
12.875	-1.199300E+06	6.643981E+02	4.908214E+01	5.568179E+03
12.88	-1.199299E+06	6.520912E+02	4.922250E+01	5.568179E+03
12.885	-1.199300E+06	6.801541E+02	4.827277E+01	5.568179E+03
12.89	-1.199300E+06	6.824557E+02	4.712057E+01	5.568179E+03
12.895	-1.199300E+06	6.688606E+02	4.553039E+01	5.568179E+03
12.9	-1.199300E+06	6.670122E+02	4.424313E+01	5.568179E+03
12.905	-1.199300E+06	6.787662E+02	4.410967E+01	5.568179E+03
12.91	-1.199300E+06	6.852564E+02	4.445211E+01	5.568179E+03
12.915	-1.199299E+06	6.741980E+02	4.549728E+01	5.568179E+03
12.92	-1.199300E+06	7.200265E+02	4.550741E+01	5.568179E+03
12.925	-1.199300E+06	6.946293E+02	4.501116E+01	5.568179E+03
12.93	-1.199298E+06	6.352563E+02	4.616692E+01	5.568179E+03
12.935	-1.199300E+06	6.726396E+02	4.766202E+01	5.568179E+03
12.94	-1.199300E+06	6.854216E+02	4.887538E+01	5.568179E+03
12.945	-1.199299E+06	6.884094E+02	4.946318E+01	5.568179E+03
12.95	-1.199300E+06	7.077840E+02	4.922977E+01	5.568179E+03
12.955	-1.199300E+06	6.942860E+02	4.935817E+01	5.568179E+03
12.96	-1.199300E+06	6.792751E+02	4.900669E+01	5.568179E+03
12.965	-1.199300E+06	6.609583E+02	4.792678E+01	5.568179E+03
12.97	-1.199299E+06	6.438477E+02	4.669402E+01	5.568179E+03
12.975	-1.199300E+06	6.540041E+02	4.514466E+01	5.568179E+03
12.98	-1.199299E+06	6.458392E+02	4.477268E+01	5.568179E+03
12.985	-1.199300E+06	6.739653E+02	4.516956E+01	5.568179E+03
12.99	-1.199300E+06	6.852233E+02	4.518465E+01	5.568179E+03
12.995	-1.199299E+06	6.563246E+02	4.476637E+01	5.568179E+03
13.0	-1.199300E+06	6.877702E+02	4.463879E+01	5.568179E+03
13.005	-1.199300E+06	6.971572E+02	4.632296E+01	5.568179E+03
13.01	-1.199300E+06	6.968063E+02	4.803339E+01	5.568179E+03
13.015	-1.199300E+06	7.067317E+02	4.846101E+01	5.568179E+03
13.02	-1.199299E+06	6.713367E+02	4.856330E+01	5.568179E+03
13.025	-1.199300E+06	6.456112E+02	4.827936E+01	5.568179E+03
13.03	-1.199299E+06	6.203211E+02	4.861546E+01	5.568179E+03
13.035	-1.199300E+06	6.729464E+02	4.884513E+01	5.568179E+03
13.04	-1.199301E+06	7.196010E+02	4.918987E+01	5.568179E+03
13.045	-1.199299E+06	7.032743E+02	4.956994E+01	5.568179E+03
13.05	-1.199300E+06	7.274895E+02	4.881419E+01	5.568179E+03
13.055	-1.199300E+06	7.131297E+02	4.749425E+01	5.568179E+03
13.06	-1.199300E+06	6.925840E+02	4.535981E+01	5.568179E+03
13.065	-1.199300E+06	6.837854E+02	4.404939E+01	5.568179E+03
13.07	-1.199299E+06	6.677382E+02	4.402965E+01	5.568179E+03
13.075	-1.199300E+06	6.989082E+02	4.390450E+01	5.568179E+03
13.08	-1.199300E+06	6.882109E+02	4.436450E+01	5.568179E+03
13.085	-1.199299E+06	6.561115E+02	4.507723E+01	5.568179E+03
13.09	-1.199299E+06	6.518154E+02	4.598609E+01	5.568179E+03
13.095	-1.199300E+06	6.675399E+02	4.805803E+01	5.568179E+03
13.1	-1.199300E+06	6.812600E+02	5.063725E+01	5.568179E+03
13.105	-1.199300E+06	6.742293E+02	5.202559E+01	5.568179E+03
13.11	-1.199300E+06	6.777295E+02	5.295650E+01	5.568179E+03
13.115	-1.199300E+06	6.864477E+02	5.378796E+01	5.568179E+03
13.12	-1.199300E+06	6.741082E+02	5.339580E+01	5.568179E+03
13.125	-1.199299E+06	6.585584E+02	5.265292E+01	5.568179E+03
13.13	-1.199300E+06	6.858851E+02	5.095476E+01	5.568179E+03
13.135	-1.199300E+06	6.861419E+02	4.769344E+01	5.568179E+03
13.14	-1.199300E+06	6.758666E+02	4.497978E+01	5.568179E+03
13.145	-1.199300E+06	6.709152E+02	4.360521E+01	5.568179E+03
13.15	-1.199301E+06	6.779016E+02	4.213514E+01	5.568179E+03
13.155	-1.199299E+06	6.340699E+02	4.264046E+01	5.568179E+03
13.16	-1.199299E+06	6.432672E+02	4.361641E+01	5.568179E+03
13.165	-1.199300E+06	6.833066E+02	4.462483E+01	5.568179E+03
13.17	-1.199300E+06	6.889267E+02	4.703456E+01	5.568179E+03
13.175	-1.199300E+06	6.782844E+02	4.885891E+01	5.568179E+03
13.18	-1.199299E+06	6.342530E+02	5.037887E+01	5.568179E+03
13.185	-1.199300E+06	6.490738E+02	5.187499E+01	5.568179E+03
13.19	-1.199300E+06	6.714031E+02	5.275298E+01	5.568179E+03
13.195	-1.199300E+06	6.858729E+02	5.315839E+01	5.568179E+03
13.2	-1.199300E+06	6.773534E+02	5.310315E+01	5.568179E+03
13.205	-1.199300E+06	6.499307E+02	5.128853E+01	5.568179E+03
13.21	-1.199300E+06	6.522337E+02	4.774558E+01	5.568179E+03
13.215	-1.199299E+06	6.311713E+02	4.537267E+01	5.568179E+03
13.22	-1.199301E+06	6.746564E+02	4.450855E+01	5.568179E+03
13.225	-1.199301E+06	6.830460E+02	4.478735E+01	5.568179E+03
13.23	-1.199300E+06	6.384593E+02	4.524542E+01	5.568179E+03
13.235	-1.199300E+06	6.493004E+02	4.468970E+01	5.568179E+03
13.24	-1.199300E+06	6.542879E+02	4.461344E+01	5.568179E+03
13.245	-1.199300E+06	6.562529E+02	4.669551E+01	5.568179E+03
13.25	-1.199301E+06	6.953946E+02	4.958325E+01	5.568179E+03
13.255	-1.199299E+06	6.619390E+02	5.298972E+01	5.568179E+03
13.26	-1.199301E+06	6.784871E+02	5.504255E+01	5.568179E+03
13.265	-1.199301E+06	6.760034E+02	5.550121E+01	5.568179E+03
13.27	-1.199300E+06	6.401288E+02	5.558449E+01	5.568179E+03
13.275	-1.199300E+06	6.416655E+02	5.540693E+01	5.568179E+03
13.28	-1.199301E+06	6.791275E+02	5.479585E+01	5.568179E+03
13.285	-1.199300E+06	6.686615E+02	5.462869E+01	5.568179E+03
13.29	-1.199301E+06	6.797754E+02	5.350189E+01	5.568179E+03
13.295	-1.199301E+06	6.837503E+02	5.151556E+01	5.568179E+03
13.3	-1.199300E+06	6.549958E+02	5.015770E+01	5.568179E+03
13.305	-1.199301E+06	6.553730E+02	4.882146E+01	5.568179E+03
13.31	-1.199300E+06	6.418379E+02	4.859010E+01	5.568179E+03
13.315	-1.199301E+06	6.453200E+02	4.994650E+01	5.568179E+03
13.32	-1.199301E+06	6.551410E+02	5.044798E+01	5.568179E+03
13.325	-1.199301E+06	6.543229E+02	5.062416E+01	5.568179E+03
13.33	-1.199300E+06	6.069723E+02	5.244960E+01	5.568179E+03
