#t	totalEnergy 	temperature  	pressure 	volume 		PtensXX 	PtensXY 	PtensXZ 	PtensYX 	PtensYY 	PtensYZ 	PtensZX 	PtensZY 	PtensZZ
0.0	-1.199320E+06	2.999984E+02	1.647896E+01	5.568179E+03
0.005	-1.199330E+06	5.604689E+02	2.337001E+01	5.568179E+03
0.01	-1.199327E+06	6.841809E+02	3.796701E+01	5.568179E+03
0.015	-1.199326E+06	7.418643E+02	4.961100E+01	5.568179E+03
0.02	-1.199328E+06	7.879803E+02	5.868049E+01	5.568179E+03
0.025	-1.199325E+06	6.966104E+02	6.379665E+01	5.568179E+03
0.03	-1.199327E+06	7.044171E+02	6.654392E+01	5.568179E+03
0.035	-1.199327E+06	6.885092E+02	6.686366E+01	5.568179E+03
0.04	-1.199326E+06	6.585392E+02	6.398025E+01	5.568179E+03
0.045	-1.199327E+06	6.867038E+02	5.955173E+01	5.568179E+03
0.05	-1.199327E+06	6.888583E+02	5.262314E+01	5.568179E+03
0.055	-1.199327E+06	6.785154E+02	4.717461E+01	5.568179E+03
0.06	-1.199327E+06	6.732306E+02	4.452957E+01	5.568179E+03
0.065	-1.199327E+06	6.564665E+02	4.273710E+01	5.568179E+03
0.07	-1.199326E+06	6.346331E+02	4.266392E+01	5.568179E+03
0.075	-1.199327E+06	7.003691E+02	4.258729E+01	5.568179E+03
0.08	-1.199328E+06	7.229086E+02	4.478886E+01	5.568179E+03
0.085	-1.199325E+06	7.033792E+02	4.961749E+01	5.568179E+03
0.09	-1.199330E+06	7.993277E+02	5.280294E+01	5.568179E+03
0.095	-1.199326E+06	7.109525E+02	5.606056E+01	5.568179E+03
0.1	-1.199327E+06	7.006284E+02	5.670585E+01	5.568179E+03
0.105	-1.199329E+06	7.105944E+02	5.555176E+01	5.568179E+03
0.11	-1.199324E+06	5.981102E+02	5.519319E+01	5.568179E+03
0.115	-1.199328E+06	6.624028E+02	5.373879E+01	5.568179E+03
0.12	-1.199327E+06	6.564876E+02	5.359394E+01	5.568179E+03
0.125	-1.199327E+06	6.520860E+02	5.244413E+01	5.568179E+03
0.13	-1.199328E+06	6.749996E+02	4.949993E+01	5.568179E+03
0.135	-1.199326E+06	6.262904E+02	4.617816E+01	5.568179E+03
0.14	-1.199326E+06	6.247747E+02	4.302014E+01	5.568179E+03
0.145	-1.199327E+06	6.580209E+02	4.248439E+01	5.568179E+03
0.15	-1.199327E+06	6.499834E+02	4.310359E+01	5.568179E+03
0.155	-1.199327E+06	6.719455E+02	4.263878E+01	5.568179E+03
0.16	-1.199328E+06	7.034441E+02	4.162523E+01	5.568179E+03
0.165	-1.199327E+06	6.548024E+02	4.153980E+01	5.568179E+03
0.17	-1.199326E+06	6.433383E+02	4.481058E+01	5.568179E+03
0.175	-1.199328E+06	6.860095E+02	4.814509E+01	5.568179E+03
0.18	-1.199326E+06	6.444463E+02	5.065430E+01	5.568179E+03
0.185	-1.199327E+06	6.588372E+02	5.260970E+01	5.568179E+03
0.19	-1.199328E+06	6.674710E+02	5.131085E+01	5.568179E+03
0.195	-1.199326E+06	6.206575E+02	5.060531E+01	5.568179E+03
0.2	-1.199328E+06	6.618595E+02	5.025949E+01	5.568179E+03
0.205	-1.199327E+06	6.614160E+02	4.842826E+01	5.568179E+03
0.21	-1.199327E+06	6.953080E+02	4.586352E+01	5.568179E+03
0.215	-1.199328E+06	6.949674E+02	4.112654E+01	5.568179E+03
0.22	-1.199326E+06	6.251892E+02	3.888683E+01	5.568179E+03
0.225	-1.199328E+06	6.535376E+02	4.127606E+01	5.568179E+03
0.23	-1.199327E+06	6.374657E+02	4.454625E+01	5.568179E+03
0.235	-1.199327E+06	6.475824E+02	4.716295E+01	5.568179E+03
0.24	-1.199328E+06	7.032264E+02	4.815627E+01	5.568179E+03
0.245	-1.199327E+06	6.642060E+02	4.931912E+01	5.568179E+03
0.25	-1.199327E+06	6.374332E+02	5.193598E+01	5.568179E+03
0.255	-1.199328E+06	6.282586E+02	5.384051E+01	5.568179E+03
0.26	-1.199326E+06	5.964430E+02	5.484042E+01	5.568179E+03
0.265	-1.199328E+06	6.463972E+02	5.469858E+01	5.568179E+03
0.27	-1.199328E+06	6.637607E+02	5.275484E+01	5.568179E+03
0.275	-1.199326E+06	6.359457E+02	4.984084E+01	5.568179E+03
0.28	-1.199328E+06	6.686629E+02	4.691351E+01	5.568179E+03
0.285	-1.199327E+06	6.468087E+02	4.456532E+01	5.568179E+03
0.29	-1.199327E+06	6.436518E+02	4.209383E+01	5.568179E+03
0.295	-1.199328E+06	6.481605E+02	4.011980E+01	5.568179E+03
0.3	-1.199327E+06	6.163864E+02	3.930605E+01	5.568179E+03
0.305	-1.199327E+06	6.235508E+02	4.084818E+01	5.568179E+03
0.31	-1.199328E+06	6.672137E+02	4.558419E+01	5.568179E+03
0.315	-1.199328E+06	6.772294E+02	5.111434E+01	5.568179E+03
0.32	-1.199327E+06	6.433997E+02	5.546213E+01	5.568179E+03
0.325	-1.199328E+06	6.425710E+02	5.782157E+01	5.568179E+03
0.33	-1.199326E+06	6.019540E+02	5.907604E+01	5.568179E+03
0.335	-1.199327E+06	6.292737E+02	6.013920E+01	5.568179E+03
0.34	-1.199328E+06	6.500296E+02	6.077586E+01	5.568179E+03
0.345	-1.199326E+06	6.295182E+02	5.903244E+01	5.568179E+03
0.35	-1.199329E+06	6.548616E+02	5.450202E+01	5.568179E+03
0.355	-1.199327E+06	5.979319E+02	4.898025E+01	5.568179E+03
0.36	-1.199327E+06	5.955203E+02	4.450627E+01	5.568179E+03
0.365	-1.199328E+06	6.126667E+02	4.331655E+01	5.568179E+03
0.37	-1.199327E+06	6.030624E+02	4.337879E+01	5.568179E+03
0.375	-1.199329E+06	6.603406E+02	4.262925E+01	5.568179E+03
0.38	-1.199328E+06	6.451667E+02	4.104328E+01	5.568179E+03
0.385	-1.199327E+06	6.076349E+02	4.068767E+01	5.568179E+03
0.39	-1.199328E+06	6.133844E+02	4.504902E+01	5.568179E+03
0.395	-1.199328E+06	6.393831E+02	5.068197E+01	5.568179E+03
0.4	-1.199328E+06	6.460151E+02	5.408043E+01	5.568179E+03
0.405	-1.199328E+06	6.290287E+02	5.538062E+01	5.568179E+03
0.41	-1.199328E+06	5.834322E+02	5.540890E+01	5.568179E+03
0.415	-1.199328E+06	5.768044E+02	5.653549E+01	5.568179E+03
0.42	-1.199329E+06	5.912283E+02	5.844082E+01	5.568179E+03
0.425	-1.199327E+06	5.716351E+02	5.841851E+01	5.568179E+03
0.43	-1.199329E+06	6.361496E+02	5.551523E+01	5.568179E+03
0.435	-1.199329E+06	6.307089E+02	5.178970E+01	5.568179E+03
0.44	-1.199327E+06	6.050150E+02	4.789781E+01	5.568179E+03
0.445	-1.199330E+06	6.376626E+02	4.515398E+01	5.568179E+03
0.45	-1.199328E+06	5.736685E+02	4.397659E+01	5.568179E+03
0.455	-1.199328E+06	5.664539E+02	4.149847E+01	5.568179E+03
0.46	-1.199329E+06	5.775904E+02	3.934996E+01	5.568179E+03
0.465	-1.199328E+06	5.634343E+02	4.019580E+01	5.568179E+03
0.47	-1.199329E+06	5.897876E+02	4.371837E+01	5.568179E+03
0.475	-1.199329E+06	6.094506E+02	4.884540E+01	5.568179E+03
0.48	-1.199328E+06	5.804731E+02	5.454629E+01	5.568179E+03
0.485	-1.199328E+06	5.821633E+02	5.831249E+01	5.568179E+03
0.49	-1.199330E+06	6.056336E+02	5.924398E+01	5.568179E+03
0.495	-1.199327E+06	5.523112E+02	5.922608E+01	5.568179E+03
0.5	-1.199329E+06	5.831550E+02	5.768617E+01	5.568179E+03
0.505	-1.199329E+06	5.922970E+02	5.563289E+01	5.568179E+03
0.51	-1.199327E+06	5.501888E+02	5.317273E+01	5.568179E+03
0.515	-1.199330E+06	5.948149E+02	4.927549E+01	5.568179E+03
0.52	-1.199329E+06	5.796710E+02	4.665634E+01	5.568179E+03
0.525	-1.199329E+06	5.720732E+02	4.566545E+01	5.568179E+03
0.53	-1.199330E+06	5.875903E+02	4.599415E+01	5.568179E+03
0.535	-1.199328E+06	5.607965E+02	4.749217E+01	5.568179E+03
0.54	-1.199330E+06	6.039067E+02	4.767712E+01	5.568179E+03
0.545	-1.199330E+06	6.021209E+02	4.751715E+01	5.568179E+03
0.55	-1.199328E+06	5.485944E+02	4.851186E+01	5.568179E+03
0.555	-1.199329E+06	5.415447E+02	5.030426E+01	5.568179E+03
0.56	-1.199329E+06	5.401871E+02	5.201771E+01	5.568179E+03
0.565	-1.199329E+06	5.553706E+02	5.273096E+01	5.568179E+03
0.57	-1.199329E+06	5.595504E+02	5.178785E+01	5.568179E+03
0.575	-1.199329E+06	5.460239E+02	4.927104E+01	5.568179E+03
0.58	-1.199329E+06	5.323686E+02	4.782654E+01	5.568179E+03
0.585	-1.199329E+06	5.521614E+02	4.724254E+01	5.568179E+03
0.59	-1.199329E+06	5.550794E+02	4.661756E+01	5.568179E+03
0.595	-1.199329E+06	5.500277E+02	4.587560E+01	5.568179E+03
0.6	-1.199330E+06	5.739246E+02	4.434283E+01	5.568179E+03
0.605	-1.199330E+06	5.669884E+02	4.358702E+01	5.568179E+03
0.61	-1.199329E+06	5.340135E+02	4.476759E+01	5.568179E+03
0.615	-1.199329E+06	5.193443E+02	4.647593E+01	5.568179E+03
0.62	-1.199329E+06	5.140525E+02	4.876540E+01	5.568179E+03
0.625	-1.199330E+06	5.416323E+02	5.068313E+01	5.568179E+03
0.63	-1.199330E+06	5.384469E+02	5.078301E+01	5.568179E+03
0.635	-1.199329E+06	5.266923E+02	5.073257E+01	5.568179E+03
0.64	-1.199330E+06	5.707773E+02	5.116619E+01	5.568179E+03
0.645	-1.199329E+06	5.555131E+02	5.118355E+01	5.568179E+03
0.65	-1.199330E+06	5.423392E+02	4.969369E+01	5.568179E+03
0.655	-1.199330E+06	5.316035E+02	4.748775E+01	5.568179E+03
0.66	-1.199329E+06	4.971456E+02	4.598119E+01	5.568179E+03
0.665	-1.199330E+06	5.254498E+02	4.593509E+01	5.568179E+03
0.67	-1.199330E+06	5.528015E+02	4.694547E+01	5.568179E+03
0.675	-1.199330E+06	5.563257E+02	4.671709E+01	5.568179E+03
0.68	-1.199330E+06	5.424822E+02	4.512999E+01	5.568179E+03
0.685	-1.199330E+06	5.320741E+02	4.329119E+01	5.568179E+03
0.69	-1.199330E+06	5.103425E+02	4.350533E+01	5.568179E+03
0.695	-1.199330E+06	4.834471E+02	4.557461E+01	5.568179E+03
0.7	-1.199329E+06	4.723052E+02	4.753713E+01	5.568179E+03
0.705	-1.199330E+06	5.112560E+02	4.944377E+01	5.568179E+03
0.71	-1.199330E+06	5.237743E+02	5.053262E+01	5.568179E+03
0.715	-1.199330E+06	5.125091E+02	5.029534E+01	5.568179E+03
0.72	-1.199331E+06	5.303398E+02	5.036918E+01	5.568179E+03
0.725	-1.199330E+06	5.145560E+02	5.064723E+01	5.568179E+03
0.73	-1.199330E+06	4.948995E+02	4.977453E+01	5.568179E+03
0.735	-1.199330E+06	4.898214E+02	4.812168E+01	5.568179E+03
0.74	-1.199330E+06	4.792862E+02	4.661707E+01	5.568179E+03
0.745	-1.199331E+06	5.053848E+02	4.584915E+01	5.568179E+03
0.75	-1.199331E+06	4.983641E+02	4.656626E+01	5.568179E+03
0.755	-1.199330E+06	4.752034E+02	4.749836E+01	5.568179E+03
0.76	-1.199331E+06	4.994573E+02	4.750774E+01	5.568179E+03
0.765	-1.199331E+06	5.075426E+02	4.749390E+01	5.568179E+03
0.77	-1.199330E+06	4.876984E+02	4.842278E+01	5.568179E+03
0.775	-1.199331E+06	5.222877E+02	5.021279E+01	5.568179E+03
0.78	-1.199331E+06	4.965558E+02	5.290010E+01	5.568179E+03
0.785	-1.199330E+06	4.652272E+02	5.445329E+01	5.568179E+03
0.79	-1.199331E+06	4.866388E+02	5.439270E+01	5.568179E+03
0.795	-1.199331E+06	4.801965E+02	5.370395E+01	5.568179E+03
0.8	-1.199330E+06	4.697163E+02	5.262582E+01	5.568179E+03
0.805	-1.199331E+06	4.733878E+02	5.137053E+01	5.568179E+03
0.81	-1.199330E+06	4.542558E+02	4.981297E+01	5.568179E+03
0.815	-1.199331E+06	4.586072E+02	4.737774E+01	5.568179E+03
0.82	-1.199331E+06	4.552281E+02	4.461156E+01	5.568179E+03
0.825	-1.199330E+06	4.350970E+02	4.307540E+01	5.568179E+03
0.83	-1.199331E+06	4.788427E+02	4.346917E+01	5.568179E+03
0.835	-1.199332E+06	5.019118E+02	4.541607E+01	5.568179E+03
0.84	-1.199331E+06	4.604909E+02	4.719897E+01	5.568179E+03
0.845	-1.199331E+06	4.509348E+02	4.734353E+01	5.568179E+03
0.85	-1.199331E+06	4.244045E+02	4.745820E+01	5.568179E+03
0.855	-1.199331E+06	4.109625E+02	4.881030E+01	5.568179E+03
0.86	-1.199331E+06	4.368912E+02	5.108985E+01	5.568179E+03
0.865	-1.199331E+06	4.486484E+02	5.297565E+01	5.568179E+03
0.87	-1.199331E+06	4.630588E+02	5.313816E+01	5.568179E+03
0.875	-1.199332E+06	4.564847E+02	5.171562E+01	5.568179E+03
0.88	-1.199331E+06	4.271440E+02	5.026172E+01	5.568179E+03
0.885	-1.199332E+06	4.488514E+02	4.952547E+01	5.568179E+03
0.89	-1.199331E+06	4.189239E+02	4.977147E+01	5.568179E+03
0.895	-1.199331E+06	4.024671E+02	4.943605E+01	5.568179E+03
0.9	-1.199332E+06	4.569644E+02	4.786191E+01	5.568179E+03
0.905	-1.199332E+06	4.612926E+02	4.658921E+01	5.568179E+03
0.91	-1.199332E+06	4.578347E+02	4.590665E+01	5.568179E+03
0.915	-1.199332E+06	4.339583E+02	4.628348E+01	5.568179E+03
0.92	-1.199331E+06	4.273586E+02	4.741554E+01	5.568179E+03
0.925	-1.199333E+06	4.575388E+02	4.825798E+01	5.568179E+03
0.93	-1.199332E+06	4.404735E+02	4.878955E+01	5.568179E+03
0.935	-1.199332E+06	4.253993E+02	4.939452E+01	5.568179E+03
0.94	-1.199332E+06	4.144799E+02	5.065897E+01	5.568179E+03
0.945	-1.199332E+06	4.113949E+02	5.173768E+01	5.568179E+03
0.95	-1.199332E+06	4.100586E+02	5.216359E+01	5.568179E+03
0.955	-1.199332E+06	4.138013E+02	5.215182E+01	5.568179E+03
0.96	-1.199333E+06	4.346732E+02	5.139336E+01	5.568179E+03
0.965	-1.199332E+06	4.068454E+02	5.077925E+01	5.568179E+03
0.97	-1.199333E+06	4.157582E+02	4.996144E+01	5.568179E+03
0.975	-1.199332E+06	4.030714E+02	4.914892E+01	5.568179E+03
0.98	-1.199332E+06	3.906283E+02	4.742839E+01	5.568179E+03
0.985	-1.199333E+06	3.952887E+02	4.457443E+01	5.568179E+03
0.99	-1.199332E+06	3.839747E+02	4.281769E+01	5.568179E+03
0.995	-1.199333E+06	4.039483E+02	4.319062E+01	5.568179E+03
1.0	-1.199332E+06	3.973736E+02	4.476869E+01	5.568179E+03
1.005	-1.199332E+06	4.057236E+02	4.608123E+01	5.568179E+03
1.01	-1.199333E+06	4.328129E+02	4.647834E+01	5.568179E+03
1.015	-1.199332E+06	3.951272E+02	4.619470E+01	5.568179E+03
1.02	-1.199332E+06	3.759834E+02	4.660596E+01	5.568179E+03
1.025	-1.199333E+06	3.865844E+02	4.823048E+01	5.568179E+03
1.03	-1.199332E+06	3.715119E+02	4.939238E+01	5.568179E+03
1.035	-1.199333E+06	3.816096E+02	4.936997E+01	5.568179E+03
1.04	-1.199333E+06	3.857182E+02	4.870850E+01	5.568179E+03
1.045	-1.199333E+06	3.800976E+02	4.794826E+01	5.568179E+03
1.05	-1.199333E+06	3.800802E+02	4.859605E+01	5.568179E+03
1.055	-1.199333E+06	3.967718E+02	4.934681E+01	5.568179E+03
1.06	-1.199333E+06	3.949007E+02	4.875319E+01	5.568179E+03
1.065	-1.199332E+06	3.561853E+02	4.746488E+01	5.568179E+03
1.07	-1.199333E+06	3.470810E+02	4.606238E+01	5.568179E+03
1.075	-1.199332E+06	3.452030E+02	4.615959E+01	5.568179E+03
1.08	-1.199333E+06	3.803097E+02	4.744361E+01	5.568179E+03
1.085	-1.199334E+06	4.014597E+02	4.874528E+01	5.568179E+03
1.09	-1.199332E+06	3.557959E+02	4.959095E+01	5.568179E+03
1.095	-1.199333E+06	3.643396E+02	4.946339E+01	5.568179E+03
1.1	-1.199333E+06	3.666300E+02	4.999314E+01	5.568179E+03
1.105	-1.199333E+06	3.675284E+02	5.058706E+01	5.568179E+03
1.11	-1.199333E+06	3.508209E+02	5.077437E+01	5.568179E+03
1.115	-1.199333E+06	3.561395E+02	5.062796E+01	5.568179E+03
1.12	-1.199334E+06	3.853847E+02	4.971628E+01	5.568179E+03
1.125	-1.199333E+06	3.588192E+02	4.831694E+01	5.568179E+03
1.13	-1.199333E+06	3.529325E+02	4.712350E+01	5.568179E+03
1.135	-1.199334E+06	3.549209E+02	4.740113E+01	5.568179E+03
1.14	-1.199333E+06	3.380363E+02	4.868537E+01	5.568179E+03
1.145	-1.199334E+06	3.552524E+02	4.947683E+01	5.568179E+03
1.15	-1.199333E+06	3.363177E+02	4.967498E+01	5.568179E+03
1.155	-1.199333E+06	3.385306E+02	4.946112E+01	5.568179E+03
1.16	-1.199334E+06	3.623868E+02	5.059770E+01	5.568179E+03
1.165	-1.199333E+06	3.561434E+02	5.259313E+01	5.568179E+03
1.17	-1.199334E+06	3.573647E+02	5.344425E+01	5.568179E+03
1.175	-1.199334E+06	3.493881E+02	5.328232E+01	5.568179E+03
1.18	-1.199333E+06	3.330236E+02	5.209151E+01	5.568179E+03
1.185	-1.199333E+06	3.251636E+02	5.108763E+01	5.568179E+03
1.19	-1.199334E+06	3.387995E+02	5.091197E+01	5.568179E+03
1.195	-1.199334E+06	3.305943E+02	5.094840E+01	5.568179E+03
1.2	-1.199334E+06	3.226137E+02	5.054200E+01	5.568179E+03
1.205	-1.199334E+06	3.233870E+02	4.919804E+01	5.568179E+03
1.21	-1.199334E+06	3.062945E+02	4.797810E+01	5.568179E+03
1.215	-1.199334E+06	3.110605E+02	4.797402E+01	5.568179E+03
1.22	-1.199334E+06	3.192481E+02	4.903437E+01	5.568179E+03
1.225	-1.199333E+06	3.125039E+02	5.027241E+01	5.568179E+03
1.23	-1.199334E+06	3.449476E+02	5.017999E+01	5.568179E+03
1.235	-1.199334E+06	3.403678E+02	4.975537E+01	5.568179E+03
1.24	-1.199334E+06	3.183888E+02	4.949499E+01	5.568179E+03
1.245	-1.199334E+06	3.107638E+02	4.937588E+01	5.568179E+03
1.25	-1.199333E+06	2.998215E+02	5.023745E+01	5.568179E+03
1.255	-1.199334E+06	3.221661E+02	5.086188E+01	5.568179E+03
1.26	-1.199334E+06	3.342720E+02	5.100158E+01	5.568179E+03
1.265	-1.199334E+06	3.079441E+02	5.183332E+01	5.568179E+03
1.27	-1.199334E+06	3.068588E+02	5.265967E+01	5.568179E+03
1.275	-1.199334E+06	3.172512E+02	5.337963E+01	5.568179E+03
1.28	-1.199334E+06	3.075680E+02	5.356500E+01	5.568179E+03
1.285	-1.199334E+06	3.110471E+02	5.247428E+01	5.568179E+03
1.29	-1.199334E+06	3.188677E+02	5.128083E+01	5.568179E+03
1.295	-1.199334E+06	3.104980E+02	5.038700E+01	5.568179E+03
1.3	-1.199334E+06	3.042699E+02	4.967033E+01	5.568179E+03
1.305	-1.199334E+06	2.975200E+02	4.957010E+01	5.568179E+03
1.31	-1.199334E+06	2.903111E+02	4.959516E+01	5.568179E+03
1.315	-1.199335E+06	2.989207E+02	4.958571E+01	5.568179E+03
1.32	-1.199334E+06	2.903824E+02	5.047214E+01	5.568179E+03
1.325	-1.199334E+06	3.022861E+02	5.206953E+01	5.568179E+03
1.33	-1.199335E+06	3.044560E+02	5.370339E+01	5.568179E+03
1.335	-1.199334E+06	2.777437E+02	5.468284E+01	5.568179E+03
1.34	-1.199334E+06	2.820322E+02	5.491416E+01	5.568179E+03
1.345	-1.199335E+06	2.876633E+02	5.470256E+01	5.568179E+03
1.35	-1.199334E+06	2.794360E+02	5.436446E+01	5.568179E+03
1.355	-1.199334E+06	2.760553E+02	5.418923E+01	5.568179E+03
1.36	-1.199334E+06	2.880344E+02	5.375418E+01	5.568179E+03
1.365	-1.199335E+06	3.084482E+02	5.294835E+01	5.568179E+03
1.37	-1.199335E+06	2.925224E+02	5.169639E+01	5.568179E+03
1.375	-1.199334E+06	2.707377E+02	5.032717E+01	5.568179E+03
1.38	-1.199335E+06	2.695322E+02	5.051737E+01	5.568179E+03
1.385	-1.199335E+06	2.812825E+02	5.144213E+01	5.568179E+03
1.39	-1.199335E+06	2.770049E+02	5.179403E+01	5.568179E+03
1.395	-1.199334E+06	2.479788E+02	5.170899E+01	5.568179E+03
1.4	-1.199335E+06	2.670442E+02	5.077087E+01	5.568179E+03
1.405	-1.199335E+06	2.735456E+02	5.101962E+01	5.568179E+03
1.41	-1.199335E+06	2.819886E+02	5.221269E+01	5.568179E+03
1.415	-1.199335E+06	2.901507E+02	5.272938E+01	5.568179E+03
1.42	-1.199334E+06	2.698820E+02	5.297834E+01	5.568179E+03
1.425	-1.199335E+06	2.605974E+02	5.259293E+01	5.568179E+03
1.43	-1.199335E+06	2.432683E+02	5.239471E+01	5.568179E+03
1.435	-1.199335E+06	2.457849E+02	5.322200E+01	5.568179E+03
1.44	-1.199335E+06	2.688568E+02	5.411332E+01	5.568179E+03
1.445	-1.199335E+06	2.735018E+02	5.442899E+01	5.568179E+03
1.45	-1.199335E+06	2.723929E+02	5.388115E+01	5.568179E+03
1.455	-1.199335E+06	2.599833E+02	5.283116E+01	5.568179E+03
1.46	-1.199335E+06	2.700229E+02	5.202131E+01	5.568179E+03
1.465	-1.199335E+06	2.723339E+02	5.187162E+01	5.568179E+03
1.47	-1.199335E+06	2.595070E+02	5.168628E+01	5.568179E+03
1.475	-1.199336E+06	2.739486E+02	5.099809E+01	5.568179E+03
1.48	-1.199335E+06	2.531518E+02	5.065228E+01	5.568179E+03
1.485	-1.199335E+06	2.409854E+02	5.061946E+01	5.568179E+03
1.49	-1.199335E+06	2.513903E+02	5.154517E+01	5.568179E+03
1.495	-1.199335E+06	2.414211E+02	5.338796E+01	5.568179E+03
1.5	-1.199335E+06	2.493161E+02	5.458620E+01	5.568179E+03
1.505	-1.199335E+06	2.601717E+02	5.506027E+01	5.568179E+03
1.51	-1.199335E+06	2.539494E+02	5.500117E+01	5.568179E+03
1.515	-1.199335E+06	2.591126E+02	5.444518E+01	5.568179E+03
1.52	-1.199335E+06	2.500055E+02	5.385337E+01	5.568179E+03
1.525	-1.199335E+06	2.227390E+02	5.303195E+01	5.568179E+03
1.53	-1.199335E+06	2.319507E+02	5.174273E+01	5.568179E+03
1.535	-1.199335E+06	2.377020E+02	5.056627E+01	5.568179E+03
1.54	-1.199335E+06	2.344528E+02	4.992737E+01	5.568179E+03
1.545	-1.199335E+06	2.423026E+02	5.025545E+01	5.568179E+03
1.55	-1.199335E+06	2.400750E+02	5.130939E+01	5.568179E+03
1.555	-1.199335E+06	2.347906E+02	5.224125E+01	5.568179E+03
1.56	-1.199336E+06	2.426941E+02	5.268758E+01	5.568179E+03
1.565	-1.199335E+06	2.277440E+02	5.331287E+01	5.568179E+03
1.57	-1.199335E+06	2.141139E+02	5.440010E+01	5.568179E+03
1.575	-1.199336E+06	2.409959E+02	5.545045E+01	5.568179E+03
1.58	-1.199335E+06	2.309021E+02	5.641864E+01	5.568179E+03
1.585	-1.199335E+06	2.307836E+02	5.629637E+01	5.568179E+03
1.59	-1.199336E+06	2.400152E+02	5.557339E+01	5.568179E+03
1.595	-1.199335E+06	2.277160E+02	5.492798E+01	5.568179E+03
1.6	-1.199336E+06	2.389008E+02	5.414215E+01	5.568179E+03
1.605	-1.199335E+06	2.325286E+02	5.404952E+01	5.568179E+03
1.61	-1.199335E+06	2.250163E+02	5.383355E+01	5.568179E+03
1.615	-1.199336E+06	2.286001E+02	5.293029E+01	5.568179E+03
1.62	-1.199335E+06	2.284327E+02	5.231061E+01	5.568179E+03
1.625	-1.199336E+06	2.303476E+02	5.237148E+01	5.568179E+03
1.63	-1.199335E+06	2.172376E+02	5.338884E+01	5.568179E+03
1.635	-1.199336E+06	2.139842E+02	5.462341E+01	5.568179E+03
1.64	-1.199335E+06	2.125285E+02	5.532126E+01	5.568179E+03
1.645	-1.199336E+06	2.191373E+02	5.565358E+01	5.568179E+03
1.65	-1.199336E+06	2.231739E+02	5.620740E+01	5.568179E+03
1.655	-1.199335E+06	2.179725E+02	5.692498E+01	5.568179E+03
1.66	-1.199336E+06	2.174326E+02	5.734313E+01	5.568179E+03
1.665	-1.199336E+06	2.099749E+02	5.711595E+01	5.568179E+03
1.67	-1.199336E+06	2.089458E+02	5.568807E+01	5.568179E+03
1.675	-1.199336E+06	2.057770E+02	5.367995E+01	5.568179E+03
1.68	-1.199336E+06	2.037896E+02	5.220415E+01	5.568179E+03
1.685	-1.199336E+06	2.139395E+02	5.158773E+01	5.568179E+03
1.69	-1.199336E+06	2.037959E+02	5.179257E+01	5.568179E+03
1.695	-1.199336E+06	1.977470E+02	5.190837E+01	5.568179E+03
1.7	-1.199336E+06	1.958977E+02	5.191838E+01	5.568179E+03
1.705	-1.199336E+06	1.961770E+02	5.260219E+01	5.568179E+03
1.71	-1.199336E+06	2.130929E+02	5.416594E+01	5.568179E+03
1.715	-1.199336E+06	2.165886E+02	5.613866E+01	5.568179E+03
1.72	-1.199336E+06	2.067166E+02	5.746439E+01	5.568179E+03
1.725	-1.199336E+06	2.150295E+02	5.789971E+01	5.568179E+03
1.73	-1.199336E+06	2.102899E+02	5.823793E+01	5.568179E+03
1.735	-1.199336E+06	2.055671E+02	5.844423E+01	5.568179E+03
1.74	-1.199336E+06	2.114731E+02	5.832750E+01	5.568179E+03
1.745	-1.199336E+06	2.010015E+02	5.768015E+01	5.568179E+03
1.75	-1.199336E+06	1.984461E+02	5.618348E+01	5.568179E+03
1.755	-1.199336E+06	1.909670E+02	5.447450E+01	5.568179E+03
1.76	-1.199336E+06	1.925070E+02	5.291088E+01	5.568179E+03
1.765	-1.199336E+06	2.003588E+02	5.207401E+01	5.568179E+03
1.77	-1.199336E+06	1.937815E+02	5.208495E+01	5.568179E+03
1.775	-1.199336E+06	1.962324E+02	5.221467E+01	5.568179E+03
1.78	-1.199336E+06	1.967717E+02	5.238076E+01	5.568179E+03
1.785	-1.199336E+06	1.905761E+02	5.257744E+01	5.568179E+03
1.79	-1.199336E+06	1.937602E+02	5.329690E+01	5.568179E+03
1.795	-1.199336E+06	1.961435E+02	5.484486E+01	5.568179E+03
1.8	-1.199336E+06	1.831499E+02	5.635936E+01	5.568179E+03
1.805	-1.199336E+06	1.727576E+02	5.725803E+01	5.568179E+03
1.81	-1.199336E+06	1.818141E+02	5.746360E+01	5.568179E+03
1.815	-1.199336E+06	1.846606E+02	5.722780E+01	5.568179E+03
1.82	-1.199336E+06	1.867054E+02	5.685717E+01	5.568179E+03
1.825	-1.199336E+06	1.949820E+02	5.634137E+01	5.568179E+03
1.83	-1.199336E+06	1.926926E+02	5.531740E+01	5.568179E+03
1.835	-1.199336E+06	1.901553E+02	5.349975E+01	5.568179E+03
1.84	-1.199336E+06	1.849987E+02	5.182027E+01	5.568179E+03
1.845	-1.199336E+06	1.906048E+02	5.122879E+01	5.568179E+03
1.85	-1.199337E+06	1.929101E+02	5.164116E+01	5.568179E+03
1.855	-1.199336E+06	1.803690E+02	5.259988E+01	5.568179E+03
1.86	-1.199336E+06	1.854551E+02	5.354546E+01	5.568179E+03
1.865	-1.199336E+06	1.798866E+02	5.448085E+01	5.568179E+03
1.87	-1.199336E+06	1.774231E+02	5.565509E+01	5.568179E+03
1.875	-1.199337E+06	1.843881E+02	5.707657E+01	5.568179E+03
1.88	-1.199336E+06	1.816559E+02	5.819793E+01	5.568179E+03
1.885	-1.199337E+06	1.868135E+02	5.841794E+01	5.568179E+03
1.89	-1.199336E+06	1.768497E+02	5.788863E+01	5.568179E+03
1.895	-1.199336E+06	1.777844E+02	5.681046E+01	5.568179E+03
1.9	-1.199337E+06	1.844381E+02	5.573178E+01	5.568179E+03
1.905	-1.199337E+06	1.834888E+02	5.482138E+01	5.568179E+03
1.91	-1.199336E+06	1.736461E+02	5.382279E+01	5.568179E+03
1.915	-1.199336E+06	1.670064E+02	5.263593E+01	5.568179E+03
1.92	-1.199337E+06	1.703486E+02	5.189495E+01	5.568179E+03
1.925	-1.199336E+06	1.622902E+02	5.207475E+01	5.568179E+03
1.93	-1.199337E+06	1.728645E+02	5.288410E+01	5.568179E+03
1.935	-1.199337E+06	1.737387E+02	5.410390E+01	5.568179E+03
1.94	-1.199336E+06	1.693191E+02	5.479366E+01	5.568179E+03
1.945	-1.199337E+06	1.705427E+02	5.517505E+01	5.568179E+03
1.95	-1.199336E+06	1.549283E+02	5.582187E+01	5.568179E+03
1.955	-1.199337E+06	1.636418E+02	5.617816E+01	5.568179E+03
1.96	-1.199337E+06	1.628718E+02	5.687561E+01	5.568179E+03
1.965	-1.199336E+06	1.538096E+02	5.741465E+01	5.568179E+03
1.97	-1.199337E+06	1.651785E+02	5.689820E+01	5.568179E+03
1.975	-1.199336E+06	1.630074E+02	5.597416E+01	5.568179E+03
1.98	-1.199337E+06	1.637529E+02	5.495879E+01	5.568179E+03
1.985	-1.199337E+06	1.710765E+02	5.451338E+01	5.568179E+03
1.99	-1.199337E+06	1.690036E+02	5.449625E+01	5.568179E+03
1.995	-1.199337E+06	1.579674E+02	5.408704E+01	5.568179E+03
2.0	-1.199337E+06	1.617379E+02	5.343193E+01	5.568179E+03
2.005	-1.199337E+06	1.640204E+02	5.308263E+01	5.568179E+03
2.01	-1.199337E+06	1.676525E+02	5.355720E+01	5.568179E+03
2.015	-1.199337E+06	1.752086E+02	5.463258E+01	5.568179E+03
2.02	-1.199337E+06	1.579616E+02	5.540423E+01	5.568179E+03
2.025	-1.199337E+06	1.571539E+02	5.564822E+01	5.568179E+03
2.03	-1.199337E+06	1.603535E+02	5.605105E+01	5.568179E+03
2.035	-1.199337E+06	1.586195E+02	5.672858E+01	5.568179E+03
2.04	-1.199337E+06	1.646850E+02	5.738081E+01	5.568179E+03
2.045	-1.199337E+06	1.635499E+02	5.771851E+01	5.568179E+03
2.05	-1.199337E+06	1.612662E+02	5.731886E+01	5.568179E+03
2.055	-1.199337E+06	1.612469E+02	5.606172E+01	5.568179E+03
2.06	-1.199337E+06	1.624868E+02	5.463301E+01	5.568179E+03
2.065	-1.199337E+06	1.523916E+02	5.366154E+01	5.568179E+03
2.07	-1.199337E+06	1.485869E+02	5.297337E+01	5.568179E+03
2.075	-1.199337E+06	1.487271E+02	5.293604E+01	5.568179E+03
2.08	-1.199337E+06	1.516306E+02	5.313602E+01	5.568179E+03
2.085	-1.199337E+06	1.587772E+02	5.320939E+01	5.568179E+03
2.09	-1.199337E+06	1.560945E+02	5.415617E+01	5.568179E+03
2.095	-1.199337E+06	1.603983E+02	5.557163E+01	5.568179E+03
2.1	-1.199337E+06	1.601959E+02	5.677365E+01	5.568179E+03
2.105	-1.199337E+06	1.469814E+02	5.766056E+01	5.568179E+03
2.11	-1.199337E+06	1.414343E+02	5.752091E+01	5.568179E+03
2.115	-1.199337E+06	1.473480E+02	5.678464E+01	5.568179E+03
2.12	-1.199337E+06	1.538317E+02	5.616347E+01	5.568179E+03
2.125	-1.199337E+06	1.525994E+02	5.532931E+01	5.568179E+03
2.13	-1.199337E+06	1.488889E+02	5.425986E+01	5.568179E+03
2.135	-1.199337E+06	1.416140E+02	5.307152E+01	5.568179E+03
2.14	-1.199337E+06	1.418651E+02	5.191552E+01	5.568179E+03
2.145	-1.199337E+06	1.389454E+02	5.144773E+01	5.568179E+03
2.15	-1.199337E+06	1.387534E+02	5.172965E+01	5.568179E+03
2.155	-1.199337E+06	1.398866E+02	5.258815E+01	5.568179E+03
2.16	-1.199337E+06	1.411145E+02	5.363037E+01	5.568179E+03
2.165	-1.199338E+06	1.522120E+02	5.441414E+01	5.568179E+03
2.17	-1.199337E+06	1.430087E+02	5.525825E+01	5.568179E+03
2.175	-1.199337E+06	1.449359E+02	5.618988E+01	5.568179E+03
2.18	-1.199337E+06	1.471369E+02	5.720240E+01	5.568179E+03
2.185	-1.199337E+06	1.478397E+02	5.746389E+01	5.568179E+03
2.19	-1.199337E+06	1.483171E+02	5.675127E+01	5.568179E+03
2.195	-1.199337E+06	1.350086E+02	5.600067E+01	5.568179E+03
2.2	-1.199337E+06	1.426072E+02	5.542613E+01	5.568179E+03
2.205	-1.199337E+06	1.414223E+02	5.523398E+01	5.568179E+03
2.21	-1.199337E+06	1.408803E+02	5.488251E+01	5.568179E+03
2.215	-1.199337E+06	1.389309E+02	5.410470E+01	5.568179E+03
2.22	-1.199337E+06	1.359068E+02	5.337815E+01	5.568179E+03
2.225	-1.199338E+06	1.454364E+02	5.305002E+01	5.568179E+03
2.23	-1.199337E+06	1.400814E+02	5.334171E+01	5.568179E+03
2.235	-1.199337E+06	1.405340E+02	5.380347E+01	5.568179E+03
2.24	-1.199337E+06	1.393475E+02	5.418564E+01	5.568179E+03
2.245	-1.199337E+06	1.339885E+02	5.449293E+01	5.568179E+03
2.25	-1.199337E+06	1.359578E+02	5.480280E+01	5.568179E+03
2.255	-1.199337E+06	1.338838E+02	5.539325E+01	5.568179E+03
2.26	-1.199337E+06	1.352286E+02	5.612352E+01	5.568179E+03
2.265	-1.199337E+06	1.334295E+02	5.645737E+01	5.568179E+03
2.27	-1.199337E+06	1.363153E+02	5.609040E+01	5.568179E+03
2.275	-1.199337E+06	1.377967E+02	5.529030E+01	5.568179E+03
2.28	-1.199337E+06	1.366387E+02	5.419191E+01	5.568179E+03
2.285	-1.199337E+06	1.343382E+02	5.332231E+01	5.568179E+03
2.29	-1.199337E+06	1.288709E+02	5.295391E+01	5.568179E+03
2.295	-1.199337E+06	1.336911E+02	5.251945E+01	5.568179E+03
2.3	-1.199337E+06	1.332351E+02	5.202110E+01	5.568179E+03
2.305	-1.199337E+06	1.298890E+02	5.150507E+01	5.568179E+03
2.31	-1.199337E+06	1.309157E+02	5.132255E+01	5.568179E+03
2.315	-1.199337E+06	1.277828E+02	5.197217E+01	5.568179E+03
2.32	-1.199337E+06	1.291672E+02	5.278189E+01	5.568179E+03
2.325	-1.199338E+06	1.331404E+02	5.322122E+01	5.568179E+03
2.33	-1.199337E+06	1.270775E+02	5.355675E+01	5.568179E+03
2.335	-1.199337E+06	1.329033E+02	5.370617E+01	5.568179E+03
2.34	-1.199338E+06	1.380259E+02	5.397648E+01	5.568179E+03
2.345	-1.199337E+06	1.237978E+02	5.426896E+01	5.568179E+03
2.35	-1.199337E+06	1.242997E+02	5.398445E+01	5.568179E+03
2.355	-1.199338E+06	1.290112E+02	5.344562E+01	5.568179E+03
2.36	-1.199337E+06	1.246255E+02	5.277359E+01	5.568179E+03
2.365	-1.199338E+06	1.316847E+02	5.231948E+01	5.568179E+03
2.37	-1.199338E+06	1.359774E+02	5.260604E+01	5.568179E+03
2.375	-1.199338E+06	1.349978E+02	5.288716E+01	5.568179E+03
2.38	-1.199338E+06	1.297619E+02	5.286273E+01	5.568179E+03
2.385	-1.199338E+06	1.272940E+02	5.270751E+01	5.568179E+03
2.39	-1.199338E+06	1.281822E+02	5.262157E+01	5.568179E+03
2.395	-1.199338E+06	1.296224E+02	5.302276E+01	5.568179E+03
2.4	-1.199338E+06	1.272119E+02	5.363468E+01	5.568179E+03
2.405	-1.199338E+06	1.231329E+02	5.386204E+01	5.568179E+03
2.41	-1.199338E+06	1.254111E+02	5.383934E+01	5.568179E+03
2.415	-1.199338E+06	1.246615E+02	5.377089E+01	5.568179E+03
2.42	-1.199338E+06	1.254265E+02	5.352541E+01	5.568179E+03
2.425	-1.199338E+06	1.239552E+02	5.325683E+01	5.568179E+03
2.43	-1.199338E+06	1.165180E+02	5.291837E+01	5.568179E+03
2.435	-1.199338E+06	1.227112E+02	5.230241E+01	5.568179E+03
2.44	-1.199338E+06	1.267238E+02	5.170406E+01	5.568179E+03
2.445	-1.199337E+06	1.225354E+02	5.125068E+01	5.568179E+03
2.45	-1.199338E+06	1.254265E+02	5.095314E+01	5.568179E+03
2.455	-1.199337E+06	1.180479E+02	5.110603E+01	5.568179E+03
2.46	-1.199337E+06	1.171954E+02	5.130113E+01	5.568179E+03
2.465	-1.199338E+06	1.200474E+02	5.139397E+01	5.568179E+03
2.47	-1.199337E+06	1.168302E+02	5.165684E+01	5.568179E+03
2.475	-1.199337E+06	1.199392E+02	5.201798E+01	5.568179E+03
2.48	-1.199337E+06	1.193683E+02	5.255687E+01	5.568179E+03
2.485	-1.199337E+06	1.123894E+02	5.306256E+01	5.568179E+03
2.49	-1.199337E+06	1.154179E+02	5.290874E+01	5.568179E+03
2.495	-1.199338E+06	1.175818E+02	5.227995E+01	5.568179E+03
2.5	-1.199337E+06	1.124655E+02	5.182413E+01	5.568179E+03
2.505	-1.199338E+06	1.223460E+02	5.160085E+01	5.568179E+03
2.51	-1.199338E+06	1.171281E+02	5.170681E+01	5.568179E+03
2.515	-1.199337E+06	1.135022E+02	5.169223E+01	5.568179E+03
2.52	-1.199338E+06	1.197408E+02	5.141849E+01	5.568179E+03
2.525	-1.199338E+06	1.161207E+02	5.130173E+01	5.568179E+03
2.53	-1.199338E+06	1.215059E+02	5.144901E+01	5.568179E+03
2.535	-1.199338E+06	1.201946E+02	5.192218E+01	5.568179E+03
2.54	-1.199338E+06	1.179183E+02	5.217613E+01	5.568179E+03
2.545	-1.199338E+06	1.187190E+02	5.189311E+01	5.568179E+03
2.55	-1.199338E+06	1.161025E+02	5.157575E+01	5.568179E+03
2.555	-1.199338E+06	1.196754E+02	5.165798E+01	5.568179E+03
2.56	-1.199338E+06	1.209755E+02	5.210359E+01	5.568179E+03
2.565	-1.199338E+06	1.224601E+02	5.256508E+01	5.568179E+03
2.57	-1.199338E+06	1.143137E+02	5.289784E+01	5.568179E+03
2.575	-1.199338E+06	1.165512E+02	5.284127E+01	5.568179E+03
2.58	-1.199338E+06	1.190359E+02	5.262929E+01	5.568179E+03
2.585	-1.199337E+06	1.125949E+02	5.248840E+01	5.568179E+03
2.59	-1.199338E+06	1.235752E+02	5.239419E+01	5.568179E+03
2.595	-1.199338E+06	1.145021E+02	5.263877E+01	5.568179E+03
2.6	-1.199338E+06	1.126919E+02	5.256962E+01	5.568179E+03
2.605	-1.199338E+06	1.148467E+02	5.221217E+01	5.568179E+03
2.61	-1.199337E+06	1.068784E+02	5.190931E+01	5.568179E+03
2.615	-1.199338E+06	1.135153E+02	5.157955E+01	5.568179E+03
2.62	-1.199338E+06	1.128886E+02	5.150260E+01	5.568179E+03
2.625	-1.199338E+06	1.121050E+02	5.143449E+01	5.568179E+03
2.63	-1.199338E+06	1.098279E+02	5.122052E+01	5.568179E+03
2.635	-1.199338E+06	1.060687E+02	5.092674E+01	5.568179E+03
2.64	-1.199338E+06	1.101007E+02	5.084943E+01	5.568179E+03
2.645	-1.199338E+06	1.077163E+02	5.121493E+01	5.568179E+03
2.65	-1.199338E+06	1.061970E+02	5.150701E+01	5.568179E+03
2.655	-1.199338E+06	1.128701E+02	5.142098E+01	5.568179E+03
2.66	-1.199338E+06	1.155393E+02	5.093525E+01	5.568179E+03
2.665	-1.199338E+06	1.097534E+02	5.041114E+01	5.568179E+03
2.67	-1.199338E+06	1.066908E+02	5.052610E+01	5.568179E+03
2.675	-1.199338E+06	1.100849E+02	5.104490E+01	5.568179E+03
2.68	-1.199338E+06	1.084006E+02	5.145282E+01	5.568179E+03
2.685	-1.199338E+06	1.081860E+02	5.156281E+01	5.568179E+03
2.69	-1.199338E+06	1.128457E+02	5.158247E+01	5.568179E+03
2.695	-1.199338E+06	1.107282E+02	5.193105E+01	5.568179E+03
2.7	-1.199338E+06	1.096652E+02	5.229380E+01	5.568179E+03
2.705	-1.199338E+06	1.084048E+02	5.246649E+01	5.568179E+03
2.71	-1.199338E+06	1.117002E+02	5.248010E+01	5.568179E+03
2.715	-1.199338E+06	1.182482E+02	5.228763E+01	5.568179E+03
2.72	-1.199338E+06	1.044963E+02	5.238185E+01	5.568179E+03
2.725	-1.199338E+06	1.001584E+02	5.274973E+01	5.568179E+03
2.73	-1.199338E+06	1.052671E+02	5.307850E+01	5.568179E+03
2.735	-1.199338E+06	1.032412E+02	5.305580E+01	5.568179E+03
2.74	-1.199338E+06	1.098056E+02	5.245909E+01	5.568179E+03
2.745	-1.199338E+06	1.097759E+02	5.189544E+01	5.568179E+03
2.75	-1.199338E+06	1.085244E+02	5.168041E+01	5.568179E+03
2.755	-1.199338E+06	1.081773E+02	5.165992E+01	5.568179E+03
2.76	-1.199338E+06	1.061665E+02	5.161821E+01	5.568179E+03
2.765	-1.199338E+06	1.081189E+02	5.137556E+01	5.568179E+03
2.77	-1.199338E+06	1.072961E+02	5.106107E+01	5.568179E+03
2.775	-1.199338E+06	1.081949E+02	5.072257E+01	5.568179E+03
2.78	-1.199338E+06	1.010452E+02	5.053709E+01	5.568179E+03
2.785	-1.199338E+06	9.804265E+01	5.052900E+01	5.568179E+03
2.79	-1.199338E+06	1.080675E+02	5.064226E+01	5.568179E+03
2.795	-1.199338E+06	1.110385E+02	5.092257E+01	5.568179E+03
2.8	-1.199338E+06	1.113705E+02	5.114284E+01	5.568179E+03
2.805	-1.199338E+06	1.055581E+02	5.152784E+01	5.568179E+03
2.81	-1.199338E+06	1.032328E+02	5.218821E+01	5.568179E+03
2.815	-1.199338E+06	1.061807E+02	5.272133E+01	5.568179E+03
2.82	-1.199338E+06	1.054034E+02	5.287491E+01	5.568179E+03
2.825	-1.199338E+06	1.078268E+02	5.252614E+01	5.568179E+03
2.83	-1.199338E+06	1.041850E+02	5.195552E+01	5.568179E+03
2.835	-1.199338E+06	1.039973E+02	5.153875E+01	5.568179E+03
2.84	-1.199338E+06	1.072107E+02	5.125044E+01	5.568179E+03
2.845	-1.199338E+06	1.023426E+02	5.095501E+01	5.568179E+03
2.85	-1.199338E+06	1.034371E+02	5.060696E+01	5.568179E+03
2.855	-1.199338E+06	1.037614E+02	5.039089E+01	5.568179E+03
2.86	-1.199338E+06	1.036430E+02	5.061688E+01	5.568179E+03
2.865	-1.199338E+06	1.043568E+02	5.138491E+01	5.568179E+03
2.87	-1.199338E+06	1.033247E+02	5.220186E+01	5.568179E+03
2.875	-1.199338E+06	1.049714E+02	5.262010E+01	5.568179E+03
2.88	-1.199338E+06	9.899239E+01	5.275958E+01	5.568179E+03
2.885	-1.199338E+06	1.024722E+02	5.278148E+01	5.568179E+03
2.89	-1.199338E+06	1.064108E+02	5.304437E+01	5.568179E+03
2.895	-1.199338E+06	1.019947E+02	5.335017E+01	5.568179E+03
2.9	-1.199338E+06	1.050882E+02	5.331216E+01	5.568179E+03
2.905	-1.199338E+06	1.035791E+02	5.305632E+01	5.568179E+03
2.91	-1.199338E+06	9.992046E+01	5.260689E+01	5.568179E+03
2.915	-1.199338E+06	9.702265E+01	5.243832E+01	5.568179E+03
2.92	-1.199338E+06	9.522765E+01	5.279099E+01	5.568179E+03
2.925	-1.199338E+06	1.089225E+02	5.295948E+01	5.568179E+03
2.93	-1.199338E+06	1.121656E+02	5.280899E+01	5.568179E+03
2.935	-1.199338E+06	1.053454E+02	5.238248E+01	5.568179E+03
2.94	-1.199338E+06	1.038247E+02	5.194635E+01	5.568179E+03
2.945	-1.199338E+06	1.013374E+02	5.197859E+01	5.568179E+03
2.95	-1.199338E+06	9.431128E+01	5.219904E+01	5.568179E+03
2.955	-1.199338E+06	9.536356E+01	5.220914E+01	5.568179E+03
2.96	-1.199338E+06	1.040672E+02	5.216121E+01	5.568179E+03
2.965	-1.199338E+06	1.025754E+02	5.212234E+01	5.568179E+03
2.97	-1.199338E+06	9.919200E+01	5.218363E+01	5.568179E+03
2.975	-1.199338E+06	9.908979E+01	5.277237E+01	5.568179E+03
2.98	-1.199338E+06	1.045367E+02	5.352039E+01	5.568179E+03
2.985	-1.199338E+06	1.110877E+02	5.390063E+01	5.568179E+03
2.99	-1.199338E+06	1.006127E+02	5.408032E+01	5.568179E+03
2.995	-1.199338E+06	9.620837E+01	5.402839E+01	5.568179E+03
3.0	-1.199338E+06	1.024295E+02	5.406501E+01	5.568179E+03
3.005	-1.199338E+06	1.001653E+02	5.428755E+01	5.568179E+03
3.01	-1.199338E+06	1.005564E+02	5.416273E+01	5.568179E+03
3.015	-1.199338E+06	1.029506E+02	5.380694E+01	5.568179E+03
3.02	-1.199338E+06	1.003324E+02	5.351665E+01	5.568179E+03
3.025	-1.199338E+06	1.007921E+02	5.338155E+01	5.568179E+03
3.03	-1.199338E+06	9.868748E+01	5.361515E+01	5.568179E+03
3.035	-1.199338E+06	9.663565E+01	5.388174E+01	5.568179E+03
3.04	-1.199338E+06	1.000065E+02	5.380821E+01	5.568179E+03
3.045	-1.199338E+06	1.006464E+02	5.365751E+01	5.568179E+03
3.05	-1.199338E+06	9.801909E+01	5.364150E+01	5.568179E+03
3.055	-1.199338E+06	1.004088E+02	5.371775E+01	5.568179E+03
3.06	-1.199338E+06	9.655572E+01	5.387474E+01	5.568179E+03
3.065	-1.199338E+06	9.247767E+01	5.376675E+01	5.568179E+03
3.07	-1.199338E+06	9.721598E+01	5.346922E+01	5.568179E+03
3.075	-1.199338E+06	1.001477E+02	5.346927E+01	5.568179E+03
3.08	-1.199338E+06	1.011811E+02	5.356274E+01	5.568179E+03
3.085	-1.199338E+06	9.607489E+01	5.363327E+01	5.568179E+03
3.09	-1.199338E+06	9.490331E+01	5.370192E+01	5.568179E+03
3.095	-1.199338E+06	1.053830E+02	5.347649E+01	5.568179E+03
3.1	-1.199338E+06	1.048047E+02	5.323836E+01	5.568179E+03
3.105	-1.199338E+06	1.003324E+02	5.325994E+01	5.568179E+03
3.11	-1.199338E+06	1.010361E+02	5.348550E+01	5.568179E+03
3.115	-1.199338E+06	9.782338E+01	5.397823E+01	5.568179E+03
3.12	-1.199338E+06	1.005273E+02	5.432340E+01	5.568179E+03
3.125	-1.199338E+06	9.913824E+01	5.435716E+01	5.568179E+03
3.13	-1.199338E+06	9.562713E+01	5.437389E+01	5.568179E+03
3.135	-1.199338E+06	1.002907E+02	5.433810E+01	5.568179E+03
3.14	-1.199338E+06	9.904103E+01	5.419276E+01	5.568179E+03
3.145	-1.199338E+06	9.521688E+01	5.394765E+01	5.568179E+03
3.15	-1.199338E+06	9.973181E+01	5.360616E+01	5.568179E+03
3.155	-1.199338E+06	1.037362E+02	5.337352E+01	5.568179E+03
3.16	-1.199338E+06	1.018977E+02	5.339216E+01	5.568179E+03
3.165	-1.199338E+06	1.018279E+02	5.354111E+01	5.568179E+03
3.17	-1.199338E+06	9.734673E+01	5.385179E+01	5.568179E+03
3.175	-1.199338E+06	9.713785E+01	5.415466E+01	5.568179E+03
3.18	-1.199338E+06	1.032592E+02	5.419654E+01	5.568179E+03
3.185	-1.199338E+06	9.900139E+01	5.416705E+01	5.568179E+03
3.19	-1.199338E+06	9.968457E+01	5.420374E+01	5.568179E+03
3.195	-1.199338E+06	1.004079E+02	5.438610E+01	5.568179E+03
3.2	-1.199338E+06	9.513088E+01	5.457554E+01	5.568179E+03
3.205	-1.199338E+06	9.566005E+01	5.460458E+01	5.568179E+03
3.21	-1.199338E+06	9.551192E+01	5.454144E+01	5.568179E+03
3.215	-1.199338E+06	9.414136E+01	5.447867E+01	5.568179E+03
3.22	-1.199338E+06	9.450268E+01	5.460959E+01	5.568179E+03
3.225	-1.199338E+06	9.556450E+01	5.500051E+01	5.568179E+03
3.23	-1.199338E+06	1.013584E+02	5.523802E+01	5.568179E+03
3.235	-1.199338E+06	1.017880E+02	5.510925E+01	5.568179E+03
3.24	-1.199338E+06	9.210298E+01	5.497184E+01	5.568179E+03
3.245	-1.199338E+06	9.900297E+01	5.494981E+01	5.568179E+03
3.25	-1.199338E+06	1.057203E+02	5.497079E+01	5.568179E+03
3.255	-1.199338E+06	1.018637E+02	5.467173E+01	5.568179E+03
3.26	-1.199338E+06	9.641114E+01	5.411936E+01	5.568179E+03
3.265	-1.199338E+06	9.491519E+01	5.380445E+01	5.568179E+03
3.27	-1.199338E+06	1.004905E+02	5.378948E+01	5.568179E+03
3.275	-1.199338E+06	9.773931E+01	5.408263E+01	5.568179E+03
3.28	-1.199338E+06	9.457042E+01	5.453152E+01	5.568179E+03
3.285	-1.199338E+06	9.722369E+01	5.486007E+01	5.568179E+03
3.29	-1.199338E+06	9.906555E+01	5.510191E+01	5.568179E+03
3.295	-1.199338E+06	1.007668E+02	5.536000E+01	5.568179E+03
3.3	-1.199338E+06	1.005348E+02	5.545594E+01	5.568179E+03
3.305	-1.199338E+06	9.914991E+01	5.524465E+01	5.568179E+03
3.31	-1.199338E+06	9.619290E+01	5.480572E+01	5.568179E+03
3.315	-1.199338E+06	9.957177E+01	5.429003E+01	5.568179E+03
3.32	-1.199338E+06	9.988832E+01	5.408225E+01	5.568179E+03
3.325	-1.199338E+06	9.523879E+01	5.423360E+01	5.568179E+03
3.33	-1.199338E+06	9.676426E+01	5.458140E+01	5.568179E+03
3.335	-1.199338E+06	9.250284E+01	5.519937E+01	5.568179E+03
3.34	-1.199338E+06	9.771397E+01	5.558549E+01	5.568179E+03
3.345	-1.199338E+06	1.010290E+02	5.568128E+01	5.568179E+03
3.35	-1.199338E+06	9.890359E+01	5.570235E+01	5.568179E+03
3.355	-1.199338E+06	1.070115E+02	5.549155E+01	5.568179E+03
3.36	-1.199338E+06	9.679459E+01	5.534145E+01	5.568179E+03
3.365	-1.199338E+06	9.143942E+01	5.504747E+01	5.568179E+03
3.37	-1.199338E+06	9.756632E+01	5.449831E+01	5.568179E+03
3.375	-1.199338E+06	9.319056E+01	5.412214E+01	5.568179E+03
3.38	-1.199338E+06	9.544814E+01	5.403521E+01	5.568179E+03
3.385	-1.199338E+06	9.588533E+01	5.427167E+01	5.568179E+03
3.39	-1.199338E+06	9.585218E+01	5.458591E+01	5.568179E+03
3.395	-1.199338E+06	1.046402E+02	5.477153E+01	5.568179E+03
3.4	-1.199338E+06	1.056650E+02	5.482117E+01	5.568179E+03
3.405	-1.199338E+06	9.793480E+01	5.475367E+01	5.568179E+03
3.41	-1.199338E+06	9.319721E+01	5.494439E+01	5.568179E+03
3.415	-1.199338E+06	9.953772E+01	5.549606E+01	5.568179E+03
3.42	-1.199338E+06	1.000785E+02	5.611233E+01	5.568179E+03
3.425	-1.199338E+06	1.036355E+02	5.640331E+01	5.568179E+03
3.43	-1.199338E+06	1.054945E+02	5.642181E+01	5.568179E+03
3.435	-1.199338E+06	9.441002E+01	5.633049E+01	5.568179E+03
3.44	-1.199338E+06	9.832364E+01	5.613127E+01	5.568179E+03
3.445	-1.199338E+06	1.010089E+02	5.604209E+01	5.568179E+03
3.45	-1.199338E+06	1.005173E+02	5.566577E+01	5.568179E+03
3.455	-1.199338E+06	1.023397E+02	5.500569E+01	5.568179E+03
3.46	-1.199338E+06	9.811514E+01	5.465781E+01	5.568179E+03
3.465	-1.199338E+06	1.046157E+02	5.455453E+01	5.568179E+03
3.47	-1.199338E+06	9.830774E+01	5.477612E+01	5.568179E+03
3.475	-1.199338E+06	9.667559E+01	5.500936E+01	5.568179E+03
3.48	-1.199338E+06	1.115509E+02	5.488932E+01	5.568179E+03
3.485	-1.199338E+06	1.046693E+02	5.480421E+01	5.568179E+03
3.49	-1.199338E+06	9.814191E+01	5.485408E+01	5.568179E+03
3.495	-1.199338E+06	9.491428E+01	5.523071E+01	5.568179E+03
3.5	-1.199338E+06	9.478193E+01	5.580170E+01	5.568179E+03
3.505	-1.199338E+06	9.641755E+01	5.616907E+01	5.568179E+03
3.51	-1.199338E+06	9.618353E+01	5.638443E+01	5.568179E+03
3.515	-1.199338E+06	9.947535E+01	5.673802E+01	5.568179E+03
3.52	-1.199338E+06	1.046511E+02	5.711075E+01	5.568179E+03
3.525	-1.199338E+06	1.049797E+02	5.716714E+01	5.568179E+03
3.53	-1.199338E+06	9.579634E+01	5.679954E+01	5.568179E+03
3.535	-1.199338E+06	9.416680E+01	5.604843E+01	5.568179E+03
3.54	-1.199338E+06	9.405519E+01	5.551789E+01	5.568179E+03
3.545	-1.199338E+06	9.545314E+01	5.552883E+01	5.568179E+03
3.55	-1.199338E+06	1.050005E+02	5.566827E+01	5.568179E+03
3.555	-1.199338E+06	1.058093E+02	5.563737E+01	5.568179E+03
3.56	-1.199338E+06	1.006341E+02	5.539400E+01	5.568179E+03
3.565	-1.199338E+06	9.580348E+01	5.517471E+01	5.568179E+03
3.57	-1.199338E+06	9.699597E+01	5.526408E+01	5.568179E+03
3.575	-1.199338E+06	1.022916E+02	5.558986E+01	5.568179E+03
3.58	-1.199338E+06	1.049828E+02	5.589706E+01	5.568179E+03
3.585	-1.199338E+06	1.038818E+02	5.617512E+01	5.568179E+03
3.59	-1.199338E+06	1.036622E+02	5.635694E+01	5.568179E+03
3.595	-1.199338E+06	1.043050E+02	5.630448E+01	5.568179E+03
3.6	-1.199338E+06	9.905402E+01	5.608289E+01	5.568179E+03
3.605	-1.199338E+06	9.825769E+01	5.570171E+01	5.568179E+03
3.61	-1.199338E+06	9.850434E+01	5.530471E+01	5.568179E+03
3.615	-1.199338E+06	9.975277E+01	5.500760E+01	5.568179E+03
3.62	-1.199338E+06	1.055429E+02	5.468902E+01	5.568179E+03
3.625	-1.199338E+06	1.015099E+02	5.457667E+01	5.568179E+03
3.63	-1.199338E+06	1.039582E+02	5.477460E+01	5.568179E+03
3.635	-1.199338E+06	1.083182E+02	5.502823E+01	5.568179E+03
3.64	-1.199338E+06	1.029109E+02	5.511419E+01	5.568179E+03
3.645	-1.199338E+06	9.997287E+01	5.485245E+01	5.568179E+03
3.65	-1.199338E+06	9.740126E+01	5.441328E+01	5.568179E+03
3.655	-1.199338E+06	1.031267E+02	5.407012E+01	5.568179E+03
3.66	-1.199338E+06	1.038128E+02	5.392597E+01	5.568179E+03
3.665	-1.199338E+06	1.037581E+02	5.379760E+01	5.568179E+03
3.67	-1.199338E+06	1.055993E+02	5.366974E+01	5.568179E+03
3.675	-1.199338E+06	1.055317E+02	5.358779E+01	5.568179E+03
3.68	-1.199338E+06	1.096125E+02	5.365133E+01	5.568179E+03
3.685	-1.199338E+06	1.071040E+02	5.394848E+01	5.568179E+03
3.69	-1.199338E+06	1.033506E+02	5.405615E+01	5.568179E+03
3.695	-1.199338E+06	1.052946E+02	5.373666E+01	5.568179E+03
3.7	-1.199338E+06	1.056057E+02	5.337287E+01	5.568179E+03
3.705	-1.199338E+06	1.081798E+02	5.319569E+01	5.568179E+03
3.71	-1.199338E+06	1.064393E+02	5.338634E+01	5.568179E+03
3.715	-1.199338E+06	1.002750E+02	5.397875E+01	5.568179E+03
3.72	-1.199338E+06	1.029421E+02	5.454377E+01	5.568179E+03
3.725	-1.199338E+06	1.093959E+02	5.476784E+01	5.568179E+03
3.73	-1.199338E+06	1.044592E+02	5.484444E+01	5.568179E+03
3.735	-1.199338E+06	1.038862E+02	5.477099E+01	5.568179E+03
3.74	-1.199338E+06	1.037922E+02	5.455346E+01	5.568179E+03
3.745	-1.199338E+06	1.033527E+02	5.420054E+01	5.568179E+03
3.75	-1.199338E+06	1.118782E+02	5.347494E+01	5.568179E+03
3.755	-1.199338E+06	1.095391E+02	5.272008E+01	5.568179E+03
3.76	-1.199338E+06	1.061327E+02	5.224690E+01	5.568179E+03
3.765	-1.199338E+06	1.050024E+02	5.198682E+01	5.568179E+03
3.77	-1.199338E+06	1.019436E+02	5.209418E+01	5.568179E+03
3.775	-1.199338E+06	1.029425E+02	5.242221E+01	5.568179E+03
3.78	-1.199338E+06	1.083682E+02	5.267631E+01	5.568179E+03
3.785	-1.199338E+06	1.088681E+02	5.308073E+01	5.568179E+03
3.79	-1.199338E+06	1.086820E+02	5.351132E+01	5.568179E+03
3.795	-1.199338E+06	1.107684E+02	5.400604E+01	5.568179E+03
3.8	-1.199338E+06	1.038646E+02	5.472885E+01	5.568179E+03
3.805	-1.199338E+06	1.085249E+02	5.509901E+01	5.568179E+03
3.81	-1.199338E+06	1.154086E+02	5.519274E+01	5.568179E+03
3.815	-1.199338E+06	1.125292E+02	5.530821E+01	5.568179E+03
3.82	-1.199338E+06	1.125814E+02	5.543519E+01	5.568179E+03
3.825	-1.199338E+06	1.093822E+02	5.563827E+01	5.568179E+03
3.83	-1.199338E+06	1.104946E+02	5.543588E+01	5.568179E+03
3.835	-1.199338E+06	1.104236E+02	5.467553E+01	5.568179E+03
3.84	-1.199338E+06	1.038612E+02	5.389239E+01	5.568179E+03
3.845	-1.199338E+06	1.070304E+02	5.338746E+01	5.568179E+03
3.85	-1.199338E+06	1.112367E+02	5.340073E+01	5.568179E+03
3.855	-1.199338E+06	1.091104E+02	5.382616E+01	5.568179E+03
3.86	-1.199338E+06	1.137878E+02	5.417142E+01	5.568179E+03
3.865	-1.199338E+06	1.155418E+02	5.446677E+01	5.568179E+03
3.87	-1.199337E+06	1.070610E+02	5.505796E+01	5.568179E+03
3.875	-1.199338E+06	1.133964E+02	5.574195E+01	5.568179E+03
3.88	-1.199338E+06	1.147080E+02	5.621691E+01	5.568179E+03
3.885	-1.199337E+06	1.110154E+02	5.607058E+01	5.568179E+03
3.89	-1.199338E+06	1.141028E+02	5.548233E+01	5.568179E+03
3.895	-1.199338E+06	1.078649E+02	5.525883E+01	5.568179E+03
3.9	-1.199338E+06	1.093629E+02	5.528633E+01	5.568179E+03
3.905	-1.199338E+06	1.137730E+02	5.518496E+01	5.568179E+03
3.91	-1.199338E+06	1.096565E+02	5.481681E+01	5.568179E+03
3.915	-1.199338E+06	1.096629E+02	5.421049E+01	5.568179E+03
3.92	-1.199338E+06	1.167330E+02	5.380711E+01	5.568179E+03
3.925	-1.199338E+06	1.212307E+02	5.378243E+01	5.568179E+03
3.93	-1.199338E+06	1.192500E+02	5.383860E+01	5.568179E+03
3.935	-1.199338E+06	1.151585E+02	5.390162E+01	5.568179E+03
3.94	-1.199338E+06	1.112396E+02	5.389251E+01	5.568179E+03
3.945	-1.199338E+06	1.129053E+02	5.371544E+01	5.568179E+03
3.95	-1.199337E+06	1.087195E+02	5.364870E+01	5.568179E+03
3.955	-1.199337E+06	1.118015E+02	5.365203E+01	5.568179E+03
3.96	-1.199338E+06	1.236388E+02	5.364795E+01	5.568179E+03
3.965	-1.199338E+06	1.209850E+02	5.352582E+01	5.568179E+03
3.97	-1.199338E+06	1.192786E+02	5.302437E+01	5.568179E+03
3.975	-1.199338E+06	1.211238E+02	5.256974E+01	5.568179E+03
3.98	-1.199338E+06	1.180051E+02	5.254865E+01	5.568179E+03
3.985	-1.199338E+06	1.179195E+02	5.279691E+01	5.568179E+03
3.99	-1.199338E+06	1.145573E+02	5.321700E+01	5.568179E+03
3.995	-1.199337E+06	1.098430E+02	5.341592E+01	5.568179E+03
4.0	-1.199338E+06	1.171034E+02	5.314143E+01	5.568179E+03
4.005	-1.199337E+06	1.177106E+02	5.284447E+01	5.568179E+03
4.01	-1.199337E+06	1.205956E+02	5.271464E+01	5.568179E+03
4.015	-1.199338E+06	1.276023E+02	5.290494E+01	5.568179E+03
4.02	-1.199337E+06	1.211409E+02	5.314752E+01	5.568179E+03
4.025	-1.199337E+06	1.207148E+02	5.294833E+01	5.568179E+03
4.03	-1.199338E+06	1.212356E+02	5.254781E+01	5.568179E+03
4.035	-1.199337E+06	1.160948E+02	5.245474E+01	5.568179E+03
4.04	-1.199338E+06	1.211104E+02	5.275773E+01	5.568179E+03
4.045	-1.199337E+06	1.171183E+02	5.298001E+01	5.568179E+03
4.05	-1.199337E+06	1.195411E+02	5.261423E+01	5.568179E+03
4.055	-1.199338E+06	1.247565E+02	5.178799E+01	5.568179E+03
4.06	-1.199337E+06	1.186872E+02	5.095826E+01	5.568179E+03
4.065	-1.199337E+06	1.173133E+02	5.059481E+01	5.568179E+03
4.07	-1.199337E+06	1.221145E+02	5.056259E+01	5.568179E+03
4.075	-1.199338E+06	1.284803E+02	5.053234E+01	5.568179E+03
4.08	-1.199337E+06	1.207228E+02	5.048288E+01	5.568179E+03
4.085	-1.199337E+06	1.234201E+02	5.041631E+01	5.568179E+03
4.09	-1.199338E+06	1.284363E+02	5.067905E+01	5.568179E+03
4.095	-1.199337E+06	1.205937E+02	5.108955E+01	5.568179E+03
4.1	-1.199338E+06	1.222461E+02	5.143211E+01	5.568179E+03
4.105	-1.199337E+06	1.156665E+02	5.173288E+01	5.568179E+03
4.11	-1.199338E+06	1.285657E+02	5.150388E+01	5.568179E+03
4.115	-1.199337E+06	1.267212E+02	5.147544E+01	5.568179E+03
4.12	-1.199337E+06	1.172393E+02	5.144398E+01	5.568179E+03
4.125	-1.199338E+06	1.274829E+02	5.109416E+01	5.568179E+03
4.13	-1.199337E+06	1.169327E+02	5.112148E+01	5.568179E+03
4.135	-1.199337E+06	1.285205E+02	5.073815E+01	5.568179E+03
4.14	-1.199337E+06	1.285497E+02	5.032764E+01	5.568179E+03
4.145	-1.199337E+06	1.246384E+02	5.010521E+01	5.568179E+03
4.15	-1.199338E+06	1.349878E+02	4.977120E+01	5.568179E+03
4.155	-1.199337E+06	1.281902E+02	5.003789E+01	5.568179E+03
4.16	-1.199337E+06	1.338491E+02	5.042502E+01	5.568179E+03
4.165	-1.199337E+06	1.333993E+02	5.059289E+01	5.568179E+03
4.17	-1.199337E+06	1.308996E+02	5.104369E+01	5.568179E+03
4.175	-1.199337E+06	1.329328E+02	5.175075E+01	5.568179E+03
4.18	-1.199337E+06	1.323078E+02	5.241178E+01	5.568179E+03
4.185	-1.199337E+06	1.305142E+02	5.275838E+01	5.568179E+03
4.19	-1.199337E+06	1.225379E+02	5.250891E+01	5.568179E+03
4.195	-1.199338E+06	1.376379E+02	5.169166E+01	5.568179E+03
4.2	-1.199337E+06	1.317444E+02	5.125874E+01	5.568179E+03
4.205	-1.199337E+06	1.273035E+02	5.090138E+01	5.568179E+03
4.21	-1.199337E+06	1.349556E+02	5.044767E+01	5.568179E+03
4.215	-1.199337E+06	1.257211E+02	5.030680E+01	5.568179E+03
4.22	-1.199337E+06	1.350509E+02	4.973616E+01	5.568179E+03
4.225	-1.199337E+06	1.394549E+02	4.934040E+01	5.568179E+03
4.23	-1.199337E+06	1.311002E+02	4.981421E+01	5.568179E+03
4.235	-1.199337E+06	1.294777E+02	5.035032E+01	5.568179E+03
4.24	-1.199337E+06	1.348777E+02	5.082244E+01	5.568179E+03
4.245	-1.199337E+06	1.322605E+02	5.128828E+01	5.568179E+03
4.25	-1.199337E+06	1.361594E+02	5.126054E+01	5.568179E+03
4.255	-1.199337E+06	1.383998E+02	5.139726E+01	5.568179E+03
4.26	-1.199337E+06	1.264863E+02	5.184577E+01	5.568179E+03
4.265	-1.199337E+06	1.326981E+02	5.171609E+01	5.568179E+03
4.27	-1.199337E+06	1.310851E+02	5.145269E+01	5.568179E+03
4.275	-1.199337E+06	1.373730E+02	5.105225E+01	5.568179E+03
4.28	-1.199337E+06	1.458472E+02	5.046409E+01	5.568179E+03
4.285	-1.199337E+06	1.396421E+02	5.034497E+01	5.568179E+03
4.29	-1.199337E+06	1.370330E+02	5.049143E+01	5.568179E+03
4.295	-1.199337E+06	1.340086E+02	5.059521E+01	5.568179E+03
4.3	-1.199337E+06	1.394100E+02	5.087207E+01	5.568179E+03
4.305	-1.199337E+06	1.427188E+02	5.109367E+01	5.568179E+03
4.31	-1.199337E+06	1.520338E+02	5.100945E+01	5.568179E+03
4.315	-1.199337E+06	1.490769E+02	5.116033E+01	5.568179E+03
4.32	-1.199337E+06	1.381922E+02	5.136470E+01	5.568179E+03
4.325	-1.199337E+06	1.491526E+02	5.158877E+01	5.568179E+03
4.33	-1.199337E+06	1.418922E+02	5.220336E+01	5.568179E+03
4.335	-1.199337E+06	1.473761E+02	5.227965E+01	5.568179E+03
4.34	-1.199337E+06	1.509745E+02	5.217942E+01	5.568179E+03
4.345	-1.199337E+06	1.422732E+02	5.219026E+01	5.568179E+03
4.35	-1.199337E+06	1.471216E+02	5.189485E+01	5.568179E+03
4.355	-1.199337E+06	1.456856E+02	5.162658E+01	5.568179E+03
4.36	-1.199337E+06	1.474872E+02	5.084918E+01	5.568179E+03
4.365	-1.199337E+06	1.467361E+02	4.982611E+01	5.568179E+03
4.37	-1.199337E+06	1.438802E+02	4.960104E+01	5.568179E+03
4.375	-1.199337E+06	1.441840E+02	4.988835E+01	5.568179E+03
4.38	-1.199337E+06	1.458800E+02	5.020784E+01	5.568179E+03
4.385	-1.199337E+06	1.422468E+02	5.053940E+01	5.568179E+03
4.39	-1.199337E+06	1.450132E+02	5.098603E+01	5.568179E+03
4.395	-1.199337E+06	1.549121E+02	5.181898E+01	5.568179E+03
4.4	-1.199337E+06	1.535552E+02	5.261367E+01	5.568179E+03
4.405	-1.199337E+06	1.512751E+02	5.285860E+01	5.568179E+03
4.41	-1.199337E+06	1.504238E+02	5.254597E+01	5.568179E+03
4.415	-1.199337E+06	1.429391E+02	5.211270E+01	5.568179E+03
4.42	-1.199337E+06	1.439387E+02	5.213058E+01	5.568179E+03
4.425	-1.199337E+06	1.562808E+02	5.227741E+01	5.568179E+03
4.43	-1.199337E+06	1.570775E+02	5.199744E+01	5.568179E+03
4.435	-1.199337E+06	1.525955E+02	5.135186E+01	5.568179E+03
4.44	-1.199337E+06	1.567441E+02	5.078673E+01	5.568179E+03
4.445	-1.199337E+06	1.489578E+02	5.074050E+01	5.568179E+03
4.45	-1.199337E+06	1.559628E+02	5.090483E+01	5.568179E+03
4.455	-1.199337E+06	1.601976E+02	5.128847E+01	5.568179E+03
4.46	-1.199337E+06	1.577631E+02	5.166656E+01	5.568179E+03
4.465	-1.199337E+06	1.618023E+02	5.184485E+01	5.568179E+03
4.47	-1.199337E+06	1.509691E+02	5.211791E+01	5.568179E+03
4.475	-1.199337E+06	1.511479E+02	5.213700E+01	5.568179E+03
4.48	-1.199337E+06	1.504010E+02	5.213968E+01	5.568179E+03
4.485	-1.199337E+06	1.577749E+02	5.216949E+01	5.568179E+03
4.49	-1.199337E+06	1.730344E+02	5.172657E+01	5.568179E+03
4.495	-1.199337E+06	1.635689E+02	5.117481E+01	5.568179E+03
4.5	-1.199337E+06	1.672006E+02	5.057052E+01	5.568179E+03
4.505	-1.199337E+06	1.628493E+02	5.007254E+01	5.568179E+03
4.51	-1.199337E+06	1.568053E+02	5.010741E+01	5.568179E+03
4.515	-1.199337E+06	1.640328E+02	5.050615E+01	5.568179E+03
4.52	-1.199337E+06	1.714732E+02	5.078062E+01	5.568179E+03
4.525	-1.199337E+06	1.654306E+02	5.128939E+01	5.568179E+03
4.53	-1.199337E+06	1.643499E+02	5.209421E+01	5.568179E+03
4.535	-1.199337E+06	1.720166E+02	5.300659E+01	5.568179E+03
4.54	-1.199336E+06	1.617392E+02	5.397481E+01	5.568179E+03
4.545	-1.199337E+06	1.691306E+02	5.406964E+01	5.568179E+03
4.55	-1.199337E+06	1.759572E+02	5.340223E+01	5.568179E+03
4.555	-1.199336E+06	1.596140E+02	5.289965E+01	5.568179E+03
4.56	-1.199337E+06	1.669917E+02	5.250605E+01	5.568179E+03
4.565	-1.199337E+06	1.728671E+02	5.218329E+01	5.568179E+03
4.57	-1.199337E+06	1.662621E+02	5.170052E+01	5.568179E+03
4.575	-1.199337E+06	1.705190E+02	5.101100E+01	5.568179E+03
4.58	-1.199337E+06	1.741815E+02	5.055622E+01	5.568179E+03
4.585	-1.199336E+06	1.610345E+02	5.052672E+01	5.568179E+03
4.59	-1.199337E+06	1.694573E+02	5.073212E+01	5.568179E+03
4.595	-1.199337E+06	1.765224E+02	5.097457E+01	5.568179E+03
4.6	-1.199336E+06	1.687919E+02	5.087200E+01	5.568179E+03
4.605	-1.199337E+06	1.895753E+02	5.065456E+01	5.568179E+03
4.61	-1.199337E+06	1.846638E+02	5.089947E+01	5.568179E+03
4.615	-1.199336E+06	1.721304E+02	5.107738E+01	5.568179E+03
4.62	-1.199337E+06	1.743354E+02	5.127910E+01	5.568179E+03
4.625	-1.199336E+06	1.708352E+02	5.169832E+01	5.568179E+03
4.63	-1.199337E+06	1.778047E+02	5.202493E+01	5.568179E+03
4.635	-1.199337E+06	1.835454E+02	5.233794E+01	5.568179E+03
4.64	-1.199337E+06	1.867741E+02	5.273575E+01	5.568179E+03
4.645	-1.199336E+06	1.822120E+02	5.304758E+01	5.568179E+03
4.65	-1.199336E+06	1.765569E+02	5.283306E+01	5.568179E+03
4.655	-1.199336E+06	1.737653E+02	5.223134E+01	5.568179E+03
4.66	-1.199336E+06	1.774260E+02	5.128274E+01	5.568179E+03
4.665	-1.199337E+06	1.878183E+02	5.042224E+01	5.568179E+03
4.67	-1.199336E+06	1.801599E+02	5.048054E+01	5.568179E+03
4.675	-1.199336E+06	1.837966E+02	5.061189E+01	5.568179E+03
4.68	-1.199337E+06	1.914036E+02	5.069965E+01	5.568179E+03
4.685	-1.199336E+06	1.766219E+02	5.119593E+01	5.568179E+03
4.69	-1.199336E+06	1.769805E+02	5.152721E+01	5.568179E+03
4.695	-1.199336E+06	1.832215E+02	5.258894E+01	5.568179E+03
4.7	-1.199337E+06	1.940261E+02	5.400315E+01	5.568179E+03
4.705	-1.199336E+06	1.910311E+02	5.466389E+01	5.568179E+03
4.71	-1.199336E+06	1.878337E+02	5.491154E+01	5.568179E+03
4.715	-1.199337E+06	1.934375E+02	5.472960E+01	5.568179E+03
4.72	-1.199336E+06	1.922931E+02	5.448353E+01	5.568179E+03
4.725	-1.199336E+06	1.941927E+02	5.473005E+01	5.568179E+03
4.73	-1.199336E+06	1.953780E+02	5.489667E+01	5.568179E+03
4.735	-1.199337E+06	1.984905E+02	5.454222E+01	5.568179E+03
4.74	-1.199336E+06	1.929501E+02	5.392656E+01	5.568179E+03
4.745	-1.199336E+06	1.983321E+02	5.339932E+01	5.568179E+03
4.75	-1.199337E+06	2.092747E+02	5.336017E+01	5.568179E+03
4.755	-1.199337E+06	2.066910E+02	5.351144E+01	5.568179E+03
4.76	-1.199336E+06	1.996720E+02	5.344999E+01	5.568179E+03
4.765	-1.199336E+06	1.977504E+02	5.311717E+01	5.568179E+03
4.77	-1.199336E+06	1.955145E+02	5.304726E+01	5.568179E+03
4.775	-1.199336E+06	1.978951E+02	5.346597E+01	5.568179E+03
4.78	-1.199336E+06	2.004626E+02	5.390563E+01	5.568179E+03
4.785	-1.199336E+06	2.044530E+02	5.414760E+01	5.568179E+03
4.79	-1.199336E+06	2.123115E+02	5.411225E+01	5.568179E+03
4.795	-1.199337E+06	2.120863E+02	5.369279E+01	5.568179E+03
4.8	-1.199336E+06	1.998759E+02	5.335192E+01	5.568179E+03
4.805	-1.199336E+06	2.045579E+02	5.330827E+01	5.568179E+03
4.81	-1.199336E+06	2.090546E+02	5.373007E+01	5.568179E+03
4.815	-1.199336E+06	2.078574E+02	5.427649E+01	5.568179E+03
4.82	-1.199336E+06	2.131759E+02	5.425150E+01	5.568179E+03
4.825	-1.199336E+06	2.104886E+02	5.387647E+01	5.568179E+03
4.83	-1.199336E+06	2.064595E+02	5.368900E+01	5.568179E+03
4.835	-1.199336E+06	2.135723E+02	5.394241E+01	5.568179E+03
4.84	-1.199336E+06	2.079468E+02	5.448750E+01	5.568179E+03
4.845	-1.199336E+06	1.989101E+02	5.479617E+01	5.568179E+03
4.85	-1.199336E+06	2.040983E+02	5.475525E+01	5.568179E+03
4.855	-1.199336E+06	2.154594E+02	5.464914E+01	5.568179E+03
4.86	-1.199336E+06	2.243412E+02	5.482585E+01	5.568179E+03
4.865	-1.199336E+06	2.254718E+02	5.502983E+01	5.568179E+03
4.87	-1.199336E+06	2.214550E+02	5.487580E+01	5.568179E+03
4.875	-1.199336E+06	2.178075E+02	5.431790E+01	5.568179E+03
4.88	-1.199336E+06	2.233868E+02	5.323709E+01	5.568179E+03
4.885	-1.199336E+06	2.261130E+02	5.269041E+01	5.568179E+03
4.89	-1.199336E+06	2.245567E+02	5.313443E+01	5.568179E+03
4.895	-1.199336E+06	2.342478E+02	5.367224E+01	5.568179E+03
4.9	-1.199336E+06	2.264263E+02	5.412912E+01	5.568179E+03
4.905	-1.199336E+06	2.260963E+02	5.400428E+01	5.568179E+03
4.91	-1.199336E+06	2.274914E+02	5.390843E+01	5.568179E+03
4.915	-1.199336E+06	2.249346E+02	5.460031E+01	5.568179E+03
4.92	-1.199336E+06	2.327984E+02	5.543993E+01	5.568179E+03
4.925	-1.199335E+06	2.173744E+02	5.643690E+01	5.568179E+03
4.93	-1.199336E+06	2.263990E+02	5.699361E+01	5.568179E+03
4.935	-1.199336E+06	2.306494E+02	5.703199E+01	5.568179E+03
4.94	-1.199336E+06	2.248340E+02	5.689560E+01	5.568179E+03
4.945	-1.199336E+06	2.339568E+02	5.658972E+01	5.568179E+03
4.95	-1.199336E+06	2.357226E+02	5.605250E+01	5.568179E+03
4.955	-1.199336E+06	2.376348E+02	5.509965E+01	5.568179E+03
4.96	-1.199336E+06	2.303348E+02	5.401679E+01	5.568179E+03
4.965	-1.199336E+06	2.429705E+02	5.286384E+01	5.568179E+03
4.97	-1.199336E+06	2.447927E+02	5.229825E+01	5.568179E+03
4.975	-1.199335E+06	2.306178E+02	5.250106E+01	5.568179E+03
4.98	-1.199336E+06	2.466116E+02	5.301918E+01	5.568179E+03
4.985	-1.199335E+06	2.430183E+02	5.397244E+01	5.568179E+03
4.99	-1.199335E+06	2.444933E+02	5.467463E+01	5.568179E+03
4.995	-1.199336E+06	2.525875E+02	5.530309E+01	5.568179E+03
5.0	-1.199335E+06	2.443928E+02	5.654888E+01	5.568179E+03
5.005	-1.199335E+06	2.456494E+02	5.764371E+01	5.568179E+03
5.01	-1.199335E+06	2.432794E+02	5.798621E+01	5.568179E+03
5.015	-1.199335E+06	2.434940E+02	5.765678E+01	5.568179E+03
5.02	-1.199335E+06	2.516868E+02	5.670774E+01	5.568179E+03
5.025	-1.199336E+06	2.639934E+02	5.591107E+01	5.568179E+03
5.03	-1.199335E+06	2.642639E+02	5.563459E+01	5.568179E+03
5.035	-1.199335E+06	2.640153E+02	5.505422E+01	5.568179E+03
5.04	-1.199336E+06	2.700849E+02	5.422123E+01	5.568179E+03
5.045	-1.199335E+06	2.556749E+02	5.327747E+01	5.568179E+03
5.05	-1.199335E+06	2.578686E+02	5.231487E+01	5.568179E+03
5.055	-1.199335E+06	2.581547E+02	5.227087E+01	5.568179E+03
5.06	-1.199335E+06	2.612931E+02	5.201468E+01	5.568179E+03
5.065	-1.199335E+06	2.559600E+02	5.120654E+01	5.568179E+03
5.07	-1.199335E+06	2.510756E+02	5.055576E+01	5.568179E+03
5.075	-1.199335E+06	2.602329E+02	5.032039E+01	5.568179E+03
5.08	-1.199335E+06	2.509774E+02	5.126078E+01	5.568179E+03
5.085	-1.199335E+06	2.599109E+02	5.278234E+01	5.568179E+03
5.09	-1.199335E+06	2.617067E+02	5.399601E+01	5.568179E+03
5.095	-1.199335E+06	2.733819E+02	5.445219E+01	5.568179E+03
5.1	-1.199335E+06	2.759062E+02	5.461851E+01	5.568179E+03
5.105	-1.199335E+06	2.675392E+02	5.483615E+01	5.568179E+03
5.11	-1.199335E+06	2.801255E+02	5.505226E+01	5.568179E+03
5.115	-1.199335E+06	2.570855E+02	5.518660E+01	5.568179E+03
5.12	-1.199335E+06	2.531576E+02	5.441071E+01	5.568179E+03
5.125	-1.199335E+06	2.696744E+02	5.333041E+01	5.568179E+03
5.13	-1.199335E+06	2.820475E+02	5.254803E+01	5.568179E+03
5.135	-1.199335E+06	3.092977E+02	5.197506E+01	5.568179E+03
5.14	-1.199335E+06	2.973684E+02	5.205007E+01	5.568179E+03
5.145	-1.199335E+06	2.823917E+02	5.201130E+01	5.568179E+03
5.15	-1.199335E+06	2.762699E+02	5.163523E+01	5.568179E+03
5.155	-1.199334E+06	2.675339E+02	5.153206E+01	5.568179E+03
5.16	-1.199335E+06	2.844710E+02	5.179338E+01	5.568179E+03
5.165	-1.199335E+06	2.925850E+02	5.303707E+01	5.568179E+03
5.17	-1.199334E+06	2.936832E+02	5.485063E+01	5.568179E+03
5.175	-1.199335E+06	3.002170E+02	5.584963E+01	5.568179E+03
5.18	-1.199335E+06	2.953058E+02	5.582844E+01	5.568179E+03
5.185	-1.199334E+06	2.833186E+02	5.541990E+01	5.568179E+03
5.19	-1.199334E+06	2.874831E+02	5.508327E+01	5.568179E+03
5.195	-1.199335E+06	2.915176E+02	5.498649E+01	5.568179E+03
5.2	-1.199334E+06	2.829637E+02	5.499510E+01	5.568179E+03
5.205	-1.199335E+06	3.040935E+02	5.434887E+01	5.568179E+03
5.21	-1.199334E+06	2.947943E+02	5.337577E+01	5.568179E+03
5.215	-1.199334E+06	2.874156E+02	5.267234E+01	5.568179E+03
5.22	-1.199335E+06	3.071760E+02	5.290153E+01	5.568179E+03
5.225	-1.199334E+06	3.045966E+02	5.383042E+01	5.568179E+03
5.23	-1.199334E+06	3.107149E+02	5.430493E+01	5.568179E+03
5.235	-1.199334E+06	3.170037E+02	5.454987E+01	5.568179E+03
5.24	-1.199334E+06	3.076295E+02	5.511482E+01	5.568179E+03
5.245	-1.199334E+06	3.063305E+02	5.607617E+01	5.568179E+03
5.25	-1.199334E+06	3.143484E+02	5.685289E+01	5.568179E+03
5.255	-1.199334E+06	3.049979E+02	5.698884E+01	5.568179E+03
5.26	-1.199334E+06	3.036116E+02	5.623188E+01	5.568179E+03
5.265	-1.199334E+06	3.111371E+02	5.535964E+01	5.568179E+03
5.27	-1.199334E+06	3.098023E+02	5.527076E+01	5.568179E+03
5.275	-1.199334E+06	3.148036E+02	5.538579E+01	5.568179E+03
5.28	-1.199334E+06	3.190157E+02	5.564105E+01	5.568179E+03
5.285	-1.199334E+06	3.355898E+02	5.550580E+01	5.568179E+03
5.29	-1.199334E+06	3.375790E+02	5.485654E+01	5.568179E+03
5.295	-1.199334E+06	3.230637E+02	5.452660E+01	5.568179E+03
5.3	-1.199334E+06	3.169703E+02	5.476488E+01	5.568179E+03
5.305	-1.199334E+06	3.276697E+02	5.524584E+01	5.568179E+03
5.31	-1.199334E+06	3.201643E+02	5.555458E+01	5.568179E+03
5.315	-1.199334E+06	3.275532E+02	5.542024E+01	5.568179E+03
5.32	-1.199334E+06	3.471376E+02	5.534952E+01	5.568179E+03
5.325	-1.199333E+06	3.257710E+02	5.530519E+01	5.568179E+03
5.33	-1.199333E+06	3.174983E+02	5.510239E+01	5.568179E+03
5.335	-1.199334E+06	3.336085E+02	5.515130E+01	5.568179E+03
5.34	-1.199334E+06	3.418364E+02	5.473199E+01	5.568179E+03
5.345	-1.199334E+06	3.389071E+02	5.336257E+01	5.568179E+03
5.35	-1.199333E+06	3.287555E+02	5.242149E+01	5.568179E+03
5.355	-1.199334E+06	3.522162E+02	5.212938E+01	5.568179E+03
5.36	-1.199334E+06	3.527125E+02	5.226700E+01	5.568179E+03
5.365	-1.199333E+06	3.267130E+02	5.283096E+01	5.568179E+03
5.37	-1.199334E+06	3.511916E+02	5.248266E+01	5.568179E+03
5.375	-1.199333E+06	3.373318E+02	5.185839E+01	5.568179E+03
5.38	-1.199332E+06	3.174242E+02	5.209647E+01	5.568179E+03
5.385	-1.199334E+06	3.607535E+02	5.309038E+01	5.568179E+03
5.39	-1.199333E+06	3.636187E+02	5.455255E+01	5.568179E+03
5.395	-1.199333E+06	3.617370E+02	5.512126E+01	5.568179E+03
5.4	-1.199334E+06	3.781977E+02	5.495231E+01	5.568179E+03
5.405	-1.199333E+06	3.613550E+02	5.503191E+01	5.568179E+03
5.41	-1.199333E+06	3.526337E+02	5.540190E+01	5.568179E+03
5.415	-1.199333E+06	3.603775E+02	5.583050E+01	5.568179E+03
5.42	-1.199333E+06	3.718305E+02	5.579728E+01	5.568179E+03
5.425	-1.199333E+06	3.825622E+02	5.466122E+01	5.568179E+03
5.43	-1.199333E+06	3.691115E+02	5.270365E+01	5.568179E+03
5.435	-1.199333E+06	3.594997E+02	5.143829E+01	5.568179E+03
5.44	-1.199332E+06	3.483993E+02	5.123734E+01	5.568179E+03
5.445	-1.199333E+06	3.779926E+02	5.095097E+01	5.568179E+03
5.45	-1.199333E+06	3.865476E+02	5.116921E+01	5.568179E+03
5.455	-1.199332E+06	3.860233E+02	5.128067E+01	5.568179E+03
5.46	-1.199333E+06	4.009421E+02	5.126316E+01	5.568179E+03
5.465	-1.199332E+06	3.790523E+02	5.241071E+01	5.568179E+03
5.47	-1.199333E+06	3.973501E+02	5.333877E+01	5.568179E+03
5.475	-1.199333E+06	3.868292E+02	5.407782E+01	5.568179E+03
5.48	-1.199332E+06	3.629195E+02	5.477241E+01	5.568179E+03
5.485	-1.199333E+06	3.952540E+02	5.445299E+01	5.568179E+03
5.49	-1.199333E+06	4.011864E+02	5.431668E+01	5.568179E+03
5.495	-1.199332E+06	3.861983E+02	5.424691E+01	5.568179E+03
5.5	-1.199332E+06	3.810364E+02	5.296625E+01	5.568179E+03
5.505	-1.199332E+06	3.803723E+02	5.134652E+01	5.568179E+03
5.51	-1.199332E+06	3.979581E+02	4.955309E+01	5.568179E+03
5.515	-1.199332E+06	4.071687E+02	4.800907E+01	5.568179E+03
5.52	-1.199332E+06	3.986026E+02	4.792373E+01	5.568179E+03
5.525	-1.199332E+06	3.997452E+02	4.840255E+01	5.568179E+03
5.53	-1.199332E+06	4.074953E+02	4.852277E+01	5.568179E+03
5.535	-1.199332E+06	4.110014E+02	4.859402E+01	5.568179E+03
5.54	-1.199332E+06	4.166496E+02	4.856671E+01	5.568179E+03
5.545	-1.199332E+06	4.150537E+02	4.902242E+01	5.568179E+03
5.55	-1.199332E+06	4.102687E+02	5.028706E+01	5.568179E+03
5.555	-1.199332E+06	4.065930E+02	5.127920E+01	5.568179E+03
5.56	-1.199332E+06	4.049464E+02	5.140693E+01	5.568179E+03
5.565	-1.199332E+06	3.978173E+02	5.086240E+01	5.568179E+03
5.57	-1.199331E+06	4.001496E+02	5.040323E+01	5.568179E+03
5.575	-1.199332E+06	4.252581E+02	5.068374E+01	5.568179E+03
5.58	-1.199331E+06	4.236204E+02	5.111291E+01	5.568179E+03
5.585	-1.199331E+06	4.321386E+02	5.082687E+01	5.568179E+03
5.59	-1.199331E+06	4.329801E+02	4.987051E+01	5.568179E+03
5.595	-1.199331E+06	4.215886E+02	4.850073E+01	5.568179E+03
5.6	-1.199331E+06	4.313787E+02	4.775646E+01	5.568179E+03
5.605	-1.199331E+06	4.292196E+02	4.788232E+01	5.568179E+03
5.61	-1.199332E+06	4.295760E+02	4.798035E+01	5.568179E+03
5.615	-1.199331E+06	4.082778E+02	4.805492E+01	5.568179E+03
5.62	-1.199332E+06	4.318771E+02	4.731192E+01	5.568179E+03
5.625	-1.199331E+06	4.311096E+02	4.677034E+01	5.568179E+03
5.63	-1.199331E+06	4.379356E+02	4.711541E+01	5.568179E+03
5.635	-1.199332E+06	4.595284E+02	4.849501E+01	5.568179E+03
5.64	-1.199331E+06	4.428206E+02	4.984171E+01	5.568179E+03
5.645	-1.199331E+06	4.547830E+02	5.001729E+01	5.568179E+03
5.65	-1.199331E+06	4.473622E+02	4.999648E+01	5.568179E+03
5.655	-1.199331E+06	4.402261E+02	4.928539E+01	5.568179E+03
5.66	-1.199331E+06	4.454611E+02	4.880178E+01	5.568179E+03
5.665	-1.199330E+06	4.376674E+02	4.936931E+01	5.568179E+03
5.67	-1.199332E+06	4.694330E+02	4.905802E+01	5.568179E+03
5.675	-1.199331E+06	4.496573E+02	4.837123E+01	5.568179E+03
5.68	-1.199330E+06	4.463040E+02	4.785788E+01	5.568179E+03
5.685	-1.199331E+06	4.761880E+02	4.839231E+01	5.568179E+03
5.69	-1.199330E+06	4.772780E+02	5.021022E+01	5.568179E+03
5.695	-1.199332E+06	5.033435E+02	5.096796E+01	5.568179E+03
5.7	-1.199330E+06	4.761909E+02	5.037331E+01	5.568179E+03
5.705	-1.199331E+06	4.700965E+02	4.909111E+01	5.568179E+03
5.71	-1.199331E+06	4.630816E+02	4.918123E+01	5.568179E+03
5.715	-1.199330E+06	4.538700E+02	5.049042E+01	5.568179E+03
5.72	-1.199331E+06	4.864577E+02	5.135513E+01	5.568179E+03
5.725	-1.199330E+06	4.682865E+02	5.248567E+01	5.568179E+03
5.73	-1.199330E+06	4.688508E+02	5.225315E+01	5.568179E+03
5.735	-1.199330E+06	4.919131E+02	5.050847E+01	5.568179E+03
5.74	-1.199331E+06	5.016523E+02	4.908566E+01	5.568179E+03
5.745	-1.199330E+06	4.811367E+02	4.806937E+01	5.568179E+03
5.75	-1.199330E+06	4.739621E+02	4.753205E+01	5.568179E+03
5.755	-1.199330E+06	4.812240E+02	4.739690E+01	5.568179E+03
5.76	-1.199330E+06	4.834874E+02	4.666669E+01	5.568179E+03
5.765	-1.199331E+06	4.939587E+02	4.650080E+01	5.568179E+03
5.77	-1.199330E+06	4.776855E+02	4.754695E+01	5.568179E+03
5.775	-1.199330E+06	4.865225E+02	4.788825E+01	5.568179E+03
5.78	-1.199330E+06	4.743498E+02	4.795124E+01	5.568179E+03
5.785	-1.199329E+06	4.770936E+02	4.772635E+01	5.568179E+03
5.79	-1.199331E+06	5.061610E+02	4.738663E+01	5.568179E+03
5.795	-1.199329E+06	4.909716E+02	4.855809E+01	5.568179E+03
5.8	-1.199331E+06	5.313826E+02	5.001301E+01	5.568179E+03
5.805	-1.199329E+06	5.115585E+02	5.130434E+01	5.568179E+03
5.81	-1.199330E+06	5.120322E+02	5.116031E+01	5.568179E+03
5.815	-1.199330E+06	5.035388E+02	5.034292E+01	5.568179E+03
5.82	-1.199329E+06	5.027554E+02	4.932793E+01	5.568179E+03
5.825	-1.199330E+06	5.154069E+02	4.806457E+01	5.568179E+03
5.83	-1.199329E+06	4.976758E+02	4.752110E+01	5.568179E+03
5.835	-1.199331E+06	5.388579E+02	4.688844E+01	5.568179E+03
5.84	-1.199329E+06	5.176534E+02	4.581074E+01	5.568179E+03
5.845	-1.199329E+06	5.261731E+02	4.399444E+01	5.568179E+03
5.85	-1.199330E+06	5.490697E+02	4.317487E+01	5.568179E+03
5.855	-1.199329E+06	5.146570E+02	4.401047E+01	5.568179E+03
5.86	-1.199330E+06	5.184629E+02	4.533967E+01	5.568179E+03
5.865	-1.199329E+06	5.156701E+02	4.666167E+01	5.568179E+03
5.87	-1.199329E+06	5.077574E+02	4.695528E+01	5.568179E+03
5.875	-1.199329E+06	5.076837E+02	4.718774E+01	5.568179E+03
5.88	-1.199330E+06	5.566040E+02	4.796038E+01	5.568179E+03
5.885	-1.199330E+06	5.680709E+02	4.845544E+01	5.568179E+03
5.89	-1.199328E+06	5.401838E+02	4.774660E+01	5.568179E+03
5.895	-1.199330E+06	5.479377E+02	4.558853E+01	5.568179E+03
5.9	-1.199328E+06	5.071638E+02	4.379074E+01	5.568179E+03
5.905	-1.199330E+06	5.527133E+02	4.254974E+01	5.568179E+03
5.91	-1.199329E+06	5.304712E+02	4.262449E+01	5.568179E+03
5.915	-1.199328E+06	5.051802E+02	4.253300E+01	5.568179E+03
5.92	-1.199330E+06	5.615595E+02	4.220984E+01	5.568179E+03
5.925	-1.199328E+06	5.289949E+02	4.295852E+01	5.568179E+03
5.93	-1.199329E+06	5.511187E+02	4.376960E+01	5.568179E+03
5.935	-1.199329E+06	5.833285E+02	4.558412E+01	5.568179E+03
5.94	-1.199329E+06	5.648171E+02	4.775558E+01	5.568179E+03
5.945	-1.199329E+06	5.456713E+02	4.898845E+01	5.568179E+03
5.95	-1.199328E+06	5.395550E+02	4.976426E+01	5.568179E+03
5.955	-1.199329E+06	5.857183E+02	5.014284E+01	5.568179E+03
5.96	-1.199328E+06	5.871355E+02	5.026707E+01	5.568179E+03
5.965	-1.199329E+06	5.977398E+02	4.902421E+01	5.568179E+03
5.97	-1.199329E+06	5.986897E+02	4.662158E+01	5.568179E+03
5.975	-1.199328E+06	5.628817E+02	4.334827E+01	5.568179E+03
5.98	-1.199328E+06	5.650762E+02	4.081132E+01	5.568179E+03
5.985	-1.199329E+06	5.902901E+02	4.041692E+01	5.568179E+03
5.99	-1.199329E+06	6.065906E+02	4.031792E+01	5.568179E+03
5.995	-1.199329E+06	5.979149E+02	4.080960E+01	5.568179E+03
6.0	-1.199327E+06	5.600374E+02	4.216442E+01	5.568179E+03
6.005	-1.199329E+06	5.925945E+02	4.190344E+01	5.568179E+03
6.01	-1.199329E+06	5.958019E+02	4.212391E+01	5.568179E+03
6.015	-1.199327E+06	5.584985E+02	4.403158E+01	5.568179E+03
6.02	-1.199329E+06	5.841078E+02	4.572028E+01	5.568179E+03
6.025	-1.199327E+06	5.713989E+02	4.726632E+01	5.568179E+03
6.03	-1.199328E+06	5.899056E+02	4.752785E+01	5.568179E+03
6.035	-1.199328E+06	5.847814E+02	4.724132E+01	5.568179E+03
6.04	-1.199327E+06	5.777215E+02	4.749406E+01	5.568179E+03
6.045	-1.199329E+06	6.135708E+02	4.812211E+01	5.568179E+03
6.05	-1.199328E+06	5.975843E+02	4.813389E+01	5.568179E+03
6.055	-1.199329E+06	5.965805E+02	4.657774E+01	5.568179E+03
6.06	-1.199328E+06	5.780237E+02	4.477668E+01	5.568179E+03
6.065	-1.199328E+06	5.898983E+02	4.325327E+01	5.568179E+03
6.07	-1.199329E+06	6.147182E+02	4.360459E+01	5.568179E+03
6.075	-1.199327E+06	5.937468E+02	4.510772E+01	5.568179E+03
6.08	-1.199329E+06	6.114326E+02	4.537150E+01	5.568179E+03
6.085	-1.199327E+06	5.916539E+02	4.549944E+01	5.568179E+03
6.09	-1.199328E+06	6.002140E+02	4.485620E+01	5.568179E+03
6.095	-1.199328E+06	6.021216E+02	4.448511E+01	5.568179E+03
6.1	-1.199327E+06	5.830403E+02	4.547885E+01	5.568179E+03
6.105	-1.199329E+06	6.414081E+02	4.677317E+01	5.568179E+03
6.11	-1.199327E+06	6.335818E+02	4.774360E+01	5.568179E+03
6.115	-1.199328E+06	6.376801E+02	4.707267E+01	5.568179E+03
6.12	-1.199329E+06	6.317463E+02	4.646746E+01	5.568179E+03
6.125	-1.199327E+06	5.835484E+02	4.645949E+01	5.568179E+03
6.13	-1.199328E+06	5.959918E+02	4.673496E+01	5.568179E+03
6.135	-1.199327E+06	5.936612E+02	4.845322E+01	5.568179E+03
6.14	-1.199329E+06	6.502990E+02	4.884484E+01	5.568179E+03
6.145	-1.199328E+06	6.330519E+02	4.853734E+01	5.568179E+03
6.15	-1.199326E+06	6.026149E+02	4.800811E+01	5.568179E+03
6.155	-1.199329E+06	6.653677E+02	4.670770E+01	5.568179E+03
6.16	-1.199327E+06	6.240399E+02	4.681212E+01	5.568179E+03
6.165	-1.199327E+06	6.317254E+02	4.669705E+01	5.568179E+03
6.17	-1.199329E+06	6.645950E+02	4.529436E+01	5.568179E+03
6.175	-1.199326E+06	6.046112E+02	4.391115E+01	5.568179E+03
6.18	-1.199328E+06	6.205332E+02	4.306423E+01	5.568179E+03
6.185	-1.199328E+06	6.428150E+02	4.413825E+01	5.568179E+03
6.19	-1.199328E+06	6.368118E+02	4.568169E+01	5.568179E+03
6.195	-1.199327E+06	6.275050E+02	4.607502E+01	5.568179E+03
6.2	-1.199328E+06	6.473995E+02	4.580991E+01	5.568179E+03
6.205	-1.199327E+06	6.430298E+02	4.627475E+01	5.568179E+03
6.21	-1.199327E+06	6.483389E+02	4.793478E+01	5.568179E+03
6.215	-1.199328E+06	6.740583E+02	4.954610E+01	5.568179E+03
6.22	-1.199326E+06	6.414650E+02	5.040507E+01	5.568179E+03
6.225	-1.199328E+06	6.683881E+02	5.043935E+01	5.568179E+03
6.23	-1.199327E+06	6.500833E+02	4.964854E+01	5.568179E+03
6.235	-1.199327E+06	6.130629E+02	4.830134E+01	5.568179E+03
6.24	-1.199327E+06	6.256138E+02	4.901464E+01	5.568179E+03
6.245	-1.199327E+06	6.577120E+02	5.027070E+01	5.568179E+03
6.25	-1.199328E+06	6.926147E+02	5.028830E+01	5.568179E+03
6.255	-1.199327E+06	6.776889E+02	4.913294E+01	5.568179E+03
6.26	-1.199327E+06	6.654359E+02	4.704926E+01	5.568179E+03
6.265	-1.199327E+06	6.542146E+02	4.636303E+01	5.568179E+03
6.27	-1.199327E+06	6.436118E+02	4.655822E+01	5.568179E+03
6.275	-1.199327E+06	6.427026E+02	4.627827E+01	5.568179E+03
6.28	-1.199327E+06	6.324509E+02	4.562975E+01	5.568179E+03
6.285	-1.199328E+06	6.437250E+02	4.485462E+01	5.568179E+03
6.29	-1.199326E+06	6.201964E+02	4.559462E+01	5.568179E+03
6.295	-1.199327E+06	6.518364E+02	4.703890E+01	5.568179E+03
6.3	-1.199328E+06	6.864698E+02	4.813961E+01	5.568179E+03
6.305	-1.199326E+06	6.554186E+02	4.829776E+01	5.568179E+03
6.31	-1.199327E+06	6.636836E+02	4.718077E+01	5.568179E+03
6.315	-1.199327E+06	6.652678E+02	4.678174E+01	5.568179E+03
6.32	-1.199327E+06	6.651206E+02	4.742543E+01	5.568179E+03
6.325	-1.199327E+06	6.723161E+02	4.871819E+01	5.568179E+03
6.33	-1.199327E+06	6.538936E+02	5.019276E+01	5.568179E+03
6.335	-1.199327E+06	6.550688E+02	5.046220E+01	5.568179E+03
6.34	-1.199327E+06	6.562270E+02	5.069100E+01	5.568179E+03
6.345	-1.199327E+06	6.547432E+02	5.143912E+01	5.568179E+03
6.35	-1.199327E+06	6.606478E+02	5.194287E+01	5.568179E+03
6.355	-1.199327E+06	6.876303E+02	5.151512E+01	5.568179E+03
6.36	-1.199327E+06	6.862126E+02	4.965227E+01	5.568179E+03
6.365	-1.199326E+06	6.709199E+02	4.725334E+01	5.568179E+03
6.37	-1.199328E+06	7.011288E+02	4.507283E+01	5.568179E+03
6.375	-1.199326E+06	6.654856E+02	4.467091E+01	5.568179E+03
6.38	-1.199327E+06	6.630701E+02	4.520983E+01	5.568179E+03
6.385	-1.199327E+06	6.782887E+02	4.491148E+01	5.568179E+03
6.39	-1.199327E+06	6.611609E+02	4.374670E+01	5.568179E+03
6.395	-1.199326E+06	6.546065E+02	4.300070E+01	5.568179E+03
6.4	-1.199328E+06	6.906644E+02	4.372846E+01	5.568179E+03
6.405	-1.199327E+06	6.933457E+02	4.577347E+01	5.568179E+03
6.41	-1.199327E+06	6.909922E+02	4.735037E+01	5.568179E+03
6.415	-1.199327E+06	6.665631E+02	4.904387E+01	5.568179E+03
6.42	-1.199327E+06	6.439270E+02	5.026800E+01	5.568179E+03
6.425	-1.199326E+06	6.326215E+02	5.065515E+01	5.568179E+03
6.43	-1.199328E+06	6.772450E+02	5.032819E+01	5.568179E+03
6.435	-1.199326E+06	6.682644E+02	4.983425E+01	5.568179E+03
6.44	-1.199327E+06	6.826354E+02	4.901593E+01	5.568179E+03
6.445	-1.199327E+06	7.009081E+02	4.757731E+01	5.568179E+03
6.45	-1.199327E+06	6.841576E+02	4.520046E+01	5.568179E+03
6.455	-1.199326E+06	6.660846E+02	4.367991E+01	5.568179E+03
6.46	-1.199327E+06	6.984860E+02	4.313672E+01	5.568179E+03
6.465	-1.199327E+06	6.901974E+02	4.239732E+01	5.568179E+03
6.47	-1.199327E+06	6.552184E+02	4.217026E+01	5.568179E+03
6.475	-1.199327E+06	6.510592E+02	4.301194E+01	5.568179E+03
6.48	-1.199327E+06	6.725100E+02	4.397513E+01	5.568179E+03
6.485	-1.199327E+06	6.845618E+02	4.606168E+01	5.568179E+03
6.49	-1.199327E+06	6.912420E+02	4.863614E+01	5.568179E+03
6.495	-1.199327E+06	6.927761E+02	5.018983E+01	5.568179E+03
6.5	-1.199327E+06	6.871068E+02	5.094091E+01	5.568179E+03
6.505	-1.199327E+06	6.872944E+02	5.111739E+01	5.568179E+03
6.51	-1.199328E+06	6.933667E+02	5.142289E+01	5.568179E+03
6.515	-1.199326E+06	6.719320E+02	5.177036E+01	5.568179E+03
6.52	-1.199328E+06	7.071828E+02	5.109602E+01	5.568179E+03
6.525	-1.199327E+06	6.909139E+02	5.023521E+01	5.568179E+03
6.53	-1.199326E+06	6.522445E+02	4.822959E+01	5.568179E+03
6.535	-1.199327E+06	6.591299E+02	4.650346E+01	5.568179E+03
6.54	-1.199327E+06	6.673444E+02	4.611330E+01	5.568179E+03
6.545	-1.199327E+06	6.808878E+02	4.600894E+01	5.568179E+03
6.55	-1.199327E+06	6.722005E+02	4.631673E+01	5.568179E+03
6.555	-1.199326E+06	6.551182E+02	4.606518E+01	5.568179E+03
6.56	-1.199326E+06	6.613003E+02	4.586128E+01	5.568179E+03
6.565	-1.199327E+06	6.936063E+02	4.730723E+01	5.568179E+03
6.57	-1.199327E+06	7.247329E+02	4.936307E+01	5.568179E+03
6.575	-1.199327E+06	6.972009E+02	5.112156E+01	5.568179E+03
6.58	-1.199326E+06	6.534821E+02	5.213311E+01	5.568179E+03
6.585	-1.199327E+06	6.667158E+02	5.288041E+01	5.568179E+03
6.59	-1.199326E+06	6.490014E+02	5.412485E+01	5.568179E+03
6.595	-1.199327E+06	6.714400E+02	5.337987E+01	5.568179E+03
6.6	-1.199327E+06	6.866585E+02	5.208944E+01	5.568179E+03
6.605	-1.199326E+06	6.621503E+02	5.120871E+01	5.568179E+03
6.61	-1.199327E+06	6.820351E+02	4.948625E+01	5.568179E+03
6.615	-1.199327E+06	6.709656E+02	4.863854E+01	5.568179E+03
6.62	-1.199326E+06	6.672083E+02	4.842432E+01	5.568179E+03
6.625	-1.199327E+06	6.999645E+02	4.847944E+01	5.568179E+03
6.63	-1.199326E+06	6.823849E+02	4.860743E+01	5.568179E+03
6.635	-1.199327E+06	7.144789E+02	4.715285E+01	5.568179E+03
6.64	-1.199327E+06	6.816408E+02	4.672056E+01	5.568179E+03
6.645	-1.199325E+06	6.208685E+02	4.749137E+01	5.568179E+03
6.65	-1.199327E+06	6.572647E+02	4.768677E+01	5.568179E+03
6.655	-1.199326E+06	6.486315E+02	4.836704E+01	5.568179E+03
6.66	-1.199326E+06	6.608990E+02	4.875598E+01	5.568179E+03
6.665	-1.199328E+06	6.916771E+02	4.849963E+01	5.568179E+03
6.67	-1.199326E+06	6.470665E+02	4.883529E+01	5.568179E+03
6.675	-1.199327E+06	6.478583E+02	4.992467E+01	5.568179E+03
6.68	-1.199326E+06	6.655363E+02	5.169868E+01	5.568179E+03
6.685	-1.199327E+06	6.824439E+02	5.215908E+01	5.568179E+03
6.69	-1.199326E+06	6.397760E+02	5.132319E+01	5.568179E+03
6.695	-1.199326E+06	6.338929E+02	4.921316E+01	5.568179E+03
6.7	-1.199328E+06	6.539244E+02	4.716403E+01	5.568179E+03
6.705	-1.199325E+06	6.088761E+02	4.734925E+01	5.568179E+03
6.71	-1.199328E+06	6.874941E+02	4.664862E+01	5.568179E+03
6.715	-1.199327E+06	6.634547E+02	4.620151E+01	5.568179E+03
6.72	-1.199326E+06	6.279289E+02	4.564415E+01	5.568179E+03
6.725	-1.199328E+06	6.680557E+02	4.434964E+01	5.568179E+03
6.73	-1.199326E+06	6.436748E+02	4.545381E+01	5.568179E+03
6.735	-1.199327E+06	6.501490E+02	4.723438E+01	5.568179E+03
6.74	-1.199327E+06	6.600366E+02	4.798200E+01	5.568179E+03
6.745	-1.199327E+06	6.564069E+02	4.889861E+01	5.568179E+03
6.75	-1.199327E+06	6.559285E+02	4.890752E+01	5.568179E+03
6.755	-1.199326E+06	6.282816E+02	4.916053E+01	5.568179E+03
6.76	-1.199327E+06	6.596191E+02	5.056386E+01	5.568179E+03
6.765	-1.199327E+06	6.768521E+02	5.151070E+01	5.568179E+03
6.77	-1.199327E+06	6.836691E+02	5.118216E+01	5.568179E+03
6.775	-1.199328E+06	6.775663E+02	5.076059E+01	5.568179E+03
6.78	-1.199326E+06	6.363511E+02	5.113358E+01	5.568179E+03
6.785	-1.199328E+06	6.583595E+02	5.120878E+01	5.568179E+03
6.79	-1.199327E+06	6.261115E+02	5.253574E+01	5.568179E+03
6.795	-1.199326E+06	6.261299E+02	5.368674E+01	5.568179E+03
6.8	-1.199328E+06	6.810756E+02	5.356472E+01	5.568179E+03
6.805	-1.199327E+06	6.641045E+02	5.324768E+01	5.568179E+03
6.81	-1.199328E+06	6.883451E+02	5.203819E+01	5.568179E+03
6.815	-1.199327E+06	6.931997E+02	5.142521E+01	5.568179E+03
6.82	-1.199327E+06	6.738449E+02	5.029875E+01	5.568179E+03
6.825	-1.199327E+06	6.371100E+02	4.857907E+01	5.568179E+03
6.83	-1.199327E+06	6.056926E+02	4.786679E+01	5.568179E+03
6.835	-1.199327E+06	6.271380E+02	4.777087E+01	5.568179E+03
6.84	-1.199327E+06	6.479098E+02	4.822463E+01	5.568179E+03
6.845	-1.199327E+06	6.459021E+02	4.911970E+01	5.568179E+03
6.85	-1.199327E+06	6.324709E+02	4.981385E+01	5.568179E+03
6.855	-1.199327E+06	6.284646E+02	4.999014E+01	5.568179E+03
6.86	-1.199327E+06	6.305496E+02	5.041692E+01	5.568179E+03
6.865	-1.199327E+06	6.349937E+02	5.093784E+01	5.568179E+03
6.87	-1.199327E+06	6.217051E+02	5.124295E+01	5.568179E+03
6.875	-1.199327E+06	5.909926E+02	5.167394E+01	5.568179E+03
6.88	-1.199327E+06	5.715895E+02	5.134731E+01	5.568179E+03
6.885	-1.199328E+06	5.930342E+02	5.058097E+01	5.568179E+03
6.89	-1.199327E+06	6.014233E+02	5.009564E+01	5.568179E+03
6.895	-1.199328E+06	6.182578E+02	4.856844E+01	5.568179E+03
6.9	-1.199328E+06	6.079166E+02	4.746954E+01	5.568179E+03
6.905	-1.199327E+06	5.879875E+02	4.756595E+01	5.568179E+03
6.91	-1.199328E+06	5.918848E+02	4.771947E+01	5.568179E+03
6.915	-1.199328E+06	5.951968E+02	4.774053E+01	5.568179E+03
6.92	-1.199327E+06	6.066851E+02	4.854790E+01	5.568179E+03
6.925	-1.199328E+06	6.313776E+02	4.943685E+01	5.568179E+03
6.93	-1.199328E+06	6.191718E+02	4.958042E+01	5.568179E+03
6.935	-1.199327E+06	6.089055E+02	5.006221E+01	5.568179E+03
6.94	-1.199328E+06	6.225887E+02	5.060219E+01	5.568179E+03
6.945	-1.199328E+06	6.021982E+02	5.061099E+01	5.568179E+03
6.95	-1.199328E+06	5.954517E+02	5.107733E+01	5.568179E+03
6.955	-1.199328E+06	6.083129E+02	5.164140E+01	5.568179E+03
6.96	-1.199329E+06	6.352054E+02	5.111269E+01	5.568179E+03
6.965	-1.199328E+06	6.224598E+02	5.078311E+01	5.568179E+03
6.97	-1.199328E+06	6.065139E+02	5.041850E+01	5.568179E+03
6.975	-1.199329E+06	5.966487E+02	5.049853E+01	5.568179E+03
6.98	-1.199327E+06	5.538407E+02	5.163385E+01	5.568179E+03
6.985	-1.199329E+06	5.808246E+02	5.203975E+01	5.568179E+03
6.99	-1.199328E+06	5.941291E+02	5.267631E+01	5.568179E+03
6.995	-1.199328E+06	5.926039E+02	5.346728E+01	5.568179E+03
7.0	-1.199329E+06	6.124425E+02	5.324462E+01	5.568179E+03
7.005	-1.199328E+06	5.893720E+02	5.278795E+01	5.568179E+03
7.01	-1.199328E+06	6.064177E+02	5.209987E+01	5.568179E+03
7.015	-1.199329E+06	6.413933E+02	5.084663E+01	5.568179E+03
7.02	-1.199329E+06	6.099939E+02	4.934059E+01	5.568179E+03
7.025	-1.199328E+06	5.644337E+02	4.783938E+01	5.568179E+03
7.03	-1.199329E+06	5.775761E+02	4.637742E+01	5.568179E+03
7.035	-1.199329E+06	5.641357E+02	4.643596E+01	5.568179E+03
7.04	-1.199327E+06	5.139679E+02	4.861409E+01	5.568179E+03
7.045	-1.199329E+06	5.847626E+02	5.072203E+01	5.568179E+03
7.05	-1.199330E+06	6.267923E+02	5.265972E+01	5.568179E+03
7.055	-1.199328E+06	5.792661E+02	5.373458E+01	5.568179E+03
7.06	-1.199329E+06	5.796580E+02	5.360579E+01	5.568179E+03
7.065	-1.199329E+06	5.675937E+02	5.405397E+01	5.568179E+03
7.07	-1.199328E+06	5.394140E+02	5.417572E+01	5.568179E+03
7.075	-1.199329E+06	5.378759E+02	5.294392E+01	5.568179E+03
7.08	-1.199329E+06	5.573633E+02	5.140177E+01	5.568179E+03
7.085	-1.199329E+06	5.665648E+02	5.005090E+01	5.568179E+03
7.09	-1.199329E+06	5.650918E+02	4.840207E+01	5.568179E+03
7.095	-1.199329E+06	5.574240E+02	4.697785E+01	5.568179E+03
7.1	-1.199329E+06	5.359905E+02	4.591583E+01	5.568179E+03
7.105	-1.199329E+06	5.394685E+02	4.488487E+01	5.568179E+03
7.11	-1.199329E+06	5.420463E+02	4.521770E+01	5.568179E+03
7.115	-1.199329E+06	5.382612E+02	4.649314E+01	5.568179E+03
7.12	-1.199330E+06	5.642541E+02	4.751024E+01	5.568179E+03
7.125	-1.199329E+06	5.278512E+02	4.962888E+01	5.568179E+03
7.13	-1.199329E+06	5.195054E+02	5.155215E+01	5.568179E+03
7.135	-1.199330E+06	5.248521E+02	5.292822E+01	5.568179E+03
7.14	-1.199329E+06	5.204129E+02	5.456166E+01	5.568179E+03
7.145	-1.199330E+06	5.764376E+02	5.480139E+01	5.568179E+03
7.15	-1.199330E+06	5.608332E+02	5.401480E+01	5.568179E+03
7.155	-1.199329E+06	5.174109E+02	5.285484E+01	5.568179E+03
7.16	-1.199330E+06	5.309781E+02	5.089530E+01	5.568179E+03
7.165	-1.199329E+06	5.251401E+02	4.906928E+01	5.568179E+03
7.17	-1.199329E+06	5.094360E+02	4.772072E+01	5.568179E+03
7.175	-1.199330E+06	5.214478E+02	4.696088E+01	5.568179E+03
7.18	-1.199330E+06	5.214221E+02	4.746098E+01	5.568179E+03
7.185	-1.199330E+06	5.182638E+02	4.813554E+01	5.568179E+03
7.19	-1.199330E+06	5.279661E+02	4.849228E+01	5.568179E+03
7.195	-1.199330E+06	5.104053E+02	4.932023E+01	5.568179E+03
7.2	-1.199330E+06	5.101191E+02	5.037235E+01	5.568179E+03
7.205	-1.199331E+06	5.328142E+02	5.133044E+01	5.568179E+03
7.21	-1.199330E+06	5.061305E+02	5.192051E+01	5.568179E+03
7.215	-1.199330E+06	4.956858E+02	5.209739E+01	5.568179E+03
7.22	-1.199331E+06	5.308718E+02	5.215118E+01	5.568179E+03
7.225	-1.199330E+06	5.256838E+02	5.224246E+01	5.568179E+03
7.23	-1.199330E+06	5.010653E+02	5.214752E+01	5.568179E+03
7.235	-1.199331E+06	5.067159E+02	5.136313E+01	5.568179E+03
7.24	-1.199330E+06	4.943242E+02	5.100167E+01	5.568179E+03
7.245	-1.199330E+06	5.006491E+02	5.096413E+01	5.568179E+03
7.25	-1.199331E+06	5.258640E+02	4.990913E+01	5.568179E+03
7.255	-1.199330E+06	4.914682E+02	4.932366E+01	5.568179E+03
7.26	-1.199330E+06	4.850650E+02	4.957246E+01	5.568179E+03
7.265	-1.199331E+06	5.105562E+02	4.953473E+01	5.568179E+03
7.27	-1.199330E+06	4.856135E+02	5.002647E+01	5.568179E+03
7.275	-1.199331E+06	4.930290E+02	5.084878E+01	5.568179E+03
7.28	-1.199331E+06	5.076327E+02	5.134215E+01	5.568179E+03
7.285	-1.199331E+06	4.991571E+02	5.148418E+01	5.568179E+03
7.29	-1.199330E+06	4.802362E+02	5.107928E+01	5.568179E+03
7.295	-1.199331E+06	4.837194E+02	4.966485E+01	5.568179E+03
7.3	-1.199331E+06	4.675194E+02	4.858853E+01	5.568179E+03
7.305	-1.199331E+06	4.594491E+02	4.766584E+01	5.568179E+03
7.31	-1.199331E+06	4.713189E+02	4.656663E+01	5.568179E+03
7.315	-1.199331E+06	4.647220E+02	4.677063E+01	5.568179E+03
7.32	-1.199330E+06	4.373582E+02	4.800389E+01	5.568179E+03
7.325	-1.199331E+06	4.571668E+02	4.901372E+01	5.568179E+03
7.33	-1.199332E+06	4.925476E+02	5.023011E+01	5.568179E+03
7.335	-1.199331E+06	4.711117E+02	5.128602E+01	5.568179E+03
7.34	-1.199331E+06	4.689158E+02	5.160428E+01	5.568179E+03
7.345	-1.199331E+06	4.600459E+02	5.256578E+01	5.568179E+03
7.35	-1.199330E+06	4.510787E+02	5.273471E+01	5.568179E+03
7.355	-1.199332E+06	4.845717E+02	5.112485E+01	5.568179E+03
7.36	-1.199331E+06	4.498104E+02	4.943387E+01	5.568179E+03
7.365	-1.199331E+06	4.388838E+02	4.766822E+01	5.568179E+03
7.37	-1.199331E+06	4.559503E+02	4.718365E+01	5.568179E+03
7.375	-1.199331E+06	4.534930E+02	4.723997E+01	5.568179E+03
7.38	-1.199331E+06	4.502606E+02	4.716262E+01	5.568179E+03
7.385	-1.199331E+06	4.638825E+02	4.756273E+01	5.568179E+03
7.39	-1.199332E+06	4.711379E+02	4.776682E+01	5.568179E+03
7.395	-1.199331E+06	4.473860E+02	4.843703E+01	5.568179E+03
7.4	-1.199331E+06	4.602445E+02	4.966914E+01	5.568179E+03
7.405	-1.199332E+06	4.779986E+02	5.005892E+01	5.568179E+03
7.41	-1.199331E+06	4.335591E+02	4.969970E+01	5.568179E+03
7.415	-1.199331E+06	4.326351E+02	4.918871E+01	5.568179E+03
7.42	-1.199332E+06	4.395993E+02	4.975555E+01	5.568179E+03
7.425	-1.199331E+06	4.208790E+02	5.081880E+01	5.568179E+03
7.43	-1.199332E+06	4.361964E+02	5.079046E+01	5.568179E+03
7.435	-1.199331E+06	4.227401E+02	5.040696E+01	5.568179E+03
7.44	-1.199332E+06	4.167475E+02	4.914051E+01	5.568179E+03
7.445	-1.199332E+06	4.101355E+02	4.831038E+01	5.568179E+03
7.45	-1.199332E+06	4.031077E+02	4.879638E+01	5.568179E+03
7.455	-1.199332E+06	4.185152E+02	4.886649E+01	5.568179E+03
7.46	-1.199332E+06	4.166143E+02	4.871144E+01	5.568179E+03
7.465	-1.199332E+06	4.208249E+02	4.845168E+01	5.568179E+03
7.47	-1.199332E+06	4.281230E+02	4.819240E+01	5.568179E+03
7.475	-1.199332E+06	4.173500E+02	4.810892E+01	5.568179E+03
7.48	-1.199332E+06	3.885366E+02	4.765820E+01	5.568179E+03
7.485	-1.199331E+06	3.579710E+02	4.734583E+01	5.568179E+03
7.49	-1.199332E+06	3.873416E+02	4.725700E+01	5.568179E+03
7.495	-1.199332E+06	3.960100E+02	4.781409E+01	5.568179E+03
7.5	-1.199331E+06	3.896318E+02	4.898578E+01	5.568179E+03
7.505	-1.199333E+06	4.244265E+02	5.016243E+01	5.568179E+03
7.51	-1.199332E+06	4.013788E+02	5.125277E+01	5.568179E+03
7.515	-1.199332E+06	3.937449E+02	5.154696E+01	5.568179E+03
7.52	-1.199333E+06	4.121069E+02	5.169775E+01	5.568179E+03
7.525	-1.199332E+06	4.036018E+02	5.165821E+01	5.568179E+03
7.53	-1.199333E+06	4.171614E+02	5.092897E+01	5.568179E+03
7.535	-1.199333E+06	4.168964E+02	5.026216E+01	5.568179E+03
7.54	-1.199332E+06	3.924876E+02	4.986438E+01	5.568179E+03
7.545	-1.199333E+06	4.081421E+02	4.894926E+01	5.568179E+03
7.55	-1.199333E+06	3.966114E+02	4.776165E+01	5.568179E+03
7.555	-1.199332E+06	3.829374E+02	4.721732E+01	5.568179E+03
7.56	-1.199332E+06	3.848412E+02	4.772731E+01	5.568179E+03
7.565	-1.199333E+06	3.981468E+02	4.846936E+01	5.568179E+03
7.57	-1.199333E+06	3.777092E+02	4.920381E+01	5.568179E+03
7.575	-1.199332E+06	3.564794E+02	4.914320E+01	5.568179E+03
7.58	-1.199333E+06	3.697124E+02	4.936598E+01	5.568179E+03
7.585	-1.199332E+06	3.582511E+02	5.084801E+01	5.568179E+03
7.59	-1.199334E+06	3.841949E+02	5.143120E+01	5.568179E+03
7.595	-1.199333E+06	3.595768E+02	5.194290E+01	5.568179E+03
7.6	-1.199332E+06	3.520175E+02	5.149608E+01	5.568179E+03
7.605	-1.199334E+06	3.840623E+02	4.974348E+01	5.568179E+03
7.61	-1.199332E+06	3.477269E+02	4.911856E+01	5.568179E+03
7.615	-1.199333E+06	3.424020E+02	4.893282E+01	5.568179E+03
7.62	-1.199333E+06	3.571992E+02	4.922608E+01	5.568179E+03
7.625	-1.199333E+06	3.642016E+02	4.994310E+01	5.568179E+03
7.63	-1.199334E+06	3.881667E+02	4.972672E+01	5.568179E+03
7.635	-1.199333E+06	3.844715E+02	4.912411E+01	5.568179E+03
7.64	-1.199333E+06	3.557283E+02	4.856090E+01	5.568179E+03
7.645	-1.199333E+06	3.297794E+02	4.845212E+01	5.568179E+03
7.65	-1.199334E+06	3.522199E+02	4.919820E+01	5.568179E+03
7.655	-1.199333E+06	3.656088E+02	5.024327E+01	5.568179E+03
7.66	-1.199334E+06	3.797358E+02	5.009765E+01	5.568179E+03
7.665	-1.199334E+06	3.690811E+02	4.941679E+01	5.568179E+03
7.67	-1.199333E+06	3.383104E+02	4.896851E+01	5.568179E+03
7.675	-1.199334E+06	3.401188E+02	4.866135E+01	5.568179E+03
7.68	-1.199333E+06	3.399957E+02	4.891742E+01	5.568179E+03
7.685	-1.199334E+06	3.501995E+02	4.940537E+01	5.568179E+03
7.69	-1.199334E+06	3.531837E+02	4.968438E+01	5.568179E+03
7.695	-1.199334E+06	3.393419E+02	4.986617E+01	5.568179E+03
7.7	-1.199333E+06	3.201964E+02	5.023271E+01	5.568179E+03
7.705	-1.199334E+06	3.183223E+02	5.027091E+01	5.568179E+03
7.71	-1.199334E+06	3.173522E+02	5.027559E+01	5.568179E+03
7.715	-1.199334E+06	3.281834E+02	5.027721E+01	5.568179E+03
7.72	-1.199334E+06	3.480252E+02	4.972080E+01	5.568179E+03
7.725	-1.199334E+06	3.281576E+02	4.925972E+01	5.568179E+03
7.73	-1.199333E+06	3.156548E+02	4.889190E+01	5.568179E+03
7.735	-1.199334E+06	3.281610E+02	4.846160E+01	5.568179E+03
7.74	-1.199334E+06	3.280548E+02	4.859911E+01	5.568179E+03
7.745	-1.199334E+06	3.302258E+02	4.831574E+01	5.568179E+03
7.75	-1.199334E+06	3.170611E+02	4.738870E+01	5.568179E+03
7.755	-1.199334E+06	2.954975E+02	4.697679E+01	5.568179E+03
7.76	-1.199334E+06	3.024395E+02	4.688546E+01	5.568179E+03
7.765	-1.199334E+06	3.088721E+02	4.703704E+01	5.568179E+03
7.77	-1.199334E+06	3.114762E+02	4.719638E+01	5.568179E+03
7.775	-1.199334E+06	3.165015E+02	4.733701E+01	5.568179E+03
7.78	-1.199334E+06	3.272278E+02	4.779893E+01	5.568179E+03
7.785	-1.199334E+06	3.166642E+02	4.883908E+01	5.568179E+03
7.79	-1.199334E+06	3.230478E+02	4.970784E+01	5.568179E+03
7.795	-1.199334E+06	3.185624E+02	4.997982E+01	5.568179E+03
7.8	-1.199334E+06	2.967454E+02	5.005489E+01	5.568179E+03
7.805	-1.199334E+06	3.025233E+02	5.010100E+01	5.568179E+03
7.81	-1.199335E+06	3.047779E+02	5.004171E+01	5.568179E+03
7.815	-1.199334E+06	2.843883E+02	5.022081E+01	5.568179E+03
7.82	-1.199334E+06	2.984135E+02	5.009714E+01	5.568179E+03
7.825	-1.199335E+06	3.217024E+02	4.954552E+01	5.568179E+03
7.83	-1.199334E+06	3.094696E+02	4.899410E+01	5.568179E+03
7.835	-1.199335E+06	3.061092E+02	4.816586E+01	5.568179E+03
7.84	-1.199335E+06	2.955898E+02	4.769851E+01	5.568179E+03
7.845	-1.199334E+06	2.823861E+02	4.754893E+01	5.568179E+03
7.85	-1.199335E+06	2.955406E+02	4.746588E+01	5.568179E+03
7.855	-1.199334E+06	2.927872E+02	4.835211E+01	5.568179E+03
7.86	-1.199335E+06	2.936197E+02	4.975279E+01	5.568179E+03
7.865	-1.199335E+06	2.963802E+02	5.110684E+01	5.568179E+03
7.87	-1.199334E+06	2.851965E+02	5.255985E+01	5.568179E+03
7.875	-1.199335E+06	2.953884E+02	5.377955E+01	5.568179E+03
7.88	-1.199335E+06	2.976965E+02	5.446084E+01	5.568179E+03
7.885	-1.199335E+06	2.894311E+02	5.452471E+01	5.568179E+03
7.89	-1.199335E+06	2.855405E+02	5.416643E+01	5.568179E+03
7.895	-1.199335E+06	2.802975E+02	5.350436E+01	5.568179E+03
7.9	-1.199335E+06	2.722804E+02	5.248917E+01	5.568179E+03
7.905	-1.199335E+06	2.700557E+02	5.121824E+01	5.568179E+03
7.91	-1.199335E+06	2.847344E+02	5.030916E+01	5.568179E+03
7.915	-1.199335E+06	2.826209E+02	5.030081E+01	5.568179E+03
7.92	-1.199335E+06	2.838458E+02	5.040717E+01	5.568179E+03
7.925	-1.199335E+06	2.856214E+02	5.076792E+01	5.568179E+03
7.93	-1.199335E+06	2.692234E+02	5.157039E+01	5.568179E+03
7.935	-1.199335E+06	2.782304E+02	5.195073E+01	5.568179E+03
7.94	-1.199335E+06	2.711668E+02	5.206599E+01	5.568179E+03
7.945	-1.199335E+06	2.498496E+02	5.187427E+01	5.568179E+03
7.95	-1.199335E+06	2.566280E+02	5.164903E+01	5.568179E+03
7.955	-1.199335E+06	2.687263E+02	5.171685E+01	5.568179E+03
7.96	-1.199335E+06	2.765371E+02	5.135945E+01	5.568179E+03
7.965	-1.199335E+06	2.637113E+02	5.088336E+01	5.568179E+03
7.97	-1.199335E+06	2.505091E+02	5.059857E+01	5.568179E+03
7.975	-1.199336E+06	2.589654E+02	5.009991E+01	5.568179E+03
7.98	-1.199335E+06	2.502522E+02	5.017194E+01	5.568179E+03
7.985	-1.199335E+06	2.435711E+02	5.059984E+01	5.568179E+03
7.99	-1.199335E+06	2.510320E+02	5.081716E+01	5.568179E+03
7.995	-1.199336E+06	2.554818E+02	5.128788E+01	5.568179E+03
8.0	-1.199335E+06	2.516290E+02	5.191256E+01	5.568179E+03
8.005	-1.199336E+06	2.601849E+02	5.224908E+01	5.568179E+03
8.01	-1.199336E+06	2.566950E+02	5.229144E+01	5.568179E+03
8.015	-1.199335E+06	2.439964E+02	5.167194E+01	5.568179E+03
8.02	-1.199336E+06	2.574408E+02	5.054578E+01	5.568179E+03
8.025	-1.199335E+06	2.405706E+02	5.006839E+01	5.568179E+03
8.03	-1.199335E+06	2.357868E+02	5.019668E+01	5.568179E+03
8.035	-1.199336E+06	2.481050E+02	5.075010E+01	5.568179E+03
8.04	-1.199336E+06	2.342658E+02	5.152687E+01	5.568179E+03
8.045	-1.199336E+06	2.356518E+02	5.206803E+01	5.568179E+03
8.05	-1.199336E+06	2.534451E+02	5.265700E+01	5.568179E+03
8.055	-1.199336E+06	2.544568E+02	5.315227E+01	5.568179E+03
8.06	-1.199336E+06	2.474242E+02	5.311253E+01	5.568179E+03
8.065	-1.199336E+06	2.512772E+02	5.285888E+01	5.568179E+03
8.07	-1.199336E+06	2.467657E+02	5.248089E+01	5.568179E+03
8.075	-1.199336E+06	2.343667E+02	5.205568E+01	5.568179E+03
8.08	-1.199336E+06	2.361893E+02	5.207833E+01	5.568179E+03
8.085	-1.199336E+06	2.386016E+02	5.243473E+01	5.568179E+03
8.09	-1.199336E+06	2.519804E+02	5.235026E+01	5.568179E+03
8.095	-1.199336E+06	2.462533E+02	5.231049E+01	5.568179E+03
8.1	-1.199336E+06	2.385436E+02	5.211264E+01	5.568179E+03
8.105	-1.199336E+06	2.312255E+02	5.153859E+01	5.568179E+03
8.11	-1.199336E+06	2.209893E+02	5.122325E+01	5.568179E+03
8.115	-1.199336E+06	2.340252E+02	5.084770E+01	5.568179E+03
8.12	-1.199336E+06	2.387018E+02	5.024563E+01	5.568179E+03
8.125	-1.199336E+06	2.246598E+02	4.997966E+01	5.568179E+03
8.13	-1.199336E+06	2.145741E+02	4.993617E+01	5.568179E+03
8.135	-1.199336E+06	2.204454E+02	4.986243E+01	5.568179E+03
8.14	-1.199336E+06	2.109314E+02	5.012489E+01	5.568179E+03
8.145	-1.199336E+06	2.094379E+02	5.020464E+01	5.568179E+03
8.15	-1.199336E+06	2.086864E+02	5.047743E+01	5.568179E+03
8.155	-1.199336E+06	2.041225E+02	5.104793E+01	5.568179E+03
8.16	-1.199337E+06	2.226812E+02	5.114846E+01	5.568179E+03
8.165	-1.199336E+06	2.118908E+02	5.134409E+01	5.568179E+03
8.17	-1.199336E+06	2.117310E+02	5.123430E+01	5.568179E+03
8.175	-1.199337E+06	2.218190E+02	5.091959E+01	5.568179E+03
8.18	-1.199336E+06	2.062081E+02	5.083155E+01	5.568179E+03
8.185	-1.199336E+06	2.121828E+02	5.051207E+01	5.568179E+03
8.19	-1.199336E+06	2.162290E+02	5.061588E+01	5.568179E+03
8.195	-1.199336E+06	2.100857E+02	5.115545E+01	5.568179E+03
8.2	-1.199336E+06	2.243401E+02	5.160420E+01	5.568179E+03
8.205	-1.199337E+06	2.302683E+02	5.212888E+01	5.568179E+03
8.21	-1.199336E+06	2.152710E+02	5.239859E+01	5.568179E+03
8.215	-1.199336E+06	2.142065E+02	5.243635E+01	5.568179E+03
8.22	-1.199337E+06	2.172322E+02	5.269393E+01	5.568179E+03
8.225	-1.199336E+06	2.064019E+02	5.290173E+01	5.568179E+03
8.23	-1.199336E+06	2.062308E+02	5.310301E+01	5.568179E+03
8.235	-1.199337E+06	2.099047E+02	5.349119E+01	5.568179E+03
8.24	-1.199336E+06	1.986921E+02	5.372634E+01	5.568179E+03
8.245	-1.199336E+06	2.016544E+02	5.372291E+01	5.568179E+03
8.25	-1.199337E+06	2.059226E+02	5.376175E+01	5.568179E+03
8.255	-1.199336E+06	2.030439E+02	5.374920E+01	5.568179E+03
8.26	-1.199337E+06	2.142147E+02	5.339851E+01	5.568179E+03
8.265	-1.199337E+06	2.054084E+02	5.259242E+01	5.568179E+03
8.27	-1.199336E+06	1.892563E+02	5.184825E+01	5.568179E+03
8.275	-1.199337E+06	1.962135E+02	5.169791E+01	5.568179E+03
8.28	-1.199337E+06	1.967280E+02	5.186154E+01	5.568179E+03
8.285	-1.199337E+06	1.985233E+02	5.203739E+01	5.568179E+03
8.29	-1.199337E+06	1.972898E+02	5.215274E+01	5.568179E+03
8.295	-1.199337E+06	1.916660E+02	5.203579E+01	5.568179E+03
8.3	-1.199337E+06	1.898388E+02	5.219661E+01	5.568179E+03
8.305	-1.199336E+06	1.870754E+02	5.238218E+01	5.568179E+03
8.31	-1.199337E+06	1.970419E+02	5.221225E+01	5.568179E+03
8.315	-1.199337E+06	1.970625E+02	5.253195E+01	5.568179E+03
8.32	-1.199337E+06	1.956467E+02	5.293951E+01	5.568179E+03
8.325	-1.199337E+06	1.859242E+02	5.343461E+01	5.568179E+03
8.33	-1.199337E+06	1.854040E+02	5.397209E+01	5.568179E+03
8.335	-1.199337E+06	1.914699E+02	5.412009E+01	5.568179E+03
8.34	-1.199337E+06	1.796366E+02	5.432733E+01	5.568179E+03
8.345	-1.199337E+06	1.875252E+02	5.433165E+01	5.568179E+03
8.35	-1.199337E+06	1.913180E+02	5.411841E+01	5.568179E+03
8.355	-1.199337E+06	1.819765E+02	5.392361E+01	5.568179E+03
8.36	-1.199337E+06	1.915596E+02	5.341025E+01	5.568179E+03
8.365	-1.199337E+06	1.919222E+02	5.305377E+01	5.568179E+03
8.37	-1.199337E+06	1.819176E+02	5.300033E+01	5.568179E+03
8.375	-1.199337E+06	1.752246E+02	5.282150E+01	5.568179E+03
8.38	-1.199337E+06	1.714785E+02	5.283384E+01	5.568179E+03
8.385	-1.199337E+06	1.695831E+02	5.319025E+01	5.568179E+03
8.39	-1.199337E+06	1.837141E+02	5.341857E+01	5.568179E+03
8.395	-1.199337E+06	1.848547E+02	5.386167E+01	5.568179E+03
8.4	-1.199337E+06	1.763192E+02	5.428956E+01	5.568179E+03
8.405	-1.199337E+06	1.873536E+02	5.429341E+01	5.568179E+03
8.41	-1.199337E+06	1.817197E+02	5.443546E+01	5.568179E+03
8.415	-1.199337E+06	1.777715E+02	5.444696E+01	5.568179E+03
8.42	-1.199337E+06	1.879186E+02	5.418340E+01	5.568179E+03
8.425	-1.199337E+06	1.720163E+02	5.390693E+01	5.568179E+03
8.43	-1.199337E+06	1.605304E+02	5.341498E+01	5.568179E+03
8.435	-1.199337E+06	1.775985E+02	5.305989E+01	5.568179E+03
8.44	-1.199337E+06	1.821061E+02	5.328083E+01	5.568179E+03
8.445	-1.199337E+06	1.726127E+02	5.361422E+01	5.568179E+03
8.45	-1.199337E+06	1.746342E+02	5.372039E+01	5.568179E+03
8.455	-1.199337E+06	1.749182E+02	5.357210E+01	5.568179E+03
8.46	-1.199337E+06	1.655593E+02	5.327090E+01	5.568179E+03
8.465	-1.199337E+06	1.667932E+02	5.316980E+01	5.568179E+03
8.47	-1.199337E+06	1.661429E+02	5.328781E+01	5.568179E+03
8.475	-1.199337E+06	1.657761E+02	5.316953E+01	5.568179E+03
8.48	-1.199337E+06	1.717782E+02	5.282335E+01	5.568179E+03
8.485	-1.199337E+06	1.716377E+02	5.238511E+01	5.568179E+03
8.49	-1.199337E+06	1.741381E+02	5.195851E+01	5.568179E+03
8.495	-1.199337E+06	1.648954E+02	5.202168E+01	5.568179E+03
8.5	-1.199337E+06	1.672731E+02	5.218557E+01	5.568179E+03
8.505	-1.199337E+06	1.751340E+02	5.227961E+01	5.568179E+03
8.51	-1.199337E+06	1.617459E+02	5.262899E+01	5.568179E+03
8.515	-1.199337E+06	1.563503E+02	5.306686E+01	5.568179E+03
8.52	-1.199337E+06	1.575471E+02	5.359594E+01	5.568179E+03
8.525	-1.199337E+06	1.558059E+02	5.408196E+01	5.568179E+03
8.53	-1.199337E+06	1.552378E+02	5.427219E+01	5.568179E+03
8.535	-1.199337E+06	1.582151E+02	5.428765E+01	5.568179E+03
8.54	-1.199337E+06	1.614616E+02	5.412586E+01	5.568179E+03
8.545	-1.199337E+06	1.583627E+02	5.364083E+01	5.568179E+03
8.55	-1.199337E+06	1.553930E+02	5.299907E+01	5.568179E+03
8.555	-1.199337E+06	1.553067E+02	5.241760E+01	5.568179E+03
8.56	-1.199337E+06	1.634059E+02	5.183312E+01	5.568179E+03
8.565	-1.199337E+06	1.575527E+02	5.153616E+01	5.568179E+03
8.57	-1.199337E+06	1.497916E+02	5.160602E+01	5.568179E+03
8.575	-1.199337E+06	1.534190E+02	5.184014E+01	5.568179E+03
8.58	-1.199337E+06	1.486834E+02	5.236349E+01	5.568179E+03
8.585	-1.199337E+06	1.573450E+02	5.311608E+01	5.568179E+03
8.59	-1.199337E+06	1.639110E+02	5.396449E+01	5.568179E+03
8.595	-1.199337E+06	1.565538E+02	5.450385E+01	5.568179E+03
8.6	-1.199337E+06	1.490595E+02	5.462046E+01	5.568179E+03
8.605	-1.199337E+06	1.522250E+02	5.461960E+01	5.568179E+03
8.61	-1.199337E+06	1.513507E+02	5.471290E+01	5.568179E+03
8.615	-1.199337E+06	1.512105E+02	5.462689E+01	5.568179E+03
8.62	-1.199337E+06	1.535093E+02	5.427564E+01	5.568179E+03
8.625	-1.199337E+06	1.456925E+02	5.397586E+01	5.568179E+03
8.63	-1.199337E+06	1.490892E+02	5.389788E+01	5.568179E+03
8.635	-1.199337E+06	1.475389E+02	5.408617E+01	5.568179E+03
8.64	-1.199337E+06	1.455411E+02	5.402589E+01	5.568179E+03
8.645	-1.199337E+06	1.475966E+02	5.374633E+01	5.568179E+03
8.65	-1.199337E+06	1.471186E+02	5.358880E+01	5.568179E+03
8.655	-1.199337E+06	1.495398E+02	5.343620E+01	5.568179E+03
8.66	-1.199337E+06	1.470503E+02	5.336795E+01	5.568179E+03
8.665	-1.199337E+06	1.485961E+02	5.330871E+01	5.568179E+03
8.67	-1.199337E+06	1.500440E+02	5.319966E+01	5.568179E+03
8.675	-1.199337E+06	1.406222E+02	5.349197E+01	5.568179E+03
8.68	-1.199337E+06	1.353033E+02	5.427293E+01	5.568179E+03
8.685	-1.199337E+06	1.424017E+02	5.523162E+01	5.568179E+03
8.69	-1.199337E+06	1.443719E+02	5.606161E+01	5.568179E+03
8.695	-1.199337E+06	1.425430E+02	5.628133E+01	5.568179E+03
8.7	-1.199337E+06	1.444269E+02	5.619992E+01	5.568179E+03
8.705	-1.199337E+06	1.440027E+02	5.610723E+01	5.568179E+03
8.71	-1.199338E+06	1.491334E+02	5.550957E+01	5.568179E+03
8.715	-1.199337E+06	1.417218E+02	5.476068E+01	5.568179E+03
8.72	-1.199337E+06	1.357173E+02	5.401852E+01	5.568179E+03
8.725	-1.199338E+06	1.396276E+02	5.336292E+01	5.568179E+03
8.73	-1.199337E+06	1.334974E+02	5.344758E+01	5.568179E+03
8.735	-1.199337E+06	1.404251E+02	5.404370E+01	5.568179E+03
8.74	-1.199338E+06	1.447090E+02	5.474330E+01	5.568179E+03
8.745	-1.199338E+06	1.393751E+02	5.526071E+01	5.568179E+03
8.75	-1.199337E+06	1.349624E+02	5.540784E+01	5.568179E+03
8.755	-1.199338E+06	1.402660E+02	5.532520E+01	5.568179E+03
8.76	-1.199338E+06	1.404756E+02	5.531862E+01	5.568179E+03
8.765	-1.199337E+06	1.317626E+02	5.528187E+01	5.568179E+03
8.77	-1.199338E+06	1.396960E+02	5.499210E+01	5.568179E+03
8.775	-1.199337E+06	1.313991E+02	5.470363E+01	5.568179E+03
8.78	-1.199337E+06	1.230177E+02	5.434800E+01	5.568179E+03
8.785	-1.199338E+06	1.311860E+02	5.414680E+01	5.568179E+03
8.79	-1.199337E+06	1.313943E+02	5.429016E+01	5.568179E+03
8.795	-1.199338E+06	1.390438E+02	5.431919E+01	5.568179E+03
8.8	-1.199338E+06	1.413976E+02	5.427061E+01	5.568179E+03
8.805	-1.199338E+06	1.341999E+02	5.423293E+01	5.568179E+03
8.81	-1.199338E+06	1.296108E+02	5.420850E+01	5.568179E+03
8.815	-1.199338E+06	1.292704E+02	5.430906E+01	5.568179E+03
8.82	-1.199337E+06	1.267806E+02	5.439795E+01	5.568179E+03
8.825	-1.199338E+06	1.305183E+02	5.425824E+01	5.568179E+03
8.83	-1.199338E+06	1.286305E+02	5.414840E+01	5.568179E+03
8.835	-1.199338E+06	1.298648E+02	5.401375E+01	5.568179E+03
8.84	-1.199338E+06	1.320094E+02	5.388651E+01	5.568179E+03
8.845	-1.199337E+06	1.307544E+02	5.395392E+01	5.568179E+03
8.85	-1.199338E+06	1.312410E+02	5.419107E+01	5.568179E+03
8.855	-1.199338E+06	1.293761E+02	5.436042E+01	5.568179E+03
8.86	-1.199338E+06	1.281952E+02	5.425980E+01	5.568179E+03
8.865	-1.199337E+06	1.244844E+02	5.400512E+01	5.568179E+03
8.87	-1.199338E+06	1.326760E+02	5.373815E+01	5.568179E+03
8.875	-1.199338E+06	1.322883E+02	5.383688E+01	5.568179E+03
8.88	-1.199337E+06	1.236462E+02	5.394847E+01	5.568179E+03
8.885	-1.199338E+06	1.309732E+02	5.351874E+01	5.568179E+03
8.89	-1.199337E+06	1.217962E+02	5.302179E+01	5.568179E+03
8.895	-1.199337E+06	1.214974E+02	5.271546E+01	5.568179E+03
8.9	-1.199338E+06	1.296882E+02	5.283404E+01	5.568179E+03
8.905	-1.199337E+06	1.251260E+02	5.324165E+01	5.568179E+03
8.91	-1.199338E+06	1.242897E+02	5.342368E+01	5.568179E+03
8.915	-1.199338E+06	1.209387E+02	5.352687E+01	5.568179E+03
8.92	-1.199337E+06	1.149039E+02	5.374251E+01	5.568179E+03
8.925	-1.199337E+06	1.158588E+02	5.396774E+01	5.568179E+03
8.93	-1.199338E+06	1.267368E+02	5.418946E+01	5.568179E+03
8.935	-1.199338E+06	1.270986E+02	5.425614E+01	5.568179E+03
8.94	-1.199337E+06	1.220592E+02	5.398763E+01	5.568179E+03
8.945	-1.199338E+06	1.310882E+02	5.366889E+01	5.568179E+03
8.95	-1.199338E+06	1.282907E+02	5.347528E+01	5.568179E+03
8.955	-1.199338E+06	1.247468E+02	5.315441E+01	5.568179E+03
8.96	-1.199338E+06	1.255235E+02	5.298142E+01	5.568179E+03
8.965	-1.199337E+06	1.191259E+02	5.292524E+01	5.568179E+03
8.97	-1.199338E+06	1.203614E+02	5.265126E+01	5.568179E+03
8.975	-1.199338E+06	1.145499E+02	5.282051E+01	5.568179E+03
8.98	-1.199338E+06	1.186913E+02	5.338256E+01	5.568179E+03
8.985	-1.199338E+06	1.217684E+02	5.394496E+01	5.568179E+03
8.99	-1.199338E+06	1.241272E+02	5.438248E+01	5.568179E+03
8.995	-1.199338E+06	1.254000E+02	5.456317E+01	5.568179E+03
9.0	-1.199338E+06	1.203628E+02	5.454529E+01	5.568179E+03
9.005	-1.199338E+06	1.241317E+02	5.451964E+01	5.568179E+03
9.01	-1.199338E+06	1.225830E+02	5.444812E+01	5.568179E+03
9.015	-1.199338E+06	1.202022E+02	5.407131E+01	5.568179E+03
9.02	-1.199338E+06	1.182169E+02	5.360846E+01	5.568179E+03
9.025	-1.199338E+06	1.127574E+02	5.311290E+01	5.568179E+03
9.03	-1.199338E+06	1.153572E+02	5.250085E+01	5.568179E+03
9.035	-1.199338E+06	1.125304E+02	5.233699E+01	5.568179E+03
9.04	-1.199338E+06	1.160348E+02	5.262380E+01	5.568179E+03
9.045	-1.199338E+06	1.162489E+02	5.325107E+01	5.568179E+03
9.05	-1.199338E+06	1.179328E+02	5.384152E+01	5.568179E+03
9.055	-1.199338E+06	1.219557E+02	5.392201E+01	5.568179E+03
9.06	-1.199338E+06	1.092067E+02	5.388787E+01	5.568179E+03
9.065	-1.199338E+06	1.131258E+02	5.398060E+01	5.568179E+03
9.07	-1.199338E+06	1.202875E+02	5.423449E+01	5.568179E+03
9.075	-1.199338E+06	1.139294E+02	5.442469E+01	5.568179E+03
9.08	-1.199338E+06	1.154353E+02	5.423843E+01	5.568179E+03
9.085	-1.199338E+06	1.078158E+02	5.395266E+01	5.568179E+03
9.09	-1.199338E+06	1.080109E+02	5.375339E+01	5.568179E+03
9.095	-1.199338E+06	1.158291E+02	5.378366E+01	5.568179E+03
9.1	-1.199338E+06	1.124715E+02	5.384307E+01	5.568179E+03
9.105	-1.199338E+06	1.117833E+02	5.374893E+01	5.568179E+03
9.11	-1.199338E+06	1.140980E+02	5.364298E+01	5.568179E+03
9.115	-1.199338E+06	1.171151E+02	5.345442E+01	5.568179E+03
9.12	-1.199338E+06	1.131946E+02	5.354729E+01	5.568179E+03
9.125	-1.199338E+06	1.128668E+02	5.389959E+01	5.568179E+03
9.13	-1.199338E+06	1.162824E+02	5.411504E+01	5.568179E+03
9.135	-1.199338E+06	1.055831E+02	5.431420E+01	5.568179E+03
9.14	-1.199338E+06	1.082641E+02	5.440261E+01	5.568179E+03
9.145	-1.199338E+06	1.088968E+02	5.459279E+01	5.568179E+03
9.15	-1.199338E+06	1.152870E+02	5.466954E+01	5.568179E+03
9.155	-1.199338E+06	1.200237E+02	5.453093E+01	5.568179E+03
9.16	-1.199338E+06	1.128378E+02	5.423813E+01	5.568179E+03
9.165	-1.199338E+06	1.148499E+02	5.365811E+01	5.568179E+03
9.17	-1.199338E+06	1.090198E+02	5.327472E+01	5.568179E+03
9.175	-1.199338E+06	1.096729E+02	5.302411E+01	5.568179E+03
9.18	-1.199338E+06	1.106012E+02	5.280532E+01	5.568179E+03
9.185	-1.199338E+06	1.065489E+02	5.279774E+01	5.568179E+03
9.19	-1.199338E+06	1.168602E+02	5.278358E+01	5.568179E+03
9.195	-1.199338E+06	1.126592E+02	5.298810E+01	5.568179E+03
9.2	-1.199338E+06	1.095799E+02	5.337210E+01	5.568179E+03
9.205	-1.199338E+06	1.123143E+02	5.361412E+01	5.568179E+03
9.21	-1.199338E+06	1.045344E+02	5.380368E+01	5.568179E+03
9.215	-1.199338E+06	1.024738E+02	5.401741E+01	5.568179E+03
9.22	-1.199338E+06	1.054456E+02	5.419571E+01	5.568179E+03
9.225	-1.199338E+06	1.079593E+02	5.430614E+01	5.568179E+03
9.23	-1.199338E+06	1.073664E+02	5.419551E+01	5.568179E+03
9.235	-1.199338E+06	1.125790E+02	5.379458E+01	5.568179E+03
9.24	-1.199338E+06	1.067107E+02	5.354095E+01	5.568179E+03
9.245	-1.199338E+06	9.970989E+01	5.318019E+01	5.568179E+03
9.25	-1.199338E+06	1.122117E+02	5.252284E+01	5.568179E+03
9.255	-1.199338E+06	1.064720E+02	5.224469E+01	5.568179E+03
9.26	-1.199338E+06	1.057561E+02	5.213338E+01	5.568179E+03
9.265	-1.199338E+06	1.162823E+02	5.220560E+01	5.568179E+03
9.27	-1.199338E+06	1.056735E+02	5.246617E+01	5.568179E+03
9.275	-1.199338E+06	1.022071E+02	5.228146E+01	5.568179E+03
9.28	-1.199338E+06	9.714331E+01	5.243793E+01	5.568179E+03
9.285	-1.199338E+06	1.004458E+02	5.311061E+01	5.568179E+03
9.29	-1.199338E+06	1.102236E+02	5.362903E+01	5.568179E+03
9.295	-1.199338E+06	1.061240E+02	5.399116E+01	5.568179E+03
9.3	-1.199338E+06	1.068513E+02	5.395950E+01	5.568179E+03
9.305	-1.199338E+06	1.121152E+02	5.348813E+01	5.568179E+03
9.31	-1.199338E+06	1.059982E+02	5.312369E+01	5.568179E+03
9.315	-1.199338E+06	9.969020E+01	5.291356E+01	5.568179E+03
9.32	-1.199338E+06	1.073205E+02	5.247462E+01	5.568179E+03
9.325	-1.199338E+06	1.064647E+02	5.200713E+01	5.568179E+03
9.33	-1.199338E+06	9.862755E+01	5.173690E+01	5.568179E+03
9.335	-1.199338E+06	1.072628E+02	5.161786E+01	5.568179E+03
9.34	-1.199338E+06	1.062539E+02	5.194015E+01	5.568179E+03
9.345	-1.199338E+06	1.035820E+02	5.236734E+01	5.568179E+03
9.35	-1.199338E+06	1.068577E+02	5.258425E+01	5.568179E+03
9.355	-1.199338E+06	1.006070E+02	5.296170E+01	5.568179E+03
9.36	-1.199338E+06	1.054814E+02	5.315480E+01	5.568179E+03
9.365	-1.199338E+06	1.094588E+02	5.307417E+01	5.568179E+03
9.37	-1.199338E+06	1.045629E+02	5.304913E+01	5.568179E+03
9.375	-1.199338E+06	1.069139E+02	5.276722E+01	5.568179E+03
9.38	-1.199338E+06	1.073334E+02	5.246645E+01	5.568179E+03
9.385	-1.199338E+06	1.013967E+02	5.259047E+01	5.568179E+03
9.39	-1.199338E+06	1.050305E+02	5.269257E+01	5.568179E+03
9.395	-1.199338E+06	1.108976E+02	5.274418E+01	5.568179E+03
9.4	-1.199338E+06	1.019992E+02	5.287836E+01	5.568179E+03
9.405	-1.199338E+06	1.007004E+02	5.267402E+01	5.568179E+03
9.41	-1.199338E+06	9.925565E+01	5.250652E+01	5.568179E+03
9.415	-1.199338E+06	9.569749E+01	5.244526E+01	5.568179E+03
9.42	-1.199338E+06	1.034278E+02	5.223109E+01	5.568179E+03
9.425	-1.199338E+06	1.009781E+02	5.221902E+01	5.568179E+03
9.43	-1.199338E+06	9.882951E+01	5.203968E+01	5.568179E+03
9.435	-1.199338E+06	9.884015E+01	5.155314E+01	5.568179E+03
9.44	-1.199338E+06	9.640411E+01	5.114666E+01	5.568179E+03
9.445	-1.199338E+06	1.004989E+02	5.090119E+01	5.568179E+03
9.45	-1.199338E+06	1.081179E+02	5.086927E+01	5.568179E+03
9.455	-1.199338E+06	1.082867E+02	5.108622E+01	5.568179E+03
9.46	-1.199338E+06	9.995197E+01	5.145039E+01	5.568179E+03
9.465	-1.199338E+06	1.054679E+02	5.163776E+01	5.568179E+03
9.47	-1.199338E+06	1.001311E+02	5.175413E+01	5.568179E+03
9.475	-1.199338E+06	9.398075E+01	5.185585E+01	5.568179E+03
9.48	-1.199338E+06	1.001063E+02	5.189921E+01	5.568179E+03
9.485	-1.199338E+06	9.518549E+01	5.186371E+01	5.568179E+03
9.49	-1.199338E+06	9.912872E+01	5.143993E+01	5.568179E+03
9.495	-1.199338E+06	1.040152E+02	5.090706E+01	5.568179E+03
9.5	-1.199338E+06	1.018013E+02	5.077329E+01	5.568179E+03
9.505	-1.199338E+06	1.029484E+02	5.092176E+01	5.568179E+03
9.51	-1.199338E+06	9.952661E+01	5.116870E+01	5.568179E+03
9.515	-1.199338E+06	1.000903E+02	5.144115E+01	5.568179E+03
9.52	-1.199338E+06	1.014958E+02	5.172565E+01	5.568179E+03
9.525	-1.199338E+06	1.028862E+02	5.197026E+01	5.568179E+03
9.53	-1.199338E+06	1.023951E+02	5.218011E+01	5.568179E+03
9.535	-1.199338E+06	1.018678E+02	5.216387E+01	5.568179E+03
9.54	-1.199338E+06	9.805376E+01	5.202046E+01	5.568179E+03
9.545	-1.199338E+06	9.497745E+01	5.203209E+01	5.568179E+03
9.55	-1.199338E+06	1.028335E+02	5.206577E+01	5.568179E+03
9.555	-1.199338E+06	1.094437E+02	5.210241E+01	5.568179E+03
9.56	-1.199338E+06	1.044482E+02	5.218829E+01	5.568179E+03
9.565	-1.199338E+06	9.832963E+01	5.218044E+01	5.568179E+03
9.57	-1.199338E+06	9.444861E+01	5.220947E+01	5.568179E+03
9.575	-1.199338E+06	9.684933E+01	5.220800E+01	5.568179E+03
9.58	-1.199338E+06	1.010859E+02	5.221919E+01	5.568179E+03
9.585	-1.199338E+06	1.041977E+02	5.242954E+01	5.568179E+03
9.59	-1.199338E+06	1.045486E+02	5.254592E+01	5.568179E+03
9.595	-1.199338E+06	1.004469E+02	5.244472E+01	5.568179E+03
9.6	-1.199338E+06	9.733658E+01	5.231150E+01	5.568179E+03
9.605	-1.199338E+06	1.000762E+02	5.202683E+01	5.568179E+03
9.61	-1.199338E+06	9.763173E+01	5.170731E+01	5.568179E+03
9.615	-1.199338E+06	9.292287E+01	5.166746E+01	5.568179E+03
9.62	-1.199338E+06	1.007225E+02	5.176450E+01	5.568179E+03
9.625	-1.199338E+06	9.970374E+01	5.193414E+01	5.568179E+03
9.63	-1.199338E+06	9.533214E+01	5.206397E+01	5.568179E+03
9.635	-1.199338E+06	9.819166E+01	5.216567E+01	5.568179E+03
9.64	-1.199338E+06	9.956139E+01	5.244154E+01	5.568179E+03
9.645	-1.199338E+06	1.021566E+02	5.273492E+01	5.568179E+03
9.65	-1.199338E+06	1.009180E+02	5.286084E+01	5.568179E+03
9.655	-1.199338E+06	1.010799E+02	5.267004E+01	5.568179E+03
9.66	-1.199338E+06	1.006707E+02	5.219976E+01	5.568179E+03
9.665	-1.199338E+06	9.922828E+01	5.171753E+01	5.568179E+03
9.67	-1.199338E+06	9.866205E+01	5.149633E+01	5.568179E+03
9.675	-1.199338E+06	9.368281E+01	5.155492E+01	5.568179E+03
9.68	-1.199338E+06	9.751001E+01	5.155984E+01	5.568179E+03
9.685	-1.199338E+06	1.003184E+02	5.155420E+01	5.568179E+03
9.69	-1.199338E+06	9.996979E+01	5.174980E+01	5.568179E+03
9.695	-1.199338E+06	1.020768E+02	5.221156E+01	5.568179E+03
9.7	-1.199338E+06	1.023143E+02	5.273022E+01	5.568179E+03
9.705	-1.199338E+06	1.016318E+02	5.287147E+01	5.568179E+03
9.71	-1.199338E+06	9.512458E+01	5.267994E+01	5.568179E+03
9.715	-1.199338E+06	9.568240E+01	5.239711E+01	5.568179E+03
9.72	-1.199338E+06	1.024771E+02	5.214096E+01	5.568179E+03
9.725	-1.199338E+06	9.723709E+01	5.199389E+01	5.568179E+03
9.73	-1.199338E+06	9.894372E+01	5.177524E+01	5.568179E+03
9.735	-1.199338E+06	9.883474E+01	5.156283E+01	5.568179E+03
9.74	-1.199338E+06	9.609565E+01	5.138007E+01	5.568179E+03
9.745	-1.199338E+06	1.053567E+02	5.129072E+01	5.568179E+03
9.75	-1.199338E+06	1.001817E+02	5.145267E+01	5.568179E+03
9.755	-1.199338E+06	9.639410E+01	5.142430E+01	5.568179E+03
9.76	-1.199338E+06	9.559993E+01	5.139024E+01	5.568179E+03
9.765	-1.199338E+06	9.244166E+01	5.156832E+01	5.568179E+03
9.77	-1.199338E+06	9.669364E+01	5.179044E+01	5.568179E+03
9.775	-1.199338E+06	1.005425E+02	5.205534E+01	5.568179E+03
9.78	-1.199338E+06	1.044802E+02	5.214245E+01	5.568179E+03
9.785	-1.199338E+06	1.019689E+02	5.208042E+01	5.568179E+03
9.79	-1.199338E+06	9.912560E+01	5.188397E+01	5.568179E+03
9.795	-1.199338E+06	9.589654E+01	5.161227E+01	5.568179E+03
9.8	-1.199338E+06	9.023816E+01	5.146625E+01	5.568179E+03
9.805	-1.199338E+06	9.763236E+01	5.136780E+01	5.568179E+03
9.81	-1.199338E+06	9.481230E+01	5.152960E+01	5.568179E+03
9.815	-1.199338E+06	9.295579E+01	5.176488E+01	5.568179E+03
9.82	-1.199338E+06	1.007153E+02	5.200246E+01	5.568179E+03
9.825	-1.199338E+06	9.850186E+01	5.236547E+01	5.568179E+03
9.83	-1.199338E+06	1.004798E+02	5.260063E+01	5.568179E+03
9.835	-1.199338E+06	1.053177E+02	5.289613E+01	5.568179E+03
9.84	-1.199338E+06	1.027371E+02	5.317259E+01	5.568179E+03
9.845	-1.199338E+06	9.997284E+01	5.310566E+01	5.568179E+03
9.85	-1.199338E+06	1.017679E+02	5.299783E+01	5.568179E+03
9.855	-1.199338E+06	1.016717E+02	5.295599E+01	5.568179E+03
9.86	-1.199338E+06	1.015196E+02	5.295699E+01	5.568179E+03
9.865	-1.199338E+06	9.945846E+01	5.317666E+01	5.568179E+03
9.87	-1.199338E+06	9.750917E+01	5.332623E+01	5.568179E+03
9.875	-1.199338E+06	1.021930E+02	5.323358E+01	5.568179E+03
9.88	-1.199338E+06	1.037539E+02	5.301850E+01	5.568179E+03
9.885	-1.199338E+06	9.793744E+01	5.282241E+01	5.568179E+03
9.89	-1.199338E+06	9.594982E+01	5.286393E+01	5.568179E+03
9.895	-1.199338E+06	1.021415E+02	5.291490E+01	5.568179E+03
9.9	-1.199338E+06	1.035088E+02	5.277367E+01	5.568179E+03
9.905	-1.199338E+06	1.012183E+02	5.254250E+01	5.568179E+03
9.91	-1.199338E+06	1.032592E+02	5.233881E+01	5.568179E+03
9.915	-1.199338E+06	9.520911E+01	5.255597E+01	5.568179E+03
9.92	-1.199338E+06	9.694973E+01	5.307673E+01	5.568179E+03
9.925	-1.199338E+06	1.019799E+02	5.361513E+01	5.568179E+03
9.93	-1.199338E+06	9.157712E+01	5.407837E+01	5.568179E+03
9.935	-1.199338E+06	9.708373E+01	5.430942E+01	5.568179E+03
9.94	-1.199338E+06	1.036188E+02	5.450565E+01	5.568179E+03
9.945	-1.199338E+06	1.016081E+02	5.442808E+01	5.568179E+03
9.95	-1.199338E+06	1.009528E+02	5.396513E+01	5.568179E+03
9.955	-1.199338E+06	9.829980E+01	5.335739E+01	5.568179E+03
9.96	-1.199338E+06	9.911104E+01	5.244476E+01	5.568179E+03
9.965	-1.199338E+06	9.536311E+01	5.152676E+01	5.568179E+03
9.97	-1.199338E+06	9.878597E+01	5.078992E+01	5.568179E+03
9.975	-1.199338E+06	9.774576E+01	5.043871E+01	5.568179E+03
9.98	-1.199338E+06	9.885035E+01	5.071230E+01	5.568179E+03
9.985	-1.199338E+06	1.064804E+02	5.138025E+01	5.568179E+03
9.99	-1.199338E+06	1.045501E+02	5.223088E+01	5.568179E+03
9.995	-1.199338E+06	1.023540E+02	5.313006E+01	5.568179E+03
10.0	-1.199338E+06	9.525709E+01	5.387967E+01	5.568179E+03
10.005	-1.199338E+06	9.653006E+01	5.435765E+01	5.568179E+03
10.01	-1.199338E+06	1.014729E+02	5.461700E+01	5.568179E+03
10.015	-1.199338E+06	1.004453E+02	5.450918E+01	5.568179E+03
10.02	-1.199338E+06	1.013908E+02	5.406855E+01	5.568179E+03
10.025	-1.199338E+06	9.836736E+01	5.352842E+01	5.568179E+03
10.03	-1.199338E+06	9.551878E+01	5.299564E+01	5.568179E+03
10.035	-1.199338E+06	9.835812E+01	5.255463E+01	5.568179E+03
10.04	-1.199338E+06	1.018218E+02	5.220550E+01	5.568179E+03
10.045	-1.199338E+06	1.057493E+02	5.199258E+01	5.568179E+03
10.05	-1.199338E+06	1.055082E+02	5.201820E+01	5.568179E+03
10.055	-1.199338E+06	9.855239E+01	5.224248E+01	5.568179E+03
10.06	-1.199338E+06	9.936690E+01	5.258040E+01	5.568179E+03
10.065	-1.199338E+06	1.050996E+02	5.301026E+01	5.568179E+03
10.07	-1.199338E+06	1.078129E+02	5.322402E+01	5.568179E+03
10.075	-1.199338E+06	1.050925E+02	5.316951E+01	5.568179E+03
10.08	-1.199338E+06	1.013113E+02	5.325787E+01	5.568179E+03
10.085	-1.199338E+06	1.046120E+02	5.352293E+01	5.568179E+03
10.09	-1.199338E+06	1.047389E+02	5.368363E+01	5.568179E+03
10.095	-1.199338E+06	1.008474E+02	5.371074E+01	5.568179E+03
10.1	-1.199338E+06	1.020842E+02	5.381074E+01	5.568179E+03
10.105	-1.199338E+06	1.029744E+02	5.413442E+01	5.568179E+03
10.11	-1.199338E+06	9.826585E+01	5.466449E+01	5.568179E+03
10.115	-1.199338E+06	1.037698E+02	5.497764E+01	5.568179E+03
10.12	-1.199339E+06	1.095076E+02	5.495571E+01	5.568179E+03
10.125	-1.199338E+06	1.016587E+02	5.489842E+01	5.568179E+03
10.13	-1.199338E+06	1.033573E+02	5.478645E+01	5.568179E+03
10.135	-1.199339E+06	1.066838E+02	5.474236E+01	5.568179E+03
10.14	-1.199338E+06	1.020638E+02	5.479003E+01	5.568179E+03
10.145	-1.199338E+06	1.030662E+02	5.464484E+01	5.568179E+03
10.15	-1.199338E+06	1.032099E+02	5.435901E+01	5.568179E+03
10.155	-1.199338E+06	9.778616E+01	5.420321E+01	5.568179E+03
10.16	-1.199338E+06	1.022777E+02	5.432266E+01	5.568179E+03
10.165	-1.199338E+06	1.049836E+02	5.484510E+01	5.568179E+03
10.17	-1.199338E+06	1.031162E+02	5.531927E+01	5.568179E+03
10.175	-1.199338E+06	1.079897E+02	5.536778E+01	5.568179E+03
10.18	-1.199338E+06	1.050938E+02	5.527806E+01	5.568179E+03
10.185	-1.199338E+06	9.881225E+01	5.509632E+01	5.568179E+03
10.19	-1.199338E+06	1.003800E+02	5.492438E+01	5.568179E+03
10.195	-1.199338E+06	1.004578E+02	5.508384E+01	5.568179E+03
10.2	-1.199339E+06	1.059379E+02	5.526867E+01	5.568179E+03
10.205	-1.199338E+06	1.050843E+02	5.530437E+01	5.568179E+03
10.21	-1.199338E+06	1.013269E+02	5.535094E+01	5.568179E+03
10.215	-1.199338E+06	1.059889E+02	5.551678E+01	5.568179E+03
10.22	-1.199338E+06	1.123288E+02	5.592463E+01	5.568179E+03
10.225	-1.199338E+06	1.111083E+02	5.641091E+01	5.568179E+03
10.23	-1.199338E+06	1.051043E+02	5.654946E+01	5.568179E+03
10.235	-1.199338E+06	1.068242E+02	5.632034E+01	5.568179E+03
10.24	-1.199338E+06	1.030438E+02	5.600391E+01	5.568179E+03
10.245	-1.199338E+06	1.080334E+02	5.549067E+01	5.568179E+03
10.25	-1.199339E+06	1.120326E+02	5.485207E+01	5.568179E+03
10.255	-1.199338E+06	9.956068E+01	5.419839E+01	5.568179E+03
10.26	-1.199338E+06	1.067682E+02	5.362227E+01	5.568179E+03
10.265	-1.199338E+06	1.119469E+02	5.361096E+01	5.568179E+03
10.27	-1.199338E+06	1.088751E+02	5.392407E+01	5.568179E+03
10.275	-1.199338E+06	1.072476E+02	5.432615E+01	5.568179E+03
10.28	-1.199338E+06	1.092384E+02	5.471518E+01	5.568179E+03
10.285	-1.199339E+06	1.077972E+02	5.502235E+01	5.568179E+03
10.29	-1.199338E+06	1.002810E+02	5.545874E+01	5.568179E+03
10.295	-1.199339E+06	1.122052E+02	5.579760E+01	5.568179E+03
10.3	-1.199338E+06	1.134859E+02	5.593369E+01	5.568179E+03
10.305	-1.199338E+06	1.052200E+02	5.562373E+01	5.568179E+03
10.31	-1.199338E+06	1.101643E+02	5.493121E+01	5.568179E+03
10.315	-1.199338E+06	1.075249E+02	5.429242E+01	5.568179E+03
10.32	-1.199338E+06	1.049208E+02	5.371146E+01	5.568179E+03
10.325	-1.199338E+06	1.033263E+02	5.355269E+01	5.568179E+03
10.33	-1.199338E+06	1.086308E+02	5.376425E+01	5.568179E+03
10.335	-1.199338E+06	1.121490E+02	5.389143E+01	5.568179E+03
10.34	-1.199338E+06	1.098106E+02	5.383574E+01	5.568179E+03
10.345	-1.199338E+06	1.082573E+02	5.374607E+01	5.568179E+03
10.35	-1.199338E+06	1.047471E+02	5.379276E+01	5.568179E+03
10.355	-1.199338E+06	1.104924E+02	5.382620E+01	5.568179E+03
10.36	-1.199338E+06	1.129107E+02	5.375420E+01	5.568179E+03
10.365	-1.199338E+06	1.118838E+02	5.358191E+01	5.568179E+03
10.37	-1.199338E+06	1.142102E+02	5.345520E+01	5.568179E+03
10.375	-1.199338E+06	1.083523E+02	5.358822E+01	5.568179E+03
10.38	-1.199338E+06	1.052754E+02	5.383439E+01	5.568179E+03
10.385	-1.199338E+06	1.059645E+02	5.410798E+01	5.568179E+03
10.39	-1.199338E+06	1.092981E+02	5.446259E+01	5.568179E+03
10.395	-1.199338E+06	1.126633E+02	5.481335E+01	5.568179E+03
10.4	-1.199338E+06	1.132661E+02	5.500933E+01	5.568179E+03
10.405	-1.199338E+06	1.179546E+02	5.493087E+01	5.568179E+03
10.41	-1.199338E+06	1.116686E+02	5.469283E+01	5.568179E+03
10.415	-1.199338E+06	1.075264E+02	5.448369E+01	5.568179E+03
10.42	-1.199338E+06	1.160703E+02	5.431056E+01	5.568179E+03
10.425	-1.199338E+06	1.156742E+02	5.395261E+01	5.568179E+03
10.43	-1.199338E+06	1.159994E+02	5.355568E+01	5.568179E+03
10.435	-1.199338E+06	1.173988E+02	5.351527E+01	5.568179E+03
10.44	-1.199338E+06	1.158646E+02	5.371269E+01	5.568179E+03
10.445	-1.199338E+06	1.144766E+02	5.396472E+01	5.568179E+03
10.45	-1.199338E+06	1.112137E+02	5.412039E+01	5.568179E+03
10.455	-1.199338E+06	1.160558E+02	5.421529E+01	5.568179E+03
10.46	-1.199338E+06	1.146618E+02	5.462249E+01	5.568179E+03
10.465	-1.199338E+06	1.092924E+02	5.505262E+01	5.568179E+03
10.47	-1.199338E+06	1.128303E+02	5.536555E+01	5.568179E+03
10.475	-1.199338E+06	1.191162E+02	5.566749E+01	5.568179E+03
10.48	-1.199338E+06	1.211682E+02	5.569135E+01	5.568179E+03
10.485	-1.199338E+06	1.154269E+02	5.568198E+01	5.568179E+03
10.49	-1.199338E+06	1.191782E+02	5.569351E+01	5.568179E+03
10.495	-1.199338E+06	1.254282E+02	5.559525E+01	5.568179E+03
10.5	-1.199338E+06	1.241277E+02	5.534893E+01	5.568179E+03
10.505	-1.199338E+06	1.223993E+02	5.476876E+01	5.568179E+03
10.51	-1.199338E+06	1.175054E+02	5.424561E+01	5.568179E+03
10.515	-1.199338E+06	1.133123E+02	5.408491E+01	5.568179E+03
10.52	-1.199338E+06	1.131720E+02	5.428832E+01	5.568179E+03
10.525	-1.199338E+06	1.160408E+02	5.492684E+01	5.568179E+03
10.53	-1.199338E+06	1.225561E+02	5.555587E+01	5.568179E+03
10.535	-1.199338E+06	1.220133E+02	5.587271E+01	5.568179E+03
10.54	-1.199338E+06	1.182162E+02	5.597392E+01	5.568179E+03
10.545	-1.199338E+06	1.212057E+02	5.596580E+01	5.568179E+03
10.55	-1.199338E+06	1.144965E+02	5.610066E+01	5.568179E+03
10.555	-1.199338E+06	1.150279E+02	5.588932E+01	5.568179E+03
10.56	-1.199338E+06	1.227672E+02	5.511317E+01	5.568179E+03
10.565	-1.199338E+06	1.164352E+02	5.431966E+01	5.568179E+03
10.57	-1.199338E+06	1.139600E+02	5.372241E+01	5.568179E+03
10.575	-1.199338E+06	1.146974E+02	5.362364E+01	5.568179E+03
10.58	-1.199338E+06	1.186465E+02	5.398967E+01	5.568179E+03
10.585	-1.199338E+06	1.241021E+02	5.425727E+01	5.568179E+03
10.59	-1.199338E+06	1.186035E+02	5.442252E+01	5.568179E+03
10.595	-1.199338E+06	1.194779E+02	5.473914E+01	5.568179E+03
10.6	-1.199338E+06	1.231950E+02	5.516139E+01	5.568179E+03
10.605	-1.199338E+06	1.257121E+02	5.548841E+01	5.568179E+03
10.61	-1.199338E+06	1.222352E+02	5.563067E+01	5.568179E+03
10.615	-1.199338E+06	1.258941E+02	5.527725E+01	5.568179E+03
10.62	-1.199338E+06	1.283695E+02	5.471239E+01	5.568179E+03
10.625	-1.199338E+06	1.173780E+02	5.437048E+01	5.568179E+03
10.63	-1.199338E+06	1.248446E+02	5.418472E+01	5.568179E+03
10.635	-1.199338E+06	1.280300E+02	5.436702E+01	5.568179E+03
10.64	-1.199338E+06	1.248469E+02	5.460518E+01	5.568179E+03
10.645	-1.199338E+06	1.306819E+02	5.468219E+01	5.568179E+03
10.65	-1.199338E+06	1.265756E+02	5.491890E+01	5.568179E+03
10.655	-1.199338E+06	1.310366E+02	5.513541E+01	5.568179E+03
10.66	-1.199338E+06	1.312239E+02	5.532265E+01	5.568179E+03
10.665	-1.199338E+06	1.246607E+02	5.540881E+01	5.568179E+03
10.67	-1.199338E+06	1.263763E+02	5.526912E+01	5.568179E+03
10.675	-1.199338E+06	1.239090E+02	5.525420E+01	5.568179E+03
10.68	-1.199338E+06	1.254630E+02	5.552460E+01	5.568179E+03
10.685	-1.199338E+06	1.304215E+02	5.575304E+01	5.568179E+03
10.69	-1.199338E+06	1.338791E+02	5.561016E+01	5.568179E+03
10.695	-1.199338E+06	1.326999E+02	5.525023E+01	5.568179E+03
10.7	-1.199338E+06	1.320279E+02	5.484019E+01	5.568179E+03
10.705	-1.199338E+06	1.330579E+02	5.460251E+01	5.568179E+03
10.71	-1.199338E+06	1.280138E+02	5.462335E+01	5.568179E+03
10.715	-1.199338E+06	1.303230E+02	5.443572E+01	5.568179E+03
10.72	-1.199338E+06	1.310014E+02	5.401664E+01	5.568179E+03
10.725	-1.199338E+06	1.305042E+02	5.352791E+01	5.568179E+03
10.73	-1.199338E+06	1.307436E+02	5.332074E+01	5.568179E+03
10.735	-1.199338E+06	1.294038E+02	5.372115E+01	5.568179E+03
10.74	-1.199338E+06	1.392080E+02	5.419465E+01	5.568179E+03
10.745	-1.199338E+06	1.430105E+02	5.436974E+01	5.568179E+03
10.75	-1.199338E+06	1.384092E+02	5.434541E+01	5.568179E+03
10.755	-1.199338E+06	1.389289E+02	5.411192E+01	5.568179E+03
10.76	-1.199338E+06	1.416613E+02	5.390182E+01	5.568179E+03
10.765	-1.199338E+06	1.384285E+02	5.385220E+01	5.568179E+03
10.77	-1.199338E+06	1.336718E+02	5.365982E+01	5.568179E+03
10.775	-1.199338E+06	1.344457E+02	5.339036E+01	5.568179E+03
10.78	-1.199338E+06	1.371711E+02	5.300213E+01	5.568179E+03
10.785	-1.199338E+06	1.373276E+02	5.239853E+01	5.568179E+03
10.79	-1.199338E+06	1.361780E+02	5.201134E+01	5.568179E+03
10.795	-1.199338E+06	1.403224E+02	5.174646E+01	5.568179E+03
10.8	-1.199338E+06	1.390323E+02	5.150319E+01	5.568179E+03
10.805	-1.199338E+06	1.314089E+02	5.142441E+01	5.568179E+03
10.81	-1.199338E+06	1.351587E+02	5.125512E+01	5.568179E+03
10.815	-1.199338E+06	1.427116E+02	5.121377E+01	5.568179E+03
10.82	-1.199338E+06	1.421706E+02	5.158323E+01	5.568179E+03
10.825	-1.199338E+06	1.361958E+02	5.204884E+01	5.568179E+03
10.83	-1.199338E+06	1.386662E+02	5.240715E+01	5.568179E+03
10.835	-1.199338E+06	1.408800E+02	5.255009E+01	5.568179E+03
10.84	-1.199338E+06	1.391009E+02	5.228453E+01	5.568179E+03
10.845	-1.199338E+06	1.403217E+02	5.200340E+01	5.568179E+03
10.85	-1.199338E+06	1.409718E+02	5.185852E+01	5.568179E+03
10.855	-1.199338E+06	1.446600E+02	5.143576E+01	5.568179E+03
10.86	-1.199338E+06	1.386164E+02	5.100297E+01	5.568179E+03
10.865	-1.199338E+06	1.369728E+02	5.069642E+01	5.568179E+03
10.87	-1.199338E+06	1.403627E+02	5.058144E+01	5.568179E+03
10.875	-1.199337E+06	1.306035E+02	5.109244E+01	5.568179E+03
10.88	-1.199338E+06	1.387507E+02	5.196340E+01	5.568179E+03
10.885	-1.199338E+06	1.549188E+02	5.264778E+01	5.568179E+03
10.89	-1.199338E+06	1.541567E+02	5.299514E+01	5.568179E+03
10.895	-1.199338E+06	1.515878E+02	5.297429E+01	5.568179E+03
10.9	-1.199338E+06	1.514700E+02	5.283084E+01	5.568179E+03
10.905	-1.199338E+06	1.489605E+02	5.294460E+01	5.568179E+03
10.91	-1.199337E+06	1.463073E+02	5.303298E+01	5.568179E+03
10.915	-1.199338E+06	1.540913E+02	5.274615E+01	5.568179E+03
10.92	-1.199338E+06	1.547618E+02	5.243792E+01	5.568179E+03
10.925	-1.199337E+06	1.476838E+02	5.222642E+01	5.568179E+03
10.93	-1.199338E+06	1.519967E+02	5.231215E+01	5.568179E+03
10.935	-1.199337E+06	1.479495E+02	5.289228E+01	5.568179E+03
10.94	-1.199337E+06	1.519840E+02	5.324568E+01	5.568179E+03
10.945	-1.199338E+06	1.621826E+02	5.350601E+01	5.568179E+03
10.95	-1.199337E+06	1.585662E+02	5.387742E+01	5.568179E+03
10.955	-1.199337E+06	1.620641E+02	5.385577E+01	5.568179E+03
10.96	-1.199338E+06	1.634194E+02	5.379729E+01	5.568179E+03
10.965	-1.199337E+06	1.591026E+02	5.369261E+01	5.568179E+03
10.97	-1.199337E+06	1.599185E+02	5.329351E+01	5.568179E+03
10.975	-1.199337E+06	1.570828E+02	5.299463E+01	5.568179E+03
10.98	-1.199337E+06	1.530015E+02	5.284366E+01	5.568179E+03
10.985	-1.199337E+06	1.554474E+02	5.283653E+01	5.568179E+03
10.99	-1.199337E+06	1.536757E+02	5.312344E+01	5.568179E+03
10.995	-1.199337E+06	1.529411E+02	5.322247E+01	5.568179E+03
11.0	-1.199337E+06	1.610136E+02	5.278194E+01	5.568179E+03
11.005	-1.199337E+06	1.569933E+02	5.203462E+01	5.568179E+03
11.01	-1.199337E+06	1.465808E+02	5.147958E+01	5.568179E+03
11.015	-1.199337E+06	1.641724E+02	5.135188E+01	5.568179E+03
11.02	-1.199337E+06	1.698836E+02	5.156601E+01	5.568179E+03
11.025	-1.199337E+06	1.579216E+02	5.156817E+01	5.568179E+03
11.03	-1.199337E+06	1.608778E+02	5.130806E+01	5.568179E+03
11.035	-1.199337E+06	1.675388E+02	5.136561E+01	5.568179E+03
11.04	-1.199337E+06	1.675368E+02	5.172864E+01	5.568179E+03
11.045	-1.199337E+06	1.698772E+02	5.213272E+01	5.568179E+03
11.05	-1.199337E+06	1.620186E+02	5.239504E+01	5.568179E+03
11.055	-1.199337E+06	1.550838E+02	5.207153E+01	5.568179E+03
11.06	-1.199337E+06	1.654792E+02	5.164008E+01	5.568179E+03
11.065	-1.199337E+06	1.719253E+02	5.157586E+01	5.568179E+03
11.07	-1.199337E+06	1.658667E+02	5.142392E+01	5.568179E+03
11.075	-1.199337E+06	1.655789E+02	5.138315E+01	5.568179E+03
11.08	-1.199337E+06	1.630952E+02	5.153884E+01	5.568179E+03
11.085	-1.199337E+06	1.673634E+02	5.125670E+01	5.568179E+03
11.09	-1.199337E+06	1.731190E+02	5.099997E+01	5.568179E+03
11.095	-1.199337E+06	1.815650E+02	5.076772E+01	5.568179E+03
11.1	-1.199337E+06	1.799467E+02	5.024495E+01	5.568179E+03
11.105	-1.199337E+06	1.697002E+02	4.997834E+01	5.568179E+03
11.11	-1.199337E+06	1.786978E+02	4.985759E+01	5.568179E+03
11.115	-1.199337E+06	1.801555E+02	4.971078E+01	5.568179E+03
11.12	-1.199337E+06	1.723762E+02	4.978875E+01	5.568179E+03
11.125	-1.199337E+06	1.735687E+02	5.004790E+01	5.568179E+03
11.13	-1.199337E+06	1.770190E+02	5.040799E+01	5.568179E+03
11.135	-1.199337E+06	1.738100E+02	5.081717E+01	5.568179E+03
11.14	-1.199337E+06	1.744062E+02	5.088714E+01	5.568179E+03
11.145	-1.199337E+06	1.849695E+02	5.063558E+01	5.568179E+03
11.15	-1.199337E+06	1.858560E+02	5.034835E+01	5.568179E+03
11.155	-1.199337E+06	1.835380E+02	4.986210E+01	5.568179E+03
11.16	-1.199337E+06	1.874667E+02	4.936530E+01	5.568179E+03
11.165	-1.199337E+06	1.794094E+02	4.923523E+01	5.568179E+03
11.17	-1.199337E+06	1.872436E+02	4.909295E+01	5.568179E+03
11.175	-1.199337E+06	1.891752E+02	4.923537E+01	5.568179E+03
11.18	-1.199337E+06	1.843646E+02	4.963814E+01	5.568179E+03
11.185	-1.199337E+06	1.846857E+02	4.995414E+01	5.568179E+03
11.19	-1.199337E+06	1.868215E+02	5.024022E+01	5.568179E+03
11.195	-1.199337E+06	1.921921E+02	5.044386E+01	5.568179E+03
11.2	-1.199337E+06	1.907489E+02	5.040107E+01	5.568179E+03
11.205	-1.199337E+06	1.912146E+02	5.030260E+01	5.568179E+03
11.21	-1.199337E+06	1.902272E+02	5.038494E+01	5.568179E+03
11.215	-1.199337E+06	1.891617E+02	5.030977E+01	5.568179E+03
11.22	-1.199337E+06	1.860437E+02	5.024382E+01	5.568179E+03
11.225	-1.199336E+06	1.909983E+02	5.013815E+01	5.568179E+03
11.23	-1.199337E+06	2.021420E+02	4.999998E+01	5.568179E+03
11.235	-1.199336E+06	1.916285E+02	5.040157E+01	5.568179E+03
11.24	-1.199337E+06	1.938670E+02	5.057754E+01	5.568179E+03
11.245	-1.199337E+06	1.865829E+02	5.054834E+01	5.568179E+03
11.25	-1.199336E+06	1.794196E+02	5.073792E+01	5.568179E+03
11.255	-1.199337E+06	1.954373E+02	5.094027E+01	5.568179E+03
11.26	-1.199336E+06	1.985140E+02	5.123535E+01	5.568179E+03
11.265	-1.199337E+06	1.976823E+02	5.113399E+01	5.568179E+03
11.27	-1.199336E+06	1.921232E+02	5.053258E+01	5.568179E+03
11.275	-1.199336E+06	1.882176E+02	5.006395E+01	5.568179E+03
11.28	-1.199336E+06	1.975162E+02	4.991873E+01	5.568179E+03
11.285	-1.199336E+06	2.111734E+02	4.984666E+01	5.568179E+03
11.29	-1.199337E+06	2.192324E+02	4.983267E+01	5.568179E+03
11.295	-1.199336E+06	2.066715E+02	4.973748E+01	5.568179E+03
11.3	-1.199337E+06	2.095822E+02	4.901110E+01	5.568179E+03
11.305	-1.199336E+06	2.012107E+02	4.831605E+01	5.568179E+03
11.31	-1.199336E+06	1.905246E+02	4.814234E+01	5.568179E+03
11.315	-1.199337E+06	2.174248E+02	4.831053E+01	5.568179E+03
11.32	-1.199336E+06	2.113057E+02	4.882863E+01	5.568179E+03
11.325	-1.199336E+06	1.998007E+02	4.885752E+01	5.568179E+03
11.33	-1.199336E+06	2.019624E+02	4.894649E+01	5.568179E+03
11.335	-1.199336E+06	2.066433E+02	4.957741E+01	5.568179E+03
11.34	-1.199336E+06	2.202289E+02	5.004977E+01	5.568179E+03
11.345	-1.199336E+06	2.153030E+02	5.050822E+01	5.568179E+03
11.35	-1.199336E+06	2.063601E+02	5.091655E+01	5.568179E+03
11.355	-1.199336E+06	2.161955E+02	5.069686E+01	5.568179E+03
11.36	-1.199336E+06	2.296880E+02	5.004028E+01	5.568179E+03
11.365	-1.199336E+06	2.169552E+02	4.944535E+01	5.568179E+03
11.37	-1.199336E+06	2.165833E+02	4.857081E+01	5.568179E+03
11.375	-1.199336E+06	2.248485E+02	4.792731E+01	5.568179E+03
11.38	-1.199336E+06	2.080623E+02	4.783078E+01	5.568179E+03
11.385	-1.199336E+06	2.196737E+02	4.754116E+01	5.568179E+03
11.39	-1.199336E+06	2.280033E+02	4.782881E+01	5.568179E+03
11.395	-1.199336E+06	2.126403E+02	4.865225E+01	5.568179E+03
11.4	-1.199336E+06	2.197145E+02	4.907039E+01	5.568179E+03
11.405	-1.199336E+06	2.216529E+02	4.987218E+01	5.568179E+03
11.41	-1.199336E+06	2.250597E+02	5.078662E+01	5.568179E+03
11.415	-1.199336E+06	2.364945E+02	5.117746E+01	5.568179E+03
11.42	-1.199336E+06	2.301780E+02	5.148979E+01	5.568179E+03
11.425	-1.199336E+06	2.255538E+02	5.153867E+01	5.568179E+03
11.43	-1.199336E+06	2.362081E+02	5.124317E+01	5.568179E+03
11.435	-1.199336E+06	2.337870E+02	5.111657E+01	5.568179E+03
11.44	-1.199336E+06	2.275612E+02	5.068186E+01	5.568179E+03
11.445	-1.199336E+06	2.274806E+02	4.970129E+01	5.568179E+03
11.45	-1.199336E+06	2.283012E+02	4.921535E+01	5.568179E+03
11.455	-1.199336E+06	2.355912E+02	4.936684E+01	5.568179E+03
11.46	-1.199336E+06	2.426797E+02	4.934284E+01	5.568179E+03
11.465	-1.199336E+06	2.378589E+02	4.941382E+01	5.568179E+03
11.47	-1.199336E+06	2.465650E+02	4.965258E+01	5.568179E+03
11.475	-1.199336E+06	2.509298E+02	5.010216E+01	5.568179E+03
11.48	-1.199335E+06	2.316706E+02	5.106115E+01	5.568179E+03
11.485	-1.199336E+06	2.453215E+02	5.161903E+01	5.568179E+03
11.49	-1.199336E+06	2.467733E+02	5.190796E+01	5.568179E+03
11.495	-1.199335E+06	2.391231E+02	5.204731E+01	5.568179E+03
11.5	-1.199336E+06	2.573575E+02	5.159191E+01	5.568179E+03
11.505	-1.199335E+06	2.446349E+02	5.153250E+01	5.568179E+03
11.51	-1.199336E+06	2.491150E+02	5.184135E+01	5.568179E+03
11.515	-1.199336E+06	2.582806E+02	5.193818E+01	5.568179E+03
11.52	-1.199335E+06	2.508863E+02	5.195963E+01	5.568179E+03
11.525	-1.199336E+06	2.515991E+02	5.208820E+01	5.568179E+03
11.53	-1.199335E+06	2.547741E+02	5.209199E+01	5.568179E+03
11.535	-1.199336E+06	2.653791E+02	5.228820E+01	5.568179E+03
11.54	-1.199335E+06	2.488344E+02	5.296403E+01	5.568179E+03
11.545	-1.199336E+06	2.545225E+02	5.301346E+01	5.568179E+03
11.55	-1.199336E+06	2.554335E+02	5.299745E+01	5.568179E+03
11.555	-1.199335E+06	2.560657E+02	5.246452E+01	5.568179E+03
11.56	-1.199336E+06	2.684918E+02	5.129137E+01	5.568179E+03
11.565	-1.199335E+06	2.415686E+02	5.097185E+01	5.568179E+03
11.57	-1.199335E+06	2.565845E+02	5.055821E+01	5.568179E+03
11.575	-1.199336E+06	2.634881E+02	5.035587E+01	5.568179E+03
11.58	-1.199335E+06	2.492727E+02	5.084595E+01	5.568179E+03
11.585	-1.199336E+06	2.746720E+02	5.144129E+01	5.568179E+03
11.59	-1.199335E+06	2.751167E+02	5.253866E+01	5.568179E+03
11.595	-1.199335E+06	2.668309E+02	5.341515E+01	5.568179E+03
11.6	-1.199335E+06	2.731618E+02	5.338833E+01	5.568179E+03
11.605	-1.199335E+06	2.666336E+02	5.276186E+01	5.568179E+03
11.61	-1.199335E+06	2.695586E+02	5.207715E+01	5.568179E+03
11.615	-1.199335E+06	2.752536E+02	5.180965E+01	5.568179E+03
11.62	-1.199335E+06	2.750950E+02	5.189675E+01	5.568179E+03
11.625	-1.199335E+06	2.700503E+02	5.269889E+01	5.568179E+03
11.63	-1.199335E+06	2.852807E+02	5.317927E+01	5.568179E+03
11.635	-1.199335E+06	3.021640E+02	5.291786E+01	5.568179E+03
11.64	-1.199335E+06	2.837402E+02	5.283076E+01	5.568179E+03
11.645	-1.199335E+06	2.918928E+02	5.240226E+01	5.568179E+03
11.65	-1.199335E+06	2.842773E+02	5.251619E+01	5.568179E+03
11.655	-1.199334E+06	2.665273E+02	5.294843E+01	5.568179E+03
11.66	-1.199336E+06	2.932783E+02	5.249973E+01	5.568179E+03
11.665	-1.199335E+06	2.783150E+02	5.251512E+01	5.568179E+03
11.67	-1.199335E+06	2.833501E+02	5.223989E+01	5.568179E+03
11.675	-1.199335E+06	2.991665E+02	5.176071E+01	5.568179E+03
11.68	-1.199335E+06	2.960057E+02	5.171804E+01	5.568179E+03
11.685	-1.199335E+06	3.007870E+02	5.148025E+01	5.568179E+03
11.69	-1.199335E+06	2.883931E+02	5.124871E+01	5.568179E+03
11.695	-1.199335E+06	2.803078E+02	5.093526E+01	5.568179E+03
11.7	-1.199335E+06	2.717095E+02	5.081773E+01	5.568179E+03
11.705	-1.199335E+06	2.775448E+02	5.136316E+01	5.568179E+03
11.71	-1.199335E+06	2.927108E+02	5.211375E+01	5.568179E+03
11.715	-1.199334E+06	2.876282E+02	5.238286E+01	5.568179E+03
11.72	-1.199335E+06	2.955459E+02	5.231593E+01	5.568179E+03
11.725	-1.199335E+06	3.035032E+02	5.231256E+01	5.568179E+03
11.73	-1.199335E+06	3.049805E+02	5.252164E+01	5.568179E+03
11.735	-1.199335E+06	3.094017E+02	5.285297E+01	5.568179E+03
11.74	-1.199335E+06	2.975171E+02	5.265271E+01	5.568179E+03
11.745	-1.199334E+06	2.931237E+02	5.213686E+01	5.568179E+03
11.75	-1.199335E+06	3.060635E+02	5.175526E+01	5.568179E+03
11.755	-1.199334E+06	3.099403E+02	5.154798E+01	5.568179E+03
11.76	-1.199335E+06	3.134974E+02	5.184532E+01	5.568179E+03
11.765	-1.199334E+06	3.153750E+02	5.236440E+01	5.568179E+03
11.77	-1.199335E+06	3.274109E+02	5.197293E+01	5.568179E+03
11.775	-1.199334E+06	3.120533E+02	5.152989E+01	5.568179E+03
11.78	-1.199334E+06	3.085294E+02	5.156841E+01	5.568179E+03
11.785	-1.199335E+06	3.166931E+02	5.204113E+01	5.568179E+03
11.79	-1.199334E+06	3.111509E+02	5.311549E+01	5.568179E+03
11.795	-1.199335E+06	3.345367E+02	5.358347E+01	5.568179E+03
11.8	-1.199334E+06	3.249439E+02	5.369283E+01	5.568179E+03
11.805	-1.199334E+06	3.253458E+02	5.383296E+01	5.568179E+03
11.81	-1.199334E+06	3.380942E+02	5.364627E+01	5.568179E+03
11.815	-1.199334E+06	3.310942E+02	5.336132E+01	5.568179E+03
11.82	-1.199334E+06	3.348445E+02	5.304182E+01	5.568179E+03
11.825	-1.199334E+06	3.309355E+02	5.234413E+01	5.568179E+03
11.83	-1.199334E+06	3.233794E+02	5.179853E+01	5.568179E+03
11.835	-1.199334E+06	3.355411E+02	5.142757E+01	5.568179E+03
11.84	-1.199335E+06	3.635989E+02	5.048312E+01	5.568179E+03
11.845	-1.199333E+06	3.320409E+02	5.036412E+01	5.568179E+03
11.85	-1.199334E+06	3.387078E+02	5.008423E+01	5.568179E+03
11.855	-1.199335E+06	3.513411E+02	4.918136E+01	5.568179E+03
11.86	-1.199333E+06	3.033196E+02	4.927173E+01	5.568179E+03
11.865	-1.199334E+06	3.348917E+02	4.949636E+01	5.568179E+03
11.87	-1.199334E+06	3.615966E+02	5.017091E+01	5.568179E+03
11.875	-1.199333E+06	3.489517E+02	5.126395E+01	5.568179E+03
11.88	-1.199334E+06	3.641929E+02	5.118625E+01	5.568179E+03
11.885	-1.199334E+06	3.549916E+02	5.135402E+01	5.568179E+03
11.89	-1.199333E+06	3.394719E+02	5.240504E+01	5.568179E+03
11.895	-1.199334E+06	3.493374E+02	5.255509E+01	5.568179E+03
11.9	-1.199334E+06	3.490284E+02	5.257979E+01	5.568179E+03
11.905	-1.199333E+06	3.408379E+02	5.254868E+01	5.568179E+03
11.91	-1.199334E+06	3.565037E+02	5.132569E+01	5.568179E+03
11.915	-1.199334E+06	3.571828E+02	5.061952E+01	5.568179E+03
11.92	-1.199333E+06	3.443563E+02	5.020926E+01	5.568179E+03
11.925	-1.199334E+06	3.606716E+02	4.887776E+01	5.568179E+03
11.93	-1.199333E+06	3.534664E+02	4.837314E+01	5.568179E+03
11.935	-1.199333E+06	3.626957E+02	4.774589E+01	5.568179E+03
11.94	-1.199334E+06	3.867260E+02	4.674517E+01	5.568179E+03
11.945	-1.199333E+06	3.563719E+02	4.752925E+01	5.568179E+03
11.95	-1.199333E+06	3.575349E+02	4.808674E+01	5.568179E+03
11.955	-1.199334E+06	3.743804E+02	4.835211E+01	5.568179E+03
11.96	-1.199333E+06	3.565257E+02	5.030585E+01	5.568179E+03
11.965	-1.199333E+06	3.726930E+02	5.199794E+01	5.568179E+03
11.97	-1.199334E+06	3.863611E+02	5.291755E+01	5.568179E+03
11.975	-1.199332E+06	3.518862E+02	5.416808E+01	5.568179E+03
11.98	-1.199333E+06	3.717291E+02	5.417155E+01	5.568179E+03
11.985	-1.199333E+06	3.900304E+02	5.391687E+01	5.568179E+03
11.99	-1.199333E+06	3.875695E+02	5.412042E+01	5.568179E+03
11.995	-1.199333E+06	4.078325E+02	5.338741E+01	5.568179E+03
12.0	-1.199333E+06	4.140973E+02	5.228922E+01	5.568179E+03
12.005	-1.199333E+06	3.955985E+02	5.134668E+01	5.568179E+03
12.01	-1.199333E+06	4.063940E+02	4.955147E+01	5.568179E+03
12.015	-1.199333E+06	3.996293E+02	4.842978E+01	5.568179E+03
12.02	-1.199332E+06	3.872746E+02	4.870108E+01	5.568179E+03
12.025	-1.199333E+06	4.067620E+02	4.938912E+01	5.568179E+03
12.03	-1.199332E+06	3.857318E+02	5.117051E+01	5.568179E+03
12.035	-1.199333E+06	3.984633E+02	5.276374E+01	5.568179E+03
12.04	-1.199333E+06	4.280703E+02	5.389239E+01	5.568179E+03
12.045	-1.199332E+06	4.087630E+02	5.579389E+01	5.568179E+03
12.05	-1.199332E+06	4.118010E+02	5.699020E+01	5.568179E+03
12.055	-1.199333E+06	4.319112E+02	5.660274E+01	5.568179E+03
12.06	-1.199332E+06	3.986631E+02	5.583900E+01	5.568179E+03
12.065	-1.199332E+06	4.092572E+02	5.399734E+01	5.568179E+03
12.07	-1.199333E+06	4.226231E+02	5.217406E+01	5.568179E+03
12.075	-1.199332E+06	4.136436E+02	5.114844E+01	5.568179E+03
12.08	-1.199333E+06	4.346828E+02	5.016917E+01	5.568179E+03
12.085	-1.199332E+06	4.298370E+02	4.949722E+01	5.568179E+03
12.09	-1.199332E+06	4.160024E+02	4.835274E+01	5.568179E+03
12.095	-1.199332E+06	4.026869E+02	4.716343E+01	5.568179E+03
12.1	-1.199332E+06	4.087170E+02	4.706440E+01	5.568179E+03
12.105	-1.199332E+06	4.072946E+02	4.831439E+01	5.568179E+03
12.11	-1.199332E+06	4.077833E+02	5.019619E+01	5.568179E+03
12.115	-1.199333E+06	4.410250E+02	5.192892E+01	5.568179E+03
12.12	-1.199331E+06	4.183670E+02	5.379046E+01	5.568179E+03
12.125	-1.199332E+06	4.236974E+02	5.467191E+01	5.568179E+03
12.13	-1.199332E+06	4.503031E+02	5.469473E+01	5.568179E+03
12.135	-1.199331E+06	4.389519E+02	5.474859E+01	5.568179E+03
12.14	-1.199332E+06	4.436206E+02	5.440915E+01	5.568179E+03
12.145	-1.199332E+06	4.437236E+02	5.327059E+01	5.568179E+03
12.15	-1.199331E+06	4.211577E+02	5.136986E+01	5.568179E+03
12.155	-1.199331E+06	4.279210E+02	4.917262E+01	5.568179E+03
12.16	-1.199332E+06	4.490448E+02	4.810510E+01	5.568179E+03
12.165	-1.199332E+06	4.567887E+02	4.793916E+01	5.568179E+03
12.17	-1.199331E+06	4.559736E+02	4.730239E+01	5.568179E+03
12.175	-1.199332E+06	4.711592E+02	4.650165E+01	5.568179E+03
12.18	-1.199331E+06	4.464802E+02	4.697271E+01	5.568179E+03
12.185	-1.199331E+06	4.593597E+02	4.778567E+01	5.568179E+03
12.19	-1.199332E+06	4.663556E+02	4.926331E+01	5.568179E+03
12.195	-1.199330E+06	4.220208E+02	5.079241E+01	5.568179E+03
12.2	-1.199331E+06	4.574332E+02	5.072066E+01	5.568179E+03
12.205	-1.199332E+06	5.012218E+02	5.064876E+01	5.568179E+03
12.21	-1.199331E+06	4.740670E+02	5.051898E+01	5.568179E+03
12.215	-1.199331E+06	4.724990E+02	4.937896E+01	5.568179E+03
12.22	-1.199331E+06	4.648437E+02	4.883074E+01	5.568179E+03
12.225	-1.199331E+06	4.578659E+02	4.819560E+01	5.568179E+03
12.23	-1.199331E+06	4.774025E+02	4.701994E+01	5.568179E+03
12.235	-1.199331E+06	4.790455E+02	4.677362E+01	5.568179E+03
12.24	-1.199331E+06	4.774035E+02	4.708346E+01	5.568179E+03
12.245	-1.199330E+06	4.709409E+02	4.813643E+01	5.568179E+03
12.25	-1.199331E+06	4.929846E+02	4.964363E+01	5.568179E+03
12.255	-1.199331E+06	5.108373E+02	5.014119E+01	5.568179E+03
12.26	-1.199331E+06	5.279610E+02	4.969296E+01	5.568179E+03
12.265	-1.199331E+06	5.096659E+02	5.004455E+01	5.568179E+03
12.27	-1.199330E+06	4.791625E+02	5.007783E+01	5.568179E+03
12.275	-1.199331E+06	4.949826E+02	4.920286E+01	5.568179E+03
12.28	-1.199330E+06	4.757151E+02	4.879876E+01	5.568179E+03
12.285	-1.199330E+06	4.728920E+02	4.793841E+01	5.568179E+03
12.29	-1.199330E+06	4.794934E+02	4.722595E+01	5.568179E+03
12.295	-1.199331E+06	4.883411E+02	4.702948E+01	5.568179E+03
12.3	-1.199331E+06	4.846689E+02	4.692583E+01	5.568179E+03
12.305	-1.199330E+06	4.800917E+02	4.702700E+01	5.568179E+03
12.31	-1.199331E+06	5.060946E+02	4.744706E+01	5.568179E+03
12.315	-1.199331E+06	5.102390E+02	4.736534E+01	5.568179E+03
12.32	-1.199330E+06	4.845973E+02	4.692158E+01	5.568179E+03
12.325	-1.199330E+06	4.943266E+02	4.740017E+01	5.568179E+03
12.33	-1.199331E+06	5.112043E+02	4.826973E+01	5.568179E+03
12.335	-1.199330E+06	5.001611E+02	4.943739E+01	5.568179E+03
12.34	-1.199330E+06	5.033853E+02	5.094606E+01	5.568179E+03
12.345	-1.199330E+06	5.205718E+02	5.198585E+01	5.568179E+03
12.35	-1.199330E+06	5.281431E+02	5.326811E+01	5.568179E+03
12.355	-1.199330E+06	5.227185E+02	5.423589E+01	5.568179E+03
12.36	-1.199330E+06	5.235535E+02	5.373888E+01	5.568179E+03
12.365	-1.199330E+06	5.435724E+02	5.305538E+01	5.568179E+03
12.37	-1.199330E+06	5.378262E+02	5.155723E+01	5.568179E+03
12.375	-1.199330E+06	5.279563E+02	4.924163E+01	5.568179E+03
12.38	-1.199330E+06	5.418820E+02	4.816680E+01	5.568179E+03
12.385	-1.199330E+06	5.419948E+02	4.678624E+01	5.568179E+03
12.39	-1.199329E+06	5.044774E+02	4.585886E+01	5.568179E+03
12.395	-1.199330E+06	5.349286E+02	4.634062E+01	5.568179E+03
12.4	-1.199331E+06	5.750493E+02	4.703983E+01	5.568179E+03
12.405	-1.199329E+06	5.418850E+02	4.852939E+01	5.568179E+03
12.41	-1.199329E+06	5.307604E+02	4.996458E+01	5.568179E+03
12.415	-1.199330E+06	5.487940E+02	5.074069E+01	5.568179E+03
12.42	-1.199330E+06	5.354237E+02	5.139647E+01	5.568179E+03
12.425	-1.199329E+06	5.226253E+02	5.190271E+01	5.568179E+03
12.43	-1.199330E+06	5.390560E+02	5.282123E+01	5.568179E+03
12.435	-1.199329E+06	5.272147E+02	5.438226E+01	5.568179E+03
12.44	-1.199330E+06	5.309880E+02	5.575190E+01	5.568179E+03
12.445	-1.199329E+06	5.341640E+02	5.636865E+01	5.568179E+03
12.45	-1.199329E+06	5.555249E+02	5.574048E+01	5.568179E+03
12.455	-1.199330E+06	5.859740E+02	5.485649E+01	5.568179E+03
12.46	-1.199330E+06	5.772548E+02	5.317043E+01	5.568179E+03
12.465	-1.199329E+06	5.479007E+02	5.077997E+01	5.568179E+03
12.47	-1.199329E+06	5.559162E+02	4.865801E+01	5.568179E+03
12.475	-1.199330E+06	5.798292E+02	4.641454E+01	5.568179E+03
12.48	-1.199329E+06	5.465221E+02	4.508892E+01	5.568179E+03
12.485	-1.199329E+06	5.749232E+02	4.455100E+01	5.568179E+03
12.49	-1.199331E+06	6.175260E+02	4.461567E+01	5.568179E+03
12.495	-1.199328E+06	5.593290E+02	4.630220E+01	5.568179E+03
12.5	-1.199329E+06	5.819471E+02	4.835376E+01	5.568179E+03
12.505	-1.199330E+06	5.985126E+02	5.087452E+01	5.568179E+03
12.51	-1.199329E+06	5.711647E+02	5.293177E+01	5.568179E+03
12.515	-1.199329E+06	5.717864E+02	5.358929E+01	5.568179E+03
12.52	-1.199328E+06	5.548315E+02	5.423265E+01	5.568179E+03
12.525	-1.199329E+06	5.839251E+02	5.432502E+01	5.568179E+03
12.53	-1.199329E+06	6.122089E+02	5.342718E+01	5.568179E+03
12.535	-1.199329E+06	5.944102E+02	5.160933E+01	5.568179E+03
12.54	-1.199328E+06	5.542785E+02	4.909906E+01	5.568179E+03
12.545	-1.199329E+06	5.658124E+02	4.667175E+01	5.568179E+03
12.55	-1.199329E+06	5.865650E+02	4.480890E+01	5.568179E+03
12.555	-1.199328E+06	5.603423E+02	4.300647E+01	5.568179E+03
12.56	-1.199329E+06	5.636873E+02	4.153280E+01	5.568179E+03
12.565	-1.199328E+06	5.572004E+02	4.137566E+01	5.568179E+03
12.57	-1.199329E+06	5.819882E+02	4.268506E+01	5.568179E+03
12.575	-1.199329E+06	6.203158E+02	4.490690E+01	5.568179E+03
12.58	-1.199328E+06	6.004784E+02	4.632609E+01	5.568179E+03
12.585	-1.199328E+06	6.070648E+02	4.735450E+01	5.568179E+03
12.59	-1.199329E+06	6.209994E+02	4.909063E+01	5.568179E+03
12.595	-1.199328E+06	5.986137E+02	5.014434E+01	5.568179E+03
12.6	-1.199328E+06	5.877981E+02	5.044431E+01	5.568179E+03
12.605	-1.199328E+06	5.926472E+02	5.103151E+01	5.568179E+03
12.61	-1.199328E+06	5.910087E+02	5.147297E+01	5.568179E+03
12.615	-1.199328E+06	5.926677E+02	5.124716E+01	5.568179E+03
12.62	-1.199327E+06	6.060239E+02	5.102684E+01	5.568179E+03
12.625	-1.199329E+06	6.689074E+02	5.013044E+01	5.568179E+03
12.63	-1.199328E+06	6.545589E+02	4.927052E+01	5.568179E+03
12.635	-1.199328E+06	6.000292E+02	4.792514E+01	5.568179E+03
12.64	-1.199328E+06	5.951664E+02	4.509168E+01	5.568179E+03
12.645	-1.199328E+06	6.222868E+02	4.334889E+01	5.568179E+03
12.65	-1.199328E+06	6.259563E+02	4.407216E+01	5.568179E+03
12.655	-1.199327E+06	6.047016E+02	4.515692E+01	5.568179E+03
12.66	-1.199328E+06	6.314475E+02	4.682935E+01	5.568179E+03
12.665	-1.199329E+06	6.615343E+02	4.902453E+01	5.568179E+03
12.67	-1.199327E+06	6.386810E+02	4.991055E+01	5.568179E+03
12.675	-1.199328E+06	6.659024E+02	5.052114E+01	5.568179E+03
12.68	-1.199328E+06	6.764698E+02	5.199600E+01	5.568179E+03
12.685	-1.199328E+06	6.580779E+02	5.119078E+01	5.568179E+03
12.69	-1.199327E+06	6.215491E+02	4.877522E+01	5.568179E+03
12.695	-1.199327E+06	6.059188E+02	4.732666E+01	5.568179E+03
12.7	-1.199328E+06	6.511515E+02	4.654742E+01	5.568179E+03
12.705	-1.199328E+06	6.608557E+02	4.601635E+01	5.568179E+03
12.71	-1.199327E+06	6.274884E+02	4.558730E+01	5.568179E+03
12.715	-1.199327E+06	6.226082E+02	4.517613E+01	5.568179E+03
12.72	-1.199328E+06	6.515679E+02	4.537769E+01	5.568179E+03
12.725	-1.199327E+06	6.355587E+02	4.703292E+01	5.568179E+03
12.73	-1.199328E+06	6.604380E+02	4.769173E+01	5.568179E+03
12.735	-1.199328E+06	6.681212E+02	4.772098E+01	5.568179E+03
12.74	-1.199327E+06	6.366078E+02	4.863820E+01	5.568179E+03
12.745	-1.199327E+06	6.072262E+02	4.949647E+01	5.568179E+03
12.75	-1.199327E+06	6.236803E+02	4.967565E+01	5.568179E+03
12.755	-1.199327E+06	6.485250E+02	4.955374E+01	5.568179E+03
12.76	-1.199328E+06	6.713434E+02	4.772372E+01	5.568179E+03
12.765	-1.199327E+06	6.354171E+02	4.618872E+01	5.568179E+03
12.77	-1.199327E+06	6.266257E+02	4.569685E+01	5.568179E+03
12.775	-1.199327E+06	6.516363E+02	4.472567E+01	5.568179E+03
12.78	-1.199328E+06	6.752473E+02	4.328657E+01	5.568179E+03
12.785	-1.199327E+06	6.644831E+02	4.206613E+01	5.568179E+03
12.79	-1.199327E+06	6.505814E+02	4.165930E+01	5.568179E+03
12.795	-1.199327E+06	6.452159E+02	4.306026E+01	5.568179E+03
12.8	-1.199327E+06	6.517763E+02	4.490173E+01	5.568179E+03
12.805	-1.199327E+06	6.701210E+02	4.557270E+01	5.568179E+03
12.81	-1.199327E+06	6.583703E+02	4.560352E+01	5.568179E+03
12.815	-1.199326E+06	6.165972E+02	4.599185E+01	5.568179E+03
12.82	-1.199327E+06	6.479803E+02	4.631706E+01	5.568179E+03
12.825	-1.199327E+06	6.778807E+02	4.740228E+01	5.568179E+03
12.83	-1.199326E+06	6.666288E+02	4.826480E+01	5.568179E+03
12.835	-1.199328E+06	6.652649E+02	4.723625E+01	5.568179E+03
12.84	-1.199325E+06	6.005796E+02	4.623414E+01	5.568179E+03
12.845	-1.199327E+06	6.388036E+02	4.514269E+01	5.568179E+03
12.85	-1.199327E+06	6.569491E+02	4.487423E+01	5.568179E+03
12.855	-1.199326E+06	6.540448E+02	4.404061E+01	5.568179E+03
12.86	-1.199327E+06	7.068697E+02	4.217123E+01	5.568179E+03
12.865	-1.199326E+06	6.906456E+02	4.126954E+01	5.568179E+03
12.87	-1.199327E+06	6.789961E+02	4.048402E+01	5.568179E+03
12.875	-1.199326E+06	6.640830E+02	4.048238E+01	5.568179E+03
12.88	-1.199326E+06	6.760663E+02	4.119697E+01	5.568179E+03
12.885	-1.199327E+06	6.935101E+02	4.276283E+01	5.568179E+03
12.89	-1.199326E+06	6.779891E+02	4.520797E+01	5.568179E+03
12.895	-1.199327E+06	6.920507E+02	4.699671E+01	5.568179E+03
12.9	-1.199326E+06	6.712674E+02	4.844090E+01	5.568179E+03
12.905	-1.199326E+06	6.672175E+02	4.934681E+01	5.568179E+03
12.91	-1.199326E+06	6.577264E+02	4.981553E+01	5.568179E+03
12.915	-1.199327E+06	6.801856E+02	4.884376E+01	5.568179E+03
12.92	-1.199326E+06	6.845809E+02	4.734278E+01	5.568179E+03
12.925	-1.199326E+06	6.736314E+02	4.598199E+01	5.568179E+03
12.93	-1.199327E+06	6.956039E+02	4.394492E+01	5.568179E+03
12.935	-1.199326E+06	6.730027E+02	4.212617E+01	5.568179E+03
12.94	-1.199326E+06	6.724875E+02	4.028426E+01	5.568179E+03
12.945	-1.199327E+06	6.762158E+02	3.859942E+01	5.568179E+03
12.95	-1.199325E+06	6.468307E+02	3.857588E+01	5.568179E+03
12.955	-1.199326E+06	6.630117E+02	3.915208E+01	5.568179E+03
12.96	-1.199326E+06	6.571067E+02	4.002065E+01	5.568179E+03
12.965	-1.199326E+06	6.388262E+02	4.202091E+01	5.568179E+03
12.97	-1.199326E+06	6.623167E+02	4.349237E+01	5.568179E+03
12.975	-1.199327E+06	6.873924E+02	4.362679E+01	5.568179E+03
12.98	-1.199325E+06	6.428606E+02	4.496314E+01	5.568179E+03
12.985	-1.199325E+06	6.562624E+02	4.600111E+01	5.568179E+03
12.99	-1.199327E+06	7.086827E+02	4.642781E+01	5.568179E+03
12.995	-1.199326E+06	6.881918E+02	4.731883E+01	5.568179E+03
13.0	-1.199326E+06	6.797572E+02	4.590219E+01	5.568179E+03
13.005	-1.199326E+06	6.773379E+02	4.313418E+01	5.568179E+03
13.01	-1.199326E+06	6.481933E+02	4.124649E+01	5.568179E+03
13.015	-1.199326E+06	6.500730E+02	3.884789E+01	5.568179E+03
13.02	-1.199326E+06	6.562274E+02	3.691869E+01	5.568179E+03
13.025	-1.199326E+06	6.391774E+02	3.623247E+01	5.568179E+03
13.03	-1.199325E+06	6.308880E+02	3.605866E+01	5.568179E+03
13.035	-1.199327E+06	6.930291E+02	3.808080E+01	5.568179E+03
13.04	-1.199326E+06	6.901316E+02	4.284502E+01	5.568179E+03
13.045	-1.199326E+06	7.074919E+02	4.574957E+01	5.568179E+03
13.05	-1.199327E+06	7.076276E+02	4.688650E+01	5.568179E+03
13.055	-1.199325E+06	6.576427E+02	4.756497E+01	5.568179E+03
13.06	-1.199327E+06	6.890803E+02	4.703451E+01	5.568179E+03
13.065	-1.199326E+06	6.763862E+02	4.752552E+01	5.568179E+03
13.07	-1.199327E+06	6.898342E+02	4.714104E+01	5.568179E+03
13.075	-1.199326E+06	6.701088E+02	4.531741E+01	5.568179E+03
13.08	-1.199326E+06	6.388055E+02	4.381556E+01	5.568179E+03
13.085	-1.199326E+06	6.440260E+02	4.285856E+01	5.568179E+03
13.09	-1.199326E+06	6.675869E+02	4.149131E+01	5.568179E+03
13.095	-1.199327E+06	6.778991E+02	4.052960E+01	5.568179E+03
13.1	-1.199325E+06	6.627582E+02	4.009140E+01	5.568179E+03
13.105	-1.199327E+06	6.924239E+02	3.952185E+01	5.568179E+03
13.11	-1.199325E+06	6.638415E+02	4.056896E+01	5.568179E+03
13.115	-1.199326E+06	7.033810E+02	4.133304E+01	5.568179E+03
13.12	-1.199328E+06	7.462168E+02	4.058668E+01	5.568179E+03
13.125	-1.199325E+06	6.647224E+02	3.974595E+01	5.568179E+03
13.13	-1.199326E+06	6.695015E+02	3.846741E+01	5.568179E+03
13.135	-1.199326E+06	6.888168E+02	3.825286E+01	5.568179E+03
13.14	-1.199326E+06	6.852183E+02	3.931016E+01	5.568179E+03
13.145	-1.199326E+06	6.851180E+02	4.072050E+01	5.568179E+03
13.15	-1.199327E+06	6.755412E+02	4.280860E+01	5.568179E+03
13.155	-1.199326E+06	6.432428E+02	4.509176E+01	5.568179E+03
13.16	-1.199326E+06	6.485761E+02	4.598966E+01	5.568179E+03
13.165	-1.199327E+06	6.937405E+02	4.556504E+01	5.568179E+03
13.17	-1.199326E+06	6.543534E+02	4.406793E+01	5.568179E+03
13.175	-1.199325E+06	6.206361E+02	4.125945E+01	5.568179E+03
13.18	-1.199327E+06	6.413553E+02	3.993838E+01	5.568179E+03
13.185	-1.199326E+06	6.473048E+02	4.050587E+01	5.568179E+03
13.19	-1.199327E+06	6.812312E+02	4.005112E+01	5.568179E+03
13.195	-1.199326E+06	6.532433E+02	4.005926E+01	5.568179E+03
13.2	-1.199326E+06	6.309380E+02	4.005506E+01	5.568179E+03
13.205	-1.199326E+06	6.407603E+02	3.994850E+01	5.568179E+03
13.21	-1.199327E+06	6.726507E+02	4.102139E+01	5.568179E+03
13.215	-1.199327E+06	6.730557E+02	4.261204E+01	5.568179E+03
13.22	-1.199326E+06	6.572505E+02	4.396591E+01	5.568179E+03
13.225	-1.199327E+06	6.606364E+02	4.490762E+01	5.568179E+03
13.23	-1.199326E+06	6.362844E+02	4.618251E+01	5.568179E+03
13.235	-1.199327E+06	6.634989E+02	4.752497E+01	5.568179E+03
13.24	-1.199326E+06	6.853167E+02	4.885356E+01	5.568179E+03
13.245	-1.199327E+06	6.857015E+02	4.932285E+01	5.568179E+03
13.25	-1.199326E+06	6.684948E+02	4.881515E+01	5.568179E+03
13.255	-1.199326E+06	6.593873E+02	4.813626E+01	5.568179E+03
13.26	-1.199326E+06	6.585589E+02	4.764356E+01	5.568179E+03
13.265	-1.199327E+06	6.617555E+02	4.678820E+01	5.568179E+03
13.27	-1.199326E+06	6.521185E+02	4.604856E+01	5.568179E+03
13.275	-1.199327E+06	6.572370E+02	4.565500E+01	5.568179E+03
13.28	-1.199327E+06	6.597014E+02	4.559435E+01	5.568179E+03
13.285	-1.199326E+06	6.365530E+02	4.604855E+01	5.568179E+03
13.29	-1.199326E+06	6.267999E+02	4.748475E+01	5.568179E+03
13.295	-1.199327E+06	6.627882E+02	4.846092E+01	5.568179E+03
13.3	-1.199327E+06	6.699488E+02	4.848486E+01	5.568179E+03
13.305	-1.199326E+06	6.197696E+02	4.812159E+01	5.568179E+03
13.31	-1.199327E+06	6.423472E+02	4.678394E+01	5.568179E+03
13.315	-1.199328E+06	6.589278E+02	4.555743E+01	5.568179E+03
13.32	-1.199326E+06	6.059631E+02	4.463944E+01	5.568179E+03
13.325	-1.199326E+06	6.197599E+02	4.356208E+01	5.568179E+03
13.33	-1.199328E+06	6.608204E+02	4.310526E+01	5.568179E+03
