Diffusion in Zeolites. ZSM5 (Silicate) Crystal Structure, Si(96)O(192) +
 ENERGY UNITS = kjoule/mol
         0  0.000000E+00        41
 -1.201992E+06  3.000000E+02 -1.203073E+06  2.930325E+05 -1.496106E+06
  0.000000E+00  3.012652E-03  0.000000E+00  0.000000E+00 -1.183245E+06
  3.000000E+02 -5.408505E+04 -1.549320E+06  1.495221E+06  0.000000E+00
 -2.911804E-02  0.000000E+00  0.000000E+00  5.568179E+03  0.000000E+00
  0.000000E+00  0.000000E+00  9.000000E+01  9.000000E+01  9.000000E+01
  0.000000E+00  5.517533E+01  0.000000E+00  0.000000E+00  0.000000E+00
  0.000000E+00  0.000000E+00  5.877598E+01 -1.952039E+00  4.507402E-01
 -1.952039E+00  5.338094E+01 -4.128748E+00  4.507402E-01 -4.128748E+00
  5.336908E+01
        10  1.000000E-02        41
 -1.201993E+06  3.298950E+02 -1.203182E+06  2.930147E+05 -1.496197E+06
  0.000000E+00  2.875689E-03  0.000000E+00  0.000000E+00 -1.183144E+06
  3.124971E+02 -5.417567E+04 -1.549491E+06  1.495303E+06  0.000000E+00
 -2.778656E-02  0.000000E+00  0.000000E+00  5.568179E+03  0.000000E+00
  0.000000E+00  0.000000E+00  9.000000E+01  9.000000E+01  9.000000E+01
  0.000000E+00  5.547536E+01  0.000000E+00  2.325579E-03  4.256020E-03
  1.783164E-03  3.586553E-03  5.807867E+01 -2.493945E+00  2.478570E+00
 -2.493945E+00  5.482299E+01  2.247521E-01  2.478570E+00  2.247521E-01
  5.352441E+01
        20  2.000000E-02        41
 -1.201993E+06  2.973836E+02 -1.203065E+06  2.922521E+05 -1.495317E+06
  0.000000E+00  2.910966E-03  0.000000E+00  0.000000E+00 -1.184038E+06
  3.211617E+02 -5.172821E+04 -1.546165E+06  1.494428E+06  0.000000E+00
 -2.815134E-02  0.000000E+00  0.000000E+00  5.568179E+03  0.000000E+00
  0.000000E+00  0.000000E+00  9.000000E+01  9.000000E+01  9.000000E+01
  0.000000E+00  5.284409E+01  0.000000E+00  5.869144E-03  1.195609E-02
  7.123563E-03  1.443802E-02  4.898988E+01  2.099855E+00  3.129747E-01
  2.099855E+00  5.516185E+01  1.462934E+00  3.129747E-01  1.462934E+00
  5.438054E+01
        30  3.000000E-02        41
 -1.201994E+06  3.182472E+02 -1.203141E+06  2.920891E+05 -1.495230E+06
  0.000000E+00  2.809405E-03  0.000000E+00  0.000000E+00 -1.184243E+06
  3.388773E+02 -5.096698E+04 -1.545322E+06  1.494347E+06  0.000000E+00
 -2.716516E-02  0.000000E+00  0.000000E+00  5.568179E+03  0.000000E+00
  0.000000E+00  0.000000E+00  9.000000E+01  9.000000E+01  9.000000E+01
  0.000000E+00  5.224439E+01  0.000000E+00  8.716775E-03  1.751739E-02
  1.603391E-02  3.279644E-02  4.533807E+01 -8.277429E-01 -1.835217E-01
 -8.277429E-01  5.622978E+01 -2.200944E+00 -1.835217E-01 -2.200944E+00
  5.516533E+01
        40  4.000000E-02        41
 -1.201994E+06  3.069398E+02 -1.203100E+06  2.918901E+05 -1.494990E+06
  0.000000E+00  2.849804E-03  0.000000E+00  0.000000E+00 -1.184480E+06
  3.547196E+02 -5.033728E+04 -1.544462E+06  1.494109E+06  0.000000E+00
 -2.754251E-02  0.000000E+00  0.000000E+00  5.568179E+03  0.000000E+00
  0.000000E+00  0.000000E+00  9.000000E+01  9.000000E+01  9.000000E+01
  0.000000E+00  5.154626E+01  0.000000E+00  1.246267E-02  2.182148E-02
  2.859363E-02  5.904368E-02  4.281671E+01 -2.040327E+00  1.266394E+00
 -2.040327E+00  5.420238E+01  1.872094E+00  1.266394E+00  1.872094E+00
  5.761970E+01
        50  5.000000E-02        41
 -1.201995E+06  3.159351E+02 -1.203133E+06  2.922047E+05 -1.495338E+06
  0.000000E+00  2.986910E-03  0.000000E+00  0.000000E+00 -1.184137E+06
  3.675708E+02 -5.130395E+04 -1.545773E+06  1.494460E+06  0.000000E+00
 -2.885581E-02  0.000000E+00  0.000000E+00  5.568179E+03  0.000000E+00
  0.000000E+00  0.000000E+00  9.000000E+01  9.000000E+01  9.000000E+01
  0.000000E+00  5.255793E+01  0.000000E+00  1.634634E-02  2.415424E-02
  4.490495E-02  9.345440E-02  4.814514E+01  2.539722E+00  2.150148E+00
  2.539722E+00  5.784628E+01  2.059388E+00  2.150148E+00  2.059388E+00
  5.168238E+01
        60  6.000000E-02        41
 -1.201994E+06  2.988988E+02 -1.203071E+06  2.925390E+05 -1.495610E+06
  0.000000E+00  2.967608E-03  0.000000E+00  0.000000E+00 -1.183803E+06
  3.716893E+02 -5.242607E+04 -1.547163E+06  1.494729E+06  0.000000E+00
 -2.866722E-02  0.000000E+00  0.000000E+00  5.568179E+03  0.000000E+00
  0.000000E+00  0.000000E+00  9.000000E+01  9.000000E+01  9.000000E+01
  0.000000E+00  5.353822E+01  0.000000E+00  1.936709E-02  2.716018E-02
  6.494171E-02  1.360172E-01  5.753119E+01  2.949522E+00  5.225618E+00
  2.949522E+00  5.764316E+01 -1.398337E+00  5.225618E+00 -1.398337E+00
  4.544030E+01
        70  7.000000E-02        41
 -1.201994E+06  3.037059E+02 -1.203089E+06  2.927191E+05 -1.495808E+06
  0.000000E+00  2.976375E-03  0.000000E+00  0.000000E+00 -1.183614E+06
  3.743627E+02 -5.296061E+04 -1.547903E+06  1.494924E+06  0.000000E+00
 -2.873150E-02  0.000000E+00  0.000000E+00  5.568179E+03  0.000000E+00
  0.000000E+00  0.000000E+00  9.000000E+01  9.000000E+01  9.000000E+01
  0.000000E+00  5.409657E+01  0.000000E+00  2.151375E-02  3.082307E-02
  8.860632E-02  1.865202E-01  5.980459E+01 -1.216683E+00  4.640510E-01
 -1.216683E+00  5.264868E+01  1.195965E-01  4.640510E-01  1.195965E-01
  4.983645E+01
        80  8.000000E-02        41
 -1.201995E+06  3.173701E+02 -1.203139E+06  2.926060E+05 -1.495745E+06
  0.000000E+00  3.039083E-03  0.000000E+00  0.000000E+00 -1.183677E+06
  3.753002E+02 -5.267677E+04 -1.547559E+06  1.494866E+06  0.000000E+00
 -2.936936E-02  0.000000E+00  0.000000E+00  5.568179E+03  0.000000E+00
  0.000000E+00  0.000000E+00  9.000000E+01  9.000000E+01  9.000000E+01
  0.000000E+00  5.391472E+01  0.000000E+00  2.444730E-02  3.357586E-02
  1.159387E-01  2.450699E-01  5.123695E+01 -1.879954E+00 -5.143493E+00
 -1.879954E+00  5.448976E+01  2.618636E+00 -5.143493E+00  2.618636E+00
  5.601744E+01
        90  9.000000E-02        41
 -1.201996E+06  3.139896E+02 -1.203128E+06  2.923996E+05 -1.495527E+06
  0.000000E+00  2.884445E-03  0.000000E+00  0.000000E+00 -1.183921E+06
  3.666154E+02 -5.196969E+04 -1.546634E+06  1.494653E+06  0.000000E+00
 -2.790141E-02  0.000000E+00  0.000000E+00  5.568179E+03  0.000000E+00
  0.000000E+00  0.000000E+00  9.000000E+01  9.000000E+01  9.000000E+01
  0.000000E+00  5.319733E+01  0.000000E+00  2.810002E-02  3.618859E-02
  1.468247E-01  3.111419E-01  4.740085E+01  3.414864E+00 -4.219440E+00
  3.414864E+00  5.381268E+01  3.017507E-01 -4.219440E+00  3.017507E-01
  5.837846E+01
       100  1.000000E-01        41
 -1.201995E+06  2.955321E+02 -1.203061E+06  2.925241E+05 -1.495585E+06
  0.000000E+00  2.931135E-03  0.000000E+00  0.000000E+00 -1.183823E+06
  3.654854E+02 -5.239630E+04 -1.547120E+06  1.494713E+06  0.000000E+00
 -2.830958E-02  0.000000E+00  0.000000E+00  5.568179E+03  0.000000E+00
  0.000000E+00  0.000000E+00  9.000000E+01  9.000000E+01  9.000000E+01
  0.000000E+00  5.348536E+01  0.000000E+00  3.119341E-02  3.955569E-02
  1.813346E-01  3.846631E-01  4.557921E+01  1.164860E+00 -7.378887E-01
  1.164860E+00  5.871328E+01 -2.665913E+00 -7.378887E-01 -2.665913E+00
  5.616359E+01
       110  1.100000E-01        41
 -1.201996E+06  3.070625E+02 -1.203103E+06  2.926895E+05 -1.495792E+06
  0.000000E+00  2.993747E-03  0.000000E+00  0.000000E+00 -1.183604E+06
  3.565572E+02 -5.297180E+04 -1.547910E+06  1.494920E+06  0.000000E+00
 -2.890326E-02  0.000000E+00  0.000000E+00  5.568179E+03  0.000000E+00
  0.000000E+00  0.000000E+00  9.000000E+01  9.000000E+01  9.000000E+01
  0.000000E+00  5.413172E+01  0.000000E+00  3.416163E-02  4.204248E-02
  2.195401E-01  4.657101E-01  4.982216E+01 -2.652936E+00 -2.557223E+00
 -2.652936E+00  5.748558E+01 -2.054482E+00 -2.557223E+00 -2.054482E+00
  5.508742E+01
       120  1.200000E-01        41
 -1.201997E+06  3.177471E+02 -1.203142E+06  2.924020E+05 -1.495544E+06
  0.000000E+00  2.782802E-03  0.000000E+00  0.000000E+00 -1.183884E+06
  3.334278E+02 -5.205579E+04 -1.546742E+06  1.494667E+06  0.000000E+00
 -2.689636E-02  0.000000E+00  0.000000E+00  5.568179E+03  0.000000E+00
  0.000000E+00  0.000000E+00  9.000000E+01  9.000000E+01  9.000000E+01
  0.000000E+00  5.330919E+01  0.000000E+00  3.796371E-02  4.437613E-02
  2.608523E-01  5.526225E-01  5.797560E+01  1.050783E+00 -1.074162E+00
  1.050783E+00  5.661167E+01  1.920700E+00 -1.074162E+00  1.920700E+00
  4.534029E+01
       130  1.300000E-01        41
 -1.201996E+06  2.997209E+02 -1.203076E+06  2.925592E+05 -1.495636E+06
  0.000000E+00  2.759585E-03  0.000000E+00  0.000000E+00 -1.183793E+06
  3.082034E+02 -5.245772E+04 -1.547223E+06  1.494754E+06  0.000000E+00
 -2.664444E-02  0.000000E+00  0.000000E+00  5.568179E+03  0.000000E+00
  0.000000E+00  0.000000E+00  9.000000E+01  9.000000E+01  9.000000E+01
  0.000000E+00  5.357664E+01  0.000000E+00  4.094046E-02  4.747812E-02
  3.049234E-01  6.442054E-01  5.590047E+01  2.602167E+00  4.531848E+00
  2.602167E+00  5.682201E+01  5.814647E+00  4.531848E+00  5.814647E+00
  4.800745E+01
       140  1.400000E-01        41
 -1.201998E+06  3.230910E+02 -1.203162E+06  2.927061E+05 -1.495868E+06
  0.000000E+00  2.807606E-03  0.000000E+00  0.000000E+00 -1.183536E+06
  2.734601E+02 -5.306129E+04 -1.548054E+06  1.494988E+06  0.000000E+00
 -2.710831E-02  0.000000E+00  0.000000E+00  5.568179E+03  0.000000E+00
  0.000000E+00  0.000000E+00  9.000000E+01  9.000000E+01  9.000000E+01
  0.000000E+00  5.433491E+01  0.000000E+00  4.093313E-02  5.102460E-02
  3.515923E-01  7.393618E-01  5.033925E+01 -3.087090E-01  5.010826E-01
 -3.087090E-01  5.327015E+01  2.358361E+00  5.010826E-01  2.358361E+00
  5.939533E+01
       150  1.500000E-01        41
 -1.201998E+06  3.117127E+02 -1.203121E+06  2.930854E+05 -1.496207E+06
  0.000000E+00  2.900168E-03  0.000000E+00  0.000000E+00 -1.183147E+06
  2.288157E+02 -5.431072E+04 -1.549637E+06  1.495330E+06  0.000000E+00
 -2.801901E-02  0.000000E+00  0.000000E+00  5.568179E+03  0.000000E+00
  0.000000E+00  0.000000E+00  9.000000E+01  9.000000E+01  9.000000E+01
  0.000000E+00  5.548131E+01  0.000000E+00  4.243615E-02  5.441389E-02
  4.006743E-01  8.362014E-01  4.985030E+01 -1.848764E+00 -5.796094E+00
 -1.848764E+00  5.854940E+01  7.075614E-01 -5.796094E+00  7.075614E-01
  5.804422E+01
       160  1.600000E-01        41
 -1.201998E+06  3.027777E+02 -1.203089E+06  2.937926E+05 -1.496882E+06
  0.000000E+00  3.045172E-03  0.000000E+00  0.000000E+00 -1.182408E+06
  1.813676E+02 -5.659163E+04 -1.552591E+06  1.496005E+06  0.000000E+00
 -2.939464E-02  0.000000E+00  0.000000E+00  5.568179E+03  0.000000E+00
  0.000000E+00  0.000000E+00  9.000000E+01  9.000000E+01  9.000000E+01
  0.000000E+00  5.765700E+01  0.000000E+00  4.292692E-02  5.777456E-02
  4.522172E-01  9.330606E-01  5.226710E+01  7.892464E-01 -3.689129E+00
  7.892464E-01  6.194007E+01 -2.000961E+00 -3.689129E+00 -2.000961E+00
  5.876382E+01
       170  1.700000E-01        41
 -1.201998E+06  2.918954E+02 -1.203050E+06  2.934965E+05 -1.496546E+06
  0.000000E+00  3.119706E-03  0.000000E+00  0.000000E+00 -1.182727E+06
  1.418387E+02 -5.571121E+04 -1.551381E+06  1.495672E+06  0.000000E+00
 -3.010606E-02  0.000000E+00  0.000000E+00  5.568179E+03  0.000000E+00
  0.000000E+00  0.000000E+00  9.000000E+01  9.000000E+01  9.000000E+01
  0.000000E+00  5.671725E+01  0.000000E+00  4.337791E-02  5.848442E-02
  5.063268E-01  1.029111E+00  5.296605E+01  3.177001E+00 -7.489708E-01
  3.177001E+00  6.143943E+01 -2.553276E+00 -7.489708E-01 -2.553276E+00
  5.574628E+01
       180  1.800000E-01        41
 -1.201999E+06  3.092281E+02 -1.203113E+06  2.926108E+05 -1.495724E+06
  0.000000E+00  2.864594E-03  0.000000E+00  0.000000E+00 -1.183633E+06
  1.079346E+02 -5.287053E+04 -1.547713E+06  1.494843E+06  0.000000E+00
 -2.766042E-02  0.000000E+00  0.000000E+00  5.568179E+03  0.000000E+00
  0.000000E+00  0.000000E+00  9.000000E+01  9.000000E+01  9.000000E+01
  0.000000E+00  5.405377E+01  0.000000E+00  4.447979E-02  5.763682E-02
  5.632637E-01  1.124340E+00  5.229161E+01 -3.813084E-01 -4.061658E+00
 -3.813084E-01  5.583399E+01 -1.577634E+00 -4.061658E+00 -1.577634E+00
  5.403572E+01
       190  1.900000E-01        41
 -1.201998E+06  3.064408E+02 -1.203103E+06  2.923704E+05 -1.495473E+06
  0.000000E+00  2.792459E-03  0.000000E+00  0.000000E+00 -1.183939E+06
  8.085621E+01 -5.197023E+04 -1.546559E+06  1.494582E+06  0.000000E+00
 -2.696843E-02  0.000000E+00  0.000000E+00  5.568179E+03  0.000000E+00
  0.000000E+00  0.000000E+00  9.000000E+01  9.000000E+01  9.000000E+01
  0.000000E+00  5.315147E+01  0.000000E+00  4.380591E-02  5.657598E-02
  6.228214E-01  1.218012E+00  5.059270E+01 -5.720830E-01 -5.866872E+00
 -5.720830E-01  5.701015E+01 -5.456431E-01 -5.866872E+00 -5.456431E-01
  5.185154E+01
       200  2.000000E-01        41
 -1.201999E+06  3.147337E+02 -1.203133E+06  2.927007E+05 -1.495834E+06
  0.000000E+00  2.778287E-03  0.000000E+00  0.000000E+00 -1.183606E+06
  6.651087E+01 -5.291106E+04 -1.547859E+06  1.494947E+06  0.000000E+00
 -2.685608E-02  0.000000E+00  0.000000E+00  5.568179E+03  0.000000E+00
  0.000000E+00  0.000000E+00  9.000000E+01  9.000000E+01  9.000000E+01
  0.000000E+00  5.413348E+01  0.000000E+00  4.390708E-02  5.377856E-02
  6.856329E-01  1.311836E+00  5.224972E+01  1.394313E+00 -1.051160E-01
  1.394313E+00  5.809587E+01  8.212012E-01 -1.051160E-01  8.212012E-01
  5.205486E+01
       210  2.100000E-01        41
 -1.201999E+06  3.045886E+02 -1.203097E+06  2.930223E+05 -1.496119E+06
  0.000000E+00  3.002668E-03  0.000000E+00  0.000000E+00 -1.183248E+06
  5.381485E+01 -5.405793E+04 -1.549298E+06  1.495238E+06  0.000000E+00
 -2.899920E-02  0.000000E+00  0.000000E+00  5.568179E+03  0.000000E+00
  0.000000E+00  0.000000E+00  9.000000E+01  9.000000E+01  9.000000E+01
  0.000000E+00  5.518720E+01  0.000000E+00  4.369105E-02  5.262348E-02
  7.523742E-01  1.407327E+00  5.287435E+01 -6.530339E-02  3.008691E+00
 -6.530339E-02  5.093250E+01 -1.627315E+00  3.008691E+00 -1.627315E+00
  6.175475E+01
       220  2.200000E-01        41
 -1.201999E+06  3.002972E+02 -1.203081E+06  2.934472E+05 -1.496528E+06
  0.000000E+00  3.201562E-03  0.000000E+00  0.000000E+00 -1.182768E+06
  4.200887E+01 -5.552788E+04 -1.551175E+06  1.495644E+06  0.000000E+00
 -3.088975E-02  0.000000E+00  0.000000E+00  5.568179E+03  0.000000E+00
  0.000000E+00  0.000000E+00  9.000000E+01  9.000000E+01  9.000000E+01
  0.000000E+00  5.659926E+01  0.000000E+00  4.222279E-02  5.160932E-02
  8.229053E-01  1.503776E+00  4.964464E+01 -2.517258E+00  3.213624E+00
 -2.517258E+00  5.934048E+01 -1.409532E+00  3.213624E+00 -1.409532E+00
  6.081266E+01
       230  2.300000E-01        41
 -1.202000E+06  3.215195E+02 -1.203159E+06  2.937774E+05 -1.496936E+06
  0.000000E+00  3.019696E-03  0.000000E+00  0.000000E+00 -1.182368E+06
  3.367086E+01 -5.657758E+04 -1.552630E+06  1.496053E+06  0.000000E+00
 -2.915136E-02  0.000000E+00  0.000000E+00  5.568179E+03  0.000000E+00
  0.000000E+00  0.000000E+00  9.000000E+01  9.000000E+01  9.000000E+01
  0.000000E+00  5.777938E+01  0.000000E+00  4.201345E-02  4.956149E-02
  8.975407E-01  1.601798E+00  5.109552E+01 -4.644157E-01  4.630341E+00
 -4.644157E-01  6.636932E+01  2.157545E+00  4.630341E+00  2.157545E+00
  5.587330E+01
       240  2.400000E-01        41
 -1.202000E+06  3.063007E+02 -1.203104E+06  2.937745E+05 -1.496879E+06
  0.000000E+00  3.070586E-03  0.000000E+00  0.000000E+00 -1.182397E+06
  2.600416E+01 -5.660306E+04 -1.552593E+06  1.495988E+06  0.000000E+00
 -2.965104E-02  0.000000E+00  0.000000E+00  5.568179E+03  0.000000E+00
  0.000000E+00  0.000000E+00  9.000000E+01  9.000000E+01  9.000000E+01
  0.000000E+00  5.769693E+01  0.000000E+00  3.960049E-02  5.055156E-02
  9.764774E-01  1.701733E+00  5.404983E+01  1.181693E-01  2.403356E+00
  1.181693E-01  6.074248E+01  3.676467E+00  2.403356E+00  3.676467E+00
  5.829847E+01
       250  2.500000E-01        41
 -1.202001E+06  3.200225E+02 -1.203154E+06  2.932124E+05 -1.496366E+06
  0.000000E+00  2.888402E-03  0.000000E+00  0.000000E+00 -1.182961E+06
  1.902608E+01 -5.481248E+04 -1.550292E+06  1.495476E+06  0.000000E+00
 -2.787383E-02  0.000000E+00  0.000000E+00  5.568179E+03  0.000000E+00
  0.000000E+00  0.000000E+00  9.000000E+01  9.000000E+01  9.000000E+01
  0.000000E+00  5.603747E+01  0.000000E+00  3.721181E-02  4.999341E-02
  1.060135E+00  1.803701E+00  5.672643E+01 -3.586392E+00 -9.597790E-01
 -3.586392E+00  5.388611E+01 -1.783108E+00 -9.597790E-01 -1.783108E+00
  5.749986E+01
       260  2.600000E-01        41
 -1.202001E+06  3.034775E+02 -1.203094E+06  2.926414E+05 -1.495736E+06
  0.000000E+00  2.801801E-03  0.000000E+00  0.000000E+00 -1.183666E+06
  1.356867E+01 -5.281692E+04 -1.547673E+06  1.494856E+06  0.000000E+00
 -2.709072E-02  0.000000E+00  0.000000E+00  5.568179E+03  0.000000E+00
  0.000000E+00  0.000000E+00  9.000000E+01  9.000000E+01  9.000000E+01
  0.000000E+00  5.396282E+01  0.000000E+00  3.836619E-02  4.729282E-02
  1.148402E+00  1.907407E+00  5.348798E+01 -3.074152E-01 -1.252053E+00
 -3.074152E-01  5.246981E+01 -2.112424E+00 -1.252053E+00 -2.112424E+00
  5.593065E+01
       270  2.700000E-01        41
 -1.202000E+06  2.897128E+02 -1.203044E+06  2.927566E+05 -1.495801E+06
  0.000000E+00  3.088638E-03  0.000000E+00  0.000000E+00 -1.183579E+06
  1.211565E+01 -5.317487E+04 -1.548087E+06  1.494918E+06  0.000000E+00
 -2.983012E-02  0.000000E+00  0.000000E+00  5.568179E+03  0.000000E+00
  0.000000E+00  0.000000E+00  9.000000E+01  9.000000E+01  9.000000E+01
  0.000000E+00  5.421667E+01  0.000000E+00  3.698345E-02  4.668363E-02
  1.241100E+00  2.013918E+00  5.173578E+01  1.639148E+00 -2.571026E+00
  1.639148E+00  5.428784E+01 -8.369104E-01 -2.571026E+00 -8.369104E-01
  5.662640E+01
       280  2.800000E-01        41
 -1.202001E+06  3.183886E+02 -1.203149E+06  2.929644E+05 -1.496113E+06
  0.000000E+00  3.013404E-03  0.000000E+00  0.000000E+00 -1.183293E+06
  1.224106E+01 -5.382934E+04 -1.549060E+06  1.495230E+06  0.000000E+00
 -2.907268E-02  0.000000E+00  0.000000E+00  5.568179E+03  0.000000E+00
  0.000000E+00  0.000000E+00  9.000000E+01  9.000000E+01  9.000000E+01
  0.000000E+00  5.506155E+01  0.000000E+00  3.488191E-02  4.505087E-02
  1.338728E+00  2.125504E+00  5.380421E+01 -2.523965E+00 -8.028103E-01
 -2.523965E+00  5.438350E+01 -1.651507E+00 -8.028103E-01 -1.651507E+00
  5.699694E+01
       290  2.900000E-01        41
 -1.202002E+06  3.098180E+02 -1.203118E+06  2.928007E+05 -1.495919E+06
  0.000000E+00  2.937544E-03  0.000000E+00  0.000000E+00 -1.183484E+06
  1.041020E+01 -5.332045E+04 -1.548361E+06  1.495035E+06  0.000000E+00
 -2.836148E-02  0.000000E+00  0.000000E+00  5.568179E+03  0.000000E+00
  0.000000E+00  0.000000E+00  9.000000E+01  9.000000E+01  9.000000E+01
  0.000000E+00  5.450173E+01  0.000000E+00  3.407303E-02  4.396736E-02
  1.441562E+00  2.241926E+00  5.191848E+01 -1.337755E+00  4.890752E+00
 -1.337755E+00  6.016099E+01  2.954812E+00  4.890752E+00  2.954812E+00
  5.142572E+01
       300  3.000000E-01        41
 -1.202001E+06  2.991604E+02 -1.203080E+06  2.928004E+05 -1.495880E+06
  0.000000E+00  2.843787E-03  0.000000E+00  0.000000E+00 -1.183478E+06
  9.379743E+00 -5.341228E+04 -1.548410E+06  1.494992E+06  0.000000E+00
 -2.745670E-02  0.000000E+00  0.000000E+00  5.568179E+03  0.000000E+00
  0.000000E+00  0.000000E+00  9.000000E+01  9.000000E+01  9.000000E+01
  0.000000E+00  5.451647E+01  0.000000E+00  3.408256E-02  4.324458E-02
  1.549884E+00  2.362858E+00  4.986416E+01  1.149956E+00  1.706671E+00
  1.149956E+00  5.781559E+01  1.753276E+00  1.706671E+00  1.753276E+00
  5.586967E+01
       310  3.100000E-01        41
 -1.202002E+06  3.156222E+02 -1.203139E+06  2.930165E+05 -1.496156E+06
  0.000000E+00  2.676886E-03  0.000000E+00  0.000000E+00 -1.183195E+06
  9.947707E+00 -5.414487E+04 -1.549423E+06  1.495273E+06  0.000000E+00
 -2.586809E-02  0.000000E+00  0.000000E+00  5.568179E+03  0.000000E+00
  0.000000E+00  0.000000E+00  9.000000E+01  9.000000E+01  9.000000E+01
  0.000000E+00  5.535160E+01  0.000000E+00  3.498444E-02  4.125901E-02
  1.663483E+00  2.488743E+00  5.454129E+01  1.786909E+00  2.256459E+00
  1.786909E+00  5.173916E+01  4.294360E-01  2.256459E+00  4.294360E-01
  5.977435E+01
       320  3.200000E-01        41
 -1.202002E+06  3.016723E+02 -1.203089E+06  2.933868E+05 -1.496476E+06
  0.000000E+00  2.954344E-03  0.000000E+00  0.000000E+00 -1.182820E+06
  1.262995E+01 -5.536993E+04 -1.550969E+06  1.495595E+06  0.000000E+00
 -2.856294E-02  0.000000E+00  0.000000E+00  5.568179E+03  0.000000E+00
  0.000000E+00  0.000000E+00  9.000000E+01  9.000000E+01  9.000000E+01
  0.000000E+00  5.645475E+01  0.000000E+00  3.472475E-02  4.099436E-02
  1.782762E+00  2.620916E+00  5.828489E+01 -1.870757E+00  5.308073E+00
 -1.870757E+00  5.544894E+01  3.580937E-01  5.308073E+00  3.580937E-01
  5.563041E+01
       330  3.300000E-01        41
 -1.202002E+06  3.015154E+02 -1.203089E+06  2.937213E+05 -1.496810E+06
  0.000000E+00  3.217314E-03  0.000000E+00  0.000000E+00 -1.182488E+06
  1.595633E+01 -5.636806E+04 -1.552308E+06  1.495930E+06  0.000000E+00
 -3.101964E-02  0.000000E+00  0.000000E+00  5.568179E+03  0.000000E+00
  0.000000E+00  0.000000E+00  9.000000E+01  9.000000E+01  9.000000E+01
  0.000000E+00  5.743278E+01  0.000000E+00  3.334098E-02  4.121497E-02
  1.908463E+00  2.760784E+00  5.426061E+01 -2.859647E+00 -1.063301E+00
 -2.859647E+00  6.095808E+01 -2.113152E+00 -1.063301E+00 -2.113152E+00
  5.707965E+01
       340  3.400000E-01        41
 -1.202002E+06  2.981026E+02 -1.203076E+06  2.933081E+05 -1.496384E+06
  0.000000E+00  3.107636E-03  0.000000E+00  0.000000E+00 -1.182944E+06
  1.804671E+01 -5.502420E+04 -1.550545E+06  1.495508E+06  0.000000E+00
 -3.002347E-02  0.000000E+00  0.000000E+00  5.568179E+03  0.000000E+00
  0.000000E+00  0.000000E+00  9.000000E+01  9.000000E+01  9.000000E+01
  0.000000E+00  5.609018E+01  0.000000E+00  3.251318E-02  4.018446E-02
  2.040358E+00  2.907743E+00  5.369237E+01  2.073899E+00 -2.384814E+00
  2.073899E+00  5.935886E+01 -4.241135E+00 -2.384814E+00 -4.241135E+00
  5.521931E+01
       350  3.500000E-01        41
 -1.202003E+06  3.280875E+02 -1.203186E+06  2.931011E+05 -1.496287E+06
  0.000000E+00  2.909280E-03  0.000000E+00  0.000000E+00 -1.183109E+06
  1.844922E+01 -5.431685E+04 -1.549736E+06  1.495408E+06  0.000000E+00
 -2.808294E-02  0.000000E+00  0.000000E+00  5.568179E+03  0.000000E+00
  0.000000E+00  0.000000E+00  9.000000E+01  9.000000E+01  9.000000E+01
  0.000000E+00  5.560827E+01  0.000000E+00  3.260530E-02  3.960196E-02
  2.178057E+00  3.060569E+00  5.712412E+01  6.233235E-01  1.511708E-01
  6.233235E-01  5.367741E+01  1.561477E+00  1.511708E-01  1.561477E+00
  5.602329E+01
       360  3.600000E-01        41
 -1.202003E+06  3.025354E+02 -1.203094E+06  2.927070E+05 -1.495801E+06
  0.000000E+00  3.037079E-03  0.000000E+00  0.000000E+00 -1.183620E+06
  1.642597E+01 -5.296992E+04 -1.547896E+06  1.494918E+06  0.000000E+00
 -2.928659E-02  0.000000E+00  0.000000E+00  5.568179E+03  0.000000E+00
  0.000000E+00  0.000000E+00  9.000000E+01  9.000000E+01  9.000000E+01
  0.000000E+00  5.410618E+01  0.000000E+00  3.356453E-02  4.017319E-02
  2.321162E+00  3.217510E+00  5.714021E+01 -4.253571E+00 -2.355552E-01
 -4.253571E+00  5.434204E+01  4.357553E+00 -2.355552E-01  4.357553E+00
  5.083630E+01
       370  3.700000E-01        41
 -1.202003E+06  3.006130E+02 -1.203087E+06  2.920180E+05 -1.495105E+06
  0.000000E+00  2.853470E-03  0.000000E+00  0.000000E+00 -1.184302E+06
  1.383396E+01 -5.093767E+04 -1.545162E+06  1.494228E+06  0.000000E+00
 -2.757304E-02  0.000000E+00  0.000000E+00  5.568179E+03  0.000000E+00
  0.000000E+00  0.000000E+00  9.000000E+01  9.000000E+01  9.000000E+01
  0.000000E+00  5.209888E+01  0.000000E+00  3.338811E-02  4.080287E-02
  2.467877E+00  3.374664E+00  5.492790E+01  1.987412E+00 -1.491425E+00
  1.987412E+00  5.451115E+01  1.658014E+00 -1.491425E+00  1.658014E+00
  4.685760E+01
       380  3.800000E-01        41
 -1.202003E+06  3.166456E+02 -1.203145E+06  2.924755E+05 -1.495620E+06
  0.000000E+00  2.797519E-03  0.000000E+00  0.000000E+00 -1.183810E+06
  1.608110E+01 -5.229814E+04 -1.547033E+06  1.494741E+06  0.000000E+00
 -2.703336E-02  0.000000E+00  0.000000E+00  5.568179E+03  0.000000E+00
  0.000000E+00  0.000000E+00  9.000000E+01  9.000000E+01  9.000000E+01
  0.000000E+00  5.354693E+01  0.000000E+00  3.410352E-02  4.021125E-02
  2.614455E+00  3.526723E+00  5.014094E+01  3.786899E+00  1.650216E+00
  3.786899E+00  5.589204E+01  2.586944E+00  1.650216E+00  2.586944E+00
  5.460780E+01
       390  3.900000E-01        41
 -1.202003E+06  2.995939E+02 -1.203083E+06  2.927017E+05 -1.495785E+06
  0.000000E+00  2.978689E-03  0.000000E+00  0.000000E+00 -1.183580E+06
  2.734190E+01 -5.311181E+04 -1.548012E+06  1.494906E+06  0.000000E+00
 -2.877956E-02  0.000000E+00  0.000000E+00  5.568179E+03  0.000000E+00
  0.000000E+00  0.000000E+00  9.000000E+01  9.000000E+01  9.000000E+01
  0.000000E+00  5.422432E+01  0.000000E+00  3.371109E-02  4.059980E-02
  2.757825E+00  3.669470E+00  5.211968E+01 -4.734661E-01  1.975973E+00
 -4.734661E-01  5.607226E+01 -7.439500E-01  1.975973E+00 -7.439500E-01
  5.448103E+01
       400  4.000000E-01        41
 -1.202004E+06  3.147361E+02 -1.203139E+06  2.928649E+05 -1.496004E+06
  0.000000E+00  3.012260E-03  0.000000E+00  0.000000E+00 -1.183322E+06
  5.637231E+01 -5.378046E+04 -1.548882E+06  1.495124E+06  0.000000E+00
 -2.910014E-02  0.000000E+00  0.000000E+00  5.568179E+03  0.000000E+00
  0.000000E+00  0.000000E+00  9.000000E+01  9.000000E+01  9.000000E+01
  0.000000E+00  5.498669E+01  0.000000E+00  3.404067E-02  4.079335E-02
  2.893675E+00  3.796320E+00  5.299087E+01 -2.852974E+00  1.192336E+00
 -2.852974E+00  5.702508E+01 -4.033061E-01  1.192336E+00 -4.033061E-01
  5.494412E+01
       410  4.100000E-01        41
 -1.202005E+06  2.959310E+02 -1.203071E+06  2.932044E+05 -1.496276E+06
  0.000000E+00  3.258985E-03  0.000000E+00  0.000000E+00 -1.183020E+06
  1.241451E+02 -5.482415E+04 -1.550189E+06  1.495396E+06  0.000000E+00
 -3.147435E-02  0.000000E+00  0.000000E+00  5.568179E+03  0.000000E+00
  0.000000E+00  0.000000E+00  9.000000E+01  9.000000E+01  9.000000E+01
  0.000000E+00  5.587597E+01  0.000000E+00  3.502343E-02  4.186007E-02
  3.014900E+00  3.896868E+00  5.377224E+01  1.708333E+00 -2.381621E+00
  1.708333E+00  5.754397E+01  3.983935E+00 -2.381621E+00  3.983935E+00
  5.631169E+01
       420  4.200000E-01        41
 -1.202005E+06  3.186639E+02 -1.203153E+06  2.927835E+05 -1.495937E+06
  0.000000E+00  2.882165E-03  0.000000E+00  0.000000E+00 -1.183391E+06
  2.360584E+02 -5.354859E+04 -1.548578E+06  1.495055E+06  0.000000E+00
 -2.785525E-02  0.000000E+00  0.000000E+00  5.568179E+03  0.000000E+00
  0.000000E+00  0.000000E+00  9.000000E+01  9.000000E+01  9.000000E+01
  0.000000E+00  5.478259E+01  0.000000E+00  3.327785E-02  4.382573E-02
  3.116597E+00  3.965017E+00  5.695898E+01  1.423782E+00 -2.012418E+00
  1.423782E+00  5.473284E+01  5.176009E-02 -2.012418E+00  5.176009E-02
  5.265595E+01
       430  4.300000E-01        41
 -1.202005E+06  3.137596E+02 -1.203136E+06  2.925908E+05 -1.495727E+06
  0.000000E+00  2.720169E-03  0.000000E+00  0.000000E+00 -1.183621E+06
  3.908801E+02 -5.290067E+04 -1.547717E+06  1.494844E+06  0.000000E+00
 -2.628725E-02  0.000000E+00  0.000000E+00  5.568179E+03  0.000000E+00
  0.000000E+00  0.000000E+00  9.000000E+01  9.000000E+01  9.000000E+01
  0.000000E+00  5.410846E+01  0.000000E+00  3.298276E-02  4.497673E-02
  3.197017E+00  4.001147E+00  5.314316E+01  6.642679E-01  2.553386E+00
  6.642679E-01  5.609587E+01 -4.295371E+00  2.553386E+00 -4.295371E+00
  5.308634E+01
       440  4.400000E-01        41
 -1.202006E+06  3.138062E+02 -1.203137E+06  2.927235E+05 -1.495860E+06
  0.000000E+00  2.839755E-03  0.000000E+00  0.000000E+00 -1.183508E+06
  5.647939E+02 -5.324560E+04 -1.548203E+06  1.494981E+06  0.000000E+00
 -2.742553E-02  0.000000E+00  0.000000E+00  5.568179E+03  0.000000E+00
  0.000000E+00  0.000000E+00  9.000000E+01  9.000000E+01  9.000000E+01
  0.000000E+00  5.444294E+01  0.000000E+00  3.499390E-02  4.477528E-02
  3.257442E+00  4.010894E+00  5.113765E+01  1.604450E+00  1.094151E+00
  1.604450E+00  5.789087E+01 -2.607002E+00  1.094151E+00 -2.607002E+00
  5.430031E+01
       450  4.500000E-01        41
 -1.202005E+06  3.043389E+02 -1.203102E+06  2.927126E+05 -1.495815E+06
  0.000000E+00  2.856367E-03  0.000000E+00  0.000000E+00 -1.183535E+06
  7.316449E+02 -5.323533E+04 -1.548155E+06  1.494936E+06  0.000000E+00
 -2.757805E-02  0.000000E+00  0.000000E+00  5.568179E+03  0.000000E+00
  0.000000E+00  0.000000E+00  9.000000E+01  9.000000E+01  9.000000E+01
  0.000000E+00  5.436182E+01  0.000000E+00  3.674690E-02  4.447329E-02
  3.301834E+00  4.003553E+00  5.302329E+01  3.146152E+00 -2.859920E+00
  3.146152E+00  5.513734E+01  4.320016E-01 -2.859920E+00  4.320016E-01
  5.492483E+01
       460  4.600000E-01        41
 -1.202006E+06  3.081150E+02 -1.203116E+06  2.928017E+05 -1.495918E+06
  0.000000E+00  3.082770E-03  0.000000E+00  0.000000E+00 -1.183463E+06
  8.963622E+02 -5.342872E+04 -1.548462E+06  1.495042E+06  0.000000E+00
 -2.978007E-02  0.000000E+00  0.000000E+00  5.568179E+03  0.000000E+00
  0.000000E+00  0.000000E+00  9.000000E+01  9.000000E+01  9.000000E+01
  0.000000E+00  5.457422E+01  0.000000E+00  3.761364E-02  4.460188E-02
  3.336829E+00  3.990603E+00  5.538779E+01  1.397885E+00 -6.122030E+00
  1.397885E+00  5.544758E+01  2.158245E+00 -6.122030E+00  2.158245E+00
  5.288731E+01
       470  4.700000E-01        41
 -1.202006E+06  3.122504E+02 -1.203132E+06  2.922718E+05 -1.495404E+06
  0.000000E+00  3.108116E-03  0.000000E+00  0.000000E+00 -1.184023E+06
  1.030662E+03 -5.172396E+04 -1.546252E+06  1.494527E+06  0.000000E+00
 -2.999471E-02  0.000000E+00  0.000000E+00  5.568179E+03  0.000000E+00
  0.000000E+00  0.000000E+00  9.000000E+01  9.000000E+01  9.000000E+01
  0.000000E+00  5.292771E+01  0.000000E+00  3.728693E-02  4.530119E-02
  3.368710E+00  3.981615E+00  5.531961E+01 -2.905069E+00 -1.664854E+00
 -2.905069E+00  5.454935E+01  2.259526E+00 -1.664854E+00  2.259526E+00
  4.891416E+01
       480  4.800000E-01        41
 -1.202006E+06  3.019994E+02 -1.203095E+06  2.917311E+05 -1.494826E+06
  0.000000E+00  2.872092E-03  0.000000E+00  0.000000E+00 -1.184668E+06
  1.124192E+03 -4.986609E+04 -1.543811E+06  1.493943E+06  0.000000E+00
 -2.774197E-02  0.000000E+00  0.000000E+00  5.568179E+03  0.000000E+00
  0.000000E+00  0.000000E+00  9.000000E+01  9.000000E+01  9.000000E+01
  0.000000E+00  5.103022E+01  0.000000E+00  3.624805E-02  4.659559E-02
  3.402235E+00  3.985046E+00  5.120638E+01  5.369850E-01  3.122753E+00
  5.369850E-01  5.225480E+01  6.793574E-01  3.122753E+00  6.793574E-01
  4.962949E+01
       490  4.900000E-01        41
 -1.202007E+06  3.142543E+02 -1.203140E+06  2.915129E+05 -1.494653E+06
  0.000000E+00  2.694489E-03  0.000000E+00  0.000000E+00 -1.184904E+06
  1.181009E+03 -4.907425E+04 -1.542845E+06  1.493768E+06  0.000000E+00
 -2.606956E-02  0.000000E+00  0.000000E+00  5.568179E+03  0.000000E+00
  0.000000E+00  0.000000E+00  9.000000E+01  9.000000E+01  9.000000E+01
  0.000000E+00  5.033865E+01  0.000000E+00  3.597241E-02  4.750888E-02
  3.441729E+00  4.008777E+00  4.836000E+01  3.098228E-01  1.435123E+00
  3.098228E-01  4.876666E+01 -3.277676E+00  1.435123E+00 -3.277676E+00
  5.388930E+01
       500  5.000000E-01        41
 -1.202007E+06  3.116761E+02 -1.203131E+06  2.917630E+05 -1.494894E+06
  0.000000E+00  2.747709E-03  0.000000E+00  0.000000E+00 -1.184606E+06
  1.212024E+03 -4.998852E+04 -1.543997E+06  1.494007E+06  0.000000E+00
 -2.653858E-02  0.000000E+00  0.000000E+00  5.568179E+03  0.000000E+00
  0.000000E+00  0.000000E+00  9.000000E+01  9.000000E+01  9.000000E+01
  0.000000E+00  5.121662E+01  0.000000E+00  3.566444E-02  4.892455E-02
  3.489646E+00  4.056813E+00  4.609518E+01 -2.780823E+00 -1.308382E+00
 -2.780823E+00  5.288022E+01 -3.264973E+00 -1.308382E+00 -3.264973E+00
  5.467447E+01
       510  5.100000E-01        41
 -1.202008E+06  3.099141E+02 -1.203125E+06  2.926792E+05 -1.495804E+06
  0.000000E+00  2.960719E-03  0.000000E+00  0.000000E+00 -1.183603E+06
  1.238436E+03 -5.301119E+04 -1.547929E+06  1.494918E+06  0.000000E+00
 -2.860351E-02  0.000000E+00  0.000000E+00  5.568179E+03  0.000000E+00
  0.000000E+00  0.000000E+00  9.000000E+01  9.000000E+01  9.000000E+01
  0.000000E+00  5.416895E+01  0.000000E+00  3.638033E-02  4.903153E-02
  3.547350E+00  4.132041E+00  4.813878E+01  1.528993E+00 -2.802274E+00
  1.528993E+00  6.120321E+01 -9.454159E-01 -2.802274E+00 -9.454159E-01
  5.316487E+01
       520  5.200000E-01        41
 -1.202008E+06  3.018367E+02 -1.203096E+06  2.935121E+05 -1.496608E+06
  0.000000E+00  3.190164E-03  0.000000E+00  0.000000E+00 -1.182691E+06
  1.229496E+03 -5.580406E+04 -1.551524E+06  1.495723E+06  0.000000E+00
 -3.080439E-02  0.000000E+00  0.000000E+00  5.568179E+03  0.000000E+00
  0.000000E+00  0.000000E+00  9.000000E+01  9.000000E+01  9.000000E+01
  0.000000E+00  5.685204E+01  0.000000E+00  3.802021E-02  4.741021E-02
  3.615453E+00  4.234778E+00  5.181150E+01  3.246774E+00 -1.607960E+00
  3.246774E+00  6.205431E+01 -2.431490E-01 -1.607960E+00 -2.431490E-01
  5.669030E+01
       530  5.300000E-01        41
 -1.202008E+06  3.154137E+02 -1.203145E+06  2.936147E+05 -1.496760E+06
  0.000000E+00  3.071933E-03  0.000000E+00  0.000000E+00 -1.182550E+06
  1.208256E+03 -5.612990E+04 -1.551992E+06  1.495877E+06  0.000000E+00
 -2.965824E-02  0.000000E+00  0.000000E+00  5.568179E+03  0.000000E+00
  0.000000E+00  0.000000E+00  9.000000E+01  9.000000E+01  9.000000E+01
  0.000000E+00  5.726825E+01  0.000000E+00  3.915922E-02  4.531928E-02
  3.692720E+00  4.361260E+00  5.587381E+01 -2.061740E-01 -1.344450E+00
 -2.061740E-01  5.703128E+01 -9.915599E-01 -1.344450E+00 -9.915599E-01
  5.889966E+01
       540  5.400000E-01        41
 -1.202008E+06  3.024149E+02 -1.203098E+06  2.929430E+05 -1.496041E+06
  0.000000E+00  2.900955E-03  0.000000E+00  0.000000E+00 -1.183294E+06
  1.135449E+03 -5.399146E+04 -1.549125E+06  1.495159E+06  0.000000E+00
 -2.804105E-02  0.000000E+00  0.000000E+00  5.568179E+03  0.000000E+00
  0.000000E+00  0.000000E+00  9.000000E+01  9.000000E+01  9.000000E+01
  0.000000E+00  5.508015E+01  0.000000E+00  3.880687E-02  4.543788E-02
  3.776274E+00  4.507620E+00  5.535291E+01  3.383169E-01  3.665911E+00
  3.383169E-01  5.129195E+01  1.119565E+00  3.665911E+00  1.119565E+00
  5.859559E+01
       550  5.500000E-01        41
 -1.202009E+06  3.055144E+02 -1.203110E+06  2.921943E+05 -1.495304E+06
  0.000000E+00  2.936807E-03  0.000000E+00  0.000000E+00 -1.184121E+06
  9.828221E+02 -5.148409E+04 -1.545862E+06  1.494414E+06  0.000000E+00
 -2.837771E-02  0.000000E+00  0.000000E+00  5.568179E+03  0.000000E+00
  0.000000E+00  0.000000E+00  9.000000E+01  9.000000E+01  9.000000E+01
  0.000000E+00  5.264591E+01  0.000000E+00  3.665680E-02  4.749072E-02
  3.861461E+00  4.665666E+00  4.886604E+01  1.354959E+00  7.276270E-01
  1.354959E+00  5.287224E+01 -1.142347E+00  7.276270E-01 -1.142347E+00
  5.619945E+01
       560  5.600000E-01        41
 -1.202008E+06  2.869026E+02 -1.203042E+06  2.916783E+05 -1.494721E+06
  0.000000E+00  2.799642E-03  0.000000E+00  0.000000E+00 -1.184693E+06
  7.598594E+02 -4.989609E+04 -1.543656E+06  1.493830E+06  0.000000E+00
 -2.706567E-02  0.000000E+00  0.000000E+00  5.568179E+03  0.000000E+00
  0.000000E+00  0.000000E+00  9.000000E+01  9.000000E+01  9.000000E+01
  0.000000E+00  5.096180E+01  0.000000E+00  3.503012E-02  4.844600E-02
  3.939018E+00  4.819349E+00  4.845834E+01  1.288645E-01 -2.746809E+00
  1.288645E-01  5.274440E+01 -4.159074E+00 -2.746809E+00 -4.159074E+00
  5.168267E+01
       570  5.700000E-01        41
 -1.202009E+06  3.137109E+02 -1.203140E+06  2.920654E+05 -1.495205E+06
  0.000000E+00  2.834410E-03  0.000000E+00  0.000000E+00 -1.184181E+06
  4.398742E+02 -5.123337E+04 -1.545452E+06  1.494318E+06  0.000000E+00
 -2.738465E-02  0.000000E+00  0.000000E+00  5.568179E+03  0.000000E+00
  0.000000E+00  0.000000E+00  9.000000E+01  9.000000E+01  9.000000E+01
  0.000000E+00  5.247119E+01  0.000000E+00  3.582631E-02  4.608767E-02
  3.991421E+00  4.939462E+00  4.916816E+01 -2.910829E+00 -2.773269E-02
 -2.910829E+00  5.306228E+01  1.220025E+00 -2.773269E-02  1.220025E+00
  5.518314E+01
       580  5.800000E-01        41
 -1.202009E+06  3.031692E+02 -1.203101E+06  2.928308E+05 -1.495932E+06
  0.000000E+00  3.087923E-03  0.000000E+00  0.000000E+00 -1.183363E+06
  1.875201E+02 -5.375575E+04 -1.548697E+06  1.495047E+06  0.000000E+00
 -2.982309E-02  0.000000E+00  0.000000E+00  5.568179E+03  0.000000E+00
  0.000000E+00  0.000000E+00  9.000000E+01  9.000000E+01  9.000000E+01
  0.000000E+00  5.487743E+01  0.000000E+00  3.671021E-02  4.380494E-02
  4.005686E+00  5.001789E+00  5.204833E+01  1.970537E-01 -6.233110E-02
  1.970537E-01  5.592739E+01  1.284899E+00 -6.233110E-02  1.284899E+00
  5.665658E+01
       590  5.900000E-01        41
 -1.202008E+06  3.018418E+02 -1.203096E+06  2.934813E+05 -1.496578E+06
  0.000000E+00  2.995894E-03  0.000000E+00  0.000000E+00 -1.182662E+06
  7.044326E+01 -5.586455E+04 -1.551455E+06  1.495691E+06  0.000000E+00
 -2.892134E-02  0.000000E+00  0.000000E+00  5.568179E+03  0.000000E+00
  0.000000E+00  0.000000E+00  9.000000E+01  9.000000E+01  9.000000E+01
  0.000000E+00  5.693978E+01  0.000000E+00  3.631878E-02  4.284477E-02
  3.985452E+00  5.010079E+00  5.492286E+01  2.895524E+00  1.476960E-01
  2.895524E+00  5.887689E+01 -1.168289E+00  1.476960E-01 -1.168289E+00
  5.701960E+01
       600  6.000000E-01        41
 -1.202009E+06  3.074430E+02 -1.203117E+06  2.940014E+05 -1.497119E+06
  0.000000E+00  3.194609E-03  0.000000E+00  0.000000E+00 -1.182088E+06
  2.525924E+01 -5.754788E+04 -1.553681E+06  1.496231E+06  0.000000E+00
 -3.081960E-02  0.000000E+00  0.000000E+00  5.568179E+03  0.000000E+00
  0.000000E+00  0.000000E+00  9.000000E+01  9.000000E+01  9.000000E+01
  0.000000E+00  5.863196E+01  0.000000E+00  3.581147E-02  4.283490E-02
  3.939215E+00  4.977074E+00  5.534432E+01  8.789724E-01  2.037546E-01
  8.789724E-01  5.982610E+01 -3.101920E-01  2.037546E-01 -3.101920E-01
  6.072546E+01
       610  6.100000E-01        41
 -1.202009E+06  2.893966E+02 -1.203052E+06  2.938973E+05 -1.496949E+06
  0.000000E+00  3.045480E-03  0.000000E+00  0.000000E+00 -1.182246E+06
  1.180605E+01 -5.720398E+04 -1.553148E+06  1.496060E+06  0.000000E+00
 -2.939498E-02  0.000000E+00  0.000000E+00  5.568179E+03  0.000000E+00
  0.000000E+00  0.000000E+00  9.000000E+01  9.000000E+01  9.000000E+01
  0.000000E+00  5.816728E+01  0.000000E+00  3.488554E-02  4.374417E-02
  3.870859E+00  4.910094E+00  5.855972E+01 -2.618819E+00 -1.485049E+00
 -2.618819E+00  5.720225E+01 -3.579877E-02 -1.485049E+00 -3.579877E-02
  5.873986E+01
       620  6.200000E-01        41
 -1.202010E+06  3.327829E+02 -1.203209E+06  2.935044E+05 -1.496714E+06
  0.000000E+00  2.731722E-03  0.000000E+00  0.000000E+00 -1.182560E+06
  2.182585E+01 -5.595059E+04 -1.551645E+06  1.495825E+06  0.000000E+00
 -2.638355E-02  0.000000E+00  0.000000E+00  5.568179E+03  0.000000E+00
  0.000000E+00  0.000000E+00  9.000000E+01  9.000000E+01  9.000000E+01
  0.000000E+00  5.724420E+01  0.000000E+00  3.453386E-02  4.323011E-02
  3.780042E+00  4.810212E+00  5.485613E+01  3.435023E-01 -2.053145E+00
  3.435023E-01  5.533748E+01 -1.213393E+00 -2.053145E+00 -1.213393E+00
  6.153900E+01
       630  6.300000E-01        41
 -1.202010E+06  3.135120E+02 -1.203140E+06  2.931372E+05 -1.496277E+06
  0.000000E+00  2.980841E-03  0.000000E+00  0.000000E+00 -1.183026E+06
  5.334368E+01 -5.469404E+04 -1.549960E+06  1.495389E+06  0.000000E+00
 -2.876798E-02  0.000000E+00  0.000000E+00  5.568179E+03  0.000000E+00
  0.000000E+00  0.000000E+00  9.000000E+01  9.000000E+01  9.000000E+01
  0.000000E+00  5.587439E+01  0.000000E+00  3.455932E-02  4.310232E-02
  3.668057E+00  4.679772E+00  4.925299E+01  1.866621E+00  1.389906E+00
  1.866621E+00  5.802324E+01 -1.846245E-01  1.389906E+00 -1.846245E-01
  6.034694E+01
       640  6.400000E-01        41
 -1.202010E+06  2.977604E+02 -1.203083E+06  2.925265E+05 -1.495610E+06
  0.000000E+00  2.754244E-03  0.000000E+00  0.000000E+00 -1.183735E+06
  1.006602E+02 -5.268032E+04 -1.547311E+06  1.494720E+06  0.000000E+00
 -2.661015E-02  0.000000E+00  0.000000E+00  5.568179E+03  0.000000E+00
  0.000000E+00  0.000000E+00  9.000000E+01  9.000000E+01  9.000000E+01
  0.000000E+00  5.378624E+01  0.000000E+00  3.305685E-02  4.486050E-02
  3.538849E+00  4.524756E+00  4.857886E+01 -3.810560E+00 -2.023691E-01
 -3.810560E+00  5.884829E+01  5.140967E+00 -2.023691E-01  5.140967E+00
  5.393155E+01
       650  6.500000E-01        41
 -1.202010E+06  3.110127E+02 -1.203131E+06  2.926469E+05 -1.495778E+06
  0.000000E+00  2.746196E-03  0.000000E+00  0.000000E+00 -1.183635E+06
  1.539866E+02 -5.288807E+04 -1.547723E+06  1.494892E+06  0.000000E+00
 -2.652092E-02  0.000000E+00  0.000000E+00  5.568179E+03  0.000000E+00
  0.000000E+00  0.000000E+00  9.000000E+01  9.000000E+01  9.000000E+01
  0.000000E+00  5.408247E+01  0.000000E+00  3.282214E-02  4.574779E-02
  3.398854E+00  4.354028E+00  4.899265E+01 -1.930362E+00  3.772286E-02
 -1.930362E+00  5.356949E+01  5.430151E+00  3.772286E-02  5.430151E+00
  5.968526E+01
       660  6.600000E-01        41
 -1.202011E+06  3.152327E+02 -1.203148E+06  2.927998E+05 -1.495947E+06
  0.000000E+00  2.880653E-03  0.000000E+00  0.000000E+00 -1.183442E+06
  2.046695E+02 -5.344138E+04 -1.548458E+06  1.495064E+06  0.000000E+00
 -2.781857E-02  0.000000E+00  0.000000E+00  5.568179E+03  0.000000E+00
  0.000000E+00  0.000000E+00  9.000000E+01  9.000000E+01  9.000000E+01
  0.000000E+00  5.465391E+01  0.000000E+00  3.431161E-02  4.617784E-02
  3.255616E+00  4.178757E+00  4.978537E+01  1.909129E+00  3.904046E+00
  1.909129E+00  5.617009E+01  1.764079E+00  3.904046E+00  1.764079E+00
  5.800627E+01
       670  6.700000E-01        41
 -1.202011E+06  3.033028E+02 -1.203104E+06  2.928723E+05 -1.495977E+06
  0.000000E+00  2.955698E-03  0.000000E+00  0.000000E+00 -1.183368E+06
  2.671477E+02 -5.375006E+04 -1.548807E+06  1.495098E+06  0.000000E+00
 -2.853449E-02  0.000000E+00  0.000000E+00  5.568179E+03  0.000000E+00
  0.000000E+00  0.000000E+00  9.000000E+01  9.000000E+01  9.000000E+01
  0.000000E+00  5.487085E+01  0.000000E+00  3.614428E-02  4.644050E-02
  3.112584E+00  4.004638E+00  5.549620E+01  8.571981E-01 -1.288921E+00
  8.571981E-01  5.769037E+01 -3.300797E+00 -1.288921E+00 -3.300797E+00
  5.142598E+01
       680  6.800000E-01        41
 -1.202011E+06  2.968086E+02 -1.203081E+06  2.933411E+05 -1.496422E+06
  0.000000E+00  3.102501E-03  0.000000E+00  0.000000E+00 -1.182918E+06
  3.122418E+02 -5.514698E+04 -1.550668E+06  1.495549E+06  0.000000E+00
 -2.998135E-02  0.000000E+00  0.000000E+00  5.568179E+03  0.000000E+00
  0.000000E+00  0.000000E+00  9.000000E+01  9.000000E+01  9.000000E+01
  0.000000E+00  5.619429E+01  0.000000E+00  3.784139E-02  4.656913E-02
  2.972152E+00  3.836609E+00  5.972210E+01 -1.908341E-01 -1.315023E+00
 -1.908341E-01  5.518426E+01 -2.028762E+00 -1.315023E+00 -2.028762E+00
  5.367650E+01
       690  6.900000E-01        41
 -1.202012E+06  3.161864E+02 -1.203152E+06  2.930634E+05 -1.496215E+06
  0.000000E+00  3.030574E-03  0.000000E+00  0.000000E+00 -1.183143E+06
  3.448014E+02 -5.433606E+04 -1.549667E+06  1.495339E+06  0.000000E+00
 -2.927355E-02  0.000000E+00  0.000000E+00  5.568179E+03  0.000000E+00
  0.000000E+00  0.000000E+00  9.000000E+01  9.000000E+01  9.000000E+01
  0.000000E+00  5.553496E+01  0.000000E+00  3.883671E-02  4.752364E-02
  2.838033E+00  3.680636E+00  5.169059E+01 -1.232849E+00  3.713688E+00
 -1.232849E+00  6.006502E+01  2.854025E+00  3.713688E+00  2.854025E+00
  5.484929E+01
       700  7.000000E-01        41
 -1.202012E+06  2.941853E+02 -1.203072E+06  2.930262E+05 -1.496098E+06
  0.000000E+00  2.947224E-03  0.000000E+00  0.000000E+00 -1.183282E+06
  3.741246E+02 -5.407651E+04 -1.549297E+06  1.495219E+06  0.000000E+00
 -2.845738E-02  0.000000E+00  0.000000E+00  5.568179E+03  0.000000E+00
  0.000000E+00  0.000000E+00  9.000000E+01  9.000000E+01  9.000000E+01
  0.000000E+00  5.512402E+01  0.000000E+00  3.973945E-02  4.777184E-02
  2.712230E+00  3.538087E+00  4.594155E+01  1.180430E+00  3.714012E+00
  1.180430E+00  6.719061E+01  7.386236E-01  3.714012E+00  7.386236E-01
  5.223989E+01
       710  7.100000E-01        41
 -1.202012E+06  3.031061E+02 -1.203104E+06  2.930004E+05 -1.496105E+06
  0.000000E+00  2.972531E-03  0.000000E+00  0.000000E+00 -1.183316E+06
  4.068351E+02 -5.391145E+04 -1.549147E+06  1.495226E+06  0.000000E+00
 -2.871688E-02  0.000000E+00  0.000000E+00  5.568179E+03  0.000000E+00
  0.000000E+00  0.000000E+00  9.000000E+01  9.000000E+01  9.000000E+01
  0.000000E+00  5.502437E+01  0.000000E+00  3.912966E-02  4.811343E-02
  2.595282E+00  3.409369E+00  5.168084E+01  3.121783E-01  1.794623E+00
  3.121783E-01  6.027252E+01  2.104962E-01  1.794623E+00  2.104962E-01
  5.311976E+01
       720  7.200000E-01        41
 -1.202012E+06  2.995436E+02 -1.203092E+06  2.927592E+05 -1.495851E+06
  0.000000E+00  3.086176E-03  0.000000E+00  0.000000E+00 -1.183566E+06
  4.373954E+02 -5.318885E+04 -1.548169E+06  1.494975E+06  0.000000E+00
 -2.980150E-02  0.000000E+00  0.000000E+00  5.568179E+03  0.000000E+00
  0.000000E+00  0.000000E+00  9.000000E+01  9.000000E+01  9.000000E+01
  0.000000E+00  5.428951E+01  0.000000E+00  3.846351E-02  4.872229E-02
  2.488103E+00  3.297030E+00  5.678041E+01 -4.180440E+00  1.838622E+00
 -4.180440E+00  5.052307E+01  2.031121E+00  1.838622E+00  2.031121E+00
  5.556506E+01
       730  7.300000E-01        41
 -1.202012E+06  3.054185E+02 -1.203113E+06  2.923835E+05 -1.495497E+06
  0.000000E+00  2.985709E-03  0.000000E+00  0.000000E+00 -1.183942E+06
  4.520111E+02 -5.201983E+04 -1.546646E+06  1.494622E+06  0.000000E+00
 -2.883835E-02  0.000000E+00  0.000000E+00  5.568179E+03  0.000000E+00
  0.000000E+00  0.000000E+00  9.000000E+01  9.000000E+01  9.000000E+01
  0.000000E+00  5.318382E+01  0.000000E+00  3.811459E-02  4.799599E-02
  2.390686E+00  3.202349E+00  5.242378E+01 -1.989754E+00  6.710812E-01
 -1.989754E+00  5.296432E+01  1.768159E+00  6.710812E-01  1.768159E+00
  5.416335E+01
       740  7.400000E-01        41
 -1.202012E+06  3.024546E+02 -1.203102E+06  2.924441E+05 -1.495546E+06
  0.000000E+00  2.931178E-03  0.000000E+00  0.000000E+00 -1.183898E+06
  4.776331E+02 -5.217443E+04 -1.546862E+06  1.494669E+06  0.000000E+00
 -2.830381E-02  0.000000E+00  0.000000E+00  5.568179E+03  0.000000E+00
  0.000000E+00  0.000000E+00  9.000000E+01  9.000000E+01  9.000000E+01
  0.000000E+00  5.331390E+01  0.000000E+00  3.754529E-02  4.726078E-02
  2.302703E+00  3.124741E+00  4.836189E+01  1.590619E+00 -2.482846E+00
  1.590619E+00  5.804859E+01 -3.719215E-01 -2.482846E+00 -3.719215E-01
  5.353123E+01
       750  7.500000E-01        41
 -1.202013E+06  3.038851E+02 -1.203108E+06  2.926620E+05 -1.495770E+06
  0.000000E+00  2.925557E-03  0.000000E+00  0.000000E+00 -1.183670E+06
  4.973988E+02 -5.284846E+04 -1.547761E+06  1.494896E+06  0.000000E+00
 -2.828279E-02  0.000000E+00  0.000000E+00  5.568179E+03  0.000000E+00
  0.000000E+00  0.000000E+00  9.000000E+01  9.000000E+01  9.000000E+01
  0.000000E+00  5.398480E+01  0.000000E+00  3.754178E-02  4.619865E-02
  2.224686E+00  3.063807E+00  5.315529E+01 -3.138510E-01 -2.291959E+00
 -3.138510E-01  5.586452E+01  2.457992E+00 -2.291959E+00  2.457992E+00
  5.293459E+01
       760  7.600000E-01        41
 -1.202013E+06  3.262624E+02 -1.203189E+06  2.926816E+05 -1.495871E+06
  0.000000E+00  2.943787E-03  0.000000E+00  0.000000E+00 -1.183580E+06
  5.078828E+02 -5.296139E+04 -1.547980E+06  1.494997E+06  0.000000E+00
 -2.843589E-02  0.000000E+00  0.000000E+00  5.568179E+03  0.000000E+00
  0.000000E+00  0.000000E+00  9.000000E+01  9.000000E+01  9.000000E+01
  0.000000E+00  5.425359E+01  0.000000E+00  3.777504E-02  4.487896E-02
  2.156822E+00  3.020772E+00  5.148217E+01 -1.455972E+00 -1.092724E+00
 -1.455972E+00  5.747190E+01 -5.874126E-01 -1.092724E+00 -5.874126E-01
  5.380669E+01
       770  7.700000E-01        41
 -1.202013E+06  3.070697E+02 -1.203120E+06  2.926113E+05 -1.495731E+06
  0.000000E+00  3.069051E-03  0.000000E+00  0.000000E+00 -1.183736E+06
  5.153101E+02 -5.263221E+04 -1.547508E+06  1.494859E+06  0.000000E+00
 -2.966228E-02  0.000000E+00  0.000000E+00  5.568179E+03  0.000000E+00
  0.000000E+00  0.000000E+00  9.000000E+01  9.000000E+01  9.000000E+01
  0.000000E+00  5.379473E+01  0.000000E+00  3.676148E-02  4.542029E-02
  2.098524E+00  2.994834E+00  4.885352E+01  1.527971E+00  5.075759E+00
  1.527971E+00  6.028473E+01 -3.287217E+00  5.075759E+00 -3.287217E+00
  5.224594E+01
       780  7.800000E-01        41
 -1.202013E+06  2.895574E+02 -1.203057E+06  2.920913E+05 -1.495148E+06
  0.000000E+00  2.997570E-03  0.000000E+00  0.000000E+00 -1.184330E+06
  5.333553E+02 -5.097552E+04 -1.545270E+06  1.494277E+06  0.000000E+00
 -2.895944E-02  0.000000E+00  0.000000E+00  5.568179E+03  0.000000E+00
  0.000000E+00  0.000000E+00  9.000000E+01  9.000000E+01  9.000000E+01
  0.000000E+00  5.204511E+01  0.000000E+00  3.595411E-02  4.601297E-02
  2.049024E+00  2.985017E+00  4.987224E+01  1.195147E+00  3.348380E+00
  1.195147E+00  5.665734E+01 -4.087667E+00  3.348380E+00 -4.087667E+00
  4.960576E+01
       790  7.900000E-01        41
 -1.202014E+06  3.262972E+02 -1.203190E+06  2.921906E+05 -1.495381E+06
  0.000000E+00  2.989357E-03  0.000000E+00  0.000000E+00 -1.184163E+06
  5.504962E+02 -5.121410E+04 -1.545746E+06  1.494508E+06  0.000000E+00
 -2.888250E-02  0.000000E+00  0.000000E+00  5.568179E+03  0.000000E+00
  0.000000E+00  0.000000E+00  9.000000E+01  9.000000E+01  9.000000E+01
  0.000000E+00  5.253859E+01  0.000000E+00  3.683362E-02  4.452661E-02
  2.008368E+00  2.992632E+00  4.963118E+01 -1.975885E+00  2.144852E+00
 -1.975885E+00  5.336555E+01 -8.887084E-01  2.144852E+00 -8.887084E-01
  5.461903E+01
       800  8.000000E-01        41
 -1.202015E+06  3.244986E+02 -1.203184E+06  2.923279E+05 -1.495512E+06
  0.000000E+00  2.906047E-03  0.000000E+00  0.000000E+00 -1.184013E+06
  5.515920E+02 -5.167969E+04 -1.546336E+06  1.494637E+06  0.000000E+00
 -2.809286E-02  0.000000E+00  0.000000E+00  5.568179E+03  0.000000E+00
  0.000000E+00  0.000000E+00  9.000000E+01  9.000000E+01  9.000000E+01
  0.000000E+00  5.298262E+01  0.000000E+00  3.706843E-02  4.414855E-02
  1.975600E+00  3.014664E+00  5.128177E+01 -3.695483E-01  3.540267E+00
 -3.695483E-01  5.548948E+01  7.934050E-01  3.540267E+00  7.934050E-01
  5.217661E+01
       810  8.100000E-01        41
 -1.202015E+06  3.046329E+02 -1.203113E+06  2.924498E+05 -1.495562E+06
  0.000000E+00  2.782482E-03  0.000000E+00  0.000000E+00 -1.183908E+06
  5.595065E+02 -5.213915E+04 -1.546845E+06  1.494685E+06  0.000000E+00
 -2.691003E-02  0.000000E+00  0.000000E+00  5.568179E+03  0.000000E+00
  0.000000E+00  0.000000E+00  9.000000E+01  9.000000E+01  9.000000E+01
  0.000000E+00  5.329269E+01  0.000000E+00  3.621463E-02  4.526435E-02
  1.950028E+00  3.049634E+00  5.327663E+01 -1.721289E+00 -3.366141E+00
 -1.721289E+00  5.972640E+01  2.262459E-01 -3.366141E+00  2.262459E-01
  4.687502E+01
       820  8.200000E-01        41
 -1.202015E+06  3.059431E+02 -1.203118E+06  2.926945E+05 -1.495812E+06
  0.000000E+00  3.065857E-03  0.000000E+00  0.000000E+00 -1.183633E+06
  5.619113E+02 -5.295487E+04 -1.547903E+06  1.494934E+06  0.000000E+00
 -2.960138E-02  0.000000E+00  0.000000E+00  5.568179E+03  0.000000E+00
  0.000000E+00  0.000000E+00  9.000000E+01  9.000000E+01  9.000000E+01
  0.000000E+00  5.410217E+01  0.000000E+00  3.480167E-02  4.672258E-02
  1.931851E+00  3.098497E+00  5.133881E+01 -1.114070E+00 -6.312126E+00
 -1.114070E+00  5.686286E+01 -6.249116E-01 -6.312126E+00 -6.249116E-01
  5.410484E+01
       830  8.300000E-01        41
 -1.202016E+06  3.222165E+02 -1.203177E+06  2.924280E+05 -1.495605E+06
  0.000000E+00  2.821685E-03  0.000000E+00  0.000000E+00 -1.183870E+06
  5.571152E+02 -5.212738E+04 -1.546870E+06  1.494725E+06  0.000000E+00
 -2.726671E-02  0.000000E+00  0.000000E+00  5.568179E+03  0.000000E+00
  0.000000E+00  0.000000E+00  9.000000E+01  9.000000E+01  9.000000E+01
  0.000000E+00  5.340555E+01  0.000000E+00  3.489377E-02  4.776002E-02
  1.920476E+00  3.160327E+00  4.981808E+01 -1.861398E-01 -2.489906E+00
 -1.861398E-01  5.594936E+01  1.116172E+00 -2.489906E+00  1.116172E+00
  5.444922E+01
       840  8.400000E-01        41
 -1.202016E+06  2.998114E+02 -1.203096E+06  2.920273E+05 -1.495124E+06
  0.000000E+00  2.917473E-03  0.000000E+00  0.000000E+00 -1.184380E+06
  5.330172E+02 -5.075979E+04 -1.545012E+06  1.494242E+06  0.000000E+00
 -2.818841E-02  0.000000E+00  0.000000E+00  5.568179E+03  0.000000E+00
  0.000000E+00  0.000000E+00  9.000000E+01  9.000000E+01  9.000000E+01
  0.000000E+00  5.190600E+01  0.000000E+00  3.729450E-02  4.856957E-02
  1.914970E+00  3.231606E+00  4.742630E+01 -6.138670E-01  1.617302E+00
 -6.138670E-01  5.421941E+01 -1.070346E+00  1.617302E+00 -1.070346E+00
  5.407228E+01
       850  8.500000E-01        41
 -1.202016E+06  3.017264E+02 -1.203104E+06  2.919617E+05 -1.495065E+06
  0.000000E+00  3.002292E-03  0.000000E+00  0.000000E+00 -1.184462E+06
  5.054136E+02 -5.049934E+04 -1.544688E+06  1.494184E+06  0.000000E+00
 -2.902142E-02  0.000000E+00  0.000000E+00  5.568179E+03  0.000000E+00
  0.000000E+00  0.000000E+00  9.000000E+01  9.000000E+01  9.000000E+01
  0.000000E+00  5.166470E+01  0.000000E+00  3.994450E-02  4.858686E-02
  1.915188E+00  3.310433E+00  4.662486E+01  2.317721E+00  2.310695E+00
  2.317721E+00  5.013295E+01 -3.387049E+00  2.310695E+00 -3.387049E+00
  5.823628E+01
       860  8.600000E-01        41
 -1.202017E+06  3.234079E+02 -1.203183E+06  2.917435E+05 -1.494926E+06
  0.000000E+00  2.878652E-03  0.000000E+00  0.000000E+00 -1.184589E+06
  4.759386E+02 -4.996365E+04 -1.544010E+06  1.494050E+06  0.000000E+00
 -2.781497E-02  0.000000E+00  0.000000E+00  5.568179E+03  0.000000E+00
  0.000000E+00  0.000000E+00  9.000000E+01  9.000000E+01  9.000000E+01
  0.000000E+00  5.129321E+01  0.000000E+00  4.065927E-02  4.957306E-02
  1.921722E+00  3.398322E+00  5.140815E+01  1.252677E+00  8.040437E-01
  1.252677E+00  4.949751E+01 -2.088127E+00  8.040437E-01 -2.088127E+00
  5.297395E+01
       870  8.700000E-01        41
 -1.202016E+06  2.898962E+02 -1.203061E+06  2.921472E+05 -1.495208E+06
  0.000000E+00  3.137518E-03  0.000000E+00  0.000000E+00 -1.184246E+06
  4.322427E+02 -5.123099E+04 -1.545542E+06  1.494335E+06  0.000000E+00
 -3.031712E-02  0.000000E+00  0.000000E+00  5.568179E+03  0.000000E+00
  0.000000E+00  0.000000E+00  9.000000E+01  9.000000E+01  9.000000E+01
  0.000000E+00  5.230062E+01  0.000000E+00  4.152151E-02  5.108121E-02
  1.934369E+00  3.493242E+00  5.447707E+01  5.530829E-01 -2.112233E+00
  5.530829E-01  5.389738E+01  1.811497E+00 -2.112233E+00  1.811497E+00
  4.852742E+01
       880  8.800000E-01        41
 -1.202016E+06  2.997943E+02 -1.203096E+06  2.922771E+05 -1.495374E+06
  0.000000E+00  3.070579E-03  0.000000E+00  0.000000E+00 -1.184081E+06
  3.859003E+02 -5.165332E+04 -1.546116E+06  1.494498E+06  0.000000E+00
 -2.966829E-02  0.000000E+00  0.000000E+00  5.568179E+03  0.000000E+00
  0.000000E+00  0.000000E+00  9.000000E+01  9.000000E+01  9.000000E+01
  0.000000E+00  5.278609E+01  0.000000E+00  4.287761E-02  5.208688E-02
  1.952648E+00  3.592816E+00  5.277362E+01  3.840526E+00 -1.358684E+00
  3.840526E+00  5.994881E+01  3.199912E+00 -1.358684E+00  3.199912E+00
  4.563584E+01
       890  8.900000E-01        41
 -1.202017E+06  3.104169E+02 -1.203136E+06  2.917513E+05 -1.494887E+06
  0.000000E+00  2.925424E-03  0.000000E+00  0.000000E+00 -1.184638E+06
  3.405069E+02 -4.990762E+04 -1.543881E+06  1.494014E+06  0.000000E+00
 -2.830668E-02  0.000000E+00  0.000000E+00  5.568179E+03  0.000000E+00
  0.000000E+00  0.000000E+00  9.000000E+01  9.000000E+01  9.000000E+01
  0.000000E+00  5.114967E+01  0.000000E+00  4.420504E-02  5.357883E-02
  1.975850E+00  3.695126E+00  5.159166E+01 -3.078623E-01 -4.625326E-01
 -3.078623E-01  5.003921E+01  2.238673E-01 -4.625326E-01  2.238673E-01
  5.181815E+01
       900  9.000000E-01        41
 -1.202017E+06  3.009694E+02 -1.203102E+06  2.912301E+05 -1.494332E+06
  0.000000E+00  2.903667E-03  0.000000E+00  0.000000E+00 -1.185207E+06
  3.075862E+02 -4.826723E+04 -1.541689E+06  1.493453E+06  0.000000E+00
 -2.809634E-02  0.000000E+00  0.000000E+00  5.568179E+03  0.000000E+00
  0.000000E+00  0.000000E+00  9.000000E+01  9.000000E+01  9.000000E+01
  0.000000E+00  4.947433E+01  0.000000E+00  4.503081E-02  5.490909E-02
  2.003205E+00  3.799126E+00  4.865459E+01 -1.035449E+00 -5.928955E+00
 -1.035449E+00  4.270165E+01 -2.664228E-01 -5.928955E+00 -2.664228E-01
  5.706676E+01
       910  9.100000E-01        41
 -1.202017E+06  2.928617E+02 -1.203072E+06  2.914133E+05 -1.494485E+06
  0.000000E+00  2.943087E-03  0.000000E+00  0.000000E+00 -1.185056E+06
  2.852882E+02 -4.877712E+04 -1.542354E+06  1.493605E+06  0.000000E+00
 -2.844790E-02  0.000000E+00  0.000000E+00  5.568179E+03  0.000000E+00
  0.000000E+00  0.000000E+00  9.000000E+01  9.000000E+01  9.000000E+01
  0.000000E+00  4.991777E+01  0.000000E+00  4.526233E-02  5.514243E-02
  2.034341E+00  3.905687E+00  4.528431E+01  3.318009E-01 -3.857547E+00
  3.318009E-01  4.884637E+01  4.417080E+00 -3.857547E+00  4.417080E+00
  5.562265E+01
       920  9.200000E-01        41
 -1.202017E+06  3.083372E+02 -1.203128E+06  2.918279E+05 -1.494956E+06
  0.000000E+00  3.019681E-03  0.000000E+00  0.000000E+00 -1.184548E+06
  2.621578E+02 -5.018874E+04 -1.544239E+06  1.494073E+06  0.000000E+00
 -2.918725E-02  0.000000E+00  0.000000E+00  5.568179E+03  0.000000E+00
  0.000000E+00  0.000000E+00  9.000000E+01  9.000000E+01  9.000000E+01
  0.000000E+00  5.141268E+01  0.000000E+00  4.483837E-02  5.462187E-02
  2.068887E+00  4.014835E+00  4.755483E+01 -4.118552E-01 -2.561491E+00
 -4.118552E-01  5.348492E+01  1.752324E+00 -2.561491E+00  1.752324E+00
  5.319829E+01
       930  9.300000E-01        41
 -1.202017E+06  2.973138E+02 -1.203089E+06  2.919224E+05 -1.495011E+06
  0.000000E+00  3.084994E-03  0.000000E+00  0.000000E+00 -1.184412E+06
  2.369099E+02 -5.067767E+04 -1.544778E+06  1.494128E+06  0.000000E+00
 -2.981951E-02  0.000000E+00  0.000000E+00  5.568179E+03  0.000000E+00
  0.000000E+00  0.000000E+00  9.000000E+01  9.000000E+01  9.000000E+01
  0.000000E+00  5.181502E+01  0.000000E+00  4.459428E-02  5.428992E-02
  2.105493E+00  4.123807E+00  5.276670E+01 -2.141949E+00 -1.499539E+00
 -2.141949E+00  5.213150E+01 -2.609714E+00 -1.499539E+00 -2.609714E+00
  5.054685E+01
       940  9.400000E-01        41
 -1.202017E+06  3.130715E+02 -1.203145E+06  2.916874E+05 -1.494833E+06
  0.000000E+00  3.088836E-03  0.000000E+00  0.000000E+00 -1.184661E+06
  2.187801E+02 -4.981772E+04 -1.543732E+06  1.493952E+06  0.000000E+00
 -2.985238E-02  0.000000E+00  0.000000E+00  5.568179E+03  0.000000E+00
  0.000000E+00  0.000000E+00  9.000000E+01  9.000000E+01  9.000000E+01
  0.000000E+00  5.108323E+01  0.000000E+00  4.481552E-02  5.367243E-02
  2.143957E+00  4.231847E+00  4.953755E+01  2.515590E+00  8.846722E-01
  2.515590E+00  5.195430E+01 -5.667720E-01  8.846722E-01 -5.667720E-01
  5.175784E+01
       950  9.500000E-01        41
 -1.202017E+06  3.012829E+02 -1.203103E+06  2.912085E+05 -1.494311E+06
  0.000000E+00  2.883038E-03  0.000000E+00  0.000000E+00 -1.185243E+06
  2.005905E+02 -4.815598E+04 -1.541559E+06  1.493431E+06  0.000000E+00
 -2.790789E-02  0.000000E+00  0.000000E+00  5.568179E+03  0.000000E+00
  0.000000E+00  0.000000E+00  9.000000E+01  9.000000E+01  9.000000E+01
  0.000000E+00  4.937002E+01  0.000000E+00  4.455143E-02  5.338752E-02
  2.185230E+00  4.340732E+00  4.477320E+01  4.403135E+00  2.246799E+00
  4.403135E+00  4.908883E+01 -3.666570E-01  2.246799E+00 -3.666570E-01
  5.424804E+01
       960  9.600000E-01        41
 -1.202018E+06  3.137373E+02 -1.203148E+06  2.911958E+05 -1.494344E+06
  0.000000E+00  2.834579E-03  0.000000E+00  0.000000E+00 -1.185284E+06
  1.805255E+02 -4.794358E+04 -1.541391E+06  1.493465E+06  0.000000E+00
 -2.740916E-02  0.000000E+00  0.000000E+00  5.568179E+03  0.000000E+00
  0.000000E+00  0.000000E+00  9.000000E+01  9.000000E+01  9.000000E+01
  0.000000E+00  4.925021E+01  0.000000E+00  4.406433E-02  5.220908E-02
  2.228727E+00  4.449866E+00  4.620084E+01  1.036286E+00  1.110357E+00
  1.036286E+00  4.412289E+01  3.778218E-01  1.110357E+00  3.778218E-01
  5.742692E+01
       970  9.700000E-01        41
 -1.202018E+06  3.142966E+02 -1.203151E+06  2.912930E+05 -1.494444E+06
  0.000000E+00  2.856463E-03  0.000000E+00  0.000000E+00 -1.185160E+06
  1.628608E+02 -4.831311E+04 -1.541869E+06  1.493563E+06  0.000000E+00
 -2.760313E-02  0.000000E+00  0.000000E+00  5.568179E+03  0.000000E+00
  0.000000E+00  0.000000E+00  9.000000E+01  9.000000E+01  9.000000E+01
  0.000000E+00  4.961714E+01  0.000000E+00  4.283743E-02  5.157385E-02
  2.272784E+00  4.556964E+00  4.747887E+01 -2.616311E-02 -1.053548E+00
 -2.616311E-02  4.796804E+01  1.144557E+00 -1.053548E+00  1.144557E+00
  5.340450E+01
       980  9.800000E-01        41
 -1.202019E+06  2.957401E+02 -1.203084E+06  2.915642E+05 -1.494649E+06
  0.000000E+00  2.991734E-03  0.000000E+00  0.000000E+00 -1.184831E+06
  1.479675E+02 -4.943539E+04 -1.543198E+06  1.493769E+06  0.000000E+00
 -2.892964E-02  0.000000E+00  0.000000E+00  5.568179E+03  0.000000E+00
  0.000000E+00  0.000000E+00  9.000000E+01  9.000000E+01  9.000000E+01
  0.000000E+00  5.058730E+01  0.000000E+00  4.076863E-02  5.275369E-02
  2.315553E+00  4.658207E+00  5.120121E+01 -5.305633E-02 -1.043895E+00
 -5.305633E-02  5.260804E+01  2.709011E+00 -1.043895E+00  2.709011E+00
  4.795265E+01
       990  9.900000E-01        41
 -1.202018E+06  3.074809E+02 -1.203127E+06  2.920977E+05 -1.495224E+06
  0.000000E+00  3.124540E-03  0.000000E+00  0.000000E+00 -1.184234E+06
  1.320472E+02 -5.113872E+04 -1.545481E+06  1.494346E+06  0.000000E+00
 -3.016359E-02  0.000000E+00  0.000000E+00  5.568179E+03  0.000000E+00
  0.000000E+00  0.000000E+00  9.000000E+01  9.000000E+01  9.000000E+01
  0.000000E+00  5.234180E+01  0.000000E+00  4.059701E-02  5.143168E-02
  2.356343E+00  4.752860E+00  5.398460E+01 -1.187931E+00 -4.333361E+00
 -1.187931E+00  5.514908E+01  4.111341E+00 -4.333361E+00  4.111341E+00
  4.789172E+01
      1000  1.000000E+00        41
 -1.202018E+06  3.158087E+02 -1.203157E+06  2.918925E+05 -1.495049E+06
  0.000000E+00  2.809365E-03  0.000000E+00  0.000000E+00 -1.184449E+06
  1.068933E+02 -5.043416E+04 -1.544609E+06  1.494173E+06  0.000000E+00
 -2.718049E-02  0.000000E+00  0.000000E+00  5.568179E+03  0.000000E+00
  0.000000E+00  0.000000E+00  9.000000E+01  9.000000E+01  9.000000E+01
  0.000000E+00  5.171010E+01  0.000000E+00  4.104780E-02  4.931027E-02
  2.394005E+00  4.839218E+00  5.199917E+01 -1.085179E+00 -2.257520E+00
 -1.085179E+00  5.483768E+01 -2.227386E+00 -2.257520E+00 -2.227386E+00
  4.829344E+01
      1010  1.010000E+00        41
 -1.202020E+06  3.149453E+02 -1.203155E+06  2.916852E+05 -1.494840E+06
  0.000000E+00  2.869309E-03  0.000000E+00  0.000000E+00 -1.184730E+06
  8.532908E+01 -4.960134E+04 -1.543554E+06  1.493964E+06  0.000000E+00
 -2.773526E-02  0.000000E+00  0.000000E+00  5.568179E+03  0.000000E+00
  0.000000E+00  0.000000E+00  9.000000E+01  9.000000E+01  9.000000E+01
  0.000000E+00  5.088747E+01  0.000000E+00  4.170241E-02  4.788990E-02
  2.427938E+00  4.915525E+00  4.688115E+01 -1.885725E+00  2.029249E+00
 -1.885725E+00  4.979841E+01 -6.672600E+00  2.029249E+00 -6.672600E+00
  5.598285E+01
      1020  1.020000E+00        41
 -1.202020E+06  3.016356E+02 -1.203107E+06  2.911975E+05 -1.494304E+06
  0.000000E+00  2.958459E-03  0.000000E+00  0.000000E+00 -1.185272E+06
  6.078294E+01 -4.807046E+04 -1.541484E+06  1.493432E+06  0.000000E+00
 -2.860296E-02  0.000000E+00  0.000000E+00  5.568179E+03  0.000000E+00
  0.000000E+00  0.000000E+00  9.000000E+01  9.000000E+01  9.000000E+01
  0.000000E+00  4.929204E+01  0.000000E+00  4.166962E-02  4.699693E-02
  2.456818E+00  4.977711E+00  4.525468E+01  1.368676E+00  2.331768E+00
  1.368676E+00  4.837442E+01 -2.095361E+00  2.331768E+00 -2.095361E+00
  5.424702E+01
      1030  1.030000E+00        41
 -1.202020E+06  3.019512E+02 -1.203108E+06  2.909365E+05 -1.494045E+06
  0.000000E+00  2.911062E-03  0.000000E+00  0.000000E+00 -1.185502E+06
  3.666922E+01 -4.737841E+04 -1.540542E+06  1.493173E+06  0.000000E+00
 -2.818245E-02  0.000000E+00  0.000000E+00  5.568179E+03  0.000000E+00
  0.000000E+00  0.000000E+00  9.000000E+01  9.000000E+01  9.000000E+01
  0.000000E+00  4.861591E+01  0.000000E+00  3.952300E-02  4.787603E-02
  2.476179E+00  5.014036E+00  5.234253E+01  2.107032E+00  2.613136E+00
  2.107032E+00  4.541162E+01  2.686371E+00  2.613136E+00  2.686371E+00
  4.809360E+01
      1040  1.040000E+00        41
 -1.202020E+06  3.007685E+02 -1.203104E+06  2.914381E+05 -1.494542E+06
  0.000000E+00  3.130385E-03  0.000000E+00  0.000000E+00 -1.185004E+06
  2.647887E+01 -4.887840E+04 -1.542549E+06  1.493672E+06  0.000000E+00
 -3.025531E-02  0.000000E+00  0.000000E+00  5.568179E+03  0.000000E+00
  0.000000E+00  0.000000E+00  9.000000E+01  9.000000E+01  9.000000E+01
  0.000000E+00  5.007939E+01  0.000000E+00  3.832263E-02  4.752006E-02
  2.486527E+00  5.025171E+00  4.934195E+01  2.962109E-01 -3.009104E+00
  2.962109E-01  4.948482E+01 -1.196578E+00 -3.009104E+00 -1.196578E+00
  5.141140E+01
      1050  1.050000E+00        41
 -1.202020E+06  3.151859E+02 -1.203156E+06  2.916820E+05 -1.494838E+06
  0.000000E+00  2.903117E-03  0.000000E+00  0.000000E+00 -1.184698E+06
  2.639634E+01 -4.969544E+04 -1.543661E+06  1.493966E+06  0.000000E+00
 -2.806847E-02  0.000000E+00  0.000000E+00  5.568179E+03  0.000000E+00
  0.000000E+00  0.000000E+00  9.000000E+01  9.000000E+01  9.000000E+01
  0.000000E+00  5.098293E+01  0.000000E+00  3.772142E-02  4.620983E-02
  2.491877E+00  5.020367E+00  4.363911E+01  5.040277E-01 -4.071384E-01
  5.040277E-01  6.099417E+01  9.719668E-01 -4.071384E-01  9.719668E-01
  4.831550E+01
      1060  1.060000E+00        41
 -1.202021E+06  3.159187E+02 -1.203159E+06  2.917330E+05 -1.494892E+06
  0.000000E+00  2.965794E-03  0.000000E+00  0.000000E+00 -1.184656E+06
  2.821877E+01 -4.981635E+04 -1.543836E+06  1.494023E+06  0.000000E+00
 -2.871457E-02  0.000000E+00  0.000000E+00  5.568179E+03  0.000000E+00
  0.000000E+00  0.000000E+00  9.000000E+01  9.000000E+01  9.000000E+01
  0.000000E+00  5.110669E+01  0.000000E+00  3.784798E-02  4.560996E-02
  2.494520E+00  5.005429E+00  4.322935E+01 -1.458663E+00  2.248898E-01
 -1.458663E+00  6.132455E+01  4.383198E+00  2.248898E-01  4.383198E+00
  4.876616E+01
      1070  1.070000E+00        41
 -1.202021E+06  3.043873E+02 -1.203118E+06  2.913564E+05 -1.494475E+06
  0.000000E+00  3.185125E-03  0.000000E+00  0.000000E+00 -1.185100E+06
  2.895156E+01 -4.857135E+04 -1.542183E+06  1.493611E+06  0.000000E+00
 -3.077865E-02  0.000000E+00  0.000000E+00  5.568179E+03  0.000000E+00
  0.000000E+00  0.000000E+00  9.000000E+01  9.000000E+01  9.000000E+01
  0.000000E+00  4.980368E+01  0.000000E+00  3.865136E-02  4.573244E-02
  2.496345E+00  4.985405E+00  4.401709E+01 -1.840798E+00 -7.403970E-01
 -1.840798E+00  5.299761E+01  6.538040E-02 -7.403970E-01  6.538040E-02
  5.239635E+01
      1080  1.080000E+00        41
 -1.202022E+06  3.055624E+02 -1.203123E+06  2.906282E+05 -1.493751E+06
  0.000000E+00  3.063575E-03  0.000000E+00  0.000000E+00 -1.185853E+06
  3.250639E+01 -4.630352E+04 -1.539192E+06  1.492888E+06  0.000000E+00
 -2.965563E-02  0.000000E+00  0.000000E+00  5.568179E+03  0.000000E+00
  0.000000E+00  0.000000E+00  9.000000E+01  9.000000E+01  9.000000E+01
  0.000000E+00  4.758702E+01  0.000000E+00  3.738309E-02  4.783760E-02
  2.498402E+00  4.962138E+00  4.430639E+01  1.053787E+00  1.847052E+00
  1.053787E+00  5.010617E+01 -3.609218E+00  1.847052E+00 -3.609218E+00
  4.834851E+01
      1090  1.090000E+00        41
 -1.202021E+06  2.833791E+02 -1.203042E+06  2.902274E+05 -1.493270E+06
  0.000000E+00  3.189419E-03  0.000000E+00  0.000000E+00 -1.186363E+06
  3.441974E+01 -4.493234E+04 -1.537342E+06  1.492405E+06  0.000000E+00
 -3.087097E-02  0.000000E+00  0.000000E+00  5.568179E+03  0.000000E+00
  0.000000E+00  0.000000E+00  9.000000E+01  9.000000E+01  9.000000E+01
  0.000000E+00  4.608487E+01  0.000000E+00  3.704047E-02  4.900797E-02
  2.501744E+00  4.936856E+00  4.463106E+01 -1.131093E-01  1.916277E+00
 -1.131093E-01  4.873295E+01 -3.435812E+00  1.916277E+00 -3.435812E+00
  4.489060E+01
      1100  1.100000E+00        41
 -1.202020E+06  3.070658E+02 -1.203127E+06  2.901117E+05 -1.493239E+06
  0.000000E+00  3.039524E-03  0.000000E+00  0.000000E+00 -1.186457E+06
  3.301875E+01 -4.447873E+04 -1.536857E+06  1.492369E+06  0.000000E+00
 -2.939095E-02  0.000000E+00  0.000000E+00  5.568179E+03  0.000000E+00
  0.000000E+00  0.000000E+00  9.000000E+01  9.000000E+01  9.000000E+01
  0.000000E+00  4.580740E+01  0.000000E+00  3.798106E-02  4.832293E-02
  2.508041E+00  4.913205E+00  4.271119E+01 -1.035854E+00  2.658398E+00
 -1.035854E+00  4.670722E+01 -4.598824E-01  2.658398E+00 -4.598824E-01
  4.800378E+01
      1110  1.110000E+00        41
 -1.202020E+06  2.979233E+02 -1.203094E+06  2.904278E+05 -1.493522E+06
  0.000000E+00  3.065327E-03  0.000000E+00  0.000000E+00 -1.186148E+06
  3.339092E+01 -4.547039E+04 -1.538126E+06  1.492653E+06  0.000000E+00
 -2.963462E-02  0.000000E+00  0.000000E+00  5.568179E+03  0.000000E+00
  0.000000E+00  0.000000E+00  9.000000E+01  9.000000E+01  9.000000E+01
  0.000000E+00  4.671562E+01  0.000000E+00  3.894001E-02  4.785074E-02
  2.517764E+00  4.892682E+00  3.941414E+01  4.466066E-01  4.850060E+00
  4.466066E-01  5.190661E+01  6.427137E-01  4.850060E+00  6.427137E-01
  4.882611E+01
      1120  1.120000E+00        41
 -1.202021E+06  3.014114E+02 -1.203108E+06  2.908970E+05 -1.494005E+06
  0.000000E+00  2.995846E-03  0.000000E+00  0.000000E+00 -1.185620E+06
  3.370440E+01 -4.703091E+04 -1.540169E+06  1.493137E+06  0.000000E+00
 -2.899945E-02  0.000000E+00  0.000000E+00  5.568179E+03  0.000000E+00
  0.000000E+00  0.000000E+00  9.000000E+01  9.000000E+01  9.000000E+01
  0.000000E+00  4.827125E+01  0.000000E+00  3.959113E-02  4.760277E-02
  2.530570E+00  4.874862E+00  4.220609E+01  1.194260E+00  1.909427E+00
  1.194260E+00  5.547429E+01 -3.093016E+00  1.909427E+00 -3.093016E+00
  4.713337E+01
      1130  1.130000E+00        41
 -1.202022E+06  3.183522E+02 -1.203169E+06  2.913727E+05 -1.494542E+06
  0.000000E+00  2.989368E-03  0.000000E+00  0.000000E+00 -1.185054E+06
  3.028343E+01 -4.860864E+04 -1.542283E+06  1.493671E+06  0.000000E+00
 -2.890751E-02  0.000000E+00  0.000000E+00  5.568179E+03  0.000000E+00
  0.000000E+00  0.000000E+00  9.000000E+01  9.000000E+01  9.000000E+01
  0.000000E+00  4.993900E+01  0.000000E+00  3.946831E-02  4.803454E-02
  2.547467E+00  4.863156E+00  4.348610E+01 -2.299958E+00 -2.371511E+00
 -2.299958E+00  5.534257E+01 -2.487077E+00 -2.371511E+00 -2.487077E+00
  5.098832E+01
      1140  1.140000E+00        41
 -1.202022E+06  3.067249E+02 -1.203127E+06  2.917897E+05 -1.494917E+06
  0.000000E+00  3.098790E-03  0.000000E+00  0.000000E+00 -1.184573E+06
  2.773225E+01 -5.013493E+04 -1.544193E+06  1.494046E+06  0.000000E+00
 -2.997296E-02  0.000000E+00  0.000000E+00  5.568179E+03  0.000000E+00
  0.000000E+00  0.000000E+00  9.000000E+01  9.000000E+01  9.000000E+01
  0.000000E+00  5.135423E+01  0.000000E+00  3.961501E-02  4.895018E-02
  2.569240E+00  4.858910E+00  4.416414E+01 -2.510488E+00  1.342024E+00
 -2.510488E+00  5.472745E+01  1.701684E+00  1.342024E+00  1.701684E+00
  5.517110E+01
      1150  1.150000E+00        41
 -1.202021E+06  3.058946E+02 -1.203124E+06  2.921612E+05 -1.495285E+06
  0.000000E+00  3.167078E-03  0.000000E+00  0.000000E+00 -1.184208E+06
  2.524759E+01 -5.123494E+04 -1.545665E+06  1.494412E+06  0.000000E+00
 -3.064163E-02  0.000000E+00  0.000000E+00  5.568179E+03  0.000000E+00
  0.000000E+00  0.000000E+00  9.000000E+01  9.000000E+01  9.000000E+01
  0.000000E+00  5.242760E+01  0.000000E+00  4.064432E-02  4.991950E-02
  2.595976E+00  4.861534E+00  5.101145E+01  8.354653E-01  5.046052E+00
  8.354653E-01  5.438348E+01  3.831856E+00  5.046052E+00  3.831856E+00
  5.188787E+01
      1160  1.160000E+00        41
 -1.202021E+06  2.975106E+02 -1.203094E+06  2.919348E+05 -1.495028E+06
  0.000000E+00  3.140621E-03  0.000000E+00  0.000000E+00 -1.184466E+06
  2.125268E+01 -5.052178E+04 -1.544691E+06  1.494153E+06  0.000000E+00
 -3.034447E-02  0.000000E+00  0.000000E+00  5.568179E+03  0.000000E+00
  0.000000E+00  0.000000E+00  9.000000E+01  9.000000E+01  9.000000E+01
  0.000000E+00  5.166874E+01  0.000000E+00  4.208398E-02  5.151675E-02
  2.628345E+00  4.872837E+00  5.054338E+01 -5.871470E-01  1.893822E+00
 -5.871470E-01  5.604537E+01  2.284254E+00  1.893822E+00  2.284254E+00
  4.841747E+01
      1170  1.170000E+00        41
 -1.202022E+06  3.022884E+02 -1.203111E+06  2.913512E+05 -1.494463E+06
  0.000000E+00  3.050432E-03  0.000000E+00  0.000000E+00 -1.185103E+06
  1.795510E+01 -4.857806E+04 -1.542186E+06  1.493589E+06  0.000000E+00
 -2.949917E-02  0.000000E+00  0.000000E+00  5.568179E+03  0.000000E+00
  0.000000E+00  0.000000E+00  9.000000E+01  9.000000E+01  9.000000E+01
  0.000000E+00  4.979569E+01  0.000000E+00  4.430437E-02  5.308146E-02
  2.666552E+00  4.893553E+00  4.576538E+01 -2.773158E+00  1.408505E+00
 -2.773158E+00  5.360062E+01 -9.405257E-01  1.408505E+00 -9.405257E-01
  5.002107E+01
      1180  1.180000E+00        41
 -1.202023E+06  3.187208E+02 -1.203172E+06  2.908464E+05 -1.494018E+06
  0.000000E+00  3.038578E-03  0.000000E+00  0.000000E+00 -1.185653E+06
  1.648858E+01 -4.681310E+04 -1.539975E+06  1.493151E+06  0.000000E+00
 -2.934799E-02  0.000000E+00  0.000000E+00  5.568179E+03  0.000000E+00
  0.000000E+00  0.000000E+00  9.000000E+01  9.000000E+01  9.000000E+01
  0.000000E+00  4.818041E+01  0.000000E+00  4.573173E-02  5.600906E-02
  2.709549E+00  4.921668E+00  4.291033E+01 -1.252991E-01 -3.033269E-02
 -1.252991E-01  5.250138E+01 -5.554267E+00 -3.033269E-02 -5.554267E+00
  4.912950E+01
      1190  1.190000E+00        41
 -1.202023E+06  3.087107E+02 -1.203136E+06  2.903226E+05 -1.493458E+06
  0.000000E+00  2.893023E-03  0.000000E+00  0.000000E+00 -1.186214E+06
  1.527954E+01 -4.520359E+04 -1.537799E+06  1.492586E+06  0.000000E+00
 -2.799792E-02  0.000000E+00  0.000000E+00  5.568179E+03  0.000000E+00
  0.000000E+00  0.000000E+00  9.000000E+01  9.000000E+01  9.000000E+01
  0.000000E+00  4.653061E+01  0.000000E+00  4.702401E-02  5.948880E-02
  2.756726E+00  4.956157E+00  4.203464E+01  2.427400E+00 -2.606907E+00
  2.427400E+00  5.450356E+01 -6.846553E-01 -2.606907E+00 -6.846553E-01
  4.305362E+01
      1200  1.200000E+00        41
 -1.202023E+06  2.997068E+02 -1.203103E+06  2.905987E+05 -1.493702E+06
  0.000000E+00  2.995057E-03  0.000000E+00  0.000000E+00 -1.185952E+06
  1.418098E+01 -4.605356E+04 -1.538899E+06  1.492829E+06  0.000000E+00
 -2.899462E-02  0.000000E+00  0.000000E+00  5.568179E+03  0.000000E+00
  0.000000E+00  0.000000E+00  9.000000E+01  9.000000E+01  9.000000E+01
  0.000000E+00  4.730083E+01  0.000000E+00  4.891534E-02  6.136761E-02
  2.808364E+00  4.998012E+00  4.273292E+01  1.458305E+00 -1.945653E+00
  1.458305E+00  5.254867E+01  3.305823E+00 -1.945653E+00  3.305823E+00
  4.662089E+01
      1210  1.210000E+00        41
 -1.202023E+06  3.145760E+02 -1.203157E+06  2.911026E+05 -1.494259E+06
  0.000000E+00  3.049526E-03  0.000000E+00  0.000000E+00 -1.185397E+06
  1.566285E+01 -4.760892E+04 -1.541009E+06  1.493388E+06  0.000000E+00
 -2.947426E-02  0.000000E+00  0.000000E+00  5.568179E+03  0.000000E+00
  0.000000E+00  0.000000E+00  9.000000E+01  9.000000E+01  9.000000E+01
  0.000000E+00  4.893187E+01  0.000000E+00  4.986615E-02  6.333849E-02
  2.864219E+00  5.046442E+00  4.396388E+01 -1.785083E+00  1.703713E+00
 -1.785083E+00  4.725145E+01  2.692840E+00  1.703713E+00  2.692840E+00
  5.558027E+01
      1220  1.220000E+00        41
 -1.202023E+06  2.914419E+02 -1.203074E+06  2.912617E+05 -1.494335E+06
  0.000000E+00  2.944291E-03  0.000000E+00  0.000000E+00 -1.185231E+06
  1.818161E+01 -4.827480E+04 -1.541752E+06  1.493466E+06  0.000000E+00
 -2.848572E-02  0.000000E+00  0.000000E+00  5.568179E+03  0.000000E+00
  0.000000E+00  0.000000E+00  9.000000E+01  9.000000E+01  9.000000E+01
  0.000000E+00  4.942147E+01  0.000000E+00  5.290545E-02  6.449664E-02
  2.923659E+00  5.100537E+00  4.511159E+01 -8.602606E-02  5.452797E+00
 -8.602606E-02  4.926356E+01  3.364156E+00  5.452797E+00  3.364156E+00
  5.388924E+01
      1230  1.230000E+00        41
 -1.202023E+06  3.002351E+02 -1.203106E+06  2.915688E+05 -1.494674E+06
  0.000000E+00  3.244014E-03  0.000000E+00  0.000000E+00 -1.184881E+06
  2.107135E+01 -4.926230E+04 -1.543070E+06  1.493802E+06  0.000000E+00
 -3.137353E-02  0.000000E+00  0.000000E+00  5.568179E+03  0.000000E+00
  0.000000E+00  0.000000E+00  9.000000E+01  9.000000E+01  9.000000E+01
  0.000000E+00  5.045238E+01  0.000000E+00  5.549120E-02  6.554030E-02
  2.986280E+00  5.159718E+00  4.158113E+01  6.113652E-02  3.296827E+00
  6.113652E-02  5.453911E+01  1.322333E+00  3.296827E+00  1.322333E+00
  5.523691E+01
      1240  1.240000E+00        41
 -1.202024E+06  3.120052E+02 -1.203149E+06  2.911830E+05 -1.494332E+06
  0.000000E+00  3.198108E-03  0.000000E+00  0.000000E+00 -1.185242E+06
  2.725437E+01 -4.809868E+04 -1.541548E+06  1.493456E+06  0.000000E+00
 -3.092882E-02  0.000000E+00  0.000000E+00  5.568179E+03  0.000000E+00
  0.000000E+00  0.000000E+00  9.000000E+01  9.000000E+01  9.000000E+01
  0.000000E+00  4.939388E+01  0.000000E+00  5.533470E-02  6.804019E-02
  3.051389E+00  5.222674E+00  4.043988E+01 -1.580142E+00 -1.031490E+00
 -1.580142E+00  5.368726E+01 -4.697375E-01 -1.031490E+00 -4.697375E-01
  5.405451E+01
      1250  1.250000E+00        41
 -1.202025E+06  3.169204E+02 -1.203167E+06  2.906636E+05 -1.493830E+06
  0.000000E+00  2.980963E-03  0.000000E+00  0.000000E+00 -1.185806E+06
  4.331773E+01 -4.637098E+04 -1.539311E+06  1.492955E+06  0.000000E+00
 -2.884713E-02  0.000000E+00  0.000000E+00  5.568179E+03  0.000000E+00
  0.000000E+00  0.000000E+00  9.000000E+01  9.000000E+01  9.000000E+01
  0.000000E+00  4.773327E+01  0.000000E+00  5.642892E-02  6.865466E-02
  3.116557E+00  5.286324E+00  4.604541E+01 -1.427254E+00 -1.644401E+00
 -1.427254E+00  5.082049E+01 -9.127861E-01 -1.644401E+00 -9.127861E-01
  4.633389E+01
      1260  1.260000E+00        41
 -1.202024E+06  2.988943E+02 -1.203101E+06  2.903596E+05 -1.493461E+06
  0.000000E+00  3.098271E-03  0.000000E+00  0.000000E+00 -1.186202E+06
  6.371739E+01 -4.531098E+04 -1.537886E+06  1.492583E+06  0.000000E+00
 -2.995657E-02  0.000000E+00  0.000000E+00  5.568179E+03  0.000000E+00
  0.000000E+00  0.000000E+00  9.000000E+01  9.000000E+01  9.000000E+01
  0.000000E+00  4.656535E+01  0.000000E+00  5.706739E-02  6.940128E-02
  3.179866E+00  5.347310E+00  4.546230E+01  1.157357E+00 -2.924565E+00
  1.157357E+00  4.858372E+01  7.992262E-01 -2.924565E+00  7.992262E-01
  4.565004E+01
      1270  1.270000E+00        41
 -1.202023E+06  2.882754E+02 -1.203062E+06  2.900874E+05 -1.493150E+06
  0.000000E+00  2.995384E-03  0.000000E+00  0.000000E+00 -1.186518E+06
  8.455184E+01 -4.443905E+04 -1.536705E+06  1.492272E+06  0.000000E+00
 -2.898223E-02  0.000000E+00  0.000000E+00  5.568179E+03  0.000000E+00
  0.000000E+00  0.000000E+00  9.000000E+01  9.000000E+01  9.000000E+01
  0.000000E+00  4.563432E+01  0.000000E+00  5.745106E-02  6.999102E-02
  3.241699E+00  5.405979E+00  4.228156E+01  1.327660E+00 -3.017102E+00
  1.327660E+00  4.883362E+01 -3.992318E-01 -3.017102E+00 -3.992318E-01
  4.578780E+01
      1280  1.280000E+00        41
 -1.202023E+06  2.895112E+02 -1.203067E+06  2.900845E+05 -1.493151E+06
  0.000000E+00  3.136545E-03  0.000000E+00  0.000000E+00 -1.186526E+06
  1.180185E+02 -4.440677E+04 -1.536671E+06  1.492278E+06  0.000000E+00
 -3.031442E-02  0.000000E+00  0.000000E+00  5.568179E+03  0.000000E+00
  0.000000E+00  0.000000E+00  9.000000E+01  9.000000E+01  9.000000E+01
  0.000000E+00  4.561057E+01  0.000000E+00  5.776415E-02  6.939311E-02
  3.302464E+00  5.463575E+00  4.363078E+01  3.319957E-01 -9.470383E-01
  3.319957E-01  4.663082E+01  8.767680E-01 -9.470383E-01  8.767680E-01
  4.657012E+01
      1290  1.290000E+00        41
 -1.202025E+06  3.106276E+02 -1.203144E+06  2.901716E+05 -1.493316E+06
  0.000000E+00  3.161443E-03  0.000000E+00  0.000000E+00 -1.186343E+06
  1.604330E+02 -4.480860E+04 -1.537239E+06  1.492447E+06  0.000000E+00
 -3.057357E-02  0.000000E+00  0.000000E+00  5.568179E+03  0.000000E+00
  0.000000E+00  0.000000E+00  9.000000E+01  9.000000E+01  9.000000E+01
  0.000000E+00  4.615310E+01  0.000000E+00  5.609956E-02  6.935709E-02
  3.362075E+00  5.521552E+00  4.638978E+01  8.870341E-01 -1.246341E+00
  8.870341E-01  4.316270E+01  5.117731E+00 -1.246341E+00  5.117731E+00
  4.890681E+01
      1300  1.300000E+00        41
 -1.202024E+06  3.097466E+02 -1.203141E+06  2.905034E+05 -1.493644E+06
  0.000000E+00  3.026478E-03  0.000000E+00  0.000000E+00 -1.186001E+06
  1.992996E+02 -4.584337E+04 -1.538606E+06  1.492774E+06  0.000000E+00
 -2.932656E-02  0.000000E+00  0.000000E+00  5.568179E+03  0.000000E+00
  0.000000E+00  0.000000E+00  9.000000E+01  9.000000E+01  9.000000E+01
  0.000000E+00  4.716109E+01  0.000000E+00  5.522957E-02  6.757458E-02
  3.419617E+00  5.579454E+00  4.161168E+01  3.975823E+00 -2.423623E+00
  3.975823E+00  5.054061E+01  2.898814E+00 -2.423623E+00  2.898814E+00
  4.933098E+01
      1310  1.310000E+00        41
 -1.202024E+06  3.040752E+02 -1.203120E+06  2.907457E+05 -1.493866E+06
  0.000000E+00  2.988381E-03  0.000000E+00  0.000000E+00 -1.185765E+06
  2.359139E+02 -4.659213E+04 -1.539583E+06  1.492991E+06  0.000000E+00
 -2.890772E-02  0.000000E+00  0.000000E+00  5.568179E+03  0.000000E+00
  0.000000E+00  0.000000E+00  9.000000E+01  9.000000E+01  9.000000E+01
  0.000000E+00  4.785467E+01  0.000000E+00  5.364966E-02  6.501653E-02
  3.475856E+00  5.638941E+00  4.325978E+01  1.669411E+00 -2.828590E+00
  1.669411E+00  5.168184E+01 -1.136511E+00 -2.828590E+00 -1.136511E+00
  4.862238E+01
      1320  1.320000E+00        41
 -1.202024E+06  3.007636E+02 -1.203108E+06  2.907200E+05 -1.493828E+06
  0.000000E+00  2.917063E-03  0.000000E+00  0.000000E+00 -1.185783E+06
  2.747387E+02 -4.656182E+04 -1.539520E+06  1.492955E+06  0.000000E+00
 -2.824285E-02  0.000000E+00  0.000000E+00  5.568179E+03  0.000000E+00
  0.000000E+00  0.000000E+00  9.000000E+01  9.000000E+01  9.000000E+01
  0.000000E+00  4.780056E+01  0.000000E+00  5.131491E-02  6.260333E-02
  3.532651E+00  5.704730E+00  4.816566E+01  2.462890E-01 -1.751202E+00
  2.462890E-01  4.840072E+01 -1.136472E+00 -1.751202E+00 -1.136472E+00
  4.683530E+01
      1330  1.330000E+00        41
 -1.202025E+06  3.111199E+02 -1.203146E+06  2.909314E+05 -1.494078E+06
  0.000000E+00  3.050117E-03  0.000000E+00  0.000000E+00 -1.185548E+06
  3.049044E+02 -4.719496E+04 -1.540395E+06  1.493206E+06  0.000000E+00
 -2.950887E-02  0.000000E+00  0.000000E+00  5.568179E+03  0.000000E+00
  0.000000E+00  0.000000E+00  9.000000E+01  9.000000E+01  9.000000E+01
  0.000000E+00  4.849422E+01  0.000000E+00  4.904561E-02  6.038104E-02
  3.589870E+00  5.777037E+00  4.509841E+01  9.212228E-01 -1.654588E+00
  9.212228E-01  5.143332E+01  1.420079E+00 -1.654588E+00  1.420079E+00
  4.895093E+01
      1340  1.340000E+00        41
 -1.202025E+06  3.014362E+02 -1.203111E+06  2.907697E+05 -1.493881E+06
  0.000000E+00  3.250532E-03  0.000000E+00  0.000000E+00 -1.185731E+06
  3.307348E+02 -4.671659E+04 -1.539717E+06  1.493006E+06  0.000000E+00
 -3.141916E-02  0.000000E+00  0.000000E+00  5.568179E+03  0.000000E+00
  0.000000E+00  0.000000E+00  9.000000E+01  9.000000E+01  9.000000E+01
  0.000000E+00  4.795579E+01  0.000000E+00  4.728657E-02  5.807495E-02
  3.647409E+00  5.856578E+00  4.484002E+01  1.467159E+00 -1.183443E+00
  1.467159E+00  5.121839E+01 -1.119782E+00 -1.183443E+00 -1.119782E+00
  4.780895E+01
      1350  1.350000E+00        41
 -1.202026E+06  3.156592E+02 -1.203164E+06  2.903834E+05 -1.493547E+06
  0.000000E+00  3.123446E-03  0.000000E+00  0.000000E+00 -1.186149E+06
  3.554027E+02 -4.536426E+04 -1.538039E+06  1.492672E+06  0.000000E+00
 -3.022982E-02  0.000000E+00  0.000000E+00  5.568179E+03  0.000000E+00
  0.000000E+00  0.000000E+00  9.000000E+01  9.000000E+01  9.000000E+01
  0.000000E+00  4.672905E+01  0.000000E+00  4.602386E-02  5.572008E-02
  3.705279E+00  5.943663E+00  4.389086E+01  5.526277E-01 -4.268684E+00
  5.526277E-01  4.951381E+01 -5.429036E+00 -4.268684E+00 -5.429036E+00
  4.678248E+01
      1360  1.360000E+00        41
 -1.202026E+06  3.001694E+02 -1.203107E+06  2.899544E+05 -1.493062E+06
  0.000000E+00  2.984527E-03  0.000000E+00  0.000000E+00 -1.186640E+06
  3.628233E+02 -4.400184E+04 -1.536194E+06  1.492191E+06  0.000000E+00
 -2.890625E-02  0.000000E+00  0.000000E+00  5.568179E+03  0.000000E+00
  0.000000E+00  0.000000E+00  9.000000E+01  9.000000E+01  9.000000E+01
  0.000000E+00  4.528270E+01  0.000000E+00  4.487832E-02  5.454549E-02
  3.763769E+00  6.037794E+00  3.747324E+01 -7.699096E-01 -4.237463E+00
 -7.699096E-01  4.854497E+01 -1.370163E+00 -4.237463E+00 -1.370163E+00
  4.982988E+01
      1370  1.370000E+00        41
 -1.202025E+06  3.062962E+02 -1.203129E+06  2.901724E+05 -1.493302E+06
  0.000000E+00  2.872747E-03  0.000000E+00  0.000000E+00 -1.186414E+06
  3.552923E+02 -4.463285E+04 -1.537061E+06  1.492431E+06  0.000000E+00
 -2.779169E-02  0.000000E+00  0.000000E+00  5.568179E+03  0.000000E+00
  0.000000E+00  0.000000E+00  9.000000E+01  9.000000E+01  9.000000E+01
  0.000000E+00  4.594527E+01  0.000000E+00  4.338157E-02  5.346723E-02
  3.823695E+00  6.139976E+00  4.131291E+01  1.085739E+00  2.399719E+00
  1.085739E+00  4.781082E+01  9.402633E-01  2.399719E+00  9.402633E-01
  4.871210E+01
      1380  1.380000E+00        41
 -1.202025E+06  2.929919E+02 -1.203081E+06  2.904214E+05 -1.493503E+06
  0.000000E+00  2.922044E-03  0.000000E+00  0.000000E+00 -1.186146E+06
  3.368079E+02 -4.553339E+04 -1.538140E+06  1.492629E+06  0.000000E+00
 -2.827557E-02  0.000000E+00  0.000000E+00  5.568179E+03  0.000000E+00
  0.000000E+00  0.000000E+00  9.000000E+01  9.000000E+01  9.000000E+01
  0.000000E+00  4.673512E+01  0.000000E+00  4.159542E-02  5.333561E-02
  3.883863E+00  6.247652E+00  5.080080E+01 -1.174079E-01  2.417970E+00
 -1.174079E-01  4.601491E+01 -6.021369E-01  2.417970E+00 -6.021369E-01
  4.338966E+01
      1390  1.390000E+00        41
 -1.202025E+06  2.830255E+02 -1.203045E+06  2.906070E+05 -1.493652E+06
  0.000000E+00  3.089095E-03  0.000000E+00  0.000000E+00 -1.185883E+06
  3.002346E+02 -4.639280E+04 -1.539127E+06  1.492779E+06  0.000000E+00
 -2.991771E-02  0.000000E+00  0.000000E+00  5.568179E+03  0.000000E+00
  0.000000E+00  0.000000E+00  9.000000E+01  9.000000E+01  9.000000E+01
  0.000000E+00  4.750867E+01  0.000000E+00  4.083563E-02  5.201470E-02
  3.943314E+00  6.360158E+00  5.233757E+01 -1.655320E-01  1.386770E+00
 -1.655320E-01  4.714666E+01 -1.850802E-01  1.386770E+00 -1.850802E-01
  4.304179E+01
      1400  1.400000E+00        41
 -1.202026E+06  3.178294E+02 -1.203172E+06  2.909341E+05 -1.494106E+06
  0.000000E+00  3.214172E-03  0.000000E+00  0.000000E+00 -1.185487E+06
  2.539821E+02 -4.733269E+04 -1.540528E+06  1.493237E+06  0.000000E+00
 -3.107040E-02  0.000000E+00  0.000000E+00  5.568179E+03  0.000000E+00
  0.000000E+00  0.000000E+00  9.000000E+01  9.000000E+01  9.000000E+01
  0.000000E+00  4.867804E+01  0.000000E+00  4.034822E-02  4.943604E-02
  4.001099E+00  6.476263E+00  4.739925E+01  1.124942E+00  7.201123E-01
  1.124942E+00  4.661996E+01  5.741968E-01  7.201123E-01  5.741968E-01
  5.201491E+01
      1410  1.410000E+00        41
 -1.202027E+06  3.261526E+02 -1.203203E+06  2.905947E+05 -1.493797E+06
  0.000000E+00  2.974185E-03  0.000000E+00  0.000000E+00 -1.185863E+06
  2.189426E+02 -4.614480E+04 -1.539033E+06  1.492924E+06  0.000000E+00
 -2.875963E-02  0.000000E+00  0.000000E+00  5.568179E+03  0.000000E+00
  0.000000E+00  0.000000E+00  9.000000E+01  9.000000E+01  9.000000E+01
  0.000000E+00  4.757236E+01  0.000000E+00  3.921134E-02  4.888768E-02
  4.056498E+00  6.593569E+00  4.227904E+01  2.072225E+00 -2.260922E+00
  2.072225E+00  4.904160E+01 -3.904789E+00 -2.260922E+00 -3.904789E+00
  5.139645E+01
      1420  1.420000E+00        41
 -1.202026E+06  2.941611E+02 -1.203086E+06  2.904619E+05 -1.493548E+06
  0.000000E+00  2.938602E-03  0.000000E+00  0.000000E+00 -1.186094E+06
  1.964977E+02 -4.568141E+04 -1.538322E+06  1.492671E+06  0.000000E+00
 -2.840601E-02  0.000000E+00  0.000000E+00  5.568179E+03  0.000000E+00
  0.000000E+00  0.000000E+00  9.000000E+01  9.000000E+01  9.000000E+01
  0.000000E+00  4.689204E+01  0.000000E+00  3.949620E-02  4.806280E-02
  4.110144E+00  6.712177E+00  3.925700E+01 -8.226325E-01 -1.783687E+00
 -8.226325E-01  5.440036E+01 -2.279420E+00 -1.783687E+00 -2.279420E+00
  4.701876E+01
      1430  1.430000E+00        41
 -1.202027E+06  3.167429E+02 -1.203168E+06  2.907616E+05 -1.493930E+06
  0.000000E+00  2.816967E-03  0.000000E+00  0.000000E+00 -1.185708E+06
  1.790683E+02 -4.667662E+04 -1.539683E+06  1.493051E+06  0.000000E+00
 -2.725291E-02  0.000000E+00  0.000000E+00  5.568179E+03  0.000000E+00
  0.000000E+00  0.000000E+00  9.000000E+01  9.000000E+01  9.000000E+01
  0.000000E+00  4.802854E+01  0.000000E+00  3.936772E-02  4.758994E-02
  4.162225E+00  6.831374E+00  4.536264E+01 -2.821465E+00  1.990178E+00
 -2.821465E+00  4.869636E+01 -1.441136E-01  1.990178E+00 -1.441136E-01
  5.002662E+01
      1440  1.440000E+00        41
 -1.202027E+06  3.065441E+02 -1.203132E+06  2.911094E+05 -1.494241E+06
  0.000000E+00  2.710855E-03  0.000000E+00  0.000000E+00 -1.185303E+06
  1.604741E+02 -4.796809E+04 -1.541265E+06  1.493359E+06  0.000000E+00
 -2.623728E-02  0.000000E+00  0.000000E+00  5.568179E+03  0.000000E+00
  0.000000E+00  0.000000E+00  9.000000E+01  9.000000E+01  9.000000E+01
  0.000000E+00  4.922389E+01  0.000000E+00  4.027163E-02  4.768223E-02
  4.211504E+00  6.948998E+00  5.132430E+01  2.709855E+00  1.419775E+00
  2.709855E+00  4.916721E+01 -3.426913E-01  1.419775E+00 -3.426913E-01
  4.718016E+01
      1450  1.450000E+00        41
 -1.202027E+06  3.006529E+02 -1.203111E+06  2.918015E+05 -1.494912E+06
  0.000000E+00  3.073876E-03  0.000000E+00  0.000000E+00 -1.184565E+06
  1.499445E+02 -5.022213E+04 -1.544193E+06  1.494033E+06  0.000000E+00
 -2.969902E-02  0.000000E+00  0.000000E+00  5.568179E+03  0.000000E+00
  0.000000E+00  0.000000E+00  9.000000E+01  9.000000E+01  9.000000E+01
  0.000000E+00  5.139384E+01  0.000000E+00  4.137771E-02  4.804280E-02
  4.255244E+00  7.060073E+00  4.465544E+01  2.397370E+00  2.003252E+00
  2.397370E+00  5.572045E+01  3.862243E+00  2.003252E+00  3.862243E+00
  5.380564E+01
      1460  1.460000E+00        41
 -1.202027E+06  2.950803E+02 -1.203090E+06  2.921364E+05 -1.495227E+06
  0.000000E+00  3.273967E-03  0.000000E+00  0.000000E+00 -1.184228E+06
  1.608401E+02 -5.127406E+04 -1.545572E+06  1.494348E+06  0.000000E+00
 -3.162536E-02  0.000000E+00  0.000000E+00  5.568179E+03  0.000000E+00
  0.000000E+00  0.000000E+00  9.000000E+01  9.000000E+01  9.000000E+01
  0.000000E+00  5.238618E+01  0.000000E+00  4.165700E-02  4.944449E-02
  4.293190E+00  7.163812E+00  4.577538E+01 -2.717785E+00  5.738546E+00
 -2.717785E+00  5.610324E+01 -2.661130E-01  5.738546E+00 -2.661130E-01
  5.527991E+01
      1470  1.470000E+00        41
 -1.202027E+06  3.057538E+02 -1.203129E+06  2.919439E+05 -1.495073E+06
  0.000000E+00  3.139610E-03  0.000000E+00  0.000000E+00 -1.184437E+06
  1.828128E+02 -5.057252E+04 -1.544733E+06  1.494197E+06  0.000000E+00
 -3.038409E-02  0.000000E+00  0.000000E+00  5.568179E+03  0.000000E+00
  0.000000E+00  0.000000E+00  9.000000E+01  9.000000E+01  9.000000E+01
  0.000000E+00  5.177286E+01  0.000000E+00  4.166063E-02  5.121533E-02
  4.327543E+00  7.263877E+00  4.999834E+01 -9.319929E-01  8.636248E-01
 -9.319929E-01  5.245860E+01 -1.001516E+00  8.636248E-01 -1.001516E+00
  5.286164E+01
      1480  1.480000E+00        41
 -1.202027E+06  2.993008E+02 -1.203106E+06  2.912866E+05 -1.494392E+06
  0.000000E+00  3.169085E-03  0.000000E+00  0.000000E+00 -1.185146E+06
  2.095089E+02 -4.849003E+04 -1.541969E+06  1.493517E+06  0.000000E+00
 -3.062562E-02  0.000000E+00  0.000000E+00  5.568179E+03  0.000000E+00
  0.000000E+00  0.000000E+00  9.000000E+01  9.000000E+01  9.000000E+01
  0.000000E+00  4.968351E+01  0.000000E+00  4.327853E-02  5.158283E-02
  4.358829E+00  7.360116E+00  4.593062E+01  1.627620E+00 -3.402721E+00
  1.627620E+00  5.015036E+01  3.585783E+00 -3.402721E+00  3.585783E+00
  5.296956E+01
      1490  1.490000E+00        41
 -1.202028E+06  3.058808E+02 -1.203130E+06  2.908775E+05 -1.494008E+06
  0.000000E+00  2.887703E-03  0.000000E+00  0.000000E+00 -1.185594E+06
  2.346951E+02 -4.710306E+04 -1.540214E+06  1.493129E+06  0.000000E+00
 -2.794675E-02  0.000000E+00  0.000000E+00  5.568179E+03  0.000000E+00
  0.000000E+00  0.000000E+00  9.000000E+01  9.000000E+01  9.000000E+01
  0.000000E+00  4.836872E+01  0.000000E+00  4.406669E-02  5.261631E-02
  4.387694E+00  7.452806E+00  4.531399E+01 -1.459886E+00  3.581541E+00
 -1.459886E+00  5.386749E+01  2.366819E+00  3.581541E+00  2.366819E+00
  4.592469E+01
      1500  1.500000E+00        41
 -1.202028E+06  3.095765E+02 -1.203144E+06  2.908479E+05 -1.493992E+06
  0.000000E+00  2.867828E-03  0.000000E+00  0.000000E+00 -1.185653E+06
  2.557955E+02 -4.690098E+04 -1.540017E+06  1.493119E+06  0.000000E+00
 -2.773520E-02  0.000000E+00  0.000000E+00  5.568179E+03  0.000000E+00
  0.000000E+00  0.000000E+00  9.000000E+01  9.000000E+01  9.000000E+01
  0.000000E+00  4.819610E+01  0.000000E+00  4.471877E-02  5.417566E-02
  4.414883E+00  7.543660E+00  4.603474E+01 -4.772814E+00  3.533005E+00
 -4.772814E+00  5.077939E+01 -1.831588E+00  3.533005E+00 -1.831588E+00
  4.777415E+01
      1510  1.510000E+00        41
 -1.202027E+06  2.880263E+02 -1.203065E+06  2.912331E+05 -1.494298E+06
  0.000000E+00  2.990982E-03  0.000000E+00  0.000000E+00 -1.185233E+06
  2.745148E+02 -4.831323E+04 -1.541730E+06  1.493423E+06  0.000000E+00
 -2.891416E-02  0.000000E+00  0.000000E+00  5.568179E+03  0.000000E+00
  0.000000E+00  0.000000E+00  9.000000E+01  9.000000E+01  9.000000E+01
  0.000000E+00  4.942874E+01  0.000000E+00  4.549336E-02  5.515246E-02
  4.440965E+00  7.635161E+00  4.975556E+01 -1.219971E+00  1.467951E-01
 -1.219971E+00  4.964049E+01 -3.541179E+00  1.467951E-01 -3.541179E+00
  4.889016E+01
      1520  1.520000E+00        41
 -1.202027E+06  3.117678E+02 -1.203151E+06  2.921785E+05 -1.495330E+06
  0.000000E+00  2.976629E-03  0.000000E+00  0.000000E+00 -1.184219E+06
  2.758449E+02 -5.118537E+04 -1.545636E+06  1.494455E+06  0.000000E+00
 -2.880461E-02  0.000000E+00  0.000000E+00  5.568179E+03  0.000000E+00
  0.000000E+00  0.000000E+00  9.000000E+01  9.000000E+01  9.000000E+01
  0.000000E+00  5.241437E+01  0.000000E+00  4.586852E-02  5.542607E-02
  4.466139E+00  7.727922E+00  5.152565E+01  2.047853E+00  4.174840E-01
  2.047853E+00  5.320146E+01  3.676478E-01  4.174840E-01  3.676478E-01
  5.251599E+01
      1530  1.530000E+00        41
 -1.202028E+06  3.004221E+02 -1.203111E+06  2.924722E+05 -1.495583E+06
  0.000000E+00  3.211102E-03  0.000000E+00  0.000000E+00 -1.183873E+06
  2.558262E+02 -5.230582E+04 -1.547017E+06  1.494710E+06  0.000000E+00
 -3.096870E-02  0.000000E+00  0.000000E+00  5.568179E+03  0.000000E+00
  0.000000E+00  0.000000E+00  9.000000E+01  9.000000E+01  9.000000E+01
  0.000000E+00  5.343386E+01  0.000000E+00  4.646390E-02  5.595475E-02
  4.489328E+00  7.820106E+00  4.774140E+01 -3.706205E+00 -1.622584E-01
 -3.706205E+00  5.669881E+01  2.733605E-01 -1.622584E-01  2.733605E-01
  5.586136E+01
      1540  1.540000E+00        41
 -1.202029E+06  3.241636E+02 -1.203197E+06  2.926079E+05 -1.495805E+06
  0.000000E+00  3.121597E-03  0.000000E+00  0.000000E+00 -1.183651E+06
  2.331041E+02 -5.280394E+04 -1.547738E+06  1.494933E+06  0.000000E+00
 -3.015393E-02  0.000000E+00  0.000000E+00  5.568179E+03  0.000000E+00
  0.000000E+00  0.000000E+00  9.000000E+01  9.000000E+01  9.000000E+01
  0.000000E+00  5.409101E+01  0.000000E+00  4.646651E-02  5.638507E-02
  4.509883E+00  7.911640E+00  4.973761E+01 -3.028926E+00 -2.603882E+00
 -3.028926E+00  5.818809E+01  4.103397E+00 -2.603882E+00  4.103397E+00
  5.434731E+01
      1550  1.550000E+00        41
 -1.202029E+06  3.017879E+02 -1.203116E+06  2.923420E+05 -1.495458E+06
  0.000000E+00  2.920730E-03  0.000000E+00  0.000000E+00 -1.184014E+06
  2.188518E+02 -5.187455E+04 -1.546453E+06  1.494584E+06  0.000000E+00
 -2.822710E-02  0.000000E+00  0.000000E+00  5.568179E+03  0.000000E+00
  0.000000E+00  0.000000E+00  9.000000E+01  9.000000E+01  9.000000E+01
  0.000000E+00  5.302131E+01  0.000000E+00  4.641115E-02  5.776438E-02
  4.526591E+00  8.001615E+00  4.956406E+01  1.906815E+00 -3.862504E-01
  1.906815E+00  5.511173E+01  3.610629E+00 -3.862504E-01  3.610629E+00
  5.438815E+01
      1560  1.560000E+00        41
 -1.202029E+06  3.009603E+02 -1.203113E+06  2.917138E+05 -1.494827E+06
  0.000000E+00  2.820999E-03  0.000000E+00  0.000000E+00 -1.184718E+06
  2.056374E+02 -4.976594E+04 -1.543708E+06  1.493945E+06  0.000000E+00
 -2.724597E-02  0.000000E+00  0.000000E+00  5.568179E+03  0.000000E+00
  0.000000E+00  0.000000E+00  9.000000E+01  9.000000E+01  9.000000E+01
  0.000000E+00  5.094709E+01  0.000000E+00  4.612545E-02  5.889944E-02
  4.538958E+00  8.088976E+00  4.471428E+01  1.140362E+00  1.138796E+00
  1.140362E+00  5.493053E+01 -1.794285E+00  1.138796E+00 -1.794285E+00
  5.319647E+01
      1570  1.570000E+00        41
 -1.202029E+06  3.019385E+02 -1.203117E+06  2.913564E+05 -1.494473E+06
  0.000000E+00  2.753967E-03  0.000000E+00  0.000000E+00 -1.185090E+06
  1.913214E+02 -4.864358E+04 -1.542235E+06  1.493597E+06  0.000000E+00
 -2.662303E-02  0.000000E+00  0.000000E+00  5.568179E+03  0.000000E+00
  0.000000E+00  0.000000E+00  9.000000E+01  9.000000E+01  9.000000E+01
  0.000000E+00  4.985325E+01  0.000000E+00  4.589545E-02  5.915492E-02
  4.545830E+00  8.169296E+00  4.705660E+01 -3.614525E+00 -3.994447E-01
 -3.614525E+00  5.168488E+01 -9.383377E-01 -3.994447E-01 -9.383377E-01
  5.081828E+01
      1580  1.580000E+00        41
 -1.202029E+06  3.180141E+02 -1.203175E+06  2.916893E+05 -1.494865E+06
  0.000000E+00  2.825917E-03  0.000000E+00  0.000000E+00 -1.184701E+06
  1.903457E+02 -4.969641E+04 -1.543672E+06  1.493988E+06  0.000000E+00
 -2.732275E-02  0.000000E+00  0.000000E+00  5.568179E+03  0.000000E+00
  0.000000E+00  0.000000E+00  9.000000E+01  9.000000E+01  9.000000E+01
  0.000000E+00  5.099987E+01  0.000000E+00  4.665640E-02  5.869664E-02
  4.545965E+00  8.240800E+00  4.787976E+01 -1.760078E+00 -4.865573E+00
 -1.760078E+00  5.181637E+01 -1.305944E+00 -4.865573E+00 -1.305944E+00
  5.330349E+01
      1590  1.590000E+00        41
 -1.202029E+06  2.885242E+02 -1.203069E+06  2.922859E+05 -1.495355E+06
  0.000000E+00  3.256716E-03  0.000000E+00  0.000000E+00 -1.184118E+06
  2.117601E+02 -5.165921E+04 -1.546131E+06  1.494486E+06  0.000000E+00
 -3.145570E-02  0.000000E+00  0.000000E+00  5.568179E+03  0.000000E+00
  0.000000E+00  0.000000E+00  9.000000E+01  9.000000E+01  9.000000E+01
  0.000000E+00  5.271642E+01  0.000000E+00  4.711777E-02  5.811437E-02
  4.539002E+00  8.306327E+00  4.273005E+01  8.832926E-01 -1.941895E+00
  8.832926E-01  5.878559E+01  5.764742E-01 -1.941895E+00  5.764742E-01
  5.663364E+01
      1600  1.600000E+00        41
 -1.202029E+06  3.001266E+02 -1.203111E+06  2.921959E+05 -1.495307E+06
  0.000000E+00  3.199275E-03  0.000000E+00  0.000000E+00 -1.184164E+06
  2.430175E+02 -5.143984E+04 -1.545865E+06  1.494434E+06  0.000000E+00
 -3.091120E-02  0.000000E+00  0.000000E+00  5.568179E+03  0.000000E+00
  0.000000E+00  0.000000E+00  9.000000E+01  9.000000E+01  9.000000E+01
  0.000000E+00  5.258249E+01  0.000000E+00  4.608222E-02  5.712523E-02
  4.523407E+00  8.364509E+00  4.728335E+01 -8.404874E-01  2.325077E+00
 -8.404874E-01  6.130381E+01 -3.555530E+00  2.325077E+00 -3.555530E+00
  4.916032E+01
      1610  1.610000E+00        41
 -1.202030E+06  3.296956E+02 -1.203218E+06  2.920133E+05 -1.495232E+06
  0.000000E+00  2.823829E-03  0.000000E+00  0.000000E+00 -1.184311E+06
  2.584216E+02 -5.078795E+04 -1.545151E+06  1.494356E+06  0.000000E+00
 -2.733487E-02  0.000000E+00  0.000000E+00  5.568179E+03  0.000000E+00
  0.000000E+00  0.000000E+00  9.000000E+01  9.000000E+01  9.000000E+01
  0.000000E+00  5.215168E+01  0.000000E+00  4.556372E-02  5.513428E-02
  4.501184E+00  8.416165E+00  5.180571E+01 -1.372368E+00  1.814949E-01
 -1.372368E+00  5.533189E+01 -1.014456E+00  1.814949E-01 -1.014456E+00
  4.931744E+01
      1620  1.620000E+00        41
 -1.202029E+06  2.883109E+02 -1.203068E+06  2.918986E+05 -1.494967E+06
  0.000000E+00  2.943787E-03  0.000000E+00  0.000000E+00 -1.184544E+06
  2.490530E+02 -5.038258E+04 -1.544484E+06  1.494094E+06  0.000000E+00
 -2.843485E-02  0.000000E+00  0.000000E+00  5.568179E+03  0.000000E+00
  0.000000E+00  0.000000E+00  9.000000E+01  9.000000E+01  9.000000E+01
  0.000000E+00  5.146154E+01  0.000000E+00  4.477152E-02  5.409992E-02
  4.476332E+00  8.463555E+00  4.999330E+01  2.075995E+00 -1.245705E+00
  2.075995E+00  4.843099E+01  1.550719E+00 -1.245705E+00  1.550719E+00
  5.596032E+01
      1630  1.630000E+00        41
 -1.202029E+06  2.892297E+02 -1.203072E+06  2.920750E+05 -1.495147E+06
  0.000000E+00  2.765274E-03  0.000000E+00  0.000000E+00 -1.184367E+06
  2.309765E+02 -5.090763E+04 -1.545180E+06  1.494267E+06  0.000000E+00
 -2.673686E-02  0.000000E+00  0.000000E+00  5.568179E+03  0.000000E+00
  0.000000E+00  0.000000E+00  9.000000E+01  9.000000E+01  9.000000E+01
  0.000000E+00  5.198359E+01  0.000000E+00  4.219193E-02  5.382646E-02
  4.450329E+00  8.507184E+00  5.133633E+01  7.003871E-01  2.255231E-01
  7.003871E-01  5.577205E+01 -2.977510E+00  2.255231E-01 -2.977510E+00
  4.884240E+01
      1640  1.640000E+00        41
 -1.202030E+06  3.046401E+02 -1.203128E+06  2.923386E+05 -1.495466E+06
  0.000000E+00  2.948702E-03  0.000000E+00  0.000000E+00 -1.183994E+06
  2.060957E+02 -5.191693E+04 -1.546508E+06  1.494588E+06  0.000000E+00
 -2.850651E-02  0.000000E+00  0.000000E+00  5.568179E+03  0.000000E+00
  0.000000E+00  0.000000E+00  9.000000E+01  9.000000E+01  9.000000E+01
  0.000000E+00  5.308337E+01  0.000000E+00  4.102833E-02  5.224809E-02
  4.423199E+00  8.546628E+00  5.216922E+01 -2.393498E-01 -2.183642E+00
 -2.393498E-01  5.929918E+01 -8.799054E-01 -2.183642E+00 -8.799054E-01
  4.778171E+01
      1650  1.650000E+00        41
 -1.202030E+06  3.270922E+02 -1.203209E+06  2.926726E+05 -1.495882E+06
  0.000000E+00  3.127799E-03  0.000000E+00  0.000000E+00 -1.183619E+06
  1.836864E+02 -5.288078E+04 -1.547882E+06  1.495009E+06  0.000000E+00
 -3.018474E-02  0.000000E+00  0.000000E+00  5.568179E+03  0.000000E+00
  0.000000E+00  0.000000E+00  9.000000E+01  9.000000E+01  9.000000E+01
  0.000000E+00  5.418831E+01  0.000000E+00  4.229853E-02  4.937041E-02
  4.394478E+00  8.581248E+00  4.943743E+01  1.599025E+00 -4.812742E+00
  1.599025E+00  5.616645E+01  8.702563E-01 -4.812742E+00  8.702563E-01
  5.696106E+01
      1660  1.660000E+00        41
 -1.202030E+06  2.830905E+02 -1.203050E+06  2.924360E+05 -1.495486E+06
  0.000000E+00  3.093818E-03  0.000000E+00  0.000000E+00 -1.183964E+06
  1.614261E+02 -5.216122E+04 -1.546755E+06  1.494609E+06  0.000000E+00
 -2.988055E-02  0.000000E+00  0.000000E+00  5.568179E+03  0.000000E+00
  0.000000E+00  0.000000E+00  9.000000E+01  9.000000E+01  9.000000E+01
  0.000000E+00  5.317173E+01  0.000000E+00  4.191205E-02  4.919806E-02
  4.364395E+00  8.611452E+00  4.802921E+01  1.196063E+00  1.022810E+00
  1.196063E+00  5.629617E+01  3.251878E+00  1.022810E+00  3.251878E+00
  5.518981E+01
      1670  1.670000E+00        41
 -1.202030E+06  3.069969E+02 -1.203137E+06  2.923035E+05 -1.495440E+06
  0.000000E+00  2.999057E-03  0.000000E+00  0.000000E+00 -1.184074E+06
  1.381839E+02 -5.165829E+04 -1.546212E+06  1.494562E+06  0.000000E+00
 -2.897828E-02  0.000000E+00  0.000000E+00  5.568179E+03  0.000000E+00
  0.000000E+00  0.000000E+00  9.000000E+01  9.000000E+01  9.000000E+01
  0.000000E+00  5.284796E+01  0.000000E+00  4.048268E-02  4.893705E-02
  4.332879E+00  8.636907E+00  4.774623E+01  2.412287E-01  4.922855E+00
  2.412287E-01  5.408906E+01  1.394175E+00  4.922855E+00  1.394175E+00
  5.670859E+01
      1680  1.680000E+00        41
 -1.202031E+06  3.071718E+02 -1.203138E+06  2.920837E+05 -1.495221E+06
  0.000000E+00  2.888656E-03  0.000000E+00  0.000000E+00 -1.184268E+06
  1.168777E+02 -5.107751E+04 -1.545415E+06  1.494344E+06  0.000000E+00
 -2.790814E-02  0.000000E+00  0.000000E+00  5.568179E+03  0.000000E+00
  0.000000E+00  0.000000E+00  9.000000E+01  9.000000E+01  9.000000E+01
  0.000000E+00  5.227993E+01  0.000000E+00  3.839630E-02  4.824928E-02
  4.299378E+00  8.656343E+00  4.574716E+01  1.693254E+00  2.217042E+00
  1.693254E+00  5.511045E+01  7.908347E-01  2.217042E+00  7.908347E-01
  5.598219E+01
      1690  1.690000E+00        41
 -1.202031E+06  3.119015E+02 -1.203155E+06  2.925158E+05 -1.495671E+06
  0.000000E+00  2.859452E-03  0.000000E+00  0.000000E+00 -1.183819E+06
  9.931641E+01 -5.238977E+04 -1.547174E+06  1.494793E+06  0.000000E+00
 -2.763728E-02  0.000000E+00  0.000000E+00  5.568179E+03  0.000000E+00
  0.000000E+00  0.000000E+00  9.000000E+01  9.000000E+01  9.000000E+01
  0.000000E+00  5.360123E+01  0.000000E+00  3.674914E-02  4.678337E-02
  4.263893E+00  8.669973E+00  5.162677E+01  2.610629E+00 -2.264716E-01
  2.610629E+00  5.627285E+01 -3.123567E+00 -2.264716E-01 -3.123567E+00
  5.290406E+01
      1700  1.700000E+00        41
 -1.202032E+06  3.153946E+02 -1.203168E+06  2.924640E+05 -1.495632E+06
  0.000000E+00  2.905012E-03  0.000000E+00  0.000000E+00 -1.183866E+06
  8.453025E+01 -5.222498E+04 -1.546975E+06  1.494754E+06  0.000000E+00
 -2.806976E-02  0.000000E+00  0.000000E+00  5.568179E+03  0.000000E+00
  0.000000E+00  0.000000E+00  9.000000E+01  9.000000E+01  9.000000E+01
  0.000000E+00  5.346463E+01  0.000000E+00  3.709884E-02  4.496327E-02
  4.226748E+00  8.677645E+00  5.554087E+01 -1.117940E-01  1.148791E+00
 -1.117940E-01  5.577612E+01 -2.712174E+00  1.148791E+00 -2.712174E+00
  4.907690E+01
      1710  1.710000E+00        41
 -1.202031E+06  2.930749E+02 -1.203087E+06  2.918746E+05 -1.494962E+06
  0.000000E+00  2.969336E-03  0.000000E+00  0.000000E+00 -1.184545E+06
  7.472431E+01 -5.034634E+04 -1.544431E+06  1.494089E+06  0.000000E+00
 -2.867307E-02  0.000000E+00  0.000000E+00  5.568179E+03  0.000000E+00
  0.000000E+00  0.000000E+00  9.000000E+01  9.000000E+01  9.000000E+01
  0.000000E+00  5.146395E+01  0.000000E+00  3.674173E-02  4.495668E-02
  4.188263E+00  8.678658E+00  4.899212E+01  8.902738E-01  2.044725E+00
  8.902738E-01  5.617020E+01  2.726008E+00  2.044725E+00  2.726008E+00
  4.922953E+01
      1720  1.720000E+00        41
 -1.202030E+06  2.881760E+02 -1.203069E+06  2.918583E+05 -1.494927E+06
  0.000000E+00  2.995224E-03  0.000000E+00  0.000000E+00 -1.184620E+06
  6.905533E+01 -5.015320E+04 -1.544197E+06  1.494049E+06  0.000000E+00
 -2.893421E-02  0.000000E+00  0.000000E+00  5.568179E+03  0.000000E+00
  0.000000E+00  0.000000E+00  9.000000E+01  9.000000E+01  9.000000E+01
  0.000000E+00  5.123996E+01  0.000000E+00  3.631095E-02  4.490368E-02
  4.148989E+00  8.675003E+00  4.222104E+01  1.259364E+00  2.072616E+00
  1.259364E+00  5.704132E+01  1.160142E+00  2.072616E+00  1.160142E+00
  5.445752E+01
      1730  1.730000E+00        41
 -1.202031E+06  3.119023E+02 -1.203155E+06  2.917539E+05 -1.494909E+06
  0.000000E+00  2.941359E-03  0.000000E+00  0.000000E+00 -1.184653E+06
  6.400053E+01 -4.988820E+04 -1.543913E+06  1.494029E+06  0.000000E+00
 -2.841601E-02  0.000000E+00  0.000000E+00  5.568179E+03  0.000000E+00
  0.000000E+00  0.000000E+00  9.000000E+01  9.000000E+01  9.000000E+01
  0.000000E+00  5.114789E+01  0.000000E+00  3.570255E-02  4.455987E-02
  4.108984E+00  8.667089E+00  4.660601E+01  9.085061E-01 -5.842094E-01
  9.085061E-01  5.257658E+01  4.633154E+00 -5.842094E-01  4.633154E+00
  5.426109E+01
      1740  1.740000E+00        41
 -1.202032E+06  2.932279E+02 -1.203088E+06  2.919135E+05 -1.495002E+06
  0.000000E+00  2.996748E-03  0.000000E+00  0.000000E+00 -1.184500E+06
  6.184710E+01 -5.048226E+04 -1.544603E+06  1.494121E+06  0.000000E+00
 -2.896756E-02  0.000000E+00  0.000000E+00  5.568179E+03  0.000000E+00
  0.000000E+00  0.000000E+00  9.000000E+01  9.000000E+01  9.000000E+01
  0.000000E+00  5.159869E+01  0.000000E+00  3.560533E-02  4.454049E-02
  4.068621E+00  8.655810E+00  5.103190E+01 -1.675105E+00  2.194063E+00
 -1.675105E+00  5.629936E+01  2.449850E+00  2.194063E+00  2.449850E+00
  4.746482E+01
      1750  1.750000E+00        41
 -1.202031E+06  2.993071E+02 -1.203110E+06  2.921446E+05 -1.495255E+06
  0.000000E+00  3.024739E-03  0.000000E+00  0.000000E+00 -1.184225E+06
  5.964689E+01 -5.126230E+04 -1.545635E+06  1.494376E+06  0.000000E+00
 -2.925514E-02  0.000000E+00  0.000000E+00  5.568179E+03  0.000000E+00
  0.000000E+00  0.000000E+00  9.000000E+01  9.000000E+01  9.000000E+01
  0.000000E+00  5.240701E+01  0.000000E+00  3.563487E-02  4.451450E-02
  4.027211E+00  8.640238E+00  4.958273E+01 -1.498016E-01  5.676419E+00
 -1.498016E-01  5.731105E+01 -1.922342E+00  5.676419E+00 -1.922342E+00
  5.032726E+01
      1760  1.760000E+00        41
 -1.202031E+06  3.108154E+02 -1.203151E+06  2.921199E+05 -1.495271E+06
  0.000000E+00  3.052202E-03  0.000000E+00  0.000000E+00 -1.184241E+06
  6.022503E+01 -5.113262E+04 -1.545530E+06  1.494394E+06  0.000000E+00
 -2.946846E-02  0.000000E+00  0.000000E+00  5.568179E+03  0.000000E+00
  0.000000E+00  0.000000E+00  9.000000E+01  9.000000E+01  9.000000E+01
  0.000000E+00  5.236116E+01  0.000000E+00  3.632310E-02  4.390183E-02
  3.984170E+00  8.618798E+00  4.818950E+01  3.499925E+00  1.960077E+00
  3.499925E+00  5.133493E+01 -5.987315E-01  1.960077E+00 -5.987315E-01
  5.755903E+01
      1770  1.770000E+00        41
 -1.202031E+06  3.065119E+02 -1.203136E+06  2.921793E+05 -1.495315E+06
  0.000000E+00  3.033919E-03  0.000000E+00  0.000000E+00 -1.184196E+06
  6.340618E+01 -5.129823E+04 -1.545748E+06  1.494436E+06  0.000000E+00
 -2.931825E-02  0.000000E+00  0.000000E+00  5.568179E+03  0.000000E+00
  0.000000E+00  0.000000E+00  9.000000E+01  9.000000E+01  9.000000E+01
  0.000000E+00  5.249312E+01  0.000000E+00  3.605367E-02  4.427667E-02
  3.940817E+00  8.593818E+00  4.771562E+01  1.404129E+00  1.532705E+00
  1.404129E+00  5.443303E+01  9.902209E-01  1.532705E+00  9.902209E-01
  5.533071E+01
      1780  1.780000E+00        41
 -1.202031E+06  2.990221E+02 -1.203109E+06  2.926044E+05 -1.495713E+06
  0.000000E+00  3.146612E-03  0.000000E+00  0.000000E+00 -1.183757E+06
  6.870721E+01 -5.266729E+04 -1.547505E+06  1.494832E+06  0.000000E+00
 -3.038469E-02  0.000000E+00  0.000000E+00  5.568179E+03  0.000000E+00
  0.000000E+00  0.000000E+00  9.000000E+01  9.000000E+01  9.000000E+01
  0.000000E+00  5.378316E+01  0.000000E+00  3.511398E-02  4.490582E-02
  3.897543E+00  8.565743E+00  4.833651E+01 -2.081185E+00  1.603254E+00
 -2.081185E+00  5.541450E+01  8.502378E-04  1.603254E+00  8.502378E-04
  5.759847E+01
      1790  1.790000E+00        41
 -1.202032E+06  3.044839E+02 -1.203129E+06  2.926249E+05 -1.495754E+06
  0.000000E+00  3.081459E-03  0.000000E+00  0.000000E+00 -1.183739E+06
  7.410276E+01 -5.268634E+04 -1.547564E+06  1.494874E+06  0.000000E+00
 -2.978201E-02  0.000000E+00  0.000000E+00  5.568179E+03  0.000000E+00
  0.000000E+00  0.000000E+00  9.000000E+01  9.000000E+01  9.000000E+01
  0.000000E+00  5.384034E+01  0.000000E+00  3.567682E-02  4.410919E-02
  3.854596E+00  8.536034E+00  5.644936E+01 -3.500592E-01 -2.418450E+00
 -3.500592E-01  4.875508E+01 -1.939618E+00 -2.418450E+00 -1.939618E+00
  5.631657E+01
      1800  1.800000E+00        41
 -1.202032E+06  3.031471E+02 -1.203124E+06  2.921355E+05 -1.495260E+06
  0.000000E+00  2.848750E-03  0.000000E+00  0.000000E+00 -1.184227E+06
  8.325941E+01 -5.122948E+04 -1.545612E+06  1.494383E+06  0.000000E+00
 -2.752953E-02  0.000000E+00  0.000000E+00  5.568179E+03  0.000000E+00
  0.000000E+00  0.000000E+00  9.000000E+01  9.000000E+01  9.000000E+01
  0.000000E+00  5.240139E+01  0.000000E+00  3.574071E-02  4.419519E-02
  3.811651E+00  8.504725E+00  5.691382E+01  3.588224E+00 -3.087204E+00
  3.588224E+00  5.301729E+01 -1.332431E+00 -3.087204E+00 -1.332431E+00
  4.727305E+01
      1810  1.810000E+00        41
 -1.202033E+06  3.262139E+02 -1.203208E+06  2.919523E+05 -1.495161E+06
  0.000000E+00  2.889566E-03  0.000000E+00  0.000000E+00 -1.184401E+06
  9.191183E+01 -5.054508E+04 -1.544814E+06  1.494282E+06  0.000000E+00
 -2.793400E-02  0.000000E+00  0.000000E+00  5.568179E+03  0.000000E+00
  0.000000E+00  0.000000E+00  9.000000E+01  9.000000E+01  9.000000E+01
  0.000000E+00  5.189287E+01  0.000000E+00  3.641745E-02  4.512205E-02
  3.768371E+00  8.471933E+00  4.875562E+01  2.211985E+00  2.776387E+00
  2.211985E+00  5.842182E+01 -1.586168E+00  2.776387E+00 -1.586168E+00
  4.850117E+01
      1820  1.820000E+00        41
 -1.202032E+06  3.127387E+02 -1.203160E+06  2.915275E+05 -1.494687E+06
  0.000000E+00  2.822742E-03  0.000000E+00  0.000000E+00 -1.184874E+06
  8.788334E+01 -4.922259E+04 -1.542994E+06  1.493805E+06  0.000000E+00
 -2.729245E-02  0.000000E+00  0.000000E+00  5.568179E+03  0.000000E+00
  0.000000E+00  0.000000E+00  9.000000E+01  9.000000E+01  9.000000E+01
  0.000000E+00  5.050022E+01  0.000000E+00  3.821486E-02  4.662141E-02
  3.723010E+00  8.435757E+00  4.862566E+01 -1.505642E+00  9.167451E-01
 -1.505642E+00  5.123043E+01  3.406944E+00  9.167451E-01  3.406944E+00
  5.164457E+01
      1830  1.830000E+00        41
 -1.202032E+06  2.818867E+02 -1.203048E+06  2.914906E+05 -1.494539E+06
  0.000000E+00  2.903264E-03  0.000000E+00  0.000000E+00 -1.184984E+06
  8.663210E+01 -4.911608E+04 -1.542745E+06  1.493660E+06  0.000000E+00
 -2.807131E-02  0.000000E+00  0.000000E+00  5.568179E+03  0.000000E+00
  0.000000E+00  0.000000E+00  9.000000E+01  9.000000E+01  9.000000E+01
  0.000000E+00  5.017756E+01  0.000000E+00  3.999039E-02  4.874725E-02
  3.672393E+00  8.390210E+00  4.946171E+01  1.330867E+00 -3.806691E+00
  1.330867E+00  4.625837E+01  3.400993E+00 -3.806691E+00  3.400993E+00
  5.481261E+01
      1840  1.840000E+00        41
 -1.202032E+06  2.984075E+02 -1.203108E+06  2.920099E+05 -1.495118E+06
  0.000000E+00  3.083687E-03  0.000000E+00  0.000000E+00 -1.184355E+06
  8.720377E+01 -5.088241E+04 -1.545103E+06  1.494236E+06  0.000000E+00
 -2.981958E-02  0.000000E+00  0.000000E+00  5.568179E+03  0.000000E+00
  0.000000E+00  0.000000E+00  9.000000E+01  9.000000E+01  9.000000E+01
  0.000000E+00  5.202727E+01  0.000000E+00  4.053453E-02  5.130733E-02
  3.617445E+00  8.336773E+00  4.561945E+01  3.221617E+00 -2.497750E+00
  3.221617E+00  5.332608E+01 -1.965775E+00 -2.497750E+00 -1.965775E+00
  5.713629E+01
      1850  1.850000E+00        41
 -1.202032E+06  3.068439E+02 -1.203138E+06  2.924532E+05 -1.495592E+06
  0.000000E+00  2.930227E-03  0.000000E+00  0.000000E+00 -1.183869E+06
  8.683131E+01 -5.228036E+04 -1.546983E+06  1.494709E+06  0.000000E+00
 -2.832158E-02  0.000000E+00  0.000000E+00  5.568179E+03  0.000000E+00
  0.000000E+00  0.000000E+00  9.000000E+01  9.000000E+01  9.000000E+01
  0.000000E+00  5.345842E+01  0.000000E+00  4.082558E-02  5.359104E-02
  3.560255E+00  8.278830E+00  5.009729E+01 -2.736635E+00 -3.036007E+00
 -2.736635E+00  5.573950E+01 -3.451747E+00 -3.036007E+00 -3.451747E+00
  5.453849E+01
      1860  1.860000E+00        41
 -1.202033E+06  3.007172E+02 -1.203116E+06  2.922552E+05 -1.495372E+06
  0.000000E+00  3.049171E-03  0.000000E+00  0.000000E+00 -1.184095E+06
  9.013183E+01 -5.164571E+04 -1.546133E+06  1.494484E+06  0.000000E+00
 -2.945480E-02  0.000000E+00  0.000000E+00  5.568179E+03  0.000000E+00
  0.000000E+00  0.000000E+00  9.000000E+01  9.000000E+01  9.000000E+01
  0.000000E+00  5.279238E+01  0.000000E+00  4.168844E-02  5.581817E-02
  3.502898E+00  8.220552E+00  5.572651E+01 -2.461847E+00 -2.281400E+00
 -2.461847E+00  5.423916E+01 -1.975576E+00 -2.281400E+00 -1.975576E+00
  4.841148E+01
      1870  1.870000E+00        41
 -1.202033E+06  3.071826E+02 -1.203140E+06  2.915407E+05 -1.494681E+06
  0.000000E+00  2.943756E-03  0.000000E+00  0.000000E+00 -1.184839E+06
  9.662161E+01 -4.936934E+04 -1.543150E+06  1.493790E+06  0.000000E+00
 -2.847128E-02  0.000000E+00  0.000000E+00  5.568179E+03  0.000000E+00
  0.000000E+00  0.000000E+00  9.000000E+01  9.000000E+01  9.000000E+01
  0.000000E+00  5.060468E+01  0.000000E+00  4.267919E-02  5.778791E-02
  3.446176E+00  8.164361E+00  5.186759E+01  1.201679E+00  7.018841E-02
  1.201679E+00  5.120040E+01 -6.830119E-01  7.018841E-02 -6.830119E-01
  4.874606E+01
      1880  1.880000E+00        41
 -1.202032E+06  2.890978E+02 -1.203074E+06  2.909880E+05 -1.494062E+06
  0.000000E+00  2.905217E-03  0.000000E+00  0.000000E+00 -1.185495E+06
  1.055321E+02 -4.753036E+04 -1.540679E+06  1.493174E+06  0.000000E+00
 -2.809666E-02  0.000000E+00  0.000000E+00  5.568179E+03  0.000000E+00
  0.000000E+00  0.000000E+00  9.000000E+01  9.000000E+01  9.000000E+01
  0.000000E+00  4.867240E+01  0.000000E+00  4.398058E-02  5.872047E-02
  3.390091E+00  8.110769E+00  4.595115E+01  5.006940E-01 -2.680400E+00
  5.006940E-01  5.068911E+01 -3.211125E+00 -2.680400E+00 -3.211125E+00
  4.937695E+01
      1890  1.890000E+00        41
 -1.202032E+06  3.005472E+02 -1.203116E+06  2.912788E+05 -1.494394E+06
  0.000000E+00  2.861866E-03  0.000000E+00  0.000000E+00 -1.185210E+06
  1.107665E+02 -4.830364E+04 -1.541800E+06  1.493511E+06  0.000000E+00
 -2.766639E-02  0.000000E+00  0.000000E+00  5.568179E+03  0.000000E+00
  0.000000E+00  0.000000E+00  9.000000E+01  9.000000E+01  9.000000E+01
  0.000000E+00  4.951188E+01  0.000000E+00  4.535559E-02  5.819297E-02
  3.336147E+00  8.063605E+00  4.394966E+01 -8.603563E-01 -4.202994E+00
 -8.603563E-01  5.197685E+01  3.872696E+00 -4.202994E+00  3.872696E+00
  5.260914E+01
      1900  1.900000E+00        41
 -1.202033E+06  3.066888E+02 -1.203138E+06  2.915091E+05 -1.494647E+06
  0.000000E+00  2.907421E-03  0.000000E+00  0.000000E+00 -1.184917E+06
  1.163166E+02 -4.913897E+04 -1.542895E+06  1.493768E+06  0.000000E+00
 -2.812699E-02  0.000000E+00  0.000000E+00  5.568179E+03  0.000000E+00
  0.000000E+00  0.000000E+00  9.000000E+01  9.000000E+01  9.000000E+01
  0.000000E+00  5.037470E+01  0.000000E+00  4.505953E-02  5.897202E-02
  3.284843E+00  8.024069E+00  4.620684E+01 -2.154974E+00 -3.532659E+00
 -2.154974E+00  4.883128E+01  6.341881E+00 -3.532659E+00  6.341881E+00
  5.608597E+01
      1910  1.910000E+00        41
 -1.202032E+06  3.023552E+02 -1.203122E+06  2.920926E+05 -1.495215E+06
  0.000000E+00  3.153717E-03  0.000000E+00  0.000000E+00 -1.184278E+06
  1.200923E+02 -5.108825E+04 -1.545414E+06  1.494335E+06  0.000000E+00
 -3.047672E-02  0.000000E+00  0.000000E+00  5.568179E+03  0.000000E+00
  0.000000E+00  0.000000E+00  9.000000E+01  9.000000E+01  9.000000E+01
  0.000000E+00  5.225633E+01  0.000000E+00  4.534930E-02  5.854985E-02
  3.236918E+00  7.993828E+00  5.293710E+01  1.115920E+00 -8.792767E-01
  1.115920E+00  5.199640E+01 -3.131509E+00 -8.792767E-01 -3.131509E+00
  5.183550E+01
      1920  1.920000E+00        41
 -1.202032E+06  2.957443E+02 -1.203098E+06  2.927035E+05 -1.495802E+06
  0.000000E+00  3.032712E-03  0.000000E+00  0.000000E+00 -1.183652E+06
  1.197040E+02 -5.301135E+04 -1.547929E+06  1.494925E+06  0.000000E+00
 -2.932426E-02  0.000000E+00  0.000000E+00  5.568179E+03  0.000000E+00
  0.000000E+00  0.000000E+00  9.000000E+01  9.000000E+01  9.000000E+01
  0.000000E+00  5.409627E+01  0.000000E+00  4.682836E-02  5.654218E-02
  3.191982E+00  7.971093E+00  5.505015E+01 -6.326961E-01 -6.752666E-02
 -6.326961E-01  5.573230E+01 -2.853563E+00 -6.752666E-02 -2.853563E+00
  5.150637E+01
      1930  1.930000E+00        41
 -1.202032E+06  3.013826E+02 -1.203119E+06  2.927977E+05 -1.495916E+06
  0.000000E+00  2.966659E-03  0.000000E+00  0.000000E+00 -1.183529E+06
  1.202062E+02 -5.333972E+04 -1.548373E+06  1.495038E+06  0.000000E+00
 -2.867125E-02  0.000000E+00  0.000000E+00  5.568179E+03  0.000000E+00
  0.000000E+00  0.000000E+00  9.000000E+01  9.000000E+01  9.000000E+01
  0.000000E+00  5.445830E+01  0.000000E+00  4.690827E-02  5.585273E-02
  3.149546E+00  7.953873E+00  5.746465E+01 -1.487911E+00  1.431123E+00
 -1.487911E+00  5.225910E+01  1.103131E+00  1.431123E+00  1.103131E+00
  5.365113E+01
      1940  1.940000E+00        41
 -1.202033E+06  3.048891E+02 -1.203132E+06  2.927882E+05 -1.495920E+06
  0.000000E+00  3.050483E-03  0.000000E+00  0.000000E+00 -1.183542E+06
  1.226306E+02 -5.327885E+04 -1.548312E+06  1.495039E+06  0.000000E+00
 -2.944304E-02  0.000000E+00  0.000000E+00  5.568179E+03  0.000000E+00
  0.000000E+00  0.000000E+00  9.000000E+01  9.000000E+01  9.000000E+01
  0.000000E+00  5.442331E+01  0.000000E+00  4.702186E-02  5.518021E-02
  3.109903E+00  7.942665E+00  5.402971E+01 -1.045035E+00  1.075095E+00
 -1.045035E+00  5.199014E+01 -8.108980E-01  1.075095E+00 -8.108980E-01
  5.725009E+01
      1950  1.950000E+00        41
 -1.202033E+06  3.134453E+02 -1.203163E+06  2.925092E+05 -1.495672E+06
  0.000000E+00  2.971929E-03  0.000000E+00  0.000000E+00 -1.183824E+06
  1.281325E+02 -5.237249E+04 -1.547163E+06  1.494795E+06  0.000000E+00
 -2.870745E-02  0.000000E+00  0.000000E+00  5.568179E+03  0.000000E+00
  0.000000E+00  0.000000E+00  9.000000E+01  9.000000E+01  9.000000E+01
  0.000000E+00  5.359449E+01  0.000000E+00  4.613205E-02  5.458131E-02
  3.074254E+00  7.940711E+00  5.143859E+01  8.055588E-01 -1.278381E+00
  8.055588E-01  5.230324E+01 -6.483139E-01 -1.278381E+00 -6.483139E-01
  5.704164E+01
      1960  1.960000E+00        41
 -1.202034E+06  3.210002E+02 -1.203191E+06  2.924852E+05 -1.495676E+06
  0.000000E+00  2.773879E-03  0.000000E+00  0.000000E+00 -1.183848E+06
  1.265756E+02 -5.224612E+04 -1.547038E+06  1.494790E+06  0.000000E+00
 -2.679627E-02  0.000000E+00  0.000000E+00  5.568179E+03  0.000000E+00
  0.000000E+00  0.000000E+00  9.000000E+01  9.000000E+01  9.000000E+01
  0.000000E+00  5.352398E+01  0.000000E+00  4.545715E-02  5.411579E-02
  3.043452E+00  7.949446E+00  5.513395E+01 -6.812472E-01  1.610052E+00
 -6.812472E-01  5.017952E+01  2.023052E+00  1.610052E+00  2.023052E+00
  5.525848E+01
      1970  1.970000E+00        41
 -1.202033E+06  2.810924E+02 -1.203046E+06  2.928662E+05 -1.495912E+06
  0.000000E+00  2.922628E-03  0.000000E+00  0.000000E+00 -1.183528E+06
  1.211976E+02 -5.349263E+04 -1.548525E+06  1.495024E+06  0.000000E+00
 -2.817578E-02  0.000000E+00  0.000000E+00  5.568179E+03  0.000000E+00
  0.000000E+00  0.000000E+00  9.000000E+01  9.000000E+01  9.000000E+01
  0.000000E+00  5.446478E+01  0.000000E+00  4.608881E-02  5.422653E-02
  3.015948E+00  7.963435E+00  5.557701E+01 -1.228703E+00  1.223199E+00
 -1.228703E+00  5.093586E+01 -3.776912E-01  1.223199E+00 -3.776912E-01
  5.688147E+01
      1980  1.980000E+00        41
 -1.202034E+06  3.204752E+02 -1.203190E+06  2.931849E+05 -1.496374E+06
  0.000000E+00  2.947160E-03  0.000000E+00  0.000000E+00 -1.183067E+06
  1.165690E+02 -5.459534E+04 -1.550095E+06  1.495490E+06  0.000000E+00
 -2.846853E-02  0.000000E+00  0.000000E+00  5.568179E+03  0.000000E+00
  0.000000E+00  0.000000E+00  9.000000E+01  9.000000E+01  9.000000E+01
  0.000000E+00  5.582525E+01  0.000000E+00  4.561383E-02  5.481645E-02
  2.991358E+00  7.980933E+00  5.425548E+01  1.193388E+00  2.373179E+00
  1.193388E+00  5.995876E+01 -1.713747E+00  2.373179E+00 -1.713747E+00
  5.326153E+01
      1990  1.990000E+00        41
 -1.202034E+06  2.879358E+02 -1.203072E+06  2.931234E+05 -1.496195E+06
  0.000000E+00  2.919391E-03  0.000000E+00  0.000000E+00 -1.183171E+06
  1.114643E+02 -5.451626E+04 -1.549834E+06  1.495312E+06  0.000000E+00
 -2.817955E-02  0.000000E+00  0.000000E+00  5.568179E+03  0.000000E+00
  0.000000E+00  0.000000E+00  9.000000E+01  9.000000E+01  9.000000E+01
  0.000000E+00  5.551767E+01  0.000000E+00  4.467633E-02  5.584034E-02
  2.971259E+00  8.006136E+00  5.270536E+01 -1.382710E+00  8.488578E-01
 -1.382710E+00  6.241619E+01  5.363486E+00  8.488578E-01  5.363486E+00
  5.143146E+01
      2000  2.000000E+00        41
 -1.202034E+06  3.056811E+02 -1.203136E+06  2.930890E+05 -1.496225E+06
  0.000000E+00  3.033408E-03  0.000000E+00  0.000000E+00 -1.183163E+06
  1.071408E+02 -5.441118E+04 -1.549757E+06  1.495347E+06  0.000000E+00
 -2.929196E-02  0.000000E+00  0.000000E+00  5.568179E+03  0.000000E+00
  0.000000E+00  0.000000E+00  9.000000E+01  9.000000E+01  9.000000E+01
  0.000000E+00  5.554018E+01  0.000000E+00  4.489097E-02  5.504133E-02
  2.956437E+00  8.040650E+00  4.913661E+01 -1.281167E+00  2.600481E-01
 -1.281167E+00  5.994499E+01  2.702144E+00  2.600481E-01  2.702144E+00
  5.753893E+01
      2010  2.010000E+00        41
 -1.202034E+06  3.099209E+02 -1.203151E+06  2.928926E+05 -1.496044E+06
  0.000000E+00  2.917855E-03  0.000000E+00  0.000000E+00 -1.183402E+06
  1.012662E+02 -5.366527E+04 -1.548831E+06  1.495167E+06  0.000000E+00
 -2.818563E-02  0.000000E+00  0.000000E+00  5.568179E+03  0.000000E+00
  0.000000E+00  0.000000E+00  9.000000E+01  9.000000E+01  9.000000E+01
  0.000000E+00  5.483853E+01  0.000000E+00  4.598053E-02  5.297933E-02
  2.946782E+00  8.083392E+00  4.994674E+01  1.721619E+00  3.241292E+00
  1.721619E+00  5.515205E+01 -1.651469E+00  3.241292E+00 -1.651469E+00
  5.941680E+01
      2020  2.020000E+00        41
 -1.202034E+06  2.979193E+02 -1.203108E+06  2.927363E+05 -1.495844E+06
  0.000000E+00  2.814394E-03  0.000000E+00  0.000000E+00 -1.183612E+06
  9.459803E+01 -5.312171E+04 -1.548092E+06  1.494965E+06  0.000000E+00
 -2.717091E-02  0.000000E+00  0.000000E+00  5.568179E+03  0.000000E+00
  0.000000E+00  0.000000E+00  9.000000E+01  9.000000E+01  9.000000E+01
  0.000000E+00  5.422055E+01  0.000000E+00  4.523267E-02  5.202263E-02
  2.942214E+00  8.133658E+00  5.426304E+01 -4.283545E-02  2.635874E+00
 -4.283545E-02  5.537950E+01 -2.845744E+00  2.635874E+00 -2.845744E+00
  5.301910E+01
      2030  2.030000E+00        41
 -1.202034E+06  2.930890E+02 -1.203090E+06  2.929013E+05 -1.495991E+06
  0.000000E+00  3.046958E-03  0.000000E+00  0.000000E+00 -1.183478E+06
  8.934439E+01 -5.355665E+04 -1.548675E+06  1.495110E+06  0.000000E+00
 -2.940199E-02  0.000000E+00  0.000000E+00  5.568179E+03  0.000000E+00
  0.000000E+00  0.000000E+00  9.000000E+01  9.000000E+01  9.000000E+01
  0.000000E+00  5.461322E+01  0.000000E+00  4.445060E-02  5.070668E-02
  2.943225E+00  8.192740E+00  4.878898E+01 -1.665570E+00  3.597003E+00
 -1.665570E+00  6.194201E+01 -9.664193E-01  3.597003E+00 -9.664193E-01
  5.310866E+01
      2040  2.040000E+00        41
 -1.202034E+06  2.988907E+02 -1.203111E+06  2.926678E+05 -1.495779E+06
  0.000000E+00  2.838714E-03  0.000000E+00  0.000000E+00 -1.183691E+06
  8.789065E+01 -5.287574E+04 -1.547782E+06  1.494900E+06  0.000000E+00
 -2.743330E-02  0.000000E+00  0.000000E+00  5.568179E+03  0.000000E+00
  0.000000E+00  0.000000E+00  9.000000E+01  9.000000E+01  9.000000E+01
  0.000000E+00  5.398627E+01  0.000000E+00  4.341454E-02  4.971938E-02
  2.949806E+00  8.261491E+00  4.801675E+01 -1.923567E+00  2.566655E+00
 -1.923567E+00  5.895134E+01  3.488885E+00  2.566655E+00  3.488885E+00
  5.499071E+01
      2050  2.050000E+00        41
 -1.202035E+06  3.139198E+02 -1.203167E+06  2.927636E+05 -1.495930E+06
  0.000000E+00  2.953262E-03  0.000000E+00  0.000000E+00 -1.183558E+06
  8.658642E+01 -5.316949E+04 -1.548217E+06  1.495054E+06  0.000000E+00
 -2.849325E-02  0.000000E+00  0.000000E+00  5.568179E+03  0.000000E+00
  0.000000E+00  0.000000E+00  9.000000E+01  9.000000E+01  9.000000E+01
  0.000000E+00  5.438077E+01  0.000000E+00  4.197797E-02  4.921046E-02
  2.961607E+00  8.338995E+00  5.513652E+01 -8.270016E-01  6.316849E-01
 -8.270016E-01  5.617240E+01  4.429097E+00  6.316849E-01  4.429097E+00
  5.183340E+01
      2060  2.060000E+00        41
 -1.202034E+06  2.963671E+02 -1.203102E+06  2.930847E+05 -1.496187E+06
  0.000000E+00  2.977125E-03  0.000000E+00  0.000000E+00 -1.183207E+06
  8.763667E+01 -5.434655E+04 -1.549634E+06  1.495307E+06  0.000000E+00
 -2.872904E-02  0.000000E+00  0.000000E+00  5.568179E+03  0.000000E+00
  0.000000E+00  0.000000E+00  9.000000E+01  9.000000E+01  9.000000E+01
  0.000000E+00  5.541138E+01  0.000000E+00  4.059504E-02  4.785357E-02
  2.979515E+00  8.426593E+00  5.345414E+01  3.177678E-01 -3.863908E-02
  3.177678E-01  5.742169E+01  2.228834E+00 -3.863908E-02  2.228834E+00
  5.535833E+01
      2070  2.070000E+00        41
 -1.202035E+06  3.254009E+02 -1.203208E+06  2.935296E+05 -1.496737E+06
  0.000000E+00  2.877199E-03  0.000000E+00  0.000000E+00 -1.182688E+06
  9.810767E+01 -5.569819E+04 -1.551539E+06  1.495859E+06  0.000000E+00
 -2.778250E-02  0.000000E+00  0.000000E+00  5.568179E+03  0.000000E+00
  0.000000E+00  0.000000E+00  9.000000E+01  9.000000E+01  9.000000E+01
  0.000000E+00  5.694251E+01  0.000000E+00  3.958922E-02  4.635525E-02
  3.005512E+00  8.528595E+00  5.138699E+01 -2.872357E-01  2.132420E+00
 -2.872357E-01  5.991335E+01  2.176197E+00  2.132420E+00  2.176197E+00
  5.952718E+01
      2080  2.080000E+00        41
 -1.202035E+06  3.007806E+02 -1.203119E+06  2.938459E+05 -1.496965E+06
  0.000000E+00  3.141610E-03  0.000000E+00  0.000000E+00 -1.182388E+06
  1.137473E+02 -5.677513E+04 -1.552846E+06  1.496081E+06  0.000000E+00
 -3.027998E-02  0.000000E+00  0.000000E+00  5.568179E+03  0.000000E+00
  0.000000E+00  0.000000E+00  9.000000E+01  9.000000E+01  9.000000E+01
  0.000000E+00  5.782455E+01  0.000000E+00  3.885481E-02  4.614073E-02
  3.040225E+00  8.647503E+00  5.377213E+01  1.962664E+00  2.664027E+00
  1.962664E+00  6.339241E+01 -1.369266E+00  2.664027E+00 -1.369266E+00
  5.630913E+01
      2090  2.090000E+00        41
 -1.202035E+06  3.021112E+02 -1.203124E+06  2.936118E+05 -1.496736E+06
  0.000000E+00  2.997510E-03  0.000000E+00  0.000000E+00 -1.182635E+06
  1.242768E+02 -5.602451E+04 -1.551876E+06  1.495854E+06  0.000000E+00
 -2.895094E-02  0.000000E+00  0.000000E+00  5.568179E+03  0.000000E+00
  0.000000E+00  0.000000E+00  9.000000E+01  9.000000E+01  9.000000E+01
  0.000000E+00  5.709730E+01  0.000000E+00  3.799331E-02  4.507544E-02
  3.082019E+00  8.779975E+00  5.441155E+01  3.347304E+00 -4.201987E+00
  3.347304E+00  6.068370E+01 -3.811044E+00 -4.201987E+00 -3.811044E+00
  5.619666E+01
      2100  2.100000E+00        41
 -1.202035E+06  3.033480E+02 -1.203129E+06  2.932304E+05 -1.496359E+06
  0.000000E+00  2.979849E-03  0.000000E+00  0.000000E+00 -1.183079E+06
  1.331082E+02 -5.468540E+04 -1.550166E+06  1.495487E+06  0.000000E+00
 -2.874492E-02  0.000000E+00  0.000000E+00  5.568179E+03  0.000000E+00
  0.000000E+00  0.000000E+00  9.000000E+01  9.000000E+01  9.000000E+01
  0.000000E+00  5.579207E+01  0.000000E+00  3.657392E-02  4.495423E-02
  3.129084E+00  8.921173E+00  5.345765E+01  4.718159E-01 -1.469764E+00
  4.718159E-01  5.686914E+01  5.093474E-01 -1.469764E+00  5.093474E-01
  5.704943E+01
      2110  2.110000E+00        41
 -1.202035E+06  2.939399E+02 -1.203095E+06  2.928461E+05 -1.495941E+06
  0.000000E+00  2.909835E-03  0.000000E+00  0.000000E+00 -1.183524E+06
  1.445611E+02 -5.341870E+04 -1.548484E+06  1.495068E+06  0.000000E+00
 -2.807879E-02  0.000000E+00  0.000000E+00  5.568179E+03  0.000000E+00
  0.000000E+00  0.000000E+00  9.000000E+01  9.000000E+01  9.000000E+01
  0.000000E+00  5.448254E+01  0.000000E+00  3.479810E-02  4.542303E-02
  3.181151E+00  9.071087E+00  5.125402E+01 -2.676563E+00 -1.316272E+00
 -2.676563E+00  5.539601E+01  4.007838E+00 -1.316272E+00  4.007838E+00
  5.679760E+01
      2120  2.120000E+00        41
 -1.202035E+06  2.971750E+02 -1.203106E+06  2.924815E+05 -1.495588E+06
  0.000000E+00  2.817050E-03  0.000000E+00  0.000000E+00 -1.183893E+06
  1.538466E+02 -5.228865E+04 -1.547005E+06  1.494712E+06  0.000000E+00
 -2.723319E-02  0.000000E+00  0.000000E+00  5.568179E+03  0.000000E+00
  0.000000E+00  0.000000E+00  9.000000E+01  9.000000E+01  9.000000E+01
  0.000000E+00  5.339654E+01  0.000000E+00  3.313394E-02  4.482416E-02
  3.237661E+00  9.228547E+00  5.387981E+01 -5.530629E-01 -2.437742E+00
 -5.530629E-01  5.646673E+01  3.146907E+00 -2.437742E+00  3.146907E+00
  4.984309E+01
      2130  2.130000E+00        41
 -1.202035E+06  2.998085E+02 -1.203116E+06  2.925357E+05 -1.495651E+06
  0.000000E+00  2.875309E-03  0.000000E+00  0.000000E+00 -1.183809E+06
  1.671795E+02 -5.252064E+04 -1.547298E+06  1.494774E+06  0.000000E+00
 -2.775805E-02  0.000000E+00  0.000000E+00  5.568179E+03  0.000000E+00
  0.000000E+00  0.000000E+00  9.000000E+01  9.000000E+01  9.000000E+01
  0.000000E+00  5.364244E+01  0.000000E+00  3.150582E-02  4.308100E-02
  3.298404E+00  9.393416E+00  5.106931E+01  1.208263E+00 -5.302150E-01
  1.208263E+00  6.078788E+01 -1.353693E+00 -5.302150E-01 -1.353693E+00
  4.907013E+01
      2140  2.140000E+00        41
 -1.202035E+06  2.910207E+02 -1.203084E+06  2.927224E+05 -1.495806E+06
  0.000000E+00  2.984184E-03  0.000000E+00  0.000000E+00 -1.183635E+06
  1.811320E+02 -5.310427E+04 -1.548035E+06  1.494926E+06  0.000000E+00
 -2.883789E-02  0.000000E+00  0.000000E+00  5.568179E+03  0.000000E+00
  0.000000E+00  0.000000E+00  9.000000E+01  9.000000E+01  9.000000E+01
  0.000000E+00  5.415253E+01  0.000000E+00  3.112910E-02  3.996110E-02
  3.363626E+00  9.567342E+00  4.883432E+01  4.329025E-01 -2.294949E+00
  4.329025E-01  5.935507E+01 -1.658263E+00 -2.294949E+00 -1.658263E+00
  5.426819E+01
      2150  2.150000E+00        41
 -1.202034E+06  2.908655E+02 -1.203083E+06  2.925204E+05 -1.495603E+06
  0.000000E+00  2.960229E-03  0.000000E+00  0.000000E+00 -1.183844E+06
  1.877626E+02 -5.247780E+04 -1.547199E+06  1.494720E+06  0.000000E+00
 -2.860232E-02  0.000000E+00  0.000000E+00  5.568179E+03  0.000000E+00
  0.000000E+00  0.000000E+00  9.000000E+01  9.000000E+01  9.000000E+01
  0.000000E+00  5.353665E+01  0.000000E+00  2.996507E-02  3.728911E-02
  3.432253E+00  9.747265E+00  5.310775E+01  2.856268E+00 -3.823625E+00
  2.856268E+00  5.351356E+01  4.810716E-01 -3.823625E+00  4.810716E-01
  5.398865E+01
      2160  2.160000E+00        41
 -1.202035E+06  3.188209E+02 -1.203184E+06  2.926821E+05 -1.495866E+06
  0.000000E+00  2.839173E-03  0.000000E+00  0.000000E+00 -1.183622E+06
  1.913313E+02 -5.294503E+04 -1.547930E+06  1.494983E+06  0.000000E+00
 -2.741662E-02  0.000000E+00  0.000000E+00  5.568179E+03  0.000000E+00
  0.000000E+00  0.000000E+00  9.000000E+01  9.000000E+01  9.000000E+01
  0.000000E+00  5.419266E+01  0.000000E+00  2.842583E-02  3.503581E-02
  3.503216E+00  9.929882E+00  5.079998E+01  2.985225E-01 -3.719627E+00
  2.985225E-01  5.294097E+01 -2.424204E+00 -3.719627E+00 -2.424204E+00
  5.883704E+01
      2170  2.170000E+00        41
 -1.202035E+06  2.927057E+02 -1.203090E+06  2.929640E+05 -1.496054E+06
  0.000000E+00  3.131021E-03  0.000000E+00  0.000000E+00 -1.183417E+06
  1.968785E+02 -5.374811E+04 -1.548918E+06  1.495170E+06  0.000000E+00
 -3.021657E-02  0.000000E+00  0.000000E+00  5.568179E+03  0.000000E+00
  0.000000E+00  0.000000E+00  9.000000E+01  9.000000E+01  9.000000E+01
  0.000000E+00  5.479571E+01  0.000000E+00  2.664378E-02  3.399964E-02
  3.576444E+00  1.011589E+01  4.420888E+01 -1.002754E+00 -2.902671E+00
 -1.002754E+00  6.335006E+01 -2.073938E+00 -2.902671E+00 -2.073938E+00
  5.682818E+01
      2180  2.180000E+00        41
 -1.202035E+06  3.014451E+02 -1.203121E+06  2.928636E+05 -1.495985E+06
  0.000000E+00  2.957796E-03  0.000000E+00  0.000000E+00 -1.183436E+06
  1.954522E+02 -5.362794E+04 -1.548731E+06  1.495104E+06  0.000000E+00
 -2.858211E-02  0.000000E+00  0.000000E+00  5.568179E+03  0.000000E+00
  0.000000E+00  0.000000E+00  9.000000E+01  9.000000E+01  9.000000E+01
  0.000000E+00  5.473966E+01  0.000000E+00  2.437134E-02  3.282353E-02
  3.651420E+00  1.030475E+01  4.919923E+01  4.119760E-01 -2.177217E+00
  4.119760E-01  6.156285E+01  7.229831E-01 -2.177217E+00  7.229831E-01
  5.345690E+01
      2190  2.190000E+00        41
 -1.202035E+06  3.144976E+02 -1.203169E+06  2.930319E+05 -1.496201E+06
  0.000000E+00  2.931678E-03  0.000000E+00  0.000000E+00 -1.183225E+06
  1.850375E+02 -5.416764E+04 -1.549485E+06  1.495320E+06  0.000000E+00
 -2.829966E-02  0.000000E+00  0.000000E+00  5.568179E+03  0.000000E+00
  0.000000E+00  0.000000E+00  9.000000E+01  9.000000E+01  9.000000E+01
  0.000000E+00  5.536170E+01  0.000000E+00  2.361089E-02  3.160183E-02
  3.725568E+00  1.048959E+01  5.745087E+01 -2.162079E+00  1.064080E+00
 -2.162079E+00  5.718307E+01 -8.117275E-01  1.064080E+00 -8.117275E-01
  5.145117E+01
      2200  2.200000E+00        41
 -1.202035E+06  3.069220E+02 -1.203141E+06  2.927589E+05 -1.495900E+06
  0.000000E+00  2.820724E-03  0.000000E+00  0.000000E+00 -1.183554E+06
  1.763545E+02 -5.323464E+04 -1.548240E+06  1.495014E+06  0.000000E+00
 -2.724279E-02  0.000000E+00  0.000000E+00  5.568179E+03  0.000000E+00
  0.000000E+00  0.000000E+00  9.000000E+01  9.000000E+01  9.000000E+01
  0.000000E+00  5.439301E+01  0.000000E+00  2.277352E-02  3.174723E-02
  3.797633E+00  1.066757E+01  5.529476E+01  2.804536E-01  2.596907E+00
  2.804536E-01  5.527759E+01 -3.532225E+00  2.596907E+00 -3.532225E+00
  5.260667E+01
      2210  2.210000E+00        41
 -1.202035E+06  2.945910E+02 -1.203097E+06  2.924148E+05 -1.495512E+06
  0.000000E+00  2.680178E-03  0.000000E+00  0.000000E+00 -1.183955E+06
  1.701490E+02 -5.211947E+04 -1.546728E+06  1.494622E+06  0.000000E+00
 -2.592849E-02  0.000000E+00  0.000000E+00  5.568179E+03  0.000000E+00
  0.000000E+00  0.000000E+00  9.000000E+01  9.000000E+01  9.000000E+01
  0.000000E+00  5.321190E+01  0.000000E+00  2.280228E-02  3.157220E-02
  3.867761E+00  1.083981E+01  5.380589E+01  3.918604E+00  3.839452E-01
  3.918604E+00  5.005625E+01 -1.178460E+00  3.839452E-01 -1.178460E+00
  5.577354E+01
      2220  2.220000E+00        41
 -1.202036E+06  3.090970E+02 -1.203150E+06  2.927031E+05 -1.495853E+06
  0.000000E+00  3.019864E-03  0.000000E+00  0.000000E+00 -1.183602E+06
  1.670500E+02 -5.307857E+04 -1.548020E+06  1.494970E+06  0.000000E+00
 -2.915632E-02  0.000000E+00  0.000000E+00  5.568179E+03  0.000000E+00
  0.000000E+00  0.000000E+00  9.000000E+01  9.000000E+01  9.000000E+01
  0.000000E+00  5.425550E+01  0.000000E+00  2.410541E-02  3.073297E-02
  3.934883E+00  1.100446E+01  5.235788E+01  1.217787E+00 -7.062861E-01
  1.217787E+00  5.266546E+01 -3.070625E-01 -7.062861E-01 -3.070625E-01
  5.774316E+01
      2230  2.230000E+00        41
 -1.202035E+06  3.028875E+02 -1.203127E+06  2.929662E+05 -1.496093E+06
  0.000000E+00  2.953055E-03  0.000000E+00  0.000000E+00 -1.183261E+06
  1.633681E+02 -5.414416E+04 -1.549312E+06  1.495213E+06  0.000000E+00
 -2.853550E-02  0.000000E+00  0.000000E+00  5.568179E+03  0.000000E+00
  0.000000E+00  0.000000E+00  9.000000E+01  9.000000E+01  9.000000E+01
  0.000000E+00  5.525708E+01  0.000000E+00  2.380585E-02  3.129337E-02
  3.995869E+00  1.115488E+01  5.235360E+01  1.693524E+00 -1.079401E+00
  1.693524E+00  5.342847E+01  1.171399E-01 -1.079401E+00  1.171399E-01
  5.998919E+01
      2240  2.240000E+00        41
 -1.202036E+06  3.141619E+02 -1.203168E+06  2.933057E+05 -1.496474E+06
  0.000000E+00  2.927337E-03  0.000000E+00  0.000000E+00 -1.182905E+06
  1.695687E+02 -5.513330E+04 -1.550657E+06  1.495589E+06  0.000000E+00
 -2.825841E-02  0.000000E+00  0.000000E+00  5.568179E+03  0.000000E+00
  0.000000E+00  0.000000E+00  9.000000E+01  9.000000E+01  9.000000E+01
  0.000000E+00  5.630708E+01  0.000000E+00  2.354085E-02  3.225529E-02
  4.047353E+00  1.128386E+01  6.021634E+01 -1.648920E-01  1.031205E+00
 -1.648920E-01  5.433477E+01 -1.525578E+00  1.031205E+00 -1.525578E+00
  5.437013E+01
      2250  2.250000E+00        41
 -1.202036E+06  2.991478E+02 -1.203115E+06  2.929690E+05 -1.496084E+06
  0.000000E+00  2.929629E-03  0.000000E+00  0.000000E+00 -1.183275E+06
  2.005527E+02 -5.413326E+04 -1.549244E+06  1.495191E+06  0.000000E+00
 -2.826871E-02  0.000000E+00  0.000000E+00  5.568179E+03  0.000000E+00
  0.000000E+00  0.000000E+00  9.000000E+01  9.000000E+01  9.000000E+01
  0.000000E+00  5.521903E+01  0.000000E+00  2.437703E-02  3.421924E-02
  4.086582E+00  1.138598E+01  5.935711E+01 -1.849192E+00  4.734464E-01
 -1.849192E+00  5.446205E+01 -6.286943E+00  4.734464E-01 -6.286943E+00
  5.183794E+01
      2260  2.260000E+00        41
 -1.202036E+06  3.019111E+02 -1.203124E+06  2.922490E+05 -1.495373E+06
  0.000000E+00  2.793545E-03  0.000000E+00  0.000000E+00 -1.184055E+06
  2.659281E+02 -5.177415E+04 -1.546186E+06  1.494480E+06  0.000000E+00
 -2.699026E-02  0.000000E+00  0.000000E+00  5.568179E+03  0.000000E+00
  0.000000E+00  0.000000E+00  9.000000E+01  9.000000E+01  9.000000E+01
  0.000000E+00  5.292253E+01  0.000000E+00  2.611754E-02  3.548306E-02
  4.110028E+00  1.145272E+01  5.149434E+01  1.469951E+00  1.410247E+00
  1.469951E+00  5.278019E+01 -4.401088E+00  1.410247E+00 -4.401088E+00
  5.449307E+01
      2270  2.270000E+00        41
 -1.202036E+06  2.961514E+02 -1.203103E+06  2.921718E+05 -1.495275E+06
  0.000000E+00  2.844228E-03  0.000000E+00  0.000000E+00 -1.184216E+06
  3.501582E+02 -5.133181E+04 -1.545672E+06  1.494385E+06  0.000000E+00
 -2.749598E-02  0.000000E+00  0.000000E+00  5.568179E+03  0.000000E+00
  0.000000E+00  0.000000E+00  9.000000E+01  9.000000E+01  9.000000E+01
  0.000000E+00  5.244578E+01  0.000000E+00  2.837242E-02  3.606232E-02
  4.119121E+00  1.148686E+01  4.930970E+01  4.918155E-01  2.012045E+00
  4.918155E-01  5.104038E+01  5.446561E-01  2.012045E+00  5.446561E-01
  5.698726E+01
      2280  2.280000E+00        41
 -1.202036E+06  3.001081E+02 -1.203118E+06  2.924165E+05 -1.495534E+06
  0.000000E+00  2.845317E-03  0.000000E+00  0.000000E+00 -1.183933E+06
  4.179991E+02 -5.215757E+04 -1.546780E+06  1.494646E+06  0.000000E+00
 -2.748999E-02  0.000000E+00  0.000000E+00  5.568179E+03  0.000000E+00
  0.000000E+00  0.000000E+00  9.000000E+01  9.000000E+01  9.000000E+01
  0.000000E+00  5.328222E+01  0.000000E+00  2.947239E-02  3.830373E-02
  4.118900E+00  1.149955E+01  4.827874E+01 -9.210910E-01  4.696573E+00
 -9.210910E-01  5.184048E+01  3.453962E+00  4.696573E+00  3.453962E+00
  5.972745E+01
      2290  2.290000E+00        41
 -1.202037E+06  3.057046E+02 -1.203138E+06  2.929084E+05 -1.496047E+06
  0.000000E+00  3.030527E-03  0.000000E+00  0.000000E+00 -1.183352E+06
  4.816621E+02 -5.386121E+04 -1.549001E+06  1.495157E+06  0.000000E+00
 -2.927699E-02  0.000000E+00  0.000000E+00  5.568179E+03  0.000000E+00
  0.000000E+00  0.000000E+00  9.000000E+01  9.000000E+01  9.000000E+01
  0.000000E+00  5.499163E+01  0.000000E+00  3.077210E-02  4.060546E-02
  4.112182E+00  1.149656E+01  4.866616E+01 -1.285123E-01  3.611005E+00
 -1.285123E-01  5.656186E+01  3.588611E+00  3.611005E+00  3.588611E+00
  5.974686E+01
      2300  2.300000E+00        41
 -1.202036E+06  2.958359E+02 -1.203102E+06  2.933241E+05 -1.496426E+06
  0.000000E+00  3.261082E-03  0.000000E+00  0.000000E+00 -1.182952E+06
  5.419227E+02 -5.513324E+04 -1.550663E+06  1.495537E+06  0.000000E+00
 -3.148532E-02  0.000000E+00  0.000000E+00  5.568179E+03  0.000000E+00
  0.000000E+00  0.000000E+00  9.000000E+01  9.000000E+01  9.000000E+01
  0.000000E+00  5.616830E+01  0.000000E+00  3.289639E-02  4.209128E-02
  4.100929E+00  1.148233E+01  5.808835E+01  8.701942E-01  2.012397E+00
  8.701942E-01  5.754532E+01 -4.243868E-01  2.012397E+00 -4.243868E-01
  5.287124E+01
      2310  2.310000E+00        41
 -1.202036E+06  3.004142E+02 -1.203119E+06  2.926325E+05 -1.495751E+06
  0.000000E+00  3.041770E-03  0.000000E+00  0.000000E+00 -1.183698E+06
  5.758026E+02 -5.286256E+04 -1.547734E+06  1.494868E+06  0.000000E+00
 -2.938510E-02  0.000000E+00  0.000000E+00  5.568179E+03  0.000000E+00
  0.000000E+00  0.000000E+00  9.000000E+01  9.000000E+01  9.000000E+01
  0.000000E+00  5.397217E+01  0.000000E+00  3.494538E-02  4.365665E-02
  4.087132E+00  1.146096E+01  5.624452E+01 -1.524345E+00  1.968172E+00
 -1.524345E+00  5.840785E+01 -1.298518E+00  1.968172E+00 -1.298518E+00
  4.726414E+01
      2320  2.320000E+00        41
 -1.202036E+06  3.056331E+02 -1.203138E+06  2.917812E+05 -1.494919E+06
  0.000000E+00  2.866086E-03  0.000000E+00  0.000000E+00 -1.184633E+06
  5.930853E+02 -5.002003E+04 -1.544068E+06  1.494041E+06  0.000000E+00
 -2.765791E-02  0.000000E+00  0.000000E+00  5.568179E+03  0.000000E+00
  0.000000E+00  0.000000E+00  9.000000E+01  9.000000E+01  9.000000E+01
  0.000000E+00  5.121994E+01  0.000000E+00  3.614062E-02  4.525747E-02
  4.072688E+00  1.143669E+01  4.896064E+01 -1.554202E+00  7.982046E-01
 -1.554202E+00  5.021363E+01 -8.772456E-01  7.982046E-01 -8.772456E-01
  5.448555E+01
      2330  2.330000E+00        41
 -1.202036E+06  2.910768E+02 -1.203085E+06  2.916496E+05 -1.494735E+06
  0.000000E+00  2.829524E-03  0.000000E+00  0.000000E+00 -1.184860E+06
  5.861868E+02 -4.944510E+04 -1.543305E+06  1.493854E+06  0.000000E+00
 -2.736632E-02  0.000000E+00  0.000000E+00  5.568179E+03  0.000000E+00
  0.000000E+00  0.000000E+00  9.000000E+01  9.000000E+01  9.000000E+01
  0.000000E+00  5.055312E+01  0.000000E+00  3.621433E-02  4.756922E-02
  4.059446E+00  1.141425E+01  5.120009E+01 -1.398258E-01  2.551469E+00
 -1.398258E-01  4.615487E+01  2.569515E-02  2.551469E+00  2.569515E-02
  5.430441E+01
      2340  2.340000E+00        41
 -1.202036E+06  2.980467E+02 -1.203110E+06  2.914298E+05 -1.494540E+06
  0.000000E+00  2.894817E-03  0.000000E+00  0.000000E+00 -1.185041E+06
  5.806327E+02 -4.885285E+04 -1.542514E+06  1.493656E+06  0.000000E+00
 -2.798169E-02  0.000000E+00  0.000000E+00  5.568179E+03  0.000000E+00
  0.000000E+00  0.000000E+00  9.000000E+01  9.000000E+01  9.000000E+01
  0.000000E+00  5.002151E+01  0.000000E+00  3.714453E-02  4.831680E-02
  4.048090E+00  1.139480E+01  5.022737E+01 -9.932862E-02  6.193833E-01
 -9.932862E-02  5.008787E+01  1.494611E+00  6.193833E-01  1.494611E+00
  4.974929E+01
      2350  2.350000E+00        41
 -1.202037E+06  3.248977E+02 -1.203208E+06  2.918924E+05 -1.495100E+06
  0.000000E+00  3.024515E-03  0.000000E+00  0.000000E+00 -1.184462E+06
  5.714544E+02 -5.039802E+04 -1.544615E+06  1.494216E+06  0.000000E+00
 -2.921919E-02  0.000000E+00  0.000000E+00  5.568179E+03  0.000000E+00
  0.000000E+00  0.000000E+00  9.000000E+01  9.000000E+01  9.000000E+01
  0.000000E+00  5.172755E+01  0.000000E+00  3.742811E-02  4.877987E-02
  4.039077E+00  1.137859E+01  5.001009E+01 -5.569139E-01 -8.859593E-02
 -5.569139E-01  5.213906E+01  4.439381E+00 -8.859593E-02  4.439381E+00
  5.303351E+01
      2360  2.360000E+00        41
 -1.202036E+06  2.911353E+02 -1.203086E+06  2.921932E+05 -1.495279E+06
  0.000000E+00  3.099781E-03  0.000000E+00  0.000000E+00 -1.184193E+06
  5.540366E+02 -5.144498E+04 -1.545836E+06  1.494393E+06  0.000000E+00
 -2.998134E-02  0.000000E+00  0.000000E+00  5.568179E+03  0.000000E+00
  0.000000E+00  0.000000E+00  9.000000E+01  9.000000E+01  9.000000E+01
  0.000000E+00  5.251634E+01  0.000000E+00  3.802841E-02  4.944888E-02
  4.032647E+00  1.136588E+01  4.908402E+01 -1.594420E+00 -1.365039E+00
 -1.594420E+00  5.310038E+01  1.712939E+00 -1.365039E+00  1.712939E+00
  5.536462E+01
      2370  2.370000E+00        41
 -1.202036E+06  2.901312E+02 -1.203081E+06  2.920746E+05 -1.495156E+06
  0.000000E+00  2.856156E-03  0.000000E+00  0.000000E+00 -1.184358E+06
  5.342149E+02 -5.095538E+04 -1.545217E+06  1.494269E+06  0.000000E+00
 -2.761272E-02  0.000000E+00  0.000000E+00  5.568179E+03  0.000000E+00
  0.000000E+00  0.000000E+00  9.000000E+01  9.000000E+01  9.000000E+01
  0.000000E+00  5.202939E+01  0.000000E+00  3.904009E-02  4.830047E-02
  4.029235E+00  1.135795E+01  4.800441E+01  3.896685E-01 -4.754829E+00
  3.896685E-01  5.411247E+01 -5.246029E-01 -4.754829E+00 -5.246029E-01
  5.397130E+01
      2380  2.380000E+00        41
 -1.202037E+06  3.113647E+02 -1.203159E+06  2.922587E+05 -1.495418E+06
  0.000000E+00  2.785796E-03  0.000000E+00  0.000000E+00 -1.184081E+06
  5.026076E+02 -5.163578E+04 -1.546151E+06  1.494529E+06  0.000000E+00
 -2.692427E-02  0.000000E+00  0.000000E+00  5.568179E+03  0.000000E+00
  0.000000E+00  0.000000E+00  9.000000E+01  9.000000E+01  9.000000E+01
  0.000000E+00  5.284785E+01  0.000000E+00  3.857670E-02  4.753814E-02
  4.029968E+00  1.135814E+01  4.890289E+01  2.181813E-01 -1.946640E+00
  2.181813E-01  5.518246E+01  4.902167E+00 -1.946640E+00  4.902167E+00
  5.445822E+01
      2390  2.390000E+00        41
 -1.202036E+06  3.013833E+02 -1.203123E+06  2.924888E+05 -1.495612E+06
  0.000000E+00  3.005162E-03  0.000000E+00  0.000000E+00 -1.183854E+06
  4.802605E+02 -5.238728E+04 -1.547093E+06  1.494725E+06  0.000000E+00
 -2.903609E-02  0.000000E+00  0.000000E+00  5.568179E+03  0.000000E+00
  0.000000E+00  0.000000E+00  9.000000E+01  9.000000E+01  9.000000E+01
  0.000000E+00  5.351507E+01  0.000000E+00  3.793233E-02  4.751863E-02
  4.036284E+00  1.136977E+01  5.093505E+01 -4.378266E+00  1.180981E+00
 -4.378266E+00  5.245519E+01  9.709086E-01  1.180981E+00  9.709086E-01
  5.715498E+01
      2400  2.400000E+00        41
 -1.202037E+06  3.145821E+02 -1.203171E+06  2.926964E+05 -1.495867E+06
  0.000000E+00  2.910452E-03  0.000000E+00  0.000000E+00 -1.183640E+06
  4.659772E+02 -5.293442E+04 -1.547903E+06  1.494990E+06  0.000000E+00
 -2.811823E-02  0.000000E+00  0.000000E+00  5.568179E+03  0.000000E+00
  0.000000E+00  0.000000E+00  9.000000E+01  9.000000E+01  9.000000E+01
  0.000000E+00  5.414555E+01  0.000000E+00  3.800442E-02  4.711163E-02
  4.049566E+00  1.139551E+01  5.183050E+01 -1.718893E+00 -2.998309E-01
 -1.718893E+00  5.258510E+01 -1.695454E+00 -2.998309E-01 -1.695454E+00
  5.802106E+01
      2410  2.410000E+00        41
 -1.202037E+06  2.981086E+02 -1.203111E+06  2.926159E+05 -1.495727E+06
  0.000000E+00  3.101949E-03  0.000000E+00  0.000000E+00 -1.183708E+06
  4.682363E+02 -5.284984E+04 -1.547683E+06  1.494849E+06  0.000000E+00
 -2.994611E-02  0.000000E+00  0.000000E+00  5.568179E+03  0.000000E+00
  0.000000E+00  0.000000E+00  9.000000E+01  9.000000E+01  9.000000E+01
  0.000000E+00  5.394601E+01  0.000000E+00  3.708421E-02  4.738941E-02
  4.069598E+00  1.143416E+01  5.301305E+01  2.767241E+00 -2.527210E+00
  2.767241E+00  5.551253E+01  2.174459E-01 -2.527210E+00  2.174459E-01
  5.331247E+01
      2420  2.420000E+00        41
 -1.202037E+06  3.136814E+02 -1.203168E+06  2.927864E+05 -1.495954E+06
  0.000000E+00  2.938503E-03  0.000000E+00  0.000000E+00 -1.183503E+06
  4.785108E+02 -5.335491E+04 -1.548404E+06  1.495075E+06  0.000000E+00
 -2.839553E-02  0.000000E+00  0.000000E+00  5.568179E+03  0.000000E+00
  0.000000E+00  0.000000E+00  9.000000E+01  9.000000E+01  9.000000E+01
  0.000000E+00  5.455141E+01  0.000000E+00  3.704479E-02  4.664985E-02
  4.096218E+00  1.148507E+01  5.667009E+01 -7.081978E-01 -1.113151E+00
 -7.081978E-01  5.984586E+01  7.744446E-01 -1.113151E+00  7.744446E-01
  4.713827E+01
      2430  2.430000E+00        41
 -1.202037E+06  2.979546E+02 -1.203111E+06  2.924898E+05 -1.495601E+06
  0.000000E+00  2.896277E-03  0.000000E+00  0.000000E+00 -1.183871E+06
  4.861238E+02 -5.236206E+04 -1.547062E+06  1.494724E+06  0.000000E+00
 -2.800200E-02  0.000000E+00  0.000000E+00  5.568179E+03  0.000000E+00
  0.000000E+00  0.000000E+00  9.000000E+01  9.000000E+01  9.000000E+01
  0.000000E+00  5.346595E+01  0.000000E+00  3.642807E-02  4.668057E-02
  4.130802E+00  1.155139E+01  5.160349E+01 -3.107196E+00 -1.687639E+00
 -3.107196E+00  5.928962E+01 -1.363111E+00 -1.687639E+00 -1.363111E+00
  4.950473E+01
      2440  2.440000E+00        41
 -1.202038E+06  2.988115E+02 -1.203115E+06  2.922141E+05 -1.495329E+06
  0.000000E+00  2.946522E-03  0.000000E+00  0.000000E+00 -1.184169E+06
  4.983878E+02 -5.146284E+04 -1.545917E+06  1.494457E+06  0.000000E+00
 -2.847379E-02  0.000000E+00  0.000000E+00  5.568179E+03  0.000000E+00
  0.000000E+00  0.000000E+00  9.000000E+01  9.000000E+01  9.000000E+01
  0.000000E+00  5.258951E+01  0.000000E+00  3.467326E-02  4.658983E-02
  4.173033E+00  1.163230E+01  4.989838E+01 -1.782896E+00 -4.095320E+00
 -1.782896E+00  5.590119E+01 -1.543597E-01 -4.095320E+00 -1.543597E-01
  5.196896E+01
      2450  2.450000E+00        41
 -1.202038E+06  3.056999E+02 -1.203140E+06  2.921846E+05 -1.495324E+06
  0.000000E+00  2.921436E-03  0.000000E+00  0.000000E+00 -1.184193E+06
  5.108802E+02 -5.134168E+04 -1.545803E+06  1.494454E+06  0.000000E+00
 -2.822400E-02  0.000000E+00  0.000000E+00  5.568179E+03  0.000000E+00
  0.000000E+00  0.000000E+00  9.000000E+01  9.000000E+01  9.000000E+01
  0.000000E+00  5.251905E+01  0.000000E+00  3.389894E-02  4.493670E-02
  4.220546E+00  1.172337E+01  5.006414E+01  8.225246E-01 -4.432517E+00
  8.225246E-01  5.515324E+01  4.441724E+00 -4.432517E+00  4.441724E+00
  5.233976E+01
      2460  2.460000E+00        41
 -1.202037E+06  2.990374E+02 -1.203115E+06  2.924780E+05 -1.495593E+06
  0.000000E+00  3.100625E-03  0.000000E+00  0.000000E+00 -1.183906E+06
  5.194285E+02 -5.225215E+04 -1.546992E+06  1.494726E+06  0.000000E+00
 -2.995487E-02  0.000000E+00  0.000000E+00  5.568179E+03  0.000000E+00
  0.000000E+00  0.000000E+00  9.000000E+01  9.000000E+01  9.000000E+01
  0.000000E+00  5.336496E+01  0.000000E+00  3.283800E-02  4.264807E-02
  4.271359E+00  1.182028E+01  4.758324E+01 -3.684515E-01 -2.671579E+00
 -3.684515E-01  5.428275E+01  1.882995E+00 -2.671579E+00  1.882995E+00
  5.822888E+01
      2470  2.470000E+00        41
 -1.202037E+06  2.892744E+02 -1.203079E+06  2.928280E+05 -1.495907E+06
  0.000000E+00  3.074702E-03  0.000000E+00  0.000000E+00 -1.183557E+06
  5.152354E+02 -5.336640E+04 -1.548405E+06  1.495035E+06  0.000000E+00
 -2.970721E-02  0.000000E+00  0.000000E+00  5.568179E+03  0.000000E+00
  0.000000E+00  0.000000E+00  9.000000E+01  9.000000E+01  9.000000E+01
  0.000000E+00  5.438917E+01  0.000000E+00  3.096207E-02  4.075954E-02
  4.324260E+00  1.192034E+01  5.276511E+01 -7.859003E-01  2.139760E+00
 -7.859003E-01  5.570192E+01 -1.383235E+00  2.139760E+00 -1.383235E+00
  5.470047E+01
      2480  2.480000E+00        41
 -1.202038E+06  3.147741E+02 -1.203172E+06  2.925449E+05 -1.495717E+06
  0.000000E+00  2.942214E-03  0.000000E+00  0.000000E+00 -1.183772E+06
  5.114740E+02 -5.254162E+04 -1.547390E+06  1.494840E+06  0.000000E+00
 -2.842608E-02  0.000000E+00  0.000000E+00  5.568179E+03  0.000000E+00
  0.000000E+00  0.000000E+00  9.000000E+01  9.000000E+01  9.000000E+01
  0.000000E+00  5.376044E+01  0.000000E+00  2.890110E-02  3.967144E-02
  4.378600E+00  1.202235E+01  5.069907E+01  1.415312E+00  2.999399E+00
  1.415312E+00  6.122008E+01 -2.067200E+00  2.999399E+00 -2.067200E+00
  4.936216E+01
      2490  2.490000E+00        41
 -1.202038E+06  3.019243E+02 -1.203126E+06  2.923163E+05 -1.495442E+06
  0.000000E+00  3.090640E-03  0.000000E+00  0.000000E+00 -1.184049E+06
  5.135430E+02 -5.180207E+04 -1.546382E+06  1.494564E+06  0.000000E+00
 -2.982494E-02  0.000000E+00  0.000000E+00  5.568179E+03  0.000000E+00
  0.000000E+00  0.000000E+00  9.000000E+01  9.000000E+01  9.000000E+01
  0.000000E+00  5.294396E+01  0.000000E+00  2.871182E-02  3.820332E-02
  4.433804E+00  1.212480E+01  4.804532E+01  1.431784E+00  7.020936E-01
  1.431784E+00  5.662027E+01  1.254551E+00  7.020936E-01  1.254551E+00
  5.416629E+01
      2500  2.500000E+00        41
 -1.202038E+06  2.991261E+02 -1.203116E+06  2.921977E+05 -1.495314E+06
  0.000000E+00  2.871610E-03  0.000000E+00  0.000000E+00 -1.184214E+06
  5.141520E+02 -5.132767E+04 -1.545772E+06  1.494435E+06  0.000000E+00
 -2.775059E-02  0.000000E+00  0.000000E+00  5.568179E+03  0.000000E+00
  0.000000E+00  0.000000E+00  9.000000E+01  9.000000E+01  9.000000E+01
  0.000000E+00  5.245873E+01  0.000000E+00  2.833290E-02  3.665359E-02
  4.489375E+00  1.222629E+01  5.278805E+01  5.931412E-01 -1.723934E+00
  5.931412E-01  5.198059E+01  2.183937E-01 -1.723934E+00  2.183937E-01
  5.260755E+01
      2510  2.510000E+00        41
 -1.202038E+06  3.048751E+02 -1.203137E+06  2.923599E+05 -1.495497E+06
  0.000000E+00  2.794476E-03  0.000000E+00  0.000000E+00 -1.184023E+06
  5.015051E+02 -5.186009E+04 -1.546486E+06  1.494618E+06  0.000000E+00
 -2.701587E-02  0.000000E+00  0.000000E+00  5.568179E+03  0.000000E+00
  0.000000E+00  0.000000E+00  9.000000E+01  9.000000E+01  9.000000E+01
  0.000000E+00  5.302204E+01  0.000000E+00  2.642131E-02  3.605498E-02
  4.545302E+00  1.232676E+01  5.101275E+01 -5.283589E-01  6.695711E-01
 -5.283589E-01  5.384414E+01 -2.717119E+00  6.695711E-01 -2.717119E+00
  5.420924E+01
      2520  2.520000E+00        41
 -1.202037E+06  2.944479E+02 -1.203099E+06  2.926834E+05 -1.495782E+06
  0.000000E+00  3.141140E-03  0.000000E+00  0.000000E+00 -1.183683E+06
  4.781067E+02 -5.295116E+04 -1.547862E+06  1.494905E+06  0.000000E+00
 -3.033448E-02  0.000000E+00  0.000000E+00  5.568179E+03  0.000000E+00
  0.000000E+00  0.000000E+00  9.000000E+01  9.000000E+01  9.000000E+01
  0.000000E+00  5.401928E+01  0.000000E+00  2.513196E-02  3.486004E-02
  4.601245E+00  1.242573E+01  5.027276E+01  1.089598E+00  7.759947E-01
  1.089598E+00  5.753864E+01  2.598922E+00  7.759947E-01  2.598922E+00
  5.424645E+01
      2530  2.530000E+00        41
 -1.202038E+06  3.112799E+02 -1.203160E+06  2.929029E+05 -1.496063E+06
  0.000000E+00  3.089675E-03  0.000000E+00  0.000000E+00 -1.183395E+06
  4.328300E+02 -5.369567E+04 -1.548878E+06  1.495189E+06  0.000000E+00
 -2.984325E-02  0.000000E+00  0.000000E+00  5.568179E+03  0.000000E+00
  0.000000E+00  0.000000E+00  9.000000E+01  9.000000E+01  9.000000E+01
  0.000000E+00  5.486984E+01  0.000000E+00  2.413661E-02  3.335124E-02
  4.655942E+00  1.252016E+01  5.504258E+01  1.071559E+00  3.573846E+00
  1.071559E+00  5.771046E+01 -1.654260E-01  3.573846E+00 -1.654260E-01
  5.185649E+01
      2540  2.540000E+00        41
 -1.202038E+06  3.021360E+02 -1.203127E+06  2.927807E+05 -1.495908E+06
  0.000000E+00  2.961491E-03  0.000000E+00  0.000000E+00 -1.183519E+06
  3.501363E+02 -5.338824E+04 -1.548387E+06  1.495031E+06  0.000000E+00
 -2.857273E-02  0.000000E+00  0.000000E+00  5.568179E+03  0.000000E+00
  0.000000E+00  0.000000E+00  9.000000E+01  9.000000E+01  9.000000E+01
  0.000000E+00  5.450559E+01  0.000000E+00  2.342558E-02  3.252112E-02
  4.708508E+00  1.260751E+01  5.364989E+01  1.340038E+00  4.937052E+00
  1.340038E+00  5.540836E+01  3.351728E-01  4.937052E+00  3.351728E-01
  5.445851E+01
      2550  2.550000E+00        41
 -1.202038E+06  2.962671E+02 -1.203106E+06  2.923547E+05 -1.495460E+06
  0.000000E+00  2.900924E-03  0.000000E+00  0.000000E+00 -1.183985E+06
  2.410306E+02 -5.202918E+04 -1.546559E+06  1.494578E+06  0.000000E+00
 -2.804004E-02  0.000000E+00  0.000000E+00  5.568179E+03  0.000000E+00
  0.000000E+00  0.000000E+00  9.000000E+01  9.000000E+01  9.000000E+01
  0.000000E+00  5.313343E+01  0.000000E+00  2.405651E-02  3.123644E-02
  4.757812E+00  1.268510E+01  5.187806E+01  8.098757E-01  1.159487E+00
  8.098757E-01  5.465388E+01 -1.329589E+00  1.159487E+00 -1.329589E+00
  5.286835E+01
      2560  2.560000E+00        41
 -1.202037E+06  2.810008E+02 -1.203050E+06  2.919802E+05 -1.495030E+06
  0.000000E+00  2.864902E-03  0.000000E+00  0.000000E+00 -1.184420E+06
  1.319515E+02 -5.082891E+04 -1.544915E+06  1.494147E+06  0.000000E+00
 -2.768491E-02  0.000000E+00  0.000000E+00  5.568179E+03  0.000000E+00
  0.000000E+00  0.000000E+00  9.000000E+01  9.000000E+01  9.000000E+01
  0.000000E+00  5.185059E+01  0.000000E+00  2.389456E-02  3.130539E-02
  4.802826E+00  1.275093E+01  5.121736E+01 -6.584982E-01 -4.148103E-01
 -6.584982E-01  5.628456E+01 -2.635720E+00 -4.148103E-01 -2.635720E+00
  4.804983E+01
      2570  2.570000E+00        41
 -1.202038E+06  3.143056E+02 -1.203171E+06  2.922381E+05 -1.495409E+06
  0.000000E+00  2.900258E-03  0.000000E+00  0.000000E+00 -1.184036E+06
  5.177937E+01 -5.174103E+04 -1.546179E+06  1.494524E+06  0.000000E+00
 -2.805716E-02  0.000000E+00  0.000000E+00  5.568179E+03  0.000000E+00
  0.000000E+00  0.000000E+00  9.000000E+01  9.000000E+01  9.000000E+01
  0.000000E+00  5.298294E+01  0.000000E+00  2.331128E-02  3.234966E-02
  4.842756E+00  1.280338E+01  4.766962E+01  3.027043E+00  5.925369E-01
  3.027043E+00  6.078128E+01  1.137215E+00  5.925369E-01  1.137215E+00
  5.049792E+01
      2580  2.580000E+00        41
 -1.202038E+06  2.927137E+02 -1.203093E+06  2.927302E+05 -1.495823E+06
  0.000000E+00  3.139397E-03  0.000000E+00  0.000000E+00 -1.183560E+06
  4.014515E+01 -5.332521E+04 -1.548172E+06  1.494941E+06  0.000000E+00
 -3.032134E-02  0.000000E+00  0.000000E+00  5.568179E+03  0.000000E+00
  0.000000E+00  0.000000E+00  9.000000E+01  9.000000E+01  9.000000E+01
  0.000000E+00  5.438471E+01  0.000000E+00  2.461343E-02  3.329444E-02
  4.876142E+00  1.283898E+01  4.812775E+01  1.757568E+00  3.838376E+00
  1.757568E+00  5.592056E+01 -3.047677E+00  3.838376E+00 -3.047677E+00
  5.910581E+01
      2590  2.590000E+00        41
 -1.202038E+06  3.044579E+02 -1.203135E+06  2.930679E+05 -1.496203E+06
  0.000000E+00  3.009618E-03  0.000000E+00  0.000000E+00 -1.183199E+06
  1.061458E+02 -5.432461E+04 -1.549599E+06  1.495323E+06  0.000000E+00
 -2.905937E-02  0.000000E+00  0.000000E+00  5.568179E+03  0.000000E+00
  0.000000E+00  0.000000E+00  9.000000E+01  9.000000E+01  9.000000E+01
  0.000000E+00  5.544663E+01  0.000000E+00  2.462643E-02  3.490037E-02
  4.903308E+00  1.285843E+01  5.328511E+01 -1.199148E+00  2.010761E+00
 -1.199148E+00  5.634932E+01 -3.488793E+00  2.010761E+00 -3.488793E+00
  5.670546E+01
      2600  2.600000E+00        41
 -1.202038E+06  3.102384E+02 -1.203156E+06  2.930728E+05 -1.496229E+06
  0.000000E+00  3.003074E-03  0.000000E+00  0.000000E+00 -1.183193E+06
  1.705691E+02 -5.430422E+04 -1.549631E+06  1.495345E+06  0.000000E+00
 -2.899894E-02  0.000000E+00  0.000000E+00  5.568179E+03  0.000000E+00
  0.000000E+00  0.000000E+00  9.000000E+01  9.000000E+01  9.000000E+01
  0.000000E+00  5.546592E+01  0.000000E+00  2.608775E-02  3.578425E-02
  4.927332E+00  1.286814E+01  5.183136E+01  7.547128E-01  9.191856E-01
  7.547128E-01  5.786534E+01  1.798478E+00  9.191856E-01  1.798478E+00
  5.670108E+01
      2610  2.610000E+00        41
 -1.202038E+06  3.109825E+02 -1.203159E+06  2.925814E+05 -1.495741E+06
  0.000000E+00  2.872131E-03  0.000000E+00  0.000000E+00 -1.183737E+06
  2.182901E+02 -5.266676E+04 -1.547515E+06  1.494858E+06  0.000000E+00
 -2.773591E-02  0.000000E+00  0.000000E+00  5.568179E+03  0.000000E+00
  0.000000E+00  0.000000E+00  9.000000E+01  9.000000E+01  9.000000E+01
  0.000000E+00  5.386357E+01  0.000000E+00  2.814267E-02  3.679099E-02
  4.951001E+00  1.287367E+01  5.100455E+01  2.335144E+00  1.209610E+00
  2.335144E+00  5.523836E+01  5.287195E-02  1.209610E+00  5.287195E-02
  5.534780E+01
      2620  2.620000E+00        41
 -1.202039E+06  3.009630E+02 -1.203123E+06  2.921927E+05 -1.495316E+06
  0.000000E+00  2.736364E-03  0.000000E+00  0.000000E+00 -1.184186E+06
  2.437370E+02 -5.139523E+04 -1.545831E+06  1.494437E+06  0.000000E+00
 -2.644817E-02  0.000000E+00  0.000000E+00  5.568179E+03  0.000000E+00
  0.000000E+00  0.000000E+00  9.000000E+01  9.000000E+01  9.000000E+01
  0.000000E+00  5.254463E+01  0.000000E+00  2.995480E-02  3.882937E-02
  4.975254E+00  1.287742E+01  4.735885E+01  1.172681E+00 -1.083926E+00
  1.172681E+00  5.717491E+01 -3.295880E+00 -1.083926E+00 -3.295880E+00
  5.310013E+01
      2630  2.630000E+00        41
 -1.202038E+06  2.880054E+02 -1.203076E+06  2.922883E+05 -1.495364E+06
  0.000000E+00  2.945366E-03  0.000000E+00  0.000000E+00 -1.184109E+06
  2.614946E+02 -5.171787E+04 -1.546212E+06  1.494489E+06  0.000000E+00
 -2.846122E-02  0.000000E+00  0.000000E+00  5.568179E+03  0.000000E+00
  0.000000E+00  0.000000E+00  9.000000E+01  9.000000E+01  9.000000E+01
  0.000000E+00  5.276909E+01  0.000000E+00  3.244857E-02  4.023063E-02
  5.000406E+00  1.288079E+01  4.628345E+01 -1.760954E+00 -2.858334E+00
 -1.760954E+00  5.362519E+01  5.802146E-02 -2.858334E+00  5.802146E-02
  5.839862E+01
      2640  2.640000E+00        41
 -1.202038E+06  3.162682E+02 -1.203178E+06  2.925716E+05 -1.495750E+06
  0.000000E+00  2.897020E-03  0.000000E+00  0.000000E+00 -1.183746E+06
  2.754756E+02 -5.260546E+04 -1.547487E+06  1.494877E+06  0.000000E+00
 -2.800465E-02  0.000000E+00  0.000000E+00  5.568179E+03  0.000000E+00
  0.000000E+00  0.000000E+00  9.000000E+01  9.000000E+01  9.000000E+01
  0.000000E+00  5.383941E+01  0.000000E+00  3.410317E-02  4.152970E-02
  5.026913E+00  1.288494E+01  4.975239E+01 -7.414965E-01 -6.100480E-02
 -7.414965E-01  5.374348E+01  7.664522E-01 -6.100480E-02  7.664522E-01
  5.802235E+01
      2650  2.650000E+00        41
 -1.202039E+06  3.070548E+02 -1.203146E+06  2.928381E+05 -1.495984E+06
  0.000000E+00  3.046063E-03  0.000000E+00  0.000000E+00 -1.183497E+06
  2.854737E+02 -5.341788E+04 -1.548533E+06  1.495109E+06  0.000000E+00
 -2.942343E-02  0.000000E+00  0.000000E+00  5.568179E+03  0.000000E+00
  0.000000E+00  0.000000E+00  9.000000E+01  9.000000E+01  9.000000E+01
  0.000000E+00  5.457104E+01  0.000000E+00  3.501119E-02  4.376240E-02
  5.054829E+00  1.289050E+01  5.145115E+01  2.107177E+00  2.344926E+00
  2.107177E+00  5.297015E+01 -2.793306E+00  2.344926E+00 -2.793306E+00
  5.929184E+01
      2660  2.660000E+00        41
 -1.202039E+06  3.151683E+02 -1.203175E+06  2.926179E+05 -1.495793E+06
  0.000000E+00  3.102782E-03  0.000000E+00  0.000000E+00 -1.183717E+06
  2.942121E+02 -5.270392E+04 -1.547626E+06  1.494916E+06  0.000000E+00
 -2.996169E-02  0.000000E+00  0.000000E+00  5.568179E+03  0.000000E+00
  0.000000E+00  0.000000E+00  9.000000E+01  9.000000E+01  9.000000E+01
  0.000000E+00  5.392777E+01  0.000000E+00  3.739439E-02  4.434277E-02
  5.084739E+00  1.289962E+01  5.254547E+01 -7.991028E-01 -1.358773E+00
 -7.991028E-01  5.452104E+01  1.351117E+00 -1.358773E+00  1.351117E+00
  5.471679E+01
      2670  2.670000E+00        41
 -1.202040E+06  3.022730E+02 -1.203129E+06  2.921174E+05 -1.495246E+06
  0.000000E+00  2.845706E-03  0.000000E+00  0.000000E+00 -1.184258E+06
  2.979121E+02 -5.117352E+04 -1.545545E+06  1.494367E+06  0.000000E+00
 -2.749380E-02  0.000000E+00  0.000000E+00  5.568179E+03  0.000000E+00
  0.000000E+00  0.000000E+00  9.000000E+01  9.000000E+01  9.000000E+01
  0.000000E+00  5.233506E+01  0.000000E+00  3.974313E-02  4.534139E-02
  5.116449E+00  1.291183E+01  5.387552E+01 -3.048647E+00 -3.456887E+00
 -3.048647E+00  5.654290E+01  1.223649E+00 -3.456887E+00  1.223649E+00
  4.658675E+01
      2680  2.680000E+00        41
 -1.202039E+06  2.945035E+02 -1.203101E+06  2.922540E+05 -1.495355E+06
  0.000000E+00  2.935002E-03  0.000000E+00  0.000000E+00 -1.184135E+06
  3.023344E+02 -5.159572E+04 -1.546078E+06  1.494479E+06  0.000000E+00
 -2.837557E-02  0.000000E+00  0.000000E+00  5.568179E+03  0.000000E+00
  0.000000E+00  0.000000E+00  9.000000E+01  9.000000E+01  9.000000E+01
  0.000000E+00  5.269420E+01  0.000000E+00  4.065814E-02  4.709902E-02
  5.149073E+00  1.292551E+01  5.145502E+01 -3.394346E-01 -5.075889E+00
 -3.394346E-01  5.351762E+01 -2.575809E+00 -5.075889E+00 -2.575809E+00
  5.310997E+01
      2690  2.690000E+00        41
 -1.202038E+06  2.907795E+02 -1.203087E+06  2.928571E+05 -1.495944E+06
  0.000000E+00  2.995123E-03  0.000000E+00  0.000000E+00 -1.183519E+06
  2.961309E+02 -5.347104E+04 -1.548530E+06  1.495063E+06  0.000000E+00
 -2.893952E-02  0.000000E+00  0.000000E+00  5.568179E+03  0.000000E+00
  0.000000E+00  0.000000E+00  9.000000E+01  9.000000E+01  9.000000E+01
  0.000000E+00  5.450783E+01  0.000000E+00  4.072977E-02  4.838248E-02
  5.181784E+00  1.294016E+01  5.058722E+01  1.418440E+00 -2.491380E+00
  1.418440E+00  5.575462E+01  1.378620E-01 -2.491380E+00  1.378620E-01
  5.718166E+01
      2700  2.700000E+00        41
 -1.202039E+06  3.022902E+02 -1.203129E+06  2.928977E+05 -1.496026E+06
  0.000000E+00  3.070796E-03  0.000000E+00  0.000000E+00 -1.183411E+06
  2.985452E+02 -5.371341E+04 -1.548848E+06  1.495149E+06  0.000000E+00
 -2.965596E-02  0.000000E+00  0.000000E+00  5.568179E+03  0.000000E+00
  0.000000E+00  0.000000E+00  9.000000E+01  9.000000E+01  9.000000E+01
  0.000000E+00  5.482696E+01  0.000000E+00  4.030659E-02  4.945537E-02
  5.214173E+00  1.295614E+01  5.124503E+01 -6.438180E-01 -2.169205E+00
 -6.438180E-01  5.793514E+01  3.416405E+00 -2.169205E+00  3.416405E+00
  5.530071E+01
      2710  2.710000E+00        41
 -1.202039E+06  2.965048E+02 -1.203108E+06  2.928580E+05 -1.495966E+06
  0.000000E+00  3.311763E-03  0.000000E+00  0.000000E+00 -1.183455E+06
  3.121185E+02 -5.362432E+04 -1.548703E+06  1.495091E+06  0.000000E+00
 -3.198003E-02  0.000000E+00  0.000000E+00  5.568179E+03  0.000000E+00
  0.000000E+00  0.000000E+00  9.000000E+01  9.000000E+01  9.000000E+01
  0.000000E+00  5.469831E+01  0.000000E+00  4.109264E-02  4.927440E-02
  5.246291E+00  1.297399E+01  4.938951E+01  1.324751E-01 -4.614675E+00
  1.324751E-01  5.669117E+01 -6.840788E-01 -4.614675E+00 -6.840788E-01
  5.801426E+01
      2720  2.720000E+00        41
 -1.202039E+06  3.124925E+02 -1.203166E+06  2.925112E+05 -1.495677E+06
  0.000000E+00  3.142535E-03  0.000000E+00  0.000000E+00 -1.183811E+06
  3.191396E+02 -5.244030E+04 -1.547233E+06  1.494804E+06  0.000000E+00
 -3.034178E-02  0.000000E+00  0.000000E+00  5.568179E+03  0.000000E+00
  0.000000E+00  0.000000E+00  9.000000E+01  9.000000E+01  9.000000E+01
  0.000000E+00  5.364961E+01  0.000000E+00  4.054256E-02  4.918678E-02
  5.278135E+00  1.299371E+01  5.058908E+01  2.094144E+00 -3.415557E-01
  2.094144E+00  5.382360E+01 -2.948267E-01 -3.415557E-01 -2.948267E-01
  5.653614E+01
      2730  2.730000E+00        41
 -1.202040E+06  3.041775E+02 -1.203136E+06  2.918844E+05 -1.495021E+06
  0.000000E+00  2.837903E-03  0.000000E+00  0.000000E+00 -1.184529E+06
  3.177698E+02 -5.034879E+04 -1.544478E+06  1.494144E+06  0.000000E+00
 -2.745294E-02  0.000000E+00  0.000000E+00  5.568179E+03  0.000000E+00
  0.000000E+00  0.000000E+00  9.000000E+01  9.000000E+01  9.000000E+01
  0.000000E+00  5.153892E+01  0.000000E+00  3.928175E-02  4.964836E-02
  5.310266E+00  1.301773E+01  4.998583E+01 -1.232901E+00 -7.804657E-02
 -1.232901E+00  5.555310E+01  2.025004E+00 -7.804657E-02  2.025004E+00
  4.907782E+01
      2740  2.740000E+00        41
 -1.202039E+06  2.917997E+02 -1.203091E+06  2.913106E+05 -1.494402E+06
  0.000000E+00  2.917918E-03  0.000000E+00  0.000000E+00 -1.185192E+06
  3.025051E+02 -4.844645E+04 -1.541948E+06  1.493519E+06  0.000000E+00
 -2.820198E-02  0.000000E+00  0.000000E+00  5.568179E+03  0.000000E+00
  0.000000E+00  0.000000E+00  9.000000E+01  9.000000E+01  9.000000E+01
  0.000000E+00  4.958544E+01  0.000000E+00  3.802006E-02  4.920453E-02
  5.342794E+00  1.304719E+01  4.224821E+01 -2.058711E-01 -3.110244E+00
 -2.058711E-01  5.868816E+01  1.796092E+00 -3.110244E+00  1.796092E+00
  4.781993E+01
      2750  2.750000E+00        41
 -1.202039E+06  3.068448E+02 -1.203145E+06  2.913057E+05 -1.494451E+06
  0.000000E+00  2.741257E-03  0.000000E+00  0.000000E+00 -1.185185E+06
  2.916229E+02 -4.835705E+04 -1.541922E+06  1.493576E+06  0.000000E+00
 -2.653148E-02  0.000000E+00  0.000000E+00  5.568179E+03  0.000000E+00
  0.000000E+00  0.000000E+00  9.000000E+01  9.000000E+01  9.000000E+01
  0.000000E+00  4.960440E+01  0.000000E+00  3.728626E-02  4.691524E-02
  5.376187E+00  1.308346E+01  4.223984E+01  5.738642E-02 -1.922875E+00
  5.738642E-02  5.357534E+01  4.428215E-01 -1.922875E+00  4.428215E-01
  5.299802E+01
      2760  2.760000E+00        41
 -1.202039E+06  2.988275E+02 -1.203116E+06  2.915572E+05 -1.494674E+06
  0.000000E+00  2.918293E-03  0.000000E+00  0.000000E+00 -1.184929E+06
  2.822827E+02 -4.918308E+04 -1.542976E+06  1.493801E+06  0.000000E+00
 -2.822421E-02  0.000000E+00  0.000000E+00  5.568179E+03  0.000000E+00
  0.000000E+00  0.000000E+00  9.000000E+01  9.000000E+01  9.000000E+01
  0.000000E+00  5.035832E+01  0.000000E+00  3.651274E-02  4.478066E-02
  5.410444E+00  1.312602E+01  4.638912E+01 -2.178986E+00  1.548962E+00
 -2.178986E+00  5.010055E+01  6.474489E-01  1.548962E+00  6.474489E-01
  5.458529E+01
      2770  2.770000E+00        41
 -1.202040E+06  3.035531E+02 -1.203134E+06  2.920625E+05 -1.495197E+06
  0.000000E+00  3.135300E-03  0.000000E+00  0.000000E+00 -1.184348E+06
  2.686673E+02 -5.089387E+04 -1.545214E+06  1.494327E+06  0.000000E+00
 -3.027791E-02  0.000000E+00  0.000000E+00  5.568179E+03  0.000000E+00
  0.000000E+00  0.000000E+00  9.000000E+01  9.000000E+01  9.000000E+01
  0.000000E+00  5.207046E+01  0.000000E+00  3.551437E-02  4.268374E-02
  5.444785E+00  1.317181E+01  5.136758E+01 -1.159648E+00  1.410502E-01
 -1.159648E+00  5.082180E+01 -1.030650E+00  1.410502E-01 -1.030650E+00
  5.402202E+01
      2780  2.780000E+00        41
 -1.202040E+06  3.056889E+02 -1.203142E+06  2.923353E+05 -1.495477E+06
  0.000000E+00  3.097017E-03  0.000000E+00  0.000000E+00 -1.184013E+06
  2.619134E+02 -5.188267E+04 -1.546478E+06  1.494603E+06  0.000000E+00
 -2.993293E-02  0.000000E+00  0.000000E+00  5.568179E+03  0.000000E+00
  0.000000E+00  0.000000E+00  9.000000E+01  9.000000E+01  9.000000E+01
  0.000000E+00  5.305582E+01  0.000000E+00  3.469134E-02  4.095190E-02
  5.480245E+00  1.322241E+01  5.600136E+01 -5.611218E-01  1.060386E-01
 -5.611218E-01  5.467907E+01 -3.929727E+00  1.060386E-01 -3.929727E+00
  4.848702E+01
      2790  2.790000E+00        41
 -1.202040E+06  3.112241E+02 -1.203162E+06  2.923077E+05 -1.495470E+06
  0.000000E+00  2.950124E-03  0.000000E+00  0.000000E+00 -1.184059E+06
  2.556258E+02 -5.170645E+04 -1.546288E+06  1.494590E+06  0.000000E+00
 -2.851593E-02  0.000000E+00  0.000000E+00  5.568179E+03  0.000000E+00
  0.000000E+00  0.000000E+00  9.000000E+01  9.000000E+01  9.000000E+01
  0.000000E+00  5.292224E+01  0.000000E+00  3.392838E-02  4.053815E-02
  5.517366E+00  1.327853E+01  5.425389E+01  3.559585E-01  2.524138E+00
  3.559585E-01  5.420158E+01 -4.911608E-01  2.524138E+00 -4.911608E-01
  5.031124E+01
      2800  2.800000E+00        41
 -1.202040E+06  2.999075E+02 -1.203121E+06  2.916370E+05 -1.494758E+06
  0.000000E+00  2.865459E-03  0.000000E+00  0.000000E+00 -1.184808E+06
  2.449936E+02 -4.954079E+04 -1.543403E+06  1.493876E+06  0.000000E+00
 -2.767829E-02  0.000000E+00  0.000000E+00  5.568179E+03  0.000000E+00
  0.000000E+00  0.000000E+00  9.000000E+01  9.000000E+01  9.000000E+01
  0.000000E+00  5.071781E+01  0.000000E+00  3.362378E-02  4.111780E-02
  5.556194E+00  1.334073E+01  4.885754E+01  1.409774E+00 -9.823942E-01
  1.409774E+00  5.209279E+01  2.449132E+00 -9.823942E-01  2.449132E+00
  5.120310E+01
      2810  2.810000E+00        41
 -1.202040E+06  2.959741E+02 -1.203107E+06  2.910778E+05 -1.494185E+06
  0.000000E+00  2.804901E-03  0.000000E+00  0.000000E+00 -1.185418E+06
  2.309280E+02 -4.773755E+04 -1.541023E+06  1.493305E+06  0.000000E+00
 -2.715305E-02  0.000000E+00  0.000000E+00  5.568179E+03  0.000000E+00
  0.000000E+00  0.000000E+00  9.000000E+01  9.000000E+01  9.000000E+01
  0.000000E+00  4.892123E+01  0.000000E+00  3.467211E-02  4.083265E-02
  5.596897E+00  1.340993E+01  4.662860E+01 -3.226894E+00  7.426736E-01
 -3.226894E+00  5.185652E+01  9.023102E-01  7.426736E-01  9.023102E-01
  4.827859E+01
      2820  2.820000E+00        41
 -1.202041E+06  3.101380E+02 -1.203159E+06  2.914267E+05 -1.494585E+06
  0.000000E+00  3.039099E-03  0.000000E+00  0.000000E+00 -1.185039E+06
  2.278641E+02 -4.877529E+04 -1.542475E+06  1.493716E+06  0.000000E+00
 -2.937173E-02  0.000000E+00  0.000000E+00  5.568179E+03  0.000000E+00
  0.000000E+00  0.000000E+00  9.000000E+01  9.000000E+01  9.000000E+01
  0.000000E+00  5.003957E+01  0.000000E+00  3.441071E-02  4.179268E-02
  5.639339E+00  1.348557E+01  4.729747E+01 -2.697943E+00  9.651873E-01
 -2.697943E+00  4.910976E+01  2.307416E+00  9.651873E-01  2.307416E+00
  5.371149E+01
      2830  2.830000E+00        41
 -1.202040E+06  2.970681E+02 -1.203111E+06  2.916221E+05 -1.494733E+06
  0.000000E+00  3.136247E-03  0.000000E+00  0.000000E+00 -1.184836E+06
  2.277548E+02 -4.947798E+04 -1.543326E+06  1.493861E+06  0.000000E+00
 -3.031474E-02  0.000000E+00  0.000000E+00  5.568179E+03  0.000000E+00
  0.000000E+00  0.000000E+00  9.000000E+01  9.000000E+01  9.000000E+01
  0.000000E+00  5.063652E+01  0.000000E+00  3.350948E-02  4.412517E-02
  5.684501E+00  1.357022E+01  4.887905E+01  9.724874E-01  3.806715E+00
  9.724874E-01  5.269853E+01  1.618166E+00  3.806715E+00  1.618166E+00
  5.033199E+01
      2840  2.840000E+00        41
 -1.202041E+06  2.902952E+02 -1.203087E+06  2.915657E+05 -1.494653E+06
  0.000000E+00  3.096583E-03  0.000000E+00  0.000000E+00 -1.184875E+06
  2.148153E+02 -4.940810E+04 -1.543174E+06  1.493780E+06  0.000000E+00
 -2.993473E-02  0.000000E+00  0.000000E+00  5.568179E+03  0.000000E+00
  0.000000E+00  0.000000E+00  9.000000E+01  9.000000E+01  9.000000E+01
  0.000000E+00  5.052038E+01  0.000000E+00  3.438848E-02  4.558541E-02
  5.732380E+00  1.366407E+01  5.094854E+01  1.267576E-01  4.341190E+00
  1.267576E-01  5.365208E+01 -5.335047E-01  4.341190E+00 -5.335047E-01
  4.696052E+01
      2850  2.850000E+00        41
 -1.202041E+06  3.117102E+02 -1.203164E+06  2.915241E+05 -1.494688E+06
  0.000000E+00  2.976583E-03  0.000000E+00  0.000000E+00 -1.184887E+06
  2.117495E+02 -4.922008E+04 -1.543014E+06  1.493815E+06  0.000000E+00
 -2.879608E-02  0.000000E+00  0.000000E+00  5.568179E+03  0.000000E+00
  0.000000E+00  0.000000E+00  9.000000E+01  9.000000E+01  9.000000E+01
  0.000000E+00  5.048745E+01  0.000000E+00  3.595327E-02  4.612740E-02
  5.782762E+00  1.376740E+01  4.831784E+01 -8.519481E-02  2.751571E+00
 -8.519481E-02  5.354109E+01 -1.493618E+00  2.751571E+00 -1.493618E+00
  4.960341E+01
      2860  2.860000E+00        41
 -1.202040E+06  2.936954E+02 -1.203099E+06  2.911758E+05 -1.494275E+06
  0.000000E+00  2.826016E-03  0.000000E+00  0.000000E+00 -1.185317E+06
  2.210920E+02 -4.805831E+04 -1.541430E+06  1.493398E+06  0.000000E+00
 -2.734193E-02  0.000000E+00  0.000000E+00  5.568179E+03  0.000000E+00
  0.000000E+00  0.000000E+00  9.000000E+01  9.000000E+01  9.000000E+01
  0.000000E+00  4.922005E+01  0.000000E+00  3.838427E-02  4.632455E-02
  5.835924E+00  1.388212E+01  4.692520E+01  1.452148E-01  3.125875E+00
  1.452148E-01  5.056358E+01 -1.270848E+00  3.125875E+00 -1.270848E+00
  5.017136E+01
      2870  2.870000E+00        41
 -1.202040E+06  2.954465E+02 -1.203105E+06  2.911780E+05 -1.494283E+06
  0.000000E+00  2.911196E-03  0.000000E+00  0.000000E+00 -1.185317E+06
  2.320898E+02 -4.804401E+04 -1.541428E+06  1.493410E+06  0.000000E+00
 -2.817639E-02  0.000000E+00  0.000000E+00  5.568179E+03  0.000000E+00
  0.000000E+00  0.000000E+00  9.000000E+01  9.000000E+01  9.000000E+01
  0.000000E+00  4.921813E+01  0.000000E+00  3.897449E-02  4.746736E-02
  5.891966E+00  1.401048E+01  4.615103E+01  4.741407E-02  3.887221E+00
  4.741407E-02  5.183716E+01 -2.744506E+00  3.887221E+00 -2.744506E+00
  4.966619E+01
      2880  2.880000E+00        41
 -1.202040E+06  3.094361E+02 -1.203155E+06  2.913856E+05 -1.494541E+06
  0.000000E+00  2.984900E-03  0.000000E+00  0.000000E+00 -1.185064E+06
  2.475427E+02 -4.870509E+04 -1.542348E+06  1.493666E+06  0.000000E+00
 -2.885424E-02  0.000000E+00  0.000000E+00  5.568179E+03  0.000000E+00
  0.000000E+00  0.000000E+00  9.000000E+01  9.000000E+01  9.000000E+01
  0.000000E+00  4.996525E+01  0.000000E+00  3.822828E-02  4.877329E-02
  5.951402E+00  1.415472E+01  4.529922E+01 -2.002263E+00  4.082880E+00
 -2.002263E+00  5.534509E+01 -1.529977E+00  4.082880E+00 -1.529977E+00
  4.925144E+01
      2890  2.890000E+00        41
 -1.202040E+06  2.981933E+02 -1.203115E+06  2.913155E+05 -1.494430E+06
  0.000000E+00  2.923756E-03  0.000000E+00  0.000000E+00 -1.185175E+06
  2.682565E+02 -4.845406E+04 -1.541995E+06  1.493557E+06  0.000000E+00
 -2.825971E-02  0.000000E+00  0.000000E+00  5.568179E+03  0.000000E+00
  0.000000E+00  0.000000E+00  9.000000E+01  9.000000E+01  9.000000E+01
  0.000000E+00  4.963896E+01  0.000000E+00  3.879745E-02  4.976624E-02
  6.013733E+00  1.431164E+01  4.691924E+01  6.125419E-01 -1.374614E+00
  6.125419E-01  5.241828E+01  5.068214E-01 -1.374614E+00  5.068214E-01
  4.957936E+01
      2900  2.900000E+00        41
 -1.202041E+06  3.090262E+02 -1.203155E+06  2.911180E+05 -1.494273E+06
  0.000000E+00  3.042254E-03  0.000000E+00  0.000000E+00 -1.185353E+06
  2.887418E+02 -4.784505E+04 -1.541230E+06  1.493396E+06  0.000000E+00
 -2.942417E-02  0.000000E+00  0.000000E+00  5.568179E+03  0.000000E+00
  0.000000E+00  0.000000E+00  9.000000E+01  9.000000E+01  9.000000E+01
  0.000000E+00  4.911759E+01  0.000000E+00  4.171908E-02  5.059982E-02
  6.078846E+00  1.447963E+01  4.887782E+01  1.226798E+00  6.291277E-01
  1.226798E+00  4.767793E+01  1.269823E-01  6.291277E-01  1.269823E-01
  5.079702E+01
      2910  2.910000E+00        41
 -1.202042E+06  3.118501E+02 -1.203166E+06  2.907044E+05 -1.493870E+06
  0.000000E+00  3.049621E-03  0.000000E+00  0.000000E+00 -1.185776E+06
  3.028791E+02 -4.655808E+04 -1.539546E+06  1.492998E+06  0.000000E+00
 -2.948968E-02  0.000000E+00  0.000000E+00  5.568179E+03  0.000000E+00
  0.000000E+00  0.000000E+00  9.000000E+01  9.000000E+01  9.000000E+01
  0.000000E+00  4.787461E+01  0.000000E+00  4.375340E-02  5.278715E-02
  6.146695E+00  1.465719E+01  4.509671E+01  9.361307E-01  1.503110E+00
  9.361307E-01  4.842482E+01  3.152184E+00  1.503110E+00  3.152184E+00
  5.010230E+01
      2920  2.920000E+00        41
 -1.202041E+06  3.006921E+02 -1.203125E+06  2.908387E+05 -1.493964E+06
  0.000000E+00  2.851833E-03  0.000000E+00  0.000000E+00 -1.185693E+06
  3.271128E+02 -4.688576E+04 -1.539973E+06  1.493095E+06  0.000000E+00
 -2.760049E-02  0.000000E+00  0.000000E+00  5.568179E+03  0.000000E+00
  0.000000E+00  0.000000E+00  9.000000E+01  9.000000E+01  9.000000E+01
  0.000000E+00  4.811658E+01  0.000000E+00  4.483959E-02  5.580348E-02
  6.217636E+00  1.484409E+01  4.155029E+01  5.949633E-01 -8.421017E-01
  5.949633E-01  5.221391E+01  1.627185E+00 -8.421017E-01  1.627185E+00
  5.058553E+01
      2930  2.930000E+00        41
 -1.202041E+06  2.934417E+02 -1.203098E+06  2.915412E+05 -1.494640E+06
  0.000000E+00  2.875585E-03  0.000000E+00  0.000000E+00 -1.184963E+06
  3.518611E+02 -4.912789E+04 -1.542890E+06  1.493769E+06  0.000000E+00
 -2.782666E-02  0.000000E+00  0.000000E+00  5.568179E+03  0.000000E+00
  0.000000E+00  0.000000E+00  9.000000E+01  9.000000E+01  9.000000E+01
  0.000000E+00  5.026438E+01  0.000000E+00  4.723508E-02  5.833232E-02
  6.292183E+00  1.504190E+01  4.487930E+01  1.142955E+00  2.278734E-01
  1.142955E+00  4.777774E+01 -2.874471E+00  2.278734E-01 -2.874471E+00
  5.813611E+01
      2940  2.940000E+00        41
 -1.202042E+06  3.219070E+02 -1.203202E+06  2.918890E+05 -1.495091E+06
  0.000000E+00  2.994117E-03  0.000000E+00  0.000000E+00 -1.184501E+06
  3.712679E+02 -5.031254E+04 -1.544531E+06  1.494219E+06  0.000000E+00
 -2.893232E-02  0.000000E+00  0.000000E+00  5.568179E+03  0.000000E+00
  0.000000E+00  0.000000E+00  9.000000E+01  9.000000E+01  9.000000E+01
  0.000000E+00  5.162743E+01  0.000000E+00  5.020206E-02  6.038893E-02
  6.369666E+00  1.524927E+01  4.838502E+01  2.912433E+00 -1.908433E+00
  2.912433E+00  5.209702E+01  6.684020E-01 -1.908433E+00  6.684020E-01
  5.440027E+01
      2950  2.950000E+00        41
 -1.202042E+06  2.870012E+02 -1.203076E+06  2.915971E+05 -1.494673E+06
  0.000000E+00  3.156800E-03  0.000000E+00  0.000000E+00 -1.184857E+06
  3.980452E+02 -4.949507E+04 -1.543299E+06  1.493801E+06  0.000000E+00
 -3.053845E-02  0.000000E+00  0.000000E+00  5.568179E+03  0.000000E+00
  0.000000E+00  0.000000E+00  9.000000E+01  9.000000E+01  9.000000E+01
  0.000000E+00  5.057793E+01  0.000000E+00  5.263981E-02  6.349922E-02
  6.450247E+00  1.546619E+01  5.044070E+01 -8.640116E-01 -1.154665E+00
 -8.640116E-01  5.319318E+01  2.353709E+00 -1.154665E+00  2.353709E+00
  4.809990E+01
      2960  2.960000E+00        41
 -1.202041E+06  2.964786E+02 -1.203110E+06  2.913892E+05 -1.494499E+06
  0.000000E+00  3.222499E-03  0.000000E+00  0.000000E+00 -1.185112E+06
  4.284537E+02 -4.866303E+04 -1.542298E+06  1.493629E+06  0.000000E+00
 -3.114057E-02  0.000000E+00  0.000000E+00  5.568179E+03  0.000000E+00
  0.000000E+00  0.000000E+00  9.000000E+01  9.000000E+01  9.000000E+01
  0.000000E+00  4.982792E+01  0.000000E+00  5.505392E-02  6.583255E-02
  6.533848E+00  1.569203E+01  5.238250E+01  2.676711E-01 -3.026025E+00
  2.676711E-01  4.656614E+01 -1.749906E+00 -3.026025E+00 -1.749906E+00
  5.053513E+01
      2970  2.970000E+00        41
 -1.202041E+06  2.893158E+02 -1.203084E+06  2.907981E+05 -1.493882E+06
  0.000000E+00  3.092369E-03  0.000000E+00  0.000000E+00 -1.185756E+06
  4.585620E+02 -4.678170E+04 -1.539803E+06  1.493012E+06  0.000000E+00
 -2.991975E-02  0.000000E+00  0.000000E+00  5.568179E+03  0.000000E+00
  0.000000E+00  0.000000E+00  9.000000E+01  9.000000E+01  9.000000E+01
  0.000000E+00  4.793082E+01  0.000000E+00  5.715434E-02  6.799214E-02
  6.620197E+00  1.592694E+01  4.636457E+01  4.411176E+00 -4.304934E+00
  4.411176E+00  4.731858E+01  7.279077E-01 -4.304934E+00  7.279077E-01
  5.010933E+01
      2980  2.980000E+00        41
 -1.202041E+06  2.879504E+02 -1.203079E+06  2.908022E+05 -1.493881E+06
  0.000000E+00  3.048650E-03  0.000000E+00  0.000000E+00 -1.185762E+06
  4.775364E+02 -4.677161E+04 -1.539792E+06  1.493011E+06  0.000000E+00
 -2.952812E-02  0.000000E+00  0.000000E+00  5.568179E+03  0.000000E+00
  0.000000E+00  0.000000E+00  9.000000E+01  9.000000E+01  9.000000E+01
  0.000000E+00  4.791081E+01  0.000000E+00  5.908212E-02  6.889355E-02
  6.708728E+00  1.616906E+01  4.157982E+01  1.853073E+00 -9.475190E-01
  1.853073E+00  5.227310E+01  6.848852E+00 -9.475190E-01  6.848852E+00
  4.987950E+01
      2990  2.990000E+00        41
 -1.202040E+06  2.980872E+02 -1.203115E+06  2.913957E+05 -1.494511E+06
  0.000000E+00  3.191833E-03  0.000000E+00  0.000000E+00 -1.185129E+06
  5.023010E+02 -4.859829E+04 -1.542254E+06  1.493644E+06  0.000000E+00
 -3.082877E-02  0.000000E+00  0.000000E+00  5.568179E+03  0.000000E+00
  0.000000E+00  0.000000E+00  9.000000E+01  9.000000E+01  9.000000E+01
  0.000000E+00  4.977398E+01  0.000000E+00  5.877306E-02  7.017715E-02
  6.798954E+00  1.641598E+01  4.393387E+01 -1.231597E+00  3.915013E+00
 -1.231597E+00  5.561274E+01  3.114413E+00  3.915013E+00  3.114413E+00
  4.977532E+01
      3000  3.000000E+00        41
 -1.202041E+06  2.956737E+02 -1.203106E+06  2.916393E+05 -1.494746E+06
  0.000000E+00  3.089610E-03  0.000000E+00  0.000000E+00 -1.184812E+06
  5.319820E+02 -4.956842E+04 -1.543457E+06  1.493874E+06  0.000000E+00
 -2.987616E-02  0.000000E+00  0.000000E+00  5.568179E+03  0.000000E+00
  0.000000E+00  0.000000E+00  9.000000E+01  9.000000E+01  9.000000E+01
  0.000000E+00  5.070794E+01  0.000000E+00  5.757783E-02  7.154138E-02
  6.891550E+00  1.666857E+01  4.496224E+01  2.015059E+00  1.976014E+00
  2.015059E+00  5.455845E+01 -3.761455E+00  1.976014E+00 -3.761455E+00
  5.260314E+01
      3010  3.010000E+00        41
 -1.202042E+06  3.339354E+02 -1.203246E+06  2.916288E+05 -1.494875E+06
  0.000000E+00  3.229476E-03  0.000000E+00  0.000000E+00 -1.184727E+06
  5.538194E+02 -4.955252E+04 -1.543582E+06  1.494010E+06  0.000000E+00
 -3.120298E-02  0.000000E+00  0.000000E+00  5.568179E+03  0.000000E+00
  0.000000E+00  0.000000E+00  9.000000E+01  9.000000E+01  9.000000E+01
  0.000000E+00  5.096240E+01  0.000000E+00  5.818300E-02  7.101023E-02
  6.986049E+00  1.692467E+01  4.567831E+01  8.619722E-01 -2.594839E+00
  8.619722E-01  5.355761E+01 -1.236134E+00 -2.594839E+00 -1.236134E+00
  5.365128E+01
      3020  3.020000E+00        41
 -1.202040E+06  2.656694E+02 -1.202998E+06  2.912009E+05 -1.494199E+06
  0.000000E+00  3.262078E-03  0.000000E+00  0.000000E+00 -1.185379E+06
  5.727786E+02 -4.808237E+04 -1.541438E+06  1.493337E+06  0.000000E+00
 -3.151489E-02  0.000000E+00  0.000000E+00  5.568179E+03  0.000000E+00
  0.000000E+00  0.000000E+00  9.000000E+01  9.000000E+01  9.000000E+01
  0.000000E+00  4.903684E+01  0.000000E+00  5.854431E-02  7.118783E-02
  7.082406E+00  1.718366E+01  4.534593E+01 -1.884550E+00 -4.762176E-01
 -1.884550E+00  5.387192E+01  4.172131E+00 -4.762176E-01  4.172131E+00
  4.789266E+01
      3030  3.030000E+00        41
 -1.202041E+06  3.175570E+02 -1.203185E+06  2.908719E+05 -1.494057E+06
  0.000000E+00  2.779948E-03  0.000000E+00  0.000000E+00 -1.185652E+06
  5.785209E+02 -4.689203E+04 -1.540102E+06  1.493191E+06  0.000000E+00
 -2.692747E-02  0.000000E+00  0.000000E+00  5.568179E+03  0.000000E+00
  0.000000E+00  0.000000E+00  9.000000E+01  9.000000E+01  9.000000E+01
  0.000000E+00  4.823585E+01  0.000000E+00  5.727933E-02  7.065249E-02
  7.180190E+00  1.744399E+01  4.306656E+01  1.215669E-01 -1.305447E+00
  1.215669E-01  4.997289E+01  3.717885E-01 -1.305447E+00  3.717885E-01
  5.166812E+01
      3040  3.040000E+00        41
 -1.202042E+06  3.139358E+02 -1.203173E+06  2.908823E+05 -1.494055E+06
  0.000000E+00  3.030804E-03  0.000000E+00  0.000000E+00 -1.185648E+06
  5.859536E+02 -4.693231E+04 -1.540146E+06  1.493189E+06  0.000000E+00
 -2.926442E-02  0.000000E+00  0.000000E+00  5.568179E+03  0.000000E+00
  0.000000E+00  0.000000E+00  9.000000E+01  9.000000E+01  9.000000E+01
  0.000000E+00  4.824958E+01  0.000000E+00  5.755401E-02  6.979274E-02
  7.278731E+00  1.770343E+01  3.942642E+01  2.470437E+00 -2.256580E+00
  2.470437E+00  4.938435E+01 -3.141385E+00 -2.256580E+00 -3.141385E+00
  5.593797E+01
      3050  3.050000E+00        41
 -1.202043E+06  3.242843E+02 -1.203212E+06  2.909103E+05 -1.494122E+06
  0.000000E+00  3.023853E-03  0.000000E+00  0.000000E+00 -1.185573E+06
  5.846369E+02 -4.708615E+04 -1.540361E+06  1.493255E+06  0.000000E+00
 -2.922580E-02  0.000000E+00  0.000000E+00  5.568179E+03  0.000000E+00
  0.000000E+00  0.000000E+00  9.000000E+01  9.000000E+01  9.000000E+01
  0.000000E+00  4.847373E+01  0.000000E+00  5.736421E-02  6.936201E-02
  7.378214E+00  1.796174E+01  4.487420E+01  7.092989E-02 -1.683855E+00
  7.092989E-02  5.330680E+01  4.378921E-01 -1.683855E+00  4.378921E-01
  4.724018E+01
      3060  3.060000E+00        41
 -1.202042E+06  2.973514E+02 -1.203114E+06  2.911294E+05 -1.494244E+06
  0.000000E+00  3.092474E-03  0.000000E+00  0.000000E+00 -1.185405E+06
  5.706842E+02 -4.778411E+04 -1.541178E+06  1.493375E+06  0.000000E+00
 -2.991335E-02  0.000000E+00  0.000000E+00  5.568179E+03  0.000000E+00
  0.000000E+00  0.000000E+00  9.000000E+01  9.000000E+01  9.000000E+01
  0.000000E+00  4.896834E+01  0.000000E+00  5.709209E-02  6.912377E-02
  7.477691E+00  1.821568E+01  4.769879E+01 -3.288359E+00 -5.804430E-01
 -3.288359E+00  5.709491E+01 -3.339899E-01 -5.804430E-01 -3.339899E-01
  4.211131E+01
      3070  3.070000E+00        41
 -1.202042E+06  2.897020E+02 -1.203086E+06  2.910731E+05 -1.494159E+06
  0.000000E+00  3.259561E-03  0.000000E+00  0.000000E+00 -1.185457E+06
  5.602375E+02 -4.768241E+04 -1.540992E+06  1.493292E+06  0.000000E+00
 -3.149463E-02  0.000000E+00  0.000000E+00  5.568179E+03  0.000000E+00
  0.000000E+00  0.000000E+00  9.000000E+01  9.000000E+01  9.000000E+01
  0.000000E+00  4.881472E+01  0.000000E+00  5.773678E-02  6.804431E-02
  7.576861E+00  1.846397E+01  4.644511E+01 -8.356458E-01  3.125538E+00
 -8.356458E-01  5.029021E+01 -2.870387E+00  3.125538E+00 -2.870387E+00
  4.970885E+01
      3080  3.080000E+00        41
 -1.202042E+06  3.098629E+02 -1.203159E+06  2.908815E+05 -1.494041E+06
  0.000000E+00  2.977379E-03  0.000000E+00  0.000000E+00 -1.185620E+06
  5.508387E+02 -4.704637E+04 -1.540239E+06  1.493173E+06  0.000000E+00
 -2.882371E-02  0.000000E+00  0.000000E+00  5.568179E+03  0.000000E+00
  0.000000E+00  0.000000E+00  9.000000E+01  9.000000E+01  9.000000E+01
  0.000000E+00  4.833354E+01  0.000000E+00  5.682790E-02  6.779654E-02
  7.675258E+00  1.870569E+01  4.716461E+01 -6.836592E-01  1.044106E+00
 -6.836592E-01  4.758204E+01 -4.927930E-01  1.044106E+00 -4.927930E-01
  5.025396E+01
      3090  3.090000E+00        41
 -1.202042E+06  2.954148E+02 -1.203107E+06  2.907856E+05 -1.493892E+06
  0.000000E+00  3.034395E-03  0.000000E+00  0.000000E+00 -1.185786E+06
  5.410701E+02 -4.665027E+04 -1.539692E+06  1.493024E+06  0.000000E+00
 -2.933849E-02  0.000000E+00  0.000000E+00  5.568179E+03  0.000000E+00
  0.000000E+00  0.000000E+00  9.000000E+01  9.000000E+01  9.000000E+01
  0.000000E+00  4.784299E+01  0.000000E+00  5.613959E-02  6.732037E-02
  7.772837E+00  1.894009E+01  4.118577E+01 -1.536397E+00  9.718602E-01
 -1.536397E+00  5.208201E+01  9.030348E-01  9.718602E-01  9.030348E-01
  5.026119E+01
      3100  3.100000E+00        41
 -1.202043E+06  3.137992E+02 -1.203174E+06  2.906665E+05 -1.493840E+06
  0.000000E+00  2.992819E-03  0.000000E+00  0.000000E+00 -1.185896E+06
  5.185282E+02 -4.619077E+04 -1.539170E+06  1.492972E+06  0.000000E+00
 -2.896767E-02  0.000000E+00  0.000000E+00  5.568179E+03  0.000000E+00
  0.000000E+00  0.000000E+00  9.000000E+01  9.000000E+01  9.000000E+01
  0.000000E+00  4.752277E+01  0.000000E+00  5.641678E-02  6.586581E-02
  7.870657E+00  1.916821E+01  3.954639E+01 -2.109505E+00  8.438656E-01
 -2.109505E+00  4.839351E+01 -2.083229E+00  8.438656E-01 -2.083229E+00
  5.462840E+01
      3110  3.110000E+00        41
 -1.202043E+06  3.065485E+02 -1.203148E+06  2.902490E+05 -1.493397E+06
  0.000000E+00  2.985988E-03  0.000000E+00  0.000000E+00 -1.186285E+06
  4.938171E+02 -4.507667E+04 -1.537609E+06  1.492529E+06  0.000000E+00
 -2.887814E-02  0.000000E+00  0.000000E+00  5.568179E+03  0.000000E+00
  0.000000E+00  0.000000E+00  9.000000E+01  9.000000E+01  9.000000E+01
  0.000000E+00  4.637908E+01  0.000000E+00  5.556350E-02  6.573880E-02
  7.968604E+00  1.938882E+01  4.044117E+01  1.295517E+00 -8.283081E-01
  1.295517E+00  5.192405E+01 -1.129907E+00 -8.283081E-01 -1.129907E+00
  4.677202E+01
      3120  3.120000E+00        41
 -1.202043E+06  3.040251E+02 -1.203138E+06  2.905900E+05 -1.493728E+06
  0.000000E+00  3.032511E-03  0.000000E+00  0.000000E+00 -1.185950E+06
  4.689376E+02 -4.609742E+04 -1.538963E+06  1.492861E+06  0.000000E+00
 -2.935702E-02  0.000000E+00  0.000000E+00  5.568179E+03  0.000000E+00
  0.000000E+00  0.000000E+00  9.000000E+01  9.000000E+01  9.000000E+01
  0.000000E+00  4.736326E+01  0.000000E+00  5.470736E-02  6.537853E-02
  8.066476E+00  1.960069E+01  4.377420E+01  9.509997E-01 -2.711561E+00
  9.509997E-01  5.776765E+01  1.285346E+00 -2.711561E+00  1.285346E+00
  4.054795E+01
      3130  3.130000E+00        41
 -1.202042E+06  2.770669E+02 -1.203040E+06  2.907829E+05 -1.493823E+06
  0.000000E+00  3.266541E-03  0.000000E+00  0.000000E+00 -1.185831E+06
  4.354431E+02 -4.664475E+04 -1.539614E+06  1.492964E+06  0.000000E+00
 -3.156613E-02  0.000000E+00  0.000000E+00  5.568179E+03  0.000000E+00
  0.000000E+00  0.000000E+00  9.000000E+01  9.000000E+01  9.000000E+01
  0.000000E+00  4.771040E+01  0.000000E+00  5.440886E-02  6.552255E-02
  8.163915E+00  1.980294E+01  4.698275E+01 -2.751398E+00  8.708654E-01
 -2.751398E+00  5.607798E+01 -2.338896E+00  8.708654E-01 -2.338896E+00
  4.007047E+01
      3140  3.140000E+00        41
 -1.202042E+06  3.039590E+02 -1.203138E+06  2.904723E+05 -1.493610E+06
  0.000000E+00  3.033489E-03  0.000000E+00  0.000000E+00 -1.186072E+06
  4.052544E+02 -4.573083E+04 -1.538479E+06  1.492751E+06  0.000000E+00
 -2.935849E-02  0.000000E+00  0.000000E+00  5.568179E+03  0.000000E+00
  0.000000E+00  0.000000E+00  9.000000E+01  9.000000E+01  9.000000E+01
  0.000000E+00  4.700471E+01  0.000000E+00  5.406703E-02  6.492723E-02
  8.261052E+00  1.999576E+01  4.380146E+01  5.717642E-01  2.188146E+00
  5.717642E-01  5.161759E+01 -2.199878E+00  2.188146E+00 -2.199878E+00
  4.559509E+01
      3150  3.150000E+00        41
 -1.202043E+06  3.015483E+02 -1.203130E+06  2.904138E+05 -1.493544E+06
  0.000000E+00  2.956646E-03  0.000000E+00  0.000000E+00 -1.186135E+06
  3.793410E+02 -4.555847E+04 -1.538229E+06  1.492680E+06  0.000000E+00
 -2.861654E-02  0.000000E+00  0.000000E+00  5.568179E+03  0.000000E+00
  0.000000E+00  0.000000E+00  9.000000E+01  9.000000E+01  9.000000E+01
  0.000000E+00  4.681920E+01  0.000000E+00  5.373021E-02  6.396901E-02
  8.358566E+00  2.018077E+01  4.023301E+01  3.320758E-01 -4.388965E-01
  3.320758E-01  4.702206E+01 -8.397890E-01 -4.388965E-01 -8.397890E-01
  5.320252E+01
      3160  3.160000E+00        41
 -1.202042E+06  3.006060E+02 -1.203126E+06  2.907918E+05 -1.493917E+06
  0.000000E+00  2.896477E-03  0.000000E+00  0.000000E+00 -1.185736E+06
  3.518080E+02 -4.675868E+04 -1.539793E+06  1.493051E+06  0.000000E+00
 -2.802315E-02  0.000000E+00  0.000000E+00  5.568179E+03  0.000000E+00
  0.000000E+00  0.000000E+00  9.000000E+01  9.000000E+01  9.000000E+01
  0.000000E+00  4.799070E+01  0.000000E+00  5.299439E-02  6.216857E-02
  8.456950E+00  2.035877E+01  4.540997E+01 -3.316808E+00 -6.978484E-01
 -3.316808E+00  4.910943E+01  2.629650E+00 -6.978484E-01  2.629650E+00
  4.945270E+01
      3170  3.170000E+00        41
 -1.202042E+06  2.926614E+02 -1.203097E+06  2.914386E+05 -1.494535E+06
  0.000000E+00  2.983455E-03  0.000000E+00  0.000000E+00 -1.185058E+06
  3.235237E+02 -4.885041E+04 -1.542499E+06  1.493667E+06  0.000000E+00
 -2.886765E-02  0.000000E+00  0.000000E+00  5.568179E+03  0.000000E+00
  0.000000E+00  0.000000E+00  9.000000E+01  9.000000E+01  9.000000E+01
  0.000000E+00  4.998732E+01  0.000000E+00  5.197427E-02  5.961397E-02
  8.557555E+00  2.053179E+01  4.866396E+01 -3.490245E+00 -4.555894E-01
 -3.490245E+00  5.221608E+01  8.836189E-01 -4.555894E-01  8.836189E-01
  4.908193E+01
      3180  3.180000E+00        41
 -1.202042E+06  3.075128E+02 -1.203150E+06  2.915700E+05 -1.494720E+06
  0.000000E+00  3.218144E-03  0.000000E+00  0.000000E+00 -1.184859E+06
  3.006296E+02 -4.934001E+04 -1.543175E+06  1.493851E+06  0.000000E+00
 -3.108707E-02  0.000000E+00  0.000000E+00  5.568179E+03  0.000000E+00
  0.000000E+00  0.000000E+00  9.000000E+01  9.000000E+01  9.000000E+01
  0.000000E+00  5.057325E+01  0.000000E+00  5.011707E-02  5.777949E-02
  8.660962E+00  2.070182E+01  4.798105E+01 -9.634070E-01 -1.196364E+00
 -9.634070E-01  5.771652E+01 -4.556829E+00 -1.196364E+00 -4.556829E+00
  4.602219E+01
      3190  3.190000E+00        41
 -1.202043E+06  3.145689E+02 -1.203176E+06  2.908808E+05 -1.494057E+06
  0.000000E+00  2.947890E-03  0.000000E+00  0.000000E+00 -1.185596E+06
  2.824067E+02 -4.708011E+04 -1.540240E+06  1.493184E+06  0.000000E+00
 -2.850809E-02  0.000000E+00  0.000000E+00  5.568179E+03  0.000000E+00
  0.000000E+00  0.000000E+00  9.000000E+01  9.000000E+01  9.000000E+01
  0.000000E+00  4.840649E+01  0.000000E+00  4.902069E-02  5.607020E-02
  8.767340E+00  2.086957E+01  4.652629E+01  1.895188E+00 -2.409434E+00
  1.895188E+00  5.302216E+01  1.451699E+00 -2.409434E+00  1.451699E+00
  4.567100E+01
      3200  3.200000E+00        41
 -1.202043E+06  3.123426E+02 -1.203169E+06  2.904748E+05 -1.493644E+06
  0.000000E+00  2.838044E-03  0.000000E+00  0.000000E+00 -1.186076E+06
  2.590691E+02 -4.565514E+04 -1.538381E+06  1.492770E+06  0.000000E+00
 -2.745902E-02  0.000000E+00  0.000000E+00  5.568179E+03  0.000000E+00
  0.000000E+00  0.000000E+00  9.000000E+01  9.000000E+01  9.000000E+01
  0.000000E+00  4.699333E+01  0.000000E+00  4.818280E-02  5.513476E-02
  8.877454E+00  2.103611E+01  4.170011E+01  3.817878E-01 -1.541351E+00
  3.817878E-01  4.468583E+01  1.892065E+00 -1.541351E+00  1.892065E+00
  5.459404E+01
      3210  3.210000E+00        41
 -1.202044E+06  3.161692E+02 -1.203183E+06  2.903888E+05 -1.493572E+06
  0.000000E+00  2.815629E-03  0.000000E+00  0.000000E+00 -1.186145E+06
  2.382675E+02 -4.542284E+04 -1.538058E+06  1.492696E+06  0.000000E+00
 -2.724240E-02  0.000000E+00  0.000000E+00  5.568179E+03  0.000000E+00
  0.000000E+00  0.000000E+00  9.000000E+01  9.000000E+01  9.000000E+01
  0.000000E+00  4.679299E+01  0.000000E+00  4.721022E-02  5.572482E-02
  8.991495E+00  2.120138E+01  4.334695E+01 -2.896007E-01 -2.330461E+00
 -2.896007E-01  4.108414E+01 -1.310047E-01 -2.330461E+00 -1.310047E-01
  5.594788E+01
      3220  3.220000E+00        41
 -1.202044E+06  2.951077E+02 -1.203107E+06  2.908189E+05 -1.493926E+06
  0.000000E+00  2.849372E-03  0.000000E+00  0.000000E+00 -1.185706E+06
  2.250203E+02 -4.689234E+04 -1.539870E+06  1.493050E+06  0.000000E+00
 -2.754591E-02  0.000000E+00  0.000000E+00  5.568179E+03  0.000000E+00
  0.000000E+00  0.000000E+00  9.000000E+01  9.000000E+01  9.000000E+01
  0.000000E+00  4.808604E+01  0.000000E+00  4.716923E-02  5.644155E-02
  9.109719E+00  2.136675E+01  4.782624E+01  2.142546E+00 -2.553965E+00
  2.142546E+00  4.632844E+01  7.420246E-01 -2.553965E+00  7.420246E-01
  5.010344E+01
      3230  3.230000E+00        41
 -1.202044E+06  3.025784E+02 -1.203134E+06  2.916510E+05 -1.494785E+06
  0.000000E+00  3.076937E-03  0.000000E+00  0.000000E+00 -1.184742E+06
  2.129868E+02 -4.973012E+04 -1.543569E+06  1.493912E+06  0.000000E+00
 -2.977177E-02  0.000000E+00  0.000000E+00  5.568179E+03  0.000000E+00
  0.000000E+00  0.000000E+00  9.000000E+01  9.000000E+01  9.000000E+01
  0.000000E+00  5.092322E+01  0.000000E+00  4.673664E-02  5.628912E-02
  9.231086E+00  2.153394E+01  4.366095E+01  1.291067E+00 -2.256841E+00
  1.291067E+00  6.092487E+01 -1.405089E+00 -2.256841E+00 -1.405089E+00
  4.818383E+01
      3240  3.240000E+00        41
 -1.202044E+06  2.929013E+02 -1.203099E+06  2.921049E+05 -1.495204E+06
  0.000000E+00  3.072040E-03  0.000000E+00  0.000000E+00 -1.184233E+06
  2.040214E+02 -5.132694E+04 -1.545596E+06  1.494328E+06  0.000000E+00
 -2.969423E-02  0.000000E+00  0.000000E+00  5.568179E+03  0.000000E+00
  0.000000E+00  0.000000E+00  9.000000E+01  9.000000E+01  9.000000E+01
  0.000000E+00  5.242158E+01  0.000000E+00  4.622385E-02  5.545949E-02
  9.353591E+00  2.170057E+01  5.110944E+01 -1.336547E+00  1.552258E+00
 -1.336547E+00  5.596332E+01 -3.544795E-01  1.552258E+00 -3.544795E-01
  5.019200E+01
      3250  3.250000E+00        41
 -1.202044E+06  3.107189E+02 -1.203164E+06  2.920195E+05 -1.495183E+06
  0.000000E+00  2.935827E-03  0.000000E+00  0.000000E+00 -1.184307E+06
  1.943873E+02 -5.097505E+04 -1.545226E+06  1.494311E+06  0.000000E+00
 -2.838727E-02  0.000000E+00  0.000000E+00  5.568179E+03  0.000000E+00
  0.000000E+00  0.000000E+00  9.000000E+01  9.000000E+01  9.000000E+01
  0.000000E+00  5.220260E+01  0.000000E+00  4.589345E-02  5.420863E-02
  9.475796E+00  2.186166E+01  5.679337E+01 -1.060965E+00  9.703249E-01
 -1.060965E+00  5.011608E+01 -4.738544E-02  9.703249E-01 -4.738544E-02
  4.969836E+01
      3260  3.260000E+00        41
 -1.202044E+06  3.062054E+02 -1.203148E+06  2.915605E+05 -1.494708E+06
  0.000000E+00  2.985436E-03  0.000000E+00  0.000000E+00 -1.184873E+06
  1.907641E+02 -4.931158E+04 -1.543089E+06  1.493833E+06  0.000000E+00
 -2.883782E-02  0.000000E+00  0.000000E+00  5.568179E+03  0.000000E+00
  0.000000E+00  0.000000E+00  9.000000E+01  9.000000E+01  9.000000E+01
  0.000000E+00  5.053880E+01  0.000000E+00  4.478377E-02  5.435430E-02
  9.597771E+00  2.201638E+01  4.741971E+01  4.025399E-02 -4.285539E+00
  4.025399E-02  4.949027E+01 -4.448865E-01 -4.285539E+00 -4.448865E-01
  5.470642E+01
      3270  3.270000E+00        41
 -1.202044E+06  2.930019E+02 -1.203100E+06  2.905749E+05 -1.493675E+06
  0.000000E+00  2.847343E-03  0.000000E+00  0.000000E+00 -1.185966E+06
  1.934265E+02 -4.612520E+04 -1.538865E+06  1.492801E+06  0.000000E+00
 -2.755728E-02  0.000000E+00  0.000000E+00  5.568179E+03  0.000000E+00
  0.000000E+00  0.000000E+00  9.000000E+01  9.000000E+01  9.000000E+01
  0.000000E+00  4.731931E+01  0.000000E+00  4.410906E-02  5.501944E-02
  9.719633E+00  2.216506E+01  4.200389E+01 -1.397118E+00 -1.347722E-01
 -1.397118E+00  4.669811E+01 -4.611295E-01 -1.347722E-01 -4.611295E-01
  5.325592E+01
      3280  3.280000E+00        41
 -1.202044E+06  2.938406E+02 -1.203103E+06  2.903801E+05 -1.493483E+06
  0.000000E+00  2.777317E-03  0.000000E+00  0.000000E+00 -1.186165E+06
  1.945379E+02 -4.552397E+04 -1.538063E+06  1.492609E+06  0.000000E+00
 -2.687905E-02  0.000000E+00  0.000000E+00  5.568179E+03  0.000000E+00
  0.000000E+00  0.000000E+00  9.000000E+01  9.000000E+01  9.000000E+01
  0.000000E+00  4.673537E+01  0.000000E+00  4.501712E-02  5.377649E-02
  9.840490E+00  2.230639E+01  4.496621E+01  1.816853E+00  6.149537E-01
  1.816853E+00  4.665917E+01  1.316758E+00  6.149537E-01  1.316758E+00
  4.858072E+01
      3290  3.290000E+00        41
 -1.202044E+06  2.962259E+02 -1.203111E+06  2.912137E+05 -1.494325E+06
  0.000000E+00  2.998000E-03  0.000000E+00  0.000000E+00 -1.185237E+06
  1.981743E+02 -4.828845E+04 -1.541671E+06  1.493449E+06  0.000000E+00
 -2.897422E-02  0.000000E+00  0.000000E+00  5.568179E+03  0.000000E+00
  0.000000E+00  0.000000E+00  9.000000E+01  9.000000E+01  9.000000E+01
  0.000000E+00  4.946428E+01  0.000000E+00  4.528601E-02  5.205677E-02
  9.959300E+00  2.243825E+01  4.711784E+01  1.837135E+00 -6.945352E-01
  1.837135E+00  5.056920E+01 -2.818174E+00 -6.945352E-01 -2.818174E+00
  5.070579E+01
      3300  3.300000E+00        41
 -1.202044E+06  3.161448E+02 -1.203184E+06  2.916453E+05 -1.494829E+06
  0.000000E+00  3.114749E-03  0.000000E+00  0.000000E+00 -1.184725E+06
  2.096956E+02 -4.968363E+04 -1.543572E+06  1.493954E+06  0.000000E+00
 -3.012019E-02  0.000000E+00  0.000000E+00  5.568179E+03  0.000000E+00
  0.000000E+00  0.000000E+00  9.000000E+01  9.000000E+01  9.000000E+01
  0.000000E+00  5.097364E+01  0.000000E+00  4.417330E-02  5.082335E-02
  1.007523E+01  2.255754E+01  5.173329E+01 -1.000765E+00  4.833955E+00
 -1.000765E+00  5.306009E+01 -2.130279E+00  4.833955E+00 -2.130279E+00
  4.812753E+01
      3310  3.310000E+00        41
 -1.202044E+06  2.976570E+02 -1.203116E+06  2.915572E+05 -1.494674E+06
  0.000000E+00  3.008024E-03  0.000000E+00  0.000000E+00 -1.184852E+06
  2.267795E+02 -4.943412E+04 -1.543164E+06  1.493795E+06  0.000000E+00
 -2.908675E-02  0.000000E+00  0.000000E+00  5.568179E+03  0.000000E+00
  0.000000E+00  0.000000E+00  9.000000E+01  9.000000E+01  9.000000E+01
  0.000000E+00  5.059768E+01  0.000000E+00  4.165644E-02  5.080324E-02
  1.018863E+01  2.266473E+01  4.994366E+01  1.060312E+00  4.442647E+00
  1.060312E+00  4.596282E+01 -1.525383E-01  4.442647E+00 -1.525383E-01
  5.588658E+01
      3320  3.320000E+00        41
 -1.202044E+06  2.969884E+02 -1.203114E+06  2.914678E+05 -1.494582E+06
  0.000000E+00  3.084734E-03  0.000000E+00  0.000000E+00 -1.184963E+06
  2.508479E+02 -4.910682E+04 -1.542739E+06  1.493706E+06  0.000000E+00
 -2.983101E-02  0.000000E+00  0.000000E+00  5.568179E+03  0.000000E+00
  0.000000E+00  0.000000E+00  9.000000E+01  9.000000E+01  9.000000E+01
  0.000000E+00  5.027126E+01  0.000000E+00  3.895422E-02  5.076583E-02
  1.029820E+01  2.275678E+01  4.157629E+01  1.046165E+00  1.766742E-01
  1.046165E+00  5.018126E+01 -3.448937E+00  1.766742E-01 -3.448937E+00
  5.905624E+01
      3330  3.330000E+00        41
 -1.202044E+06  2.869822E+02 -1.203078E+06  2.912294E+05 -1.494308E+06
  0.000000E+00  2.900727E-03  0.000000E+00  0.000000E+00 -1.185238E+06
  2.883434E+02 -4.835481E+04 -1.541712E+06  1.493431E+06  0.000000E+00
 -2.807092E-02  0.000000E+00  0.000000E+00  5.568179E+03  0.000000E+00
  0.000000E+00  0.000000E+00  9.000000E+01  9.000000E+01  9.000000E+01
  0.000000E+00  4.946181E+01  0.000000E+00  3.786077E-02  4.882747E-02
  1.040180E+01  2.282950E+01  4.326599E+01  2.018046E+00  1.341331E+00
  2.018046E+00  5.258452E+01 -8.059508E-01  1.341331E+00 -8.059508E-01
  5.253490E+01
      3340  3.340000E+00        41
 -1.202044E+06  3.021307E+02 -1.203133E+06  2.914428E+05 -1.494576E+06
  0.000000E+00  2.882803E-03  0.000000E+00  0.000000E+00 -1.184962E+06
  3.368747E+02 -4.907489E+04 -1.542714E+06  1.493696E+06  0.000000E+00
 -2.788048E-02  0.000000E+00  0.000000E+00  5.568179E+03  0.000000E+00
  0.000000E+00  0.000000E+00  9.000000E+01  9.000000E+01  9.000000E+01
  0.000000E+00  5.027420E+01  0.000000E+00  3.610167E-02  4.658202E-02
  1.049820E+01  2.288160E+01  5.226603E+01  1.109568E+00  3.815290E+00
  1.109568E+00  4.741835E+01  2.975061E+00  3.815290E+00  2.975061E+00
  5.113823E+01
      3350  3.350000E+00        41
 -1.202044E+06  2.984641E+02 -1.203119E+06  2.920712E+05 -1.495191E+06
  0.000000E+00  3.145547E-03  0.000000E+00  0.000000E+00 -1.184323E+06
  3.852498E+02 -5.101905E+04 -1.545286E+06  1.494317E+06  0.000000E+00
 -3.034773E-02  0.000000E+00  0.000000E+00  5.568179E+03  0.000000E+00
  0.000000E+00  0.000000E+00  9.000000E+01  9.000000E+01  9.000000E+01
  0.000000E+00  5.215444E+01  0.000000E+00  3.477646E-02  4.413009E-02
  1.058747E+01  2.291424E+01  5.524777E+01 -9.882377E-01  1.188625E+00
 -9.882377E-01  5.147743E+01  3.994471E-01  1.188625E+00  3.994471E-01
  4.973811E+01
      3360  3.360000E+00        41
 -1.202044E+06  3.141551E+02 -1.203176E+06  2.918135E+05 -1.494990E+06
  0.000000E+00  3.048322E-03  0.000000E+00  0.000000E+00 -1.184513E+06
  4.339764E+02 -5.033890E+04 -1.544415E+06  1.494123E+06  0.000000E+00
 -2.948483E-02  0.000000E+00  0.000000E+00  5.568179E+03  0.000000E+00
  0.000000E+00  0.000000E+00  9.000000E+01  9.000000E+01  9.000000E+01
  0.000000E+00  5.159694E+01  0.000000E+00  3.411361E-02  4.148303E-02
  1.067080E+01  2.293165E+01  5.499489E+01  1.006666E+00  5.666312E+00
  1.006666E+00  5.217824E+01  1.069740E-01  5.666312E+00  1.069740E-01
  4.761769E+01
      3370  3.370000E+00        41
 -1.202044E+06  3.078247E+02 -1.203154E+06  2.919891E+05 -1.495143E+06
  0.000000E+00  3.107735E-03  0.000000E+00  0.000000E+00 -1.184422E+06
  4.835200E+02 -5.065788E+04 -1.544888E+06  1.494277E+06  0.000000E+00
 -3.001217E-02  0.000000E+00  0.000000E+00  5.568179E+03  0.000000E+00
  0.000000E+00  0.000000E+00  9.000000E+01  9.000000E+01  9.000000E+01
  0.000000E+00  5.186389E+01  0.000000E+00  3.238215E-02  4.073208E-02
  1.074805E+01  2.293547E+01  4.857949E+01  2.556663E+00  6.795685E+00
  2.556663E+00  5.493930E+01  2.782323E+00  6.795685E+00  2.782323E+00
  5.207289E+01
      3380  3.380000E+00        41
 -1.202044E+06  3.013256E+02 -1.203130E+06  2.915510E+05 -1.494681E+06
  0.000000E+00  2.868733E-03  0.000000E+00  0.000000E+00 -1.184872E+06
  5.147924E+02 -4.935680E+04 -1.543122E+06  1.493811E+06  0.000000E+00
 -2.773996E-02  0.000000E+00  0.000000E+00  5.568179E+03  0.000000E+00
  0.000000E+00  0.000000E+00  9.000000E+01  9.000000E+01  9.000000E+01
  0.000000E+00  5.054073E+01  0.000000E+00  3.121201E-02  4.058629E-02
  1.081824E+01  2.292890E+01  4.581069E+01 -1.244106E+00  2.421342E+00
 -1.244106E+00  5.318116E+01 -5.398760E-02  2.421342E+00 -5.398760E-02
  5.263033E+01
      3390  3.390000E+00        41
 -1.202045E+06  3.100467E+02 -1.203163E+06  2.915909E+05 -1.494754E+06
  0.000000E+00  2.837560E-03  0.000000E+00  0.000000E+00 -1.184799E+06
  5.366818E+02 -4.951651E+04 -1.543355E+06  1.493883E+06  0.000000E+00
 -2.743783E-02  0.000000E+00  0.000000E+00  5.568179E+03  0.000000E+00
  0.000000E+00  0.000000E+00  9.000000E+01  9.000000E+01  9.000000E+01
  0.000000E+00  5.075855E+01  0.000000E+00  3.161088E-02  4.024160E-02
  1.087975E+01  2.291598E+01  4.663603E+01 -5.051098E-01  1.400089E+00
 -5.051098E-01  5.387261E+01 -1.556952E+00  1.400089E+00 -1.556952E+00
  5.176701E+01
      3400  3.400000E+00        41
 -1.202045E+06  3.075921E+02 -1.203154E+06  2.918471E+05 -1.495001E+06
  0.000000E+00  2.964221E-03  0.000000E+00  0.000000E+00 -1.184498E+06
  5.740614E+02 -5.043867E+04 -1.544522E+06  1.494128E+06  0.000000E+00
 -2.862395E-02  0.000000E+00  0.000000E+00  5.568179E+03  0.000000E+00
  0.000000E+00  0.000000E+00  9.000000E+01  9.000000E+01  9.000000E+01
  0.000000E+00  5.164498E+01  0.000000E+00  3.132435E-02  4.043792E-02
  1.093164E+01  2.289798E+01  4.840068E+01  3.793547E+00  1.216165E+00
  3.793547E+00  5.601069E+01  8.224539E-01  1.216165E+00  8.224539E-01
  5.052358E+01
      3410  3.410000E+00        41
 -1.202045E+06  3.095522E+02 -1.203161E+06  2.919154E+05 -1.495076E+06
  0.000000E+00  2.767518E-03  0.000000E+00  0.000000E+00 -1.184430E+06
  6.226427E+02 -5.063034E+04 -1.544794E+06  1.494201E+06  0.000000E+00
 -2.673201E-02  0.000000E+00  0.000000E+00  5.568179E+03  0.000000E+00
  0.000000E+00  0.000000E+00  9.000000E+01  9.000000E+01  9.000000E+01
  0.000000E+00  5.184569E+01  0.000000E+00  3.086001E-02  4.078821E-02
  1.097414E+01  2.287484E+01  5.134343E+01 -6.390377E-01 -9.741196E-01
 -6.390377E-01  5.649905E+01 -6.278249E-01 -9.741196E-01 -6.278249E-01
  4.769459E+01
      3420  3.420000E+00        41
 -1.202045E+06  2.921986E+02 -1.203098E+06  2.921319E+05 -1.495230E+06
  0.000000E+00  2.957326E-03  0.000000E+00  0.000000E+00 -1.184275E+06
  6.706823E+02 -5.122141E+04 -1.545536E+06  1.494357E+06  0.000000E+00
 -2.857043E-02  0.000000E+00  0.000000E+00  5.568179E+03  0.000000E+00
  0.000000E+00  0.000000E+00  9.000000E+01  9.000000E+01  9.000000E+01
  0.000000E+00  5.230166E+01  0.000000E+00  3.075330E-02  4.114900E-02
  1.100666E+01  2.284806E+01  4.874376E+01 -3.881788E+00 -3.178329E+00
 -3.881788E+00  5.593706E+01  9.716793E-02 -3.178329E+00  9.716793E-02
  5.222416E+01
      3430  3.430000E+00        41
 -1.202045E+06  3.031465E+02 -1.203138E+06  2.921436E+05 -1.495282E+06
  0.000000E+00  2.967856E-03  0.000000E+00  0.000000E+00 -1.184214E+06
  7.330631E+02 -5.132793E+04 -1.545695E+06  1.494409E+06  0.000000E+00
 -2.867032E-02  0.000000E+00  0.000000E+00  5.568179E+03  0.000000E+00
  0.000000E+00  0.000000E+00  9.000000E+01  9.000000E+01  9.000000E+01
  0.000000E+00  5.248207E+01  0.000000E+00  2.976485E-02  4.159426E-02
  1.102625E+01  2.282089E+01  4.961138E+01  2.581811E-01  1.917362E-01
  2.581811E-01  5.251570E+01  3.156294E+00  1.917362E-01  3.156294E+00
  5.531913E+01
      3440  3.440000E+00        41
 -1.202045E+06  2.943888E+02 -1.203106E+06  2.922744E+05 -1.495380E+06
  0.000000E+00  3.074720E-03  0.000000E+00  0.000000E+00 -1.184108E+06
  8.001861E+02 -5.170990E+04 -1.546194E+06  1.494510E+06  0.000000E+00
 -2.971176E-02  0.000000E+00  0.000000E+00  5.568179E+03  0.000000E+00
  0.000000E+00  0.000000E+00  9.000000E+01  9.000000E+01  9.000000E+01
  0.000000E+00  5.279323E+01  0.000000E+00  3.023603E-02  4.092918E-02
  1.103085E+01  2.279120E+01  5.568758E+01  1.166487E-01  3.678755E+00
  1.166487E-01  5.292158E+01  5.013471E+00  3.678755E+00  5.013471E+00
  4.977054E+01
      3450  3.450000E+00        41
 -1.202046E+06  3.156965E+02 -1.203184E+06  2.923760E+05 -1.495559E+06
  0.000000E+00  3.110241E-03  0.000000E+00  0.000000E+00 -1.183955E+06
  8.433512E+02 -5.201799E+04 -1.546694E+06  1.494688E+06  0.000000E+00
 -3.005111E-02  0.000000E+00  0.000000E+00  5.568179E+03  0.000000E+00
  0.000000E+00  0.000000E+00  9.000000E+01  9.000000E+01  9.000000E+01
  0.000000E+00  5.324512E+01  0.000000E+00  3.149787E-02  3.928527E-02
  1.102529E+01  2.275376E+01  5.271866E+01 -7.204892E-02  4.876239E-01
 -7.204892E-02  5.373278E+01  1.248768E+00  4.876239E-01  1.248768E+00
  5.328390E+01
      3460  3.460000E+00        41
 -1.202046E+06  3.120851E+02 -1.203171E+06  2.919029E+05 -1.495074E+06
  0.000000E+00  2.952511E-03  0.000000E+00  0.000000E+00 -1.184491E+06
  8.614821E+02 -5.043600E+04 -1.544628E+06  1.494203E+06  0.000000E+00
 -2.851514E-02  0.000000E+00  0.000000E+00  5.568179E+03  0.000000E+00
  0.000000E+00  0.000000E+00  9.000000E+01  9.000000E+01  9.000000E+01
  0.000000E+00  5.166710E+01  0.000000E+00  3.186633E-02  3.938571E-02
  1.101541E+01  2.270807E+01  4.722000E+01 -9.189684E-01 -3.198409E+00
 -9.189684E-01  5.360461E+01 -1.610882E+00 -3.198409E+00 -1.610882E+00
  5.417670E+01
      3470  3.470000E+00        41
 -1.202045E+06  2.882269E+02 -1.203084E+06  2.916429E+05 -1.494727E+06
  0.000000E+00  2.844855E-03  0.000000E+00  0.000000E+00 -1.184834E+06
  8.543578E+02 -4.957922E+04 -1.543414E+06  1.493855E+06  0.000000E+00
 -2.750697E-02  0.000000E+00  0.000000E+00  5.568179E+03  0.000000E+00
  0.000000E+00  0.000000E+00  9.000000E+01  9.000000E+01  9.000000E+01
  0.000000E+00  5.065798E+01  0.000000E+00  3.088238E-02  4.093607E-02
  1.100184E+01  2.265481E+01  4.703273E+01  6.978899E-01 -3.842290E+00
  6.978899E-01  5.679206E+01  2.949785E+00 -3.842290E+00  2.949785E+00
  4.814915E+01
      3480  3.480000E+00        41
 -1.202046E+06  2.967284E+02 -1.203115E+06  2.919472E+05 -1.495062E+06
  0.000000E+00  2.950447E-03  0.000000E+00  0.000000E+00 -1.184489E+06
  8.328712E+02 -5.055077E+04 -1.544733E+06  1.494195E+06  0.000000E+00
 -2.852906E-02  0.000000E+00  0.000000E+00  5.568179E+03  0.000000E+00
  0.000000E+00  0.000000E+00  9.000000E+01  9.000000E+01  9.000000E+01
  0.000000E+00  5.167180E+01  0.000000E+00  3.005908E-02  4.134685E-02
  1.098362E+01  2.259314E+01  4.794105E+01  2.335880E+00 -3.056242E+00
  2.335880E+00  5.598983E+01 -9.824412E-01 -3.056242E+00 -9.824412E-01
  5.108451E+01
      3490  3.490000E+00        41
 -1.202046E+06  3.130559E+02 -1.203175E+06  2.921576E+05 -1.495332E+06
  0.000000E+00  3.054929E-03  0.000000E+00  0.000000E+00 -1.184226E+06
  7.931457E+02 -5.122360E+04 -1.545677E+06  1.494464E+06  0.000000E+00
 -2.950239E-02  0.000000E+00  0.000000E+00  5.568179E+03  0.000000E+00
  0.000000E+00  0.000000E+00  9.000000E+01  9.000000E+01  9.000000E+01
  0.000000E+00  5.244832E+01  0.000000E+00  3.172097E-02  4.056793E-02
  1.096264E+01  2.252454E+01  5.168135E+01 -3.575930E+00 -4.653493E+00
 -3.575930E+00  5.607392E+01 -4.369025E+00 -4.653493E+00 -4.369025E+00
  4.958970E+01
      3500  3.500000E+00        41
 -1.202046E+06  2.944874E+02 -1.203107E+06  2.920536E+05 -1.495161E+06
  0.000000E+00  2.986902E-03  0.000000E+00  0.000000E+00 -1.184339E+06
  7.344927E+02 -5.101459E+04 -1.545286E+06  1.494292E+06  0.000000E+00
 -2.888089E-02  0.000000E+00  0.000000E+00  5.568179E+03  0.000000E+00
  0.000000E+00  0.000000E+00  9.000000E+01  9.000000E+01  9.000000E+01
  0.000000E+00  5.211338E+01  0.000000E+00  3.316510E-02  4.099069E-02
  1.094198E+01  2.245301E+01  5.674788E+01 -2.322043E+00 -3.064894E+00
 -2.322043E+00  5.375979E+01  1.562967E-01 -3.064894E+00  1.562967E-01
  4.583248E+01
      3510  3.510000E+00        41
 -1.202046E+06  3.106079E+02 -1.203166E+06  2.923816E+05 -1.495547E+06
  0.000000E+00  3.057794E-03  0.000000E+00  0.000000E+00 -1.183958E+06
  6.537452E+02 -5.204029E+04 -1.546682E+06  1.494674E+06  0.000000E+00
 -2.954634E-02  0.000000E+00  0.000000E+00  5.568179E+03  0.000000E+00
  0.000000E+00  0.000000E+00  9.000000E+01  9.000000E+01  9.000000E+01
  0.000000E+00  5.323565E+01  0.000000E+00  3.323891E-02  4.220429E-02
  1.092153E+01  2.237956E+01  5.097764E+01  1.890144E+00 -3.333233E+00
  1.890144E+00  5.679620E+01  5.465078E-01 -3.333233E+00  5.465078E-01
  5.193310E+01
      3520  3.520000E+00        41
 -1.202046E+06  2.986057E+02 -1.203123E+06  2.921017E+05 -1.495224E+06
  0.000000E+00  3.009482E-03  0.000000E+00  0.000000E+00 -1.184229E+06
  5.542584E+02 -5.131327E+04 -1.545613E+06  1.494347E+06  0.000000E+00
 -2.908618E-02  0.000000E+00  0.000000E+00  5.568179E+03  0.000000E+00
  0.000000E+00  0.000000E+00  9.000000E+01  9.000000E+01  9.000000E+01
  0.000000E+00  5.243995E+01  0.000000E+00  3.291240E-02  4.438283E-02
  1.090083E+01  2.230737E+01  4.468872E+01 -5.058087E-01 -3.054938E+00
 -5.058087E-01  5.796514E+01 -4.864153E+00 -3.054938E+00 -4.864153E+00
  5.466597E+01
      3530  3.530000E+00        41
 -1.202046E+06  2.805242E+02 -1.203057E+06  2.923359E+05 -1.495393E+06
  0.000000E+00  2.990169E-03  0.000000E+00  0.000000E+00 -1.184019E+06
  4.331594E+02 -5.206997E+04 -1.546520E+06  1.494517E+06  0.000000E+00
 -2.889628E-02  0.000000E+00  0.000000E+00  5.568179E+03  0.000000E+00
  0.000000E+00  0.000000E+00  9.000000E+01  9.000000E+01  9.000000E+01
  0.000000E+00  5.305741E+01  0.000000E+00  3.322791E-02  4.527090E-02
  1.088161E+01  2.224390E+01  4.913364E+01 -2.241259E+00 -3.554960E+00
 -2.241259E+00  5.659441E+01 -7.689494E-01 -3.554960E+00 -7.689494E-01
  5.344419E+01
      3540  3.540000E+00        41
 -1.202045E+06  2.995028E+02 -1.203125E+06  2.928785E+05 -1.496003E+06
  0.000000E+00  3.076144E-03  0.000000E+00  0.000000E+00 -1.183429E+06
  3.040286E+02 -5.369785E+04 -1.548755E+06  1.495126E+06  0.000000E+00
 -2.970462E-02  0.000000E+00  0.000000E+00  5.568179E+03  0.000000E+00
  0.000000E+00  0.000000E+00  9.000000E+01  9.000000E+01  9.000000E+01
  0.000000E+00  5.479185E+01  0.000000E+00  3.359786E-02  4.420790E-02
  1.086476E+01  2.219388E+01  4.750743E+01  1.260556E+00 -5.178441E+00
  1.260556E+00  5.804132E+01  2.636496E+00 -5.178441E+00  2.636496E+00
  5.882680E+01
      3550  3.550000E+00        41
 -1.202046E+06  3.059472E+02 -1.203149E+06  2.925821E+05 -1.495731E+06
  0.000000E+00  2.901101E-03  0.000000E+00  0.000000E+00 -1.183714E+06
  1.873232E+02 -5.279596E+04 -1.547601E+06  1.494856E+06  0.000000E+00
 -2.802316E-02  0.000000E+00  0.000000E+00  5.568179E+03  0.000000E+00
  0.000000E+00  0.000000E+00  9.000000E+01  9.000000E+01  9.000000E+01
  0.000000E+00  5.395546E+01  0.000000E+00  3.458693E-02  4.183778E-02
  1.084945E+01  2.215925E+01  4.552054E+01 -4.467463E-01 -7.258380E-01
 -4.467463E-01  5.844372E+01 -1.979482E+00 -7.258380E-01 -1.979482E+00
  5.790213E+01
      3560  3.560000E+00        41
 -1.202047E+06  3.247746E+02 -1.203217E+06  2.926725E+05 -1.495890E+06
  0.000000E+00  3.009793E-03  0.000000E+00  0.000000E+00 -1.183621E+06
  1.085821E+02 -5.293723E+04 -1.547916E+06  1.495014E+06  0.000000E+00
 -2.906846E-02  0.000000E+00  0.000000E+00  5.568179E+03  0.000000E+00
  0.000000E+00  0.000000E+00  9.000000E+01  9.000000E+01  9.000000E+01
  0.000000E+00  5.422913E+01  0.000000E+00  3.300091E-02  4.181416E-02
  1.083343E+01  2.213888E+01  5.269231E+01 -1.229750E+00  1.668175E+00
 -1.229750E+00  5.606376E+01 -3.691323E+00  1.668175E+00 -3.691323E+00
  5.393134E+01
      3570  3.570000E+00        41
 -1.202046E+06  2.809761E+02 -1.203059E+06  2.925601E+05 -1.495619E+06
  0.000000E+00  2.982971E-03  0.000000E+00  0.000000E+00 -1.183872E+06
  7.344338E+01 -5.249729E+04 -1.547224E+06  1.494745E+06  0.000000E+00
 -2.881461E-02  0.000000E+00  0.000000E+00  5.568179E+03  0.000000E+00
  0.000000E+00  0.000000E+00  9.000000E+01  9.000000E+01  9.000000E+01
  0.000000E+00  5.348864E+01  0.000000E+00  3.146921E-02  4.382003E-02
  1.081752E+01  2.213131E+01  5.471118E+01 -5.077555E-01 -2.884584E+00
 -5.077555E-01  5.199034E+01  5.880357E-01 -2.884584E+00  5.880357E-01
  5.376441E+01
      3580  3.580000E+00        41
 -1.202047E+06  3.123138E+02 -1.203172E+06  2.921049E+05 -1.495277E+06
  0.000000E+00  2.770919E-03  0.000000E+00  0.000000E+00 -1.184289E+06
  5.361477E+01 -5.102394E+04 -1.545419E+06  1.494408E+06  0.000000E+00
 -2.676524E-02  0.000000E+00  0.000000E+00  5.568179E+03  0.000000E+00
  0.000000E+00  0.000000E+00  9.000000E+01  9.000000E+01  9.000000E+01
  0.000000E+00  5.226530E+01  0.000000E+00  3.298233E-02  4.343857E-02
  1.080385E+01  2.213441E+01  5.084820E+01 -1.583190E+00 -8.505631E-01
 -1.583190E+00  5.349503E+01  9.178576E-03 -8.505631E-01  9.178576E-03
  5.245266E+01
      3590  3.590000E+00        41
 -1.202047E+06  3.034975E+02 -1.203141E+06  2.921250E+05 -1.495266E+06
  0.000000E+00  3.051047E-03  0.000000E+00  0.000000E+00 -1.184254E+06
  4.235850E+01 -5.119194E+04 -1.545566E+06  1.494393E+06  0.000000E+00
 -2.943610E-02  0.000000E+00  0.000000E+00  5.568179E+03  0.000000E+00
  0.000000E+00  0.000000E+00  9.000000E+01  9.000000E+01  9.000000E+01
  0.000000E+00  5.236804E+01  0.000000E+00  3.446044E-02  4.343376E-02
  1.079443E+01  2.214816E+01  4.713687E+01  6.232229E-01  3.942773E+00
  6.232229E-01  5.113217E+01 -1.409876E+00  3.942773E+00 -1.409876E+00
  5.883507E+01
      3600  3.600000E+00        41
 -1.202046E+06  2.889883E+02 -1.203088E+06  2.922419E+05 -1.495330E+06
  0.000000E+00  2.932030E-03  0.000000E+00  0.000000E+00 -1.184146E+06
  3.656378E+01 -5.161887E+04 -1.546048E+06  1.494453E+06  0.000000E+00
 -2.834674E-02  0.000000E+00  0.000000E+00  5.568179E+03  0.000000E+00
  0.000000E+00  0.000000E+00  9.000000E+01  9.000000E+01  9.000000E+01
  0.000000E+00  5.268441E+01  0.000000E+00  3.458675E-02  4.411480E-02
  1.079104E+01  2.217567E+01  4.796014E+01  1.813018E+00  8.169647E-01
  1.813018E+00  5.573251E+01 -5.064608E-01  8.169647E-01 -5.064608E-01
  5.436059E+01
      3610  3.610000E+00        41
 -1.202047E+06  3.049515E+02 -1.203146E+06  2.927080E+05 -1.495854E+06
  0.000000E+00  2.987251E-03  0.000000E+00  0.000000E+00 -1.183602E+06
  3.462092E+01 -5.313516E+04 -1.548089E+06  1.494973E+06  0.000000E+00
 -2.885769E-02  0.000000E+00  0.000000E+00  5.568179E+03  0.000000E+00
  0.000000E+00  0.000000E+00  9.000000E+01  9.000000E+01  9.000000E+01
  0.000000E+00  5.428494E+01  0.000000E+00  3.319744E-02  4.506868E-02
  1.079243E+01  2.221469E+01  5.050235E+01 -1.925002E+00  9.601498E-01
 -1.925002E+00  5.805953E+01  1.468226E+00  9.601498E-01  1.468226E+00
  5.429293E+01
      3620  3.620000E+00        41
 -1.202046E+06  2.869066E+02 -1.203080E+06  2.930157E+05 -1.496096E+06
  0.000000E+00  3.181367E-03  0.000000E+00  0.000000E+00 -1.183290E+06
  4.016343E+01 -5.420130E+04 -1.549401E+06  1.495213E+06  0.000000E+00
 -3.073110E-02  0.000000E+00  0.000000E+00  5.568179E+03  0.000000E+00
  0.000000E+00  0.000000E+00  9.000000E+01  9.000000E+01  9.000000E+01
  0.000000E+00  5.520314E+01  0.000000E+00  3.166531E-02  4.495320E-02
  1.079987E+01  2.226676E+01  4.920567E+01  3.032012E-01  4.063295E+00
  3.032012E-01  5.589627E+01  3.634454E+00  4.063295E+00  3.634454E+00
  6.050747E+01
      3630  3.630000E+00        41
 -1.202047E+06  3.131244E+02 -1.203175E+06  2.928136E+05 -1.495989E+06
  0.000000E+00  2.885765E-03  0.000000E+00  0.000000E+00 -1.183451E+06
  5.094552E+01 -5.353156E+04 -1.548623E+06  1.495106E+06  0.000000E+00
 -2.787989E-02  0.000000E+00  0.000000E+00  5.568179E+03  0.000000E+00
  0.000000E+00  0.000000E+00  9.000000E+01  9.000000E+01  9.000000E+01
  0.000000E+00  5.473123E+01  0.000000E+00  3.139852E-02  4.211046E-02
  1.081407E+01  2.233370E+01  4.994213E+01  9.410533E-01  2.082413E+00
  9.410533E-01  5.779356E+01  1.681691E-01  2.082413E+00  1.681691E-01
  5.645800E+01
      3640  3.640000E+00        41
 -1.202046E+06  3.014105E+02 -1.203133E+06  2.928928E+05 -1.496025E+06
  0.000000E+00  2.955728E-03  0.000000E+00  0.000000E+00 -1.183434E+06
  6.475828E+01 -5.366624E+04 -1.548803E+06  1.495143E+06  0.000000E+00
 -2.852158E-02  0.000000E+00  0.000000E+00  5.568179E+03  0.000000E+00
  0.000000E+00  0.000000E+00  9.000000E+01  9.000000E+01  9.000000E+01
  0.000000E+00  5.478018E+01  0.000000E+00  3.128430E-02  3.989853E-02
  1.083356E+01  2.241266E+01  5.598486E+01 -1.277696E+00 -2.746320E-01
 -1.277696E+00  5.141294E+01 -2.762532E+00 -2.746320E-01 -2.762532E+00
  5.694274E+01
      3650  3.650000E+00        41
 -1.202046E+06  3.088752E+02 -1.203160E+06  2.925440E+05 -1.495704E+06
  0.000000E+00  2.952741E-03  0.000000E+00  0.000000E+00 -1.183779E+06
  7.918607E+01 -5.257641E+04 -1.547395E+06  1.494822E+06  0.000000E+00
 -2.855265E-02  0.000000E+00  0.000000E+00  5.568179E+03  0.000000E+00
  0.000000E+00  0.000000E+00  9.000000E+01  9.000000E+01  9.000000E+01
  0.000000E+00  5.376343E+01  0.000000E+00  3.045103E-02  3.842801E-02
  1.086005E+01  2.250443E+01  5.032853E+01  1.263829E+00  2.688356E+00
  1.263829E+00  5.081478E+01  6.538746E-01  2.688356E+00  6.538746E-01
  6.014697E+01
      3660  3.660000E+00        41
 -1.202046E+06  3.018339E+02 -1.203134E+06  2.917468E+05 -1.494881E+06
  0.000000E+00  2.906492E-03  0.000000E+00  0.000000E+00 -1.184677E+06
  9.323798E+01 -4.993312E+04 -1.543926E+06  1.493999E+06  0.000000E+00
 -2.805966E-02  0.000000E+00  0.000000E+00  5.568179E+03  0.000000E+00
  0.000000E+00  0.000000E+00  9.000000E+01  9.000000E+01  9.000000E+01
  0.000000E+00  5.112004E+01  0.000000E+00  2.947174E-02  3.812751E-02
  1.089427E+01  2.260876E+01  4.413713E+01  3.372775E-01  4.515299E+00
  3.372775E-01  5.526617E+01  1.866325E-01  4.515299E+00  1.866325E-01
  5.395683E+01
      3670  3.670000E+00        41
 -1.202047E+06  2.989876E+02 -1.203124E+06  2.916429E+05 -1.494767E+06
  0.000000E+00  2.846437E-03  0.000000E+00  0.000000E+00 -1.184845E+06
  1.036437E+02 -4.945260E+04 -1.543338E+06  1.493885E+06  0.000000E+00
 -2.751315E-02  0.000000E+00  0.000000E+00  5.568179E+03  0.000000E+00
  0.000000E+00  0.000000E+00  9.000000E+01  9.000000E+01  9.000000E+01
  0.000000E+00  5.062823E+01  0.000000E+00  2.919134E-02  3.861596E-02
  1.093567E+01  2.272420E+01  4.394795E+01  9.014375E-01  5.032425E-01
  9.014375E-01  5.891111E+01 -4.873071E-01  5.032425E-01 -4.873071E-01
  4.902564E+01
      3680  3.680000E+00        41
 -1.202047E+06  2.931637E+02 -1.203103E+06  2.917098E+05 -1.494813E+06
  0.000000E+00  2.878212E-03  0.000000E+00  0.000000E+00 -1.184752E+06
  1.065602E+02 -4.977482E+04 -1.543711E+06  1.493933E+06  0.000000E+00
 -2.782341E-02  0.000000E+00  0.000000E+00  5.568179E+03  0.000000E+00
  0.000000E+00  0.000000E+00  9.000000E+01  9.000000E+01  9.000000E+01
  0.000000E+00  5.090309E+01  0.000000E+00  2.977193E-02  3.862976E-02
  1.098301E+01  2.284654E+01  4.406215E+01  2.245475E+00  1.684751E+00
  2.245475E+00  5.488585E+01  3.256116E-01  1.684751E+00  3.256116E-01
  5.376128E+01
      3690  3.690000E+00        41
 -1.202047E+06  3.127523E+02 -1.203175E+06  2.924322E+05 -1.495607E+06
  0.000000E+00  2.893363E-03  0.000000E+00  0.000000E+00 -1.183936E+06
  1.159381E+02 -5.208092E+04 -1.546814E+06  1.494730E+06  0.000000E+00
 -2.794173E-02  0.000000E+00  0.000000E+00  5.568179E+03  0.000000E+00
  0.000000E+00  0.000000E+00  9.000000E+01  9.000000E+01  9.000000E+01
  0.000000E+00  5.330383E+01  0.000000E+00  3.059792E-02  3.820232E-02
  1.103672E+01  2.297703E+01  5.076560E+01 -1.428775E+00  4.247004E+00
 -1.428775E+00  5.336733E+01  4.737556E-01  4.247004E+00  4.737556E-01
  5.577857E+01
      3700  3.700000E+00        41
 -1.202047E+06  3.089818E+02 -1.203161E+06  2.932118E+05 -1.496373E+06
  0.000000E+00  3.149073E-03  0.000000E+00  0.000000E+00 -1.183043E+06
  1.200210E+02 -5.478766E+04 -1.550288E+06  1.495496E+06  0.000000E+00
 -3.040160E-02  0.000000E+00  0.000000E+00  5.568179E+03  0.000000E+00
  0.000000E+00  0.000000E+00  9.000000E+01  9.000000E+01  9.000000E+01
  0.000000E+00  5.593256E+01  0.000000E+00  3.077779E-02  3.863560E-02
  1.109700E+01  2.311675E+01  5.950273E+01  4.570028E-01  4.853722E+00
  4.570028E-01  5.442391E+01 -2.579228E+00  4.853722E+00 -2.579228E+00
  5.387105E+01
      3710  3.710000E+00        41
 -1.202047E+06  3.025766E+02 -1.203138E+06  2.933796E+05 -1.496517E+06
  0.000000E+00  3.156085E-03  0.000000E+00  0.000000E+00 -1.182891E+06
  1.181442E+02 -5.528915E+04 -1.550945E+06  1.495647E+06  0.000000E+00
 -3.046693E-02  0.000000E+00  0.000000E+00  5.568179E+03  0.000000E+00
  0.000000E+00  0.000000E+00  9.000000E+01  9.000000E+01  9.000000E+01
  0.000000E+00  5.637930E+01  0.000000E+00  3.080619E-02  3.966573E-02
  1.116278E+01  2.326172E+01  6.045619E+01  1.313472E+00  4.079893E+00
  1.313472E+00  5.001704E+01 -3.467999E+00  4.079893E+00 -3.467999E+00
  5.866468E+01
      3720  3.720000E+00        41
 -1.202047E+06  2.856567E+02 -1.203077E+06  2.932486E+05 -1.496325E+06
  0.000000E+00  3.020631E-03  0.000000E+00  0.000000E+00 -1.183083E+06
  1.202059E+02 -5.483618E+04 -1.550296E+06  1.495453E+06  0.000000E+00
 -2.917527E-02  0.000000E+00  0.000000E+00  5.568179E+03  0.000000E+00
  0.000000E+00  0.000000E+00  9.000000E+01  9.000000E+01  9.000000E+01
  0.000000E+00  5.581520E+01  0.000000E+00  3.098569E-02  4.115596E-02
  1.123548E+01  2.341386E+01  5.444553E+01 -3.387777E-01  9.708971E-01
 -3.387777E-01  5.546674E+01  2.646422E+00  9.708971E-01  2.646422E+00
  5.753333E+01
      3730  3.730000E+00        41
 -1.202047E+06  2.966593E+02 -1.203116E+06  2.929098E+05 -1.496026E+06
  0.000000E+00  3.091784E-03  0.000000E+00  0.000000E+00 -1.183422E+06
  1.168839E+02 -5.373892E+04 -1.548896E+06  1.495150E+06  0.000000E+00
 -2.986090E-02  0.000000E+00  0.000000E+00  5.568179E+03  0.000000E+00
  0.000000E+00  0.000000E+00  9.000000E+01  9.000000E+01  9.000000E+01
  0.000000E+00  5.481661E+01  0.000000E+00  3.205590E-02  4.111272E-02
  1.131529E+01  2.357268E+01  5.262844E+01  1.257654E-01 -8.090755E-01
  1.257654E-01  5.817183E+01  2.597956E+00 -8.090755E-01  2.597956E+00
  5.364956E+01
      3740  3.740000E+00        41
 -1.202047E+06  3.109350E+02 -1.203168E+06  2.924795E+05 -1.495648E+06
  0.000000E+00  2.817592E-03  0.000000E+00  0.000000E+00 -1.183871E+06
  1.117693E+02 -5.228926E+04 -1.547069E+06  1.494775E+06  0.000000E+00
 -2.719849E-02  0.000000E+00  0.000000E+00  5.568179E+03  0.000000E+00
  0.000000E+00  0.000000E+00  9.000000E+01  9.000000E+01  9.000000E+01
  0.000000E+00  5.349548E+01  0.000000E+00  3.374014E-02  4.029911E-02
  1.140129E+01  2.373605E+01  5.296555E+01 -3.897383E-02 -2.526483E+00
 -3.897383E-02  5.510124E+01 -2.870640E+00 -2.526483E+00 -2.870640E+00
  5.241965E+01
      3750  3.750000E+00        41
 -1.202047E+06  3.084716E+02 -1.203159E+06  2.923425E+05 -1.495502E+06
  0.000000E+00  2.868096E-03  0.000000E+00  0.000000E+00 -1.184049E+06
  1.038380E+02 -5.177338E+04 -1.546404E+06  1.494627E+06  0.000000E+00
 -2.768728E-02  0.000000E+00  0.000000E+00  5.568179E+03  0.000000E+00
  0.000000E+00  0.000000E+00  9.000000E+01  9.000000E+01  9.000000E+01
  0.000000E+00  5.297214E+01  0.000000E+00  3.522897E-02  4.008735E-02
  1.149163E+01  2.390093E+01  5.131901E+01  9.892353E-01 -1.376634E+00
  9.892353E-01  5.410867E+01 -2.362852E+00 -1.376634E+00 -2.362852E+00
  5.348874E+01
      3760  3.760000E+00        41
 -1.202048E+06  3.064521E+02 -1.203152E+06  2.921004E+05 -1.495253E+06
  0.000000E+00  2.971521E-03  0.000000E+00  0.000000E+00 -1.184340E+06
  9.819371E+01 -5.091733E+04 -1.545298E+06  1.494378E+06  0.000000E+00
 -2.866297E-02  0.000000E+00  0.000000E+00  5.568179E+03  0.000000E+00
  0.000000E+00  0.000000E+00  9.000000E+01  9.000000E+01  9.000000E+01
  0.000000E+00  5.211816E+01  0.000000E+00  3.525678E-02  4.187276E-02
  1.158659E+01  2.406745E+01  5.257546E+01  1.852468E+00 -2.711596E+00
  1.852468E+00  5.138419E+01 -9.714169E-01 -2.711596E+00 -9.714169E-01
  5.239483E+01
      3770  3.770000E+00        41
 -1.202048E+06  3.080393E+02 -1.203158E+06  2.916612E+05 -1.494819E+06
  0.000000E+00  2.723611E-03  0.000000E+00  0.000000E+00 -1.184735E+06
  9.031881E+01 -4.972117E+04 -1.543661E+06  1.493946E+06  0.000000E+00
 -2.633846E-02  0.000000E+00  0.000000E+00  5.568179E+03  0.000000E+00
  0.000000E+00  0.000000E+00  9.000000E+01  9.000000E+01  9.000000E+01
  0.000000E+00  5.095607E+01  0.000000E+00  3.563251E-02  4.419811E-02
  1.168581E+01  2.423531E+01  4.997882E+01  1.562803E+00 -4.051933E+00
  1.562803E+00  5.462114E+01 -5.781948E-01 -4.051933E+00 -5.781948E-01
  4.826824E+01
      3780  3.780000E+00        41
 -1.202048E+06  3.031454E+02 -1.203141E+06  2.925781E+05 -1.495719E+06
  0.000000E+00  2.973175E-03  0.000000E+00  0.000000E+00 -1.183800E+06
  7.981471E+01 -5.256212E+04 -1.547412E+06  1.494852E+06  0.000000E+00
 -2.870838E-02  0.000000E+00  0.000000E+00  5.568179E+03  0.000000E+00
  0.000000E+00  0.000000E+00  9.000000E+01  9.000000E+01  9.000000E+01
  0.000000E+00  5.370886E+01  0.000000E+00  3.728705E-02  4.615122E-02
  1.178608E+01  2.439887E+01  5.240589E+01 -2.280847E-01 -1.834123E+00
 -2.280847E-01  5.640724E+01  7.119053E-01 -1.834123E+00  7.119053E-01
  5.231346E+01
      3790  3.790000E+00        41
 -1.202048E+06  3.053202E+02 -1.203149E+06  2.927719E+05 -1.495921E+06
  0.000000E+00  2.927414E-03  0.000000E+00  0.000000E+00 -1.183531E+06
  7.285723E+01 -5.335205E+04 -1.548398E+06  1.495052E+06  0.000000E+00
 -2.830089E-02  0.000000E+00  0.000000E+00  5.568179E+03  0.000000E+00
  0.000000E+00  0.000000E+00  9.000000E+01  9.000000E+01  9.000000E+01
  0.000000E+00  5.449939E+01  0.000000E+00  3.877673E-02  4.830068E-02
  1.188772E+01  2.455866E+01  5.683423E+01  2.157270E+00 -4.273805E-01
  2.157270E+00  5.475180E+01  2.056024E+00 -4.273805E-01  2.056024E+00
  5.191214E+01
      3800  3.800000E+00        41
 -1.202048E+06  2.977018E+02 -1.203121E+06  2.926304E+05 -1.495752E+06
  0.000000E+00  2.824185E-03  0.000000E+00  0.000000E+00 -1.183687E+06
  6.606241E+01 -5.293898E+04 -1.547812E+06  1.494879E+06  0.000000E+00
 -2.729567E-02  0.000000E+00  0.000000E+00  5.568179E+03  0.000000E+00
  0.000000E+00  0.000000E+00  9.000000E+01  9.000000E+01  9.000000E+01
  0.000000E+00  5.404043E+01  0.000000E+00  4.057539E-02  4.983286E-02
  1.199088E+01  2.471450E+01  5.238526E+01  7.756642E-01  2.548860E+00
  7.756642E-01  5.801560E+01 -5.746749E-01  2.548860E+00 -5.746749E-01
  5.172042E+01
      3810  3.810000E+00        41
 -1.202048E+06  2.964970E+02 -1.203117E+06  2.926633E+05 -1.495780E+06
  0.000000E+00  2.979793E-03  0.000000E+00  0.000000E+00 -1.183699E+06
  6.415529E+01 -5.290975E+04 -1.547803E+06  1.494907E+06  0.000000E+00
 -2.878244E-02  0.000000E+00  0.000000E+00  5.568179E+03  0.000000E+00
  0.000000E+00  0.000000E+00  9.000000E+01  9.000000E+01  9.000000E+01
  0.000000E+00  5.400329E+01  0.000000E+00  4.114134E-02  5.168023E-02
  1.209480E+01  2.486476E+01  4.989455E+01 -4.154591E+00  1.565106E+00
 -4.154591E+00  5.830141E+01  1.123665E+00  1.565106E+00  1.123665E+00
  5.381389E+01
      3820  3.820000E+00        41
 -1.202048E+06  2.878693E+02 -1.203085E+06  2.923524E+05 -1.495438E+06
  0.000000E+00  2.822374E-03  0.000000E+00  0.000000E+00 -1.184012E+06
  6.834678E+01 -5.203239E+04 -1.546574E+06  1.494563E+06  0.000000E+00
 -2.727844E-02  0.000000E+00  0.000000E+00  5.568179E+03  0.000000E+00
  0.000000E+00  0.000000E+00  9.000000E+01  9.000000E+01  9.000000E+01
  0.000000E+00  5.308142E+01  0.000000E+00  4.059436E-02  5.310964E-02
  1.219656E+01  2.500734E+01  5.254940E+01 -2.125219E-01 -3.135888E+00
 -2.125219E-01  5.253147E+01  5.962938E+00 -3.135888E+00  5.962938E+00
  5.416338E+01
      3830  3.830000E+00        41
 -1.202049E+06  3.102761E+02 -1.203167E+06  2.922791E+05 -1.495446E+06
  0.000000E+00  2.876372E-03  0.000000E+00  0.000000E+00 -1.184037E+06
  7.661657E+01 -5.180146E+04 -1.546359E+06  1.494572E+06  0.000000E+00
 -2.779797E-02  0.000000E+00  0.000000E+00  5.568179E+03  0.000000E+00
  0.000000E+00  0.000000E+00  9.000000E+01  9.000000E+01  9.000000E+01
  0.000000E+00  5.301312E+01  0.000000E+00  4.150536E-02  5.198409E-02
  1.229196E+01  2.513605E+01  5.364096E+01  1.633502E+00 -5.901246E+00
  1.633502E+00  5.282795E+01 -1.216052E-01 -5.901246E+00 -1.216052E-01
  5.257044E+01
      3840  3.840000E+00        41
 -1.202048E+06  3.038759E+02 -1.203144E+06  2.926257E+05 -1.495769E+06
  0.000000E+00  3.058101E-03  0.000000E+00  0.000000E+00 -1.183694E+06
  8.488142E+01 -5.287321E+04 -1.547750E+06  1.494890E+06  0.000000E+00
 -2.954586E-02  0.000000E+00  0.000000E+00  5.568179E+03  0.000000E+00
  0.000000E+00  0.000000E+00  9.000000E+01  9.000000E+01  9.000000E+01
  0.000000E+00  5.401911E+01  0.000000E+00  4.142918E-02  5.144073E-02
  1.238023E+01  2.524859E+01  5.495087E+01 -8.630224E-01 -3.446837E+00
 -8.630224E-01  5.627000E+01 -1.009395E+00 -3.446837E+00 -1.009395E+00
  5.083645E+01
      3850  3.850000E+00        41
 -1.202047E+06  2.721732E+02 -1.203028E+06  2.923764E+05 -1.495405E+06
  0.000000E+00  3.009939E-03  0.000000E+00  0.000000E+00 -1.184046E+06
  9.635664E+01 -5.204437E+04 -1.546559E+06  1.494527E+06  0.000000E+00
 -2.905621E-02  0.000000E+00  0.000000E+00  5.568179E+03  0.000000E+00
  0.000000E+00  0.000000E+00  9.000000E+01  9.000000E+01  9.000000E+01
  0.000000E+00  5.298148E+01  0.000000E+00  4.027393E-02  5.060663E-02
  1.246294E+01  2.534798E+01  5.578640E+01  1.588155E+00 -3.962746E-01
  1.588155E+00  5.146546E+01  1.163024E+00 -3.962746E-01  1.163024E+00
  5.169257E+01
      3860  3.860000E+00        41
 -1.202048E+06  3.078450E+02 -1.203157E+06  2.922663E+05 -1.495424E+06
  0.000000E+00  2.864490E-03  0.000000E+00  0.000000E+00 -1.184066E+06
  1.118504E+02 -5.172933E+04 -1.546260E+06  1.494548E+06  0.000000E+00
 -2.769204E-02  0.000000E+00  0.000000E+00  5.568179E+03  0.000000E+00
  0.000000E+00  0.000000E+00  9.000000E+01  9.000000E+01  9.000000E+01
  0.000000E+00  5.292430E+01  0.000000E+00  3.871251E-02  4.797146E-02
  1.254216E+01  2.543899E+01  5.111251E+01  7.199223E-01 -2.616027E+00
  7.199223E-01  5.172887E+01  2.119323E+00 -2.616027E+00  2.119323E+00
  5.593151E+01
      3870  3.870000E+00        41
 -1.202048E+06  3.119837E+02 -1.203173E+06  2.927338E+05 -1.495906E+06
  0.000000E+00  2.891427E-03  0.000000E+00  0.000000E+00 -1.183585E+06
  1.303656E+02 -5.314353E+04 -1.548155E+06  1.495027E+06  0.000000E+00
 -2.792275E-02  0.000000E+00  0.000000E+00  5.568179E+03  0.000000E+00
  0.000000E+00  0.000000E+00  9.000000E+01  9.000000E+01  9.000000E+01
  0.000000E+00  5.434054E+01  0.000000E+00  3.647653E-02  4.598030E-02
  1.261899E+01  2.552307E+01  4.944287E+01  2.069440E+00 -3.052757E+00
  2.069440E+00  5.829850E+01 -1.778943E+00 -3.052757E+00 -1.778943E+00
  5.528025E+01
      3880  3.880000E+00        41
 -1.202048E+06  2.983491E+02 -1.203123E+06  2.929654E+05 -1.496089E+06
  0.000000E+00  2.910185E-03  0.000000E+00  0.000000E+00 -1.183355E+06
  1.480253E+02 -5.393086E+04 -1.549119E+06  1.495208E+06  0.000000E+00
 -2.812403E-02  0.000000E+00  0.000000E+00  5.568179E+03  0.000000E+00
  0.000000E+00  0.000000E+00  9.000000E+01  9.000000E+01  9.000000E+01
  0.000000E+00  5.501611E+01  0.000000E+00  3.498596E-02  4.371480E-02
  1.269616E+01  2.560312E+01  5.388819E+01 -8.631717E-03  2.127972E-01
 -8.631717E-03  5.977863E+01  9.093544E-01  2.127972E-01  9.093544E-01
  5.138149E+01
      3890  3.890000E+00        41
 -1.202049E+06  3.149349E+02 -1.203184E+06  2.934041E+05 -1.496588E+06
  0.000000E+00  2.956781E-03  0.000000E+00  0.000000E+00 -1.182812E+06
  1.648733E+02 -5.544404E+04 -1.551112E+06  1.495708E+06  0.000000E+00
 -2.857784E-02  0.000000E+00  0.000000E+00  5.568179E+03  0.000000E+00
  0.000000E+00  0.000000E+00  9.000000E+01  9.000000E+01  9.000000E+01
  0.000000E+00  5.661752E+01  0.000000E+00  3.411334E-02  4.145475E-02
  1.277476E+01  2.568322E+01  5.934762E+01 -3.301828E+00  1.410351E+00
 -3.301828E+00  5.567873E+01  2.888776E+00  1.410351E+00  2.888776E+00
  5.482621E+01
      3900  3.900000E+00        41
 -1.202049E+06  3.022965E+02 -1.203138E+06  2.933214E+05 -1.496460E+06
  0.000000E+00  3.020681E-03  0.000000E+00  0.000000E+00 -1.182903E+06
  1.879639E+02 -5.526274E+04 -1.550791E+06  1.495583E+06  0.000000E+00
 -2.914904E-02  0.000000E+00  0.000000E+00  5.568179E+03  0.000000E+00
  0.000000E+00  0.000000E+00  9.000000E+01  9.000000E+01  9.000000E+01
  0.000000E+00  5.634970E+01  0.000000E+00  3.304360E-02  4.042102E-02
  1.285256E+01  2.576183E+01  5.698726E+01  2.398444E+00 -6.873859E-01
  2.398444E+00  5.417899E+01 -1.493877E+00 -6.873859E-01 -1.493877E+00
  5.788286E+01
      3910  3.910000E+00        41
 -1.202048E+06  2.946335E+02 -1.203110E+06  2.929443E+05 -1.496054E+06
  0.000000E+00  2.849003E-03  0.000000E+00  0.000000E+00 -1.183325E+06
  2.130079E+02 -5.404982E+04 -1.549165E+06  1.495175E+06  0.000000E+00
 -2.752699E-02  0.000000E+00  0.000000E+00  5.568179E+03  0.000000E+00
  0.000000E+00  0.000000E+00  9.000000E+01  9.000000E+01  9.000000E+01
  0.000000E+00  5.510494E+01  0.000000E+00  3.253403E-02  3.945499E-02
  1.292715E+01  2.583652E+01  5.176476E+01  2.155040E+00  2.825610E-01
  2.155040E+00  5.702111E+01 -1.122401E+00  2.825610E-01 -1.122401E+00
  5.652897E+01
      3920  3.920000E+00        41
 -1.202048E+06  2.835648E+02 -1.203070E+06  2.931482E+05 -1.496218E+06
  0.000000E+00  2.984085E-03  0.000000E+00  0.000000E+00 -1.183167E+06
  2.347413E+02 -5.460443E+04 -1.549898E+06  1.495333E+06  0.000000E+00
 -2.879254E-02  0.000000E+00  0.000000E+00  5.568179E+03  0.000000E+00
  0.000000E+00  0.000000E+00  9.000000E+01  9.000000E+01  9.000000E+01
  0.000000E+00  5.557024E+01  0.000000E+00  3.234295E-02  3.905808E-02
  1.299779E+01  2.590780E+01  5.271126E+01 -2.540454E+00  3.841595E+00
 -2.540454E+00  5.412012E+01  4.918883E-01  3.841595E+00  4.918883E-01
  5.987933E+01
      3930  3.930000E+00        41
 -1.202049E+06  3.166872E+02 -1.203190E+06  2.930906E+05 -1.496281E+06
  0.000000E+00  2.839389E-03  0.000000E+00  0.000000E+00 -1.183129E+06
  2.544030E+02 -5.448261E+04 -1.549832E+06  1.495390E+06  0.000000E+00
 -2.740852E-02  0.000000E+00  0.000000E+00  5.568179E+03  0.000000E+00
  0.000000E+00  0.000000E+00  9.000000E+01  9.000000E+01  9.000000E+01
  0.000000E+00  5.568450E+01  0.000000E+00  3.127983E-02  3.863551E-02
  1.306706E+01  2.597842E+01  5.317983E+01 -1.482060E+00  2.438611E+00
 -1.482060E+00  5.554537E+01 -1.984973E+00  2.438611E+00 -1.984973E+00
  5.832829E+01
      3940  3.940000E+00        41
 -1.202048E+06  3.045020E+02 -1.203146E+06  2.932264E+05 -1.496372E+06
  0.000000E+00  2.783034E-03  0.000000E+00  0.000000E+00 -1.182997E+06
  2.789010E+02 -5.496562E+04 -1.550401E+06  1.495481E+06  0.000000E+00
 -2.688743E-02  0.000000E+00  0.000000E+00  5.568179E+03  0.000000E+00
  0.000000E+00  0.000000E+00  9.000000E+01  9.000000E+01  9.000000E+01
  0.000000E+00  5.607158E+01  0.000000E+00  3.102622E-02  3.806163E-02
  1.313513E+01  2.604758E+01  4.911882E+01  1.302061E+00 -2.901960E+00
  1.302061E+00  6.005691E+01 -4.525454E+00 -2.901960E+00 -4.525454E+00
  5.903902E+01
      3950  3.950000E+00        41
 -1.202048E+06  2.945290E+02 -1.203110E+06  2.935818E+05 -1.496692E+06
  0.000000E+00  3.126293E-03  0.000000E+00  0.000000E+00 -1.182660E+06
  2.972729E+02 -5.604899E+04 -1.551816E+06  1.495803E+06  0.000000E+00
 -3.014300E-02  0.000000E+00  0.000000E+00  5.568179E+03  0.000000E+00
  0.000000E+00  0.000000E+00  9.000000E+01  9.000000E+01  9.000000E+01
  0.000000E+00  5.706347E+01  0.000000E+00  3.128469E-02  3.818878E-02
  1.320093E+01  2.611261E+01  5.069796E+01 -6.452884E-01 -1.544245E+00
 -6.452884E-01  5.986075E+01  1.992752E+00 -1.544245E+00  1.992752E+00
  6.063169E+01
      3960  3.960000E+00        41
 -1.202048E+06  2.988065E+02 -1.203125E+06  2.931003E+05 -1.496226E+06
  0.000000E+00  2.996589E-03  0.000000E+00  0.000000E+00 -1.183143E+06
  3.079905E+02 -5.456859E+04 -1.549850E+06  1.495332E+06  0.000000E+00
 -2.895307E-02  0.000000E+00  0.000000E+00  5.568179E+03  0.000000E+00
  0.000000E+00  0.000000E+00  9.000000E+01  9.000000E+01  9.000000E+01
  0.000000E+00  5.564108E+01  0.000000E+00  3.160067E-02  3.863147E-02
  1.326364E+01  2.617232E+01  5.484602E+01 -2.213784E+00  4.779057E+00
 -2.213784E+00  5.738118E+01  1.873620E-01  4.779057E+00  1.873620E-01
  5.469604E+01
      3970  3.970000E+00        41
 -1.202048E+06  2.836981E+02 -1.203070E+06  2.926539E+05 -1.495724E+06
  0.000000E+00  2.982366E-03  0.000000E+00  0.000000E+00 -1.183667E+06
  3.128661E+02 -5.310554E+04 -1.547875E+06  1.494834E+06  0.000000E+00
 -2.879425E-02  0.000000E+00  0.000000E+00  5.568179E+03  0.000000E+00
  0.000000E+00  0.000000E+00  9.000000E+01  9.000000E+01  9.000000E+01
  0.000000E+00  5.409877E+01  0.000000E+00  3.109527E-02  4.011666E-02
  1.331995E+01  2.622398E+01  5.285581E+01  3.323925E-01  7.023016E+00
  3.323925E-01  5.164950E+01 -4.077589E+00  7.023016E+00 -4.077589E+00
  5.779099E+01
      3980  3.980000E+00        41
 -1.202048E+06  3.069753E+02 -1.203154E+06  2.925837E+05 -1.495738E+06
  0.000000E+00  2.857987E-03  0.000000E+00  0.000000E+00 -1.183716E+06
  3.024042E+02 -5.279077E+04 -1.547570E+06  1.494850E+06  0.000000E+00
 -2.760135E-02  0.000000E+00  0.000000E+00  5.568179E+03  0.000000E+00
  0.000000E+00  0.000000E+00  9.000000E+01  9.000000E+01  9.000000E+01
  0.000000E+00  5.395483E+01  0.000000E+00  3.072799E-02  4.125659E-02
  1.336743E+01  2.626556E+01  5.128779E+01 -5.165123E-01  6.404806E-01
 -5.165123E-01  5.583415E+01 -1.234747E+00  6.404806E-01 -1.234747E+00
  5.474255E+01
      3990  3.990000E+00        41
 -1.202049E+06  3.120751E+02 -1.203174E+06  2.926053E+05 -1.495779E+06
  0.000000E+00  2.803514E-03  0.000000E+00  0.000000E+00 -1.183621E+06
  2.857045E+02 -5.304123E+04 -1.547865E+06  1.494894E+06  0.000000E+00
 -2.707900E-02  0.000000E+00  0.000000E+00  5.568179E+03  0.000000E+00
  0.000000E+00  0.000000E+00  9.000000E+01  9.000000E+01  9.000000E+01
  0.000000E+00  5.423702E+01  0.000000E+00  3.205647E-02  4.205783E-02
  1.340563E+01  2.629387E+01  5.546930E+01 -1.489586E+00 -6.220512E-01
 -1.489586E+00  5.609689E+01  9.001535E-01 -6.220512E-01  9.001535E-01
  5.114488E+01
      4000  4.000000E+00        41
 -1.202048E+06  2.911005E+02 -1.203098E+06  2.934732E+05 -1.496571E+06
  0.000000E+00  3.138955E-03  0.000000E+00  0.000000E+00 -1.182740E+06
  2.643079E+02 -5.583222E+04 -1.551442E+06  1.495688E+06  0.000000E+00
 -3.027098E-02  0.000000E+00  0.000000E+00  5.568179E+03  0.000000E+00
  0.000000E+00  0.000000E+00  9.000000E+01  9.000000E+01  9.000000E+01
  0.000000E+00  5.682735E+01  0.000000E+00  3.336894E-02  4.378261E-02
  1.343685E+01  2.630995E+01  5.450178E+01 -2.732428E+00 -1.231545E+00
 -2.732428E+00  5.790914E+01  1.025134E+00 -1.231545E+00  1.025134E+00
  5.807114E+01
      4010  4.010000E+00        41
 -1.202048E+06  3.026564E+02 -1.203139E+06  2.936544E+05 -1.496793E+06
  0.000000E+00  2.927226E-03  0.000000E+00  0.000000E+00 -1.182545E+06
  2.427678E+02 -5.633191E+04 -1.552144E+06  1.495912E+06  0.000000E+00
 -2.828061E-02  0.000000E+00  0.000000E+00  5.568179E+03  0.000000E+00
  0.000000E+00  0.000000E+00  9.000000E+01  9.000000E+01  9.000000E+01
  0.000000E+00  5.739984E+01  0.000000E+00  3.423272E-02  4.475733E-02
  1.346323E+01  2.631594E+01  5.346319E+01 -1.457676E+00 -2.113752E+00
 -1.457676E+00  6.008148E+01 -1.668381E+00 -2.113752E+00 -1.668381E+00
  5.865484E+01
      4020  4.020000E+00        41
 -1.202048E+06  2.997457E+02 -1.203128E+06  2.929908E+05 -1.496119E+06
  0.000000E+00  2.796009E-03  0.000000E+00  0.000000E+00 -1.183259E+06
  2.249334E+02 -5.421239E+04 -1.549357E+06  1.495242E+06  0.000000E+00
 -2.701638E-02  0.000000E+00  0.000000E+00  5.568179E+03  0.000000E+00
  0.000000E+00  0.000000E+00  9.000000E+01  9.000000E+01  9.000000E+01
  0.000000E+00  5.530030E+01  0.000000E+00  3.487890E-02  4.592401E-02
  1.348495E+01  2.631038E+01  5.087195E+01  1.105396E+00  4.212404E+00
  1.105396E+00  5.640981E+01 -1.984950E+00  4.212404E+00 -1.984950E+00
  5.861915E+01
      4030  4.030000E+00        41
 -1.202049E+06  3.123660E+02 -1.203175E+06  2.927229E+05 -1.495898E+06
  0.000000E+00  2.856587E-03  0.000000E+00  0.000000E+00 -1.183510E+06
  2.164018E+02 -5.336981E+04 -1.548265E+06  1.495020E+06  0.000000E+00
 -2.756214E-02  0.000000E+00  0.000000E+00  5.568179E+03  0.000000E+00
  0.000000E+00  0.000000E+00  9.000000E+01  9.000000E+01  9.000000E+01
  0.000000E+00  5.456313E+01  0.000000E+00  3.634341E-02  4.716793E-02
  1.350279E+01  2.629360E+01  4.994268E+01 -1.889865E-02  6.557453E+00
 -1.889865E-02  5.112044E+01 -6.412309E-01  6.557453E+00 -6.412309E-01
  6.262627E+01
      4040  4.040000E+00        41
 -1.202049E+06  2.986207E+02 -1.203125E+06  2.927490E+05 -1.495874E+06
  0.000000E+00  2.777587E-03  0.000000E+00  0.000000E+00 -1.183508E+06
  2.191830E+02 -5.347326E+04 -1.548333E+06  1.494994E+06  0.000000E+00
 -2.681473E-02  0.000000E+00  0.000000E+00  5.568179E+03  0.000000E+00
  0.000000E+00  0.000000E+00  9.000000E+01  9.000000E+01  9.000000E+01
  0.000000E+00  5.456734E+01  0.000000E+00  3.974277E-02  4.788760E-02
  1.351763E+01  2.626489E+01  5.819484E+01 -4.471271E-01  1.518714E+00
 -4.471271E-01  5.166273E+01 -8.543700E-01  1.518714E+00 -8.543700E-01
  5.384446E+01
      4050  4.050000E+00        41
 -1.202049E+06  3.042593E+02 -1.203146E+06  2.930596E+05 -1.496205E+06
  0.000000E+00  2.810481E-03  0.000000E+00  0.000000E+00 -1.183175E+06
  2.261927E+02 -5.443383E+04 -1.549655E+06  1.495323E+06  0.000000E+00
 -2.715185E-02  0.000000E+00  0.000000E+00  5.568179E+03  0.000000E+00
  0.000000E+00  0.000000E+00  9.000000E+01  9.000000E+01  9.000000E+01
  0.000000E+00  5.554943E+01  0.000000E+00  4.177048E-02  5.022299E-02
  1.353161E+01  2.622532E+01  5.515201E+01  8.060017E-01 -1.593818E+00
  8.060017E-01  6.491091E+01 -1.389673E+00 -1.593818E+00 -1.389673E+00
  4.658538E+01
      4060  4.060000E+00        41
 -1.202049E+06  3.076288E+02 -1.203158E+06  2.928654E+05 -1.496024E+06
  0.000000E+00  2.880314E-03  0.000000E+00  0.000000E+00 -1.183372E+06
  2.239005E+02 -5.382156E+04 -1.548857E+06  1.495144E+06  0.000000E+00
 -2.780269E-02  0.000000E+00  0.000000E+00  5.568179E+03  0.000000E+00
  0.000000E+00  0.000000E+00  9.000000E+01  9.000000E+01  9.000000E+01
  0.000000E+00  5.497264E+01  0.000000E+00  4.266826E-02  5.420092E-02
  1.354534E+01  2.617996E+01  4.863173E+01 -1.058382E+00 -2.128326E+00
 -1.058382E+00  6.258965E+01  6.022414E-02 -2.128326E+00  6.022414E-02
  5.369656E+01
      4070  4.070000E+00        41
 -1.202049E+06  3.045895E+02 -1.203147E+06  2.923331E+05 -1.495480E+06
  0.000000E+00  2.865202E-03  0.000000E+00  0.000000E+00 -1.183945E+06
  2.036721E+02 -5.212092E+04 -1.546613E+06  1.494605E+06  0.000000E+00
 -2.769995E-02  0.000000E+00  0.000000E+00  5.568179E+03  0.000000E+00
  0.000000E+00  0.000000E+00  9.000000E+01  9.000000E+01  9.000000E+01
  0.000000E+00  5.328320E+01  0.000000E+00  4.431279E-02  5.750565E-02
  1.355719E+01  2.613519E+01  4.737892E+01  1.162927E+00 -4.433176E+00
  1.162927E+00  5.442820E+01  6.405958E+00 -4.433176E+00  6.405958E+00
  5.804248E+01
      4080  4.080000E+00        41
 -1.202048E+06  2.796859E+02 -1.203056E+06  2.925812E+05 -1.495637E+06
  0.000000E+00  2.939260E-03  0.000000E+00  0.000000E+00 -1.183791E+06
  1.856084E+02 -5.275974E+04 -1.547423E+06  1.494764E+06  0.000000E+00
 -2.839681E-02  0.000000E+00  0.000000E+00  5.568179E+03  0.000000E+00
  0.000000E+00  0.000000E+00  9.000000E+01  9.000000E+01  9.000000E+01
  0.000000E+00  5.373425E+01  0.000000E+00  4.754236E-02  5.870853E-02
  1.356746E+01  2.609552E+01  4.680575E+01  4.117561E-01 -1.919105E+00
  4.117561E-01  5.674605E+01  1.075078E+00 -1.919105E+00  1.075078E+00
  5.765094E+01
      4090  4.090000E+00        41
 -1.202049E+06  3.054173E+02 -1.203150E+06  2.926667E+05 -1.495817E+06
  0.000000E+00  3.043494E-03  0.000000E+00  0.000000E+00 -1.183583E+06
  1.683394E+02 -5.319966E+04 -1.548050E+06  1.494946E+06  0.000000E+00
 -2.940212E-02  0.000000E+00  0.000000E+00  5.568179E+03  0.000000E+00
  0.000000E+00  0.000000E+00  9.000000E+01  9.000000E+01  9.000000E+01
  0.000000E+00  5.434824E+01  0.000000E+00  4.929554E-02  6.037486E-02
  1.357853E+01  2.606456E+01  5.342477E+01 -2.812967E+00  1.381133E+00
 -2.812967E+00  5.638126E+01 -3.324904E+00  1.381133E+00 -3.324904E+00
  5.323868E+01
      4100  4.100000E+00        41
 -1.202049E+06  3.017264E+02 -1.203136E+06  2.927524E+05 -1.495889E+06
  0.000000E+00  3.021495E-03  0.000000E+00  0.000000E+00 -1.183484E+06
  1.462899E+02 -5.352266E+04 -1.548449E+06  1.495020E+06  0.000000E+00
 -2.919271E-02  0.000000E+00  0.000000E+00  5.568179E+03  0.000000E+00
  0.000000E+00  0.000000E+00  9.000000E+01  9.000000E+01  9.000000E+01
  0.000000E+00  5.463956E+01  0.000000E+00  5.148984E-02  6.144281E-02
  1.359073E+01  2.604709E+01  5.940143E+01  1.610911E+00  5.817855E-01
  1.610911E+00  5.486402E+01 -2.855791E+00  5.817855E-01 -2.855791E+00
  4.965324E+01
      4110  4.110000E+00        41
 -1.202049E+06  2.998222E+02 -1.203130E+06  2.924776E+05 -1.495607E+06
  0.000000E+00  3.005155E-03  0.000000E+00  0.000000E+00 -1.183782E+06
  1.126913E+02 -5.264065E+04 -1.547278E+06  1.494739E+06  0.000000E+00
 -2.903168E-02  0.000000E+00  0.000000E+00  5.568179E+03  0.000000E+00
  0.000000E+00  0.000000E+00  9.000000E+01  9.000000E+01  9.000000E+01
  0.000000E+00  5.376161E+01  0.000000E+00  5.227024E-02  6.359047E-02
  1.360091E+01  2.604244E+01  5.845830E+01  2.250498E+00 -4.762581E-01
  2.250498E+00  5.443264E+01 -1.444399E+00 -4.762581E-01 -1.444399E+00
  4.839388E+01
      4120  4.120000E+00        41
 -1.202049E+06  2.853118E+02 -1.203077E+06  2.918146E+05 -1.494891E+06
  0.000000E+00  3.002250E-03  0.000000E+00  0.000000E+00 -1.184544E+06
  6.174710E+01 -5.045878E+04 -1.544366E+06  1.494020E+06  0.000000E+00
 -2.902530E-02  0.000000E+00  0.000000E+00  5.568179E+03  0.000000E+00
  0.000000E+00  0.000000E+00  9.000000E+01  9.000000E+01  9.000000E+01
  0.000000E+00  5.151967E+01  0.000000E+00  5.279404E-02  6.553057E-02
  1.360435E+01  2.604843E+01  5.092524E+01 -2.351274E+00 -2.582975E-01
 -2.351274E+00  5.701979E+01 -7.553799E-01 -2.582975E-01 -7.553799E-01
  4.661399E+01
      4130  4.130000E+00        41
 -1.202049E+06  3.067522E+02 -1.203154E+06  2.915296E+05 -1.494684E+06
  0.000000E+00  2.883552E-03  0.000000E+00  0.000000E+00 -1.184788E+06
  3.506120E+01 -4.957031E+04 -1.543236E+06  1.493815E+06  0.000000E+00
 -2.786944E-02  0.000000E+00  0.000000E+00  5.568179E+03  0.000000E+00
  0.000000E+00  0.000000E+00  9.000000E+01  9.000000E+01  9.000000E+01
  0.000000E+00  5.080030E+01  0.000000E+00  5.306113E-02  6.600175E-02
  1.359855E+01  2.606413E+01  4.273413E+01 -4.387801E-01 -1.117555E+00
 -4.387801E-01  5.573191E+01 -1.580467E+00 -1.117555E+00 -1.580467E+00
  5.393487E+01
      4140  4.140000E+00        41
 -1.202048E+06  2.889493E+02 -1.203089E+06  2.918882E+05 -1.494978E+06
  0.000000E+00  3.083663E-03  0.000000E+00  0.000000E+00 -1.184434E+06
  2.889190E+01 -5.075904E+04 -1.544689E+06  1.494109E+06  0.000000E+00
 -2.979886E-02  0.000000E+00  0.000000E+00  5.568179E+03  0.000000E+00
  0.000000E+00  0.000000E+00  9.000000E+01  9.000000E+01  9.000000E+01
  0.000000E+00  5.184077E+01  0.000000E+00  5.351288E-02  6.607278E-02
  1.358539E+01  2.608297E+01  4.479515E+01  6.441893E-01  5.445381E-01
  6.441893E-01  5.128357E+01  3.962061E-01  5.445381E-01  3.962061E-01
  5.944360E+01
      4150  4.150000E+00        41
 -1.202047E+06  2.861984E+02 -1.203079E+06  2.921370E+05 -1.495216E+06
  0.000000E+00  2.996081E-03  0.000000E+00  0.000000E+00 -1.184156E+06
  3.161838E+01 -5.161116E+04 -1.545778E+06  1.494341E+06  0.000000E+00
 -2.896815E-02  0.000000E+00  0.000000E+00  5.568179E+03  0.000000E+00
  0.000000E+00  0.000000E+00  9.000000E+01  9.000000E+01  9.000000E+01
  0.000000E+00  5.265724E+01  0.000000E+00  5.339945E-02  6.535674E-02
  1.356970E+01  2.610258E+01  5.299478E+01 -1.258335E+00  2.076211E+00
 -1.258335E+00  5.250218E+01 -2.839174E-01  2.076211E+00 -2.839174E-01
  5.247477E+01
      4160  4.160000E+00        41
 -1.202048E+06  2.995811E+02 -1.203127E+06  2.925204E+05 -1.495648E+06
  0.000000E+00  2.998722E-03  0.000000E+00  0.000000E+00 -1.183700E+06
  4.651044E+01 -5.288353E+04 -1.547503E+06  1.494776E+06  0.000000E+00
 -2.895349E-02  0.000000E+00  0.000000E+00  5.568179E+03  0.000000E+00
  0.000000E+00  0.000000E+00  9.000000E+01  9.000000E+01  9.000000E+01
  0.000000E+00  5.399980E+01  0.000000E+00  5.200634E-02  6.449085E-02
  1.355653E+01  2.612936E+01  5.010442E+01  8.781432E-01  1.073676E-01
  8.781432E-01  5.842332E+01 -4.771525E-01  1.073676E-01 -4.771525E-01
  5.347166E+01
      4170  4.170000E+00        41
 -1.202048E+06  3.120708E+02 -1.203173E+06  2.928161E+05 -1.495989E+06
  0.000000E+00  2.958997E-03  0.000000E+00  0.000000E+00 -1.183391E+06
  7.916561E+01 -5.372214E+04 -1.548687E+06  1.495116E+06  0.000000E+00
 -2.859016E-02  0.000000E+00  0.000000E+00  5.568179E+03  0.000000E+00
  0.000000E+00  0.000000E+00  9.000000E+01  9.000000E+01  9.000000E+01
  0.000000E+00  5.491007E+01  0.000000E+00  5.175403E-02  6.282323E-02
  1.354928E+01  2.617125E+01  4.757078E+01  1.695449E+00 -1.116175E+00
  1.695449E+00  6.207166E+01 -3.464795E-01 -1.116175E+00 -3.464795E-01
  5.508777E+01
      4180  4.180000E+00        41
 -1.202048E+06  3.140232E+02 -1.203180E+06  2.925971E+05 -1.495777E+06
  0.000000E+00  2.741226E-03  0.000000E+00  0.000000E+00 -1.183631E+06
  1.382905E+02 -5.299236E+04 -1.547739E+06  1.494907E+06  0.000000E+00
 -2.647900E-02  0.000000E+00  0.000000E+00  5.568179E+03  0.000000E+00
  0.000000E+00  0.000000E+00  9.000000E+01  9.000000E+01  9.000000E+01
  0.000000E+00  5.420646E+01  0.000000E+00  5.132868E-02  6.210445E-02
  1.355278E+01  2.623649E+01  5.645350E+01 -8.210548E-01 -9.278927E-01
 -8.210548E-01  5.530696E+01  6.908236E-01 -9.278927E-01  6.908236E-01
  5.085892E+01
      4190  4.190000E+00        41
 -1.202048E+06  2.921007E+02 -1.203101E+06  2.927288E+05 -1.495830E+06
  0.000000E+00  2.992514E-03  0.000000E+00  0.000000E+00 -1.183570E+06
  2.213548E+02 -5.333563E+04 -1.548143E+06  1.494958E+06  0.000000E+00
 -2.889481E-02  0.000000E+00  0.000000E+00  5.568179E+03  0.000000E+00
  0.000000E+00  0.000000E+00  9.000000E+01  9.000000E+01  9.000000E+01
  0.000000E+00  5.438616E+01  0.000000E+00  5.075335E-02  6.202997E-02
  1.357141E+01  2.633065E+01  5.325127E+01  9.469994E-01  1.596779E+00
  9.469994E-01  5.644004E+01 -3.058698E+00  1.596779E+00 -3.058698E+00
  5.346717E+01
      4200  4.200000E+00        41
 -1.202048E+06  2.948223E+02 -1.203111E+06  2.924224E+05 -1.495533E+06
  0.000000E+00  2.959148E-03  0.000000E+00  0.000000E+00 -1.183850E+06
  3.424608E+02 -5.247875E+04 -1.546977E+06  1.494663E+06  0.000000E+00
 -2.858917E-02  0.000000E+00  0.000000E+00  5.568179E+03  0.000000E+00
  0.000000E+00  0.000000E+00  9.000000E+01  9.000000E+01  9.000000E+01
  0.000000E+00  5.356179E+01  0.000000E+00  5.032913E-02  6.155200E-02
  1.360744E+01  2.645541E+01  4.859237E+01  5.435766E-01  1.401489E-01
  5.435766E-01  5.638144E+01 -4.101645E+00  1.401489E-01 -4.101645E+00
  5.571156E+01
      4210  4.210000E+00        41
 -1.202049E+06  3.111012E+02 -1.203170E+06  2.923566E+05 -1.495526E+06
  0.000000E+00  2.827808E-03  0.000000E+00  0.000000E+00 -1.183915E+06
  5.076792E+02 -5.217069E+04 -1.546678E+06  1.494659E+06  0.000000E+00
 -2.730776E-02  0.000000E+00  0.000000E+00  5.568179E+03  0.000000E+00
  0.000000E+00  0.000000E+00  9.000000E+01  9.000000E+01  9.000000E+01
  0.000000E+00  5.337064E+01  0.000000E+00  4.985697E-02  6.106899E-02
  1.366325E+01  2.661356E+01  5.327449E+01  1.139324E+00 -6.992834E+00
  1.139324E+00  5.246890E+01 -2.192848E+00 -6.992834E+00 -2.192848E+00
  5.436854E+01
      4220  4.220000E+00        41
 -1.202048E+06  2.904465E+02 -1.203095E+06  2.926689E+05 -1.495764E+06
  0.000000E+00  2.933308E-03  0.000000E+00  0.000000E+00 -1.183654E+06
  6.657296E+02 -5.310560E+04 -1.547885E+06  1.494890E+06  0.000000E+00
 -2.831717E-02  0.000000E+00  0.000000E+00  5.568179E+03  0.000000E+00
  0.000000E+00  0.000000E+00  9.000000E+01  9.000000E+01  9.000000E+01
  0.000000E+00  5.413791E+01  0.000000E+00  5.005276E-02  6.084654E-02
  1.373644E+01  2.680009E+01  5.175520E+01  2.351095E+00 -4.942016E+00
  2.351095E+00  5.533805E+01 -1.462534E+00 -4.942016E+00 -1.462534E+00
  5.532049E+01
      4230  4.230000E+00        41
 -1.202048E+06  3.079995E+02 -1.203158E+06  2.928313E+05 -1.495990E+06
  0.000000E+00  2.850957E-03  0.000000E+00  0.000000E+00 -1.183443E+06
  7.800241E+02 -5.361549E+04 -1.548635E+06  1.495116E+06  0.000000E+00
 -2.754571E-02  0.000000E+00  0.000000E+00  5.568179E+03  0.000000E+00
  0.000000E+00  0.000000E+00  9.000000E+01  9.000000E+01  9.000000E+01
  0.000000E+00  5.475949E+01  0.000000E+00  5.002240E-02  6.026888E-02
  1.382049E+01  2.700175E+01  4.932153E+01  1.748225E-01  2.320794E+00
  1.748225E-01  5.738464E+01  9.033916E-01  2.320794E+00  9.033916E-01
  5.757229E+01
      4240  4.240000E+00        41
 -1.202048E+06  2.904250E+02 -1.203095E+06  2.928408E+05 -1.495936E+06
  0.000000E+00  2.968765E-03  0.000000E+00  0.000000E+00 -1.183478E+06
  8.402519E+02 -5.363951E+04 -1.548636E+06  1.495063E+06  0.000000E+00
 -2.870288E-02  0.000000E+00  0.000000E+00  5.568179E+03  0.000000E+00
  0.000000E+00  0.000000E+00  9.000000E+01  9.000000E+01  9.000000E+01
  0.000000E+00  5.465729E+01  0.000000E+00  5.001598E-02  5.960884E-02
  1.391162E+01  2.720935E+01  5.025267E+01  1.961052E+00  1.867660E+00
  1.961052E+00  5.457224E+01  2.998318E+00  1.867660E+00  2.998318E+00
  5.914697E+01
      4250  4.250000E+00        41
 -1.202048E+06  2.947969E+02 -1.203111E+06  2.927165E+05 -1.495827E+06
  0.000000E+00  3.063908E-03  0.000000E+00  0.000000E+00 -1.183586E+06
  8.509077E+02 -5.328404E+04 -1.548178E+06  1.494957E+06  0.000000E+00
 -2.960223E-02  0.000000E+00  0.000000E+00  5.568179E+03  0.000000E+00
  0.000000E+00  0.000000E+00  9.000000E+01  9.000000E+01  9.000000E+01
  0.000000E+00  5.433921E+01  0.000000E+00  4.952197E-02  5.914973E-02
  1.400790E+01  2.741704E+01  5.065791E+01  1.305091E+00  2.363443E+00
  1.305091E+00  5.306642E+01  3.853426E+00  2.363443E+00  3.853426E+00
  5.929330E+01
      4260  4.260000E+00        41
 -1.202048E+06  2.994503E+02 -1.203127E+06  2.927466E+05 -1.495874E+06
  0.000000E+00  3.120834E-03  0.000000E+00  0.000000E+00 -1.183575E+06
  8.386334E+02 -5.328085E+04 -1.548222E+06  1.495005E+06  0.000000E+00
 -3.012322E-02  0.000000E+00  0.000000E+00  5.568179E+03  0.000000E+00
  0.000000E+00  0.000000E+00  9.000000E+01  9.000000E+01  9.000000E+01
  0.000000E+00  5.436929E+01  0.000000E+00  4.846351E-02  5.903674E-02
  1.410677E+01  2.761961E+01  4.978179E+01 -9.532254E-01  3.685296E+00
 -9.532254E-01  5.861768E+01  7.115223E-01  3.685296E+00  7.115223E-01
  5.470839E+01
      4270  4.270000E+00        41
 -1.202048E+06  2.999304E+02 -1.203129E+06  2.924435E+05 -1.495573E+06
  0.000000E+00  3.050324E-03  0.000000E+00  0.000000E+00 -1.183900E+06
  8.184070E+02 -5.230087E+04 -1.546946E+06  1.494694E+06  0.000000E+00
 -2.948128E-02  0.000000E+00  0.000000E+00  5.568179E+03  0.000000E+00
  0.000000E+00  0.000000E+00  9.000000E+01  9.000000E+01  9.000000E+01
  0.000000E+00  5.341175E+01  0.000000E+00  4.812795E-02  5.781264E-02
  1.420666E+01  2.781490E+01  5.490193E+01  3.039824E-01  2.146751E+00
  3.039824E-01  5.283580E+01 -3.990822E-01  2.146751E+00 -3.990822E-01
  5.249753E+01
      4280  4.280000E+00        41
 -1.202048E+06  3.018808E+02 -1.203136E+06  2.920649E+05 -1.495201E+06
  0.000000E+00  2.840650E-03  0.000000E+00  0.000000E+00 -1.184319E+06
  7.990348E+02 -5.103122E+04 -1.545292E+06  1.494321E+06  0.000000E+00
 -2.741991E-02  0.000000E+00  0.000000E+00  5.568179E+03  0.000000E+00
  0.000000E+00  0.000000E+00  9.000000E+01  9.000000E+01  9.000000E+01
  0.000000E+00  5.218041E+01  0.000000E+00  4.732788E-02  5.627104E-02
  1.430461E+01  2.799955E+01  5.308162E+01  1.108651E+00 -2.433364E+00
  1.108651E+00  5.117889E+01  4.548120E-01 -2.433364E+00  4.548120E-01
  5.228072E+01
      4290  4.290000E+00        41
 -1.202048E+06  3.067638E+02 -1.203154E+06  2.919079E+05 -1.495062E+06
  0.000000E+00  2.645148E-03  0.000000E+00  0.000000E+00 -1.184483E+06
  7.622169E+02 -5.050456E+04 -1.544616E+06  1.494184E+06  0.000000E+00
 -2.558939E-02  0.000000E+00  0.000000E+00  5.568179E+03  0.000000E+00
  0.000000E+00  0.000000E+00  9.000000E+01  9.000000E+01  9.000000E+01
  0.000000E+00  5.169916E+01  0.000000E+00  4.582075E-02  5.582490E-02
  1.439725E+01  2.817041E+01  4.829702E+01 -2.021578E+00  1.688684E+00
 -2.021578E+00  5.195287E+01 -6.457659E-01  1.688684E+00 -6.457659E-01
  5.484758E+01
      4300  4.300000E+00        41
 -1.202048E+06  2.872605E+02 -1.203084E+06  2.923332E+05 -1.495417E+06
  0.000000E+00  2.890808E-03  0.000000E+00  0.000000E+00 -1.184049E+06
  6.719664E+02 -5.194440E+04 -1.546414E+06  1.494541E+06  0.000000E+00
 -2.793611E-02  0.000000E+00  0.000000E+00  5.568179E+03  0.000000E+00
  0.000000E+00  0.000000E+00  9.000000E+01  9.000000E+01  9.000000E+01
  0.000000E+00  5.297602E+01  0.000000E+00  4.563737E-02  5.508517E-02
  1.447704E+01  2.831610E+01  5.123711E+01  5.099874E-01  2.709888E+00
  5.099874E-01  5.204018E+01 -2.675735E+00  2.709888E+00 -2.675735E+00
  5.565076E+01
      4310  4.310000E+00        41
 -1.202048E+06  3.049028E+02 -1.203147E+06  2.928464E+05 -1.495993E+06
  0.000000E+00  3.046376E-03  0.000000E+00  0.000000E+00 -1.183438E+06
  5.587014E+02 -5.364619E+04 -1.548699E+06  1.495115E+06  0.000000E+00
 -2.941550E-02  0.000000E+00  0.000000E+00  5.568179E+03  0.000000E+00
  0.000000E+00  0.000000E+00  9.000000E+01  9.000000E+01  9.000000E+01
  0.000000E+00  5.477313E+01  0.000000E+00  4.578079E-02  5.361921E-02
  1.453714E+01  2.842500E+01  5.236819E+01  3.823033E-01 -7.457935E-01
  3.823033E-01  5.727615E+01 -2.679273E+00 -7.457935E-01 -2.679273E+00
  5.467504E+01
      4320  4.320000E+00        41
 -1.202049E+06  3.205385E+02 -1.203204E+06  2.930042E+05 -1.496208E+06
  0.000000E+00  2.975324E-03  0.000000E+00  0.000000E+00 -1.183227E+06
  4.730966E+02 -5.416599E+04 -1.549436E+06  1.495329E+06  0.000000E+00
 -2.876912E-02  0.000000E+00  0.000000E+00  5.568179E+03  0.000000E+00
  0.000000E+00  0.000000E+00  9.000000E+01  9.000000E+01  9.000000E+01
  0.000000E+00  5.539576E+01  0.000000E+00  4.687949E-02  5.302084E-02
  1.457942E+01  2.850040E+01  5.423309E+01 -1.230176E+00 -4.564461E+00
 -1.230176E+00  5.525495E+01  9.804870E-01 -4.564461E+00  9.804870E-01
  5.669924E+01
      4330  4.330000E+00        41
 -1.202049E+06  2.984439E+02 -1.203125E+06  2.928531E+05 -1.495978E+06
  0.000000E+00  3.077080E-03  0.000000E+00  0.000000E+00 -1.183429E+06
  4.124838E+02 -5.371840E+04 -1.548751E+06  1.495102E+06  0.000000E+00
 -2.971136E-02  0.000000E+00  0.000000E+00  5.568179E+03  0.000000E+00
  0.000000E+00  0.000000E+00  9.000000E+01  9.000000E+01  9.000000E+01
  0.000000E+00  5.480187E+01  0.000000E+00  4.883381E-02  5.364909E-02
  1.460736E+01  2.854801E+01  5.312346E+01  3.041712E-01 -1.379073E+00
  3.041712E-01  5.407683E+01  8.364620E-01 -1.379073E+00  8.364620E-01
  5.720532E+01
      4340  4.340000E+00        41
 -1.202049E+06  3.008667E+02 -1.203133E+06  2.922412E+05 -1.495375E+06
  0.000000E+00  2.810184E-03  0.000000E+00  0.000000E+00 -1.184082E+06
  3.442026E+02 -5.174197E+04 -1.546149E+06  1.494496E+06  0.000000E+00
 -2.714065E-02  0.000000E+00  0.000000E+00  5.568179E+03  0.000000E+00
  0.000000E+00  0.000000E+00  9.000000E+01  9.000000E+01  9.000000E+01
  0.000000E+00  5.288166E+01  0.000000E+00  4.884148E-02  5.559215E-02
  1.462158E+01  2.856887E+01  5.114599E+01 -1.710488E+00  1.859292E+00
 -1.710488E+00  5.223871E+01  1.396052E+00  1.859292E+00  1.396052E+00
  5.526027E+01
      4350  4.350000E+00        41
 -1.202049E+06  3.140259E+02 -1.203181E+06  2.918582E+05 -1.495039E+06
  0.000000E+00  2.692005E-03  0.000000E+00  0.000000E+00 -1.184465E+06
  2.949614E+02 -5.049714E+04 -1.544565E+06  1.494167E+06  0.000000E+00
 -2.601026E-02  0.000000E+00  0.000000E+00  5.568179E+03  0.000000E+00
  0.000000E+00  0.000000E+00  9.000000E+01  9.000000E+01  9.000000E+01
  0.000000E+00  5.175467E+01  0.000000E+00  4.757876E-02  5.877634E-02
  1.462068E+01  2.856413E+01  4.810458E+01 -1.564802E+00  7.446482E-01
 -1.564802E+00  5.432206E+01  7.183034E-01  7.446482E-01  7.183034E-01
  5.283738E+01
      4360  4.360000E+00        41
 -1.202049E+06  2.951825E+02 -1.203113E+06  2.918827E+05 -1.494995E+06
  0.000000E+00  3.014325E-03  0.000000E+00  0.000000E+00 -1.184488E+06
  2.621344E+02 -5.056055E+04 -1.544599E+06  1.494124E+06  0.000000E+00
 -2.913182E-02  0.000000E+00  0.000000E+00  5.568179E+03  0.000000E+00
  0.000000E+00  0.000000E+00  9.000000E+01  9.000000E+01  9.000000E+01
  0.000000E+00  5.168442E+01  0.000000E+00  4.920994E-02  6.027230E-02
  1.460787E+01  2.854133E+01  4.688304E+01  8.717921E-01  2.598585E+00
  8.717921E-01  5.715985E+01  8.987236E-01  2.598585E+00  8.987236E-01
  5.101036E+01
      4370  4.370000E+00        41
 -1.202049E+06  3.089780E+02 -1.203163E+06  2.920384E+05 -1.495202E+06
  0.000000E+00  2.948150E-03  0.000000E+00  0.000000E+00 -1.184306E+06
  2.339569E+02 -5.100888E+04 -1.545254E+06  1.494329E+06  0.000000E+00
 -2.849034E-02  0.000000E+00  0.000000E+00  5.568179E+03  0.000000E+00
  0.000000E+00  0.000000E+00  9.000000E+01  9.000000E+01  9.000000E+01
  0.000000E+00  5.222252E+01  0.000000E+00  5.092041E-02  6.201450E-02
  1.458845E+01  2.850747E+01  5.340807E+01 -1.665118E+00  6.479007E+00
 -1.665118E+00  5.380522E+01  3.401804E+00  6.479007E+00  3.401804E+00
  4.945427E+01
      4380  4.380000E+00        41
 -1.202049E+06  2.862538E+02 -1.203081E+06  2.920055E+05 -1.495086E+06
  0.000000E+00  3.214236E-03  0.000000E+00  0.000000E+00 -1.184348E+06
  2.137588E+02 -5.104319E+04 -1.545169E+06  1.494215E+06  0.000000E+00
 -3.101939E-02  0.000000E+00  0.000000E+00  5.568179E+03  0.000000E+00
  0.000000E+00  0.000000E+00  9.000000E+01  9.000000E+01  9.000000E+01
  0.000000E+00  5.209596E+01  0.000000E+00  5.247805E-02  6.408006E-02
  1.456483E+01  2.846501E+01  5.270753E+01 -2.003343E+00  1.453846E+00
 -2.003343E+00  5.381180E+01 -9.026206E-01  1.453846E+00 -9.026206E-01
  4.976855E+01
      4390  4.390000E+00        41
 -1.202049E+06  3.002850E+02 -1.203131E+06  2.920761E+05 -1.495207E+06
  0.000000E+00  3.184893E-03  0.000000E+00  0.000000E+00 -1.184247E+06
  1.889688E+02 -5.124674E+04 -1.545474E+06  1.494337E+06  0.000000E+00
 -3.078376E-02  0.000000E+00  0.000000E+00  5.568179E+03  0.000000E+00
  0.000000E+00  0.000000E+00  9.000000E+01  9.000000E+01  9.000000E+01
  0.000000E+00  5.239550E+01  0.000000E+00  5.451298E-02  6.430949E-02
  1.453954E+01  2.841601E+01  5.151401E+01  1.420834E+00 -4.677646E+00
  1.420834E+00  5.155506E+01 -3.834977E+00 -4.677646E+00 -3.834977E+00
  5.411742E+01
      4400  4.400000E+00        41
 -1.202049E+06  2.940647E+02 -1.203109E+06  2.914940E+05 -1.494602E+06
  0.000000E+00  3.009116E-03  0.000000E+00  0.000000E+00 -1.184857E+06
  1.614556E+02 -4.945843E+04 -1.543051E+06  1.493731E+06  0.000000E+00
 -2.909417E-02  0.000000E+00  0.000000E+00  5.568179E+03  0.000000E+00
  0.000000E+00  0.000000E+00  9.000000E+01  9.000000E+01  9.000000E+01
  0.000000E+00  5.059773E+01  0.000000E+00  5.492919E-02  6.621017E-02
  1.451284E+01  2.835883E+01  5.175228E+01 -2.385095E+00 -1.646392E+00
 -2.385095E+00  5.045013E+01 -1.767123E+00 -1.646392E+00 -1.767123E+00
  4.959078E+01
      4410  4.410000E+00        41
 -1.202049E+06  3.002606E+02 -1.203131E+06  2.912614E+05 -1.494392E+06
  0.000000E+00  2.936831E-03  0.000000E+00  0.000000E+00 -1.185113E+06
  1.401424E+02 -4.864716E+04 -1.542044E+06  1.493524E+06  0.000000E+00
 -2.840322E-02  0.000000E+00  0.000000E+00  5.568179E+03  0.000000E+00
  0.000000E+00  0.000000E+00  9.000000E+01  9.000000E+01  9.000000E+01
  0.000000E+00  4.984616E+01  0.000000E+00  5.662673E-02  6.718414E-02
  1.448137E+01  2.828757E+01  4.758070E+01 -6.481128E-01  1.164662E+00
 -6.481128E-01  5.058751E+01  1.506173E+00  1.164662E+00  1.506173E+00
  5.137025E+01
      4420  4.420000E+00        41
 -1.202049E+06  2.952810E+02 -1.203113E+06  2.912017E+05 -1.494315E+06
  0.000000E+00  2.911353E-03  0.000000E+00  0.000000E+00 -1.185220E+06
  1.344768E+02 -4.836077E+04 -1.541712E+06  1.493451E+06  0.000000E+00
 -2.815501E-02  0.000000E+00  0.000000E+00  5.568179E+03  0.000000E+00
  0.000000E+00  0.000000E+00  9.000000E+01  9.000000E+01  9.000000E+01
  0.000000E+00  4.953011E+01  0.000000E+00  5.764927E-02  6.840881E-02
  1.444365E+01  2.819991E+01  4.417089E+01  4.924552E-01 -1.411765E+00
  4.924552E-01  5.277798E+01  2.553558E+00 -1.411765E+00  2.553558E+00
  5.164147E+01
      4430  4.430000E+00        41
 -1.202048E+06  2.875163E+02 -1.203085E+06  2.913652E+05 -1.494450E+06
  0.000000E+00  2.878052E-03  0.000000E+00  0.000000E+00 -1.185061E+06
  1.385069E+02 -4.889214E+04 -1.542380E+06  1.493587E+06  0.000000E+00
 -2.784601E-02  0.000000E+00  0.000000E+00  5.568179E+03  0.000000E+00
  0.000000E+00  0.000000E+00  9.000000E+01  9.000000E+01  9.000000E+01
  0.000000E+00  4.999641E+01  0.000000E+00  5.767741E-02  6.944535E-02
  1.440342E+01  2.810106E+01  4.737873E+01 -4.837997E-02 -8.679675E-01
 -4.837997E-02  5.720954E+01 -5.035827E-01 -8.679675E-01 -5.035827E-01
  4.540096E+01
      4440  4.440000E+00        41
 -1.202048E+06  3.007200E+02 -1.203132E+06  2.917249E+05 -1.494857E+06
  0.000000E+00  3.111311E-03  0.000000E+00  0.000000E+00 -1.184643E+06
  1.435339E+02 -5.005089E+04 -1.543946E+06  1.493989E+06  0.000000E+00
 -3.003956E-02  0.000000E+00  0.000000E+00  5.568179E+03  0.000000E+00
  0.000000E+00  0.000000E+00  9.000000E+01  9.000000E+01  9.000000E+01
  0.000000E+00  5.122647E+01  0.000000E+00  5.889727E-02  6.839790E-02
  1.436524E+01  2.800065E+01  5.279175E+01  2.177195E+00 -5.214442E-02
  2.177195E+00  5.199462E+01 -1.801352E-01 -5.214442E-02 -1.801352E-01
  4.889304E+01
      4450  4.450000E+00        41
 -1.202048E+06  2.952182E+02 -1.203112E+06  2.916392E+05 -1.494751E+06
  0.000000E+00  3.060682E-03  0.000000E+00  0.000000E+00 -1.184753E+06
  1.450922E+02 -4.975890E+04 -1.543556E+06  1.493880E+06  0.000000E+00
 -2.957973E-02  0.000000E+00  0.000000E+00  5.568179E+03  0.000000E+00
  0.000000E+00  0.000000E+00  9.000000E+01  9.000000E+01  9.000000E+01
  0.000000E+00  5.090106E+01  0.000000E+00  5.797362E-02  6.920647E-02
  1.433054E+01  2.790618E+01  5.203922E+01 -3.168473E-01  3.458607E-01
 -3.168473E-01  5.201808E+01  7.605115E-02  3.458607E-01  7.605115E-02
  4.864589E+01
      4460  4.460000E+00        41
 -1.202049E+06  3.183073E+02 -1.203196E+06  2.913191E+05 -1.494515E+06
  0.000000E+00  2.828607E-03  0.000000E+00  0.000000E+00 -1.185092E+06
  1.408300E+02 -4.858005E+04 -1.542151E+06  1.493645E+06  0.000000E+00
 -2.736266E-02  0.000000E+00  0.000000E+00  5.568179E+03  0.000000E+00
  0.000000E+00  0.000000E+00  9.000000E+01  9.000000E+01  9.000000E+01
  0.000000E+00  4.990793E+01  0.000000E+00  5.608372E-02  7.082209E-02
  1.429808E+01  2.781686E+01  4.651067E+01 -3.172340E+00  2.784986E+00
 -3.172340E+00  5.005488E+01 -2.733428E-01  2.784986E+00 -2.733428E-01
  5.315823E+01
      4470  4.470000E+00        41
 -1.202048E+06  2.912652E+02 -1.203098E+06  2.912119E+05 -1.494310E+06
  0.000000E+00  2.943734E-03  0.000000E+00  0.000000E+00 -1.185288E+06
  1.301214E+02 -4.818494E+04 -1.541564E+06  1.493439E+06  0.000000E+00
 -2.846083E-02  0.000000E+00  0.000000E+00  5.568179E+03  0.000000E+00
  0.000000E+00  0.000000E+00  9.000000E+01  9.000000E+01  9.000000E+01
  0.000000E+00  4.932932E+01  0.000000E+00  5.784202E-02  7.055965E-02
  1.426686E+01  2.772888E+01  4.455814E+01  1.083017E+00  4.818442E-01
  1.083017E+00  4.853442E+01 -1.131132E+00  4.818442E-01 -1.131132E+00
  5.489540E+01
      4480  4.480000E+00        41
 -1.202049E+06  3.093473E+02 -1.203164E+06  2.911529E+05 -1.494317E+06
  0.000000E+00  2.933445E-03  0.000000E+00  0.000000E+00 -1.185289E+06
  1.106090E+02 -4.805239E+04 -1.541443E+06  1.493444E+06  0.000000E+00
 -2.835073E-02  0.000000E+00  0.000000E+00  5.568179E+03  0.000000E+00
  0.000000E+00  0.000000E+00  9.000000E+01  9.000000E+01  9.000000E+01
  0.000000E+00  4.932764E+01  0.000000E+00  6.002216E-02  6.974103E-02
  1.423829E+01  2.764346E+01  4.552031E+01  3.805761E-01 -2.568359E+00
  3.805761E-01  5.171261E+01 -2.442950E+00 -2.568359E+00 -2.442950E+00
  5.074999E+01
      4490  4.490000E+00        41
 -1.202049E+06  2.952576E+02 -1.203113E+06  2.914375E+05 -1.494550E+06
  0.000000E+00  3.151763E-03  0.000000E+00  0.000000E+00 -1.184990E+06
  9.363837E+01 -4.904867E+04 -1.542665E+06  1.493679E+06  0.000000E+00
 -3.044728E-02  0.000000E+00  0.000000E+00  5.568179E+03  0.000000E+00
  0.000000E+00  0.000000E+00  9.000000E+01  9.000000E+01  9.000000E+01
  0.000000E+00  5.020582E+01  0.000000E+00  6.096350E-02  6.949376E-02
  1.421344E+01  2.756237E+01  4.633654E+01 -1.578003E+00 -2.760918E+00
 -1.578003E+00  5.500801E+01  5.365411E-01 -2.760918E+00  5.365411E-01
  4.927289E+01
      4500  4.500000E+00        41
 -1.202048E+06  3.022703E+02 -1.203138E+06  2.919512E+05 -1.495089E+06
  0.000000E+00  3.268919E-03  0.000000E+00  0.000000E+00 -1.184424E+06
  9.162906E+01 -5.069684E+04 -1.544843E+06  1.494219E+06  0.000000E+00
 -3.156342E-02  0.000000E+00  0.000000E+00  5.568179E+03  0.000000E+00
  0.000000E+00  0.000000E+00  9.000000E+01  9.000000E+01  9.000000E+01
  0.000000E+00  5.187243E+01  0.000000E+00  6.133267E-02  6.908442E-02
  1.419105E+01  2.748179E+01  5.310581E+01  8.780481E-01 -2.754995E+00
  8.780481E-01  5.402291E+01  7.881379E-01 -2.754995E+00  7.881379E-01
  4.848856E+01
      4510  4.510000E+00        41
 -1.202049E+06  2.913433E+02 -1.203099E+06  2.916261E+05 -1.494725E+06
  0.000000E+00  3.101732E-03  0.000000E+00  0.000000E+00 -1.184820E+06
  9.118063E+01 -4.958888E+04 -1.543392E+06  1.493857E+06  0.000000E+00
 -2.997344E-02  0.000000E+00  0.000000E+00  5.568179E+03  0.000000E+00
  0.000000E+00  0.000000E+00  9.000000E+01  9.000000E+01  9.000000E+01
  0.000000E+00  5.070818E+01  0.000000E+00  6.094039E-02  6.988731E-02
  1.417149E+01  2.740171E+01  5.310321E+01  1.965994E+00  9.794529E-02
  1.965994E+00  4.650763E+01 -1.882418E+00  9.794529E-02 -1.882418E+00
  5.251370E+01
      4520  4.520000E+00        41
 -1.202049E+06  2.964618E+02 -1.203117E+06  2.911723E+05 -1.494289E+06
  0.000000E+00  3.038609E-03  0.000000E+00  0.000000E+00 -1.185319E+06
  8.616625E+01 -4.805528E+04 -1.541435E+06  1.493423E+06  0.000000E+00
 -2.938085E-02  0.000000E+00  0.000000E+00  5.568179E+03  0.000000E+00
  0.000000E+00  0.000000E+00  9.000000E+01  9.000000E+01  9.000000E+01
  0.000000E+00  4.923994E+01  0.000000E+00  6.074635E-02  7.039266E-02
  1.415730E+01  2.732898E+01  4.601110E+01 -6.814693E-03  4.045115E+00
 -6.814693E-03  4.640720E+01 -1.290036E+00  4.045115E+00 -1.290036E+00
  5.530152E+01
      4530  4.530000E+00        41
 -1.202049E+06  3.074741E+02 -1.203157E+06  2.910350E+05 -1.494192E+06
  0.000000E+00  2.906373E-03  0.000000E+00  0.000000E+00 -1.185434E+06
  8.921589E+01 -4.763144E+04 -1.540907E+06  1.493320E+06  0.000000E+00
 -2.813350E-02  0.000000E+00  0.000000E+00  5.568179E+03  0.000000E+00
  0.000000E+00  0.000000E+00  9.000000E+01  9.000000E+01  9.000000E+01
  0.000000E+00  4.890193E+01  0.000000E+00  6.161447E-02  6.953285E-02
  1.414885E+01  2.726431E+01  4.544917E+01  1.376833E-01  2.082983E+00
  1.376833E-01  4.891926E+01  1.148056E+00  2.082983E+00  1.148056E+00
  5.233735E+01
      4540  4.540000E+00        41
 -1.202049E+06  3.002733E+02 -1.203131E+06  2.913972E+05 -1.494528E+06
  0.000000E+00  2.929551E-03  0.000000E+00  0.000000E+00 -1.185019E+06
  9.457179E+01 -4.892686E+04 -1.542537E+06  1.493658E+06  0.000000E+00
 -2.833681E-02  0.000000E+00  0.000000E+00  5.568179E+03  0.000000E+00
  0.000000E+00  0.000000E+00  9.000000E+01  9.000000E+01  9.000000E+01
  0.000000E+00  5.012177E+01  0.000000E+00  6.099827E-02  6.926604E-02
  1.414537E+01  2.720644E+01  4.442928E+01 -3.600465E-01 -1.860777E+00
 -3.600465E-01  5.492239E+01 -4.081780E-01 -1.860777E+00 -4.081780E-01
  5.101364E+01
      4550  4.550000E+00        41
 -1.202048E+06  2.894049E+02 -1.203091E+06  2.918109E+05 -1.494902E+06
  0.000000E+00  3.222712E-03  0.000000E+00  0.000000E+00 -1.184605E+06
  9.848159E+01 -5.024498E+04 -1.544224E+06  1.494038E+06  0.000000E+00
 -3.109671E-02  0.000000E+00  0.000000E+00  5.568179E+03  0.000000E+00
  0.000000E+00  0.000000E+00  9.000000E+01  9.000000E+01  9.000000E+01
  0.000000E+00  5.133797E+01  0.000000E+00  5.988537E-02  6.908219E-02
  1.414753E+01  2.715977E+01  4.630297E+01  3.109710E-01 -1.997469E+00
  3.109710E-01  5.741951E+01 -2.919711E+00 -1.997469E+00 -2.919711E+00
  5.029143E+01
      4560  4.560000E+00        41
 -1.202049E+06  3.084621E+02 -1.203161E+06  2.916076E+05 -1.494768E+06
  0.000000E+00  3.050614E-03  0.000000E+00  0.000000E+00 -1.184782E+06
  1.064634E+02 -4.957926E+04 -1.543421E+06  1.493900E+06  0.000000E+00
 -2.950768E-02  0.000000E+00  0.000000E+00  5.568179E+03  0.000000E+00
  0.000000E+00  0.000000E+00  9.000000E+01  9.000000E+01  9.000000E+01
  0.000000E+00  5.081943E+01  0.000000E+00  5.900312E-02  6.883729E-02
  1.415542E+01  2.712597E+01  4.912649E+01  2.088089E+00 -2.959734E+00
  2.088089E+00  5.218164E+01 -3.403942E-01 -2.959734E+00 -3.403942E-01
  5.115017E+01
      4570  4.570000E+00        41
 -1.202049E+06  2.896317E+02 -1.203092E+06  2.914941E+05 -1.494587E+06
  0.000000E+00  3.053644E-03  0.000000E+00  0.000000E+00 -1.184984E+06
  1.203895E+02 -4.910796E+04 -1.542774E+06  1.493716E+06  0.000000E+00
 -2.948941E-02  0.000000E+00  0.000000E+00  5.568179E+03  0.000000E+00
  0.000000E+00  0.000000E+00  9.000000E+01  9.000000E+01  9.000000E+01
  0.000000E+00  5.022355E+01  0.000000E+00  5.785729E-02  6.951420E-02
  1.416993E+01  2.710515E+01  4.712290E+01 -8.701053E-01 -1.058483E+00
 -8.701053E-01  4.876560E+01 -2.785387E+00 -1.058483E+00 -2.785387E+00
  5.478215E+01
      4580  4.580000E+00        41
 -1.202049E+06  3.051083E+02 -1.203148E+06  2.913739E+05 -1.494522E+06
  0.000000E+00  3.008183E-03  0.000000E+00  0.000000E+00 -1.185107E+06
  1.350470E+02 -4.862951E+04 -1.542236E+06  1.493653E+06  0.000000E+00
 -2.904156E-02  0.000000E+00  0.000000E+00  5.568179E+03  0.000000E+00
  0.000000E+00  0.000000E+00  9.000000E+01  9.000000E+01  9.000000E+01
  0.000000E+00  4.986325E+01  0.000000E+00  5.713198E-02  6.937117E-02
  1.419209E+01  2.709705E+01  4.549491E+01 -1.520523E+00  1.446850E+00
 -1.520523E+00  4.380114E+01 -2.835111E+00  1.446850E+00 -2.835111E+00
  6.029371E+01
      4590  4.590000E+00        41
 -1.202049E+06  3.114825E+02 -1.203171E+06  2.910778E+05 -1.494249E+06
  0.000000E+00  2.807713E-03  0.000000E+00  0.000000E+00 -1.185391E+06
  1.581886E+02 -4.773149E+04 -1.541062E+06  1.493379E+06  0.000000E+00
 -2.716766E-02  0.000000E+00  0.000000E+00  5.568179E+03  0.000000E+00
  0.000000E+00  0.000000E+00  9.000000E+01  9.000000E+01  9.000000E+01
  0.000000E+00  4.902674E+01  0.000000E+00  5.693722E-02  6.872412E-02
  1.422153E+01  2.710035E+01  4.850614E+01  6.326304E-02  1.237992E+00
  6.326304E-02  4.599794E+01  1.166765E+00  1.237992E+00  1.166765E+00
  5.257615E+01
      4600  4.600000E+00        41
 -1.202049E+06  3.082318E+02 -1.203160E+06  2.911430E+05 -1.494303E+06
  0.000000E+00  2.987216E-03  0.000000E+00  0.000000E+00 -1.185306E+06
  1.929346E+02 -4.801416E+04 -1.541406E+06  1.493435E+06  0.000000E+00
 -2.884681E-02  0.000000E+00  0.000000E+00  5.568179E+03  0.000000E+00
  0.000000E+00  0.000000E+00  9.000000E+01  9.000000E+01  9.000000E+01
  0.000000E+00  4.928022E+01  0.000000E+00  5.631434E-02  6.921546E-02
  1.425748E+01  2.711406E+01  4.597890E+01 -6.965798E-01  2.052796E+00
 -6.965798E-01  5.311284E+01  4.519858E+00  2.052796E+00  4.519858E+00
  4.874892E+01
      4610  4.610000E+00        41
 -1.202049E+06  3.014821E+02 -1.203136E+06  2.911994E+05 -1.494335E+06
  0.000000E+00  3.037898E-03  0.000000E+00  0.000000E+00 -1.185243E+06
  2.118160E+02 -4.825055E+04 -1.541673E+06  1.493469E+06  0.000000E+00
 -2.940235E-02  0.000000E+00  0.000000E+00  5.568179E+03  0.000000E+00
  0.000000E+00  0.000000E+00  9.000000E+01  9.000000E+01  9.000000E+01
  0.000000E+00  4.946394E+01  0.000000E+00  5.697585E-02  6.887577E-02
  1.430068E+01  2.713756E+01  4.245105E+01  1.185927E+00 -7.883843E-02
  1.185927E+00  5.633902E+01  1.284032E-01 -7.883843E-02  1.284032E-01
  4.960174E+01
      4620  4.620000E+00        41
 -1.202050E+06  3.052673E+02 -1.203150E+06  2.910362E+05 -1.494186E+06
  0.000000E+00  2.955002E-03  0.000000E+00  0.000000E+00 -1.185425E+06
  2.057496E+02 -4.767763E+04 -1.540940E+06  1.493319E+06  0.000000E+00
 -2.858722E-02  0.000000E+00  0.000000E+00  5.568179E+03  0.000000E+00
  0.000000E+00  0.000000E+00  9.000000E+01  9.000000E+01  9.000000E+01
  0.000000E+00  4.892879E+01  0.000000E+00  5.641950E-02  6.952596E-02
  1.435300E+01  2.717287E+01  4.761178E+01  2.299439E+00 -7.675779E-01
  2.299439E+00  5.212150E+01  6.964743E-01 -7.675779E-01  6.964743E-01
  4.705308E+01
      4630  4.630000E+00        41
 -1.202049E+06  2.881549E+02 -1.203088E+06  2.909534E+05 -1.494041E+06
  0.000000E+00  3.064431E-03  0.000000E+00  0.000000E+00 -1.185564E+06
  1.838773E+02 -4.738349E+04 -1.540503E+06  1.493175E+06  0.000000E+00
 -2.963930E-02  0.000000E+00  0.000000E+00  5.568179E+03  0.000000E+00
  0.000000E+00  0.000000E+00  9.000000E+01  9.000000E+01  9.000000E+01
  0.000000E+00  4.851973E+01  0.000000E+00  5.651548E-02  6.950353E-02
  1.441512E+01  2.722246E+01  5.057812E+01  1.471290E+00  1.821541E+00
  1.471290E+00  4.225228E+01  1.456069E+00  1.821541E+00  1.456069E+00
  5.272878E+01
      4640  4.640000E+00        41
 -1.202049E+06  3.103194E+02 -1.203168E+06  2.909842E+05 -1.494152E+06
  0.000000E+00  3.032282E-03  0.000000E+00  0.000000E+00 -1.185488E+06
  1.712056E+02 -4.745010E+04 -1.540677E+06  1.493287E+06  0.000000E+00
 -2.935076E-02  0.000000E+00  0.000000E+00  5.568179E+03  0.000000E+00
  0.000000E+00  0.000000E+00  9.000000E+01  9.000000E+01  9.000000E+01
  0.000000E+00  4.874214E+01  0.000000E+00  5.738190E-02  6.772288E-02
  1.448716E+01  2.728745E+01  4.460015E+01  4.131921E+00  2.316430E+00
  4.131921E+00  4.384810E+01 -4.228664E+00  2.316430E+00 -4.228664E+00
  5.777815E+01
      4650  4.650000E+00        41
 -1.202049E+06  3.036720E+02 -1.203144E+06  2.907596E+05 -1.493904E+06
  0.000000E+00  2.953829E-03  0.000000E+00  0.000000E+00 -1.185754E+06
  1.699746E+02 -4.670295E+04 -1.539679E+06  1.493038E+06  0.000000E+00
 -2.855185E-02  0.000000E+00  0.000000E+00  5.568179E+03  0.000000E+00
  0.000000E+00  0.000000E+00  9.000000E+01  9.000000E+01  9.000000E+01
  0.000000E+00  4.796216E+01  0.000000E+00  5.770422E-02  6.724166E-02
  1.456884E+01  2.736576E+01  4.176452E+01  9.392967E-01 -2.934174E+00
  9.392967E-01  4.939263E+01 -1.810790E+00 -2.934174E+00 -1.810790E+00
  5.272932E+01
      4660  4.660000E+00        41
 -1.202050E+06  3.010140E+02 -1.203135E+06  2.905976E+05 -1.493732E+06
  0.000000E+00  3.092078E-03  0.000000E+00  0.000000E+00 -1.185899E+06
  1.716621E+02 -4.628623E+04 -1.539084E+06  1.492861E+06  0.000000E+00
 -2.990549E-02  0.000000E+00  0.000000E+00  5.568179E+03  0.000000E+00
  0.000000E+00  0.000000E+00  9.000000E+01  9.000000E+01  9.000000E+01
  0.000000E+00  4.753448E+01  0.000000E+00  5.647400E-02  6.883371E-02
  1.465969E+01  2.745523E+01  4.237821E+01 -3.034325E+00 -3.796566E+00
 -3.034325E+00  5.368356E+01  4.033307E+00 -3.796566E+00  4.033307E+00
  4.654166E+01
      4670  4.670000E+00        41
 -1.202050E+06  3.032300E+02 -1.203143E+06  2.904967E+05 -1.493640E+06
  0.000000E+00  3.084361E-03  0.000000E+00  0.000000E+00 -1.185987E+06
  1.760967E+02 -4.600725E+04 -1.538698E+06  1.492774E+06  0.000000E+00
 -2.980824E-02  0.000000E+00  0.000000E+00  5.568179E+03  0.000000E+00
  0.000000E+00  0.000000E+00  9.000000E+01  9.000000E+01  9.000000E+01
  0.000000E+00  4.727635E+01  0.000000E+00  5.672978E-02  6.906358E-02
  1.475980E+01  2.755824E+01  4.342968E+01 -1.165995E+00  7.945401E-01
 -1.165995E+00  5.470729E+01  2.885809E+00  7.945401E-01  2.885809E+00
  4.369209E+01
      4680  4.680000E+00        41
 -1.202050E+06  3.043729E+02 -1.203147E+06  2.902985E+05 -1.493445E+06
  0.000000E+00  2.898419E-03  0.000000E+00  0.000000E+00 -1.186206E+06
  1.855443E+02 -4.534279E+04 -1.537843E+06  1.492584E+06  0.000000E+00
 -2.805112E-02  0.000000E+00  0.000000E+00  5.568179E+03  0.000000E+00
  0.000000E+00  0.000000E+00  9.000000E+01  9.000000E+01  9.000000E+01
  0.000000E+00  4.663232E+01  0.000000E+00  5.755295E-02  6.847561E-02
  1.486865E+01  2.767465E+01  4.359571E+01 -1.247536E+00  1.894055E+00
 -1.247536E+00  4.812306E+01 -9.582019E-01  1.894055E+00 -9.582019E-01
  4.817819E+01
      4690  4.690000E+00        41
 -1.202049E+06  2.791241E+02 -1.203055E+06  2.906146E+05 -1.493669E+06
  0.000000E+00  3.052029E-03  0.000000E+00  0.000000E+00 -1.185933E+06
  2.136572E+02 -4.633926E+04 -1.539069E+06  1.492799E+06  0.000000E+00
 -2.953239E-02  0.000000E+00  0.000000E+00  5.568179E+03  0.000000E+00
  0.000000E+00  0.000000E+00  9.000000E+01  9.000000E+01  9.000000E+01
  0.000000E+00  4.743067E+01  0.000000E+00  5.700583E-02  6.932423E-02
  1.498682E+01  2.780539E+01  4.698099E+01 -6.116491E-01  2.789073E+00
 -6.116491E-01  4.475911E+01  2.768129E-01  2.789073E+00  2.768129E-01
  5.055192E+01
      4700  4.700000E+00        41
 -1.202049E+06  3.000543E+02 -1.203130E+06  2.910846E+05 -1.494215E+06
  0.000000E+00  2.984938E-03  0.000000E+00  0.000000E+00 -1.185348E+06
  2.586819E+02 -4.794648E+04 -1.541207E+06  1.493343E+06  0.000000E+00
 -2.888562E-02  0.000000E+00  0.000000E+00  5.568179E+03  0.000000E+00
  0.000000E+00  0.000000E+00  9.000000E+01  9.000000E+01  9.000000E+01
  0.000000E+00  4.915438E+01  0.000000E+00  5.757948E-02  6.932096E-02
  1.511383E+01  2.794980E+01  4.850959E+01 -5.099319E-01  2.185562E+00
 -5.099319E-01  4.954098E+01  4.017909E-01  2.185562E+00  4.017909E-01
  4.941257E+01
      4710  4.710000E+00        41
 -1.202049E+06  2.969372E+02 -1.203119E+06  2.915306E+05 -1.494650E+06
  0.000000E+00  3.180660E-03  0.000000E+00  0.000000E+00 -1.184869E+06
  3.067978E+02 -4.940760E+04 -1.543108E+06  1.493780E+06  0.000000E+00
 -3.076665E-02  0.000000E+00  0.000000E+00  5.568179E+03  0.000000E+00
  0.000000E+00  0.000000E+00  9.000000E+01  9.000000E+01  9.000000E+01
  0.000000E+00  5.056462E+01  0.000000E+00  5.857137E-02  6.934431E-02
  1.524705E+01  2.810218E+01  4.526253E+01 -1.389991E+00  1.748090E-02
 -1.389991E+00  5.615433E+01  1.005799E+00  1.748090E-02  1.005799E+00
  5.027699E+01
      4720  4.720000E+00        41
 -1.202049E+06  3.065265E+02 -1.203154E+06  2.913214E+05 -1.494476E+06
  0.000000E+00  3.164512E-03  0.000000E+00  0.000000E+00 -1.185082E+06
  3.423972E+02 -4.870023E+04 -1.542239E+06  1.493603E+06  0.000000E+00
 -3.061824E-02  0.000000E+00  0.000000E+00  5.568179E+03  0.000000E+00
  0.000000E+00  0.000000E+00  9.000000E+01  9.000000E+01  9.000000E+01
  0.000000E+00  4.993759E+01  0.000000E+00  5.897863E-02  6.974553E-02
  1.538620E+01  2.826208E+01  4.733618E+01  7.271141E-01  1.544543E+00
  7.271141E-01  5.395351E+01  2.003946E+00  1.544543E+00  2.003946E+00
  4.852307E+01
      4730  4.730000E+00        41
 -1.202049E+06  3.156152E+02 -1.203187E+06  2.906252E+05 -1.493812E+06
  0.000000E+00  2.798113E-03  0.000000E+00  0.000000E+00 -1.185823E+06
  3.636065E+02 -4.641452E+04 -1.539303E+06  1.492938E+06  0.000000E+00
 -2.708035E-02  0.000000E+00  0.000000E+00  5.568179E+03  0.000000E+00
  0.000000E+00  0.000000E+00  9.000000E+01  9.000000E+01  9.000000E+01
  0.000000E+00  4.775891E+01  0.000000E+00  6.006423E-02  6.909095E-02
  1.553118E+01  2.842745E+01  4.707274E+01  3.465204E+00  1.369125E+00
  3.465204E+00  4.964945E+01 -2.848923E+00  1.369125E+00 -2.848923E+00
  4.655452E+01
      4740  4.740000E+00        41
 -1.202049E+06  2.996497E+02 -1.203129E+06  2.905530E+05 -1.493682E+06
  0.000000E+00  2.992118E-03  0.000000E+00  0.000000E+00 -1.185989E+06
  3.706921E+02 -4.602919E+04 -1.538804E+06  1.492811E+06  0.000000E+00
 -2.889766E-02  0.000000E+00  0.000000E+00  5.568179E+03  0.000000E+00
  0.000000E+00  0.000000E+00  9.000000E+01  9.000000E+01  9.000000E+01
  0.000000E+00  4.726780E+01  0.000000E+00  6.005681E-02  6.983177E-02
  1.568245E+01  2.859567E+01  4.343262E+01 -1.050657E-01 -1.691444E+00
 -1.050657E-01  4.660815E+01 -3.197562E+00 -1.691444E+00 -3.197562E+00
  5.176261E+01
      4750  4.750000E+00        41
 -1.202049E+06  3.016078E+02 -1.203136E+06  2.907249E+05 -1.493861E+06
  0.000000E+00  2.967575E-03  0.000000E+00  0.000000E+00 -1.185804E+06
  3.659344E+02 -4.656945E+04 -1.539523E+06  1.492989E+06  0.000000E+00
 -2.870336E-02  0.000000E+00  0.000000E+00  5.568179E+03  0.000000E+00
  0.000000E+00  0.000000E+00  9.000000E+01  9.000000E+01  9.000000E+01
  0.000000E+00  4.781179E+01  0.000000E+00  5.788459E-02  7.346994E-02
  1.584270E+01  2.877045E+01  4.562956E+01  5.967383E-02  3.740568E-01
  5.967383E-02  4.992278E+01  8.614887E-01  3.740568E-01  8.614887E-01
  4.788302E+01
      4760  4.760000E+00        41
 -1.202049E+06  2.880042E+02 -1.203087E+06  2.907077E+05 -1.493795E+06
  0.000000E+00  3.045986E-03  0.000000E+00  0.000000E+00 -1.185814E+06
  3.179785E+02 -4.663663E+04 -1.539508E+06  1.492919E+06  0.000000E+00
 -2.947938E-02  0.000000E+00  0.000000E+00  5.568179E+03  0.000000E+00
  0.000000E+00  0.000000E+00  9.000000E+01  9.000000E+01  9.000000E+01
  0.000000E+00  4.778266E+01  0.000000E+00  5.947387E-02  7.394631E-02
  1.601567E+01  2.895803E+01  4.639561E+01  7.235746E-01  2.094598E+00
  7.235746E-01  5.168373E+01  2.275638E+00  2.094598E+00  2.275638E+00
  4.526865E+01
      4770  4.770000E+00        41
 -1.202050E+06  3.027667E+02 -1.203141E+06  2.908511E+05 -1.493992E+06
  0.000000E+00  3.297904E-03  0.000000E+00  0.000000E+00 -1.185550E+06
  2.060137E+02 -4.732194E+04 -1.540363E+06  1.493122E+06  0.000000E+00
 -3.188223E-02  0.000000E+00  0.000000E+00  5.568179E+03  0.000000E+00
  0.000000E+00  0.000000E+00  9.000000E+01  9.000000E+01  9.000000E+01
  0.000000E+00  4.856214E+01  0.000000E+00  6.236592E-02  7.225695E-02
  1.620795E+01  2.917024E+01  4.653748E+01 -3.200668E+00 -3.480551E-01
 -3.200668E+00  4.831189E+01 -7.916313E-01 -3.480551E-01 -7.916313E-01
  5.083705E+01
      4780  4.780000E+00        41
 -1.202050E+06  3.036557E+02 -1.203144E+06  2.910493E+05 -1.494194E+06
  0.000000E+00  3.192078E-03  0.000000E+00  0.000000E+00 -1.185321E+06
  1.056873E+02 -4.799928E+04 -1.541212E+06  1.493326E+06  0.000000E+00
 -3.089519E-02  0.000000E+00  0.000000E+00  5.568179E+03  0.000000E+00
  0.000000E+00  0.000000E+00  9.000000E+01  9.000000E+01  9.000000E+01
  0.000000E+00  4.923540E+01  0.000000E+00  6.353953E-02  7.189027E-02
  1.642848E+01  2.942155E+01  4.648639E+01 -1.202708E+00 -1.116813E+00
 -1.202708E+00  5.168478E+01 -5.888614E-01 -1.116813E+00 -5.888614E-01
  4.953501E+01
      4790  4.790000E+00        41
 -1.202049E+06  2.968832E+02 -1.203119E+06  2.909439E+05 -1.494063E+06
  0.000000E+00  3.110168E-03  0.000000E+00  0.000000E+00 -1.185476E+06
  1.415995E+02 -4.758295E+04 -1.540685E+06  1.493196E+06  0.000000E+00
 -3.007874E-02  0.000000E+00  0.000000E+00  5.568179E+03  0.000000E+00
  0.000000E+00  0.000000E+00  9.000000E+01  9.000000E+01  9.000000E+01
  0.000000E+00  4.877818E+01  0.000000E+00  6.365453E-02  7.261785E-02
  1.668788E+01  2.972976E+01  4.436743E+01 -8.448884E-01  7.639750E-01
 -8.448884E-01  5.495938E+01 -1.378527E+00  7.639750E-01 -1.378527E+00
  4.700771E+01
      4800  4.800000E+00        41
 -1.202049E+06  3.020897E+02 -1.203138E+06  2.909647E+05 -1.494103E+06
  0.000000E+00  3.011603E-03  0.000000E+00  0.000000E+00 -1.185494E+06
  2.422025E+02 -4.749511E+04 -1.540670E+06  1.493237E+06  0.000000E+00
 -2.912203E-02  0.000000E+00  0.000000E+00  5.568179E+03  0.000000E+00
  0.000000E+00  0.000000E+00  9.000000E+01  9.000000E+01  9.000000E+01
  0.000000E+00  4.872635E+01  0.000000E+00  6.304154E-02  7.332198E-02
  1.698127E+01  3.008683E+01  4.387179E+01 -1.386811E+00 -4.667141E+00
 -1.386811E+00  5.425962E+01 -4.962720E+00 -4.667141E+00 -4.962720E+00
  4.804766E+01
      4810  4.810000E+00        41
 -1.202050E+06  2.995224E+02 -1.203129E+06  2.907593E+05 -1.493888E+06
  0.000000E+00  2.923611E-03  0.000000E+00  0.000000E+00 -1.185739E+06
  3.356808E+02 -4.678088E+04 -1.539750E+06  1.493021E+06  0.000000E+00
 -2.829457E-02  0.000000E+00  0.000000E+00  5.568179E+03  0.000000E+00
  0.000000E+00  0.000000E+00  9.000000E+01  9.000000E+01  9.000000E+01
  0.000000E+00  4.800521E+01  0.000000E+00  6.181834E-02  7.401290E-02
  1.729711E+01  3.047312E+01  4.801657E+01  2.780386E+00 -3.473990E+00
  2.780386E+00  5.104851E+01 -2.366928E+00 -3.473990E+00 -2.366928E+00
  4.495055E+01
      4820  4.820000E+00        41
 -1.202049E+06  2.929199E+02 -1.203105E+06  2.907224E+05 -1.493828E+06
  0.000000E+00  2.924529E-03  0.000000E+00  0.000000E+00 -1.185781E+06
  4.025231E+02 -4.670477E+04 -1.539607E+06  1.492957E+06  0.000000E+00
 -2.829547E-02  0.000000E+00  0.000000E+00  5.568179E+03  0.000000E+00
  0.000000E+00  0.000000E+00  9.000000E+01  9.000000E+01  9.000000E+01
  0.000000E+00  4.788221E+01  0.000000E+00  6.211670E-02  7.349163E-02
  1.762999E+01  3.088116E+01  4.857854E+01  1.767076E+00  1.866038E+00
  1.767076E+00  4.922738E+01 -4.684364E-01  1.866038E+00 -4.684364E-01
  4.584070E+01
      4830  4.830000E+00        41
 -1.202050E+06  3.115628E+02 -1.203173E+06  2.911201E+05 -1.494293E+06
  0.000000E+00  3.095375E-03  0.000000E+00  0.000000E+00 -1.185317E+06
  4.258484E+02 -4.796184E+04 -1.541340E+06  1.493423E+06  0.000000E+00
 -2.990919E-02  0.000000E+00  0.000000E+00  5.568179E+03  0.000000E+00
  0.000000E+00  0.000000E+00  9.000000E+01  9.000000E+01  9.000000E+01
  0.000000E+00  4.924675E+01  0.000000E+00  6.344846E-02  7.162926E-02
  1.797462E+01  3.130099E+01  4.473122E+01 -1.663796E+00  3.664139E+00
 -1.663796E+00  5.178918E+01 -1.027453E+00  3.664139E+00 -1.027453E+00
  5.121986E+01
      4840  4.840000E+00        41
 -1.202051E+06  3.162169E+02 -1.203191E+06  2.913050E+05 -1.494496E+06
  0.000000E+00  3.147710E-03  0.000000E+00  0.000000E+00 -1.185081E+06
  4.593381E+02 -4.864231E+04 -1.542234E+06  1.493629E+06  0.000000E+00
 -3.040993E-02  0.000000E+00  0.000000E+00  5.568179E+03  0.000000E+00
  0.000000E+00  0.000000E+00  9.000000E+01  9.000000E+01  9.000000E+01
  0.000000E+00  4.994643E+01  0.000000E+00  6.286795E-02  7.218943E-02
  1.832971E+01  3.173020E+01  4.284489E+01 -3.882440E-01  3.096670E+00
 -3.882440E-01  5.259822E+01  5.025338E-01  3.096670E+00  5.025338E-01
  5.439618E+01
      4850  4.850000E+00        41
 -1.202050E+06  2.936971E+02 -1.203109E+06  2.914556E+05 -1.494564E+06
  0.000000E+00  3.058940E-03  0.000000E+00  0.000000E+00 -1.184987E+06
  4.724511E+02 -4.908252E+04 -1.542746E+06  1.493699E+06  0.000000E+00
 -2.960880E-02  0.000000E+00  0.000000E+00  5.568179E+03  0.000000E+00
  0.000000E+00  0.000000E+00  9.000000E+01  9.000000E+01  9.000000E+01
  0.000000E+00  5.021873E+01  0.000000E+00  6.172557E-02  7.373985E-02
  1.869508E+01  3.216876E+01  4.203992E+01 -2.253889E+00  1.216443E+00
 -2.253889E+00  5.181799E+01  4.479148E+00  1.216443E+00  4.479148E+00
  5.679827E+01
      4860  4.860000E+00        41
 -1.202050E+06  2.939218E+02 -1.203109E+06  2.912361E+05 -1.494345E+06
  0.000000E+00  2.966537E-03  0.000000E+00  0.000000E+00 -1.185256E+06
  4.533151E+02 -4.827463E+04 -1.541720E+06  1.493483E+06  0.000000E+00
 -2.869167E-02  0.000000E+00  0.000000E+00  5.568179E+03  0.000000E+00
  0.000000E+00  0.000000E+00  9.000000E+01  9.000000E+01  9.000000E+01
  0.000000E+00  4.942819E+01  0.000000E+00  6.125282E-02  7.402125E-02
  1.906803E+01  3.261292E+01  4.669609E+01 -1.277186E+00 -4.079496E+00
 -1.277186E+00  4.852525E+01 -1.189229E+00 -4.079496E+00 -1.189229E+00
  5.306322E+01
      4870  4.870000E+00        41
 -1.202051E+06  3.232415E+02 -1.203216E+06  2.908978E+05 -1.494114E+06
  0.000000E+00  2.872672E-03  0.000000E+00  0.000000E+00 -1.185539E+06
  4.177362E+02 -4.721598E+04 -1.540407E+06  1.493248E+06  0.000000E+00
 -2.778151E-02  0.000000E+00  0.000000E+00  5.568179E+03  0.000000E+00
  0.000000E+00  0.000000E+00  9.000000E+01  9.000000E+01  9.000000E+01
  0.000000E+00  4.859781E+01  0.000000E+00  6.205093E-02  7.274368E-02
  1.944659E+01  3.306135E+01  4.830906E+01  1.480910E+00 -3.741464E+00
  1.480910E+00  4.961477E+01 -1.098197E+00 -3.741464E+00 -1.098197E+00
  4.786960E+01
      4880  4.880000E+00        41
 -1.202052E+06  3.110014E+02 -1.203173E+06  2.908498E+05 -1.494022E+06
  0.000000E+00  3.113050E-03  0.000000E+00  0.000000E+00 -1.185619E+06
  3.689863E+02 -4.706447E+04 -1.540148E+06  1.493158E+06  0.000000E+00
 -3.011435E-02  0.000000E+00  0.000000E+00  5.568179E+03  0.000000E+00
  0.000000E+00  0.000000E+00  9.000000E+01  9.000000E+01  9.000000E+01
  0.000000E+00  4.836379E+01  0.000000E+00  6.263483E-02  7.149422E-02
  1.982825E+01  3.351095E+01  4.733231E+01  9.519186E-02 -3.049783E+00
  9.519186E-02  5.078860E+01  2.790137E+00 -3.049783E+00  2.790137E+00
  4.697046E+01
      4890  4.890000E+00        41
 -1.202052E+06  3.013905E+02 -1.203138E+06  2.905581E+05 -1.493696E+06
  0.000000E+00  3.008978E-03  0.000000E+00  0.000000E+00 -1.185961E+06
  3.291595E+02 -4.610820E+04 -1.538862E+06  1.492837E+06  0.000000E+00
 -2.907193E-02  0.000000E+00  0.000000E+00  5.568179E+03  0.000000E+00
  0.000000E+00  0.000000E+00  9.000000E+01  9.000000E+01  9.000000E+01
  0.000000E+00  4.735863E+01  0.000000E+00  6.165417E-02  7.129979E-02
  2.021154E+01  3.396086E+01  4.500230E+01  1.995030E+00 -2.066977E+00
  1.995030E+00  5.001093E+01 -3.402787E+00 -2.066977E+00 -3.402787E+00
  4.706265E+01
      4900  4.900000E+00        41
 -1.202051E+06  2.840004E+02 -1.203075E+06  2.905504E+05 -1.493625E+06
  0.000000E+00  2.917720E-03  0.000000E+00  0.000000E+00 -1.185952E+06
  3.009027E+02 -4.625833E+04 -1.538936E+06  1.492765E+06  0.000000E+00
 -2.825390E-02  0.000000E+00  0.000000E+00  5.568179E+03  0.000000E+00
  0.000000E+00  0.000000E+00  9.000000E+01  9.000000E+01  9.000000E+01
  0.000000E+00  4.738363E+01  0.000000E+00  5.928886E-02  7.151975E-02
  2.059615E+01  3.441020E+01  4.125385E+01  2.007344E+00  2.441170E+00
  2.007344E+00  5.000556E+01 -3.595239E+00  2.441170E+00 -3.595239E+00
  5.089148E+01
      4910  4.910000E+00        41
 -1.202050E+06  3.007610E+02 -1.203134E+06  2.916171E+05 -1.494752E+06
  0.000000E+00  3.119377E-03  0.000000E+00  0.000000E+00 -1.184763E+06
  3.050490E+02 -4.970258E+04 -1.543509E+06  1.493899E+06  0.000000E+00
 -3.017582E-02  0.000000E+00  0.000000E+00  5.568179E+03  0.000000E+00
  0.000000E+00  0.000000E+00  9.000000E+01  9.000000E+01  9.000000E+01
  0.000000E+00  5.088110E+01  0.000000E+00  5.867384E-02  6.896481E-02
  2.098098E+01  3.485911E+01  4.509810E+01 -2.796470E+00  1.598294E+00
 -2.796470E+00  5.215651E+01 -5.401602E-01  1.598294E+00 -5.401602E-01
  5.538868E+01
      4920  4.920000E+00        41
 -1.202051E+06  2.960985E+02 -1.203118E+06  2.921018E+05 -1.495220E+06
  0.000000E+00  3.143938E-03  0.000000E+00  0.000000E+00 -1.184237E+06
  3.257861E+02 -5.131562E+04 -1.545573E+06  1.494363E+06  0.000000E+00
 -3.036864E-02  0.000000E+00  0.000000E+00  5.568179E+03  0.000000E+00
  0.000000E+00  0.000000E+00  9.000000E+01  9.000000E+01  9.000000E+01
  0.000000E+00  5.243012E+01  0.000000E+00  5.829243E-02  6.643695E-02
  2.136263E+01  3.530397E+01  5.057422E+01 -1.190313E+00 -1.096666E+00
 -1.190313E+00  5.534806E+01  1.264704E+00 -1.096666E+00  1.264704E+00
  5.136808E+01
      4930  4.930000E+00        41
 -1.202051E+06  2.987116E+02 -1.203128E+06  2.918183E+05 -1.494946E+06
  0.000000E+00  3.125069E-03  0.000000E+00  0.000000E+00 -1.184515E+06
  3.483484E+02 -5.046254E+04 -1.544438E+06  1.494086E+06  0.000000E+00
 -3.020278E-02  0.000000E+00  0.000000E+00  5.568179E+03  0.000000E+00
  0.000000E+00  0.000000E+00  9.000000E+01  9.000000E+01  9.000000E+01
  0.000000E+00  5.161111E+01  0.000000E+00  5.624984E-02  6.488976E-02
  2.173734E+01  3.573878E+01  5.098266E+01  6.804481E-01  7.905178E-01
  6.804481E-01  5.202916E+01  9.458632E-01  7.905178E-01  9.458632E-01
  5.182151E+01
      4940  4.940000E+00        41
 -1.202052E+06  3.291309E+02 -1.203238E+06  2.909862E+05 -1.494225E+06
  0.000000E+00  2.963292E-03  0.000000E+00  0.000000E+00 -1.185377E+06
  3.531730E+02 -4.766182E+04 -1.540922E+06  1.493360E+06  0.000000E+00
 -2.864007E-02  0.000000E+00  0.000000E+00  5.568179E+03  0.000000E+00
  0.000000E+00  0.000000E+00  9.000000E+01  9.000000E+01  9.000000E+01
  0.000000E+00  4.907843E+01  0.000000E+00  5.392451E-02  6.335776E-02
  2.210627E+01  3.616585E+01  4.557340E+01 -7.391437E-01  1.479784E+00
 -7.391437E-01  4.769062E+01  2.510068E+00  1.479784E+00  2.510068E+00
  5.397127E+01
      4950  4.950000E+00        41
 -1.202052E+06  2.890821E+02 -1.203094E+06  2.900267E+05 -1.493120E+06
  0.000000E+00  2.796449E-03  0.000000E+00  0.000000E+00 -1.186547E+06
  3.147166E+02 -4.443942E+04 -1.536582E+06  1.492254E+06  0.000000E+00
 -2.705327E-02  0.000000E+00  0.000000E+00  5.568179E+03  0.000000E+00
  0.000000E+00  0.000000E+00  9.000000E+01  9.000000E+01  9.000000E+01
  0.000000E+00  4.563476E+01  0.000000E+00  5.135668E-02  6.249442E-02
  2.247088E+01  3.658250E+01  3.970284E+01  7.692099E-01 -2.822133E+00
  7.692099E-01  4.545744E+01  1.590883E+00 -2.822133E+00  1.590883E+00
  5.174400E+01
      4960  4.960000E+00        41
 -1.202050E+06  2.788597E+02 -1.203055E+06  2.901536E+05 -1.493209E+06
  0.000000E+00  2.884885E-03  0.000000E+00  0.000000E+00 -1.186431E+06
  2.457134E+02 -4.485357E+04 -1.537047E+06  1.492349E+06  0.000000E+00
 -2.789409E-02  0.000000E+00  0.000000E+00  5.568179E+03  0.000000E+00
  0.000000E+00  0.000000E+00  9.000000E+01  9.000000E+01  9.000000E+01
  0.000000E+00  4.597046E+01  0.000000E+00  4.967483E-02  5.962204E-02
  2.282742E+01  3.697963E+01  4.013849E+01  1.335244E+00 -3.386471E+00
  1.335244E+00  4.496898E+01 -3.520029E+00 -3.386471E+00 -3.520029E+00
  5.280390E+01
      4970  4.970000E+00        41
 -1.202051E+06  3.040234E+02 -1.203147E+06  2.910615E+05 -1.494208E+06
  0.000000E+00  3.017193E-03  0.000000E+00  0.000000E+00 -1.185311E+06
  1.509558E+02 -4.803253E+04 -1.541141E+06  1.493347E+06  0.000000E+00
 -2.917078E-02  0.000000E+00  0.000000E+00  5.568179E+03  0.000000E+00
  0.000000E+00  0.000000E+00  9.000000E+01  9.000000E+01  9.000000E+01
  0.000000E+00  4.926951E+01  0.000000E+00  4.800910E-02  5.628171E-02
  2.316565E+01  3.734371E+01  4.304583E+01  4.728127E-01 -9.996249E-02
  4.728127E-01  5.143633E+01 -6.525624E-01 -9.996249E-02 -6.525624E-01
  5.332637E+01
      4980  4.980000E+00        41
 -1.202051E+06  3.028384E+02 -1.203142E+06  2.919582E+05 -1.495100E+06
  0.000000E+00  2.997322E-03  0.000000E+00  0.000000E+00 -1.184298E+06
  6.460246E+01 -5.107675E+04 -1.545022E+06  1.494240E+06  0.000000E+00
 -2.896949E-02  0.000000E+00  0.000000E+00  5.568179E+03  0.000000E+00
  0.000000E+00  0.000000E+00  9.000000E+01  9.000000E+01  9.000000E+01
  0.000000E+00  5.224982E+01  0.000000E+00  4.598054E-02  5.360425E-02
  2.346820E+01  3.765377E+01  5.020384E+01  1.244897E+00  4.423616E-01
  1.244897E+00  5.666729E+01 -1.403527E+00  4.423616E-01 -1.403527E+00
  4.987833E+01
      4990  4.990000E+00        41
 -1.202052E+06  3.157711E+02 -1.203190E+06  2.923718E+05 -1.495562E+06
  0.000000E+00  2.940028E-03  0.000000E+00  0.000000E+00 -1.183830E+06
  4.210380E+01 -5.238949E+04 -1.546853E+06  1.494700E+06  0.000000E+00
 -2.843416E-02  0.000000E+00  0.000000E+00  5.568179E+03  0.000000E+00
  0.000000E+00  0.000000E+00  9.000000E+01  9.000000E+01  9.000000E+01
  0.000000E+00  5.362972E+01  0.000000E+00  4.371488E-02  5.206050E-02
  2.372642E+01  3.789966E+01  5.465792E+01 -1.548979E+00  3.799641E+00
 -1.548979E+00  5.336091E+01 -1.973858E-01  3.799641E+00 -1.973858E-01
  5.287033E+01
      5000  5.000000E+00        41
 -1.202052E+06  3.090099E+02 -1.203166E+06  2.922236E+05 -1.495390E+06
  0.000000E+00  3.006247E-03  0.000000E+00  0.000000E+00 -1.184042E+06
  5.034829E+01 -5.180524E+04 -1.546153E+06  1.494528E+06  0.000000E+00
 -2.907454E-02  0.000000E+00  0.000000E+00  5.568179E+03  0.000000E+00
  0.000000E+00  0.000000E+00  9.000000E+01  9.000000E+01  9.000000E+01
  0.000000E+00  5.300852E+01  0.000000E+00  4.136245E-02  5.179433E-02
  2.395275E+01  3.809913E+01  5.215510E+01 -8.906193E-01  1.003941E+00
 -8.906193E-01  4.824303E+01  9.677598E-01  1.003941E+00  9.677598E-01
  5.862742E+01
      5010  5.010000E+00        41
 -1.202052E+06  2.949485E+02 -1.203115E+06  2.917413E+05 -1.494856E+06
  0.000000E+00  3.061161E-03  0.000000E+00  0.000000E+00 -1.184579E+06
  6.163273E+01 -5.029378E+04 -1.544107E+06  1.493996E+06  0.000000E+00
 -2.958943E-02  0.000000E+00  0.000000E+00  5.568179E+03  0.000000E+00
  0.000000E+00  0.000000E+00  9.000000E+01  9.000000E+01  9.000000E+01
  0.000000E+00  5.142595E+01  0.000000E+00  4.024010E-02  5.051977E-02
  2.416059E+01  3.827248E+01  4.627361E+01  2.229726E+00  5.082972E-01
  2.229726E+00  4.937873E+01  1.479123E-01  5.082972E-01  1.479123E-01
  5.862552E+01
      5020  5.020000E+00        41
 -1.202051E+06  2.961114E+02 -1.203119E+06  2.914528E+05 -1.494571E+06
  0.000000E+00  3.076157E-03  0.000000E+00  0.000000E+00 -1.184907E+06
  7.733723E+01 -4.929937E+04 -1.542821E+06  1.493708E+06  0.000000E+00
 -2.975253E-02  0.000000E+00  0.000000E+00  5.568179E+03  0.000000E+00
  0.000000E+00  0.000000E+00  9.000000E+01  9.000000E+01  9.000000E+01
  0.000000E+00  5.045821E+01  0.000000E+00  4.030729E-02  4.806495E-02
  2.435448E+01  3.842537E+01  4.254665E+01 -7.552900E-02  1.761019E-01
 -7.552900E-02  5.119509E+01  2.604874E+00  1.761019E-01  2.604874E+00
  5.763288E+01
      5030  5.030000E+00        41
 -1.202051E+06  2.954897E+02 -1.203116E+06  2.911939E+05 -1.494310E+06
  0.000000E+00  2.973554E-03  0.000000E+00  0.000000E+00 -1.185228E+06
  8.430063E+01 -4.834270E+04 -1.541611E+06  1.493448E+06  0.000000E+00
 -2.871584E-02  0.000000E+00  0.000000E+00  5.568179E+03  0.000000E+00
  0.000000E+00  0.000000E+00  9.000000E+01  9.000000E+01  9.000000E+01
  0.000000E+00  4.951509E+01  0.000000E+00  3.954455E-02  4.666998E-02
  2.453447E+01  3.855887E+01  4.658979E+01 -1.664674E+00 -1.395874E+00
 -1.664674E+00  5.241782E+01 -8.353035E-01 -1.395874E+00 -8.353035E-01
  4.953766E+01
      5040  5.040000E+00        41
 -1.202052E+06  3.060982E+02 -1.203155E+06  2.909165E+05 -1.494072E+06
  0.000000E+00  2.848819E-03  0.000000E+00  0.000000E+00 -1.185496E+06
  7.311146E+01 -4.746284E+04 -1.540514E+06  1.493205E+06  0.000000E+00
 -2.757415E-02  0.000000E+00  0.000000E+00  5.568179E+03  0.000000E+00
  0.000000E+00  0.000000E+00  9.000000E+01  9.000000E+01  9.000000E+01
  0.000000E+00  4.872718E+01  0.000000E+00  3.739047E-02  4.649260E-02
  2.470190E+01  3.867943E+01  5.038726E+01 -4.085824E-01  3.336234E-01
 -4.085824E-01  5.171037E+01 -2.182568E+00  3.336234E-01 -2.182568E+00
  4.408391E+01
      5050  5.050000E+00        41
 -1.202052E+06  2.941615E+02 -1.203112E+06  2.910563E+05 -1.494168E+06
  0.000000E+00  2.939809E-03  0.000000E+00  0.000000E+00 -1.185410E+06
  5.373177E+01 -4.780554E+04 -1.540980E+06  1.493300E+06  0.000000E+00
 -2.840940E-02  0.000000E+00  0.000000E+00  5.568179E+03  0.000000E+00
  0.000000E+00  0.000000E+00  9.000000E+01  9.000000E+01  9.000000E+01
  0.000000E+00  4.897945E+01  0.000000E+00  3.655184E-02  4.568466E-02
  2.486215E+01  3.879659E+01  4.906143E+01  3.166866E-01  1.467665E+00
  3.166866E-01  5.038550E+01 -1.962380E+00  1.467665E+00 -1.962380E+00
  4.749143E+01
      5060  5.060000E+00        41
 -1.202051E+06  2.875222E+02 -1.203088E+06  2.911868E+05 -1.494274E+06
  0.000000E+00  2.896788E-03  0.000000E+00  0.000000E+00 -1.185250E+06
  4.004903E+01 -4.833167E+04 -1.541615E+06  1.493407E+06  0.000000E+00
 -2.798866E-02  0.000000E+00  0.000000E+00  5.568179E+03  0.000000E+00
  0.000000E+00  0.000000E+00  9.000000E+01  9.000000E+01  9.000000E+01
  0.000000E+00  4.944900E+01  0.000000E+00  3.553101E-02  4.531316E-02
  2.501735E+01  3.891393E+01  4.783596E+01 -7.531298E-01  3.244935E-01
 -7.531298E-01  5.152947E+01  7.908378E-01  3.244935E-01  7.908378E-01
  4.898158E+01
      5070  5.070000E+00        41
 -1.202052E+06  3.002435E+02 -1.203134E+06  2.917239E+05 -1.494858E+06
  0.000000E+00  2.970238E-03  0.000000E+00  0.000000E+00 -1.184607E+06
  4.087872E+01 -5.017054E+04 -1.544020E+06  1.493993E+06  0.000000E+00
 -2.874496E-02  0.000000E+00  0.000000E+00  5.568179E+03  0.000000E+00
  0.000000E+00  0.000000E+00  9.000000E+01  9.000000E+01  9.000000E+01
  0.000000E+00  5.134300E+01  0.000000E+00  3.449281E-02  4.434454E-02
  2.516638E+01  3.903239E+01  4.791541E+01 -3.836639E-01  5.546676E-01
 -3.836639E-01  4.943911E+01  4.408892E-01  5.546676E-01  4.408892E-01
  5.667449E+01
      5080  5.080000E+00        41
 -1.202052E+06  3.156748E+02 -1.203190E+06  2.924244E+05 -1.495614E+06
  0.000000E+00  3.049537E-03  0.000000E+00  0.000000E+00 -1.183774E+06
  8.255325E+01 -5.255876E+04 -1.547150E+06  1.494748E+06  0.000000E+00
 -2.946130E-02  0.000000E+00  0.000000E+00  5.568179E+03  0.000000E+00
  0.000000E+00  0.000000E+00  9.000000E+01  9.000000E+01  9.000000E+01
  0.000000E+00  5.379411E+01  0.000000E+00  3.460652E-02  4.304158E-02
  2.530918E+01  3.915566E+01  5.271035E+01  3.017875E-01  3.599527E+00
  3.017875E-01  5.158056E+01 -1.604364E+00  3.599527E+00 -1.604364E+00
  5.709142E+01
      5090  5.090000E+00        41
 -1.202051E+06  2.954238E+02 -1.203116E+06  2.927088E+05 -1.495825E+06
  0.000000E+00  2.923142E-03  0.000000E+00  0.000000E+00 -1.183512E+06
  1.892123E+02 -5.349272E+04 -1.548258E+06  1.494950E+06  0.000000E+00
 -2.826519E-02  0.000000E+00  0.000000E+00  5.568179E+03  0.000000E+00
  0.000000E+00  0.000000E+00  9.000000E+01  9.000000E+01  9.000000E+01
  0.000000E+00  5.456457E+01  0.000000E+00  3.483956E-02  4.327629E-02
  2.544223E+01  3.928043E+01  5.190174E+01  2.536053E+00  2.679749E+00
  2.536053E+00  5.917841E+01 -7.581643E-01  2.679749E+00 -7.581643E-01
  5.261355E+01
      5100  5.100000E+00        41
 -1.202052E+06  3.034906E+02 -1.203145E+06  2.923602E+05 -1.495506E+06
  0.000000E+00  3.070860E-03  0.000000E+00  0.000000E+00 -1.183878E+06
  4.055832E+02 -5.234312E+04 -1.546776E+06  1.494631E+06  0.000000E+00
 -2.967035E-02  0.000000E+00  0.000000E+00  5.568179E+03  0.000000E+00
  0.000000E+00  0.000000E+00  9.000000E+01  9.000000E+01  9.000000E+01
  0.000000E+00  5.348848E+01  0.000000E+00  3.425839E-02  4.481934E-02
  2.555860E+01  3.939881E+01  4.556977E+01 -8.530657E-02  2.525327E+00
 -8.530657E-02  6.063376E+01 -1.344863E+00  2.525327E+00 -1.344863E+00
  5.426191E+01
      5110  5.110000E+00        41
 -1.202051E+06  2.890931E+02 -1.203093E+06  2.916989E+05 -1.494792E+06
  0.000000E+00  2.908012E-03  0.000000E+00  0.000000E+00 -1.184693E+06
  6.907411E+02 -5.000673E+04 -1.543786E+06  1.493918E+06  0.000000E+00
 -2.813129E-02  0.000000E+00  0.000000E+00  5.568179E+03  0.000000E+00
  0.000000E+00  0.000000E+00  9.000000E+01  9.000000E+01  9.000000E+01
  0.000000E+00  5.108753E+01  0.000000E+00  3.577791E-02  4.522943E-02
  2.565512E+01  3.950570E+01  4.622708E+01 -3.602920E+00  3.381575E+00
 -3.602920E+00  5.389868E+01  6.419822E-01  3.381575E+00  6.419822E-01
  5.313684E+01
      5120  5.120000E+00        41
 -1.202052E+06  3.186358E+02 -1.203201E+06  2.911099E+05 -1.494311E+06
  0.000000E+00  2.657991E-03  0.000000E+00  0.000000E+00 -1.185316E+06
  8.889818E+02 -4.793604E+04 -1.541279E+06  1.493437E+06  0.000000E+00
 -2.569649E-02  0.000000E+00  0.000000E+00  5.568179E+03  0.000000E+00
  0.000000E+00  0.000000E+00  9.000000E+01  9.000000E+01  9.000000E+01
  0.000000E+00  4.926012E+01  0.000000E+00  3.681783E-02  4.623058E-02
  2.573748E+01  3.960015E+01  4.736093E+01  8.324097E-01 -2.127624E-01
  8.324097E-01  4.617345E+01  2.671272E+00 -2.127624E-01  2.671272E+00
  5.424599E+01
      5130  5.130000E+00        41
 -1.202053E+06  3.083438E+02 -1.203164E+06  2.913801E+05 -1.494544E+06
  0.000000E+00  2.847944E-03  0.000000E+00  0.000000E+00 -1.185017E+06
  9.974177E+02 -4.890844E+04 -1.542501E+06  1.493677E+06  0.000000E+00
 -2.751940E-02  0.000000E+00  0.000000E+00  5.568179E+03  0.000000E+00
  0.000000E+00  0.000000E+00  9.000000E+01  9.000000E+01  9.000000E+01
  0.000000E+00  5.013868E+01  0.000000E+00  3.822288E-02  4.809575E-02
  2.581049E+01  3.968110E+01  4.647936E+01  8.453196E-01 -1.099388E-01
  8.453196E-01  4.574461E+01  1.912779E-01 -1.099388E-01  1.912779E-01
  5.819206E+01
      5140  5.140000E+00        41
 -1.202052E+06  3.062137E+02 -1.203156E+06  2.924547E+05 -1.495611E+06
  0.000000E+00  2.982407E-03  0.000000E+00  0.000000E+00 -1.183824E+06
  1.054881E+03 -5.250351E+04 -1.547148E+06  1.494740E+06  0.000000E+00
 -2.879632E-02  0.000000E+00  0.000000E+00  5.568179E+03  0.000000E+00
  0.000000E+00  0.000000E+00  9.000000E+01  9.000000E+01  9.000000E+01
  0.000000E+00  5.364921E+01  0.000000E+00  3.949996E-02  5.079647E-02
  2.587767E+01  3.974725E+01  5.317548E+01 -1.100177E+00 -2.109980E+00
 -1.100177E+00  5.272919E+01 -7.131370E+00 -2.109980E+00 -7.131370E+00
  5.504295E+01
      5150  5.150000E+00        41
 -1.202053E+06  3.167523E+02 -1.203194E+06  2.932603E+05 -1.496454E+06
  0.000000E+00  3.073051E-03  0.000000E+00  0.000000E+00 -1.182930E+06
  1.068851E+03 -5.511161E+04 -1.550581E+06  1.495579E+06  0.000000E+00
 -2.964764E-02  0.000000E+00  0.000000E+00  5.568179E+03  0.000000E+00
  0.000000E+00  0.000000E+00  9.000000E+01  9.000000E+01  9.000000E+01
  0.000000E+00  5.628211E+01  0.000000E+00  4.049458E-02  5.423430E-02
  2.594609E+01  3.980161E+01  5.523570E+01  1.594513E+00 -4.491593E+00
  1.594513E+00  6.276791E+01 -7.955990E-01 -4.491593E+00 -7.955990E-01
  5.084272E+01
      5160  5.160000E+00        41
 -1.202053E+06  2.970627E+02 -1.203124E+06  2.929010E+05 -1.496025E+06
  0.000000E+00  2.970385E-03  0.000000E+00  0.000000E+00 -1.183367E+06
  1.027738E+03 -5.394307E+04 -1.548982E+06  1.495148E+06  0.000000E+00
 -2.870655E-02  0.000000E+00  0.000000E+00  5.568179E+03  0.000000E+00
  0.000000E+00  0.000000E+00  9.000000E+01  9.000000E+01  9.000000E+01
  0.000000E+00  5.499746E+01  0.000000E+00  4.301117E-02  5.720240E-02
  2.602230E+01  3.985083E+01  4.996607E+01  5.008017E-01  4.601171E+00
  5.008017E-01  6.326059E+01  6.520979E+00  4.601171E+00  6.520979E+00
  5.176573E+01
      5170  5.170000E+00        41
 -1.202053E+06  2.869693E+02 -1.203087E+06  2.919844E+05 -1.495072E+06
  0.000000E+00  2.830885E-03  0.000000E+00  0.000000E+00 -1.184398E+06
  9.071830E+02 -5.091827E+04 -1.545010E+06  1.494197E+06  0.000000E+00
 -2.736710E-02  0.000000E+00  0.000000E+00  5.568179E+03  0.000000E+00
  0.000000E+00  0.000000E+00  9.000000E+01  9.000000E+01  9.000000E+01
  0.000000E+00  5.196150E+01  0.000000E+00  4.605786E-02  5.926294E-02
  2.611341E+01  3.990785E+01  4.758327E+01  5.198447E-01  5.112892E+00
  5.198447E-01  5.435981E+01  1.527016E+00  5.112892E+00  1.527016E+00
  5.394142E+01
      5180  5.180000E+00        41
 -1.202053E+06  3.133062E+02 -1.203182E+06  2.916978E+05 -1.494880E+06
  0.000000E+00  2.906209E-03  0.000000E+00  0.000000E+00 -1.184616E+06
  6.994710E+02 -5.006935E+04 -1.543963E+06  1.494010E+06  0.000000E+00
 -2.808496E-02  0.000000E+00  0.000000E+00  5.568179E+03  0.000000E+00
  0.000000E+00  0.000000E+00  9.000000E+01  9.000000E+01  9.000000E+01
  0.000000E+00  5.131999E+01  0.000000E+00  4.791755E-02  6.050015E-02
  2.622971E+01  3.999251E+01  4.981047E+01  4.119594E-01 -2.719480E+00
  4.119594E-01  5.065957E+01 -5.336072E-01 -2.719480E+00 -5.336072E-01
  5.348993E+01
      5190  5.190000E+00        41
 -1.202053E+06  2.996247E+02 -1.203133E+06  2.923980E+05 -1.495531E+06
  0.000000E+00  3.069152E-03  0.000000E+00  0.000000E+00 -1.183929E+06
  4.573409E+02 -5.222318E+04 -1.546749E+06  1.494665E+06  0.000000E+00
 -2.962625E-02  0.000000E+00  0.000000E+00  5.568179E+03  0.000000E+00
  0.000000E+00  0.000000E+00  9.000000E+01  9.000000E+01  9.000000E+01
  0.000000E+00  5.334221E+01  0.000000E+00  5.099023E-02  6.036612E-02
  2.638351E+01  4.012809E+01  5.129307E+01 -3.048619E+00 -1.781483E+00
 -3.048619E+00  5.765448E+01  2.087513E-01 -1.781483E+00  2.087513E-01
  5.107907E+01
      5200  5.200000E+00        41
 -1.202053E+06  3.025738E+02 -1.203143E+06  2.926317E+05 -1.495775E+06
  0.000000E+00  3.086579E-03  0.000000E+00  0.000000E+00 -1.183643E+06
  2.728696E+02 -5.305636E+04 -1.547815E+06  1.494912E+06  0.000000E+00
 -2.979358E-02  0.000000E+00  0.000000E+00  5.568179E+03  0.000000E+00
  0.000000E+00  0.000000E+00  9.000000E+01  9.000000E+01  9.000000E+01
  0.000000E+00  5.418498E+01  0.000000E+00  5.243875E-02  6.152369E-02
  2.658577E+01  4.033492E+01  4.963012E+01  1.291192E+00  4.098933E-01
  1.291192E+00  6.069657E+01 -8.788925E-01  4.098933E-01 -8.788925E-01
  5.222826E+01
      5210  5.210000E+00        41
 -1.202053E+06  3.036913E+02 -1.203148E+06  2.925551E+05 -1.495703E+06
  0.000000E+00  3.008740E-03  0.000000E+00  0.000000E+00 -1.183663E+06
  1.861857E+02 -5.298653E+04 -1.547682E+06  1.494838E+06  0.000000E+00
 -2.904236E-02  0.000000E+00  0.000000E+00  5.568179E+03  0.000000E+00
  0.000000E+00  0.000000E+00  9.000000E+01  9.000000E+01  9.000000E+01
  0.000000E+00  5.412650E+01  0.000000E+00  5.237295E-02  6.372481E-02
  2.683913E+01  4.061463E+01  4.942773E+01  4.525686E-01 -2.593330E+00
  4.525686E-01  5.444226E+01 -3.249367E+00 -2.593330E+00 -3.249367E+00
  5.850950E+01
      5220  5.220000E+00        41
 -1.202053E+06  2.907120E+02 -1.203101E+06  2.926949E+05 -1.495796E+06
  0.000000E+00  2.959571E-03  0.000000E+00  0.000000E+00 -1.183606E+06
  1.478760E+02 -5.324988E+04 -1.548036E+06  1.494928E+06  0.000000E+00
 -2.859071E-02  0.000000E+00  0.000000E+00  5.568179E+03  0.000000E+00
  0.000000E+00  0.000000E+00  9.000000E+01  9.000000E+01  9.000000E+01
  0.000000E+00  5.429401E+01  0.000000E+00  5.440784E-02  6.392129E-02
  2.713924E+01  4.095337E+01  5.244499E+01 -1.779684E+00 -7.803637E-02
 -1.779684E+00  5.000308E+01 -1.254004E+00 -7.803637E-02 -1.254004E+00
  6.043397E+01
      5230  5.230000E+00        41
 -1.202053E+06  3.007747E+02 -1.203137E+06  2.924111E+05 -1.495548E+06
  0.000000E+00  2.861914E-03  0.000000E+00  0.000000E+00 -1.183838E+06
  1.271606E+02 -5.247888E+04 -1.546992E+06  1.494678E+06  0.000000E+00
 -2.766423E-02  0.000000E+00  0.000000E+00  5.568179E+03  0.000000E+00
  0.000000E+00  0.000000E+00  9.000000E+01  9.000000E+01  9.000000E+01
  0.000000E+00  5.360928E+01  0.000000E+00  5.372563E-02  6.540093E-02
  2.748164E+01  4.133956E+01  5.281709E+01 -5.523836E-01 -4.027631E-01
 -5.523836E-01  5.038923E+01  9.889751E-02 -4.027631E-01  9.889751E-02
  5.762151E+01
      5240  5.240000E+00        41
 -1.202053E+06  2.986560E+02 -1.203129E+06  2.925247E+05 -1.495654E+06
  0.000000E+00  2.987837E-03  0.000000E+00  0.000000E+00 -1.183724E+06
  1.255774E+02 -5.283648E+04 -1.547441E+06  1.494788E+06  0.000000E+00
 -2.886690E-02  0.000000E+00  0.000000E+00  5.568179E+03  0.000000E+00
  0.000000E+00  0.000000E+00  9.000000E+01  9.000000E+01  9.000000E+01
  0.000000E+00  5.394516E+01  0.000000E+00  5.247918E-02  6.622364E-02
  2.786778E+01  4.177335E+01  4.934299E+01 -9.658860E-01 -3.716818E+00
 -9.658860E-01  5.202287E+01 -4.126416E-01 -3.716818E+00 -4.126416E-01
  6.046964E+01
      5250  5.250000E+00        41
 -1.202053E+06  3.122172E+02 -1.203178E+06  2.924571E+05 -1.495635E+06
  0.000000E+00  3.026291E-03  0.000000E+00  0.000000E+00 -1.183770E+06
  1.323557E+02 -5.259924E+04 -1.547143E+06  1.494767E+06  0.000000E+00
 -2.923345E-02  0.000000E+00  0.000000E+00  5.568179E+03  0.000000E+00
  0.000000E+00  0.000000E+00  9.000000E+01  9.000000E+01  9.000000E+01
  0.000000E+00  5.380815E+01  0.000000E+00  5.337561E-02  6.388740E-02
  2.829515E+01  4.225008E+01  5.175527E+01 -1.239637E+00 -1.443512E+00
 -1.239637E+00  5.568455E+01  5.276255E-01 -1.443512E+00  5.276255E-01
  5.398464E+01
      5260  5.260000E+00        41
 -1.202052E+06  2.930205E+02 -1.203108E+06  2.923359E+05 -1.495444E+06
  0.000000E+00  2.970390E-03  0.000000E+00  0.000000E+00 -1.183964E+06
  1.377637E+02 -5.215444E+04 -1.546510E+06  1.494578E+06  0.000000E+00
 -2.866214E-02  0.000000E+00  0.000000E+00  5.568179E+03  0.000000E+00
  0.000000E+00  0.000000E+00  9.000000E+01  9.000000E+01  9.000000E+01
  0.000000E+00  5.323588E+01  0.000000E+00  5.294203E-02  6.276556E-02
  2.874676E+01  4.274643E+01  5.643218E+01  1.150753E+00 -2.807743E+00
  1.150753E+00  5.487197E+01 -1.914975E+00 -2.807743E+00 -1.914975E+00
  4.840350E+01
      5270  5.270000E+00        41
 -1.202053E+06  2.945638E+02 -1.203115E+06  2.923630E+05 -1.495478E+06
  0.000000E+00  3.082710E-03  0.000000E+00  0.000000E+00 -1.183972E+06
  1.434204E+02 -5.212216E+04 -1.546564E+06  1.494610E+06  0.000000E+00
 -2.978126E-02  0.000000E+00  0.000000E+00  5.568179E+03  0.000000E+00
  0.000000E+00  0.000000E+00  9.000000E+01  9.000000E+01  9.000000E+01
  0.000000E+00  5.321499E+01  0.000000E+00  5.167347E-02  6.214251E-02
  2.920906E+01  4.325191E+01  5.233651E+01  2.830341E+00 -4.171552E+00
  2.830341E+00  5.577859E+01 -1.379788E+00 -4.171552E+00 -1.379788E+00
  5.152986E+01
      5280  5.280000E+00        41
 -1.202053E+06  2.926062E+02 -1.203107E+06  2.924431E+05 -1.495550E+06
  0.000000E+00  2.980224E-03  0.000000E+00  0.000000E+00 -1.183820E+06
  1.521934E+02 -5.259319E+04 -1.547081E+06  1.494686E+06  0.000000E+00
 -2.881969E-02  0.000000E+00  0.000000E+00  5.568179E+03  0.000000E+00
  0.000000E+00  0.000000E+00  9.000000E+01  9.000000E+01  9.000000E+01
  0.000000E+00  5.366304E+01  0.000000E+00  5.167011E-02  5.970844E-02
  2.967845E+01  4.376697E+01  5.015323E+01 -2.420991E-01  2.436926E+00
 -2.420991E-01  5.297823E+01 -2.103759E+00  2.436926E+00 -2.103759E+00
  5.785766E+01
      5290  5.290000E+00        41
 -1.202053E+06  2.986922E+02 -1.203129E+06  2.934730E+05 -1.496602E+06
  0.000000E+00  3.058233E-03  0.000000E+00  0.000000E+00 -1.182637E+06
  1.530242E+02 -5.609586E+04 -1.551499E+06  1.495739E+06  0.000000E+00
 -2.952129E-02  0.000000E+00  0.000000E+00  5.568179E+03  0.000000E+00
  0.000000E+00  0.000000E+00  9.000000E+01  9.000000E+01  9.000000E+01
  0.000000E+00  5.714242E+01  0.000000E+00  5.007030E-02  5.817374E-02
  3.014417E+01  4.428600E+01  5.411193E+01  2.203139E+00  2.210074E+00
  2.203139E+00  5.410080E+01 -4.131812E+00  2.210074E+00 -4.131812E+00
  6.321453E+01
      5300  5.300000E+00        41
 -1.202053E+06  2.956344E+02 -1.203118E+06  2.938804E+05 -1.496999E+06
  0.000000E+00  3.169266E-03  0.000000E+00  0.000000E+00 -1.182168E+06
  1.769910E+02 -5.752556E+04 -1.553347E+06  1.496132E+06  0.000000E+00
 -3.058322E-02  0.000000E+00  0.000000E+00  5.568179E+03  0.000000E+00
  0.000000E+00  0.000000E+00  9.000000E+01  9.000000E+01  9.000000E+01
  0.000000E+00  5.852284E+01  0.000000E+00  4.860456E-02  5.695677E-02
  3.058843E+01  4.480144E+01  5.405599E+01 -7.978050E-01 -4.122073E+00
 -7.978050E-01  6.407577E+01 -6.186691E-01 -4.122073E+00 -6.186691E-01
  5.743675E+01
      5310  5.310000E+00        41
 -1.202053E+06  3.106686E+02 -1.203173E+06  2.934531E+05 -1.496626E+06
  0.000000E+00  2.991722E-03  0.000000E+00  0.000000E+00 -1.182657E+06
  2.102141E+02 -5.595331E+04 -1.551538E+06  1.495761E+06  0.000000E+00
 -2.892569E-02  0.000000E+00  0.000000E+00  5.568179E+03  0.000000E+00
  0.000000E+00  0.000000E+00  9.000000E+01  9.000000E+01  9.000000E+01
  0.000000E+00  5.708587E+01  0.000000E+00  4.774583E-02  5.592009E-02
  3.101383E+01  4.531364E+01  5.568826E+01 -2.250775E+00 -1.655078E+00
 -2.250775E+00  5.735276E+01 -1.767547E+00 -1.655078E+00 -1.767547E+00
  5.821659E+01
      5320  5.320000E+00        41
 -1.202052E+06  2.930339E+02 -1.203108E+06  2.926440E+05 -1.495752E+06
  0.000000E+00  3.137378E-03  0.000000E+00  0.000000E+00 -1.183657E+06
  2.153791E+02 -5.307744E+04 -1.547838E+06  1.494885E+06  0.000000E+00
 -3.026504E-02  0.000000E+00  0.000000E+00  5.568179E+03  0.000000E+00
  0.000000E+00  0.000000E+00  9.000000E+01  9.000000E+01  9.000000E+01
  0.000000E+00  5.413960E+01  0.000000E+00  4.620331E-02  5.587105E-02
  3.142806E+01  4.581988E+01  5.560256E+01  8.631684E-01  1.700022E+00
  8.631684E-01  5.236317E+01 -2.608753E+00  1.700022E+00 -2.608753E+00
  5.445308E+01
      5330  5.330000E+00        41
 -1.202053E+06  2.959141E+02 -1.203119E+06  2.916396E+05 -1.494759E+06
  0.000000E+00  2.834335E-03  0.000000E+00  0.000000E+00 -1.184783E+06
  1.909647E+02 -4.968113E+04 -1.543461E+06  1.493891E+06  0.000000E+00
 -2.737892E-02  0.000000E+00  0.000000E+00  5.568179E+03  0.000000E+00
  0.000000E+00  0.000000E+00  9.000000E+01  9.000000E+01  9.000000E+01
  0.000000E+00  5.082857E+01  0.000000E+00  4.558789E-02  5.503680E-02
  3.183150E+01  4.631201E+01  5.133902E+01 -1.667157E-01 -2.240055E+00
 -1.667157E-01  5.084286E+01  1.111905E+00 -2.240055E+00  1.111905E+00
  5.030382E+01
      5340  5.340000E+00        41
 -1.202053E+06  3.116187E+02 -1.203176E+06  2.911078E+05 -1.494284E+06
  0.000000E+00  2.657689E-03  0.000000E+00  0.000000E+00 -1.185336E+06
  1.584071E+02 -4.790775E+04 -1.541215E+06  1.493413E+06  0.000000E+00
 -2.569342E-02  0.000000E+00  0.000000E+00  5.568179E+03  0.000000E+00
  0.000000E+00  0.000000E+00  9.000000E+01  9.000000E+01  9.000000E+01
  0.000000E+00  4.920063E+01  0.000000E+00  4.533176E-02  5.435863E-02
  3.222617E+01  4.678811E+01  4.851098E+01  1.242162E-01  4.331845E-01
  1.242162E-01  4.807175E+01  2.407405E+00  4.331845E-01  2.407405E+00
  5.101915E+01
      5350  5.350000E+00        41
 -1.202053E+06  3.032786E+02 -1.203146E+06  2.916051E+05 -1.494751E+06
  0.000000E+00  2.772717E-03  0.000000E+00  0.000000E+00 -1.184806E+06
  1.177794E+02 -4.955652E+04 -1.543337E+06  1.493881E+06  0.000000E+00
 -2.678138E-02  0.000000E+00  0.000000E+00  5.568179E+03  0.000000E+00
  0.000000E+00  0.000000E+00  9.000000E+01  9.000000E+01  9.000000E+01
  0.000000E+00  5.076019E+01  0.000000E+00  4.464003E-02  5.493468E-02
  3.260846E+01  4.724237E+01  4.813376E+01  2.199594E+00  4.011817E+00
  2.199594E+00  4.738012E+01 -1.665986E+00  4.011817E+00 -1.665986E+00
  5.676667E+01
      5360  5.360000E+00        41
 -1.202054E+06  3.089960E+02 -1.203167E+06  2.925865E+05 -1.495754E+06
  0.000000E+00  2.939867E-03  0.000000E+00  0.000000E+00 -1.183706E+06
  8.415085E+01 -5.281638E+04 -1.547609E+06  1.494881E+06  0.000000E+00
 -2.841850E-02  0.000000E+00  0.000000E+00  5.568179E+03  0.000000E+00
  0.000000E+00  0.000000E+00  9.000000E+01  9.000000E+01  9.000000E+01
  0.000000E+00  5.399959E+01  0.000000E+00  4.430537E-02  5.588013E-02
  3.297300E+01  4.766703E+01  5.031106E+01 -1.418536E+00  5.099257E-01
 -1.418536E+00  5.801535E+01 -4.370009E+00  5.099257E-01 -4.370009E+00
  5.367235E+01
      5370  5.370000E+00        41
 -1.202054E+06  2.893809E+02 -1.203097E+06  2.931310E+05 -1.496228E+06
  0.000000E+00  3.090937E-03  0.000000E+00  0.000000E+00 -1.183099E+06
  7.350587E+01 -5.478022E+04 -1.550043E+06  1.495355E+06  0.000000E+00
 -2.985792E-02  0.000000E+00  0.000000E+00  5.568179E+03  0.000000E+00
  0.000000E+00  0.000000E+00  9.000000E+01  9.000000E+01  9.000000E+01
  0.000000E+00  5.578778E+01  0.000000E+00  4.523604E-02  5.616427E-02
  3.332170E+01  4.806503E+01  5.435974E+01  7.814817E-02 -3.535337E+00
  7.814817E-02  6.281275E+01 -2.826109E+00 -3.535337E+00 -2.826109E+00
  5.019085E+01
      5380  5.380000E+00        41
 -1.202054E+06  3.153831E+02 -1.203190E+06  2.932986E+05 -1.496489E+06
  0.000000E+00  3.080999E-03  0.000000E+00  0.000000E+00 -1.182881E+06
  7.922444E+01 -5.524579E+04 -1.550788E+06  1.495619E+06  0.000000E+00
 -2.974187E-02  0.000000E+00  0.000000E+00  5.568179E+03  0.000000E+00
  0.000000E+00  0.000000E+00  9.000000E+01  9.000000E+01  9.000000E+01
  0.000000E+00  5.642829E+01  0.000000E+00  4.605704E-02  5.630498E-02
  3.365688E+01  4.843996E+01  5.310267E+01  1.118725E+00  6.340166E-01
  1.118725E+00  5.399377E+01 -2.818863E+00  6.340166E-01 -2.818863E+00
  6.218842E+01
      5390  5.390000E+00        41
 -1.202054E+06  3.066811E+02 -1.203159E+06  2.926794E+05 -1.495839E+06
  0.000000E+00  2.925120E-03  0.000000E+00  0.000000E+00 -1.183643E+06
  8.175159E+01 -5.302291E+04 -1.547933E+06  1.494975E+06  0.000000E+00
 -2.826351E-02  0.000000E+00  0.000000E+00  5.568179E+03  0.000000E+00
  0.000000E+00  0.000000E+00  9.000000E+01  9.000000E+01  9.000000E+01
  0.000000E+00  5.418590E+01  0.000000E+00  4.705210E-02  5.746488E-02
  3.398886E+01  4.880332E+01  4.775292E+01  7.186811E-01  9.263631E-01
  7.186811E-01  5.347180E+01 -2.344215E+00  9.263631E-01 -2.344215E+00
  6.133297E+01
      5400  5.400000E+00        41
 -1.202055E+06  3.096684E+02 -1.203171E+06  2.912612E+05 -1.494432E+06
  0.000000E+00  2.687137E-03  0.000000E+00  0.000000E+00 -1.185147E+06
  7.310801E+01 -4.849198E+04 -1.541981E+06  1.493569E+06  0.000000E+00
 -2.599608E-02  0.000000E+00  0.000000E+00  5.568179E+03  0.000000E+00
  0.000000E+00  0.000000E+00  9.000000E+01  9.000000E+01  9.000000E+01
  0.000000E+00  4.976209E+01  0.000000E+00  4.953328E-02  5.834348E-02
  3.432884E+01  4.916630E+01  4.953033E+01  2.771419E+00 -2.798405E+00
  2.771419E+00  4.932290E+01  1.609016E+00 -2.798405E+00  1.609016E+00
  5.043303E+01
      5410  5.410000E+00        41
 -1.202055E+06  2.896516E+02 -1.203099E+06  2.909658E+05 -1.494065E+06
  0.000000E+00  2.913168E-03  0.000000E+00  0.000000E+00 -1.185522E+06
  5.251712E+01 -4.751129E+04 -1.540605E+06  1.493197E+06  0.000000E+00
 -2.813679E-02  0.000000E+00  0.000000E+00  5.568179E+03  0.000000E+00
  0.000000E+00  0.000000E+00  9.000000E+01  9.000000E+01  9.000000E+01
  0.000000E+00  4.865890E+01  0.000000E+00  5.165624E-02  6.023306E-02
  3.468217E+01  4.953352E+01  5.004433E+01 -2.253156E-01  7.099517E-01
 -2.253156E-01  4.723169E+01  3.481158E+00  7.099517E-01  3.481158E+00
  4.870069E+01
      5420  5.420000E+00        41
 -1.202054E+06  2.917318E+02 -1.203106E+06  2.914140E+05 -1.494520E+06
  0.000000E+00  2.864351E-03  0.000000E+00  0.000000E+00 -1.185006E+06
  5.270368E+01 -4.904394E+04 -1.542578E+06  1.493653E+06  0.000000E+00
 -2.768162E-02  0.000000E+00  0.000000E+00  5.568179E+03  0.000000E+00
  0.000000E+00  0.000000E+00  9.000000E+01  9.000000E+01  9.000000E+01
  0.000000E+00  5.017725E+01  0.000000E+00  5.342421E-02  6.178828E-02
  3.504899E+01  4.990371E+01  4.727857E+01 -2.125129E+00  2.822284E+00
 -2.125129E+00  5.561888E+01 -1.111660E+00  2.822284E+00 -1.111660E+00
  4.763429E+01
      5430  5.430000E+00        41
 -1.202054E+06  2.985723E+02 -1.203131E+06  2.922569E+05 -1.495387E+06
  0.000000E+00  2.944888E-03  0.000000E+00  0.000000E+00 -1.184103E+06
  9.152972E+01 -5.170541E+04 -1.546126E+06  1.494520E+06  0.000000E+00
 -2.846054E-02  0.000000E+00  0.000000E+00  5.568179E+03  0.000000E+00
  0.000000E+00  0.000000E+00  9.000000E+01  9.000000E+01  9.000000E+01
  0.000000E+00  5.283575E+01  0.000000E+00  5.522509E-02  6.339065E-02
  3.542750E+01  5.027302E+01  4.866887E+01  1.879714E-01  3.698896E+00
  1.879714E-01  5.966321E+01 -1.290322E-01  3.698896E+00 -1.290322E-01
  5.017517E+01
      5440  5.440000E+00        41
 -1.202055E+06  3.076808E+02 -1.203164E+06  2.928009E+05 -1.495965E+06
  0.000000E+00  3.122226E-03  0.000000E+00  0.000000E+00 -1.183438E+06
  1.649413E+02 -5.363585E+04 -1.548629E+06  1.495098E+06  0.000000E+00
 -3.015061E-02  0.000000E+00  0.000000E+00  5.568179E+03  0.000000E+00
  0.000000E+00  0.000000E+00  9.000000E+01  9.000000E+01  9.000000E+01
  0.000000E+00  5.479226E+01  0.000000E+00  5.570412E-02  6.635604E-02
  3.581579E+01  5.064228E+01  5.173577E+01 -1.903454E+00  3.584981E+00
 -1.903454E+00  5.908439E+01  3.610895E-01  3.584981E+00  3.610895E-01
  5.355662E+01
      5450  5.450000E+00        41
 -1.202054E+06  2.989449E+02 -1.203132E+06  2.930824E+05 -1.496214E+06
  0.000000E+00  3.017063E-03  0.000000E+00  0.000000E+00 -1.183122E+06
  3.162623E+02 -5.464977E+04 -1.549873E+06  1.495350E+06  0.000000E+00
 -2.918550E-02  0.000000E+00  0.000000E+00  5.568179E+03  0.000000E+00
  0.000000E+00  0.000000E+00  9.000000E+01  9.000000E+01  9.000000E+01
  0.000000E+00  5.572150E+01  0.000000E+00  5.814998E-02  6.740015E-02
  3.620698E+01  5.100646E+01  4.801198E+01 -1.268648E+00  1.498921E+00
 -1.268648E+00  5.706985E+01 -1.933060E+00  1.498921E+00 -1.933060E+00
  6.208266E+01
      5460  5.460000E+00        41
 -1.202054E+06  3.013271E+02 -1.203140E+06  2.930866E+05 -1.496227E+06
  0.000000E+00  3.094109E-03  0.000000E+00  0.000000E+00 -1.183196E+06
  5.614434E+02 -5.441846E+04 -1.549682E+06  1.495362E+06  0.000000E+00
 -2.986509E-02  0.000000E+00  0.000000E+00  5.568179E+03  0.000000E+00
  0.000000E+00  0.000000E+00  9.000000E+01  9.000000E+01  9.000000E+01
  0.000000E+00  5.550542E+01  0.000000E+00  5.951695E-02  6.833135E-02
  3.659370E+01  5.135568E+01  4.915480E+01  3.743578E+00 -3.668435E+00
  3.743578E+00  5.775053E+01 -2.507100E+00 -3.668435E+00 -2.507100E+00
  5.961093E+01
      5470  5.470000E+00        41
 -1.202054E+06  2.904806E+02 -1.203101E+06  2.921041E+05 -1.495206E+06
  0.000000E+00  2.825811E-03  0.000000E+00  0.000000E+00 -1.184283E+06
  7.313219E+02 -5.123696E+04 -1.545518E+06  1.494341E+06  0.000000E+00
 -2.729883E-02  0.000000E+00  0.000000E+00  5.568179E+03  0.000000E+00
  0.000000E+00  0.000000E+00  9.000000E+01  9.000000E+01  9.000000E+01
  0.000000E+00  5.230329E+01  0.000000E+00  5.793293E-02  7.132116E-02
  3.697688E+01  5.168684E+01  5.230423E+01  1.884276E+00 -2.996987E+00
  1.884276E+00  5.350976E+01 -2.762905E-01 -2.996987E+00 -2.762905E-01
  5.109588E+01
      5480  5.480000E+00        41
 -1.202055E+06  2.987670E+02 -1.203131E+06  2.915966E+05 -1.494728E+06
  0.000000E+00  2.811556E-03  0.000000E+00  0.000000E+00 -1.184841E+06
  8.161014E+02 -4.950855E+04 -1.543323E+06  1.493867E+06  0.000000E+00
 -2.718702E-02  0.000000E+00  0.000000E+00  5.568179E+03  0.000000E+00
  0.000000E+00  0.000000E+00  9.000000E+01  9.000000E+01  9.000000E+01
  0.000000E+00  5.066413E+01  0.000000E+00  5.859948E-02  7.222942E-02
  3.736439E+01  5.200691E+01  4.842507E+01 -1.406049E+00 -1.960769E+00
 -1.406049E+00  5.271110E+01  1.695059E+00 -1.960769E+00  1.695059E+00
  5.085621E+01
      5490  5.490000E+00        41
 -1.202055E+06  3.058539E+02 -1.203157E+06  2.916182E+05 -1.494775E+06
  0.000000E+00  2.936289E-03  0.000000E+00  0.000000E+00 -1.184829E+06
  8.570521E+02 -4.949244E+04 -1.543352E+06  1.493914E+06  0.000000E+00
 -2.832948E-02  0.000000E+00  0.000000E+00  5.568179E+03  0.000000E+00
  0.000000E+00  0.000000E+00  9.000000E+01  9.000000E+01  9.000000E+01
  0.000000E+00  5.069744E+01  0.000000E+00  6.008541E-02  7.231649E-02
  3.776331E+01  5.232549E+01  4.753546E+01  1.905656E+00 -2.996922E+00
  1.905656E+00  5.117796E+01 -1.911247E+00 -2.996922E+00 -1.911247E+00
  5.337890E+01
      5500  5.500000E+00        41
 -1.202054E+06  2.857271E+02 -1.203084E+06  2.917086E+05 -1.494793E+06
  0.000000E+00  2.800868E-03  0.000000E+00  0.000000E+00 -1.184759E+06
  8.680502E+02 -4.984650E+04 -1.543723E+06  1.493930E+06  0.000000E+00
 -2.707910E-02  0.000000E+00  0.000000E+00  5.568179E+03  0.000000E+00
  0.000000E+00  0.000000E+00  9.000000E+01  9.000000E+01  9.000000E+01
  0.000000E+00  5.090219E+01  0.000000E+00  6.040260E-02  7.298534E-02
  3.817161E+01  5.264193E+01  4.838581E+01  4.595185E-01  5.216007E+00
  4.595185E-01  5.125391E+01  2.535400E+00  5.216007E+00  2.535400E+00
  5.306684E+01
      5510  5.510000E+00        41
 -1.202055E+06  3.191484E+02 -1.203205E+06  2.925161E+05 -1.495721E+06
  0.000000E+00  2.970969E-03  0.000000E+00  0.000000E+00 -1.183804E+06
  8.462005E+02 -5.247312E+04 -1.547258E+06  1.494854E+06  0.000000E+00
 -2.869721E-02  0.000000E+00  0.000000E+00  5.568179E+03  0.000000E+00
  0.000000E+00  0.000000E+00  9.000000E+01  9.000000E+01  9.000000E+01
  0.000000E+00  5.371598E+01  0.000000E+00  6.053913E-02  7.200993E-02
  3.858257E+01  5.295057E+01  4.851509E+01 -2.391396E-01  4.092887E+00
 -2.391396E-01  5.524463E+01  2.956421E+00  4.092887E+00  2.956421E+00
  5.738822E+01
      5520  5.520000E+00        41
 -1.202054E+06  2.895973E+02 -1.203098E+06  2.933697E+05 -1.496467E+06
  0.000000E+00  3.004597E-03  0.000000E+00  0.000000E+00 -1.182897E+06
  8.090096E+02 -5.540201E+04 -1.550917E+06  1.495608E+06  0.000000E+00
 -2.899589E-02  0.000000E+00  0.000000E+00  5.568179E+03  0.000000E+00
  0.000000E+00  0.000000E+00  9.000000E+01  9.000000E+01  9.000000E+01
  0.000000E+00  5.638133E+01  0.000000E+00  6.098312E-02  7.085601E-02
  3.898972E+01  5.324531E+01  5.545691E+01 -1.035247E+00 -2.623775E+00
 -1.035247E+00  5.053026E+01  3.468424E+00 -2.623775E+00  3.468424E+00
  6.315683E+01
      5530  5.530000E+00        41
 -1.202055E+06  3.151809E+02 -1.203191E+06  2.938291E+05 -1.497020E+06
  0.000000E+00  2.933836E-03  0.000000E+00  0.000000E+00 -1.182330E+06
  7.780441E+02 -5.692114E+04 -1.552963E+06  1.496154E+06  0.000000E+00
 -2.833386E-02  0.000000E+00  0.000000E+00  5.568179E+03  0.000000E+00
  0.000000E+00  0.000000E+00  9.000000E+01  9.000000E+01  9.000000E+01
  0.000000E+00  5.805338E+01  0.000000E+00  6.031041E-02  7.037176E-02
  3.939089E+01  5.352440E+01  6.151073E+01 -2.824084E+00  3.576085E-01
 -2.824084E+00  5.687019E+01  3.231544E-01  3.576085E-01  3.231544E-01
  5.577924E+01
      5540  5.540000E+00        41
 -1.202055E+06  2.978204E+02 -1.203129E+06  2.934650E+05 -1.496594E+06
  0.000000E+00  3.151827E-03  0.000000E+00  0.000000E+00 -1.182750E+06
  7.605667E+02 -5.578705E+04 -1.551420E+06  1.495731E+06  0.000000E+00
 -3.040814E-02  0.000000E+00  0.000000E+00  5.568179E+03  0.000000E+00
  0.000000E+00  0.000000E+00  9.000000E+01  9.000000E+01  9.000000E+01
  0.000000E+00  5.681842E+01  0.000000E+00  6.116817E-02  6.946303E-02
  3.979052E+01  5.379532E+01  5.834934E+01  6.333163E-01  1.903568E+00
  6.333163E-01  6.015599E+01 -2.551378E+00  1.903568E+00 -2.551378E+00
  5.194992E+01
      5550  5.550000E+00        41
 -1.202055E+06  2.977745E+02 -1.203128E+06  2.926404E+05 -1.495769E+06
  0.000000E+00  3.195931E-03  0.000000E+00  0.000000E+00 -1.183659E+06
  7.471653E+02 -5.305914E+04 -1.547881E+06  1.494902E+06  0.000000E+00
 -3.087308E-02  0.000000E+00  0.000000E+00  5.568179E+03  0.000000E+00
  0.000000E+00  0.000000E+00  9.000000E+01  9.000000E+01  9.000000E+01
  0.000000E+00  5.414216E+01  0.000000E+00  6.078158E-02  6.906665E-02
  4.018955E+01  5.406097E+01  5.036246E+01 -1.370114E-01 -2.178236E+00
 -1.370114E-01  5.765313E+01 -8.543301E-01 -2.178236E+00 -8.543301E-01
  5.441091E+01
      5560  5.560000E+00        41
 -1.202055E+06  3.050870E+02 -1.203155E+06  2.920137E+05 -1.495169E+06
  0.000000E+00  3.046547E-03  0.000000E+00  0.000000E+00 -1.184372E+06
  7.074226E+02 -5.086720E+04 -1.545072E+06  1.494304E+06  0.000000E+00
 -2.941441E-02  0.000000E+00  0.000000E+00  5.568179E+03  0.000000E+00
  0.000000E+00  0.000000E+00  9.000000E+01  9.000000E+01  9.000000E+01
  0.000000E+00  5.204441E+01  0.000000E+00  5.885460E-02  6.899606E-02
  4.058412E+01  5.431834E+01  4.559382E+01 -3.535542E+00 -1.082592E-01
 -3.535542E+00  5.730716E+01 -3.243598E+00 -1.082592E-01 -3.243598E+00
  5.323226E+01
      5570  5.570000E+00        41
 -1.202054E+06  2.804649E+02 -1.203065E+06  2.920417E+05 -1.495106E+06
  0.000000E+00  2.874412E-03  0.000000E+00  0.000000E+00 -1.184396E+06
  6.451677E+02 -5.096682E+04 -1.545074E+06  1.494245E+06  0.000000E+00
 -2.776360E-02  0.000000E+00  0.000000E+00  5.568179E+03  0.000000E+00
  0.000000E+00  0.000000E+00  9.000000E+01  9.000000E+01  9.000000E+01
  0.000000E+00  5.196954E+01  0.000000E+00  5.801097E-02  6.762809E-02
  4.097037E+01  5.456464E+01  4.474571E+01 -4.169228E-01  1.997096E+00
 -4.169228E-01  5.585587E+01 -1.284023E+00  1.997096E+00 -1.284023E+00
  5.530704E+01
      5580  5.580000E+00        41
 -1.202055E+06  3.062495E+02 -1.203159E+06  2.923915E+05 -1.495550E+06
  0.000000E+00  2.846386E-03  0.000000E+00  0.000000E+00 -1.183886E+06
  5.544544E+02 -5.231163E+04 -1.546808E+06  1.494678E+06  0.000000E+00
 -2.748262E-02  0.000000E+00  0.000000E+00  5.568179E+03  0.000000E+00
  0.000000E+00  0.000000E+00  9.000000E+01  9.000000E+01  9.000000E+01
  0.000000E+00  5.347346E+01  0.000000E+00  5.581232E-02  6.695610E-02
  4.134636E+01  5.480002E+01  5.152174E+01  2.069636E+00 -2.310070E+00
  2.069636E+00  5.514605E+01  1.166173E+00 -2.310070E+00  1.166173E+00
  5.375257E+01
      5590  5.590000E+00        41
 -1.202056E+06  3.182684E+02 -1.203203E+06  2.927947E+05 -1.495997E+06
  0.000000E+00  2.711223E-03  0.000000E+00  0.000000E+00 -1.183369E+06
  4.455958E+02 -5.377501E+04 -1.548704E+06  1.495129E+06  0.000000E+00
 -2.620484E-02  0.000000E+00  0.000000E+00  5.568179E+03  0.000000E+00
  0.000000E+00  0.000000E+00  9.000000E+01  9.000000E+01  9.000000E+01
  0.000000E+00  5.499679E+01  0.000000E+00  5.465305E-02  6.536238E-02
  4.171008E+01  5.502696E+01  5.624862E+01  2.491877E-02 -3.307023E+00
  2.491877E-02  5.418598E+01  3.028736E+00 -3.307023E+00  3.028736E+00
  5.455579E+01
      5600  5.600000E+00        41
 -1.202054E+06  2.825514E+02 -1.203073E+06  2.933440E+05 -1.496417E+06
  0.000000E+00  2.837214E-03  0.000000E+00  0.000000E+00 -1.182875E+06
  3.574769E+02 -5.550950E+04 -1.550825E+06  1.495549E+06  0.000000E+00
 -2.738409E-02  0.000000E+00  0.000000E+00  5.568179E+03  0.000000E+00
  0.000000E+00  0.000000E+00  9.000000E+01  9.000000E+01  9.000000E+01
  0.000000E+00  5.644801E+01  0.000000E+00  5.482661E-02  6.287109E-02
  4.205607E+01  5.524385E+01  5.392258E+01  6.869398E-01  5.937083E-01
  6.869398E-01  5.873360E+01  3.832577E+00  5.937083E-01  3.832577E+00
  5.668785E+01
      5610  5.610000E+00        41
 -1.202056E+06  3.183061E+02 -1.203203E+06  2.931664E+05 -1.496369E+06
  0.000000E+00  2.718358E-03  0.000000E+00  0.000000E+00 -1.182934E+06
  3.232809E+02 -5.507848E+04 -1.550351E+06  1.495499E+06  0.000000E+00
 -2.627067E-02  0.000000E+00  0.000000E+00  5.568179E+03  0.000000E+00
  0.000000E+00  0.000000E+00  9.000000E+01  9.000000E+01  9.000000E+01
  0.000000E+00  5.627884E+01  0.000000E+00  5.214392E-02  6.229084E-02
  4.238391E+01  5.545308E+01  5.517433E+01 -8.622328E-01  1.469304E+00
 -8.622328E-01  5.398180E+01  2.086485E+00  1.469304E+00  2.086485E+00
  5.968040E+01
      5620  5.620000E+00        41
 -1.202055E+06  3.024489E+02 -1.203145E+06  2.930360E+05 -1.496181E+06
  0.000000E+00  2.855893E-03  0.000000E+00  0.000000E+00 -1.183117E+06
  4.127917E+02 -5.464499E+04 -1.549772E+06  1.495311E+06  0.000000E+00
 -2.759532E-02  0.000000E+00  0.000000E+00  5.568179E+03  0.000000E+00
  0.000000E+00  0.000000E+00  9.000000E+01  9.000000E+01  9.000000E+01
  0.000000E+00  5.573923E+01  0.000000E+00  5.070268E-02  6.105153E-02
  4.271317E+01  5.567935E+01  5.492478E+01 -1.191467E+00  1.115598E+00
 -1.191467E+00  5.209693E+01  1.130873E+00  1.115598E+00  1.130873E+00
  6.019598E+01
      5630  5.630000E+00        41
 -1.202055E+06  3.007511E+02 -1.203139E+06  2.932207E+05 -1.496360E+06
  0.000000E+00  3.053663E-03  0.000000E+00  0.000000E+00 -1.183002E+06
  5.670878E+02 -5.500517E+04 -1.550351E+06  1.495487E+06  0.000000E+00
 -2.947137E-02  0.000000E+00  0.000000E+00  5.568179E+03  0.000000E+00
  0.000000E+00  0.000000E+00  9.000000E+01  9.000000E+01  9.000000E+01
  0.000000E+00  5.607681E+01  0.000000E+00  4.938279E-02  5.992447E-02
  4.305666E+01  5.593525E+01  5.445868E+01 -7.473577E-01 -6.593157E-01
 -7.473577E-01  5.827742E+01 -2.184036E+00 -6.593157E-01 -2.184036E+00
  5.549432E+01
      5640  5.640000E+00        41
 -1.202055E+06  2.920686E+02 -1.203108E+06  2.931486E+05 -1.496257E+06
  0.000000E+00  2.882655E-03  0.000000E+00  0.000000E+00 -1.183127E+06
  6.435374E+02 -5.469714E+04 -1.549964E+06  1.495389E+06  0.000000E+00
 -2.782096E-02  0.000000E+00  0.000000E+00  5.568179E+03  0.000000E+00
  0.000000E+00  0.000000E+00  9.000000E+01  9.000000E+01  9.000000E+01
  0.000000E+00  5.571133E+01  0.000000E+00  4.778912E-02  5.998995E-02
  4.340933E+01  5.620947E+01  5.284777E+01 -2.348188E+00  1.346215E+00
 -2.348188E+00  6.119612E+01 -6.928958E-01  1.346215E+00 -6.928958E-01
  5.309011E+01
      5650  5.650000E+00        41
 -1.202056E+06  3.017118E+02 -1.203143E+06  2.927401E+05 -1.495884E+06
  0.000000E+00  3.025426E-03  0.000000E+00  0.000000E+00 -1.183520E+06
  6.213266E+02 -5.344706E+04 -1.548326E+06  1.495015E+06  0.000000E+00
 -2.921975E-02  0.000000E+00  0.000000E+00  5.568179E+03  0.000000E+00
  0.000000E+00  0.000000E+00  9.000000E+01  9.000000E+01  9.000000E+01
  0.000000E+00  5.455366E+01  0.000000E+00  4.787141E-02  5.834610E-02
  4.376782E+01  5.649782E+01  5.037220E+01  4.212095E-02  5.862168E+00
  4.212095E-02  5.869324E+01 -6.498503E-01  5.862168E+00 -6.498503E-01
  5.459556E+01
      5660  5.660000E+00        41
 -1.202056E+06  3.065539E+02 -1.203161E+06  2.923673E+05 -1.495528E+06
  0.000000E+00  2.826372E-03  0.000000E+00  0.000000E+00 -1.183906E+06
  5.543437E+02 -5.225221E+04 -1.546759E+06  1.494661E+06  0.000000E+00
 -2.730689E-02  0.000000E+00  0.000000E+00  5.568179E+03  0.000000E+00
  0.000000E+00  0.000000E+00  9.000000E+01  9.000000E+01  9.000000E+01
  0.000000E+00  5.341732E+01  0.000000E+00  4.859998E-02  5.580531E-02
  4.413234E+01  5.680413E+01  5.207362E+01  2.942339E+00  2.978106E+00
  2.942339E+00  5.146879E+01 -1.368612E+00  2.978106E+00 -1.368612E+00
  5.670954E+01
      5670  5.670000E+00        41
 -1.202055E+06  2.915760E+02 -1.203106E+06  2.923574E+05 -1.495464E+06
  0.000000E+00  2.822695E-03  0.000000E+00  0.000000E+00 -1.183985E+06
  4.928093E+02 -5.212222E+04 -1.546589E+06  1.494597E+06  0.000000E+00
 -2.727482E-02  0.000000E+00  0.000000E+00  5.568179E+03  0.000000E+00
  0.000000E+00  0.000000E+00  9.000000E+01  9.000000E+01  9.000000E+01
  0.000000E+00  5.318537E+01  0.000000E+00  4.739228E-02  5.566981E-02
  4.450508E+01  5.713404E+01  5.539886E+01 -1.987828E-01 -1.666285E+00
 -1.987828E-01  4.934286E+01  1.492214E+00 -1.666285E+00  1.492214E+00
  5.481440E+01
      5680  5.680000E+00        41
 -1.202055E+06  2.850777E+02 -1.203082E+06  2.926314E+05 -1.495713E+06
  0.000000E+00  3.079190E-03  0.000000E+00  0.000000E+00 -1.183705E+06
  4.607539E+02 -5.300487E+04 -1.547766E+06  1.494850E+06  0.000000E+00
 -2.975447E-02  0.000000E+00  0.000000E+00  5.568179E+03  0.000000E+00
  0.000000E+00  0.000000E+00  9.000000E+01  9.000000E+01  9.000000E+01
  0.000000E+00  5.400614E+01  0.000000E+00  4.508371E-02  5.598684E-02
  4.488701E+01  5.748304E+01  5.474562E+01 -4.761713E-01  2.404825E+00
 -4.761713E-01  5.179679E+01  1.943785E+00  2.404825E+00  1.943785E+00
  5.547601E+01
      5690  5.690000E+00        41
 -1.202055E+06  3.055895E+02 -1.203156E+06  2.931997E+05 -1.496356E+06
  0.000000E+00  2.973046E-03  0.000000E+00  0.000000E+00 -1.183042E+06
  4.407875E+02 -5.484609E+04 -1.550251E+06  1.495491E+06  0.000000E+00
 -2.869008E-02  0.000000E+00  0.000000E+00  5.568179E+03  0.000000E+00
  0.000000E+00  0.000000E+00  9.000000E+01  9.000000E+01  9.000000E+01
  0.000000E+00  5.595805E+01  0.000000E+00  4.346040E-02  5.475669E-02
  4.527840E+01  5.784440E+01  5.838868E+01  9.304347E-01  3.732470E+00
  9.304347E-01  5.749803E+01  8.681449E-01  3.732470E+00  8.681449E-01
  5.198743E+01
      5700  5.700000E+00        41
 -1.202055E+06  2.960551E+02 -1.203122E+06  2.934560E+05 -1.496578E+06
  0.000000E+00  3.100716E-03  0.000000E+00  0.000000E+00 -1.182757E+06
  4.125980E+02 -5.576859E+04 -1.551367E+06  1.495713E+06  0.000000E+00
 -2.992108E-02  0.000000E+00  0.000000E+00  5.568179E+03  0.000000E+00
  0.000000E+00  0.000000E+00  9.000000E+01  9.000000E+01  9.000000E+01
  0.000000E+00  5.679634E+01  0.000000E+00  4.219785E-02  5.350861E-02
  4.567551E+01  5.821283E+01  5.820286E+01 -1.684327E+00 -3.051632E+00
 -1.684327E+00  5.927088E+01 -2.470527E+00 -3.051632E+00 -2.470527E+00
  5.291527E+01
      5710  5.710000E+00        41
 -1.202055E+06  3.084104E+02 -1.203167E+06  2.933683E+05 -1.496535E+06
  0.000000E+00  2.863770E-03  0.000000E+00  0.000000E+00 -1.182849E+06
  3.683631E+02 -5.540473E+04 -1.550970E+06  1.495669E+06  0.000000E+00
 -2.765090E-02  0.000000E+00  0.000000E+00  5.568179E+03  0.000000E+00
  0.000000E+00  0.000000E+00  9.000000E+01  9.000000E+01  9.000000E+01
  0.000000E+00  5.652783E+01  0.000000E+00  4.213457E-02  5.117310E-02
  4.607976E+01  5.859057E+01  5.150997E+01  1.045377E+00 -2.052856E+00
  1.045377E+00  5.935292E+01 -1.829799E+00 -2.052856E+00 -1.829799E+00
  5.872061E+01
      5720  5.720000E+00        41
 -1.202057E+06  3.353958E+02 -1.203266E+06  2.930439E+05 -1.496309E+06
  0.000000E+00  2.623069E-03  0.000000E+00  0.000000E+00 -1.183120E+06
  3.211834E+02 -5.440100E+04 -1.549743E+06  1.495440E+06  0.000000E+00
 -2.533990E-02  0.000000E+00  0.000000E+00  5.568179E+03  0.000000E+00
  0.000000E+00  0.000000E+00  9.000000E+01  9.000000E+01  9.000000E+01
  0.000000E+00  5.573511E+01  0.000000E+00  4.037101E-02  5.105616E-02
  4.649842E+01  5.898378E+01  4.974475E+01  3.554910E-01 -3.020234E-01
  3.554910E-01  5.844911E+01 -1.297744E+00 -3.020234E-01 -1.297744E+00
  5.901147E+01
      5730  5.730000E+00        41
 -1.202056E+06  2.965756E+02 -1.203125E+06  2.933699E+05 -1.496495E+06
  0.000000E+00  2.730538E-03  0.000000E+00  0.000000E+00 -1.182875E+06
  2.594907E+02 -5.541038E+04 -1.550910E+06  1.495629E+06  0.000000E+00
 -2.638594E-02  0.000000E+00  0.000000E+00  5.568179E+03  0.000000E+00
  0.000000E+00  0.000000E+00  9.000000E+01  9.000000E+01  9.000000E+01
  0.000000E+00  5.645235E+01  0.000000E+00  3.930332E-02  5.213862E-02
  4.692797E+01  5.938614E+01  4.940021E+01 -1.760813E+00 -1.570540E-01
 -1.760813E+00  5.720455E+01 -2.476454E+00 -1.570540E-01 -2.476454E+00
  6.275228E+01
      5740  5.740000E+00        41
 -1.202056E+06  2.893062E+02 -1.203098E+06  2.935360E+05 -1.496634E+06
  0.000000E+00  2.953857E-03  0.000000E+00  0.000000E+00 -1.182657E+06
  2.014257E+02 -5.611547E+04 -1.551738E+06  1.495768E+06  0.000000E+00
 -2.854986E-02  0.000000E+00  0.000000E+00  5.568179E+03  0.000000E+00
  0.000000E+00  0.000000E+00  9.000000E+01  9.000000E+01  9.000000E+01
  0.000000E+00  5.709409E+01  0.000000E+00  3.963290E-02  5.238885E-02
  4.736010E+01  5.978511E+01  5.203038E+01  2.028224E+00 -1.169230E+00
  2.028224E+00  6.169933E+01 -1.307920E+00 -1.169230E+00 -1.307920E+00
  5.755257E+01
      5750  5.750000E+00        41
 -1.202056E+06  3.014159E+02 -1.203143E+06  2.933982E+05 -1.496541E+06
  0.000000E+00  3.102910E-03  0.000000E+00  0.000000E+00 -1.182749E+06
  2.071899E+02 -5.575458E+04 -1.551274E+06  1.495672E+06  0.000000E+00
 -2.994162E-02  0.000000E+00  0.000000E+00  5.568179E+03  0.000000E+00
  0.000000E+00  0.000000E+00  9.000000E+01  9.000000E+01  9.000000E+01
  0.000000E+00  5.682554E+01  0.000000E+00  4.149746E-02  5.118694E-02
  4.778785E+01  6.016742E+01  5.805332E+01  1.855720E+00  6.082313E-01
  1.855720E+00  5.770097E+01 -2.962016E-01  6.082313E-01 -2.962016E-01
  5.472233E+01
      5760  5.760000E+00        41
 -1.202056E+06  2.884526E+02 -1.203096E+06  2.930309E+05 -1.496126E+06
  0.000000E+00  2.993953E-03  0.000000E+00  0.000000E+00 -1.183184E+06
  2.977518E+02 -5.454477E+04 -1.549663E+06  1.495261E+06  0.000000E+00
 -2.890567E-02  0.000000E+00  0.000000E+00  5.568179E+03  0.000000E+00
  0.000000E+00  0.000000E+00  9.000000E+01  9.000000E+01  9.000000E+01
  0.000000E+00  5.554473E+01  0.000000E+00  4.252211E-02  5.091472E-02
  4.820425E+01  6.052257E+01  5.359729E+01 -5.564505E-01  2.864186E+00
 -5.564505E-01  5.452886E+01  1.266198E+00  2.864186E+00  1.266198E+00
  5.850805E+01
      5770  5.770000E+00        41
 -1.202057E+06  3.206284E+02 -1.203212E+06  2.927080E+05 -1.495920E+06
  0.000000E+00  2.895943E-03  0.000000E+00  0.000000E+00 -1.183563E+06
  4.197709E+02 -5.318067E+04 -1.548129E+06  1.495057E+06  0.000000E+00
 -2.796605E-02  0.000000E+00  0.000000E+00  5.568179E+03  0.000000E+00
  0.000000E+00  0.000000E+00  9.000000E+01  9.000000E+01  9.000000E+01
  0.000000E+00  5.443104E+01  0.000000E+00  4.218871E-02  5.161845E-02
  4.860464E+01  6.084872E+01  5.010000E+01  9.875158E-01 -1.295157E+00
  9.875158E-01  5.465711E+01  2.073954E-01 -1.295157E+00  2.073954E-01
  5.853599E+01
      5780  5.780000E+00        41
 -1.202057E+06  2.943376E+02 -1.203118E+06  2.923345E+05 -1.495452E+06
  0.000000E+00  2.863221E-03  0.000000E+00  0.000000E+00 -1.184018E+06
  4.718255E+02 -5.200771E+04 -1.546487E+06  1.494590E+06  0.000000E+00
 -2.766533E-02  0.000000E+00  0.000000E+00  5.568179E+03  0.000000E+00
  0.000000E+00  0.000000E+00  9.000000E+01  9.000000E+01  9.000000E+01
  0.000000E+00  5.309307E+01  0.000000E+00  4.268802E-02  5.272977E-02
  4.898973E+01  6.115447E+01  4.999485E+01  1.044638E-01 -9.732478E-01
  1.044638E-01  5.349759E+01  6.772126E-01 -9.732478E-01  6.772126E-01
  5.578678E+01
      5790  5.790000E+00        41
 -1.202056E+06  2.956373E+02 -1.203122E+06  2.924372E+05 -1.495559E+06
  0.000000E+00  2.982640E-03  0.000000E+00  0.000000E+00 -1.183838E+06
  4.225038E+02 -5.253507E+04 -1.547084E+06  1.494697E+06  0.000000E+00
 -2.881744E-02  0.000000E+00  0.000000E+00  5.568179E+03  0.000000E+00
  0.000000E+00  0.000000E+00  9.000000E+01  9.000000E+01  9.000000E+01
  0.000000E+00  5.362085E+01  0.000000E+00  4.218800E-02  5.388257E-02
  4.935634E+01  6.144639E+01  4.941320E+01  3.361189E-01 -8.932576E-01
  3.361189E-01  5.707910E+01 -9.538386E-01 -8.932576E-01 -9.538386E-01
  5.437024E+01
      5800  5.800000E+00        41
 -1.202056E+06  2.991805E+02 -1.203134E+06  2.929404E+05 -1.496075E+06
  0.000000E+00  2.961815E-03  0.000000E+00  0.000000E+00 -1.183244E+06
  2.733076E+02 -5.428658E+04 -1.549307E+06  1.495210E+06  0.000000E+00
 -2.857553E-02  0.000000E+00  0.000000E+00  5.568179E+03  0.000000E+00
  0.000000E+00  0.000000E+00  9.000000E+01  9.000000E+01  9.000000E+01
  0.000000E+00  5.536790E+01  0.000000E+00  4.140855E-02  5.413523E-02
  4.968769E+01  6.171448E+01  5.522148E+01 -2.988787E-01 -3.257386E+00
 -2.988787E-01  5.775854E+01 -2.615000E+00 -3.257386E+00 -2.615000E+00
  5.312369E+01
      5810  5.810000E+00        41
 -1.202055E+06  2.747987E+02 -1.203046E+06  2.933574E+05 -1.496403E+06
  0.000000E+00  2.984406E-03  0.000000E+00  0.000000E+00 -1.182810E+06
  1.151113E+02 -5.575756E+04 -1.551094E+06  1.495538E+06  0.000000E+00
 -2.883810E-02  0.000000E+00  0.000000E+00  5.568179E+03  0.000000E+00
  0.000000E+00  0.000000E+00  9.000000E+01  9.000000E+01  9.000000E+01
  0.000000E+00  5.664247E+01  0.000000E+00  4.198304E-02  5.255818E-02
  4.996103E+01  6.194008E+01  6.173559E+01 -6.681887E-01 -1.555755E+00
 -6.681887E-01  5.411204E+01 -4.858110E+00 -1.555755E+00 -4.858110E+00
  5.407977E+01
      5820  5.820000E+00        41
 -1.202056E+06  3.077341E+02 -1.203165E+06  2.938453E+05 -1.497010E+06
  0.000000E+00  3.208290E-03  0.000000E+00  0.000000E+00 -1.182243E+06
  5.740504E+01 -5.722196E+04 -1.553166E+06  1.496151E+06  0.000000E+00
 -3.098271E-02  0.000000E+00  0.000000E+00  5.568179E+03  0.000000E+00
  0.000000E+00  0.000000E+00  9.000000E+01  9.000000E+01  9.000000E+01
  0.000000E+00  5.831348E+01  0.000000E+00  4.124380E-02  5.095560E-02
  5.015885E+01  6.210694E+01  5.661911E+01 -1.027648E-01  9.025779E-01
 -1.027648E-01  5.752019E+01 -2.053890E+00  9.025779E-01 -2.053890E+00
  6.080114E+01
      5830  5.830000E+00        41
 -1.202056E+06  2.984338E+02 -1.203131E+06  2.937697E+05 -1.496901E+06
  0.000000E+00  3.020222E-03  0.000000E+00  0.000000E+00 -1.182360E+06
  9.584250E+01 -5.693686E+04 -1.552766E+06  1.496042E+06  0.000000E+00
 -2.912749E-02  0.000000E+00  0.000000E+00  5.568179E+03  0.000000E+00
  0.000000E+00  0.000000E+00  9.000000E+01  9.000000E+01  9.000000E+01
  0.000000E+00  5.796706E+01  0.000000E+00  3.961258E-02  5.070102E-02
  5.029416E+01  6.222355E+01  4.861116E+01  1.465579E+00 -4.480537E+00
  1.465579E+00  6.297200E+01  4.226008E-01 -4.480537E+00  4.226008E-01
  6.231803E+01
      5840  5.840000E+00        41
 -1.202056E+06  3.033340E+02 -1.203149E+06  2.930924E+05 -1.496242E+06
  0.000000E+00  2.977214E-03  0.000000E+00  0.000000E+00 -1.183097E+06
  1.859370E+02 -5.469354E+04 -1.549888E+06  1.495379E+06  0.000000E+00
 -2.878301E-02  0.000000E+00  0.000000E+00  5.568179E+03  0.000000E+00
  0.000000E+00  0.000000E+00  9.000000E+01  9.000000E+01  9.000000E+01
  0.000000E+00  5.579867E+01  0.000000E+00  3.980927E-02  4.934909E-02
  5.040101E+01  6.231952E+01  5.102147E+01 -4.057174E-01 -2.870491E+00
 -4.057174E-01  5.707719E+01 -3.469998E+00 -2.870491E+00 -3.469998E+00
  5.929737E+01
      5850  5.850000E+00        41
 -1.202057E+06  3.257021E+02 -1.203231E+06  2.926535E+05 -1.495884E+06
  0.000000E+00  2.876087E-03  0.000000E+00  0.000000E+00 -1.183540E+06
  3.076734E+02 -5.321158E+04 -1.548066E+06  1.495019E+06  0.000000E+00
 -2.775312E-02  0.000000E+00  0.000000E+00  5.568179E+03  0.000000E+00
  0.000000E+00  0.000000E+00  9.000000E+01  9.000000E+01  9.000000E+01
  0.000000E+00  5.449998E+01  0.000000E+00  3.938052E-02  4.819138E-02
  5.050189E+01  6.241711E+01  5.268639E+01  9.018147E-02  2.403056E+00
  9.018147E-02  5.536975E+01  7.903072E-01  2.403056E+00  7.903072E-01
  5.544379E+01
      5860  5.860000E+00        41
 -1.202056E+06  2.901130E+02 -1.203102E+06  2.921356E+05 -1.495237E+06
  0.000000E+00  2.772653E-03  0.000000E+00  0.000000E+00 -1.184199E+06
  4.349208E+02 -5.149090E+04 -1.545720E+06  1.494370E+06  0.000000E+00
 -2.678078E-02  0.000000E+00  0.000000E+00  5.568179E+03  0.000000E+00
  0.000000E+00  0.000000E+00  9.000000E+01  9.000000E+01  9.000000E+01
  0.000000E+00  5.255708E+01  0.000000E+00  3.815880E-02  4.840561E-02
  5.060726E+01  6.252597E+01  5.144775E+01  2.876716E+00 -1.719806E+00
  2.876716E+00  5.773611E+01  2.001386E+00 -1.719806E+00  2.001386E+00
  4.848736E+01
      5870  5.870000E+00        41
 -1.202055E+06  2.881394E+02 -1.203094E+06  2.918399E+05 -1.494934E+06
  0.000000E+00  2.887679E-03  0.000000E+00  0.000000E+00 -1.184580E+06
  5.364008E+02 -5.036150E+04 -1.544320E+06  1.494062E+06  0.000000E+00
 -2.789747E-02  0.000000E+00  0.000000E+00  5.568179E+03  0.000000E+00
  0.000000E+00  0.000000E+00  9.000000E+01  9.000000E+01  9.000000E+01
  0.000000E+00  5.143262E+01  0.000000E+00  3.825484E-02  4.766810E-02
  5.071968E+01  6.264795E+01  5.216666E+01 -3.624748E-01 -3.859182E-01
 -3.624748E-01  5.177555E+01 -8.549390E-01 -3.859182E-01 -8.549390E-01
  5.035564E+01
      5880  5.880000E+00        41
 -1.202056E+06  3.111164E+02 -1.203177E+06  2.920998E+05 -1.495277E+06
  0.000000E+00  2.778485E-03  0.000000E+00  0.000000E+00 -1.184284E+06
  6.025917E+02 -5.108826E+04 -1.545436E+06  1.494413E+06  0.000000E+00
 -2.682272E-02  0.000000E+00  0.000000E+00  5.568179E+03  0.000000E+00
  0.000000E+00  0.000000E+00  9.000000E+01  9.000000E+01  9.000000E+01
  0.000000E+00  5.230650E+01  0.000000E+00  3.755786E-02  4.715318E-02
  5.083755E+01  6.277983E+01  5.320170E+01 -6.118374E-01  4.786108E-01
 -6.118374E-01  4.951144E+01 -4.250398E+00  4.786108E-01 -4.250398E+00
  5.420634E+01
      5890  5.890000E+00        41
 -1.202056E+06  2.901392E+02 -1.203102E+06  2.926289E+05 -1.495731E+06
  0.000000E+00  3.042810E-03  0.000000E+00  0.000000E+00 -1.183728E+06
  6.204502E+02 -5.290702E+04 -1.547720E+06  1.494871E+06  0.000000E+00
 -2.939909E-02  0.000000E+00  0.000000E+00  5.568179E+03  0.000000E+00
  0.000000E+00  0.000000E+00  9.000000E+01  9.000000E+01  9.000000E+01
  0.000000E+00  5.394202E+01  0.000000E+00  3.578326E-02  4.818613E-02
  5.095822E+01  6.291690E+01  5.458006E+01 -1.248011E+00 -1.018494E+00
 -1.248011E+00  5.037290E+01 -3.243224E+00 -1.018494E+00 -3.243224E+00
  5.687310E+01
      5900  5.900000E+00        41
 -1.202056E+06  2.909737E+02 -1.203105E+06  2.929907E+05 -1.496095E+06
  0.000000E+00  3.149649E-03  0.000000E+00  0.000000E+00 -1.183294E+06
  5.852327E+02 -5.420366E+04 -1.549359E+06  1.495235E+06  0.000000E+00
 -3.041699E-02  0.000000E+00  0.000000E+00  5.568179E+03  0.000000E+00
  0.000000E+00  0.000000E+00  9.000000E+01  9.000000E+01  9.000000E+01
  0.000000E+00  5.522088E+01  0.000000E+00  3.661964E-02  4.646630E-02
  5.108437E+01  6.306917E+01  4.985612E+01 -6.622841E-01  5.246819E-01
 -6.622841E-01  5.806020E+01  1.113220E+00  5.246819E-01  1.113220E+00
  5.774632E+01
      5910  5.910000E+00        41
 -1.202056E+06  3.243613E+02 -1.203225E+06  2.930399E+05 -1.496265E+06
  0.000000E+00  2.870576E-03  0.000000E+00  0.000000E+00 -1.183131E+06
  5.333992E+02 -5.445135E+04 -1.549734E+06  1.495401E+06  0.000000E+00
 -2.773939E-02  0.000000E+00  0.000000E+00  5.568179E+03  0.000000E+00
  0.000000E+00  0.000000E+00  9.000000E+01  9.000000E+01  9.000000E+01
  0.000000E+00  5.570127E+01  0.000000E+00  3.651029E-02  4.478584E-02
  5.122496E+01  6.325800E+01  4.787754E+01 -1.052581E-01  5.575986E+00
 -1.052581E-01  6.634984E+01 -1.522747E+00  5.575986E+00 -1.522747E+00
  5.287642E+01
      5920  5.920000E+00        41
 -1.202056E+06  2.959748E+02 -1.203123E+06  2.926995E+05 -1.495822E+06
  0.000000E+00  2.893616E-03  0.000000E+00  0.000000E+00 -1.183572E+06
  5.511728E+02 -5.333204E+04 -1.548160E+06  1.494961E+06  0.000000E+00
 -2.794647E-02  0.000000E+00  0.000000E+00  5.568179E+03  0.000000E+00
  0.000000E+00  0.000000E+00  9.000000E+01  9.000000E+01  9.000000E+01
  0.000000E+00  5.440197E+01  0.000000E+00  3.623425E-02  4.503032E-02
  5.138936E+01  6.350537E+01  5.031729E+01 -2.550502E+00  3.339394E+00
 -2.550502E+00  5.821849E+01 -2.386590E+00  3.339394E+00 -2.386590E+00
  5.467013E+01
      5930  5.930000E+00        41
 -1.202056E+06  2.997484E+02 -1.203136E+06  2.921568E+05 -1.495293E+06
  0.000000E+00  2.846553E-03  0.000000E+00  0.000000E+00 -1.184180E+06
  5.908243E+02 -5.148331E+04 -1.545828E+06  1.494432E+06  0.000000E+00
 -2.751989E-02  0.000000E+00  0.000000E+00  5.568179E+03  0.000000E+00
  0.000000E+00  0.000000E+00  9.000000E+01  9.000000E+01  9.000000E+01
  0.000000E+00  5.261396E+01  0.000000E+00  3.652871E-02  4.544869E-02
  5.157456E+01  6.380455E+01  5.206264E+01  1.243748E+00 -1.482032E+00
  1.243748E+00  5.237976E+01  2.825277E-01 -1.482032E+00  2.825277E-01
  5.339947E+01
      5940  5.940000E+00        41
 -1.202056E+06  2.876846E+02 -1.203093E+06  2.918713E+05 -1.494964E+06
  0.000000E+00  2.911650E-03  0.000000E+00  0.000000E+00 -1.184579E+06
  5.833234E+02 -5.037035E+04 -1.544397E+06  1.494102E+06  0.000000E+00
 -2.813368E-02  0.000000E+00  0.000000E+00  5.568179E+03  0.000000E+00
  0.000000E+00  0.000000E+00  9.000000E+01  9.000000E+01  9.000000E+01
  0.000000E+00  5.143693E+01  0.000000E+00  3.654200E-02  4.615849E-02
  5.177200E+01  6.412332E+01  5.550266E+01  2.587351E+00 -4.749868E-01
  2.587351E+00  4.877352E+01  2.360441E+00 -4.749868E-01  2.360441E+00
  5.003461E+01
      5950  5.950000E+00        41
 -1.202057E+06  3.123787E+02 -1.203183E+06  2.917962E+05 -1.494979E+06
  0.000000E+00  2.944697E-03  0.000000E+00  0.000000E+00 -1.184585E+06
  5.436743E+02 -5.017773E+04 -1.544201E+06  1.494122E+06  0.000000E+00
 -2.842102E-02  0.000000E+00  0.000000E+00  5.568179E+03  0.000000E+00
  0.000000E+00  0.000000E+00  9.000000E+01  9.000000E+01  9.000000E+01
  0.000000E+00  5.142357E+01  0.000000E+00  3.669140E-02  4.596385E-02
  5.198416E+01  6.445081E+01  5.173735E+01 -3.465816E+00 -8.480041E-01
 -3.465816E+00  4.863960E+01 -1.687242E-01 -8.480041E-01 -1.687242E-01
  5.389377E+01
      5960  5.960000E+00        41
 -1.202056E+06  2.977324E+02 -1.203129E+06  2.922728E+05 -1.495402E+06
  0.000000E+00  3.060219E-03  0.000000E+00  0.000000E+00 -1.184109E+06
  4.930107E+02 -5.170721E+04 -1.546173E+06  1.494543E+06  0.000000E+00
 -2.956624E-02  0.000000E+00  0.000000E+00  5.568179E+03  0.000000E+00
  0.000000E+00  0.000000E+00  9.000000E+01  9.000000E+01  9.000000E+01
  0.000000E+00  5.282175E+01  0.000000E+00  3.753556E-02  4.534253E-02
  5.221170E+01  6.477865E+01  5.026320E+01 -2.542056E+00  4.127008E+00
 -2.542056E+00  5.286053E+01 -1.649218E+00  4.127008E+00 -1.649218E+00
  5.534153E+01
      5970  5.970000E+00        41
 -1.202056E+06  3.147079E+02 -1.203191E+06  2.926366E+05 -1.495827E+06
  0.000000E+00  2.865325E-03  0.000000E+00  0.000000E+00 -1.183699E+06
  4.913647E+02 -5.281606E+04 -1.547729E+06  1.494961E+06  0.000000E+00
 -2.769087E-02  0.000000E+00  0.000000E+00  5.568179E+03  0.000000E+00
  0.000000E+00  0.000000E+00  9.000000E+01  9.000000E+01  9.000000E+01
  0.000000E+00  5.402970E+01  0.000000E+00  3.669602E-02  4.594436E-02
  5.245138E+01  6.510526E+01  5.424125E+01  6.916393E-01  1.341480E+00
  6.916393E-01  5.554528E+01  1.255842E+00  1.341480E+00  1.255842E+00
  5.230257E+01
      5980  5.980000E+00        41
 -1.202056E+06  3.017485E+02 -1.203144E+06  2.927326E+05 -1.495877E+06
  0.000000E+00  2.750727E-03  0.000000E+00  0.000000E+00 -1.183593E+06
  4.954560E+02 -5.322865E+04 -1.548203E+06  1.495012E+06  0.000000E+00
 -2.656724E-02  0.000000E+00  0.000000E+00  5.568179E+03  0.000000E+00
  0.000000E+00  0.000000E+00  9.000000E+01  9.000000E+01  9.000000E+01
  0.000000E+00  5.434273E+01  0.000000E+00  3.610257E-02  4.739683E-02
  5.269943E+01  6.543138E+01  5.385816E+01 -2.136212E+00 -2.920777E+00
 -2.136212E+00  5.545435E+01 -2.680919E-01 -2.920777E+00 -2.680919E-01
  5.371568E+01
      5990  5.990000E+00        41
 -1.202056E+06  2.895876E+02 -1.203100E+06  2.928861E+05 -1.495986E+06
  0.000000E+00  2.835939E-03  0.000000E+00  0.000000E+00 -1.183478E+06
  5.037135E+02 -5.366048E+04 -1.548759E+06  1.495128E+06  0.000000E+00
 -2.741130E-02  0.000000E+00  0.000000E+00  5.568179E+03  0.000000E+00
  0.000000E+00  0.000000E+00  9.000000E+01  9.000000E+01  9.000000E+01
  0.000000E+00  5.468018E+01  0.000000E+00  3.734481E-02  4.770258E-02
  5.295267E+01  6.575453E+01  5.037464E+01 -3.809656E+00  3.261469E+00
 -3.809656E+00  5.341677E+01  6.667177E-02  3.261469E+00  6.667177E-02
  6.024912E+01
      6000  6.000000E+00        41
 -1.202057E+06  3.052079E+02 -1.203157E+06  2.926746E+05 -1.495832E+06
  0.000000E+00  2.861593E-03  0.000000E+00  0.000000E+00 -1.183606E+06
  5.203911E+02 -5.316582E+04 -1.548094E+06  1.494969E+06  0.000000E+00
 -2.766753E-02  0.000000E+00  0.000000E+00  5.568179E+03  0.000000E+00
  0.000000E+00  0.000000E+00  9.000000E+01  9.000000E+01  9.000000E+01
  0.000000E+00  5.430494E+01  0.000000E+00  3.799754E-02  4.704430E-02
  5.321041E+01  6.607605E+01  5.107914E+01  1.199774E+00  1.886134E+00
  1.199774E+00  5.622204E+01  1.924763E-01  1.886134E+00  1.924763E-01
  5.561365E+01
      6010  6.010000E+00        41
 -1.202057E+06  3.111257E+02 -1.203178E+06  2.932526E+05 -1.496431E+06
  0.000000E+00  2.986597E-03  0.000000E+00  0.000000E+00 -1.182999E+06
  5.479960E+02 -5.494561E+04 -1.550465E+06  1.495568E+06  0.000000E+00
 -2.885586E-02  0.000000E+00  0.000000E+00  5.568179E+03  0.000000E+00
  0.000000E+00  0.000000E+00  9.000000E+01  9.000000E+01  9.000000E+01
  0.000000E+00  5.609221E+01  0.000000E+00  3.911306E-02  4.586671E-02
  5.347438E+01  6.639619E+01  5.472241E+01 -4.072787E-01 -1.518657E+00
 -4.072787E-01  5.758618E+01  2.480950E-01 -1.518657E+00  2.480950E-01
  5.596804E+01
      6020  6.020000E+00        41
 -1.202058E+06  3.223059E+02 -1.203219E+06  2.932417E+05 -1.496461E+06
  0.000000E+00  2.914124E-03  0.000000E+00  0.000000E+00 -1.182987E+06
  5.815118E+02 -5.490299E+04 -1.550464E+06  1.495603E+06  0.000000E+00
 -2.816532E-02  0.000000E+00  0.000000E+00  5.568179E+03  0.000000E+00
  0.000000E+00  0.000000E+00  9.000000E+01  9.000000E+01  9.000000E+01
  0.000000E+00  5.612865E+01  0.000000E+00  3.989357E-02  4.639348E-02
  5.374753E+01  6.671858E+01  5.382553E+01 -1.237160E+00  4.625884E+00
 -1.237160E+00  5.557203E+01  3.379454E+00  4.625884E+00  3.379454E+00
  5.898837E+01
      6030  6.030000E+00        41
 -1.202057E+06  2.755347E+02 -1.203050E+06  2.925151E+05 -1.495565E+06
  0.000000E+00  2.945895E-03  0.000000E+00  0.000000E+00 -1.183875E+06
  5.731501E+02 -5.257286E+04 -1.547233E+06  1.494705E+06  0.000000E+00
 -2.848446E-02  0.000000E+00  0.000000E+00  5.568179E+03  0.000000E+00
  0.000000E+00  0.000000E+00  9.000000E+01  9.000000E+01  9.000000E+01
  0.000000E+00  5.351206E+01  0.000000E+00  4.033105E-02  4.860329E-02
  5.402836E+01  6.704148E+01  5.187111E+01  2.996128E+00  2.599737E+00
  2.996128E+00  5.101056E+01  1.493013E+00  2.599737E+00  1.493013E+00
  5.765452E+01
      6040  6.040000E+00        41
 -1.202057E+06  3.054621E+02 -1.203158E+06  2.921165E+05 -1.495274E+06
  0.000000E+00  2.853492E-03  0.000000E+00  0.000000E+00 -1.184266E+06
  5.391080E+02 -5.118573E+04 -1.545552E+06  1.494416E+06  0.000000E+00
 -2.757288E-02  0.000000E+00  0.000000E+00  5.568179E+03  0.000000E+00
  0.000000E+00  0.000000E+00  9.000000E+01  9.000000E+01  9.000000E+01
  0.000000E+00  5.236368E+01  0.000000E+00  4.106371E-02  4.973957E-02
  5.431595E+01  6.736389E+01  4.735987E+01 -2.033822E-01 -7.167637E+00
 -2.033822E-01  5.372396E+01 -1.448821E+00 -7.167637E+00 -1.448821E+00
  5.600721E+01
      6050  6.050000E+00        41
 -1.202057E+06  3.060708E+02 -1.203160E+06  2.918206E+05 -1.494981E+06
  0.000000E+00  2.830487E-03  0.000000E+00  0.000000E+00 -1.184585E+06
  4.790174E+02 -5.022272E+04 -1.544284E+06  1.494126E+06  0.000000E+00
 -2.735486E-02  0.000000E+00  0.000000E+00  5.568179E+03  0.000000E+00
  0.000000E+00  0.000000E+00  9.000000E+01  9.000000E+01  9.000000E+01
  0.000000E+00  5.142468E+01  0.000000E+00  4.157228E-02  5.148621E-02
  5.460844E+01  6.768660E+01  4.408244E+01  9.771997E-02 -6.266699E+00
  9.771997E-02  6.061562E+01 -1.390038E+00 -6.266699E+00 -1.390038E+00
  4.957597E+01
      6060  6.060000E+00        41
 -1.202057E+06  2.927417E+02 -1.203112E+06  2.919703E+05 -1.495083E+06
  0.000000E+00  3.056004E-03  0.000000E+00  0.000000E+00 -1.184470E+06
  4.210341E+02 -5.066079E+04 -1.544838E+06  1.494229E+06  0.000000E+00
 -2.951269E-02  0.000000E+00  0.000000E+00  5.568179E+03  0.000000E+00
  0.000000E+00  0.000000E+00  9.000000E+01  9.000000E+01  9.000000E+01
  0.000000E+00  5.176161E+01  0.000000E+00  4.198787E-02  5.372925E-02
  5.490078E+01  6.800622E+01  4.978776E+01 -1.014038E+00 -1.837991E+00
 -1.014038E+00  4.951195E+01  1.945516E+00 -1.837991E+00  1.945516E+00
  5.598512E+01
      6070  6.070000E+00        41
 -1.202057E+06  2.938795E+02 -1.203116E+06  2.921547E+05 -1.495271E+06
  0.000000E+00  3.025417E-03  0.000000E+00  0.000000E+00 -1.184244E+06
  3.815845E+02 -5.133016E+04 -1.545706E+06  1.494414E+06  0.000000E+00
 -2.924709E-02  0.000000E+00  0.000000E+00  5.568179E+03  0.000000E+00
  0.000000E+00  0.000000E+00  9.000000E+01  9.000000E+01  9.000000E+01
  0.000000E+00  5.242732E+01  0.000000E+00  4.417133E-02  5.364232E-02
  5.518902E+01  6.831994E+01  5.391437E+01 -1.492264E+00 -1.115461E+00
 -1.492264E+00  4.811227E+01 -4.689178E-01 -1.115461E+00 -4.689178E-01
  5.525532E+01
      6080  6.080000E+00        41
 -1.202057E+06  3.143875E+02 -1.203191E+06  2.925431E+05 -1.495734E+06
  0.000000E+00  3.010848E-03  0.000000E+00  0.000000E+00 -1.183784E+06
  3.330655E+02 -5.256383E+04 -1.547407E+06  1.494879E+06  0.000000E+00
 -2.907456E-02  0.000000E+00  0.000000E+00  5.568179E+03  0.000000E+00
  0.000000E+00  0.000000E+00  9.000000E+01  9.000000E+01  9.000000E+01
  0.000000E+00  5.378385E+01  0.000000E+00  4.504890E-02  5.340598E-02
  5.547001E+01  6.862219E+01  5.149030E+01  4.325655E-01  3.567981E-01
  4.325655E-01  5.731526E+01 -3.666439E+00  3.567981E-01 -3.666439E+00
  5.254600E+01
      6090  6.090000E+00        41
 -1.202057E+06  2.959007E+02 -1.203123E+06  2.929612E+05 -1.496085E+06
  0.000000E+00  3.187270E-03  0.000000E+00  0.000000E+00 -1.183369E+06
  2.796609E+02 -5.393758E+04 -1.549123E+06  1.495228E+06  0.000000E+00
 -3.078584E-02  0.000000E+00  0.000000E+00  5.568179E+03  0.000000E+00
  0.000000E+00  0.000000E+00  9.000000E+01  9.000000E+01  9.000000E+01
  0.000000E+00  5.500216E+01  0.000000E+00  4.477286E-02  5.423389E-02
  5.574320E+01  6.891074E+01  4.979884E+01 -1.507339E+00  1.963150E+00
 -1.507339E+00  5.934981E+01  3.972840E-01  1.963150E+00  3.972840E-01
  5.585784E+01
      6100  6.100000E+00        41
 -1.202056E+06  2.868974E+02 -1.203090E+06  2.929253E+05 -1.496016E+06
  0.000000E+00  3.043953E-03  0.000000E+00  0.000000E+00 -1.183415E+06
  2.274116E+02 -5.386256E+04 -1.548964E+06  1.495161E+06  0.000000E+00
 -2.938591E-02  0.000000E+00  0.000000E+00  5.568179E+03  0.000000E+00
  0.000000E+00  0.000000E+00  9.000000E+01  9.000000E+01  9.000000E+01
  0.000000E+00  5.486617E+01  0.000000E+00  4.492211E-02  5.422331E-02
  5.600787E+01  6.918502E+01  5.259213E+01 -1.903932E+00  3.214609E+00
 -1.903932E+00  5.554703E+01  2.016759E+00  3.214609E+00  2.016759E+00
  5.645934E+01
      6110  6.110000E+00        41
 -1.202057E+06  3.138006E+02 -1.203188E+06  2.922097E+05 -1.495398E+06
  0.000000E+00  2.871176E-03  0.000000E+00  0.000000E+00 -1.184127E+06
  1.824718E+02 -5.153272E+04 -1.546011E+06  1.494541E+06  0.000000E+00
 -2.774071E-02  0.000000E+00  0.000000E+00  5.568179E+03  0.000000E+00
  0.000000E+00  0.000000E+00  9.000000E+01  9.000000E+01  9.000000E+01
  0.000000E+00  5.277180E+01  0.000000E+00  4.455689E-02  5.391314E-02
  5.626676E+01  6.945059E+01  5.012606E+01  2.946035E+00 -1.791950E-01
  2.946035E+00  5.450188E+01  2.334984E+00 -1.791950E-01  2.334984E+00
  5.368748E+01
      6120  6.120000E+00        41
 -1.202056E+06  2.876863E+02 -1.203093E+06  2.916743E+05 -1.494768E+06
  0.000000E+00  2.808980E-03  0.000000E+00  0.000000E+00 -1.184777E+06
  1.410330E+02 -4.976821E+04 -1.543601E+06  1.493912E+06  0.000000E+00
 -2.715217E-02  0.000000E+00  0.000000E+00  5.568179E+03  0.000000E+00
  0.000000E+00  0.000000E+00  9.000000E+01  9.000000E+01  9.000000E+01
  0.000000E+00  5.085703E+01  0.000000E+00  4.485003E-02  5.371634E-02
  5.652783E+01  6.972296E+01  4.862894E+01  2.217840E+00 -2.595496E+00
  2.217840E+00  5.207862E+01  2.322619E-01 -2.595496E+00  2.322619E-01
  5.186354E+01
      6130  6.130000E+00        41
 -1.202057E+06  3.066124E+02 -1.203162E+06  2.914702E+05 -1.494633E+06
  0.000000E+00  2.797727E-03  0.000000E+00  0.000000E+00 -1.184957E+06
  1.141706E+02 -4.909319E+04 -1.542794E+06  1.493783E+06  0.000000E+00
 -2.705250E-02  0.000000E+00  0.000000E+00  5.568179E+03  0.000000E+00
  0.000000E+00  0.000000E+00  9.000000E+01  9.000000E+01  9.000000E+01
  0.000000E+00  5.032930E+01  0.000000E+00  4.459566E-02  5.428726E-02
  5.679706E+01  7.001482E+01  4.439468E+01 -5.361144E-01 -8.061977E-02
 -5.361144E-01  5.163090E+01  2.568182E+00 -8.061977E-02  2.568182E+00
  5.496231E+01
      6140  6.140000E+00        41
 -1.202057E+06  2.885696E+02 -1.203097E+06  2.918569E+05 -1.494954E+06
  0.000000E+00  2.976721E-03  0.000000E+00  0.000000E+00 -1.184566E+06
  1.048020E+02 -5.039441E+04 -1.544426E+06  1.494100E+06  0.000000E+00
 -2.876665E-02  0.000000E+00  0.000000E+00  5.568179E+03  0.000000E+00
  0.000000E+00  0.000000E+00  9.000000E+01  9.000000E+01  9.000000E+01
  0.000000E+00  5.147851E+01  0.000000E+00  4.507667E-02  5.428444E-02
  5.707464E+01  7.032703E+01  4.445308E+01  7.266279E-01  2.228290E+00
  7.266279E-01  5.583278E+01 -1.937882E+00  2.228290E+00 -1.937882E+00
  5.414966E+01
      6150  6.150000E+00        41
 -1.202056E+06  2.962459E+02 -1.203124E+06  2.925880E+05 -1.495712E+06
  0.000000E+00  3.055919E-03  0.000000E+00  0.000000E+00 -1.183751E+06
  9.581589E+01 -5.278250E+04 -1.547571E+06  1.494855E+06  0.000000E+00
 -2.952571E-02  0.000000E+00  0.000000E+00  5.568179E+03  0.000000E+00
  0.000000E+00  0.000000E+00  9.000000E+01  9.000000E+01  9.000000E+01
  0.000000E+00  5.387589E+01  0.000000E+00  4.562914E-02  5.284792E-02
  5.735438E+01  7.064906E+01  5.594230E+01  2.909837E+00 -1.323601E+00
  2.909837E+00  5.396242E+01 -2.753112E+00 -1.323601E+00 -2.753112E+00
  5.172296E+01
      6160  6.160000E+00        41
 -1.202056E+06  3.118260E+02 -1.203180E+06  2.930176E+05 -1.496198E+06
  0.000000E+00  3.035710E-03  0.000000E+00  0.000000E+00 -1.183265E+06
  7.895853E+01 -5.412798E+04 -1.549408E+06  1.495349E+06  0.000000E+00
 -2.930982E-02  0.000000E+00  0.000000E+00  5.568179E+03  0.000000E+00
  0.000000E+00  0.000000E+00  9.000000E+01  9.000000E+01  9.000000E+01
  0.000000E+00  5.530649E+01  0.000000E+00  4.573625E-02  5.195987E-02
  5.762618E+01  7.096796E+01  5.604491E+01  9.568565E-01 -1.152534E+00
  9.568565E-01  5.138032E+01  1.118858E+00 -1.152534E+00  1.118858E+00
  5.849424E+01
      6170  6.170000E+00        41
 -1.202057E+06  3.066138E+02 -1.203162E+06  2.925626E+05 -1.495724E+06
  0.000000E+00  2.916642E-03  0.000000E+00  0.000000E+00 -1.183722E+06
  5.398579E+01 -5.279570E+04 -1.547571E+06  1.494875E+06  0.000000E+00
 -2.816165E-02  0.000000E+00  0.000000E+00  5.568179E+03  0.000000E+00
  0.000000E+00  0.000000E+00  9.000000E+01  9.000000E+01  9.000000E+01
  0.000000E+00  5.396318E+01  0.000000E+00  4.558083E-02  5.254105E-02
  5.787115E+01  7.126150E+01  5.238957E+01 -6.742968E-01  4.764302E+00
 -6.742968E-01  5.183941E+01  3.494645E+00  4.764302E+00  3.494645E+00
  5.766057E+01
      6180  6.180000E+00        41
 -1.202058E+06  3.025893E+02 -1.203148E+06  2.916379E+05 -1.494786E+06
  0.000000E+00  2.879969E-03  0.000000E+00  0.000000E+00 -1.184684E+06
  4.849914E+01 -4.994030E+04 -1.543766E+06  1.493932E+06  0.000000E+00
 -2.784034E-02  0.000000E+00  0.000000E+00  5.568179E+03  0.000000E+00
  0.000000E+00  0.000000E+00  9.000000E+01  9.000000E+01  9.000000E+01
  0.000000E+00  5.113352E+01  0.000000E+00  4.462072E-02  5.490108E-02
  5.807168E+01  7.150942E+01  4.956098E+01 -1.054379E+00  1.843437E+00
 -1.054379E+00  5.794301E+01  1.729570E+00  1.843437E+00  1.729570E+00
  4.589657E+01
      6190  6.190000E+00        41
 -1.202057E+06  2.900463E+02 -1.203102E+06  2.913526E+05 -1.494455E+06
  0.000000E+00  2.960339E-03  0.000000E+00  0.000000E+00 -1.185084E+06
  7.293080E+01 -4.882998E+04 -1.542340E+06  1.493601E+06  0.000000E+00
 -2.861827E-02  0.000000E+00  0.000000E+00  5.568179E+03  0.000000E+00
  0.000000E+00  0.000000E+00  9.000000E+01  9.000000E+01  9.000000E+01
  0.000000E+00  4.995493E+01  0.000000E+00  4.538459E-02  5.618071E-02
  5.823047E+01  7.171734E+01  4.406049E+01  1.097248E+00 -2.245948E+00
  1.097248E+00  6.110789E+01 -1.917854E+00 -2.245948E+00 -1.917854E+00
  4.469640E+01
      6200  6.200000E+00        41
 -1.202057E+06  3.106599E+02 -1.203177E+06  2.913766E+05 -1.494554E+06
  0.000000E+00  2.999738E-03  0.000000E+00  0.000000E+00 -1.185036E+06
  1.193444E+02 -4.882706E+04 -1.542442E+06  1.493706E+06  0.000000E+00
 -2.900366E-02  0.000000E+00  0.000000E+00  5.568179E+03  0.000000E+00
  0.000000E+00  0.000000E+00  9.000000E+01  9.000000E+01  9.000000E+01
  0.000000E+00  5.009670E+01  0.000000E+00  4.733141E-02  5.557564E-02
  5.835805E+01  7.189966E+01  4.411736E+01  1.309485E+00  2.163044E+00
  1.309485E+00  5.384661E+01  2.529804E-01  2.163044E+00  2.529804E-01
  5.232614E+01
      6210  6.210000E+00        41
 -1.202058E+06  3.046031E+02 -1.203155E+06  2.913396E+05 -1.494495E+06
  0.000000E+00  3.056742E-03  0.000000E+00  0.000000E+00 -1.185108E+06
  1.705986E+02 -4.865764E+04 -1.542222E+06  1.493646E+06  0.000000E+00
 -2.951214E-02  0.000000E+00  0.000000E+00  5.568179E+03  0.000000E+00
  0.000000E+00  0.000000E+00  9.000000E+01  9.000000E+01  9.000000E+01
  0.000000E+00  4.988641E+01  0.000000E+00  4.873962E-02  5.625016E-02
  5.846365E+01  7.206399E+01  4.761630E+01 -2.946874E+00  5.236315E+00
 -2.946874E+00  5.052854E+01  1.746112E+00  5.236315E+00  1.746112E+00
  5.151438E+01
      6220  6.220000E+00        41
 -1.202057E+06  2.897821E+02 -1.203101E+06  2.910393E+05 -1.494141E+06
  0.000000E+00  2.948555E-03  0.000000E+00  0.000000E+00 -1.185426E+06
  2.188858E+02 -4.780818E+04 -1.541016E+06  1.493288E+06  0.000000E+00
 -2.852910E-02  0.000000E+00  0.000000E+00  5.568179E+03  0.000000E+00
  0.000000E+00  0.000000E+00  9.000000E+01  9.000000E+01  9.000000E+01
  0.000000E+00  4.894703E+01  0.000000E+00  4.810014E-02  5.860873E-02
  5.854603E+01  7.220487E+01  4.815647E+01  1.217196E+00  1.011033E+00
  1.217196E+00  5.079524E+01  1.008332E+00  1.011033E+00  1.008332E+00
  4.788937E+01
      6230  6.230000E+00        41
 -1.202056E+06  2.900495E+02 -1.203102E+06  2.914189E+05 -1.494521E+06
  0.000000E+00  2.906188E-03  0.000000E+00  0.000000E+00 -1.185019E+06
  2.616657E+02 -4.902876E+04 -1.542611E+06  1.493666E+06  0.000000E+00
 -2.813559E-02  0.000000E+00  0.000000E+00  5.568179E+03  0.000000E+00
  0.000000E+00  0.000000E+00  9.000000E+01  9.000000E+01  9.000000E+01
  0.000000E+00  5.014535E+01  0.000000E+00  4.676609E-02  5.985528E-02
  5.860377E+01  7.232103E+01  4.941051E+01  4.885083E+00  2.063018E+00
  4.885083E+00  5.014830E+01 -2.063414E+00  2.063018E+00 -2.063414E+00
  5.087722E+01
      6240  6.240000E+00        41
 -1.202056E+06  2.989236E+02 -1.203134E+06  2.918245E+05 -1.494958E+06
  0.000000E+00  2.837504E-03  0.000000E+00  0.000000E+00 -1.184554E+06
  2.864782E+02 -5.035862E+04 -1.544405E+06  1.494106E+06  0.000000E+00
 -2.744132E-02  0.000000E+00  0.000000E+00  5.568179E+03  0.000000E+00
  0.000000E+00  0.000000E+00  9.000000E+01  9.000000E+01  9.000000E+01
  0.000000E+00  5.151217E+01  0.000000E+00  4.634559E-02  6.012671E-02
  5.864646E+01  7.242261E+01  5.283274E+01  5.562070E-01  6.168720E+00
  5.562070E-01  5.249550E+01 -3.085866E-01  6.168720E+00 -3.085866E-01
  4.920827E+01
      6250  6.250000E+00        41
 -1.202057E+06  2.954456E+02 -1.203122E+06  2.917700E+05 -1.494892E+06
  0.000000E+00  2.939707E-03  0.000000E+00  0.000000E+00 -1.184610E+06
  2.898576E+02 -5.021812E+04 -1.544205E+06  1.494043E+06  0.000000E+00
 -2.842872E-02  0.000000E+00  0.000000E+00  5.568179E+03  0.000000E+00
  0.000000E+00  0.000000E+00  9.000000E+01  9.000000E+01  9.000000E+01
  0.000000E+00  5.134966E+01  0.000000E+00  4.811883E-02  5.879006E-02
  5.868398E+01  7.252063E+01  5.056318E+01 -3.443515E-01  2.189956E+00
 -3.443515E-01  5.299944E+01  8.203766E-01  2.189956E+00  8.203766E-01
  5.048635E+01
      6260  6.260000E+00        41
 -1.202057E+06  3.102602E+02 -1.203175E+06  2.917343E+05 -1.494909E+06
  0.000000E+00  2.971948E-03  0.000000E+00  0.000000E+00 -1.184645E+06
  2.735247E+02 -5.000478E+04 -1.543975E+06  1.494054E+06  0.000000E+00
 -2.874383E-02  0.000000E+00  0.000000E+00  5.568179E+03  0.000000E+00
  0.000000E+00  0.000000E+00  9.000000E+01  9.000000E+01  9.000000E+01
  0.000000E+00  5.124552E+01  0.000000E+00  4.824898E-02  5.865259E-02
  5.872527E+01  7.262514E+01  4.651008E+01  2.876975E-01 -2.587372E+00
  2.876975E-01  5.374201E+01 -3.975619E+00 -2.587372E+00 -3.975619E+00
  5.348448E+01
      6270  6.270000E+00        41
 -1.202056E+06  2.971648E+02 -1.203128E+06  2.913389E+05 -1.494466E+06
  0.000000E+00  2.940267E-03  0.000000E+00  0.000000E+00 -1.185113E+06
  2.595570E+02 -4.869572E+04 -1.542214E+06  1.493606E+06  0.000000E+00
 -2.842982E-02  0.000000E+00  0.000000E+00  5.568179E+03  0.000000E+00
  0.000000E+00  0.000000E+00  9.000000E+01  9.000000E+01  9.000000E+01
  0.000000E+00  4.986898E+01  0.000000E+00  4.757907E-02  6.057829E-02
  5.878494E+01  7.275229E+01  4.222087E+01  8.910285E-01 -3.941486E+00
  8.910285E-01  5.328581E+01 -5.341279E-01 -3.941486E+00 -5.341279E-01
  5.410026E+01
      6280  6.280000E+00        41
 -1.202058E+06  3.132086E+02 -1.203186E+06  2.912317E+05 -1.494418E+06
  0.000000E+00  2.907198E-03  0.000000E+00  0.000000E+00 -1.185229E+06
  2.657133E+02 -4.823484E+04 -1.541738E+06  1.493557E+06  0.000000E+00
 -2.811759E-02  0.000000E+00  0.000000E+00  5.568179E+03  0.000000E+00
  0.000000E+00  0.000000E+00  9.000000E+01  9.000000E+01  9.000000E+01
  0.000000E+00  4.953014E+01  0.000000E+00  4.923822E-02  6.074857E-02
  5.886490E+01  7.290508E+01  4.332306E+01  2.138541E-01 -3.242062E+00
  2.138541E-01  5.193148E+01  4.524472E+00 -3.242062E+00  4.524472E+00
  5.333587E+01
      6290  6.290000E+00        41
 -1.202057E+06  3.073677E+02 -1.203165E+06  2.914245E+05 -1.494590E+06
  0.000000E+00  2.947204E-03  0.000000E+00  0.000000E+00 -1.184991E+06
  2.709682E+02 -4.899064E+04 -1.542686E+06  1.493729E+06  0.000000E+00
 -2.850562E-02  0.000000E+00  0.000000E+00  5.568179E+03  0.000000E+00
  0.000000E+00  0.000000E+00  9.000000E+01  9.000000E+01  9.000000E+01
  0.000000E+00  5.023020E+01  0.000000E+00  5.100028E-02  6.062643E-02
  5.895532E+01  7.306937E+01  5.508187E+01 -1.312573E+00 -1.216633E+00
 -1.312573E+00  4.655810E+01  3.290334E+00 -1.216633E+00  3.290334E+00
  4.905063E+01
      6300  6.300000E+00        41
 -1.202057E+06  2.957266E+02 -1.203122E+06  2.920823E+05 -1.495205E+06
  0.000000E+00  2.962957E-03  0.000000E+00  0.000000E+00 -1.184317E+06
  2.703301E+02 -5.109382E+04 -1.545408E+06  1.494348E+06  0.000000E+00
 -2.864866E-02  0.000000E+00  0.000000E+00  5.568179E+03  0.000000E+00
  0.000000E+00  0.000000E+00  9.000000E+01  9.000000E+01  9.000000E+01
  0.000000E+00  5.221124E+01  0.000000E+00  5.165660E-02  6.140489E-02
  5.904819E+01  7.323510E+01  5.393255E+01 -2.863176E-01  1.957344E+00
 -2.863176E-01  5.045267E+01 -9.782134E-01  1.957344E+00 -9.782134E-01
  5.224850E+01
      6310  6.310000E+00        41
 -1.202058E+06  3.119346E+02 -1.203182E+06  2.921309E+05 -1.495313E+06
  0.000000E+00  2.934681E-03  0.000000E+00  0.000000E+00 -1.184260E+06
  2.602864E+02 -5.115107E+04 -1.545574E+06  1.494453E+06  0.000000E+00
 -2.835092E-02  0.000000E+00  0.000000E+00  5.568179E+03  0.000000E+00
  0.000000E+00  0.000000E+00  9.000000E+01  9.000000E+01  9.000000E+01
  0.000000E+00  5.238227E+01  0.000000E+00  5.283394E-02  6.278225E-02
  5.914009E+01  7.339846E+01  4.963178E+01  1.479342E+00 -6.808475E-01
  1.479342E+00  5.517581E+01 -7.941047E-01 -6.808475E-01 -7.941047E-01
  5.233923E+01
      6320  6.320000E+00        41
 -1.202059E+06  3.170327E+02 -1.203201E+06  2.914435E+05 -1.494645E+06
  0.000000E+00  2.921964E-03  0.000000E+00  0.000000E+00 -1.184960E+06
  2.362610E+02 -4.901797E+04 -1.542760E+06  1.493782E+06  0.000000E+00
 -2.826014E-02  0.000000E+00  0.000000E+00  5.568179E+03  0.000000E+00
  0.000000E+00  0.000000E+00  9.000000E+01  9.000000E+01  9.000000E+01
  0.000000E+00  5.032621E+01  0.000000E+00  5.421277E-02  6.592808E-02
  5.923231E+01  7.355974E+01  4.804803E+01 -3.252340E-01 -3.321080E+00
 -3.252340E-01  5.147741E+01  3.070725E-01 -3.321080E+00  3.070725E-01
  5.145319E+01
      6330  6.330000E+00        41
 -1.202058E+06  2.892964E+02 -1.203101E+06  2.909513E+05 -1.494052E+06
  0.000000E+00  3.099422E-03  0.000000E+00  0.000000E+00 -1.185574E+06
  1.931824E+02 -4.737176E+04 -1.540512E+06  1.493191E+06  0.000000E+00
 -2.996220E-02  0.000000E+00  0.000000E+00  5.568179E+03  0.000000E+00
  0.000000E+00  0.000000E+00  9.000000E+01  9.000000E+01  9.000000E+01
  0.000000E+00  4.851606E+01  0.000000E+00  5.694318E-02  6.887473E-02
  5.932418E+01  7.371415E+01  4.252251E+01 -6.069827E-02 -2.025332E+00
 -6.069827E-02  4.726204E+01 -2.294616E+00 -2.025332E+00 -2.294616E+00
  5.576364E+01
      6340  6.340000E+00        41
 -1.202057E+06  2.788031E+02 -1.203062E+06  2.903457E+05 -1.493408E+06
  0.000000E+00  3.063701E-03  0.000000E+00  0.000000E+00 -1.186238E+06
  1.569235E+02 -4.545349E+04 -1.537942E+06  1.492555E+06  0.000000E+00
 -2.964042E-02  0.000000E+00  0.000000E+00  5.568179E+03  0.000000E+00
  0.000000E+00  0.000000E+00  9.000000E+01  9.000000E+01  9.000000E+01
  0.000000E+00  4.656079E+01  0.000000E+00  6.019573E-02  7.026125E-02
  5.942022E+01  7.386165E+01  4.296290E+01  1.455522E-01 -1.573486E+00
  1.455522E-01  4.244704E+01 -3.884313E-01 -1.573486E+00 -3.884313E-01
  5.427244E+01
      6350  6.350000E+00        41
 -1.202057E+06  3.001607E+02 -1.203139E+06  2.902107E+05 -1.493350E+06
  0.000000E+00  3.045983E-03  0.000000E+00  0.000000E+00 -1.186297E+06
  1.427080E+02 -4.512009E+04 -1.537533E+06  1.492490E+06  0.000000E+00
 -2.946740E-02  0.000000E+00  0.000000E+00  5.568179E+03  0.000000E+00
  0.000000E+00  0.000000E+00  9.000000E+01  9.000000E+01  9.000000E+01
  0.000000E+00  4.638510E+01  0.000000E+00  6.078908E-02  7.213930E-02
  5.952924E+01  7.400864E+01  4.570205E+01 -1.107011E+00 -3.346327E+00
 -1.107011E+00  4.567299E+01 -2.578185E-01 -3.346327E+00 -2.578185E-01
  4.778025E+01
      6360  6.360000E+00        41
 -1.202058E+06  3.085970E+02 -1.203170E+06  2.907170E+05 -1.493887E+06
  0.000000E+00  3.046412E-03  0.000000E+00  0.000000E+00 -1.185742E+06
  1.365703E+02 -4.672676E+04 -1.539685E+06  1.493024E+06  0.000000E+00
 -2.947837E-02  0.000000E+00  0.000000E+00  5.568179E+03  0.000000E+00
  0.000000E+00  0.000000E+00  9.000000E+01  9.000000E+01  9.000000E+01
  0.000000E+00  4.802116E+01  0.000000E+00  6.089614E-02  7.409365E-02
  5.965267E+01  7.415749E+01  4.574029E+01 -1.755631E+00 -2.287160E+00
 -1.755631E+00  5.179802E+01 -1.792617E-01 -2.287160E+00 -1.792617E-01
  4.652518E+01
      6370  6.370000E+00        41
 -1.202057E+06  2.972785E+02 -1.203129E+06  2.909567E+05 -1.494086E+06
  0.000000E+00  2.956798E-03  0.000000E+00  0.000000E+00 -1.185538E+06
  1.365425E+02 -4.741974E+04 -1.540588E+06  1.493227E+06  0.000000E+00
 -2.859146E-02  0.000000E+00  0.000000E+00  5.568179E+03  0.000000E+00
  0.000000E+00  0.000000E+00  9.000000E+01  9.000000E+01  9.000000E+01
  0.000000E+00  4.862097E+01  0.000000E+00  6.149094E-02  7.572200E-02
  5.979037E+01  7.431171E+01  4.462084E+01 -7.766108E-02 -1.517740E+00
 -7.766108E-02  5.044653E+01  4.486175E-01 -1.517740E+00  4.486175E-01
  5.079555E+01
      6380  6.380000E+00        41
 -1.202058E+06  3.099723E+02 -1.203175E+06  2.908126E+05 -1.493988E+06
  0.000000E+00  2.950775E-03  0.000000E+00  0.000000E+00 -1.185671E+06
  1.511226E+02 -4.693132E+04 -1.540032E+06  1.493131E+06  0.000000E+00
 -2.855188E-02  0.000000E+00  0.000000E+00  5.568179E+03  0.000000E+00
  0.000000E+00  0.000000E+00  9.000000E+01  9.000000E+01  9.000000E+01
  0.000000E+00  4.823122E+01  0.000000E+00  6.246896E-02  7.642031E-02
  5.993774E+01  7.446770E+01  4.369140E+01 -6.060296E-01 -2.510891E+00
 -6.060296E-01  4.826206E+01  1.067090E+00 -2.510891E+00  1.067090E+00
  5.274020E+01
      6390  6.390000E+00        41
 -1.202058E+06  2.939034E+02 -1.203117E+06  2.906712E+05 -1.493789E+06
  0.000000E+00  3.108131E-03  0.000000E+00  0.000000E+00 -1.185835E+06
  1.553400E+02 -4.655452E+04 -1.539465E+06  1.492933E+06  0.000000E+00
 -3.006759E-02  0.000000E+00  0.000000E+00  5.568179E+03  0.000000E+00
  0.000000E+00  0.000000E+00  9.000000E+01  9.000000E+01  9.000000E+01
  0.000000E+00  4.774781E+01  0.000000E+00  6.393372E-02  7.635750E-02
  6.008847E+01  7.461984E+01  3.467696E+01  3.710288E-01 -1.375863E+00
  3.710288E-01  5.372536E+01  1.318052E+00 -1.375863E+00  1.318052E+00
  5.484111E+01
      6400  6.400000E+00        41
 -1.202057E+06  2.968597E+02 -1.203127E+06  2.909879E+05 -1.494115E+06
  0.000000E+00  3.024199E-03  0.000000E+00  0.000000E+00 -1.185531E+06
  1.571735E+02 -4.744354E+04 -1.540663E+06  1.493253E+06  0.000000E+00
 -2.924778E-02  0.000000E+00  0.000000E+00  5.568179E+03  0.000000E+00
  0.000000E+00  0.000000E+00  9.000000E+01  9.000000E+01  9.000000E+01
  0.000000E+00  4.864086E+01  0.000000E+00  6.324228E-02  7.742013E-02
  6.024006E+01  7.476623E+01  3.757351E+01 -6.839210E-01  5.868937E-01
 -6.839210E-01  5.703483E+01 -2.849130E-01  5.868937E-01 -2.849130E-01
  5.131424E+01
      6410  6.410000E+00        41
 -1.202057E+06  2.882682E+02 -1.203096E+06  2.910331E+05 -1.494129E+06
  0.000000E+00  2.959625E-03  0.000000E+00  0.000000E+00 -1.185497E+06
  1.540525E+02 -4.760512E+04 -1.540845E+06  1.493268E+06  0.000000E+00
 -2.861796E-02  0.000000E+00  0.000000E+00  5.568179E+03  0.000000E+00
  0.000000E+00  0.000000E+00  9.000000E+01  9.000000E+01  9.000000E+01
  0.000000E+00  4.873870E+01  0.000000E+00  6.262291E-02  7.816851E-02
  6.039291E+01  7.490831E+01  4.999384E+01 -1.249977E+00  2.643887E-01
 -1.249977E+00  4.581185E+01  2.024590E+00  2.643887E-01  2.024590E+00
  5.041040E+01
      6420  6.420000E+00        41
 -1.202057E+06  3.000777E+02 -1.203139E+06  2.909313E+05 -1.494070E+06
  0.000000E+00  3.103966E-03  0.000000E+00  0.000000E+00 -1.185551E+06
  1.422046E+02 -4.735978E+04 -1.540544E+06  1.493219E+06  0.000000E+00
 -3.003091E-02  0.000000E+00  0.000000E+00  5.568179E+03  0.000000E+00
  0.000000E+00  0.000000E+00  9.000000E+01  9.000000E+01  9.000000E+01
  0.000000E+00  4.858181E+01  0.000000E+00  6.516951E-02  7.581154E-02
  6.054755E+01  7.504754E+01  5.037566E+01 -8.274729E-01 -2.348441E+00
 -8.274729E-01  4.318615E+01  1.305872E+00 -2.348441E+00  1.305872E+00
  5.218362E+01
      6430  6.430000E+00        41
 -1.202057E+06  2.993982E+02 -1.203137E+06  2.911804E+05 -1.494317E+06
  0.000000E+00  3.074160E-03  0.000000E+00  0.000000E+00 -1.185321E+06
  1.338862E+02 -4.805355E+04 -1.541487E+06  1.493467E+06  0.000000E+00
 -2.973432E-02  0.000000E+00  0.000000E+00  5.568179E+03  0.000000E+00
  0.000000E+00  0.000000E+00  9.000000E+01  9.000000E+01  9.000000E+01
  0.000000E+00  4.925784E+01  0.000000E+00  6.673284E-02  7.448771E-02
  6.070027E+01  7.517884E+01  5.024787E+01 -1.878693E+00 -2.645085E+00
 -1.878693E+00  4.991663E+01 -2.287781E+00 -2.645085E+00 -2.287781E+00
  4.760903E+01
      6440  6.440000E+00        41
 -1.202058E+06  3.082781E+02 -1.203169E+06  2.908289E+05 -1.493998E+06
  0.000000E+00  3.006094E-03  0.000000E+00  0.000000E+00 -1.185665E+06
  1.300689E+02 -4.696017E+04 -1.540071E+06  1.493143E+06  0.000000E+00
 -2.907846E-02  0.000000E+00  0.000000E+00  5.568179E+03  0.000000E+00
  0.000000E+00  0.000000E+00  9.000000E+01  9.000000E+01  9.000000E+01
  0.000000E+00  4.824806E+01  0.000000E+00  6.524378E-02  7.597346E-02
  6.084920E+01  7.530147E+01  4.369196E+01 -1.793630E+00  2.165850E-01
 -1.793630E+00  5.023717E+01 -2.741420E-01  2.165850E-01 -2.741420E-01
  5.081504E+01
      6450  6.450000E+00        41
 -1.202057E+06  2.975162E+02 -1.203130E+06  2.905045E+05 -1.493634E+06
  0.000000E+00  3.122815E-03  0.000000E+00  0.000000E+00 -1.186049E+06
  1.360533E+02 -4.588310E+04 -1.538640E+06  1.492781E+06  0.000000E+00
 -3.020118E-02  0.000000E+00  0.000000E+00  5.568179E+03  0.000000E+00
  0.000000E+00  0.000000E+00  9.000000E+01  9.000000E+01  9.000000E+01
  0.000000E+00  4.711513E+01  0.000000E+00  6.464535E-02  7.638659E-02
  6.098954E+01  7.540997E+01  3.732544E+01 -1.462360E-01  3.975199E+00
 -1.462360E-01  5.215105E+01  2.040899E+00  3.975199E+00  2.040899E+00
  5.186889E+01
      6460  6.460000E+00        41
 -1.202058E+06  2.999525E+02 -1.203139E+06  2.903427E+05 -1.493481E+06
  0.000000E+00  3.044478E-03  0.000000E+00  0.000000E+00 -1.186190E+06
  1.330528E+02 -4.544314E+04 -1.538048E+06  1.492629E+06  0.000000E+00
 -2.946870E-02  0.000000E+00  0.000000E+00  5.568179E+03  0.000000E+00
  0.000000E+00  0.000000E+00  9.000000E+01  9.000000E+01  9.000000E+01
  0.000000E+00  4.670079E+01  0.000000E+00  6.456253E-02  7.600602E-02
  6.111775E+01  7.549997E+01  4.339702E+01  1.639082E+00  1.838295E+00
  1.639082E+00  4.874084E+01 -1.583878E-01  1.838295E+00 -1.583878E-01
  4.796452E+01
      6470  6.470000E+00        41
 -1.202057E+06  2.890972E+02 -1.203099E+06  2.905989E+05 -1.493698E+06
  0.000000E+00  3.127251E-03  0.000000E+00  0.000000E+00 -1.185968E+06
  1.221122E+02 -4.618489E+04 -1.538996E+06  1.492847E+06  0.000000E+00
 -3.022778E-02  0.000000E+00  0.000000E+00  5.568179E+03  0.000000E+00
  0.000000E+00  0.000000E+00  9.000000E+01  9.000000E+01  9.000000E+01
  0.000000E+00  4.735200E+01  0.000000E+00  6.408103E-02  7.559428E-02
  6.123325E+01  7.557298E+01  5.071327E+01  9.061804E-01  4.626707E+00
  9.061804E-01  4.550917E+01 -1.486419E+00  4.626707E+00 -1.486419E+00
  4.583356E+01
      6480  6.480000E+00        41
 -1.202057E+06  2.985506E+02 -1.203133E+06  2.907813E+05 -1.493914E+06
  0.000000E+00  3.012784E-03  0.000000E+00  0.000000E+00 -1.185787E+06
  1.140866E+02 -4.665996E+04 -1.539687E+06  1.493073E+06  0.000000E+00
 -2.914671E-02  0.000000E+00  0.000000E+00  5.568179E+03  0.000000E+00
  0.000000E+00  0.000000E+00  9.000000E+01  9.000000E+01  9.000000E+01
  0.000000E+00  4.788512E+01  0.000000E+00  6.361454E-02  7.423480E-02
  6.133182E+01  7.562545E+01  4.566971E+01  2.365125E-02  8.786327E+00
  2.365125E-02  5.150148E+01 -1.194501E+00  8.786327E+00 -1.194501E+00
  4.648417E+01
      6490  6.490000E+00        41
 -1.202058E+06  3.245536E+02 -1.203228E+06  2.905066E+05 -1.493735E+06
  0.000000E+00  2.944839E-03  0.000000E+00  0.000000E+00 -1.185953E+06
  1.157233E+02 -4.597825E+04 -1.538789E+06  1.492885E+06  0.000000E+00
 -2.850094E-02  0.000000E+00  0.000000E+00  5.568179E+03  0.000000E+00
  0.000000E+00  0.000000E+00  9.000000E+01  9.000000E+01  9.000000E+01
  0.000000E+00  4.740018E+01  0.000000E+00  6.278637E-02  7.360285E-02
  6.141423E+01  7.565709E+01  4.024006E+01 -2.587083E-01  4.940502E+00
 -2.587083E-01  5.416336E+01 -3.470521E+00  4.940502E+00 -3.470521E+00
  4.779714E+01
      6500  6.500000E+00        41
 -1.202058E+06  3.141530E+02 -1.203190E+06  2.904323E+05 -1.493623E+06
  0.000000E+00  3.024384E-03  0.000000E+00  0.000000E+00 -1.186096E+06
  1.328201E+02 -4.562548E+04 -1.538335E+06  1.492770E+06  0.000000E+00
 -2.924341E-02  0.000000E+00  0.000000E+00  5.568179E+03  0.000000E+00
  0.000000E+00  0.000000E+00  9.000000E+01  9.000000E+01  9.000000E+01
  0.000000E+00  4.698012E+01  0.000000E+00  6.424510E-02  7.263334E-02
  6.147500E+01  7.566043E+01  4.560750E+01  3.389336E-02 -3.655212E+00
  3.389336E-02  4.924768E+01  1.859006E+00 -3.655212E+00  1.859006E+00
  4.608519E+01
      6510  6.510000E+00        41
 -1.202058E+06  2.930900E+02 -1.203114E+06  2.903979E+05 -1.493512E+06
  0.000000E+00  2.871229E-03  0.000000E+00  0.000000E+00 -1.186213E+06
  1.508134E+02 -4.542413E+04 -1.538056E+06  1.492665E+06  0.000000E+00
 -2.778295E-02  0.000000E+00  0.000000E+00  5.568179E+03  0.000000E+00
  0.000000E+00  0.000000E+00  9.000000E+01  9.000000E+01  9.000000E+01
  0.000000E+00  4.663318E+01  0.000000E+00  6.540662E-02  7.319642E-02
  6.150933E+01  7.563296E+01  4.456447E+01 -3.271689E-01 -5.013572E-01
 -3.271689E-01  4.716966E+01  3.468467E+00 -5.013572E-01  3.468467E+00
  4.816542E+01
      6520  6.520000E+00        41
 -1.202058E+06  2.884535E+02 -1.203097E+06  2.906330E+05 -1.493730E+06
  0.000000E+00  2.977678E-03  0.000000E+00  0.000000E+00 -1.185954E+06
  1.665155E+02 -4.623504E+04 -1.539098E+06  1.492882E+06  0.000000E+00
 -2.881805E-02  0.000000E+00  0.000000E+00  5.568179E+03  0.000000E+00
  0.000000E+00  0.000000E+00  9.000000E+01  9.000000E+01  9.000000E+01
  0.000000E+00  4.739556E+01  0.000000E+00  6.457508E-02  7.543300E-02
  6.152357E+01  7.558280E+01  4.054988E+01  2.629373E-01  5.315502E+00
  2.629373E-01  4.715307E+01 -1.734880E-01  5.315502E+00 -1.734880E-01
  5.448373E+01
      6530  6.530000E+00        41
 -1.202058E+06  3.027396E+02 -1.203149E+06  2.913001E+05 -1.494449E+06
  0.000000E+00  2.971214E-03  0.000000E+00  0.000000E+00 -1.185195E+06
  1.735832E+02 -4.841014E+04 -1.541999E+06  1.493601E+06  0.000000E+00
 -2.871913E-02  0.000000E+00  0.000000E+00  5.568179E+03  0.000000E+00
  0.000000E+00  0.000000E+00  9.000000E+01  9.000000E+01  9.000000E+01
  0.000000E+00  4.963034E+01  0.000000E+00  6.321730E-02  7.628814E-02
  6.152185E+01  7.551448E+01  4.188526E+01  1.290784E+00 -3.117025E+00
  1.290784E+00  5.396057E+01 -1.061799E-01 -3.117025E+00 -1.061799E-01
  5.304519E+01
      6540  6.540000E+00        41
 -1.202058E+06  3.264400E+02 -1.203235E+06  2.919249E+05 -1.495160E+06
  0.000000E+00  2.958431E-03  0.000000E+00  0.000000E+00 -1.184485E+06
  1.805974E+02 -5.037234E+04 -1.544679E+06  1.494315E+06  0.000000E+00
 -2.864327E-02  0.000000E+00  0.000000E+00  5.568179E+03  0.000000E+00
  0.000000E+00  0.000000E+00  9.000000E+01  9.000000E+01  9.000000E+01
  0.000000E+00  5.172283E+01  0.000000E+00  6.279565E-02  7.569661E-02
  6.150923E+01  7.543386E+01  4.586554E+01 -1.106381E+00 -2.331035E+00
 -1.106381E+00  6.268038E+01 -2.522677E+00 -2.331035E+00 -2.522677E+00
  4.662257E+01
      6550  6.550000E+00        41
 -1.202058E+06  2.935461E+02 -1.203116E+06  2.917688E+05 -1.494885E+06
  0.000000E+00  3.150816E-03  0.000000E+00  0.000000E+00 -1.184713E+06
  1.839606E+02 -4.992464E+04 -1.543970E+06  1.494044E+06  0.000000E+00
 -3.046410E-02  0.000000E+00  0.000000E+00  5.568179E+03  0.000000E+00
  0.000000E+00  0.000000E+00  9.000000E+01  9.000000E+01  9.000000E+01
  0.000000E+00  5.105089E+01  0.000000E+00  6.440637E-02  7.516173E-02
  6.148822E+01  7.534282E+01  5.042337E+01 -1.243806E+00  7.507226E+00
 -1.243806E+00  5.509414E+01 -1.538591E+00  7.507226E+00 -1.538591E+00
  4.763515E+01
      6560  6.560000E+00        41
 -1.202059E+06  3.131400E+02 -1.203188E+06  2.906454E+05 -1.493833E+06
  0.000000E+00  3.000234E-03  0.000000E+00  0.000000E+00 -1.185882E+06
  1.775417E+02 -4.627804E+04 -1.539256E+06  1.492994E+06  0.000000E+00
 -2.898716E-02  0.000000E+00  0.000000E+00  5.568179E+03  0.000000E+00
  0.000000E+00  0.000000E+00  9.000000E+01  9.000000E+01  9.000000E+01
  0.000000E+00  4.761206E+01  0.000000E+00  6.436635E-02  7.566972E-02
  6.146238E+01  7.524631E+01  5.287005E+01  8.729748E-01  5.377420E+00
  8.729748E-01  4.534469E+01  1.882855E+00  5.377420E+00  1.882855E+00
  4.462144E+01
      6570  6.570000E+00        41
 -1.202058E+06  2.852289E+02 -1.203086E+06  2.898887E+05 -1.492975E+06
  0.000000E+00  2.841464E-03  0.000000E+00  0.000000E+00 -1.186773E+06
  1.670965E+02 -4.380123E+04 -1.535907E+06  1.492127E+06  0.000000E+00
 -2.751700E-02  0.000000E+00  0.000000E+00  5.568179E+03  0.000000E+00
  0.000000E+00  0.000000E+00  9.000000E+01  9.000000E+01  9.000000E+01
  0.000000E+00  4.498501E+01  0.000000E+00  6.272258E-02  7.739658E-02
  6.143298E+01  7.514652E+01  4.414428E+01  4.139806E-01 -5.887707E-01
  4.139806E-01  5.117837E+01  2.301859E+00 -5.887707E-01  2.301859E+00
  3.963237E+01
      6580  6.580000E+00        41
 -1.202058E+06  3.046335E+02 -1.203156E+06  2.901441E+05 -1.493300E+06
  0.000000E+00  2.837854E-03  0.000000E+00  0.000000E+00 -1.186508E+06
  1.502863E+02 -4.445876E+04 -1.536893E+06  1.492454E+06  0.000000E+00
 -2.741759E-02  0.000000E+00  0.000000E+00  5.568179E+03  0.000000E+00
  0.000000E+00  0.000000E+00  9.000000E+01  9.000000E+01  9.000000E+01
  0.000000E+00  4.576774E+01  0.000000E+00  6.474874E-02  7.537728E-02
  6.139539E+01  7.503967E+01  3.593242E+01 -9.525838E-01  3.556042E+00
 -9.525838E-01  5.349619E+01 -1.450179E+00  3.556042E+00 -1.450179E+00
  4.787460E+01
      6590  6.590000E+00        41
 -1.202059E+06  3.063900E+02 -1.203163E+06  2.906530E+05 -1.493816E+06
  0.000000E+00  2.979430E-03  0.000000E+00  0.000000E+00 -1.185904E+06
  1.320322E+02 -4.626003E+04 -1.539205E+06  1.492975E+06  0.000000E+00
 -2.880078E-02  0.000000E+00  0.000000E+00  5.568179E+03  0.000000E+00
  0.000000E+00  0.000000E+00  9.000000E+01  9.000000E+01  9.000000E+01
  0.000000E+00  4.754777E+01  0.000000E+00  6.683755E-02  7.300658E-02
  6.134812E+01  7.492437E+01  4.152453E+01  1.563509E+00  1.727343E+00
  1.563509E+00  4.935127E+01 -1.794372E+00  1.727343E+00 -1.794372E+00
  5.176751E+01
      6600  6.600000E+00        41
 -1.202059E+06  2.966821E+02 -1.203128E+06  2.916148E+05 -1.494743E+06
  0.000000E+00  3.075591E-03  0.000000E+00  0.000000E+00 -1.184837E+06
  1.112551E+02 -4.952911E+04 -1.543401E+06  1.493902E+06  0.000000E+00
 -2.976941E-02  0.000000E+00  0.000000E+00  5.568179E+03  0.000000E+00
  0.000000E+00  0.000000E+00  9.000000E+01  9.000000E+01  9.000000E+01
  0.000000E+00  5.068681E+01  0.000000E+00  6.648760E-02  7.261051E-02
  6.129395E+01  7.480419E+01  5.158995E+01  1.047421E+00 -7.460280E+00
  1.047421E+00  4.609970E+01  2.781104E+00 -7.460280E+00  2.781104E+00
  5.437078E+01
      6610  6.610000E+00        41
 -1.202058E+06  2.959594E+02 -1.203125E+06  2.923046E+05 -1.495430E+06
  0.000000E+00  3.302121E-03  0.000000E+00  0.000000E+00 -1.184069E+06
  9.675828E+01 -5.183619E+04 -1.546397E+06  1.494588E+06  0.000000E+00
 -3.190964E-02  0.000000E+00  0.000000E+00  5.568179E+03  0.000000E+00
  0.000000E+00  0.000000E+00  9.000000E+01  9.000000E+01  9.000000E+01
  0.000000E+00  5.294545E+01  0.000000E+00  6.450845E-02  7.312144E-02
  6.123727E+01  7.468412E+01  5.698728E+01 -1.433138E+00 -3.541231E+00
 -1.433138E+00  4.855278E+01  2.707509E+00 -3.541231E+00  2.707509E+00
  5.329629E+01
      6620  6.620000E+00        41
 -1.202058E+06  2.929860E+02 -1.203114E+06  2.920952E+05 -1.495209E+06
  0.000000E+00  3.237968E-03  0.000000E+00  0.000000E+00 -1.184283E+06
  8.042938E+01 -5.121428E+04 -1.545542E+06  1.494363E+06  0.000000E+00
 -3.126997E-02  0.000000E+00  0.000000E+00  5.568179E+03  0.000000E+00
  0.000000E+00  0.000000E+00  9.000000E+01  9.000000E+01  9.000000E+01
  0.000000E+00  5.231468E+01  0.000000E+00  6.247712E-02  7.339009E-02
  6.117316E+01  7.455852E+01  5.516353E+01  6.589364E-01 -9.253317E-01
  6.589364E-01  5.179940E+01  3.752864E+00 -9.253317E-01  3.752864E+00
  4.998113E+01
      6630  6.630000E+00        41
 -1.202058E+06  2.989735E+02 -1.203136E+06  2.912073E+05 -1.494343E+06
  0.000000E+00  2.994762E-03  0.000000E+00  0.000000E+00 -1.185229E+06
  5.779918E+01 -4.833165E+04 -1.541775E+06  1.493487E+06  0.000000E+00
 -2.897527E-02  0.000000E+00  0.000000E+00  5.568179E+03  0.000000E+00
  0.000000E+00  0.000000E+00  9.000000E+01  9.000000E+01  9.000000E+01
  0.000000E+00  4.952953E+01  0.000000E+00  6.123181E-02  7.307027E-02
  6.109358E+01  7.442379E+01  4.553290E+01  4.979798E-01 -3.491718E+00
  4.979798E-01  5.155323E+01  2.257413E+00 -3.491718E+00  2.257413E+00
  5.150246E+01
      6640  6.640000E+00        41
 -1.202058E+06  2.998052E+02 -1.203139E+06  2.905751E+05 -1.493714E+06
  0.000000E+00  3.016941E-03  0.000000E+00  0.000000E+00 -1.185978E+06
  4.379098E+01 -4.608079E+04 -1.538904E+06  1.492861E+06  0.000000E+00
 -2.918584E-02  0.000000E+00  0.000000E+00  5.568179E+03  0.000000E+00
  0.000000E+00  0.000000E+00  9.000000E+01  9.000000E+01  9.000000E+01
  0.000000E+00  4.732752E+01  0.000000E+00  6.106979E-02  7.181929E-02
  6.099307E+01  7.427517E+01  3.875703E+01  1.097593E+00 -1.747284E+00
  1.097593E+00  5.142118E+01 -8.198895E-01 -1.747284E+00 -8.198895E-01
  5.180435E+01
      6650  6.650000E+00        41
 -1.202058E+06  3.063385E+02 -1.203162E+06  2.899120E+05 -1.493074E+06
  0.000000E+00  2.890879E-03  0.000000E+00  0.000000E+00 -1.186695E+06
  3.241512E+01 -4.388049E+04 -1.536073E+06  1.492223E+06  0.000000E+00
 -2.796486E-02  0.000000E+00  0.000000E+00  5.568179E+03  0.000000E+00
  0.000000E+00  0.000000E+00  9.000000E+01  9.000000E+01  9.000000E+01
  0.000000E+00  4.521536E+01  0.000000E+00  6.039175E-02  7.078242E-02
  6.086865E+01  7.410799E+01  3.899520E+01  2.751439E-01  7.902344E-01
  2.751439E-01  4.800895E+01 -4.767572E-01  7.902344E-01 -4.767572E-01
  4.864193E+01
      6660  6.660000E+00        41
 -1.202058E+06  2.945227E+02 -1.203119E+06  2.898809E+05 -1.493000E+06
  0.000000E+00  2.946793E-03  0.000000E+00  0.000000E+00 -1.186717E+06
  2.475323E+01 -4.390017E+04 -1.536000E+06  1.492145E+06  0.000000E+00
 -2.850847E-02  0.000000E+00  0.000000E+00  5.568179E+03  0.000000E+00
  0.000000E+00  0.000000E+00  9.000000E+01  9.000000E+01  9.000000E+01
  0.000000E+00  4.515129E+01  0.000000E+00  5.771211E-02  7.144041E-02
  6.072470E+01  7.392631E+01  4.048095E+01 -3.123126E-01  1.899278E+00
 -3.123126E-01  4.848119E+01 -2.381865E-01  1.899278E+00 -2.381865E-01
  4.649172E+01
      6670  6.670000E+00        41
 -1.202057E+06  2.935077E+02 -1.203115E+06  2.905360E+05 -1.493651E+06
  0.000000E+00  3.079916E-03  0.000000E+00  0.000000E+00 -1.185998E+06
  1.832985E+01 -4.606300E+04 -1.538793E+06  1.492794E+06  0.000000E+00
 -2.979997E-02  0.000000E+00  0.000000E+00  5.568179E+03  0.000000E+00
  0.000000E+00  0.000000E+00  9.000000E+01  9.000000E+01  9.000000E+01
  0.000000E+00  4.726615E+01  0.000000E+00  5.728294E-02  6.952455E-02
  6.056383E+01  7.373176E+01  4.118003E+01  1.709553E+00 -8.139539E-01
  1.709553E+00  5.339645E+01  1.650767E+00 -8.139539E-01  1.650767E+00
  4.722196E+01
      6680  6.680000E+00        41
 -1.202058E+06  3.055072E+02 -1.203159E+06  2.911087E+05 -1.494268E+06
  0.000000E+00  3.050682E-03  0.000000E+00  0.000000E+00 -1.185315E+06
  1.478110E+01 -4.802731E+04 -1.541369E+06  1.493407E+06  0.000000E+00
 -2.947256E-02  0.000000E+00  0.000000E+00  5.568179E+03  0.000000E+00
  0.000000E+00  0.000000E+00  9.000000E+01  9.000000E+01  9.000000E+01
  0.000000E+00  4.927822E+01  0.000000E+00  5.721025E-02  6.677205E-02
  6.038189E+01  7.352141E+01  4.156364E+01 -4.525957E-01 -4.592967E+00
 -4.525957E-01  5.838140E+01  7.167519E-01 -4.592967E+00  7.167519E-01
  4.788961E+01
      6690  6.690000E+00        41
 -1.202057E+06  2.886325E+02 -1.203098E+06  2.917042E+05 -1.494802E+06
  0.000000E+00  3.210287E-03  0.000000E+00  0.000000E+00 -1.184692E+06
  1.859137E+01 -5.001637E+04 -1.543881E+06  1.493938E+06  0.000000E+00
 -3.103481E-02  0.000000E+00  0.000000E+00  5.568179E+03  0.000000E+00
  0.000000E+00  0.000000E+00  9.000000E+01  9.000000E+01  9.000000E+01
  0.000000E+00  5.111018E+01  0.000000E+00  5.537634E-02  6.573096E-02
  6.017110E+01  7.328945E+01  5.291311E+01  1.879487E+00 -3.559630E+00
  1.879487E+00  5.003980E+01  6.446793E-01 -3.559630E+00  6.446793E-01
  5.037762E+01
      6700  6.700000E+00        41
 -1.202058E+06  3.133505E+02 -1.203188E+06  2.920786E+05 -1.495266E+06
  0.000000E+00  3.044791E-03  0.000000E+00  0.000000E+00 -1.184227E+06
  3.041197E+01 -5.123529E+04 -1.545579E+06  1.494407E+06  0.000000E+00
 -2.945234E-02  0.000000E+00  0.000000E+00  5.568179E+03  0.000000E+00
  0.000000E+00  0.000000E+00  9.000000E+01  9.000000E+01  9.000000E+01
  0.000000E+00  5.248055E+01  0.000000E+00  5.422482E-02  6.427727E-02
  5.992688E+01  7.303402E+01  5.243877E+01  1.284177E+00  2.485985E+00
  1.284177E+00  4.836887E+01 -2.093222E+00  2.485985E+00 -2.093222E+00
  5.663401E+01
      6710  6.710000E+00        41
 -1.202059E+06  3.058134E+02 -1.203161E+06  2.921779E+05 -1.495339E+06
  0.000000E+00  3.003331E-03  0.000000E+00  0.000000E+00 -1.184192E+06
  4.761946E+01 -5.139583E+04 -1.545822E+06  1.494479E+06  0.000000E+00
 -2.902475E-02  0.000000E+00  0.000000E+00  5.568179E+03  0.000000E+00
  0.000000E+00  0.000000E+00  9.000000E+01  9.000000E+01  9.000000E+01
  0.000000E+00  5.258432E+01  0.000000E+00  5.303543E-02  6.351164E-02
  5.965079E+01  7.275403E+01  4.497236E+01  5.827059E-02 -7.920953E-01
  5.827059E-02  5.468224E+01 -3.422299E+00 -7.920953E-01 -3.422299E+00
  5.809836E+01
      6720  6.720000E+00        41
 -1.202058E+06  2.944923E+02 -1.203119E+06  2.919112E+05 -1.495030E+06
  0.000000E+00  2.939103E-03  0.000000E+00  0.000000E+00 -1.184490E+06
  6.807153E+01 -5.058124E+04 -1.544705E+06  1.494169E+06  0.000000E+00
 -2.840585E-02  0.000000E+00  0.000000E+00  5.568179E+03  0.000000E+00
  0.000000E+00  0.000000E+00  9.000000E+01  9.000000E+01  9.000000E+01
  0.000000E+00  5.170459E+01  0.000000E+00  5.166481E-02  6.305795E-02
  5.934917E+01  7.245202E+01  4.625196E+01  1.289783E-01 -6.555316E-01
  1.289783E-01  5.494061E+01  9.442360E-01 -6.555316E-01  9.442360E-01
  5.392118E+01
      6730  6.730000E+00        41
 -1.202058E+06  3.011522E+02 -1.203143E+06  2.916408E+05 -1.494784E+06
  0.000000E+00  2.918475E-03  0.000000E+00  0.000000E+00 -1.184795E+06
  8.677522E+01 -4.961790E+04 -1.543503E+06  1.493928E+06  0.000000E+00
 -2.819623E-02  0.000000E+00  0.000000E+00  5.568179E+03  0.000000E+00
  0.000000E+00  0.000000E+00  9.000000E+01  9.000000E+01  9.000000E+01
  0.000000E+00  5.080612E+01  0.000000E+00  5.199091E-02  6.108107E-02
  5.903269E+01  7.213978E+01  4.947795E+01 -1.067985E+00  6.693315E+00
 -1.067985E+00  5.026053E+01  1.949177E+00  6.693315E+00  1.949177E+00
  5.267989E+01
      6740  6.740000E+00        41
 -1.202058E+06  2.994212E+02 -1.203137E+06  2.909845E+05 -1.494122E+06
  0.000000E+00  3.031923E-03  0.000000E+00  0.000000E+00 -1.185491E+06
  1.066338E+02 -4.754668E+04 -1.540756E+06  1.493269E+06  0.000000E+00
 -2.934013E-02  0.000000E+00  0.000000E+00  5.568179E+03  0.000000E+00
  0.000000E+00  0.000000E+00  9.000000E+01  9.000000E+01  9.000000E+01
  0.000000E+00  4.876140E+01  0.000000E+00  5.180105E-02  5.966579E-02
  5.870747E+01  7.182597E+01  4.610410E+01 -1.078608E-01  1.008502E+00
 -1.078608E-01  5.015799E+01 -9.774174E-01  1.008502E+00 -9.774174E-01
  5.002210E+01
      6750  6.750000E+00        41
 -1.202058E+06  2.972584E+02 -1.203129E+06  2.907678E+05 -1.493897E+06
  0.000000E+00  2.825733E-03  0.000000E+00  0.000000E+00 -1.185736E+06
  1.330440E+02 -4.682558E+04 -1.539814E+06  1.493036E+06  0.000000E+00
 -2.735437E-02  0.000000E+00  0.000000E+00  5.568179E+03  0.000000E+00
  0.000000E+00  0.000000E+00  9.000000E+01  9.000000E+01  9.000000E+01
  0.000000E+00  4.803801E+01  0.000000E+00  5.081400E-02  5.963345E-02
  5.837237E+01  7.151097E+01  4.414610E+01 -2.331022E+00 -2.001832E+00
 -2.331022E+00  4.878754E+01 -3.027685E+00 -2.001832E+00 -3.027685E+00
  5.118038E+01
      6760  6.760000E+00        41
 -1.202058E+06  2.863720E+02 -1.203090E+06  2.908027E+05 -1.493893E+06
  0.000000E+00  2.888103E-03  0.000000E+00  0.000000E+00 -1.185721E+06
  1.566158E+02 -4.695021E+04 -1.539934E+06  1.493034E+06  0.000000E+00
 -2.795234E-02  0.000000E+00  0.000000E+00  5.568179E+03  0.000000E+00
  0.000000E+00  0.000000E+00  9.000000E+01  9.000000E+01  9.000000E+01
  0.000000E+00  4.808271E+01  0.000000E+00  4.911608E-02  5.999624E-02
  5.802740E+01  7.119218E+01  4.633878E+01 -6.359003E-01  1.416879E+00
 -6.359003E-01  4.877251E+01 -8.193372E-01  1.416879E+00 -8.193372E-01
  4.913686E+01
      6770  6.770000E+00        41
 -1.202058E+06  3.225983E+02 -1.203221E+06  2.911334E+05 -1.494355E+06
  0.000000E+00  2.974992E-03  0.000000E+00  0.000000E+00 -1.185270E+06
  1.705484E+02 -4.804534E+04 -1.541504E+06  1.493503E+06  0.000000E+00
 -2.876391E-02  0.000000E+00  0.000000E+00  5.568179E+03  0.000000E+00
  0.000000E+00  0.000000E+00  9.000000E+01  9.000000E+01  9.000000E+01
  0.000000E+00  4.941296E+01  0.000000E+00  4.788020E-02  5.897263E-02
  5.767982E+01  7.087486E+01  4.453292E+01  1.015989E+00 -1.182808E+00
  1.015989E+00  4.979845E+01 -2.154452E+00 -1.182808E+00 -2.154452E+00
  5.390750E+01
      6780  6.780000E+00        41
 -1.202058E+06  3.064571E+02 -1.203163E+06  2.913555E+05 -1.494519E+06
  0.000000E+00  3.082744E-03  0.000000E+00  0.000000E+00 -1.185075E+06
  1.706081E+02 -4.874613E+04 -1.542375E+06  1.493669E+06  0.000000E+00
 -2.979870E-02  0.000000E+00  0.000000E+00  5.568179E+03  0.000000E+00
  0.000000E+00  0.000000E+00  9.000000E+01  9.000000E+01  9.000000E+01
  0.000000E+00  4.998633E+01  0.000000E+00  4.848676E-02  5.723016E-02
  5.733686E+01  7.056447E+01  4.829890E+01 -1.519188E+00 -9.624280E-01
 -1.519188E+00  5.117727E+01 -2.279326E+00 -9.624280E-01 -2.279326E+00
  5.048282E+01
      6790  6.790000E+00        41
 -1.202058E+06  2.979489E+02 -1.203132E+06  2.912294E+05 -1.494361E+06
  0.000000E+00  2.804274E-03  0.000000E+00  0.000000E+00 -1.185221E+06
  1.567932E+02 -4.836600E+04 -1.541797E+06  1.493504E+06  0.000000E+00
 -2.713082E-02  0.000000E+00  0.000000E+00  5.568179E+03  0.000000E+00
  0.000000E+00  0.000000E+00  9.000000E+01  9.000000E+01  9.000000E+01
  0.000000E+00  4.955356E+01  0.000000E+00  4.821814E-02  5.666934E-02
  5.699958E+01  7.025728E+01  5.171981E+01  4.628164E-01  2.655520E+00
  4.628164E-01  5.319226E+01  3.864173E-02  2.655520E+00  3.864173E-02
  4.374861E+01
      6800  6.800000E+00        41
 -1.202058E+06  2.986493E+02 -1.203135E+06  2.911865E+05 -1.494321E+06
  0.000000E+00  2.736163E-03  0.000000E+00  0.000000E+00 -1.185254E+06
  1.371471E+02 -4.826334E+04 -1.541654E+06  1.493462E+06  0.000000E+00
 -2.644304E-02  0.000000E+00  0.000000E+00  5.568179E+03  0.000000E+00
  0.000000E+00  0.000000E+00  9.000000E+01  9.000000E+01  9.000000E+01
  0.000000E+00  4.945828E+01  0.000000E+00  4.703651E-02  5.717918E-02
  5.667405E+01  6.995722E+01  4.434363E+01 -7.068595E-01  6.991501E-02
 -7.068595E-01  5.305393E+01 -1.025793E+00  6.991501E-02 -1.025793E+00
  5.097727E+01
      6810  6.810000E+00        41
 -1.202059E+06  3.069119E+02 -1.203165E+06  2.917674E+05 -1.494932E+06
  0.000000E+00  2.933925E-03  0.000000E+00  0.000000E+00 -1.184651E+06
  1.256427E+02 -5.001314E+04 -1.544030E+06  1.494075E+06  0.000000E+00
 -2.835366E-02  0.000000E+00  0.000000E+00  5.568179E+03  0.000000E+00
  0.000000E+00  0.000000E+00  9.000000E+01  9.000000E+01  9.000000E+01
  0.000000E+00  5.123367E+01  0.000000E+00  4.716600E-02  5.602364E-02
  5.636105E+01  6.966740E+01  4.750930E+01  9.673765E-01  2.549950E-01
  9.673765E-01  5.188410E+01 -1.534275E+00  2.549950E-01 -1.534275E+00
  5.430759E+01
      6820  6.820000E+00        41
 -1.202059E+06  3.019577E+02 -1.203147E+06  2.920823E+05 -1.495229E+06
  0.000000E+00  2.936839E-03  0.000000E+00  0.000000E+00 -1.184283E+06
  1.198695E+02 -5.115358E+04 -1.545478E+06  1.494368E+06  0.000000E+00
 -2.838768E-02  0.000000E+00  0.000000E+00  5.568179E+03  0.000000E+00
  0.000000E+00  0.000000E+00  9.000000E+01  9.000000E+01  9.000000E+01
  0.000000E+00  5.231762E+01  0.000000E+00  4.676728E-02  5.494001E-02
  5.605267E+01  6.938125E+01  5.065741E+01 -3.627721E-01  5.607531E+00
 -3.627721E-01  5.176883E+01 -1.545934E+00  5.607531E+00 -1.545934E+00
  5.452661E+01
      6830  6.830000E+00        41
 -1.202059E+06  3.176433E+02 -1.203204E+06  2.924269E+05 -1.495631E+06
  0.000000E+00  3.130253E-03  0.000000E+00  0.000000E+00 -1.183867E+06
  1.052209E+02 -5.228902E+04 -1.546991E+06  1.494774E+06  0.000000E+00
 -3.024747E-02  0.000000E+00  0.000000E+00  5.568179E+03  0.000000E+00
  0.000000E+00  0.000000E+00  9.000000E+01  9.000000E+01  9.000000E+01
  0.000000E+00  5.354285E+01  0.000000E+00  4.662611E-02  5.414863E-02
  5.575153E+01  6.910008E+01  5.019088E+01 -3.643929E+00  1.292564E+00
 -3.643929E+00  5.183307E+01 -1.823566E+00  1.292564E+00 -1.823566E+00
  5.860459E+01
      6840  6.840000E+00        41
 -1.202060E+06  3.079579E+02 -1.203170E+06  2.922842E+05 -1.495454E+06
  0.000000E+00  3.139263E-03  0.000000E+00  0.000000E+00 -1.184030E+06
  9.281915E+01 -5.187247E+04 -1.546381E+06  1.494599E+06  0.000000E+00
 -3.032248E-02  0.000000E+00  0.000000E+00  5.568179E+03  0.000000E+00
  0.000000E+00  0.000000E+00  9.000000E+01  9.000000E+01  9.000000E+01
  0.000000E+00  5.306599E+01  0.000000E+00  4.807713E-02  5.392402E-02
  5.547049E+01  6.883440E+01  4.906711E+01  3.623662E-01 -5.940548E-01
  3.623662E-01  5.493594E+01  4.884190E-01 -5.940548E-01  4.884190E-01
  5.519493E+01
      6850  6.850000E+00        41
 -1.202059E+06  2.794201E+02 -1.203066E+06  2.915460E+05 -1.494612E+06
  0.000000E+00  2.966402E-03  0.000000E+00  0.000000E+00 -1.184911E+06
  8.772896E+01 -4.943104E+04 -1.543134E+06  1.493758E+06  0.000000E+00
 -2.867993E-02  0.000000E+00  0.000000E+00  5.568179E+03  0.000000E+00
  0.000000E+00  0.000000E+00  9.000000E+01  9.000000E+01  9.000000E+01
  0.000000E+00  5.046909E+01  0.000000E+00  4.810542E-02  5.585672E-02
  5.521402E+01  6.858904E+01  4.575739E+01  9.839210E-01 -7.989086E-02
  9.839210E-01  5.643403E+01  4.657325E+00 -7.989086E-02  4.657325E+00
  4.921585E+01
      6860  6.860000E+00        41
 -1.202059E+06  3.126060E+02 -1.203186E+06  2.909324E+05 -1.494118E+06
  0.000000E+00  2.810355E-03  0.000000E+00  0.000000E+00 -1.185538E+06
  7.635345E+01 -4.731065E+04 -1.540524E+06  1.493264E+06  0.000000E+00
 -2.716774E-02  0.000000E+00  0.000000E+00  5.568179E+03  0.000000E+00
  0.000000E+00  0.000000E+00  9.000000E+01  9.000000E+01  9.000000E+01
  0.000000E+00  4.862383E+01  0.000000E+00  4.754088E-02  5.689481E-02
  5.497094E+01  6.835586E+01  4.660506E+01 -7.977911E-01 -2.179088E+00
 -7.977911E-01  5.277187E+01  2.721073E+00 -2.179088E+00  2.721073E+00
  4.649455E+01
      6870  6.870000E+00        41
 -1.202060E+06  3.190960E+02 -1.203210E+06  2.906910E+05 -1.493901E+06
  0.000000E+00  2.630514E-03  0.000000E+00  0.000000E+00 -1.185802E+06
  6.489880E+01 -4.647334E+04 -1.539485E+06  1.493053E+06  0.000000E+00
 -2.545166E-02  0.000000E+00  0.000000E+00  5.568179E+03  0.000000E+00
  0.000000E+00  0.000000E+00  9.000000E+01  9.000000E+01  9.000000E+01
  0.000000E+00  4.784855E+01  0.000000E+00  4.871967E-02  5.717101E-02
  5.473328E+01  6.812784E+01  4.833287E+01 -1.608931E+00 -1.408594E+00
 -1.608931E+00  4.454215E+01 -3.601728E-01 -1.408594E+00 -3.601728E-01
  5.067063E+01
      6880  6.880000E+00        41
 -1.202059E+06  2.813723E+02 -1.203073E+06  2.911002E+05 -1.494173E+06
  0.000000E+00  2.893719E-03  0.000000E+00  0.000000E+00 -1.185446E+06
  5.457177E+01 -4.781202E+04 -1.541092E+06  1.493325E+06  0.000000E+00
 -2.800856E-02  0.000000E+00  0.000000E+00  5.568179E+03  0.000000E+00
  0.000000E+00  0.000000E+00  9.000000E+01  9.000000E+01  9.000000E+01
  0.000000E+00  4.889534E+01  0.000000E+00  4.886176E-02  5.941826E-02
  5.450455E+01  6.791094E+01  4.955887E+01  1.089175E+00 -1.151392E+00
  1.089175E+00  4.807531E+01 -1.002039E+00 -1.151392E+00 -1.002039E+00
  4.905183E+01
      6890  6.890000E+00        41
 -1.202059E+06  3.030786E+02 -1.203152E+06  2.915568E+05 -1.494709E+06
  0.000000E+00  3.107214E-03  0.000000E+00  0.000000E+00 -1.184848E+06
  4.719374E+01 -4.945041E+04 -1.543258E+06  1.493860E+06  0.000000E+00
 -3.002103E-02  0.000000E+00  0.000000E+00  5.568179E+03  0.000000E+00
  0.000000E+00  0.000000E+00  9.000000E+01  9.000000E+01  9.000000E+01
  0.000000E+00  5.065640E+01  0.000000E+00  4.913816E-02  6.092764E-02
  5.428619E+01  6.770996E+01  4.893893E+01  1.839080E+00  2.835869E+00
  1.839080E+00  5.296239E+01 -1.783811E+00  2.835869E+00 -1.783811E+00
  5.006789E+01
      6900  6.900000E+00        41
 -1.202059E+06  2.963374E+02 -1.203127E+06  2.920667E+05 -1.495194E+06
  0.000000E+00  3.206436E-03  0.000000E+00  0.000000E+00 -1.184277E+06
  4.032646E+01 -5.121001E+04 -1.545494E+06  1.494349E+06  0.000000E+00
 -3.098443E-02  0.000000E+00  0.000000E+00  5.568179E+03  0.000000E+00
  0.000000E+00  0.000000E+00  9.000000E+01  9.000000E+01  9.000000E+01
  0.000000E+00  5.233518E+01  0.000000E+00  4.935118E-02  6.243692E-02
  5.407512E+01  6.752086E+01  5.279710E+01 -1.690910E+00 -7.844703E-01
 -1.690910E+00  5.292628E+01  2.211314E+00 -7.844703E-01  2.211314E+00
  5.128216E+01
      6910  6.910000E+00        41
 -1.202059E+06  3.006293E+02 -1.203142E+06  2.922359E+05 -1.495378E+06
  0.000000E+00  3.098986E-03  0.000000E+00  0.000000E+00 -1.184074E+06
  4.334731E+01 -5.178929E+04 -1.546246E+06  1.494532E+06  0.000000E+00
 -2.993660E-02  0.000000E+00  0.000000E+00  5.568179E+03  0.000000E+00
  0.000000E+00  0.000000E+00  9.000000E+01  9.000000E+01  9.000000E+01
  0.000000E+00  5.293377E+01  0.000000E+00  4.796687E-02  6.483960E-02
  5.387180E+01  6.734454E+01  5.497867E+01  5.142328E-02 -2.232575E+00
  5.142328E-02  4.884905E+01  2.689271E+00 -2.232575E+00  2.689271E+00
  5.497359E+01
      6920  6.920000E+00        41
 -1.202059E+06  2.874850E+02 -1.203095E+06  2.919407E+05 -1.495036E+06
  0.000000E+00  2.901522E-03  0.000000E+00  0.000000E+00 -1.184418E+06
  6.368678E+01 -5.085218E+04 -1.544946E+06  1.494183E+06  0.000000E+00
 -2.805020E-02  0.000000E+00  0.000000E+00  5.568179E+03  0.000000E+00
  0.000000E+00  0.000000E+00  9.000000E+01  9.000000E+01  9.000000E+01
  0.000000E+00  5.192094E+01  0.000000E+00  5.027091E-02  6.442220E-02
  5.368083E+01  6.718999E+01  5.265007E+01  2.937883E+00 -1.233834E+00
  2.937883E+00  4.749055E+01 -1.614423E-01 -1.233834E+00 -1.614423E-01
  5.562221E+01
      6930  6.930000E+00        41
 -1.202058E+06  2.909146E+02 -1.203107E+06  2.917352E+05 -1.494842E+06
  0.000000E+00  2.914475E-03  0.000000E+00  0.000000E+00 -1.184674E+06
  9.773599E+01 -5.005664E+04 -1.543938E+06  1.493987E+06  0.000000E+00
 -2.818023E-02  0.000000E+00  0.000000E+00  5.568179E+03  0.000000E+00
  0.000000E+00  0.000000E+00  9.000000E+01  9.000000E+01  9.000000E+01
  0.000000E+00  5.116389E+01  0.000000E+00  5.210440E-02  6.324610E-02
  5.350939E+01  6.706720E+01  4.343588E+01  8.766736E-01  2.155321E+00
  8.766736E-01  5.921335E+01 -2.079376E+00  2.155321E+00 -2.079376E+00
  5.084245E+01
      6940  6.940000E+00        41
 -1.202058E+06  3.068278E+02 -1.203164E+06  2.914856E+05 -1.494650E+06
  0.000000E+00  2.756110E-03  0.000000E+00  0.000000E+00 -1.184911E+06
  1.406548E+02 -4.923342E+04 -1.542924E+06  1.493799E+06  0.000000E+00
 -2.664891E-02  0.000000E+00  0.000000E+00  5.568179E+03  0.000000E+00
  0.000000E+00  0.000000E+00  9.000000E+01  9.000000E+01  9.000000E+01
  0.000000E+00  5.046775E+01  0.000000E+00  5.030197E-02  6.361878E-02
  5.335668E+01  6.697788E+01  4.047819E+01 -1.983752E+00  6.705441E-01
 -1.983752E+00  5.765016E+01 -6.222076E-01  6.705441E-01 -6.222076E-01
  5.327489E+01
      6950  6.950000E+00        41
 -1.202059E+06  3.031160E+02 -1.203151E+06  2.914942E+05 -1.494645E+06
  0.000000E+00  2.950078E-03  0.000000E+00  0.000000E+00 -1.184921E+06
  2.051377E+02 -4.923259E+04 -1.542928E+06  1.493795E+06  0.000000E+00
 -2.851961E-02  0.000000E+00  0.000000E+00  5.568179E+03  0.000000E+00
  0.000000E+00  0.000000E+00  9.000000E+01  9.000000E+01  9.000000E+01
  0.000000E+00  5.043910E+01  0.000000E+00  5.005634E-02  6.293554E-02
  5.322175E+01  6.692342E+01  5.061307E+01 -1.252711E+00 -1.590332E+00
 -1.252711E+00  4.582462E+01  4.316584E+00 -1.590332E+00  4.316584E+00
  5.487961E+01
      6960  6.960000E+00        41
 -1.202058E+06  2.919050E+02 -1.203110E+06  2.918738E+05 -1.494984E+06
  0.000000E+00  3.156282E-03  0.000000E+00  0.000000E+00 -1.184541E+06
  2.859890E+02 -5.045430E+04 -1.544488E+06  1.494131E+06  0.000000E+00
 -3.049938E-02  0.000000E+00  0.000000E+00  5.568179E+03  0.000000E+00
  0.000000E+00  0.000000E+00  9.000000E+01  9.000000E+01  9.000000E+01
  0.000000E+00  5.155642E+01  0.000000E+00  4.980658E-02  6.253179E-02
  5.310824E+01  6.690470E+01  4.973312E+01  2.738413E+00  4.076246E+00
  2.738413E+00  5.295591E+01  2.597542E+00  4.076246E+00  2.597542E+00
  5.198023E+01
      6970  6.970000E+00        41
 -1.202059E+06  3.040559E+02 -1.203154E+06  2.920526E+05 -1.495207E+06
  0.000000E+00  3.133258E-03  0.000000E+00  0.000000E+00 -1.184310E+06
  3.711546E+02 -5.106290E+04 -1.545333E+06  1.494350E+06  0.000000E+00
 -3.029147E-02  0.000000E+00  0.000000E+00  5.568179E+03  0.000000E+00
  0.000000E+00  0.000000E+00  9.000000E+01  9.000000E+01  9.000000E+01
  0.000000E+00  5.223734E+01  0.000000E+00  4.853450E-02  6.224935E-02
  5.301814E+01  6.691831E+01  4.778326E+01 -7.477068E-01  9.641538E-01
 -7.477068E-01  5.741405E+01 -4.405404E-02  9.641538E-01 -4.405404E-02
  5.151472E+01
      6980  6.980000E+00        41
 -1.202058E+06  2.916820E+02 -1.203109E+06  2.921184E+05 -1.495228E+06
  0.000000E+00  3.009987E-03  0.000000E+00  0.000000E+00 -1.184293E+06
  4.367563E+02 -5.120242E+04 -1.545515E+06  1.494375E+06  0.000000E+00
 -2.908362E-02  0.000000E+00  0.000000E+00  5.568179E+03  0.000000E+00
  0.000000E+00  0.000000E+00  9.000000E+01  9.000000E+01  9.000000E+01
  0.000000E+00  5.228510E+01  0.000000E+00  4.885273E-02  6.051258E-02
  5.294774E+01  6.695711E+01  5.185927E+01 -1.282374E+00 -5.366673E-01
 -1.282374E+00  5.226815E+01 -1.084463E+00 -5.366673E-01 -1.084463E+00
  5.272789E+01
      6990  6.990000E+00        41
 -1.202058E+06  3.012213E+02 -1.203144E+06  2.920998E+05 -1.495244E+06
  0.000000E+00  2.717829E-03  0.000000E+00  0.000000E+00 -1.184259E+06
  4.834710E+02 -5.123702E+04 -1.545550E+06  1.494389E+06  0.000000E+00
 -2.630125E-02  0.000000E+00  0.000000E+00  5.568179E+03  0.000000E+00
  0.000000E+00  0.000000E+00  9.000000E+01  9.000000E+01  9.000000E+01
  0.000000E+00  5.238537E+01  0.000000E+00  4.813955E-02  5.944558E-02
  5.289082E+01  6.701436E+01  4.608037E+01  2.337847E+00 -1.280434E+00
  2.337847E+00  5.217635E+01 -2.453580E-01 -1.280434E+00 -2.453580E-01
  5.889941E+01
      7000  7.000000E+00        41
 -1.202059E+06  3.146317E+02 -1.203193E+06  2.923508E+05 -1.495543E+06
  0.000000E+00  2.917580E-03  0.000000E+00  0.000000E+00 -1.183936E+06
  5.559158E+02 -5.211452E+04 -1.546680E+06  1.494679E+06  0.000000E+00
 -2.819812E-02  0.000000E+00  0.000000E+00  5.568179E+03  0.000000E+00
  0.000000E+00  0.000000E+00  9.000000E+01  9.000000E+01  9.000000E+01
  0.000000E+00  5.333933E+01  0.000000E+00  4.636893E-02  5.868295E-02
  5.284668E+01  6.709502E+01  4.863081E+01  2.021771E+00 -1.559698E+00
  2.021771E+00  5.390583E+01 -4.668710E-01 -1.559698E+00 -4.668710E-01
  5.748134E+01
      7010  7.010000E+00        41
 -1.202059E+06  2.978879E+02 -1.203132E+06  2.925377E+05 -1.495670E+06
  0.000000E+00  3.031294E-03  0.000000E+00  0.000000E+00 -1.183774E+06
  6.613948E+02 -5.272439E+04 -1.547450E+06  1.494810E+06  0.000000E+00
 -2.928755E-02  0.000000E+00  0.000000E+00  5.568179E+03  0.000000E+00
  0.000000E+00  0.000000E+00  9.000000E+01  9.000000E+01  9.000000E+01
  0.000000E+00  5.381666E+01  0.000000E+00  4.674141E-02  5.648635E-02
  5.281404E+01  6.720370E+01  5.671268E+01  1.454762E-01  3.334403E+00
  1.454762E-01  5.208876E+01  1.705925E-01  3.334403E+00  1.705925E-01
  5.264853E+01
      7020  7.020000E+00        41
 -1.202059E+06  3.022684E+02 -1.203148E+06  2.927764E+05 -1.495925E+06
  0.000000E+00  3.230620E-03  0.000000E+00  0.000000E+00 -1.183557E+06
  7.428539E+02 -5.334622E+04 -1.548367E+06  1.495064E+06  0.000000E+00
 -3.120640E-02  0.000000E+00  0.000000E+00  5.568179E+03  0.000000E+00
  0.000000E+00  0.000000E+00  9.000000E+01  9.000000E+01  9.000000E+01
  0.000000E+00  5.445570E+01  0.000000E+00  4.585162E-02  5.595196E-02
  5.278864E+01  6.733166E+01  5.389269E+01  1.078998E+00  1.830185E+00
  1.078998E+00  5.635619E+01  9.513890E-01  1.830185E+00  9.513890E-01
  5.311821E+01
      7030  7.030000E+00        41
 -1.202058E+06  2.827752E+02 -1.203077E+06  2.923251E+05 -1.495402E+06
  0.000000E+00  3.190657E-03  0.000000E+00  0.000000E+00 -1.184087E+06
  7.889777E+02 -5.189446E+04 -1.546397E+06  1.494543E+06  0.000000E+00
 -3.080808E-02  0.000000E+00  0.000000E+00  5.568179E+03  0.000000E+00
  0.000000E+00  0.000000E+00  9.000000E+01  9.000000E+01  9.000000E+01
  0.000000E+00  5.289244E+01  0.000000E+00  4.471072E-02  5.560854E-02
  5.276624E+01  6.746601E+01  4.465219E+01  1.479074E+00  6.715939E-01
  1.479074E+00  5.960029E+01  2.745715E+00  6.715939E-01  2.745715E+00
  5.442483E+01
      7040  7.040000E+00        41
 -1.202059E+06  3.100353E+02 -1.203176E+06  2.916726E+05 -1.494849E+06
  0.000000E+00  2.740730E-03  0.000000E+00  0.000000E+00 -1.184740E+06
  8.218127E+02 -4.974147E+04 -1.543690E+06  1.493988E+06  0.000000E+00
 -2.649922E-02  0.000000E+00  0.000000E+00  5.568179E+03  0.000000E+00
  0.000000E+00  0.000000E+00  9.000000E+01  9.000000E+01  9.000000E+01
  0.000000E+00  5.097220E+01  0.000000E+00  4.439636E-02  5.404502E-02
  5.274507E+01  6.760123E+01  4.917747E+01 -1.932840E+00  4.314848E+00
 -1.932840E+00  5.212532E+01  2.462298E+00  4.314848E+00  2.462298E+00
  5.161380E+01
      7050  7.050000E+00        41
 -1.202059E+06  3.125816E+02 -1.203186E+06  2.917845E+05 -1.494970E+06
  0.000000E+00  2.820636E-03  0.000000E+00  0.000000E+00 -1.184624E+06
  7.986730E+02 -5.007055E+04 -1.544124E+06  1.494102E+06  0.000000E+00
 -2.726220E-02  0.000000E+00  0.000000E+00  5.568179E+03  0.000000E+00
  0.000000E+00  0.000000E+00  9.000000E+01  9.000000E+01  9.000000E+01
  0.000000E+00  5.131362E+01  0.000000E+00  4.291996E-02  5.417539E-02
  5.272593E+01  6.773306E+01  4.999723E+01 -2.125120E+00  4.203388E+00
 -2.125120E+00  4.854403E+01  8.203663E-01  4.203388E+00  8.203663E-01
  5.539958E+01
      7060  7.060000E+00        41
 -1.202059E+06  2.928907E+02 -1.203114E+06  2.922166E+05 -1.495331E+06
  0.000000E+00  2.835444E-03  0.000000E+00  0.000000E+00 -1.184156E+06
  7.313994E+02 -5.161495E+04 -1.546010E+06  1.494462E+06  0.000000E+00
 -2.739901E-02  0.000000E+00  0.000000E+00  5.568179E+03  0.000000E+00
  0.000000E+00  0.000000E+00  9.000000E+01  9.000000E+01  9.000000E+01
  0.000000E+00  5.269117E+01  0.000000E+00  4.335026E-02  5.282425E-02
  5.271008E+01  6.785667E+01  4.563097E+01  2.306527E+00 -3.802346E+00
  2.306527E+00  5.360976E+01  4.073392E+00 -3.802346E+00  4.073392E+00
  5.883277E+01
      7070  7.070000E+00        41
 -1.202060E+06  3.206791E+02 -1.203216E+06  2.928397E+05 -1.496055E+06
  0.000000E+00  2.966406E-03  0.000000E+00  0.000000E+00 -1.183398E+06
  6.568909E+02 -5.369041E+04 -1.548800E+06  1.495188E+06  0.000000E+00
 -2.864770E-02  0.000000E+00  0.000000E+00  5.568179E+03  0.000000E+00
  0.000000E+00  0.000000E+00  9.000000E+01  9.000000E+01  9.000000E+01
  0.000000E+00  5.492567E+01  0.000000E+00  4.379588E-02  5.108304E-02
  5.270022E+01  6.797417E+01  5.221239E+01  9.869951E-01 -2.223099E+00
  9.869951E-01  6.086067E+01  4.611784E+00 -2.223099E+00  4.611784E+00
  5.170396E+01
      7080  7.080000E+00        41
 -1.202059E+06  2.894454E+02 -1.203102E+06  2.932457E+05 -1.496348E+06
  0.000000E+00  3.111988E-03  0.000000E+00  0.000000E+00 -1.183014E+06
  5.872789E+02 -5.506391E+04 -1.550456E+06  1.495483E+06  0.000000E+00
 -3.005776E-02  0.000000E+00  0.000000E+00  5.568179E+03  0.000000E+00
  0.000000E+00  0.000000E+00  9.000000E+01  9.000000E+01  9.000000E+01
  0.000000E+00  5.605399E+01  0.000000E+00  4.311322E-02  5.095252E-02
  5.269983E+01  6.809105E+01  5.363604E+01 -1.970370E+00 -2.770124E-02
 -1.970370E+00  6.227578E+01  3.517364E-01 -2.770124E-02  3.517364E-01
  5.225014E+01
      7090  7.090000E+00        41
 -1.202060E+06  3.143238E+02 -1.203193E+06  2.929614E+05 -1.496154E+06
  0.000000E+00  2.891875E-03  0.000000E+00  0.000000E+00 -1.183253E+06
  5.319075E+02 -5.416634E+04 -1.549338E+06  1.495291E+06  0.000000E+00
 -2.795849E-02  0.000000E+00  0.000000E+00  5.568179E+03  0.000000E+00
  0.000000E+00  0.000000E+00  9.000000E+01  9.000000E+01  9.000000E+01
  0.000000E+00  5.535071E+01  0.000000E+00  4.327964E-02  5.014320E-02
  5.271365E+01  6.821458E+01  5.825830E+01  3.146161E-01 -5.989851E+00
  3.146161E-01  5.120140E+01 -2.228346E+00 -5.989851E+00 -2.228346E+00
  5.659244E+01
      7100  7.100000E+00        41
 -1.202060E+06  3.034588E+02 -1.203153E+06  2.923848E+05 -1.495538E+06
  0.000000E+00  2.880014E-03  0.000000E+00  0.000000E+00 -1.183918E+06
  5.062875E+02 -5.225012E+04 -1.546781E+06  1.494675E+06  0.000000E+00
 -2.781362E-02  0.000000E+00  0.000000E+00  5.568179E+03  0.000000E+00
  0.000000E+00  0.000000E+00  9.000000E+01  9.000000E+01  9.000000E+01
  0.000000E+00  5.339455E+01  0.000000E+00  4.377301E-02  5.034732E-02
  5.274656E+01  6.835180E+01  5.762310E+01  2.210455E+00 -5.141423E-01
  2.210455E+00  5.062805E+01  4.274665E-01 -5.141423E-01  4.274665E-01
  5.193251E+01
      7110  7.110000E+00        41
 -1.202060E+06  3.113048E+02 -1.203182E+06  2.919942E+05 -1.495176E+06
  0.000000E+00  2.753089E-03  0.000000E+00  0.000000E+00 -1.184305E+06
  5.287558E+02 -5.103286E+04 -1.545187E+06  1.494312E+06  0.000000E+00
 -2.658851E-02  0.000000E+00  0.000000E+00  5.568179E+03  0.000000E+00
  0.000000E+00  0.000000E+00  9.000000E+01  9.000000E+01  9.000000E+01
  0.000000E+00  5.225528E+01  0.000000E+00  4.339932E-02  5.190883E-02
  5.280166E+01  6.850781E+01  4.419715E+01 -3.047586E-01  1.574355E+00
 -3.047586E-01  6.012758E+01  2.089208E+00  1.574355E+00  2.089208E+00
  5.244111E+01
      7120  7.120000E+00        41
 -1.202060E+06  2.967007E+02 -1.203129E+06  2.922046E+05 -1.495334E+06
  0.000000E+00  2.827573E-03  0.000000E+00  0.000000E+00 -1.184095E+06
  5.189920E+02 -5.176779E+04 -1.546067E+06  1.494466E+06  0.000000E+00
 -2.732449E-02  0.000000E+00  0.000000E+00  5.568179E+03  0.000000E+00
  0.000000E+00  0.000000E+00  9.000000E+01  9.000000E+01  9.000000E+01
  0.000000E+00  5.287325E+01  0.000000E+00  4.533417E-02  5.257658E-02
  5.288140E+01  6.868319E+01  4.408166E+01 -2.070506E+00  4.218461E-01
 -2.070506E+00  5.850119E+01 -7.996146E-02  4.218461E-01 -7.996146E-02
  5.603692E+01
      7130  7.130000E+00        41
 -1.202059E+06  2.916156E+02 -1.203111E+06  2.927081E+05 -1.495819E+06
  0.000000E+00  2.903503E-03  0.000000E+00  0.000000E+00 -1.183567E+06
  4.547819E+02 -5.338697E+04 -1.548196E+06  1.494959E+06  0.000000E+00
 -2.803930E-02  0.000000E+00  0.000000E+00  5.568179E+03  0.000000E+00
  0.000000E+00  0.000000E+00  9.000000E+01  9.000000E+01  9.000000E+01
  0.000000E+00  5.442738E+01  0.000000E+00  4.664983E-02  5.401656E-02
  5.298765E+01  6.887430E+01  5.225816E+01  2.709072E-02  4.186482E+00
  2.709072E-02  5.432265E+01 -4.798226E-01  4.186482E+00 -4.798226E-01
  5.670134E+01
      7140  7.140000E+00        41
 -1.202060E+06  3.006178E+02 -1.203143E+06  2.931173E+05 -1.496261E+06
  0.000000E+00  3.055834E-03  0.000000E+00  0.000000E+00 -1.183064E+06
  3.635342E+02 -5.482903E+04 -1.550058E+06  1.495400E+06  0.000000E+00
 -2.954112E-02  0.000000E+00  0.000000E+00  5.568179E+03  0.000000E+00
  0.000000E+00  0.000000E+00  9.000000E+01  9.000000E+01  9.000000E+01
  0.000000E+00  5.590804E+01  0.000000E+00  4.680465E-02  5.570452E-02
  5.311433E+01  6.907185E+01  5.331849E+01  1.873396E+00 -6.122630E-01
  1.873396E+00  6.031487E+01 -4.608682E-01 -6.122630E-01 -4.608682E-01
  5.409075E+01
      7150  7.150000E+00        41
 -1.202060E+06  3.122105E+02 -1.203186E+06  2.931769E+05 -1.496363E+06
  0.000000E+00  3.045160E-03  0.000000E+00  0.000000E+00 -1.182953E+06
  2.537389E+02 -5.507634E+04 -1.550361E+06  1.495508E+06  0.000000E+00
 -2.944127E-02  0.000000E+00  0.000000E+00  5.568179E+03  0.000000E+00
  0.000000E+00  0.000000E+00  9.000000E+01  9.000000E+01  9.000000E+01
  0.000000E+00  5.623534E+01  0.000000E+00  4.916281E-02  5.546502E-02
  5.325310E+01  6.926077E+01  5.430660E+01 -2.108566E+00 -7.047564E+00
 -2.108566E+00  5.992074E+01 -8.021143E-04 -7.047564E+00 -8.021143E-04
  5.447866E+01
      7160  7.160000E+00        41
 -1.202060E+06  3.015690E+02 -1.203147E+06  2.925352E+05 -1.495683E+06
  0.000000E+00  3.001031E-03  0.000000E+00  0.000000E+00 -1.183719E+06
  2.143919E+02 -5.285521E+04 -1.547504E+06  1.494830E+06  0.000000E+00
 -2.895237E-02  0.000000E+00  0.000000E+00  5.568179E+03  0.000000E+00
  0.000000E+00  0.000000E+00  9.000000E+01  9.000000E+01  9.000000E+01
  0.000000E+00  5.398197E+01  0.000000E+00  5.084568E-02  5.652814E-02
  5.339950E+01  6.943157E+01  5.341003E+01  8.695781E-01 -3.851273E+00
  8.695781E-01  5.273953E+01 -4.746550E+00 -3.851273E+00 -4.746550E+00
  5.579634E+01
      7170  7.170000E+00        41
 -1.202060E+06  2.971059E+02 -1.203131E+06  2.915320E+05 -1.494663E+06
  0.000000E+00  2.946037E-03  0.000000E+00  0.000000E+00 -1.184873E+06
  2.271896E+02 -4.942492E+04 -1.543086E+06  1.493800E+06  0.000000E+00
 -2.850656E-02  0.000000E+00  0.000000E+00  5.568179E+03  0.000000E+00
  0.000000E+00  0.000000E+00  9.000000E+01  9.000000E+01  9.000000E+01
  0.000000E+00  5.058475E+01  0.000000E+00  5.092357E-02  5.854934E-02
  5.355474E+01  6.958936E+01  5.254252E+01  2.860503E+00 -3.090422E-01
  2.860503E+00  5.089785E+01 -3.177729E+00 -3.090422E-01 -3.177729E+00
  4.831389E+01
      7180  7.180000E+00        41
 -1.202059E+06  2.766128E+02 -1.203056E+06  2.912924E+05 -1.494348E+06
  0.000000E+00  2.843761E-03  0.000000E+00  0.000000E+00 -1.185187E+06
  2.280393E+02 -4.862703E+04 -1.541983E+06  1.493488E+06  0.000000E+00
 -2.749900E-02  0.000000E+00  0.000000E+00  5.568179E+03  0.000000E+00
  0.000000E+00  0.000000E+00  9.000000E+01  9.000000E+01  9.000000E+01
  0.000000E+00  4.965702E+01  0.000000E+00  5.227062E-02  5.904283E-02
  5.372221E+01  6.974293E+01  5.415144E+01  2.864746E-01 -7.606073E-02
  2.864746E-01  4.946900E+01 -1.581030E+00 -7.606073E-02 -1.581030E+00
  4.535061E+01
      7190  7.190000E+00        41
 -1.202059E+06  3.005977E+02 -1.203143E+06  2.916488E+05 -1.494792E+06
  0.000000E+00  3.012460E-03  0.000000E+00  0.000000E+00 -1.184760E+06
  1.955486E+02 -4.973481E+04 -1.543542E+06  1.493940E+06  0.000000E+00
 -2.908338E-02  0.000000E+00  0.000000E+00  5.568179E+03  0.000000E+00
  0.000000E+00  0.000000E+00  9.000000E+01  9.000000E+01  9.000000E+01
  0.000000E+00  5.091424E+01  0.000000E+00  5.303676E-02  5.950108E-02
  5.390501E+01  6.990024E+01  5.028702E+01 -1.828164E+00  3.186218E+00
 -1.828164E+00  5.168761E+01 -2.075353E+00  3.186218E+00 -2.075353E+00
  5.076809E+01
      7200  7.200000E+00        41
 -1.202059E+06  2.912317E+02 -1.203109E+06  2.916806E+05 -1.494789E+06
  0.000000E+00  3.086547E-03  0.000000E+00  0.000000E+00 -1.184705E+06
  1.615928E+02 -4.996592E+04 -1.543786E+06  1.493937E+06  0.000000E+00
 -2.985837E-02  0.000000E+00  0.000000E+00  5.568179E+03  0.000000E+00
  0.000000E+00  0.000000E+00  9.000000E+01  9.000000E+01  9.000000E+01
  0.000000E+00  5.107556E+01  0.000000E+00  5.399353E-02  5.952255E-02
  5.410813E+01  7.006981E+01  4.401615E+01 -1.885319E+00 -3.343856E-02
 -1.885319E+00  5.455804E+01  9.084274E-02 -3.343856E-02  9.084274E-02
  5.465250E+01
      7210  7.210000E+00        41
 -1.202059E+06  2.978192E+02 -1.203132E+06  2.921859E+05 -1.495318E+06
  0.000000E+00  3.123203E-03  0.000000E+00  0.000000E+00 -1.184167E+06
  1.446772E+02 -5.153175E+04 -1.545912E+06  1.494461E+06  0.000000E+00
 -3.019057E-02  0.000000E+00  0.000000E+00  5.568179E+03  0.000000E+00
  0.000000E+00  0.000000E+00  9.000000E+01  9.000000E+01  9.000000E+01
  0.000000E+00  5.265876E+01  0.000000E+00  5.452931E-02  5.897599E-02
  5.433292E+01  7.025603E+01  4.970478E+01 -1.316521E+00 -4.089744E+00
 -1.316521E+00  5.576004E+01  2.491035E+00 -4.089744E+00  2.491035E+00
  5.251145E+01
      7220  7.220000E+00        41
 -1.202059E+06  3.199586E+02 -1.203213E+06  2.922286E+05 -1.495441E+06
  0.000000E+00  3.092265E-03  0.000000E+00  0.000000E+00 -1.184056E+06
  1.511426E+02 -5.170918E+04 -1.546227E+06  1.494577E+06  0.000000E+00
 -2.988211E-02  0.000000E+00  0.000000E+00  5.568179E+03  0.000000E+00
  0.000000E+00  0.000000E+00  9.000000E+01  9.000000E+01  9.000000E+01
  0.000000E+00  5.298924E+01  0.000000E+00  5.276909E-02  6.082937E-02
  5.457524E+01  7.045479E+01  5.249289E+01 -1.938712E+00 -7.564649E-01
 -1.938712E+00  5.249383E+01  1.204727E+00 -7.564649E-01  1.204727E+00
  5.398101E+01
      7230  7.230000E+00        41
 -1.202058E+06  2.883960E+02 -1.203098E+06  2.920011E+05 -1.495099E+06
  0.000000E+00  2.781611E-03  0.000000E+00  0.000000E+00 -1.184380E+06
  1.637627E+02 -5.096093E+04 -1.545144E+06  1.494239E+06  0.000000E+00
 -2.693218E-02  0.000000E+00  0.000000E+00  5.568179E+03  0.000000E+00
  0.000000E+00  0.000000E+00  9.000000E+01  9.000000E+01  9.000000E+01
  0.000000E+00  5.203163E+01  0.000000E+00  5.364430E-02  6.125235E-02
  5.483094E+01  7.066215E+01  5.240578E+01 -6.975537E-01  1.744722E+00
 -6.975537E-01  4.905347E+01 -1.933908E+00  1.744722E+00 -1.933908E+00
  5.463566E+01
      7240  7.240000E+00        41
 -1.202058E+06  2.822267E+02 -1.203075E+06  2.922122E+05 -1.495287E+06
  0.000000E+00  2.980262E-03  0.000000E+00  0.000000E+00 -1.184205E+06
  1.857110E+02 -5.152708E+04 -1.545912E+06  1.494427E+06  0.000000E+00
 -2.880446E-02  0.000000E+00  0.000000E+00  5.568179E+03  0.000000E+00
  0.000000E+00  0.000000E+00  9.000000E+01  9.000000E+01  9.000000E+01
  0.000000E+00  5.254290E+01  0.000000E+00  5.429185E-02  6.108882E-02
  5.509582E+01  7.087448E+01  5.109739E+01  1.427810E+00 -1.278963E+00
  1.427810E+00  5.444802E+01  1.440988E-01 -1.278963E+00  1.440988E-01
  5.208328E+01
      7250  7.250000E+00        41
 -1.202059E+06  3.086900E+02 -1.203171E+06  2.922328E+05 -1.495404E+06
  0.000000E+00  3.041838E-03  0.000000E+00  0.000000E+00 -1.184136E+06
  2.115607E+02 -5.154847E+04 -1.546055E+06  1.494545E+06  0.000000E+00
 -2.935562E-02  0.000000E+00  0.000000E+00  5.568179E+03  0.000000E+00
  0.000000E+00  0.000000E+00  9.000000E+01  9.000000E+01  9.000000E+01
  0.000000E+00  5.275040E+01  0.000000E+00  5.277021E-02  6.304200E-02
  5.536703E+01  7.108810E+01  4.631485E+01  1.115975E+00 -4.932576E-01
  1.115975E+00  6.011484E+01  2.116309E+00 -4.932576E-01  2.116309E+00
  5.182151E+01
      7260  7.260000E+00        41
 -1.202060E+06  3.214487E+02 -1.203218E+06  2.917921E+05 -1.495010E+06
  0.000000E+00  2.981073E-03  0.000000E+00  0.000000E+00 -1.184543E+06
  2.330383E+02 -5.023996E+04 -1.544349E+06  1.494152E+06  0.000000E+00
 -2.879859E-02  0.000000E+00  0.000000E+00  5.568179E+03  0.000000E+00
  0.000000E+00  0.000000E+00  9.000000E+01  9.000000E+01  9.000000E+01
  0.000000E+00  5.155637E+01  0.000000E+00  5.266468E-02  6.437676E-02
  5.563984E+01  7.129919E+01  5.065987E+01  1.251480E-01  1.366567E+00
  1.251480E-01  5.439195E+01 -9.426367E-01  1.366567E+00 -9.426367E-01
  4.961729E+01
      7270  7.270000E+00        41
 -1.202058E+06  2.852809E+02 -1.203086E+06  2.920018E+05 -1.495088E+06
  0.000000E+00  3.096757E-03  0.000000E+00  0.000000E+00 -1.184474E+06
  2.506698E+02 -5.070391E+04 -1.544896E+06  1.494232E+06  0.000000E+00
 -2.988801E-02  0.000000E+00  0.000000E+00  5.568179E+03  0.000000E+00
  0.000000E+00  0.000000E+00  9.000000E+01  9.000000E+01  9.000000E+01
  0.000000E+00  5.175532E+01  0.000000E+00  5.422154E-02  6.455455E-02
  5.590759E+01  7.150200E+01  5.534513E+01 -1.968181E+00  4.623184E+00
 -1.968181E+00  4.549211E+01 -1.362555E+00  4.623184E+00 -1.362555E+00
  5.442871E+01
      7280  7.280000E+00        41
 -1.202059E+06  3.082485E+02 -1.203170E+06  2.916926E+05 -1.494863E+06
  0.000000E+00  2.881321E-03  0.000000E+00  0.000000E+00 -1.184724E+06
  2.637121E+02 -4.978886E+04 -1.543752E+06  1.494004E+06  0.000000E+00
 -2.784100E-02  0.000000E+00  0.000000E+00  5.568179E+03  0.000000E+00
  0.000000E+00  0.000000E+00  9.000000E+01  9.000000E+01  9.000000E+01
  0.000000E+00  5.101971E+01  0.000000E+00  5.487909E-02  6.522707E-02
  5.616572E+01  7.169222E+01  4.762600E+01  3.747951E-01  6.283703E+00
  3.747951E-01  5.151931E+01  1.966478E+00  6.283703E+00  1.966478E+00
  5.391382E+01
      7290  7.290000E+00        41
 -1.202059E+06  2.903414E+02 -1.203105E+06  2.917502E+05 -1.494855E+06
  0.000000E+00  2.957835E-03  0.000000E+00  0.000000E+00 -1.184678E+06
  2.710731E+02 -5.005520E+04 -1.544006E+06  1.493994E+06  0.000000E+00
 -2.861040E-02  0.000000E+00  0.000000E+00  5.568179E+03  0.000000E+00
  0.000000E+00  0.000000E+00  9.000000E+01  9.000000E+01  9.000000E+01
  0.000000E+00  5.115418E+01  0.000000E+00  5.660286E-02  6.494247E-02
  5.641031E+01  7.186579E+01  4.802793E+01  1.046277E+00  3.531206E+00
  1.046277E+00  5.721064E+01  6.616078E+00  3.531206E+00  6.616078E+00
  4.822399E+01
      7300  7.300000E+00        41
 -1.202059E+06  3.043035E+02 -1.203156E+06  2.921611E+05 -1.495317E+06
  0.000000E+00  2.972772E-03  0.000000E+00  0.000000E+00 -1.184204E+06
  2.767695E+02 -5.137878E+04 -1.545804E+06  1.494462E+06  0.000000E+00
 -2.873705E-02  0.000000E+00  0.000000E+00  5.568179E+03  0.000000E+00
  0.000000E+00  0.000000E+00  9.000000E+01  9.000000E+01  9.000000E+01
  0.000000E+00  5.255130E+01  0.000000E+00  5.746054E-02  6.478754E-02
  5.663621E+01  7.201823E+01  5.462365E+01 -2.003385E+00  2.901022E+00
 -2.003385E+00  4.992302E+01  3.510334E+00  2.901022E+00  3.510334E+00
  5.310723E+01
      7310  7.310000E+00        41
 -1.202059E+06  2.944198E+02 -1.203120E+06  2.922596E+05 -1.495379E+06
  0.000000E+00  3.050211E-03  0.000000E+00  0.000000E+00 -1.184130E+06
  2.870220E+02 -5.166993E+04 -1.546176E+06  1.494521E+06  0.000000E+00
 -2.948355E-02  0.000000E+00  0.000000E+00  5.568179E+03  0.000000E+00
  0.000000E+00  0.000000E+00  9.000000E+01  9.000000E+01  9.000000E+01
  0.000000E+00  5.276679E+01  0.000000E+00  5.698956E-02  6.611629E-02
  5.684047E+01  7.214751E+01  5.162444E+01 -1.823830E+00  4.148501E+00
 -1.823830E+00  4.915953E+01  1.305400E+00  4.148501E+00  1.305400E+00
  5.751642E+01
      7320  7.320000E+00        41
 -1.202059E+06  3.063740E+02 -1.203164E+06  2.924300E+05 -1.495594E+06
  0.000000E+00  3.128729E-03  0.000000E+00  0.000000E+00 -1.183921E+06
  2.926621E+02 -5.221413E+04 -1.546925E+06  1.494733E+06  0.000000E+00
 -3.021430E-02  0.000000E+00  0.000000E+00  5.568179E+03  0.000000E+00
  0.000000E+00  0.000000E+00  9.000000E+01  9.000000E+01  9.000000E+01
  0.000000E+00  5.338509E+01  0.000000E+00  5.722309E-02  6.697853E-02
  5.702680E+01  7.225686E+01  4.851619E+01 -4.190634E-01 -2.383864E+00
 -4.190634E-01  5.300540E+01  1.501554E+00 -2.383864E+00  1.501554E+00
  5.863369E+01
      7330  7.330000E+00        41
 -1.202059E+06  3.140108E+02 -1.203191E+06  2.925620E+05 -1.495753E+06
  0.000000E+00  3.126353E-03  0.000000E+00  0.000000E+00 -1.183776E+06
  2.982866E+02 -5.259392E+04 -1.547465E+06  1.494893E+06  0.000000E+00
 -3.018908E-02  0.000000E+00  0.000000E+00  5.568179E+03  0.000000E+00
  0.000000E+00  0.000000E+00  9.000000E+01  9.000000E+01  9.000000E+01
  0.000000E+00  5.381156E+01  0.000000E+00  5.887692E-02  6.709336E-02
  5.719633E+01  7.234710E+01  4.862565E+01  1.729105E+00 -2.669010E+00
  1.729105E+00  5.519733E+01 -4.787579E-01 -2.669010E+00 -4.787579E-01
  5.761170E+01
      7340  7.340000E+00        41
 -1.202059E+06  2.906060E+02 -1.203106E+06  2.923480E+05 -1.495454E+06
  0.000000E+00  3.019934E-03  0.000000E+00  0.000000E+00 -1.184095E+06
  2.940415E+02 -5.180209E+04 -1.546383E+06  1.494598E+06  0.000000E+00
 -2.917618E-02  0.000000E+00  0.000000E+00  5.568179E+03  0.000000E+00
  0.000000E+00  0.000000E+00  9.000000E+01  9.000000E+01  9.000000E+01
  0.000000E+00  5.286930E+01  0.000000E+00  6.012890E-02  6.879228E-02
  5.734674E+01  7.241678E+01  4.799892E+01  1.210774E+00  2.433418E+00
  1.210774E+00  5.268993E+01 -4.733883E-02  2.433418E+00 -4.733883E-02
  5.791906E+01
      7350  7.350000E+00        41
 -1.202059E+06  3.042475E+02 -1.203156E+06  2.919240E+05 -1.495080E+06
  0.000000E+00  2.783278E-03  0.000000E+00  0.000000E+00 -1.184451E+06
  2.970022E+02 -5.063759E+04 -1.544831E+06  1.494218E+06  0.000000E+00
 -2.691664E-02  0.000000E+00  0.000000E+00  5.568179E+03  0.000000E+00
  0.000000E+00  0.000000E+00  9.000000E+01  9.000000E+01  9.000000E+01
  0.000000E+00  5.182325E+01  0.000000E+00  6.069313E-02  7.132381E-02
  5.747675E+01  7.246536E+01  5.278960E+01  1.614196E+00  3.305612E-02
  1.614196E+00  5.089257E+01  4.695459E-02  3.305612E-02  4.695459E-02
  5.178759E+01
      7360  7.360000E+00        41
 -1.202060E+06  3.192479E+02 -1.203210E+06  2.922938E+05 -1.495504E+06
  0.000000E+00  2.808147E-03  0.000000E+00  0.000000E+00 -1.184060E+06
  3.051973E+02 -5.170384E+04 -1.546330E+06  1.494644E+06  0.000000E+00
 -2.717428E-02  0.000000E+00  0.000000E+00  5.568179E+03  0.000000E+00
  0.000000E+00  0.000000E+00  9.000000E+01  9.000000E+01  9.000000E+01
  0.000000E+00  5.297520E+01  0.000000E+00  6.267537E-02  7.292582E-02
  5.758612E+01  7.249208E+01  5.758812E+01  3.256740E+00 -3.192425E+00
  3.256740E+00  5.232076E+01  6.729325E-01 -3.192425E+00  6.729325E-01
  4.901673E+01
      7370  7.370000E+00        41
 -1.202060E+06  3.004954E+02 -1.203143E+06  2.925523E+05 -1.495695E+06
  0.000000E+00  3.037547E-03  0.000000E+00  0.000000E+00 -1.183833E+06
  3.104410E+02 -5.252209E+04 -1.547352E+06  1.494843E+06  0.000000E+00
 -2.934311E-02  0.000000E+00  0.000000E+00  5.568179E+03  0.000000E+00
  0.000000E+00  0.000000E+00  9.000000E+01  9.000000E+01  9.000000E+01
  0.000000E+00  5.364521E+01  0.000000E+00  6.550743E-02  7.551258E-02
  5.767939E+01  7.250097E+01  5.781266E+01  4.409273E-01  3.116562E+00
  4.409273E-01  5.055128E+01 -2.407791E+00  3.116562E+00 -2.407791E+00
  5.257170E+01
      7380  7.380000E+00        41
 -1.202060E+06  2.989932E+02 -1.203138E+06  2.925207E+05 -1.495658E+06
  0.000000E+00  3.230998E-03  0.000000E+00  0.000000E+00 -1.183849E+06
  3.043798E+02 -5.248462E+04 -1.547281E+06  1.494810E+06  0.000000E+00
 -3.119452E-02  0.000000E+00  0.000000E+00  5.568179E+03  0.000000E+00
  0.000000E+00  0.000000E+00  9.000000E+01  9.000000E+01  9.000000E+01
  0.000000E+00  5.359798E+01  0.000000E+00  6.810686E-02  7.864364E-02
  5.776040E+01  7.249608E+01  5.322590E+01 -6.432658E-01  2.860671E+00
 -6.432658E-01  5.448544E+01  1.895343E+00  2.860671E+00  1.895343E+00
  5.308260E+01
      7390  7.390000E+00        41
 -1.202060E+06  3.092836E+02 -1.203175E+06  2.920511E+05 -1.495226E+06
  0.000000E+00  3.052258E-03  0.000000E+00  0.000000E+00 -1.184344E+06
  2.711125E+02 -5.092714E+04 -1.545280E+06  1.494378E+06  0.000000E+00
 -2.948495E-02  0.000000E+00  0.000000E+00  5.568179E+03  0.000000E+00
  0.000000E+00  0.000000E+00  9.000000E+01  9.000000E+01  9.000000E+01
  0.000000E+00  5.214357E+01  0.000000E+00  6.963292E-02  8.219759E-02
  5.783147E+01  7.248299E+01  4.494684E+01 -5.598498E-01 -3.686539E+00
 -5.598498E-01  5.773023E+01  2.808151E+00 -3.686539E+00  2.808151E+00
  5.375364E+01
      7400  7.400000E+00        41
 -1.202060E+06  2.787005E+02 -1.203064E+06  2.914609E+05 -1.494525E+06
  0.000000E+00  2.788362E-03  0.000000E+00  0.000000E+00 -1.185022E+06
  2.391059E+02 -4.910841E+04 -1.542763E+06  1.493673E+06  0.000000E+00
 -2.696792E-02  0.000000E+00  0.000000E+00  5.568179E+03  0.000000E+00
  0.000000E+00  0.000000E+00  9.000000E+01  9.000000E+01  9.000000E+01
  0.000000E+00  5.014377E+01  0.000000E+00  7.214702E-02  8.473497E-02
  5.789666E+01  7.246833E+01  4.817651E+01  5.643005E-01 -5.168069E-01
  5.643005E-01  5.183041E+01  4.132157E-01 -5.168069E-01  4.132157E-01
  5.042440E+01
      7410  7.410000E+00        41
 -1.202060E+06  3.064352E+02 -1.203164E+06  2.916980E+05 -1.494862E+06
  0.000000E+00  2.841899E-03  0.000000E+00  0.000000E+00 -1.184730E+06
  2.041482E+02 -4.978372E+04 -1.543784E+06  1.494013E+06  0.000000E+00
 -2.747523E-02  0.000000E+00  0.000000E+00  5.568179E+03  0.000000E+00
  0.000000E+00  0.000000E+00  9.000000E+01  9.000000E+01  9.000000E+01
  0.000000E+00  5.100330E+01  0.000000E+00  7.391332E-02  8.601544E-02
  5.795863E+01  7.245532E+01  5.504323E+01 -4.644264E-01  9.791103E-01
 -4.644264E-01  4.731025E+01 -7.509225E-01  9.791103E-01 -7.509225E-01
  5.065642E+01
      7420  7.420000E+00        41
 -1.202060E+06  3.070317E+02 -1.203166E+06  2.918785E+05 -1.495045E+06
  0.000000E+00  2.875019E-03  0.000000E+00  0.000000E+00 -1.184514E+06
  1.709142E+02 -5.042878E+04 -1.544603E+06  1.494197E+06  0.000000E+00
 -2.778110E-02  0.000000E+00  0.000000E+00  5.568179E+03  0.000000E+00
  0.000000E+00  0.000000E+00  9.000000E+01  9.000000E+01  9.000000E+01
  0.000000E+00  5.164118E+01  0.000000E+00  7.498237E-02  8.792281E-02
  5.801734E+01  7.244407E+01  4.642526E+01 -3.683909E-01 -3.698356E+00
 -3.683909E-01  5.723965E+01 -2.000325E+00 -3.698356E+00 -2.000325E+00
  5.125862E+01
      7430  7.430000E+00        41
 -1.202060E+06  2.968230E+02 -1.203129E+06  2.921651E+05 -1.495295E+06
  0.000000E+00  3.040354E-03  0.000000E+00  0.000000E+00 -1.184241E+06
  1.410330E+02 -5.132098E+04 -1.545756E+06  1.494448E+06  0.000000E+00
 -2.936305E-02  0.000000E+00  0.000000E+00  5.568179E+03  0.000000E+00
  0.000000E+00  0.000000E+00  9.000000E+01  9.000000E+01  9.000000E+01
  0.000000E+00  5.244501E+01  0.000000E+00  7.815304E-02  8.799930E-02
  5.807386E+01  7.243633E+01  4.226795E+01  1.276287E+00 -3.608894E+00
  1.276287E+00  6.462379E+01 -1.873121E-01 -3.608894E+00 -1.873121E-01
  5.044331E+01
      7440  7.440000E+00        41
 -1.202059E+06  2.885406E+02 -1.203099E+06  2.922833E+05 -1.495383E+06
  0.000000E+00  3.201943E-03  0.000000E+00  0.000000E+00 -1.184176E+06
  1.236406E+02 -5.157131E+04 -1.546105E+06  1.494535E+06  0.000000E+00
 -3.094463E-02  0.000000E+00  0.000000E+00  5.568179E+03  0.000000E+00
  0.000000E+00  0.000000E+00  9.000000E+01  9.000000E+01  9.000000E+01
  0.000000E+00  5.263246E+01  0.000000E+00  8.011777E-02  8.849213E-02
  5.812941E+01  7.243325E+01  5.192022E+01 -4.502765E-01  7.805246E-02
 -4.502765E-01  5.007771E+01 -6.815871E-01  7.805246E-02 -6.815871E-01
  5.589945E+01
      7450  7.450000E+00        41
 -1.202059E+06  2.918470E+02 -1.203111E+06  2.918418E+05 -1.494953E+06
  0.000000E+00  3.073856E-03  0.000000E+00  0.000000E+00 -1.184610E+06
  1.097003E+02 -5.024745E+04 -1.544344E+06  1.494107E+06  0.000000E+00
 -2.970486E-02  0.000000E+00  0.000000E+00  5.568179E+03  0.000000E+00
  0.000000E+00  0.000000E+00  9.000000E+01  9.000000E+01  9.000000E+01
  0.000000E+00  5.135739E+01  0.000000E+00  7.919312E-02  9.140639E-02
  5.818366E+01  7.243262E+01  5.623339E+01  1.229575E+00  5.757420E-01
  1.229575E+00  4.355947E+01  1.010173E+00  5.757420E-01  1.010173E+00
  5.427932E+01
      7460  7.460000E+00        41
 -1.202059E+06  3.024066E+02 -1.203149E+06  2.915438E+05 -1.494693E+06
  0.000000E+00  3.137759E-03  0.000000E+00  0.000000E+00 -1.184939E+06
  8.796322E+01 -4.918277E+04 -1.543020E+06  1.493854E+06  0.000000E+00
 -3.032677E-02  0.000000E+00  0.000000E+00  5.568179E+03  0.000000E+00
  0.000000E+00  0.000000E+00  9.000000E+01  9.000000E+01  9.000000E+01
  0.000000E+00  5.038808E+01  0.000000E+00  8.032049E-02  9.205783E-02
  5.823761E+01  7.243711E+01  4.815682E+01  3.642707E-01 -1.149362E+00
  3.642707E-01  5.394728E+01  1.136576E+00 -1.149362E+00  1.136576E+00
  4.906013E+01
      7470  7.470000E+00        41
 -1.202059E+06  2.829970E+02 -1.203079E+06  2.911607E+05 -1.494240E+06
  0.000000E+00  2.919741E-03  0.000000E+00  0.000000E+00 -1.185372E+06
  7.438311E+01 -4.802476E+04 -1.541412E+06  1.493407E+06  0.000000E+00
 -2.820073E-02  0.000000E+00  0.000000E+00  5.568179E+03  0.000000E+00
  0.000000E+00  0.000000E+00  9.000000E+01  9.000000E+01  9.000000E+01
  0.000000E+00  4.911506E+01  0.000000E+00  8.173088E-02  9.214453E-02
  5.828918E+01  7.244479E+01  4.415549E+01 -4.152296E-01 -4.915943E+00
 -4.152296E-01  5.566350E+01 -1.311823E+00 -4.915943E+00 -1.311823E+00
  4.752618E+01
      7480  7.480000E+00        41
 -1.202059E+06  3.020708E+02 -1.203148E+06  2.910348E+05 -1.494183E+06
  0.000000E+00  2.830975E-03  0.000000E+00  0.000000E+00 -1.185436E+06
  6.053656E+01 -4.769181E+04 -1.541011E+06  1.493344E+06  0.000000E+00
 -2.738837E-02  0.000000E+00  0.000000E+00  5.568179E+03  0.000000E+00
  0.000000E+00  0.000000E+00  9.000000E+01  9.000000E+01  9.000000E+01
  0.000000E+00  4.892364E+01  0.000000E+00  8.102676E-02  9.205611E-02
  5.833736E+01  7.245568E+01  5.017374E+01 -5.186901E-01 -7.292767E+00
 -5.186901E-01  4.936848E+01  9.431851E-01 -7.292767E+00  9.431851E-01
  4.722870E+01
      7490  7.490000E+00        41
 -1.202058E+06  2.893131E+02 -1.203101E+06  2.917252E+05 -1.494826E+06
  0.000000E+00  3.157133E-03  0.000000E+00  0.000000E+00 -1.184726E+06
  4.780063E+01 -4.991200E+04 -1.543876E+06  1.493982E+06  0.000000E+00
 -3.052946E-02  0.000000E+00  0.000000E+00  5.568179E+03  0.000000E+00
  0.000000E+00  0.000000E+00  9.000000E+01  9.000000E+01  9.000000E+01
  0.000000E+00  5.101189E+01  0.000000E+00  8.065801E-02  9.003368E-02
  5.838697E+01  7.247502E+01  5.438592E+01 -1.348016E+00 -2.258912E+00
 -1.348016E+00  5.194912E+01  1.743532E+00 -2.258912E+00  1.743532E+00
  4.670062E+01
      7500  7.500000E+00        41
 -1.202058E+06  3.039547E+02 -1.203154E+06  2.922780E+05 -1.495432E+06
  0.000000E+00  3.178873E-03  0.000000E+00  0.000000E+00 -1.184116E+06
  3.750018E+01 -5.163472E+04 -1.546207E+06  1.494587E+06  0.000000E+00
 -3.065997E-02  0.000000E+00  0.000000E+00  5.568179E+03  0.000000E+00
  0.000000E+00  0.000000E+00  9.000000E+01  9.000000E+01  9.000000E+01
  0.000000E+00  5.280579E+01  0.000000E+00  7.867199E-02  8.861648E-02
  5.844110E+01  7.250510E+01  5.140291E+01  1.868889E-01  3.052671E+00
  1.868889E-01  5.907779E+01  1.177790E+00  3.052671E+00  1.177790E+00
  4.793666E+01
      7510  7.510000E+00        41
 -1.202058E+06  2.845639E+02 -1.203084E+06  2.924989E+05 -1.495582E+06
  0.000000E+00  3.072609E-03  0.000000E+00  0.000000E+00 -1.183935E+06
  3.229089E+01 -5.231719E+04 -1.547043E+06  1.494740E+06  0.000000E+00
 -2.972241E-02  0.000000E+00  0.000000E+00  5.568179E+03  0.000000E+00
  0.000000E+00  0.000000E+00  9.000000E+01  9.000000E+01  9.000000E+01
  0.000000E+00  5.333833E+01  0.000000E+00  7.626346E-02  8.745163E-02
  5.850036E+01  7.254853E+01  4.859466E+01 -1.473310E+00  2.625909E+00
 -1.473310E+00  5.400133E+01 -1.440699E+00  2.625909E+00 -1.440699E+00
  5.741900E+01
      7520  7.520000E+00        41
 -1.202058E+06  2.976054E+02 -1.203131E+06  2.927729E+05 -1.495904E+06
  0.000000E+00  3.092939E-03  0.000000E+00  0.000000E+00 -1.183602E+06
  3.081428E+01 -5.322416E+04 -1.548278E+06  1.495060E+06  0.000000E+00
 -2.986343E-02  0.000000E+00  0.000000E+00  5.568179E+03  0.000000E+00
  0.000000E+00  0.000000E+00  9.000000E+01  9.000000E+01  9.000000E+01
  0.000000E+00  5.432040E+01  0.000000E+00  7.445144E-02  8.412094E-02
  5.856087E+01  7.259920E+01  5.320612E+01  6.290654E-01  1.911167E+00
  6.290654E-01  5.271639E+01 -3.402030E-01  1.911167E+00 -3.402030E-01
  5.703868E+01
      7530  7.530000E+00        41
 -1.202058E+06  3.047950E+02 -1.203157E+06  2.926218E+05 -1.495779E+06
  0.000000E+00  2.925401E-03  0.000000E+00  0.000000E+00 -1.183751E+06
  3.091494E+01 -5.272736E+04 -1.547655E+06  1.494927E+06  0.000000E+00
 -2.826356E-02  0.000000E+00  0.000000E+00  5.568179E+03  0.000000E+00
  0.000000E+00  0.000000E+00  9.000000E+01  9.000000E+01  9.000000E+01
  0.000000E+00  5.388384E+01  0.000000E+00  7.128995E-02  8.152869E-02
  5.862206E+01  7.265697E+01  5.199430E+01  2.023733E+00  3.078241E+00
  2.023733E+00  5.729257E+01 -1.147682E+00  3.078241E+00 -1.147682E+00
  5.236465E+01
      7540  7.540000E+00        41
 -1.202058E+06  3.123049E+02 -1.203184E+06  2.924079E+05 -1.495592E+06
  0.000000E+00  2.784959E-03  0.000000E+00  0.000000E+00 -1.183941E+06
  3.479566E+01 -5.210067E+04 -1.546837E+06  1.494738E+06  0.000000E+00
 -2.691540E-02  0.000000E+00  0.000000E+00  5.568179E+03  0.000000E+00
  0.000000E+00  0.000000E+00  9.000000E+01  9.000000E+01  9.000000E+01
  0.000000E+00  5.332204E+01  0.000000E+00  6.988074E-02  7.799157E-02
  5.868495E+01  7.272286E+01  4.979008E+01 -7.095203E-01 -2.004601E-01
 -7.095203E-01  5.782490E+01 -1.197648E+00 -2.004601E-01 -1.197648E+00
  5.235113E+01
      7550  7.550000E+00        41
 -1.202059E+06  3.110327E+02 -1.203180E+06  2.925369E+05 -1.495717E+06
  0.000000E+00  2.989368E-03  0.000000E+00  0.000000E+00 -1.183809E+06
  4.561665E+01 -5.250838E+04 -1.547355E+06  1.494871E+06  0.000000E+00
 -2.886223E-02  0.000000E+00  0.000000E+00  5.568179E+03  0.000000E+00
  0.000000E+00  0.000000E+00  9.000000E+01  9.000000E+01  9.000000E+01
  0.000000E+00  5.371276E+01  0.000000E+00  6.767496E-02  7.622651E-02
  5.875040E+01  7.279570E+01  5.090638E+01 -1.080459E+00 -2.662645E+00
 -1.080459E+00  5.292441E+01  3.262345E+00 -2.662645E+00  3.262345E+00
  5.730749E+01
      7560  7.560000E+00        41
 -1.202058E+06  2.834884E+02 -1.203079E+06  2.923699E+05 -1.495449E+06
  0.000000E+00  3.078896E-03  0.000000E+00  0.000000E+00 -1.184031E+06
  7.262811E+01 -5.203678E+04 -1.546586E+06  1.494600E+06  0.000000E+00
 -2.971880E-02  0.000000E+00  0.000000E+00  5.568179E+03  0.000000E+00
  0.000000E+00  0.000000E+00  9.000000E+01  9.000000E+01  9.000000E+01
  0.000000E+00  5.305463E+01  0.000000E+00  6.375333E-02  7.685977E-02
  5.882844E+01  7.288588E+01  4.963369E+01  4.314885E-01  6.091352E-01
  4.314885E-01  5.343183E+01  2.911712E+00  6.091352E-01  2.911712E+00
  5.609837E+01
      7570  7.570000E+00        41
 -1.202058E+06  3.011617E+02 -1.203144E+06  2.921653E+05 -1.495309E+06
  0.000000E+00  2.977425E-03  0.000000E+00  0.000000E+00 -1.184237E+06
  1.217830E+02 -5.129445E+04 -1.545709E+06  1.494453E+06  0.000000E+00
 -2.875826E-02  0.000000E+00  0.000000E+00  5.568179E+03  0.000000E+00
  0.000000E+00  0.000000E+00  9.000000E+01  9.000000E+01  9.000000E+01
  0.000000E+00  5.245015E+01  0.000000E+00  6.363002E-02  7.407185E-02
  5.892870E+01  7.300448E+01  4.879557E+01  8.963968E-02  2.299567E+00
  8.963968E-02  5.679720E+01 -6.678278E-01  2.299567E+00 -6.678278E-01
  5.175767E+01
      7580  7.580000E+00        41
 -1.202058E+06  2.979847E+02 -1.203132E+06  2.921202E+05 -1.495253E+06
  0.000000E+00  2.968597E-03  0.000000E+00  0.000000E+00 -1.184306E+06
  1.623152E+02 -5.111194E+04 -1.545492E+06  1.494401E+06  0.000000E+00
 -2.870286E-02  0.000000E+00  0.000000E+00  5.568179E+03  0.000000E+00
  0.000000E+00  0.000000E+00  9.000000E+01  9.000000E+01  9.000000E+01
  0.000000E+00  5.224763E+01  0.000000E+00  6.382416E-02  7.127469E-02
  5.904498E+01  7.314717E+01  5.080633E+01 -1.482091E+00  1.461955E+00
 -1.482091E+00  5.090807E+01 -2.074758E+00  1.461955E+00 -2.074758E+00
  5.502849E+01
      7590  7.590000E+00        41
 -1.202058E+06  3.017857E+02 -1.203146E+06  2.921793E+05 -1.495326E+06
  0.000000E+00  2.860360E-03  0.000000E+00  0.000000E+00 -1.184197E+06
  1.822763E+02 -5.141267E+04 -1.545872E+06  1.494478E+06  0.000000E+00
 -2.763203E-02  0.000000E+00  0.000000E+00  5.568179E+03  0.000000E+00
  0.000000E+00  0.000000E+00  9.000000E+01  9.000000E+01  9.000000E+01
  0.000000E+00  5.256906E+01  0.000000E+00  6.089448E-02  7.107176E-02
  5.916848E+01  7.330379E+01  5.239321E+01 -1.144155E+00 -1.094106E+00
 -1.144155E+00  4.932928E+01 -3.408330E-01 -1.094106E+00 -3.408330E-01
  5.598470E+01
      7600  7.600000E+00        41
 -1.202059E+06  3.074549E+02 -1.203167E+06  2.927871E+05 -1.495954E+06
  0.000000E+00  3.052658E-03  0.000000E+00  0.000000E+00 -1.183560E+06
  1.962494E+02 -5.328514E+04 -1.548376E+06  1.495103E+06  0.000000E+00
 -2.948223E-02  0.000000E+00  0.000000E+00  5.568179E+03  0.000000E+00
  0.000000E+00  0.000000E+00  9.000000E+01  9.000000E+01  9.000000E+01
  0.000000E+00  5.444583E+01  0.000000E+00  5.996627E-02  6.962818E-02
  5.929671E+01  7.347211E+01  5.161697E+01  1.911294E+00  1.935607E+00
  1.911294E+00  5.855275E+01 -2.651006E+00  1.935607E+00 -2.651006E+00
  5.316777E+01
      7610  7.610000E+00        41
 -1.202058E+06  2.957502E+02 -1.203124E+06  2.930166E+05 -1.496141E+06
  0.000000E+00  3.172439E-03  0.000000E+00  0.000000E+00 -1.183334E+06
  2.007799E+02 -5.404596E+04 -1.549320E+06  1.495289E+06  0.000000E+00
 -3.063251E-02  0.000000E+00  0.000000E+00  5.568179E+03  0.000000E+00
  0.000000E+00  0.000000E+00  9.000000E+01  9.000000E+01  9.000000E+01
  0.000000E+00  5.510935E+01  0.000000E+00  5.962607E-02  6.839057E-02
  5.942599E+01  7.364828E+01  5.088045E+01  6.621356E-01  3.004253E+00
  6.621356E-01  6.599400E+01 -3.197686E+00  3.004253E+00 -3.197686E+00
  4.845361E+01
      7620  7.620000E+00        41
 -1.202058E+06  2.935873E+02 -1.203117E+06  2.926083E+05 -1.495725E+06
  0.000000E+00  2.940183E-03  0.000000E+00  0.000000E+00 -1.183755E+06
  2.012531E+02 -5.279910E+04 -1.547652E+06  1.494873E+06  0.000000E+00
 -2.839730E-02  0.000000E+00  0.000000E+00  5.568179E+03  0.000000E+00
  0.000000E+00  0.000000E+00  9.000000E+01  9.000000E+01  9.000000E+01
  0.000000E+00  5.387079E+01  0.000000E+00  5.688948E-02  6.943093E-02
  5.954964E+01  7.382436E+01  5.348471E+01 -2.282801E+00  3.763311E+00
 -2.282801E+00  5.279451E+01  2.060264E+00  3.763311E+00  2.060264E+00
  5.533315E+01
      7630  7.630000E+00        41
 -1.202058E+06  2.882258E+02 -1.203097E+06  2.924801E+05 -1.495577E+06
  0.000000E+00  3.030591E-03  0.000000E+00  0.000000E+00 -1.183953E+06
  1.955947E+02 -5.224206E+04 -1.546947E+06  1.494725E+06  0.000000E+00
 -2.924015E-02  0.000000E+00  0.000000E+00  5.568179E+03  0.000000E+00
  0.000000E+00  0.000000E+00  9.000000E+01  9.000000E+01  9.000000E+01
  0.000000E+00  5.328652E+01  0.000000E+00  5.617270E-02  6.892703E-02
  5.966755E+01  7.400078E+01  5.741260E+01 -2.510545E+00  5.219979E-01
 -2.510545E+00  4.222135E+01  2.020817E+00  5.219979E-01  2.020817E+00
  6.022561E+01
      7640  7.640000E+00        41
 -1.202058E+06  3.134809E+02 -1.203188E+06  2.922884E+05 -1.495477E+06
  0.000000E+00  2.878765E-03  0.000000E+00  0.000000E+00 -1.184101E+06
  1.769967E+02 -5.161764E+04 -1.546206E+06  1.494625E+06  0.000000E+00
 -2.779860E-02  0.000000E+00  0.000000E+00  5.568179E+03  0.000000E+00
  0.000000E+00  0.000000E+00  9.000000E+01  9.000000E+01  9.000000E+01
  0.000000E+00  5.285299E+01  0.000000E+00  5.754361E-02  6.687836E-02
  5.977851E+01  7.417461E+01  5.217768E+01 -9.948164E-01 -6.300960E-01
 -9.948164E-01  5.224266E+01 -2.038734E+00 -6.300960E-01 -2.038734E+00
  5.413862E+01
      7650  7.650000E+00        41
 -1.202058E+06  2.952557E+02 -1.203122E+06  2.920747E+05 -1.495197E+06
  0.000000E+00  2.986250E-03  0.000000E+00  0.000000E+00 -1.184335E+06
  1.575142E+02 -5.104529E+04 -1.545337E+06  1.494342E+06  0.000000E+00
 -2.884098E-02  0.000000E+00  0.000000E+00  5.568179E+03  0.000000E+00
  0.000000E+00  0.000000E+00  9.000000E+01  9.000000E+01  9.000000E+01
  0.000000E+00  5.216306E+01  0.000000E+00  5.708427E-02  6.775801E-02
  5.987790E+01  7.434028E+01  4.568466E+01 -3.231468E-01  1.355450E+00
 -3.231468E-01  5.433981E+01 -9.478961E-01  1.355450E+00 -9.478961E-01
  5.646471E+01
      7660  7.660000E+00        41
 -1.202058E+06  2.958256E+02 -1.203124E+06  2.922861E+05 -1.495410E+06
  0.000000E+00  2.938596E-03  0.000000E+00  0.000000E+00 -1.184088E+06
  1.468860E+02 -5.178069E+04 -1.546285E+06  1.494550E+06  0.000000E+00
 -2.839747E-02  0.000000E+00  0.000000E+00  5.568179E+03  0.000000E+00
  0.000000E+00  0.000000E+00  9.000000E+01  9.000000E+01  9.000000E+01
  0.000000E+00  5.288883E+01  0.000000E+00  5.670610E-02  6.857914E-02
  5.996092E+01  7.449300E+01  5.400474E+01 -2.163187E+00 -2.162064E+00
 -2.163187E+00  4.853447E+01  1.390777E+00 -2.162064E+00  1.390777E+00
  5.612728E+01
      7670  7.670000E+00        41
 -1.202058E+06  3.029012E+02 -1.203150E+06  2.922237E+05 -1.495374E+06
  0.000000E+00  2.717147E-03  0.000000E+00  0.000000E+00 -1.184137E+06
  1.402346E+02 -5.158413E+04 -1.546054E+06  1.494518E+06  0.000000E+00
 -2.626913E-02  0.000000E+00  0.000000E+00  5.568179E+03  0.000000E+00
  0.000000E+00  0.000000E+00  9.000000E+01  9.000000E+01  9.000000E+01
  0.000000E+00  5.274619E+01  0.000000E+00  5.675363E-02  6.894289E-02
  6.002335E+01  7.462617E+01  5.384032E+01  1.389048E+00 -1.427222E+00
  1.389048E+00  5.144573E+01 -9.180351E-01 -1.427222E+00 -9.180351E-01
  5.295252E+01
      7680  7.680000E+00        41
 -1.202058E+06  2.944203E+02 -1.203119E+06  2.921682E+05 -1.495288E+06
  0.000000E+00  3.017530E-03  0.000000E+00  0.000000E+00 -1.184223E+06
  1.530963E+02 -5.138761E+04 -1.545763E+06  1.494433E+06  0.000000E+00
 -2.915915E-02  0.000000E+00  0.000000E+00  5.568179E+03  0.000000E+00
  0.000000E+00  0.000000E+00  9.000000E+01  9.000000E+01  9.000000E+01
  0.000000E+00  5.249309E+01  0.000000E+00  5.731571E-02  6.891337E-02
  6.006593E+01  7.473795E+01  4.410203E+01  7.065617E-01  9.756413E-01
  7.065617E-01  5.885876E+01  2.494801E+00  9.756413E-01  2.494801E+00
  5.451848E+01
      7690  7.690000E+00        41
 -1.202058E+06  3.102173E+02 -1.203177E+06  2.920833E+05 -1.495260E+06
  0.000000E+00  3.068167E-03  0.000000E+00  0.000000E+00 -1.184295E+06
  2.039356E+02 -5.106009E+04 -1.545398E+06  1.494405E+06  0.000000E+00
 -2.963819E-02  0.000000E+00  0.000000E+00  5.568179E+03  0.000000E+00
  0.000000E+00  0.000000E+00  9.000000E+01  9.000000E+01  9.000000E+01
  0.000000E+00  5.228225E+01  0.000000E+00  5.854062E-02  6.777253E-02
  6.009230E+01  7.483319E+01  4.841249E+01 -9.613773E-01  2.402873E-01
 -9.613773E-01  5.453948E+01  9.578340E-01  2.402873E-01  9.578340E-01
  5.389479E+01
      7700  7.700000E+00        41
 -1.202059E+06  2.995663E+02 -1.203138E+06  2.913856E+05 -1.494524E+06
  0.000000E+00  2.970155E-03  0.000000E+00  0.000000E+00 -1.185084E+06
  2.865726E+02 -4.877280E+04 -1.542384E+06  1.493669E+06  0.000000E+00
 -2.870142E-02  0.000000E+00  0.000000E+00  5.568179E+03  0.000000E+00
  0.000000E+00  0.000000E+00  9.000000E+01  9.000000E+01  9.000000E+01
  0.000000E+00  4.996092E+01  0.000000E+00  5.960876E-02  6.750223E-02
  6.010231E+01  7.491252E+01  5.261866E+01 -7.758500E-01 -2.663280E+00
 -7.758500E-01  4.438310E+01 -1.279662E+00 -2.663280E+00 -1.279662E+00
  5.288100E+01
      7710  7.710000E+00        41
 -1.202058E+06  2.873409E+02 -1.203094E+06  2.914644E+05 -1.494558E+06
  0.000000E+00  2.923898E-03  0.000000E+00  0.000000E+00 -1.185037E+06
  3.772249E+02 -4.900000E+04 -1.542661E+06  1.493701E+06  0.000000E+00
 -2.824124E-02  0.000000E+00  0.000000E+00  5.568179E+03  0.000000E+00
  0.000000E+00  0.000000E+00  9.000000E+01  9.000000E+01  9.000000E+01
  0.000000E+00  5.009515E+01  0.000000E+00  5.968376E-02  6.838697E-02
  6.009407E+01  7.497202E+01  4.948406E+01 -1.041576E+00 -2.468558E+00
 -1.041576E+00  5.118883E+01 -3.236954E-01 -2.468558E+00 -3.236954E-01
  4.961256E+01
      7720  7.720000E+00        41
 -1.202058E+06  3.013232E+02 -1.203144E+06  2.920887E+05 -1.495233E+06
  0.000000E+00  2.872267E-03  0.000000E+00  0.000000E+00 -1.184284E+06
  4.509200E+02 -5.115988E+04 -1.545507E+06  1.494378E+06  0.000000E+00
 -2.776530E-02  0.000000E+00  0.000000E+00  5.568179E+03  0.000000E+00
  0.000000E+00  0.000000E+00  9.000000E+01  9.000000E+01  9.000000E+01
  0.000000E+00  5.231121E+01  0.000000E+00  5.935781E-02  6.874499E-02
  6.006918E+01  7.501180E+01  5.067296E+01  6.865559E-01  7.631078E-01
  6.865559E-01  5.546887E+01 -1.650272E+00  7.631078E-01 -1.650272E+00
  5.079179E+01
      7730  7.730000E+00        41
 -1.202058E+06  2.975118E+02 -1.203131E+06  2.925333E+05 -1.495664E+06
  0.000000E+00  3.033185E-03  0.000000E+00  0.000000E+00 -1.183808E+06
  5.022900E+02 -5.262064E+04 -1.547404E+06  1.494811E+06  0.000000E+00
 -2.928261E-02  0.000000E+00  0.000000E+00  5.568179E+03  0.000000E+00
  0.000000E+00  0.000000E+00  9.000000E+01  9.000000E+01  9.000000E+01
  0.000000E+00  5.371610E+01  0.000000E+00  5.998261E-02  6.826827E-02
  6.003254E+01  7.503754E+01  5.290413E+01  5.503651E-02 -4.588600E+00
  5.503651E-02  5.431921E+01  2.126750E+00 -4.588600E+00  2.126750E+00
  5.392495E+01
      7740  7.740000E+00        41
 -1.202059E+06  3.132680E+02 -1.203188E+06  2.924214E+05 -1.495609E+06
  0.000000E+00  2.988523E-03  0.000000E+00  0.000000E+00 -1.183886E+06
  5.139481E+02 -5.227230E+04 -1.547003E+06  1.494756E+06  0.000000E+00
 -2.887035E-02  0.000000E+00  0.000000E+00  5.568179E+03  0.000000E+00
  0.000000E+00  0.000000E+00  9.000000E+01  9.000000E+01  9.000000E+01
  0.000000E+00  5.348551E+01  0.000000E+00  5.960425E-02  6.808799E-02
  5.998918E+01  7.505363E+01  4.968315E+01 -1.294429E+00 -3.788637E+00
 -1.294429E+00  5.823724E+01  3.737722E+00 -3.788637E+00  3.737722E+00
  5.253613E+01
      7750  7.750000E+00        41
 -1.202058E+06  2.832705E+02 -1.203079E+06  2.921399E+05 -1.495219E+06
  0.000000E+00  3.051836E-03  0.000000E+00  0.000000E+00 -1.184293E+06
  4.880183E+02 -5.126403E+04 -1.545606E+06  1.494365E+06  0.000000E+00
 -2.951272E-02  0.000000E+00  0.000000E+00  5.568179E+03  0.000000E+00
  0.000000E+00  0.000000E+00  9.000000E+01  9.000000E+01  9.000000E+01
  0.000000E+00  5.228481E+01  0.000000E+00  5.898438E-02  6.813847E-02
  5.993914E+01  7.505689E+01  4.705316E+01  6.693936E-01  1.141819E+00
  6.693936E-01  5.609588E+01  1.067673E+00  1.141819E+00  1.067673E+00
  5.370539E+01
      7760  7.760000E+00        41
 -1.202058E+06  3.037319E+02 -1.203153E+06  2.917916E+05 -1.494944E+06
  0.000000E+00  2.963324E-03  0.000000E+00  0.000000E+00 -1.184621E+06
  4.458817E+02 -5.013190E+04 -1.544193E+06  1.494091E+06  0.000000E+00
 -2.865690E-02  0.000000E+00  0.000000E+00  5.568179E+03  0.000000E+00
  0.000000E+00  0.000000E+00  9.000000E+01  9.000000E+01  9.000000E+01
  0.000000E+00  5.131985E+01  0.000000E+00  5.835640E-02  6.714499E-02
  5.988142E+01  7.504690E+01  4.933696E+01  2.942221E+00  7.658937E-01
  2.942221E+00  4.862831E+01 -3.540653E+00  7.658937E-01 -3.540653E+00
  5.599428E+01
      7770  7.770000E+00        41
 -1.202058E+06  2.984777E+02 -1.203134E+06  2.919767E+05 -1.495110E+06
  0.000000E+00  3.013701E-03  0.000000E+00  0.000000E+00 -1.184451E+06
  3.854908E+02 -5.067736E+04 -1.544905E+06  1.494261E+06  0.000000E+00
 -2.911682E-02  0.000000E+00  0.000000E+00  5.568179E+03  0.000000E+00
  0.000000E+00  0.000000E+00  9.000000E+01  9.000000E+01  9.000000E+01
  0.000000E+00  5.181930E+01  0.000000E+00  5.849916E-02  6.545025E-02
  5.981644E+01  7.502479E+01  5.453951E+01  1.403557E+00  2.546274E-01
  1.403557E+00  4.584624E+01 -8.905332E-01  2.546274E-01 -8.905332E-01
  5.507216E+01
      7780  7.780000E+00        41
 -1.202058E+06  3.019138E+02 -1.203146E+06  2.921266E+05 -1.495273E+06
  0.000000E+00  2.980164E-03  0.000000E+00  0.000000E+00 -1.184288E+06
  3.088119E+02 -5.113974E+04 -1.545520E+06  1.494420E+06  0.000000E+00
 -2.882685E-02  0.000000E+00  0.000000E+00  5.568179E+03  0.000000E+00
  0.000000E+00  0.000000E+00  9.000000E+01  9.000000E+01  9.000000E+01
  0.000000E+00  5.229911E+01  0.000000E+00  5.873116E-02  6.369261E-02
  5.974555E+01  7.499135E+01  5.536115E+01 -4.562931E-01  1.778952E+00
 -4.562931E-01  5.529829E+01  2.309307E-01  1.778952E+00  2.309307E-01
  4.623788E+01
      7790  7.790000E+00        41
 -1.202058E+06  3.078617E+02 -1.203168E+06  2.920223E+05 -1.495190E+06
  0.000000E+00  2.793418E-03  0.000000E+00  0.000000E+00 -1.184355E+06
  2.251665E+02 -5.089549E+04 -1.545175E+06  1.494338E+06  0.000000E+00
 -2.696949E-02  0.000000E+00  0.000000E+00  5.568179E+03  0.000000E+00
  0.000000E+00  0.000000E+00  9.000000E+01  9.000000E+01  9.000000E+01
  0.000000E+00  5.210360E+01  0.000000E+00  5.718907E-02  6.296791E-02
  5.966796E+01  7.494689E+01  4.948211E+01  4.776562E-01 -1.272061E-01
  4.776562E-01  5.842510E+01 -3.294922E+00 -1.272061E-01 -3.294922E+00
  4.840358E+01
      7800  7.800000E+00        41
 -1.202059E+06  3.117319E+02 -1.203182E+06  2.919917E+05 -1.495174E+06
  0.000000E+00  2.891674E-03  0.000000E+00  0.000000E+00 -1.184382E+06
  1.480259E+02 -5.078720E+04 -1.545044E+06  1.494316E+06  0.000000E+00
 -2.794746E-02  0.000000E+00  0.000000E+00  5.568179E+03  0.000000E+00
  0.000000E+00  0.000000E+00  9.000000E+01  9.000000E+01  9.000000E+01
  0.000000E+00  5.202661E+01  0.000000E+00  5.502405E-02  6.277430E-02
  5.957720E+01  7.488606E+01  5.541692E+01  1.658347E+00 -2.301196E+00
  1.658347E+00  4.979504E+01 -4.222191E-01 -2.301196E+00 -4.222191E-01
  5.086787E+01
      7810  7.810000E+00        41
 -1.202058E+06  2.922748E+02 -1.203112E+06  2.921064E+05 -1.495218E+06
  0.000000E+00  2.901369E-03  0.000000E+00  0.000000E+00 -1.184270E+06
  9.286787E+01 -5.126025E+04 -1.545558E+06  1.494359E+06  0.000000E+00
 -2.805202E-02  0.000000E+00  0.000000E+00  5.568179E+03  0.000000E+00
  0.000000E+00  0.000000E+00  9.000000E+01  9.000000E+01  9.000000E+01
  0.000000E+00  5.235445E+01  0.000000E+00  5.406140E-02  6.188457E-02
  5.947138E+01  7.480934E+01  5.701148E+01 -4.582863E-02  5.070531E-01
 -4.582863E-02  4.969406E+01  3.442737E+00  5.070531E-01  3.442737E+00
  5.035780E+01
      7820  7.820000E+00        41
 -1.202058E+06  2.941067E+02 -1.203118E+06  2.926483E+05 -1.495766E+06
  0.000000E+00  2.973438E-03  0.000000E+00  0.000000E+00 -1.183691E+06
  6.436822E+01 -5.298109E+04 -1.547824E+06  1.494904E+06  0.000000E+00
 -2.874492E-02  0.000000E+00  0.000000E+00  5.568179E+03  0.000000E+00
  0.000000E+00  0.000000E+00  9.000000E+01  9.000000E+01  9.000000E+01
  0.000000E+00  5.405636E+01  0.000000E+00  5.261554E-02  6.058566E-02
  5.934641E+01  7.471391E+01  4.702462E+01 -4.864871E-01 -8.499518E-01
 -4.864871E-01  5.710753E+01  2.279070E+00 -8.499518E-01  2.279070E+00
  5.803693E+01
      7830  7.830000E+00        41
 -1.202058E+06  2.979830E+02 -1.203132E+06  2.927867E+05 -1.495919E+06
  0.000000E+00  3.061307E-03  0.000000E+00  0.000000E+00 -1.183518E+06
  6.281366E+01 -5.347493E+04 -1.548467E+06  1.495053E+06  0.000000E+00
 -2.957967E-02  0.000000E+00  0.000000E+00  5.568179E+03  0.000000E+00
  0.000000E+00  0.000000E+00  9.000000E+01  9.000000E+01  9.000000E+01
  0.000000E+00  5.456830E+01  0.000000E+00  5.125648E-02  5.940973E-02
  5.919402E+01  7.459265E+01  4.917059E+01  1.218173E+00  1.277245E+00
  1.218173E+00  5.744638E+01 -1.567263E+00  1.277245E+00 -1.567263E+00
  5.708792E+01
      7840  7.840000E+00        41
 -1.202058E+06  3.111002E+02 -1.203179E+06  2.926293E+05 -1.495809E+06
  0.000000E+00  2.957929E-03  0.000000E+00  0.000000E+00 -1.183623E+06
  6.907893E+01 -5.306494E+04 -1.547945E+06  1.494943E+06  0.000000E+00
 -2.855449E-02  0.000000E+00  0.000000E+00  5.568179E+03  0.000000E+00
  0.000000E+00  0.000000E+00  9.000000E+01  9.000000E+01  9.000000E+01
  0.000000E+00  5.425869E+01  0.000000E+00  5.075847E-02  5.759528E-02
  5.900915E+01  7.443955E+01  5.627040E+01  7.272297E-01  6.299323E+00
  7.272297E-01  5.126224E+01 -9.159707E-03  6.299323E+00 -9.159707E-03
  5.524344E+01
      7850  7.850000E+00        41
 -1.202059E+06  3.100317E+02 -1.203176E+06  2.924917E+05 -1.495668E+06
  0.000000E+00  2.943751E-03  0.000000E+00  0.000000E+00 -1.183830E+06
  7.978538E+01 -5.245340E+04 -1.547209E+06  1.494802E+06  0.000000E+00
 -2.846262E-02  0.000000E+00  0.000000E+00  5.568179E+03  0.000000E+00
  0.000000E+00  0.000000E+00  9.000000E+01  9.000000E+01  9.000000E+01
  0.000000E+00  5.365091E+01  0.000000E+00  5.045722E-02  5.664844E-02
  5.879484E+01  7.425463E+01  5.349273E+01 -2.323772E-01  3.735767E+00
 -2.323772E-01  5.416713E+01  2.480879E+00  3.735767E+00  2.480879E+00
  5.329287E+01
      7860  7.860000E+00        41
 -1.202058E+06  2.918067E+02 -1.203110E+06  2.920195E+05 -1.495130E+06
  0.000000E+00  2.844031E-03  0.000000E+00  0.000000E+00 -1.184353E+06
  9.678510E+01 -5.101495E+04 -1.545239E+06  1.494267E+06  0.000000E+00
 -2.744095E-02  0.000000E+00  0.000000E+00  5.568179E+03  0.000000E+00
  0.000000E+00  0.000000E+00  9.000000E+01  9.000000E+01  9.000000E+01
  0.000000E+00  5.211038E+01  0.000000E+00  4.919173E-02  5.776661E-02
  5.856263E+01  7.404991E+01  4.571154E+01 -5.839501E-01  1.230725E+00
 -5.839501E-01  6.034207E+01  7.845255E-01  1.230725E+00  7.845255E-01
  5.027754E+01
      7870  7.870000E+00        41
 -1.202058E+06  2.971399E+02 -1.203129E+06  2.922005E+05 -1.495330E+06
  0.000000E+00  2.894849E-03  0.000000E+00  0.000000E+00 -1.184209E+06
  1.120183E+02 -5.140734E+04 -1.545838E+06  1.494473E+06  0.000000E+00
 -2.798819E-02  0.000000E+00  0.000000E+00  5.568179E+03  0.000000E+00
  0.000000E+00  0.000000E+00  9.000000E+01  9.000000E+01  9.000000E+01
  0.000000E+00  5.253269E+01  0.000000E+00  4.833439E-02  5.798422E-02
  5.831792E+01  7.383039E+01  4.609883E+01  9.922579E-01  3.455679E+00
  9.922579E-01  5.925089E+01  1.469390E+00  3.455679E+00  1.469390E+00
  5.224835E+01
      7880  7.880000E+00        41
 -1.202058E+06  2.950699E+02 -1.203122E+06  2.923198E+05 -1.495442E+06
  0.000000E+00  2.921236E-03  0.000000E+00  0.000000E+00 -1.184047E+06
  1.214399E+02 -5.191137E+04 -1.546440E+06  1.494581E+06  0.000000E+00
 -2.822225E-02  0.000000E+00  0.000000E+00  5.568179E+03  0.000000E+00
  0.000000E+00  0.000000E+00  9.000000E+01  9.000000E+01  9.000000E+01
  0.000000E+00  5.301231E+01  0.000000E+00  4.722523E-02  5.824158E-02
  5.806146E+01  7.359618E+01  4.951494E+01 -3.651492E-01  2.939831E+00
 -3.651492E-01  5.686349E+01 -3.132664E-01  2.939831E+00 -3.132664E-01
  5.265850E+01
      7890  7.890000E+00        41
 -1.202059E+06  3.124941E+02 -1.203185E+06  2.925632E+05 -1.495748E+06
  0.000000E+00  2.842303E-03  0.000000E+00  0.000000E+00 -1.183715E+06
  1.147655E+02 -5.278043E+04 -1.547607E+06  1.494885E+06  0.000000E+00
 -2.746926E-02  0.000000E+00  0.000000E+00  5.568179E+03  0.000000E+00
  0.000000E+00  0.000000E+00  9.000000E+01  9.000000E+01  9.000000E+01
  0.000000E+00  5.398831E+01  0.000000E+00  4.729910E-02  5.732786E-02
  5.779468E+01  7.334761E+01  5.420025E+01  1.221770E+00 -2.033338E+00
  1.221770E+00  5.352950E+01 -8.265003E-02 -2.033338E+00 -8.265003E-02
  5.423517E+01
      7900  7.900000E+00        41
 -1.202059E+06  3.122008E+02 -1.203184E+06  2.929675E+05 -1.496152E+06
  0.000000E+00  3.062340E-03  0.000000E+00  0.000000E+00 -1.183308E+06
  1.011786E+02 -5.400380E+04 -1.549230E+06  1.495290E+06  0.000000E+00
 -2.957512E-02  0.000000E+00  0.000000E+00  5.568179E+03  0.000000E+00
  0.000000E+00  0.000000E+00  9.000000E+01  9.000000E+01  9.000000E+01
  0.000000E+00  5.518677E+01  0.000000E+00  4.803395E-02  5.687014E-02
  5.751921E+01  7.308509E+01  5.488273E+01  3.096370E+00  9.151488E-01
  3.096370E+00  5.524409E+01  1.417920E+00  9.151488E-01  1.417920E+00
  5.543350E+01
      7910  7.910000E+00        41
 -1.202058E+06  2.835201E+02 -1.203080E+06  2.929890E+05 -1.496069E+06
  0.000000E+00  2.960977E-03  0.000000E+00  0.000000E+00 -1.183318E+06
  8.693957E+01 -5.417895E+04 -1.549309E+06  1.495207E+06  0.000000E+00
 -2.858671E-02  0.000000E+00  0.000000E+00  5.568179E+03  0.000000E+00
  0.000000E+00  0.000000E+00  9.000000E+01  9.000000E+01  9.000000E+01
  0.000000E+00  5.515612E+01  0.000000E+00  4.756380E-02  5.793394E-02
  5.724150E+01  7.281552E+01  5.385844E+01  9.246889E-01  2.111510E+00
  9.246889E-01  5.621709E+01  2.069627E+00  2.111510E+00  2.069627E+00
  5.539282E+01
      7920  7.920000E+00        41
 -1.202059E+06  3.253736E+02 -1.203232E+06  2.928827E+05 -1.496115E+06
  0.000000E+00  2.871372E-03  0.000000E+00  0.000000E+00 -1.183333E+06
  7.242021E+01 -5.383380E+04 -1.549012E+06  1.495245E+06  0.000000E+00
 -2.773539E-02  0.000000E+00  0.000000E+00  5.568179E+03  0.000000E+00
  0.000000E+00  0.000000E+00  9.000000E+01  9.000000E+01  9.000000E+01
  0.000000E+00  5.511385E+01  0.000000E+00  4.740765E-02  5.855507E-02
  5.696257E+01  7.254039E+01  5.714971E+01  5.307226E-01  1.162137E+00
  5.307226E-01  5.332471E+01 -8.899894E-02  1.162137E+00 -8.899894E-02
  5.486714E+01
      7930  7.930000E+00        41
 -1.202059E+06  3.035156E+02 -1.203153E+06  2.928816E+05 -1.496035E+06
  0.000000E+00  2.850294E-03  0.000000E+00  0.000000E+00 -1.183398E+06
  5.512532E+01 -5.379742E+04 -1.548878E+06  1.495164E+06  0.000000E+00
 -2.749032E-02  0.000000E+00  0.000000E+00  5.568179E+03  0.000000E+00
  0.000000E+00  0.000000E+00  9.000000E+01  9.000000E+01  9.000000E+01
  0.000000E+00  5.492400E+01  0.000000E+00  4.810080E-02  6.030363E-02
  5.668087E+01  7.226107E+01  5.188617E+01  1.457391E-01  8.937088E-01
  1.457391E-01  5.635881E+01 -1.134296E+00  8.937088E-01 -1.134296E+00
  5.652701E+01
      7940  7.940000E+00        41
 -1.202060E+06  2.939979E+02 -1.203119E+06  2.924497E+05 -1.495569E+06
  0.000000E+00  2.891159E-03  0.000000E+00  0.000000E+00 -1.183855E+06
  3.282115E+01 -5.249492E+04 -1.547095E+06  1.494707E+06  0.000000E+00
 -2.793931E-02  0.000000E+00  0.000000E+00  5.568179E+03  0.000000E+00
  0.000000E+00  0.000000E+00  9.000000E+01  9.000000E+01  9.000000E+01
  0.000000E+00  5.357940E+01  0.000000E+00  4.932160E-02  6.206356E-02
  5.639985E+01  7.198178E+01  4.702494E+01  9.046325E-01 -3.459370E-01
  9.046325E-01  5.519075E+01  3.057393E+00 -3.459370E-01  3.057393E+00
  5.852251E+01
      7950  7.950000E+00        41
 -1.202060E+06  3.021659E+02 -1.203149E+06  2.922540E+05 -1.495403E+06
  0.000000E+00  2.961422E-03  0.000000E+00  0.000000E+00 -1.184029E+06
  1.204290E+01 -5.191412E+04 -1.546345E+06  1.494544E+06  0.000000E+00
 -2.861185E-02  0.000000E+00  0.000000E+00  5.568179E+03  0.000000E+00
  0.000000E+00  0.000000E+00  9.000000E+01  9.000000E+01  9.000000E+01
  0.000000E+00  5.306787E+01  0.000000E+00  5.124993E-02  6.305518E-02
  5.612678E+01  7.170764E+01  4.908335E+01  2.053031E-01 -5.109334E-01
  2.053031E-01  4.971677E+01  1.458021E+00 -5.109334E-01  1.458021E+00
  6.040350E+01
      7960  7.960000E+00        41
 -1.202059E+06  3.047961E+02 -1.203158E+06  2.923804E+05 -1.495538E+06
  0.000000E+00  3.021284E-03  0.000000E+00  0.000000E+00 -1.183885E+06
  9.326576E+00 -5.232516E+04 -1.546885E+06  1.494678E+06  0.000000E+00
 -2.917564E-02  0.000000E+00  0.000000E+00  5.568179E+03  0.000000E+00
  0.000000E+00  0.000000E+00  9.000000E+01  9.000000E+01  9.000000E+01
  0.000000E+00  5.348980E+01  0.000000E+00  5.128720E-02  6.434425E-02
  5.586725E+01  7.144227E+01  4.632502E+01 -1.679049E+00  7.403809E-01
 -1.679049E+00  5.604936E+01  1.073372E+00  7.403809E-01  1.073372E+00
  5.809501E+01
      7970  7.970000E+00        41
 -1.202058E+06  2.799753E+02 -1.203067E+06  2.922305E+05 -1.495298E+06
  0.000000E+00  3.061785E-03  0.000000E+00  0.000000E+00 -1.184140E+06
  2.647289E+01 -5.173863E+04 -1.546064E+06  1.494437E+06  0.000000E+00
 -2.960376E-02  0.000000E+00  0.000000E+00  5.568179E+03  0.000000E+00
  0.000000E+00  0.000000E+00  9.000000E+01  9.000000E+01  9.000000E+01
  0.000000E+00  5.273841E+01  0.000000E+00  5.101300E-02  6.518384E-02
  5.561477E+01  7.117720E+01  4.699051E+01 -1.177987E+00  6.621326E-01
 -1.177987E+00  6.150299E+01  2.334576E+00  6.621326E-01  2.334576E+00
  4.972173E+01
      7980  7.980000E+00        41
 -1.202059E+06  2.959808E+02 -1.203125E+06  2.918379E+05 -1.494963E+06
  0.000000E+00  2.796999E-03  0.000000E+00  0.000000E+00 -1.184479E+06
  5.231977E+01 -5.060490E+04 -1.544591E+06  1.494105E+06  0.000000E+00
 -2.703019E-02  0.000000E+00  0.000000E+00  5.568179E+03  0.000000E+00
  0.000000E+00  0.000000E+00  9.000000E+01  9.000000E+01  9.000000E+01
  0.000000E+00  5.173871E+01  0.000000E+00  5.190556E-02  6.475873E-02
  5.536048E+01  7.090359E+01  5.579860E+01 -5.075959E-01  5.375199E-01
 -5.075959E-01  5.212111E+01  3.693166E+00  5.375199E-01  3.693166E+00
  4.729643E+01
      7990  7.990000E+00        41
 -1.202059E+06  3.151503E+02 -1.203195E+06  2.917846E+05 -1.494980E+06
  0.000000E+00  2.965420E-03  0.000000E+00  0.000000E+00 -1.184515E+06
  8.757069E+01 -5.036445E+04 -1.544351E+06  1.494128E+06  0.000000E+00
 -2.863145E-02  0.000000E+00  0.000000E+00  5.568179E+03  0.000000E+00
  0.000000E+00  0.000000E+00  9.000000E+01  9.000000E+01  9.000000E+01
  0.000000E+00  5.163752E+01  0.000000E+00  5.228783E-02  6.410909E-02
  5.510338E+01  7.061954E+01  5.531030E+01  1.240378E+00 -1.453833E+00
  1.240378E+00  4.932298E+01  2.710970E+00 -1.453833E+00  2.710970E+00
  5.027928E+01
      8000  8.000000E+00        41
 -1.202058E+06  2.840054E+02 -1.203082E+06  2.917002E+05 -1.494782E+06
  0.000000E+00  3.035758E-03  0.000000E+00  0.000000E+00 -1.184732E+06
  1.245356E+02 -4.993495E+04 -1.543705E+06  1.493929E+06  0.000000E+00
 -2.934683E-02  0.000000E+00  0.000000E+00  5.568179E+03  0.000000E+00
  0.000000E+00  0.000000E+00  9.000000E+01  9.000000E+01  9.000000E+01
  0.000000E+00  5.099499E+01  0.000000E+00  5.319687E-02  6.310187E-02
  5.484949E+01  7.033045E+01  4.672923E+01  8.504825E-01 -6.217887E+00
  8.504825E-01  5.746418E+01 -3.360740E-01 -6.217887E+00 -3.360740E-01
  4.879154E+01
      8010  8.010000E+00        41
 -1.202059E+06  3.029183E+02 -1.203151E+06  2.916349E+05 -1.494785E+06
  0.000000E+00  3.106018E-03  0.000000E+00  0.000000E+00 -1.184741E+06
  1.573212E+02 -4.977241E+04 -1.543538E+06  1.493935E+06  0.000000E+00
 -2.997860E-02  0.000000E+00  0.000000E+00  5.568179E+03  0.000000E+00
  0.000000E+00  0.000000E+00  9.000000E+01  9.000000E+01  9.000000E+01
  0.000000E+00  5.096848E+01  0.000000E+00  5.313511E-02  6.295664E-02
  5.460755E+01  7.004653E+01  4.416132E+01  1.999667E+00 -5.474759E+00
  1.999667E+00  5.491768E+01  6.173833E-01 -5.474759E+00  6.173833E-01
  5.382642E+01
      8020  8.020000E+00        41
 -1.202059E+06  2.964650E+02 -1.203127E+06  2.919474E+05 -1.495075E+06
  0.000000E+00  3.070900E-03  0.000000E+00  0.000000E+00 -1.184381E+06
  2.107815E+02 -5.089936E+04 -1.544943E+06  1.494228E+06  0.000000E+00
 -2.971110E-02  0.000000E+00  0.000000E+00  5.568179E+03  0.000000E+00
  0.000000E+00  0.000000E+00  9.000000E+01  9.000000E+01  9.000000E+01
  0.000000E+00  5.202714E+01  0.000000E+00  5.169074E-02  6.351148E-02
  5.438426E+01  6.977506E+01  4.400747E+01  2.162594E+00  1.757122E+00
  2.162594E+00  5.123421E+01 -2.129301E-01  1.757122E+00 -2.129301E-01
  6.083974E+01
      8030  8.030000E+00        41
 -1.202058E+06  2.938605E+02 -1.203117E+06  2.923566E+05 -1.495473E+06
  0.000000E+00  2.888940E-03  0.000000E+00  0.000000E+00 -1.183911E+06
  2.820616E+02 -5.232868E+04 -1.546773E+06  1.494626E+06  0.000000E+00
 -2.791863E-02  0.000000E+00  0.000000E+00  5.568179E+03  0.000000E+00
  0.000000E+00  0.000000E+00  9.000000E+01  9.000000E+01  9.000000E+01
  0.000000E+00  5.340923E+01  0.000000E+00  5.105516E-02  6.237667E-02
  5.418327E+01  6.951957E+01  4.639939E+01 -1.757545E+00  7.626587E-01
 -1.757545E+00  5.505485E+01  2.726479E-01  7.626587E-01  2.726479E-01
  5.877345E+01
      8040  8.040000E+00        41
 -1.202058E+06  2.976354E+02 -1.203131E+06  2.926369E+05 -1.495768E+06
  0.000000E+00  3.106863E-03  0.000000E+00  0.000000E+00 -1.183625E+06
  3.408256E+02 -5.316236E+04 -1.547921E+06  1.494913E+06  0.000000E+00
 -3.000785E-02  0.000000E+00  0.000000E+00  5.568179E+03  0.000000E+00
  0.000000E+00  0.000000E+00  9.000000E+01  9.000000E+01  9.000000E+01
  0.000000E+00  5.425239E+01  0.000000E+00  4.996184E-02  6.188719E-02
  5.400407E+01  6.927799E+01  5.321331E+01 -3.430159E+00 -5.939246E+00
 -3.430159E+00  5.483413E+01  1.287169E+00 -5.939246E+00  1.287169E+00
  5.470974E+01
      8050  8.050000E+00        41
 -1.202058E+06  2.878069E+02 -1.203095E+06  2.923686E+05 -1.495464E+06
  0.000000E+00  3.017900E-03  0.000000E+00  0.000000E+00 -1.183922E+06
  3.861711E+02 -5.234293E+04 -1.546828E+06  1.494611E+06  0.000000E+00
 -2.918851E-02  0.000000E+00  0.000000E+00  5.568179E+03  0.000000E+00
  0.000000E+00  0.000000E+00  9.000000E+01  9.000000E+01  9.000000E+01
  0.000000E+00  5.337785E+01  0.000000E+00  4.819078E-02  6.197249E-02
  5.384626E+01  6.904849E+01  5.341832E+01 -1.737929E+00 -1.883433E+00
 -1.737929E+00  5.439214E+01  2.173372E+00 -1.883433E+00  2.173372E+00
  5.232309E+01
      8060  8.060000E+00        41
 -1.202058E+06  3.174544E+02 -1.203203E+06  2.921311E+05 -1.495334E+06
  0.000000E+00  2.999439E-03  0.000000E+00  0.000000E+00 -1.184172E+06
  4.143066E+02 -5.138146E+04 -1.545773E+06  1.494484E+06  0.000000E+00
 -2.897182E-02  0.000000E+00  0.000000E+00  5.568179E+03  0.000000E+00
  0.000000E+00  0.000000E+00  9.000000E+01  9.000000E+01  9.000000E+01
  0.000000E+00  5.264358E+01  0.000000E+00  4.754516E-02  6.017174E-02
  5.370640E+01  6.882594E+01  5.000085E+01 -4.946604E-01  9.027717E-01
 -4.946604E-01  5.390277E+01  2.003666E-01  9.027717E-01  2.003666E-01
  5.402712E+01
      8070  8.070000E+00        41
 -1.202058E+06  2.972190E+02 -1.203129E+06  2.918772E+05 -1.495006E+06
  0.000000E+00  3.035653E-03  0.000000E+00  0.000000E+00 -1.184566E+06
  4.324155E+02 -5.034366E+04 -1.544422E+06  1.494157E+06  0.000000E+00
 -2.933135E-02  0.000000E+00  0.000000E+00  5.568179E+03  0.000000E+00
  0.000000E+00  0.000000E+00  9.000000E+01  9.000000E+01  9.000000E+01
  0.000000E+00  5.148187E+01  0.000000E+00  4.723574E-02  5.817456E-02
  5.357860E+01  6.860386E+01  4.915729E+01 -1.148128E+00 -4.647565E+00
 -1.148128E+00  5.282268E+01 -2.655783E+00 -4.647565E+00 -2.655783E+00
  5.246564E+01
      8080  8.080000E+00        41
 -1.202058E+06  2.969086E+02 -1.203128E+06  2.913013E+05 -1.494430E+06
  0.000000E+00  2.804682E-03  0.000000E+00  0.000000E+00 -1.185133E+06
  4.367014E+02 -4.864696E+04 -1.542145E+06  1.493583E+06  0.000000E+00
 -2.713941E-02  0.000000E+00  0.000000E+00  5.568179E+03  0.000000E+00
  0.000000E+00  0.000000E+00  9.000000E+01  9.000000E+01  9.000000E+01
  0.000000E+00  4.981499E+01  0.000000E+00  4.609034E-02  5.586660E-02
  5.346186E+01  6.838428E+01  4.908593E+01 -1.690547E+00 -2.579326E+00
 -1.690547E+00  5.262583E+01  8.331716E-01 -2.579326E+00  8.331716E-01
  4.773322E+01
      8090  8.090000E+00        41
 -1.202058E+06  2.985840E+02 -1.203134E+06  2.915249E+05 -1.494659E+06
  0.000000E+00  3.016660E-03  0.000000E+00  0.000000E+00 -1.184920E+06
  4.311581E+02 -4.927293E+04 -1.543007E+06  1.493811E+06  0.000000E+00
 -2.917618E-02  0.000000E+00  0.000000E+00  5.568179E+03  0.000000E+00
  0.000000E+00  0.000000E+00  9.000000E+01  9.000000E+01  9.000000E+01
  0.000000E+00  5.044110E+01  0.000000E+00  4.430152E-02  5.358031E-02
  5.335739E+01  6.817246E+01  4.967407E+01  2.025428E+00  6.064326E+00
  2.025428E+00  5.169751E+01 -6.820462E-01  6.064326E+00 -6.820462E-01
  4.995171E+01
      8100  8.100000E+00        41
 -1.202058E+06  2.899022E+02 -1.203103E+06  2.915899E+05 -1.494693E+06
  0.000000E+00  3.026749E-03  0.000000E+00  0.000000E+00 -1.184841E+06
  4.206942E+02 -4.957228E+04 -1.543333E+06  1.493840E+06  0.000000E+00
 -2.923978E-02  0.000000E+00  0.000000E+00  5.568179E+03  0.000000E+00
  0.000000E+00  0.000000E+00  9.000000E+01  9.000000E+01  9.000000E+01
  0.000000E+00  5.067364E+01  0.000000E+00  4.139838E-02  5.279048E-02
  5.326169E+01  6.796801E+01  5.033276E+01  1.928968E+00  3.463571E+00
  1.928968E+00  5.484510E+01 -1.901269E+00  3.463571E+00 -1.901269E+00
  4.684305E+01
      8110  8.110000E+00        41
 -1.202058E+06  3.072448E+02 -1.203165E+06  2.917300E+05 -1.494895E+06
  0.000000E+00  2.797692E-03  0.000000E+00  0.000000E+00 -1.184617E+06
  3.786963E+02 -5.011775E+04 -1.544041E+06  1.494040E+06  0.000000E+00
 -2.706258E-02  0.000000E+00  0.000000E+00  5.568179E+03  0.000000E+00
  0.000000E+00  0.000000E+00  9.000000E+01  9.000000E+01  9.000000E+01
  0.000000E+00  5.133246E+01  0.000000E+00  4.043216E-02  5.061159E-02
  5.317250E+01  6.777425E+01  4.970150E+01  1.637251E+00 -1.106395E+00
  1.637251E+00  5.894878E+01 -1.918627E+00 -1.106395E+00 -1.918627E+00
  4.534710E+01
      8120  8.120000E+00        41
 -1.202058E+06  3.153680E+02 -1.203195E+06  2.920908E+05 -1.495286E+06
  0.000000E+00  2.944957E-03  0.000000E+00  0.000000E+00 -1.184228E+06
  3.297856E+02 -5.122704E+04 -1.545559E+06  1.494434E+06  0.000000E+00
 -2.846392E-02  0.000000E+00  0.000000E+00  5.568179E+03  0.000000E+00
  0.000000E+00  0.000000E+00  9.000000E+01  9.000000E+01  9.000000E+01
  0.000000E+00  5.247939E+01  0.000000E+00  4.092681E-02  4.861695E-02
  5.309336E+01  6.760618E+01  4.872371E+01 -8.828430E-01  3.518600E+00
 -8.828430E-01  5.109269E+01  1.013661E-01  3.518600E+00  1.013661E-01
  5.762177E+01
      8130  8.130000E+00        41
 -1.202059E+06  3.109764E+02 -1.203180E+06  2.920241E+05 -1.495204E+06
  0.000000E+00  3.053459E-03  0.000000E+00  0.000000E+00 -1.184351E+06
  3.223982E+02 -5.088952E+04 -1.545180E+06  1.494353E+06  0.000000E+00
 -2.951232E-02  0.000000E+00  0.000000E+00  5.568179E+03  0.000000E+00
  0.000000E+00  0.000000E+00  9.000000E+01  9.000000E+01  9.000000E+01
  0.000000E+00  5.211738E+01  0.000000E+00  4.127233E-02  4.876749E-02
  5.302744E+01  6.746924E+01  4.914947E+01 -2.523563E+00  5.227769E-01
 -2.523563E+00  4.639833E+01 -5.860562E-01  5.227769E-01 -5.860562E-01
  6.080435E+01
      8140  8.140000E+00        41
 -1.202059E+06  3.111288E+02 -1.203180E+06  2.914087E+05 -1.494589E+06
  0.000000E+00  3.075522E-03  0.000000E+00  0.000000E+00 -1.185036E+06
  3.235660E+02 -4.883530E+04 -1.542511E+06  1.493733E+06  0.000000E+00
 -2.973393E-02  0.000000E+00  0.000000E+00  5.568179E+03  0.000000E+00
  0.000000E+00  0.000000E+00  9.000000E+01  9.000000E+01  9.000000E+01
  0.000000E+00  5.010311E+01  0.000000E+00  4.164473E-02  4.975330E-02
  5.297417E+01  6.735534E+01  4.430933E+01 -1.563383E+00 -2.538329E+00
 -1.563383E+00  5.468979E+01 -3.745707E+00 -2.538329E+00 -3.745707E+00
  5.131020E+01
      8150  8.150000E+00        41
 -1.202058E+06  2.754108E+02 -1.203051E+06  2.907983E+05 -1.493849E+06
  0.000000E+00  3.105503E-03  0.000000E+00  0.000000E+00 -1.185733E+06
  3.163051E+02 -4.699915E+04 -1.539943E+06  1.492992E+06  0.000000E+00
 -3.003729E-02  0.000000E+00  0.000000E+00  5.568179E+03  0.000000E+00
  0.000000E+00  0.000000E+00  9.000000E+01  9.000000E+01  9.000000E+01
  0.000000E+00  4.804929E+01  0.000000E+00  4.140064E-02  5.214087E-02
  5.293274E+01  6.725772E+01  4.079287E+01  1.207484E+00  2.097488E+00
  1.207484E+00  5.449773E+01  1.172589E+00  2.097488E+00  1.172589E+00
  4.885728E+01
      8160  8.160000E+00        41
 -1.202059E+06  2.967062E+02 -1.203128E+06  2.908309E+05 -1.493959E+06
  0.000000E+00  3.009324E-03  0.000000E+00  0.000000E+00 -1.185691E+06
  2.849545E+02 -4.697205E+04 -1.540034E+06  1.493105E+06  0.000000E+00
 -2.908327E-02  0.000000E+00  0.000000E+00  5.568179E+03  0.000000E+00
  0.000000E+00  0.000000E+00  9.000000E+01  9.000000E+01  9.000000E+01
  0.000000E+00  4.817408E+01  0.000000E+00  4.111794E-02  5.307907E-02
  5.290148E+01  6.717285E+01  4.586644E+01  5.554482E-01  1.872393E+00
  5.554482E-01  5.004925E+01  1.087268E+00  1.872393E+00  1.087268E+00
  4.860655E+01
      8170  8.170000E+00        41
 -1.202059E+06  3.078449E+02 -1.203168E+06  2.910204E+05 -1.494189E+06
  0.000000E+00  2.815941E-03  0.000000E+00  0.000000E+00 -1.185456E+06
  2.540198E+02 -4.759479E+04 -1.540887E+06  1.493337E+06  0.000000E+00
 -2.724688E-02  0.000000E+00  0.000000E+00  5.568179E+03  0.000000E+00
  0.000000E+00  0.000000E+00  9.000000E+01  9.000000E+01  9.000000E+01
  0.000000E+00  4.886457E+01  0.000000E+00  4.218651E-02  5.129686E-02
  5.287667E+01  6.709876E+01  4.832594E+01 -4.520583E-01 -4.368945E-01
 -4.520583E-01  5.215357E+01 -1.785308E+00 -4.368945E-01 -1.785308E+00
  4.611419E+01
      8180  8.180000E+00        41
 -1.202059E+06  3.101352E+02 -1.203177E+06  2.915510E+05 -1.494728E+06
  0.000000E+00  3.037309E-03  0.000000E+00  0.000000E+00 -1.184885E+06
  2.286313E+02 -4.929104E+04 -1.543106E+06  1.493869E+06  0.000000E+00
 -2.937224E-02  0.000000E+00  0.000000E+00  5.568179E+03  0.000000E+00
  0.000000E+00  0.000000E+00  9.000000E+01  9.000000E+01  9.000000E+01
  0.000000E+00  5.054551E+01  0.000000E+00  4.213909E-02  5.044600E-02
  5.285677E+01  6.703382E+01  4.643913E+01  1.280931E+00  2.130724E+00
  1.280931E+00  5.635315E+01 -5.335850E+00  2.130724E+00 -5.335850E+00
  4.884426E+01
      8190  8.190000E+00        41
 -1.202059E+06  2.968152E+02 -1.203128E+06  2.916208E+05 -1.494749E+06
  0.000000E+00  3.063677E-03  0.000000E+00  0.000000E+00 -1.184828E+06
  1.844899E+02 -4.955649E+04 -1.543375E+06  1.493893E+06  0.000000E+00
 -2.961576E-02  0.000000E+00  0.000000E+00  5.568179E+03  0.000000E+00
  0.000000E+00  0.000000E+00  9.000000E+01  9.000000E+01  9.000000E+01
  0.000000E+00  5.071282E+01  0.000000E+00  4.169223E-02  4.976789E-02
  5.284638E+01  6.698268E+01  4.637410E+01  2.161993E+00  2.597061E+00
  2.161993E+00  5.079765E+01 -3.430349E+00  2.597061E+00 -3.430349E+00
  5.496671E+01
      8200  8.200000E+00        41
 -1.202059E+06  3.085925E+02 -1.203171E+06  2.915529E+05 -1.494724E+06
  0.000000E+00  3.000813E-03  0.000000E+00  0.000000E+00 -1.184837E+06
  1.390875E+02 -4.944611E+04 -1.543245E+06  1.493875E+06  0.000000E+00
 -2.901639E-02  0.000000E+00  0.000000E+00  5.568179E+03  0.000000E+00
  0.000000E+00  0.000000E+00  9.000000E+01  9.000000E+01  9.000000E+01
  0.000000E+00  5.068893E+01  0.000000E+00  4.243652E-02  4.793150E-02
  5.285021E+01  6.694969E+01  4.712383E+01 -4.150770E-01  1.971431E+00
 -4.150770E-01  4.684019E+01  1.616335E+00  1.971431E+00  1.616335E+00
  5.810278E+01
      8210  8.210000E+00        41
 -1.202058E+06  2.916814E+02 -1.203110E+06  2.915865E+05 -1.494696E+06
  0.000000E+00  3.135724E-03  0.000000E+00  0.000000E+00 -1.184829E+06
  1.053754E+02 -4.958911E+04 -1.543356E+06  1.493839E+06  0.000000E+00
 -3.033074E-02  0.000000E+00  0.000000E+00  5.568179E+03  0.000000E+00
  0.000000E+00  0.000000E+00  9.000000E+01  9.000000E+01  9.000000E+01
  0.000000E+00  5.071045E+01  0.000000E+00  4.195386E-02  4.888949E-02
  5.286732E+01  6.693252E+01  4.921388E+01  5.548669E-01  1.214584E+00
  5.548669E-01  5.282063E+01  1.507475E+00  1.214584E+00  1.507475E+00
  5.009683E+01
      8220  8.220000E+00        41
 -1.202059E+06  3.088907E+02 -1.203173E+06  2.911081E+05 -1.494281E+06
  0.000000E+00  2.618684E-03  0.000000E+00  0.000000E+00 -1.185325E+06
  7.324032E+01 -4.797705E+04 -1.541318E+06  1.493420E+06  0.000000E+00
 -2.533206E-02  0.000000E+00  0.000000E+00  5.568179E+03  0.000000E+00
  0.000000E+00  0.000000E+00  9.000000E+01  9.000000E+01  9.000000E+01
  0.000000E+00  4.925141E+01  0.000000E+00  4.100706E-02  5.162225E-02
  5.289750E+01  6.693123E+01  4.736405E+01  8.433898E-01 -2.020695E+00
  8.433898E-01  5.484150E+01  1.130469E+00 -2.020695E+00  1.130469E+00
  4.554867E+01
      8230  8.230000E+00        41
 -1.202059E+06  2.971582E+02 -1.203130E+06  2.908177E+05 -1.493948E+06
  0.000000E+00  2.778383E-03  0.000000E+00  0.000000E+00 -1.185630E+06
  4.181870E+01 -4.714634E+04 -1.540130E+06  1.493087E+06  0.000000E+00
 -2.686132E-02  0.000000E+00  0.000000E+00  5.568179E+03  0.000000E+00
  0.000000E+00  0.000000E+00  9.000000E+01  9.000000E+01  9.000000E+01
  0.000000E+00  4.835421E+01  0.000000E+00  4.312014E-02  5.326246E-02
  5.294148E+01  6.694669E+01  4.376153E+01  7.373330E-01 -4.006850E-01
  7.373330E-01  5.009352E+01 -1.990181E+00 -4.006850E-01 -1.990181E+00
  5.120759E+01
      8240  8.240000E+00        41
 -1.202060E+06  3.266820E+02 -1.203238E+06  2.912216E+05 -1.494459E+06
  0.000000E+00  2.877376E-03  0.000000E+00  0.000000E+00 -1.185155E+06
  2.195757E+01 -4.836151E+04 -1.541841E+06  1.493599E+06  0.000000E+00
 -2.783485E-02  0.000000E+00  0.000000E+00  5.568179E+03  0.000000E+00
  0.000000E+00  0.000000E+00  9.000000E+01  9.000000E+01  9.000000E+01
  0.000000E+00  4.975566E+01  0.000000E+00  4.534151E-02  5.464572E-02
  5.300086E+01  6.697926E+01  4.431404E+01 -1.999694E+00  2.676740E+00
 -1.999694E+00  5.130982E+01 -1.415328E+00  2.676740E+00 -1.415328E+00
  5.364313E+01
      8250  8.250000E+00        41
 -1.202059E+06  2.778070E+02 -1.203060E+06  2.914790E+05 -1.494539E+06
  0.000000E+00  2.962321E-03  0.000000E+00  0.000000E+00 -1.184966E+06
  2.665207E+01 -4.927700E+04 -1.542821E+06  1.493679E+06  0.000000E+00
 -2.863478E-02  0.000000E+00  0.000000E+00  5.568179E+03  0.000000E+00
  0.000000E+00  0.000000E+00  9.000000E+01  9.000000E+01  9.000000E+01
  0.000000E+00  5.030805E+01  0.000000E+00  4.794847E-02  5.631157E-02
  5.307793E+01  6.702913E+01  4.569541E+01 -1.477757E+00  9.182903E-01
 -1.477757E+00  5.532349E+01  6.663462E-01  9.182903E-01  6.663462E-01
  4.990526E+01
      8260  8.260000E+00        41
 -1.202059E+06  2.889228E+02 -1.203100E+06  2.918670E+05 -1.494967E+06
  0.000000E+00  3.341209E-03  0.000000E+00  0.000000E+00 -1.184556E+06
  5.938657E+01 -5.042863E+04 -1.544415E+06  1.494113E+06  0.000000E+00
 -3.226866E-02  0.000000E+00  0.000000E+00  5.568179E+03  0.000000E+00
  0.000000E+00  0.000000E+00  9.000000E+01  9.000000E+01  9.000000E+01
  0.000000E+00  5.151569E+01  0.000000E+00  5.123078E-02  5.649800E-02
  5.317284E+01  6.709395E+01  4.684114E+01  2.077009E+00 -2.731379E-01
  2.077009E+00  4.911166E+01  2.837741E+00 -2.731379E-01  2.837741E+00
  5.859425E+01
      8270  8.270000E+00        41
 -1.202060E+06  3.214794E+02 -1.203218E+06  2.917330E+05 -1.494951E+06
  0.000000E+00  3.108550E-03  0.000000E+00  0.000000E+00 -1.184589E+06
  1.068623E+02 -5.009735E+04 -1.544103E+06  1.494096E+06  0.000000E+00
 -3.007443E-02  0.000000E+00  0.000000E+00  5.568179E+03  0.000000E+00
  0.000000E+00  0.000000E+00  9.000000E+01  9.000000E+01  9.000000E+01
  0.000000E+00  5.141977E+01  0.000000E+00  5.055526E-02  5.985965E-02
  5.328426E+01  6.716994E+01  4.956596E+01  1.640212E+00 -2.233909E+00
  1.640212E+00  4.880998E+01  2.587883E+00 -2.233909E+00  2.587883E+00
  5.588336E+01
      8280  8.280000E+00        41
 -1.202059E+06  2.910571E+02 -1.203108E+06  2.913199E+05 -1.494428E+06
  0.000000E+00  3.097520E-03  0.000000E+00  0.000000E+00 -1.185137E+06
  1.499822E+02 -4.867250E+04 -1.542153E+06  1.493568E+06  0.000000E+00
 -2.995812E-02  0.000000E+00  0.000000E+00  5.568179E+03  0.000000E+00
  0.000000E+00  0.000000E+00  9.000000E+01  9.000000E+01  9.000000E+01
  0.000000E+00  4.980568E+01  0.000000E+00  5.211190E-02  6.248165E-02
  5.340933E+01  6.725408E+01  4.890252E+01 -1.413552E+00 -4.959259E+00
 -1.413552E+00  5.477726E+01 -8.065769E-01 -4.959259E+00 -8.065769E-01
  4.573727E+01
      8290  8.290000E+00        41
 -1.202059E+06  2.912660E+02 -1.203109E+06  2.905292E+05 -1.493638E+06
  0.000000E+00  3.064352E-03  0.000000E+00  0.000000E+00 -1.186022E+06
  1.861176E+02 -4.601530E+04 -1.538716E+06  1.492777E+06  0.000000E+00
 -2.964105E-02  0.000000E+00  0.000000E+00  5.568179E+03  0.000000E+00
  0.000000E+00  0.000000E+00  9.000000E+01  9.000000E+01  9.000000E+01
  0.000000E+00  4.719940E+01  0.000000E+00  5.435318E-02  6.394940E-02
  5.354497E+01  6.734486E+01  4.330134E+01 -1.068630E+00 -1.854472E+00
 -1.068630E+00  4.959923E+01  1.352932E+00 -1.854472E+00  1.352932E+00
  4.869762E+01
      8300  8.300000E+00        41
 -1.202058E+06  2.896976E+02 -1.203103E+06  2.896949E+05 -1.492797E+06
  0.000000E+00  2.899051E-03  0.000000E+00  0.000000E+00 -1.186918E+06
  2.055328E+02 -4.333926E+04 -1.535199E+06  1.491937E+06  0.000000E+00
 -2.805385E-02  0.000000E+00  0.000000E+00  5.568179E+03  0.000000E+00
  0.000000E+00  0.000000E+00  9.000000E+01  9.000000E+01  9.000000E+01
  0.000000E+00  4.456245E+01  0.000000E+00  5.303423E-02  6.736339E-02
  5.368845E+01  6.744011E+01  4.133626E+01  2.120583E+00 -2.192808E-01
  2.120583E+00  4.308007E+01  2.295097E+00 -2.192808E-01  2.295097E+00
  4.927101E+01
      8310  8.310000E+00        41
 -1.202058E+06  2.925434E+02 -1.203113E+06  2.897655E+05 -1.492878E+06
  0.000000E+00  2.961609E-03  0.000000E+00  0.000000E+00 -1.186865E+06
  1.972555E+02 -4.347436E+04 -1.535425E+06  1.492020E+06  0.000000E+00
 -2.866540E-02  0.000000E+00  0.000000E+00  5.568179E+03  0.000000E+00
  0.000000E+00  0.000000E+00  9.000000E+01  9.000000E+01  9.000000E+01
  0.000000E+00  4.471532E+01  0.000000E+00  5.432267E-02  6.728588E-02
  5.384311E+01  6.754502E+01  3.971933E+01  1.380430E+00 -2.681232E+00
  1.380430E+00  4.074795E+01  2.435127E+00 -2.681232E+00  2.435127E+00
  5.367869E+01
      8320  8.320000E+00        41
 -1.202059E+06  3.096049E+02 -1.203175E+06  2.906093E+05 -1.493784E+06
  0.000000E+00  3.071289E-03  0.000000E+00  0.000000E+00 -1.185921E+06
  1.814302E+02 -4.618691E+04 -1.539059E+06  1.492923E+06  0.000000E+00
 -2.967822E-02  0.000000E+00  0.000000E+00  5.568179E+03  0.000000E+00
  0.000000E+00  0.000000E+00  9.000000E+01  9.000000E+01  9.000000E+01
  0.000000E+00  4.749756E+01  0.000000E+00  5.638898E-02  6.624187E-02
  5.401034E+01  6.766254E+01  4.546013E+01 -1.697346E+00  5.360606E-01
 -1.697346E+00  4.965874E+01  2.204749E+00  5.360606E-01  2.204749E+00
  4.737381E+01
      8330  8.330000E+00        41
 -1.202059E+06  3.149215E+02 -1.203194E+06  2.912205E+05 -1.494415E+06
  0.000000E+00  2.945421E-03  0.000000E+00  0.000000E+00 -1.185211E+06
  1.687607E+02 -4.827795E+04 -1.541784E+06  1.493552E+06  0.000000E+00
 -2.849722E-02  0.000000E+00  0.000000E+00  5.568179E+03  0.000000E+00
  0.000000E+00  0.000000E+00  9.000000E+01  9.000000E+01  9.000000E+01
  0.000000E+00  4.958693E+01  0.000000E+00  5.713672E-02  6.729834E-02
  5.418234E+01  6.778295E+01  4.846299E+01  6.088387E-01  4.339475E+00
  6.088387E-01  5.252962E+01  2.353742E+00  4.339475E+00  2.353742E+00
  4.776817E+01
      8340  8.340000E+00        41
 -1.202059E+06  2.936855E+02 -1.203117E+06  2.915035E+05 -1.494621E+06
  0.000000E+00  2.927274E-03  0.000000E+00  0.000000E+00 -1.184944E+06
  1.421682E+02 -4.923003E+04 -1.542949E+06  1.493763E+06  0.000000E+00
 -2.830948E-02  0.000000E+00  0.000000E+00  5.568179E+03  0.000000E+00
  0.000000E+00  0.000000E+00  9.000000E+01  9.000000E+01  9.000000E+01
  0.000000E+00  5.037144E+01  0.000000E+00  5.972080E-02  6.699059E-02
  5.435692E+01  6.790763E+01  4.641616E+01  1.080898E+00  1.791047E+00
  1.080898E+00  4.633671E+01 -4.724927E-01  1.791047E+00 -4.724927E-01
  5.836144E+01
      8350  8.350000E+00        41
 -1.202059E+06  3.058556E+02 -1.203161E+06  2.914350E+05 -1.494596E+06
  0.000000E+00  2.953230E-03  0.000000E+00  0.000000E+00 -1.184975E+06
  1.009932E+02 -4.904844E+04 -1.542724E+06  1.493732E+06  0.000000E+00
 -2.854822E-02  0.000000E+00  0.000000E+00  5.568179E+03  0.000000E+00
  0.000000E+00  0.000000E+00  9.000000E+01  9.000000E+01  9.000000E+01
  0.000000E+00  5.028036E+01  0.000000E+00  5.904156E-02  6.862810E-02
  5.453793E+01  6.804696E+01  4.723757E+01 -1.005750E+00  1.481754E+00
 -1.005750E+00  5.323456E+01 -2.665116E+00  1.481754E+00 -2.665116E+00
  5.036896E+01
      8360  8.360000E+00        41
 -1.202059E+06  2.958680E+02 -1.203125E+06  2.909783E+05 -1.494104E+06
  0.000000E+00  2.979791E-03  0.000000E+00  0.000000E+00 -1.185492E+06
  6.215267E+01 -4.756920E+04 -1.540753E+06  1.493240E+06  0.000000E+00
 -2.885315E-02  0.000000E+00  0.000000E+00  5.568179E+03  0.000000E+00
  0.000000E+00  0.000000E+00  9.000000E+01  9.000000E+01  9.000000E+01
  0.000000E+00  4.875945E+01  0.000000E+00  5.793010E-02  7.090254E-02
  5.472530E+01  6.820127E+01  4.202607E+01 -1.414564E+00  3.813848E+00
 -1.414564E+00  5.566143E+01  2.003842E+00  3.813848E+00  2.003842E+00
  4.859084E+01
      8370  8.370000E+00        41
 -1.202059E+06  2.971162E+02 -1.203130E+06  2.909956E+05 -1.494125E+06
  0.000000E+00  3.128295E-03  0.000000E+00  0.000000E+00 -1.185501E+06
  3.039510E+01 -4.753310E+04 -1.540740E+06  1.493271E+06  0.000000E+00
 -3.023089E-02  0.000000E+00  0.000000E+00  5.568179E+03  0.000000E+00
  0.000000E+00  0.000000E+00  9.000000E+01  9.000000E+01  9.000000E+01
  0.000000E+00  4.873364E+01  0.000000E+00  5.904997E-02  7.085973E-02
  5.491783E+01  6.836895E+01  4.049211E+01 -1.861679E+00  1.817439E+00
 -1.861679E+00  5.016823E+01  1.344143E+00  1.817439E+00  1.344143E+00
  5.554057E+01
      8380  8.380000E+00        41
 -1.202059E+06  3.002695E+02 -1.203141E+06  2.910185E+05 -1.494160E+06
  0.000000E+00  2.972291E-03  0.000000E+00  0.000000E+00 -1.185479E+06
  9.019118E+00 -4.757662E+04 -1.540811E+06  1.493306E+06  0.000000E+00
 -2.876383E-02  0.000000E+00  0.000000E+00  5.568179E+03  0.000000E+00
  0.000000E+00  0.000000E+00  9.000000E+01  9.000000E+01  9.000000E+01
  0.000000E+00  4.879916E+01  0.000000E+00  5.968931E-02  7.112788E-02
  5.511859E+01  6.855628E+01  4.667894E+01  9.885827E-01 -2.033581E+00
  9.885827E-01  4.606763E+01  1.475186E+00 -2.033581E+00  1.475186E+00
  5.365090E+01
      8390  8.390000E+00        41
 -1.202059E+06  3.001327E+02 -1.203141E+06  2.906610E+05 -1.493802E+06
  0.000000E+00  3.003451E-03  0.000000E+00  0.000000E+00 -1.185812E+06
  7.760284E+00 -4.657933E+04 -1.539460E+06  1.492951E+06  0.000000E+00
 -2.904872E-02  0.000000E+00  0.000000E+00  5.568179E+03  0.000000E+00
  0.000000E+00  0.000000E+00  9.000000E+01  9.000000E+01  9.000000E+01
  0.000000E+00  4.781981E+01  0.000000E+00  6.206810E-02  7.009212E-02
  5.532890E+01  6.876820E+01  5.119182E+01 -1.573687E-01 -7.163722E-01
 -1.573687E-01  4.857282E+01  2.135055E+00 -7.163722E-01  2.135055E+00
  4.369480E+01
      8400  8.400000E+00        41
 -1.202058E+06  2.787752E+02 -1.203063E+06  2.909268E+05 -1.493990E+06
  0.000000E+00  3.312336E-03  0.000000E+00  0.000000E+00 -1.185591E+06
  2.678295E+01 -4.739415E+04 -1.540460E+06  1.493145E+06  0.000000E+00
 -3.202595E-02  0.000000E+00  0.000000E+00  5.568179E+03  0.000000E+00
  0.000000E+00  0.000000E+00  9.000000E+01  9.000000E+01  9.000000E+01
  0.000000E+00  4.846769E+01  0.000000E+00  6.324332E-02  6.965465E-02
  5.554729E+01  6.900306E+01  5.265161E+01 -1.163420E+00  1.298354E+00
 -1.163420E+00  4.798575E+01  1.280086E+00  1.298354E+00  1.280086E+00
  4.476572E+01
      8410  8.410000E+00        41
 -1.202059E+06  3.129776E+02 -1.203187E+06  2.910343E+05 -1.494221E+06
  0.000000E+00  2.962845E-03  0.000000E+00  0.000000E+00 -1.185417E+06
  6.633980E+01 -4.767156E+04 -1.540966E+06  1.493375E+06  0.000000E+00
 -2.868279E-02  0.000000E+00  0.000000E+00  5.568179E+03  0.000000E+00
  0.000000E+00  0.000000E+00  9.000000E+01  9.000000E+01  9.000000E+01
  0.000000E+00  4.898077E+01  0.000000E+00  6.092810E-02  7.137092E-02
  5.577441E+01  6.925907E+01  5.182265E+01  1.770703E+00 -9.338819E-01
  1.770703E+00  4.696737E+01 -4.006131E+00 -9.338819E-01 -4.006131E+00
  4.815229E+01
      8420  8.420000E+00        41
 -1.202059E+06  3.045765E+02 -1.203157E+06  2.907235E+05 -1.493880E+06
  0.000000E+00  2.894057E-03  0.000000E+00  0.000000E+00 -1.185774E+06
  1.190460E+02 -4.666077E+04 -1.539634E+06  1.493033E+06  0.000000E+00
 -2.800066E-02  0.000000E+00  0.000000E+00  5.568179E+03  0.000000E+00
  0.000000E+00  0.000000E+00  9.000000E+01  9.000000E+01  9.000000E+01
  0.000000E+00  4.792842E+01  0.000000E+00  6.113680E-02  7.188200E-02
  5.600997E+01  6.953351E+01  4.570203E+01  1.774636E+00  1.505187E+00
  1.774636E+00  5.309649E+01 -3.482040E+00  1.505187E+00 -3.482040E+00
  4.498674E+01
      8430  8.430000E+00        41
 -1.202059E+06  3.013309E+02 -1.203145E+06  2.907809E+05 -1.493926E+06
  0.000000E+00  3.050486E-03  0.000000E+00  0.000000E+00 -1.185763E+06
  1.532437E+02 -4.671943E+04 -1.539762E+06  1.493079E+06  0.000000E+00
 -2.949192E-02  0.000000E+00  0.000000E+00  5.568179E+03  0.000000E+00
  0.000000E+00  0.000000E+00  9.000000E+01  9.000000E+01  9.000000E+01
  0.000000E+00  4.796217E+01  0.000000E+00  6.219957E-02  7.133451E-02
  5.625129E+01  6.982190E+01  4.043276E+01 -1.101219E+00  7.005502E+00
 -1.101219E+00  5.318329E+01  2.774450E-01  7.005502E+00  2.774450E-01
  5.027046E+01
      8440  8.440000E+00        41
 -1.202059E+06  2.971191E+02 -1.203130E+06  2.908510E+05 -1.493981E+06
  0.000000E+00  2.953066E-03  0.000000E+00  0.000000E+00 -1.185696E+06
  1.526430E+02 -4.694896E+04 -1.540047E+06  1.493131E+06  0.000000E+00
 -2.855308E-02  0.000000E+00  0.000000E+00  5.568179E+03  0.000000E+00
  0.000000E+00  0.000000E+00  9.000000E+01  9.000000E+01  9.000000E+01
  0.000000E+00  4.815759E+01  0.000000E+00  6.106654E-02  7.184176E-02
  5.649433E+01  7.011751E+01  4.241479E+01 -3.747139E+00  4.222338E+00
 -3.747139E+00  5.239183E+01  1.962400E-01  4.222338E+00  1.962400E-01
  4.966614E+01
      8450  8.450000E+00        41
 -1.202060E+06  3.255879E+02 -1.203233E+06  2.908763E+05 -1.494110E+06
  0.000000E+00  3.043328E-03  0.000000E+00  0.000000E+00 -1.185579E+06
  1.233899E+02 -4.709763E+04 -1.540307E+06  1.493256E+06  0.000000E+00
 -2.943975E-02  0.000000E+00  0.000000E+00  5.568179E+03  0.000000E+00
  0.000000E+00  0.000000E+00  9.000000E+01  9.000000E+01  9.000000E+01
  0.000000E+00  4.850550E+01  0.000000E+00  6.068459E-02  7.121385E-02
  5.674000E+01  7.041600E+01  4.342464E+01 -8.385778E-01 -3.654453E+00
 -8.385778E-01  5.304886E+01  1.138635E+00 -3.654453E+00  1.138635E+00
  4.904299E+01
      8460  8.460000E+00        41
 -1.202059E+06  2.952580E+02 -1.203123E+06  2.909197E+05 -1.494043E+06
  0.000000E+00  3.216766E-03  0.000000E+00  0.000000E+00 -1.185592E+06
  8.467410E+01 -4.727545E+04 -1.540416E+06  1.493194E+06  0.000000E+00
 -3.109997E-02  0.000000E+00  0.000000E+00  5.568179E+03  0.000000E+00
  0.000000E+00  0.000000E+00  9.000000E+01  9.000000E+01  9.000000E+01
  0.000000E+00  4.846640E+01  0.000000E+00  5.991783E-02  7.213745E-02
  5.699635E+01  7.072200E+01  4.479942E+01  2.070333E+00 -1.063973E+00
  2.070333E+00  5.190803E+01 -1.862261E+00 -1.063973E+00 -1.862261E+00
  4.869175E+01
      8470  8.470000E+00        41
 -1.202059E+06  2.965718E+02 -1.203128E+06  2.907220E+05 -1.493850E+06
  0.000000E+00  3.112478E-03  0.000000E+00  0.000000E+00 -1.185788E+06
  5.547129E+01 -4.667794E+04 -1.539634E+06  1.493003E+06  0.000000E+00
 -3.011026E-02  0.000000E+00  0.000000E+00  5.568179E+03  0.000000E+00
  0.000000E+00  0.000000E+00  9.000000E+01  9.000000E+01  9.000000E+01
  0.000000E+00  4.789021E+01  0.000000E+00  5.867094E-02  7.365554E-02
  5.726798E+01  7.103957E+01  4.561763E+01 -1.432565E+00  1.212327E+00
 -1.432565E+00  5.126611E+01 -4.618823E-01  1.212327E+00 -4.618823E-01
  4.678688E+01
      8480  8.480000E+00        41
 -1.202059E+06  2.897951E+02 -1.203104E+06  2.907481E+05 -1.493852E+06
  0.000000E+00  3.132603E-03  0.000000E+00  0.000000E+00 -1.185809E+06
  3.708018E+01 -4.666116E+04 -1.539621E+06  1.493002E+06  0.000000E+00
 -3.031924E-02  0.000000E+00  0.000000E+00  5.568179E+03  0.000000E+00
  0.000000E+00  0.000000E+00  9.000000E+01  9.000000E+01  9.000000E+01
  0.000000E+00  4.782627E+01  0.000000E+00  6.127098E-02  7.195373E-02
  5.754839E+01  7.136127E+01  4.218019E+01 -1.843622E-02 -2.872337E+00
 -1.843622E-02  4.666620E+01  3.276662E+00 -2.872337E+00  3.276662E+00
  5.463243E+01
      8490  8.490000E+00        41
 -1.202060E+06  3.249624E+02 -1.203231E+06  2.905953E+05 -1.493827E+06
  0.000000E+00  2.957654E-03  0.000000E+00  0.000000E+00 -1.185903E+06
  3.024377E+01 -4.612944E+04 -1.539065E+06  1.492976E+06  0.000000E+00
 -2.859137E-02  0.000000E+00  0.000000E+00  5.568179E+03  0.000000E+00
  0.000000E+00  0.000000E+00  9.000000E+01  9.000000E+01  9.000000E+01
  0.000000E+00  4.755349E+01  0.000000E+00  6.155802E-02  7.147292E-02
  5.783099E+01  7.168121E+01  4.415546E+01  2.382893E+00 -8.979739E-01
  2.382893E+00  5.330097E+01 -9.189704E-01 -8.979739E-01 -9.189704E-01
  4.520405E+01
      8500  8.500000E+00        41
 -1.202059E+06  2.886305E+02 -1.203100E+06  2.906431E+05 -1.493743E+06
  0.000000E+00  2.977893E-03  0.000000E+00  0.000000E+00 -1.185974E+06
  3.499006E+01 -4.617607E+04 -1.539022E+06  1.492898E+06  0.000000E+00
 -2.879626E-02  0.000000E+00  0.000000E+00  5.568179E+03  0.000000E+00
  0.000000E+00  0.000000E+00  9.000000E+01  9.000000E+01  9.000000E+01
  0.000000E+00  4.734218E+01  0.000000E+00  6.135680E-02  7.169610E-02
  5.812050E+01  7.200592E+01  4.419727E+01 -2.065082E+00  2.149016E+00
 -2.065082E+00  5.503299E+01 -3.718360E+00  2.149016E+00 -3.718360E+00
  4.279627E+01
      8510  8.510000E+00        41
 -1.202059E+06  2.841743E+02 -1.203083E+06  2.904893E+05 -1.493573E+06
  0.000000E+00  3.227494E-03  0.000000E+00  0.000000E+00 -1.186070E+06
  5.165885E+01 -4.592187E+04 -1.538603E+06  1.492733E+06  0.000000E+00
 -3.118326E-02  0.000000E+00  0.000000E+00  5.568179E+03  0.000000E+00
  0.000000E+00  0.000000E+00  9.000000E+01  9.000000E+01  9.000000E+01
  0.000000E+00  4.706086E+01  0.000000E+00  6.093837E-02  7.157188E-02
  5.842492E+01  7.234279E+01  4.675074E+01 -2.443290E+00 -2.861472E+00
 -2.443290E+00  4.629798E+01 -6.740758E-01 -2.861472E+00 -6.740758E-01
  4.813387E+01
      8520  8.520000E+00        41
 -1.202059E+06  2.955318E+02 -1.203124E+06  2.910598E+05 -1.494184E+06
  0.000000E+00  2.980989E-03  0.000000E+00  0.000000E+00 -1.185437E+06
  8.120366E+01 -4.773721E+04 -1.541030E+06  1.493340E+06  0.000000E+00
 -2.882094E-02  0.000000E+00  0.000000E+00  5.568179E+03  0.000000E+00
  0.000000E+00  0.000000E+00  9.000000E+01  9.000000E+01  9.000000E+01
  0.000000E+00  4.892143E+01  0.000000E+00  5.849446E-02  7.147559E-02
  5.874343E+01  7.268981E+01  5.239402E+01 -2.048352E-01 -4.582827E+00
 -2.048352E-01  4.936118E+01 -9.098141E-01 -4.582827E+00 -9.098141E-01
  4.500910E+01
      8530  8.530000E+00        41
 -1.202059E+06  3.196898E+02 -1.203211E+06  2.918926E+05 -1.495104E+06
  0.000000E+00  3.036716E-03  0.000000E+00  0.000000E+00 -1.184519E+06
  1.187681E+02 -5.031995E+04 -1.544529E+06  1.494255E+06  0.000000E+00
 -2.937487E-02  0.000000E+00  0.000000E+00  5.568179E+03  0.000000E+00
  0.000000E+00  0.000000E+00  9.000000E+01  9.000000E+01  9.000000E+01
  0.000000E+00  5.162520E+01  0.000000E+00  5.738896E-02  6.994684E-02
  5.907228E+01  7.304306E+01  4.755105E+01  2.339202E+00 -1.912776E+00
  2.339202E+00  5.664668E+01 -5.317071E+00 -1.912776E+00 -5.317071E+00
  5.067788E+01
      8540  8.540000E+00        41
 -1.202059E+06  2.898406E+02 -1.203104E+06  2.924616E+05 -1.495565E+06
  0.000000E+00  3.221658E-03  0.000000E+00  0.000000E+00 -1.183942E+06
  1.574997E+02 -5.226667E+04 -1.546947E+06  1.494721E+06  0.000000E+00
 -3.113361E-02  0.000000E+00  0.000000E+00  5.568179E+03  0.000000E+00
  0.000000E+00  0.000000E+00  9.000000E+01  9.000000E+01  9.000000E+01
  0.000000E+00  5.332302E+01  0.000000E+00  5.953024E-02  6.742851E-02
  5.941011E+01  7.340252E+01  4.561534E+01  7.365038E-02 -1.370081E+00
  7.365038E-02  5.745708E+01 -5.644931E-01 -1.370081E+00 -5.644931E-01
  5.689663E+01
      8550  8.550000E+00        41
 -1.202060E+06  3.140576E+02 -1.203192E+06  2.921791E+05 -1.495371E+06
  0.000000E+00  3.113161E-03  0.000000E+00  0.000000E+00 -1.184161E+06
  1.892038E+02 -5.143630E+04 -1.545917E+06  1.494526E+06  0.000000E+00
 -3.009184E-02  0.000000E+00  0.000000E+00  5.568179E+03  0.000000E+00
  0.000000E+00  0.000000E+00  9.000000E+01  9.000000E+01  9.000000E+01
  0.000000E+00  5.267887E+01  0.000000E+00  5.894992E-02  6.716977E-02
  5.975433E+01  7.376592E+01  4.754872E+01 -6.238851E-01  2.879948E-02
 -6.238851E-01  5.090206E+01  5.706971E+00  2.879948E-02  5.706971E+00
  5.958581E+01
      8560  8.560000E+00        41
 -1.202059E+06  2.915876E+02 -1.203110E+06  2.916998E+05 -1.494810E+06
  0.000000E+00  3.145769E-03  0.000000E+00  0.000000E+00 -1.184719E+06
  2.075881E+02 -4.992278E+04 -1.543854E+06  1.493964E+06  0.000000E+00
 -3.043144E-02  0.000000E+00  0.000000E+00  5.568179E+03  0.000000E+00
  0.000000E+00  0.000000E+00  9.000000E+01  9.000000E+01  9.000000E+01
  0.000000E+00  5.103464E+01  0.000000E+00  5.743983E-02  6.826445E-02
  6.009876E+01  7.412673E+01  4.529254E+01  1.364108E+00 -2.222309E+00
  1.364108E+00  5.415850E+01 -4.596679E-01 -2.222309E+00 -4.596679E-01
  5.365288E+01
      8570  8.570000E+00        41
 -1.202059E+06  2.908944E+02 -1.203107E+06  2.911981E+05 -1.494306E+06
  0.000000E+00  2.980459E-03  0.000000E+00  0.000000E+00 -1.185323E+06
  2.076078E+02 -4.811630E+04 -1.541550E+06  1.493461E+06  0.000000E+00
 -2.880543E-02  0.000000E+00  0.000000E+00  5.568179E+03  0.000000E+00
  0.000000E+00  0.000000E+00  9.000000E+01  9.000000E+01  9.000000E+01
  0.000000E+00  4.925746E+01  0.000000E+00  5.696152E-02  6.811032E-02
  6.043962E+01  7.448335E+01  4.547794E+01 -1.516498E+00 -3.926686E+00
 -1.516498E+00  5.377663E+01 -3.591967E+00 -3.926686E+00 -3.591967E+00
  4.851781E+01
      8580  8.580000E+00        41
 -1.202059E+06  3.008841E+02 -1.203144E+06  2.904918E+05 -1.493636E+06
  0.000000E+00  2.840077E-03  0.000000E+00  0.000000E+00 -1.186045E+06
  1.913627E+02 -4.587996E+04 -1.538634E+06  1.492784E+06  0.000000E+00
 -2.747473E-02  0.000000E+00  0.000000E+00  5.568179E+03  0.000000E+00
  0.000000E+00  0.000000E+00  9.000000E+01  9.000000E+01  9.000000E+01
  0.000000E+00  4.713450E+01  0.000000E+00  5.592259E-02  6.825346E-02
  6.077573E+01  7.483584E+01  4.728382E+01  1.663859E+00  1.008243E+00
  1.663859E+00  4.541698E+01 -4.311688E-01  1.008243E+00 -4.311688E-01
  4.870271E+01
      8590  8.590000E+00        41
 -1.202059E+06  2.949765E+02 -1.203122E+06  2.905086E+05 -1.493631E+06
  0.000000E+00  3.040832E-03  0.000000E+00  0.000000E+00 -1.186072E+06
  1.712845E+02 -4.583854E+04 -1.538594E+06  1.492780E+06  0.000000E+00
 -2.939659E-02  0.000000E+00  0.000000E+00  5.568179E+03  0.000000E+00
  0.000000E+00  0.000000E+00  9.000000E+01  9.000000E+01  9.000000E+01
  0.000000E+00  4.705258E+01  0.000000E+00  5.689566E-02  6.606331E-02
  6.110497E+01  7.518347E+01  4.292254E+01  1.804221E+00 -1.827279E+00
  1.804221E+00  4.968728E+01  1.707101E-01 -1.827279E+00  1.707101E-01
  4.854792E+01
      8600  8.600000E+00        41
 -1.202060E+06  3.142158E+02 -1.203192E+06  2.907558E+05 -1.493948E+06
  0.000000E+00  3.098791E-03  0.000000E+00  0.000000E+00 -1.185766E+06
  1.472245E+02 -4.661914E+04 -1.539692E+06  1.493097E+06  0.000000E+00
 -2.995968E-02  0.000000E+00  0.000000E+00  5.568179E+03  0.000000E+00
  0.000000E+00  0.000000E+00  9.000000E+01  9.000000E+01  9.000000E+01
  0.000000E+00  4.795505E+01  0.000000E+00  5.545093E-02  6.511757E-02
  6.142518E+01  7.552342E+01  4.235436E+01 -2.045084E-01 -2.906570E+00
 -2.045084E-01  5.274840E+01 -7.391910E-01 -2.906570E+00 -7.391910E-01
  4.876240E+01
      8610  8.610000E+00        41
 -1.202060E+06  2.961831E+02 -1.203127E+06  2.912261E+05 -1.494353E+06
  0.000000E+00  3.015748E-03  0.000000E+00  0.000000E+00 -1.185251E+06
  1.238956E+02 -4.829403E+04 -1.541761E+06  1.493499E+06  0.000000E+00
 -2.920260E-02  0.000000E+00  0.000000E+00  5.568179E+03  0.000000E+00
  0.000000E+00  0.000000E+00  9.000000E+01  9.000000E+01  9.000000E+01
  0.000000E+00  4.947128E+01  0.000000E+00  5.287750E-02  6.622557E-02
  6.173572E+01  7.585513E+01  4.809157E+01  2.325249E-01  2.528770E+00
  2.325249E-01  4.951476E+01  3.153387E+00  2.528770E+00  3.153387E+00
  5.080751E+01
      8620  8.620000E+00        41
 -1.202060E+06  3.028088E+02 -1.203151E+06  2.917309E+05 -1.494882E+06
  0.000000E+00  3.070266E-03  0.000000E+00  0.000000E+00 -1.184645E+06
  9.141353E+01 -5.006238E+04 -1.544033E+06  1.494027E+06  0.000000E+00
 -2.970318E-02  0.000000E+00  0.000000E+00  5.568179E+03  0.000000E+00
  0.000000E+00  0.000000E+00  9.000000E+01  9.000000E+01  9.000000E+01
  0.000000E+00  5.125379E+01  0.000000E+00  5.280472E-02  6.531557E-02
  6.203468E+01  7.617879E+01  4.475623E+01 -5.454899E-02  2.180217E+00
 -5.454899E-02  5.117853E+01  1.324061E-01  2.180217E+00  1.324061E-01
  5.782661E+01
      8630  8.630000E+00        41
 -1.202060E+06  3.038045E+02 -1.203155E+06  2.918942E+05 -1.495049E+06
  0.000000E+00  3.026825E-03  0.000000E+00  0.000000E+00 -1.184482E+06
  4.933233E+01 -5.054274E+04 -1.544648E+06  1.494194E+06  0.000000E+00
 -2.927421E-02  0.000000E+00  0.000000E+00  5.568179E+03  0.000000E+00
  0.000000E+00  0.000000E+00  9.000000E+01  9.000000E+01  9.000000E+01
  0.000000E+00  5.173313E+01  0.000000E+00  5.299348E-02  6.361479E-02
  6.231442E+01  7.648457E+01  4.491741E+01  3.597040E+00 -1.888025E+00
  3.597040E+00  5.760313E+01 -3.715446E+00 -1.888025E+00 -3.715446E+00
  5.267885E+01
      8640  8.640000E+00        41
 -1.202059E+06  2.799938E+02 -1.203068E+06  2.913556E+05 -1.494424E+06
  0.000000E+00  2.941070E-03  0.000000E+00  0.000000E+00 -1.185061E+06
  4.040200E+01 -4.897771E+04 -1.542444E+06  1.493570E+06  0.000000E+00
 -2.847688E-02  0.000000E+00  0.000000E+00  5.568179E+03  0.000000E+00
  0.000000E+00  0.000000E+00  9.000000E+01  9.000000E+01  9.000000E+01
  0.000000E+00  5.002956E+01  0.000000E+00  5.129034E-02  6.311177E-02
  6.256119E+01  7.675527E+01  4.968442E+01 -4.073518E-01  2.538218E+00
 -4.073518E-01  5.133134E+01  2.218251E+00  2.538218E+00  2.218251E+00
  4.907292E+01
      8650  8.650000E+00        41
 -1.202060E+06  3.121771E+02 -1.203185E+06  2.912104E+05 -1.494395E+06
  0.000000E+00  2.923145E-03  0.000000E+00  0.000000E+00 -1.185206E+06
  9.710769E+01 -4.831349E+04 -1.541781E+06  1.493541E+06  0.000000E+00
 -2.826047E-02  0.000000E+00  0.000000E+00  5.568179E+03  0.000000E+00
  0.000000E+00  0.000000E+00  9.000000E+01  9.000000E+01  9.000000E+01
  0.000000E+00  4.960414E+01  0.000000E+00  5.009018E-02  6.125883E-02
  6.276418E+01  7.697522E+01  4.664336E+01 -1.103646E+00  4.169879E+00
 -1.103646E+00  4.388418E+01  5.127153E+00  4.169879E+00  5.127153E+00
  5.828487E+01
      8660  8.660000E+00        41
 -1.202060E+06  3.035750E+02 -1.203154E+06  2.912302E+05 -1.494384E+06
  0.000000E+00  2.875316E-03  0.000000E+00  0.000000E+00 -1.185235E+06
  1.602095E+02 -4.828890E+04 -1.541769E+06  1.493527E+06  0.000000E+00
 -2.781947E-02  0.000000E+00  0.000000E+00  5.568179E+03  0.000000E+00
  0.000000E+00  0.000000E+00  9.000000E+01  9.000000E+01  9.000000E+01
  0.000000E+00  4.951763E+01  0.000000E+00  4.862034E-02  6.038194E-02
  6.293591E+01  7.715882E+01  4.245881E+01  4.062075E+00 -3.311208E-02
  4.062075E+00  5.139344E+01  2.004539E+00 -3.311208E-02  2.004539E+00
  5.470065E+01
      8670  8.670000E+00        41
 -1.202060E+06  3.000996E+02 -1.203141E+06  2.911731E+05 -1.494314E+06
  0.000000E+00  3.093680E-03  0.000000E+00  0.000000E+00 -1.185293E+06
  2.023991E+02 -4.814339E+04 -1.541551E+06  1.493449E+06  0.000000E+00
 -2.992623E-02  0.000000E+00  0.000000E+00  5.568179E+03  0.000000E+00
  0.000000E+00  0.000000E+00  9.000000E+01  9.000000E+01  9.000000E+01
  0.000000E+00  4.934926E+01  0.000000E+00  4.699398E-02  6.016070E-02
  6.309046E+01  7.732466E+01  4.249022E+01  1.060468E+00  3.201248E+00
  1.060468E+00  5.466513E+01  1.138392E+00  3.201248E+00  1.138392E+00
  5.089243E+01
      8680  8.680000E+00        41
 -1.202060E+06  3.098942E+02 -1.203177E+06  2.912362E+05 -1.494413E+06
  0.000000E+00  3.160365E-03  0.000000E+00  0.000000E+00 -1.185218E+06
  2.284715E+02 -4.829795E+04 -1.541815E+06  1.493552E+06  0.000000E+00
 -3.054006E-02  0.000000E+00  0.000000E+00  5.568179E+03  0.000000E+00
  0.000000E+00  0.000000E+00  9.000000E+01  9.000000E+01  9.000000E+01
  0.000000E+00  4.956953E+01  0.000000E+00  4.747528E-02  5.873536E-02
  6.323100E+01  7.747652E+01  4.517875E+01 -2.580828E+00  2.295813E+00
 -2.580828E+00  5.107025E+01  3.819562E+00  2.295813E+00  3.819562E+00
  5.245960E+01
      8690  8.690000E+00        41
 -1.202060E+06  2.967472E+02 -1.203129E+06  2.912360E+05 -1.494365E+06
  0.000000E+00  2.834657E-03  0.000000E+00  0.000000E+00 -1.185249E+06
  2.446583E+02 -4.830028E+04 -1.541776E+06  1.493512E+06  0.000000E+00
 -2.744228E-02  0.000000E+00  0.000000E+00  5.568179E+03  0.000000E+00
  0.000000E+00  0.000000E+00  9.000000E+01  9.000000E+01  9.000000E+01
  0.000000E+00  4.947844E+01  0.000000E+00  4.833325E-02  5.800649E-02
  6.335785E+01  7.761492E+01  5.096290E+01 -1.332039E+00 -3.679520E-01
 -1.332039E+00  4.533364E+01 -5.048425E-01 -3.679520E-01 -5.048425E-01
  5.213877E+01
      8700  8.700000E+00        41
 -1.202060E+06  2.962246E+02 -1.203127E+06  2.914016E+05 -1.494529E+06
  0.000000E+00  2.886072E-03  0.000000E+00  0.000000E+00 -1.185113E+06
  2.561200E+02 -4.871259E+04 -1.542362E+06  1.493677E+06  0.000000E+00
 -2.789464E-02  0.000000E+00  0.000000E+00  5.568179E+03  0.000000E+00
  0.000000E+00  0.000000E+00  9.000000E+01  9.000000E+01  9.000000E+01
  0.000000E+00  4.987896E+01  0.000000E+00  4.884996E-02  5.740993E-02
  6.347163E+01  7.773887E+01  5.146262E+01  1.908846E-01  3.375950E+00
  1.908846E-01  4.594226E+01 -1.504408E+00  3.375950E+00 -1.504408E+00
  5.223200E+01
      8710  8.710000E+00        41
 -1.202060E+06  3.065079E+02 -1.203165E+06  2.913386E+05 -1.494503E+06
  0.000000E+00  2.850380E-03  0.000000E+00  0.000000E+00 -1.185114E+06
  2.599562E+02 -4.863581E+04 -1.542263E+06  1.493647E+06  0.000000E+00
 -2.756811E-02  0.000000E+00  0.000000E+00  5.568179E+03  0.000000E+00
  0.000000E+00  0.000000E+00  9.000000E+01  9.000000E+01  9.000000E+01
  0.000000E+00  4.987627E+01  0.000000E+00  4.782813E-02  5.834293E-02
  6.357498E+01  7.785154E+01  4.876718E+01  7.932975E-02  3.262686E+00
  7.932975E-02  5.502828E+01  7.447434E-01  3.262686E+00  7.447434E-01
  4.583334E+01
      8720  8.720000E+00        41
 -1.202060E+06  2.884549E+02 -1.203099E+06  2.917377E+05 -1.494837E+06
  0.000000E+00  2.967428E-03  0.000000E+00  0.000000E+00 -1.184730E+06
  2.589875E+02 -4.991666E+04 -1.543872E+06  1.493983E+06  0.000000E+00
 -2.866772E-02  0.000000E+00  0.000000E+00  5.568179E+03  0.000000E+00
  0.000000E+00  0.000000E+00  9.000000E+01  9.000000E+01  9.000000E+01
  0.000000E+00  5.100522E+01  0.000000E+00  4.770887E-02  5.904849E-02
  6.366551E+01  7.794948E+01  4.942135E+01 -1.179283E-01  6.716154E-01
 -1.179283E-01  5.634814E+01 -1.419785E+00  6.716154E-01 -1.419785E+00
  4.724616E+01
      8730  8.730000E+00        41
 -1.202060E+06  3.103572E+02 -1.203178E+06  2.920210E+05 -1.495199E+06
  0.000000E+00  3.021932E-03  0.000000E+00  0.000000E+00 -1.184372E+06
  2.474089E+02 -5.083052E+04 -1.545150E+06  1.494348E+06  0.000000E+00
 -2.920182E-02  0.000000E+00  0.000000E+00  5.568179E+03  0.000000E+00
  0.000000E+00  0.000000E+00  9.000000E+01  9.000000E+01  9.000000E+01
  0.000000E+00  5.205696E+01  0.000000E+00  4.782813E-02  5.859918E-02
  6.374161E+01  7.802976E+01  4.782326E+01  1.026178E+00 -1.138728E-02
  1.026178E+00  5.274677E+01  4.353191E-01 -1.138728E-02  4.353191E-01
  5.560083E+01
      8740  8.740000E+00        41
 -1.202060E+06  3.058444E+02 -1.203162E+06  2.918841E+05 -1.495046E+06
  0.000000E+00  2.909059E-03  0.000000E+00  0.000000E+00 -1.184522E+06
  2.186699E+02 -5.041354E+04 -1.544568E+06  1.494191E+06  0.000000E+00
 -2.811889E-02  0.000000E+00  0.000000E+00  5.568179E+03  0.000000E+00
  0.000000E+00  0.000000E+00  9.000000E+01  9.000000E+01  9.000000E+01
  0.000000E+00  5.161666E+01  0.000000E+00  4.845899E-02  5.743403E-02
  6.380372E+01  7.809468E+01  4.675686E+01  4.195358E-01 -9.998692E-01
  4.195358E-01  5.282133E+01  1.165871E+00 -9.998692E-01  1.165871E+00
  5.527180E+01
      8750  8.750000E+00        41
 -1.202060E+06  2.993747E+02 -1.203139E+06  2.918570E+05 -1.494996E+06
  0.000000E+00  2.939372E-03  0.000000E+00  0.000000E+00 -1.184579E+06
  1.790527E+02 -5.028846E+04 -1.544376E+06  1.494139E+06  0.000000E+00
 -2.840405E-02  0.000000E+00  0.000000E+00  5.568179E+03  0.000000E+00
  0.000000E+00  0.000000E+00  9.000000E+01  9.000000E+01  9.000000E+01
  0.000000E+00  5.144916E+01  0.000000E+00  4.828259E-02  5.777422E-02
  6.384209E+01  7.813338E+01  4.658716E+01 -7.459986E-01 -1.973100E+00
 -7.459986E-01  5.260391E+01  1.866752E+00 -1.973100E+00  1.866752E+00
  5.515642E+01
      8760  8.760000E+00        41
 -1.202061E+06  3.202574E+02 -1.203215E+06  2.915583E+05 -1.494774E+06
  0.000000E+00  2.873428E-03  0.000000E+00  0.000000E+00 -1.184852E+06
  1.506938E+02 -4.932222E+04 -1.543197E+06  1.493916E+06  0.000000E+00
 -2.779213E-02  0.000000E+00  0.000000E+00  5.568179E+03  0.000000E+00
  0.000000E+00  0.000000E+00  9.000000E+01  9.000000E+01  9.000000E+01
  0.000000E+00  5.064960E+01  0.000000E+00  4.889525E-02  5.916242E-02
  6.384462E+01  7.813423E+01  4.500026E+01 -2.429055E+00  1.272897E+00
 -2.429055E+00  5.111744E+01  2.743953E+00  1.272897E+00  2.743953E+00
  5.583109E+01
      8770  8.770000E+00        41
 -1.202061E+06  2.881603E+02 -1.203099E+06  2.912610E+05 -1.494360E+06
  0.000000E+00  3.022190E-03  0.000000E+00  0.000000E+00 -1.185252E+06
  1.348262E+02 -4.835182E+04 -1.541834E+06  1.493504E+06  0.000000E+00
 -2.920292E-02  0.000000E+00  0.000000E+00  5.568179E+03  0.000000E+00
  0.000000E+00  0.000000E+00  9.000000E+01  9.000000E+01  9.000000E+01
  0.000000E+00  4.947096E+01  0.000000E+00  5.118276E-02  6.062168E-02
  6.381670E+01  7.810241E+01  4.679434E+01  2.087690E-01  2.880347E+00
  2.087690E-01  5.161237E+01 -4.196491E-02  2.880347E+00 -4.196491E-02
  5.000617E+01
      8780  8.780000E+00        41
 -1.202060E+06  2.939546E+02 -1.203119E+06  2.914374E+05 -1.494557E+06
  0.000000E+00  3.105633E-03  0.000000E+00  0.000000E+00 -1.185064E+06
  1.229554E+02 -4.887187E+04 -1.542557E+06  1.493704E+06  0.000000E+00
 -2.998171E-02  0.000000E+00  0.000000E+00  5.568179E+03  0.000000E+00
  0.000000E+00  0.000000E+00  9.000000E+01  9.000000E+01  9.000000E+01
  0.000000E+00  5.002244E+01  0.000000E+00  5.311539E-02  6.129647E-02
  6.377244E+01  7.805165E+01  4.907795E+01 -5.560026E-01  7.666942E-01
 -5.560026E-01  5.312026E+01  3.978446E-01  7.666942E-01  3.978446E-01
  4.786910E+01
      8790  8.790000E+00        41
 -1.202061E+06  3.215167E+02 -1.203219E+06  2.916221E+05 -1.494842E+06
  0.000000E+00  2.973987E-03  0.000000E+00  0.000000E+00 -1.184813E+06
  1.101044E+02 -4.942862E+04 -1.543401E+06  1.493991E+06  0.000000E+00
 -2.873266E-02  0.000000E+00  0.000000E+00  5.568179E+03  0.000000E+00
  0.000000E+00  0.000000E+00  9.000000E+01  9.000000E+01  9.000000E+01
  0.000000E+00  5.076389E+01  0.000000E+00  5.404846E-02  6.282802E-02
  6.371617E+01  7.798727E+01  5.153610E+01 -3.385273E+00 -1.246353E+00
 -3.385273E+00  5.139471E+01  9.736314E-01 -1.246353E+00  9.736314E-01
  4.936085E+01
      8800  8.800000E+00        41
 -1.202060E+06  2.918137E+02 -1.203112E+06  2.915926E+05 -1.494705E+06
  0.000000E+00  3.029156E-03  0.000000E+00  0.000000E+00 -1.184901E+06
  9.423963E+01 -4.937760E+04 -1.543208E+06  1.493857E+06  0.000000E+00
 -2.929176E-02  0.000000E+00  0.000000E+00  5.568179E+03  0.000000E+00
  0.000000E+00  0.000000E+00  9.000000E+01  9.000000E+01  9.000000E+01
  0.000000E+00  5.050415E+01  0.000000E+00  5.495549E-02  6.564684E-02
  6.364757E+01  7.790723E+01  5.133906E+01 -7.924295E-01 -2.146931E+00
 -7.924295E-01  5.062935E+01 -1.361712E-01 -2.146931E+00 -1.361712E-01
  4.954403E+01
      8810  8.810000E+00        41
 -1.202059E+06  2.749994E+02 -1.203051E+06  2.918742E+05 -1.494925E+06
  0.000000E+00  3.169461E-03  0.000000E+00  0.000000E+00 -1.184623E+06
  7.641283E+01 -5.032984E+04 -1.544365E+06  1.494076E+06  0.000000E+00
 -3.062258E-02  0.000000E+00  0.000000E+00  5.568179E+03  0.000000E+00
  0.000000E+00  0.000000E+00  9.000000E+01  9.000000E+01  9.000000E+01
  0.000000E+00  5.131989E+01  0.000000E+00  5.667069E-02  6.686756E-02
  6.356651E+01  7.780978E+01  4.733202E+01 -8.348139E-02 -1.838757E+00
 -8.348139E-02  5.456394E+01 -3.833715E+00 -1.838757E+00 -3.833715E+00
  5.206370E+01
      8820  8.820000E+00        41
 -1.202060E+06  3.077780E+02 -1.203170E+06  2.918707E+05 -1.495040E+06
  0.000000E+00  3.113957E-03  0.000000E+00  0.000000E+00 -1.184533E+06
  6.439590E+01 -5.036394E+04 -1.544520E+06  1.494194E+06  0.000000E+00
 -3.012316E-02  0.000000E+00  0.000000E+00  5.568179E+03  0.000000E+00
  0.000000E+00  0.000000E+00  9.000000E+01  9.000000E+01  9.000000E+01
  0.000000E+00  5.158545E+01  0.000000E+00  5.880112E-02  6.658097E-02
  6.346843E+01  7.768848E+01  4.840114E+01 -1.598960E+00  3.678405E+00
 -1.598960E+00  5.533614E+01  6.557234E-01  3.678405E+00  6.557234E-01
  5.101906E+01
      8830  8.830000E+00        41
 -1.202060E+06  3.081143E+02 -1.203171E+06  2.917919E+05 -1.494963E+06
  0.000000E+00  3.035140E-03  0.000000E+00  0.000000E+00 -1.184598E+06
  6.998526E+01 -5.016727E+04 -1.544249E+06  1.494118E+06  0.000000E+00
 -2.931417E-02  0.000000E+00  0.000000E+00  5.568179E+03  0.000000E+00
  0.000000E+00  0.000000E+00  9.000000E+01  9.000000E+01  9.000000E+01
  0.000000E+00  5.139474E+01  0.000000E+00  5.994573E-02  6.660386E-02
  6.335000E+01  7.753940E+01  5.238756E+01  6.521395E-01  4.499611E+00
  6.521395E-01  4.972251E+01  3.104251E+00  4.499611E+00  3.104251E+00
  5.207416E+01
      8840  8.840000E+00        41
 -1.202059E+06  2.828665E+02 -1.203079E+06  2.921662E+05 -1.495245E+06
  0.000000E+00  3.137240E-03  0.000000E+00  0.000000E+00 -1.184270E+06
  9.403513E+01 -5.133023E+04 -1.545685E+06  1.494399E+06  0.000000E+00
 -3.032583E-02  0.000000E+00  0.000000E+00  5.568179E+03  0.000000E+00
  0.000000E+00  0.000000E+00  9.000000E+01  9.000000E+01  9.000000E+01
  0.000000E+00  5.235654E+01  0.000000E+00  5.916110E-02  6.737421E-02
  6.321109E+01  7.736106E+01  4.847920E+01  1.845558E-01 -2.013700E-01
  1.845558E-01  5.256228E+01 -1.064946E+00 -2.013700E-01 -1.064946E+00
  5.602815E+01
      8850  8.850000E+00        41
 -1.202059E+06  2.789433E+02 -1.203064E+06  2.919282E+05 -1.494993E+06
  0.000000E+00  3.259233E-03  0.000000E+00  0.000000E+00 -1.184520E+06
  1.450561E+02 -5.060871E+04 -1.544710E+06  1.494147E+06  0.000000E+00
 -3.148992E-02  0.000000E+00  0.000000E+00  5.568179E+03  0.000000E+00
  0.000000E+00  0.000000E+00  9.000000E+01  9.000000E+01  9.000000E+01
  0.000000E+00  5.161968E+01  0.000000E+00  5.816483E-02  6.725614E-02
  6.305171E+01  7.715177E+01  4.238607E+01 -5.765359E-02 -3.057471E+00
 -5.765359E-02  5.909976E+01  1.393773E+00 -3.057471E+00  1.393773E+00
  5.337322E+01
      8860  8.860000E+00        41
 -1.202059E+06  3.055458E+02 -1.203160E+06  2.916721E+05 -1.494832E+06
  0.000000E+00  3.092541E-03  0.000000E+00  0.000000E+00 -1.184711E+06
  2.285626E+02 -4.984792E+04 -1.543782E+06  1.493980E+06  0.000000E+00
 -2.986490E-02  0.000000E+00  0.000000E+00  5.568179E+03  0.000000E+00
  0.000000E+00  0.000000E+00  9.000000E+01  9.000000E+01  9.000000E+01
  0.000000E+00  5.105939E+01  0.000000E+00  5.770373E-02  6.538790E-02
  6.286853E+01  7.690775E+01  4.867072E+01  1.969380E+00 -4.001821E+00
  1.969380E+00  5.473238E+01  3.193356E+00 -4.001821E+00  3.193356E+00
  4.977508E+01
      8870  8.870000E+00        41
 -1.202059E+06  3.203226E+02 -1.203214E+06  2.920085E+05 -1.495222E+06
  0.000000E+00  2.962168E-03  0.000000E+00  0.000000E+00 -1.184397E+06
  3.308850E+02 -5.068559E+04 -1.545018E+06  1.494371E+06  0.000000E+00
 -2.860810E-02  0.000000E+00  0.000000E+00  5.568179E+03  0.000000E+00
  0.000000E+00  0.000000E+00  9.000000E+01  9.000000E+01  9.000000E+01
  0.000000E+00  5.198321E+01  0.000000E+00  5.659167E-02  6.454219E-02
  6.265772E+01  7.662353E+01  5.547825E+01 -9.851133E-02 -3.755116E+00
 -9.851133E-02  4.722069E+01 -1.728262E+00 -3.755116E+00 -1.728262E+00
  5.325068E+01
      8880  8.880000E+00        41
 -1.202059E+06  2.835129E+02 -1.203081E+06  2.916397E+05 -1.494721E+06
  0.000000E+00  2.850235E-03  0.000000E+00  0.000000E+00 -1.184848E+06
  4.279816E+02 -4.959991E+04 -1.543443E+06  1.493871E+06  0.000000E+00
 -2.754988E-02  0.000000E+00  0.000000E+00  5.568179E+03  0.000000E+00
  0.000000E+00  0.000000E+00  9.000000E+01  9.000000E+01  9.000000E+01
  0.000000E+00  5.065538E+01  0.000000E+00  5.429680E-02  6.586958E-02
  6.241811E+01  7.629661E+01  5.323158E+01 -5.631784E-01  3.137888E-01
 -5.631784E-01  4.803644E+01 -4.411411E+00  3.137888E-01 -4.411411E+00
  5.069813E+01
      8890  8.890000E+00        41
 -1.202060E+06  3.101810E+02 -1.203178E+06  2.918543E+05 -1.495032E+06
  0.000000E+00  2.865835E-03  0.000000E+00  0.000000E+00 -1.184527E+06
  4.890250E+02 -5.037369E+04 -1.544539E+06  1.494182E+06  0.000000E+00
 -2.769225E-02  0.000000E+00  0.000000E+00  5.568179E+03  0.000000E+00
  0.000000E+00  0.000000E+00  9.000000E+01  9.000000E+01  9.000000E+01
  0.000000E+00  5.160162E+01  0.000000E+00  5.370627E-02  6.420255E-02
  6.215272E+01  7.593222E+01  4.976143E+01  7.847575E-01  4.016831E+00
  7.847575E-01  5.875388E+01  2.716216E+00  4.016831E+00  2.716216E+00
  4.628954E+01
      8900  8.900000E+00        41
 -1.202059E+06  3.084339E+02 -1.203171E+06  2.928903E+05 -1.496061E+06
  0.000000E+00  3.027584E-03  0.000000E+00  0.000000E+00 -1.183467E+06
  5.071637E+02 -5.356707E+04 -1.548774E+06  1.495218E+06  0.000000E+00
 -2.922409E-02  0.000000E+00  0.000000E+00  5.568179E+03  0.000000E+00
  0.000000E+00  0.000000E+00  9.000000E+01  9.000000E+01  9.000000E+01
  0.000000E+00  5.472174E+01  0.000000E+00  5.293878E-02  6.202300E-02
  6.186924E+01  7.554234E+01  4.754721E+01 -1.147221E+00  7.883321E-01
 -1.147221E+00  6.212805E+01  3.572275E+00  7.883321E-01  3.572275E+00
  5.448996E+01
      8910  8.910000E+00        41
 -1.202059E+06  2.808132E+02 -1.203071E+06  2.930856E+05 -1.496156E+06
  0.000000E+00  3.129269E-03  0.000000E+00  0.000000E+00 -1.183273E+06
  5.066047E+02 -5.434511E+04 -1.549639E+06  1.495307E+06  0.000000E+00
 -3.023318E-02  0.000000E+00  0.000000E+00  5.568179E+03  0.000000E+00
  0.000000E+00  0.000000E+00  9.000000E+01  9.000000E+01  9.000000E+01
  0.000000E+00  5.528972E+01  0.000000E+00  5.006680E-02  6.211076E-02
  6.157391E+01  7.513471E+01  4.981194E+01  7.642403E-01 -9.930617E-01
  7.642403E-01  5.900409E+01 -2.029016E+00 -9.930617E-01 -2.029016E+00
  5.705312E+01
      8920  8.920000E+00        41
 -1.202060E+06  3.022087E+02 -1.203149E+06  2.926005E+05 -1.495750E+06
  0.000000E+00  3.213439E-03  0.000000E+00  0.000000E+00 -1.183713E+06
  4.840185E+02 -5.287432E+04 -1.547756E+06  1.494899E+06  0.000000E+00
 -3.104259E-02  0.000000E+00  0.000000E+00  5.568179E+03  0.000000E+00
  0.000000E+00  0.000000E+00  9.000000E+01  9.000000E+01  9.000000E+01
  0.000000E+00  5.399864E+01  0.000000E+00  4.932669E-02  5.990076E-02
  6.126962E+01  7.471329E+01  5.031299E+01  1.400379E+00  2.209098E+00
  1.400379E+00  5.627476E+01  4.683982E-02  2.209098E+00  4.683982E-02
  5.540818E+01
      8930  8.930000E+00        41
 -1.202060E+06  3.102520E+02 -1.203178E+06  2.922639E+05 -1.495442E+06
  0.000000E+00  2.938346E-03  0.000000E+00  0.000000E+00 -1.184075E+06
  4.243460E+02 -5.172754E+04 -1.546278E+06  1.494586E+06  0.000000E+00
 -2.839944E-02  0.000000E+00  0.000000E+00  5.568179E+03  0.000000E+00
  0.000000E+00  0.000000E+00  9.000000E+01  9.000000E+01  9.000000E+01
  0.000000E+00  5.293192E+01  0.000000E+00  4.873430E-02  5.681413E-02
  6.095904E+01  7.428514E+01  5.104107E+01  4.927428E-01 -2.894445E-01
  4.927428E-01  5.336184E+01  1.067316E+00 -2.894445E-01  1.067316E+00
  5.439287E+01
      8940  8.940000E+00        41
 -1.202059E+06  3.003610E+02 -1.203142E+06  2.921226E+05 -1.495264E+06
  0.000000E+00  2.792793E-03  0.000000E+00  0.000000E+00 -1.184272E+06
  3.268071E+02 -5.120362E+04 -1.545540E+06  1.494407E+06  0.000000E+00
 -2.699637E-02  0.000000E+00  0.000000E+00  5.568179E+03  0.000000E+00
  0.000000E+00  0.000000E+00  9.000000E+01  9.000000E+01  9.000000E+01
  0.000000E+00  5.235036E+01  0.000000E+00  4.625105E-02  5.574423E-02
  6.064597E+01  7.386178E+01  5.320035E+01  2.262602E+00  3.613468E-01
  2.262602E+00  5.249752E+01 -1.389050E+00  3.613468E-01 -1.389050E+00
  5.135320E+01
      8950  8.950000E+00        41
 -1.202060E+06  3.135407E+02 -1.203190E+06  2.918964E+05 -1.495087E+06
  0.000000E+00  2.772512E-03  0.000000E+00  0.000000E+00 -1.184494E+06
  2.334181E+02 -5.044417E+04 -1.544591E+06  1.494229E+06  0.000000E+00
 -2.679714E-02  0.000000E+00  0.000000E+00  5.568179E+03  0.000000E+00
  0.000000E+00  0.000000E+00  9.000000E+01  9.000000E+01  9.000000E+01
  0.000000E+00  5.170078E+01  0.000000E+00  4.443013E-02  5.502567E-02
  6.032951E+01  7.344822E+01  4.956082E+01  5.213381E-01  4.396149E+00
  5.213381E-01  5.358753E+01  1.497519E+00  4.396149E+00  1.497519E+00
  5.195400E+01
      8960  8.960000E+00        41
 -1.202060E+06  3.017956E+02 -1.203148E+06  2.918320E+05 -1.494980E+06
  0.000000E+00  2.818188E-03  0.000000E+00  0.000000E+00 -1.184547E+06
  1.766668E+02 -5.036687E+04 -1.544411E+06  1.494117E+06  0.000000E+00
 -2.721695E-02  0.000000E+00  0.000000E+00  5.568179E+03  0.000000E+00
  0.000000E+00  0.000000E+00  9.000000E+01  9.000000E+01  9.000000E+01
  0.000000E+00  5.154327E+01  0.000000E+00  4.262142E-02  5.521070E-02
  6.000617E+01  7.304195E+01  4.804316E+01 -3.714016E-01 -1.294625E+00
 -3.714016E-01  5.636148E+01  2.009860E+00 -1.294625E+00  2.009860E+00
  5.022516E+01
      8970  8.970000E+00        41
 -1.202059E+06  2.907564E+02 -1.203107E+06  2.925021E+05 -1.495609E+06
  0.000000E+00  2.945405E-03  0.000000E+00  0.000000E+00 -1.183854E+06
  1.641979E+02 -5.252393E+04 -1.547220E+06  1.494755E+06  0.000000E+00
 -2.845615E-02  0.000000E+00  0.000000E+00  5.568179E+03  0.000000E+00
  0.000000E+00  0.000000E+00  9.000000E+01  9.000000E+01  9.000000E+01
  0.000000E+00  5.358172E+01  0.000000E+00  4.249325E-02  5.347287E-02
  5.967435E+01  7.263900E+01  4.831738E+01  2.724240E+00 -5.691762E+00
  2.724240E+00  5.596588E+01 -6.323306E+00 -5.691762E+00 -6.323306E+00
  5.646189E+01
      8980  8.980000E+00        41
 -1.202060E+06  3.050714E+02 -1.203160E+06  2.930829E+05 -1.496243E+06
  0.000000E+00  2.995220E-03  0.000000E+00  0.000000E+00 -1.183193E+06
  1.816524E+02 -5.440685E+04 -1.549742E+06  1.495388E+06  0.000000E+00
 -2.891809E-02  0.000000E+00  0.000000E+00  5.568179E+03  0.000000E+00
  0.000000E+00  0.000000E+00  9.000000E+01  9.000000E+01  9.000000E+01
  0.000000E+00  5.552980E+01  0.000000E+00  4.369338E-02  5.055635E-02
  5.933226E+01  7.223304E+01  4.936444E+01  1.612621E+00 -1.794561E+00
  1.612621E+00  5.811763E+01 -5.683807E+00 -1.794561E+00 -5.683807E+00
  5.910735E+01
      8990  8.990000E+00        41
 -1.202061E+06  3.100189E+02 -1.203178E+06  2.933129E+05 -1.496491E+06
  0.000000E+00  2.961444E-03  0.000000E+00  0.000000E+00 -1.182949E+06
  2.039894E+02 -5.510479E+04 -1.550696E+06  1.495635E+06  0.000000E+00
 -2.862126E-02  0.000000E+00  0.000000E+00  5.568179E+03  0.000000E+00
  0.000000E+00  0.000000E+00  9.000000E+01  9.000000E+01  9.000000E+01
  0.000000E+00  5.624897E+01  0.000000E+00  4.276671E-02  5.057470E-02
  5.898136E+01  7.182515E+01  5.447065E+01  5.060644E-01  1.062632E+00
  5.060644E-01  5.787353E+01 -3.316545E-01  1.062632E+00 -3.316545E-01
  5.640273E+01
      9000  9.000000E+00        41
 -1.202060E+06  3.044543E+02 -1.203157E+06  2.932595E+05 -1.496417E+06
  0.000000E+00  3.069982E-03  0.000000E+00  0.000000E+00 -1.183032E+06
  2.435712E+02 -5.489616E+04 -1.550414E+06  1.495561E+06  0.000000E+00
 -2.964874E-02  0.000000E+00  0.000000E+00  5.568179E+03  0.000000E+00
  0.000000E+00  0.000000E+00  9.000000E+01  9.000000E+01  9.000000E+01
  0.000000E+00  5.600397E+01  0.000000E+00  4.108268E-02  5.146737E-02
  5.862378E+01  7.141607E+01  5.734790E+01  1.281703E+00  9.726960E-01
  1.281703E+00  5.465909E+01 -1.833756E+00  9.726960E-01 -1.833756E+00
  5.600492E+01
      9010  9.010000E+00        41
 -1.202059E+06  2.816632E+02 -1.203074E+06  2.927258E+05 -1.495800E+06
  0.000000E+00  3.026512E-03  0.000000E+00  0.000000E+00 -1.183676E+06
  3.011568E+02 -5.312476E+04 -1.548012E+06  1.494939E+06  0.000000E+00
 -2.924348E-02  0.000000E+00  0.000000E+00  5.568179E+03  0.000000E+00
  0.000000E+00  0.000000E+00  9.000000E+01  9.000000E+01  9.000000E+01
  0.000000E+00  5.410351E+01  0.000000E+00  4.131836E-02  5.110984E-02
  5.826054E+01  7.100470E+01  5.423726E+01  1.205729E+00 -1.641907E+00
  1.205729E+00  5.197657E+01 -5.161766E-01 -1.641907E+00 -5.161766E-01
  5.609671E+01
      9020  9.020000E+00        41
 -1.202060E+06  3.145957E+02 -1.203194E+06  2.918033E+05 -1.494997E+06
  0.000000E+00  2.778525E-03  0.000000E+00  0.000000E+00 -1.184593E+06
  3.669158E+02 -5.014301E+04 -1.544240E+06  1.494134E+06  0.000000E+00
 -2.685785E-02  0.000000E+00  0.000000E+00  5.568179E+03  0.000000E+00
  0.000000E+00  0.000000E+00  9.000000E+01  9.000000E+01  9.000000E+01
  0.000000E+00  5.140951E+01  0.000000E+00  4.049122E-02  5.134418E-02
  5.789143E+01  7.058770E+01  5.078894E+01 -8.323139E-02 -1.128593E+00
 -8.323139E-02  5.130985E+01  2.719610E+00 -1.128593E+00  2.719610E+00
  5.212974E+01
      9030  9.030000E+00        41
 -1.202059E+06  2.825237E+02 -1.203078E+06  2.915203E+05 -1.494598E+06
  0.000000E+00  2.837181E-03  0.000000E+00  0.000000E+00 -1.184978E+06
  4.141688E+02 -4.921664E+04 -1.542920E+06  1.493731E+06  0.000000E+00
 -2.740999E-02  0.000000E+00  0.000000E+00  5.568179E+03  0.000000E+00
  0.000000E+00  0.000000E+00  9.000000E+01  9.000000E+01  9.000000E+01
  0.000000E+00  5.027271E+01  0.000000E+00  4.076190E-02  5.117126E-02
  5.752020E+01  7.016624E+01  4.509365E+01  1.521041E+00  1.494845E+00
  1.521041E+00  5.420154E+01  2.764032E+00  1.494845E+00  2.764032E+00
  5.152293E+01
      9040  9.040000E+00        41
 -1.202060E+06  2.996910E+02 -1.203140E+06  2.918326E+05 -1.494973E+06
  0.000000E+00  2.871323E-03  0.000000E+00  0.000000E+00 -1.184607E+06
  4.539522E+02 -5.020879E+04 -1.544302E+06  1.494113E+06  0.000000E+00
 -2.773026E-02  0.000000E+00  0.000000E+00  5.568179E+03  0.000000E+00
  0.000000E+00  0.000000E+00  9.000000E+01  9.000000E+01  9.000000E+01
  0.000000E+00  5.136651E+01  0.000000E+00  4.130279E-02  5.080064E-02
  5.714881E+01  6.974205E+01  4.547540E+01  6.238043E-01  9.285569E-01
  6.238043E-01  5.283393E+01 -3.645657E+00  9.285569E-01 -3.645657E+00
  5.579019E+01
      9050  9.050000E+00        41
 -1.202059E+06  2.984352E+02 -1.203135E+06  2.924815E+05 -1.495616E+06
  0.000000E+00  2.835288E-03  0.000000E+00  0.000000E+00 -1.183879E+06
  4.865574E+02 -5.240274E+04 -1.547141E+06  1.494759E+06  0.000000E+00
 -2.741944E-02  0.000000E+00  0.000000E+00  5.568179E+03  0.000000E+00
  0.000000E+00  0.000000E+00  9.000000E+01  9.000000E+01  9.000000E+01
  0.000000E+00  5.350924E+01  0.000000E+00  4.084790E-02  5.182449E-02
  5.677590E+01  6.931162E+01  5.373411E+01  1.831521E+00 -1.929681E+00
  1.831521E+00  4.929949E+01  1.940843E-01 -1.929681E+00  1.940843E-01
  5.749412E+01
      9060  9.060000E+00        41
 -1.202060E+06  3.282834E+02 -1.203243E+06  2.931854E+05 -1.496429E+06
  0.000000E+00  2.907777E-03  0.000000E+00  0.000000E+00 -1.183053E+06
  4.963852E+02 -5.466657E+04 -1.550220E+06  1.495565E+06  0.000000E+00
 -2.809013E-02  0.000000E+00  0.000000E+00  5.568179E+03  0.000000E+00
  0.000000E+00  0.000000E+00  9.000000E+01  9.000000E+01  9.000000E+01
  0.000000E+00  5.594106E+01  0.000000E+00  4.112065E-02  5.234708E-02
  5.640416E+01  6.887962E+01  5.931411E+01  1.643599E+00 -3.453018E-01
  1.643599E+00  5.145441E+01  3.804776E+00 -3.453018E-01  3.804776E+00
  5.705466E+01
      9070  9.070000E+00        41
 -1.202060E+06  2.888960E+02 -1.203101E+06  2.931887E+05 -1.496290E+06
  0.000000E+00  2.920497E-03  0.000000E+00  0.000000E+00 -1.183115E+06
  5.129104E+02 -5.476505E+04 -1.550178E+06  1.495429E+06  0.000000E+00
 -2.823920E-02  0.000000E+00  0.000000E+00  5.568179E+03  0.000000E+00
  0.000000E+00  0.000000E+00  9.000000E+01  9.000000E+01  9.000000E+01
  0.000000E+00  5.575872E+01  0.000000E+00  4.300069E-02  5.312433E-02
  5.603296E+01  6.844441E+01  5.436323E+01 -1.953034E+00  1.198939E+00
 -1.953034E+00  5.588620E+01 -2.757342E+00  1.198939E+00 -2.757342E+00
  5.702671E+01
      9080  9.080000E+00        41
 -1.202060E+06  2.960423E+02 -1.203127E+06  2.929623E+05 -1.496089E+06
  0.000000E+00  3.019445E-03  0.000000E+00  0.000000E+00 -1.183354E+06
  5.195276E+02 -5.399498E+04 -1.549202E+06  1.495230E+06  0.000000E+00
 -2.916570E-02  0.000000E+00  0.000000E+00  5.568179E+03  0.000000E+00
  0.000000E+00  0.000000E+00  9.000000E+01  9.000000E+01  9.000000E+01
  0.000000E+00  5.505360E+01  0.000000E+00  4.444756E-02  5.368626E-02
  5.566000E+01  6.800054E+01  5.265809E+01  8.813163E-02 -1.477907E+00
  8.813163E-02  5.713760E+01 -2.017065E+00 -1.477907E+00 -2.017065E+00
  5.536512E+01
      9090  9.090000E+00        41
 -1.202060E+06  2.989927E+02 -1.203137E+06  2.925682E+05 -1.495706E+06
  0.000000E+00  3.038018E-03  0.000000E+00  0.000000E+00 -1.183832E+06
  5.172571E+02 -5.254181E+04 -1.547378E+06  1.494847E+06  0.000000E+00
 -2.932860E-02  0.000000E+00  0.000000E+00  5.568179E+03  0.000000E+00
  0.000000E+00  0.000000E+00  9.000000E+01  9.000000E+01  9.000000E+01
  0.000000E+00  5.364887E+01  0.000000E+00  4.472806E-02  5.437995E-02
  5.528669E+01  6.754945E+01  5.079298E+01  2.305133E+00  6.373097E-01
  2.305133E+00  5.733209E+01  1.125415E+00  6.373097E-01  1.125415E+00
  5.282153E+01
      9100  9.100000E+00        41
 -1.202060E+06  3.098557E+02 -1.203177E+06  2.915353E+05 -1.494712E+06
  0.000000E+00  2.848524E-03  0.000000E+00  0.000000E+00 -1.184872E+06
  5.030384E+02 -4.934374E+04 -1.543167E+06  1.493850E+06  0.000000E+00
 -2.753285E-02  0.000000E+00  0.000000E+00  5.568179E+03  0.000000E+00
  0.000000E+00  0.000000E+00  9.000000E+01  9.000000E+01  9.000000E+01
  0.000000E+00  5.058853E+01  0.000000E+00  4.438645E-02  5.546269E-02
  5.491562E+01  6.709498E+01  4.551274E+01 -3.599679E+00  2.152870E+00
 -3.599679E+00  5.884968E+01  2.204780E+00  2.152870E+00  2.204780E+00
  4.740316E+01
      9110  9.110000E+00        41
 -1.202060E+06  2.871925E+02 -1.203095E+06  2.917752E+05 -1.494870E+06
  0.000000E+00  2.871985E-03  0.000000E+00  0.000000E+00 -1.184702E+06
  4.767695E+02 -5.001345E+04 -1.543991E+06  1.494010E+06  0.000000E+00
 -2.774961E-02  0.000000E+00  0.000000E+00  5.568179E+03  0.000000E+00
  0.000000E+00  0.000000E+00  9.000000E+01  9.000000E+01  9.000000E+01
  0.000000E+00  5.108592E+01  0.000000E+00  4.564687E-02  5.503546E-02
  5.455097E+01  6.664335E+01  4.966199E+01 -3.439731E+00 -2.395853E+00
 -3.439731E+00  5.078352E+01 -1.009040E-01 -2.395853E+00 -1.009040E-01
  5.281225E+01
      9120  9.120000E+00        41
 -1.202059E+06  2.986659E+02 -1.203136E+06  2.923168E+05 -1.495453E+06
  0.000000E+00  2.921597E-03  0.000000E+00  0.000000E+00 -1.184064E+06
  4.334368E+02 -5.184371E+04 -1.546397E+06  1.494597E+06  0.000000E+00
 -2.822243E-02  0.000000E+00  0.000000E+00  5.568179E+03  0.000000E+00
  0.000000E+00  0.000000E+00  9.000000E+01  9.000000E+01  9.000000E+01
  0.000000E+00  5.296373E+01  0.000000E+00  4.635142E-02  5.406110E-02
  5.419499E+01  6.619738E+01  5.174291E+01  2.213345E+00 -3.798786E+00
  2.213345E+00  4.854273E+01  2.929858E+00 -3.798786E+00  2.929858E+00
  5.860554E+01
      9130  9.130000E+00        41
 -1.202060E+06  3.026542E+02 -1.203150E+06  2.928419E+05 -1.495992E+06
  0.000000E+00  2.950760E-03  0.000000E+00  0.000000E+00 -1.183465E+06
  3.759549E+02 -5.361099E+04 -1.548708E+06  1.495135E+06  0.000000E+00
 -2.852515E-02  0.000000E+00  0.000000E+00  5.568179E+03  0.000000E+00
  0.000000E+00  0.000000E+00  9.000000E+01  9.000000E+01  9.000000E+01
  0.000000E+00  5.472716E+01  0.000000E+00  4.653166E-02  5.307682E-02
  5.384994E+01  6.576243E+01  5.429407E+01 -6.941950E-01 -3.150224E-01
 -6.941950E-01  5.333254E+01  1.906006E+00 -3.150224E-01  1.906006E+00
  5.655485E+01
      9140  9.140000E+00        41
 -1.202060E+06  3.001273E+02 -1.203141E+06  2.932037E+05 -1.496345E+06
  0.000000E+00  3.154855E-03  0.000000E+00  0.000000E+00 -1.183047E+06
  3.229745E+02 -5.488208E+04 -1.550326E+06  1.495489E+06  0.000000E+00
 -3.046636E-02  0.000000E+00  0.000000E+00  5.568179E+03  0.000000E+00
  0.000000E+00  0.000000E+00  9.000000E+01  9.000000E+01  9.000000E+01
  0.000000E+00  5.595761E+01  0.000000E+00  4.546145E-02  5.283228E-02
  5.351542E+01  6.534017E+01  5.629304E+01 -1.184880E+00  2.548367E+00
 -1.184880E+00  5.243475E+01 -1.144343E+00  2.548367E+00 -1.144343E+00
  5.914502E+01
      9150  9.150000E+00        41
 -1.202059E+06  3.023850E+02 -1.203149E+06  2.932469E+05 -1.496396E+06
  0.000000E+00  2.955145E-03  0.000000E+00  0.000000E+00 -1.182987E+06
  2.608860E+02 -5.504461E+04 -1.550501E+06  1.495539E+06  0.000000E+00
 -2.856020E-02  0.000000E+00  0.000000E+00  5.568179E+03  0.000000E+00
  0.000000E+00  0.000000E+00  9.000000E+01  9.000000E+01  9.000000E+01
  0.000000E+00  5.613455E+01  0.000000E+00  4.438882E-02  5.283492E-02
  5.319143E+01  6.493245E+01  5.474358E+01 -1.783552E+00  4.682975E+00
 -1.783552E+00  5.552155E+01 -3.129321E+00  4.682975E+00 -3.129321E+00
  5.813853E+01
      9160  9.160000E+00        41
 -1.202059E+06  3.020439E+02 -1.203148E+06  2.927942E+05 -1.495942E+06
  0.000000E+00  2.901980E-03  0.000000E+00  0.000000E+00 -1.183525E+06
  1.977404E+02 -5.342849E+04 -1.548420E+06  1.495086E+06  0.000000E+00
 -2.801792E-02  0.000000E+00  0.000000E+00  5.568179E+03  0.000000E+00
  0.000000E+00  0.000000E+00  9.000000E+01  9.000000E+01  9.000000E+01
  0.000000E+00  5.454816E+01  0.000000E+00  4.407717E-02  5.263614E-02
  5.288340E+01  6.454699E+01  4.768523E+01 -1.247693E+00  1.693256E+00
 -1.247693E+00  5.876060E+01 -6.840868E+00  1.693256E+00 -6.840868E+00
  5.719864E+01
      9170  9.170000E+00        41
 -1.202060E+06  3.098370E+02 -1.203177E+06  2.922882E+05 -1.495465E+06
  0.000000E+00  2.886445E-03  0.000000E+00  0.000000E+00 -1.184027E+06
  1.476037E+02 -5.186914E+04 -1.546363E+06  1.494609E+06  0.000000E+00
 -2.786266E-02  0.000000E+00  0.000000E+00  5.568179E+03  0.000000E+00
  0.000000E+00  0.000000E+00  9.000000E+01  9.000000E+01  9.000000E+01
  0.000000E+00  5.307468E+01  0.000000E+00  4.314660E-02  5.322614E-02
  5.259906E+01  6.419318E+01  4.813891E+01  5.837140E-01  1.789672E+00
  5.837140E-01  5.746730E+01  3.615891E-01  1.789672E+00  3.615891E-01
  5.361782E+01
      9180  9.180000E+00        41
 -1.202060E+06  2.935519E+02 -1.203118E+06  2.921682E+05 -1.495286E+06
  0.000000E+00  2.919949E-03  0.000000E+00  0.000000E+00 -1.184161E+06
  1.110985E+02 -5.158206E+04 -1.545888E+06  1.494431E+06  0.000000E+00
 -2.822067E-02  0.000000E+00  0.000000E+00  5.568179E+03  0.000000E+00
  0.000000E+00  0.000000E+00  9.000000E+01  9.000000E+01  9.000000E+01
  0.000000E+00  5.267875E+01  0.000000E+00  4.362526E-02  5.324725E-02
  5.234408E+01  6.387913E+01  5.270580E+01 -3.265819E+00  2.706241E-01
 -3.265819E+00  5.535044E+01  2.379534E+00  2.706241E-01  2.379534E+00
  4.998002E+01
      9190  9.190000E+00        41
 -1.202060E+06  3.033220E+02 -1.203153E+06  2.927893E+05 -1.495942E+06
  0.000000E+00  2.978569E-03  0.000000E+00  0.000000E+00 -1.183446E+06
  8.799006E+01 -5.365688E+04 -1.548580E+06  1.495088E+06  0.000000E+00
 -2.875284E-02  0.000000E+00  0.000000E+00  5.568179E+03  0.000000E+00
  0.000000E+00  0.000000E+00  9.000000E+01  9.000000E+01  9.000000E+01
  0.000000E+00  5.478395E+01  0.000000E+00  4.396440E-02  5.311548E-02
  5.211767E+01  6.360815E+01  5.359619E+01 -7.021285E-01 -1.637244E+00
 -7.021285E-01  5.396741E+01  6.730305E-01 -1.637244E+00  6.730305E-01
  5.678823E+01
      9200  9.200000E+00        41
 -1.202060E+06  3.128798E+02 -1.203188E+06  2.932270E+05 -1.496415E+06
  0.000000E+00  3.053810E-03  0.000000E+00  0.000000E+00 -1.182942E+06
  9.431572E+01 -5.510366E+04 -1.550514E+06  1.495563E+06  0.000000E+00
 -2.949348E-02  0.000000E+00  0.000000E+00  5.568179E+03  0.000000E+00
  0.000000E+00  0.000000E+00  9.000000E+01  9.000000E+01  9.000000E+01
  0.000000E+00  5.627078E+01  0.000000E+00  4.386535E-02  5.326505E-02
  5.191681E+01  6.338372E+01  5.562212E+01 -6.503420E-01  1.359666E+00
 -6.503420E-01  5.779842E+01 -2.315641E+00  1.359666E+00 -2.315641E+00
  5.539178E+01
      9210  9.210000E+00        41
 -1.202060E+06  2.885306E+02 -1.203100E+06  2.932218E+05 -1.496321E+06
  0.000000E+00  3.182080E-03  0.000000E+00  0.000000E+00 -1.183002E+06
  1.061263E+02 -5.509685E+04 -1.550468E+06  1.495470E+06  0.000000E+00
 -3.074125E-02  0.000000E+00  0.000000E+00  5.568179E+03  0.000000E+00
  0.000000E+00  0.000000E+00  9.000000E+01  9.000000E+01  9.000000E+01
  0.000000E+00  5.609160E+01  0.000000E+00  4.423435E-02  5.303518E-02
  5.173377E+01  6.319463E+01  5.127444E+01 -3.557999E+00  2.051724E+00
 -3.557999E+00  6.224879E+01 -2.196967E+00  2.051724E+00 -2.196967E+00
  5.475159E+01
      9220  9.220000E+00        41
 -1.202060E+06  3.190258E+02 -1.203210E+06  2.931494E+05 -1.496359E+06
  0.000000E+00  3.098420E-03  0.000000E+00  0.000000E+00 -1.183058E+06
  1.060717E+02 -5.470921E+04 -1.550115E+06  1.495504E+06  0.000000E+00
 -2.993751E-02  0.000000E+00  0.000000E+00  5.568179E+03  0.000000E+00
  0.000000E+00  0.000000E+00  9.000000E+01  9.000000E+01  9.000000E+01
  0.000000E+00  5.592697E+01  0.000000E+00  4.360911E-02  5.297872E-02
  5.156405E+01  6.302587E+01  5.155828E+01 -9.891624E-01  2.275799E+00
 -9.891624E-01  6.020235E+01 -1.101973E+00  2.275799E+00 -1.101973E+00
  5.602028E+01
      9230  9.230000E+00        41
 -1.202059E+06  2.749558E+02 -1.203050E+06  2.921257E+05 -1.495176E+06
  0.000000E+00  3.040687E-03  0.000000E+00  0.000000E+00 -1.184266E+06
  9.543870E+01 -5.140094E+04 -1.545632E+06  1.494322E+06  0.000000E+00
 -2.939026E-02  0.000000E+00  0.000000E+00  5.568179E+03  0.000000E+00
  0.000000E+00  0.000000E+00  9.000000E+01  9.000000E+01  9.000000E+01
  0.000000E+00  5.236993E+01  0.000000E+00  4.281315E-02  5.387449E-02
  5.140997E+01  6.287689E+01  5.186043E+01  1.255944E+00  8.903183E-01
  1.255944E+00  5.023196E+01 -9.613964E-02  8.903183E-01 -9.613964E-02
  5.501740E+01
      9240  9.240000E+00        41
 -1.202059E+06  2.758435E+02 -1.203053E+06  2.914466E+05 -1.494500E+06
  0.000000E+00  2.798816E-03  0.000000E+00  0.000000E+00 -1.185003E+06
  8.544498E+01 -4.918088E+04 -1.542713E+06  1.493646E+06  0.000000E+00
 -2.704684E-02  0.000000E+00  0.000000E+00  5.568179E+03  0.000000E+00
  0.000000E+00  0.000000E+00  9.000000E+01  9.000000E+01  9.000000E+01
  0.000000E+00  5.019843E+01  0.000000E+00  4.220661E-02  5.349120E-02
  5.126886E+01  6.274592E+01  4.619242E+01  2.752746E-01 -2.251328E+00
  2.752746E-01  5.315998E+01  8.636159E-01 -2.251328E+00  8.636159E-01
  5.124288E+01
      9250  9.250000E+00        41
 -1.202059E+06  2.975479E+02 -1.203131E+06  2.917659E+05 -1.494897E+06
  0.000000E+00  2.851790E-03  0.000000E+00  0.000000E+00 -1.184599E+06
  9.031765E+01 -5.023709E+04 -1.544148E+06  1.494046E+06  0.000000E+00
 -2.753116E-02  0.000000E+00  0.000000E+00  5.568179E+03  0.000000E+00
  0.000000E+00  0.000000E+00  9.000000E+01  9.000000E+01  9.000000E+01
  0.000000E+00  5.138801E+01  0.000000E+00  4.011462E-02  5.280613E-02
  5.113369E+01  6.262766E+01  4.538421E+01 -8.138416E-01 -1.553852E+00
 -8.138416E-01  5.926952E+01 -9.197268E-01 -1.553852E+00 -9.197268E-01
  4.951030E+01
      9260  9.260000E+00        41
 -1.202058E+06  2.907929E+02 -1.203106E+06  2.925314E+05 -1.495638E+06
  0.000000E+00  2.998635E-03  0.000000E+00  0.000000E+00 -1.183766E+06
  1.003200E+02 -5.278369E+04 -1.547433E+06  1.494787E+06  0.000000E+00
 -2.898431E-02  0.000000E+00  0.000000E+00  5.568179E+03  0.000000E+00
  0.000000E+00  0.000000E+00  9.000000E+01  9.000000E+01  9.000000E+01
  0.000000E+00  5.383838E+01  0.000000E+00  3.924914E-02  5.062421E-02
  5.099564E+01  6.251551E+01  5.166552E+01 -7.773284E-01  2.836003E+00
 -7.773284E-01  5.569767E+01  3.597685E-01  2.836003E+00  3.597685E-01
  5.415196E+01
      9270  9.270000E+00        41
 -1.202058E+06  3.057039E+02 -1.203160E+06  2.935678E+05 -1.496728E+06
  0.000000E+00  3.094284E-03  0.000000E+00  0.000000E+00 -1.182570E+06
  1.117138E+02 -5.626463E+04 -1.552007E+06  1.495876E+06  0.000000E+00
 -2.988282E-02  0.000000E+00  0.000000E+00  5.568179E+03  0.000000E+00
  0.000000E+00  0.000000E+00  9.000000E+01  9.000000E+01  9.000000E+01
  0.000000E+00  5.735859E+01  0.000000E+00  3.850091E-02  4.788142E-02
  5.085309E+01  6.240721E+01  5.653785E+01 -3.622996E+00  1.501249E+00
 -3.622996E+00  6.021006E+01 -1.429630E+00  1.501249E+00 -1.429630E+00
  5.532786E+01
      9280  9.280000E+00        41
 -1.202059E+06  3.164075E+02 -1.203199E+06  2.942293E+05 -1.497428E+06
  0.000000E+00  3.163475E-03  0.000000E+00  0.000000E+00 -1.181832E+06
  1.369720E+02 -5.840328E+04 -1.554832E+06  1.496573E+06  0.000000E+00
 -3.052187E-02  0.000000E+00  0.000000E+00  5.568179E+03  0.000000E+00
  0.000000E+00  0.000000E+00  9.000000E+01  9.000000E+01  9.000000E+01
  0.000000E+00  5.953182E+01  0.000000E+00  3.664859E-02  4.703062E-02
  5.071194E+01  6.230705E+01  5.643397E+01 -6.637693E-01 -2.394024E+00
 -6.637693E-01  6.380056E+01 -2.180397E-01 -2.394024E+00 -2.180397E-01
  5.836094E+01
      9290  9.290000E+00        41
 -1.202059E+06  2.987471E+02 -1.203135E+06  2.937441E+05 -1.496879E+06
  0.000000E+00  2.880260E-03  0.000000E+00  0.000000E+00 -1.182424E+06
  1.784386E+02 -5.675380E+04 -1.552638E+06  1.496022E+06  0.000000E+00
 -2.783994E-02  0.000000E+00  0.000000E+00  5.568179E+03  0.000000E+00
  0.000000E+00  0.000000E+00  9.000000E+01  9.000000E+01  9.000000E+01
  0.000000E+00  5.778767E+01  0.000000E+00  3.618766E-02  4.683901E-02
  5.057857E+01  6.222198E+01  5.415296E+01  1.449158E+00  3.607835E+00
  1.449158E+00  5.659727E+01  3.208213E+00  3.607835E+00  3.208213E+00
  6.261277E+01
      9300  9.300000E+00        41
 -1.202059E+06  3.045310E+02 -1.203157E+06  2.929662E+05 -1.496123E+06
  0.000000E+00  2.818073E-03  0.000000E+00  0.000000E+00 -1.183268E+06
  2.172825E+02 -5.418231E+04 -1.549326E+06  1.495262E+06  0.000000E+00
 -2.722683E-02  0.000000E+00  0.000000E+00  5.568179E+03  0.000000E+00
  0.000000E+00  0.000000E+00  9.000000E+01  9.000000E+01  9.000000E+01
  0.000000E+00  5.530481E+01  0.000000E+00  3.774483E-02  4.536084E-02
  5.045435E+01  6.215410E+01  5.332304E+01 -1.923431E+00 -6.138730E-02
 -1.923431E+00  5.438054E+01  1.206596E+00 -6.138730E-02  1.206596E+00
  5.821086E+01
      9310  9.310000E+00        41
 -1.202060E+06  3.206841E+02 -1.203216E+06  2.923985E+05 -1.495614E+06
  0.000000E+00  2.973353E-03  0.000000E+00  0.000000E+00 -1.183884E+06
  2.653089E+02 -5.222082E+04 -1.546852E+06  1.494750E+06  0.000000E+00
 -2.869101E-02  0.000000E+00  0.000000E+00  5.568179E+03  0.000000E+00
  0.000000E+00  0.000000E+00  9.000000E+01  9.000000E+01  9.000000E+01
  0.000000E+00  5.349353E+01  0.000000E+00  3.871820E-02  4.495545E-02
  5.033931E+01  6.210343E+01  5.313398E+01 -4.224198E-01 -4.687505E+00
 -4.224198E-01  5.681839E+01  3.839189E-01 -4.687505E+00  3.839189E-01
  5.052821E+01
      9320  9.320000E+00        41
 -1.202059E+06  2.912821E+02 -1.203109E+06  2.919389E+05 -1.495048E+06
  0.000000E+00  2.846766E-03  0.000000E+00  0.000000E+00 -1.184465E+06
  3.378590E+02 -5.069123E+04 -1.544768E+06  1.494186E+06  0.000000E+00
 -2.750077E-02  0.000000E+00  0.000000E+00  5.568179E+03  0.000000E+00
  0.000000E+00  0.000000E+00  9.000000E+01  9.000000E+01  9.000000E+01
  0.000000E+00  5.178318E+01  0.000000E+00  3.850694E-02  4.739756E-02
  5.023891E+01  6.207539E+01  5.317636E+01 -9.150260E-01  1.748809E+00
 -9.150260E-01  5.652009E+01 -1.453078E+00  1.748809E+00 -1.453078E+00
  4.565310E+01
      9330  9.330000E+00        41
 -1.202059E+06  2.840423E+02 -1.203083E+06  2.918067E+05 -1.494889E+06
  0.000000E+00  2.877575E-03  0.000000E+00  0.000000E+00 -1.184609E+06
  4.145165E+02 -5.031242E+04 -1.544253E+06  1.494028E+06  0.000000E+00
 -2.780147E-02  0.000000E+00  0.000000E+00  5.568179E+03  0.000000E+00
  0.000000E+00  0.000000E+00  9.000000E+01  9.000000E+01  9.000000E+01
  0.000000E+00  5.135848E+01  0.000000E+00  3.980117E-02  4.914710E-02
  5.015516E+01  6.207161E+01  5.087417E+01  4.585782E-01 -1.304581E+00
  4.585782E-01  5.164769E+01 -1.728173E+00 -1.304581E+00 -1.728173E+00
  5.155356E+01
      9340  9.340000E+00        41
 -1.202058E+06  2.808910E+02 -1.203071E+06  2.922735E+05 -1.495344E+06
  0.000000E+00  2.920129E-03  0.000000E+00  0.000000E+00 -1.184102E+06
  4.591224E+02 -5.185565E+04 -1.546267E+06  1.494480E+06  0.000000E+00
 -2.822534E-02  0.000000E+00  0.000000E+00  5.568179E+03  0.000000E+00
  0.000000E+00  0.000000E+00  9.000000E+01  9.000000E+01  9.000000E+01
  0.000000E+00  5.284910E+01  0.000000E+00  4.103412E-02  5.014982E-02
  5.008315E+01  6.208492E+01  5.081043E+01  7.150048E-01 -4.285165E+00
  7.150048E-01  5.065609E+01 -1.458302E+00 -4.285165E+00 -1.458302E+00
  5.708079E+01
      9350  9.350000E+00        41
 -1.202058E+06  3.076428E+02 -1.203167E+06  2.931985E+05 -1.496366E+06
  0.000000E+00  2.859546E-03  0.000000E+00  0.000000E+00 -1.183024E+06
  4.657544E+02 -5.489763E+04 -1.550330E+06  1.495503E+06  0.000000E+00
 -2.763574E-02  0.000000E+00  0.000000E+00  5.568179E+03  0.000000E+00
  0.000000E+00  0.000000E+00  9.000000E+01  9.000000E+01  9.000000E+01
  0.000000E+00  5.602253E+01  0.000000E+00  4.076399E-02  5.128534E-02
  5.001648E+01  6.210514E+01  5.415569E+01 -1.512904E+00 -7.187911E-02
 -1.512904E+00  5.658786E+01  1.663734E+00 -7.187911E-02  1.663734E+00
  5.732402E+01
      9360  9.360000E+00        41
 -1.202059E+06  3.239441E+02 -1.203227E+06  2.939137E+05 -1.497141E+06
  0.000000E+00  3.022379E-03  0.000000E+00  0.000000E+00 -1.182205E+06
  4.722071E+02 -5.724060E+04 -1.553440E+06  1.496283E+06  0.000000E+00
 -2.918231E-02  0.000000E+00  0.000000E+00  5.568179E+03  0.000000E+00
  0.000000E+00  0.000000E+00  9.000000E+01  9.000000E+01  9.000000E+01
  0.000000E+00  5.843626E+01  0.000000E+00  4.117998E-02  5.208980E-02
  4.995414E+01  6.213152E+01  5.567575E+01  2.480007E+00  1.990764E+00
  2.480007E+00  5.861862E+01 -5.110135E-01  1.990764E+00 -5.110135E-01
  6.101441E+01
      9370  9.370000E+00        41
 -1.202059E+06  2.986610E+02 -1.203136E+06  2.937144E+05 -1.496850E+06
  0.000000E+00  3.043989E-03  0.000000E+00  0.000000E+00 -1.182446E+06
  4.900481E+02 -5.669821E+04 -1.552604E+06  1.495993E+06  0.000000E+00
 -2.939399E-02  0.000000E+00  0.000000E+00  5.568179E+03  0.000000E+00
  0.000000E+00  0.000000E+00  9.000000E+01  9.000000E+01  9.000000E+01
  0.000000E+00  5.772490E+01  0.000000E+00  4.175292E-02  5.340674E-02
  4.989650E+01  6.216629E+01  5.898316E+01  2.720036E+00 -5.091926E-01
  2.720036E+00  5.418120E+01 -2.471083E+00 -5.091926E-01 -2.471083E+00
  6.001033E+01
      9380  9.380000E+00        41
 -1.202058E+06  2.708491E+02 -1.203034E+06  2.931064E+05 -1.496140E+06
  0.000000E+00  3.075355E-03  0.000000E+00  0.000000E+00 -1.183180E+06
  5.127456E+02 -5.469502E+04 -1.549880E+06  1.495280E+06  0.000000E+00
 -2.968551E-02  0.000000E+00  0.000000E+00  5.568179E+03  0.000000E+00
  0.000000E+00  0.000000E+00  9.000000E+01  9.000000E+01  9.000000E+01
  0.000000E+00  5.556239E+01  0.000000E+00  4.327301E-02  5.345211E-02
  4.984068E+01  6.220646E+01  5.348926E+01 -2.552106E+00  3.057344E-01
 -2.552106E+00  5.651179E+01  1.184726E+00  3.057344E-01  1.184726E+00
  5.668612E+01
      9390  9.390000E+00        41
 -1.202058E+06  2.896190E+02 -1.203102E+06  2.923925E+05 -1.495494E+06
  0.000000E+00  2.984767E-03  0.000000E+00  0.000000E+00 -1.183942E+06
  5.478238E+02 -5.227453E+04 -1.546820E+06  1.494633E+06  0.000000E+00
 -2.881548E-02  0.000000E+00  0.000000E+00  5.568179E+03  0.000000E+00
  0.000000E+00  0.000000E+00  9.000000E+01  9.000000E+01  9.000000E+01
  0.000000E+00  5.331961E+01  0.000000E+00  4.389161E-02  5.335219E-02
  4.978908E+01  6.225828E+01  4.787647E+01  1.192297E-01  1.682650E-01
  1.192297E-01  5.947462E+01 -3.185532E-01  1.682650E-01 -3.185532E-01
  5.260774E+01
      9400  9.400000E+00        41
 -1.202058E+06  3.100597E+02 -1.203176E+06  2.917853E+05 -1.494961E+06
  0.000000E+00  2.750334E-03  0.000000E+00  0.000000E+00 -1.184581E+06
  5.841929E+02 -5.021188E+04 -1.544242E+06  1.494104E+06  0.000000E+00
 -2.658216E-02  0.000000E+00  0.000000E+00  5.568179E+03  0.000000E+00
  0.000000E+00  0.000000E+00  9.000000E+01  9.000000E+01  9.000000E+01
  0.000000E+00  5.143969E+01  0.000000E+00  4.338471E-02  5.395701E-02
  4.974591E+01  6.233034E+01  4.903347E+01  3.836271E+00 -3.132199E+00
  3.836271E+00  5.284476E+01 -1.007452E+00 -3.132199E+00 -1.007452E+00
  5.244084E+01
      9410  9.410000E+00        41
 -1.202058E+06  2.996178E+02 -1.203138E+06  2.918331E+05 -1.494971E+06
  0.000000E+00  2.863174E-03  0.000000E+00  0.000000E+00 -1.184601E+06
  6.057578E+02 -5.022586E+04 -1.544286E+06  1.494118E+06  0.000000E+00
 -2.767037E-02  0.000000E+00  0.000000E+00  5.568179E+03  0.000000E+00
  0.000000E+00  0.000000E+00  9.000000E+01  9.000000E+01  9.000000E+01
  0.000000E+00  5.137902E+01  0.000000E+00  4.452464E-02  5.277676E-02
  4.971295E+01  6.242230E+01  5.097463E+01  9.785607E-01  2.551307E+00
  9.785607E-01  4.628462E+01 -1.808880E+00  2.551307E+00 -1.808880E+00
  5.687783E+01
      9420  9.420000E+00        41
 -1.202059E+06  3.037172E+02 -1.203153E+06  2.923420E+05 -1.495495E+06
  0.000000E+00  2.941903E-03  0.000000E+00  0.000000E+00 -1.183997E+06
  5.963102E+02 -5.201062E+04 -1.546593E+06  1.494636E+06  0.000000E+00
 -2.842091E-02  0.000000E+00  0.000000E+00  5.568179E+03  0.000000E+00
  0.000000E+00  0.000000E+00  9.000000E+01  9.000000E+01  9.000000E+01
  0.000000E+00  5.315921E+01  0.000000E+00  4.395955E-02  5.259134E-02
  4.969075E+01  6.252848E+01  5.326674E+01  4.188014E-01 -3.162599E-01
  4.188014E-01  5.370541E+01 -1.159313E+00 -3.162599E-01 -1.159313E+00
  5.250549E+01
      9430  9.430000E+00        41
 -1.202058E+06  2.934693E+02 -1.203116E+06  2.929357E+05 -1.496051E+06
  0.000000E+00  2.973293E-03  0.000000E+00  0.000000E+00 -1.183336E+06
  5.663064E+02 -5.406434E+04 -1.549192E+06  1.495189E+06  0.000000E+00
 -2.872822E-02  0.000000E+00  0.000000E+00  5.568179E+03  0.000000E+00
  0.000000E+00  0.000000E+00  9.000000E+01  9.000000E+01  9.000000E+01
  0.000000E+00  5.510231E+01  0.000000E+00  4.344389E-02  5.246294E-02
  4.967718E+01  6.264350E+01  5.437318E+01  2.026997E+00 -8.514486E-01
  2.026997E+00  5.692692E+01 -2.162433E+00 -8.514486E-01 -2.162433E+00
  5.400684E+01
      9440  9.440000E+00        41
 -1.202058E+06  2.950533E+02 -1.203121E+06  2.934505E+05 -1.496572E+06
  0.000000E+00  3.055756E-03  0.000000E+00  0.000000E+00 -1.182789E+06
  5.170184E+02 -5.569200E+04 -1.551347E+06  1.495716E+06  0.000000E+00
 -2.952560E-02  0.000000E+00  0.000000E+00  5.568179E+03  0.000000E+00
  0.000000E+00  0.000000E+00  9.000000E+01  9.000000E+01  9.000000E+01
  0.000000E+00  5.671156E+01  0.000000E+00  4.443755E-02  5.151954E-02
  4.967066E+01  6.276511E+01  5.355394E+01  2.680892E+00  7.657604E-01
  2.680892E+00  5.584815E+01 -2.672591E+00  7.657604E-01 -2.672591E+00
  6.073258E+01
      9450  9.450000E+00        41
 -1.202058E+06  2.947404E+02 -1.203120E+06  2.932007E+05 -1.496321E+06
  0.000000E+00  2.984304E-03  0.000000E+00  0.000000E+00 -1.183074E+06
  4.712349E+02 -5.484089E+04 -1.550251E+06  1.495463E+06  0.000000E+00
 -2.883407E-02  0.000000E+00  0.000000E+00  5.568179E+03  0.000000E+00
  0.000000E+00  0.000000E+00  9.000000E+01  9.000000E+01  9.000000E+01
  0.000000E+00  5.587547E+01  0.000000E+00  4.382510E-02  5.248096E-02
  4.967028E+01  6.289103E+01  5.237093E+01  1.769390E+00 -3.385901E+00
  1.769390E+00  5.637795E+01  1.967831E+00 -3.385901E+00  1.967831E+00
  5.887754E+01
      9460  9.460000E+00        41
 -1.202058E+06  3.055436E+02 -1.203160E+06  2.926001E+05 -1.495760E+06
  0.000000E+00  2.893068E-03  0.000000E+00  0.000000E+00 -1.183690E+06
  4.461180E+02 -5.291204E+04 -1.547766E+06  1.494896E+06  0.000000E+00
 -2.795839E-02  0.000000E+00  0.000000E+00  5.568179E+03  0.000000E+00
  0.000000E+00  0.000000E+00  9.000000E+01  9.000000E+01  9.000000E+01
  0.000000E+00  5.406016E+01  0.000000E+00  4.273886E-02  5.318915E-02
  4.967418E+01  6.302045E+01  5.224837E+01 -1.437586E+00 -1.285922E+00
 -1.437586E+00  5.797801E+01  1.929260E+00 -1.285922E+00  1.929260E+00
  5.195411E+01
      9470  9.470000E+00        41
 -1.202058E+06  3.002076E+02 -1.203140E+06  2.924090E+05 -1.495549E+06
  0.000000E+00  2.920739E-03  0.000000E+00  0.000000E+00 -1.183953E+06
  4.235286E+02 -5.216191E+04 -1.546799E+06  1.494686E+06  0.000000E+00
 -2.825482E-02  0.000000E+00  0.000000E+00  5.568179E+03  0.000000E+00
  0.000000E+00  0.000000E+00  9.000000E+01  9.000000E+01  9.000000E+01
  0.000000E+00  5.328705E+01  0.000000E+00  4.225857E-02  5.285964E-02
  4.968247E+01  6.315298E+01  5.135805E+01  3.541952E-01  4.111043E+00
  3.541952E-01  5.380215E+01 -1.928079E+00  4.111043E+00 -1.928079E+00
  5.470096E+01
      9480  9.480000E+00        41
 -1.202057E+06  2.846885E+02 -1.203083E+06  2.923562E+05 -1.495440E+06
  0.000000E+00  2.834625E-03  0.000000E+00  0.000000E+00 -1.184054E+06
  4.089671E+02 -5.196796E+04 -1.546483E+06  1.494578E+06  0.000000E+00
 -2.737702E-02  0.000000E+00  0.000000E+00  5.568179E+03  0.000000E+00
  0.000000E+00  0.000000E+00  9.000000E+01  9.000000E+01  9.000000E+01
  0.000000E+00  5.298738E+01  0.000000E+00  4.080534E-02  5.241692E-02
  4.969757E+01  6.329095E+01  5.434715E+01  1.792492E+00  2.155712E+00
  1.792492E+00  4.774110E+01  1.456992E+00  2.155712E+00  1.456992E+00
  5.687389E+01
      9490  9.490000E+00        41
 -1.202058E+06  3.203456E+02 -1.203213E+06  2.924245E+05 -1.495637E+06
  0.000000E+00  2.777658E-03  0.000000E+00  0.000000E+00 -1.183874E+06
  3.942665E+02 -5.225448E+04 -1.546950E+06  1.494776E+06  0.000000E+00
 -2.684989E-02  0.000000E+00  0.000000E+00  5.568179E+03  0.000000E+00
  0.000000E+00  0.000000E+00  9.000000E+01  9.000000E+01  9.000000E+01
  0.000000E+00  5.352100E+01  0.000000E+00  4.020438E-02  5.066329E-02
  4.971871E+01  6.343411E+01  5.473512E+01 -8.224802E-01  1.126602E-01
 -8.224802E-01  5.102669E+01  1.913115E+00  1.126602E-01  1.913115E+00
  5.480120E+01
      9500  9.500000E+00        41
 -1.202059E+06  3.046321E+02 -1.203157E+06  2.927361E+05 -1.495893E+06
  0.000000E+00  2.960418E-03  0.000000E+00  0.000000E+00 -1.183542E+06
  3.854545E+02 -5.336367E+04 -1.548284E+06  1.495031E+06  0.000000E+00
 -2.856450E-02  0.000000E+00  0.000000E+00  5.568179E+03  0.000000E+00
  0.000000E+00  0.000000E+00  9.000000E+01  9.000000E+01  9.000000E+01
  0.000000E+00  5.449827E+01  0.000000E+00  3.990494E-02  5.001671E-02
  4.974666E+01  6.358244E+01  4.951789E+01  4.963907E-01  4.563046E+00
  4.963907E-01  5.855633E+01 -4.537120E+00  4.563046E+00 -4.537120E+00
  5.542060E+01
      9510  9.510000E+00        41
 -1.202058E+06  2.970228E+02 -1.203129E+06  2.927466E+05 -1.495875E+06
  0.000000E+00  2.813903E-03  0.000000E+00  0.000000E+00 -1.183547E+06
  3.851128E+02 -5.340055E+04 -1.548280E+06  1.495013E+06  0.000000E+00
 -2.720530E-02  0.000000E+00  0.000000E+00  5.568179E+03  0.000000E+00
  0.000000E+00  0.000000E+00  9.000000E+01  9.000000E+01  9.000000E+01
  0.000000E+00  5.448065E+01  0.000000E+00  3.944153E-02  4.979453E-02
  4.978934E+01  6.374270E+01  4.926824E+01  2.771989E+00  1.888646E+00
  2.771989E+00  5.860247E+01 -3.740315E+00  1.888646E+00 -3.740315E+00
  5.557124E+01
      9520  9.520000E+00        41
 -1.202059E+06  3.177015E+02 -1.203204E+06  2.927909E+05 -1.495995E+06
  0.000000E+00  2.759342E-03  0.000000E+00  0.000000E+00 -1.183437E+06
  3.897769E+02 -5.358524E+04 -1.548595E+06  1.495130E+06  0.000000E+00
 -2.665149E-02  0.000000E+00  0.000000E+00  5.568179E+03  0.000000E+00
  0.000000E+00  0.000000E+00  9.000000E+01  9.000000E+01  9.000000E+01
  0.000000E+00  5.480797E+01  0.000000E+00  3.986413E-02  4.949003E-02
  4.985065E+01  6.391732E+01  5.025595E+01  2.401929E-01 -1.620571E+00
  2.401929E-01  5.606528E+01  2.237507E+00 -1.620571E+00  2.237507E+00
  5.810269E+01
      9530  9.530000E+00        41
 -1.202059E+06  3.091050E+02 -1.203173E+06  2.929177E+05 -1.496091E+06
  0.000000E+00  2.933417E-03  0.000000E+00  0.000000E+00 -1.183342E+06
  3.902652E+02 -5.393345E+04 -1.549062E+06  1.495225E+06  0.000000E+00
 -2.831852E-02  0.000000E+00  0.000000E+00  5.568179E+03  0.000000E+00
  0.000000E+00  0.000000E+00  9.000000E+01  9.000000E+01  9.000000E+01
  0.000000E+00  5.508878E+01  0.000000E+00  4.111579E-02  4.946237E-02
  4.992637E+01  6.410186E+01  5.205375E+01 -3.400829E-01 -8.113513E-01
 -3.400829E-01  5.745134E+01  1.025689E+00 -8.113513E-01  1.025689E+00
  5.576126E+01
      9540  9.540000E+00        41
 -1.202059E+06  2.972546E+02 -1.203130E+06  2.926290E+05 -1.495759E+06
  0.000000E+00  2.954779E-03  0.000000E+00  0.000000E+00 -1.183670E+06
  3.571120E+02 -5.303078E+04 -1.547838E+06  1.494898E+06  0.000000E+00
 -2.856954E-02  0.000000E+00  0.000000E+00  5.568179E+03  0.000000E+00
  0.000000E+00  0.000000E+00  9.000000E+01  9.000000E+01  9.000000E+01
  0.000000E+00  5.412021E+01  0.000000E+00  4.228150E-02  4.981334E-02
  5.001391E+01  6.429165E+01  5.426464E+01  1.466654E+00 -6.220277E-01
  1.466654E+00  5.501200E+01  2.768119E-01 -6.220277E-01  2.768119E-01
  5.308399E+01
      9550  9.550000E+00        41
 -1.202060E+06  3.094641E+02 -1.203175E+06  2.925626E+05 -1.495738E+06
  0.000000E+00  3.088874E-03  0.000000E+00  0.000000E+00 -1.183713E+06
  2.997744E+02 -5.281584E+04 -1.547606E+06  1.494876E+06  0.000000E+00
 -2.982115E-02  0.000000E+00  0.000000E+00  5.568179E+03  0.000000E+00
  0.000000E+00  0.000000E+00  9.000000E+01  9.000000E+01  9.000000E+01
  0.000000E+00  5.399709E+01  0.000000E+00  4.341814E-02  5.054675E-02
  5.011477E+01  6.448457E+01  5.495118E+01 -4.127874E-01 -2.547992E+00
 -4.127874E-01  5.172189E+01  3.800822E+00 -2.547992E+00  3.800822E+00
  5.531819E+01
      9560  9.560000E+00        41
 -1.202060E+06  2.929063E+02 -1.203115E+06  2.923012E+05 -1.495416E+06
  0.000000E+00  2.940727E-03  0.000000E+00  0.000000E+00 -1.184041E+06
  2.549915E+02 -5.194924E+04 -1.546424E+06  1.494556E+06  0.000000E+00
 -2.841768E-02  0.000000E+00  0.000000E+00  5.568179E+03  0.000000E+00
  0.000000E+00  0.000000E+00  9.000000E+01  9.000000E+01  9.000000E+01
  0.000000E+00  5.303089E+01  0.000000E+00  4.444947E-02  5.117710E-02
  5.023114E+01  6.468189E+01  4.858230E+01 -1.713809E+00  1.213460E-02
 -1.713809E+00  5.803446E+01  4.753296E+00  1.213460E-02  4.753296E+00
  5.247591E+01
      9570  9.570000E+00        41
 -1.202059E+06  2.878992E+02 -1.203096E+06  2.922578E+05 -1.495354E+06
  0.000000E+00  2.788711E-03  0.000000E+00  0.000000E+00 -1.184098E+06
  2.102438E+02 -5.181177E+04 -1.546212E+06  1.494497E+06  0.000000E+00
 -2.696872E-02  0.000000E+00  0.000000E+00  5.568179E+03  0.000000E+00
  0.000000E+00  0.000000E+00  9.000000E+01  9.000000E+01  9.000000E+01
  0.000000E+00  5.286171E+01  0.000000E+00  4.374069E-02  5.179132E-02
  5.036661E+01  6.488824E+01  4.555868E+01 -2.212606E+00  2.637403E-02
 -2.212606E+00  6.272652E+01  6.054987E-01  2.637403E-02  6.054987E-01
  5.029994E+01
      9580  9.580000E+00        41
 -1.202059E+06  3.103484E+02 -1.203178E+06  2.925939E+05 -1.495772E+06
  0.000000E+00  2.982696E-03  0.000000E+00  0.000000E+00 -1.183677E+06
  1.497411E+02 -5.291293E+04 -1.547718E+06  1.494913E+06  0.000000E+00
 -2.880821E-02  0.000000E+00  0.000000E+00  5.568179E+03  0.000000E+00
  0.000000E+00  0.000000E+00  9.000000E+01  9.000000E+01  9.000000E+01
  0.000000E+00  5.410227E+01  0.000000E+00  4.336142E-02  5.210778E-02
  5.052325E+01  6.510386E+01  5.078873E+01 -2.726004E+00 -3.128956E+00
 -2.726004E+00  5.545106E+01 -3.892140E+00 -3.128956E+00 -3.892140E+00
  5.606702E+01
      9590  9.590000E+00        41
 -1.202059E+06  3.034632E+02 -1.203153E+06  2.923642E+05 -1.495517E+06
  0.000000E+00  2.906452E-03  0.000000E+00  0.000000E+00 -1.183930E+06
  9.869297E+01 -5.220181E+04 -1.546742E+06  1.494653E+06  0.000000E+00
 -2.805227E-02  0.000000E+00  0.000000E+00  5.568179E+03  0.000000E+00
  0.000000E+00  0.000000E+00  9.000000E+01  9.000000E+01  9.000000E+01
  0.000000E+00  5.335717E+01  0.000000E+00  4.435936E-02  5.278340E-02
  5.069858E+01  6.532243E+01  5.454063E+01  1.624979E+00  2.320844E+00
  1.624979E+00  5.162366E+01 -9.280905E-01  2.320844E+00 -9.280905E-01
  5.390721E+01
      9600  9.600000E+00        41
 -1.202058E+06  2.812666E+02 -1.203072E+06  2.922491E+05 -1.495321E+06
  0.000000E+00  2.932657E-03  0.000000E+00  0.000000E+00 -1.184114E+06
  6.830525E+01 -5.180793E+04 -1.546128E+06  1.494454E+06  0.000000E+00
 -2.835619E-02  0.000000E+00  0.000000E+00  5.568179E+03  0.000000E+00
  0.000000E+00  0.000000E+00  9.000000E+01  9.000000E+01  9.000000E+01
  0.000000E+00  5.281450E+01  0.000000E+00  4.456959E-02  5.449991E-02
  5.089385E+01  6.554307E+01  5.219120E+01  1.124291E+00  4.163067E+00
  1.124291E+00  5.391259E+01  1.395620E+00  4.163067E+00  1.395620E+00
  5.233973E+01
      9610  9.610000E+00        41
 -1.202058E+06  2.971846E+02 -1.203129E+06  2.924044E+05 -1.495534E+06
  0.000000E+00  2.990182E-03  0.000000E+00  0.000000E+00 -1.183898E+06
  5.487424E+01 -5.233923E+04 -1.546867E+06  1.494669E+06  0.000000E+00
 -2.889988E-02  0.000000E+00  0.000000E+00  5.568179E+03  0.000000E+00
  0.000000E+00  0.000000E+00  9.000000E+01  9.000000E+01  9.000000E+01
  0.000000E+00  5.344865E+01  0.000000E+00  4.403929E-02  5.592164E-02
  5.111435E+01  6.577125E+01  5.225715E+01 -1.635191E+00 -1.842689E-01
 -1.635191E+00  5.249841E+01  4.066527E-02 -1.842689E-01  4.066527E-02
  5.559040E+01
      9620  9.620000E+00        41
 -1.202059E+06  3.061862E+02 -1.203162E+06  2.922911E+05 -1.495453E+06
  0.000000E+00  2.988227E-03  0.000000E+00  0.000000E+00 -1.183990E+06
  4.836654E+01 -5.199982E+04 -1.546464E+06  1.494598E+06  0.000000E+00
 -2.885907E-02  0.000000E+00  0.000000E+00  5.568179E+03  0.000000E+00
  0.000000E+00  0.000000E+00  9.000000E+01  9.000000E+01  9.000000E+01
  0.000000E+00  5.317949E+01  0.000000E+00  4.450767E-02  5.623323E-02
  5.136146E+01  6.601057E+01  5.642075E+01  1.206121E+00 -1.697534E+00
  1.206121E+00  4.960216E+01 -6.331374E-01 -1.697534E+00 -6.331374E-01
  5.351556E+01
      9630  9.630000E+00        41
 -1.202059E+06  3.023323E+02 -1.203149E+06  2.925774E+05 -1.495726E+06
  0.000000E+00  3.103600E-03  0.000000E+00  0.000000E+00 -1.183706E+06
  4.263334E+01 -5.288012E+04 -1.547604E+06  1.494871E+06  0.000000E+00
 -2.993404E-02  0.000000E+00  0.000000E+00  5.568179E+03  0.000000E+00
  0.000000E+00  0.000000E+00  9.000000E+01  9.000000E+01  9.000000E+01
  0.000000E+00  5.401601E+01  0.000000E+00  4.543019E-02  5.652349E-02
  5.163542E+01  6.626424E+01  5.228356E+01 -1.823848E+00  2.573854E+00
 -1.823848E+00  5.494466E+01  5.151339E+00  2.573854E+00  5.151339E+00
  5.481982E+01
      9640  9.640000E+00        41
 -1.202059E+06  2.962585E+02 -1.203126E+06  2.926808E+05 -1.495807E+06
  0.000000E+00  2.922278E-03  0.000000E+00  0.000000E+00 -1.183614E+06
  5.551356E+01 -5.320021E+04 -1.548010E+06  1.494950E+06  0.000000E+00
 -2.823569E-02  0.000000E+00  0.000000E+00  5.568179E+03  0.000000E+00
  0.000000E+00  0.000000E+00  9.000000E+01  9.000000E+01  9.000000E+01
  0.000000E+00  5.428676E+01  0.000000E+00  4.630675E-02  5.624356E-02
  5.193692E+01  6.653535E+01  4.627842E+01 -2.726127E+00  1.002045E-01
 -2.726127E+00  5.924031E+01  5.995969E+00  1.002045E-01  5.995969E+00
  5.734156E+01
      9650  9.650000E+00        41
 -1.202058E+06  2.929232E+02 -1.203114E+06  2.927144E+05 -1.495828E+06
  0.000000E+00  2.898291E-03  0.000000E+00  0.000000E+00 -1.183581E+06
  1.118204E+02 -5.332194E+04 -1.548184E+06  1.494967E+06  0.000000E+00
 -2.799383E-02  0.000000E+00  0.000000E+00  5.568179E+03  0.000000E+00
  0.000000E+00  0.000000E+00  9.000000E+01  9.000000E+01  9.000000E+01
  0.000000E+00  5.438122E+01  0.000000E+00  4.603500E-02  5.602926E-02
  5.226144E+01  6.681881E+01  4.910223E+01  6.601170E-01 -2.989631E+00
  6.601170E-01  5.720616E+01 -1.991382E+00 -2.989631E+00 -1.991382E+00
  5.683529E+01
      9660  9.660000E+00        41
 -1.202058E+06  2.998936E+02 -1.203139E+06  2.933541E+05 -1.496493E+06
  0.000000E+00  2.996198E-03  0.000000E+00  0.000000E+00 -1.182864E+06
  1.960817E+02 -5.542501E+04 -1.550961E+06  1.495631E+06  0.000000E+00
 -2.890750E-02  0.000000E+00  0.000000E+00  5.568179E+03  0.000000E+00
  0.000000E+00  0.000000E+00  9.000000E+01  9.000000E+01  9.000000E+01
  0.000000E+00  5.649171E+01  0.000000E+00  4.479959E-02  5.617741E-02
  5.260275E+01  6.710810E+01  5.523898E+01 -1.294752E+00  2.409110E+00
 -1.294752E+00  5.502196E+01 -7.491015E-01  2.409110E+00 -7.491015E-01
  5.921420E+01
      9670  9.670000E+00        41
 -1.202058E+06  2.961251E+02 -1.203126E+06  2.936745E+05 -1.496800E+06
  0.000000E+00  3.075145E-03  0.000000E+00  0.000000E+00 -1.182550E+06
  2.823141E+02 -5.639859E+04 -1.552257E+06  1.495942E+06  0.000000E+00
 -2.970677E-02  0.000000E+00  0.000000E+00  5.568179E+03  0.000000E+00
  0.000000E+00  0.000000E+00  9.000000E+01  9.000000E+01  9.000000E+01
  0.000000E+00  5.741810E+01  0.000000E+00  4.509422E-02  5.461666E-02
  5.296261E+01  6.740627E+01  5.901706E+01 -1.134177E+00  1.550606E+00
 -1.134177E+00  5.767547E+01  1.286253E+00  1.550606E+00  1.286253E+00
  5.556176E+01
      9680  9.680000E+00        41
 -1.202059E+06  3.160809E+02 -1.203198E+06  2.932686E+05 -1.496467E+06
  0.000000E+00  2.946726E-03  0.000000E+00  0.000000E+00 -1.182967E+06
  3.175307E+02 -5.500558E+04 -1.550556E+06  1.495612E+06  0.000000E+00
 -2.844818E-02  0.000000E+00  0.000000E+00  5.568179E+03  0.000000E+00
  0.000000E+00  0.000000E+00  9.000000E+01  9.000000E+01  9.000000E+01
  0.000000E+00  5.619173E+01  0.000000E+00  4.462826E-02  5.357856E-02
  5.334485E+01  6.772027E+01  5.776100E+01  8.041436E-01 -2.211941E+00
  8.041436E-01  5.672561E+01 -1.486708E+00 -2.211941E+00 -1.486708E+00
  5.408858E+01
      9690  9.690000E+00        41
 -1.202059E+06  3.034688E+02 -1.203153E+06  2.925459E+05 -1.495698E+06
  0.000000E+00  2.908234E-03  0.000000E+00  0.000000E+00 -1.183787E+06
  3.291152E+02 -5.263563E+04 -1.547425E+06  1.494843E+06  0.000000E+00
 -2.810792E-02  0.000000E+00  0.000000E+00  5.568179E+03  0.000000E+00
  0.000000E+00  0.000000E+00  9.000000E+01  9.000000E+01  9.000000E+01
  0.000000E+00  5.377717E+01  0.000000E+00  4.438030E-02  5.384502E-02
  5.374859E+01  6.805338E+01  5.386917E+01 -6.428732E-01  1.258849E+00
 -6.428732E-01  5.099722E+01  1.605979E-01  1.258849E+00  1.605979E-01
  5.646513E+01
      9700  9.700000E+00        41
 -1.202059E+06  2.886654E+02 -1.203099E+06  2.921354E+05 -1.495234E+06
  0.000000E+00  2.784606E-03  0.000000E+00  0.000000E+00 -1.184326E+06
  3.456100E+02 -5.112475E+04 -1.545453E+06  1.494376E+06  0.000000E+00
 -2.692401E-02  0.000000E+00  0.000000E+00  5.568179E+03  0.000000E+00
  0.000000E+00  0.000000E+00  9.000000E+01  9.000000E+01  9.000000E+01
  0.000000E+00  5.218980E+01  0.000000E+00  4.471555E-02  5.404110E-02
  5.417265E+01  6.840455E+01  5.090939E+01 -7.619432E-01  3.756110E+00
 -7.619432E-01  5.643646E+01  3.079717E+00  3.756110E+00  3.079717E+00
  4.922356E+01
      9710  9.710000E+00        41
 -1.202058E+06  2.938535E+02 -1.203117E+06  2.919635E+05 -1.495081E+06
  0.000000E+00  2.699556E-03  0.000000E+00  0.000000E+00 -1.184456E+06
  3.493283E+02 -5.069609E+04 -1.544887E+06  1.494221E+06  0.000000E+00
 -2.607687E-02  0.000000E+00  0.000000E+00  5.568179E+03  0.000000E+00
  0.000000E+00  0.000000E+00  9.000000E+01  9.000000E+01  9.000000E+01
  0.000000E+00  5.180586E+01  0.000000E+00  4.375421E-02  5.402438E-02
  5.461362E+01  6.877018E+01  4.354044E+01  3.332190E-01 -6.866410E-02
  3.332190E-01  5.972788E+01  8.597342E-01 -6.866410E-02  8.597342E-01
  5.214926E+01
      9720  9.720000E+00        41
 -1.202059E+06  3.154131E+02 -1.203196E+06  2.928357E+05 -1.496032E+06
  0.000000E+00  3.051679E-03  0.000000E+00  0.000000E+00 -1.183478E+06
  3.263593E+02 -5.347667E+04 -1.548628E+06  1.495175E+06  0.000000E+00
 -2.945415E-02  0.000000E+00  0.000000E+00  5.568179E+03  0.000000E+00
  0.000000E+00  0.000000E+00  9.000000E+01  9.000000E+01  9.000000E+01
  0.000000E+00  5.468683E+01  0.000000E+00  4.364093E-02  5.307004E-02
  5.506564E+01  6.914651E+01  4.921208E+01 -1.253435E-01 -2.660690E+00
 -1.253435E-01  5.481574E+01  2.691880E+00 -2.660690E+00  2.691880E+00
  6.003267E+01
      9730  9.730000E+00        41
 -1.202059E+06  2.983571E+02 -1.203135E+06  2.933142E+05 -1.496449E+06
  0.000000E+00  3.052506E-03  0.000000E+00  0.000000E+00 -1.182986E+06
  2.826751E+02 -5.507685E+04 -1.550645E+06  1.495598E+06  0.000000E+00
 -2.948797E-02  0.000000E+00  0.000000E+00  5.568179E+03  0.000000E+00
  0.000000E+00  0.000000E+00  9.000000E+01  9.000000E+01  9.000000E+01
  0.000000E+00  5.613716E+01  0.000000E+00  4.353217E-02  5.344384E-02
  5.552651E+01  6.953479E+01  5.807687E+01  2.401504E-01  1.937429E+00
  2.401504E-01  5.451164E+01  5.415641E+00  1.937429E+00  5.415641E+00
  5.582296E+01
      9740  9.740000E+00        41
 -1.202060E+06  3.140555E+02 -1.203192E+06  2.931018E+05 -1.496294E+06
  0.000000E+00  3.024349E-03  0.000000E+00  0.000000E+00 -1.183162E+06
  2.334010E+02 -5.443647E+04 -1.549831E+06  1.495442E+06  0.000000E+00
 -2.920840E-02  0.000000E+00  0.000000E+00  5.568179E+03  0.000000E+00
  0.000000E+00  0.000000E+00  9.000000E+01  9.000000E+01  9.000000E+01
  0.000000E+00  5.562113E+01  0.000000E+00  4.293723E-02  5.467309E-02
  5.599683E+01  6.993772E+01  5.369482E+01 -1.715038E+00  3.553230E+00
 -1.715038E+00  5.725441E+01 -2.704685E+00  3.553230E+00 -2.704685E+00
  5.591416E+01
      9750  9.750000E+00        41
 -1.202059E+06  2.900517E+02 -1.203104E+06  2.925729E+05 -1.495677E+06
  0.000000E+00  3.030655E-03  0.000000E+00  0.000000E+00 -1.183776E+06
  1.739340E+02 -5.276294E+04 -1.547527E+06  1.494823E+06  0.000000E+00
 -2.926705E-02  0.000000E+00  0.000000E+00  5.568179E+03  0.000000E+00
  0.000000E+00  0.000000E+00  9.000000E+01  9.000000E+01  9.000000E+01
  0.000000E+00  5.381098E+01  0.000000E+00  4.313587E-02  5.620344E-02
  5.647879E+01  7.035975E+01  4.527902E+01 -6.610004E-01  1.861797E+00
 -6.610004E-01  5.923611E+01 -5.399729E+00  1.861797E+00 -5.399729E+00
  5.691779E+01
      9760  9.760000E+00        41
 -1.202059E+06  2.985299E+02 -1.203135E+06  2.920615E+05 -1.495197E+06
  0.000000E+00  2.757598E-03  0.000000E+00  0.000000E+00 -1.184337E+06
  1.237775E+02 -5.101839E+04 -1.545323E+06  1.494354E+06  0.000000E+00
 -2.664565E-02  0.000000E+00  0.000000E+00  5.568179E+03  0.000000E+00
  0.000000E+00  0.000000E+00  9.000000E+01  9.000000E+01  9.000000E+01
  0.000000E+00  5.216065E+01  0.000000E+00  4.401764E-02  5.634469E-02
  5.697046E+01  7.080111E+01  4.783611E+01  2.656558E+00  2.102097E+00
  2.656558E+00  5.200105E+01  8.902959E-01  2.102097E+00  8.902959E-01
  5.664480E+01
      9770  9.770000E+00        41
 -1.202060E+06  3.052248E+02 -1.203160E+06  2.919316E+05 -1.495091E+06
  0.000000E+00  3.020501E-03  0.000000E+00  0.000000E+00 -1.184477E+06
  9.209776E+01 -5.054900E+04 -1.544753E+06  1.494244E+06  0.000000E+00
 -2.917367E-02  0.000000E+00  0.000000E+00  5.568179E+03  0.000000E+00
  0.000000E+00  0.000000E+00  9.000000E+01  9.000000E+01  9.000000E+01
  0.000000E+00  5.174827E+01  0.000000E+00  4.341557E-02  5.719779E-02
  5.746814E+01  7.125558E+01  5.522347E+01  3.278671E-02 -2.897385E-01
  3.278671E-02  4.926877E+01  1.488157E+00 -2.897385E-01  1.488157E+00
  5.075257E+01
      9780  9.780000E+00        41
 -1.202059E+06  2.876048E+02 -1.203096E+06  2.918118E+05 -1.494908E+06
  0.000000E+00  2.970350E-03  0.000000E+00  0.000000E+00 -1.184639E+06
  7.005050E+01 -5.019084E+04 -1.544212E+06  1.494055E+06  0.000000E+00
 -2.869102E-02  0.000000E+00  0.000000E+00  5.568179E+03  0.000000E+00
  0.000000E+00  0.000000E+00  9.000000E+01  9.000000E+01  9.000000E+01
  0.000000E+00  5.127282E+01  0.000000E+00  4.308253E-02  5.748928E-02
  5.797074E+01  7.171960E+01  5.133842E+01 -1.952099E+00 -1.637864E+00
 -1.952099E+00  5.354558E+01 -3.072059E+00 -1.637864E+00 -3.072059E+00
  4.893445E+01
      9790  9.790000E+00        41
 -1.202059E+06  2.997488E+02 -1.203139E+06  2.918424E+05 -1.494982E+06
  0.000000E+00  2.860626E-03  0.000000E+00  0.000000E+00 -1.184599E+06
  5.142279E+01 -5.022082E+04 -1.544311E+06  1.494127E+06  0.000000E+00
 -2.767214E-02  0.000000E+00  0.000000E+00  5.568179E+03  0.000000E+00
  0.000000E+00  0.000000E+00  9.000000E+01  9.000000E+01  9.000000E+01
  0.000000E+00  5.138857E+01  0.000000E+00  4.323901E-02  5.595053E-02
  5.847631E+01  7.219177E+01  4.739395E+01  6.042025E-01 -9.433121E-01
  6.042025E-01  5.485726E+01  3.933572E-01 -9.433121E-01  3.933572E-01
  5.191451E+01
      9800  9.800000E+00        41
 -1.202059E+06  2.932221E+02 -1.203116E+06  2.918528E+05 -1.494969E+06
  0.000000E+00  3.012636E-03  0.000000E+00  0.000000E+00 -1.184563E+06
  3.626833E+01 -5.037524E+04 -1.544440E+06  1.494120E+06  0.000000E+00
 -2.910416E-02  0.000000E+00  0.000000E+00  5.568179E+03  0.000000E+00
  0.000000E+00  0.000000E+00  9.000000E+01  9.000000E+01  9.000000E+01
  0.000000E+00  5.149428E+01  0.000000E+00  4.256936E-02  5.474587E-02
  5.898757E+01  7.267791E+01  4.511483E+01  6.350880E-01 -8.371962E-01
  6.350880E-01  5.283027E+01  1.368003E+00 -8.371962E-01  1.368003E+00
  5.653772E+01
      9810  9.810000E+00        41
 -1.202059E+06  2.987606E+02 -1.203136E+06  2.918912E+05 -1.495027E+06
  0.000000E+00  3.007522E-03  0.000000E+00  0.000000E+00 -1.184486E+06
  4.029528E+01 -5.056731E+04 -1.544685E+06  1.494182E+06  0.000000E+00
 -2.907385E-02  0.000000E+00  0.000000E+00  5.568179E+03  0.000000E+00
  0.000000E+00  0.000000E+00  9.000000E+01  9.000000E+01  9.000000E+01
  0.000000E+00  5.172179E+01  0.000000E+00  4.279491E-02  5.215967E-02
  5.950955E+01  7.318685E+01  4.603471E+01 -1.593876E+00  7.480589E-01
 -1.593876E+00  5.607072E+01 -3.453611E+00  7.480589E-01 -3.453611E+00
  5.305994E+01
      9820  9.820000E+00        41
 -1.202058E+06  2.902470E+02 -1.203104E+06  2.922764E+05 -1.495381E+06
  0.000000E+00  3.197768E-03  0.000000E+00  0.000000E+00 -1.184113E+06
  6.537069E+01 -5.174595E+04 -1.546220E+06  1.494529E+06  0.000000E+00
 -3.088458E-02  0.000000E+00  0.000000E+00  5.568179E+03  0.000000E+00
  0.000000E+00  0.000000E+00  9.000000E+01  9.000000E+01  9.000000E+01
  0.000000E+00  5.281729E+01  0.000000E+00  4.255507E-02  4.977330E-02
  6.004296E+01  7.372069E+01  4.878308E+01  1.476076E+00  1.721910E-01
  1.476076E+00  5.861380E+01 -1.716873E+00  1.721910E-01 -1.716873E+00
  5.105498E+01
      9830  9.830000E+00        41
 -1.202058E+06  2.905734E+02 -1.203106E+06  2.924560E+05 -1.495562E+06
  0.000000E+00  2.978590E-03  0.000000E+00  0.000000E+00 -1.183920E+06
  1.028758E+02 -5.232185E+04 -1.546991E+06  1.494708E+06  0.000000E+00
 -2.876696E-02  0.000000E+00  0.000000E+00  5.568179E+03  0.000000E+00
  0.000000E+00  0.000000E+00  9.000000E+01  9.000000E+01  9.000000E+01
  0.000000E+00  5.338367E+01  0.000000E+00  4.035439E-02  4.965241E-02
  6.058674E+01  7.427916E+01  5.243068E+01  1.594542E+00 -3.739244E+00
  1.594542E+00  5.217893E+01  3.156514E-01 -3.739244E+00  3.156514E-01
  5.554141E+01
      9840  9.840000E+00        41
 -1.202059E+06  3.152277E+02 -1.203195E+06  2.923897E+05 -1.495585E+06
  0.000000E+00  2.881028E-03  0.000000E+00  0.000000E+00 -1.183959E+06
  1.425073E+02 -5.203045E+04 -1.546736E+06  1.494732E+06  0.000000E+00
 -2.782641E-02  0.000000E+00  0.000000E+00  5.568179E+03  0.000000E+00
  0.000000E+00  0.000000E+00  9.000000E+01  9.000000E+01  9.000000E+01
  0.000000E+00  5.327118E+01  0.000000E+00  3.889249E-02  4.964123E-02
  6.113982E+01  7.485863E+01  5.504085E+01  4.572680E-01 -3.523704E+00
  4.572680E-01  5.326640E+01 -2.233513E+00 -3.523704E+00 -2.233513E+00
  5.150630E+01
      9850  9.850000E+00        41
 -1.202060E+06  3.205329E+02 -1.203215E+06  2.923369E+05 -1.495552E+06
  0.000000E+00  2.862892E-03  0.000000E+00  0.000000E+00 -1.184026E+06
  1.805203E+02 -5.179510E+04 -1.546472E+06  1.494701E+06  0.000000E+00
 -2.767232E-02  0.000000E+00  0.000000E+00  5.568179E+03  0.000000E+00
  0.000000E+00  0.000000E+00  9.000000E+01  9.000000E+01  9.000000E+01
  0.000000E+00  5.307688E+01  0.000000E+00  3.941882E-02  4.911095E-02
  6.169819E+01  7.545076E+01  4.679634E+01  2.306039E+00 -1.774957E+00
  2.306039E+00  5.742860E+01 -2.797861E+00 -1.774957E+00 -2.797861E+00
  5.500570E+01
      9860  9.860000E+00        41
 -1.202059E+06  2.861873E+02 -1.203090E+06  2.919414E+05 -1.495032E+06
  0.000000E+00  3.073739E-03  0.000000E+00  0.000000E+00 -1.184527E+06
  2.190925E+02 -5.053763E+04 -1.544692E+06  1.494180E+06  0.000000E+00
 -2.969600E-02  0.000000E+00  0.000000E+00  5.568179E+03  0.000000E+00
  0.000000E+00  0.000000E+00  9.000000E+01  9.000000E+01  9.000000E+01
  0.000000E+00  5.159937E+01  0.000000E+00  4.037201E-02  4.980357E-02
  6.225725E+01  7.604977E+01  4.575729E+01  8.485191E-01 -1.954012E+00
  8.485191E-01  5.403462E+01  7.715947E-01 -1.954012E+00  7.715947E-01
  5.500621E+01
      9870  9.870000E+00        41
 -1.202059E+06  2.975317E+02 -1.203131E+06  2.915847E+05 -1.494716E+06
  0.000000E+00  2.948382E-03  0.000000E+00  0.000000E+00 -1.184892E+06
  2.559142E+02 -4.936192E+04 -1.543202E+06  1.493862E+06  0.000000E+00
 -2.851955E-02  0.000000E+00  0.000000E+00  5.568179E+03  0.000000E+00
  0.000000E+00  0.000000E+00  9.000000E+01  9.000000E+01  9.000000E+01
  0.000000E+00  5.052525E+01  0.000000E+00  4.041327E-02  5.099019E-02
  6.281673E+01  7.665585E+01  5.240082E+01  1.187109E+00 -3.007252E-01
  1.187109E+00  4.824601E+01 -5.069860E-01 -3.007252E-01 -5.069860E-01
  5.092892E+01
      9880  9.880000E+00        41
 -1.202059E+06  3.001245E+02 -1.203141E+06  2.915889E+05 -1.494730E+06
  0.000000E+00  2.886364E-03  0.000000E+00  0.000000E+00 -1.184867E+06
  2.810993E+02 -4.941975E+04 -1.543273E+06  1.493875E+06  0.000000E+00
 -2.789385E-02  0.000000E+00  0.000000E+00  5.568179E+03  0.000000E+00
  0.000000E+00  0.000000E+00  9.000000E+01  9.000000E+01  9.000000E+01
  0.000000E+00  5.059971E+01  0.000000E+00  3.941856E-02  5.261416E-02
  6.337363E+01  7.726424E+01  5.161515E+01  1.356301E+00  1.594982E+00
  1.356301E+00  4.885737E+01  3.139744E-01  1.594982E+00  3.139744E-01
  5.132660E+01
      9890  9.890000E+00        41
 -1.202059E+06  3.087319E+02 -1.203172E+06  2.917340E+05 -1.494906E+06
  0.000000E+00  3.001031E-03  0.000000E+00  0.000000E+00 -1.184700E+06
  2.851498E+02 -4.985870E+04 -1.543886E+06  1.494050E+06  0.000000E+00
 -2.899820E-02  0.000000E+00  0.000000E+00  5.568179E+03  0.000000E+00
  0.000000E+00  0.000000E+00  9.000000E+01  9.000000E+01  9.000000E+01
  0.000000E+00  5.109112E+01  0.000000E+00  4.003260E-02  5.322767E-02
  6.392338E+01  7.786748E+01  4.857826E+01 -1.469739E+00 -1.307700E+00
 -1.469739E+00  5.611601E+01  3.460807E+00 -1.307700E+00  3.460807E+00
  4.857908E+01
      9900  9.900000E+00        41
 -1.202059E+06  2.958012E+02 -1.203126E+06  2.918381E+05 -1.494964E+06
  0.000000E+00  2.894012E-03  0.000000E+00  0.000000E+00 -1.184609E+06
  2.691317E+02 -5.022715E+04 -1.544316E+06  1.494107E+06  0.000000E+00
 -2.799522E-02  0.000000E+00  0.000000E+00  5.568179E+03  0.000000E+00
  0.000000E+00  0.000000E+00  9.000000E+01  9.000000E+01  9.000000E+01
  0.000000E+00  5.136154E+01  0.000000E+00  4.270243E-02  5.285630E-02
  6.446119E+01  7.846004E+01  4.510348E+01  1.794063E+00 -3.631576E+00
  1.794063E+00  5.557708E+01 -8.914588E-01 -3.631576E+00 -8.914588E-01
  5.340406E+01
      9910  9.910000E+00        41
 -1.202059E+06  2.878261E+02 -1.203097E+06  2.920699E+05 -1.495166E+06
  0.000000E+00  3.234113E-03  0.000000E+00  0.000000E+00 -1.184379E+06
  2.417401E+02 -5.097294E+04 -1.545269E+06  1.494308E+06  0.000000E+00
 -3.127939E-02  0.000000E+00  0.000000E+00  5.568179E+03  0.000000E+00
  0.000000E+00  0.000000E+00  9.000000E+01  9.000000E+01  9.000000E+01
  0.000000E+00  5.203747E+01  0.000000E+00  4.464980E-02  5.276524E-02
  6.498251E+01  7.903630E+01  4.679368E+01  1.883571E+00 -1.340236E+00
  1.883571E+00  5.354440E+01 -2.849047E+00 -1.340236E+00 -2.849047E+00
  5.577433E+01
      9920  9.920000E+00        41
 -1.202059E+06  3.155923E+02 -1.203197E+06  2.921827E+05 -1.495380E+06
  0.000000E+00  3.139721E-03  0.000000E+00  0.000000E+00 -1.184203E+06
  2.072880E+02 -5.129838E+04 -1.545786E+06  1.494516E+06  0.000000E+00
 -3.034387E-02  0.000000E+00  0.000000E+00  5.568179E+03  0.000000E+00
  0.000000E+00  0.000000E+00  9.000000E+01  9.000000E+01  9.000000E+01
  0.000000E+00  5.255396E+01  0.000000E+00  4.511244E-02  5.332452E-02
  6.548572E+01  7.959313E+01  5.073969E+01 -1.970910E+00 -2.579266E+00
 -1.970910E+00  5.534299E+01 -2.753597E+00 -2.579266E+00 -2.753597E+00
  5.157922E+01
      9930  9.930000E+00        41
 -1.202060E+06  3.067335E+02 -1.203165E+06  2.917692E+05 -1.494934E+06
  0.000000E+00  3.018496E-03  0.000000E+00  0.000000E+00 -1.184622E+06
  1.578753E+02 -5.010566E+04 -1.544115E+06  1.494071E+06  0.000000E+00
 -2.916174E-02  0.000000E+00  0.000000E+00  5.568179E+03  0.000000E+00
  0.000000E+00  0.000000E+00  9.000000E+01  9.000000E+01  9.000000E+01
  0.000000E+00  5.132239E+01  0.000000E+00  4.497319E-02  5.532013E-02
  6.596225E+01  8.012289E+01  4.761805E+01  1.407514E+00 -1.132922E+00
  1.407514E+00  5.404436E+01 -1.732071E+00 -1.132922E+00 -1.732071E+00
  5.230476E+01
      9940  9.940000E+00        41
 -1.202060E+06  3.014984E+02 -1.203147E+06  2.917088E+05 -1.494856E+06
  0.000000E+00  2.971923E-03  0.000000E+00  0.000000E+00 -1.184723E+06
  9.866599E+01 -4.984190E+04 -1.543751E+06  1.493994E+06  0.000000E+00
 -2.871574E-02  0.000000E+00  0.000000E+00  5.568179E+03  0.000000E+00
  0.000000E+00  0.000000E+00  9.000000E+01  9.000000E+01  9.000000E+01
  0.000000E+00  5.102805E+01  0.000000E+00  4.632137E-02  5.706380E-02
  6.639749E+01  8.061070E+01  4.949022E+01  2.852788E+00  1.668887E+00
  2.852788E+00  5.164917E+01  1.679540E+00  1.668887E+00  1.679540E+00
  5.194476E+01
      9950  9.950000E+00        41
 -1.202060E+06  3.064704E+02 -1.203165E+06  2.912408E+05 -1.494406E+06
  0.000000E+00  2.690891E-03  0.000000E+00  0.000000E+00 -1.185195E+06
  6.696581E+01 -4.838673E+04 -1.541859E+06  1.493544E+06  0.000000E+00
 -2.603199E-02  0.000000E+00  0.000000E+00  5.568179E+03  0.000000E+00
  0.000000E+00  0.000000E+00  9.000000E+01  9.000000E+01  9.000000E+01
  0.000000E+00  4.963637E+01  0.000000E+00  4.941811E-02  5.724407E-02
  6.678876E+01  8.105282E+01  5.133200E+01  8.432537E-01 -1.470338E-01
  8.432537E-01  4.956692E+01  4.903681E+00 -1.470338E-01  4.903681E+00
  4.801018E+01
      9960  9.960000E+00        41
 -1.202060E+06  2.963440E+02 -1.203128E+06  2.915712E+05 -1.494699E+06
  0.000000E+00  2.944920E-03  0.000000E+00  0.000000E+00 -1.184927E+06
  5.999644E+01 -4.926380E+04 -1.543063E+06  1.493843E+06  0.000000E+00
 -2.846322E-02  0.000000E+00  0.000000E+00  5.568179E+03  0.000000E+00
  0.000000E+00  0.000000E+00  9.000000E+01  9.000000E+01  9.000000E+01
  0.000000E+00  5.042538E+01  0.000000E+00  5.120603E-02  5.843933E-02
  6.715053E+01  8.146489E+01  4.722265E+01 -8.598455E-01  1.631790E+00
 -8.598455E-01  5.502064E+01  1.079587E+00  1.631790E+00  1.079587E+00
  4.903286E+01
      9970  9.970000E+00        41
 -1.202061E+06  3.001739E+02 -1.203143E+06  2.916318E+05 -1.494774E+06
  0.000000E+00  3.092687E-03  0.000000E+00  0.000000E+00 -1.184802E+06
  5.954557E+01 -4.961427E+04 -1.543493E+06  1.493922E+06  0.000000E+00
 -2.990430E-02  0.000000E+00  0.000000E+00  5.568179E+03  0.000000E+00
  0.000000E+00  0.000000E+00  9.000000E+01  9.000000E+01  9.000000E+01
  0.000000E+00  5.079631E+01  0.000000E+00  5.150088E-02  6.118602E-02
  6.749306E+01  8.185722E+01  4.784169E+01 -1.345517E-01  3.481511E+00
 -1.345517E-01  5.065518E+01 -2.749086E+00  3.481511E+00 -2.749086E+00
  5.389207E+01
      9980  9.980000E+00        41
 -1.202060E+06  2.889957E+02 -1.203102E+06  2.915220E+05 -1.494623E+06
  0.000000E+00  3.119489E-03  0.000000E+00  0.000000E+00 -1.184909E+06
  6.473437E+01 -4.937172E+04 -1.543087E+06  1.493775E+06  0.000000E+00
 -3.017526E-02  0.000000E+00  0.000000E+00  5.568179E+03  0.000000E+00
  0.000000E+00  0.000000E+00  9.000000E+01  9.000000E+01  9.000000E+01
  0.000000E+00  5.047918E+01  0.000000E+00  5.289857E-02  6.235029E-02
  6.781686E+01  8.222989E+01  5.276553E+01 -2.202757E+00 -7.861417E-01
 -2.202757E+00  4.486345E+01  1.864438E+00 -7.861417E-01  1.864438E+00
  5.380856E+01
      9990  9.990000E+00        41
 -1.202060E+06  3.065365E+02 -1.203165E+06  2.916149E+05 -1.494780E+06
  0.000000E+00  3.188589E-03  0.000000E+00  0.000000E+00 -1.184780E+06
  8.826354E+01 -4.963459E+04 -1.543478E+06  1.493928E+06  0.000000E+00
 -3.081862E-02  0.000000E+00  0.000000E+00  5.568179E+03  0.000000E+00
  0.000000E+00  0.000000E+00  9.000000E+01  9.000000E+01  9.000000E+01
  0.000000E+00  5.086055E+01  0.000000E+00  5.392177E-02  6.304014E-02
  6.811671E+01  8.257796E+01  4.680727E+01 -9.022383E-01  6.658018E-02
 -9.022383E-01  5.176611E+01  1.298252E+00  6.658018E-02  1.298252E+00
  5.400826E+01
     10000  1.000000E+01        41
 -1.202060E+06  3.002685E+02 -1.203142E+06  2.911418E+05 -1.494284E+06
  0.000000E+00  3.010965E-03  0.000000E+00  0.000000E+00 -1.185312E+06
  1.454942E+02 -4.808198E+04 -1.541410E+06  1.493431E+06  0.000000E+00
 -2.914825E-02  0.000000E+00  0.000000E+00  5.568179E+03  0.000000E+00
  0.000000E+00  0.000000E+00  9.000000E+01  9.000000E+01  9.000000E+01
  0.000000E+00  4.929161E+01  0.000000E+00  5.588267E-02  6.311210E-02
  6.838373E+01  8.289377E+01  4.122254E+01 -2.067164E+00  2.634495E+00
 -2.067164E+00  5.547903E+01 -1.064486E-01  2.634495E+00 -1.064486E-01
  5.117325E+01
