t	totalEnergy 	temperature  	pressure 	volume 		PtensXX 	PtensXY 	PtensXZ 	PtensYX 	PtensYY 	PtensYZ 	PtensZX 	PtensZY 	PtensZZ
0,0	-1,199292E+06	2,999972E+02	1,671666E+01	5,568179E+03
0,005	-1,199302E+06	5,568161E+02	2,435176E+01	5,568179E+03
0,01	-1,199299E+06	6,806546E+02	3,964259E+01	5,568179E+03
0,015	-1,199299E+06	7,493365E+02	5,175273E+01	5,568179E+03
0,02	-1,199301E+06	7,928838E+02	6,101763E+01	5,568179E+03
0,025	-1,199297E+06	6,933264E+02	6,668834E+01	5,568179E+03
0,03	-1,199298E+06	6,759617E+02	7,015192E+01	5,568179E+03
0,035	-1,199300E+06	7,095603E+02	7,074228E+01	5,568179E+03
0,04	-1,199298E+06	6,640758E+02	6,866258E+01	5,568179E+03
0,045	-1,199299E+06	6,885484E+02	6,372473E+01	5,568179E+03
0,05	-1,199300E+06	7,289300E+02	5,554360E+01	5,568179E+03
0,055	-1,199298E+06	6,816915E+02	4,891036E+01	5,568179E+03
0,06	-1,199300E+06	6,860867E+02	4,424970E+01	5,568179E+03
0,065	-1,199299E+06	6,526646E+02	4,207304E+01	5,568179E+03
0,07	-1,199298E+06	6,221839E+02	4,241884E+01	5,568179E+03
0,075	-1,199300E+06	7,014467E+02	4,314454E+01	5,568179E+03
0,08	-1,199300E+06	7,210611E+02	4,674127E+01	5,568179E+03
0,085	-1,199297E+06	6,828457E+02	5,233567E+01	5,568179E+03
0,09	-1,199301E+06	7,704593E+02	5,576795E+01	5,568179E+03
0,095	-1,199299E+06	7,119723E+02	5,946487E+01	5,568179E+03
0,1	-1,199299E+06	6,836380E+02	6,112864E+01	5,568179E+03
0,105	-1,199301E+06	7,009374E+02	6,037125E+01	5,568179E+03
0,11	-1,199297E+06	6,209316E+02	5,952151E+01	5,568179E+03
0,115	-1,199301E+06	6,727868E+02	5,723791E+01	5,568179E+03
0,12	-1,199299E+06	6,476401E+02	5,566786E+01	5,568179E+03
0,125	-1,199299E+06	6,548550E+02	5,279201E+01	5,568179E+03
0,13	-1,199300E+06	6,798311E+02	4,924033E+01	5,568179E+03
0,135	-1,199299E+06	6,238184E+02	4,568167E+01	5,568179E+03
0,14	-1,199299E+06	6,194496E+02	4,265937E+01	5,568179E+03
0,145	-1,199300E+06	6,460263E+02	4,349626E+01	5,568179E+03
0,15	-1,199299E+06	6,509896E+02	4,526337E+01	5,568179E+03
0,155	-1,199299E+06	6,778934E+02	4,610616E+01	5,568179E+03
0,16	-1,199300E+06	7,024239E+02	4,642989E+01	5,568179E+03
0,165	-1,199299E+06	6,649895E+02	4,635255E+01	5,568179E+03
0,17	-1,199299E+06	6,425210E+02	4,935265E+01	5,568179E+03
0,175	-1,199300E+06	6,645311E+02	5,231591E+01	5,568179E+03
0,18	-1,199299E+06	6,514961E+02	5,366704E+01	5,568179E+03
0,185	-1,199299E+06	6,566652E+02	5,474215E+01	5,568179E+03
0,19	-1,199299E+06	6,596513E+02	5,272298E+01	5,568179E+03
0,195	-1,199299E+06	6,698799E+02	5,125281E+01	5,568179E+03
0,2	-1,199300E+06	6,920241E+02	5,105987E+01	5,568179E+03
0,205	-1,199299E+06	6,678990E+02	4,894424E+01	5,568179E+03
0,21	-1,199300E+06	6,737500E+02	4,616132E+01	5,568179E+03
0,215	-1,199300E+06	6,707506E+02	4,205099E+01	5,568179E+03
0,22	-1,199299E+06	6,415190E+02	4,055322E+01	5,568179E+03
0,225	-1,199300E+06	6,628964E+02	4,423937E+01	5,568179E+03
0,23	-1,199300E+06	6,783411E+02	4,849637E+01	5,568179E+03
0,235	-1,199299E+06	6,514498E+02	5,196737E+01	5,568179E+03
0,24	-1,199300E+06	6,836123E+02	5,373376E+01	5,568179E+03
0,245	-1,199300E+06	6,733760E+02	5,493370E+01	5,568179E+03
0,25	-1,199299E+06	6,509101E+02	5,652822E+01	5,568179E+03
0,255	-1,199300E+06	6,433568E+02	5,692893E+01	5,568179E+03
0,26	-1,199298E+06	5,795419E+02	5,659628E+01	5,568179E+03
0,265	-1,199300E+06	6,252890E+02	5,419274E+01	5,568179E+03
0,27	-1,199300E+06	6,655182E+02	5,059178E+01	5,568179E+03
0,275	-1,199299E+06	6,403777E+02	4,773428E+01	5,568179E+03
0,28	-1,199300E+06	6,574526E+02	4,540063E+01	5,568179E+03
0,285	-1,199300E+06	6,521735E+02	4,452613E+01	5,568179E+03
0,29	-1,199299E+06	6,335901E+02	4,380849E+01	5,568179E+03
0,295	-1,199300E+06	6,448608E+02	4,278155E+01	5,568179E+03
0,3	-1,199299E+06	6,123272E+02	4,350991E+01	5,568179E+03
0,305	-1,199299E+06	6,114692E+02	4,569910E+01	5,568179E+03
0,31	-1,199301E+06	6,717805E+02	5,008606E+01	5,568179E+03
0,315	-1,199300E+06	6,426393E+02	5,556807E+01	5,568179E+03
0,32	-1,199299E+06	6,407658E+02	5,879060E+01	5,568179E+03
0,325	-1,199302E+06	6,667392E+02	6,043747E+01	5,568179E+03
0,33	-1,199298E+06	5,909601E+02	6,087047E+01	5,568179E+03
0,335	-1,199301E+06	6,479122E+02	5,987098E+01	5,568179E+03
0,34	-1,199300E+06	6,429939E+02	5,954993E+01	5,568179E+03
0,345	-1,199299E+06	6,191210E+02	5,655570E+01	5,568179E+03
0,35	-1,199301E+06	6,538822E+02	5,164729E+01	5,568179E+03
0,355	-1,199299E+06	6,154191E+02	4,676820E+01	5,568179E+03
0,36	-1,199301E+06	6,292461E+02	4,205317E+01	5,568179E+03
0,365	-1,199301E+06	6,220210E+02	4,159617E+01	5,568179E+03
0,37	-1,199300E+06	5,986531E+02	4,277039E+01	5,568179E+03
0,375	-1,199301E+06	6,263716E+02	4,229253E+01	5,568179E+03
0,38	-1,199301E+06	6,260357E+02	4,170376E+01	5,568179E+03
0,385	-1,199300E+06	6,077314E+02	4,262169E+01	5,568179E+03
0,39	-1,199300E+06	6,309374E+02	4,669897E+01	5,568179E+03
0,395	-1,199301E+06	6,541505E+02	5,165448E+01	5,568179E+03
0,4	-1,199300E+06	6,055228E+02	5,474863E+01	5,568179E+03
0,405	-1,199301E+06	6,109315E+02	5,497657E+01	5,568179E+03
0,41	-1,199300E+06	5,717806E+02	5,487775E+01	5,568179E+03
0,415	-1,199300E+06	5,828718E+02	5,577998E+01	5,568179E+03
0,42	-1,199302E+06	6,266657E+02	5,679833E+01	5,568179E+03
0,425	-1,199299E+06	5,639644E+02	5,726669E+01	5,568179E+03
0,43	-1,199301E+06	6,157285E+02	5,508726E+01	5,568179E+03
0,435	-1,199301E+06	6,263215E+02	5,140622E+01	5,568179E+03
0,44	-1,199299E+06	5,940241E+02	4,817531E+01	5,568179E+03
0,445	-1,199302E+06	6,509785E+02	4,613193E+01	5,568179E+03
0,45	-1,199301E+06	6,158349E+02	4,516622E+01	5,568179E+03
0,455	-1,199300E+06	5,533705E+02	4,337917E+01	5,568179E+03
0,46	-1,199301E+06	5,706441E+02	4,138852E+01	5,568179E+03
0,465	-1,199301E+06	5,842582E+02	4,119207E+01	5,568179E+03
0,47	-1,199301E+06	5,861362E+02	4,354285E+01	5,568179E+03
0,475	-1,199301E+06	6,129029E+02	4,786699E+01	5,568179E+03
0,48	-1,199302E+06	6,039921E+02	5,214971E+01	5,568179E+03
0,485	-1,199300E+06	5,501233E+02	5,587576E+01	5,568179E+03
0,49	-1,199302E+06	5,823493E+02	5,737274E+01	5,568179E+03
0,495	-1,199300E+06	5,452826E+02	5,785803E+01	5,568179E+03
0,5	-1,199301E+06	5,677753E+02	5,799364E+01	5,568179E+03
0,505	-1,199302E+06	6,138700E+02	5,655969E+01	5,568179E+03
0,51	-1,199300E+06	5,585002E+02	5,456202E+01	5,568179E+03
0,515	-1,199302E+06	5,897673E+02	5,144055E+01	5,568179E+03
0,52	-1,199301E+06	5,748516E+02	4,806210E+01	5,568179E+03
0,525	-1,199300E+06	5,525961E+02	4,665612E+01	5,568179E+03
0,53	-1,199303E+06	5,983783E+02	4,669308E+01	5,568179E+03
0,535	-1,199300E+06	5,514181E+02	4,724785E+01	5,568179E+03
0,54	-1,199302E+06	5,731010E+02	4,696088E+01	5,568179E+03
0,545	-1,199302E+06	5,827446E+02	4,643529E+01	5,568179E+03
0,55	-1,199301E+06	5,548531E+02	4,723282E+01	5,568179E+03
0,555	-1,199302E+06	5,611281E+02	5,033374E+01	5,568179E+03
0,56	-1,199302E+06	5,550223E+02	5,363744E+01	5,568179E+03
0,565	-1,199301E+06	5,392483E+02	5,587927E+01	5,568179E+03
0,57	-1,199302E+06	5,626428E+02	5,614240E+01	5,568179E+03
0,575	-1,199302E+06	5,580849E+02	5,471890E+01	5,568179E+03
0,58	-1,199301E+06	5,446264E+02	5,438434E+01	5,568179E+03
0,585	-1,199302E+06	5,740726E+02	5,446460E+01	5,568179E+03
0,59	-1,199301E+06	5,682966E+02	5,381573E+01	5,568179E+03
0,595	-1,199302E+06	5,816774E+02	5,211601E+01	5,568179E+03
0,6	-1,199302E+06	5,747374E+02	4,954176E+01	5,568179E+03
0,605	-1,199301E+06	5,482580E+02	4,786693E+01	5,568179E+03
0,61	-1,199302E+06	5,566470E+02	4,815390E+01	5,568179E+03
0,615	-1,199302E+06	5,460548E+02	4,914235E+01	5,568179E+03
0,62	-1,199302E+06	5,300503E+02	4,989647E+01	5,568179E+03
0,625	-1,199302E+06	5,167785E+02	5,062982E+01	5,568179E+03
0,63	-1,199302E+06	5,179797E+02	5,072947E+01	5,568179E+03
0,635	-1,199301E+06	5,118679E+02	5,153479E+01	5,568179E+03
0,64	-1,199302E+06	5,428946E+02	5,275182E+01	5,568179E+03
0,645	-1,199302E+06	5,496572E+02	5,288730E+01	5,568179E+03
0,65	-1,199301E+06	5,296036E+02	5,189061E+01	5,568179E+03
0,655	-1,199303E+06	5,521940E+02	4,962617E+01	5,568179E+03
0,66	-1,199301E+06	5,132641E+02	4,787489E+01	5,568179E+03
0,665	-1,199303E+06	5,361198E+02	4,786699E+01	5,568179E+03
0,67	-1,199303E+06	5,386622E+02	4,918312E+01	5,568179E+03
0,675	-1,199302E+06	5,068459E+02	4,939226E+01	5,568179E+03
0,68	-1,199303E+06	5,217742E+02	4,809317E+01	5,568179E+03
0,685	-1,199303E+06	5,241117E+02	4,609122E+01	5,568179E+03
0,69	-1,199302E+06	5,115256E+02	4,492896E+01	5,568179E+03
0,695	-1,199302E+06	5,058481E+02	4,560773E+01	5,568179E+03
0,7	-1,199303E+06	5,129415E+02	4,697321E+01	5,568179E+03
0,705	-1,199302E+06	5,110587E+02	4,821410E+01	5,568179E+03
0,71	-1,199303E+06	5,087883E+02	4,860982E+01	5,568179E+03
0,715	-1,199302E+06	5,017176E+02	4,883562E+01	5,568179E+03
0,72	-1,199303E+06	5,234906E+02	4,955139E+01	5,568179E+03
0,725	-1,199303E+06	5,074197E+02	5,045796E+01	5,568179E+03
0,73	-1,199302E+06	4,617056E+02	5,065880E+01	5,568179E+03
0,735	-1,199303E+06	4,795630E+02	4,922173E+01	5,568179E+03
0,74	-1,199302E+06	4,748318E+02	4,764412E+01	5,568179E+03
0,745	-1,199302E+06	4,877705E+02	4,734311E+01	5,568179E+03
0,75	-1,199304E+06	5,361427E+02	4,740026E+01	5,568179E+03
0,755	-1,199302E+06	4,862466E+02	4,741052E+01	5,568179E+03
0,76	-1,199303E+06	4,680376E+02	4,715073E+01	5,568179E+03
0,765	-1,199303E+06	4,805557E+02	4,718686E+01	5,568179E+03
0,77	-1,199303E+06	4,784624E+02	4,757884E+01	5,568179E+03
0,775	-1,199303E+06	4,968698E+02	4,899852E+01	5,568179E+03
0,78	-1,199303E+06	5,056273E+02	5,148837E+01	5,568179E+03
0,785	-1,199303E+06	4,867476E+02	5,398619E+01	5,568179E+03
0,79	-1,199303E+06	4,803927E+02	5,584275E+01	5,568179E+03
0,795	-1,199303E+06	4,857785E+02	5,585581E+01	5,568179E+03
0,8	-1,199304E+06	4,798953E+02	5,448258E+01	5,568179E+03
0,805	-1,199302E+06	4,484867E+02	5,396157E+01	5,568179E+03
0,81	-1,199303E+06	4,645326E+02	5,295513E+01	5,568179E+03
0,815	-1,199303E+06	4,659746E+02	5,131346E+01	5,568179E+03
0,82	-1,199303E+06	4,611846E+02	4,923651E+01	5,568179E+03
0,825	-1,199303E+06	4,668229E+02	4,664712E+01	5,568179E+03
0,83	-1,199303E+06	4,688106E+02	4,589748E+01	5,568179E+03
0,835	-1,199304E+06	4,835055E+02	4,669983E+01	5,568179E+03
0,84	-1,199303E+06	4,672183E+02	4,699542E+01	5,568179E+03
0,845	-1,199304E+06	4,484999E+02	4,741617E+01	5,568179E+03
0,85	-1,199303E+06	4,308640E+02	4,821246E+01	5,568179E+03
0,855	-1,199304E+06	4,425664E+02	4,938254E+01	5,568179E+03
0,86	-1,199304E+06	4,445384E+02	5,204046E+01	5,568179E+03
0,865	-1,199303E+06	4,307623E+02	5,462315E+01	5,568179E+03
0,87	-1,199305E+06	4,684148E+02	5,580727E+01	5,568179E+03
0,875	-1,199304E+06	4,426261E+02	5,582853E+01	5,568179E+03
0,88	-1,199303E+06	4,155144E+02	5,435495E+01	5,568179E+03
0,885	-1,199305E+06	4,562053E+02	5,345581E+01	5,568179E+03
0,89	-1,199304E+06	4,392444E+02	5,367351E+01	5,568179E+03
0,895	-1,199304E+06	4,232510E+02	5,252083E+01	5,568179E+03
0,9	-1,199304E+06	4,409381E+02	5,041302E+01	5,568179E+03
0,905	-1,199305E+06	4,612173E+02	4,828803E+01	5,568179E+03
0,91	-1,199303E+06	4,309237E+02	4,716534E+01	5,568179E+03
0,915	-1,199304E+06	4,364828E+02	4,731755E+01	5,568179E+03
0,92	-1,199304E+06	4,371808E+02	4,880425E+01	5,568179E+03
0,925	-1,199304E+06	4,351379E+02	4,983713E+01	5,568179E+03
0,93	-1,199305E+06	4,420074E+02	4,992104E+01	5,568179E+03
0,935	-1,199304E+06	4,145020E+02	5,066849E+01	5,568179E+03
0,94	-1,199305E+06	4,363124E+02	5,163141E+01	5,568179E+03
0,945	-1,199305E+06	4,275186E+02	5,338601E+01	5,568179E+03
0,95	-1,199303E+06	3,969950E+02	5,531237E+01	5,568179E+03
0,955	-1,199305E+06	4,354085E+02	5,565130E+01	5,568179E+03
0,96	-1,199304E+06	4,066432E+02	5,558137E+01	5,568179E+03
0,965	-1,199304E+06	3,915651E+02	5,475333E+01	5,568179E+03
0,97	-1,199305E+06	4,304635E+02	5,383508E+01	5,568179E+03
0,975	-1,199305E+06	4,244812E+02	5,324300E+01	5,568179E+03
0,98	-1,199304E+06	3,999458E+02	5,163532E+01	5,568179E+03
0,985	-1,199305E+06	4,140719E+02	4,929751E+01	5,568179E+03
0,99	-1,199305E+06	4,142483E+02	4,690273E+01	5,568179E+03
0,995	-1,199305E+06	4,056466E+02	4,537788E+01	5,568179E+03
1,0	-1,199305E+06	3,955909E+02	4,532990E+01	5,568179E+03
1,005	-1,199305E+06	3,934083E+02	4,581052E+01	5,568179E+03
1,01	-1,199305E+06	4,123140E+02	4,611691E+01	5,568179E+03
1,015	-1,199305E+06	3,910594E+02	4,613308E+01	5,568179E+03
1,02	-1,199304E+06	3,605993E+02	4,722745E+01	5,568179E+03
1,025	-1,199305E+06	3,789656E+02	4,905316E+01	5,568179E+03
1,03	-1,199305E+06	3,827777E+02	5,010735E+01	5,568179E+03
1,035	-1,199304E+06	3,624928E+02	5,113853E+01	5,568179E+03
1,04	-1,199305E+06	3,913892E+02	5,105753E+01	5,568179E+03
1,045	-1,199305E+06	3,891683E+02	5,082263E+01	5,568179E+03
1,05	-1,199305E+06	3,731929E+02	5,162367E+01	5,568179E+03
1,055	-1,199306E+06	3,959123E+02	5,161055E+01	5,568179E+03
1,06	-1,199305E+06	3,803415E+02	5,133296E+01	5,568179E+03
1,065	-1,199305E+06	3,867546E+02	5,032503E+01	5,568179E+03
1,07	-1,199305E+06	3,778977E+02	4,859291E+01	5,568179E+03
1,075	-1,199304E+06	3,471671E+02	4,852713E+01	5,568179E+03
1,08	-1,199306E+06	3,822795E+02	4,933096E+01	5,568179E+03
1,085	-1,199305E+06	3,813159E+02	4,988529E+01	5,568179E+03
1,09	-1,199305E+06	3,730213E+02	5,023953E+01	5,568179E+03
1,095	-1,199305E+06	3,729432E+02	5,051130E+01	5,568179E+03
1,1	-1,199305E+06	3,761413E+02	5,083879E+01	5,568179E+03
1,105	-1,199305E+06	3,729887E+02	5,170587E+01	5,568179E+03
1,11	-1,199305E+06	3,554453E+02	5,233314E+01	5,568179E+03
1,115	-1,199306E+06	3,733747E+02	5,216744E+01	5,568179E+03
1,12	-1,199305E+06	3,724188E+02	5,173267E+01	5,568179E+03
1,125	-1,199305E+06	3,642721E+02	5,037461E+01	5,568179E+03
1,13	-1,199306E+06	3,624158E+02	4,900892E+01	5,568179E+03
1,135	-1,199305E+06	3,495506E+02	4,850762E+01	5,568179E+03
1,14	-1,199306E+06	3,501543E+02	4,806202E+01	5,568179E+03
1,145	-1,199305E+06	3,401156E+02	4,763575E+01	5,568179E+03
1,15	-1,199305E+06	3,448606E+02	4,730111E+01	5,568179E+03
1,155	-1,199306E+06	3,545445E+02	4,761301E+01	5,568179E+03
1,16	-1,199305E+06	3,504622E+02	4,940792E+01	5,568179E+03
1,165	-1,199306E+06	3,562545E+02	5,176026E+01	5,568179E+03
1,17	-1,199305E+06	3,452780E+02	5,335478E+01	5,568179E+03
1,175	-1,199306E+06	3,519216E+02	5,376971E+01	5,568179E+03
1,18	-1,199305E+06	3,411260E+02	5,323007E+01	5,568179E+03
1,185	-1,199306E+06	3,399175E+02	5,196639E+01	5,568179E+03
1,19	-1,199306E+06	3,464755E+02	5,110098E+01	5,568179E+03
1,195	-1,199305E+06	3,279732E+02	5,005883E+01	5,568179E+03
1,2	-1,199306E+06	3,283811E+02	4,791119E+01	5,568179E+03
1,205	-1,199306E+06	3,191369E+02	4,542305E+01	5,568179E+03
1,21	-1,199306E+06	3,186100E+02	4,326699E+01	5,568179E+03
1,215	-1,199306E+06	3,180153E+02	4,294152E+01	5,568179E+03
1,22	-1,199306E+06	3,264705E+02	4,419591E+01	5,568179E+03
1,225	-1,199306E+06	3,341031E+02	4,544360E+01	5,568179E+03
1,23	-1,199306E+06	3,266446E+02	4,623818E+01	5,568179E+03
1,235	-1,199306E+06	3,220897E+02	4,691676E+01	5,568179E+03
1,24	-1,199305E+06	3,121190E+02	4,783315E+01	5,568179E+03
1,245	-1,199306E+06	3,294798E+02	4,864008E+01	5,568179E+03
1,25	-1,199306E+06	3,151910E+02	4,921782E+01	5,568179E+03
1,255	-1,199306E+06	3,212976E+02	4,859626E+01	5,568179E+03
1,26	-1,199307E+06	3,250019E+02	4,756890E+01	5,568179E+03
1,265	-1,199305E+06	2,921146E+02	4,733390E+01	5,568179E+03
1,27	-1,199306E+06	3,084696E+02	4,759549E+01	5,568179E+03
1,275	-1,199306E+06	3,125913E+02	4,849761E+01	5,568179E+03
1,28	-1,199306E+06	3,138733E+02	4,883191E+01	5,568179E+03
1,285	-1,199306E+06	3,215315E+02	4,813874E+01	5,568179E+03
1,29	-1,199306E+06	3,107468E+02	4,723433E+01	5,568179E+03
1,295	-1,199306E+06	3,002253E+02	4,656667E+01	5,568179E+03
1,3	-1,199306E+06	3,024266E+02	4,633913E+01	5,568179E+03
1,305	-1,199307E+06	3,083019E+02	4,621429E+01	5,568179E+03
1,31	-1,199306E+06	2,936787E+02	4,580806E+01	5,568179E+03
1,315	-1,199306E+06	2,932675E+02	4,520018E+01	5,568179E+03
1,32	-1,199306E+06	2,890744E+02	4,532579E+01	5,568179E+03
1,325	-1,199306E+06	2,879403E+02	4,660236E+01	5,568179E+03
1,33	-1,199307E+06	3,023968E+02	4,839040E+01	5,568179E+03
1,335	-1,199306E+06	2,992969E+02	4,964668E+01	5,568179E+03
1,34	-1,199306E+06	2,887304E+02	4,999791E+01	5,568179E+03
1,345	-1,199307E+06	2,886405E+02	4,991138E+01	5,568179E+03
1,35	-1,199306E+06	2,723804E+02	5,043428E+01	5,568179E+03
1,355	-1,199307E+06	2,816587E+02	5,102391E+01	5,568179E+03
1,36	-1,199307E+06	2,879063E+02	5,085552E+01	5,568179E+03
1,365	-1,199307E+06	2,859400E+02	4,978616E+01	5,568179E+03
1,37	-1,199307E+06	2,871512E+02	4,792985E+01	5,568179E+03
1,375	-1,199307E+06	2,799934E+02	4,646988E+01	5,568179E+03
1,38	-1,199307E+06	2,850263E+02	4,617375E+01	5,568179E+03
1,385	-1,199307E+06	2,863907E+02	4,641677E+01	5,568179E+03
1,39	-1,199307E+06	2,841848E+02	4,635537E+01	5,568179E+03
1,395	-1,199307E+06	2,708580E+02	4,604658E+01	5,568179E+03
1,4	-1,199306E+06	2,611258E+02	4,620291E+01	5,568179E+03
1,405	-1,199307E+06	2,847422E+02	4,718021E+01	5,568179E+03
1,41	-1,199307E+06	2,874471E+02	4,857634E+01	5,568179E+03
1,415	-1,199307E+06	2,722752E+02	4,951810E+01	5,568179E+03
1,42	-1,199307E+06	2,759839E+02	4,989891E+01	5,568179E+03
1,425	-1,199307E+06	2,745267E+02	5,014052E+01	5,568179E+03
1,43	-1,199307E+06	2,664366E+02	5,037452E+01	5,568179E+03
1,435	-1,199307E+06	2,632590E+02	5,074694E+01	5,568179E+03
1,44	-1,199307E+06	2,596972E+02	5,116397E+01	5,568179E+03
1,445	-1,199307E+06	2,695550E+02	5,092146E+01	5,568179E+03
1,45	-1,199307E+06	2,630692E+02	5,023598E+01	5,568179E+03
1,455	-1,199307E+06	2,518874E+02	4,942511E+01	5,568179E+03
1,46	-1,199307E+06	2,664515E+02	4,848752E+01	5,568179E+03
1,465	-1,199307E+06	2,623105E+02	4,815278E+01	5,568179E+03
1,47	-1,199307E+06	2,537313E+02	4,827134E+01	5,568179E+03
1,475	-1,199308E+06	2,751820E+02	4,775167E+01	5,568179E+03
1,48	-1,199307E+06	2,591742E+02	4,692582E+01	5,568179E+03
1,485	-1,199307E+06	2,364722E+02	4,646450E+01	5,568179E+03
1,49	-1,199308E+06	2,596056E+02	4,711470E+01	5,568179E+03
1,495	-1,199307E+06	2,563383E+02	4,918713E+01	5,568179E+03
1,5	-1,199307E+06	2,385785E+02	5,099787E+01	5,568179E+03
1,505	-1,199308E+06	2,540035E+02	5,174375E+01	5,568179E+03
1,51	-1,199308E+06	2,516493E+02	5,191407E+01	5,568179E+03
1,515	-1,199307E+06	2,321460E+02	5,170333E+01	5,568179E+03
1,52	-1,199307E+06	2,413375E+02	5,162096E+01	5,568179E+03
1,525	-1,199308E+06	2,535193E+02	5,145211E+01	5,568179E+03
1,53	-1,199308E+06	2,537631E+02	5,029234E+01	5,568179E+03
1,535	-1,199308E+06	2,442348E+02	4,845411E+01	5,568179E+03
1,54	-1,199307E+06	2,287333E+02	4,726309E+01	5,568179E+03
1,545	-1,199308E+06	2,482778E+02	4,738269E+01	5,568179E+03
1,55	-1,199308E+06	2,498494E+02	4,858992E+01	5,568179E+03
1,555	-1,199307E+06	2,347827E+02	4,954015E+01	5,568179E+03
1,56	-1,199308E+06	2,492068E+02	4,933980E+01	5,568179E+03
1,565	-1,199308E+06	2,380738E+02	4,922066E+01	5,568179E+03
1,57	-1,199307E+06	2,222215E+02	4,991536E+01	5,568179E+03
1,575	-1,199308E+06	2,348642E+02	5,097200E+01	5,568179E+03
1,58	-1,199308E+06	2,314349E+02	5,220076E+01	5,568179E+03
1,585	-1,199308E+06	2,294035E+02	5,270383E+01	5,568179E+03
1,59	-1,199308E+06	2,262747E+02	5,249718E+01	5,568179E+03
1,595	-1,199308E+06	2,247712E+02	5,247818E+01	5,568179E+03
1,6	-1,199308E+06	2,391655E+02	5,230780E+01	5,568179E+03
1,605	-1,199308E+06	2,357332E+02	5,188391E+01	5,568179E+03
1,61	-1,199308E+06	2,240076E+02	5,152722E+01	5,568179E+03
1,615	-1,199308E+06	2,267308E+02	5,091478E+01	5,568179E+03
1,62	-1,199308E+06	2,293226E+02	5,023016E+01	5,568179E+03
1,625	-1,199307E+06	2,107946E+02	5,012661E+01	5,568179E+03
1,63	-1,199308E+06	2,190103E+02	5,028691E+01	5,568179E+03
1,635	-1,199308E+06	2,203397E+02	5,084293E+01	5,568179E+03
1,64	-1,199308E+06	2,118069E+02	5,143583E+01	5,568179E+03
1,645	-1,199308E+06	2,222861E+02	5,171823E+01	5,568179E+03
1,65	-1,199308E+06	2,258741E+02	5,221639E+01	5,568179E+03
1,655	-1,199308E+06	2,191522E+02	5,296912E+01	5,568179E+03
1,66	-1,199308E+06	2,224289E+02	5,365074E+01	5,568179E+03
1,665	-1,199308E+06	2,176546E+02	5,402770E+01	5,568179E+03
1,67	-1,199308E+06	2,129341E+02	5,345891E+01	5,568179E+03
1,675	-1,199308E+06	2,155652E+02	5,207036E+01	5,568179E+03
1,68	-1,199308E+06	2,068432E+02	5,075405E+01	5,568179E+03
1,685	-1,199308E+06	2,087850E+02	4,990631E+01	5,568179E+03
1,69	-1,199308E+06	2,064007E+02	4,965420E+01	5,568179E+03
1,695	-1,199308E+06	2,081997E+02	4,942695E+01	5,568179E+03
1,7	-1,199308E+06	2,073924E+02	4,925829E+01	5,568179E+03
1,705	-1,199308E+06	2,022099E+02	4,994663E+01	5,568179E+03
1,71	-1,199308E+06	2,150072E+02	5,156637E+01	5,568179E+03
1,715	-1,199308E+06	2,202579E+02	5,331429E+01	5,568179E+03
1,72	-1,199308E+06	2,224861E+02	5,423934E+01	5,568179E+03
1,725	-1,199308E+06	2,180739E+02	5,443728E+01	5,568179E+03
1,73	-1,199308E+06	2,073915E+02	5,434654E+01	5,568179E+03
1,735	-1,199308E+06	2,029497E+02	5,430752E+01	5,568179E+03
1,74	-1,199308E+06	2,027222E+02	5,425728E+01	5,568179E+03
1,745	-1,199308E+06	2,021236E+02	5,365119E+01	5,568179E+03
1,75	-1,199309E+06	2,055512E+02	5,221158E+01	5,568179E+03
1,755	-1,199309E+06	1,996013E+02	5,044905E+01	5,568179E+03
1,76	-1,199309E+06	1,939892E+02	4,893082E+01	5,568179E+03
1,765	-1,199309E+06	1,906750E+02	4,819934E+01	5,568179E+03
1,77	-1,199308E+06	1,820129E+02	4,818857E+01	5,568179E+03
1,775	-1,199309E+06	1,894744E+02	4,821669E+01	5,568179E+03
1,78	-1,199309E+06	1,927545E+02	4,844541E+01	5,568179E+03
1,785	-1,199308E+06	1,928018E+02	4,913585E+01	5,568179E+03
1,79	-1,199308E+06	1,947356E+02	5,019751E+01	5,568179E+03
1,795	-1,199308E+06	1,947120E+02	5,148486E+01	5,568179E+03
1,8	-1,199308E+06	1,934934E+02	5,272859E+01	5,568179E+03
1,805	-1,199308E+06	1,911195E+02	5,328335E+01	5,568179E+03
1,81	-1,199309E+06	1,933293E+02	5,312281E+01	5,568179E+03
1,815	-1,199309E+06	1,824633E+02	5,283921E+01	5,568179E+03
1,82	-1,199308E+06	1,785939E+02	5,232332E+01	5,568179E+03
1,825	-1,199309E+06	1,891580E+02	5,175830E+01	5,568179E+03
1,83	-1,199308E+06	1,832472E+02	5,112115E+01	5,568179E+03
1,835	-1,199309E+06	1,887940E+02	4,978332E+01	5,568179E+03
1,84	-1,199309E+06	1,812204E+02	4,867890E+01	5,568179E+03
1,845	-1,199308E+06	1,800530E+02	4,837335E+01	5,568179E+03
1,85	-1,199309E+06	1,965215E+02	4,870288E+01	5,568179E+03
1,855	-1,199308E+06	1,820649E+02	4,965665E+01	5,568179E+03
1,86	-1,199309E+06	1,799312E+02	5,055606E+01	5,568179E+03
1,865	-1,199309E+06	1,890155E+02	5,122372E+01	5,568179E+03
1,87	-1,199309E+06	1,837529E+02	5,194911E+01	5,568179E+03
1,875	-1,199309E+06	1,872027E+02	5,296137E+01	5,568179E+03
1,88	-1,199309E+06	1,824013E+02	5,407196E+01	5,568179E+03
1,885	-1,199309E+06	1,805332E+02	5,450571E+01	5,568179E+03
1,89	-1,199309E+06	1,771629E+02	5,416039E+01	5,568179E+03
1,895	-1,199309E+06	1,703138E+02	5,347921E+01	5,568179E+03
1,9	-1,199309E+06	1,745982E+02	5,312698E+01	5,568179E+03
1,905	-1,199309E+06	1,718091E+02	5,281579E+01	5,568179E+03
1,91	-1,199309E+06	1,718729E+02	5,183257E+01	5,568179E+03
1,915	-1,199309E+06	1,684245E+02	5,082920E+01	5,568179E+03
1,92	-1,199309E+06	1,756530E+02	4,988859E+01	5,568179E+03
1,925	-1,199309E+06	1,809439E+02	4,955703E+01	5,568179E+03
1,93	-1,199309E+06	1,738830E+02	5,024929E+01	5,568179E+03
1,935	-1,199309E+06	1,800118E+02	5,102430E+01	5,568179E+03
1,94	-1,199309E+06	1,679130E+02	5,203339E+01	5,568179E+03
1,945	-1,199309E+06	1,607951E+02	5,304185E+01	5,568179E+03
1,95	-1,199309E+06	1,677349E+02	5,393522E+01	5,568179E+03
1,955	-1,199309E+06	1,599506E+02	5,531515E+01	5,568179E+03
1,96	-1,199309E+06	1,724469E+02	5,634613E+01	5,568179E+03
1,965	-1,199309E+06	1,747329E+02	5,663126E+01	5,568179E+03
1,97	-1,199309E+06	1,663217E+02	5,616745E+01	5,568179E+03
1,975	-1,199309E+06	1,671740E+02	5,497145E+01	5,568179E+03
1,98	-1,199309E+06	1,582021E+02	5,381307E+01	5,568179E+03
1,985	-1,199309E+06	1,641306E+02	5,287612E+01	5,568179E+03
1,99	-1,199309E+06	1,659152E+02	5,218962E+01	5,568179E+03
1,995	-1,199309E+06	1,667255E+02	5,169335E+01	5,568179E+03
2,0	-1,199309E+06	1,695919E+02	5,121705E+01	5,568179E+03
2,005	-1,199309E+06	1,617847E+02	5,082666E+01	5,568179E+03
2,01	-1,199309E+06	1,617543E+02	5,091753E+01	5,568179E+03
2,015	-1,199309E+06	1,606519E+02	5,171942E+01	5,568179E+03
2,02	-1,199309E+06	1,712073E+02	5,245661E+01	5,568179E+03
2,025	-1,199309E+06	1,675603E+02	5,290783E+01	5,568179E+03
2,03	-1,199309E+06	1,562621E+02	5,288291E+01	5,568179E+03
2,035	-1,199309E+06	1,551949E+02	5,281873E+01	5,568179E+03
2,04	-1,199309E+06	1,525154E+02	5,347232E+01	5,568179E+03
2,045	-1,199309E+06	1,621977E+02	5,400043E+01	5,568179E+03
2,05	-1,199309E+06	1,625123E+02	5,390865E+01	5,568179E+03
2,055	-1,199309E+06	1,572490E+02	5,313294E+01	5,568179E+03
2,06	-1,199309E+06	1,540456E+02	5,200250E+01	5,568179E+03
2,065	-1,199309E+06	1,530052E+02	5,148481E+01	5,568179E+03
2,07	-1,199309E+06	1,470398E+02	5,165979E+01	5,568179E+03
2,075	-1,199309E+06	1,486065E+02	5,182278E+01	5,568179E+03
2,08	-1,199309E+06	1,541616E+02	5,182521E+01	5,568179E+03
2,085	-1,199309E+06	1,534364E+02	5,159453E+01	5,568179E+03
2,09	-1,199309E+06	1,583195E+02	5,155164E+01	5,568179E+03
2,095	-1,199309E+06	1,574064E+02	5,229440E+01	5,568179E+03
2,1	-1,199309E+06	1,549254E+02	5,319765E+01	5,568179E+03
2,105	-1,199309E+06	1,539359E+02	5,353198E+01	5,568179E+03
2,11	-1,199309E+06	1,509342E+02	5,319687E+01	5,568179E+03
2,115	-1,199309E+06	1,477766E+02	5,248047E+01	5,568179E+03
2,12	-1,199309E+06	1,453639E+02	5,190317E+01	5,568179E+03
2,125	-1,199309E+06	1,463455E+02	5,157254E+01	5,568179E+03
2,13	-1,199309E+06	1,465517E+02	5,111372E+01	5,568179E+03
2,135	-1,199310E+06	1,546126E+02	5,041994E+01	5,568179E+03
2,14	-1,199309E+06	1,473363E+02	4,991288E+01	5,568179E+03
2,145	-1,199309E+06	1,378534E+02	4,966040E+01	5,568179E+03
2,15	-1,199310E+06	1,490095E+02	5,006674E+01	5,568179E+03
2,155	-1,199309E+06	1,456850E+02	5,128578E+01	5,568179E+03
2,16	-1,199309E+06	1,472195E+02	5,228557E+01	5,568179E+03
2,165	-1,199310E+06	1,490419E+02	5,305343E+01	5,568179E+03
2,17	-1,199309E+06	1,466042E+02	5,347032E+01	5,568179E+03
2,175	-1,199309E+06	1,496561E+02	5,344317E+01	5,568179E+03
2,18	-1,199309E+06	1,456117E+02	5,367640E+01	5,568179E+03
2,185	-1,199309E+06	1,412401E+02	5,373120E+01	5,568179E+03
2,19	-1,199309E+06	1,421839E+02	5,323504E+01	5,568179E+03
2,195	-1,199309E+06	1,451948E+02	5,243849E+01	5,568179E+03
2,2	-1,199309E+06	1,435451E+02	5,141841E+01	5,568179E+03
2,205	-1,199309E+06	1,435724E+02	5,064104E+01	5,568179E+03
2,21	-1,199309E+06	1,397023E+02	5,030008E+01	5,568179E+03
2,215	-1,199309E+06	1,311483E+02	4,993360E+01	5,568179E+03
2,22	-1,199309E+06	1,360326E+02	4,945704E+01	5,568179E+03
2,225	-1,199310E+06	1,415796E+02	4,928095E+01	5,568179E+03
2,23	-1,199309E+06	1,416693E+02	4,954939E+01	5,568179E+03
2,235	-1,199310E+06	1,387648E+02	5,019927E+01	5,568179E+03
2,24	-1,199309E+06	1,356044E+02	5,112686E+01	5,568179E+03
2,245	-1,199310E+06	1,359987E+02	5,179852E+01	5,568179E+03
2,25	-1,199309E+06	1,349195E+02	5,217162E+01	5,568179E+03
2,255	-1,199309E+06	1,342360E+02	5,283746E+01	5,568179E+03
2,26	-1,199309E+06	1,339440E+02	5,370836E+01	5,568179E+03
2,265	-1,199310E+06	1,344350E+02	5,436903E+01	5,568179E+03
2,27	-1,199309E+06	1,338248E+02	5,449194E+01	5,568179E+03
2,275	-1,199310E+06	1,423967E+02	5,368617E+01	5,568179E+03
2,28	-1,199310E+06	1,425569E+02	5,245343E+01	5,568179E+03
2,285	-1,199309E+06	1,390492E+02	5,123476E+01	5,568179E+03
2,29	-1,199310E+06	1,374961E+02	5,014728E+01	5,568179E+03
2,295	-1,199309E+06	1,254697E+02	4,931785E+01	5,568179E+03
2,3	-1,199310E+06	1,266378E+02	4,861346E+01	5,568179E+03
2,305	-1,199310E+06	1,290845E+02	4,816730E+01	5,568179E+03
2,31	-1,199310E+06	1,287195E+02	4,812995E+01	5,568179E+03
2,315	-1,199310E+06	1,338886E+02	4,866486E+01	5,568179E+03
2,32	-1,199310E+06	1,282954E+02	4,958648E+01	5,568179E+03
2,325	-1,199310E+06	1,333233E+02	5,024454E+01	5,568179E+03
2,33	-1,199310E+06	1,310924E+02	5,088045E+01	5,568179E+03
2,335	-1,199310E+06	1,324921E+02	5,127616E+01	5,568179E+03
2,34	-1,199310E+06	1,327699E+02	5,137316E+01	5,568179E+03
2,345	-1,199309E+06	1,207421E+02	5,157461E+01	5,568179E+03
2,35	-1,199310E+06	1,254306E+02	5,144700E+01	5,568179E+03
2,355	-1,199310E+06	1,201702E+02	5,123085E+01	5,568179E+03
2,36	-1,199310E+06	1,230014E+02	5,097710E+01	5,568179E+03
2,365	-1,199310E+06	1,338433E+02	5,068876E+01	5,568179E+03
2,37	-1,199310E+06	1,347908E+02	5,098449E+01	5,568179E+03
2,375	-1,199310E+06	1,312617E+02	5,158023E+01	5,568179E+03
2,38	-1,199310E+06	1,225406E+02	5,189387E+01	5,568179E+03
2,385	-1,199310E+06	1,254335E+02	5,182327E+01	5,568179E+03
2,39	-1,199310E+06	1,172661E+02	5,149532E+01	5,568179E+03
2,395	-1,199310E+06	1,249782E+02	5,104023E+01	5,568179E+03
2,4	-1,199310E+06	1,323007E+02	5,116540E+01	5,568179E+03
2,405	-1,199310E+06	1,239027E+02	5,158392E+01	5,568179E+03
2,41	-1,199310E+06	1,300218E+02	5,168987E+01	5,568179E+03
2,415	-1,199310E+06	1,239787E+02	5,195721E+01	5,568179E+03
2,42	-1,199310E+06	1,201375E+02	5,219244E+01	5,568179E+03
2,425	-1,199310E+06	1,249263E+02	5,232596E+01	5,568179E+03
2,43	-1,199310E+06	1,155924E+02	5,271306E+01	5,568179E+03
2,435	-1,199310E+06	1,196888E+02	5,281663E+01	5,568179E+03
2,44	-1,199310E+06	1,298578E+02	5,255210E+01	5,568179E+03
2,445	-1,199310E+06	1,185657E+02	5,228265E+01	5,568179E+03
2,45	-1,199310E+06	1,166178E+02	5,193741E+01	5,568179E+03
2,455	-1,199310E+06	1,271005E+02	5,185111E+01	5,568179E+03
2,46	-1,199310E+06	1,206590E+02	5,212551E+01	5,568179E+03
2,465	-1,199310E+06	1,253089E+02	5,213788E+01	5,568179E+03
2,47	-1,199310E+06	1,229654E+02	5,215480E+01	5,568179E+03
2,475	-1,199310E+06	1,103064E+02	5,249026E+01	5,568179E+03
2,48	-1,199310E+06	1,135848E+02	5,302891E+01	5,568179E+03
2,485	-1,199310E+06	1,200149E+02	5,370065E+01	5,568179E+03
2,49	-1,199310E+06	1,216020E+02	5,394222E+01	5,568179E+03
2,495	-1,199310E+06	1,236122E+02	5,336409E+01	5,568179E+03
2,5	-1,199310E+06	1,209437E+02	5,265272E+01	5,568179E+03
2,505	-1,199310E+06	1,150638E+02	5,227557E+01	5,568179E+03
2,51	-1,199310E+06	1,221375E+02	5,186383E+01	5,568179E+03
2,515	-1,199310E+06	1,145430E+02	5,153184E+01	5,568179E+03
2,52	-1,199310E+06	1,067238E+02	5,112096E+01	5,568179E+03
2,525	-1,199310E+06	1,221439E+02	5,057326E+01	5,568179E+03
2,53	-1,199310E+06	1,144401E+02	5,089343E+01	5,568179E+03
2,535	-1,199310E+06	1,152772E+02	5,178536E+01	5,568179E+03
2,54	-1,199310E+06	1,221101E+02	5,257423E+01	5,568179E+03
2,545	-1,199310E+06	1,141916E+02	5,316328E+01	5,568179E+03
2,55	-1,199310E+06	1,191160E+02	5,314668E+01	5,568179E+03
2,555	-1,199310E+06	1,194348E+02	5,295278E+01	5,568179E+03
2,56	-1,199310E+06	1,150593E+02	5,313353E+01	5,568179E+03
2,565	-1,199310E+06	1,189644E+02	5,324491E+01	5,568179E+03
2,57	-1,199310E+06	1,225839E+02	5,297143E+01	5,568179E+03
2,575	-1,199310E+06	1,134390E+02	5,246132E+01	5,568179E+03
2,58	-1,199310E+06	1,085181E+02	5,163085E+01	5,568179E+03
2,585	-1,199310E+06	1,089622E+02	5,113348E+01	5,568179E+03
2,59	-1,199310E+06	1,089904E+02	5,141815E+01	5,568179E+03
2,595	-1,199310E+06	1,213332E+02	5,166822E+01	5,568179E+03
2,6	-1,199310E+06	1,210216E+02	5,183156E+01	5,568179E+03
2,605	-1,199310E+06	1,084691E+02	5,204189E+01	5,568179E+03
2,61	-1,199310E+06	1,144649E+02	5,200448E+01	5,568179E+03
2,615	-1,199310E+06	1,150503E+02	5,229464E+01	5,568179E+03
2,62	-1,199310E+06	1,143948E+02	5,261733E+01	5,568179E+03
2,625	-1,199310E+06	1,183037E+02	5,237124E+01	5,568179E+03
2,63	-1,199310E+06	1,092398E+02	5,201448E+01	5,568179E+03
2,635	-1,199310E+06	1,047564E+02	5,151269E+01	5,568179E+03
2,64	-1,199310E+06	1,070195E+02	5,105418E+01	5,568179E+03
2,645	-1,199310E+06	1,049027E+02	5,119602E+01	5,568179E+03
2,65	-1,199310E+06	1,070647E+02	5,133827E+01	5,568179E+03
2,655	-1,199310E+06	1,153067E+02	5,104782E+01	5,568179E+03
2,66	-1,199310E+06	1,146196E+02	5,069215E+01	5,568179E+03
2,665	-1,199310E+06	1,093600E+02	5,016346E+01	5,568179E+03
2,67	-1,199310E+06	1,073943E+02	4,992525E+01	5,568179E+03
2,675	-1,199310E+06	1,024226E+02	5,044363E+01	5,568179E+03
2,68	-1,199310E+06	1,074511E+02	5,085600E+01	5,568179E+03
2,685	-1,199310E+06	1,152733E+02	5,103724E+01	5,568179E+03
2,69	-1,199310E+06	1,139862E+02	5,132827E+01	5,568179E+03
2,695	-1,199310E+06	1,161241E+02	5,164639E+01	5,568179E+03
2,7	-1,199310E+06	1,119651E+02	5,233791E+01	5,568179E+03
2,705	-1,199310E+06	1,054114E+02	5,308193E+01	5,568179E+03
2,71	-1,199310E+06	1,090002E+02	5,324494E+01	5,568179E+03
2,715	-1,199310E+06	1,064167E+02	5,310412E+01	5,568179E+03
2,72	-1,199310E+06	1,032183E+02	5,291147E+01	5,568179E+03
2,725	-1,199310E+06	1,063013E+02	5,276318E+01	5,568179E+03
2,73	-1,199310E+06	1,017870E+02	5,273750E+01	5,568179E+03
2,735	-1,199310E+06	9,975064E+01	5,239856E+01	5,568179E+03
2,74	-1,199310E+06	1,078860E+02	5,141718E+01	5,568179E+03
2,745	-1,199310E+06	1,080502E+02	5,042748E+01	5,568179E+03
2,75	-1,199310E+06	1,070663E+02	5,000344E+01	5,568179E+03
2,755	-1,199310E+06	1,082923E+02	5,011222E+01	5,568179E+03
2,76	-1,199310E+06	1,056947E+02	5,057551E+01	5,568179E+03
2,765	-1,199310E+06	1,084310E+02	5,102371E+01	5,568179E+03
2,77	-1,199310E+06	1,063342E+02	5,133882E+01	5,568179E+03
2,775	-1,199310E+06	1,033848E+02	5,180458E+01	5,568179E+03
2,78	-1,199310E+06	1,082065E+02	5,245020E+01	5,568179E+03
2,785	-1,199310E+06	1,103621E+02	5,297521E+01	5,568179E+03
2,79	-1,199310E+06	1,074219E+02	5,321909E+01	5,568179E+03
2,795	-1,199310E+06	1,090996E+02	5,294582E+01	5,568179E+03
2,8	-1,199310E+06	1,099650E+02	5,238666E+01	5,568179E+03
2,805	-1,199310E+06	1,070412E+02	5,199664E+01	5,568179E+03
2,81	-1,199310E+06	1,073345E+02	5,180486E+01	5,568179E+03
2,815	-1,199310E+06	1,074466E+02	5,184459E+01	5,568179E+03
2,82	-1,199310E+06	1,064862E+02	5,189003E+01	5,568179E+03
2,825	-1,199310E+06	1,104806E+02	5,159018E+01	5,568179E+03
2,83	-1,199310E+06	1,054543E+02	5,126271E+01	5,568179E+03
2,835	-1,199310E+06	1,054193E+02	5,118550E+01	5,568179E+03
2,84	-1,199310E+06	1,095963E+02	5,131360E+01	5,568179E+03
2,845	-1,199310E+06	1,033279E+02	5,130304E+01	5,568179E+03
2,85	-1,199310E+06	9,891118E+01	5,090457E+01	5,568179E+03
2,855	-1,199310E+06	9,803274E+01	5,043812E+01	5,568179E+03
2,86	-1,199310E+06	1,012660E+02	5,041427E+01	5,568179E+03
2,865	-1,199310E+06	1,053028E+02	5,096949E+01	5,568179E+03
2,87	-1,199310E+06	1,049314E+02	5,167547E+01	5,568179E+03
2,875	-1,199310E+06	1,070077E+02	5,194309E+01	5,568179E+03
2,88	-1,199310E+06	9,908816E+01	5,177276E+01	5,568179E+03
2,885	-1,199310E+06	9,645713E+01	5,163525E+01	5,568179E+03
2,89	-1,199310E+06	1,003335E+02	5,201581E+01	5,568179E+03
2,895	-1,199310E+06	1,010536E+02	5,260111E+01	5,568179E+03
2,9	-1,199310E+06	1,002729E+02	5,286717E+01	5,568179E+03
2,905	-1,199310E+06	1,005869E+02	5,256699E+01	5,568179E+03
2,91	-1,199310E+06	9,997556E+01	5,207971E+01	5,568179E+03
2,915	-1,199310E+06	9,649319E+01	5,213404E+01	5,568179E+03
2,92	-1,199310E+06	1,005053E+02	5,255427E+01	5,568179E+03
2,925	-1,199310E+06	1,046533E+02	5,285476E+01	5,568179E+03
2,93	-1,199310E+06	1,052884E+02	5,261401E+01	5,568179E+03
2,935	-1,199310E+06	1,050889E+02	5,186379E+01	5,568179E+03
2,94	-1,199310E+06	9,988971E+01	5,135213E+01	5,568179E+03
2,945	-1,199310E+06	1,009863E+02	5,117114E+01	5,568179E+03
2,95	-1,199310E+06	1,012833E+02	5,119577E+01	5,568179E+03
2,955	-1,199310E+06	9,637181E+01	5,131963E+01	5,568179E+03
2,96	-1,199310E+06	1,022533E+02	5,124599E+01	5,568179E+03
2,965	-1,199310E+06	1,038878E+02	5,146219E+01	5,568179E+03
2,97	-1,199310E+06	1,041921E+02	5,206273E+01	5,568179E+03
2,975	-1,199310E+06	1,084865E+02	5,273566E+01	5,568179E+03
2,98	-1,199310E+06	1,011774E+02	5,346902E+01	5,568179E+03
2,985	-1,199310E+06	9,810047E+01	5,386688E+01	5,568179E+03
2,99	-1,199310E+06	1,022253E+02	5,381851E+01	5,568179E+03
2,995	-1,199310E+06	1,029024E+02	5,352529E+01	5,568179E+03
3,0	-1,199310E+06	9,746032E+01	5,322058E+01	5,568179E+03
3,005	-1,199310E+06	9,271825E+01	5,327691E+01	5,568179E+03
3,01	-1,199310E+06	9,948334E+01	5,359881E+01	5,568179E+03
3,015	-1,199310E+06	9,975918E+01	5,365746E+01	5,568179E+03
3,02	-1,199310E+06	9,695213E+01	5,317877E+01	5,568179E+03
3,025	-1,199310E+06	9,619649E+01	5,278530E+01	5,568179E+03
3,03	-1,199310E+06	9,602529E+01	5,284523E+01	5,568179E+03
3,035	-1,199310E+06	9,814290E+01	5,295497E+01	5,568179E+03
3,04	-1,199310E+06	9,595077E+01	5,292096E+01	5,568179E+03
3,045	-1,199310E+06	1,029300E+02	5,245540E+01	5,568179E+03
3,05	-1,199310E+06	1,007356E+02	5,193999E+01	5,568179E+03
3,055	-1,199310E+06	9,371254E+01	5,196349E+01	5,568179E+03
3,06	-1,199310E+06	9,905847E+01	5,224164E+01	5,568179E+03
3,065	-1,199310E+06	1,008810E+02	5,252922E+01	5,568179E+03
3,07	-1,199310E+06	1,012815E+02	5,265813E+01	5,568179E+03
3,075	-1,199310E+06	1,006731E+02	5,281062E+01	5,568179E+03
3,08	-1,199310E+06	1,056072E+02	5,332002E+01	5,568179E+03
3,085	-1,199310E+06	1,003431E+02	5,402336E+01	5,568179E+03
3,09	-1,199310E+06	9,765041E+01	5,434815E+01	5,568179E+03
3,095	-1,199310E+06	1,071208E+02	5,405213E+01	5,568179E+03
3,1	-1,199310E+06	1,024903E+02	5,337698E+01	5,568179E+03
3,105	-1,199310E+06	9,814646E+01	5,275989E+01	5,568179E+03
3,11	-1,199310E+06	9,495877E+01	5,258885E+01	5,568179E+03
3,115	-1,199310E+06	9,223811E+01	5,261435E+01	5,568179E+03
3,12	-1,199310E+06	9,726621E+01	5,257080E+01	5,568179E+03
3,125	-1,199310E+06	1,000859E+02	5,253739E+01	5,568179E+03
3,13	-1,199310E+06	1,001330E+02	5,262569E+01	5,568179E+03
3,135	-1,199310E+06	1,025225E+02	5,275270E+01	5,568179E+03
3,14	-1,199310E+06	1,022221E+02	5,272753E+01	5,568179E+03
3,145	-1,199310E+06	9,841569E+01	5,260853E+01	5,568179E+03
3,15	-1,199310E+06	1,012243E+02	5,241875E+01	5,568179E+03
3,155	-1,199310E+06	1,016628E+02	5,219654E+01	5,568179E+03
3,16	-1,199310E+06	9,516933E+01	5,198943E+01	5,568179E+03
3,165	-1,199310E+06	9,840956E+01	5,180542E+01	5,568179E+03
3,17	-1,199310E+06	9,439098E+01	5,203917E+01	5,568179E+03
3,175	-1,199310E+06	9,122269E+01	5,249642E+01	5,568179E+03
3,18	-1,199311E+06	1,036643E+02	5,276712E+01	5,568179E+03
3,185	-1,199310E+06	1,026099E+02	5,309694E+01	5,568179E+03
3,19	-1,199310E+06	9,907308E+01	5,330716E+01	5,568179E+03
3,195	-1,199310E+06	9,907599E+01	5,343096E+01	5,568179E+03
3,2	-1,199310E+06	9,344300E+01	5,360402E+01	5,568179E+03
3,205	-1,199310E+06	9,315406E+01	5,341403E+01	5,568179E+03
3,21	-1,199310E+06	9,290818E+01	5,300237E+01	5,568179E+03
3,215	-1,199310E+06	9,251217E+01	5,273182E+01	5,568179E+03
3,22	-1,199310E+06	9,412915E+01	5,273711E+01	5,568179E+03
3,225	-1,199310E+06	9,690018E+01	5,299705E+01	5,568179E+03
3,23	-1,199310E+06	9,631800E+01	5,329372E+01	5,568179E+03
3,235	-1,199310E+06	1,012528E+02	5,329056E+01	5,568179E+03
3,24	-1,199310E+06	1,054095E+02	5,317139E+01	5,568179E+03
3,245	-1,199310E+06	1,008062E+02	5,341395E+01	5,568179E+03
3,25	-1,199310E+06	9,958849E+01	5,375730E+01	5,568179E+03
3,255	-1,199310E+06	9,927913E+01	5,380051E+01	5,568179E+03
3,26	-1,199310E+06	9,748940E+01	5,338323E+01	5,568179E+03
3,265	-1,199310E+06	9,830830E+01	5,257209E+01	5,568179E+03
3,27	-1,199310E+06	1,004916E+02	5,210489E+01	5,568179E+03
3,275	-1,199310E+06	9,744062E+01	5,226867E+01	5,568179E+03
3,28	-1,199310E+06	9,467980E+01	5,259755E+01	5,568179E+03
3,285	-1,199310E+06	9,239780E+01	5,305187E+01	5,568179E+03
3,29	-1,199310E+06	9,733977E+01	5,343509E+01	5,568179E+03
3,295	-1,199310E+06	9,676574E+01	5,373873E+01	5,568179E+03
3,3	-1,199310E+06	9,379336E+01	5,418301E+01	5,568179E+03
3,305	-1,199310E+06	1,003508E+02	5,449318E+01	5,568179E+03
3,31	-1,199310E+06	1,012964E+02	5,432155E+01	5,568179E+03
3,315	-1,199310E+06	1,018131E+02	5,380880E+01	5,568179E+03
3,32	-1,199310E+06	9,666112E+01	5,336068E+01	5,568179E+03
3,325	-1,199310E+06	9,347392E+01	5,298578E+01	5,568179E+03
3,33	-1,199311E+06	9,487635E+01	5,289498E+01	5,568179E+03
3,335	-1,199310E+06	9,515333E+01	5,296562E+01	5,568179E+03
3,34	-1,199311E+06	1,013532E+02	5,289884E+01	5,568179E+03
3,345	-1,199310E+06	9,972680E+01	5,304117E+01	5,568179E+03
3,35	-1,199310E+06	1,004773E+02	5,319797E+01	5,568179E+03
3,355	-1,199310E+06	9,876898E+01	5,349402E+01	5,568179E+03
3,36	-1,199310E+06	9,861328E+01	5,410302E+01	5,568179E+03
3,365	-1,199310E+06	9,864015E+01	5,450992E+01	5,568179E+03
3,37	-1,199310E+06	9,534616E+01	5,458501E+01	5,568179E+03
3,375	-1,199310E+06	9,811666E+01	5,441695E+01	5,568179E+03
3,38	-1,199310E+06	1,020356E+02	5,394321E+01	5,568179E+03
3,385	-1,199310E+06	1,006184E+02	5,350921E+01	5,568179E+03
3,39	-1,199310E+06	9,427473E+01	5,311712E+01	5,568179E+03
3,395	-1,199310E+06	9,683139E+01	5,254077E+01	5,568179E+03
3,4	-1,199311E+06	1,031424E+02	5,202541E+01	5,568179E+03
3,405	-1,199310E+06	1,035138E+02	5,170683E+01	5,568179E+03
3,41	-1,199310E+06	1,023764E+02	5,182448E+01	5,568179E+03
3,415	-1,199310E+06	9,823887E+01	5,246532E+01	5,568179E+03
3,42	-1,199310E+06	9,860781E+01	5,309973E+01	5,568179E+03
3,425	-1,199310E+06	9,664688E+01	5,341615E+01	5,568179E+03
3,43	-1,199310E+06	9,719477E+01	5,346058E+01	5,568179E+03
3,435	-1,199310E+06	9,816693E+01	5,365316E+01	5,568179E+03
3,44	-1,199310E+06	1,020406E+02	5,403390E+01	5,568179E+03
3,445	-1,199311E+06	1,057729E+02	5,417864E+01	5,568179E+03
3,45	-1,199310E+06	9,788857E+01	5,394675E+01	5,568179E+03
3,455	-1,199311E+06	1,011779E+02	5,322321E+01	5,568179E+03
3,46	-1,199310E+06	9,677356E+01	5,252041E+01	5,568179E+03
3,465	-1,199310E+06	9,509147E+01	5,215961E+01	5,568179E+03
3,47	-1,199310E+06	9,369052E+01	5,212015E+01	5,568179E+03
3,475	-1,199310E+06	9,062807E+01	5,219441E+01	5,568179E+03
3,48	-1,199311E+06	1,006978E+02	5,203052E+01	5,568179E+03
3,485	-1,199310E+06	9,487797E+01	5,188232E+01	5,568179E+03
3,49	-1,199310E+06	9,588998E+01	5,194618E+01	5,568179E+03
3,495	-1,199310E+06	9,780735E+01	5,237341E+01	5,568179E+03
3,5	-1,199310E+06	9,770200E+01	5,290598E+01	5,568179E+03
3,505	-1,199311E+06	1,019660E+02	5,326100E+01	5,568179E+03
3,51	-1,199310E+06	9,968308E+01	5,349104E+01	5,568179E+03
3,515	-1,199310E+06	1,047393E+02	5,363851E+01	5,568179E+03
3,52	-1,199310E+06	1,042793E+02	5,399645E+01	5,568179E+03
3,525	-1,199310E+06	1,009717E+02	5,437566E+01	5,568179E+03
3,53	-1,199310E+06	9,973446E+01	5,440502E+01	5,568179E+03
3,535	-1,199310E+06	9,763476E+01	5,401384E+01	5,568179E+03
3,54	-1,199310E+06	9,849266E+01	5,337823E+01	5,568179E+03
3,545	-1,199310E+06	1,012726E+02	5,306579E+01	5,568179E+03
3,55	-1,199310E+06	1,056016E+02	5,320869E+01	5,568179E+03
3,555	-1,199310E+06	1,017215E+02	5,345744E+01	5,568179E+03
3,56	-1,199310E+06	1,002102E+02	5,351738E+01	5,568179E+03
3,565	-1,199310E+06	9,993215E+01	5,338615E+01	5,568179E+03
3,57	-1,199310E+06	1,002135E+02	5,308391E+01	5,568179E+03
3,575	-1,199310E+06	1,007754E+02	5,288183E+01	5,568179E+03
3,58	-1,199310E+06	1,028075E+02	5,291053E+01	5,568179E+03
3,585	-1,199310E+06	1,049850E+02	5,281110E+01	5,568179E+03
3,59	-1,199310E+06	1,006585E+02	5,248965E+01	5,568179E+03
3,595	-1,199310E+06	1,041429E+02	5,211534E+01	5,568179E+03
3,6	-1,199310E+06	1,048945E+02	5,190563E+01	5,568179E+03
3,605	-1,199310E+06	1,009622E+02	5,184323E+01	5,568179E+03
3,61	-1,199310E+06	9,253311E+01	5,191866E+01	5,568179E+03
3,615	-1,199310E+06	9,674457E+01	5,195991E+01	5,568179E+03
3,62	-1,199311E+06	1,047844E+02	5,199174E+01	5,568179E+03
3,625	-1,199310E+06	9,814617E+01	5,221887E+01	5,568179E+03
3,63	-1,199311E+06	1,061664E+02	5,254186E+01	5,568179E+03
3,635	-1,199310E+06	1,054209E+02	5,317154E+01	5,568179E+03
3,64	-1,199310E+06	9,681955E+01	5,365807E+01	5,568179E+03
3,645	-1,199310E+06	9,945195E+01	5,353916E+01	5,568179E+03
3,65	-1,199310E+06	1,009645E+02	5,319480E+01	5,568179E+03
3,655	-1,199310E+06	1,062992E+02	5,283794E+01	5,568179E+03
3,66	-1,199310E+06	1,051301E+02	5,260483E+01	5,568179E+03
3,665	-1,199310E+06	9,851337E+01	5,239767E+01	5,568179E+03
3,67	-1,199310E+06	1,038682E+02	5,195430E+01	5,568179E+03
3,675	-1,199310E+06	1,109677E+02	5,143999E+01	5,568179E+03
3,68	-1,199310E+06	1,123267E+02	5,107563E+01	5,568179E+03
3,685	-1,199310E+06	1,098803E+02	5,100298E+01	5,568179E+03
3,69	-1,199310E+06	1,067516E+02	5,110030E+01	5,568179E+03
3,695	-1,199310E+06	1,019857E+02	5,115699E+01	5,568179E+03
3,7	-1,199310E+06	1,022727E+02	5,102478E+01	5,568179E+03
3,705	-1,199311E+06	1,075940E+02	5,082701E+01	5,568179E+03
3,71	-1,199310E+06	1,033955E+02	5,115214E+01	5,568179E+03
3,715	-1,199310E+06	1,031500E+02	5,198613E+01	5,568179E+03
3,72	-1,199310E+06	1,072668E+02	5,291525E+01	5,568179E+03
3,725	-1,199310E+06	1,051227E+02	5,352151E+01	5,568179E+03
3,73	-1,199310E+06	1,046681E+02	5,347582E+01	5,568179E+03
3,735	-1,199310E+06	1,056573E+02	5,325217E+01	5,568179E+03
3,74	-1,199310E+06	1,061042E+02	5,325521E+01	5,568179E+03
3,745	-1,199310E+06	1,101802E+02	5,320514E+01	5,568179E+03
3,75	-1,199310E+06	1,049967E+02	5,293227E+01	5,568179E+03
3,755	-1,199310E+06	1,033767E+02	5,227518E+01	5,568179E+03
3,76	-1,199310E+06	1,032501E+02	5,153900E+01	5,568179E+03
3,765	-1,199310E+06	9,523634E+01	5,113187E+01	5,568179E+03
3,77	-1,199310E+06	1,023920E+02	5,093282E+01	5,568179E+03
3,775	-1,199310E+06	1,084135E+02	5,095821E+01	5,568179E+03
3,78	-1,199310E+06	1,090419E+02	5,103444E+01	5,568179E+03
3,785	-1,199310E+06	1,083121E+02	5,123766E+01	5,568179E+03
3,79	-1,199310E+06	1,074103E+02	5,168607E+01	5,568179E+03
3,795	-1,199310E+06	1,110655E+02	5,222699E+01	5,568179E+03
3,8	-1,199310E+06	1,015501E+02	5,294767E+01	5,568179E+03
3,805	-1,199310E+06	1,116186E+02	5,339895E+01	5,568179E+03
3,81	-1,199310E+06	1,166466E+02	5,353942E+01	5,568179E+03
3,815	-1,199310E+06	1,083841E+02	5,340767E+01	5,568179E+03
3,82	-1,199310E+06	1,091198E+02	5,313180E+01	5,568179E+03
3,825	-1,199310E+06	1,071143E+02	5,311323E+01	5,568179E+03
3,83	-1,199310E+06	1,106196E+02	5,314646E+01	5,568179E+03
3,835	-1,199310E+06	1,086555E+02	5,319100E+01	5,568179E+03
3,84	-1,199310E+06	1,148069E+02	5,314843E+01	5,568179E+03
3,845	-1,199310E+06	1,144909E+02	5,306317E+01	5,568179E+03
3,85	-1,199310E+06	1,056092E+02	5,308189E+01	5,568179E+03
3,855	-1,199310E+06	1,054092E+02	5,321617E+01	5,568179E+03
3,86	-1,199310E+06	1,045688E+02	5,333600E+01	5,568179E+03
3,865	-1,199310E+06	1,117263E+02	5,329767E+01	5,568179E+03
3,87	-1,199310E+06	1,160193E+02	5,326692E+01	5,568179E+03
3,875	-1,199310E+06	1,187035E+02	5,320825E+01	5,568179E+03
3,88	-1,199310E+06	1,159248E+02	5,319581E+01	5,568179E+03
3,885	-1,199310E+06	1,090674E+02	5,322329E+01	5,568179E+03
3,89	-1,199310E+06	1,138694E+02	5,306854E+01	5,568179E+03
3,895	-1,199310E+06	1,124563E+02	5,291812E+01	5,568179E+03
3,9	-1,199310E+06	1,144701E+02	5,290145E+01	5,568179E+03
3,905	-1,199310E+06	1,123092E+02	5,308171E+01	5,568179E+03
3,91	-1,199310E+06	1,103780E+02	5,312993E+01	5,568179E+03
3,915	-1,199310E+06	1,076393E+02	5,288497E+01	5,568179E+03
3,92	-1,199310E+06	1,071161E+02	5,233625E+01	5,568179E+03
3,925	-1,199310E+06	1,130951E+02	5,183774E+01	5,568179E+03
3,93	-1,199310E+06	1,126911E+02	5,177251E+01	5,568179E+03
3,935	-1,199310E+06	1,173198E+02	5,176923E+01	5,568179E+03
3,94	-1,199310E+06	1,144638E+02	5,183534E+01	5,568179E+03
3,945	-1,199310E+06	1,139917E+02	5,187630E+01	5,568179E+03
3,95	-1,199310E+06	1,183334E+02	5,186132E+01	5,568179E+03
3,955	-1,199310E+06	1,136705E+02	5,217232E+01	5,568179E+03
3,96	-1,199310E+06	1,115646E+02	5,264140E+01	5,568179E+03
3,965	-1,199310E+06	1,108934E+02	5,295636E+01	5,568179E+03
3,97	-1,199310E+06	1,170230E+02	5,284958E+01	5,568179E+03
3,975	-1,199310E+06	1,197288E+02	5,227413E+01	5,568179E+03
3,98	-1,199310E+06	1,142848E+02	5,150342E+01	5,568179E+03
3,985	-1,199310E+06	1,135614E+02	5,091775E+01	5,568179E+03
3,99	-1,199310E+06	1,157605E+02	5,072012E+01	5,568179E+03
3,995	-1,199310E+06	1,159664E+02	5,065115E+01	5,568179E+03
4,0	-1,199310E+06	1,167958E+02	5,063506E+01	5,568179E+03
4,005	-1,199310E+06	1,164975E+02	5,091095E+01	5,568179E+03
4,01	-1,199310E+06	1,199049E+02	5,134690E+01	5,568179E+03
4,015	-1,199310E+06	1,182878E+02	5,211543E+01	5,568179E+03
4,02	-1,199310E+06	1,128179E+02	5,313520E+01	5,568179E+03
4,025	-1,199310E+06	1,247594E+02	5,364806E+01	5,568179E+03
4,03	-1,199310E+06	1,193656E+02	5,374575E+01	5,568179E+03
4,035	-1,199310E+06	1,196783E+02	5,329914E+01	5,568179E+03
4,04	-1,199310E+06	1,225867E+02	5,268973E+01	5,568179E+03
4,045	-1,199310E+06	1,166486E+02	5,213177E+01	5,568179E+03
4,05	-1,199310E+06	1,257238E+02	5,119638E+01	5,568179E+03
4,055	-1,199310E+06	1,232665E+02	5,020568E+01	5,568179E+03
4,06	-1,199310E+06	1,232697E+02	4,928616E+01	5,568179E+03
4,065	-1,199310E+06	1,247269E+02	4,902070E+01	5,568179E+03
4,07	-1,199310E+06	1,244903E+02	4,954353E+01	5,568179E+03
4,075	-1,199310E+06	1,249705E+02	5,018469E+01	5,568179E+03
4,08	-1,199310E+06	1,149303E+02	5,074235E+01	5,568179E+03
4,085	-1,199310E+06	1,189547E+02	5,110021E+01	5,568179E+03
4,09	-1,199310E+06	1,229691E+02	5,155987E+01	5,568179E+03
4,095	-1,199310E+06	1,224470E+02	5,212636E+01	5,568179E+03
4,1	-1,199310E+06	1,211611E+02	5,252597E+01	5,568179E+03
4,105	-1,199310E+06	1,178941E+02	5,259514E+01	5,568179E+03
4,11	-1,199310E+06	1,311025E+02	5,187868E+01	5,568179E+03
4,115	-1,199310E+06	1,254610E+02	5,104081E+01	5,568179E+03
4,12	-1,199310E+06	1,216318E+02	5,047571E+01	5,568179E+03
4,125	-1,199310E+06	1,259874E+02	5,007331E+01	5,568179E+03
4,13	-1,199310E+06	1,210487E+02	4,984082E+01	5,568179E+03
4,135	-1,199310E+06	1,279760E+02	4,933954E+01	5,568179E+03
4,14	-1,199310E+06	1,242569E+02	4,895174E+01	5,568179E+03
4,145	-1,199310E+06	1,209979E+02	4,918437E+01	5,568179E+03
4,15	-1,199310E+06	1,274469E+02	4,995975E+01	5,568179E+03
4,155	-1,199310E+06	1,275237E+02	5,101912E+01	5,568179E+03
4,16	-1,199310E+06	1,306212E+02	5,186892E+01	5,568179E+03
4,165	-1,199310E+06	1,335740E+02	5,229132E+01	5,568179E+03
4,17	-1,199310E+06	1,282021E+02	5,249531E+01	5,568179E+03
4,175	-1,199310E+06	1,248204E+02	5,258826E+01	5,568179E+03
4,18	-1,199310E+06	1,271925E+02	5,267651E+01	5,568179E+03
4,185	-1,199310E+06	1,324199E+02	5,267011E+01	5,568179E+03
4,19	-1,199310E+06	1,277359E+02	5,239287E+01	5,568179E+03
4,195	-1,199310E+06	1,271137E+02	5,174367E+01	5,568179E+03
4,2	-1,199310E+06	1,322642E+02	5,096838E+01	5,568179E+03
4,205	-1,199310E+06	1,312377E+02	5,040034E+01	5,568179E+03
4,21	-1,199310E+06	1,317299E+02	5,016287E+01	5,568179E+03
4,215	-1,199310E+06	1,315024E+02	5,015044E+01	5,568179E+03
4,22	-1,199310E+06	1,379869E+02	5,005856E+01	5,568179E+03
4,225	-1,199310E+06	1,389596E+02	5,002365E+01	5,568179E+03
4,23	-1,199309E+06	1,321811E+02	5,030195E+01	5,568179E+03
4,235	-1,199310E+06	1,343741E+02	5,106556E+01	5,568179E+03
4,24	-1,199310E+06	1,345340E+02	5,196500E+01	5,568179E+03
4,245	-1,199310E+06	1,356549E+02	5,215757E+01	5,568179E+03
4,25	-1,199309E+06	1,308034E+02	5,190602E+01	5,568179E+03
4,255	-1,199309E+06	1,290687E+02	5,167493E+01	5,568179E+03
4,26	-1,199310E+06	1,382395E+02	5,156364E+01	5,568179E+03
4,265	-1,199309E+06	1,294327E+02	5,165755E+01	5,568179E+03
4,27	-1,199309E+06	1,321913E+02	5,152088E+01	5,568179E+03
4,275	-1,199310E+06	1,459774E+02	5,121564E+01	5,568179E+03
4,28	-1,199310E+06	1,419568E+02	5,082621E+01	5,568179E+03
4,285	-1,199310E+06	1,395979E+02	5,051176E+01	5,568179E+03
4,29	-1,199310E+06	1,388717E+02	5,066735E+01	5,568179E+03
4,295	-1,199310E+06	1,357666E+02	5,074024E+01	5,568179E+03
4,3	-1,199310E+06	1,367611E+02	5,060559E+01	5,568179E+03
4,305	-1,199310E+06	1,401913E+02	5,066378E+01	5,568179E+03
4,31	-1,199309E+06	1,438997E+02	5,092622E+01	5,568179E+03
4,315	-1,199310E+06	1,485314E+02	5,150585E+01	5,568179E+03
4,32	-1,199310E+06	1,460686E+02	5,211615E+01	5,568179E+03
4,325	-1,199309E+06	1,405154E+02	5,233107E+01	5,568179E+03
4,33	-1,199310E+06	1,440887E+02	5,233755E+01	5,568179E+03
4,335	-1,199309E+06	1,409260E+02	5,216797E+01	5,568179E+03
4,34	-1,199309E+06	1,403818E+02	5,172298E+01	5,568179E+03
4,345	-1,199309E+06	1,418203E+02	5,143616E+01	5,568179E+03
4,35	-1,199309E+06	1,426694E+02	5,126826E+01	5,568179E+03
4,355	-1,199309E+06	1,444019E+02	5,102080E+01	5,568179E+03
4,36	-1,199309E+06	1,398073E+02	5,063576E+01	5,568179E+03
4,365	-1,199309E+06	1,406863E+02	5,011872E+01	5,568179E+03
4,37	-1,199309E+06	1,390822E+02	5,003770E+01	5,568179E+03
4,375	-1,199309E+06	1,477457E+02	5,034796E+01	5,568179E+03
4,38	-1,199309E+06	1,487219E+02	5,103899E+01	5,568179E+03
4,385	-1,199309E+06	1,438696E+02	5,179351E+01	5,568179E+03
4,39	-1,199309E+06	1,416600E+02	5,209665E+01	5,568179E+03
4,395	-1,199309E+06	1,348561E+02	5,238309E+01	5,568179E+03
4,4	-1,199310E+06	1,514312E+02	5,277034E+01	5,568179E+03
4,405	-1,199309E+06	1,522313E+02	5,310285E+01	5,568179E+03
4,41	-1,199309E+06	1,627800E+02	5,290985E+01	5,568179E+03
4,415	-1,199309E+06	1,666685E+02	5,223581E+01	5,568179E+03
4,42	-1,199309E+06	1,509303E+02	5,123810E+01	5,568179E+03
4,425	-1,199309E+06	1,527009E+02	5,045650E+01	5,568179E+03
4,43	-1,199309E+06	1,443281E+02	5,047242E+01	5,568179E+03
4,435	-1,199309E+06	1,536321E+02	5,043540E+01	5,568179E+03
4,44	-1,199309E+06	1,522994E+02	5,047739E+01	5,568179E+03
4,445	-1,199309E+06	1,496444E+02	5,081173E+01	5,568179E+03
4,45	-1,199310E+06	1,569003E+02	5,133707E+01	5,568179E+03
4,455	-1,199309E+06	1,498279E+02	5,217512E+01	5,568179E+03
4,46	-1,199309E+06	1,566747E+02	5,265665E+01	5,568179E+03
4,465	-1,199309E+06	1,530309E+02	5,286410E+01	5,568179E+03
4,47	-1,199309E+06	1,598017E+02	5,296704E+01	5,568179E+03
4,475	-1,199309E+06	1,659353E+02	5,286312E+01	5,568179E+03
4,48	-1,199309E+06	1,653650E+02	5,260598E+01	5,568179E+03
4,485	-1,199309E+06	1,647239E+02	5,242348E+01	5,568179E+03
4,49	-1,199309E+06	1,581642E+02	5,211767E+01	5,568179E+03
4,495	-1,199309E+06	1,660735E+02	5,149906E+01	5,568179E+03
4,5	-1,199309E+06	1,567213E+02	5,116906E+01	5,568179E+03
4,505	-1,199309E+06	1,602743E+02	5,090831E+01	5,568179E+03
4,51	-1,199309E+06	1,644950E+02	5,082778E+01	5,568179E+03
4,515	-1,199309E+06	1,528499E+02	5,085448E+01	5,568179E+03
4,52	-1,199309E+06	1,658810E+02	5,044778E+01	5,568179E+03
4,525	-1,199309E+06	1,663359E+02	5,033905E+01	5,568179E+03
4,53	-1,199309E+06	1,642261E+02	5,045635E+01	5,568179E+03
4,535	-1,199309E+06	1,646911E+02	5,072544E+01	5,568179E+03
4,54	-1,199309E+06	1,630592E+02	5,157411E+01	5,568179E+03
4,545	-1,199309E+06	1,670981E+02	5,249628E+01	5,568179E+03
4,55	-1,199309E+06	1,687749E+02	5,292544E+01	5,568179E+03
4,555	-1,199309E+06	1,679539E+02	5,293923E+01	5,568179E+03
4,56	-1,199309E+06	1,630404E+02	5,275504E+01	5,568179E+03
4,565	-1,199309E+06	1,690746E+02	5,237191E+01	5,568179E+03
4,57	-1,199309E+06	1,633122E+02	5,194757E+01	5,568179E+03
4,575	-1,199309E+06	1,691555E+02	5,091257E+01	5,568179E+03
4,58	-1,199309E+06	1,710727E+02	4,964885E+01	5,568179E+03
4,585	-1,199309E+06	1,644076E+02	4,895739E+01	5,568179E+03
4,59	-1,199309E+06	1,674075E+02	4,873807E+01	5,568179E+03
4,595	-1,199309E+06	1,654705E+02	4,904717E+01	5,568179E+03
4,6	-1,199309E+06	1,665571E+02	4,983887E+01	5,568179E+03
4,605	-1,199309E+06	1,752548E+02	5,064237E+01	5,568179E+03
4,61	-1,199309E+06	1,820721E+02	5,156609E+01	5,568179E+03
4,615	-1,199309E+06	1,823045E+02	5,269838E+01	5,568179E+03
4,62	-1,199309E+06	1,766073E+02	5,366256E+01	5,568179E+03
4,625	-1,199309E+06	1,745390E+02	5,427283E+01	5,568179E+03
4,63	-1,199309E+06	1,811361E+02	5,424724E+01	5,568179E+03
4,635	-1,199309E+06	1,850051E+02	5,363953E+01	5,568179E+03
4,64	-1,199309E+06	1,760837E+02	5,304144E+01	5,568179E+03
4,645	-1,199309E+06	1,807786E+02	5,239383E+01	5,568179E+03
4,65	-1,199309E+06	1,874236E+02	5,153945E+01	5,568179E+03
4,655	-1,199309E+06	1,782846E+02	5,080271E+01	5,568179E+03
4,66	-1,199309E+06	1,793561E+02	5,045212E+01	5,568179E+03
4,665	-1,199309E+06	1,808229E+02	5,090454E+01	5,568179E+03
4,67	-1,199309E+06	1,888002E+02	5,184518E+01	5,568179E+03
4,675	-1,199309E+06	1,850261E+02	5,275730E+01	5,568179E+03
4,68	-1,199309E+06	1,835879E+02	5,328287E+01	5,568179E+03
4,685	-1,199309E+06	1,855478E+02	5,349476E+01	5,568179E+03
4,69	-1,199309E+06	1,832300E+02	5,347013E+01	5,568179E+03
4,695	-1,199309E+06	1,856455E+02	5,324757E+01	5,568179E+03
4,7	-1,199308E+06	1,813722E+02	5,329018E+01	5,568179E+03
4,705	-1,199309E+06	1,873885E+02	5,336324E+01	5,568179E+03
4,71	-1,199308E+06	1,897716E+02	5,310066E+01	5,568179E+03
4,715	-1,199309E+06	1,972695E+02	5,261796E+01	5,568179E+03
4,72	-1,199308E+06	1,939480E+02	5,222328E+01	5,568179E+03
4,725	-1,199309E+06	1,922903E+02	5,200717E+01	5,568179E+03
4,73	-1,199309E+06	1,901363E+02	5,237203E+01	5,568179E+03
4,735	-1,199308E+06	1,847186E+02	5,286023E+01	5,568179E+03
4,74	-1,199309E+06	1,940542E+02	5,314615E+01	5,568179E+03
4,745	-1,199308E+06	1,933782E+02	5,345552E+01	5,568179E+03
4,75	-1,199308E+06	1,960598E+02	5,370288E+01	5,568179E+03
4,755	-1,199309E+06	2,005003E+02	5,414186E+01	5,568179E+03
4,76	-1,199308E+06	1,962641E+02	5,448626E+01	5,568179E+03
4,765	-1,199308E+06	2,015161E+02	5,441640E+01	5,568179E+03
4,77	-1,199308E+06	2,104436E+02	5,424649E+01	5,568179E+03
4,775	-1,199309E+06	2,134585E+02	5,398305E+01	5,568179E+03
4,78	-1,199308E+06	2,030037E+02	5,388025E+01	5,568179E+03
4,785	-1,199308E+06	2,045041E+02	5,403204E+01	5,568179E+03
4,79	-1,199308E+06	2,028410E+02	5,394707E+01	5,568179E+03
4,795	-1,199308E+06	2,046369E+02	5,327941E+01	5,568179E+03
4,8	-1,199308E+06	2,015619E+02	5,264627E+01	5,568179E+03
4,805	-1,199308E+06	1,977602E+02	5,219260E+01	5,568179E+03
4,81	-1,199308E+06	2,096309E+02	5,199647E+01	5,568179E+03
4,815	-1,199308E+06	2,120260E+02	5,234166E+01	5,568179E+03
4,82	-1,199308E+06	2,134859E+02	5,282646E+01	5,568179E+03
4,825	-1,199308E+06	2,135187E+02	5,321448E+01	5,568179E+03
4,83	-1,199308E+06	1,963668E+02	5,382228E+01	5,568179E+03
4,835	-1,199308E+06	1,931906E+02	5,471651E+01	5,568179E+03
4,84	-1,199308E+06	2,157985E+02	5,563039E+01	5,568179E+03
4,845	-1,199308E+06	2,174734E+02	5,660096E+01	5,568179E+03
4,85	-1,199308E+06	2,139235E+02	5,677871E+01	5,568179E+03
4,855	-1,199308E+06	2,185223E+02	5,573287E+01	5,568179E+03
4,86	-1,199308E+06	2,104289E+02	5,444610E+01	5,568179E+03
4,865	-1,199308E+06	2,098336E+02	5,330596E+01	5,568179E+03
4,87	-1,199308E+06	2,111830E+02	5,247868E+01	5,568179E+03
4,875	-1,199308E+06	2,122179E+02	5,217691E+01	5,568179E+03
4,88	-1,199308E+06	2,188864E+02	5,188093E+01	5,568179E+03
4,885	-1,199308E+06	2,231095E+02	5,166286E+01	5,568179E+03
4,89	-1,199308E+06	2,132539E+02	5,250030E+01	5,568179E+03
4,895	-1,199308E+06	2,122142E+02	5,375408E+01	5,568179E+03
4,9	-1,199308E+06	2,189328E+02	5,456767E+01	5,568179E+03
4,905	-1,199308E+06	2,159225E+02	5,506972E+01	5,568179E+03
4,91	-1,199308E+06	2,339554E+02	5,510350E+01	5,568179E+03
4,915	-1,199308E+06	2,465303E+02	5,521932E+01	5,568179E+03
4,92	-1,199308E+06	2,324775E+02	5,541074E+01	5,568179E+03
4,925	-1,199308E+06	2,246115E+02	5,472646E+01	5,568179E+03
4,93	-1,199308E+06	2,322470E+02	5,349005E+01	5,568179E+03
4,935	-1,199308E+06	2,259852E+02	5,255334E+01	5,568179E+03
4,94	-1,199308E+06	2,269898E+02	5,192922E+01	5,568179E+03
4,945	-1,199308E+06	2,410463E+02	5,183155E+01	5,568179E+03
4,95	-1,199307E+06	2,286122E+02	5,241828E+01	5,568179E+03
4,955	-1,199308E+06	2,322103E+02	5,293543E+01	5,568179E+03
4,96	-1,199308E+06	2,409593E+02	5,314360E+01	5,568179E+03
4,965	-1,199308E+06	2,341873E+02	5,314110E+01	5,568179E+03
4,97	-1,199308E+06	2,328618E+02	5,313548E+01	5,568179E+03
4,975	-1,199307E+06	2,365229E+02	5,364127E+01	5,568179E+03
4,98	-1,199308E+06	2,415401E+02	5,421765E+01	5,568179E+03
4,985	-1,199307E+06	2,367630E+02	5,397055E+01	5,568179E+03
4,99	-1,199308E+06	2,437701E+02	5,337795E+01	5,568179E+03
4,995	-1,199307E+06	2,364123E+02	5,311560E+01	5,568179E+03
5,0	-1,199307E+06	2,389596E+02	5,271768E+01	5,568179E+03
5,005	-1,199308E+06	2,538022E+02	5,271235E+01	5,568179E+03
5,01	-1,199307E+06	2,428548E+02	5,286955E+01	5,568179E+03
5,015	-1,199308E+06	2,657022E+02	5,218083E+01	5,568179E+03
5,02	-1,199307E+06	2,601452E+02	5,204193E+01	5,568179E+03
5,025	-1,199307E+06	2,565645E+02	5,181791E+01	5,568179E+03
5,03	-1,199308E+06	2,622170E+02	5,133294E+01	5,568179E+03
5,035	-1,199307E+06	2,482823E+02	5,158436E+01	5,568179E+03
5,04	-1,199307E+06	2,587247E+02	5,159794E+01	5,568179E+03
5,045	-1,199307E+06	2,658970E+02	5,131258E+01	5,568179E+03
5,05	-1,199307E+06	2,530024E+02	5,113448E+01	5,568179E+03
5,055	-1,199307E+06	2,479348E+02	5,120698E+01	5,568179E+03
5,06	-1,199307E+06	2,553391E+02	5,170545E+01	5,568179E+03
5,065	-1,199307E+06	2,518324E+02	5,184468E+01	5,568179E+03
5,07	-1,199307E+06	2,497589E+02	5,124620E+01	5,568179E+03
5,075	-1,199307E+06	2,530510E+02	5,045300E+01	5,568179E+03
5,08	-1,199307E+06	2,580090E+02	5,019668E+01	5,568179E+03
5,085	-1,199307E+06	2,690283E+02	5,061558E+01	5,568179E+03
5,09	-1,199307E+06	2,670739E+02	5,088096E+01	5,568179E+03
5,095	-1,199307E+06	2,732020E+02	5,091187E+01	5,568179E+03
5,1	-1,199307E+06	2,768150E+02	5,079699E+01	5,568179E+03
5,105	-1,199307E+06	2,803221E+02	5,025509E+01	5,568179E+03
5,11	-1,199307E+06	2,660775E+02	5,044936E+01	5,568179E+03
5,115	-1,199307E+06	2,742976E+02	5,022725E+01	5,568179E+03
5,12	-1,199308E+06	2,943874E+02	4,894838E+01	5,568179E+03
5,125	-1,199306E+06	2,665904E+02	4,830219E+01	5,568179E+03
5,13	-1,199307E+06	2,660853E+02	4,785215E+01	5,568179E+03
5,135	-1,199307E+06	2,792964E+02	4,827605E+01	5,568179E+03
5,14	-1,199307E+06	2,839507E+02	5,012174E+01	5,568179E+03
5,145	-1,199307E+06	2,953085E+02	5,182227E+01	5,568179E+03
5,15	-1,199307E+06	2,835430E+02	5,288117E+01	5,568179E+03
5,155	-1,199307E+06	2,714060E+02	5,313540E+01	5,568179E+03
5,16	-1,199306E+06	2,655988E+02	5,270461E+01	5,568179E+03
5,165	-1,199307E+06	2,810659E+02	5,214619E+01	5,568179E+03
5,17	-1,199307E+06	2,939377E+02	5,168118E+01	5,568179E+03
5,175	-1,199306E+06	2,885198E+02	5,065914E+01	5,568179E+03
5,18	-1,199307E+06	2,978425E+02	4,898670E+01	5,568179E+03
5,185	-1,199306E+06	2,880784E+02	4,798915E+01	5,568179E+03
5,19	-1,199306E+06	2,815835E+02	4,771283E+01	5,568179E+03
5,195	-1,199307E+06	2,871421E+02	4,826459E+01	5,568179E+03
5,2	-1,199306E+06	2,759294E+02	4,986093E+01	5,568179E+03
5,205	-1,199306E+06	3,116438E+02	5,111952E+01	5,568179E+03
5,21	-1,199307E+06	3,358278E+02	5,188256E+01	5,568179E+03
5,215	-1,199306E+06	3,142322E+02	5,178818E+01	5,568179E+03
5,22	-1,199306E+06	3,083046E+02	5,067864E+01	5,568179E+03
5,225	-1,199306E+06	2,955669E+02	4,975580E+01	5,568179E+03
5,23	-1,199306E+06	2,934525E+02	4,864717E+01	5,568179E+03
5,235	-1,199306E+06	2,970895E+02	4,753964E+01	5,568179E+03
5,24	-1,199306E+06	3,122497E+02	4,666836E+01	5,568179E+03
5,245	-1,199306E+06	3,109545E+02	4,626538E+01	5,568179E+03
5,25	-1,199306E+06	3,036681E+02	4,665123E+01	5,568179E+03
5,255	-1,199306E+06	3,167749E+02	4,760978E+01	5,568179E+03
5,26	-1,199306E+06	3,056401E+02	4,888684E+01	5,568179E+03
5,265	-1,199306E+06	3,136129E+02	4,953226E+01	5,568179E+03
5,27	-1,199306E+06	3,166079E+02	5,015731E+01	5,568179E+03
5,275	-1,199305E+06	3,083676E+02	5,110132E+01	5,568179E+03
5,28	-1,199306E+06	3,233439E+02	5,149080E+01	5,568179E+03
5,285	-1,199306E+06	3,038743E+02	5,181376E+01	5,568179E+03
5,29	-1,199306E+06	3,081977E+02	5,148822E+01	5,568179E+03
5,295	-1,199306E+06	3,366995E+02	5,042177E+01	5,568179E+03
5,3	-1,199306E+06	3,327680E+02	4,962566E+01	5,568179E+03
5,305	-1,199306E+06	3,412241E+02	4,829766E+01	5,568179E+03
5,31	-1,199306E+06	3,563912E+02	4,668097E+01	5,568179E+03
5,315	-1,199306E+06	3,379488E+02	4,578595E+01	5,568179E+03
5,32	-1,199305E+06	3,224179E+02	4,464992E+01	5,568179E+03
5,325	-1,199306E+06	3,320660E+02	4,379046E+01	5,568179E+03
5,33	-1,199305E+06	3,213989E+02	4,444502E+01	5,568179E+03
5,335	-1,199305E+06	3,260178E+02	4,530057E+01	5,568179E+03
5,34	-1,199306E+06	3,503854E+02	4,615831E+01	5,568179E+03
5,345	-1,199305E+06	3,343909E+02	4,750550E+01	5,568179E+03
5,35	-1,199306E+06	3,394764E+02	4,804183E+01	5,568179E+03
5,355	-1,199306E+06	3,385530E+02	4,859142E+01	5,568179E+03
5,36	-1,199305E+06	3,180229E+02	4,956312E+01	5,568179E+03
5,365	-1,199306E+06	3,430520E+02	4,992646E+01	5,568179E+03
5,37	-1,199306E+06	3,627422E+02	5,017619E+01	5,568179E+03
5,375	-1,199305E+06	3,695211E+02	4,993562E+01	5,568179E+03
5,38	-1,199306E+06	3,788845E+02	4,895850E+01	5,568179E+03
5,385	-1,199305E+06	3,639851E+02	4,785534E+01	5,568179E+03
5,39	-1,199305E+06	3,415182E+02	4,702562E+01	5,568179E+03
5,395	-1,199306E+06	3,572522E+02	4,665554E+01	5,568179E+03
5,4	-1,199306E+06	3,635684E+02	4,660130E+01	5,568179E+03
5,405	-1,199305E+06	3,395336E+02	4,621970E+01	5,568179E+03
5,41	-1,199305E+06	3,614878E+02	4,524145E+01	5,568179E+03
5,415	-1,199305E+06	3,635383E+02	4,525160E+01	5,568179E+03
5,42	-1,199304E+06	3,431302E+02	4,633412E+01	5,568179E+03
5,425	-1,199305E+06	3,718992E+02	4,696190E+01	5,568179E+03
5,43	-1,199305E+06	3,670843E+02	4,717162E+01	5,568179E+03
5,435	-1,199304E+06	3,556235E+02	4,690245E+01	5,568179E+03
5,44	-1,199305E+06	3,746852E+02	4,636105E+01	5,568179E+03
5,445	-1,199305E+06	3,546799E+02	4,642727E+01	5,568179E+03
5,45	-1,199304E+06	3,504206E+02	4,600908E+01	5,568179E+03
5,455	-1,199305E+06	3,718452E+02	4,511757E+01	5,568179E+03
5,46	-1,199304E+06	3,601068E+02	4,509014E+01	5,568179E+03
5,465	-1,199304E+06	3,753285E+02	4,545108E+01	5,568179E+03
5,47	-1,199305E+06	4,069436E+02	4,601401E+01	5,568179E+03
5,475	-1,199304E+06	3,841337E+02	4,682639E+01	5,568179E+03
5,48	-1,199304E+06	3,714263E+02	4,722851E+01	5,568179E+03
5,485	-1,199305E+06	3,801572E+02	4,762431E+01	5,568179E+03
5,49	-1,199304E+06	3,723606E+02	4,855166E+01	5,568179E+03
5,495	-1,199304E+06	3,781850E+02	4,963493E+01	5,568179E+03
5,5	-1,199304E+06	3,957865E+02	5,050888E+01	5,568179E+03
5,505	-1,199304E+06	4,089454E+02	5,089364E+01	5,568179E+03
5,51	-1,199304E+06	4,107797E+02	5,011716E+01	5,568179E+03
5,515	-1,199305E+06	4,305453E+02	4,818476E+01	5,568179E+03
5,52	-1,199304E+06	4,051351E+02	4,663644E+01	5,568179E+03
5,525	-1,199304E+06	3,939065E+02	4,541722E+01	5,568179E+03
5,53	-1,199305E+06	4,099879E+02	4,524179E+01	5,568179E+03
5,535	-1,199304E+06	3,991934E+02	4,583599E+01	5,568179E+03
5,54	-1,199304E+06	4,167944E+02	4,579687E+01	5,568179E+03
5,545	-1,199304E+06	4,146113E+02	4,644865E+01	5,568179E+03
5,55	-1,199303E+06	4,008608E+02	4,800501E+01	5,568179E+03
5,555	-1,199304E+06	4,230974E+02	4,940668E+01	5,568179E+03
5,56	-1,199304E+06	4,125923E+02	5,034397E+01	5,568179E+03
5,565	-1,199303E+06	4,010682E+02	5,007561E+01	5,568179E+03
5,57	-1,199305E+06	4,371441E+02	4,920636E+01	5,568179E+03
5,575	-1,199304E+06	4,330739E+02	4,868085E+01	5,568179E+03
5,58	-1,199304E+06	4,210882E+02	4,765604E+01	5,568179E+03
5,585	-1,199304E+06	4,222177E+02	4,673897E+01	5,568179E+03
5,59	-1,199304E+06	4,074171E+02	4,616106E+01	5,568179E+03
5,595	-1,199303E+06	3,960722E+02	4,557919E+01	5,568179E+03
5,6	-1,199304E+06	4,195165E+02	4,511149E+01	5,568179E+03
5,605	-1,199304E+06	4,373267E+02	4,476364E+01	5,568179E+03
5,61	-1,199303E+06	4,237355E+02	4,475506E+01	5,568179E+03
5,615	-1,199304E+06	4,264428E+02	4,489570E+01	5,568179E+03
5,62	-1,199303E+06	4,269408E+02	4,524995E+01	5,568179E+03
5,625	-1,199304E+06	4,410402E+02	4,494748E+01	5,568179E+03
5,63	-1,199304E+06	4,391509E+02	4,440849E+01	5,568179E+03
5,635	-1,199303E+06	4,221396E+02	4,507469E+01	5,568179E+03
5,64	-1,199303E+06	4,272933E+02	4,637124E+01	5,568179E+03
5,645	-1,199304E+06	4,424402E+02	4,698071E+01	5,568179E+03
5,65	-1,199303E+06	4,307132E+02	4,765395E+01	5,568179E+03
5,655	-1,199303E+06	4,458031E+02	4,872054E+01	5,568179E+03
5,66	-1,199304E+06	4,705204E+02	4,956657E+01	5,568179E+03
5,665	-1,199303E+06	4,681903E+02	5,036619E+01	5,568179E+03
5,67	-1,199303E+06	4,697007E+02	5,093290E+01	5,568179E+03
5,675	-1,199303E+06	4,730999E+02	5,083849E+01	5,568179E+03
5,68	-1,199303E+06	4,619827E+02	5,062226E+01	5,568179E+03
5,685	-1,199303E+06	4,574880E+02	5,018885E+01	5,568179E+03
5,69	-1,199304E+06	4,715797E+02	4,934558E+01	5,568179E+03
5,695	-1,199303E+06	4,486900E+02	4,984883E+01	5,568179E+03
5,7	-1,199303E+06	4,639878E+02	4,990606E+01	5,568179E+03
5,705	-1,199303E+06	4,556920E+02	4,869346E+01	5,568179E+03
5,71	-1,199303E+06	4,453571E+02	4,830980E+01	5,568179E+03
5,715	-1,199303E+06	4,713394E+02	4,858844E+01	5,568179E+03
5,72	-1,199303E+06	4,893683E+02	4,828905E+01	5,568179E+03
5,725	-1,199303E+06	4,771815E+02	4,856127E+01	5,568179E+03
5,73	-1,199302E+06	4,609999E+02	4,906955E+01	5,568179E+03
5,735	-1,199304E+06	5,103794E+02	4,880627E+01	5,568179E+03
5,74	-1,199303E+06	4,927266E+02	4,999809E+01	5,568179E+03
5,745	-1,199302E+06	4,911780E+02	5,114652E+01	5,568179E+03
5,75	-1,199304E+06	5,172167E+02	5,198319E+01	5,568179E+03
5,755	-1,199302E+06	4,785544E+02	5,334430E+01	5,568179E+03
5,76	-1,199303E+06	5,025842E+02	5,310169E+01	5,568179E+03
5,765	-1,199303E+06	4,897723E+02	5,321431E+01	5,568179E+03
5,77	-1,199302E+06	4,594942E+02	5,380922E+01	5,568179E+03
5,775	-1,199303E+06	4,983302E+02	5,292720E+01	5,568179E+03
5,78	-1,199303E+06	4,971693E+02	5,226586E+01	5,568179E+03
5,785	-1,199302E+06	4,714502E+02	5,202577E+01	5,568179E+03
5,79	-1,199303E+06	4,995092E+02	5,137606E+01	5,568179E+03
5,795	-1,199303E+06	5,031879E+02	5,183609E+01	5,568179E+03
5,8	-1,199301E+06	4,717078E+02	5,265130E+01	5,568179E+03
5,805	-1,199303E+06	5,201481E+02	5,254304E+01	5,568179E+03
5,81	-1,199302E+06	5,176125E+02	5,314370E+01	5,568179E+03
5,815	-1,199302E+06	4,998758E+02	5,295888E+01	5,568179E+03
5,82	-1,199302E+06	5,146047E+02	5,174436E+01	5,568179E+03
5,825	-1,199303E+06	5,302386E+02	5,077881E+01	5,568179E+03
5,83	-1,199302E+06	5,160881E+02	4,968955E+01	5,568179E+03
5,835	-1,199302E+06	4,901154E+02	4,800635E+01	5,568179E+03
5,84	-1,199302E+06	4,903611E+02	4,699801E+01	5,568179E+03
5,845	-1,199301E+06	4,953502E+02	4,719773E+01	5,568179E+03
5,85	-1,199303E+06	5,495770E+02	4,752614E+01	5,568179E+03
5,855	-1,199302E+06	5,315886E+02	4,958679E+01	5,568179E+03
5,86	-1,199301E+06	5,133829E+02	5,159566E+01	5,568179E+03
5,865	-1,199303E+06	5,431629E+02	5,230469E+01	5,568179E+03
5,87	-1,199301E+06	5,061617E+02	5,312880E+01	5,568179E+03
5,875	-1,199302E+06	5,227558E+02	5,257649E+01	5,568179E+03
5,88	-1,199302E+06	5,409813E+02	5,204206E+01	5,568179E+03
5,885	-1,199301E+06	5,165834E+02	5,162292E+01	5,568179E+03
5,89	-1,199302E+06	5,328000E+02	4,982814E+01	5,568179E+03
5,895	-1,199301E+06	5,062882E+02	4,894161E+01	5,568179E+03
5,9	-1,199302E+06	5,322243E+02	4,819588E+01	5,568179E+03
5,905	-1,199302E+06	5,473641E+02	4,762168E+01	5,568179E+03
5,91	-1,199301E+06	5,293479E+02	4,831229E+01	5,568179E+03
5,915	-1,199301E+06	5,516193E+02	4,974684E+01	5,568179E+03
5,92	-1,199302E+06	5,889189E+02	5,082368E+01	5,568179E+03
5,925	-1,199301E+06	5,643846E+02	5,101974E+01	5,568179E+03
5,93	-1,199302E+06	5,651379E+02	5,026231E+01	5,568179E+03
5,935	-1,199301E+06	5,490588E+02	5,015360E+01	5,568179E+03
5,94	-1,199301E+06	5,234679E+02	5,079725E+01	5,568179E+03
5,945	-1,199301E+06	5,322993E+02	5,150123E+01	5,568179E+03
5,95	-1,199302E+06	5,572832E+02	5,138269E+01	5,568179E+03
5,955	-1,199301E+06	5,362825E+02	5,151962E+01	5,568179E+03
5,96	-1,199301E+06	5,498598E+02	5,179472E+01	5,568179E+03
5,965	-1,199302E+06	5,801116E+02	5,164344E+01	5,568179E+03
5,97	-1,199301E+06	5,474746E+02	5,175965E+01	5,568179E+03
5,975	-1,199300E+06	5,544820E+02	5,138713E+01	5,568179E+03
5,98	-1,199302E+06	5,977786E+02	5,024721E+01	5,568179E+03
5,985	-1,199300E+06	5,632793E+02	4,952344E+01	5,568179E+03
5,99	-1,199301E+06	5,827660E+02	4,868562E+01	5,568179E+03
5,995	-1,199301E+06	5,847033E+02	4,835079E+01	5,568179E+03
6,0	-1,199300E+06	5,639892E+02	4,866870E+01	5,568179E+03
6,005	-1,199301E+06	5,881115E+02	4,927676E+01	5,568179E+03
6,01	-1,199300E+06	5,882242E+02	5,083783E+01	5,568179E+03
6,015	-1,199302E+06	6,114158E+02	5,228492E+01	5,568179E+03
6,02	-1,199300E+06	5,817164E+02	5,346367E+01	5,568179E+03
6,025	-1,199301E+06	6,109651E+02	5,434470E+01	5,568179E+03
6,03	-1,199301E+06	6,193292E+02	5,479448E+01	5,568179E+03
6,035	-1,199300E+06	5,679972E+02	5,335259E+01	5,568179E+03
6,04	-1,199301E+06	5,720924E+02	5,058243E+01	5,568179E+03
6,045	-1,199300E+06	5,687695E+02	4,917530E+01	5,568179E+03
6,05	-1,199301E+06	5,998677E+02	4,834197E+01	5,568179E+03
6,055	-1,199300E+06	5,838773E+02	4,779678E+01	5,568179E+03
6,06	-1,199300E+06	5,779946E+02	4,690534E+01	5,568179E+03
6,065	-1,199300E+06	5,796619E+02	4,606983E+01	5,568179E+03
6,07	-1,199300E+06	5,865888E+02	4,633625E+01	5,568179E+03
6,075	-1,199301E+06	6,163869E+02	4,775180E+01	5,568179E+03
6,08	-1,199300E+06	5,940080E+02	4,972121E+01	5,568179E+03
6,085	-1,199300E+06	5,938387E+02	5,131591E+01	5,568179E+03
6,09	-1,199300E+06	6,012776E+02	5,265455E+01	5,568179E+03
6,095	-1,199300E+06	5,998905E+02	5,301429E+01	5,568179E+03
6,1	-1,199299E+06	5,814175E+02	5,357886E+01	5,568179E+03
6,105	-1,199300E+06	6,216769E+02	5,442256E+01	5,568179E+03
6,11	-1,199301E+06	6,377224E+02	5,441531E+01	5,568179E+03
6,115	-1,199299E+06	5,997041E+02	5,348632E+01	5,568179E+03
6,12	-1,199300E+06	6,331160E+02	5,112290E+01	5,568179E+03
6,125	-1,199301E+06	6,404659E+02	4,778951E+01	5,568179E+03
6,13	-1,199299E+06	6,079074E+02	4,566492E+01	5,568179E+03
6,135	-1,199301E+06	6,295501E+02	4,474702E+01	5,568179E+03
6,14	-1,199299E+06	5,943169E+02	4,436622E+01	5,568179E+03
6,145	-1,199300E+06	6,056102E+02	4,348594E+01	5,568179E+03
6,15	-1,199300E+06	5,884497E+02	4,329258E+01	5,568179E+03
6,155	-1,199300E+06	5,878973E+02	4,455146E+01	5,568179E+03
6,16	-1,199300E+06	6,070579E+02	4,772514E+01	5,568179E+03
6,165	-1,199300E+06	6,379123E+02	4,971837E+01	5,568179E+03
6,17	-1,199301E+06	6,537286E+02	5,026119E+01	5,568179E+03
6,175	-1,199299E+06	6,098446E+02	5,155636E+01	5,568179E+03
6,18	-1,199300E+06	6,483797E+02	5,159223E+01	5,568179E+03
6,185	-1,199300E+06	6,427793E+02	5,192704E+01	5,568179E+03
6,19	-1,199299E+06	6,310913E+02	5,199561E+01	5,568179E+03
6,195	-1,199300E+06	6,670586E+02	5,063365E+01	5,568179E+03
6,2	-1,199300E+06	6,390878E+02	4,997167E+01	5,568179E+03
6,205	-1,199299E+06	6,112193E+02	4,915229E+01	5,568179E+03
6,21	-1,199300E+06	6,393456E+02	4,824484E+01	5,568179E+03
6,215	-1,199299E+06	6,285229E+02	4,894595E+01	5,568179E+03
6,22	-1,199299E+06	6,153795E+02	4,978994E+01	5,568179E+03
6,225	-1,199300E+06	6,391885E+02	5,024441E+01	5,568179E+03
6,23	-1,199299E+06	6,541157E+02	5,088366E+01	5,568179E+03
6,235	-1,199300E+06	6,598788E+02	5,077634E+01	5,568179E+03
6,24	-1,199299E+06	6,523422E+02	5,046177E+01	5,568179E+03
6,245	-1,199300E+06	6,575047E+02	5,084598E+01	5,568179E+03
6,25	-1,199300E+06	6,508510E+02	5,169771E+01	5,568179E+03
6,255	-1,199299E+06	6,392449E+02	5,245306E+01	5,568179E+03
6,26	-1,199300E+06	6,432875E+02	5,273370E+01	5,568179E+03
6,265	-1,199299E+06	6,140871E+02	5,261898E+01	5,568179E+03
6,27	-1,199300E+06	6,222763E+02	5,231747E+01	5,568179E+03
6,275	-1,199299E+06	6,216338E+02	5,334039E+01	5,568179E+03
6,28	-1,199299E+06	6,654553E+02	5,375287E+01	5,568179E+03
6,285	-1,199300E+06	6,884779E+02	5,301778E+01	5,568179E+03
6,29	-1,199299E+06	6,632619E+02	5,209155E+01	5,568179E+03
6,295	-1,199299E+06	6,632780E+02	5,139575E+01	5,568179E+03
6,3	-1,199299E+06	6,661132E+02	5,219914E+01	5,568179E+03
6,305	-1,199299E+06	6,699981E+02	5,223981E+01	5,568179E+03
6,31	-1,199299E+06	6,629501E+02	5,070043E+01	5,568179E+03
6,315	-1,199299E+06	6,535223E+02	4,890810E+01	5,568179E+03
6,32	-1,199299E+06	6,392238E+02	4,705987E+01	5,568179E+03
6,325	-1,199300E+06	6,366046E+02	4,695485E+01	5,568179E+03
6,33	-1,199298E+06	6,047945E+02	4,892055E+01	5,568179E+03
6,335	-1,199299E+06	6,360113E+02	4,993446E+01	5,568179E+03
6,34	-1,199299E+06	6,534936E+02	5,081889E+01	5,568179E+03
6,345	-1,199299E+06	6,648335E+02	5,184745E+01	5,568179E+03
6,35	-1,199299E+06	6,791008E+02	5,222254E+01	5,568179E+03
6,355	-1,199299E+06	6,690884E+02	5,276417E+01	5,568179E+03
6,36	-1,199299E+06	6,563923E+02	5,327540E+01	5,568179E+03
6,365	-1,199299E+06	6,764924E+02	5,199917E+01	5,568179E+03
6,37	-1,199299E+06	6,811956E+02	5,071915E+01	5,568179E+03
6,375	-1,199299E+06	6,827679E+02	5,024183E+01	5,568179E+03
6,38	-1,199299E+06	6,889177E+02	4,970644E+01	5,568179E+03
6,385	-1,199299E+06	6,867374E+02	4,980713E+01	5,568179E+03
6,39	-1,199298E+06	6,732314E+02	5,017131E+01	5,568179E+03
6,395	-1,199300E+06	7,154921E+02	4,956850E+01	5,568179E+03
6,4	-1,199299E+06	6,783949E+02	4,942777E+01	5,568179E+03
6,405	-1,199298E+06	6,553451E+02	4,923329E+01	5,568179E+03
6,41	-1,199300E+06	6,868789E+02	4,960288E+01	5,568179E+03
6,415	-1,199298E+06	6,569676E+02	5,070940E+01	5,568179E+03
6,42	-1,199299E+06	6,622211E+02	5,000245E+01	5,568179E+03
6,425	-1,199298E+06	6,602801E+02	4,896915E+01	5,568179E+03
6,43	-1,199299E+06	6,739570E+02	4,770381E+01	5,568179E+03
6,435	-1,199298E+06	6,366157E+02	4,598745E+01	5,568179E+03
6,44	-1,199299E+06	6,460079E+02	4,508098E+01	5,568179E+03
6,445	-1,199299E+06	6,700293E+02	4,559628E+01	5,568179E+03
6,45	-1,199298E+06	6,667941E+02	4,569806E+01	5,568179E+03
6,455	-1,199300E+06	6,920285E+02	4,610279E+01	5,568179E+03
6,46	-1,199298E+06	6,471996E+02	4,778697E+01	5,568179E+03
6,465	-1,199299E+06	6,555853E+02	4,814659E+01	5,568179E+03
6,47	-1,199298E+06	6,455436E+02	4,912926E+01	5,568179E+03
6,475	-1,199298E+06	6,750814E+02	5,023784E+01	5,568179E+03
6,48	-1,199300E+06	7,240098E+02	5,031460E+01	5,568179E+03
6,485	-1,199298E+06	7,144370E+02	5,054688E+01	5,568179E+03
6,49	-1,199300E+06	7,412017E+02	4,966171E+01	5,568179E+03
6,495	-1,199298E+06	6,685460E+02	4,803108E+01	5,568179E+03
6,5	-1,199299E+06	6,665896E+02	4,676486E+01	5,568179E+03
6,505	-1,199299E+06	6,555527E+02	4,702089E+01	5,568179E+03
6,51	-1,199298E+06	6,423613E+02	4,682624E+01	5,568179E+03
6,515	-1,199300E+06	6,866162E+02	4,678939E+01	5,568179E+03
6,52	-1,199297E+06	6,372680E+02	4,882406E+01	5,568179E+03
6,525	-1,199299E+06	6,922249E+02	5,025775E+01	5,568179E+03
6,53	-1,199299E+06	7,171928E+02	5,210435E+01	5,568179E+03
6,535	-1,199298E+06	6,947237E+02	5,329131E+01	5,568179E+03
6,54	-1,199300E+06	7,392418E+02	5,293930E+01	5,568179E+03
6,545	-1,199298E+06	6,909281E+02	5,360982E+01	5,568179E+03
6,55	-1,199298E+06	6,683353E+02	5,349054E+01	5,568179E+03
6,555	-1,199299E+06	6,875287E+02	5,236611E+01	5,568179E+03
6,56	-1,199299E+06	6,707707E+02	5,136857E+01	5,568179E+03
6,565	-1,199298E+06	6,480875E+02	5,030675E+01	5,568179E+03
6,57	-1,199299E+06	6,701495E+02	4,942835E+01	5,568179E+03
6,575	-1,199299E+06	6,657362E+02	4,920833E+01	5,568179E+03
6,58	-1,199297E+06	6,270621E+02	4,869261E+01	5,568179E+03
6,585	-1,199300E+06	6,703919E+02	4,719869E+01	5,568179E+03
6,59	-1,199298E+06	6,373071E+02	4,671790E+01	5,568179E+03
6,595	-1,199298E+06	6,403457E+02	4,602372E+01	5,568179E+03
6,6	-1,199300E+06	6,916330E+02	4,621631E+01	5,568179E+03
6,605	-1,199298E+06	6,686433E+02	4,749118E+01	5,568179E+03
6,61	-1,199298E+06	6,629515E+02	4,761426E+01	5,568179E+03
6,615	-1,199300E+06	6,832013E+02	4,809673E+01	5,568179E+03
6,62	-1,199298E+06	6,404879E+02	4,972417E+01	5,568179E+03
6,625	-1,199298E+06	6,621286E+02	5,034024E+01	5,568179E+03
6,63	-1,199300E+06	6,960861E+02	5,092869E+01	5,568179E+03
6,635	-1,199297E+06	6,403740E+02	5,222898E+01	5,568179E+03
6,64	-1,199299E+06	6,789023E+02	5,150576E+01	5,568179E+03
6,645	-1,199299E+06	6,778347E+02	5,037153E+01	5,568179E+03
6,65	-1,199297E+06	6,373180E+02	5,019221E+01	5,568179E+03
6,655	-1,199300E+06	7,052097E+02	4,991889E+01	5,568179E+03
6,66	-1,199299E+06	7,019674E+02	5,054708E+01	5,568179E+03
6,665	-1,199297E+06	6,645163E+02	5,094252E+01	5,568179E+03
6,67	-1,199300E+06	7,069066E+02	4,976504E+01	5,568179E+03
6,675	-1,199298E+06	6,593492E+02	4,893609E+01	5,568179E+03
6,68	-1,199298E+06	6,522780E+02	4,845323E+01	5,568179E+03
6,685	-1,199299E+06	7,118983E+02	4,825026E+01	5,568179E+03
6,69	-1,199300E+06	7,232308E+02	4,899200E+01	5,568179E+03
6,695	-1,199298E+06	6,644246E+02	4,904244E+01	5,568179E+03
6,7	-1,199300E+06	6,735682E+02	4,651933E+01	5,568179E+03
6,705	-1,199299E+06	6,326001E+02	4,532096E+01	5,568179E+03
6,71	-1,199298E+06	6,009796E+02	4,501429E+01	5,568179E+03
6,715	-1,199299E+06	6,242301E+02	4,498822E+01	5,568179E+03
6,72	-1,199299E+06	6,382645E+02	4,656974E+01	5,568179E+03
6,725	-1,199299E+06	6,625038E+02	4,803152E+01	5,568179E+03
6,73	-1,199299E+06	6,731050E+02	4,909462E+01	5,568179E+03
6,735	-1,199299E+06	6,721611E+02	5,091570E+01	5,568179E+03
6,74	-1,199299E+06	6,634547E+02	5,183493E+01	5,568179E+03
6,745	-1,199299E+06	6,459328E+02	5,142626E+01	5,568179E+03
6,75	-1,199299E+06	6,346965E+02	5,172893E+01	5,568179E+03
6,755	-1,199299E+06	6,358382E+02	5,133738E+01	5,568179E+03
6,76	-1,199300E+06	6,493546E+02	5,003905E+01	5,568179E+03
6,765	-1,199299E+06	6,413917E+02	4,977131E+01	5,568179E+03
6,77	-1,199299E+06	6,700989E+02	4,917744E+01	5,568179E+03
6,775	-1,199300E+06	6,976428E+02	4,802656E+01	5,568179E+03
6,78	-1,199298E+06	6,287291E+02	4,741854E+01	5,568179E+03
6,785	-1,199300E+06	6,382999E+02	4,637973E+01	5,568179E+03
6,79	-1,199299E+06	6,387007E+02	4,658598E+01	5,568179E+03
6,795	-1,199299E+06	6,279236E+02	4,838366E+01	5,568179E+03
6,8	-1,199300E+06	6,304325E+02	4,996723E+01	5,568179E+03
6,805	-1,199299E+06	6,329847E+02	5,170575E+01	5,568179E+03
6,81	-1,199301E+06	6,850286E+02	5,371911E+01	5,568179E+03
6,815	-1,199299E+06	6,499584E+02	5,512798E+01	5,568179E+03
6,82	-1,199299E+06	6,636574E+02	5,526843E+01	5,568179E+03
6,825	-1,199300E+06	6,719637E+02	5,530488E+01	5,568179E+03
6,83	-1,199298E+06	6,344069E+02	5,447141E+01	5,568179E+03
6,835	-1,199301E+06	6,610512E+02	5,315238E+01	5,568179E+03
6,84	-1,199298E+06	6,410325E+02	5,313048E+01	5,568179E+03
6,845	-1,199301E+06	6,810722E+02	5,132124E+01	5,568179E+03
6,85	-1,199299E+06	6,321321E+02	4,914098E+01	5,568179E+03
6,855	-1,199299E+06	6,024018E+02	4,739036E+01	5,568179E+03
6,86	-1,199300E+06	6,089074E+02	4,615369E+01	5,568179E+03
6,865	-1,199300E+06	6,149840E+02	4,543259E+01	5,568179E+03
6,87	-1,199300E+06	6,314133E+02	4,564375E+01	5,568179E+03
6,875	-1,199299E+06	6,285081E+02	4,781270E+01	5,568179E+03
6,88	-1,199300E+06	6,441535E+02	4,999358E+01	5,568179E+03
6,885	-1,199300E+06	6,180632E+02	5,167331E+01	5,568179E+03
6,89	-1,199299E+06	5,962680E+02	5,388904E+01	5,568179E+03
6,895	-1,199300E+06	6,365993E+02	5,515317E+01	5,568179E+03
6,9	-1,199300E+06	6,450021E+02	5,578893E+01	5,568179E+03
6,905	-1,199300E+06	6,421372E+02	5,544563E+01	5,568179E+03
6,91	-1,199299E+06	6,080187E+02	5,382289E+01	5,568179E+03
6,915	-1,199301E+06	6,282119E+02	5,198436E+01	5,568179E+03
6,92	-1,199300E+06	6,182371E+02	5,134649E+01	5,568179E+03
6,925	-1,199300E+06	6,103683E+02	5,031013E+01	5,568179E+03
6,93	-1,199300E+06	6,094810E+02	4,928566E+01	5,568179E+03
6,935	-1,199300E+06	5,953772E+02	4,892540E+01	5,568179E+03
6,94	-1,199300E+06	5,959906E+02	4,815991E+01	5,568179E+03
6,945	-1,199300E+06	5,956454E+02	4,789627E+01	5,568179E+03
6,95	-1,199301E+06	6,068581E+02	4,872391E+01	5,568179E+03
6,955	-1,199300E+06	5,841850E+02	5,027402E+01	5,568179E+03
6,96	-1,199300E+06	6,021997E+02	5,132131E+01	5,568179E+03
6,965	-1,199300E+06	6,178467E+02	5,179324E+01	5,568179E+03
6,97	-1,199300E+06	6,298243E+02	5,167308E+01	5,568179E+03
6,975	-1,199301E+06	6,420737E+02	5,094456E+01	5,568179E+03
6,98	-1,199300E+06	6,054743E+02	5,026945E+01	5,568179E+03
6,985	-1,199300E+06	5,989696E+02	4,953234E+01	5,568179E+03
6,99	-1,199301E+06	6,114810E+02	4,862502E+01	5,568179E+03
6,995	-1,199300E+06	5,929284E+02	4,803643E+01	5,568179E+03
7,0	-1,199301E+06	5,894840E+02	4,761725E+01	5,568179E+03
7,005	-1,199300E+06	5,811128E+02	4,729377E+01	5,568179E+03
7,01	-1,199301E+06	5,956637E+02	4,691077E+01	5,568179E+03
7,015	-1,199300E+06	5,849150E+02	4,719497E+01	5,568179E+03
7,02	-1,199301E+06	6,124804E+02	4,681035E+01	5,568179E+03
7,025	-1,199301E+06	6,184129E+02	4,632037E+01	5,568179E+03
7,03	-1,199300E+06	5,845355E+02	4,618168E+01	5,568179E+03
7,035	-1,199301E+06	5,822475E+02	4,584496E+01	5,568179E+03
7,04	-1,199301E+06	5,760069E+02	4,572468E+01	5,568179E+03
7,045	-1,199300E+06	5,502675E+02	4,597198E+01	5,568179E+03
7,05	-1,199302E+06	5,920374E+02	4,568863E+01	5,568179E+03
7,055	-1,199300E+06	5,494504E+02	4,562763E+01	5,568179E+03
7,06	-1,199301E+06	5,599779E+02	4,488681E+01	5,568179E+03
7,065	-1,199300E+06	5,549842E+02	4,504138E+01	5,568179E+03
7,07	-1,199300E+06	5,736760E+02	4,569023E+01	5,568179E+03
7,075	-1,199302E+06	6,125340E+02	4,604959E+01	5,568179E+03
7,08	-1,199300E+06	5,449660E+02	4,614303E+01	5,568179E+03
7,085	-1,199301E+06	5,390765E+02	4,526254E+01	5,568179E+03
7,09	-1,199301E+06	5,691937E+02	4,536005E+01	5,568179E+03
7,095	-1,199301E+06	5,701147E+02	4,664204E+01	5,568179E+03
7,1	-1,199302E+06	5,728748E+02	4,770729E+01	5,568179E+03
7,105	-1,199300E+06	5,519183E+02	4,825591E+01	5,568179E+03
7,11	-1,199302E+06	5,623630E+02	4,767808E+01	5,568179E+03
7,115	-1,199300E+06	5,338094E+02	4,755748E+01	5,568179E+03
7,12	-1,199301E+06	5,494584E+02	4,787604E+01	5,568179E+03
7,125	-1,199301E+06	5,501407E+02	4,841477E+01	5,568179E+03
7,13	-1,199301E+06	5,398502E+02	4,858554E+01	5,568179E+03
7,135	-1,199301E+06	5,508468E+02	4,807748E+01	5,568179E+03
7,14	-1,199301E+06	5,495627E+02	4,739407E+01	5,568179E+03
7,145	-1,199301E+06	5,512575E+02	4,617816E+01	5,568179E+03
7,15	-1,199302E+06	5,437208E+02	4,520186E+01	5,568179E+03
7,155	-1,199300E+06	5,080628E+02	4,560742E+01	5,568179E+03
7,16	-1,199301E+06	5,401953E+02	4,622724E+01	5,568179E+03
7,165	-1,199302E+06	5,716114E+02	4,699972E+01	5,568179E+03
7,17	-1,199301E+06	5,391034E+02	4,718933E+01	5,568179E+03
7,175	-1,199301E+06	5,317888E+02	4,657177E+01	5,568179E+03
7,18	-1,199302E+06	5,356330E+02	4,700141E+01	5,568179E+03
7,185	-1,199301E+06	5,102003E+02	4,820042E+01	5,568179E+03
7,19	-1,199302E+06	5,189516E+02	4,886192E+01	5,568179E+03
7,195	-1,199302E+06	5,302232E+02	5,005689E+01	5,568179E+03
7,2	-1,199302E+06	5,358880E+02	5,161370E+01	5,568179E+03
7,205	-1,199302E+06	5,446685E+02	5,253095E+01	5,568179E+03
7,21	-1,199302E+06	5,449220E+02	5,288207E+01	5,568179E+03
7,215	-1,199301E+06	5,012689E+02	5,262884E+01	5,568179E+03
7,22	-1,199302E+06	5,238156E+02	5,058640E+01	5,568179E+03
7,225	-1,199302E+06	5,288910E+02	4,854260E+01	5,568179E+03
7,23	-1,199301E+06	5,031531E+02	4,712111E+01	5,568179E+03
7,235	-1,199303E+06	5,129300E+02	4,580342E+01	5,568179E+03
7,24	-1,199302E+06	4,855098E+02	4,499569E+01	5,568179E+03
7,245	-1,199302E+06	5,103797E+02	4,357146E+01	5,568179E+03
7,25	-1,199303E+06	5,276936E+02	4,315942E+01	5,568179E+03
7,255	-1,199302E+06	4,947015E+02	4,430943E+01	5,568179E+03
7,26	-1,199302E+06	4,924172E+02	4,566984E+01	5,568179E+03
7,265	-1,199302E+06	4,946607E+02	4,730210E+01	5,568179E+03
7,27	-1,199302E+06	4,901654E+02	4,809936E+01	5,568179E+03
7,275	-1,199302E+06	4,953974E+02	4,818156E+01	5,568179E+03
7,28	-1,199302E+06	4,922480E+02	4,861201E+01	5,568179E+03
7,285	-1,199303E+06	4,824309E+02	4,848753E+01	5,568179E+03
7,29	-1,199302E+06	4,675084E+02	4,789843E+01	5,568179E+03
7,295	-1,199302E+06	4,680624E+02	4,735505E+01	5,568179E+03
7,3	-1,199302E+06	4,769261E+02	4,602916E+01	5,568179E+03
7,305	-1,199303E+06	4,850035E+02	4,448013E+01	5,568179E+03
7,31	-1,199302E+06	4,687745E+02	4,376162E+01	5,568179E+03
7,315	-1,199302E+06	4,662643E+02	4,352518E+01	5,568179E+03
7,32	-1,199303E+06	4,688401E+02	4,418773E+01	5,568179E+03
7,325	-1,199302E+06	4,530027E+02	4,552339E+01	5,568179E+03
7,33	-1,199303E+06	4,812069E+02	4,627574E+01	5,568179E+03
7,335	-1,199303E+06	4,748950E+02	4,750269E+01	5,568179E+03
7,34	-1,199302E+06	4,655709E+02	4,911428E+01	5,568179E+03
7,345	-1,199303E+06	4,931476E+02	5,074294E+01	5,568179E+03
7,35	-1,199303E+06	4,884467E+02	5,230974E+01	5,568179E+03
7,355	-1,199303E+06	4,731092E+02	5,264233E+01	5,568179E+03
7,36	-1,199302E+06	4,561064E+02	5,193576E+01	5,568179E+03
7,365	-1,199303E+06	4,706264E+02	5,086986E+01	5,568179E+03
7,37	-1,199303E+06	4,595129E+02	4,974257E+01	5,568179E+03
7,375	-1,199303E+06	4,545061E+02	4,794521E+01	5,568179E+03
7,38	-1,199303E+06	4,499808E+02	4,608105E+01	5,568179E+03
7,385	-1,199302E+06	4,318288E+02	4,468569E+01	5,568179E+03
7,39	-1,199304E+06	4,743931E+02	4,332546E+01	5,568179E+03
7,395	-1,199303E+06	4,569005E+02	4,341635E+01	5,568179E+03
7,4	-1,199303E+06	4,419353E+02	4,443600E+01	5,568179E+03
7,405	-1,199304E+06	4,735665E+02	4,540799E+01	5,568179E+03
7,41	-1,199303E+06	4,282009E+02	4,668650E+01	5,568179E+03
7,415	-1,199303E+06	4,164306E+02	4,751797E+01	5,568179E+03
7,42	-1,199304E+06	4,468512E+02	4,852846E+01	5,568179E+03
7,425	-1,199303E+06	4,592836E+02	4,952677E+01	5,568179E+03
7,43	-1,199303E+06	4,578970E+02	4,960201E+01	5,568179E+03
7,435	-1,199303E+06	4,531138E+02	4,902138E+01	5,568179E+03
7,44	-1,199304E+06	4,372706E+02	4,845760E+01	5,568179E+03
7,445	-1,199303E+06	4,195089E+02	4,778824E+01	5,568179E+03
7,45	-1,199304E+06	4,506489E+02	4,701196E+01	5,568179E+03
7,455	-1,199304E+06	4,431773E+02	4,666385E+01	5,568179E+03
7,46	-1,199303E+06	4,297466E+02	4,561329E+01	5,568179E+03
7,465	-1,199304E+06	4,304063E+02	4,421139E+01	5,568179E+03
7,47	-1,199303E+06	3,911137E+02	4,390208E+01	5,568179E+03
7,475	-1,199304E+06	4,005679E+02	4,398464E+01	5,568179E+03
7,48	-1,199304E+06	4,148433E+02	4,485873E+01	5,568179E+03
7,485	-1,199304E+06	4,036843E+02	4,581887E+01	5,568179E+03
7,49	-1,199304E+06	3,942806E+02	4,585852E+01	5,568179E+03
7,495	-1,199303E+06	3,957219E+02	4,624139E+01	5,568179E+03
7,5	-1,199304E+06	4,271816E+02	4,687402E+01	5,568179E+03
7,505	-1,199304E+06	4,227989E+02	4,751578E+01	5,568179E+03
7,51	-1,199304E+06	4,169329E+02	4,780629E+01	5,568179E+03
7,515	-1,199304E+06	4,116388E+02	4,744780E+01	5,568179E+03
7,52	-1,199304E+06	3,835576E+02	4,655787E+01	5,568179E+03
7,525	-1,199304E+06	3,813605E+02	4,518276E+01	5,568179E+03
7,53	-1,199304E+06	3,990401E+02	4,431345E+01	5,568179E+03
7,535	-1,199304E+06	3,993548E+02	4,425113E+01	5,568179E+03
7,54	-1,199304E+06	3,950748E+02	4,448078E+01	5,568179E+03
7,545	-1,199304E+06	3,844310E+02	4,524138E+01	5,568179E+03
7,55	-1,199304E+06	3,873604E+02	4,577200E+01	5,568179E+03
7,555	-1,199304E+06	4,000727E+02	4,602760E+01	5,568179E+03
7,56	-1,199305E+06	4,018897E+02	4,706717E+01	5,568179E+03
7,565	-1,199304E+06	3,795602E+02	4,836763E+01	5,568179E+03
7,57	-1,199304E+06	3,741739E+02	4,897046E+01	5,568179E+03
7,575	-1,199305E+06	3,713341E+02	4,927522E+01	5,568179E+03
7,58	-1,199304E+06	3,646859E+02	4,874904E+01	5,568179E+03
7,585	-1,199305E+06	3,778546E+02	4,828717E+01	5,568179E+03
7,59	-1,199305E+06	3,888270E+02	4,901401E+01	5,568179E+03
7,595	-1,199305E+06	3,860662E+02	4,943779E+01	5,568179E+03
7,6	-1,199305E+06	3,724168E+02	4,935982E+01	5,568179E+03
7,605	-1,199304E+06	3,575177E+02	4,926659E+01	5,568179E+03
7,61	-1,199305E+06	3,715316E+02	4,866317E+01	5,568179E+03
7,615	-1,199305E+06	3,701022E+02	4,866031E+01	5,568179E+03
7,62	-1,199304E+06	3,611754E+02	4,928055E+01	5,568179E+03
7,625	-1,199305E+06	3,797371E+02	4,923488E+01	5,568179E+03
7,63	-1,199305E+06	3,801415E+02	4,912046E+01	5,568179E+03
7,635	-1,199305E+06	3,604921E+02	4,950628E+01	5,568179E+03
7,64	-1,199305E+06	3,618125E+02	5,016216E+01	5,568179E+03
7,645	-1,199306E+06	3,811736E+02	5,102561E+01	5,568179E+03
7,65	-1,199305E+06	3,604575E+02	5,163923E+01	5,568179E+03
7,655	-1,199305E+06	3,646939E+02	5,127673E+01	5,568179E+03
7,66	-1,199306E+06	3,564648E+02	5,100002E+01	5,568179E+03
7,665	-1,199305E+06	3,200580E+02	5,097148E+01	5,568179E+03
7,67	-1,199305E+06	3,355402E+02	5,088923E+01	5,568179E+03
7,675	-1,199305E+06	3,435642E+02	5,113902E+01	5,568179E+03
7,68	-1,199305E+06	3,573873E+02	5,082005E+01	5,568179E+03
7,685	-1,199306E+06	3,664425E+02	5,012941E+01	5,568179E+03
7,69	-1,199305E+06	3,514468E+02	4,928812E+01	5,568179E+03
7,695	-1,199306E+06	3,533923E+02	4,820630E+01	5,568179E+03
7,7	-1,199305E+06	3,427121E+02	4,824468E+01	5,568179E+03
7,705	-1,199306E+06	3,279752E+02	4,923920E+01	5,568179E+03
7,71	-1,199305E+06	3,163033E+02	5,000914E+01	5,568179E+03
7,715	-1,199306E+06	3,320215E+02	5,017217E+01	5,568179E+03
7,72	-1,199306E+06	3,375923E+02	5,067836E+01	5,568179E+03
7,725	-1,199306E+06	3,320735E+02	5,163927E+01	5,568179E+03
7,73	-1,199306E+06	3,352710E+02	5,234089E+01	5,568179E+03
7,735	-1,199305E+06	3,307700E+02	5,279249E+01	5,568179E+03
7,74	-1,199306E+06	3,428492E+02	5,249158E+01	5,568179E+03
7,745	-1,199306E+06	3,397356E+02	5,195315E+01	5,568179E+03
7,75	-1,199305E+06	3,201495E+02	5,215117E+01	5,568179E+03
7,755	-1,199306E+06	3,341599E+02	5,233693E+01	5,568179E+03
7,76	-1,199306E+06	3,321876E+02	5,264494E+01	5,568179E+03
7,765	-1,199305E+06	3,138904E+02	5,309728E+01	5,568179E+03
7,77	-1,199306E+06	3,228182E+02	5,266405E+01	5,568179E+03
7,775	-1,199306E+06	3,051462E+02	5,241009E+01	5,568179E+03
7,78	-1,199305E+06	2,983774E+02	5,267272E+01	5,568179E+03
7,785	-1,199306E+06	3,228530E+02	5,280790E+01	5,568179E+03
7,79	-1,199306E+06	3,134485E+02	5,281803E+01	5,568179E+03
7,795	-1,199306E+06	3,073361E+02	5,195318E+01	5,568179E+03
7,8	-1,199306E+06	3,035358E+02	5,104331E+01	5,568179E+03
7,805	-1,199306E+06	3,096555E+02	5,101570E+01	5,568179E+03
7,81	-1,199306E+06	3,092223E+02	5,147931E+01	5,568179E+03
7,815	-1,199306E+06	3,057022E+02	5,185635E+01	5,568179E+03
7,82	-1,199306E+06	3,005337E+02	5,181276E+01	5,568179E+03
7,825	-1,199306E+06	2,946391E+02	5,132874E+01	5,568179E+03
7,83	-1,199306E+06	3,036974E+02	5,108714E+01	5,568179E+03
7,835	-1,199306E+06	2,907263E+02	5,155144E+01	5,568179E+03
7,84	-1,199306E+06	2,930950E+02	5,208596E+01	5,568179E+03
7,845	-1,199306E+06	2,886489E+02	5,274174E+01	5,568179E+03
7,85	-1,199306E+06	2,841537E+02	5,306020E+01	5,568179E+03
7,855	-1,199307E+06	3,012516E+02	5,284300E+01	5,568179E+03
7,86	-1,199306E+06	2,924287E+02	5,298784E+01	5,568179E+03
7,865	-1,199306E+06	2,914222E+02	5,347959E+01	5,568179E+03
7,87	-1,199306E+06	2,930084E+02	5,447603E+01	5,568179E+03
7,875	-1,199306E+06	2,960590E+02	5,541442E+01	5,568179E+03
7,88	-1,199307E+06	2,983724E+02	5,523363E+01	5,568179E+03
7,885	-1,199306E+06	2,869779E+02	5,451835E+01	5,568179E+03
7,89	-1,199306E+06	2,797290E+02	5,424095E+01	5,568179E+03
7,895	-1,199306E+06	2,844094E+02	5,441031E+01	5,568179E+03
7,9	-1,199307E+06	2,972390E+02	5,452246E+01	5,568179E+03
7,905	-1,199306E+06	2,867541E+02	5,440493E+01	5,568179E+03
7,91	-1,199306E+06	2,775534E+02	5,400369E+01	5,568179E+03
7,915	-1,199307E+06	2,758731E+02	5,397117E+01	5,568179E+03
7,92	-1,199306E+06	2,813017E+02	5,444855E+01	5,568179E+03
7,925	-1,199307E+06	2,904455E+02	5,425434E+01	5,568179E+03
7,93	-1,199306E+06	2,690629E+02	5,353701E+01	5,568179E+03
7,935	-1,199307E+06	2,676124E+02	5,248126E+01	5,568179E+03
7,94	-1,199307E+06	2,705794E+02	5,142889E+01	5,568179E+03
7,945	-1,199306E+06	2,541116E+02	5,128791E+01	5,568179E+03
7,95	-1,199307E+06	2,642570E+02	5,146786E+01	5,568179E+03
7,955	-1,199307E+06	2,705896E+02	5,165449E+01	5,568179E+03
7,96	-1,199307E+06	2,593383E+02	5,188749E+01	5,568179E+03
7,965	-1,199307E+06	2,621981E+02	5,193562E+01	5,568179E+03
7,97	-1,199307E+06	2,733478E+02	5,214259E+01	5,568179E+03
7,975	-1,199307E+06	2,743777E+02	5,248169E+01	5,568179E+03
7,98	-1,199307E+06	2,692691E+02	5,242922E+01	5,568179E+03
7,985	-1,199307E+06	2,638117E+02	5,213592E+01	5,568179E+03
7,99	-1,199307E+06	2,613507E+02	5,153195E+01	5,568179E+03
7,995	-1,199307E+06	2,544138E+02	5,065601E+01	5,568179E+03
8,0	-1,199307E+06	2,519981E+02	5,050211E+01	5,568179E+03
8,005	-1,199307E+06	2,545807E+02	5,107665E+01	5,568179E+03
8,01	-1,199307E+06	2,639923E+02	5,123416E+01	5,568179E+03
8,015	-1,199307E+06	2,611965E+02	5,110572E+01	5,568179E+03
8,02	-1,199307E+06	2,465458E+02	5,068743E+01	5,568179E+03
8,025	-1,199307E+06	2,531270E+02	4,993651E+01	5,568179E+03
8,03	-1,199307E+06	2,362852E+02	5,001570E+01	5,568179E+03
8,035	-1,199307E+06	2,295241E+02	5,043203E+01	5,568179E+03
8,04	-1,199308E+06	2,567650E+02	5,078552E+01	5,568179E+03
8,045	-1,199307E+06	2,426502E+02	5,141375E+01	5,568179E+03
8,05	-1,199307E+06	2,427723E+02	5,137307E+01	5,568179E+03
8,055	-1,199307E+06	2,417082E+02	5,164456E+01	5,568179E+03
8,06	-1,199307E+06	2,481041E+02	5,204070E+01	5,568179E+03
8,065	-1,199308E+06	2,541833E+02	5,188848E+01	5,568179E+03
8,07	-1,199307E+06	2,360536E+02	5,180983E+01	5,568179E+03
8,075	-1,199308E+06	2,449991E+02	5,127741E+01	5,568179E+03
8,08	-1,199307E+06	2,405385E+02	5,080827E+01	5,568179E+03
8,085	-1,199307E+06	2,371313E+02	5,058936E+01	5,568179E+03
8,09	-1,199308E+06	2,414977E+02	5,026875E+01	5,568179E+03
8,095	-1,199307E+06	2,299735E+02	4,993737E+01	5,568179E+03
8,1	-1,199307E+06	2,257610E+02	4,938031E+01	5,568179E+03
8,105	-1,199307E+06	2,225786E+02	4,936716E+01	5,568179E+03
8,11	-1,199308E+06	2,260107E+02	5,035186E+01	5,568179E+03
8,115	-1,199307E+06	2,219374E+02	5,178185E+01	5,568179E+03
8,12	-1,199307E+06	2,275308E+02	5,313647E+01	5,568179E+03
8,125	-1,199308E+06	2,466749E+02	5,411520E+01	5,568179E+03
8,13	-1,199308E+06	2,431506E+02	5,453214E+01	5,568179E+03
8,135	-1,199307E+06	2,394050E+02	5,468947E+01	5,568179E+03
8,14	-1,199308E+06	2,512940E+02	5,462371E+01	5,568179E+03
8,145	-1,199308E+06	2,310114E+02	5,418481E+01	5,568179E+03
8,15	-1,199308E+06	2,262716E+02	5,318424E+01	5,568179E+03
8,155	-1,199308E+06	2,257754E+02	5,206838E+01	5,568179E+03
8,16	-1,199307E+06	2,110693E+02	5,122431E+01	5,568179E+03
8,165	-1,199308E+06	2,191758E+02	5,067341E+01	5,568179E+03
8,17	-1,199308E+06	2,144915E+02	5,079449E+01	5,568179E+03
8,175	-1,199308E+06	2,144482E+02	5,118082E+01	5,568179E+03
8,18	-1,199308E+06	2,220106E+02	5,170484E+01	5,568179E+03
8,185	-1,199308E+06	2,183358E+02	5,247648E+01	5,568179E+03
8,19	-1,199308E+06	2,155795E+02	5,310579E+01	5,568179E+03
8,195	-1,199308E+06	2,110772E+02	5,363200E+01	5,568179E+03
8,2	-1,199308E+06	2,096455E+02	5,401551E+01	5,568179E+03
8,205	-1,199308E+06	2,103419E+02	5,423181E+01	5,568179E+03
8,21	-1,199308E+06	2,224329E+02	5,426160E+01	5,568179E+03
8,215	-1,199308E+06	2,283349E+02	5,434299E+01	5,568179E+03
8,22	-1,199308E+06	2,188427E+02	5,435125E+01	5,568179E+03
8,225	-1,199308E+06	2,040233E+02	5,398820E+01	5,568179E+03
8,23	-1,199308E+06	1,908226E+02	5,368008E+01	5,568179E+03
8,235	-1,199308E+06	1,947501E+02	5,335943E+01	5,568179E+03
8,24	-1,199309E+06	2,129457E+02	5,279092E+01	5,568179E+03
8,245	-1,199308E+06	2,062207E+02	5,242984E+01	5,568179E+03
8,25	-1,199308E+06	2,091276E+02	5,201330E+01	5,568179E+03
8,255	-1,199309E+06	2,108370E+02	5,200282E+01	5,568179E+03
8,26	-1,199308E+06	1,988102E+02	5,253322E+01	5,568179E+03
8,265	-1,199309E+06	2,069583E+02	5,295124E+01	5,568179E+03
8,27	-1,199308E+06	1,989231E+02	5,361324E+01	5,568179E+03
8,275	-1,199308E+06	1,988158E+02	5,418244E+01	5,568179E+03
8,28	-1,199308E+06	2,026643E+02	5,455173E+01	5,568179E+03
8,285	-1,199308E+06	2,018790E+02	5,465470E+01	5,568179E+03
8,29	-1,199309E+06	2,053675E+02	5,415356E+01	5,568179E+03
8,295	-1,199308E+06	1,966282E+02	5,350501E+01	5,568179E+03
8,3	-1,199309E+06	1,947128E+02	5,309572E+01	5,568179E+03
8,305	-1,199309E+06	1,924963E+02	5,307169E+01	5,568179E+03
8,31	-1,199309E+06	1,881767E+02	5,322215E+01	5,568179E+03
8,315	-1,199308E+06	1,776764E+02	5,336052E+01	5,568179E+03
8,32	-1,199308E+06	1,786406E+02	5,316225E+01	5,568179E+03
8,325	-1,199309E+06	1,935203E+02	5,270924E+01	5,568179E+03
8,33	-1,199309E+06	1,932840E+02	5,250873E+01	5,568179E+03
8,335	-1,199309E+06	1,960993E+02	5,210170E+01	5,568179E+03
8,34	-1,199309E+06	1,893420E+02	5,161277E+01	5,568179E+03
8,345	-1,199308E+06	1,827666E+02	5,149297E+01	5,568179E+03
8,35	-1,199309E+06	1,898515E+02	5,149076E+01	5,568179E+03
8,355	-1,199308E+06	1,780685E+02	5,201802E+01	5,568179E+03
8,36	-1,199309E+06	1,777700E+02	5,285912E+01	5,568179E+03
8,365	-1,199309E+06	1,892990E+02	5,327859E+01	5,568179E+03
8,37	-1,199309E+06	1,854614E+02	5,306926E+01	5,568179E+03
8,375	-1,199308E+06	1,778338E+02	5,224948E+01	5,568179E+03
8,38	-1,199309E+06	1,848787E+02	5,132570E+01	5,568179E+03
8,385	-1,199309E+06	1,785310E+02	5,137100E+01	5,568179E+03
8,39	-1,199308E+06	1,708063E+02	5,211442E+01	5,568179E+03
8,395	-1,199309E+06	1,800139E+02	5,268403E+01	5,568179E+03
8,4	-1,199309E+06	1,802317E+02	5,321549E+01	5,568179E+03
8,405	-1,199309E+06	1,883392E+02	5,354921E+01	5,568179E+03
8,41	-1,199309E+06	1,907152E+02	5,374639E+01	5,568179E+03
8,415	-1,199309E+06	1,833207E+02	5,390148E+01	5,568179E+03
8,42	-1,199309E+06	1,863082E+02	5,352018E+01	5,568179E+03
8,425	-1,199309E+06	1,783408E+02	5,285924E+01	5,568179E+03
8,43	-1,199309E+06	1,765026E+02	5,238291E+01	5,568179E+03
8,435	-1,199309E+06	1,847965E+02	5,210475E+01	5,568179E+03
8,44	-1,199309E+06	1,871168E+02	5,193544E+01	5,568179E+03
8,445	-1,199309E+06	1,810362E+02	5,179165E+01	5,568179E+03
8,45	-1,199309E+06	1,694783E+02	5,149565E+01	5,568179E+03
8,455	-1,199309E+06	1,671233E+02	5,132525E+01	5,568179E+03
8,46	-1,199309E+06	1,635142E+02	5,160919E+01	5,568179E+03
8,465	-1,199309E+06	1,683040E+02	5,196104E+01	5,568179E+03
8,47	-1,199309E+06	1,656691E+02	5,278515E+01	5,568179E+03
8,475	-1,199308E+06	1,624471E+02	5,368681E+01	5,568179E+03
8,48	-1,199309E+06	1,777709E+02	5,359399E+01	5,568179E+03
8,485	-1,199309E+06	1,667619E+02	5,321123E+01	5,568179E+03
8,49	-1,199309E+06	1,642556E+02	5,268740E+01	5,568179E+03
8,495	-1,199309E+06	1,732091E+02	5,212319E+01	5,568179E+03
8,5	-1,199308E+06	1,600217E+02	5,194312E+01	5,568179E+03
8,505	-1,199309E+06	1,602303E+02	5,130070E+01	5,568179E+03
8,51	-1,199309E+06	1,561200E+02	5,058293E+01	5,568179E+03
8,515	-1,199309E+06	1,599749E+02	5,031767E+01	5,568179E+03
8,52	-1,199309E+06	1,697005E+02	5,020672E+01	5,568179E+03
8,525	-1,199309E+06	1,747970E+02	5,036930E+01	5,568179E+03
8,53	-1,199309E+06	1,726102E+02	5,068073E+01	5,568179E+03
8,535	-1,199309E+06	1,620777E+02	5,047743E+01	5,568179E+03
8,54	-1,199309E+06	1,549140E+02	4,996654E+01	5,568179E+03
8,545	-1,199309E+06	1,524560E+02	4,982181E+01	5,568179E+03
8,55	-1,199309E+06	1,644223E+02	4,993647E+01	5,568179E+03
8,555	-1,199309E+06	1,639760E+02	5,026493E+01	5,568179E+03
8,56	-1,199309E+06	1,564199E+02	5,060240E+01	5,568179E+03
8,565	-1,199309E+06	1,650558E+02	5,063038E+01	5,568179E+03
8,57	-1,199309E+06	1,650785E+02	5,088775E+01	5,568179E+03
8,575	-1,199309E+06	1,516847E+02	5,166852E+01	5,568179E+03
8,58	-1,199309E+06	1,582123E+02	5,243942E+01	5,568179E+03
8,585	-1,199309E+06	1,647956E+02	5,297306E+01	5,568179E+03
8,59	-1,199309E+06	1,538824E+02	5,275282E+01	5,568179E+03
8,595	-1,199309E+06	1,600370E+02	5,166356E+01	5,568179E+03
8,6	-1,199309E+06	1,488493E+02	5,072825E+01	5,568179E+03
8,605	-1,199309E+06	1,473919E+02	4,986029E+01	5,568179E+03
8,61	-1,199309E+06	1,557961E+02	4,931516E+01	5,568179E+03
8,615	-1,199309E+06	1,466027E+02	4,919061E+01	5,568179E+03
8,62	-1,199309E+06	1,548411E+02	4,884897E+01	5,568179E+03
8,625	-1,199309E+06	1,428542E+02	4,902042E+01	5,568179E+03
8,63	-1,199309E+06	1,403389E+02	4,958828E+01	5,568179E+03
8,635	-1,199309E+06	1,528905E+02	5,025857E+01	5,568179E+03
8,64	-1,199309E+06	1,524007E+02	5,103774E+01	5,568179E+03
8,645	-1,199309E+06	1,527494E+02	5,131526E+01	5,568179E+03
8,65	-1,199309E+06	1,461833E+02	5,119344E+01	5,568179E+03
8,655	-1,199309E+06	1,483317E+02	5,108104E+01	5,568179E+03
8,66	-1,199309E+06	1,460979E+02	5,116397E+01	5,568179E+03
8,665	-1,199309E+06	1,460071E+02	5,120563E+01	5,568179E+03
8,67	-1,199309E+06	1,450067E+02	5,106706E+01	5,568179E+03
8,675	-1,199309E+06	1,430160E+02	5,072701E+01	5,568179E+03
8,68	-1,199309E+06	1,513517E+02	5,031888E+01	5,568179E+03
8,685	-1,199309E+06	1,488873E+02	5,019944E+01	5,568179E+03
8,69	-1,199309E+06	1,472388E+02	5,032595E+01	5,568179E+03
8,695	-1,199309E+06	1,453918E+02	5,078645E+01	5,568179E+03
8,7	-1,199309E+06	1,456288E+02	5,139508E+01	5,568179E+03
8,705	-1,199309E+06	1,526973E+02	5,179443E+01	5,568179E+03
8,71	-1,199309E+06	1,510913E+02	5,205331E+01	5,568179E+03
8,715	-1,199309E+06	1,418315E+02	5,227517E+01	5,568179E+03
8,72	-1,199309E+06	1,456835E+02	5,245000E+01	5,568179E+03
8,725	-1,199309E+06	1,445620E+02	5,254129E+01	5,568179E+03
8,73	-1,199309E+06	1,335791E+02	5,238120E+01	5,568179E+03
8,735	-1,199309E+06	1,392426E+02	5,229828E+01	5,568179E+03
8,74	-1,199309E+06	1,408103E+02	5,285801E+01	5,568179E+03
8,745	-1,199309E+06	1,408647E+02	5,364648E+01	5,568179E+03
8,75	-1,199309E+06	1,426505E+02	5,424383E+01	5,568179E+03
8,755	-1,199309E+06	1,401134E+02	5,445910E+01	5,568179E+03
8,76	-1,199309E+06	1,406262E+02	5,401969E+01	5,568179E+03
8,765	-1,199309E+06	1,341275E+02	5,335382E+01	5,568179E+03
8,77	-1,199309E+06	1,278749E+02	5,282345E+01	5,568179E+03
8,775	-1,199309E+06	1,308176E+02	5,225147E+01	5,568179E+03
8,78	-1,199309E+06	1,268636E+02	5,179560E+01	5,568179E+03
8,785	-1,199309E+06	1,301483E+02	5,142554E+01	5,568179E+03
8,79	-1,199309E+06	1,407640E+02	5,119603E+01	5,568179E+03
8,795	-1,199309E+06	1,368440E+02	5,139402E+01	5,568179E+03
8,8	-1,199309E+06	1,361654E+02	5,163698E+01	5,568179E+03
8,805	-1,199309E+06	1,368071E+02	5,165154E+01	5,568179E+03
8,81	-1,199309E+06	1,342940E+02	5,150223E+01	5,568179E+03
8,815	-1,199309E+06	1,396312E+02	5,123029E+01	5,568179E+03
8,82	-1,199309E+06	1,388526E+02	5,102653E+01	5,568179E+03
8,825	-1,199309E+06	1,287314E+02	5,118862E+01	5,568179E+03
8,83	-1,199309E+06	1,295717E+02	5,171327E+01	5,568179E+03
8,835	-1,199310E+06	1,339626E+02	5,224700E+01	5,568179E+03
8,84	-1,199309E+06	1,315259E+02	5,255079E+01	5,568179E+03
8,845	-1,199309E+06	1,310864E+02	5,254395E+01	5,568179E+03
8,85	-1,199310E+06	1,296736E+02	5,230644E+01	5,568179E+03
8,855	-1,199309E+06	1,217509E+02	5,231976E+01	5,568179E+03
8,86	-1,199310E+06	1,305843E+02	5,240051E+01	5,568179E+03
8,865	-1,199309E+06	1,336431E+02	5,239036E+01	5,568179E+03
8,87	-1,199309E+06	1,327669E+02	5,218603E+01	5,568179E+03
8,875	-1,199310E+06	1,377047E+02	5,168677E+01	5,568179E+03
8,88	-1,199309E+06	1,346327E+02	5,134250E+01	5,568179E+03
8,885	-1,199309E+06	1,317730E+02	5,112426E+01	5,568179E+03
8,89	-1,199310E+06	1,268106E+02	5,068883E+01	5,568179E+03
8,895	-1,199309E+06	1,173848E+02	5,035017E+01	5,568179E+03
8,9	-1,199309E+06	1,248284E+02	5,029114E+01	5,568179E+03
8,905	-1,199310E+06	1,333816E+02	5,048426E+01	5,568179E+03
8,91	-1,199309E+06	1,279391E+02	5,096008E+01	5,568179E+03
8,915	-1,199310E+06	1,286726E+02	5,135976E+01	5,568179E+03
8,92	-1,199310E+06	1,284177E+02	5,156104E+01	5,568179E+03
8,925	-1,199310E+06	1,236526E+02	5,176106E+01	5,568179E+03
8,93	-1,199309E+06	1,231934E+02	5,199219E+01	5,568179E+03
8,935	-1,199310E+06	1,292007E+02	5,217391E+01	5,568179E+03
8,94	-1,199310E+06	1,242950E+02	5,223757E+01	5,568179E+03
8,945	-1,199309E+06	1,205727E+02	5,175528E+01	5,568179E+03
8,95	-1,199310E+06	1,252214E+02	5,088843E+01	5,568179E+03
8,955	-1,199309E+06	1,235896E+02	5,032687E+01	5,568179E+03
8,96	-1,199310E+06	1,287478E+02	4,997749E+01	5,568179E+03
8,965	-1,199310E+06	1,252792E+02	4,958832E+01	5,568179E+03
8,97	-1,199309E+06	1,198517E+02	4,911051E+01	5,568179E+03
8,975	-1,199310E+06	1,194280E+02	4,868322E+01	5,568179E+03
8,98	-1,199309E+06	1,134431E+02	4,856140E+01	5,568179E+03
8,985	-1,199310E+06	1,180657E+02	4,884644E+01	5,568179E+03
8,99	-1,199310E+06	1,179421E+02	4,946896E+01	5,568179E+03
8,995	-1,199310E+06	1,154960E+02	5,006488E+01	5,568179E+03
9,0	-1,199310E+06	1,146456E+02	5,060488E+01	5,568179E+03
9,005	-1,199310E+06	1,167128E+02	5,105100E+01	5,568179E+03
9,01	-1,199310E+06	1,205732E+02	5,139723E+01	5,568179E+03
9,015	-1,199310E+06	1,189143E+02	5,189474E+01	5,568179E+03
9,02	-1,199310E+06	1,167421E+02	5,237234E+01	5,568179E+03
9,025	-1,199310E+06	1,166565E+02	5,256462E+01	5,568179E+03
9,03	-1,199310E+06	1,148279E+02	5,266839E+01	5,568179E+03
9,035	-1,199310E+06	1,140121E+02	5,275487E+01	5,568179E+03
9,04	-1,199310E+06	1,292148E+02	5,263316E+01	5,568179E+03
9,045	-1,199310E+06	1,289737E+02	5,242138E+01	5,568179E+03
9,05	-1,199310E+06	1,184064E+02	5,192370E+01	5,568179E+03
9,055	-1,199310E+06	1,208595E+02	5,124761E+01	5,568179E+03
9,06	-1,199310E+06	1,148736E+02	5,084986E+01	5,568179E+03
9,065	-1,199310E+06	1,159668E+02	5,054828E+01	5,568179E+03
9,07	-1,199310E+06	1,210091E+02	5,052243E+01	5,568179E+03
9,075	-1,199310E+06	1,169781E+02	5,074100E+01	5,568179E+03
9,08	-1,199310E+06	1,069080E+02	5,083151E+01	5,568179E+03
9,085	-1,199310E+06	1,051133E+02	5,101751E+01	5,568179E+03
9,09	-1,199310E+06	1,088089E+02	5,157363E+01	5,568179E+03
9,095	-1,199310E+06	1,122896E+02	5,236142E+01	5,568179E+03
9,1	-1,199310E+06	1,214753E+02	5,318671E+01	5,568179E+03
9,105	-1,199310E+06	1,120916E+02	5,391811E+01	5,568179E+03
9,11	-1,199310E+06	1,143718E+02	5,413615E+01	5,568179E+03
9,115	-1,199310E+06	1,229281E+02	5,406523E+01	5,568179E+03
9,12	-1,199310E+06	1,191279E+02	5,382735E+01	5,568179E+03
9,125	-1,199310E+06	1,239447E+02	5,328306E+01	5,568179E+03
9,13	-1,199310E+06	1,119386E+02	5,287324E+01	5,568179E+03
9,135	-1,199310E+06	1,052600E+02	5,238517E+01	5,568179E+03
9,14	-1,199310E+06	1,121016E+02	5,188803E+01	5,568179E+03
9,145	-1,199310E+06	1,058764E+02	5,172465E+01	5,568179E+03
9,15	-1,199310E+06	1,084366E+02	5,167051E+01	5,568179E+03
9,155	-1,199310E+06	1,136548E+02	5,186135E+01	5,568179E+03
9,16	-1,199310E+06	1,146982E+02	5,201018E+01	5,568179E+03
9,165	-1,199310E+06	1,118293E+02	5,193641E+01	5,568179E+03
9,17	-1,199310E+06	1,070856E+02	5,200680E+01	5,568179E+03
9,175	-1,199310E+06	1,082700E+02	5,243683E+01	5,568179E+03
9,18	-1,199310E+06	1,110624E+02	5,321073E+01	5,568179E+03
9,185	-1,199310E+06	1,132799E+02	5,390942E+01	5,568179E+03
9,19	-1,199310E+06	1,136991E+02	5,421341E+01	5,568179E+03
9,195	-1,199310E+06	1,101254E+02	5,408881E+01	5,568179E+03
9,2	-1,199310E+06	1,101848E+02	5,362614E+01	5,568179E+03
9,205	-1,199310E+06	1,035995E+02	5,330178E+01	5,568179E+03
9,21	-1,199310E+06	1,060484E+02	5,319823E+01	5,568179E+03
9,215	-1,199310E+06	1,090147E+02	5,324130E+01	5,568179E+03
9,22	-1,199310E+06	1,044301E+02	5,316837E+01	5,568179E+03
9,225	-1,199310E+06	1,138119E+02	5,284163E+01	5,568179E+03
9,23	-1,199310E+06	1,114743E+02	5,284014E+01	5,568179E+03
9,235	-1,199310E+06	1,099476E+02	5,298163E+01	5,568179E+03
9,24	-1,199310E+06	1,089061E+02	5,304588E+01	5,568179E+03
9,245	-1,199310E+06	1,056927E+02	5,283575E+01	5,568179E+03
9,25	-1,199310E+06	1,080183E+02	5,219860E+01	5,568179E+03
9,255	-1,199310E+06	9,883888E+01	5,186246E+01	5,568179E+03
9,26	-1,199310E+06	1,026320E+02	5,208155E+01	5,568179E+03
9,265	-1,199310E+06	1,131734E+02	5,267667E+01	5,568179E+03
9,27	-1,199310E+06	1,101623E+02	5,329422E+01	5,568179E+03
9,275	-1,199310E+06	1,134286E+02	5,337251E+01	5,568179E+03
9,28	-1,199310E+06	1,123830E+02	5,316436E+01	5,568179E+03
9,285	-1,199310E+06	1,042487E+02	5,313719E+01	5,568179E+03
9,29	-1,199310E+06	1,061407E+02	5,343247E+01	5,568179E+03
9,295	-1,199310E+06	1,065916E+02	5,391182E+01	5,568179E+03
9,3	-1,199310E+06	1,071111E+02	5,409372E+01	5,568179E+03
9,305	-1,199310E+06	1,054478E+02	5,404445E+01	5,568179E+03
9,31	-1,199310E+06	1,019979E+02	5,390846E+01	5,568179E+03
9,315	-1,199310E+06	1,047751E+02	5,377248E+01	5,568179E+03
9,32	-1,199310E+06	1,019587E+02	5,377709E+01	5,568179E+03
9,325	-1,199310E+06	1,017117E+02	5,357707E+01	5,568179E+03
9,33	-1,199310E+06	1,013371E+02	5,318179E+01	5,568179E+03
9,335	-1,199310E+06	1,081284E+02	5,271319E+01	5,568179E+03
9,34	-1,199310E+06	1,109510E+02	5,247860E+01	5,568179E+03
9,345	-1,199310E+06	1,056573E+02	5,259793E+01	5,568179E+03
9,35	-1,199310E+06	1,107097E+02	5,265414E+01	5,568179E+03
9,355	-1,199310E+06	1,060602E+02	5,263222E+01	5,568179E+03
9,36	-1,199310E+06	1,021944E+02	5,240834E+01	5,568179E+03
9,365	-1,199310E+06	1,015765E+02	5,212619E+01	5,568179E+03
9,37	-1,199310E+06	1,016111E+02	5,222111E+01	5,568179E+03
9,375	-1,199310E+06	1,105004E+02	5,249455E+01	5,568179E+03
9,38	-1,199310E+06	1,064465E+02	5,282530E+01	5,568179E+03
9,385	-1,199310E+06	9,995940E+01	5,309922E+01	5,568179E+03
9,39	-1,199310E+06	1,003361E+02	5,319554E+01	5,568179E+03
9,395	-1,199310E+06	1,019208E+02	5,346559E+01	5,568179E+03
9,4	-1,199310E+06	1,055253E+02	5,407032E+01	5,568179E+03
9,405	-1,199310E+06	1,097238E+02	5,452727E+01	5,568179E+03
9,41	-1,199310E+06	1,081438E+02	5,463677E+01	5,568179E+03
9,415	-1,199310E+06	1,022309E+02	5,433938E+01	5,568179E+03
9,42	-1,199310E+06	9,968154E+01	5,356440E+01	5,568179E+03
9,425	-1,199310E+06	1,006275E+02	5,287394E+01	5,568179E+03
9,43	-1,199310E+06	1,015499E+02	5,244278E+01	5,568179E+03
9,435	-1,199310E+06	1,003716E+02	5,200054E+01	5,568179E+03
9,44	-1,199310E+06	1,051799E+02	5,165672E+01	5,568179E+03
9,445	-1,199310E+06	1,021376E+02	5,141535E+01	5,568179E+03
9,45	-1,199310E+06	9,694750E+01	5,138479E+01	5,568179E+03
9,455	-1,199310E+06	9,960506E+01	5,202893E+01	5,568179E+03
9,46	-1,199310E+06	1,017666E+02	5,291712E+01	5,568179E+03
9,465	-1,199310E+06	1,037317E+02	5,345182E+01	5,568179E+03
9,47	-1,199310E+06	9,938961E+01	5,374679E+01	5,568179E+03
9,475	-1,199310E+06	1,027294E+02	5,370004E+01	5,568179E+03
9,48	-1,199310E+06	1,019517E+02	5,362873E+01	5,568179E+03
9,485	-1,199310E+06	1,002387E+02	5,363647E+01	5,568179E+03
9,49	-1,199310E+06	1,007785E+02	5,349102E+01	5,568179E+03
9,495	-1,199310E+06	9,563507E+01	5,323028E+01	5,568179E+03
9,5	-1,199310E+06	9,501822E+01	5,274136E+01	5,568179E+03
9,505	-1,199310E+06	9,453253E+01	5,218728E+01	5,568179E+03
9,51	-1,199310E+06	9,729790E+01	5,185477E+01	5,568179E+03
9,515	-1,199310E+06	9,906808E+01	5,169283E+01	5,568179E+03
9,52	-1,199310E+06	1,027456E+02	5,146464E+01	5,568179E+03
9,525	-1,199310E+06	1,052018E+02	5,125795E+01	5,568179E+03
9,53	-1,199310E+06	1,035019E+02	5,131378E+01	5,568179E+03
9,535	-1,199310E+06	1,027817E+02	5,164279E+01	5,568179E+03
9,54	-1,199310E+06	9,600333E+01	5,214748E+01	5,568179E+03
9,545	-1,199310E+06	9,531434E+01	5,266082E+01	5,568179E+03
9,55	-1,199310E+06	1,007444E+02	5,304751E+01	5,568179E+03
9,555	-1,199310E+06	9,833218E+01	5,329057E+01	5,568179E+03
9,56	-1,199310E+06	9,705088E+01	5,352614E+01	5,568179E+03
9,565	-1,199310E+06	1,005236E+02	5,381820E+01	5,568179E+03
9,57	-1,199310E+06	9,609448E+01	5,402652E+01	5,568179E+03
9,575	-1,199310E+06	9,712713E+01	5,396129E+01	5,568179E+03
9,58	-1,199310E+06	1,036348E+02	5,362551E+01	5,568179E+03
9,585	-1,199310E+06	9,791300E+01	5,323494E+01	5,568179E+03
9,59	-1,199310E+06	9,596830E+01	5,289488E+01	5,568179E+03
9,595	-1,199310E+06	1,026095E+02	5,263421E+01	5,568179E+03
9,6	-1,199310E+06	1,022855E+02	5,244531E+01	5,568179E+03
9,605	-1,199310E+06	9,766594E+01	5,227057E+01	5,568179E+03
9,61	-1,199310E+06	9,838973E+01	5,224113E+01	5,568179E+03
9,615	-1,199310E+06	9,916023E+01	5,248721E+01	5,568179E+03
9,62	-1,199310E+06	9,617018E+01	5,296244E+01	5,568179E+03
9,625	-1,199310E+06	9,490505E+01	5,352053E+01	5,568179E+03
9,63	-1,199310E+06	9,991235E+01	5,390454E+01	5,568179E+03
9,635	-1,199310E+06	1,067444E+02	5,393630E+01	5,568179E+03
9,64	-1,199310E+06	1,037325E+02	5,383818E+01	5,568179E+03
9,645	-1,199310E+06	1,000532E+02	5,389235E+01	5,568179E+03
9,65	-1,199310E+06	9,590859E+01	5,388936E+01	5,568179E+03
9,655	-1,199310E+06	9,579517E+01	5,353019E+01	5,568179E+03
9,66	-1,199310E+06	9,521343E+01	5,317445E+01	5,568179E+03
9,665	-1,199310E+06	1,026098E+02	5,295865E+01	5,568179E+03
9,67	-1,199310E+06	1,092765E+02	5,292455E+01	5,568179E+03
9,675	-1,199310E+06	9,765297E+01	5,308728E+01	5,568179E+03
9,68	-1,199310E+06	9,505631E+01	5,306819E+01	5,568179E+03
9,685	-1,199310E+06	9,645749E+01	5,302676E+01	5,568179E+03
9,69	-1,199310E+06	1,009675E+02	5,299694E+01	5,568179E+03
9,695	-1,199310E+06	1,015152E+02	5,304121E+01	5,568179E+03
9,7	-1,199310E+06	9,462921E+01	5,353708E+01	5,568179E+03
9,705	-1,199310E+06	9,478909E+01	5,416218E+01	5,568179E+03
9,71	-1,199310E+06	9,250478E+01	5,451770E+01	5,568179E+03
9,715	-1,199310E+06	9,724459E+01	5,460752E+01	5,568179E+03
9,72	-1,199310E+06	9,439901E+01	5,452798E+01	5,568179E+03
9,725	-1,199310E+06	8,932061E+01	5,436584E+01	5,568179E+03
9,73	-1,199310E+06	9,669909E+01	5,436854E+01	5,568179E+03
9,735	-1,199310E+06	9,938472E+01	5,434047E+01	5,568179E+03
9,74	-1,199310E+06	9,875291E+01	5,396923E+01	5,568179E+03
9,745	-1,199310E+06	9,354790E+01	5,361549E+01	5,568179E+03
9,75	-1,199310E+06	9,763859E+01	5,326426E+01	5,568179E+03
9,755	-1,199310E+06	9,931023E+01	5,307201E+01	5,568179E+03
9,76	-1,199310E+06	8,949437E+01	5,324307E+01	5,568179E+03
9,765	-1,199310E+06	9,403397E+01	5,338082E+01	5,568179E+03
9,77	-1,199310E+06	9,967722E+01	5,354990E+01	5,568179E+03
9,775	-1,199310E+06	9,788852E+01	5,375612E+01	5,568179E+03
9,78	-1,199310E+06	1,026525E+02	5,394212E+01	5,568179E+03
9,785	-1,199310E+06	1,023675E+02	5,426766E+01	5,568179E+03
9,79	-1,199310E+06	9,811626E+01	5,442477E+01	5,568179E+03
9,795	-1,199310E+06	9,867156E+01	5,435959E+01	5,568179E+03
9,8	-1,199310E+06	9,752158E+01	5,406540E+01	5,568179E+03
9,805	-1,199310E+06	9,784435E+01	5,348743E+01	5,568179E+03
9,81	-1,199310E+06	9,882523E+01	5,305629E+01	5,568179E+03
9,815	-1,199310E+06	9,993532E+01	5,268169E+01	5,568179E+03
9,82	-1,199310E+06	9,615773E+01	5,217031E+01	5,568179E+03
9,825	-1,199310E+06	9,280832E+01	5,171620E+01	5,568179E+03
9,83	-1,199310E+06	9,805000E+01	5,152267E+01	5,568179E+03
9,835	-1,199310E+06	9,600064E+01	5,196115E+01	5,568179E+03
9,84	-1,199310E+06	1,006365E+02	5,260057E+01	5,568179E+03
9,845	-1,199310E+06	9,921277E+01	5,293542E+01	5,568179E+03
9,85	-1,199310E+06	9,639612E+01	5,288045E+01	5,568179E+03
9,855	-1,199310E+06	9,935676E+01	5,266493E+01	5,568179E+03
9,86	-1,199310E+06	9,581136E+01	5,272978E+01	5,568179E+03
9,865	-1,199310E+06	9,822870E+01	5,300603E+01	5,568179E+03
9,87	-1,199310E+06	9,790686E+01	5,324550E+01	5,568179E+03
9,875	-1,199310E+06	9,550949E+01	5,322218E+01	5,568179E+03
9,88	-1,199310E+06	9,758791E+01	5,298995E+01	5,568179E+03
9,885	-1,199310E+06	9,986955E+01	5,282794E+01	5,568179E+03
9,89	-1,199310E+06	1,013793E+02	5,281948E+01	5,568179E+03
9,895	-1,199310E+06	9,968879E+01	5,284356E+01	5,568179E+03
9,9	-1,199310E+06	9,688783E+01	5,260245E+01	5,568179E+03
9,905	-1,199310E+06	9,519910E+01	5,204487E+01	5,568179E+03
9,91	-1,199310E+06	9,304139E+01	5,147798E+01	5,568179E+03
9,915	-1,199310E+06	9,710276E+01	5,113227E+01	5,568179E+03
9,92	-1,199310E+06	1,000731E+02	5,122848E+01	5,568179E+03
9,925	-1,199310E+06	9,761614E+01	5,160254E+01	5,568179E+03
9,93	-1,199310E+06	9,964681E+01	5,185008E+01	5,568179E+03
9,935	-1,199310E+06	9,641634E+01	5,198343E+01	5,568179E+03
9,94	-1,199310E+06	9,584499E+01	5,204888E+01	5,568179E+03
9,945	-1,199310E+06	1,025198E+02	5,213954E+01	5,568179E+03
9,95	-1,199310E+06	1,022012E+02	5,226817E+01	5,568179E+03
9,955	-1,199310E+06	1,027640E+02	5,214274E+01	5,568179E+03
9,96	-1,199310E+06	1,009697E+02	5,179637E+01	5,568179E+03
9,965	-1,199310E+06	1,016359E+02	5,134732E+01	5,568179E+03
9,97	-1,199310E+06	1,005694E+02	5,104092E+01	5,568179E+03
9,975	-1,199310E+06	9,743924E+01	5,101596E+01	5,568179E+03
9,98	-1,199310E+06	9,625821E+01	5,111831E+01	5,568179E+03
9,985	-1,199310E+06	9,911725E+01	5,106308E+01	5,568179E+03
9,99	-1,199310E+06	1,035350E+02	5,074650E+01	5,568179E+03
9,995	-1,199310E+06	9,801915E+01	5,061618E+01	5,568179E+03
10,0	-1,199310E+06	9,738190E+01	5,094732E+01	5,568179E+03
10,005	-1,199310E+06	9,995346E+01	5,156563E+01	5,568179E+03
10,01	-1,199310E+06	9,874030E+01	5,220347E+01	5,568179E+03
10,015	-1,199310E+06	9,828953E+01	5,260516E+01	5,568179E+03
10,02	-1,199310E+06	9,736528E+01	5,272599E+01	5,568179E+03
10,025	-1,199310E+06	9,972432E+01	5,272336E+01	5,568179E+03
10,03	-1,199310E+06	1,059168E+02	5,252278E+01	5,568179E+03
10,035	-1,199310E+06	1,027005E+02	5,202629E+01	5,568179E+03
10,04	-1,199310E+06	9,135006E+01	5,137614E+01	5,568179E+03
10,045	-1,199310E+06	9,335393E+01	5,069392E+01	5,568179E+03
10,05	-1,199310E+06	9,716030E+01	5,042335E+01	5,568179E+03
10,055	-1,199310E+06	9,960563E+01	5,070396E+01	5,568179E+03
10,06	-1,199310E+06	1,012597E+02	5,113111E+01	5,568179E+03
10,065	-1,199310E+06	9,856211E+01	5,144517E+01	5,568179E+03
10,07	-1,199310E+06	9,948148E+01	5,142689E+01	5,568179E+03
10,075	-1,199310E+06	1,025816E+02	5,124197E+01	5,568179E+03
10,08	-1,199310E+06	1,042030E+02	5,139771E+01	5,568179E+03
10,085	-1,199310E+06	1,021346E+02	5,181604E+01	5,568179E+03
10,09	-1,199310E+06	1,052311E+02	5,222976E+01	5,568179E+03
10,095	-1,199310E+06	1,057858E+02	5,255846E+01	5,568179E+03
10,1	-1,199310E+06	1,044662E+02	5,256336E+01	5,568179E+03
10,105	-1,199310E+06	9,966238E+01	5,243044E+01	5,568179E+03
10,11	-1,199310E+06	9,676629E+01	5,246292E+01	5,568179E+03
10,115	-1,199310E+06	1,028231E+02	5,268296E+01	5,568179E+03
10,12	-1,199310E+06	1,052842E+02	5,288207E+01	5,568179E+03
10,125	-1,199310E+06	1,052901E+02	5,277646E+01	5,568179E+03
10,13	-1,199310E+06	1,011616E+02	5,253168E+01	5,568179E+03
10,135	-1,199310E+06	1,060111E+02	5,242047E+01	5,568179E+03
10,14	-1,199310E+06	1,066740E+02	5,257353E+01	5,568179E+03
10,145	-1,199310E+06	1,020274E+02	5,272587E+01	5,568179E+03
10,15	-1,199310E+06	1,047124E+02	5,250844E+01	5,568179E+03
10,155	-1,199310E+06	9,890777E+01	5,192594E+01	5,568179E+03
10,16	-1,199310E+06	9,988146E+01	5,128335E+01	5,568179E+03
10,165	-1,199310E+06	9,934108E+01	5,123882E+01	5,568179E+03
10,17	-1,199310E+06	9,777152E+01	5,181724E+01	5,568179E+03
10,175	-1,199310E+06	9,665450E+01	5,263322E+01	5,568179E+03
10,18	-1,199310E+06	1,010661E+02	5,324840E+01	5,568179E+03
10,185	-1,199310E+06	1,099843E+02	5,336662E+01	5,568179E+03
10,19	-1,199310E+06	1,047215E+02	5,323562E+01	5,568179E+03
10,195	-1,199310E+06	1,064036E+02	5,317589E+01	5,568179E+03
10,2	-1,199310E+06	1,053668E+02	5,327511E+01	5,568179E+03
10,205	-1,199310E+06	1,046355E+02	5,313270E+01	5,568179E+03
10,21	-1,199310E+06	1,095013E+02	5,268016E+01	5,568179E+03
10,215	-1,199310E+06	1,035840E+02	5,225690E+01	5,568179E+03
10,22	-1,199310E+06	1,017168E+02	5,199644E+01	5,568179E+03
10,225	-1,199310E+06	9,832192E+01	5,206848E+01	5,568179E+03
10,23	-1,199310E+06	1,008563E+02	5,212349E+01	5,568179E+03
10,235	-1,199310E+06	1,020916E+02	5,210996E+01	5,568179E+03
10,24	-1,199310E+06	1,019248E+02	5,223651E+01	5,568179E+03
10,245	-1,199310E+06	1,050630E+02	5,245578E+01	5,568179E+03
10,25	-1,199310E+06	1,034716E+02	5,272443E+01	5,568179E+03
10,255	-1,199310E+06	1,047366E+02	5,289967E+01	5,568179E+03
10,26	-1,199310E+06	1,057126E+02	5,284992E+01	5,568179E+03
10,265	-1,199310E+06	1,066026E+02	5,259050E+01	5,568179E+03
10,27	-1,199310E+06	1,047122E+02	5,246999E+01	5,568179E+03
10,275	-1,199310E+06	1,034505E+02	5,264104E+01	5,568179E+03
10,28	-1,199310E+06	1,086307E+02	5,294559E+01	5,568179E+03
10,285	-1,199310E+06	1,111499E+02	5,316667E+01	5,568179E+03
10,29	-1,199310E+06	1,118758E+02	5,282619E+01	5,568179E+03
10,295	-1,199310E+06	1,045822E+02	5,221796E+01	5,568179E+03
10,3	-1,199310E+06	9,840913E+01	5,191367E+01	5,568179E+03
10,305	-1,199310E+06	1,034745E+02	5,202992E+01	5,568179E+03
10,31	-1,199310E+06	1,039611E+02	5,256528E+01	5,568179E+03
10,315	-1,199310E+06	1,063244E+02	5,298038E+01	5,568179E+03
10,32	-1,199310E+06	1,097734E+02	5,297755E+01	5,568179E+03
10,325	-1,199310E+06	1,059263E+02	5,284546E+01	5,568179E+03
10,33	-1,199310E+06	1,093227E+02	5,272417E+01	5,568179E+03
10,335	-1,199310E+06	1,103559E+02	5,269397E+01	5,568179E+03
10,34	-1,199310E+06	1,091838E+02	5,258341E+01	5,568179E+03
10,345	-1,199310E+06	1,086868E+02	5,224975E+01	5,568179E+03
10,35	-1,199310E+06	1,086520E+02	5,182959E+01	5,568179E+03
10,355	-1,199310E+06	1,134476E+02	5,155637E+01	5,568179E+03
10,36	-1,199310E+06	1,125449E+02	5,144269E+01	5,568179E+03
10,365	-1,199310E+06	1,058499E+02	5,135676E+01	5,568179E+03
10,37	-1,199310E+06	1,037811E+02	5,106061E+01	5,568179E+03
10,375	-1,199310E+06	1,057834E+02	5,041216E+01	5,568179E+03
10,38	-1,199310E+06	1,066773E+02	4,979703E+01	5,568179E+03
10,385	-1,199310E+06	1,116058E+02	4,953419E+01	5,568179E+03
10,39	-1,199310E+06	1,126201E+02	4,969348E+01	5,568179E+03
10,395	-1,199310E+06	1,044380E+02	5,022358E+01	5,568179E+03
10,4	-1,199310E+06	1,081559E+02	5,081975E+01	5,568179E+03
10,405	-1,199310E+06	1,107515E+02	5,155551E+01	5,568179E+03
10,41	-1,199310E+06	1,098630E+02	5,243612E+01	5,568179E+03
10,415	-1,199310E+06	1,167757E+02	5,311258E+01	5,568179E+03
10,42	-1,199310E+06	1,143894E+02	5,345879E+01	5,568179E+03
10,425	-1,199309E+06	1,087951E+02	5,323624E+01	5,568179E+03
10,43	-1,199310E+06	1,127814E+02	5,246234E+01	5,568179E+03
10,435	-1,199310E+06	1,167935E+02	5,173353E+01	5,568179E+03
10,44	-1,199310E+06	1,139848E+02	5,116808E+01	5,568179E+03
10,445	-1,199310E+06	1,116672E+02	5,060577E+01	5,568179E+03
10,45	-1,199310E+06	1,103527E+02	5,014825E+01	5,568179E+03
10,455	-1,199310E+06	1,127480E+02	4,941745E+01	5,568179E+03
10,46	-1,199310E+06	1,134756E+02	4,874959E+01	5,568179E+03
10,465	-1,199310E+06	1,120037E+02	4,888482E+01	5,568179E+03
10,47	-1,199310E+06	1,156606E+02	4,937053E+01	5,568179E+03
10,475	-1,199310E+06	1,143842E+02	4,995820E+01	5,568179E+03
10,48	-1,199310E+06	1,082440E+02	5,068296E+01	5,568179E+03
10,485	-1,199310E+06	1,160534E+02	5,110391E+01	5,568179E+03
10,49	-1,199310E+06	1,219329E+02	5,154149E+01	5,568179E+03
10,495	-1,199310E+06	1,146345E+02	5,206140E+01	5,568179E+03
10,5	-1,199310E+06	1,209628E+02	5,207202E+01	5,568179E+03
10,505	-1,199310E+06	1,178402E+02	5,199466E+01	5,568179E+03
10,51	-1,199310E+06	1,182324E+02	5,161527E+01	5,568179E+03
10,515	-1,199310E+06	1,270314E+02	5,080371E+01	5,568179E+03
10,52	-1,199310E+06	1,172832E+02	5,029301E+01	5,568179E+03
10,525	-1,199310E+06	1,156066E+02	4,991112E+01	5,568179E+03
10,53	-1,199310E+06	1,131482E+02	4,969458E+01	5,568179E+03
10,535	-1,199309E+06	1,108825E+02	4,979620E+01	5,568179E+03
10,54	-1,199310E+06	1,184080E+02	4,996695E+01	5,568179E+03
10,545	-1,199310E+06	1,197506E+02	5,049898E+01	5,568179E+03
10,55	-1,199310E+06	1,157256E+02	5,146116E+01	5,568179E+03
10,555	-1,199310E+06	1,163935E+02	5,227330E+01	5,568179E+03
10,56	-1,199310E+06	1,208389E+02	5,288451E+01	5,568179E+03
10,565	-1,199310E+06	1,187960E+02	5,343129E+01	5,568179E+03
10,57	-1,199310E+06	1,280863E+02	5,359926E+01	5,568179E+03
10,575	-1,199310E+06	1,280380E+02	5,379443E+01	5,568179E+03
10,58	-1,199310E+06	1,174082E+02	5,396527E+01	5,568179E+03
10,585	-1,199310E+06	1,157861E+02	5,368903E+01	5,568179E+03
10,59	-1,199310E+06	1,164470E+02	5,328398E+01	5,568179E+03
10,595	-1,199310E+06	1,173940E+02	5,285615E+01	5,568179E+03
10,6	-1,199310E+06	1,226205E+02	5,248277E+01	5,568179E+03
10,605	-1,199310E+06	1,231365E+02	5,250822E+01	5,568179E+03
10,61	-1,199309E+06	1,089272E+02	5,252037E+01	5,568179E+03
10,615	-1,199310E+06	1,171122E+02	5,208647E+01	5,568179E+03
10,62	-1,199310E+06	1,247505E+02	5,190633E+01	5,568179E+03
10,625	-1,199310E+06	1,315544E+02	5,180143E+01	5,568179E+03
10,63	-1,199310E+06	1,377151E+02	5,187231E+01	5,568179E+03
10,635	-1,199309E+06	1,164932E+02	5,254802E+01	5,568179E+03
10,64	-1,199310E+06	1,199264E+02	5,297001E+01	5,568179E+03
10,645	-1,199310E+06	1,235447E+02	5,335010E+01	5,568179E+03
10,65	-1,199309E+06	1,184398E+02	5,361838E+01	5,568179E+03
10,655	-1,199310E+06	1,279370E+02	5,346073E+01	5,568179E+03
10,66	-1,199310E+06	1,244095E+02	5,351239E+01	5,568179E+03
10,665	-1,199310E+06	1,246679E+02	5,332903E+01	5,568179E+03
10,67	-1,199310E+06	1,274779E+02	5,276069E+01	5,568179E+03
10,675	-1,199310E+06	1,293014E+02	5,220254E+01	5,568179E+03
10,68	-1,199309E+06	1,281475E+02	5,182271E+01	5,568179E+03
10,685	-1,199309E+06	1,284469E+02	5,186064E+01	5,568179E+03
10,69	-1,199310E+06	1,321485E+02	5,218893E+01	5,568179E+03
10,695	-1,199309E+06	1,271076E+02	5,258824E+01	5,568179E+03
10,7	-1,199310E+06	1,307589E+02	5,287190E+01	5,568179E+03
10,705	-1,199310E+06	1,313141E+02	5,305335E+01	5,568179E+03
10,71	-1,199309E+06	1,219942E+02	5,330791E+01	5,568179E+03
10,715	-1,199310E+06	1,274904E+02	5,348274E+01	5,568179E+03
10,72	-1,199310E+06	1,275300E+02	5,352957E+01	5,568179E+03
10,725	-1,199309E+06	1,210551E+02	5,332321E+01	5,568179E+03
10,73	-1,199310E+06	1,341712E+02	5,263051E+01	5,568179E+03
10,735	-1,199309E+06	1,334358E+02	5,197930E+01	5,568179E+03
10,74	-1,199309E+06	1,345894E+02	5,148333E+01	5,568179E+03
10,745	-1,199310E+06	1,383030E+02	5,127728E+01	5,568179E+03
10,75	-1,199309E+06	1,304496E+02	5,144350E+01	5,568179E+03
10,755	-1,199310E+06	1,312256E+02	5,153982E+01	5,568179E+03
10,76	-1,199309E+06	1,327725E+02	5,147312E+01	5,568179E+03
10,765	-1,199310E+06	1,354900E+02	5,125260E+01	5,568179E+03
10,77	-1,199309E+06	1,298614E+02	5,120961E+01	5,568179E+03
10,775	-1,199309E+06	1,324357E+02	5,144445E+01	5,568179E+03
10,78	-1,199310E+06	1,406314E+02	5,164013E+01	5,568179E+03
10,785	-1,199309E+06	1,324776E+02	5,159391E+01	5,568179E+03
10,79	-1,199309E+06	1,314839E+02	5,142674E+01	5,568179E+03
10,795	-1,199309E+06	1,349471E+02	5,153536E+01	5,568179E+03
10,8	-1,199309E+06	1,362432E+02	5,178510E+01	5,568179E+03
10,805	-1,199309E+06	1,427843E+02	5,178438E+01	5,568179E+03
10,81	-1,199309E+06	1,402179E+02	5,158049E+01	5,568179E+03
10,815	-1,199309E+06	1,414786E+02	5,108390E+01	5,568179E+03
10,82	-1,199309E+06	1,473570E+02	5,059877E+01	5,568179E+03
10,825	-1,199309E+06	1,411500E+02	5,049405E+01	5,568179E+03
10,83	-1,199309E+06	1,404758E+02	5,035442E+01	5,568179E+03
10,835	-1,199310E+06	1,392374E+02	5,008897E+01	5,568179E+03
10,84	-1,199309E+06	1,291029E+02	4,989337E+01	5,568179E+03
10,845	-1,199309E+06	1,348824E+02	4,992511E+01	5,568179E+03
10,85	-1,199309E+06	1,457291E+02	5,071197E+01	5,568179E+03
10,855	-1,199309E+06	1,479471E+02	5,192603E+01	5,568179E+03
10,86	-1,199309E+06	1,467869E+02	5,266180E+01	5,568179E+03
10,865	-1,199309E+06	1,447234E+02	5,289336E+01	5,568179E+03
10,87	-1,199309E+06	1,399191E+02	5,289868E+01	5,568179E+03
10,875	-1,199309E+06	1,357979E+02	5,288688E+01	5,568179E+03
10,88	-1,199309E+06	1,358477E+02	5,335299E+01	5,568179E+03
10,885	-1,199309E+06	1,443607E+02	5,403134E+01	5,568179E+03
10,89	-1,199309E+06	1,474287E+02	5,423436E+01	5,568179E+03
10,895	-1,199309E+06	1,419953E+02	5,378690E+01	5,568179E+03
10,9	-1,199309E+06	1,432728E+02	5,288913E+01	5,568179E+03
10,905	-1,199310E+06	1,539761E+02	5,178738E+01	5,568179E+03
10,91	-1,199309E+06	1,472625E+02	5,104015E+01	5,568179E+03
10,915	-1,199309E+06	1,438265E+02	5,057901E+01	5,568179E+03
10,92	-1,199309E+06	1,568724E+02	5,020202E+01	5,568179E+03
10,925	-1,199309E+06	1,559400E+02	5,006008E+01	5,568179E+03
10,93	-1,199309E+06	1,458428E+02	5,005511E+01	5,568179E+03
10,935	-1,199309E+06	1,488668E+02	5,057552E+01	5,568179E+03
10,94	-1,199309E+06	1,469325E+02	5,178138E+01	5,568179E+03
10,945	-1,199309E+06	1,527482E+02	5,265206E+01	5,568179E+03
10,95	-1,199309E+06	1,538925E+02	5,320812E+01	5,568179E+03
10,955	-1,199309E+06	1,501887E+02	5,360692E+01	5,568179E+03
10,96	-1,199309E+06	1,539885E+02	5,366449E+01	5,568179E+03
10,965	-1,199309E+06	1,502992E+02	5,366797E+01	5,568179E+03
10,97	-1,199309E+06	1,511442E+02	5,327748E+01	5,568179E+03
10,975	-1,199309E+06	1,551373E+02	5,239041E+01	5,568179E+03
10,98	-1,199309E+06	1,548231E+02	5,143529E+01	5,568179E+03
10,985	-1,199309E+06	1,480989E+02	5,074713E+01	5,568179E+03
10,99	-1,199309E+06	1,453986E+02	5,077107E+01	5,568179E+03
10,995	-1,199309E+06	1,488203E+02	5,128861E+01	5,568179E+03
11,0	-1,199309E+06	1,546016E+02	5,134025E+01	5,568179E+03
11,005	-1,199309E+06	1,552511E+02	5,089579E+01	5,568179E+03
11,01	-1,199309E+06	1,495147E+02	5,057632E+01	5,568179E+03
11,015	-1,199309E+06	1,604069E+02	5,083287E+01	5,568179E+03
11,02	-1,199309E+06	1,598054E+02	5,188424E+01	5,568179E+03
11,025	-1,199309E+06	1,557470E+02	5,280544E+01	5,568179E+03
11,03	-1,199309E+06	1,658828E+02	5,309491E+01	5,568179E+03
11,035	-1,199309E+06	1,601734E+02	5,327832E+01	5,568179E+03
11,04	-1,199309E+06	1,628378E+02	5,333007E+01	5,568179E+03
11,045	-1,199309E+06	1,617510E+02	5,360429E+01	5,568179E+03
11,05	-1,199309E+06	1,613497E+02	5,387439E+01	5,568179E+03
11,055	-1,199309E+06	1,721985E+02	5,360460E+01	5,568179E+03
11,06	-1,199309E+06	1,755937E+02	5,297035E+01	5,568179E+03
11,065	-1,199309E+06	1,692360E+02	5,220656E+01	5,568179E+03
11,07	-1,199309E+06	1,668495E+02	5,164240E+01	5,568179E+03
11,075	-1,199309E+06	1,650932E+02	5,152008E+01	5,568179E+03
11,08	-1,199309E+06	1,595748E+02	5,168552E+01	5,568179E+03
11,085	-1,199309E+06	1,670513E+02	5,184680E+01	5,568179E+03
11,09	-1,199309E+06	1,725986E+02	5,197723E+01	5,568179E+03
11,095	-1,199309E+06	1,671754E+02	5,226316E+01	5,568179E+03
11,1	-1,199309E+06	1,657330E+02	5,266223E+01	5,568179E+03
11,105	-1,199309E+06	1,731698E+02	5,290144E+01	5,568179E+03
11,11	-1,199309E+06	1,748712E+02	5,293901E+01	5,568179E+03
11,115	-1,199309E+06	1,713859E+02	5,265567E+01	5,568179E+03
11,12	-1,199309E+06	1,677898E+02	5,224819E+01	5,568179E+03
11,125	-1,199309E+06	1,667640E+02	5,210663E+01	5,568179E+03
11,13	-1,199309E+06	1,747250E+02	5,215027E+01	5,568179E+03
11,135	-1,199309E+06	1,697572E+02	5,220786E+01	5,568179E+03
11,14	-1,199308E+06	1,670582E+02	5,213419E+01	5,568179E+03
11,145	-1,199309E+06	1,781987E+02	5,186517E+01	5,568179E+03
11,15	-1,199308E+06	1,693678E+02	5,183071E+01	5,568179E+03
11,155	-1,199309E+06	1,724281E+02	5,216282E+01	5,568179E+03
11,16	-1,199309E+06	1,778921E+02	5,273962E+01	5,568179E+03
11,165	-1,199309E+06	1,818684E+02	5,300408E+01	5,568179E+03
11,17	-1,199309E+06	1,831081E+02	5,280678E+01	5,568179E+03
11,175	-1,199309E+06	1,755824E+02	5,243243E+01	5,568179E+03
11,18	-1,199309E+06	1,781388E+02	5,229010E+01	5,568179E+03
11,185	-1,199308E+06	1,740401E+02	5,277769E+01	5,568179E+03
11,19	-1,199309E+06	1,803115E+02	5,325831E+01	5,568179E+03
11,195	-1,199309E+06	1,869218E+02	5,328194E+01	5,568179E+03
11,2	-1,199309E+06	1,844519E+02	5,273563E+01	5,568179E+03
11,205	-1,199309E+06	1,838632E+02	5,222097E+01	5,568179E+03
11,21	-1,199309E+06	1,856832E+02	5,252337E+01	5,568179E+03
11,215	-1,199309E+06	1,879246E+02	5,295560E+01	5,568179E+03
11,22	-1,199309E+06	1,922629E+02	5,294095E+01	5,568179E+03
11,225	-1,199309E+06	1,891616E+02	5,277218E+01	5,568179E+03
11,23	-1,199308E+06	1,793307E+02	5,260915E+01	5,568179E+03
11,235	-1,199309E+06	1,882401E+02	5,290422E+01	5,568179E+03
11,24	-1,199309E+06	1,941765E+02	5,379030E+01	5,568179E+03
11,245	-1,199309E+06	1,988469E+02	5,452191E+01	5,568179E+03
11,25	-1,199309E+06	1,983699E+02	5,480836E+01	5,568179E+03
11,255	-1,199308E+06	1,892670E+02	5,456123E+01	5,568179E+03
11,26	-1,199308E+06	1,878582E+02	5,424504E+01	5,568179E+03
11,265	-1,199309E+06	1,943554E+02	5,415184E+01	5,568179E+03
11,27	-1,199309E+06	1,999163E+02	5,382065E+01	5,568179E+03
11,275	-1,199308E+06	1,946936E+02	5,314034E+01	5,568179E+03
11,28	-1,199308E+06	1,956063E+02	5,244558E+01	5,568179E+03
11,285	-1,199309E+06	2,037156E+02	5,213882E+01	5,568179E+03
11,29	-1,199308E+06	2,048658E+02	5,206035E+01	5,568179E+03
11,295	-1,199308E+06	1,986830E+02	5,221209E+01	5,568179E+03
11,3	-1,199308E+06	1,983738E+02	5,265540E+01	5,568179E+03
11,305	-1,199308E+06	2,054651E+02	5,269867E+01	5,568179E+03
11,31	-1,199308E+06	1,998785E+02	5,226636E+01	5,568179E+03
11,315	-1,199308E+06	1,926345E+02	5,187335E+01	5,568179E+03
11,32	-1,199308E+06	2,005093E+02	5,168782E+01	5,568179E+03
11,325	-1,199308E+06	2,052994E+02	5,192712E+01	5,568179E+03
11,33	-1,199308E+06	2,093446E+02	5,219961E+01	5,568179E+03
11,335	-1,199308E+06	2,093537E+02	5,204337E+01	5,568179E+03
11,34	-1,199308E+06	2,030011E+02	5,173459E+01	5,568179E+03
11,345	-1,199308E+06	2,080307E+02	5,160971E+01	5,568179E+03
11,35	-1,199308E+06	2,190610E+02	5,171780E+01	5,568179E+03
11,355	-1,199308E+06	2,135891E+02	5,151955E+01	5,568179E+03
11,36	-1,199308E+06	2,071739E+02	5,046997E+01	5,568179E+03
11,365	-1,199308E+06	2,106257E+02	4,920778E+01	5,568179E+03
11,37	-1,199308E+06	2,173786E+02	4,835707E+01	5,568179E+03
11,375	-1,199308E+06	2,123758E+02	4,822603E+01	5,568179E+03
11,38	-1,199308E+06	2,126903E+02	4,872987E+01	5,568179E+03
11,385	-1,199308E+06	2,227511E+02	4,938106E+01	5,568179E+03
11,39	-1,199308E+06	2,229032E+02	4,988778E+01	5,568179E+03
11,395	-1,199308E+06	2,228306E+02	5,031866E+01	5,568179E+03
11,4	-1,199308E+06	2,210732E+02	5,120374E+01	5,568179E+03
11,405	-1,199308E+06	2,270101E+02	5,232932E+01	5,568179E+03
11,41	-1,199308E+06	2,162210E+02	5,330969E+01	5,568179E+03
11,415	-1,199308E+06	2,129579E+02	5,370830E+01	5,568179E+03
11,42	-1,199308E+06	2,164853E+02	5,368639E+01	5,568179E+03
11,425	-1,199307E+06	2,101071E+02	5,362501E+01	5,568179E+03
11,43	-1,199308E+06	2,210614E+02	5,330546E+01	5,568179E+03
11,435	-1,199307E+06	2,245626E+02	5,257762E+01	5,568179E+03
11,44	-1,199307E+06	2,292573E+02	5,141729E+01	5,568179E+03
11,445	-1,199308E+06	2,363999E+02	5,024565E+01	5,568179E+03
11,45	-1,199307E+06	2,259431E+02	4,950743E+01	5,568179E+03
11,455	-1,199308E+06	2,313610E+02	4,915289E+01	5,568179E+03
11,46	-1,199307E+06	2,246299E+02	4,942754E+01	5,568179E+03
11,465	-1,199307E+06	2,261013E+02	4,988362E+01	5,568179E+03
11,47	-1,199308E+06	2,428142E+02	5,012570E+01	5,568179E+03
11,475	-1,199307E+06	2,404112E+02	5,011762E+01	5,568179E+03
11,48	-1,199307E+06	2,457055E+02	5,001293E+01	5,568179E+03
11,485	-1,199307E+06	2,361729E+02	5,058823E+01	5,568179E+03
11,49	-1,199307E+06	2,261854E+02	5,134315E+01	5,568179E+03
11,495	-1,199307E+06	2,333142E+02	5,205935E+01	5,568179E+03
11,5	-1,199307E+06	2,348213E+02	5,275342E+01	5,568179E+03
11,505	-1,199307E+06	2,445945E+02	5,266451E+01	5,568179E+03
11,51	-1,199307E+06	2,428209E+02	5,254614E+01	5,568179E+03
11,515	-1,199307E+06	2,393893E+02	5,271133E+01	5,568179E+03
11,52	-1,199307E+06	2,490403E+02	5,276203E+01	5,568179E+03
11,525	-1,199307E+06	2,484894E+02	5,275954E+01	5,568179E+03
11,53	-1,199307E+06	2,556058E+02	5,221939E+01	5,568179E+03
11,535	-1,199307E+06	2,462116E+02	5,200644E+01	5,568179E+03
11,54	-1,199307E+06	2,475909E+02	5,247626E+01	5,568179E+03
11,545	-1,199308E+06	2,608197E+02	5,283751E+01	5,568179E+03
11,55	-1,199306E+06	2,380982E+02	5,306079E+01	5,568179E+03
11,555	-1,199307E+06	2,535464E+02	5,255061E+01	5,568179E+03
11,56	-1,199307E+06	2,619167E+02	5,178684E+01	5,568179E+03
11,565	-1,199307E+06	2,352098E+02	5,148639E+01	5,568179E+03
11,57	-1,199307E+06	2,276228E+02	5,157026E+01	5,568179E+03
11,575	-1,199307E+06	2,407467E+02	5,216425E+01	5,568179E+03
11,58	-1,199307E+06	2,753963E+02	5,260261E+01	5,568179E+03
11,585	-1,199307E+06	2,750088E+02	5,286641E+01	5,568179E+03
11,59	-1,199306E+06	2,609771E+02	5,350042E+01	5,568179E+03
11,595	-1,199307E+06	2,732773E+02	5,442604E+01	5,568179E+03
11,6	-1,199307E+06	2,699415E+02	5,513467E+01	5,568179E+03
11,605	-1,199307E+06	2,629368E+02	5,505357E+01	5,568179E+03
11,61	-1,199307E+06	2,678830E+02	5,434816E+01	5,568179E+03
11,615	-1,199307E+06	2,703099E+02	5,318776E+01	5,568179E+03
11,62	-1,199307E+06	2,691997E+02	5,199688E+01	5,568179E+03
11,625	-1,199306E+06	2,571211E+02	5,183645E+01	5,568179E+03
11,63	-1,199307E+06	2,740807E+02	5,190210E+01	5,568179E+03
11,635	-1,199307E+06	2,791265E+02	5,161550E+01	5,568179E+03
11,64	-1,199306E+06	2,618894E+02	5,150435E+01	5,568179E+03
11,645	-1,199307E+06	2,855675E+02	5,127648E+01	5,568179E+03
11,65	-1,199307E+06	2,782934E+02	5,145856E+01	5,568179E+03
11,655	-1,199306E+06	2,579549E+02	5,202177E+01	5,568179E+03
11,66	-1,199307E+06	2,787905E+02	5,221248E+01	5,568179E+03
11,665	-1,199306E+06	2,740832E+02	5,249896E+01	5,568179E+03
11,67	-1,199307E+06	2,800140E+02	5,236294E+01	5,568179E+03
11,675	-1,199307E+06	2,862166E+02	5,192170E+01	5,568179E+03
11,68	-1,199306E+06	2,810231E+02	5,192979E+01	5,568179E+03
11,685	-1,199306E+06	2,774505E+02	5,195263E+01	5,568179E+03
11,69	-1,199306E+06	2,762979E+02	5,169197E+01	5,568179E+03
11,695	-1,199306E+06	2,751280E+02	5,167672E+01	5,568179E+03
11,7	-1,199306E+06	2,678869E+02	5,175800E+01	5,568179E+03
11,705	-1,199307E+06	2,879211E+02	5,162900E+01	5,568179E+03
11,71	-1,199306E+06	2,798610E+02	5,188670E+01	5,568179E+03
11,715	-1,199306E+06	2,849334E+02	5,146497E+01	5,568179E+03
11,72	-1,199307E+06	3,088735E+02	5,049536E+01	5,568179E+03
11,725	-1,199305E+06	2,798960E+02	5,019800E+01	5,568179E+03
11,73	-1,199306E+06	3,060114E+02	4,991567E+01	5,568179E+03
11,735	-1,199306E+06	3,128376E+02	5,044280E+01	5,568179E+03
11,74	-1,199306E+06	2,910354E+02	5,061081E+01	5,568179E+03
11,745	-1,199306E+06	2,994696E+02	4,959224E+01	5,568179E+03
11,75	-1,199306E+06	2,878127E+02	4,917304E+01	5,568179E+03
11,755	-1,199306E+06	2,850865E+02	4,962936E+01	5,568179E+03
11,76	-1,199306E+06	3,124077E+02	5,057004E+01	5,568179E+03
11,765	-1,199306E+06	3,141626E+02	5,184721E+01	5,568179E+03
11,77	-1,199306E+06	3,228138E+02	5,251081E+01	5,568179E+03
11,775	-1,199306E+06	3,334080E+02	5,228547E+01	5,568179E+03
11,78	-1,199306E+06	3,109304E+02	5,180766E+01	5,568179E+03
11,785	-1,199305E+06	2,965689E+02	5,143707E+01	5,568179E+03
11,79	-1,199306E+06	3,196086E+02	5,066997E+01	5,568179E+03
11,795	-1,199306E+06	3,260350E+02	4,984001E+01	5,568179E+03
11,8	-1,199305E+06	3,204334E+02	4,920812E+01	5,568179E+03
11,805	-1,199306E+06	3,407117E+02	4,837166E+01	5,568179E+03
11,81	-1,199305E+06	3,169771E+02	4,834110E+01	5,568179E+03
11,815	-1,199305E+06	3,077489E+02	4,851714E+01	5,568179E+03
11,82	-1,199306E+06	3,260408E+02	4,888993E+01	5,568179E+03
11,825	-1,199305E+06	3,236504E+02	5,003671E+01	5,568179E+03
11,83	-1,199306E+06	3,481246E+02	5,002235E+01	5,568179E+03
11,835	-1,199305E+06	3,364717E+02	4,947182E+01	5,568179E+03
11,84	-1,199305E+06	3,258587E+02	4,932707E+01	5,568179E+03
11,845	-1,199306E+06	3,203024E+02	4,900013E+01	5,568179E+03
11,85	-1,199305E+06	2,963682E+02	4,892731E+01	5,568179E+03
11,855	-1,199305E+06	3,201031E+02	4,882793E+01	5,568179E+03
11,86	-1,199305E+06	3,409674E+02	4,840588E+01	5,568179E+03
11,865	-1,199306E+06	3,435189E+02	4,801218E+01	5,568179E+03
11,87	-1,199305E+06	3,187277E+02	4,788358E+01	5,568179E+03
11,875	-1,199305E+06	3,365204E+02	4,757766E+01	5,568179E+03
11,88	-1,199305E+06	3,574250E+02	4,761153E+01	5,568179E+03
11,885	-1,199305E+06	3,425058E+02	4,732399E+01	5,568179E+03
11,89	-1,199305E+06	3,428043E+02	4,687768E+01	5,568179E+03
11,895	-1,199305E+06	3,351533E+02	4,725734E+01	5,568179E+03
11,9	-1,199305E+06	3,428870E+02	4,711945E+01	5,568179E+03
11,905	-1,199305E+06	3,438767E+02	4,694468E+01	5,568179E+03
11,91	-1,199304E+06	3,217791E+02	4,700882E+01	5,568179E+03
11,915	-1,199305E+06	3,448591E+02	4,614269E+01	5,568179E+03
11,92	-1,199305E+06	3,500826E+02	4,564084E+01	5,568179E+03
11,925	-1,199305E+06	3,494966E+02	4,546457E+01	5,568179E+03
11,93	-1,199305E+06	3,627262E+02	4,546708E+01	5,568179E+03
11,935	-1,199305E+06	3,779898E+02	4,605495E+01	5,568179E+03
11,94	-1,199305E+06	3,875076E+02	4,634239E+01	5,568179E+03
11,945	-1,199305E+06	3,692659E+02	4,655750E+01	5,568179E+03
11,95	-1,199305E+06	3,668830E+02	4,748691E+01	5,568179E+03
11,955	-1,199305E+06	3,790574E+02	4,901717E+01	5,568179E+03
11,96	-1,199304E+06	3,618567E+02	5,072585E+01	5,568179E+03
11,965	-1,199305E+06	3,713740E+02	5,168630E+01	5,568179E+03
11,97	-1,199305E+06	3,828854E+02	5,192839E+01	5,568179E+03
11,975	-1,199305E+06	3,737749E+02	5,124670E+01	5,568179E+03
11,98	-1,199305E+06	3,555670E+02	5,034539E+01	5,568179E+03
11,985	-1,199304E+06	3,534848E+02	4,995435E+01	5,568179E+03
11,99	-1,199305E+06	3,796478E+02	4,888069E+01	5,568179E+03
11,995	-1,199304E+06	3,734871E+02	4,788496E+01	5,568179E+03
12,0	-1,199305E+06	3,838678E+02	4,743421E+01	5,568179E+03
12,005	-1,199305E+06	3,926137E+02	4,699596E+01	5,568179E+03
12,01	-1,199305E+06	3,866850E+02	4,668448E+01	5,568179E+03
12,015	-1,199304E+06	3,793738E+02	4,640438E+01	5,568179E+03
12,02	-1,199305E+06	3,933029E+02	4,565595E+01	5,568179E+03
12,025	-1,199304E+06	3,810413E+02	4,529902E+01	5,568179E+03
12,03	-1,199304E+06	3,778674E+02	4,503463E+01	5,568179E+03
12,035	-1,199305E+06	4,025396E+02	4,459811E+01	5,568179E+03
12,04	-1,199304E+06	3,843905E+02	4,477040E+01	5,568179E+03
12,045	-1,199304E+06	3,670093E+02	4,525339E+01	5,568179E+03
12,05	-1,199305E+06	3,945730E+02	4,569374E+01	5,568179E+03
12,055	-1,199304E+06	4,013965E+02	4,645536E+01	5,568179E+03
12,06	-1,199304E+06	3,913716E+02	4,736171E+01	5,568179E+03
12,065	-1,199304E+06	4,089127E+02	4,849458E+01	5,568179E+03
12,07	-1,199305E+06	4,287124E+02	5,016228E+01	5,568179E+03
12,075	-1,199304E+06	4,225931E+02	5,144422E+01	5,568179E+03
12,08	-1,199304E+06	4,307255E+02	5,153637E+01	5,568179E+03
12,085	-1,199304E+06	4,203812E+02	5,144197E+01	5,568179E+03
12,09	-1,199304E+06	4,168704E+02	5,075137E+01	5,568179E+03
12,095	-1,199305E+06	4,286796E+02	4,951595E+01	5,568179E+03
12,1	-1,199303E+06	3,977154E+02	4,873546E+01	5,568179E+03
12,105	-1,199304E+06	4,208870E+02	4,704176E+01	5,568179E+03
12,11	-1,199304E+06	4,334793E+02	4,574367E+01	5,568179E+03
12,115	-1,199304E+06	4,204420E+02	4,559240E+01	5,568179E+03
12,12	-1,199304E+06	4,253851E+02	4,572718E+01	5,568179E+03
12,125	-1,199303E+06	4,151528E+02	4,709339E+01	5,568179E+03
12,13	-1,199304E+06	4,312101E+02	4,861723E+01	5,568179E+03
12,135	-1,199303E+06	4,115098E+02	4,951454E+01	5,568179E+03
12,14	-1,199303E+06	4,147937E+02	4,996083E+01	5,568179E+03
12,145	-1,199304E+06	4,307690E+02	5,017071E+01	5,568179E+03
12,15	-1,199303E+06	4,245715E+02	5,054002E+01	5,568179E+03
12,155	-1,199304E+06	4,315853E+02	5,141443E+01	5,568179E+03
12,16	-1,199303E+06	4,310785E+02	5,146703E+01	5,568179E+03
12,165	-1,199303E+06	4,581401E+02	4,989900E+01	5,568179E+03
12,17	-1,199304E+06	4,764990E+02	4,852956E+01	5,568179E+03
12,175	-1,199303E+06	4,452231E+02	4,734489E+01	5,568179E+03
12,18	-1,199303E+06	4,333546E+02	4,599291E+01	5,568179E+03
12,185	-1,199303E+06	4,225990E+02	4,530773E+01	5,568179E+03
12,19	-1,199303E+06	4,424424E+02	4,419699E+01	5,568179E+03
12,195	-1,199303E+06	4,515513E+02	4,397617E+01	5,568179E+03
12,2	-1,199303E+06	4,512359E+02	4,554050E+01	5,568179E+03
12,205	-1,199303E+06	4,852384E+02	4,722433E+01	5,568179E+03
12,21	-1,199303E+06	4,788266E+02	4,895219E+01	5,568179E+03
12,215	-1,199302E+06	4,463516E+02	5,023666E+01	5,568179E+03
12,22	-1,199303E+06	4,529155E+02	5,020359E+01	5,568179E+03
12,225	-1,199303E+06	4,645921E+02	4,988231E+01	5,568179E+03
12,23	-1,199303E+06	4,728094E+02	4,910594E+01	5,568179E+03
12,235	-1,199303E+06	4,758469E+02	4,756937E+01	5,568179E+03
12,24	-1,199302E+06	4,659750E+02	4,685346E+01	5,568179E+03
12,245	-1,199303E+06	4,871763E+02	4,676278E+01	5,568179E+03
12,25	-1,199303E+06	4,823912E+02	4,662225E+01	5,568179E+03
12,255	-1,199302E+06	4,560165E+02	4,691152E+01	5,568179E+03
12,26	-1,199303E+06	4,822528E+02	4,747049E+01	5,568179E+03
12,265	-1,199303E+06	4,906705E+02	4,834535E+01	5,568179E+03
12,27	-1,199302E+06	4,756525E+02	4,910946E+01	5,568179E+03
12,275	-1,199302E+06	4,717972E+02	4,949895E+01	5,568179E+03
12,28	-1,199303E+06	4,830868E+02	4,940113E+01	5,568179E+03
12,285	-1,199302E+06	4,746058E+02	4,961621E+01	5,568179E+03
12,29	-1,199302E+06	4,930204E+02	4,978084E+01	5,568179E+03
12,295	-1,199302E+06	5,038153E+02	4,966966E+01	5,568179E+03
12,3	-1,199302E+06	4,966158E+02	4,940865E+01	5,568179E+03
12,305	-1,199302E+06	5,075764E+02	4,858068E+01	5,568179E+03
12,31	-1,199303E+06	5,303842E+02	4,707022E+01	5,568179E+03
12,315	-1,199302E+06	5,020703E+02	4,562464E+01	5,568179E+03
12,32	-1,199302E+06	4,831398E+02	4,384926E+01	5,568179E+03
12,325	-1,199302E+06	4,818277E+02	4,280210E+01	5,568179E+03
12,33	-1,199302E+06	4,980551E+02	4,272648E+01	5,568179E+03
12,335	-1,199302E+06	5,049009E+02	4,300958E+01	5,568179E+03
12,34	-1,199302E+06	5,059454E+02	4,374357E+01	5,568179E+03
12,345	-1,199302E+06	5,165020E+02	4,454333E+01	5,568179E+03
12,35	-1,199302E+06	5,118791E+02	4,509160E+01	5,568179E+03
12,355	-1,199301E+06	4,804643E+02	4,632808E+01	5,568179E+03
12,36	-1,199302E+06	5,119608E+02	4,755174E+01	5,568179E+03
12,365	-1,199303E+06	5,375196E+02	4,783995E+01	5,568179E+03
12,37	-1,199302E+06	5,195046E+02	4,793765E+01	5,568179E+03
12,375	-1,199302E+06	5,136791E+02	4,839456E+01	5,568179E+03
12,38	-1,199302E+06	5,130915E+02	4,853453E+01	5,568179E+03
12,385	-1,199302E+06	5,133579E+02	4,829083E+01	5,568179E+03
12,39	-1,199302E+06	5,090644E+02	4,811982E+01	5,568179E+03
12,395	-1,199302E+06	5,404299E+02	4,737200E+01	5,568179E+03
12,4	-1,199303E+06	5,540831E+02	4,666726E+01	5,568179E+03
12,405	-1,199301E+06	5,181063E+02	4,625140E+01	5,568179E+03
12,41	-1,199303E+06	5,415289E+02	4,606310E+01	5,568179E+03
12,415	-1,199301E+06	5,149815E+02	4,767316E+01	5,568179E+03
12,42	-1,199302E+06	5,465838E+02	4,848060E+01	5,568179E+03
12,425	-1,199302E+06	5,555523E+02	4,887618E+01	5,568179E+03
12,43	-1,199300E+06	5,205833E+02	5,022831E+01	5,568179E+03
12,435	-1,199303E+06	5,639932E+02	5,088894E+01	5,568179E+03
12,44	-1,199301E+06	5,523492E+02	5,163762E+01	5,568179E+03
12,445	-1,199302E+06	5,626233E+02	5,162147E+01	5,568179E+03
12,45	-1,199301E+06	5,366501E+02	5,098264E+01	5,568179E+03
12,455	-1,199301E+06	5,294430E+02	5,036705E+01	5,568179E+03
12,46	-1,199302E+06	5,492359E+02	4,979690E+01	5,568179E+03
12,465	-1,199301E+06	5,595346E+02	4,877141E+01	5,568179E+03
12,47	-1,199302E+06	5,728508E+02	4,795325E+01	5,568179E+03
12,475	-1,199300E+06	5,340560E+02	4,779620E+01	5,568179E+03
12,48	-1,199301E+06	5,696282E+02	4,743230E+01	5,568179E+03
12,485	-1,199302E+06	6,003894E+02	4,839334E+01	5,568179E+03
12,49	-1,199301E+06	5,755141E+02	4,961806E+01	5,568179E+03
12,495	-1,199302E+06	5,811397E+02	4,948277E+01	5,568179E+03
12,5	-1,199300E+06	5,392086E+02	4,963825E+01	5,568179E+03
12,505	-1,199301E+06	5,581354E+02	4,957377E+01	5,568179E+03
12,51	-1,199301E+06	5,768824E+02	5,004618E+01	5,568179E+03
12,515	-1,199301E+06	5,790635E+02	5,139659E+01	5,568179E+03
12,52	-1,199301E+06	5,873293E+02	5,203621E+01	5,568179E+03
12,525	-1,199301E+06	5,866993E+02	5,190122E+01	5,568179E+03
12,53	-1,199301E+06	5,868333E+02	5,233506E+01	5,568179E+03
12,535	-1,199301E+06	6,121585E+02	5,233839E+01	5,568179E+03
12,54	-1,199301E+06	6,199179E+02	5,223168E+01	5,568179E+03
12,545	-1,199300E+06	5,990293E+02	5,239330E+01	5,568179E+03
12,55	-1,199302E+06	5,992917E+02	5,129395E+01	5,568179E+03
12,555	-1,199300E+06	5,552198E+02	5,068303E+01	5,568179E+03
12,56	-1,199300E+06	5,495984E+02	5,041507E+01	5,568179E+03
12,565	-1,199301E+06	5,875672E+02	4,965509E+01	5,568179E+03
12,57	-1,199301E+06	6,016830E+02	4,960550E+01	5,568179E+03
12,575	-1,199301E+06	6,067414E+02	4,980236E+01	5,568179E+03
12,58	-1,199301E+06	6,081318E+02	4,914288E+01	5,568179E+03
12,585	-1,199301E+06	5,934443E+02	4,889457E+01	5,568179E+03
12,59	-1,199300E+06	5,799589E+02	4,863825E+01	5,568179E+03
12,595	-1,199301E+06	6,006277E+02	4,756011E+01	5,568179E+03
12,6	-1,199301E+06	5,833233E+02	4,798221E+01	5,568179E+03
12,605	-1,199300E+06	5,773283E+02	4,836024E+01	5,568179E+03
12,61	-1,199302E+06	6,344963E+02	4,777532E+01	5,568179E+03
12,615	-1,199300E+06	5,889765E+02	4,846901E+01	5,568179E+03
12,62	-1,199300E+06	5,624808E+02	4,830646E+01	5,568179E+03
12,625	-1,199301E+06	6,047966E+02	4,802818E+01	5,568179E+03
12,63	-1,199300E+06	5,954034E+02	4,941147E+01	5,568179E+03
12,635	-1,199300E+06	6,209538E+02	4,926769E+01	5,568179E+03
12,64	-1,199301E+06	6,396841E+02	4,835611E+01	5,568179E+03
12,645	-1,199300E+06	6,120270E+02	4,845600E+01	5,568179E+03
12,65	-1,199300E+06	6,190074E+02	4,785593E+01	5,568179E+03
12,655	-1,199301E+06	6,324068E+02	4,708812E+01	5,568179E+03
12,66	-1,199300E+06	6,158375E+02	4,666004E+01	5,568179E+03
12,665	-1,199300E+06	6,114336E+02	4,524287E+01	5,568179E+03
12,67	-1,199301E+06	6,175505E+02	4,474042E+01	5,568179E+03
12,675	-1,199300E+06	6,137189E+02	4,662805E+01	5,568179E+03
12,68	-1,199301E+06	6,441051E+02	4,829892E+01	5,568179E+03
12,685	-1,199300E+06	6,419257E+02	4,970395E+01	5,568179E+03
12,69	-1,199300E+06	6,204556E+02	5,085018E+01	5,568179E+03
12,695	-1,199299E+06	5,980153E+02	5,156080E+01	5,568179E+03
12,7	-1,199301E+06	6,514744E+02	5,219673E+01	5,568179E+03
12,705	-1,199300E+06	6,316248E+02	5,335170E+01	5,568179E+03
12,71	-1,199300E+06	6,513236E+02	5,344814E+01	5,568179E+03
12,715	-1,199301E+06	7,045276E+02	5,379651E+01	5,568179E+03
12,72	-1,199300E+06	6,504716E+02	5,362892E+01	5,568179E+03
12,725	-1,199300E+06	6,101295E+02	5,196490E+01	5,568179E+03
12,73	-1,199300E+06	5,868296E+02	5,169009E+01	5,568179E+03
12,735	-1,199299E+06	6,127446E+02	5,129912E+01	5,568179E+03
12,74	-1,199301E+06	6,735303E+02	4,945437E+01	5,568179E+03
12,745	-1,199299E+06	6,297258E+02	4,895265E+01	5,568179E+03
12,75	-1,199300E+06	6,506956E+02	4,907957E+01	5,568179E+03
12,755	-1,199301E+06	7,042038E+02	4,920011E+01	5,568179E+03
12,76	-1,199300E+06	6,732139E+02	5,000670E+01	5,568179E+03
12,765	-1,199300E+06	6,433899E+02	5,030675E+01	5,568179E+03
12,77	-1,199300E+06	6,465687E+02	4,947699E+01	5,568179E+03
12,775	-1,199300E+06	6,364040E+02	4,903545E+01	5,568179E+03
12,78	-1,199299E+06	6,450636E+02	4,874239E+01	5,568179E+03
12,785	-1,199301E+06	6,869565E+02	4,847406E+01	5,568179E+03
12,79	-1,199299E+06	6,627680E+02	4,942757E+01	5,568179E+03
12,795	-1,199300E+06	6,686686E+02	4,928425E+01	5,568179E+03
12,8	-1,199301E+06	6,835500E+02	4,800526E+01	5,568179E+03
12,805	-1,199299E+06	6,184030E+02	4,772564E+01	5,568179E+03
12,81	-1,199299E+06	6,207721E+02	4,731267E+01	5,568179E+03
12,815	-1,199301E+06	6,697937E+02	4,795027E+01	5,568179E+03
12,82	-1,199299E+06	6,479333E+02	4,993524E+01	5,568179E+03
12,825	-1,199300E+06	6,870712E+02	5,015783E+01	5,568179E+03
12,83	-1,199300E+06	6,729172E+02	5,033662E+01	5,568179E+03
12,835	-1,199298E+06	6,117669E+02	5,048035E+01	5,568179E+03
12,84	-1,199300E+06	6,617881E+02	4,932556E+01	5,568179E+03
12,845	-1,199300E+06	6,717877E+02	4,855043E+01	5,568179E+03
12,85	-1,199299E+06	6,406383E+02	4,698162E+01	5,568179E+03
12,855	-1,199300E+06	6,540752E+02	4,445661E+01	5,568179E+03
12,86	-1,199300E+06	6,414035E+02	4,321319E+01	5,568179E+03
12,865	-1,199299E+06	6,213173E+02	4,323491E+01	5,568179E+03
12,87	-1,199300E+06	6,770322E+02	4,360945E+01	5,568179E+03
12,875	-1,199300E+06	6,974542E+02	4,458207E+01	5,568179E+03
12,88	-1,199299E+06	6,838522E+02	4,454414E+01	5,568179E+03
12,885	-1,199301E+06	7,001407E+02	4,394091E+01	5,568179E+03
12,89	-1,199299E+06	6,586800E+02	4,540334E+01	5,568179E+03
12,895	-1,199300E+06	6,621239E+02	4,695496E+01	5,568179E+03
12,9	-1,199300E+06	6,549946E+02	4,790893E+01	5,568179E+03
12,905	-1,199299E+06	6,607471E+02	4,898101E+01	5,568179E+03
12,91	-1,199300E+06	6,979469E+02	4,977913E+01	5,568179E+03
12,915	-1,199300E+06	7,042210E+02	5,005645E+01	5,568179E+03
12,92	-1,199300E+06	6,847282E+02	5,089507E+01	5,568179E+03
12,925	-1,199299E+06	6,816842E+02	5,130428E+01	5,568179E+03
12,93	-1,199301E+06	7,374202E+02	4,965457E+01	5,568179E+03
12,935	-1,199300E+06	6,847298E+02	4,891819E+01	5,568179E+03
12,94	-1,199299E+06	6,416314E+02	4,758170E+01	5,568179E+03
12,945	-1,199300E+06	6,586321E+02	4,586434E+01	5,568179E+03
12,95	-1,199299E+06	6,599326E+02	4,669251E+01	5,568179E+03
12,955	-1,199300E+06	7,035871E+02	4,708940E+01	5,568179E+03
12,96	-1,199300E+06	7,009890E+02	4,704311E+01	5,568179E+03
12,965	-1,199299E+06	6,816651E+02	4,738851E+01	5,568179E+03
12,97	-1,199300E+06	6,884325E+02	4,628044E+01	5,568179E+03
12,975	-1,199300E+06	6,508074E+02	4,574436E+01	5,568179E+03
12,98	-1,199299E+06	6,359450E+02	4,651060E+01	5,568179E+03
12,985	-1,199300E+06	6,972926E+02	4,693616E+01	5,568179E+03
12,99	-1,199300E+06	7,128812E+02	4,803566E+01	5,568179E+03
12,995	-1,199299E+06	6,742074E+02	4,903284E+01	5,568179E+03
13,0	-1,199300E+06	7,002810E+02	4,856078E+01	5,568179E+03
13,005	-1,199300E+06	6,900780E+02	4,850274E+01	5,568179E+03
13,01	-1,199299E+06	6,634022E+02	4,809595E+01	5,568179E+03
13,015	-1,199300E+06	6,815283E+02	4,682113E+01	5,568179E+03
13,02	-1,199300E+06	6,748090E+02	4,629955E+01	5,568179E+03
13,025	-1,199300E+06	6,585032E+02	4,630539E+01	5,568179E+03
13,03	-1,199300E+06	6,527550E+02	4,631063E+01	5,568179E+03
13,035	-1,199300E+06	6,615917E+02	4,667676E+01	5,568179E+03
13,04	-1,199300E+06	6,661799E+02	4,748618E+01	5,568179E+03
13,045	-1,199300E+06	6,691322E+02	4,768295E+01	5,568179E+03
13,05	-1,199300E+06	6,837725E+02	4,821134E+01	5,568179E+03
13,055	-1,199300E+06	6,837502E+02	4,938853E+01	5,568179E+03
13,06	-1,199300E+06	7,025475E+02	4,899886E+01	5,568179E+03
13,065	-1,199300E+06	6,963299E+02	4,931740E+01	5,568179E+03
13,07	-1,199299E+06	6,723538E+02	5,049950E+01	5,568179E+03
13,075	-1,199301E+06	7,003189E+02	5,035722E+01	5,568179E+03
13,08	-1,199300E+06	6,756328E+02	5,098959E+01	5,568179E+03
13,085	-1,199300E+06	6,554740E+02	5,135514E+01	5,568179E+03
13,09	-1,199300E+06	6,659991E+02	5,157803E+01	5,568179E+03
13,095	-1,199300E+06	6,765975E+02	5,309109E+01	5,568179E+03
13,1	-1,199301E+06	6,996465E+02	5,356660E+01	5,568179E+03
13,105	-1,199300E+06	6,595860E+02	5,354351E+01	5,568179E+03
13,11	-1,199299E+06	6,438375E+02	5,419595E+01	5,568179E+03
13,115	-1,199301E+06	7,038179E+02	5,375253E+01	5,568179E+03
13,12	-1,199300E+06	6,763399E+02	5,302466E+01	5,568179E+03
13,125	-1,199300E+06	6,433442E+02	5,201784E+01	5,568179E+03
13,13	-1,199300E+06	6,398438E+02	5,161610E+01	5,568179E+03
13,135	-1,199300E+06	6,708432E+02	5,221827E+01	5,568179E+03
13,14	-1,199301E+06	7,144077E+02	5,184368E+01	5,568179E+03
13,145	-1,199300E+06	6,881062E+02	5,076538E+01	5,568179E+03
13,15	-1,199300E+06	6,535484E+02	5,011375E+01	5,568179E+03
13,155	-1,199300E+06	6,535921E+02	4,976078E+01	5,568179E+03
13,16	-1,199301E+06	6,806538E+02	4,943110E+01	5,568179E+03
13,165	-1,199300E+06	6,530534E+02	4,980171E+01	5,568179E+03
13,17	-1,199300E+06	6,718935E+02	4,990482E+01	5,568179E+03
13,175	-1,199301E+06	6,886500E+02	4,985086E+01	5,568179E+03
13,18	-1,199300E+06	6,690887E+02	4,944291E+01	5,568179E+03
13,185	-1,199300E+06	6,527993E+02	4,860222E+01	5,568179E+03
13,19	-1,199301E+06	6,582276E+02	4,702257E+01	5,568179E+03
13,195	-1,199300E+06	6,438473E+02	4,689249E+01	5,568179E+03
13,2	-1,199300E+06	6,504230E+02	4,894076E+01	5,568179E+03
13,205	-1,199302E+06	6,920439E+02	5,069202E+01	5,568179E+03
13,21	-1,199299E+06	6,470537E+02	5,267260E+01	5,568179E+03
13,215	-1,199301E+06	6,675285E+02	5,314787E+01	5,568179E+03
13,22	-1,199301E+06	6,772167E+02	5,238239E+01	5,568179E+03
13,225	-1,199300E+06	6,611593E+02	5,219416E+01	5,568179E+03
13,23	-1,199301E+06	6,867912E+02	5,122927E+01	5,568179E+03
13,235	-1,199301E+06	6,626195E+02	4,965220E+01	5,568179E+03
13,24	-1,199299E+06	6,212619E+02	4,887400E+01	5,568179E+03
13,245	-1,199301E+06	6,780246E+02	4,817184E+01	5,568179E+03
13,25	-1,199301E+06	7,005530E+02	4,826184E+01	5,568179E+03
13,255	-1,199300E+06	6,626076E+02	4,833448E+01	5,568179E+03
13,26	-1,199301E+06	6,741578E+02	4,714600E+01	5,568179E+03
13,265	-1,199301E+06	6,836062E+02	4,671333E+01	5,568179E+03
13,27	-1,199300E+06	6,652699E+02	4,650789E+01	5,568179E+03
13,275	-1,199300E+06	6,672577E+02	4,596927E+01	5,568179E+03
13,28	-1,199301E+06	6,790020E+02	4,714102E+01	5,568179E+03
13,285	-1,199301E+06	6,861691E+02	4,819992E+01	5,568179E+03
13,29	-1,199301E+06	6,711230E+02	4,844845E+01	5,568179E+03
13,295	-1,199301E+06	6,513125E+02	4,957344E+01	5,568179E+03
13,3	-1,199300E+06	6,405998E+02	4,998044E+01	5,568179E+03
13,305	-1,199301E+06	6,479343E+02	4,918961E+01	5,568179E+03
13,31	-1,199300E+06	6,243600E+02	4,901394E+01	5,568179E+03
13,315	-1,199301E+06	6,658364E+02	4,788492E+01	5,568179E+03
13,32	-1,199301E+06	6,443649E+02	4,655674E+01	5,568179E+03
13,325	-1,199300E+06	6,170443E+02	4,565774E+01	5,568179E+03
13,33	-1,199301E+06	6,525274E+02	4,542096E+01	5,568179E+03
