t	totalEnergy 	temperature  	pressure 	volume 		PtensXX 	PtensXY 	PtensXZ 	PtensYX 	PtensYY 	PtensYZ 	PtensZX 	PtensZY 	PtensZZ
0,0	-1,199327E+06	2,999998E+02	1,641954E+01	5,568179E+03
0,005	-1,199337E+06	5,615222E+02	2,414942E+01	5,568179E+03
0,01	-1,199334E+06	6,751910E+02	3,925195E+01	5,568179E+03
0,015	-1,199333E+06	7,188362E+02	5,133441E+01	5,568179E+03
0,02	-1,199336E+06	7,906472E+02	6,041907E+01	5,568179E+03
0,025	-1,199331E+06	6,843047E+02	6,718858E+01	5,568179E+03
0,03	-1,199334E+06	7,097801E+02	7,119563E+01	5,568179E+03
0,035	-1,199335E+06	7,163521E+02	7,135147E+01	5,568179E+03
0,04	-1,199332E+06	6,517953E+02	6,792866E+01	5,568179E+03
0,045	-1,199334E+06	6,998290E+02	6,122549E+01	5,568179E+03
0,05	-1,199334E+06	7,005612E+02	5,229354E+01	5,568179E+03
0,055	-1,199333E+06	6,702014E+02	4,584482E+01	5,568179E+03
0,06	-1,199335E+06	6,940130E+02	4,205952E+01	5,568179E+03
0,065	-1,199334E+06	6,548167E+02	4,023682E+01	5,568179E+03
0,07	-1,199333E+06	6,222445E+02	4,006682E+01	5,568179E+03
0,075	-1,199334E+06	6,876042E+02	4,007702E+01	5,568179E+03
0,08	-1,199335E+06	7,170430E+02	4,300891E+01	5,568179E+03
0,085	-1,199332E+06	6,651375E+02	4,906530E+01	5,568179E+03
0,09	-1,199336E+06	7,568897E+02	5,396176E+01	5,568179E+03
0,095	-1,199334E+06	7,390646E+02	5,877442E+01	5,568179E+03
0,1	-1,199333E+06	6,850847E+02	6,122044E+01	5,568179E+03
0,105	-1,199335E+06	6,835337E+02	6,076006E+01	5,568179E+03
0,11	-1,199332E+06	6,143127E+02	6,005039E+01	5,568179E+03
0,115	-1,199335E+06	6,702395E+02	5,765266E+01	5,568179E+03
0,12	-1,199334E+06	6,538771E+02	5,520257E+01	5,568179E+03
0,125	-1,199333E+06	6,414139E+02	5,180248E+01	5,568179E+03
0,13	-1,199335E+06	6,643879E+02	4,766675E+01	5,568179E+03
0,135	-1,199333E+06	5,976415E+02	4,352130E+01	5,568179E+03
0,14	-1,199333E+06	5,911052E+02	4,062070E+01	5,568179E+03
0,145	-1,199335E+06	6,747651E+02	4,191489E+01	5,568179E+03
0,15	-1,199334E+06	6,836339E+02	4,415778E+01	5,568179E+03
0,155	-1,199334E+06	6,853413E+02	4,497383E+01	5,568179E+03
0,16	-1,199335E+06	7,115053E+02	4,529152E+01	5,568179E+03
0,165	-1,199334E+06	6,794140E+02	4,530063E+01	5,568179E+03
0,17	-1,199334E+06	6,681172E+02	4,811648E+01	5,568179E+03
0,175	-1,199335E+06	6,876666E+02	5,067788E+01	5,568179E+03
0,18	-1,199333E+06	6,431817E+02	5,166163E+01	5,568179E+03
0,185	-1,199335E+06	6,532616E+02	5,253588E+01	5,568179E+03
0,19	-1,199333E+06	6,384156E+02	5,110481E+01	5,568179E+03
0,195	-1,199334E+06	6,520104E+02	4,994443E+01	5,568179E+03
0,2	-1,199334E+06	6,638662E+02	4,970021E+01	5,568179E+03
0,205	-1,199333E+06	6,520112E+02	4,732329E+01	5,568179E+03
0,21	-1,199335E+06	6,933392E+02	4,376735E+01	5,568179E+03
0,215	-1,199334E+06	6,880600E+02	3,895706E+01	5,568179E+03
0,22	-1,199334E+06	6,632064E+02	3,719789E+01	5,568179E+03
0,225	-1,199334E+06	6,687499E+02	4,062824E+01	5,568179E+03
0,23	-1,199335E+06	6,846407E+02	4,390132E+01	5,568179E+03
0,235	-1,199334E+06	6,708728E+02	4,603024E+01	5,568179E+03
0,24	-1,199335E+06	6,830824E+02	4,702218E+01	5,568179E+03
0,245	-1,199334E+06	6,523481E+02	4,853840E+01	5,568179E+03
0,25	-1,199334E+06	6,462753E+02	5,106832E+01	5,568179E+03
0,255	-1,199335E+06	6,478391E+02	5,300674E+01	5,568179E+03
0,26	-1,199333E+06	6,007447E+02	5,419633E+01	5,568179E+03
0,265	-1,199335E+06	6,466523E+02	5,309104E+01	5,568179E+03
0,27	-1,199334E+06	6,538015E+02	5,053766E+01	5,568179E+03
0,275	-1,199333E+06	6,370469E+02	4,792521E+01	5,568179E+03
0,28	-1,199335E+06	6,666251E+02	4,561345E+01	5,568179E+03
0,285	-1,199334E+06	6,512779E+02	4,411428E+01	5,568179E+03
0,29	-1,199334E+06	6,353914E+02	4,220117E+01	5,568179E+03
0,295	-1,199334E+06	6,156760E+02	4,016938E+01	5,568179E+03
0,3	-1,199334E+06	6,108361E+02	3,979002E+01	5,568179E+03
0,305	-1,199333E+06	6,014276E+02	4,216794E+01	5,568179E+03
0,31	-1,199335E+06	6,425201E+02	4,662144E+01	5,568179E+03
0,315	-1,199334E+06	6,395604E+02	5,217452E+01	5,568179E+03
0,32	-1,199334E+06	6,288574E+02	5,619539E+01	5,568179E+03
0,325	-1,199335E+06	6,420381E+02	5,825657E+01	5,568179E+03
0,33	-1,199333E+06	5,995336E+02	5,924457E+01	5,568179E+03
0,335	-1,199335E+06	6,616973E+02	5,927959E+01	5,568179E+03
0,34	-1,199335E+06	6,621204E+02	5,873432E+01	5,568179E+03
0,345	-1,199334E+06	6,403092E+02	5,539015E+01	5,568179E+03
0,35	-1,199335E+06	6,367524E+02	5,011297E+01	5,568179E+03
0,355	-1,199333E+06	5,862262E+02	4,432669E+01	5,568179E+03
0,36	-1,199336E+06	6,414406E+02	4,042189E+01	5,568179E+03
0,365	-1,199334E+06	6,254557E+02	4,141732E+01	5,568179E+03
0,37	-1,199334E+06	6,213930E+02	4,339336E+01	5,568179E+03
0,375	-1,199335E+06	6,516642E+02	4,474677E+01	5,568179E+03
0,38	-1,199334E+06	6,265399E+02	4,485336E+01	5,568179E+03
0,385	-1,199335E+06	6,403059E+02	4,560329E+01	5,568179E+03
0,39	-1,199334E+06	6,195176E+02	5,063697E+01	5,568179E+03
0,395	-1,199335E+06	6,443708E+02	5,471975E+01	5,568179E+03
0,4	-1,199335E+06	6,339967E+02	5,656252E+01	5,568179E+03
0,405	-1,199335E+06	6,143062E+02	5,654678E+01	5,568179E+03
0,41	-1,199335E+06	5,943963E+02	5,527821E+01	5,568179E+03
0,415	-1,199334E+06	5,742031E+02	5,577391E+01	5,568179E+03
0,42	-1,199337E+06	6,321445E+02	5,633455E+01	5,568179E+03
0,425	-1,199334E+06	5,930431E+02	5,603779E+01	5,568179E+03
0,43	-1,199335E+06	6,402259E+02	5,341740E+01	5,568179E+03
0,435	-1,199336E+06	6,632693E+02	4,970714E+01	5,568179E+03
0,44	-1,199334E+06	6,016129E+02	4,646345E+01	5,568179E+03
0,445	-1,199336E+06	6,317973E+02	4,365266E+01	5,568179E+03
0,45	-1,199335E+06	5,740309E+02	4,229983E+01	5,568179E+03
0,455	-1,199334E+06	5,398103E+02	4,026174E+01	5,568179E+03
0,46	-1,199336E+06	5,798565E+02	3,807889E+01	5,568179E+03
0,465	-1,199334E+06	5,602431E+02	3,886341E+01	5,568179E+03
0,47	-1,199336E+06	6,017781E+02	4,176028E+01	5,568179E+03
0,475	-1,199336E+06	6,313732E+02	4,668978E+01	5,568179E+03
0,48	-1,199335E+06	6,025695E+02	5,263614E+01	5,568179E+03
0,485	-1,199335E+06	5,852351E+02	5,686325E+01	5,568179E+03
0,49	-1,199336E+06	5,942067E+02	5,815046E+01	5,568179E+03
0,495	-1,199335E+06	5,609579E+02	5,795621E+01	5,568179E+03
0,5	-1,199336E+06	5,900343E+02	5,652219E+01	5,568179E+03
0,505	-1,199336E+06	5,774233E+02	5,425709E+01	5,568179E+03
0,51	-1,199334E+06	5,555223E+02	5,100896E+01	5,568179E+03
0,515	-1,199337E+06	6,236043E+02	4,685428E+01	5,568179E+03
0,52	-1,199336E+06	5,887235E+02	4,372970E+01	5,568179E+03
0,525	-1,199335E+06	5,541771E+02	4,226570E+01	5,568179E+03
0,53	-1,199337E+06	5,847349E+02	4,214872E+01	5,568179E+03
0,535	-1,199335E+06	5,666339E+02	4,321637E+01	5,568179E+03
0,54	-1,199336E+06	5,826754E+02	4,440237E+01	5,568179E+03
0,545	-1,199336E+06	5,913348E+02	4,540187E+01	5,568179E+03
0,55	-1,199336E+06	5,768140E+02	4,683111E+01	5,568179E+03
0,555	-1,199336E+06	5,428047E+02	4,887980E+01	5,568179E+03
0,56	-1,199336E+06	5,082565E+02	5,044628E+01	5,568179E+03
0,565	-1,199336E+06	5,052671E+02	5,156477E+01	5,568179E+03
0,57	-1,199336E+06	5,431792E+02	5,154618E+01	5,568179E+03
0,575	-1,199337E+06	5,749877E+02	5,019757E+01	5,568179E+03
0,58	-1,199335E+06	5,610097E+02	4,952113E+01	5,568179E+03
0,585	-1,199337E+06	5,908633E+02	4,830562E+01	5,568179E+03
0,59	-1,199336E+06	5,484127E+02	4,670208E+01	5,568179E+03
0,595	-1,199335E+06	5,281268E+02	4,509464E+01	5,568179E+03
0,6	-1,199337E+06	5,697759E+02	4,290597E+01	5,568179E+03
0,605	-1,199336E+06	5,542397E+02	4,148095E+01	5,568179E+03
0,61	-1,199337E+06	5,452189E+02	4,223138E+01	5,568179E+03
0,615	-1,199336E+06	5,293969E+02	4,485438E+01	5,568179E+03
0,62	-1,199337E+06	5,586444E+02	4,754742E+01	5,568179E+03
0,625	-1,199337E+06	5,627939E+02	4,946263E+01	5,568179E+03
0,63	-1,199336E+06	5,331170E+02	4,930590E+01	5,568179E+03
0,635	-1,199336E+06	5,350092E+02	4,870438E+01	5,568179E+03
0,64	-1,199337E+06	5,447120E+02	4,922311E+01	5,568179E+03
0,645	-1,199336E+06	5,408649E+02	4,892281E+01	5,568179E+03
0,65	-1,199337E+06	5,382834E+02	4,738244E+01	5,568179E+03
0,655	-1,199337E+06	5,231411E+02	4,551825E+01	5,568179E+03
0,66	-1,199336E+06	5,075216E+02	4,365490E+01	5,568179E+03
0,665	-1,199337E+06	5,181304E+02	4,382319E+01	5,568179E+03
0,67	-1,199337E+06	5,305315E+02	4,545556E+01	5,568179E+03
0,675	-1,199337E+06	5,483391E+02	4,599771E+01	5,568179E+03
0,68	-1,199337E+06	5,445056E+02	4,576520E+01	5,568179E+03
0,685	-1,199337E+06	5,469434E+02	4,407658E+01	5,568179E+03
0,69	-1,199337E+06	5,400226E+02	4,302486E+01	5,568179E+03
0,695	-1,199336E+06	4,964731E+02	4,411954E+01	5,568179E+03
0,7	-1,199337E+06	4,966419E+02	4,487791E+01	5,568179E+03
0,705	-1,199337E+06	5,249507E+02	4,481017E+01	5,568179E+03
0,71	-1,199337E+06	5,037794E+02	4,402412E+01	5,568179E+03
0,715	-1,199336E+06	4,580072E+02	4,359795E+01	5,568179E+03
0,72	-1,199338E+06	4,952872E+02	4,457769E+01	5,568179E+03
0,725	-1,199337E+06	4,959136E+02	4,647940E+01	5,568179E+03
0,73	-1,199336E+06	4,836291E+02	4,719372E+01	5,568179E+03
0,735	-1,199338E+06	5,299532E+02	4,603627E+01	5,568179E+03
0,74	-1,199337E+06	4,937616E+02	4,555997E+01	5,568179E+03
0,745	-1,199337E+06	4,999805E+02	4,557781E+01	5,568179E+03
0,75	-1,199338E+06	5,185514E+02	4,575001E+01	5,568179E+03
0,755	-1,199337E+06	4,777407E+02	4,565010E+01	5,568179E+03
0,76	-1,199338E+06	4,915074E+02	4,379648E+01	5,568179E+03
0,765	-1,199338E+06	4,869976E+02	4,250563E+01	5,568179E+03
0,77	-1,199337E+06	4,701853E+02	4,315843E+01	5,568179E+03
0,775	-1,199338E+06	4,993354E+02	4,450063E+01	5,568179E+03
0,78	-1,199338E+06	4,909645E+02	4,697993E+01	5,568179E+03
0,785	-1,199337E+06	4,604976E+02	4,969044E+01	5,568179E+03
0,79	-1,199338E+06	5,035119E+02	5,059153E+01	5,568179E+03
0,795	-1,199338E+06	4,926156E+02	5,083115E+01	5,568179E+03
0,8	-1,199337E+06	4,596522E+02	5,039234E+01	5,568179E+03
0,805	-1,199338E+06	4,768954E+02	4,961429E+01	5,568179E+03
0,81	-1,199337E+06	4,472744E+02	4,938614E+01	5,568179E+03
0,815	-1,199337E+06	4,662914E+02	4,732713E+01	5,568179E+03
0,82	-1,199339E+06	4,955233E+02	4,403481E+01	5,568179E+03
0,825	-1,199337E+06	4,473704E+02	4,161627E+01	5,568179E+03
0,83	-1,199338E+06	4,611223E+02	4,012612E+01	5,568179E+03
0,835	-1,199338E+06	4,650601E+02	4,058593E+01	5,568179E+03
0,84	-1,199337E+06	4,318662E+02	4,153495E+01	5,568179E+03
0,845	-1,199338E+06	4,531766E+02	4,151172E+01	5,568179E+03
0,85	-1,199338E+06	4,307238E+02	4,263079E+01	5,568179E+03
0,855	-1,199337E+06	4,131556E+02	4,553314E+01	5,568179E+03
0,86	-1,199339E+06	4,525420E+02	4,912746E+01	5,568179E+03
0,865	-1,199338E+06	4,431881E+02	5,267138E+01	5,568179E+03
0,87	-1,199338E+06	4,443852E+02	5,439528E+01	5,568179E+03
0,875	-1,199338E+06	4,722431E+02	5,349848E+01	5,568179E+03
0,88	-1,199338E+06	4,674567E+02	5,169991E+01	5,568179E+03
0,885	-1,199338E+06	4,441247E+02	4,974916E+01	5,568179E+03
0,89	-1,199339E+06	4,467519E+02	4,720850E+01	5,568179E+03
0,895	-1,199338E+06	4,139313E+02	4,527169E+01	5,568179E+03
0,9	-1,199338E+06	4,220424E+02	4,288172E+01	5,568179E+03
0,905	-1,199339E+06	4,565711E+02	4,066198E+01	5,568179E+03
0,91	-1,199338E+06	4,286685E+02	4,086592E+01	5,568179E+03
0,915	-1,199339E+06	4,266444E+02	4,221946E+01	5,568179E+03
0,92	-1,199338E+06	4,272849E+02	4,446706E+01	5,568179E+03
0,925	-1,199338E+06	4,355166E+02	4,650477E+01	5,568179E+03
0,93	-1,199339E+06	4,598574E+02	4,669138E+01	5,568179E+03
0,935	-1,199338E+06	4,205393E+02	4,688351E+01	5,568179E+03
0,94	-1,199338E+06	4,150180E+02	4,765364E+01	5,568179E+03
0,945	-1,199339E+06	4,288434E+02	4,870031E+01	5,568179E+03
0,95	-1,199338E+06	4,029605E+02	4,966370E+01	5,568179E+03
0,955	-1,199339E+06	4,152931E+02	4,985568E+01	5,568179E+03
0,96	-1,199339E+06	4,212212E+02	4,979171E+01	5,568179E+03
0,965	-1,199339E+06	4,185218E+02	4,918691E+01	5,568179E+03
0,97	-1,199339E+06	4,263702E+02	4,835892E+01	5,568179E+03
0,975	-1,199339E+06	4,114126E+02	4,766453E+01	5,568179E+03
0,98	-1,199339E+06	4,030475E+02	4,637633E+01	5,568179E+03
0,985	-1,199339E+06	4,012156E+02	4,454396E+01	5,568179E+03
0,99	-1,199339E+06	4,011555E+02	4,258119E+01	5,568179E+03
0,995	-1,199339E+06	4,087962E+02	4,209063E+01	5,568179E+03
1,0	-1,199339E+06	3,956870E+02	4,315460E+01	5,568179E+03
1,005	-1,199339E+06	3,911271E+02	4,386604E+01	5,568179E+03
1,01	-1,199339E+06	3,918369E+02	4,445521E+01	5,568179E+03
1,015	-1,199339E+06	3,849378E+02	4,442449E+01	5,568179E+03
1,02	-1,199339E+06	3,873948E+02	4,450259E+01	5,568179E+03
1,025	-1,199339E+06	3,859279E+02	4,621691E+01	5,568179E+03
1,03	-1,199339E+06	3,844265E+02	4,716880E+01	5,568179E+03
1,035	-1,199339E+06	3,722490E+02	4,739140E+01	5,568179E+03
1,04	-1,199340E+06	3,829126E+02	4,680698E+01	5,568179E+03
1,045	-1,199339E+06	3,670349E+02	4,550379E+01	5,568179E+03
1,05	-1,199339E+06	3,619176E+02	4,555209E+01	5,568179E+03
1,055	-1,199340E+06	3,850883E+02	4,594888E+01	5,568179E+03
1,06	-1,199339E+06	3,826574E+02	4,600140E+01	5,568179E+03
1,065	-1,199339E+06	3,861672E+02	4,597037E+01	5,568179E+03
1,07	-1,199339E+06	3,708895E+02	4,571862E+01	5,568179E+03
1,075	-1,199339E+06	3,465952E+02	4,651452E+01	5,568179E+03
1,08	-1,199340E+06	3,606448E+02	4,814389E+01	5,568179E+03
1,085	-1,199339E+06	3,584755E+02	4,976839E+01	5,568179E+03
1,09	-1,199339E+06	3,629958E+02	5,073559E+01	5,568179E+03
1,095	-1,199340E+06	3,862935E+02	5,049641E+01	5,568179E+03
1,1	-1,199339E+06	3,687673E+02	5,022616E+01	5,568179E+03
1,105	-1,199339E+06	3,653069E+02	5,020319E+01	5,568179E+03
1,11	-1,199340E+06	3,644424E+02	5,043602E+01	5,568179E+03
1,115	-1,199339E+06	3,534083E+02	5,055950E+01	5,568179E+03
1,12	-1,199340E+06	3,810531E+02	4,948340E+01	5,568179E+03
1,125	-1,199339E+06	3,570394E+02	4,866852E+01	5,568179E+03
1,13	-1,199339E+06	3,546858E+02	4,853867E+01	5,568179E+03
1,135	-1,199340E+06	3,688218E+02	4,898890E+01	5,568179E+03
1,14	-1,199339E+06	3,428617E+02	5,015667E+01	5,568179E+03
1,145	-1,199340E+06	3,577045E+02	5,047355E+01	5,568179E+03
1,15	-1,199340E+06	3,533659E+02	5,026907E+01	5,568179E+03
1,155	-1,199340E+06	3,517730E+02	5,003855E+01	5,568179E+03
1,16	-1,199340E+06	3,394431E+02	5,036250E+01	5,568179E+03
1,165	-1,199340E+06	3,469708E+02	5,128727E+01	5,568179E+03
1,17	-1,199340E+06	3,456357E+02	5,228859E+01	5,568179E+03
1,175	-1,199340E+06	3,412043E+02	5,229958E+01	5,568179E+03
1,18	-1,199341E+06	3,642170E+02	5,100109E+01	5,568179E+03
1,185	-1,199339E+06	3,236506E+02	5,031773E+01	5,568179E+03
1,19	-1,199340E+06	3,275128E+02	4,983526E+01	5,568179E+03
1,195	-1,199341E+06	3,264266E+02	4,949191E+01	5,568179E+03
1,2	-1,199340E+06	3,111415E+02	4,930178E+01	5,568179E+03
1,205	-1,199341E+06	3,352801E+02	4,813184E+01	5,568179E+03
1,21	-1,199340E+06	3,285041E+02	4,701765E+01	5,568179E+03
1,215	-1,199341E+06	3,340791E+02	4,696164E+01	5,568179E+03
1,22	-1,199341E+06	3,257772E+02	4,738226E+01	5,568179E+03
1,225	-1,199340E+06	3,072255E+02	4,796413E+01	5,568179E+03
1,23	-1,199341E+06	3,197387E+02	4,854651E+01	5,568179E+03
1,235	-1,199341E+06	3,254513E+02	4,837588E+01	5,568179E+03
1,24	-1,199340E+06	3,092490E+02	4,867754E+01	5,568179E+03
1,245	-1,199341E+06	3,149674E+02	4,998392E+01	5,568179E+03
1,25	-1,199341E+06	3,316472E+02	5,106962E+01	5,568179E+03
1,255	-1,199341E+06	3,277443E+02	5,180990E+01	5,568179E+03
1,26	-1,199341E+06	3,188848E+02	5,167754E+01	5,568179E+03
1,265	-1,199341E+06	3,060653E+02	5,135796E+01	5,568179E+03
1,27	-1,199341E+06	3,004320E+02	5,216640E+01	5,568179E+03
1,275	-1,199341E+06	3,091567E+02	5,294229E+01	5,568179E+03
1,28	-1,199341E+06	3,200953E+02	5,267936E+01	5,568179E+03
1,285	-1,199341E+06	3,093195E+02	5,179074E+01	5,568179E+03
1,29	-1,199341E+06	2,926466E+02	5,032187E+01	5,568179E+03
1,295	-1,199341E+06	2,979462E+02	4,915151E+01	5,568179E+03
1,3	-1,199341E+06	2,921975E+02	4,942075E+01	5,568179E+03
1,305	-1,199341E+06	2,987307E+02	4,972955E+01	5,568179E+03
1,31	-1,199341E+06	3,006899E+02	4,972431E+01	5,568179E+03
1,315	-1,199341E+06	2,963032E+02	4,989346E+01	5,568179E+03
1,32	-1,199341E+06	2,900055E+02	4,996348E+01	5,568179E+03
1,325	-1,199341E+06	2,944291E+02	5,100029E+01	5,568179E+03
1,33	-1,199341E+06	2,998776E+02	5,319515E+01	5,568179E+03
1,335	-1,199341E+06	3,073128E+02	5,420550E+01	5,568179E+03
1,34	-1,199341E+06	3,018320E+02	5,439043E+01	5,568179E+03
1,345	-1,199341E+06	2,876666E+02	5,411864E+01	5,568179E+03
1,35	-1,199342E+06	2,930781E+02	5,292131E+01	5,568179E+03
1,355	-1,199341E+06	2,760486E+02	5,266650E+01	5,568179E+03
1,36	-1,199341E+06	2,672242E+02	5,234408E+01	5,568179E+03
1,365	-1,199342E+06	2,917047E+02	5,075715E+01	5,568179E+03
1,37	-1,199341E+06	2,793567E+02	4,972108E+01	5,568179E+03
1,375	-1,199341E+06	2,635448E+02	4,922489E+01	5,568179E+03
1,38	-1,199342E+06	2,891669E+02	4,952400E+01	5,568179E+03
1,385	-1,199341E+06	2,823473E+02	5,137580E+01	5,568179E+03
1,39	-1,199341E+06	2,722408E+02	5,239667E+01	5,568179E+03
1,395	-1,199342E+06	2,826648E+02	5,229498E+01	5,568179E+03
1,4	-1,199341E+06	2,626842E+02	5,250304E+01	5,568179E+03
1,405	-1,199341E+06	2,722058E+02	5,238753E+01	5,568179E+03
1,41	-1,199342E+06	2,918744E+02	5,270073E+01	5,568179E+03
1,415	-1,199341E+06	2,752383E+02	5,355732E+01	5,568179E+03
1,42	-1,199342E+06	2,765602E+02	5,316819E+01	5,568179E+03
1,425	-1,199342E+06	2,567533E+02	5,241406E+01	5,568179E+03
1,43	-1,199341E+06	2,334090E+02	5,235559E+01	5,568179E+03
1,435	-1,199342E+06	2,564815E+02	5,241103E+01	5,568179E+03
1,44	-1,199342E+06	2,599196E+02	5,309545E+01	5,568179E+03
1,445	-1,199342E+06	2,568035E+02	5,396560E+01	5,568179E+03
1,45	-1,199342E+06	2,782600E+02	5,378511E+01	5,568179E+03
1,455	-1,199342E+06	2,646774E+02	5,341446E+01	5,568179E+03
1,46	-1,199341E+06	2,524161E+02	5,308171E+01	5,568179E+03
1,465	-1,199343E+06	2,793656E+02	5,279594E+01	5,568179E+03
1,47	-1,199342E+06	2,626427E+02	5,342486E+01	5,568179E+03
1,475	-1,199342E+06	2,649265E+02	5,308872E+01	5,568179E+03
1,48	-1,199343E+06	2,819539E+02	5,136308E+01	5,568179E+03
1,485	-1,199341E+06	2,332370E+02	5,042239E+01	5,568179E+03
1,49	-1,199342E+06	2,415265E+02	5,023322E+01	5,568179E+03
1,495	-1,199343E+06	2,607339E+02	5,125501E+01	5,568179E+03
1,5	-1,199342E+06	2,422929E+02	5,279405E+01	5,568179E+03
1,505	-1,199343E+06	2,550220E+02	5,305449E+01	5,568179E+03
1,51	-1,199342E+06	2,429109E+02	5,318054E+01	5,568179E+03
1,515	-1,199342E+06	2,393802E+02	5,358210E+01	5,568179E+03
1,52	-1,199343E+06	2,640070E+02	5,363392E+01	5,568179E+03
1,525	-1,199342E+06	2,510605E+02	5,371142E+01	5,568179E+03
1,53	-1,199342E+06	2,359757E+02	5,337008E+01	5,568179E+03
1,535	-1,199343E+06	2,494095E+02	5,191732E+01	5,568179E+03
1,54	-1,199342E+06	2,382979E+02	5,051896E+01	5,568179E+03
1,545	-1,199342E+06	2,227348E+02	5,025730E+01	5,568179E+03
1,55	-1,199343E+06	2,339595E+02	5,055942E+01	5,568179E+03
1,555	-1,199342E+06	2,268144E+02	5,102481E+01	5,568179E+03
1,56	-1,199342E+06	2,284543E+02	5,108525E+01	5,568179E+03
1,565	-1,199343E+06	2,350443E+02	5,096874E+01	5,568179E+03
1,57	-1,199342E+06	2,367494E+02	5,172598E+01	5,568179E+03
1,575	-1,199343E+06	2,465006E+02	5,276191E+01	5,568179E+03
1,58	-1,199342E+06	2,271399E+02	5,346757E+01	5,568179E+03
1,585	-1,199342E+06	2,235036E+02	5,372454E+01	5,568179E+03
1,59	-1,199343E+06	2,336340E+02	5,356246E+01	5,568179E+03
1,595	-1,199342E+06	2,250779E+02	5,372926E+01	5,568179E+03
1,6	-1,199343E+06	2,348378E+02	5,449950E+01	5,568179E+03
1,605	-1,199343E+06	2,336450E+02	5,557062E+01	5,568179E+03
1,61	-1,199342E+06	2,249037E+02	5,610510E+01	5,568179E+03
1,615	-1,199343E+06	2,283628E+02	5,567981E+01	5,568179E+03
1,62	-1,199343E+06	2,289817E+02	5,497839E+01	5,568179E+03
1,625	-1,199342E+06	2,221322E+02	5,472110E+01	5,568179E+03
1,63	-1,199343E+06	2,306908E+02	5,468969E+01	5,568179E+03
1,635	-1,199343E+06	2,270084E+02	5,450710E+01	5,568179E+03
1,64	-1,199342E+06	2,133588E+02	5,382457E+01	5,568179E+03
1,645	-1,199343E+06	2,183594E+02	5,270933E+01	5,568179E+03
1,65	-1,199343E+06	2,172468E+02	5,197180E+01	5,568179E+03
1,655	-1,199343E+06	2,155146E+02	5,187540E+01	5,568179E+03
1,66	-1,199343E+06	2,110141E+02	5,222531E+01	5,568179E+03
1,665	-1,199343E+06	2,076218E+02	5,267331E+01	5,568179E+03
1,67	-1,199343E+06	2,147792E+02	5,266684E+01	5,568179E+03
1,675	-1,199343E+06	2,195089E+02	5,205796E+01	5,568179E+03
1,68	-1,199343E+06	2,037919E+02	5,186140E+01	5,568179E+03
1,685	-1,199343E+06	2,063703E+02	5,206629E+01	5,568179E+03
1,69	-1,199343E+06	2,009533E+02	5,233101E+01	5,568179E+03
1,695	-1,199343E+06	1,900061E+02	5,259546E+01	5,568179E+03
1,7	-1,199343E+06	1,990769E+02	5,230561E+01	5,568179E+03
1,705	-1,199343E+06	1,973076E+02	5,211464E+01	5,568179E+03
1,71	-1,199343E+06	2,088862E+02	5,310129E+01	5,568179E+03
1,715	-1,199343E+06	2,196745E+02	5,467683E+01	5,568179E+03
1,72	-1,199343E+06	2,195641E+02	5,567371E+01	5,568179E+03
1,725	-1,199343E+06	2,156095E+02	5,598500E+01	5,568179E+03
1,73	-1,199343E+06	2,076053E+02	5,575156E+01	5,568179E+03
1,735	-1,199343E+06	2,094712E+02	5,569577E+01	5,568179E+03
1,74	-1,199343E+06	1,983149E+02	5,583225E+01	5,568179E+03
1,745	-1,199343E+06	1,924906E+02	5,492811E+01	5,568179E+03
1,75	-1,199343E+06	2,012948E+02	5,321621E+01	5,568179E+03
1,755	-1,199343E+06	1,927360E+02	5,147998E+01	5,568179E+03
1,76	-1,199343E+06	1,939970E+02	5,031920E+01	5,568179E+03
1,765	-1,199343E+06	1,986345E+02	5,063519E+01	5,568179E+03
1,77	-1,199343E+06	2,002225E+02	5,159059E+01	5,568179E+03
1,775	-1,199343E+06	1,964229E+02	5,210072E+01	5,568179E+03
1,78	-1,199343E+06	1,996280E+02	5,223573E+01	5,568179E+03
1,785	-1,199343E+06	1,985253E+02	5,263737E+01	5,568179E+03
1,79	-1,199343E+06	1,950275E+02	5,320579E+01	5,568179E+03
1,795	-1,199343E+06	1,970292E+02	5,373065E+01	5,568179E+03
1,8	-1,199343E+06	1,856937E+02	5,415849E+01	5,568179E+03
1,805	-1,199343E+06	1,843479E+02	5,394485E+01	5,568179E+03
1,81	-1,199343E+06	1,820877E+02	5,348358E+01	5,568179E+03
1,815	-1,199343E+06	1,772661E+02	5,302092E+01	5,568179E+03
1,82	-1,199344E+06	1,927910E+02	5,253497E+01	5,568179E+03
1,825	-1,199343E+06	1,857904E+02	5,248851E+01	5,568179E+03
1,83	-1,199343E+06	1,827916E+02	5,217005E+01	5,568179E+03
1,835	-1,199344E+06	1,963260E+02	5,129888E+01	5,568179E+03
1,84	-1,199343E+06	1,951902E+02	5,033991E+01	5,568179E+03
1,845	-1,199343E+06	1,893518E+02	4,967408E+01	5,568179E+03
1,85	-1,199343E+06	1,810729E+02	4,971810E+01	5,568179E+03
1,855	-1,199343E+06	1,740814E+02	5,014666E+01	5,568179E+03
1,86	-1,199343E+06	1,755171E+02	5,061352E+01	5,568179E+03
1,865	-1,199344E+06	1,847950E+02	5,097253E+01	5,568179E+03
1,87	-1,199343E+06	1,824558E+02	5,154221E+01	5,568179E+03
1,875	-1,199343E+06	1,831461E+02	5,274397E+01	5,568179E+03
1,88	-1,199344E+06	1,855986E+02	5,400933E+01	5,568179E+03
1,885	-1,199343E+06	1,715056E+02	5,486485E+01	5,568179E+03
1,89	-1,199344E+06	1,767231E+02	5,473493E+01	5,568179E+03
1,895	-1,199343E+06	1,758250E+02	5,394547E+01	5,568179E+03
1,9	-1,199343E+06	1,684488E+02	5,373241E+01	5,568179E+03
1,905	-1,199344E+06	1,778294E+02	5,356130E+01	5,568179E+03
1,91	-1,199344E+06	1,752662E+02	5,297840E+01	5,568179E+03
1,915	-1,199343E+06	1,648807E+02	5,237449E+01	5,568179E+03
1,92	-1,199344E+06	1,757675E+02	5,131693E+01	5,568179E+03
1,925	-1,199344E+06	1,796722E+02	5,075064E+01	5,568179E+03
1,93	-1,199343E+06	1,711511E+02	5,122227E+01	5,568179E+03
1,935	-1,199344E+06	1,725018E+02	5,149200E+01	5,568179E+03
1,94	-1,199344E+06	1,672906E+02	5,147980E+01	5,568179E+03
1,945	-1,199343E+06	1,635002E+02	5,145553E+01	5,568179E+03
1,95	-1,199344E+06	1,712281E+02	5,147198E+01	5,568179E+03
1,955	-1,199344E+06	1,718409E+02	5,204785E+01	5,568179E+03
1,96	-1,199344E+06	1,619950E+02	5,276545E+01	5,568179E+03
1,965	-1,199344E+06	1,593744E+02	5,282864E+01	5,568179E+03
1,97	-1,199344E+06	1,669674E+02	5,263510E+01	5,568179E+03
1,975	-1,199344E+06	1,701696E+02	5,230368E+01	5,568179E+03
1,98	-1,199344E+06	1,732582E+02	5,181611E+01	5,568179E+03
1,985	-1,199344E+06	1,699880E+02	5,193482E+01	5,568179E+03
1,99	-1,199343E+06	1,589187E+02	5,234598E+01	5,568179E+03
1,995	-1,199344E+06	1,667073E+02	5,213484E+01	5,568179E+03
2,0	-1,199344E+06	1,575006E+02	5,187623E+01	5,568179E+03
2,005	-1,199344E+06	1,596311E+02	5,143795E+01	5,568179E+03
2,01	-1,199344E+06	1,715403E+02	5,103735E+01	5,568179E+03
2,015	-1,199344E+06	1,639640E+02	5,115259E+01	5,568179E+03
2,02	-1,199344E+06	1,603942E+02	5,105347E+01	5,568179E+03
2,025	-1,199344E+06	1,606140E+02	5,072221E+01	5,568179E+03
2,03	-1,199344E+06	1,500845E+02	5,069031E+01	5,568179E+03
2,035	-1,199344E+06	1,494851E+02	5,088634E+01	5,568179E+03
2,04	-1,199344E+06	1,624748E+02	5,189272E+01	5,568179E+03
2,045	-1,199344E+06	1,637205E+02	5,335112E+01	5,568179E+03
2,05	-1,199344E+06	1,646569E+02	5,371245E+01	5,568179E+03
2,055	-1,199344E+06	1,679710E+02	5,307269E+01	5,568179E+03
2,06	-1,199344E+06	1,581949E+02	5,216141E+01	5,568179E+03
2,065	-1,199344E+06	1,616793E+02	5,140398E+01	5,568179E+03
2,07	-1,199344E+06	1,587543E+02	5,137796E+01	5,568179E+03
2,075	-1,199344E+06	1,495514E+02	5,136402E+01	5,568179E+03
2,08	-1,199344E+06	1,555129E+02	5,073942E+01	5,568179E+03
2,085	-1,199344E+06	1,449869E+02	5,021648E+01	5,568179E+03
2,09	-1,199344E+06	1,464647E+02	5,013128E+01	5,568179E+03
2,095	-1,199344E+06	1,547798E+02	5,090720E+01	5,568179E+03
2,1	-1,199344E+06	1,531601E+02	5,208265E+01	5,568179E+03
2,105	-1,199344E+06	1,512904E+02	5,259572E+01	5,568179E+03
2,11	-1,199344E+06	1,502327E+02	5,246619E+01	5,568179E+03
2,115	-1,199344E+06	1,482676E+02	5,231594E+01	5,568179E+03
2,12	-1,199344E+06	1,508865E+02	5,234502E+01	5,568179E+03
2,125	-1,199344E+06	1,587417E+02	5,241288E+01	5,568179E+03
2,13	-1,199344E+06	1,472761E+02	5,242041E+01	5,568179E+03
2,135	-1,199344E+06	1,452746E+02	5,191069E+01	5,568179E+03
2,14	-1,199344E+06	1,430966E+02	5,118008E+01	5,568179E+03
2,145	-1,199344E+06	1,325242E+02	5,068702E+01	5,568179E+03
2,15	-1,199344E+06	1,414021E+02	5,037680E+01	5,568179E+03
2,155	-1,199344E+06	1,425221E+02	5,047974E+01	5,568179E+03
2,16	-1,199344E+06	1,361286E+02	5,082203E+01	5,568179E+03
2,165	-1,199344E+06	1,455596E+02	5,090419E+01	5,568179E+03
2,17	-1,199344E+06	1,459585E+02	5,110749E+01	5,568179E+03
2,175	-1,199344E+06	1,491969E+02	5,167585E+01	5,568179E+03
2,18	-1,199344E+06	1,508886E+02	5,234618E+01	5,568179E+03
2,185	-1,199344E+06	1,431822E+02	5,263453E+01	5,568179E+03
2,19	-1,199344E+06	1,413625E+02	5,241533E+01	5,568179E+03
2,195	-1,199344E+06	1,351479E+02	5,198902E+01	5,568179E+03
2,2	-1,199344E+06	1,390494E+02	5,162434E+01	5,568179E+03
2,205	-1,199344E+06	1,436680E+02	5,169855E+01	5,568179E+03
2,21	-1,199344E+06	1,377992E+02	5,180315E+01	5,568179E+03
2,215	-1,199344E+06	1,383124E+02	5,160454E+01	5,568179E+03
2,22	-1,199344E+06	1,352776E+02	5,120640E+01	5,568179E+03
2,225	-1,199344E+06	1,364907E+02	5,064044E+01	5,568179E+03
2,23	-1,199344E+06	1,470045E+02	5,055152E+01	5,568179E+03
2,235	-1,199344E+06	1,451393E+02	5,077310E+01	5,568179E+03
2,24	-1,199344E+06	1,466694E+02	5,076735E+01	5,568179E+03
2,245	-1,199344E+06	1,399826E+02	5,097723E+01	5,568179E+03
2,25	-1,199344E+06	1,306911E+02	5,124900E+01	5,568179E+03
2,255	-1,199344E+06	1,339495E+02	5,185158E+01	5,568179E+03
2,26	-1,199344E+06	1,313569E+02	5,277366E+01	5,568179E+03
2,265	-1,199344E+06	1,285851E+02	5,316552E+01	5,568179E+03
2,27	-1,199344E+06	1,336759E+02	5,296640E+01	5,568179E+03
2,275	-1,199344E+06	1,439806E+02	5,209082E+01	5,568179E+03
2,28	-1,199344E+06	1,376691E+02	5,096686E+01	5,568179E+03
2,285	-1,199344E+06	1,295280E+02	5,020752E+01	5,568179E+03
2,29	-1,199344E+06	1,395047E+02	4,975020E+01	5,568179E+03
2,295	-1,199344E+06	1,362821E+02	4,941621E+01	5,568179E+03
2,3	-1,199344E+06	1,380559E+02	4,856916E+01	5,568179E+03
2,305	-1,199344E+06	1,315457E+02	4,765447E+01	5,568179E+03
2,31	-1,199344E+06	1,233822E+02	4,734208E+01	5,568179E+03
2,315	-1,199345E+06	1,342433E+02	4,765972E+01	5,568179E+03
2,32	-1,199344E+06	1,274883E+02	4,865975E+01	5,568179E+03
2,325	-1,199344E+06	1,299367E+02	4,942995E+01	5,568179E+03
2,33	-1,199344E+06	1,353688E+02	4,993061E+01	5,568179E+03
2,335	-1,199344E+06	1,261132E+02	5,067378E+01	5,568179E+03
2,34	-1,199344E+06	1,271100E+02	5,143239E+01	5,568179E+03
2,345	-1,199344E+06	1,232086E+02	5,218751E+01	5,568179E+03
2,35	-1,199344E+06	1,243073E+02	5,231721E+01	5,568179E+03
2,355	-1,199344E+06	1,270423E+02	5,159326E+01	5,568179E+03
2,36	-1,199344E+06	1,289883E+02	5,047325E+01	5,568179E+03
2,365	-1,199344E+06	1,280027E+02	4,936876E+01	5,568179E+03
2,37	-1,199344E+06	1,229821E+02	4,879184E+01	5,568179E+03
2,375	-1,199344E+06	1,266372E+02	4,883193E+01	5,568179E+03
2,38	-1,199344E+06	1,316663E+02	4,891401E+01	5,568179E+03
2,385	-1,199344E+06	1,297174E+02	4,877061E+01	5,568179E+03
2,39	-1,199344E+06	1,237910E+02	4,874901E+01	5,568179E+03
2,395	-1,199344E+06	1,244983E+02	4,907806E+01	5,568179E+03
2,4	-1,199344E+06	1,266070E+02	4,964069E+01	5,568179E+03
2,405	-1,199344E+06	1,229108E+02	5,007747E+01	5,568179E+03
2,41	-1,199344E+06	1,250289E+02	5,021369E+01	5,568179E+03
2,415	-1,199344E+06	1,249308E+02	5,039707E+01	5,568179E+03
2,42	-1,199344E+06	1,200027E+02	5,082967E+01	5,568179E+03
2,425	-1,199344E+06	1,260522E+02	5,127346E+01	5,568179E+03
2,43	-1,199344E+06	1,281530E+02	5,166528E+01	5,568179E+03
2,435	-1,199344E+06	1,240158E+02	5,190478E+01	5,568179E+03
2,44	-1,199344E+06	1,285256E+02	5,187481E+01	5,568179E+03
2,445	-1,199344E+06	1,236666E+02	5,190549E+01	5,568179E+03
2,45	-1,199344E+06	1,209302E+02	5,187452E+01	5,568179E+03
2,455	-1,199344E+06	1,193247E+02	5,171119E+01	5,568179E+03
2,46	-1,199344E+06	1,190241E+02	5,130921E+01	5,568179E+03
2,465	-1,199345E+06	1,245133E+02	5,044374E+01	5,568179E+03
2,47	-1,199344E+06	1,197550E+02	4,968746E+01	5,568179E+03
2,475	-1,199344E+06	1,173150E+02	4,941131E+01	5,568179E+03
2,48	-1,199345E+06	1,189882E+02	4,946731E+01	5,568179E+03
2,485	-1,199344E+06	1,147200E+02	4,975581E+01	5,568179E+03
2,49	-1,199344E+06	1,181569E+02	4,991679E+01	5,568179E+03
2,495	-1,199345E+06	1,236580E+02	4,989753E+01	5,568179E+03
2,5	-1,199344E+06	1,179519E+02	5,006455E+01	5,568179E+03
2,505	-1,199344E+06	1,187857E+02	5,035970E+01	5,568179E+03
2,51	-1,199344E+06	1,154213E+02	5,080674E+01	5,568179E+03
2,515	-1,199344E+06	1,103069E+02	5,127472E+01	5,568179E+03
2,52	-1,199344E+06	1,135550E+02	5,146445E+01	5,568179E+03
2,525	-1,199345E+06	1,176765E+02	5,151560E+01	5,568179E+03
2,53	-1,199345E+06	1,190164E+02	5,173380E+01	5,568179E+03
2,535	-1,199345E+06	1,154757E+02	5,207775E+01	5,568179E+03
2,54	-1,199345E+06	1,160046E+02	5,225435E+01	5,568179E+03
2,545	-1,199345E+06	1,134095E+02	5,214302E+01	5,568179E+03
2,55	-1,199345E+06	1,136336E+02	5,173567E+01	5,568179E+03
2,555	-1,199345E+06	1,212507E+02	5,140884E+01	5,568179E+03
2,56	-1,199345E+06	1,184061E+02	5,149170E+01	5,568179E+03
2,565	-1,199345E+06	1,172176E+02	5,164555E+01	5,568179E+03
2,57	-1,199345E+06	1,180797E+02	5,144632E+01	5,568179E+03
2,575	-1,199345E+06	1,187137E+02	5,073963E+01	5,568179E+03
2,58	-1,199345E+06	1,172014E+02	5,008148E+01	5,568179E+03
2,585	-1,199345E+06	1,187897E+02	4,985397E+01	5,568179E+03
2,59	-1,199345E+06	1,176496E+02	4,987389E+01	5,568179E+03
2,595	-1,199344E+06	1,079416E+02	5,009145E+01	5,568179E+03
2,6	-1,199345E+06	1,140240E+02	5,016697E+01	5,568179E+03
2,605	-1,199345E+06	1,142363E+02	5,021794E+01	5,568179E+03
2,61	-1,199344E+06	1,063339E+02	5,059156E+01	5,568179E+03
2,615	-1,199345E+06	1,159334E+02	5,100309E+01	5,568179E+03
2,62	-1,199345E+06	1,174817E+02	5,133282E+01	5,568179E+03
2,625	-1,199345E+06	1,110591E+02	5,128362E+01	5,568179E+03
2,63	-1,199345E+06	1,109752E+02	5,084442E+01	5,568179E+03
2,635	-1,199345E+06	1,037687E+02	5,077791E+01	5,568179E+03
2,64	-1,199345E+06	1,048907E+02	5,115560E+01	5,568179E+03
2,645	-1,199345E+06	1,147542E+02	5,172381E+01	5,568179E+03
2,65	-1,199345E+06	1,105868E+02	5,228646E+01	5,568179E+03
2,655	-1,199345E+06	1,137177E+02	5,225983E+01	5,568179E+03
2,66	-1,199345E+06	1,180147E+02	5,167012E+01	5,568179E+03
2,665	-1,199345E+06	1,077138E+02	5,094269E+01	5,568179E+03
2,67	-1,199345E+06	1,066300E+02	5,033253E+01	5,568179E+03
2,675	-1,199345E+06	1,050041E+02	5,021176E+01	5,568179E+03
2,68	-1,199345E+06	1,027680E+02	5,038847E+01	5,568179E+03
2,685	-1,199345E+06	1,117632E+02	5,038570E+01	5,568179E+03
2,69	-1,199345E+06	1,183508E+02	5,028436E+01	5,568179E+03
2,695	-1,199345E+06	1,066805E+02	5,056103E+01	5,568179E+03
2,7	-1,199345E+06	1,077343E+02	5,123511E+01	5,568179E+03
2,705	-1,199345E+06	1,139964E+02	5,202151E+01	5,568179E+03
2,71	-1,199345E+06	1,091423E+02	5,251151E+01	5,568179E+03
2,715	-1,199345E+06	1,113581E+02	5,248466E+01	5,568179E+03
2,72	-1,199345E+06	1,091733E+02	5,248115E+01	5,568179E+03
2,725	-1,199345E+06	1,064676E+02	5,292555E+01	5,568179E+03
2,73	-1,199345E+06	1,074870E+02	5,341689E+01	5,568179E+03
2,735	-1,199345E+06	1,081754E+02	5,340177E+01	5,568179E+03
2,74	-1,199345E+06	1,028352E+02	5,282110E+01	5,568179E+03
2,745	-1,199345E+06	1,078748E+02	5,189311E+01	5,568179E+03
2,75	-1,199345E+06	1,123028E+02	5,148198E+01	5,568179E+03
2,755	-1,199345E+06	1,050827E+02	5,161724E+01	5,568179E+03
2,76	-1,199345E+06	1,104724E+02	5,149223E+01	5,568179E+03
2,765	-1,199345E+06	1,076936E+02	5,127233E+01	5,568179E+03
2,77	-1,199345E+06	1,035116E+02	5,115760E+01	5,568179E+03
2,775	-1,199345E+06	1,101192E+02	5,130317E+01	5,568179E+03
2,78	-1,199345E+06	1,048393E+02	5,185024E+01	5,568179E+03
2,785	-1,199345E+06	1,017423E+02	5,225440E+01	5,568179E+03
2,79	-1,199345E+06	1,035141E+02	5,227948E+01	5,568179E+03
2,795	-1,199345E+06	1,120687E+02	5,202483E+01	5,568179E+03
2,8	-1,199345E+06	1,073387E+02	5,187126E+01	5,568179E+03
2,805	-1,199345E+06	1,087208E+02	5,185827E+01	5,568179E+03
2,81	-1,199345E+06	1,089467E+02	5,206516E+01	5,568179E+03
2,815	-1,199345E+06	1,022451E+02	5,229354E+01	5,568179E+03
2,82	-1,199345E+06	1,129142E+02	5,231128E+01	5,568179E+03
2,825	-1,199345E+06	1,048515E+02	5,246416E+01	5,568179E+03
2,83	-1,199345E+06	9,643344E+01	5,247127E+01	5,568179E+03
2,835	-1,199345E+06	9,950738E+01	5,248870E+01	5,568179E+03
2,84	-1,199345E+06	9,527350E+01	5,283487E+01	5,568179E+03
2,845	-1,199345E+06	1,029214E+02	5,295818E+01	5,568179E+03
2,85	-1,199345E+06	1,065323E+02	5,286099E+01	5,568179E+03
2,855	-1,199345E+06	1,038319E+02	5,277007E+01	5,568179E+03
2,86	-1,199345E+06	1,059695E+02	5,271980E+01	5,568179E+03
2,865	-1,199345E+06	1,066714E+02	5,290666E+01	5,568179E+03
2,87	-1,199345E+06	1,029438E+02	5,309189E+01	5,568179E+03
2,875	-1,199345E+06	1,011698E+02	5,272593E+01	5,568179E+03
2,88	-1,199345E+06	1,040859E+02	5,204419E+01	5,568179E+03
2,885	-1,199345E+06	1,009784E+02	5,170973E+01	5,568179E+03
2,89	-1,199345E+06	1,019960E+02	5,180690E+01	5,568179E+03
2,895	-1,199345E+06	1,015823E+02	5,238686E+01	5,568179E+03
2,9	-1,199345E+06	9,792555E+01	5,300413E+01	5,568179E+03
2,905	-1,199345E+06	1,030037E+02	5,306362E+01	5,568179E+03
2,91	-1,199345E+06	9,941239E+01	5,329642E+01	5,568179E+03
2,915	-1,199345E+06	1,041650E+02	5,405389E+01	5,568179E+03
2,92	-1,199345E+06	1,114446E+02	5,483474E+01	5,568179E+03
2,925	-1,199345E+06	1,012185E+02	5,527192E+01	5,568179E+03
2,93	-1,199345E+06	1,054303E+02	5,487483E+01	5,568179E+03
2,935	-1,199345E+06	1,061918E+02	5,399157E+01	5,568179E+03
2,94	-1,199345E+06	1,033614E+02	5,324012E+01	5,568179E+03
2,945	-1,199345E+06	1,067395E+02	5,285522E+01	5,568179E+03
2,95	-1,199345E+06	1,033287E+02	5,269379E+01	5,568179E+03
2,955	-1,199345E+06	9,750826E+01	5,239217E+01	5,568179E+03
2,96	-1,199345E+06	9,737697E+01	5,206085E+01	5,568179E+03
2,965	-1,199345E+06	1,040937E+02	5,207975E+01	5,568179E+03
2,97	-1,199345E+06	1,018639E+02	5,265658E+01	5,568179E+03
2,975	-1,199345E+06	1,024439E+02	5,350916E+01	5,568179E+03
2,98	-1,199345E+06	1,052891E+02	5,444756E+01	5,568179E+03
2,985	-1,199345E+06	9,895558E+01	5,534165E+01	5,568179E+03
2,99	-1,199345E+06	9,639395E+01	5,591463E+01	5,568179E+03
2,995	-1,199345E+06	9,912718E+01	5,627780E+01	5,568179E+03
3,0	-1,199345E+06	1,025064E+02	5,632659E+01	5,568179E+03
3,005	-1,199345E+06	1,018326E+02	5,589818E+01	5,568179E+03
3,01	-1,199345E+06	1,051063E+02	5,518129E+01	5,568179E+03
3,015	-1,199345E+06	1,081310E+02	5,411585E+01	5,568179E+03
3,02	-1,199345E+06	1,058452E+02	5,268633E+01	5,568179E+03
3,025	-1,199345E+06	9,977672E+01	5,155360E+01	5,568179E+03
3,03	-1,199345E+06	9,633870E+01	5,112494E+01	5,568179E+03
3,035	-1,199345E+06	9,148372E+01	5,137487E+01	5,568179E+03
3,04	-1,199345E+06	9,168042E+01	5,219504E+01	5,568179E+03
3,045	-1,199345E+06	9,887984E+01	5,320583E+01	5,568179E+03
3,05	-1,199345E+06	9,721110E+01	5,421499E+01	5,568179E+03
3,055	-1,199345E+06	1,005594E+02	5,524012E+01	5,568179E+03
3,06	-1,199345E+06	9,782439E+01	5,603647E+01	5,568179E+03
3,065	-1,199345E+06	9,556250E+01	5,617048E+01	5,568179E+03
3,07	-1,199345E+06	9,986729E+01	5,577393E+01	5,568179E+03
3,075	-1,199345E+06	1,027419E+02	5,516314E+01	5,568179E+03
3,08	-1,199345E+06	1,079827E+02	5,459508E+01	5,568179E+03
3,085	-1,199345E+06	1,002249E+02	5,430379E+01	5,568179E+03
3,09	-1,199345E+06	1,011591E+02	5,392032E+01	5,568179E+03
3,095	-1,199345E+06	1,040644E+02	5,327058E+01	5,568179E+03
3,1	-1,199345E+06	9,563073E+01	5,261281E+01	5,568179E+03
3,105	-1,199345E+06	9,532754E+01	5,250055E+01	5,568179E+03
3,11	-1,199345E+06	9,833857E+01	5,311617E+01	5,568179E+03
3,115	-1,199345E+06	1,007821E+02	5,386541E+01	5,568179E+03
3,12	-1,199345E+06	9,781952E+01	5,434666E+01	5,568179E+03
3,125	-1,199345E+06	9,903794E+01	5,453783E+01	5,568179E+03
3,13	-1,199345E+06	9,545260E+01	5,484014E+01	5,568179E+03
3,135	-1,199345E+06	9,905213E+01	5,520290E+01	5,568179E+03
3,14	-1,199345E+06	1,057610E+02	5,537077E+01	5,568179E+03
3,145	-1,199345E+06	1,018188E+02	5,520931E+01	5,568179E+03
3,15	-1,199345E+06	1,060162E+02	5,454184E+01	5,568179E+03
3,155	-1,199345E+06	1,003994E+02	5,392039E+01	5,568179E+03
3,16	-1,199345E+06	9,917209E+01	5,361550E+01	5,568179E+03
3,165	-1,199345E+06	1,019946E+02	5,346159E+01	5,568179E+03
3,17	-1,199345E+06	9,677513E+01	5,324199E+01	5,568179E+03
3,175	-1,199345E+06	9,464509E+01	5,276971E+01	5,568179E+03
3,18	-1,199345E+06	9,276985E+01	5,222459E+01	5,568179E+03
3,185	-1,199345E+06	9,739376E+01	5,196773E+01	5,568179E+03
3,19	-1,199345E+06	9,752371E+01	5,228083E+01	5,568179E+03
3,195	-1,199345E+06	9,997108E+01	5,281088E+01	5,568179E+03
3,2	-1,199345E+06	1,024327E+02	5,333738E+01	5,568179E+03
3,205	-1,199345E+06	1,023288E+02	5,381721E+01	5,568179E+03
3,21	-1,199345E+06	1,001061E+02	5,401036E+01	5,568179E+03
3,215	-1,199345E+06	9,461354E+01	5,398064E+01	5,568179E+03
3,22	-1,199345E+06	9,911389E+01	5,379231E+01	5,568179E+03
3,225	-1,199345E+06	9,713074E+01	5,343785E+01	5,568179E+03
3,23	-1,199345E+06	1,008288E+02	5,278951E+01	5,568179E+03
3,235	-1,199345E+06	1,034117E+02	5,202308E+01	5,568179E+03
3,24	-1,199345E+06	9,565672E+01	5,139374E+01	5,568179E+03
3,245	-1,199345E+06	8,983925E+01	5,122706E+01	5,568179E+03
3,25	-1,199345E+06	9,147114E+01	5,170789E+01	5,568179E+03
3,255	-1,199345E+06	1,005190E+02	5,236019E+01	5,568179E+03
3,26	-1,199345E+06	1,022186E+02	5,272009E+01	5,568179E+03
3,265	-1,199345E+06	1,005580E+02	5,296676E+01	5,568179E+03
3,27	-1,199345E+06	1,001156E+02	5,342731E+01	5,568179E+03
3,275	-1,199345E+06	9,682711E+01	5,400865E+01	5,568179E+03
3,28	-1,199345E+06	9,300232E+01	5,457861E+01	5,568179E+03
3,285	-1,199345E+06	9,581688E+01	5,483028E+01	5,568179E+03
3,29	-1,199345E+06	1,011469E+02	5,455669E+01	5,568179E+03
3,295	-1,199345E+06	9,146015E+01	5,427866E+01	5,568179E+03
3,3	-1,199345E+06	9,787356E+01	5,398765E+01	5,568179E+03
3,305	-1,199346E+06	1,046586E+02	5,361101E+01	5,568179E+03
3,31	-1,199345E+06	9,504983E+01	5,308547E+01	5,568179E+03
3,315	-1,199345E+06	1,025607E+02	5,205379E+01	5,568179E+03
3,32	-1,199345E+06	9,842908E+01	5,123769E+01	5,568179E+03
3,325	-1,199345E+06	9,476448E+01	5,104634E+01	5,568179E+03
3,33	-1,199345E+06	1,032082E+02	5,136746E+01	5,568179E+03
3,335	-1,199345E+06	1,021567E+02	5,209551E+01	5,568179E+03
3,34	-1,199345E+06	1,023703E+02	5,270447E+01	5,568179E+03
3,345	-1,199345E+06	1,022202E+02	5,329556E+01	5,568179E+03
3,35	-1,199345E+06	1,007612E+02	5,420303E+01	5,568179E+03
3,355	-1,199345E+06	9,739015E+01	5,530310E+01	5,568179E+03
3,36	-1,199345E+06	9,973998E+01	5,620369E+01	5,568179E+03
3,365	-1,199345E+06	9,631850E+01	5,653706E+01	5,568179E+03
3,37	-1,199345E+06	9,421294E+01	5,614606E+01	5,568179E+03
3,375	-1,199345E+06	1,023770E+02	5,540149E+01	5,568179E+03
3,38	-1,199345E+06	9,912771E+01	5,477176E+01	5,568179E+03
3,385	-1,199345E+06	1,010992E+02	5,413850E+01	5,568179E+03
3,39	-1,199345E+06	1,034675E+02	5,351651E+01	5,568179E+03
3,395	-1,199345E+06	9,894714E+01	5,293307E+01	5,568179E+03
3,4	-1,199345E+06	1,000496E+02	5,228349E+01	5,568179E+03
3,405	-1,199345E+06	9,829625E+01	5,198651E+01	5,568179E+03
3,41	-1,199345E+06	9,403211E+01	5,236124E+01	5,568179E+03
3,415	-1,199345E+06	9,798775E+01	5,311715E+01	5,568179E+03
3,42	-1,199345E+06	1,011696E+02	5,402614E+01	5,568179E+03
3,425	-1,199345E+06	9,573292E+01	5,487993E+01	5,568179E+03
3,43	-1,199345E+06	9,921154E+01	5,546252E+01	5,568179E+03
3,435	-1,199345E+06	9,841560E+01	5,618075E+01	5,568179E+03
3,44	-1,199345E+06	9,404319E+01	5,684132E+01	5,568179E+03
3,445	-1,199345E+06	9,801007E+01	5,685665E+01	5,568179E+03
3,45	-1,199345E+06	9,812925E+01	5,634944E+01	5,568179E+03
3,455	-1,199345E+06	1,000363E+02	5,527638E+01	5,568179E+03
3,46	-1,199345E+06	9,874173E+01	5,415663E+01	5,568179E+03
3,465	-1,199345E+06	9,943596E+01	5,358896E+01	5,568179E+03
3,47	-1,199345E+06	9,838636E+01	5,312219E+01	5,568179E+03
3,475	-1,199345E+06	9,808667E+01	5,253973E+01	5,568179E+03
3,48	-1,199345E+06	1,028132E+02	5,206933E+01	5,568179E+03
3,485	-1,199345E+06	1,049901E+02	5,157636E+01	5,568179E+03
3,49	-1,199345E+06	1,022042E+02	5,142717E+01	5,568179E+03
3,495	-1,199345E+06	9,305307E+01	5,209084E+01	5,568179E+03
3,5	-1,199345E+06	9,528759E+01	5,303751E+01	5,568179E+03
3,505	-1,199345E+06	1,009634E+02	5,391484E+01	5,568179E+03
3,51	-1,199345E+06	1,016644E+02	5,460451E+01	5,568179E+03
3,515	-1,199345E+06	1,059614E+02	5,502835E+01	5,568179E+03
3,52	-1,199345E+06	1,061707E+02	5,556696E+01	5,568179E+03
3,525	-1,199345E+06	1,022899E+02	5,584638E+01	5,568179E+03
3,53	-1,199345E+06	1,028965E+02	5,516323E+01	5,568179E+03
3,535	-1,199345E+06	1,003442E+02	5,384862E+01	5,568179E+03
3,54	-1,199345E+06	9,174861E+01	5,246841E+01	5,568179E+03
3,545	-1,199345E+06	1,004547E+02	5,153591E+01	5,568179E+03
3,55	-1,199345E+06	1,029834E+02	5,161947E+01	5,568179E+03
3,555	-1,199345E+06	1,026755E+02	5,205003E+01	5,568179E+03
3,56	-1,199345E+06	1,036391E+02	5,231346E+01	5,568179E+03
3,565	-1,199345E+06	9,500137E+01	5,262698E+01	5,568179E+03
3,57	-1,199345E+06	9,996226E+01	5,296090E+01	5,568179E+03
3,575	-1,199345E+06	1,064483E+02	5,348992E+01	5,568179E+03
3,58	-1,199345E+06	1,046020E+02	5,404077E+01	5,568179E+03
3,585	-1,199345E+06	9,850134E+01	5,423985E+01	5,568179E+03
3,59	-1,199345E+06	9,910007E+01	5,405896E+01	5,568179E+03
3,595	-1,199345E+06	9,731879E+01	5,371066E+01	5,568179E+03
3,6	-1,199345E+06	9,908462E+01	5,312947E+01	5,568179E+03
3,605	-1,199345E+06	1,060374E+02	5,238231E+01	5,568179E+03
3,61	-1,199345E+06	1,001707E+02	5,150132E+01	5,568179E+03
3,615	-1,199345E+06	1,032874E+02	5,025426E+01	5,568179E+03
3,62	-1,199345E+06	1,042775E+02	4,932632E+01	5,568179E+03
3,625	-1,199345E+06	1,067981E+02	4,911590E+01	5,568179E+03
3,63	-1,199345E+06	1,140049E+02	4,944003E+01	5,568179E+03
3,635	-1,199345E+06	1,081943E+02	5,028387E+01	5,568179E+03
3,64	-1,199345E+06	1,017221E+02	5,111256E+01	5,568179E+03
3,645	-1,199345E+06	9,885044E+01	5,157350E+01	5,568179E+03
3,65	-1,199345E+06	9,609668E+01	5,201236E+01	5,568179E+03
3,655	-1,199345E+06	9,453202E+01	5,250055E+01	5,568179E+03
3,66	-1,199345E+06	1,074643E+02	5,272075E+01	5,568179E+03
3,665	-1,199345E+06	1,102097E+02	5,272748E+01	5,568179E+03
3,67	-1,199345E+06	1,100960E+02	5,217083E+01	5,568179E+03
3,675	-1,199345E+06	1,136053E+02	5,107356E+01	5,568179E+03
3,68	-1,199345E+06	1,034007E+02	5,021426E+01	5,568179E+03
3,685	-1,199345E+06	1,062361E+02	4,963665E+01	5,568179E+03
3,69	-1,199345E+06	1,023808E+02	4,938757E+01	5,568179E+03
3,695	-1,199345E+06	9,830730E+01	4,932624E+01	5,568179E+03
3,7	-1,199345E+06	1,011865E+02	4,912655E+01	5,568179E+03
3,705	-1,199345E+06	1,011691E+02	4,911108E+01	5,568179E+03
3,71	-1,199345E+06	1,046422E+02	4,970023E+01	5,568179E+03
3,715	-1,199345E+06	1,022065E+02	5,060408E+01	5,568179E+03
3,72	-1,199345E+06	1,043016E+02	5,114373E+01	5,568179E+03
3,725	-1,199345E+06	1,000494E+02	5,122726E+01	5,568179E+03
3,73	-1,199345E+06	9,709627E+01	5,106271E+01	5,568179E+03
3,735	-1,199345E+06	1,048054E+02	5,125062E+01	5,568179E+03
3,74	-1,199345E+06	1,099534E+02	5,190875E+01	5,568179E+03
3,745	-1,199345E+06	1,077331E+02	5,227935E+01	5,568179E+03
3,75	-1,199345E+06	1,040476E+02	5,203887E+01	5,568179E+03
3,755	-1,199345E+06	1,118072E+02	5,126084E+01	5,568179E+03
3,76	-1,199345E+06	1,099256E+02	5,041466E+01	5,568179E+03
3,765	-1,199345E+06	1,042057E+02	4,986800E+01	5,568179E+03
3,77	-1,199345E+06	1,076531E+02	4,953042E+01	5,568179E+03
3,775	-1,199345E+06	1,054091E+02	4,917923E+01	5,568179E+03
3,78	-1,199345E+06	1,037169E+02	4,859634E+01	5,568179E+03
3,785	-1,199345E+06	1,099191E+02	4,817574E+01	5,568179E+03
3,79	-1,199345E+06	1,163732E+02	4,842565E+01	5,568179E+03
3,795	-1,199345E+06	1,154047E+02	4,922299E+01	5,568179E+03
3,8	-1,199345E+06	1,101532E+02	5,028122E+01	5,568179E+03
3,805	-1,199345E+06	1,086229E+02	5,124786E+01	5,568179E+03
3,81	-1,199345E+06	1,101832E+02	5,191620E+01	5,568179E+03
3,815	-1,199345E+06	1,065945E+02	5,247184E+01	5,568179E+03
3,82	-1,199345E+06	1,091211E+02	5,292092E+01	5,568179E+03
3,825	-1,199345E+06	1,164912E+02	5,322055E+01	5,568179E+03
3,83	-1,199345E+06	1,107517E+02	5,318321E+01	5,568179E+03
3,835	-1,199345E+06	1,097299E+02	5,249776E+01	5,568179E+03
3,84	-1,199345E+06	1,080824E+02	5,155916E+01	5,568179E+03
3,845	-1,199345E+06	1,054016E+02	5,057688E+01	5,568179E+03
3,85	-1,199345E+06	1,086090E+02	4,990775E+01	5,568179E+03
3,855	-1,199345E+06	1,099616E+02	4,992007E+01	5,568179E+03
3,86	-1,199345E+06	1,110981E+02	5,011882E+01	5,568179E+03
3,865	-1,199345E+06	1,094759E+02	5,022937E+01	5,568179E+03
3,87	-1,199345E+06	1,098602E+02	5,034606E+01	5,568179E+03
3,875	-1,199345E+06	1,157386E+02	5,066785E+01	5,568179E+03
3,88	-1,199345E+06	1,150733E+02	5,137618E+01	5,568179E+03
3,885	-1,199345E+06	1,097728E+02	5,204696E+01	5,568179E+03
3,89	-1,199345E+06	1,109812E+02	5,223444E+01	5,568179E+03
3,895	-1,199345E+06	1,116230E+02	5,203463E+01	5,568179E+03
3,9	-1,199345E+06	1,071048E+02	5,191351E+01	5,568179E+03
3,905	-1,199345E+06	1,100190E+02	5,207508E+01	5,568179E+03
3,91	-1,199345E+06	1,154143E+02	5,212491E+01	5,568179E+03
3,915	-1,199345E+06	1,134628E+02	5,168672E+01	5,568179E+03
3,92	-1,199345E+06	1,165608E+02	5,070994E+01	5,568179E+03
3,925	-1,199345E+06	1,152757E+02	4,973496E+01	5,568179E+03
3,93	-1,199345E+06	1,140666E+02	4,919748E+01	5,568179E+03
3,935	-1,199345E+06	1,179399E+02	4,891863E+01	5,568179E+03
3,94	-1,199345E+06	1,169683E+02	4,866154E+01	5,568179E+03
3,945	-1,199345E+06	1,169108E+02	4,841855E+01	5,568179E+03
3,95	-1,199345E+06	1,088248E+02	4,853871E+01	5,568179E+03
3,955	-1,199345E+06	1,110081E+02	4,930805E+01	5,568179E+03
3,96	-1,199345E+06	1,157346E+02	5,070560E+01	5,568179E+03
3,965	-1,199345E+06	1,158101E+02	5,195908E+01	5,568179E+03
3,97	-1,199345E+06	1,187306E+02	5,255721E+01	5,568179E+03
3,975	-1,199345E+06	1,183135E+02	5,266575E+01	5,568179E+03
3,98	-1,199345E+06	1,200092E+02	5,247358E+01	5,568179E+03
3,985	-1,199345E+06	1,166294E+02	5,225823E+01	5,568179E+03
3,99	-1,199345E+06	1,186864E+02	5,194134E+01	5,568179E+03
3,995	-1,199345E+06	1,158310E+02	5,141934E+01	5,568179E+03
4,0	-1,199345E+06	1,145078E+02	5,068870E+01	5,568179E+03
4,005	-1,199345E+06	1,189370E+02	4,981916E+01	5,568179E+03
4,01	-1,199344E+06	1,122949E+02	4,909042E+01	5,568179E+03
4,015	-1,199345E+06	1,171545E+02	4,886392E+01	5,568179E+03
4,02	-1,199344E+06	1,103501E+02	4,941240E+01	5,568179E+03
4,025	-1,199345E+06	1,205784E+02	4,991431E+01	5,568179E+03
4,03	-1,199345E+06	1,295656E+02	5,020306E+01	5,568179E+03
4,035	-1,199344E+06	1,146688E+02	5,047233E+01	5,568179E+03
4,04	-1,199345E+06	1,213572E+02	5,067525E+01	5,568179E+03
4,045	-1,199345E+06	1,194166E+02	5,107234E+01	5,568179E+03
4,05	-1,199345E+06	1,181047E+02	5,106680E+01	5,568179E+03
4,055	-1,199345E+06	1,230081E+02	5,054328E+01	5,568179E+03
4,06	-1,199345E+06	1,276312E+02	4,965938E+01	5,568179E+03
4,065	-1,199345E+06	1,257726E+02	4,896869E+01	5,568179E+03
4,07	-1,199345E+06	1,231204E+02	4,902117E+01	5,568179E+03
4,075	-1,199345E+06	1,211630E+02	4,943475E+01	5,568179E+03
4,08	-1,199344E+06	1,143789E+02	4,981255E+01	5,568179E+03
4,085	-1,199345E+06	1,244193E+02	4,974701E+01	5,568179E+03
4,09	-1,199345E+06	1,241959E+02	4,965789E+01	5,568179E+03
4,095	-1,199344E+06	1,194804E+02	5,031160E+01	5,568179E+03
4,1	-1,199345E+06	1,296423E+02	5,133783E+01	5,568179E+03
4,105	-1,199344E+06	1,249029E+02	5,221926E+01	5,568179E+03
4,11	-1,199344E+06	1,250682E+02	5,243700E+01	5,568179E+03
4,115	-1,199345E+06	1,319843E+02	5,209285E+01	5,568179E+03
4,12	-1,199345E+06	1,268903E+02	5,195102E+01	5,568179E+03
4,125	-1,199344E+06	1,256523E+02	5,183210E+01	5,568179E+03
4,13	-1,199345E+06	1,337096E+02	5,133733E+01	5,568179E+03
4,135	-1,199344E+06	1,264161E+02	5,064483E+01	5,568179E+03
4,14	-1,199344E+06	1,255589E+02	4,957206E+01	5,568179E+03
4,145	-1,199345E+06	1,298026E+02	4,863033E+01	5,568179E+03
4,15	-1,199344E+06	1,198341E+02	4,845373E+01	5,568179E+03
4,155	-1,199344E+06	1,285676E+02	4,871967E+01	5,568179E+03
4,16	-1,199344E+06	1,375637E+02	4,935410E+01	5,568179E+03
4,165	-1,199344E+06	1,382851E+02	4,992163E+01	5,568179E+03
4,17	-1,199344E+06	1,346313E+02	5,028437E+01	5,568179E+03
4,175	-1,199345E+06	1,336879E+02	5,084854E+01	5,568179E+03
4,18	-1,199344E+06	1,257798E+02	5,150393E+01	5,568179E+03
4,185	-1,199344E+06	1,201856E+02	5,196709E+01	5,568179E+03
4,19	-1,199345E+06	1,298148E+02	5,226638E+01	5,568179E+03
4,195	-1,199344E+06	1,256411E+02	5,224091E+01	5,568179E+03
4,2	-1,199344E+06	1,313457E+02	5,175416E+01	5,568179E+03
4,205	-1,199345E+06	1,327199E+02	5,140774E+01	5,568179E+03
4,21	-1,199344E+06	1,254190E+02	5,103563E+01	5,568179E+03
4,215	-1,199344E+06	1,305641E+02	5,046869E+01	5,568179E+03
4,22	-1,199344E+06	1,344020E+02	5,009139E+01	5,568179E+03
4,225	-1,199344E+06	1,384886E+02	4,964637E+01	5,568179E+03
4,23	-1,199344E+06	1,331653E+02	4,936711E+01	5,568179E+03
4,235	-1,199344E+06	1,298479E+02	4,968837E+01	5,568179E+03
4,24	-1,199344E+06	1,339241E+02	5,022588E+01	5,568179E+03
4,245	-1,199344E+06	1,332483E+02	5,053981E+01	5,568179E+03
4,25	-1,199345E+06	1,366583E+02	5,052463E+01	5,568179E+03
4,255	-1,199344E+06	1,298117E+02	5,056170E+01	5,568179E+03
4,26	-1,199344E+06	1,365736E+02	5,090385E+01	5,568179E+03
4,265	-1,199344E+06	1,392846E+02	5,167561E+01	5,568179E+03
4,27	-1,199344E+06	1,325931E+02	5,231281E+01	5,568179E+03
4,275	-1,199345E+06	1,431071E+02	5,229427E+01	5,568179E+03
4,28	-1,199344E+06	1,383082E+02	5,234581E+01	5,568179E+03
4,285	-1,199344E+06	1,423328E+02	5,273836E+01	5,568179E+03
4,29	-1,199344E+06	1,420815E+02	5,344421E+01	5,568179E+03
4,295	-1,199344E+06	1,338970E+02	5,413432E+01	5,568179E+03
4,3	-1,199344E+06	1,468542E+02	5,418154E+01	5,568179E+03
4,305	-1,199344E+06	1,480296E+02	5,382173E+01	5,568179E+03
4,31	-1,199344E+06	1,496475E+02	5,334807E+01	5,568179E+03
4,315	-1,199344E+06	1,433700E+02	5,277907E+01	5,568179E+03
4,32	-1,199344E+06	1,342627E+02	5,226756E+01	5,568179E+03
4,325	-1,199344E+06	1,408176E+02	5,195175E+01	5,568179E+03
4,33	-1,199344E+06	1,503604E+02	5,132113E+01	5,568179E+03
4,335	-1,199344E+06	1,475838E+02	5,060945E+01	5,568179E+03
4,34	-1,199344E+06	1,348960E+02	5,082817E+01	5,568179E+03
4,345	-1,199344E+06	1,476505E+02	5,173262E+01	5,568179E+03
4,35	-1,199344E+06	1,479628E+02	5,287991E+01	5,568179E+03
4,355	-1,199344E+06	1,386173E+02	5,375587E+01	5,568179E+03
4,36	-1,199344E+06	1,443664E+02	5,405841E+01	5,568179E+03
4,365	-1,199344E+06	1,381434E+02	5,436880E+01	5,568179E+03
4,37	-1,199344E+06	1,405195E+02	5,468801E+01	5,568179E+03
4,375	-1,199344E+06	1,492491E+02	5,491092E+01	5,568179E+03
4,38	-1,199344E+06	1,569439E+02	5,512271E+01	5,568179E+03
4,385	-1,199344E+06	1,540274E+02	5,499249E+01	5,568179E+03
4,39	-1,199344E+06	1,529200E+02	5,427051E+01	5,568179E+03
4,395	-1,199344E+06	1,476675E+02	5,373595E+01	5,568179E+03
4,4	-1,199344E+06	1,480376E+02	5,353073E+01	5,568179E+03
4,405	-1,199344E+06	1,503446E+02	5,332216E+01	5,568179E+03
4,41	-1,199344E+06	1,420892E+02	5,335981E+01	5,568179E+03
4,415	-1,199344E+06	1,541469E+02	5,331463E+01	5,568179E+03
4,42	-1,199344E+06	1,548948E+02	5,330516E+01	5,568179E+03
4,425	-1,199344E+06	1,476966E+02	5,388346E+01	5,568179E+03
4,43	-1,199344E+06	1,449953E+02	5,472741E+01	5,568179E+03
4,435	-1,199344E+06	1,516509E+02	5,512885E+01	5,568179E+03
4,44	-1,199344E+06	1,493577E+02	5,537946E+01	5,568179E+03
4,445	-1,199344E+06	1,523721E+02	5,526600E+01	5,568179E+03
4,45	-1,199344E+06	1,731112E+02	5,496288E+01	5,568179E+03
4,455	-1,199344E+06	1,591228E+02	5,524646E+01	5,568179E+03
4,46	-1,199344E+06	1,573642E+02	5,515434E+01	5,568179E+03
4,465	-1,199344E+06	1,589692E+02	5,460073E+01	5,568179E+03
4,47	-1,199344E+06	1,504892E+02	5,402400E+01	5,568179E+03
4,475	-1,199344E+06	1,613605E+02	5,352027E+01	5,568179E+03
4,48	-1,199344E+06	1,644265E+02	5,356528E+01	5,568179E+03
4,485	-1,199344E+06	1,679663E+02	5,364059E+01	5,568179E+03
4,49	-1,199344E+06	1,619464E+02	5,330367E+01	5,568179E+03
4,495	-1,199344E+06	1,607685E+02	5,276826E+01	5,568179E+03
4,5	-1,199344E+06	1,539978E+02	5,276836E+01	5,568179E+03
4,505	-1,199344E+06	1,582929E+02	5,315146E+01	5,568179E+03
4,51	-1,199344E+06	1,695644E+02	5,361176E+01	5,568179E+03
4,515	-1,199343E+06	1,498785E+02	5,409315E+01	5,568179E+03
4,52	-1,199344E+06	1,618906E+02	5,384869E+01	5,568179E+03
4,525	-1,199344E+06	1,671974E+02	5,361245E+01	5,568179E+03
4,53	-1,199344E+06	1,659575E+02	5,342716E+01	5,568179E+03
4,535	-1,199344E+06	1,742753E+02	5,316289E+01	5,568179E+03
4,54	-1,199344E+06	1,573104E+02	5,338768E+01	5,568179E+03
4,545	-1,199344E+06	1,557672E+02	5,325999E+01	5,568179E+03
4,55	-1,199344E+06	1,627281E+02	5,277067E+01	5,568179E+03
4,555	-1,199344E+06	1,576184E+02	5,230354E+01	5,568179E+03
4,56	-1,199344E+06	1,623730E+02	5,176389E+01	5,568179E+03
4,565	-1,199344E+06	1,698863E+02	5,185353E+01	5,568179E+03
4,57	-1,199344E+06	1,621661E+02	5,243634E+01	5,568179E+03
4,575	-1,199344E+06	1,643704E+02	5,254132E+01	5,568179E+03
4,58	-1,199344E+06	1,769130E+02	5,236874E+01	5,568179E+03
4,585	-1,199344E+06	1,774380E+02	5,254960E+01	5,568179E+03
4,59	-1,199344E+06	1,784695E+02	5,301521E+01	5,568179E+03
4,595	-1,199344E+06	1,771537E+02	5,356886E+01	5,568179E+03
4,6	-1,199344E+06	1,645963E+02	5,387877E+01	5,568179E+03
4,605	-1,199343E+06	1,671918E+02	5,353784E+01	5,568179E+03
4,61	-1,199344E+06	1,833166E+02	5,313084E+01	5,568179E+03
4,615	-1,199343E+06	1,774837E+02	5,325235E+01	5,568179E+03
4,62	-1,199344E+06	1,818633E+02	5,346327E+01	5,568179E+03
4,625	-1,199343E+06	1,827870E+02	5,381106E+01	5,568179E+03
4,63	-1,199344E+06	1,888741E+02	5,367559E+01	5,568179E+03
4,635	-1,199344E+06	1,910814E+02	5,300903E+01	5,568179E+03
4,64	-1,199343E+06	1,764874E+02	5,281564E+01	5,568179E+03
4,645	-1,199344E+06	1,731744E+02	5,335541E+01	5,568179E+03
4,65	-1,199343E+06	1,773800E+02	5,427533E+01	5,568179E+03
4,655	-1,199344E+06	1,893504E+02	5,492230E+01	5,568179E+03
4,66	-1,199344E+06	1,904241E+02	5,502300E+01	5,568179E+03
4,665	-1,199343E+06	1,796334E+02	5,495572E+01	5,568179E+03
4,67	-1,199343E+06	1,889783E+02	5,512483E+01	5,568179E+03
4,675	-1,199343E+06	1,920250E+02	5,563619E+01	5,568179E+03
4,68	-1,199343E+06	1,874595E+02	5,570769E+01	5,568179E+03
4,685	-1,199343E+06	1,813749E+02	5,514385E+01	5,568179E+03
4,69	-1,199343E+06	1,761646E+02	5,431206E+01	5,568179E+03
4,695	-1,199343E+06	1,765138E+02	5,353950E+01	5,568179E+03
4,7	-1,199343E+06	1,844919E+02	5,341039E+01	5,568179E+03
4,705	-1,199343E+06	1,905818E+02	5,375519E+01	5,568179E+03
4,71	-1,199343E+06	1,925676E+02	5,387340E+01	5,568179E+03
4,715	-1,199343E+06	1,949142E+02	5,381105E+01	5,568179E+03
4,72	-1,199343E+06	2,019255E+02	5,365772E+01	5,568179E+03
4,725	-1,199343E+06	2,076908E+02	5,371703E+01	5,568179E+03
4,73	-1,199343E+06	1,982225E+02	5,435224E+01	5,568179E+03
4,735	-1,199343E+06	1,780006E+02	5,497771E+01	5,568179E+03
4,74	-1,199343E+06	1,876248E+02	5,509208E+01	5,568179E+03
4,745	-1,199344E+06	2,097894E+02	5,489469E+01	5,568179E+03
4,75	-1,199343E+06	1,936892E+02	5,459826E+01	5,568179E+03
4,755	-1,199343E+06	1,905480E+02	5,422202E+01	5,568179E+03
4,76	-1,199343E+06	1,932937E+02	5,392301E+01	5,568179E+03
4,765	-1,199343E+06	1,953358E+02	5,330971E+01	5,568179E+03
4,77	-1,199343E+06	2,058063E+02	5,230423E+01	5,568179E+03
4,775	-1,199343E+06	1,944626E+02	5,153876E+01	5,568179E+03
4,78	-1,199343E+06	1,989754E+02	5,121157E+01	5,568179E+03
4,785	-1,199343E+06	2,052164E+02	5,147524E+01	5,568179E+03
4,79	-1,199343E+06	2,099933E+02	5,182495E+01	5,568179E+03
4,795	-1,199343E+06	2,047135E+02	5,195295E+01	5,568179E+03
4,8	-1,199343E+06	2,059551E+02	5,190268E+01	5,568179E+03
4,805	-1,199343E+06	2,120072E+02	5,236700E+01	5,568179E+03
4,81	-1,199342E+06	1,960665E+02	5,381271E+01	5,568179E+03
4,815	-1,199343E+06	2,059928E+02	5,511640E+01	5,568179E+03
4,82	-1,199343E+06	2,068876E+02	5,586379E+01	5,568179E+03
4,825	-1,199343E+06	2,013357E+02	5,610324E+01	5,568179E+03
4,83	-1,199343E+06	2,071000E+02	5,629358E+01	5,568179E+03
4,835	-1,199343E+06	2,105541E+02	5,666776E+01	5,568179E+03
4,84	-1,199343E+06	2,171849E+02	5,638869E+01	5,568179E+03
4,845	-1,199343E+06	2,181466E+02	5,526768E+01	5,568179E+03
4,85	-1,199343E+06	2,201180E+02	5,359671E+01	5,568179E+03
4,855	-1,199343E+06	2,184193E+02	5,172727E+01	5,568179E+03
4,86	-1,199343E+06	2,131847E+02	5,018867E+01	5,568179E+03
4,865	-1,199343E+06	2,096033E+02	4,945911E+01	5,568179E+03
4,87	-1,199343E+06	2,148074E+02	4,937384E+01	5,568179E+03
4,875	-1,199343E+06	2,194767E+02	4,955929E+01	5,568179E+03
4,88	-1,199343E+06	2,179256E+02	5,001913E+01	5,568179E+03
4,885	-1,199343E+06	2,262496E+02	5,082038E+01	5,568179E+03
4,89	-1,199343E+06	2,308577E+02	5,239152E+01	5,568179E+03
4,895	-1,199343E+06	2,235977E+02	5,437900E+01	5,568179E+03
4,9	-1,199342E+06	2,206996E+02	5,572548E+01	5,568179E+03
4,905	-1,199343E+06	2,345266E+02	5,624231E+01	5,568179E+03
4,91	-1,199342E+06	2,242195E+02	5,598255E+01	5,568179E+03
4,915	-1,199342E+06	2,228657E+02	5,518088E+01	5,568179E+03
4,92	-1,199343E+06	2,361385E+02	5,479553E+01	5,568179E+03
4,925	-1,199342E+06	2,339702E+02	5,423244E+01	5,568179E+03
4,93	-1,199343E+06	2,297110E+02	5,314439E+01	5,568179E+03
4,935	-1,199342E+06	2,197338E+02	5,222560E+01	5,568179E+03
4,94	-1,199343E+06	2,353075E+02	5,128705E+01	5,568179E+03
4,945	-1,199343E+06	2,338793E+02	5,132395E+01	5,568179E+03
4,95	-1,199342E+06	2,190386E+02	5,241390E+01	5,568179E+03
4,955	-1,199343E+06	2,378209E+02	5,323113E+01	5,568179E+03
4,96	-1,199342E+06	2,429626E+02	5,387277E+01	5,568179E+03
4,965	-1,199342E+06	2,435273E+02	5,392210E+01	5,568179E+03
4,97	-1,199342E+06	2,416698E+02	5,374953E+01	5,568179E+03
4,975	-1,199342E+06	2,366330E+02	5,397431E+01	5,568179E+03
4,98	-1,199342E+06	2,333850E+02	5,413686E+01	5,568179E+03
4,985	-1,199342E+06	2,398002E+02	5,403752E+01	5,568179E+03
4,99	-1,199342E+06	2,521832E+02	5,344907E+01	5,568179E+03
4,995	-1,199342E+06	2,568838E+02	5,226067E+01	5,568179E+03
5,0	-1,199342E+06	2,554587E+02	5,095640E+01	5,568179E+03
5,005	-1,199342E+06	2,424927E+02	5,032157E+01	5,568179E+03
5,01	-1,199342E+06	2,339486E+02	5,044161E+01	5,568179E+03
5,015	-1,199342E+06	2,502097E+02	5,062868E+01	5,568179E+03
5,02	-1,199342E+06	2,465171E+02	5,094499E+01	5,568179E+03
5,025	-1,199342E+06	2,498860E+02	5,120944E+01	5,568179E+03
5,03	-1,199342E+06	2,687249E+02	5,183988E+01	5,568179E+03
5,035	-1,199342E+06	2,594958E+02	5,263092E+01	5,568179E+03
5,04	-1,199342E+06	2,691007E+02	5,210096E+01	5,568179E+03
5,045	-1,199342E+06	2,624557E+02	5,131638E+01	5,568179E+03
5,05	-1,199342E+06	2,463355E+02	5,057611E+01	5,568179E+03
5,055	-1,199342E+06	2,488842E+02	4,983657E+01	5,568179E+03
5,06	-1,199341E+06	2,338112E+02	5,000479E+01	5,568179E+03
5,065	-1,199342E+06	2,508114E+02	4,981932E+01	5,568179E+03
5,07	-1,199342E+06	2,690127E+02	4,908487E+01	5,568179E+03
5,075	-1,199342E+06	2,518229E+02	4,844434E+01	5,568179E+03
5,08	-1,199342E+06	2,546448E+02	4,779018E+01	5,568179E+03
5,085	-1,199342E+06	2,702210E+02	4,812143E+01	5,568179E+03
5,09	-1,199342E+06	2,739691E+02	4,911920E+01	5,568179E+03
5,095	-1,199342E+06	2,682055E+02	4,973608E+01	5,568179E+03
5,1	-1,199342E+06	2,737380E+02	5,028854E+01	5,568179E+03
5,105	-1,199342E+06	2,703771E+02	5,133514E+01	5,568179E+03
5,11	-1,199341E+06	2,745904E+02	5,289497E+01	5,568179E+03
5,115	-1,199342E+06	2,857634E+02	5,457863E+01	5,568179E+03
5,12	-1,199341E+06	2,764959E+02	5,548681E+01	5,568179E+03
5,125	-1,199342E+06	2,936966E+02	5,479938E+01	5,568179E+03
5,13	-1,199342E+06	2,827086E+02	5,337949E+01	5,568179E+03
5,135	-1,199341E+06	2,704683E+02	5,198665E+01	5,568179E+03
5,14	-1,199342E+06	2,997589E+02	5,098414E+01	5,568179E+03
5,145	-1,199341E+06	2,871683E+02	5,057814E+01	5,568179E+03
5,15	-1,199341E+06	2,822886E+02	4,967707E+01	5,568179E+03
5,155	-1,199342E+06	2,881467E+02	4,832814E+01	5,568179E+03
5,16	-1,199341E+06	2,762646E+02	4,763142E+01	5,568179E+03
5,165	-1,199341E+06	2,774197E+02	4,816733E+01	5,568179E+03
5,17	-1,199342E+06	3,025080E+02	4,954439E+01	5,568179E+03
5,175	-1,199342E+06	3,083506E+02	5,094906E+01	5,568179E+03
5,18	-1,199341E+06	2,953284E+02	5,129041E+01	5,568179E+03
5,185	-1,199341E+06	2,940425E+02	5,095810E+01	5,568179E+03
5,19	-1,199341E+06	2,894061E+02	5,136597E+01	5,568179E+03
5,195	-1,199342E+06	3,125379E+02	5,167079E+01	5,568179E+03
5,2	-1,199341E+06	2,968640E+02	5,205905E+01	5,568179E+03
5,205	-1,199340E+06	2,763798E+02	5,246264E+01	5,568179E+03
5,21	-1,199341E+06	3,030156E+02	5,183406E+01	5,568179E+03
5,215	-1,199341E+06	2,982476E+02	5,123312E+01	5,568179E+03
5,22	-1,199341E+06	2,911583E+02	5,144837E+01	5,568179E+03
5,225	-1,199341E+06	3,000155E+02	5,217296E+01	5,568179E+03
5,23	-1,199341E+06	3,187871E+02	5,268185E+01	5,568179E+03
5,235	-1,199341E+06	3,178980E+02	5,213537E+01	5,568179E+03
5,24	-1,199341E+06	2,977308E+02	5,054820E+01	5,568179E+03
5,245	-1,199341E+06	2,985862E+02	4,983470E+01	5,568179E+03
5,25	-1,199341E+06	3,093392E+02	5,063402E+01	5,568179E+03
5,255	-1,199341E+06	3,171851E+02	5,143094E+01	5,568179E+03
5,26	-1,199340E+06	3,078922E+02	5,185943E+01	5,568179E+03
5,265	-1,199341E+06	3,154406E+02	5,166477E+01	5,568179E+03
5,27	-1,199341E+06	3,194520E+02	5,144647E+01	5,568179E+03
5,275	-1,199340E+06	3,163179E+02	5,217800E+01	5,568179E+03
5,28	-1,199341E+06	3,291024E+02	5,313390E+01	5,568179E+03
5,285	-1,199341E+06	3,232690E+02	5,353211E+01	5,568179E+03
5,29	-1,199340E+06	3,092691E+02	5,329620E+01	5,568179E+03
5,295	-1,199341E+06	3,113163E+02	5,202557E+01	5,568179E+03
5,3	-1,199340E+06	3,138515E+02	5,066079E+01	5,568179E+03
5,305	-1,199341E+06	3,372259E+02	4,964522E+01	5,568179E+03
5,31	-1,199341E+06	3,352954E+02	4,852769E+01	5,568179E+03
5,315	-1,199340E+06	3,267618E+02	4,745503E+01	5,568179E+03
5,32	-1,199341E+06	3,312000E+02	4,637060E+01	5,568179E+03
5,325	-1,199340E+06	3,289850E+02	4,566857E+01	5,568179E+03
5,33	-1,199341E+06	3,558029E+02	4,614137E+01	5,568179E+03
5,335	-1,199341E+06	3,578301E+02	4,751364E+01	5,568179E+03
5,34	-1,199340E+06	3,245634E+02	4,842963E+01	5,568179E+03
5,345	-1,199340E+06	3,184700E+02	4,881693E+01	5,568179E+03
5,35	-1,199340E+06	3,340149E+02	4,951824E+01	5,568179E+03
5,355	-1,199340E+06	3,405826E+02	5,033416E+01	5,568179E+03
5,36	-1,199340E+06	3,508027E+02	5,122779E+01	5,568179E+03
5,365	-1,199341E+06	3,588440E+02	5,186219E+01	5,568179E+03
5,37	-1,199340E+06	3,453102E+02	5,132469E+01	5,568179E+03
5,375	-1,199340E+06	3,579834E+02	4,985800E+01	5,568179E+03
5,38	-1,199340E+06	3,618232E+02	4,798190E+01	5,568179E+03
5,385	-1,199340E+06	3,509448E+02	4,631439E+01	5,568179E+03
5,39	-1,199340E+06	3,430325E+02	4,597834E+01	5,568179E+03
5,395	-1,199340E+06	3,400877E+02	4,643510E+01	5,568179E+03
5,4	-1,199340E+06	3,620937E+02	4,667852E+01	5,568179E+03
5,405	-1,199340E+06	3,620369E+02	4,712378E+01	5,568179E+03
5,41	-1,199340E+06	3,728884E+02	4,817812E+01	5,568179E+03
5,415	-1,199340E+06	3,788877E+02	5,033217E+01	5,568179E+03
5,42	-1,199340E+06	3,853749E+02	5,208586E+01	5,568179E+03
5,425	-1,199340E+06	3,716213E+02	5,228548E+01	5,568179E+03
5,43	-1,199339E+06	3,592185E+02	5,076987E+01	5,568179E+03
5,435	-1,199340E+06	3,709484E+02	4,862000E+01	5,568179E+03
5,44	-1,199339E+06	3,792407E+02	4,752710E+01	5,568179E+03
5,445	-1,199340E+06	3,980621E+02	4,696271E+01	5,568179E+03
5,45	-1,199339E+06	3,741039E+02	4,658705E+01	5,568179E+03
5,455	-1,199340E+06	3,909945E+02	4,565732E+01	5,568179E+03
5,46	-1,199340E+06	3,816484E+02	4,467529E+01	5,568179E+03
5,465	-1,199338E+06	3,422725E+02	4,429295E+01	5,568179E+03
5,47	-1,199340E+06	3,761116E+02	4,439985E+01	5,568179E+03
5,475	-1,199339E+06	3,884913E+02	4,525154E+01	5,568179E+03
5,48	-1,199339E+06	4,056907E+02	4,582326E+01	5,568179E+03
5,485	-1,199340E+06	4,145932E+02	4,616390E+01	5,568179E+03
5,49	-1,199339E+06	3,802913E+02	4,652050E+01	5,568179E+03
5,495	-1,199339E+06	3,651622E+02	4,671814E+01	5,568179E+03
5,5	-1,199339E+06	3,685841E+02	4,720429E+01	5,568179E+03
5,505	-1,199339E+06	3,824552E+02	4,749002E+01	5,568179E+03
5,51	-1,199339E+06	3,936198E+02	4,711232E+01	5,568179E+03
5,515	-1,199339E+06	3,750381E+02	4,596382E+01	5,568179E+03
5,52	-1,199339E+06	3,819170E+02	4,454298E+01	5,568179E+03
5,525	-1,199339E+06	4,095301E+02	4,429234E+01	5,568179E+03
5,53	-1,199339E+06	4,163095E+02	4,485276E+01	5,568179E+03
5,535	-1,199339E+06	4,125954E+02	4,524320E+01	5,568179E+03
5,54	-1,199339E+06	4,162119E+02	4,499393E+01	5,568179E+03
5,545	-1,199339E+06	3,994542E+02	4,429943E+01	5,568179E+03
5,55	-1,199339E+06	3,952477E+02	4,480084E+01	5,568179E+03
5,555	-1,199339E+06	4,200705E+02	4,709299E+01	5,568179E+03
5,56	-1,199339E+06	4,260269E+02	4,925357E+01	5,568179E+03
5,565	-1,199338E+06	4,150830E+02	5,060432E+01	5,568179E+03
5,57	-1,199339E+06	4,282838E+02	5,094577E+01	5,568179E+03
5,575	-1,199338E+06	4,264016E+02	5,048803E+01	5,568179E+03
5,58	-1,199339E+06	4,453026E+02	5,010413E+01	5,568179E+03
5,585	-1,199339E+06	4,491181E+02	4,938434E+01	5,568179E+03
5,59	-1,199339E+06	4,332513E+02	4,713400E+01	5,568179E+03
5,595	-1,199339E+06	4,207189E+02	4,425789E+01	5,568179E+03
5,6	-1,199338E+06	4,006944E+02	4,200064E+01	5,568179E+03
5,605	-1,199339E+06	4,217012E+02	4,066201E+01	5,568179E+03
5,61	-1,199339E+06	4,387142E+02	4,065722E+01	5,568179E+03
5,615	-1,199338E+06	4,350711E+02	4,147906E+01	5,568179E+03
5,62	-1,199339E+06	4,461516E+02	4,257919E+01	5,568179E+03
5,625	-1,199338E+06	4,323462E+02	4,426629E+01	5,568179E+03
5,63	-1,199339E+06	4,552241E+02	4,591913E+01	5,568179E+03
5,635	-1,199338E+06	4,568880E+02	4,819041E+01	5,568179E+03
5,64	-1,199338E+06	4,585670E+02	4,995626E+01	5,568179E+03
5,645	-1,199338E+06	4,474448E+02	5,059351E+01	5,568179E+03
5,65	-1,199338E+06	4,337735E+02	5,067866E+01	5,568179E+03
5,655	-1,199338E+06	4,245154E+02	5,071007E+01	5,568179E+03
5,66	-1,199339E+06	4,522219E+02	5,022884E+01	5,568179E+03
5,665	-1,199338E+06	4,476254E+02	5,011047E+01	5,568179E+03
5,67	-1,199338E+06	4,406475E+02	4,927899E+01	5,568179E+03
5,675	-1,199338E+06	4,462721E+02	4,728139E+01	5,568179E+03
5,68	-1,199337E+06	4,409488E+02	4,661783E+01	5,568179E+03
5,685	-1,199338E+06	4,718402E+02	4,716579E+01	5,568179E+03
5,69	-1,199338E+06	4,751373E+02	4,801302E+01	5,568179E+03
5,695	-1,199337E+06	4,545592E+02	4,879840E+01	5,568179E+03
5,7	-1,199338E+06	4,681231E+02	4,849481E+01	5,568179E+03
5,705	-1,199338E+06	4,932175E+02	4,795606E+01	5,568179E+03
5,71	-1,199337E+06	4,702510E+02	4,897125E+01	5,568179E+03
5,715	-1,199337E+06	4,792493E+02	5,047494E+01	5,568179E+03
5,72	-1,199339E+06	5,094545E+02	5,191033E+01	5,568179E+03
5,725	-1,199336E+06	4,592314E+02	5,299263E+01	5,568179E+03
5,73	-1,199338E+06	4,878203E+02	5,186200E+01	5,568179E+03
5,735	-1,199338E+06	4,706943E+02	5,069049E+01	5,568179E+03
5,74	-1,199337E+06	4,478124E+02	4,944583E+01	5,568179E+03
5,745	-1,199339E+06	4,941115E+02	4,807604E+01	5,568179E+03
5,75	-1,199337E+06	4,611748E+02	4,765286E+01	5,568179E+03
5,755	-1,199337E+06	4,451182E+02	4,701991E+01	5,568179E+03
5,76	-1,199337E+06	4,772498E+02	4,686133E+01	5,568179E+03
5,765	-1,199338E+06	4,909233E+02	4,682776E+01	5,568179E+03
5,77	-1,199337E+06	4,846271E+02	4,690586E+01	5,568179E+03
5,775	-1,199338E+06	5,195012E+02	4,750497E+01	5,568179E+03
5,78	-1,199337E+06	5,016628E+02	4,856998E+01	5,568179E+03
5,785	-1,199336E+06	4,774745E+02	4,901545E+01	5,568179E+03
5,79	-1,199338E+06	5,288372E+02	4,803812E+01	5,568179E+03
5,795	-1,199337E+06	5,114181E+02	4,750994E+01	5,568179E+03
5,8	-1,199337E+06	4,959782E+02	4,864067E+01	5,568179E+03
5,805	-1,199337E+06	5,110715E+02	5,056557E+01	5,568179E+03
5,81	-1,199337E+06	5,056825E+02	5,125956E+01	5,568179E+03
5,815	-1,199336E+06	4,822018E+02	5,035658E+01	5,568179E+03
5,82	-1,199337E+06	4,999269E+02	4,864351E+01	5,568179E+03
5,825	-1,199337E+06	5,007717E+02	4,839717E+01	5,568179E+03
5,83	-1,199337E+06	5,153206E+02	4,889844E+01	5,568179E+03
5,835	-1,199337E+06	5,355638E+02	4,916153E+01	5,568179E+03
5,84	-1,199337E+06	5,332853E+02	4,932720E+01	5,568179E+03
5,845	-1,199337E+06	5,473606E+02	4,812863E+01	5,568179E+03
5,85	-1,199337E+06	5,369165E+02	4,674547E+01	5,568179E+03
5,855	-1,199336E+06	5,045007E+02	4,655342E+01	5,568179E+03
5,86	-1,199337E+06	5,213797E+02	4,673804E+01	5,568179E+03
5,865	-1,199338E+06	5,612663E+02	4,703604E+01	5,568179E+03
5,87	-1,199337E+06	5,449269E+02	4,710927E+01	5,568179E+03
5,875	-1,199336E+06	5,031956E+02	4,698043E+01	5,568179E+03
5,88	-1,199337E+06	5,493767E+02	4,690768E+01	5,568179E+03
5,885	-1,199337E+06	5,553060E+02	4,778266E+01	5,568179E+03
5,89	-1,199335E+06	5,192271E+02	4,855153E+01	5,568179E+03
5,895	-1,199338E+06	5,640582E+02	4,806158E+01	5,568179E+03
5,9	-1,199336E+06	5,291287E+02	4,755805E+01	5,568179E+03
5,905	-1,199336E+06	5,201587E+02	4,604454E+01	5,568179E+03
5,91	-1,199337E+06	5,488067E+02	4,549843E+01	5,568179E+03
5,915	-1,199336E+06	5,424160E+02	4,602768E+01	5,568179E+03
5,92	-1,199337E+06	5,678478E+02	4,563091E+01	5,568179E+03
5,925	-1,199337E+06	5,692902E+02	4,588388E+01	5,568179E+03
5,93	-1,199335E+06	5,524967E+02	4,658199E+01	5,568179E+03
5,935	-1,199337E+06	5,864052E+02	4,682174E+01	5,568179E+03
5,94	-1,199336E+06	5,626869E+02	4,803510E+01	5,568179E+03
5,945	-1,199336E+06	5,491389E+02	4,895905E+01	5,568179E+03
5,95	-1,199336E+06	5,766913E+02	4,921454E+01	5,568179E+03
5,955	-1,199337E+06	5,902219E+02	4,908558E+01	5,568179E+03
5,96	-1,199336E+06	5,524835E+02	4,884031E+01	5,568179E+03
5,965	-1,199335E+06	5,509780E+02	4,896387E+01	5,568179E+03
5,97	-1,199337E+06	5,793914E+02	4,877442E+01	5,568179E+03
5,975	-1,199334E+06	5,263434E+02	4,773368E+01	5,568179E+03
5,98	-1,199336E+06	5,685777E+02	4,565311E+01	5,568179E+03
5,985	-1,199336E+06	5,885024E+02	4,456848E+01	5,568179E+03
5,99	-1,199335E+06	5,604050E+02	4,385133E+01	5,568179E+03
5,995	-1,199337E+06	5,837467E+02	4,377287E+01	5,568179E+03
6,0	-1,199335E+06	5,448992E+02	4,605555E+01	5,568179E+03
6,005	-1,199336E+06	5,701226E+02	4,680872E+01	5,568179E+03
6,01	-1,199336E+06	5,940553E+02	4,622959E+01	5,568179E+03
6,015	-1,199335E+06	5,691865E+02	4,724492E+01	5,568179E+03
6,02	-1,199337E+06	5,960254E+02	4,815210E+01	5,568179E+03
6,025	-1,199335E+06	5,628167E+02	4,938912E+01	5,568179E+03
6,03	-1,199335E+06	5,683982E+02	5,141050E+01	5,568179E+03
6,035	-1,199336E+06	6,210416E+02	5,212050E+01	5,568179E+03
6,04	-1,199336E+06	6,052323E+02	5,202791E+01	5,568179E+03
6,045	-1,199335E+06	5,693871E+02	5,239913E+01	5,568179E+03
6,05	-1,199336E+06	6,008517E+02	5,154937E+01	5,568179E+03
6,055	-1,199335E+06	6,036059E+02	5,041569E+01	5,568179E+03
6,06	-1,199335E+06	6,003249E+02	4,928535E+01	5,568179E+03
6,065	-1,199336E+06	6,135011E+02	4,777921E+01	5,568179E+03
6,07	-1,199334E+06	5,798807E+02	4,737307E+01	5,568179E+03
6,075	-1,199335E+06	6,017466E+02	4,742755E+01	5,568179E+03
6,08	-1,199335E+06	6,313734E+02	4,759120E+01	5,568179E+03
6,085	-1,199336E+06	6,309003E+02	4,743271E+01	5,568179E+03
6,09	-1,199334E+06	5,912220E+02	4,688812E+01	5,568179E+03
6,095	-1,199335E+06	5,915633E+02	4,628003E+01	5,568179E+03
6,1	-1,199335E+06	6,041767E+02	4,742063E+01	5,568179E+03
6,105	-1,199335E+06	6,115091E+02	4,986995E+01	5,568179E+03
6,11	-1,199335E+06	6,258488E+02	5,155030E+01	5,568179E+03
6,115	-1,199334E+06	6,021331E+02	5,261351E+01	5,568179E+03
6,12	-1,199335E+06	6,258727E+02	5,223091E+01	5,568179E+03
6,125	-1,199335E+06	6,168023E+02	5,190746E+01	5,568179E+03
6,13	-1,199334E+06	5,891441E+02	5,294956E+01	5,568179E+03
6,135	-1,199335E+06	6,245216E+02	5,316176E+01	5,568179E+03
6,14	-1,199335E+06	6,286024E+02	5,200520E+01	5,568179E+03
6,145	-1,199334E+06	5,955756E+02	5,023666E+01	5,568179E+03
6,15	-1,199335E+06	6,247300E+02	4,758292E+01	5,568179E+03
6,155	-1,199335E+06	6,480475E+02	4,606619E+01	5,568179E+03
6,16	-1,199335E+06	6,269876E+02	4,591240E+01	5,568179E+03
6,165	-1,199334E+06	6,214886E+02	4,581849E+01	5,568179E+03
6,17	-1,199335E+06	6,489777E+02	4,633830E+01	5,568179E+03
6,175	-1,199335E+06	6,371075E+02	4,658126E+01	5,568179E+03
6,18	-1,199335E+06	6,172390E+02	4,650857E+01	5,568179E+03
6,185	-1,199334E+06	6,083232E+02	4,881161E+01	5,568179E+03
6,19	-1,199335E+06	6,270067E+02	5,177066E+01	5,568179E+03
6,195	-1,199334E+06	6,310188E+02	5,399938E+01	5,568179E+03
6,2	-1,199335E+06	6,629241E+02	5,555619E+01	5,568179E+03
6,205	-1,199334E+06	6,656415E+02	5,570485E+01	5,568179E+03
6,21	-1,199335E+06	6,567450E+02	5,446244E+01	5,568179E+03
6,215	-1,199334E+06	6,451357E+02	5,348588E+01	5,568179E+03
6,22	-1,199334E+06	6,372879E+02	5,185014E+01	5,568179E+03
6,225	-1,199335E+06	6,521649E+02	4,879999E+01	5,568179E+03
6,23	-1,199334E+06	6,159880E+02	4,740517E+01	5,568179E+03
6,235	-1,199334E+06	6,414908E+02	4,763303E+01	5,568179E+03
6,24	-1,199336E+06	6,760224E+02	4,883812E+01	5,568179E+03
6,245	-1,199333E+06	6,193283E+02	5,103485E+01	5,568179E+03
6,25	-1,199335E+06	6,431331E+02	5,142978E+01	5,568179E+03
6,255	-1,199334E+06	6,389167E+02	5,191812E+01	5,568179E+03
6,26	-1,199333E+06	6,108766E+02	5,361397E+01	5,568179E+03
6,265	-1,199335E+06	6,422440E+02	5,436091E+01	5,568179E+03
6,27	-1,199334E+06	6,415927E+02	5,508087E+01	5,568179E+03
6,275	-1,199334E+06	6,650451E+02	5,477676E+01	5,568179E+03
6,28	-1,199334E+06	6,849778E+02	5,325013E+01	5,568179E+03
6,285	-1,199334E+06	6,705833E+02	5,263083E+01	5,568179E+03
6,29	-1,199334E+06	6,525850E+02	5,183330E+01	5,568179E+03
6,295	-1,199335E+06	6,573815E+02	5,031716E+01	5,568179E+03
6,3	-1,199334E+06	6,207000E+02	4,982928E+01	5,568179E+03
6,305	-1,199333E+06	6,334745E+02	4,838326E+01	5,568179E+03
6,31	-1,199336E+06	6,965935E+02	4,637337E+01	5,568179E+03
6,315	-1,199333E+06	6,376825E+02	4,615263E+01	5,568179E+03
6,32	-1,199334E+06	6,304654E+02	4,588978E+01	5,568179E+03
6,325	-1,199334E+06	6,407287E+02	4,730556E+01	5,568179E+03
6,33	-1,199333E+06	6,279325E+02	4,983307E+01	5,568179E+03
6,335	-1,199335E+06	6,674574E+02	5,073512E+01	5,568179E+03
6,34	-1,199334E+06	6,691538E+02	5,128264E+01	5,568179E+03
6,345	-1,199334E+06	6,651710E+02	5,121453E+01	5,568179E+03
6,35	-1,199334E+06	6,611544E+02	5,095070E+01	5,568179E+03
6,355	-1,199334E+06	6,473189E+02	5,214740E+01	5,568179E+03
6,36	-1,199333E+06	6,545463E+02	5,318065E+01	5,568179E+03
6,365	-1,199335E+06	6,955960E+02	5,220495E+01	5,568179E+03
6,37	-1,199334E+06	6,828459E+02	5,128801E+01	5,568179E+03
6,375	-1,199333E+06	6,629697E+02	5,028215E+01	5,568179E+03
6,38	-1,199334E+06	6,782830E+02	4,938474E+01	5,568179E+03
6,385	-1,199334E+06	6,791335E+02	4,928326E+01	5,568179E+03
6,39	-1,199334E+06	6,888461E+02	4,734833E+01	5,568179E+03
6,395	-1,199335E+06	6,808694E+02	4,427056E+01	5,568179E+03
6,4	-1,199332E+06	6,215885E+02	4,367740E+01	5,568179E+03
6,405	-1,199335E+06	6,894779E+02	4,468315E+01	5,568179E+03
6,41	-1,199334E+06	6,782016E+02	4,733058E+01	5,568179E+03
6,415	-1,199333E+06	6,616978E+02	4,967651E+01	5,568179E+03
6,42	-1,199335E+06	6,958903E+02	5,021347E+01	5,568179E+03
6,425	-1,199334E+06	6,615556E+02	5,029765E+01	5,568179E+03
6,43	-1,199332E+06	6,204589E+02	5,137054E+01	5,568179E+03
6,435	-1,199334E+06	6,861922E+02	5,241849E+01	5,568179E+03
6,44	-1,199335E+06	7,065892E+02	5,355918E+01	5,568179E+03
6,445	-1,199333E+06	6,694778E+02	5,379244E+01	5,568179E+03
6,45	-1,199334E+06	6,808348E+02	5,213703E+01	5,568179E+03
6,455	-1,199334E+06	6,741805E+02	5,035241E+01	5,568179E+03
6,46	-1,199333E+06	6,666248E+02	4,878426E+01	5,568179E+03
6,465	-1,199335E+06	7,128727E+02	4,731183E+01	5,568179E+03
6,47	-1,199333E+06	6,895301E+02	4,771136E+01	5,568179E+03
6,475	-1,199334E+06	7,013685E+02	4,800364E+01	5,568179E+03
6,48	-1,199335E+06	6,975873E+02	4,744244E+01	5,568179E+03
6,485	-1,199333E+06	6,273690E+02	4,757509E+01	5,568179E+03
6,49	-1,199334E+06	6,464390E+02	4,797855E+01	5,568179E+03
6,495	-1,199334E+06	6,767619E+02	4,865444E+01	5,568179E+03
6,5	-1,199334E+06	6,847461E+02	4,929061E+01	5,568179E+03
6,505	-1,199333E+06	6,664740E+02	4,947719E+01	5,568179E+03
6,51	-1,199334E+06	6,942167E+02	4,857330E+01	5,568179E+03
6,515	-1,199334E+06	6,871587E+02	4,794638E+01	5,568179E+03
6,52	-1,199333E+06	6,683506E+02	4,682652E+01	5,568179E+03
6,525	-1,199334E+06	6,911407E+02	4,549447E+01	5,568179E+03
6,53	-1,199333E+06	6,799283E+02	4,525961E+01	5,568179E+03
6,535	-1,199334E+06	6,957773E+02	4,435711E+01	5,568179E+03
6,54	-1,199334E+06	6,931260E+02	4,455118E+01	5,568179E+03
6,545	-1,199333E+06	6,502424E+02	4,629967E+01	5,568179E+03
6,55	-1,199334E+06	6,560334E+02	4,665561E+01	5,568179E+03
6,555	-1,199333E+06	6,336449E+02	4,683410E+01	5,568179E+03
6,56	-1,199333E+06	6,398639E+02	4,657334E+01	5,568179E+03
6,565	-1,199334E+06	6,739888E+02	4,607659E+01	5,568179E+03
6,57	-1,199334E+06	6,906704E+02	4,696658E+01	5,568179E+03
6,575	-1,199334E+06	6,727961E+02	4,771632E+01	5,568179E+03
6,58	-1,199332E+06	6,177599E+02	4,843772E+01	5,568179E+03
6,585	-1,199334E+06	6,741791E+02	4,935263E+01	5,568179E+03
6,59	-1,199334E+06	7,044084E+02	5,028105E+01	5,568179E+03
6,595	-1,199334E+06	6,959093E+02	5,071894E+01	5,568179E+03
6,6	-1,199334E+06	6,763011E+02	5,166801E+01	5,568179E+03
6,605	-1,199334E+06	6,709641E+02	5,278942E+01	5,568179E+03
6,61	-1,199334E+06	6,859908E+02	5,264806E+01	5,568179E+03
6,615	-1,199334E+06	6,873458E+02	5,161467E+01	5,568179E+03
6,62	-1,199333E+06	6,579942E+02	5,061771E+01	5,568179E+03
6,625	-1,199333E+06	6,608118E+02	5,009917E+01	5,568179E+03
6,63	-1,199334E+06	6,978181E+02	5,074094E+01	5,568179E+03
6,635	-1,199334E+06	6,882924E+02	5,142229E+01	5,568179E+03
6,64	-1,199334E+06	6,807686E+02	5,086588E+01	5,568179E+03
6,645	-1,199334E+06	6,670184E+02	5,015096E+01	5,568179E+03
6,65	-1,199333E+06	6,145933E+02	4,976189E+01	5,568179E+03
6,655	-1,199334E+06	6,580000E+02	4,977376E+01	5,568179E+03
6,66	-1,199334E+06	6,966148E+02	5,094157E+01	5,568179E+03
6,665	-1,199334E+06	6,923954E+02	5,171246E+01	5,568179E+03
6,67	-1,199334E+06	6,642581E+02	5,159785E+01	5,568179E+03
6,675	-1,199334E+06	6,581103E+02	5,084477E+01	5,568179E+03
6,68	-1,199334E+06	6,597404E+02	5,027788E+01	5,568179E+03
6,685	-1,199334E+06	6,808476E+02	4,920425E+01	5,568179E+03
6,69	-1,199335E+06	6,911996E+02	4,710649E+01	5,568179E+03
6,695	-1,199333E+06	6,324325E+02	4,556164E+01	5,568179E+03
6,7	-1,199334E+06	6,660368E+02	4,391298E+01	5,568179E+03
6,705	-1,199335E+06	6,808607E+02	4,354682E+01	5,568179E+03
6,71	-1,199333E+06	6,474297E+02	4,481293E+01	5,568179E+03
6,715	-1,199335E+06	6,770983E+02	4,640835E+01	5,568179E+03
6,72	-1,199334E+06	6,526322E+02	4,840260E+01	5,568179E+03
6,725	-1,199334E+06	6,321627E+02	4,923567E+01	5,568179E+03
6,73	-1,199335E+06	6,391660E+02	4,897755E+01	5,568179E+03
6,735	-1,199334E+06	6,223309E+02	4,933928E+01	5,568179E+03
6,74	-1,199335E+06	6,491812E+02	4,968960E+01	5,568179E+03
6,745	-1,199335E+06	6,479824E+02	4,978675E+01	5,568179E+03
6,75	-1,199334E+06	6,266740E+02	4,977670E+01	5,568179E+03
6,755	-1,199334E+06	6,525261E+02	4,912097E+01	5,568179E+03
6,76	-1,199335E+06	6,761032E+02	4,854805E+01	5,568179E+03
6,765	-1,199334E+06	6,397782E+02	4,886828E+01	5,568179E+03
6,77	-1,199334E+06	6,553866E+02	4,873030E+01	5,568179E+03
6,775	-1,199335E+06	6,754060E+02	4,886684E+01	5,568179E+03
6,78	-1,199334E+06	6,573122E+02	4,911393E+01	5,568179E+03
6,785	-1,199335E+06	6,710518E+02	4,863123E+01	5,568179E+03
6,79	-1,199335E+06	6,702707E+02	4,840497E+01	5,568179E+03
6,795	-1,199333E+06	6,070617E+02	4,923155E+01	5,568179E+03
6,8	-1,199335E+06	6,429489E+02	4,963215E+01	5,568179E+03
6,805	-1,199335E+06	6,657581E+02	5,022169E+01	5,568179E+03
6,81	-1,199334E+06	6,359696E+02	5,045676E+01	5,568179E+03
6,815	-1,199335E+06	6,599835E+02	4,930853E+01	5,568179E+03
6,82	-1,199335E+06	6,319817E+02	4,941606E+01	5,568179E+03
6,825	-1,199333E+06	5,997542E+02	5,041460E+01	5,568179E+03
6,83	-1,199336E+06	6,641202E+02	5,026668E+01	5,568179E+03
6,835	-1,199334E+06	6,486153E+02	5,070438E+01	5,568179E+03
6,84	-1,199334E+06	6,273654E+02	5,097818E+01	5,568179E+03
6,845	-1,199334E+06	6,435758E+02	5,079383E+01	5,568179E+03
6,85	-1,199335E+06	6,645099E+02	5,070741E+01	5,568179E+03
6,855	-1,199335E+06	6,546338E+02	4,994012E+01	5,568179E+03
6,86	-1,199335E+06	6,402189E+02	4,773220E+01	5,568179E+03
6,865	-1,199334E+06	6,146582E+02	4,563114E+01	5,568179E+03
6,87	-1,199335E+06	6,179995E+02	4,350157E+01	5,568179E+03
6,875	-1,199335E+06	6,299726E+02	4,196914E+01	5,568179E+03
6,88	-1,199334E+06	5,964897E+02	4,265827E+01	5,568179E+03
6,885	-1,199334E+06	6,009228E+02	4,367421E+01	5,568179E+03
6,89	-1,199335E+06	6,432791E+02	4,429557E+01	5,568179E+03
6,895	-1,199335E+06	6,251798E+02	4,561396E+01	5,568179E+03
6,9	-1,199335E+06	6,107608E+02	4,619444E+01	5,568179E+03
6,905	-1,199334E+06	5,973797E+02	4,617962E+01	5,568179E+03
6,91	-1,199334E+06	6,064298E+02	4,638005E+01	5,568179E+03
6,915	-1,199335E+06	6,386898E+02	4,499317E+01	5,568179E+03
6,92	-1,199335E+06	6,160098E+02	4,284911E+01	5,568179E+03
6,925	-1,199334E+06	5,655588E+02	4,190952E+01	5,568179E+03
6,93	-1,199335E+06	5,718725E+02	4,124929E+01	5,568179E+03
6,935	-1,199335E+06	6,037505E+02	4,179874E+01	5,568179E+03
6,94	-1,199334E+06	5,954279E+02	4,325987E+01	5,568179E+03
6,945	-1,199335E+06	6,284400E+02	4,367624E+01	5,568179E+03
6,95	-1,199335E+06	6,184058E+02	4,536908E+01	5,568179E+03
6,955	-1,199334E+06	6,101774E+02	4,706777E+01	5,568179E+03
6,96	-1,199336E+06	6,496550E+02	4,738883E+01	5,568179E+03
6,965	-1,199334E+06	6,037030E+02	4,839387E+01	5,568179E+03
6,97	-1,199335E+06	5,888181E+02	4,837354E+01	5,568179E+03
6,975	-1,199335E+06	5,855071E+02	4,796803E+01	5,568179E+03
6,98	-1,199335E+06	6,066388E+02	4,770665E+01	5,568179E+03
6,985	-1,199336E+06	6,394585E+02	4,648932E+01	5,568179E+03
6,99	-1,199335E+06	5,874375E+02	4,516341E+01	5,568179E+03
6,995	-1,199335E+06	5,491504E+02	4,347821E+01	5,568179E+03
7,0	-1,199335E+06	5,747932E+02	4,166303E+01	5,568179E+03
7,005	-1,199336E+06	6,211891E+02	4,078068E+01	5,568179E+03
7,01	-1,199335E+06	5,820084E+02	4,077977E+01	5,568179E+03
7,015	-1,199335E+06	5,616303E+02	4,054709E+01	5,568179E+03
7,02	-1,199337E+06	6,009124E+02	4,032283E+01	5,568179E+03
7,025	-1,199335E+06	5,664899E+02	4,082841E+01	5,568179E+03
7,03	-1,199336E+06	5,783934E+02	4,133440E+01	5,568179E+03
7,035	-1,199336E+06	5,731951E+02	4,322762E+01	5,568179E+03
7,04	-1,199335E+06	5,583824E+02	4,519587E+01	5,568179E+03
7,045	-1,199336E+06	5,767215E+02	4,631489E+01	5,568179E+03
7,05	-1,199336E+06	5,844378E+02	4,690294E+01	5,568179E+03
7,055	-1,199336E+06	5,955456E+02	4,652322E+01	5,568179E+03
7,06	-1,199336E+06	5,846282E+02	4,574818E+01	5,568179E+03
7,065	-1,199336E+06	5,573699E+02	4,523118E+01	5,568179E+03
7,07	-1,199336E+06	5,527694E+02	4,541191E+01	5,568179E+03
7,075	-1,199336E+06	5,511181E+02	4,571779E+01	5,568179E+03
7,08	-1,199336E+06	5,450392E+02	4,542726E+01	5,568179E+03
7,085	-1,199335E+06	5,362314E+02	4,522574E+01	5,568179E+03
7,09	-1,199337E+06	5,777921E+02	4,447586E+01	5,568179E+03
7,095	-1,199336E+06	5,722281E+02	4,448718E+01	5,568179E+03
7,1	-1,199336E+06	5,535426E+02	4,471262E+01	5,568179E+03
7,105	-1,199336E+06	5,615330E+02	4,413665E+01	5,568179E+03
7,11	-1,199336E+06	5,548108E+02	4,412782E+01	5,568179E+03
7,115	-1,199336E+06	5,528780E+02	4,383254E+01	5,568179E+03
7,12	-1,199336E+06	5,371586E+02	4,354121E+01	5,568179E+03
7,125	-1,199336E+06	5,413956E+02	4,452554E+01	5,568179E+03
7,13	-1,199336E+06	5,373675E+02	4,542670E+01	5,568179E+03
7,135	-1,199336E+06	5,362274E+02	4,583818E+01	5,568179E+03
7,14	-1,199337E+06	5,570830E+02	4,677603E+01	5,568179E+03
7,145	-1,199337E+06	5,577775E+02	4,750008E+01	5,568179E+03
7,15	-1,199337E+06	5,382604E+02	4,808623E+01	5,568179E+03
7,155	-1,199336E+06	5,165422E+02	4,860821E+01	5,568179E+03
7,16	-1,199337E+06	5,394822E+02	4,779198E+01	5,568179E+03
7,165	-1,199337E+06	5,208927E+02	4,667532E+01	5,568179E+03
7,17	-1,199336E+06	5,064186E+02	4,525191E+01	5,568179E+03
7,175	-1,199337E+06	5,450708E+02	4,348253E+01	5,568179E+03
7,18	-1,199337E+06	5,428526E+02	4,254128E+01	5,568179E+03
7,185	-1,199337E+06	5,204885E+02	4,124226E+01	5,568179E+03
7,19	-1,199337E+06	5,030322E+02	4,006288E+01	5,568179E+03
7,195	-1,199336E+06	4,953411E+02	4,028309E+01	5,568179E+03
7,2	-1,199337E+06	5,173242E+02	4,149138E+01	5,568179E+03
7,205	-1,199337E+06	5,358361E+02	4,383996E+01	5,568179E+03
7,21	-1,199337E+06	5,353484E+02	4,549027E+01	5,568179E+03
7,215	-1,199337E+06	5,189726E+02	4,540487E+01	5,568179E+03
7,22	-1,199337E+06	4,975734E+02	4,507372E+01	5,568179E+03
7,225	-1,199337E+06	4,913203E+02	4,458152E+01	5,568179E+03
7,23	-1,199337E+06	5,094064E+02	4,366128E+01	5,568179E+03
7,235	-1,199337E+06	4,927840E+02	4,296141E+01	5,568179E+03
7,24	-1,199337E+06	4,866960E+02	4,241996E+01	5,568179E+03
7,245	-1,199337E+06	5,069636E+02	4,218829E+01	5,568179E+03
7,25	-1,199337E+06	5,084870E+02	4,239057E+01	5,568179E+03
7,255	-1,199337E+06	4,862438E+02	4,322466E+01	5,568179E+03
7,26	-1,199337E+06	4,916785E+02	4,457761E+01	5,568179E+03
7,265	-1,199338E+06	5,166387E+02	4,564464E+01	5,568179E+03
7,27	-1,199337E+06	4,971675E+02	4,547527E+01	5,568179E+03
7,275	-1,199338E+06	4,945883E+02	4,397848E+01	5,568179E+03
7,28	-1,199337E+06	4,757595E+02	4,343722E+01	5,568179E+03
7,285	-1,199337E+06	4,766478E+02	4,404354E+01	5,568179E+03
7,29	-1,199338E+06	5,010897E+02	4,489184E+01	5,568179E+03
7,295	-1,199337E+06	4,757483E+02	4,574580E+01	5,568179E+03
7,3	-1,199338E+06	4,841190E+02	4,566876E+01	5,568179E+03
7,305	-1,199338E+06	4,764317E+02	4,537573E+01	5,568179E+03
7,31	-1,199337E+06	4,560103E+02	4,551850E+01	5,568179E+03
7,315	-1,199338E+06	4,626012E+02	4,608383E+01	5,568179E+03
7,32	-1,199338E+06	4,656041E+02	4,660748E+01	5,568179E+03
7,325	-1,199338E+06	4,732246E+02	4,672721E+01	5,568179E+03
7,33	-1,199338E+06	4,724084E+02	4,642456E+01	5,568179E+03
7,335	-1,199338E+06	4,865670E+02	4,604869E+01	5,568179E+03
7,34	-1,199338E+06	4,874129E+02	4,659572E+01	5,568179E+03
7,345	-1,199338E+06	4,681631E+02	4,731572E+01	5,568179E+03
7,35	-1,199338E+06	4,581827E+02	4,791405E+01	5,568179E+03
7,355	-1,199337E+06	4,446901E+02	4,826142E+01	5,568179E+03
7,36	-1,199339E+06	4,653692E+02	4,735183E+01	5,568179E+03
7,365	-1,199338E+06	4,337926E+02	4,707853E+01	5,568179E+03
7,37	-1,199338E+06	4,379472E+02	4,733049E+01	5,568179E+03
7,375	-1,199339E+06	4,526134E+02	4,757513E+01	5,568179E+03
7,38	-1,199338E+06	4,305679E+02	4,767841E+01	5,568179E+03
7,385	-1,199338E+06	4,359036E+02	4,736232E+01	5,568179E+03
7,39	-1,199339E+06	4,548009E+02	4,733636E+01	5,568179E+03
7,395	-1,199338E+06	4,451288E+02	4,825465E+01	5,568179E+03
7,4	-1,199339E+06	4,455488E+02	4,871022E+01	5,568179E+03
7,405	-1,199338E+06	4,343158E+02	4,853957E+01	5,568179E+03
7,41	-1,199338E+06	4,370042E+02	4,840164E+01	5,568179E+03
7,415	-1,199339E+06	4,528544E+02	4,882862E+01	5,568179E+03
7,42	-1,199339E+06	4,614197E+02	4,933959E+01	5,568179E+03
7,425	-1,199338E+06	4,433252E+02	4,934312E+01	5,568179E+03
7,43	-1,199338E+06	4,446451E+02	4,965077E+01	5,568179E+03
7,435	-1,199340E+06	4,490430E+02	5,014488E+01	5,568179E+03
7,44	-1,199337E+06	3,944435E+02	5,070265E+01	5,568179E+03
7,445	-1,199339E+06	4,252971E+02	5,143341E+01	5,568179E+03
7,45	-1,199339E+06	4,504166E+02	5,270663E+01	5,568179E+03
7,455	-1,199338E+06	4,284376E+02	5,360319E+01	5,568179E+03
7,46	-1,199339E+06	4,320130E+02	5,337945E+01	5,568179E+03
7,465	-1,199339E+06	4,328315E+02	5,249964E+01	5,568179E+03
7,47	-1,199339E+06	4,247799E+02	5,150930E+01	5,568179E+03
7,475	-1,199339E+06	3,960357E+02	5,072277E+01	5,568179E+03
7,48	-1,199339E+06	3,995346E+02	4,956657E+01	5,568179E+03
7,485	-1,199339E+06	3,894380E+02	4,888695E+01	5,568179E+03
7,49	-1,199339E+06	3,960437E+02	4,814918E+01	5,568179E+03
7,495	-1,199339E+06	4,046461E+02	4,748675E+01	5,568179E+03
7,5	-1,199339E+06	4,099512E+02	4,780394E+01	5,568179E+03
7,505	-1,199340E+06	4,243122E+02	4,804906E+01	5,568179E+03
7,51	-1,199339E+06	3,942220E+02	4,877634E+01	5,568179E+03
7,515	-1,199339E+06	3,828064E+02	5,003558E+01	5,568179E+03
7,52	-1,199340E+06	4,179573E+02	4,993775E+01	5,568179E+03
7,525	-1,199340E+06	3,938662E+02	4,937751E+01	5,568179E+03
7,53	-1,199338E+06	3,499841E+02	4,877444E+01	5,568179E+03
7,535	-1,199340E+06	3,829228E+02	4,777166E+01	5,568179E+03
7,54	-1,199339E+06	3,669225E+02	4,808246E+01	5,568179E+03
7,545	-1,199340E+06	3,781167E+02	4,813287E+01	5,568179E+03
7,55	-1,199340E+06	3,877888E+02	4,816722E+01	5,568179E+03
7,555	-1,199340E+06	3,858710E+02	4,838276E+01	5,568179E+03
7,56	-1,199340E+06	3,801071E+02	4,849523E+01	5,568179E+03
7,565	-1,199339E+06	3,639497E+02	4,915327E+01	5,568179E+03
7,57	-1,199340E+06	3,862527E+02	4,999226E+01	5,568179E+03
7,575	-1,199339E+06	3,727928E+02	5,094070E+01	5,568179E+03
7,58	-1,199339E+06	3,753011E+02	5,141607E+01	5,568179E+03
7,585	-1,199340E+06	3,909722E+02	5,200368E+01	5,568179E+03
7,59	-1,199339E+06	3,826830E+02	5,241156E+01	5,568179E+03
7,595	-1,199341E+06	3,815479E+02	5,222169E+01	5,568179E+03
7,6	-1,199339E+06	3,359293E+02	5,331507E+01	5,568179E+03
7,605	-1,199340E+06	3,684751E+02	5,447934E+01	5,568179E+03
7,61	-1,199341E+06	3,950328E+02	5,511581E+01	5,568179E+03
7,615	-1,199339E+06	3,578675E+02	5,550224E+01	5,568179E+03
7,62	-1,199341E+06	3,945057E+02	5,454465E+01	5,568179E+03
7,625	-1,199340E+06	3,860014E+02	5,417975E+01	5,568179E+03
7,63	-1,199340E+06	3,582726E+02	5,404644E+01	5,568179E+03
7,635	-1,199341E+06	3,727734E+02	5,307056E+01	5,568179E+03
7,64	-1,199340E+06	3,533028E+02	5,298427E+01	5,568179E+03
7,645	-1,199340E+06	3,604081E+02	5,287071E+01	5,568179E+03
7,65	-1,199340E+06	3,643814E+02	5,267570E+01	5,568179E+03
7,655	-1,199340E+06	3,646978E+02	5,267457E+01	5,568179E+03
7,66	-1,199341E+06	3,645705E+02	5,179388E+01	5,568179E+03
7,665	-1,199341E+06	3,486273E+02	5,082585E+01	5,568179E+03
7,67	-1,199340E+06	3,326243E+02	5,119560E+01	5,568179E+03
7,675	-1,199341E+06	3,360367E+02	5,195297E+01	5,568179E+03
7,68	-1,199341E+06	3,421592E+02	5,239002E+01	5,568179E+03
7,685	-1,199340E+06	3,315922E+02	5,280425E+01	5,568179E+03
7,69	-1,199341E+06	3,394144E+02	5,275345E+01	5,568179E+03
7,695	-1,199341E+06	3,424485E+02	5,292073E+01	5,568179E+03
7,7	-1,199340E+06	3,335252E+02	5,343917E+01	5,568179E+03
7,705	-1,199341E+06	3,625099E+02	5,294113E+01	5,568179E+03
7,71	-1,199341E+06	3,480425E+02	5,207556E+01	5,568179E+03
7,715	-1,199340E+06	3,042148E+02	5,125737E+01	5,568179E+03
7,72	-1,199341E+06	3,131956E+02	5,047363E+01	5,568179E+03
7,725	-1,199341E+06	3,089919E+02	5,105568E+01	5,568179E+03
7,73	-1,199341E+06	3,171910E+02	5,205115E+01	5,568179E+03
7,735	-1,199341E+06	3,296727E+02	5,283192E+01	5,568179E+03
7,74	-1,199341E+06	3,278322E+02	5,369121E+01	5,568179E+03
7,745	-1,199341E+06	3,274833E+02	5,355747E+01	5,568179E+03
7,75	-1,199341E+06	3,288448E+02	5,272314E+01	5,568179E+03
7,755	-1,199341E+06	3,166085E+02	5,290287E+01	5,568179E+03
7,76	-1,199341E+06	3,169385E+02	5,314821E+01	5,568179E+03
7,765	-1,199342E+06	3,365237E+02	5,250278E+01	5,568179E+03
7,77	-1,199341E+06	2,962475E+02	5,248729E+01	5,568179E+03
7,775	-1,199341E+06	3,083228E+02	5,216809E+01	5,568179E+03
7,78	-1,199342E+06	3,374895E+02	5,196049E+01	5,568179E+03
7,785	-1,199341E+06	3,075365E+02	5,253497E+01	5,568179E+03
7,79	-1,199341E+06	3,093203E+02	5,230900E+01	5,568179E+03
7,795	-1,199341E+06	3,083095E+02	5,225039E+01	5,568179E+03
7,8	-1,199342E+06	3,054407E+02	5,258693E+01	5,568179E+03
7,805	-1,199341E+06	2,964623E+02	5,253522E+01	5,568179E+03
7,81	-1,199341E+06	3,027206E+02	5,270807E+01	5,568179E+03
7,815	-1,199342E+06	3,048933E+02	5,332768E+01	5,568179E+03
7,82	-1,199341E+06	2,934530E+02	5,339442E+01	5,568179E+03
7,825	-1,199342E+06	2,972296E+02	5,297158E+01	5,568179E+03
7,83	-1,199341E+06	2,899644E+02	5,282131E+01	5,568179E+03
7,835	-1,199342E+06	3,078366E+02	5,246949E+01	5,568179E+03
7,84	-1,199342E+06	2,918687E+02	5,264504E+01	5,568179E+03
7,845	-1,199341E+06	2,660993E+02	5,319291E+01	5,568179E+03
7,85	-1,199342E+06	3,004624E+02	5,317050E+01	5,568179E+03
7,855	-1,199341E+06	2,784366E+02	5,402355E+01	5,568179E+03
7,86	-1,199342E+06	2,872621E+02	5,486883E+01	5,568179E+03
7,865	-1,199342E+06	3,055042E+02	5,514214E+01	5,568179E+03
7,87	-1,199342E+06	2,956565E+02	5,527232E+01	5,568179E+03
7,875	-1,199342E+06	2,933709E+02	5,488186E+01	5,568179E+03
7,88	-1,199342E+06	2,867277E+02	5,416551E+01	5,568179E+03
7,885	-1,199342E+06	2,918779E+02	5,352724E+01	5,568179E+03
7,89	-1,199341E+06	2,790163E+02	5,290009E+01	5,568179E+03
7,895	-1,199342E+06	2,862725E+02	5,221284E+01	5,568179E+03
7,9	-1,199342E+06	2,739200E+02	5,257653E+01	5,568179E+03
7,905	-1,199341E+06	2,647575E+02	5,314415E+01	5,568179E+03
7,91	-1,199343E+06	2,857052E+02	5,375242E+01	5,568179E+03
7,915	-1,199341E+06	2,563316E+02	5,509547E+01	5,568179E+03
7,92	-1,199342E+06	2,718144E+02	5,550741E+01	5,568179E+03
7,925	-1,199342E+06	2,797837E+02	5,624229E+01	5,568179E+03
7,93	-1,199342E+06	2,768191E+02	5,704241E+01	5,568179E+03
7,935	-1,199343E+06	2,980243E+02	5,632733E+01	5,568179E+03
7,94	-1,199342E+06	2,763309E+02	5,571823E+01	5,568179E+03
7,945	-1,199342E+06	2,724560E+02	5,500010E+01	5,568179E+03
7,95	-1,199342E+06	2,696356E+02	5,391543E+01	5,568179E+03
7,955	-1,199342E+06	2,429773E+02	5,368216E+01	5,568179E+03
7,96	-1,199342E+06	2,539192E+02	5,360713E+01	5,568179E+03
7,965	-1,199342E+06	2,675709E+02	5,337393E+01	5,568179E+03
7,97	-1,199342E+06	2,552452E+02	5,362306E+01	5,568179E+03
7,975	-1,199342E+06	2,483205E+02	5,421930E+01	5,568179E+03
7,98	-1,199342E+06	2,681621E+02	5,506532E+01	5,568179E+03
7,985	-1,199342E+06	2,719217E+02	5,598538E+01	5,568179E+03
7,99	-1,199342E+06	2,637994E+02	5,608305E+01	5,568179E+03
7,995	-1,199342E+06	2,575229E+02	5,565721E+01	5,568179E+03
8,0	-1,199342E+06	2,434416E+02	5,540015E+01	5,568179E+03
8,005	-1,199342E+06	2,470556E+02	5,504145E+01	5,568179E+03
8,01	-1,199343E+06	2,600047E+02	5,474521E+01	5,568179E+03
8,015	-1,199342E+06	2,561556E+02	5,460777E+01	5,568179E+03
8,02	-1,199343E+06	2,604001E+02	5,382221E+01	5,568179E+03
8,025	-1,199342E+06	2,406953E+02	5,316674E+01	5,568179E+03
8,03	-1,199342E+06	2,312199E+02	5,304463E+01	5,568179E+03
8,035	-1,199343E+06	2,549650E+02	5,289329E+01	5,568179E+03
8,04	-1,199342E+06	2,347125E+02	5,298018E+01	5,568179E+03
8,045	-1,199342E+06	2,223670E+02	5,260666E+01	5,568179E+03
8,05	-1,199343E+06	2,462897E+02	5,207006E+01	5,568179E+03
8,055	-1,199343E+06	2,479709E+02	5,253796E+01	5,568179E+03
8,06	-1,199343E+06	2,370682E+02	5,298708E+01	5,568179E+03
8,065	-1,199343E+06	2,338017E+02	5,332214E+01	5,568179E+03
8,07	-1,199343E+06	2,308895E+02	5,399426E+01	5,568179E+03
8,075	-1,199343E+06	2,347568E+02	5,415165E+01	5,568179E+03
8,08	-1,199343E+06	2,275342E+02	5,446402E+01	5,568179E+03
8,085	-1,199343E+06	2,378463E+02	5,495847E+01	5,568179E+03
8,09	-1,199343E+06	2,521696E+02	5,465343E+01	5,568179E+03
8,095	-1,199343E+06	2,325986E+02	5,407134E+01	5,568179E+03
8,1	-1,199343E+06	2,335388E+02	5,310284E+01	5,568179E+03
8,105	-1,199343E+06	2,400048E+02	5,191671E+01	5,568179E+03
8,11	-1,199343E+06	2,312317E+02	5,133075E+01	5,568179E+03
8,115	-1,199343E+06	2,239462E+02	5,137116E+01	5,568179E+03
8,12	-1,199343E+06	2,323350E+02	5,176526E+01	5,568179E+03
8,125	-1,199343E+06	2,303820E+02	5,216673E+01	5,568179E+03
8,13	-1,199343E+06	2,272559E+02	5,201534E+01	5,568179E+03
8,135	-1,199343E+06	2,362103E+02	5,167539E+01	5,568179E+03
8,14	-1,199343E+06	2,235028E+02	5,162520E+01	5,568179E+03
8,145	-1,199343E+06	2,094305E+02	5,162166E+01	5,568179E+03
8,15	-1,199343E+06	2,155016E+02	5,184310E+01	5,568179E+03
8,155	-1,199343E+06	2,167470E+02	5,242768E+01	5,568179E+03
8,16	-1,199343E+06	2,169393E+02	5,281752E+01	5,568179E+03
8,165	-1,199343E+06	2,157400E+02	5,297752E+01	5,568179E+03
8,17	-1,199343E+06	2,179936E+02	5,308354E+01	5,568179E+03
8,175	-1,199343E+06	2,273950E+02	5,298717E+01	5,568179E+03
8,18	-1,199343E+06	2,223732E+02	5,260741E+01	5,568179E+03
8,185	-1,199343E+06	2,107007E+02	5,191311E+01	5,568179E+03
8,19	-1,199343E+06	2,159754E+02	5,105146E+01	5,568179E+03
8,195	-1,199343E+06	2,037414E+02	5,053364E+01	5,568179E+03
8,2	-1,199343E+06	2,065282E+02	5,034231E+01	5,568179E+03
8,205	-1,199343E+06	2,144673E+02	5,057352E+01	5,568179E+03
8,21	-1,199343E+06	2,193826E+02	5,084311E+01	5,568179E+03
8,215	-1,199344E+06	2,223259E+02	5,104147E+01	5,568179E+03
8,22	-1,199343E+06	2,029616E+02	5,158907E+01	5,568179E+03
8,225	-1,199343E+06	2,008452E+02	5,229072E+01	5,568179E+03
8,23	-1,199343E+06	2,051180E+02	5,322993E+01	5,568179E+03
8,235	-1,199343E+06	2,027796E+02	5,411021E+01	5,568179E+03
8,24	-1,199344E+06	2,111838E+02	5,442957E+01	5,568179E+03
8,245	-1,199343E+06	2,086977E+02	5,470932E+01	5,568179E+03
8,25	-1,199343E+06	2,059074E+02	5,486984E+01	5,568179E+03
8,255	-1,199344E+06	2,092605E+02	5,456895E+01	5,568179E+03
8,26	-1,199344E+06	2,044506E+02	5,411516E+01	5,568179E+03
8,265	-1,199343E+06	1,947031E+02	5,334415E+01	5,568179E+03
8,27	-1,199343E+06	1,995247E+02	5,236393E+01	5,568179E+03
8,275	-1,199344E+06	2,100036E+02	5,160428E+01	5,568179E+03
8,28	-1,199343E+06	1,904167E+02	5,107902E+01	5,568179E+03
8,285	-1,199344E+06	1,919971E+02	5,067754E+01	5,568179E+03
8,29	-1,199344E+06	1,929276E+02	5,062536E+01	5,568179E+03
8,295	-1,199343E+06	1,899293E+02	5,071091E+01	5,568179E+03
8,3	-1,199344E+06	1,986152E+02	5,140318E+01	5,568179E+03
8,305	-1,199344E+06	1,946972E+02	5,252703E+01	5,568179E+03
8,31	-1,199344E+06	1,929090E+02	5,325636E+01	5,568179E+03
8,315	-1,199344E+06	1,998184E+02	5,375166E+01	5,568179E+03
8,32	-1,199344E+06	1,914263E+02	5,396192E+01	5,568179E+03
8,325	-1,199343E+06	1,854394E+02	5,373227E+01	5,568179E+03
8,33	-1,199344E+06	2,030439E+02	5,316399E+01	5,568179E+03
8,335	-1,199344E+06	1,934882E+02	5,222047E+01	5,568179E+03
8,34	-1,199343E+06	1,750831E+02	5,108655E+01	5,568179E+03
8,345	-1,199344E+06	1,850215E+02	5,000515E+01	5,568179E+03
8,35	-1,199344E+06	1,809621E+02	4,922401E+01	5,568179E+03
8,355	-1,199344E+06	1,839943E+02	4,892099E+01	5,568179E+03
8,36	-1,199344E+06	1,839421E+02	4,926035E+01	5,568179E+03
8,365	-1,199344E+06	1,799655E+02	4,974567E+01	5,568179E+03
8,37	-1,199344E+06	1,904621E+02	5,010946E+01	5,568179E+03
8,375	-1,199344E+06	1,874155E+02	5,060484E+01	5,568179E+03
8,38	-1,199344E+06	1,763798E+02	5,129732E+01	5,568179E+03
8,385	-1,199344E+06	1,770303E+02	5,215441E+01	5,568179E+03
8,39	-1,199344E+06	1,803540E+02	5,300866E+01	5,568179E+03
8,395	-1,199344E+06	1,747567E+02	5,345213E+01	5,568179E+03
8,4	-1,199344E+06	1,723353E+02	5,326266E+01	5,568179E+03
8,405	-1,199344E+06	1,848204E+02	5,256918E+01	5,568179E+03
8,41	-1,199344E+06	1,820699E+02	5,182225E+01	5,568179E+03
8,415	-1,199344E+06	1,818938E+02	5,116693E+01	5,568179E+03
8,42	-1,199344E+06	1,747741E+02	5,091271E+01	5,568179E+03
8,425	-1,199344E+06	1,727024E+02	5,096308E+01	5,568179E+03
8,43	-1,199345E+06	1,930020E+02	5,098965E+01	5,568179E+03
8,435	-1,199344E+06	1,708733E+02	5,126778E+01	5,568179E+03
8,44	-1,199344E+06	1,704364E+02	5,128378E+01	5,568179E+03
8,445	-1,199344E+06	1,853528E+02	5,147582E+01	5,568179E+03
8,45	-1,199344E+06	1,796587E+02	5,191955E+01	5,568179E+03
8,455	-1,199344E+06	1,811217E+02	5,201846E+01	5,568179E+03
8,46	-1,199344E+06	1,737516E+02	5,212679E+01	5,568179E+03
8,465	-1,199344E+06	1,752707E+02	5,222381E+01	5,568179E+03
8,47	-1,199344E+06	1,701962E+02	5,262688E+01	5,568179E+03
8,475	-1,199344E+06	1,640038E+02	5,309465E+01	5,568179E+03
8,48	-1,199344E+06	1,592625E+02	5,305703E+01	5,568179E+03
8,485	-1,199344E+06	1,592430E+02	5,254622E+01	5,568179E+03
8,49	-1,199344E+06	1,654769E+02	5,191430E+01	5,568179E+03
8,495	-1,199344E+06	1,698428E+02	5,149653E+01	5,568179E+03
8,5	-1,199344E+06	1,777977E+02	5,100482E+01	5,568179E+03
8,505	-1,199344E+06	1,632912E+02	5,037406E+01	5,568179E+03
8,51	-1,199344E+06	1,526018E+02	4,982078E+01	5,568179E+03
8,515	-1,199344E+06	1,592677E+02	4,953742E+01	5,568179E+03
8,52	-1,199344E+06	1,600792E+02	4,976653E+01	5,568179E+03
8,525	-1,199344E+06	1,574429E+02	5,018446E+01	5,568179E+03
8,53	-1,199344E+06	1,638327E+02	5,028407E+01	5,568179E+03
8,535	-1,199344E+06	1,586818E+02	5,038917E+01	5,568179E+03
8,54	-1,199344E+06	1,569839E+02	5,048682E+01	5,568179E+03
8,545	-1,199345E+06	1,599707E+02	5,055146E+01	5,568179E+03
8,55	-1,199344E+06	1,561783E+02	5,072797E+01	5,568179E+03
8,555	-1,199345E+06	1,636452E+02	5,082193E+01	5,568179E+03
8,56	-1,199344E+06	1,627538E+02	5,075975E+01	5,568179E+03
8,565	-1,199344E+06	1,608375E+02	5,039190E+01	5,568179E+03
8,57	-1,199344E+06	1,643683E+02	4,987927E+01	5,568179E+03
8,575	-1,199344E+06	1,590924E+02	4,946787E+01	5,568179E+03
8,58	-1,199344E+06	1,575579E+02	4,915600E+01	5,568179E+03
8,585	-1,199344E+06	1,563526E+02	4,893056E+01	5,568179E+03
8,59	-1,199344E+06	1,579365E+02	4,867615E+01	5,568179E+03
8,595	-1,199345E+06	1,545626E+02	4,866981E+01	5,568179E+03
8,6	-1,199344E+06	1,512844E+02	4,879647E+01	5,568179E+03
8,605	-1,199345E+06	1,585579E+02	4,881571E+01	5,568179E+03
8,61	-1,199344E+06	1,463734E+02	4,919107E+01	5,568179E+03
8,615	-1,199345E+06	1,469026E+02	4,974909E+01	5,568179E+03
8,62	-1,199345E+06	1,550742E+02	5,056368E+01	5,568179E+03
8,625	-1,199345E+06	1,584477E+02	5,119086E+01	5,568179E+03
8,63	-1,199345E+06	1,498194E+02	5,126230E+01	5,568179E+03
8,635	-1,199344E+06	1,441083E+02	5,113255E+01	5,568179E+03
8,64	-1,199345E+06	1,493348E+02	5,084461E+01	5,568179E+03
8,645	-1,199345E+06	1,502097E+02	5,018726E+01	5,568179E+03
8,65	-1,199345E+06	1,506075E+02	4,914624E+01	5,568179E+03
8,655	-1,199345E+06	1,504727E+02	4,821758E+01	5,568179E+03
8,66	-1,199344E+06	1,394005E+02	4,788928E+01	5,568179E+03
8,665	-1,199345E+06	1,385508E+02	4,801481E+01	5,568179E+03
8,67	-1,199345E+06	1,424452E+02	4,854431E+01	5,568179E+03
8,675	-1,199344E+06	1,402497E+02	4,897369E+01	5,568179E+03
8,68	-1,199345E+06	1,461898E+02	4,907730E+01	5,568179E+03
8,685	-1,199344E+06	1,430410E+02	4,947785E+01	5,568179E+03
8,69	-1,199345E+06	1,488978E+02	4,988675E+01	5,568179E+03
8,695	-1,199345E+06	1,535963E+02	5,028501E+01	5,568179E+03
8,7	-1,199344E+06	1,457655E+02	5,064333E+01	5,568179E+03
8,705	-1,199345E+06	1,463412E+02	5,064727E+01	5,568179E+03
8,71	-1,199344E+06	1,388084E+02	5,085845E+01	5,568179E+03
8,715	-1,199345E+06	1,407610E+02	5,107965E+01	5,568179E+03
8,72	-1,199345E+06	1,422163E+02	5,100966E+01	5,568179E+03
8,725	-1,199344E+06	1,318841E+02	5,083925E+01	5,568179E+03
8,73	-1,199345E+06	1,344291E+02	5,044984E+01	5,568179E+03
8,735	-1,199344E+06	1,354685E+02	4,993696E+01	5,568179E+03
8,74	-1,199345E+06	1,422984E+02	4,946018E+01	5,568179E+03
8,745	-1,199344E+06	1,394770E+02	4,929971E+01	5,568179E+03
8,75	-1,199345E+06	1,448326E+02	4,905918E+01	5,568179E+03
8,755	-1,199345E+06	1,430478E+02	4,896457E+01	5,568179E+03
8,76	-1,199344E+06	1,381522E+02	4,920868E+01	5,568179E+03
8,765	-1,199345E+06	1,469706E+02	4,950018E+01	5,568179E+03
8,77	-1,199344E+06	1,299310E+02	5,018090E+01	5,568179E+03
8,775	-1,199345E+06	1,338755E+02	5,076573E+01	5,568179E+03
8,78	-1,199345E+06	1,436824E+02	5,132886E+01	5,568179E+03
8,785	-1,199344E+06	1,324020E+02	5,215335E+01	5,568179E+03
8,79	-1,199345E+06	1,350219E+02	5,237938E+01	5,568179E+03
8,795	-1,199345E+06	1,307798E+02	5,225127E+01	5,568179E+03
8,8	-1,199345E+06	1,362845E+02	5,206665E+01	5,568179E+03
8,805	-1,199345E+06	1,421185E+02	5,146629E+01	5,568179E+03
8,81	-1,199345E+06	1,356097E+02	5,068805E+01	5,568179E+03
8,815	-1,199345E+06	1,333918E+02	5,004116E+01	5,568179E+03
8,82	-1,199345E+06	1,336186E+02	4,942265E+01	5,568179E+03
8,825	-1,199345E+06	1,301920E+02	4,912840E+01	5,568179E+03
8,83	-1,199345E+06	1,234575E+02	4,927476E+01	5,568179E+03
8,835	-1,199345E+06	1,313735E+02	4,959944E+01	5,568179E+03
8,84	-1,199345E+06	1,363255E+02	5,024265E+01	5,568179E+03
8,845	-1,199345E+06	1,312511E+02	5,075649E+01	5,568179E+03
8,85	-1,199345E+06	1,332760E+02	5,110093E+01	5,568179E+03
8,855	-1,199345E+06	1,263109E+02	5,185190E+01	5,568179E+03
8,86	-1,199345E+06	1,324431E+02	5,235705E+01	5,568179E+03
8,865	-1,199345E+06	1,430746E+02	5,250826E+01	5,568179E+03
8,87	-1,199345E+06	1,268831E+02	5,241261E+01	5,568179E+03
8,875	-1,199345E+06	1,225453E+02	5,160662E+01	5,568179E+03
8,88	-1,199345E+06	1,217403E+02	5,078131E+01	5,568179E+03
8,885	-1,199345E+06	1,279537E+02	5,005063E+01	5,568179E+03
8,89	-1,199345E+06	1,332233E+02	4,929071E+01	5,568179E+03
8,895	-1,199345E+06	1,239645E+02	4,885255E+01	5,568179E+03
8,9	-1,199345E+06	1,238375E+02	4,868982E+01	5,568179E+03
8,905	-1,199345E+06	1,229188E+02	4,892675E+01	5,568179E+03
8,91	-1,199345E+06	1,252189E+02	4,961592E+01	5,568179E+03
8,915	-1,199345E+06	1,315195E+02	5,050055E+01	5,568179E+03
8,92	-1,199345E+06	1,321160E+02	5,114297E+01	5,568179E+03
8,925	-1,199345E+06	1,284543E+02	5,167051E+01	5,568179E+03
8,93	-1,199345E+06	1,167873E+02	5,249382E+01	5,568179E+03
8,935	-1,199345E+06	1,246154E+02	5,294189E+01	5,568179E+03
8,94	-1,199345E+06	1,197973E+02	5,310770E+01	5,568179E+03
8,945	-1,199345E+06	1,195019E+02	5,300635E+01	5,568179E+03
8,95	-1,199345E+06	1,247111E+02	5,266226E+01	5,568179E+03
8,955	-1,199345E+06	1,185972E+02	5,248707E+01	5,568179E+03
8,96	-1,199345E+06	1,266006E+02	5,210818E+01	5,568179E+03
8,965	-1,199345E+06	1,188851E+02	5,165763E+01	5,568179E+03
8,97	-1,199345E+06	1,181093E+02	5,118236E+01	5,568179E+03
8,975	-1,199345E+06	1,260684E+02	5,068935E+01	5,568179E+03
8,98	-1,199345E+06	1,183245E+02	5,054263E+01	5,568179E+03
8,985	-1,199345E+06	1,205047E+02	5,044944E+01	5,568179E+03
8,99	-1,199345E+06	1,195465E+02	5,045999E+01	5,568179E+03
8,995	-1,199345E+06	1,190821E+02	5,071949E+01	5,568179E+03
9,0	-1,199345E+06	1,224177E+02	5,107341E+01	5,568179E+03
9,005	-1,199345E+06	1,231022E+02	5,155134E+01	5,568179E+03
9,01	-1,199345E+06	1,212861E+02	5,219967E+01	5,568179E+03
9,015	-1,199345E+06	1,146321E+02	5,291502E+01	5,568179E+03
9,02	-1,199345E+06	1,145835E+02	5,365402E+01	5,568179E+03
9,025	-1,199345E+06	1,197522E+02	5,418043E+01	5,568179E+03
9,03	-1,199345E+06	1,197837E+02	5,418918E+01	5,568179E+03
9,035	-1,199345E+06	1,222707E+02	5,371398E+01	5,568179E+03
9,04	-1,199345E+06	1,194653E+02	5,309769E+01	5,568179E+03
9,045	-1,199345E+06	1,186572E+02	5,237202E+01	5,568179E+03
9,05	-1,199345E+06	1,139419E+02	5,171873E+01	5,568179E+03
9,055	-1,199345E+06	1,108089E+02	5,117745E+01	5,568179E+03
9,06	-1,199345E+06	1,208954E+02	5,073716E+01	5,568179E+03
9,065	-1,199345E+06	1,210065E+02	5,062811E+01	5,568179E+03
9,07	-1,199345E+06	1,154761E+02	5,075961E+01	5,568179E+03
9,075	-1,199345E+06	1,172488E+02	5,121440E+01	5,568179E+03
9,08	-1,199345E+06	1,173980E+02	5,177921E+01	5,568179E+03
9,085	-1,199345E+06	1,172468E+02	5,190963E+01	5,568179E+03
9,09	-1,199345E+06	1,144546E+02	5,197921E+01	5,568179E+03
9,095	-1,199345E+06	1,186216E+02	5,229739E+01	5,568179E+03
9,1	-1,199345E+06	1,189932E+02	5,275544E+01	5,568179E+03
9,105	-1,199345E+06	1,131763E+02	5,310267E+01	5,568179E+03
9,11	-1,199345E+06	1,143433E+02	5,304064E+01	5,568179E+03
9,115	-1,199345E+06	1,151736E+02	5,252696E+01	5,568179E+03
9,12	-1,199345E+06	1,133153E+02	5,180091E+01	5,568179E+03
9,125	-1,199345E+06	1,126014E+02	5,128538E+01	5,568179E+03
9,13	-1,199345E+06	1,155593E+02	5,097256E+01	5,568179E+03
9,135	-1,199345E+06	1,155001E+02	5,082838E+01	5,568179E+03
9,14	-1,199345E+06	1,090740E+02	5,103428E+01	5,568179E+03
9,145	-1,199345E+06	1,085832E+02	5,145541E+01	5,568179E+03
9,15	-1,199345E+06	1,124192E+02	5,215343E+01	5,568179E+03
9,155	-1,199345E+06	1,147907E+02	5,297493E+01	5,568179E+03
9,16	-1,199345E+06	1,161365E+02	5,346846E+01	5,568179E+03
9,165	-1,199345E+06	1,141993E+02	5,371026E+01	5,568179E+03
9,17	-1,199345E+06	1,100762E+02	5,368274E+01	5,568179E+03
9,175	-1,199345E+06	1,102170E+02	5,321673E+01	5,568179E+03
9,18	-1,199345E+06	1,073670E+02	5,270354E+01	5,568179E+03
9,185	-1,199345E+06	1,056410E+02	5,228743E+01	5,568179E+03
9,19	-1,199346E+06	1,120357E+02	5,176395E+01	5,568179E+03
9,195	-1,199345E+06	1,119453E+02	5,138941E+01	5,568179E+03
9,2	-1,199345E+06	1,117950E+02	5,127737E+01	5,568179E+03
9,205	-1,199346E+06	1,129951E+02	5,140266E+01	5,568179E+03
9,21	-1,199345E+06	1,050285E+02	5,208266E+01	5,568179E+03
9,215	-1,199345E+06	1,058763E+02	5,297471E+01	5,568179E+03
9,22	-1,199346E+06	1,128869E+02	5,372544E+01	5,568179E+03
9,225	-1,199345E+06	1,092107E+02	5,454063E+01	5,568179E+03
9,23	-1,199345E+06	1,094660E+02	5,508725E+01	5,568179E+03
9,235	-1,199346E+06	1,141479E+02	5,537372E+01	5,568179E+03
9,24	-1,199345E+06	1,108020E+02	5,567245E+01	5,568179E+03
9,245	-1,199345E+06	1,077270E+02	5,551653E+01	5,568179E+03
9,25	-1,199345E+06	1,030066E+02	5,513737E+01	5,568179E+03
9,255	-1,199345E+06	1,014443E+02	5,493293E+01	5,568179E+03
9,26	-1,199346E+06	1,080038E+02	5,466756E+01	5,568179E+03
9,265	-1,199345E+06	1,086702E+02	5,452431E+01	5,568179E+03
9,27	-1,199345E+06	1,110898E+02	5,440766E+01	5,568179E+03
9,275	-1,199346E+06	1,156311E+02	5,388428E+01	5,568179E+03
9,28	-1,199345E+06	1,095767E+02	5,327135E+01	5,568179E+03
9,285	-1,199345E+06	1,055881E+02	5,277513E+01	5,568179E+03
9,29	-1,199346E+06	1,073589E+02	5,239611E+01	5,568179E+03
9,295	-1,199345E+06	1,023878E+02	5,267359E+01	5,568179E+03
9,3	-1,199345E+06	9,815636E+01	5,340285E+01	5,568179E+03
9,305	-1,199345E+06	1,010181E+02	5,411134E+01	5,568179E+03
9,31	-1,199345E+06	1,013523E+02	5,500658E+01	5,568179E+03
9,315	-1,199345E+06	1,049797E+02	5,576627E+01	5,568179E+03
9,32	-1,199346E+06	1,096986E+02	5,625953E+01	5,568179E+03
9,325	-1,199345E+06	1,056159E+02	5,660660E+01	5,568179E+03
9,33	-1,199346E+06	1,038317E+02	5,647498E+01	5,568179E+03
9,335	-1,199345E+06	9,658894E+01	5,619463E+01	5,568179E+03
9,34	-1,199345E+06	9,617363E+01	5,584613E+01	5,568179E+03
9,345	-1,199346E+06	1,119124E+02	5,518991E+01	5,568179E+03
9,35	-1,199346E+06	1,090832E+02	5,454545E+01	5,568179E+03
9,355	-1,199345E+06	1,034121E+02	5,385027E+01	5,568179E+03
9,36	-1,199346E+06	1,065632E+02	5,314656E+01	5,568179E+03
9,365	-1,199346E+06	1,021128E+02	5,274146E+01	5,568179E+03
9,37	-1,199346E+06	1,038727E+02	5,270145E+01	5,568179E+03
9,375	-1,199346E+06	1,092212E+02	5,292830E+01	5,568179E+03
9,38	-1,199346E+06	1,078752E+02	5,326066E+01	5,568179E+03
9,385	-1,199346E+06	1,055612E+02	5,371536E+01	5,568179E+03
9,39	-1,199346E+06	1,029271E+02	5,417034E+01	5,568179E+03
9,395	-1,199346E+06	1,028600E+02	5,449507E+01	5,568179E+03
9,4	-1,199346E+06	1,064614E+02	5,472736E+01	5,568179E+03
9,405	-1,199346E+06	1,071978E+02	5,477226E+01	5,568179E+03
9,41	-1,199345E+06	1,002958E+02	5,473193E+01	5,568179E+03
9,415	-1,199345E+06	1,001036E+02	5,455197E+01	5,568179E+03
9,42	-1,199346E+06	1,043737E+02	5,415464E+01	5,568179E+03
9,425	-1,199346E+06	1,022948E+02	5,374563E+01	5,568179E+03
9,43	-1,199346E+06	1,047751E+02	5,332562E+01	5,568179E+03
9,435	-1,199346E+06	1,016464E+02	5,310451E+01	5,568179E+03
9,44	-1,199346E+06	9,978700E+01	5,303017E+01	5,568179E+03
9,445	-1,199346E+06	1,032035E+02	5,280655E+01	5,568179E+03
9,45	-1,199346E+06	1,006394E+02	5,263911E+01	5,568179E+03
9,455	-1,199346E+06	1,021711E+02	5,261346E+01	5,568179E+03
9,46	-1,199346E+06	1,005333E+02	5,261858E+01	5,568179E+03
9,465	-1,199346E+06	9,805096E+01	5,261763E+01	5,568179E+03
9,47	-1,199346E+06	1,012907E+02	5,257185E+01	5,568179E+03
9,475	-1,199346E+06	9,911945E+01	5,258368E+01	5,568179E+03
9,48	-1,199346E+06	1,024004E+02	5,272198E+01	5,568179E+03
9,485	-1,199346E+06	1,033716E+02	5,302899E+01	5,568179E+03
9,49	-1,199346E+06	1,040185E+02	5,336350E+01	5,568179E+03
9,495	-1,199346E+06	1,017952E+02	5,360181E+01	5,568179E+03
9,5	-1,199346E+06	9,972435E+01	5,367499E+01	5,568179E+03
9,505	-1,199346E+06	1,040842E+02	5,372384E+01	5,568179E+03
9,51	-1,199346E+06	1,038190E+02	5,383696E+01	5,568179E+03
9,515	-1,199346E+06	1,065743E+02	5,377244E+01	5,568179E+03
9,52	-1,199346E+06	9,868656E+01	5,360358E+01	5,568179E+03
9,525	-1,199346E+06	9,369096E+01	5,337311E+01	5,568179E+03
9,53	-1,199346E+06	1,023901E+02	5,320787E+01	5,568179E+03
9,535	-1,199346E+06	9,953150E+01	5,323856E+01	5,568179E+03
9,54	-1,199346E+06	9,619273E+01	5,319435E+01	5,568179E+03
9,545	-1,199346E+06	9,988013E+01	5,321661E+01	5,568179E+03
9,55	-1,199346E+06	9,760721E+01	5,345545E+01	5,568179E+03
9,555	-1,199346E+06	9,844257E+01	5,351935E+01	5,568179E+03
9,56	-1,199346E+06	9,753357E+01	5,351752E+01	5,568179E+03
9,565	-1,199346E+06	9,775602E+01	5,358247E+01	5,568179E+03
9,57	-1,199346E+06	1,004347E+02	5,369950E+01	5,568179E+03
9,575	-1,199346E+06	9,735870E+01	5,403260E+01	5,568179E+03
9,58	-1,199346E+06	9,958288E+01	5,425024E+01	5,568179E+03
9,585	-1,199346E+06	1,008790E+02	5,406691E+01	5,568179E+03
9,59	-1,199346E+06	9,908123E+01	5,368473E+01	5,568179E+03
9,595	-1,199346E+06	1,001791E+02	5,331540E+01	5,568179E+03
9,6	-1,199346E+06	9,876370E+01	5,307781E+01	5,568179E+03
9,605	-1,199346E+06	9,903023E+01	5,316740E+01	5,568179E+03
9,61	-1,199346E+06	9,653337E+01	5,366373E+01	5,568179E+03
9,615	-1,199346E+06	1,049947E+02	5,413361E+01	5,568179E+03
9,62	-1,199346E+06	1,038385E+02	5,458076E+01	5,568179E+03
9,625	-1,199346E+06	9,354958E+01	5,500399E+01	5,568179E+03
9,63	-1,199346E+06	1,012142E+02	5,527622E+01	5,568179E+03
9,635	-1,199346E+06	1,009304E+02	5,548344E+01	5,568179E+03
9,64	-1,199346E+06	1,046098E+02	5,541684E+01	5,568179E+03
9,645	-1,199346E+06	1,027323E+02	5,535560E+01	5,568179E+03
9,65	-1,199346E+06	9,797949E+01	5,518058E+01	5,568179E+03
9,655	-1,199346E+06	1,007209E+02	5,477455E+01	5,568179E+03
9,66	-1,199346E+06	9,479523E+01	5,446854E+01	5,568179E+03
9,665	-1,199346E+06	9,956165E+01	5,402238E+01	5,568179E+03
9,67	-1,199346E+06	1,038801E+02	5,352048E+01	5,568179E+03
9,675	-1,199346E+06	9,724367E+01	5,318525E+01	5,568179E+03
9,68	-1,199346E+06	9,765185E+01	5,296813E+01	5,568179E+03
9,685	-1,199346E+06	1,005410E+02	5,295399E+01	5,568179E+03
9,69	-1,199346E+06	1,029899E+02	5,299109E+01	5,568179E+03
9,695	-1,199346E+06	9,847419E+01	5,310617E+01	5,568179E+03
9,7	-1,199346E+06	9,499662E+01	5,344201E+01	5,568179E+03
9,705	-1,199346E+06	9,613294E+01	5,389551E+01	5,568179E+03
9,71	-1,199346E+06	9,849217E+01	5,417175E+01	5,568179E+03
9,715	-1,199346E+06	9,846534E+01	5,420968E+01	5,568179E+03
9,72	-1,199346E+06	9,292660E+01	5,415559E+01	5,568179E+03
9,725	-1,199346E+06	9,777007E+01	5,392308E+01	5,568179E+03
9,73	-1,199346E+06	9,878929E+01	5,371611E+01	5,568179E+03
9,735	-1,199346E+06	9,604552E+01	5,356158E+01	5,568179E+03
9,74	-1,199346E+06	1,056728E+02	5,330297E+01	5,568179E+03
9,745	-1,199346E+06	9,895972E+01	5,324521E+01	5,568179E+03
9,75	-1,199346E+06	9,635725E+01	5,312304E+01	5,568179E+03
9,755	-1,199346E+06	1,005732E+02	5,304324E+01	5,568179E+03
9,76	-1,199345E+06	9,386677E+01	5,317795E+01	5,568179E+03
9,765	-1,199346E+06	9,620948E+01	5,314575E+01	5,568179E+03
9,77	-1,199346E+06	9,726563E+01	5,328991E+01	5,568179E+03
9,775	-1,199346E+06	9,774501E+01	5,362969E+01	5,568179E+03
9,78	-1,199346E+06	9,904749E+01	5,380508E+01	5,568179E+03
9,785	-1,199346E+06	9,681823E+01	5,387695E+01	5,568179E+03
9,79	-1,199346E+06	9,544725E+01	5,388686E+01	5,568179E+03
9,795	-1,199346E+06	9,797733E+01	5,396627E+01	5,568179E+03
9,8	-1,199346E+06	9,895530E+01	5,419422E+01	5,568179E+03
9,805	-1,199345E+06	9,396709E+01	5,427128E+01	5,568179E+03
9,81	-1,199346E+06	9,993298E+01	5,413533E+01	5,568179E+03
9,815	-1,199346E+06	1,018217E+02	5,403851E+01	5,568179E+03
9,82	-1,199346E+06	9,540389E+01	5,380628E+01	5,568179E+03
9,825	-1,199346E+06	9,948934E+01	5,344810E+01	5,568179E+03
9,83	-1,199346E+06	1,001582E+02	5,323350E+01	5,568179E+03
9,835	-1,199346E+06	1,009785E+02	5,299991E+01	5,568179E+03
9,84	-1,199346E+06	1,019917E+02	5,290277E+01	5,568179E+03
9,845	-1,199346E+06	9,879606E+01	5,310270E+01	5,568179E+03
9,85	-1,199346E+06	9,947413E+01	5,350253E+01	5,568179E+03
9,855	-1,199346E+06	1,037753E+02	5,402675E+01	5,568179E+03
9,86	-1,199346E+06	9,868109E+01	5,450871E+01	5,568179E+03
9,865	-1,199346E+06	9,905845E+01	5,478165E+01	5,568179E+03
9,87	-1,199346E+06	1,010394E+02	5,498574E+01	5,568179E+03
9,875	-1,199345E+06	9,597290E+01	5,501210E+01	5,568179E+03
9,88	-1,199346E+06	9,868584E+01	5,470537E+01	5,568179E+03
9,885	-1,199345E+06	9,445531E+01	5,433522E+01	5,568179E+03
9,89	-1,199346E+06	9,713172E+01	5,378471E+01	5,568179E+03
9,895	-1,199346E+06	1,001598E+02	5,310547E+01	5,568179E+03
9,9	-1,199345E+06	9,938142E+01	5,230143E+01	5,568179E+03
9,905	-1,199346E+06	1,060800E+02	5,137265E+01	5,568179E+03
9,91	-1,199346E+06	9,948619E+01	5,076428E+01	5,568179E+03
9,915	-1,199346E+06	9,694152E+01	5,059152E+01	5,568179E+03
9,92	-1,199346E+06	9,721754E+01	5,090571E+01	5,568179E+03
9,925	-1,199346E+06	9,574605E+01	5,141985E+01	5,568179E+03
9,93	-1,199346E+06	1,014798E+02	5,194206E+01	5,568179E+03
9,935	-1,199346E+06	1,019550E+02	5,256385E+01	5,568179E+03
9,94	-1,199346E+06	1,077221E+02	5,290585E+01	5,568179E+03
9,945	-1,199346E+06	1,048491E+02	5,306665E+01	5,568179E+03
9,95	-1,199345E+06	9,991014E+01	5,310125E+01	5,568179E+03
9,955	-1,199346E+06	1,012891E+02	5,297510E+01	5,568179E+03
9,96	-1,199346E+06	9,617467E+01	5,288337E+01	5,568179E+03
9,965	-1,199346E+06	9,661814E+01	5,279587E+01	5,568179E+03
9,97	-1,199346E+06	1,049971E+02	5,264354E+01	5,568179E+03
9,975	-1,199346E+06	1,039710E+02	5,222731E+01	5,568179E+03
9,98	-1,199346E+06	1,002967E+02	5,150260E+01	5,568179E+03
9,985	-1,199345E+06	1,002172E+02	5,075625E+01	5,568179E+03
9,99	-1,199346E+06	1,054464E+02	4,986961E+01	5,568179E+03
9,995	-1,199346E+06	1,022998E+02	4,898425E+01	5,568179E+03
10,0	-1,199345E+06	9,533768E+01	4,834711E+01	5,568179E+03
10,005	-1,199346E+06	1,021368E+02	4,815306E+01	5,568179E+03
10,01	-1,199345E+06	9,824319E+01	4,870330E+01	5,568179E+03
10,015	-1,199345E+06	9,721192E+01	4,944791E+01	5,568179E+03
10,02	-1,199346E+06	1,020226E+02	5,032026E+01	5,568179E+03
10,025	-1,199345E+06	9,548766E+01	5,129728E+01	5,568179E+03
10,03	-1,199346E+06	1,031124E+02	5,164587E+01	5,568179E+03
10,035	-1,199345E+06	9,889739E+01	5,179382E+01	5,568179E+03
10,04	-1,199345E+06	9,415342E+01	5,175131E+01	5,568179E+03
10,045	-1,199346E+06	1,086022E+02	5,129762E+01	5,568179E+03
10,05	-1,199345E+06	1,018108E+02	5,100023E+01	5,568179E+03
10,055	-1,199346E+06	1,016534E+02	5,050787E+01	5,568179E+03
10,06	-1,199346E+06	1,015607E+02	5,002796E+01	5,568179E+03
10,065	-1,199345E+06	9,657277E+01	4,969443E+01	5,568179E+03
10,07	-1,199346E+06	9,976597E+01	4,930759E+01	5,568179E+03
10,075	-1,199345E+06	9,784552E+01	4,941448E+01	5,568179E+03
10,08	-1,199346E+06	1,014398E+02	4,982268E+01	5,568179E+03
10,085	-1,199345E+06	1,034819E+02	5,021591E+01	5,568179E+03
10,09	-1,199345E+06	1,035891E+02	5,058684E+01	5,568179E+03
10,095	-1,199346E+06	1,049510E+02	5,080416E+01	5,568179E+03
10,1	-1,199345E+06	1,039571E+02	5,096813E+01	5,568179E+03
10,105	-1,199346E+06	1,062194E+02	5,101098E+01	5,568179E+03
10,11	-1,199345E+06	9,943391E+01	5,086528E+01	5,568179E+03
10,115	-1,199345E+06	9,735498E+01	5,057427E+01	5,568179E+03
10,12	-1,199345E+06	9,886267E+01	5,045397E+01	5,568179E+03
10,125	-1,199345E+06	9,973464E+01	5,063048E+01	5,568179E+03
10,13	-1,199346E+06	1,108917E+02	5,077185E+01	5,568179E+03
10,135	-1,199345E+06	1,059721E+02	5,100192E+01	5,568179E+03
10,14	-1,199345E+06	1,019336E+02	5,120331E+01	5,568179E+03
10,145	-1,199346E+06	1,081114E+02	5,121625E+01	5,568179E+03
10,15	-1,199345E+06	1,015961E+02	5,135105E+01	5,568179E+03
10,155	-1,199345E+06	1,032977E+02	5,140472E+01	5,568179E+03
10,16	-1,199345E+06	1,047247E+02	5,128429E+01	5,568179E+03
10,165	-1,199345E+06	9,911017E+01	5,116382E+01	5,568179E+03
10,17	-1,199345E+06	1,015479E+02	5,108922E+01	5,568179E+03
10,175	-1,199345E+06	1,060697E+02	5,114923E+01	5,568179E+03
10,18	-1,199345E+06	1,057345E+02	5,130188E+01	5,568179E+03
10,185	-1,199345E+06	1,025129E+02	5,126000E+01	5,568179E+03
10,19	-1,199345E+06	1,045528E+02	5,094257E+01	5,568179E+03
10,195	-1,199345E+06	1,037955E+02	5,061028E+01	5,568179E+03
10,2	-1,199345E+06	1,040940E+02	5,024643E+01	5,568179E+03
10,205	-1,199346E+06	1,059357E+02	4,989844E+01	5,568179E+03
10,21	-1,199345E+06	9,943705E+01	4,974423E+01	5,568179E+03
10,215	-1,199345E+06	1,044637E+02	4,965807E+01	5,568179E+03
10,22	-1,199345E+06	1,068293E+02	4,976461E+01	5,568179E+03
10,225	-1,199345E+06	1,060042E+02	5,002707E+01	5,568179E+03
10,23	-1,199345E+06	1,074296E+02	5,044907E+01	5,568179E+03
10,235	-1,199345E+06	1,047875E+02	5,096173E+01	5,568179E+03
10,24	-1,199345E+06	1,055456E+02	5,137665E+01	5,568179E+03
10,245	-1,199345E+06	9,946324E+01	5,184487E+01	5,568179E+03
10,25	-1,199345E+06	1,057197E+02	5,205858E+01	5,568179E+03
10,255	-1,199345E+06	1,118407E+02	5,207528E+01	5,568179E+03
10,26	-1,199345E+06	1,117422E+02	5,198578E+01	5,568179E+03
10,265	-1,199346E+06	1,157571E+02	5,163315E+01	5,568179E+03
10,27	-1,199345E+06	1,046187E+02	5,131218E+01	5,568179E+03
10,275	-1,199345E+06	1,034075E+02	5,099899E+01	5,568179E+03
10,28	-1,199346E+06	1,139229E+02	5,071369E+01	5,568179E+03
10,285	-1,199345E+06	1,113755E+02	5,046429E+01	5,568179E+03
10,29	-1,199345E+06	1,085401E+02	4,999549E+01	5,568179E+03
10,295	-1,199345E+06	1,067266E+02	4,970489E+01	5,568179E+03
10,3	-1,199345E+06	1,097176E+02	4,973843E+01	5,568179E+03
10,305	-1,199345E+06	1,127957E+02	4,976468E+01	5,568179E+03
10,31	-1,199345E+06	1,101360E+02	4,988845E+01	5,568179E+03
10,315	-1,199345E+06	1,085121E+02	5,025203E+01	5,568179E+03
10,32	-1,199345E+06	1,098353E+02	5,080370E+01	5,568179E+03
10,325	-1,199346E+06	1,120472E+02	5,156163E+01	5,568179E+03
10,33	-1,199345E+06	1,082110E+02	5,215213E+01	5,568179E+03
10,335	-1,199345E+06	1,114678E+02	5,202233E+01	5,568179E+03
10,34	-1,199346E+06	1,107566E+02	5,156882E+01	5,568179E+03
10,345	-1,199345E+06	9,817164E+01	5,107294E+01	5,568179E+03
10,35	-1,199345E+06	9,879983E+01	5,053388E+01	5,568179E+03
10,355	-1,199346E+06	1,091811E+02	5,027659E+01	5,568179E+03
10,36	-1,199345E+06	1,076693E+02	5,016844E+01	5,568179E+03
10,365	-1,199345E+06	1,123632E+02	4,995710E+01	5,568179E+03
10,37	-1,199345E+06	1,156631E+02	5,007549E+01	5,568179E+03
10,375	-1,199345E+06	1,164746E+02	5,017227E+01	5,568179E+03
10,38	-1,199346E+06	1,129727E+02	5,003930E+01	5,568179E+03
10,385	-1,199345E+06	1,032000E+02	5,018957E+01	5,568179E+03
10,39	-1,199345E+06	1,087630E+02	5,041913E+01	5,568179E+03
10,395	-1,199346E+06	1,170888E+02	5,062420E+01	5,568179E+03
10,4	-1,199345E+06	1,109994E+02	5,100448E+01	5,568179E+03
10,405	-1,199345E+06	1,108428E+02	5,129056E+01	5,568179E+03
10,41	-1,199346E+06	1,143656E+02	5,147436E+01	5,568179E+03
10,415	-1,199345E+06	1,073755E+02	5,167301E+01	5,568179E+03
10,42	-1,199345E+06	1,147732E+02	5,155456E+01	5,568179E+03
10,425	-1,199345E+06	1,194195E+02	5,146037E+01	5,568179E+03
10,43	-1,199345E+06	1,131144E+02	5,149083E+01	5,568179E+03
10,435	-1,199345E+06	1,145426E+02	5,122084E+01	5,568179E+03
10,44	-1,199345E+06	1,166612E+02	5,078979E+01	5,568179E+03
10,445	-1,199345E+06	1,165294E+02	5,032129E+01	5,568179E+03
10,45	-1,199345E+06	1,102853E+02	4,982551E+01	5,568179E+03
10,455	-1,199345E+06	1,080704E+02	4,962773E+01	5,568179E+03
10,46	-1,199345E+06	1,160465E+02	4,982791E+01	5,568179E+03
10,465	-1,199345E+06	1,128408E+02	5,021459E+01	5,568179E+03
10,47	-1,199345E+06	1,176710E+02	5,069073E+01	5,568179E+03
10,475	-1,199345E+06	1,182283E+02	5,128145E+01	5,568179E+03
10,48	-1,199345E+06	1,186469E+02	5,161744E+01	5,568179E+03
10,485	-1,199345E+06	1,164280E+02	5,209028E+01	5,568179E+03
10,49	-1,199345E+06	1,087519E+02	5,266899E+01	5,568179E+03
10,495	-1,199346E+06	1,191533E+02	5,279143E+01	5,568179E+03
10,5	-1,199345E+06	1,170841E+02	5,285629E+01	5,568179E+03
10,505	-1,199345E+06	1,180962E+02	5,244854E+01	5,568179E+03
10,51	-1,199345E+06	1,219574E+02	5,174582E+01	5,568179E+03
10,515	-1,199345E+06	1,128446E+02	5,152931E+01	5,568179E+03
10,52	-1,199345E+06	1,177801E+02	5,143995E+01	5,568179E+03
10,525	-1,199345E+06	1,205577E+02	5,158719E+01	5,568179E+03
10,53	-1,199345E+06	1,193375E+02	5,197081E+01	5,568179E+03
10,535	-1,199345E+06	1,211200E+02	5,203027E+01	5,568179E+03
10,54	-1,199345E+06	1,214067E+02	5,174685E+01	5,568179E+03
10,545	-1,199345E+06	1,182092E+02	5,145143E+01	5,568179E+03
10,55	-1,199345E+06	1,205027E+02	5,130355E+01	5,568179E+03
10,555	-1,199345E+06	1,249874E+02	5,139631E+01	5,568179E+03
10,56	-1,199345E+06	1,174620E+02	5,156693E+01	5,568179E+03
10,565	-1,199345E+06	1,187953E+02	5,166081E+01	5,568179E+03
10,57	-1,199345E+06	1,228163E+02	5,207165E+01	5,568179E+03
10,575	-1,199345E+06	1,210799E+02	5,276521E+01	5,568179E+03
10,58	-1,199345E+06	1,217408E+02	5,338663E+01	5,568179E+03
10,585	-1,199345E+06	1,188619E+02	5,377363E+01	5,568179E+03
10,59	-1,199345E+06	1,170482E+02	5,386603E+01	5,568179E+03
10,595	-1,199345E+06	1,240289E+02	5,380614E+01	5,568179E+03
10,6	-1,199345E+06	1,316676E+02	5,361740E+01	5,568179E+03
10,605	-1,199345E+06	1,254499E+02	5,340867E+01	5,568179E+03
10,61	-1,199345E+06	1,261578E+02	5,317133E+01	5,568179E+03
10,615	-1,199345E+06	1,288247E+02	5,309200E+01	5,568179E+03
10,62	-1,199345E+06	1,223985E+02	5,331945E+01	5,568179E+03
10,625	-1,199345E+06	1,273910E+02	5,345761E+01	5,568179E+03
10,63	-1,199345E+06	1,265176E+02	5,361679E+01	5,568179E+03
10,635	-1,199345E+06	1,244462E+02	5,368189E+01	5,568179E+03
10,64	-1,199345E+06	1,332337E+02	5,335446E+01	5,568179E+03
10,645	-1,199345E+06	1,300710E+02	5,291865E+01	5,568179E+03
10,65	-1,199345E+06	1,278012E+02	5,233832E+01	5,568179E+03
10,655	-1,199345E+06	1,254838E+02	5,198240E+01	5,568179E+03
10,66	-1,199345E+06	1,213470E+02	5,214725E+01	5,568179E+03
10,665	-1,199345E+06	1,269250E+02	5,244959E+01	5,568179E+03
10,67	-1,199345E+06	1,220201E+02	5,292225E+01	5,568179E+03
10,675	-1,199345E+06	1,231694E+02	5,354004E+01	5,568179E+03
10,68	-1,199345E+06	1,362667E+02	5,414109E+01	5,568179E+03
10,685	-1,199345E+06	1,243542E+02	5,455946E+01	5,568179E+03
10,69	-1,199345E+06	1,173634E+02	5,449900E+01	5,568179E+03
10,695	-1,199345E+06	1,225461E+02	5,434077E+01	5,568179E+03
10,7	-1,199345E+06	1,297010E+02	5,399286E+01	5,568179E+03
10,705	-1,199345E+06	1,242027E+02	5,355653E+01	5,568179E+03
10,71	-1,199345E+06	1,232682E+02	5,346902E+01	5,568179E+03
10,715	-1,199345E+06	1,367861E+02	5,349348E+01	5,568179E+03
10,72	-1,199345E+06	1,327110E+02	5,359711E+01	5,568179E+03
10,725	-1,199345E+06	1,342227E+02	5,363612E+01	5,568179E+03
10,73	-1,199345E+06	1,325671E+02	5,365479E+01	5,568179E+03
10,735	-1,199345E+06	1,331480E+02	5,385983E+01	5,568179E+03
10,74	-1,199345E+06	1,382381E+02	5,417962E+01	5,568179E+03
10,745	-1,199345E+06	1,293939E+02	5,450923E+01	5,568179E+03
10,75	-1,199345E+06	1,395811E+02	5,477457E+01	5,568179E+03
10,755	-1,199345E+06	1,380790E+02	5,514861E+01	5,568179E+03
10,76	-1,199345E+06	1,386993E+02	5,544606E+01	5,568179E+03
10,765	-1,199345E+06	1,429752E+02	5,573158E+01	5,568179E+03
10,77	-1,199345E+06	1,387334E+02	5,581264E+01	5,568179E+03
10,775	-1,199345E+06	1,419364E+02	5,561733E+01	5,568179E+03
10,78	-1,199345E+06	1,360001E+02	5,561921E+01	5,568179E+03
10,785	-1,199345E+06	1,408249E+02	5,562970E+01	5,568179E+03
10,79	-1,199345E+06	1,416669E+02	5,577727E+01	5,568179E+03
10,795	-1,199345E+06	1,401619E+02	5,589247E+01	5,568179E+03
10,8	-1,199345E+06	1,408284E+02	5,567100E+01	5,568179E+03
10,805	-1,199345E+06	1,389459E+02	5,527731E+01	5,568179E+03
10,81	-1,199345E+06	1,404674E+02	5,465118E+01	5,568179E+03
10,815	-1,199345E+06	1,305267E+02	5,389371E+01	5,568179E+03
10,82	-1,199345E+06	1,343857E+02	5,317486E+01	5,568179E+03
10,825	-1,199345E+06	1,359833E+02	5,296272E+01	5,568179E+03
10,83	-1,199345E+06	1,351377E+02	5,322670E+01	5,568179E+03
10,835	-1,199345E+06	1,440749E+02	5,384667E+01	5,568179E+03
10,84	-1,199345E+06	1,421572E+02	5,470456E+01	5,568179E+03
10,845	-1,199345E+06	1,457066E+02	5,505983E+01	5,568179E+03
10,85	-1,199345E+06	1,411711E+02	5,538478E+01	5,568179E+03
10,855	-1,199345E+06	1,452334E+02	5,581791E+01	5,568179E+03
10,86	-1,199345E+06	1,554429E+02	5,587450E+01	5,568179E+03
10,865	-1,199344E+06	1,465446E+02	5,569914E+01	5,568179E+03
10,87	-1,199345E+06	1,476800E+02	5,528460E+01	5,568179E+03
10,875	-1,199345E+06	1,472096E+02	5,515053E+01	5,568179E+03
10,88	-1,199344E+06	1,430884E+02	5,547630E+01	5,568179E+03
10,885	-1,199345E+06	1,472008E+02	5,571168E+01	5,568179E+03
10,89	-1,199345E+06	1,494382E+02	5,570374E+01	5,568179E+03
10,895	-1,199345E+06	1,511317E+02	5,548255E+01	5,568179E+03
10,9	-1,199345E+06	1,507942E+02	5,527344E+01	5,568179E+03
10,905	-1,199344E+06	1,509233E+02	5,523089E+01	5,568179E+03
10,91	-1,199345E+06	1,570878E+02	5,505647E+01	5,568179E+03
10,915	-1,199344E+06	1,550229E+02	5,470906E+01	5,568179E+03
10,92	-1,199345E+06	1,559981E+02	5,420682E+01	5,568179E+03
10,925	-1,199345E+06	1,516199E+02	5,385651E+01	5,568179E+03
10,93	-1,199344E+06	1,466379E+02	5,373894E+01	5,568179E+03
10,935	-1,199345E+06	1,504902E+02	5,365347E+01	5,568179E+03
10,94	-1,199344E+06	1,463361E+02	5,359073E+01	5,568179E+03
10,945	-1,199345E+06	1,490408E+02	5,334178E+01	5,568179E+03
10,95	-1,199345E+06	1,479604E+02	5,325367E+01	5,568179E+03
10,955	-1,199344E+06	1,401222E+02	5,362276E+01	5,568179E+03
10,96	-1,199345E+06	1,513448E+02	5,410835E+01	5,568179E+03
10,965	-1,199344E+06	1,547493E+02	5,473933E+01	5,568179E+03
10,97	-1,199344E+06	1,527932E+02	5,530265E+01	5,568179E+03
10,975	-1,199344E+06	1,522661E+02	5,584430E+01	5,568179E+03
10,98	-1,199344E+06	1,517299E+02	5,618740E+01	5,568179E+03
10,985	-1,199345E+06	1,611820E+02	5,601312E+01	5,568179E+03
10,99	-1,199344E+06	1,573555E+02	5,573939E+01	5,568179E+03
10,995	-1,199344E+06	1,580464E+02	5,546202E+01	5,568179E+03
11,0	-1,199345E+06	1,675740E+02	5,518781E+01	5,568179E+03
11,005	-1,199344E+06	1,645087E+02	5,475422E+01	5,568179E+03
11,01	-1,199345E+06	1,647801E+02	5,396527E+01	5,568179E+03
11,015	-1,199344E+06	1,563495E+02	5,344016E+01	5,568179E+03
11,02	-1,199344E+06	1,598542E+02	5,344270E+01	5,568179E+03
11,025	-1,199345E+06	1,685054E+02	5,410161E+01	5,568179E+03
11,03	-1,199344E+06	1,600129E+02	5,493177E+01	5,568179E+03
11,035	-1,199345E+06	1,757935E+02	5,518273E+01	5,568179E+03
11,04	-1,199344E+06	1,658198E+02	5,578687E+01	5,568179E+03
11,045	-1,199344E+06	1,632956E+02	5,641649E+01	5,568179E+03
11,05	-1,199345E+06	1,680586E+02	5,693177E+01	5,568179E+03
11,055	-1,199344E+06	1,563860E+02	5,745290E+01	5,568179E+03
11,06	-1,199344E+06	1,664648E+02	5,736663E+01	5,568179E+03
11,065	-1,199344E+06	1,696261E+02	5,729132E+01	5,568179E+03
11,07	-1,199344E+06	1,757488E+02	5,715306E+01	5,568179E+03
11,075	-1,199344E+06	1,741209E+02	5,651023E+01	5,568179E+03
11,08	-1,199344E+06	1,727024E+02	5,555666E+01	5,568179E+03
11,085	-1,199344E+06	1,723783E+02	5,457531E+01	5,568179E+03
11,09	-1,199344E+06	1,734333E+02	5,376942E+01	5,568179E+03
11,095	-1,199344E+06	1,780362E+02	5,352082E+01	5,568179E+03
11,1	-1,199344E+06	1,683330E+02	5,369015E+01	5,568179E+03
11,105	-1,199344E+06	1,742463E+02	5,381986E+01	5,568179E+03
11,11	-1,199344E+06	1,716238E+02	5,437839E+01	5,568179E+03
11,115	-1,199344E+06	1,632884E+02	5,522486E+01	5,568179E+03
11,12	-1,199344E+06	1,778462E+02	5,608106E+01	5,568179E+03
11,125	-1,199344E+06	1,750917E+02	5,704493E+01	5,568179E+03
11,13	-1,199344E+06	1,806621E+02	5,716226E+01	5,568179E+03
11,135	-1,199344E+06	1,872674E+02	5,694816E+01	5,568179E+03
11,14	-1,199344E+06	1,816155E+02	5,690842E+01	5,568179E+03
11,145	-1,199345E+06	1,845857E+02	5,629129E+01	5,568179E+03
11,15	-1,199344E+06	1,712259E+02	5,567051E+01	5,568179E+03
11,155	-1,199344E+06	1,718780E+02	5,494714E+01	5,568179E+03
11,16	-1,199344E+06	1,798499E+02	5,411372E+01	5,568179E+03
11,165	-1,199344E+06	1,797672E+02	5,358647E+01	5,568179E+03
11,17	-1,199344E+06	1,776288E+02	5,302983E+01	5,568179E+03
11,175	-1,199344E+06	1,773597E+02	5,250383E+01	5,568179E+03
11,18	-1,199344E+06	1,917022E+02	5,241930E+01	5,568179E+03
11,185	-1,199344E+06	1,898557E+02	5,280589E+01	5,568179E+03
11,19	-1,199344E+06	1,799447E+02	5,329875E+01	5,568179E+03
11,195	-1,199344E+06	1,818389E+02	5,378896E+01	5,568179E+03
11,2	-1,199344E+06	1,739502E+02	5,427872E+01	5,568179E+03
11,205	-1,199344E+06	1,834410E+02	5,465897E+01	5,568179E+03
11,21	-1,199344E+06	1,832816E+02	5,538442E+01	5,568179E+03
11,215	-1,199344E+06	1,874098E+02	5,567085E+01	5,568179E+03
11,22	-1,199344E+06	1,937856E+02	5,523651E+01	5,568179E+03
11,225	-1,199343E+06	1,812156E+02	5,455950E+01	5,568179E+03
11,23	-1,199344E+06	1,955024E+02	5,350227E+01	5,568179E+03
11,235	-1,199344E+06	1,956771E+02	5,271139E+01	5,568179E+03
11,24	-1,199343E+06	1,873722E+02	5,204143E+01	5,568179E+03
11,245	-1,199344E+06	2,053906E+02	5,117453E+01	5,568179E+03
11,25	-1,199344E+06	1,987971E+02	5,066475E+01	5,568179E+03
11,255	-1,199344E+06	1,936279E+02	5,017045E+01	5,568179E+03
11,26	-1,199344E+06	1,886346E+02	5,011944E+01	5,568179E+03
11,265	-1,199343E+06	1,878560E+02	5,081003E+01	5,568179E+03
11,27	-1,199344E+06	2,048945E+02	5,150568E+01	5,568179E+03
11,275	-1,199343E+06	2,004219E+02	5,206535E+01	5,568179E+03
11,28	-1,199344E+06	1,983133E+02	5,247155E+01	5,568179E+03
11,285	-1,199343E+06	1,925477E+02	5,277606E+01	5,568179E+03
11,29	-1,199343E+06	1,972441E+02	5,286973E+01	5,568179E+03
11,295	-1,199344E+06	2,130743E+02	5,268105E+01	5,568179E+03
11,3	-1,199343E+06	2,100977E+02	5,207495E+01	5,568179E+03
11,305	-1,199344E+06	2,051273E+02	5,110091E+01	5,568179E+03
11,31	-1,199343E+06	1,938482E+02	5,042690E+01	5,568179E+03
11,315	-1,199343E+06	1,978114E+02	5,015296E+01	5,568179E+03
11,32	-1,199344E+06	2,145767E+02	5,013396E+01	5,568179E+03
11,325	-1,199343E+06	2,060993E+02	5,026913E+01	5,568179E+03
11,33	-1,199343E+06	2,061597E+02	5,013186E+01	5,568179E+03
11,335	-1,199343E+06	2,119011E+02	5,011766E+01	5,568179E+03
11,34	-1,199343E+06	2,080240E+02	5,033042E+01	5,568179E+03
11,345	-1,199343E+06	2,062955E+02	5,074568E+01	5,568179E+03
11,35	-1,199343E+06	2,066277E+02	5,137226E+01	5,568179E+03
11,355	-1,199343E+06	2,163629E+02	5,142887E+01	5,568179E+03
11,36	-1,199343E+06	2,144155E+02	5,101931E+01	5,568179E+03
11,365	-1,199343E+06	2,123606E+02	5,034618E+01	5,568179E+03
11,37	-1,199343E+06	2,280133E+02	4,967600E+01	5,568179E+03
11,375	-1,199343E+06	2,288166E+02	4,959485E+01	5,568179E+03
11,38	-1,199343E+06	2,158826E+02	4,959844E+01	5,568179E+03
11,385	-1,199343E+06	2,260654E+02	4,934909E+01	5,568179E+03
11,39	-1,199343E+06	2,182859E+02	4,913616E+01	5,568179E+03
11,395	-1,199343E+06	2,057095E+02	4,872451E+01	5,568179E+03
11,4	-1,199343E+06	2,059941E+02	4,904752E+01	5,568179E+03
11,405	-1,199343E+06	2,251239E+02	4,982516E+01	5,568179E+03
11,41	-1,199343E+06	2,375376E+02	4,997361E+01	5,568179E+03
11,415	-1,199343E+06	2,288454E+02	4,964163E+01	5,568179E+03
11,42	-1,199343E+06	2,312764E+02	4,904155E+01	5,568179E+03
11,425	-1,199343E+06	2,357203E+02	4,872126E+01	5,568179E+03
11,43	-1,199343E+06	2,329737E+02	4,893264E+01	5,568179E+03
11,435	-1,199343E+06	2,227568E+02	4,910167E+01	5,568179E+03
11,44	-1,199343E+06	2,253862E+02	4,909673E+01	5,568179E+03
11,445	-1,199343E+06	2,360719E+02	4,931995E+01	5,568179E+03
11,45	-1,199343E+06	2,300331E+02	4,949614E+01	5,568179E+03
11,455	-1,199343E+06	2,334223E+02	4,926521E+01	5,568179E+03
11,46	-1,199343E+06	2,313059E+02	4,918438E+01	5,568179E+03
11,465	-1,199343E+06	2,327820E+02	4,903759E+01	5,568179E+03
11,47	-1,199343E+06	2,432986E+02	4,851019E+01	5,568179E+03
11,475	-1,199342E+06	2,385730E+02	4,805139E+01	5,568179E+03
11,48	-1,199343E+06	2,440266E+02	4,758415E+01	5,568179E+03
11,485	-1,199342E+06	2,377865E+02	4,731810E+01	5,568179E+03
11,49	-1,199342E+06	2,457891E+02	4,723500E+01	5,568179E+03
11,495	-1,199343E+06	2,515226E+02	4,753802E+01	5,568179E+03
11,5	-1,199342E+06	2,385246E+02	4,811298E+01	5,568179E+03
11,505	-1,199342E+06	2,393318E+02	4,863740E+01	5,568179E+03
11,51	-1,199342E+06	2,333173E+02	4,923776E+01	5,568179E+03
11,515	-1,199342E+06	2,423877E+02	4,946308E+01	5,568179E+03
11,52	-1,199342E+06	2,511075E+02	4,933406E+01	5,568179E+03
11,525	-1,199342E+06	2,542068E+02	4,852550E+01	5,568179E+03
11,53	-1,199342E+06	2,539896E+02	4,742374E+01	5,568179E+03
11,535	-1,199342E+06	2,507951E+02	4,668764E+01	5,568179E+03
11,54	-1,199342E+06	2,624763E+02	4,577106E+01	5,568179E+03
11,545	-1,199342E+06	2,534421E+02	4,486471E+01	5,568179E+03
11,55	-1,199342E+06	2,395013E+02	4,426664E+01	5,568179E+03
11,555	-1,199342E+06	2,500591E+02	4,402785E+01	5,568179E+03
11,56	-1,199342E+06	2,569922E+02	4,424008E+01	5,568179E+03
11,565	-1,199342E+06	2,655978E+02	4,467240E+01	5,568179E+03
11,57	-1,199342E+06	2,616938E+02	4,554706E+01	5,568179E+03
11,575	-1,199342E+06	2,604354E+02	4,632396E+01	5,568179E+03
11,58	-1,199342E+06	2,666117E+02	4,679052E+01	5,568179E+03
11,585	-1,199342E+06	2,714298E+02	4,690372E+01	5,568179E+03
11,59	-1,199342E+06	2,680714E+02	4,670632E+01	5,568179E+03
11,595	-1,199342E+06	2,528947E+02	4,699150E+01	5,568179E+03
11,6	-1,199342E+06	2,595335E+02	4,714585E+01	5,568179E+03
11,605	-1,199342E+06	2,656256E+02	4,675835E+01	5,568179E+03
11,61	-1,199341E+06	2,516143E+02	4,656662E+01	5,568179E+03
11,615	-1,199342E+06	2,671798E+02	4,613288E+01	5,568179E+03
11,62	-1,199342E+06	2,673513E+02	4,559674E+01	5,568179E+03
11,625	-1,199342E+06	2,664921E+02	4,508255E+01	5,568179E+03
11,63	-1,199342E+06	2,613587E+02	4,454247E+01	5,568179E+03
11,635	-1,199342E+06	2,665089E+02	4,409930E+01	5,568179E+03
11,64	-1,199342E+06	2,716845E+02	4,440437E+01	5,568179E+03
11,645	-1,199342E+06	2,828870E+02	4,481372E+01	5,568179E+03
11,65	-1,199342E+06	2,898339E+02	4,530187E+01	5,568179E+03
11,655	-1,199341E+06	2,722080E+02	4,627739E+01	5,568179E+03
11,66	-1,199341E+06	2,759411E+02	4,709872E+01	5,568179E+03
11,665	-1,199342E+06	2,919182E+02	4,779816E+01	5,568179E+03
11,67	-1,199341E+06	2,865269E+02	4,831892E+01	5,568179E+03
11,675	-1,199342E+06	3,091389E+02	4,812990E+01	5,568179E+03
11,68	-1,199341E+06	2,847841E+02	4,812102E+01	5,568179E+03
11,685	-1,199341E+06	2,668683E+02	4,776879E+01	5,568179E+03
11,69	-1,199342E+06	2,898017E+02	4,715469E+01	5,568179E+03
11,695	-1,199341E+06	2,897933E+02	4,681663E+01	5,568179E+03
11,7	-1,199342E+06	3,008105E+02	4,618499E+01	5,568179E+03
11,705	-1,199341E+06	2,925462E+02	4,594793E+01	5,568179E+03
11,71	-1,199341E+06	3,095075E+02	4,593867E+01	5,568179E+03
11,715	-1,199341E+06	3,133686E+02	4,614962E+01	5,568179E+03
11,72	-1,199341E+06	3,057307E+02	4,601284E+01	5,568179E+03
11,725	-1,199341E+06	3,095762E+02	4,559721E+01	5,568179E+03
11,73	-1,199341E+06	2,948468E+02	4,518394E+01	5,568179E+03
11,735	-1,199342E+06	3,014291E+02	4,432705E+01	5,568179E+03
11,74	-1,199341E+06	2,844981E+02	4,468635E+01	5,568179E+03
11,745	-1,199341E+06	2,867288E+02	4,567419E+01	5,568179E+03
11,75	-1,199342E+06	3,084995E+02	4,644898E+01	5,568179E+03
11,755	-1,199341E+06	2,925196E+02	4,773078E+01	5,568179E+03
11,76	-1,199341E+06	2,993623E+02	4,816510E+01	5,568179E+03
11,765	-1,199341E+06	3,040476E+02	4,809773E+01	5,568179E+03
11,77	-1,199340E+06	2,989064E+02	4,849391E+01	5,568179E+03
11,775	-1,199341E+06	3,273121E+02	4,852714E+01	5,568179E+03
11,78	-1,199341E+06	3,354386E+02	4,860537E+01	5,568179E+03
11,785	-1,199341E+06	3,213913E+02	4,841472E+01	5,568179E+03
11,79	-1,199341E+06	3,233272E+02	4,727649E+01	5,568179E+03
11,795	-1,199341E+06	3,174732E+02	4,648029E+01	5,568179E+03
11,8	-1,199340E+06	3,162344E+02	4,611580E+01	5,568179E+03
11,805	-1,199341E+06	3,226511E+02	4,579067E+01	5,568179E+03
11,81	-1,199340E+06	3,202276E+02	4,618040E+01	5,568179E+03
11,815	-1,199341E+06	3,322160E+02	4,681363E+01	5,568179E+03
11,82	-1,199340E+06	3,218290E+02	4,764065E+01	5,568179E+03
11,825	-1,199341E+06	3,293974E+02	4,832657E+01	5,568179E+03
11,83	-1,199341E+06	3,310039E+02	4,863202E+01	5,568179E+03
11,835	-1,199340E+06	3,299284E+02	4,858456E+01	5,568179E+03
11,84	-1,199341E+06	3,322322E+02	4,880567E+01	5,568179E+03
11,845	-1,199340E+06	3,380214E+02	4,931782E+01	5,568179E+03
11,85	-1,199341E+06	3,511929E+02	4,960643E+01	5,568179E+03
11,855	-1,199340E+06	3,333446E+02	4,982527E+01	5,568179E+03
11,86	-1,199340E+06	3,474054E+02	4,955679E+01	5,568179E+03
11,865	-1,199341E+06	3,518650E+02	4,927090E+01	5,568179E+03
11,87	-1,199340E+06	3,231041E+02	4,892473E+01	5,568179E+03
11,875	-1,199341E+06	3,506249E+02	4,776777E+01	5,568179E+03
11,88	-1,199341E+06	3,570701E+02	4,706525E+01	5,568179E+03
11,885	-1,199340E+06	3,420037E+02	4,678445E+01	5,568179E+03
11,89	-1,199341E+06	3,566206E+02	4,677423E+01	5,568179E+03
11,895	-1,199340E+06	3,471320E+02	4,759514E+01	5,568179E+03
11,9	-1,199340E+06	3,396352E+02	4,810768E+01	5,568179E+03
11,905	-1,199340E+06	3,561613E+02	4,847823E+01	5,568179E+03
11,91	-1,199340E+06	3,702473E+02	4,923209E+01	5,568179E+03
11,915	-1,199340E+06	3,745159E+02	4,967921E+01	5,568179E+03
11,92	-1,199340E+06	3,557664E+02	5,030258E+01	5,568179E+03
11,925	-1,199340E+06	3,579673E+02	5,091037E+01	5,568179E+03
11,93	-1,199340E+06	3,549321E+02	5,089169E+01	5,568179E+03
11,935	-1,199340E+06	3,624187E+02	5,038270E+01	5,568179E+03
11,94	-1,199340E+06	3,704269E+02	5,001596E+01	5,568179E+03
11,945	-1,199339E+06	3,522883E+02	4,987884E+01	5,568179E+03
11,95	-1,199340E+06	3,651032E+02	4,995132E+01	5,568179E+03
11,955	-1,199340E+06	3,758683E+02	5,022491E+01	5,568179E+03
11,96	-1,199340E+06	3,952523E+02	4,986504E+01	5,568179E+03
11,965	-1,199340E+06	3,814179E+02	4,963098E+01	5,568179E+03
11,97	-1,199339E+06	3,706415E+02	4,976589E+01	5,568179E+03
11,975	-1,199340E+06	3,937564E+02	5,015511E+01	5,568179E+03
11,98	-1,199339E+06	3,868648E+02	5,166438E+01	5,568179E+03
11,985	-1,199340E+06	3,970449E+02	5,311021E+01	5,568179E+03
11,99	-1,199340E+06	3,996526E+02	5,360895E+01	5,568179E+03
11,995	-1,199339E+06	3,901223E+02	5,388710E+01	5,568179E+03
12,0	-1,199340E+06	3,954555E+02	5,374997E+01	5,568179E+03
12,005	-1,199339E+06	4,004823E+02	5,320459E+01	5,568179E+03
12,01	-1,199340E+06	4,086504E+02	5,298474E+01	5,568179E+03
12,015	-1,199339E+06	3,981050E+02	5,269488E+01	5,568179E+03
12,02	-1,199339E+06	3,912038E+02	5,194399E+01	5,568179E+03
12,025	-1,199339E+06	3,825011E+02	5,203827E+01	5,568179E+03
12,03	-1,199339E+06	3,948191E+02	5,272108E+01	5,568179E+03
12,035	-1,199339E+06	4,009899E+02	5,354749E+01	5,568179E+03
12,04	-1,199339E+06	4,118912E+02	5,425528E+01	5,568179E+03
12,045	-1,199339E+06	4,248381E+02	5,404729E+01	5,568179E+03
12,05	-1,199339E+06	3,988819E+02	5,343494E+01	5,568179E+03
12,055	-1,199339E+06	3,807508E+02	5,329636E+01	5,568179E+03
12,06	-1,199339E+06	4,026616E+02	5,347298E+01	5,568179E+03
12,065	-1,199339E+06	4,236948E+02	5,395837E+01	5,568179E+03
12,07	-1,199339E+06	4,226515E+02	5,431663E+01	5,568179E+03
12,075	-1,199339E+06	4,169733E+02	5,376237E+01	5,568179E+03
12,08	-1,199339E+06	4,081844E+02	5,289254E+01	5,568179E+03
12,085	-1,199339E+06	4,119281E+02	5,260963E+01	5,568179E+03
12,09	-1,199339E+06	4,298034E+02	5,280190E+01	5,568179E+03
12,095	-1,199338E+06	4,095664E+02	5,333779E+01	5,568179E+03
12,1	-1,199338E+06	4,129779E+02	5,343179E+01	5,568179E+03
12,105	-1,199339E+06	4,341013E+02	5,317509E+01	5,568179E+03
12,11	-1,199339E+06	4,241889E+02	5,304101E+01	5,568179E+03
12,115	-1,199338E+06	4,056052E+02	5,337379E+01	5,568179E+03
12,12	-1,199339E+06	4,233351E+02	5,381391E+01	5,568179E+03
12,125	-1,199339E+06	4,352304E+02	5,327973E+01	5,568179E+03
12,13	-1,199338E+06	4,153449E+02	5,189443E+01	5,568179E+03
12,135	-1,199339E+06	4,379246E+02	5,082178E+01	5,568179E+03
12,14	-1,199339E+06	4,390259E+02	5,078480E+01	5,568179E+03
12,145	-1,199338E+06	4,252039E+02	5,131608E+01	5,568179E+03
12,15	-1,199339E+06	4,462552E+02	5,216442E+01	5,568179E+03
12,155	-1,199338E+06	4,445975E+02	5,279178E+01	5,568179E+03
12,16	-1,199338E+06	4,467664E+02	5,259548E+01	5,568179E+03
12,165	-1,199338E+06	4,392485E+02	5,265444E+01	5,568179E+03
12,17	-1,199338E+06	4,350776E+02	5,276618E+01	5,568179E+03
12,175	-1,199338E+06	4,364193E+02	5,257022E+01	5,568179E+03
12,18	-1,199338E+06	4,234317E+02	5,249053E+01	5,568179E+03
12,185	-1,199338E+06	4,432861E+02	5,222061E+01	5,568179E+03
12,19	-1,199338E+06	4,663107E+02	5,218458E+01	5,568179E+03
12,195	-1,199338E+06	4,803167E+02	5,216705E+01	5,568179E+03
12,2	-1,199338E+06	4,713788E+02	5,173403E+01	5,568179E+03
12,205	-1,199338E+06	4,631232E+02	5,125834E+01	5,568179E+03
12,21	-1,199337E+06	4,590596E+02	5,127055E+01	5,568179E+03
12,215	-1,199338E+06	4,794762E+02	5,096752E+01	5,568179E+03
12,22	-1,199338E+06	4,728804E+02	5,082629E+01	5,568179E+03
12,225	-1,199337E+06	4,492488E+02	5,127471E+01	5,568179E+03
12,23	-1,199338E+06	4,738377E+02	5,178065E+01	5,568179E+03
12,235	-1,199337E+06	4,750505E+02	5,259986E+01	5,568179E+03
12,24	-1,199338E+06	4,833223E+02	5,287526E+01	5,568179E+03
12,245	-1,199337E+06	4,675918E+02	5,320936E+01	5,568179E+03
12,25	-1,199337E+06	4,651227E+02	5,352181E+01	5,568179E+03
12,255	-1,199338E+06	5,006442E+02	5,363878E+01	5,568179E+03
12,26	-1,199337E+06	4,981963E+02	5,356207E+01	5,568179E+03
12,265	-1,199338E+06	4,999194E+02	5,218416E+01	5,568179E+03
12,27	-1,199337E+06	4,910317E+02	5,045347E+01	5,568179E+03
12,275	-1,199337E+06	4,894325E+02	4,925062E+01	5,568179E+03
12,28	-1,199338E+06	4,949780E+02	4,889739E+01	5,568179E+03
12,285	-1,199337E+06	4,837849E+02	4,956707E+01	5,568179E+03
12,29	-1,199337E+06	4,943072E+02	5,029438E+01	5,568179E+03
12,295	-1,199337E+06	4,988068E+02	5,082164E+01	5,568179E+03
12,3	-1,199337E+06	5,052118E+02	5,145653E+01	5,568179E+03
12,305	-1,199338E+06	5,283700E+02	5,255817E+01	5,568179E+03
12,31	-1,199336E+06	4,966696E+02	5,453963E+01	5,568179E+03
12,315	-1,199337E+06	5,155517E+02	5,519086E+01	5,568179E+03
12,32	-1,199337E+06	5,038255E+02	5,513337E+01	5,568179E+03
12,325	-1,199337E+06	4,992286E+02	5,413995E+01	5,568179E+03
12,33	-1,199337E+06	5,067787E+02	5,264311E+01	5,568179E+03
12,335	-1,199336E+06	4,898797E+02	5,207471E+01	5,568179E+03
12,34	-1,199337E+06	5,115065E+02	5,091921E+01	5,568179E+03
12,345	-1,199337E+06	5,059773E+02	4,923020E+01	5,568179E+03
12,35	-1,199336E+06	4,877487E+02	4,793540E+01	5,568179E+03
12,355	-1,199337E+06	5,099215E+02	4,616786E+01	5,568179E+03
12,36	-1,199336E+06	4,900097E+02	4,540019E+01	5,568179E+03
12,365	-1,199336E+06	4,927987E+02	4,574300E+01	5,568179E+03
12,37	-1,199338E+06	5,368367E+02	4,592769E+01	5,568179E+03
12,375	-1,199336E+06	4,990669E+02	4,743902E+01	5,568179E+03
12,38	-1,199336E+06	5,151303E+02	4,941385E+01	5,568179E+03
12,385	-1,199337E+06	5,366534E+02	5,165300E+01	5,568179E+03
12,39	-1,199336E+06	5,140188E+02	5,374264E+01	5,568179E+03
12,395	-1,199336E+06	5,312777E+02	5,455321E+01	5,568179E+03
12,4	-1,199336E+06	5,591448E+02	5,534204E+01	5,568179E+03
12,405	-1,199337E+06	5,778816E+02	5,478909E+01	5,568179E+03
12,41	-1,199335E+06	5,344559E+02	5,257884E+01	5,568179E+03
12,415	-1,199336E+06	5,302427E+02	5,085354E+01	5,568179E+03
12,42	-1,199336E+06	5,598592E+02	5,021585E+01	5,568179E+03
12,425	-1,199336E+06	5,516245E+02	5,008185E+01	5,568179E+03
12,43	-1,199336E+06	5,499037E+02	4,950683E+01	5,568179E+03
12,435	-1,199336E+06	5,517476E+02	4,832600E+01	5,568179E+03
12,44	-1,199336E+06	5,463421E+02	4,797246E+01	5,568179E+03
12,445	-1,199335E+06	5,328478E+02	4,873116E+01	5,568179E+03
12,45	-1,199335E+06	5,484033E+02	4,961610E+01	5,568179E+03
12,455	-1,199336E+06	5,808356E+02	5,038869E+01	5,568179E+03
12,46	-1,199336E+06	5,530187E+02	5,041250E+01	5,568179E+03
12,465	-1,199335E+06	5,290670E+02	4,974880E+01	5,568179E+03
12,47	-1,199336E+06	5,345485E+02	4,992764E+01	5,568179E+03
12,475	-1,199335E+06	5,396666E+02	5,049562E+01	5,568179E+03
12,48	-1,199336E+06	5,580805E+02	5,096751E+01	5,568179E+03
12,485	-1,199336E+06	5,791402E+02	5,174679E+01	5,568179E+03
12,49	-1,199336E+06	5,933683E+02	5,172727E+01	5,568179E+03
12,495	-1,199335E+06	5,681895E+02	5,145528E+01	5,568179E+03
12,5	-1,199335E+06	5,568050E+02	5,064778E+01	5,568179E+03
12,505	-1,199336E+06	5,772873E+02	4,959669E+01	5,568179E+03
12,51	-1,199336E+06	5,712127E+02	4,925313E+01	5,568179E+03
12,515	-1,199334E+06	5,428634E+02	4,931579E+01	5,568179E+03
12,52	-1,199336E+06	5,802874E+02	4,936125E+01	5,568179E+03
12,525	-1,199336E+06	5,971738E+02	5,029872E+01	5,568179E+03
12,53	-1,199335E+06	5,753748E+02	5,140530E+01	5,568179E+03
12,535	-1,199336E+06	5,875388E+02	5,178693E+01	5,568179E+03
12,54	-1,199335E+06	5,736856E+02	5,211831E+01	5,568179E+03
12,545	-1,199335E+06	5,687884E+02	5,171398E+01	5,568179E+03
12,55	-1,199336E+06	5,926587E+02	5,120645E+01	5,568179E+03
12,555	-1,199335E+06	6,082813E+02	5,179767E+01	5,568179E+03
12,56	-1,199336E+06	6,345312E+02	5,168946E+01	5,568179E+03
12,565	-1,199335E+06	5,894120E+02	5,156820E+01	5,568179E+03
12,57	-1,199335E+06	5,840572E+02	5,156720E+01	5,568179E+03
12,575	-1,199335E+06	6,024892E+02	5,115439E+01	5,568179E+03
12,58	-1,199335E+06	6,061680E+02	5,077645E+01	5,568179E+03
12,585	-1,199335E+06	5,968803E+02	5,075776E+01	5,568179E+03
12,59	-1,199335E+06	6,061891E+02	5,002969E+01	5,568179E+03
12,595	-1,199335E+06	6,038805E+02	4,977138E+01	5,568179E+03
12,6	-1,199334E+06	5,721228E+02	5,037514E+01	5,568179E+03
12,605	-1,199335E+06	5,879105E+02	5,047906E+01	5,568179E+03
12,61	-1,199334E+06	5,850787E+02	5,158098E+01	5,568179E+03
12,615	-1,199336E+06	6,142901E+02	5,178047E+01	5,568179E+03
12,62	-1,199335E+06	6,100068E+02	5,133435E+01	5,568179E+03
12,625	-1,199335E+06	6,139119E+02	5,183813E+01	5,568179E+03
12,63	-1,199335E+06	6,271395E+02	5,204236E+01	5,568179E+03
12,635	-1,199335E+06	6,058794E+02	5,143326E+01	5,568179E+03
12,64	-1,199335E+06	5,960433E+02	5,075433E+01	5,568179E+03
12,645	-1,199335E+06	5,898467E+02	4,997657E+01	5,568179E+03
12,65	-1,199335E+06	6,003965E+02	4,929520E+01	5,568179E+03
12,655	-1,199334E+06	6,198525E+02	4,928443E+01	5,568179E+03
12,66	-1,199336E+06	6,633430E+02	4,799662E+01	5,568179E+03
12,665	-1,199334E+06	6,126960E+02	4,649220E+01	5,568179E+03
12,67	-1,199334E+06	5,940544E+02	4,601838E+01	5,568179E+03
12,675	-1,199335E+06	6,184702E+02	4,606488E+01	5,568179E+03
12,68	-1,199334E+06	6,145299E+02	4,692245E+01	5,568179E+03
12,685	-1,199335E+06	6,247051E+02	4,890768E+01	5,568179E+03
12,69	-1,199334E+06	6,296555E+02	5,105957E+01	5,568179E+03
12,695	-1,199335E+06	6,502167E+02	5,246667E+01	5,568179E+03
12,7	-1,199334E+06	6,304348E+02	5,408194E+01	5,568179E+03
12,705	-1,199334E+06	6,655305E+02	5,408703E+01	5,568179E+03
12,71	-1,199335E+06	6,764183E+02	5,251175E+01	5,568179E+03
12,715	-1,199333E+06	5,991295E+02	5,073359E+01	5,568179E+03
12,72	-1,199334E+06	5,982914E+02	4,877175E+01	5,568179E+03
12,725	-1,199334E+06	6,147168E+02	4,757104E+01	5,568179E+03
12,73	-1,199334E+06	6,425126E+02	4,635409E+01	5,568179E+03
12,735	-1,199335E+06	6,558701E+02	4,507850E+01	5,568179E+03
12,74	-1,199334E+06	6,251668E+02	4,416667E+01	5,568179E+03
12,745	-1,199334E+06	6,137090E+02	4,448493E+01	5,568179E+03
12,75	-1,199334E+06	6,289142E+02	4,569778E+01	5,568179E+03
12,755	-1,199335E+06	6,487757E+02	4,665960E+01	5,568179E+03
12,76	-1,199334E+06	6,221081E+02	4,816283E+01	5,568179E+03
12,765	-1,199334E+06	6,396113E+02	4,893835E+01	5,568179E+03
12,77	-1,199335E+06	6,774965E+02	4,946728E+01	5,568179E+03
12,775	-1,199334E+06	6,604422E+02	5,067725E+01	5,568179E+03
12,78	-1,199334E+06	6,575147E+02	5,070642E+01	5,568179E+03
12,785	-1,199334E+06	6,393124E+02	5,002740E+01	5,568179E+03
12,79	-1,199333E+06	6,392089E+02	4,884870E+01	5,568179E+03
12,795	-1,199334E+06	6,657790E+02	4,685745E+01	5,568179E+03
12,8	-1,199334E+06	6,430926E+02	4,622762E+01	5,568179E+03
12,805	-1,199333E+06	6,280406E+02	4,624399E+01	5,568179E+03
12,81	-1,199334E+06	6,480871E+02	4,576354E+01	5,568179E+03
12,815	-1,199333E+06	6,428919E+02	4,686991E+01	5,568179E+03
12,82	-1,199334E+06	6,806404E+02	4,817771E+01	5,568179E+03
12,825	-1,199334E+06	6,911246E+02	4,919598E+01	5,568179E+03
12,83	-1,199334E+06	6,927724E+02	5,055712E+01	5,568179E+03
12,835	-1,199333E+06	6,724506E+02	5,189096E+01	5,568179E+03
12,84	-1,199334E+06	6,769970E+02	5,239325E+01	5,568179E+03
12,845	-1,199334E+06	6,521845E+02	5,272932E+01	5,568179E+03
12,85	-1,199333E+06	6,438350E+02	5,235204E+01	5,568179E+03
12,855	-1,199334E+06	6,935710E+02	5,158071E+01	5,568179E+03
12,86	-1,199334E+06	6,770950E+02	5,196372E+01	5,568179E+03
12,865	-1,199333E+06	6,559890E+02	5,215839E+01	5,568179E+03
12,87	-1,199335E+06	6,866542E+02	5,193823E+01	5,568179E+03
12,875	-1,199332E+06	6,483653E+02	5,296923E+01	5,568179E+03
12,88	-1,199334E+06	6,823600E+02	5,353393E+01	5,568179E+03
12,885	-1,199334E+06	6,990907E+02	5,401870E+01	5,568179E+03
12,89	-1,199333E+06	6,716321E+02	5,397567E+01	5,568179E+03
12,895	-1,199334E+06	6,834995E+02	5,193572E+01	5,568179E+03
12,9	-1,199333E+06	6,645381E+02	4,963266E+01	5,568179E+03
12,905	-1,199333E+06	6,494853E+02	4,828243E+01	5,568179E+03
12,91	-1,199333E+06	6,580629E+02	4,685779E+01	5,568179E+03
12,915	-1,199334E+06	6,717995E+02	4,582066E+01	5,568179E+03
12,92	-1,199333E+06	6,555567E+02	4,554816E+01	5,568179E+03
12,925	-1,199333E+06	6,548866E+02	4,464548E+01	5,568179E+03
12,93	-1,199334E+06	6,673723E+02	4,404780E+01	5,568179E+03
12,935	-1,199333E+06	6,640870E+02	4,461680E+01	5,568179E+03
12,94	-1,199334E+06	6,836398E+02	4,524677E+01	5,568179E+03
12,945	-1,199334E+06	6,808510E+02	4,646044E+01	5,568179E+03
12,95	-1,199333E+06	6,447060E+02	4,821378E+01	5,568179E+03
12,955	-1,199333E+06	6,435365E+02	4,831785E+01	5,568179E+03
12,96	-1,199334E+06	6,652213E+02	4,805327E+01	5,568179E+03
12,965	-1,199333E+06	6,632506E+02	4,904064E+01	5,568179E+03
12,97	-1,199334E+06	6,827061E+02	4,899942E+01	5,568179E+03
12,975	-1,199333E+06	6,596933E+02	4,838625E+01	5,568179E+03
12,98	-1,199333E+06	6,721945E+02	4,759803E+01	5,568179E+03
12,985	-1,199333E+06	6,957079E+02	4,686881E+01	5,568179E+03
12,99	-1,199334E+06	7,062792E+02	4,621150E+01	5,568179E+03
12,995	-1,199333E+06	6,714557E+02	4,585391E+01	5,568179E+03
13,0	-1,199334E+06	6,573068E+02	4,459128E+01	5,568179E+03
13,005	-1,199332E+06	6,159795E+02	4,395176E+01	5,568179E+03
13,01	-1,199333E+06	6,440193E+02	4,439240E+01	5,568179E+03
13,015	-1,199334E+06	7,121912E+02	4,495151E+01	5,568179E+03
13,02	-1,199333E+06	7,023636E+02	4,657255E+01	5,568179E+03
13,025	-1,199334E+06	7,342719E+02	4,758202E+01	5,568179E+03
13,03	-1,199333E+06	6,986254E+02	4,762994E+01	5,568179E+03
13,035	-1,199333E+06	6,699787E+02	4,816923E+01	5,568179E+03
13,04	-1,199332E+06	6,829428E+02	4,972833E+01	5,568179E+03
13,045	-1,199335E+06	7,361701E+02	4,948065E+01	5,568179E+03
13,05	-1,199333E+06	6,885659E+02	4,875955E+01	5,568179E+03
13,055	-1,199332E+06	6,560044E+02	4,786108E+01	5,568179E+03
13,06	-1,199334E+06	7,007093E+02	4,584658E+01	5,568179E+03
13,065	-1,199333E+06	6,896804E+02	4,463111E+01	5,568179E+03
13,07	-1,199332E+06	6,629121E+02	4,347557E+01	5,568179E+03
13,075	-1,199334E+06	6,978724E+02	4,108069E+01	5,568179E+03
13,08	-1,199333E+06	6,607095E+02	4,002347E+01	5,568179E+03
13,085	-1,199332E+06	6,325252E+02	4,024754E+01	5,568179E+03
13,09	-1,199334E+06	6,879100E+02	4,115266E+01	5,568179E+03
13,095	-1,199334E+06	7,177383E+02	4,272884E+01	5,568179E+03
13,1	-1,199333E+06	6,951903E+02	4,420393E+01	5,568179E+03
13,105	-1,199334E+06	6,987449E+02	4,512259E+01	5,568179E+03
13,11	-1,199333E+06	6,676916E+02	4,526642E+01	5,568179E+03
13,115	-1,199333E+06	6,477906E+02	4,459436E+01	5,568179E+03
13,12	-1,199334E+06	6,764917E+02	4,380479E+01	5,568179E+03
13,125	-1,199333E+06	6,792797E+02	4,342007E+01	5,568179E+03
13,13	-1,199333E+06	6,949848E+02	4,254422E+01	5,568179E+03
13,135	-1,199334E+06	6,887912E+02	4,077671E+01	5,568179E+03
13,14	-1,199332E+06	6,347286E+02	3,992339E+01	5,568179E+03
13,145	-1,199333E+06	6,528776E+02	3,975861E+01	5,568179E+03
13,15	-1,199333E+06	6,657099E+02	3,924518E+01	5,568179E+03
13,155	-1,199333E+06	6,623037E+02	3,920135E+01	5,568179E+03
13,16	-1,199333E+06	6,849961E+02	4,058694E+01	5,568179E+03
13,165	-1,199334E+06	7,207227E+02	4,185228E+01	5,568179E+03
13,17	-1,199334E+06	6,859845E+02	4,290820E+01	5,568179E+03
13,175	-1,199332E+06	6,441198E+02	4,365595E+01	5,568179E+03
13,18	-1,199335E+06	7,237367E+02	4,354334E+01	5,568179E+03
13,185	-1,199333E+06	6,729869E+02	4,446513E+01	5,568179E+03
13,19	-1,199332E+06	6,411586E+02	4,420052E+01	5,568179E+03
13,195	-1,199335E+06	7,032573E+02	4,290904E+01	5,568179E+03
13,2	-1,199333E+06	6,556952E+02	4,236803E+01	5,568179E+03
13,205	-1,199333E+06	6,403422E+02	4,076464E+01	5,568179E+03
13,21	-1,199334E+06	6,556683E+02	3,957989E+01	5,568179E+03
13,215	-1,199333E+06	6,436917E+02	3,877376E+01	5,568179E+03
13,22	-1,199334E+06	6,714475E+02	3,739246E+01	5,568179E+03
13,225	-1,199333E+06	6,404242E+02	3,719816E+01	5,568179E+03
13,23	-1,199333E+06	6,401985E+02	3,694842E+01	5,568179E+03
13,235	-1,199334E+06	6,650182E+02	3,742715E+01	5,568179E+03
13,24	-1,199333E+06	6,467308E+02	3,879562E+01	5,568179E+03
13,245	-1,199333E+06	6,359617E+02	3,991977E+01	5,568179E+03
13,25	-1,199333E+06	6,431913E+02	4,167767E+01	5,568179E+03
13,255	-1,199334E+06	6,691460E+02	4,287619E+01	5,568179E+03
13,26	-1,199333E+06	6,383275E+02	4,330558E+01	5,568179E+03
13,265	-1,199333E+06	6,517737E+02	4,282070E+01	5,568179E+03
13,27	-1,199335E+06	6,716693E+02	4,158278E+01	5,568179E+03
13,275	-1,199332E+06	5,978199E+02	4,161688E+01	5,568179E+03
13,28	-1,199334E+06	6,254041E+02	4,192633E+01	5,568179E+03
13,285	-1,199334E+06	6,554744E+02	4,265996E+01	5,568179E+03
13,29	-1,199334E+06	6,462281E+02	4,415343E+01	5,568179E+03
13,295	-1,199334E+06	6,421576E+02	4,561424E+01	5,568179E+03
13,3	-1,199333E+06	6,512823E+02	4,731003E+01	5,568179E+03
13,305	-1,199334E+06	6,725586E+02	4,833211E+01	5,568179E+03
13,31	-1,199333E+06	6,497864E+02	4,806870E+01	5,568179E+03
13,315	-1,199334E+06	6,524407E+02	4,751475E+01	5,568179E+03
13,32	-1,199333E+06	6,441235E+02	4,621861E+01	5,568179E+03
13,325	-1,199334E+06	6,545739E+02	4,365654E+01	5,568179E+03
13,33	-1,199334E+06	6,435291E+02	4,250162E+01	5,568179E+03
