#t	totalEnergy 	temperature  	pressure 	volume 		PtensXX 	PtensXY 	PtensXZ 	PtensYX 	PtensYY 	PtensYZ 	PtensZX 	PtensZY 	PtensZZ
0.0	-1.199278E+06	2.999982E+02	1.683552E+01	5.568179E+03
0.005	-1.199288E+06	5.355263E+02	2.267135E+01	5.568179E+03
0.01	-1.199286E+06	6.640959E+02	3.631857E+01	5.568179E+03
0.015	-1.199285E+06	7.309326E+02	4.747038E+01	5.568179E+03
0.02	-1.199287E+06	8.054707E+02	5.580988E+01	5.568179E+03
0.025	-1.199284E+06	7.049722E+02	6.127215E+01	5.568179E+03
0.03	-1.199285E+06	7.011649E+02	6.574125E+01	5.568179E+03
0.035	-1.199286E+06	6.966060E+02	6.774143E+01	5.568179E+03
0.04	-1.199284E+06	6.506294E+02	6.595432E+01	5.568179E+03
0.045	-1.199286E+06	6.860832E+02	6.196929E+01	5.568179E+03
0.05	-1.199286E+06	6.908224E+02	5.508098E+01	5.568179E+03
0.055	-1.199285E+06	6.641002E+02	4.943778E+01	5.568179E+03
0.06	-1.199286E+06	6.755046E+02	4.639895E+01	5.568179E+03
0.065	-1.199286E+06	6.675602E+02	4.477783E+01	5.568179E+03
0.07	-1.199284E+06	6.454132E+02	4.530838E+01	5.568179E+03
0.075	-1.199286E+06	7.120550E+02	4.582686E+01	5.568179E+03
0.08	-1.199286E+06	7.295017E+02	4.790688E+01	5.568179E+03
0.085	-1.199284E+06	7.031735E+02	5.207243E+01	5.568179E+03
0.09	-1.199287E+06	7.762785E+02	5.523890E+01	5.568179E+03
0.095	-1.199286E+06	7.530839E+02	5.786355E+01	5.568179E+03
0.1	-1.199285E+06	7.112018E+02	5.837547E+01	5.568179E+03
0.105	-1.199287E+06	6.937759E+02	5.658648E+01	5.568179E+03
0.11	-1.199283E+06	5.975326E+02	5.535180E+01	5.568179E+03
0.115	-1.199286E+06	6.474091E+02	5.405788E+01	5.568179E+03
0.12	-1.199285E+06	6.519310E+02	5.385427E+01	5.568179E+03
0.125	-1.199285E+06	6.503675E+02	5.284828E+01	5.568179E+03
0.13	-1.199287E+06	7.073478E+02	5.015567E+01	5.568179E+03
0.135	-1.199285E+06	6.590230E+02	4.660180E+01	5.568179E+03
0.14	-1.199284E+06	6.115290E+02	4.378877E+01	5.568179E+03
0.145	-1.199287E+06	6.623362E+02	4.425534E+01	5.568179E+03
0.15	-1.199285E+06	6.470685E+02	4.550008E+01	5.568179E+03
0.155	-1.199285E+06	6.497300E+02	4.508463E+01	5.568179E+03
0.16	-1.199287E+06	7.118168E+02	4.321964E+01	5.568179E+03
0.165	-1.199285E+06	6.554770E+02	4.144578E+01	5.568179E+03
0.17	-1.199285E+06	6.444053E+02	4.330844E+01	5.568179E+03
0.175	-1.199287E+06	6.694601E+02	4.683032E+01	5.568179E+03
0.18	-1.199285E+06	6.281876E+02	4.984553E+01	5.568179E+03
0.185	-1.199286E+06	6.427128E+02	5.183063E+01	5.568179E+03
0.19	-1.199285E+06	6.315560E+02	5.113992E+01	5.568179E+03
0.195	-1.199286E+06	6.550448E+02	5.089816E+01	5.568179E+03
0.2	-1.199286E+06	6.640720E+02	5.137235E+01	5.568179E+03
0.205	-1.199284E+06	6.395014E+02	4.982625E+01	5.568179E+03
0.21	-1.199286E+06	7.001262E+02	4.707248E+01	5.568179E+03
0.215	-1.199286E+06	7.022618E+02	4.283913E+01	5.568179E+03
0.22	-1.199285E+06	6.687280E+02	4.095984E+01	5.568179E+03
0.225	-1.199286E+06	6.698640E+02	4.372595E+01	5.568179E+03
0.23	-1.199286E+06	6.541910E+02	4.644717E+01	5.568179E+03
0.235	-1.199285E+06	6.279197E+02	4.873634E+01	5.568179E+03
0.24	-1.199286E+06	6.774310E+02	5.025105E+01	5.568179E+03
0.245	-1.199287E+06	6.849409E+02	5.152883E+01	5.568179E+03
0.25	-1.199285E+06	6.286303E+02	5.426254E+01	5.568179E+03
0.255	-1.199287E+06	6.469794E+02	5.634509E+01	5.568179E+03
0.26	-1.199285E+06	6.109879E+02	5.770160E+01	5.568179E+03
0.265	-1.199286E+06	6.364619E+02	5.722956E+01	5.568179E+03
0.27	-1.199287E+06	6.627499E+02	5.517561E+01	5.568179E+03
0.275	-1.199285E+06	6.388713E+02	5.281367E+01	5.568179E+03
0.28	-1.199288E+06	6.985474E+02	5.006227E+01	5.568179E+03
0.285	-1.199285E+06	6.571499E+02	4.837298E+01	5.568179E+03
0.29	-1.199286E+06	6.562059E+02	4.557350E+01	5.568179E+03
0.295	-1.199287E+06	6.693103E+02	4.205081E+01	5.568179E+03
0.3	-1.199286E+06	6.242773E+02	3.980328E+01	5.568179E+03
0.305	-1.199286E+06	6.113277E+02	3.988278E+01	5.568179E+03
0.31	-1.199286E+06	6.255136E+02	4.342310E+01	5.568179E+03
0.315	-1.199286E+06	6.241946E+02	4.852271E+01	5.568179E+03
0.32	-1.199286E+06	6.286013E+02	5.278064E+01	5.568179E+03
0.325	-1.199287E+06	6.521911E+02	5.575390E+01	5.568179E+03
0.33	-1.199285E+06	6.223233E+02	5.734198E+01	5.568179E+03
0.335	-1.199286E+06	6.381242E+02	5.883631E+01	5.568179E+03
0.34	-1.199287E+06	6.529765E+02	5.977959E+01	5.568179E+03
0.345	-1.199285E+06	6.162891E+02	5.801369E+01	5.568179E+03
0.35	-1.199288E+06	6.606622E+02	5.407856E+01	5.568179E+03
0.355	-1.199286E+06	6.064795E+02	4.919960E+01	5.568179E+03
0.36	-1.199286E+06	6.031620E+02	4.484166E+01	5.568179E+03
0.365	-1.199288E+06	6.465677E+02	4.350701E+01	5.568179E+03
0.37	-1.199285E+06	5.874559E+02	4.375149E+01	5.568179E+03
0.375	-1.199288E+06	6.578502E+02	4.314386E+01	5.568179E+03
0.38	-1.199287E+06	6.594902E+02	4.141919E+01	5.568179E+03
0.385	-1.199286E+06	6.033227E+02	4.033799E+01	5.568179E+03
0.39	-1.199287E+06	6.110309E+02	4.367482E+01	5.568179E+03
0.395	-1.199286E+06	6.013536E+02	4.885742E+01	5.568179E+03
0.4	-1.199288E+06	6.411445E+02	5.188063E+01	5.568179E+03
0.405	-1.199287E+06	6.212937E+02	5.341523E+01	5.568179E+03
0.41	-1.199286E+06	5.961494E+02	5.434732E+01	5.568179E+03
0.415	-1.199287E+06	6.120443E+02	5.705278E+01	5.568179E+03
0.42	-1.199287E+06	6.136728E+02	5.979723E+01	5.568179E+03
0.425	-1.199286E+06	5.882909E+02	6.059375E+01	5.568179E+03
0.43	-1.199287E+06	6.157019E+02	5.928406E+01	5.568179E+03
0.435	-1.199288E+06	6.480566E+02	5.581430E+01	5.568179E+03
0.44	-1.199286E+06	5.984508E+02	5.223552E+01	5.568179E+03
0.445	-1.199287E+06	6.129983E+02	4.873678E+01	5.568179E+03
0.45	-1.199288E+06	6.025134E+02	4.561765E+01	5.568179E+03
0.455	-1.199286E+06	5.365838E+02	4.238077E+01	5.568179E+03
0.46	-1.199288E+06	5.732231E+02	3.857526E+01	5.568179E+03
0.465	-1.199288E+06	5.838153E+02	3.712410E+01	5.568179E+03
0.47	-1.199286E+06	5.685395E+02	3.791814E+01	5.568179E+03
0.475	-1.199288E+06	6.065731E+02	4.107682E+01	5.568179E+03
0.48	-1.199287E+06	6.076235E+02	4.697634E+01	5.568179E+03
0.485	-1.199287E+06	6.292578E+02	5.193213E+01	5.568179E+03
0.49	-1.199288E+06	6.320219E+02	5.480341E+01	5.568179E+03
0.495	-1.199286E+06	5.550961E+02	5.644177E+01	5.568179E+03
0.5	-1.199287E+06	5.891417E+02	5.668221E+01	5.568179E+03
0.505	-1.199288E+06	6.198997E+02	5.618281E+01	5.568179E+03
0.51	-1.199286E+06	5.697339E+02	5.415649E+01	5.568179E+03
0.515	-1.199288E+06	5.752517E+02	5.058277E+01	5.568179E+03
0.52	-1.199288E+06	5.582949E+02	4.656078E+01	5.568179E+03
0.525	-1.199286E+06	5.333041E+02	4.399624E+01	5.568179E+03
0.53	-1.199288E+06	5.908777E+02	4.337956E+01	5.568179E+03
0.535	-1.199288E+06	6.127800E+02	4.286282E+01	5.568179E+03
0.54	-1.199287E+06	5.722732E+02	4.171031E+01	5.568179E+03
0.545	-1.199288E+06	5.598979E+02	4.005819E+01	5.568179E+03
0.55	-1.199287E+06	5.462695E+02	4.012410E+01	5.568179E+03
0.555	-1.199288E+06	5.565029E+02	4.298735E+01	5.568179E+03
0.56	-1.199288E+06	5.735149E+02	4.621145E+01	5.568179E+03
0.565	-1.199287E+06	5.420669E+02	4.856256E+01	5.568179E+03
0.57	-1.199288E+06	5.540391E+02	4.927041E+01	5.568179E+03
0.575	-1.199288E+06	5.554221E+02	4.880153E+01	5.568179E+03
0.58	-1.199287E+06	5.269889E+02	4.914734E+01	5.568179E+03
0.585	-1.199289E+06	5.667370E+02	4.937230E+01	5.568179E+03
0.59	-1.199288E+06	5.640387E+02	4.904945E+01	5.568179E+03
0.595	-1.199288E+06	5.674891E+02	4.748596E+01	5.568179E+03
0.6	-1.199288E+06	5.701906E+02	4.496297E+01	5.568179E+03
0.605	-1.199287E+06	5.462253E+02	4.348822E+01	5.568179E+03
0.61	-1.199288E+06	5.550892E+02	4.390655E+01	5.568179E+03
0.615	-1.199288E+06	5.451415E+02	4.580428E+01	5.568179E+03
0.62	-1.199288E+06	5.611388E+02	4.777151E+01	5.568179E+03
0.625	-1.199289E+06	5.696950E+02	4.870314E+01	5.568179E+03
0.63	-1.199288E+06	5.242803E+02	4.831142E+01	5.568179E+03
0.635	-1.199288E+06	5.273244E+02	4.804483E+01	5.568179E+03
0.64	-1.199288E+06	5.378358E+02	4.956972E+01	5.568179E+03
0.645	-1.199289E+06	5.543505E+02	5.012101E+01	5.568179E+03
0.65	-1.199288E+06	5.339218E+02	4.924504E+01	5.568179E+03
0.655	-1.199288E+06	5.342783E+02	4.745915E+01	5.568179E+03
0.66	-1.199288E+06	5.379372E+02	4.538612E+01	5.568179E+03
0.665	-1.199288E+06	5.473659E+02	4.511514E+01	5.568179E+03
0.67	-1.199289E+06	5.599819E+02	4.543410E+01	5.568179E+03
0.675	-1.199288E+06	5.296031E+02	4.477084E+01	5.568179E+03
0.68	-1.199289E+06	5.369500E+02	4.380477E+01	5.568179E+03
0.685	-1.199289E+06	5.233403E+02	4.264879E+01	5.568179E+03
0.69	-1.199288E+06	4.786837E+02	4.286297E+01	5.568179E+03
0.695	-1.199289E+06	5.069098E+02	4.501975E+01	5.568179E+03
0.7	-1.199288E+06	4.993140E+02	4.788138E+01	5.568179E+03
0.705	-1.199289E+06	5.346385E+02	4.946012E+01	5.568179E+03
0.71	-1.199289E+06	5.257355E+02	4.963517E+01	5.568179E+03
0.715	-1.199288E+06	4.778225E+02	4.921171E+01	5.568179E+03
0.72	-1.199289E+06	5.245294E+02	4.924709E+01	5.568179E+03
0.725	-1.199289E+06	5.319713E+02	4.983956E+01	5.568179E+03
0.73	-1.199289E+06	5.070051E+02	4.915326E+01	5.568179E+03
0.735	-1.199289E+06	4.989180E+02	4.644454E+01	5.568179E+03
0.74	-1.199289E+06	4.846316E+02	4.331480E+01	5.568179E+03
0.745	-1.199289E+06	4.811518E+02	4.195878E+01	5.568179E+03
0.75	-1.199289E+06	4.911179E+02	4.224173E+01	5.568179E+03
0.755	-1.199290E+06	4.906700E+02	4.298626E+01	5.568179E+03
0.76	-1.199288E+06	4.614397E+02	4.346282E+01	5.568179E+03
0.765	-1.199290E+06	4.830762E+02	4.302390E+01	5.568179E+03
0.77	-1.199289E+06	4.781746E+02	4.433313E+01	5.568179E+03
0.775	-1.199290E+06	5.098799E+02	4.716757E+01	5.568179E+03
0.78	-1.199290E+06	5.210042E+02	5.043357E+01	5.568179E+03
0.785	-1.199289E+06	4.958001E+02	5.323126E+01	5.568179E+03
0.79	-1.199290E+06	5.198117E+02	5.386940E+01	5.568179E+03
0.795	-1.199290E+06	4.810997E+02	5.295833E+01	5.568179E+03
0.8	-1.199289E+06	4.400550E+02	5.128108E+01	5.568179E+03
0.805	-1.199290E+06	4.601368E+02	4.986413E+01	5.568179E+03
0.81	-1.199289E+06	4.485366E+02	4.945518E+01	5.568179E+03
0.815	-1.199290E+06	4.727875E+02	4.796485E+01	5.568179E+03
0.82	-1.199291E+06	5.007186E+02	4.552283E+01	5.568179E+03
0.825	-1.199289E+06	4.475528E+02	4.332528E+01	5.568179E+03
0.83	-1.199289E+06	4.419973E+02	4.217945E+01	5.568179E+03
0.835	-1.199291E+06	4.902763E+02	4.342849E+01	5.568179E+03
0.84	-1.199290E+06	4.751977E+02	4.496055E+01	5.568179E+03
0.845	-1.199290E+06	4.640598E+02	4.511362E+01	5.568179E+03
0.85	-1.199290E+06	4.534817E+02	4.550438E+01	5.568179E+03
0.855	-1.199290E+06	4.539448E+02	4.693816E+01	5.568179E+03
0.86	-1.199291E+06	4.611276E+02	4.960196E+01	5.568179E+03
0.865	-1.199290E+06	4.413937E+02	5.218569E+01	5.568179E+03
0.87	-1.199291E+06	4.572192E+02	5.338645E+01	5.568179E+03
0.875	-1.199291E+06	4.517400E+02	5.292676E+01	5.568179E+03
0.88	-1.199290E+06	4.182977E+02	5.120374E+01	5.568179E+03
0.885	-1.199291E+06	4.401009E+02	5.024982E+01	5.568179E+03
0.89	-1.199291E+06	4.519378E+02	4.993131E+01	5.568179E+03
0.895	-1.199290E+06	4.310583E+02	4.894021E+01	5.568179E+03
0.9	-1.199291E+06	4.420747E+02	4.649789E+01	5.568179E+03
0.905	-1.199291E+06	4.385796E+02	4.294141E+01	5.568179E+03
0.91	-1.199290E+06	4.010636E+02	4.137453E+01	5.568179E+03
0.915	-1.199292E+06	4.448347E+02	4.209385E+01	5.568179E+03
0.92	-1.199291E+06	4.379683E+02	4.427098E+01	5.568179E+03
0.925	-1.199291E+06	4.213227E+02	4.624894E+01	5.568179E+03
0.93	-1.199292E+06	4.403181E+02	4.755127E+01	5.568179E+03
0.935	-1.199291E+06	4.250713E+02	4.924459E+01	5.568179E+03
0.94	-1.199291E+06	4.387911E+02	5.098100E+01	5.568179E+03
0.945	-1.199291E+06	4.357287E+02	5.278204E+01	5.568179E+03
0.95	-1.199291E+06	4.204198E+02	5.359405E+01	5.568179E+03
0.955	-1.199291E+06	4.082806E+02	5.299219E+01	5.568179E+03
0.96	-1.199291E+06	3.954732E+02	5.204956E+01	5.568179E+03
0.965	-1.199291E+06	4.004088E+02	5.132900E+01	5.568179E+03
0.97	-1.199292E+06	4.381157E+02	5.109374E+01	5.568179E+03
0.975	-1.199292E+06	4.280740E+02	5.123939E+01	5.568179E+03
0.98	-1.199291E+06	3.939017E+02	5.001535E+01	5.568179E+03
0.985	-1.199292E+06	4.072014E+02	4.747076E+01	5.568179E+03
0.99	-1.199291E+06	3.957171E+02	4.533853E+01	5.568179E+03
0.995	-1.199292E+06	4.079203E+02	4.448487E+01	5.568179E+03
1.0	-1.199292E+06	4.088086E+02	4.567097E+01	5.568179E+03
1.005	-1.199291E+06	3.876074E+02	4.708658E+01	5.568179E+03
1.01	-1.199292E+06	4.068027E+02	4.738895E+01	5.568179E+03
1.015	-1.199291E+06	3.776978E+02	4.726850E+01	5.568179E+03
1.02	-1.199291E+06	3.695349E+02	4.712600E+01	5.568179E+03
1.025	-1.199292E+06	4.053267E+02	4.792016E+01	5.568179E+03
1.03	-1.199291E+06	3.676281E+02	4.930434E+01	5.568179E+03
1.035	-1.199291E+06	3.653379E+02	4.959181E+01	5.568179E+03
1.04	-1.199292E+06	3.913733E+02	4.865898E+01	5.568179E+03
1.045	-1.199291E+06	3.687330E+02	4.762220E+01	5.568179E+03
1.05	-1.199292E+06	3.864711E+02	4.778032E+01	5.568179E+03
1.055	-1.199292E+06	3.871136E+02	4.871801E+01	5.568179E+03
1.06	-1.199291E+06	3.664973E+02	4.909248E+01	5.568179E+03
1.065	-1.199292E+06	3.867548E+02	4.810028E+01	5.568179E+03
1.07	-1.199292E+06	3.751772E+02	4.667070E+01	5.568179E+03
1.075	-1.199291E+06	3.674658E+02	4.699178E+01	5.568179E+03
1.08	-1.199293E+06	4.038513E+02	4.819788E+01	5.568179E+03
1.085	-1.199292E+06	3.856138E+02	4.909438E+01	5.568179E+03
1.09	-1.199291E+06	3.443914E+02	4.953601E+01	5.568179E+03
1.095	-1.199293E+06	3.639970E+02	4.923507E+01	5.568179E+03
1.1	-1.199292E+06	3.589810E+02	5.024355E+01	5.568179E+03
1.105	-1.199292E+06	3.510808E+02	5.216654E+01	5.568179E+03
1.11	-1.199292E+06	3.695341E+02	5.327784E+01	5.568179E+03
1.115	-1.199291E+06	3.566152E+02	5.420361E+01	5.568179E+03
1.12	-1.199293E+06	3.855345E+02	5.365263E+01	5.568179E+03
1.125	-1.199293E+06	3.815402E+02	5.176736E+01	5.568179E+03
1.13	-1.199291E+06	3.388212E+02	5.025554E+01	5.568179E+03
1.135	-1.199293E+06	3.642247E+02	4.931002E+01	5.568179E+03
1.14	-1.199293E+06	3.565279E+02	4.946281E+01	5.568179E+03
1.145	-1.199292E+06	3.303135E+02	4.988328E+01	5.568179E+03
1.15	-1.199293E+06	3.495730E+02	4.936634E+01	5.568179E+03
1.155	-1.199292E+06	3.534393E+02	4.910215E+01	5.568179E+03
1.16	-1.199292E+06	3.521818E+02	5.032710E+01	5.568179E+03
1.165	-1.199293E+06	3.507050E+02	5.229629E+01	5.568179E+03
1.17	-1.199292E+06	3.312336E+02	5.392960E+01	5.568179E+03
1.175	-1.199292E+06	3.151970E+02	5.488248E+01	5.568179E+03
1.18	-1.199293E+06	3.364149E+02	5.440542E+01	5.568179E+03
1.185	-1.199292E+06	3.229916E+02	5.419827E+01	5.568179E+03
1.19	-1.199292E+06	3.249448E+02	5.479641E+01	5.568179E+03
1.195	-1.199293E+06	3.706665E+02	5.478988E+01	5.568179E+03
1.2	-1.199292E+06	3.600972E+02	5.445869E+01	5.568179E+03
1.205	-1.199293E+06	3.433550E+02	5.227844E+01	5.568179E+03
1.21	-1.199293E+06	3.177235E+02	4.945957E+01	5.568179E+03
1.215	-1.199293E+06	3.073953E+02	4.878745E+01	5.568179E+03
1.22	-1.199293E+06	3.176730E+02	4.934639E+01	5.568179E+03
1.225	-1.199293E+06	3.074847E+02	5.063710E+01	5.568179E+03
1.23	-1.199293E+06	3.168580E+02	5.195778E+01	5.568179E+03
1.235	-1.199293E+06	3.326148E+02	5.263930E+01	5.568179E+03
1.24	-1.199293E+06	3.315752E+02	5.399457E+01	5.568179E+03
1.245	-1.199293E+06	3.315672E+02	5.553914E+01	5.568179E+03
1.25	-1.199293E+06	3.270713E+02	5.647272E+01	5.568179E+03
1.255	-1.199293E+06	3.246564E+02	5.680774E+01	5.568179E+03
1.26	-1.199293E+06	3.198432E+02	5.617455E+01	5.568179E+03
1.265	-1.199293E+06	3.080979E+02	5.546282E+01	5.568179E+03
1.27	-1.199293E+06	3.133892E+02	5.521764E+01	5.568179E+03
1.275	-1.199293E+06	3.178141E+02	5.511336E+01	5.568179E+03
1.28	-1.199293E+06	3.032443E+02	5.473982E+01	5.568179E+03
1.285	-1.199293E+06	2.908475E+02	5.380097E+01	5.568179E+03
1.29	-1.199293E+06	3.003619E+02	5.256806E+01	5.568179E+03
1.295	-1.199293E+06	2.925858E+02	5.179226E+01	5.568179E+03
1.3	-1.199293E+06	2.915569E+02	5.211949E+01	5.568179E+03
1.305	-1.199294E+06	3.059024E+02	5.285034E+01	5.568179E+03
1.31	-1.199293E+06	2.887056E+02	5.310158E+01	5.568179E+03
1.315	-1.199294E+06	3.006261E+02	5.332781E+01	5.568179E+03
1.32	-1.199294E+06	2.991885E+02	5.411754E+01	5.568179E+03
1.325	-1.199293E+06	2.847314E+02	5.548506E+01	5.568179E+03
1.33	-1.199294E+06	2.972943E+02	5.735811E+01	5.568179E+03
1.335	-1.199293E+06	2.882332E+02	5.868091E+01	5.568179E+03
1.34	-1.199294E+06	2.931053E+02	5.862055E+01	5.568179E+03
1.345	-1.199293E+06	2.739257E+02	5.789373E+01	5.568179E+03
1.35	-1.199293E+06	2.732120E+02	5.725423E+01	5.568179E+03
1.355	-1.199294E+06	2.892941E+02	5.730080E+01	5.568179E+03
1.36	-1.199293E+06	2.757777E+02	5.707943E+01	5.568179E+03
1.365	-1.199294E+06	2.974152E+02	5.532441E+01	5.568179E+03
1.37	-1.199293E+06	2.920940E+02	5.274321E+01	5.568179E+03
1.375	-1.199293E+06	2.853729E+02	5.076680E+01	5.568179E+03
1.38	-1.199294E+06	2.941559E+02	5.081796E+01	5.568179E+03
1.385	-1.199294E+06	2.911155E+02	5.178838E+01	5.568179E+03
1.39	-1.199294E+06	2.784136E+02	5.275590E+01	5.568179E+03
1.395	-1.199293E+06	2.603224E+02	5.363805E+01	5.568179E+03
1.4	-1.199294E+06	2.783593E+02	5.400555E+01	5.568179E+03
1.405	-1.199294E+06	2.743168E+02	5.546270E+01	5.568179E+03
1.41	-1.199293E+06	2.726716E+02	5.732380E+01	5.568179E+03
1.415	-1.199294E+06	2.834461E+02	5.834897E+01	5.568179E+03
1.42	-1.199293E+06	2.716037E+02	5.870888E+01	5.568179E+03
1.425	-1.199294E+06	2.757226E+02	5.746315E+01	5.568179E+03
1.43	-1.199294E+06	2.630382E+02	5.577731E+01	5.568179E+03
1.435	-1.199294E+06	2.560216E+02	5.470535E+01	5.568179E+03
1.44	-1.199294E+06	2.579936E+02	5.403711E+01	5.568179E+03
1.445	-1.199294E+06	2.553217E+02	5.377156E+01	5.568179E+03
1.45	-1.199294E+06	2.623424E+02	5.311169E+01	5.568179E+03
1.455	-1.199294E+06	2.553766E+02	5.205727E+01	5.568179E+03
1.46	-1.199294E+06	2.638867E+02	5.139862E+01	5.568179E+03
1.465	-1.199294E+06	2.691392E+02	5.165728E+01	5.568179E+03
1.47	-1.199294E+06	2.522638E+02	5.232400E+01	5.568179E+03
1.475	-1.199294E+06	2.569867E+02	5.233828E+01	5.568179E+03
1.48	-1.199294E+06	2.462270E+02	5.200356E+01	5.568179E+03
1.485	-1.199294E+06	2.531961E+02	5.156226E+01	5.568179E+03
1.49	-1.199294E+06	2.584077E+02	5.192223E+01	5.568179E+03
1.495	-1.199294E+06	2.470557E+02	5.320424E+01	5.568179E+03
1.5	-1.199294E+06	2.465118E+02	5.412143E+01	5.568179E+03
1.505	-1.199294E+06	2.462397E+02	5.433770E+01	5.568179E+03
1.51	-1.199294E+06	2.457322E+02	5.413794E+01	5.568179E+03
1.515	-1.199293E+06	2.344979E+02	5.419148E+01	5.568179E+03
1.52	-1.199294E+06	2.474278E+02	5.469721E+01	5.568179E+03
1.525	-1.199294E+06	2.417454E+02	5.521233E+01	5.568179E+03
1.53	-1.199294E+06	2.380406E+02	5.488960E+01	5.568179E+03
1.535	-1.199295E+06	2.498220E+02	5.379047E+01	5.568179E+03
1.54	-1.199294E+06	2.271671E+02	5.305537E+01	5.568179E+03
1.545	-1.199294E+06	2.376713E+02	5.332133E+01	5.568179E+03
1.55	-1.199294E+06	2.482222E+02	5.431966E+01	5.568179E+03
1.555	-1.199294E+06	2.416773E+02	5.488507E+01	5.568179E+03
1.56	-1.199295E+06	2.548002E+02	5.465253E+01	5.568179E+03
1.565	-1.199294E+06	2.388864E+02	5.448076E+01	5.568179E+03
1.57	-1.199294E+06	2.298624E+02	5.496157E+01	5.568179E+03
1.575	-1.199294E+06	2.351968E+02	5.607559E+01	5.568179E+03
1.58	-1.199294E+06	2.281293E+02	5.712453E+01	5.568179E+03
1.585	-1.199294E+06	2.337032E+02	5.742681E+01	5.568179E+03
1.59	-1.199295E+06	2.384053E+02	5.688955E+01	5.568179E+03
1.595	-1.199294E+06	2.304717E+02	5.590501E+01	5.568179E+03
1.6	-1.199294E+06	2.309253E+02	5.510980E+01	5.568179E+03
1.605	-1.199295E+06	2.307513E+02	5.477291E+01	5.568179E+03
1.61	-1.199294E+06	2.140545E+02	5.442837E+01	5.568179E+03
1.615	-1.199294E+06	2.107349E+02	5.370477E+01	5.568179E+03
1.62	-1.199295E+06	2.212362E+02	5.297275E+01	5.568179E+03
1.625	-1.199294E+06	2.172973E+02	5.323654E+01	5.568179E+03
1.63	-1.199295E+06	2.221547E+02	5.451194E+01	5.568179E+03
1.635	-1.199295E+06	2.227666E+02	5.581691E+01	5.568179E+03
1.64	-1.199294E+06	2.140005E+02	5.667892E+01	5.568179E+03
1.645	-1.199295E+06	2.206722E+02	5.671414E+01	5.568179E+03
1.65	-1.199295E+06	2.152519E+02	5.648465E+01	5.568179E+03
1.655	-1.199295E+06	2.078058E+02	5.667231E+01	5.568179E+03
1.66	-1.199295E+06	2.093297E+02	5.689951E+01	5.568179E+03
1.665	-1.199295E+06	2.138416E+02	5.665772E+01	5.568179E+03
1.67	-1.199295E+06	2.158648E+02	5.559290E+01	5.568179E+03
1.675	-1.199295E+06	2.151550E+02	5.389750E+01	5.568179E+03
1.68	-1.199295E+06	2.095734E+02	5.285364E+01	5.568179E+03
1.685	-1.199295E+06	2.091040E+02	5.258413E+01	5.568179E+03
1.69	-1.199295E+06	2.096536E+02	5.248848E+01	5.568179E+03
1.695	-1.199295E+06	2.014138E+02	5.280881E+01	5.568179E+03
1.7	-1.199295E+06	2.055653E+02	5.320118E+01	5.568179E+03
1.705	-1.199295E+06	2.109467E+02	5.395204E+01	5.568179E+03
1.71	-1.199295E+06	2.101946E+02	5.555427E+01	5.568179E+03
1.715	-1.199295E+06	2.088506E+02	5.732196E+01	5.568179E+03
1.72	-1.199295E+06	2.016293E+02	5.854667E+01	5.568179E+03
1.725	-1.199295E+06	2.009993E+02	5.875521E+01	5.568179E+03
1.73	-1.199295E+06	2.008509E+02	5.832612E+01	5.568179E+03
1.735	-1.199295E+06	2.110256E+02	5.806638E+01	5.568179E+03
1.74	-1.199295E+06	2.222511E+02	5.773800E+01	5.568179E+03
1.745	-1.199295E+06	2.036417E+02	5.664351E+01	5.568179E+03
1.75	-1.199295E+06	2.004124E+02	5.465182E+01	5.568179E+03
1.755	-1.199295E+06	1.937917E+02	5.269637E+01	5.568179E+03
1.76	-1.199295E+06	1.948069E+02	5.142658E+01	5.568179E+03
1.765	-1.199295E+06	2.014700E+02	5.126406E+01	5.568179E+03
1.77	-1.199295E+06	1.913773E+02	5.190534E+01	5.568179E+03
1.775	-1.199295E+06	2.019000E+02	5.209389E+01	5.568179E+03
1.78	-1.199295E+06	1.985337E+02	5.182690E+01	5.568179E+03
1.785	-1.199295E+06	1.842884E+02	5.195744E+01	5.568179E+03
1.79	-1.199295E+06	1.908633E+02	5.283342E+01	5.568179E+03
1.795	-1.199295E+06	1.985426E+02	5.431243E+01	5.568179E+03
1.8	-1.199295E+06	1.866102E+02	5.590956E+01	5.568179E+03
1.805	-1.199295E+06	1.751147E+02	5.676251E+01	5.568179E+03
1.81	-1.199295E+06	1.887838E+02	5.668064E+01	5.568179E+03
1.815	-1.199295E+06	1.772702E+02	5.637956E+01	5.568179E+03
1.82	-1.199295E+06	1.828094E+02	5.580059E+01	5.568179E+03
1.825	-1.199296E+06	2.019822E+02	5.525156E+01	5.568179E+03
1.83	-1.199295E+06	1.925327E+02	5.423999E+01	5.568179E+03
1.835	-1.199296E+06	1.916805E+02	5.196147E+01	5.568179E+03
1.84	-1.199295E+06	1.804341E+02	4.989541E+01	5.568179E+03
1.845	-1.199295E+06	1.800354E+02	4.895399E+01	5.568179E+03
1.85	-1.199296E+06	1.869404E+02	4.919960E+01	5.568179E+03
1.855	-1.199295E+06	1.767840E+02	5.039740E+01	5.568179E+03
1.86	-1.199295E+06	1.766484E+02	5.163631E+01	5.568179E+03
1.865	-1.199295E+06	1.837011E+02	5.263289E+01	5.568179E+03
1.87	-1.199295E+06	1.823350E+02	5.392764E+01	5.568179E+03
1.875	-1.199295E+06	1.790468E+02	5.578046E+01	5.568179E+03
1.88	-1.199295E+06	1.855934E+02	5.731913E+01	5.568179E+03
1.885	-1.199296E+06	1.894275E+02	5.792371E+01	5.568179E+03
1.89	-1.199295E+06	1.779304E+02	5.728143E+01	5.568179E+03
1.895	-1.199295E+06	1.684434E+02	5.557625E+01	5.568179E+03
1.9	-1.199296E+06	1.685873E+02	5.404751E+01	5.568179E+03
1.905	-1.199295E+06	1.671957E+02	5.284752E+01	5.568179E+03
1.91	-1.199296E+06	1.734378E+02	5.166761E+01	5.568179E+03
1.915	-1.199296E+06	1.730875E+02	5.103491E+01	5.568179E+03
1.92	-1.199296E+06	1.801363E+02	5.047502E+01	5.568179E+03
1.925	-1.199296E+06	1.761614E+02	5.061115E+01	5.568179E+03
1.93	-1.199295E+06	1.626320E+02	5.217060E+01	5.568179E+03
1.935	-1.199296E+06	1.829373E+02	5.376879E+01	5.568179E+03
1.94	-1.199296E+06	1.745094E+02	5.507314E+01	5.568179E+03
1.945	-1.199295E+06	1.603176E+02	5.593882E+01	5.568179E+03
1.95	-1.199296E+06	1.653342E+02	5.633995E+01	5.568179E+03
1.955	-1.199296E+06	1.644615E+02	5.689774E+01	5.568179E+03
1.96	-1.199296E+06	1.675491E+02	5.717250E+01	5.568179E+03
1.965	-1.199296E+06	1.673782E+02	5.664410E+01	5.568179E+03
1.97	-1.199296E+06	1.743264E+02	5.542003E+01	5.568179E+03
1.975	-1.199296E+06	1.658019E+02	5.397299E+01	5.568179E+03
1.98	-1.199296E+06	1.709963E+02	5.252973E+01	5.568179E+03
1.985	-1.199296E+06	1.745971E+02	5.176039E+01	5.568179E+03
1.99	-1.199296E+06	1.574000E+02	5.159092E+01	5.568179E+03
1.995	-1.199296E+06	1.584227E+02	5.116837E+01	5.568179E+03
2.0	-1.199296E+06	1.561764E+02	5.090298E+01	5.568179E+03
2.005	-1.199296E+06	1.577520E+02	5.105572E+01	5.568179E+03
2.01	-1.199296E+06	1.669597E+02	5.164466E+01	5.568179E+03
2.015	-1.199296E+06	1.675565E+02	5.280913E+01	5.568179E+03
2.02	-1.199296E+06	1.625609E+02	5.370893E+01	5.568179E+03
2.025	-1.199296E+06	1.656050E+02	5.362584E+01	5.568179E+03
2.03	-1.199296E+06	1.530102E+02	5.318394E+01	5.568179E+03
2.035	-1.199296E+06	1.432117E+02	5.284129E+01	5.568179E+03
2.04	-1.199297E+06	1.621226E+02	5.293921E+01	5.568179E+03
2.045	-1.199296E+06	1.566124E+02	5.345782E+01	5.568179E+03
2.05	-1.199296E+06	1.633205E+02	5.306556E+01	5.568179E+03
2.055	-1.199296E+06	1.573207E+02	5.201072E+01	5.568179E+03
2.06	-1.199296E+06	1.462787E+02	5.086253E+01	5.568179E+03
2.065	-1.199296E+06	1.558189E+02	5.015326E+01	5.568179E+03
2.07	-1.199296E+06	1.562403E+02	5.034101E+01	5.568179E+03
2.075	-1.199296E+06	1.561114E+02	5.065255E+01	5.568179E+03
2.08	-1.199296E+06	1.533737E+02	5.063332E+01	5.568179E+03
2.085	-1.199296E+06	1.529470E+02	5.045951E+01	5.568179E+03
2.09	-1.199296E+06	1.454618E+02	5.082748E+01	5.568179E+03
2.095	-1.199296E+06	1.461263E+02	5.196801E+01	5.568179E+03
2.1	-1.199297E+06	1.553407E+02	5.325035E+01	5.568179E+03
2.105	-1.199296E+06	1.400870E+02	5.415991E+01	5.568179E+03
2.11	-1.199296E+06	1.420828E+02	5.418007E+01	5.568179E+03
2.115	-1.199296E+06	1.541913E+02	5.367520E+01	5.568179E+03
2.12	-1.199296E+06	1.569587E+02	5.303532E+01	5.568179E+03
2.125	-1.199296E+06	1.535863E+02	5.215627E+01	5.568179E+03
2.13	-1.199296E+06	1.441946E+02	5.119270E+01	5.568179E+03
2.135	-1.199297E+06	1.504570E+02	5.008901E+01	5.568179E+03
2.14	-1.199296E+06	1.440754E+02	4.914405E+01	5.568179E+03
2.145	-1.199296E+06	1.385666E+02	4.886692E+01	5.568179E+03
2.15	-1.199297E+06	1.514904E+02	4.956144E+01	5.568179E+03
2.155	-1.199296E+06	1.446655E+02	5.086313E+01	5.568179E+03
2.16	-1.199296E+06	1.381705E+02	5.195731E+01	5.568179E+03
2.165	-1.199296E+06	1.432774E+02	5.284689E+01	5.568179E+03
2.17	-1.199296E+06	1.451373E+02	5.360568E+01	5.568179E+03
2.175	-1.199296E+06	1.482241E+02	5.436225E+01	5.568179E+03
2.18	-1.199296E+06	1.475391E+02	5.526500E+01	5.568179E+03
2.185	-1.199296E+06	1.439594E+02	5.546574E+01	5.568179E+03
2.19	-1.199296E+06	1.399918E+02	5.461466E+01	5.568179E+03
2.195	-1.199296E+06	1.378341E+02	5.325615E+01	5.568179E+03
2.2	-1.199296E+06	1.385225E+02	5.186811E+01	5.568179E+03
2.205	-1.199296E+06	1.370246E+02	5.085917E+01	5.568179E+03
2.21	-1.199296E+06	1.341046E+02	5.024694E+01	5.568179E+03
2.215	-1.199296E+06	1.383782E+02	4.961217E+01	5.568179E+03
2.22	-1.199297E+06	1.380157E+02	4.894825E+01	5.568179E+03
2.225	-1.199296E+06	1.310761E+02	4.881866E+01	5.568179E+03
2.23	-1.199297E+06	1.440493E+02	4.931736E+01	5.568179E+03
2.235	-1.199297E+06	1.416100E+02	5.046802E+01	5.568179E+03
2.24	-1.199296E+06	1.373462E+02	5.188567E+01	5.568179E+03
2.245	-1.199297E+06	1.412389E+02	5.290090E+01	5.568179E+03
2.25	-1.199297E+06	1.368471E+02	5.350535E+01	5.568179E+03
2.255	-1.199296E+06	1.295310E+02	5.406708E+01	5.568179E+03
2.26	-1.199296E+06	1.312280E+02	5.451205E+01	5.568179E+03
2.265	-1.199297E+06	1.367463E+02	5.472068E+01	5.568179E+03
2.27	-1.199296E+06	1.259878E+02	5.427600E+01	5.568179E+03
2.275	-1.199297E+06	1.283547E+02	5.303040E+01	5.568179E+03
2.28	-1.199297E+06	1.321364E+02	5.193071E+01	5.568179E+03
2.285	-1.199296E+06	1.349155E+02	5.097567E+01	5.568179E+03
2.29	-1.199297E+06	1.425454E+02	5.013467E+01	5.568179E+03
2.295	-1.199296E+06	1.316861E+02	4.969811E+01	5.568179E+03
2.3	-1.199297E+06	1.420737E+02	4.886259E+01	5.568179E+03
2.305	-1.199297E+06	1.345507E+02	4.806969E+01	5.568179E+03
2.31	-1.199296E+06	1.179300E+02	4.779258E+01	5.568179E+03
2.315	-1.199297E+06	1.284894E+02	4.810856E+01	5.568179E+03
2.32	-1.199296E+06	1.256640E+02	4.927416E+01	5.568179E+03
2.325	-1.199297E+06	1.310755E+02	5.026944E+01	5.568179E+03
2.33	-1.199297E+06	1.307544E+02	5.090047E+01	5.568179E+03
2.335	-1.199297E+06	1.292367E+02	5.152158E+01	5.568179E+03
2.34	-1.199297E+06	1.295773E+02	5.217294E+01	5.568179E+03
2.345	-1.199297E+06	1.252839E+02	5.270099E+01	5.568179E+03
2.35	-1.199297E+06	1.274279E+02	5.270449E+01	5.568179E+03
2.355	-1.199297E+06	1.255308E+02	5.214954E+01	5.568179E+03
2.36	-1.199297E+06	1.301874E+02	5.110339E+01	5.568179E+03
2.365	-1.199297E+06	1.262325E+02	5.026143E+01	5.568179E+03
2.37	-1.199297E+06	1.232872E+02	4.993894E+01	5.568179E+03
2.375	-1.199297E+06	1.316147E+02	4.976391E+01	5.568179E+03
2.38	-1.199297E+06	1.276988E+02	4.964236E+01	5.568179E+03
2.385	-1.199297E+06	1.263746E+02	4.923621E+01	5.568179E+03
2.39	-1.199297E+06	1.247550E+02	4.904638E+01	5.568179E+03
2.395	-1.199297E+06	1.254448E+02	4.954029E+01	5.568179E+03
2.4	-1.199297E+06	1.265207E+02	5.011615E+01	5.568179E+03
2.405	-1.199297E+06	1.231444E+02	5.053944E+01	5.568179E+03
2.41	-1.199297E+06	1.209951E+02	5.080737E+01	5.568179E+03
2.415	-1.199297E+06	1.213760E+02	5.084526E+01	5.568179E+03
2.42	-1.199297E+06	1.207616E+02	5.100518E+01	5.568179E+03
2.425	-1.199297E+06	1.226170E+02	5.112854E+01	5.568179E+03
2.43	-1.199297E+06	1.238106E+02	5.105232E+01	5.568179E+03
2.435	-1.199297E+06	1.237404E+02	5.095812E+01	5.568179E+03
2.44	-1.199297E+06	1.244813E+02	5.067623E+01	5.568179E+03
2.445	-1.199297E+06	1.202435E+02	5.047022E+01	5.568179E+03
2.45	-1.199297E+06	1.231420E+02	5.071518E+01	5.568179E+03
2.455	-1.199297E+06	1.234077E+02	5.126667E+01	5.568179E+03
2.46	-1.199297E+06	1.138228E+02	5.184706E+01	5.568179E+03
2.465	-1.199297E+06	1.125636E+02	5.224128E+01	5.568179E+03
2.47	-1.199297E+06	1.115532E+02	5.242436E+01	5.568179E+03
2.475	-1.199297E+06	1.172069E+02	5.244516E+01	5.568179E+03
2.48	-1.199297E+06	1.187402E+02	5.259080E+01	5.568179E+03
2.485	-1.199297E+06	1.140803E+02	5.252978E+01	5.568179E+03
2.49	-1.199297E+06	1.174100E+02	5.191806E+01	5.568179E+03
2.495	-1.199297E+06	1.231462E+02	5.118908E+01	5.568179E+03
2.5	-1.199297E+06	1.217431E+02	5.061029E+01	5.568179E+03
2.505	-1.199297E+06	1.223779E+02	5.030730E+01	5.568179E+03
2.51	-1.199297E+06	1.161039E+02	5.057698E+01	5.568179E+03
2.515	-1.199297E+06	1.053230E+02	5.086454E+01	5.568179E+03
2.52	-1.199297E+06	1.077616E+02	5.093973E+01	5.568179E+03
2.525	-1.199297E+06	1.135292E+02	5.133761E+01	5.568179E+03
2.53	-1.199297E+06	1.207413E+02	5.184324E+01	5.568179E+03
2.535	-1.199297E+06	1.195388E+02	5.237832E+01	5.568179E+03
2.54	-1.199297E+06	1.137927E+02	5.297241E+01	5.568179E+03
2.545	-1.199297E+06	1.155200E+02	5.316673E+01	5.568179E+03
2.55	-1.199297E+06	1.102741E+02	5.312300E+01	5.568179E+03
2.555	-1.199297E+06	1.163564E+02	5.315365E+01	5.568179E+03
2.56	-1.199297E+06	1.162524E+02	5.326173E+01	5.568179E+03
2.565	-1.199297E+06	1.127990E+02	5.317913E+01	5.568179E+03
2.57	-1.199297E+06	1.129621E+02	5.288082E+01	5.568179E+03
2.575	-1.199297E+06	1.112314E+02	5.228106E+01	5.568179E+03
2.58	-1.199297E+06	1.151214E+02	5.164395E+01	5.568179E+03
2.585	-1.199297E+06	1.104737E+02	5.165214E+01	5.568179E+03
2.59	-1.199297E+06	1.184240E+02	5.188687E+01	5.568179E+03
2.595	-1.199297E+06	1.185649E+02	5.204896E+01	5.568179E+03
2.6	-1.199297E+06	1.091689E+02	5.206774E+01	5.568179E+03
2.605	-1.199297E+06	1.147385E+02	5.191376E+01	5.568179E+03
2.61	-1.199297E+06	1.142109E+02	5.196533E+01	5.568179E+03
2.615	-1.199297E+06	1.152563E+02	5.209946E+01	5.568179E+03
2.62	-1.199297E+06	1.107728E+02	5.218103E+01	5.568179E+03
2.625	-1.199297E+06	1.042805E+02	5.223846E+01	5.568179E+03
2.63	-1.199297E+06	1.106943E+02	5.228477E+01	5.568179E+03
2.635	-1.199297E+06	1.081180E+02	5.243250E+01	5.568179E+03
2.64	-1.199297E+06	1.124680E+02	5.269670E+01	5.568179E+03
2.645	-1.199297E+06	1.128289E+02	5.338060E+01	5.568179E+03
2.65	-1.199297E+06	1.138308E+02	5.394189E+01	5.568179E+03
2.655	-1.199297E+06	1.166084E+02	5.383387E+01	5.568179E+03
2.66	-1.199297E+06	1.058101E+02	5.310318E+01	5.568179E+03
2.665	-1.199297E+06	1.028349E+02	5.202079E+01	5.568179E+03
2.67	-1.199297E+06	1.049150E+02	5.150132E+01	5.568179E+03
2.675	-1.199297E+06	1.072011E+02	5.157705E+01	5.568179E+03
2.68	-1.199297E+06	1.105899E+02	5.158027E+01	5.568179E+03
2.685	-1.199297E+06	1.104483E+02	5.147459E+01	5.568179E+03
2.69	-1.199297E+06	1.075532E+02	5.136161E+01	5.568179E+03
2.695	-1.199297E+06	1.062687E+02	5.155428E+01	5.568179E+03
2.7	-1.199297E+06	1.123333E+02	5.237443E+01	5.568179E+03
2.705	-1.199297E+06	1.116334E+02	5.333965E+01	5.568179E+03
2.71	-1.199297E+06	1.121967E+02	5.374039E+01	5.568179E+03
2.715	-1.199297E+06	1.035933E+02	5.387185E+01	5.568179E+03
2.72	-1.199297E+06	1.057671E+02	5.405547E+01	5.568179E+03
2.725	-1.199297E+06	1.127042E+02	5.446004E+01	5.568179E+03
2.73	-1.199297E+06	1.023065E+02	5.490002E+01	5.568179E+03
2.735	-1.199297E+06	1.045094E+02	5.465740E+01	5.568179E+03
2.74	-1.199297E+06	1.027240E+02	5.375887E+01	5.568179E+03
2.745	-1.199297E+06	1.001601E+02	5.284256E+01	5.568179E+03
2.75	-1.199297E+06	1.040090E+02	5.247248E+01	5.568179E+03
2.755	-1.199297E+06	1.117706E+02	5.254044E+01	5.568179E+03
2.76	-1.199297E+06	1.102704E+02	5.272499E+01	5.568179E+03
2.765	-1.199297E+06	1.034847E+02	5.270499E+01	5.568179E+03
2.77	-1.199297E+06	1.091667E+02	5.260409E+01	5.568179E+03
2.775	-1.199297E+06	9.741567E+01	5.290855E+01	5.568179E+03
2.78	-1.199297E+06	9.883647E+01	5.318394E+01	5.568179E+03
2.785	-1.199297E+06	1.052804E+02	5.350495E+01	5.568179E+03
2.79	-1.199297E+06	1.040412E+02	5.389524E+01	5.568179E+03
2.795	-1.199297E+06	1.094038E+02	5.396652E+01	5.568179E+03
2.8	-1.199297E+06	9.453943E+01	5.414360E+01	5.568179E+03
2.805	-1.199297E+06	1.056907E+02	5.437339E+01	5.568179E+03
2.81	-1.199297E+06	1.105395E+02	5.478258E+01	5.568179E+03
2.815	-1.199297E+06	1.046315E+02	5.512938E+01	5.568179E+03
2.82	-1.199297E+06	1.082587E+02	5.517638E+01	5.568179E+03
2.825	-1.199297E+06	1.041915E+02	5.496973E+01	5.568179E+03
2.83	-1.199297E+06	1.079454E+02	5.437510E+01	5.568179E+03
2.835	-1.199297E+06	1.021095E+02	5.381287E+01	5.568179E+03
2.84	-1.199297E+06	1.043412E+02	5.323095E+01	5.568179E+03
2.845	-1.199297E+06	9.982101E+01	5.268380E+01	5.568179E+03
2.85	-1.199297E+06	9.413083E+01	5.215285E+01	5.568179E+03
2.855	-1.199297E+06	1.030305E+02	5.170335E+01	5.568179E+03
2.86	-1.199297E+06	9.780484E+01	5.204225E+01	5.568179E+03
2.865	-1.199297E+06	9.997794E+01	5.288524E+01	5.568179E+03
2.87	-1.199297E+06	9.782678E+01	5.371620E+01	5.568179E+03
2.875	-1.199297E+06	1.015139E+02	5.412997E+01	5.568179E+03
2.88	-1.199297E+06	1.052447E+02	5.416862E+01	5.568179E+03
2.885	-1.199297E+06	1.026514E+02	5.432487E+01	5.568179E+03
2.89	-1.199297E+06	1.097497E+02	5.473958E+01	5.568179E+03
2.895	-1.199297E+06	1.046097E+02	5.527677E+01	5.568179E+03
2.9	-1.199297E+06	9.922094E+01	5.537277E+01	5.568179E+03
2.905	-1.199297E+06	9.797763E+01	5.497506E+01	5.568179E+03
2.91	-1.199297E+06	9.267663E+01	5.479019E+01	5.568179E+03
2.915	-1.199297E+06	1.011712E+02	5.493016E+01	5.568179E+03
2.92	-1.199297E+06	1.073161E+02	5.524934E+01	5.568179E+03
2.925	-1.199297E+06	1.014870E+02	5.540536E+01	5.568179E+03
2.93	-1.199297E+06	1.005907E+02	5.498632E+01	5.568179E+03
2.935	-1.199297E+06	1.023180E+02	5.437741E+01	5.568179E+03
2.94	-1.199297E+06	1.030625E+02	5.396472E+01	5.568179E+03
2.945	-1.199297E+06	1.072444E+02	5.372446E+01	5.568179E+03
2.95	-1.199297E+06	1.001829E+02	5.368831E+01	5.568179E+03
2.955	-1.199297E+06	9.290018E+01	5.351996E+01	5.568179E+03
2.96	-1.199297E+06	9.970828E+01	5.312070E+01	5.568179E+03
2.965	-1.199297E+06	9.787915E+01	5.283207E+01	5.568179E+03
2.97	-1.199297E+06	9.435751E+01	5.268461E+01	5.568179E+03
2.975	-1.199297E+06	1.009663E+02	5.286822E+01	5.568179E+03
2.98	-1.199297E+06	9.842357E+01	5.357790E+01	5.568179E+03
2.985	-1.199297E+06	9.895655E+01	5.436015E+01	5.568179E+03
2.99	-1.199297E+06	1.043359E+02	5.492376E+01	5.568179E+03
2.995	-1.199297E+06	9.784289E+01	5.534972E+01	5.568179E+03
3.0	-1.199297E+06	9.317194E+01	5.574103E+01	5.568179E+03
3.005	-1.199297E+06	1.010004E+02	5.607656E+01	5.568179E+03
3.01	-1.199297E+06	9.778231E+01	5.623015E+01	5.568179E+03
3.015	-1.199297E+06	9.400579E+01	5.580999E+01	5.568179E+03
3.02	-1.199297E+06	9.965209E+01	5.499989E+01	5.568179E+03
3.025	-1.199297E+06	9.851241E+01	5.449890E+01	5.568179E+03
3.03	-1.199297E+06	1.006750E+02	5.417551E+01	5.568179E+03
3.035	-1.199297E+06	9.644295E+01	5.394089E+01	5.568179E+03
3.04	-1.199297E+06	8.707537E+01	5.384759E+01	5.568179E+03
3.045	-1.199297E+06	9.785641E+01	5.360031E+01	5.568179E+03
3.05	-1.199297E+06	1.022678E+02	5.375022E+01	5.568179E+03
3.055	-1.199297E+06	9.501240E+01	5.453834E+01	5.568179E+03
3.06	-1.199297E+06	1.003288E+02	5.529349E+01	5.568179E+03
3.065	-1.199297E+06	1.008663E+02	5.585951E+01	5.568179E+03
3.07	-1.199297E+06	9.313885E+01	5.611138E+01	5.568179E+03
3.075	-1.199297E+06	9.651138E+01	5.618047E+01	5.568179E+03
3.08	-1.199297E+06	1.011885E+02	5.651197E+01	5.568179E+03
3.085	-1.199297E+06	9.566687E+01	5.679347E+01	5.568179E+03
3.09	-1.199297E+06	9.808640E+01	5.656670E+01	5.568179E+03
3.095	-1.199298E+06	1.019952E+02	5.595459E+01	5.568179E+03
3.1	-1.199297E+06	9.759536E+01	5.529126E+01	5.568179E+03
3.105	-1.199297E+06	9.892619E+01	5.499642E+01	5.568179E+03
3.11	-1.199297E+06	9.924103E+01	5.529929E+01	5.568179E+03
3.115	-1.199297E+06	1.013041E+02	5.573619E+01	5.568179E+03
3.12	-1.199298E+06	1.061488E+02	5.590812E+01	5.568179E+03
3.125	-1.199297E+06	9.593284E+01	5.598977E+01	5.568179E+03
3.13	-1.199297E+06	9.440932E+01	5.595073E+01	5.568179E+03
3.135	-1.199298E+06	1.019773E+02	5.587356E+01	5.568179E+03
3.14	-1.199297E+06	9.390362E+01	5.578788E+01	5.568179E+03
3.145	-1.199297E+06	9.209515E+01	5.532853E+01	5.568179E+03
3.15	-1.199297E+06	9.609469E+01	5.471665E+01	5.568179E+03
3.155	-1.199297E+06	9.428223E+01	5.417809E+01	5.568179E+03
3.16	-1.199297E+06	9.553669E+01	5.371084E+01	5.568179E+03
3.165	-1.199298E+06	9.663289E+01	5.373701E+01	5.568179E+03
3.17	-1.199297E+06	9.433345E+01	5.407932E+01	5.568179E+03
3.175	-1.199297E+06	9.527997E+01	5.429426E+01	5.568179E+03
3.18	-1.199297E+06	9.392054E+01	5.469045E+01	5.568179E+03
3.185	-1.199297E+06	9.028005E+01	5.523798E+01	5.568179E+03
3.19	-1.199297E+06	9.842429E+01	5.579572E+01	5.568179E+03
3.195	-1.199297E+06	9.979853E+01	5.652132E+01	5.568179E+03
3.2	-1.199297E+06	9.814203E+01	5.685095E+01	5.568179E+03
3.205	-1.199298E+06	1.011321E+02	5.660041E+01	5.568179E+03
3.21	-1.199297E+06	9.536886E+01	5.615437E+01	5.568179E+03
3.215	-1.199298E+06	9.658189E+01	5.564085E+01	5.568179E+03
3.22	-1.199298E+06	9.908410E+01	5.532384E+01	5.568179E+03
3.225	-1.199297E+06	9.600719E+01	5.511422E+01	5.568179E+03
3.23	-1.199297E+06	9.761426E+01	5.462932E+01	5.568179E+03
3.235	-1.199297E+06	9.808592E+01	5.398091E+01	5.568179E+03
3.24	-1.199297E+06	9.418604E+01	5.374398E+01	5.568179E+03
3.245	-1.199297E+06	9.673274E+01	5.408578E+01	5.568179E+03
3.25	-1.199298E+06	1.018886E+02	5.462821E+01	5.568179E+03
3.255	-1.199297E+06	9.472870E+01	5.504190E+01	5.568179E+03
3.26	-1.199297E+06	9.710116E+01	5.502854E+01	5.568179E+03
3.265	-1.199297E+06	1.009948E+02	5.494204E+01	5.568179E+03
3.27	-1.199297E+06	9.520986E+01	5.518826E+01	5.568179E+03
3.275	-1.199297E+06	9.709663E+01	5.551096E+01	5.568179E+03
3.28	-1.199297E+06	9.480550E+01	5.575219E+01	5.568179E+03
3.285	-1.199297E+06	9.658964E+01	5.572074E+01	5.568179E+03
3.29	-1.199297E+06	9.715129E+01	5.551778E+01	5.568179E+03
3.295	-1.199297E+06	9.838174E+01	5.539502E+01	5.568179E+03
3.3	-1.199298E+06	1.028226E+02	5.528441E+01	5.568179E+03
3.305	-1.199297E+06	9.789041E+01	5.495061E+01	5.568179E+03
3.31	-1.199297E+06	9.612715E+01	5.425336E+01	5.568179E+03
3.315	-1.199297E+06	9.599228E+01	5.340949E+01	5.568179E+03
3.32	-1.199297E+06	9.618491E+01	5.269744E+01	5.568179E+03
3.325	-1.199297E+06	9.429154E+01	5.239967E+01	5.568179E+03
3.33	-1.199297E+06	9.254907E+01	5.260817E+01	5.568179E+03
3.335	-1.199297E+06	9.641906E+01	5.298203E+01	5.568179E+03
3.34	-1.199297E+06	9.408148E+01	5.330229E+01	5.568179E+03
3.345	-1.199297E+06	9.354410E+01	5.359087E+01	5.568179E+03
3.35	-1.199297E+06	9.813229E+01	5.399422E+01	5.568179E+03
3.355	-1.199298E+06	9.951170E+01	5.469078E+01	5.568179E+03
3.36	-1.199297E+06	9.524579E+01	5.547863E+01	5.568179E+03
3.365	-1.199297E+06	9.230882E+01	5.599283E+01	5.568179E+03
3.37	-1.199298E+06	9.685192E+01	5.607542E+01	5.568179E+03
3.375	-1.199297E+06	9.686750E+01	5.575853E+01	5.568179E+03
3.38	-1.199297E+06	1.000338E+02	5.534997E+01	5.568179E+03
3.385	-1.199298E+06	1.027294E+02	5.504346E+01	5.568179E+03
3.39	-1.199297E+06	9.719756E+01	5.452904E+01	5.568179E+03
3.395	-1.199297E+06	9.487353E+01	5.386926E+01	5.568179E+03
3.4	-1.199298E+06	9.452227E+01	5.338283E+01	5.568179E+03
3.405	-1.199297E+06	9.548775E+01	5.326435E+01	5.568179E+03
3.41	-1.199298E+06	1.006756E+02	5.377287E+01	5.568179E+03
3.415	-1.199298E+06	1.011408E+02	5.470070E+01	5.568179E+03
3.42	-1.199297E+06	1.007591E+02	5.549945E+01	5.568179E+03
3.425	-1.199298E+06	1.044801E+02	5.594774E+01	5.568179E+03
3.43	-1.199298E+06	1.015880E+02	5.610028E+01	5.568179E+03
3.435	-1.199297E+06	9.968908E+01	5.616170E+01	5.568179E+03
3.44	-1.199298E+06	1.023009E+02	5.623257E+01	5.568179E+03
3.445	-1.199298E+06	9.848925E+01	5.608920E+01	5.568179E+03
3.45	-1.199298E+06	9.553812E+01	5.562934E+01	5.568179E+03
3.455	-1.199298E+06	9.355796E+01	5.506813E+01	5.568179E+03
3.46	-1.199297E+06	9.338489E+01	5.478909E+01	5.568179E+03
3.465	-1.199298E+06	9.862764E+01	5.496487E+01	5.568179E+03
3.47	-1.199298E+06	9.777582E+01	5.521946E+01	5.568179E+03
3.475	-1.199298E+06	1.017284E+02	5.510700E+01	5.568179E+03
3.48	-1.199298E+06	1.016617E+02	5.467079E+01	5.568179E+03
3.485	-1.199297E+06	9.760585E+01	5.412383E+01	5.568179E+03
3.49	-1.199298E+06	9.729341E+01	5.404462E+01	5.568179E+03
3.495	-1.199297E+06	9.849296E+01	5.434947E+01	5.568179E+03
3.5	-1.199298E+06	1.008624E+02	5.446243E+01	5.568179E+03
3.505	-1.199297E+06	9.367873E+01	5.443710E+01	5.568179E+03
3.51	-1.199297E+06	9.604860E+01	5.435178E+01	5.568179E+03
3.515	-1.199298E+06	1.009193E+02	5.464506E+01	5.568179E+03
3.52	-1.199297E+06	9.687710E+01	5.539923E+01	5.568179E+03
3.525	-1.199297E+06	9.632760E+01	5.602280E+01	5.568179E+03
3.53	-1.199297E+06	9.836901E+01	5.625046E+01	5.568179E+03
3.535	-1.199298E+06	1.058453E+02	5.602720E+01	5.568179E+03
3.54	-1.199297E+06	1.025510E+02	5.565790E+01	5.568179E+03
3.545	-1.199297E+06	1.006628E+02	5.541722E+01	5.568179E+03
3.55	-1.199298E+06	1.049093E+02	5.533934E+01	5.568179E+03
3.555	-1.199298E+06	1.020084E+02	5.508659E+01	5.568179E+03
3.56	-1.199298E+06	9.590845E+01	5.445788E+01	5.568179E+03
3.565	-1.199297E+06	8.764686E+01	5.400679E+01	5.568179E+03
3.57	-1.199298E+06	1.003880E+02	5.389340E+01	5.568179E+03
3.575	-1.199298E+06	1.051898E+02	5.426020E+01	5.568179E+03
3.58	-1.199297E+06	9.722331E+01	5.487298E+01	5.568179E+03
3.585	-1.199298E+06	1.052873E+02	5.507041E+01	5.568179E+03
3.59	-1.199297E+06	1.021583E+02	5.507040E+01	5.568179E+03
3.595	-1.199297E+06	9.501524E+01	5.505517E+01	5.568179E+03
3.6	-1.199298E+06	1.043237E+02	5.489078E+01	5.568179E+03
3.605	-1.199297E+06	1.061015E+02	5.466548E+01	5.568179E+03
3.61	-1.199297E+06	1.002364E+02	5.406108E+01	5.568179E+03
3.615	-1.199297E+06	1.008052E+02	5.300273E+01	5.568179E+03
3.62	-1.199297E+06	9.537798E+01	5.212513E+01	5.568179E+03
3.625	-1.199297E+06	9.450005E+01	5.165860E+01	5.568179E+03
3.63	-1.199298E+06	1.004464E+02	5.172810E+01	5.568179E+03
3.635	-1.199297E+06	9.806450E+01	5.243040E+01	5.568179E+03
3.64	-1.199297E+06	1.049639E+02	5.304306E+01	5.568179E+03
3.645	-1.199298E+06	1.116063E+02	5.334865E+01	5.568179E+03
3.65	-1.199297E+06	1.026037E+02	5.378009E+01	5.568179E+03
3.655	-1.199297E+06	1.030743E+02	5.413696E+01	5.568179E+03
3.66	-1.199297E+06	1.041726E+02	5.432118E+01	5.568179E+03
3.665	-1.199297E+06	9.497226E+01	5.432558E+01	5.568179E+03
3.67	-1.199297E+06	1.010202E+02	5.377078E+01	5.568179E+03
3.675	-1.199297E+06	1.065802E+02	5.299264E+01	5.568179E+03
3.68	-1.199297E+06	1.073111E+02	5.240029E+01	5.568179E+03
3.685	-1.199297E+06	1.117446E+02	5.202222E+01	5.568179E+03
3.69	-1.199297E+06	1.060458E+02	5.188297E+01	5.568179E+03
3.695	-1.199297E+06	9.976245E+01	5.170219E+01	5.568179E+03
3.7	-1.199297E+06	1.055900E+02	5.130962E+01	5.568179E+03
3.705	-1.199297E+06	1.074620E+02	5.125134E+01	5.568179E+03
3.71	-1.199297E+06	1.062997E+02	5.169978E+01	5.568179E+03
3.715	-1.199297E+06	1.044132E+02	5.222721E+01	5.568179E+03
3.72	-1.199297E+06	9.624657E+01	5.269937E+01	5.568179E+03
3.725	-1.199297E+06	9.649552E+01	5.295623E+01	5.568179E+03
3.73	-1.199297E+06	1.031109E+02	5.315966E+01	5.568179E+03
3.735	-1.199297E+06	1.036158E+02	5.374108E+01	5.568179E+03
3.74	-1.199297E+06	1.058119E+02	5.418180E+01	5.568179E+03
3.745	-1.199297E+06	1.085576E+02	5.400466E+01	5.568179E+03
3.75	-1.199297E+06	1.099644E+02	5.342487E+01	5.568179E+03
3.755	-1.199297E+06	1.079591E+02	5.255110E+01	5.568179E+03
3.76	-1.199297E+06	1.030501E+02	5.169046E+01	5.568179E+03
3.765	-1.199297E+06	1.025724E+02	5.119991E+01	5.568179E+03
3.77	-1.199297E+06	9.954851E+01	5.094415E+01	5.568179E+03
3.775	-1.199297E+06	9.926560E+01	5.071700E+01	5.568179E+03
3.78	-1.199297E+06	1.015590E+02	5.056891E+01	5.568179E+03
3.785	-1.199297E+06	1.064505E+02	5.049764E+01	5.568179E+03
3.79	-1.199297E+06	1.115092E+02	5.080886E+01	5.568179E+03
3.795	-1.199297E+06	1.077205E+02	5.164280E+01	5.568179E+03
3.8	-1.199297E+06	1.081503E+02	5.248186E+01	5.568179E+03
3.805	-1.199297E+06	1.129432E+02	5.301685E+01	5.568179E+03
3.81	-1.199297E+06	1.110838E+02	5.330008E+01	5.568179E+03
3.815	-1.199297E+06	1.095077E+02	5.340354E+01	5.568179E+03
3.82	-1.199297E+06	1.101747E+02	5.361504E+01	5.568179E+03
3.825	-1.199297E+06	1.090343E+02	5.403087E+01	5.568179E+03
3.83	-1.199297E+06	1.102530E+02	5.417388E+01	5.568179E+03
3.835	-1.199297E+06	1.137731E+02	5.377942E+01	5.568179E+03
3.84	-1.199297E+06	1.089291E+02	5.311656E+01	5.568179E+03
3.845	-1.199297E+06	1.087223E+02	5.245230E+01	5.568179E+03
3.85	-1.199297E+06	1.096086E+02	5.224130E+01	5.568179E+03
3.855	-1.199297E+06	1.047614E+02	5.237683E+01	5.568179E+03
3.86	-1.199297E+06	1.153926E+02	5.205955E+01	5.568179E+03
3.865	-1.199297E+06	1.130357E+02	5.163479E+01	5.568179E+03
3.87	-1.199297E+06	1.075023E+02	5.149729E+01	5.568179E+03
3.875	-1.199297E+06	1.158487E+02	5.158107E+01	5.568179E+03
3.88	-1.199297E+06	1.097882E+02	5.192915E+01	5.568179E+03
3.885	-1.199297E+06	1.066022E+02	5.198921E+01	5.568179E+03
3.89	-1.199297E+06	1.142432E+02	5.171110E+01	5.568179E+03
3.895	-1.199297E+06	1.102438E+02	5.188078E+01	5.568179E+03
3.9	-1.199297E+06	1.110957E+02	5.236383E+01	5.568179E+03
3.905	-1.199297E+06	1.116118E+02	5.291940E+01	5.568179E+03
3.91	-1.199297E+06	1.073721E+02	5.340156E+01	5.568179E+03
3.915	-1.199297E+06	1.104848E+02	5.317464E+01	5.568179E+03
3.92	-1.199297E+06	1.138219E+02	5.243174E+01	5.568179E+03
3.925	-1.199297E+06	1.139693E+02	5.179947E+01	5.568179E+03
3.93	-1.199297E+06	1.196732E+02	5.121184E+01	5.568179E+03
3.935	-1.199297E+06	1.193703E+02	5.068856E+01	5.568179E+03
3.94	-1.199297E+06	1.099837E+02	5.005400E+01	5.568179E+03
3.945	-1.199297E+06	1.161217E+02	4.912966E+01	5.568179E+03
3.95	-1.199297E+06	1.088722E+02	4.878252E+01	5.568179E+03
3.955	-1.199297E+06	1.015238E+02	4.905792E+01	5.568179E+03
3.96	-1.199297E+06	1.145005E+02	4.955770E+01	5.568179E+03
3.965	-1.199297E+06	1.192191E+02	5.023761E+01	5.568179E+03
3.97	-1.199297E+06	1.217819E+02	5.052613E+01	5.568179E+03
3.975	-1.199297E+06	1.233968E+02	5.050897E+01	5.568179E+03
3.98	-1.199297E+06	1.191982E+02	5.072201E+01	5.568179E+03
3.985	-1.199297E+06	1.175477E+02	5.106941E+01	5.568179E+03
3.99	-1.199297E+06	1.133934E+02	5.149961E+01	5.568179E+03
3.995	-1.199297E+06	1.137997E+02	5.188342E+01	5.568179E+03
4.0	-1.199297E+06	1.192455E+02	5.190159E+01	5.568179E+03
4.005	-1.199297E+06	1.168903E+02	5.170197E+01	5.568179E+03
4.01	-1.199297E+06	1.152390E+02	5.169025E+01	5.568179E+03
4.015	-1.199297E+06	1.183338E+02	5.181785E+01	5.568179E+03
4.02	-1.199297E+06	1.172678E+02	5.170021E+01	5.568179E+03
4.025	-1.199297E+06	1.093724E+02	5.128900E+01	5.568179E+03
4.03	-1.199297E+06	1.130804E+02	5.069616E+01	5.568179E+03
4.035	-1.199297E+06	1.201576E+02	5.055823E+01	5.568179E+03
4.04	-1.199297E+06	1.208935E+02	5.103428E+01	5.568179E+03
4.045	-1.199297E+06	1.226696E+02	5.136183E+01	5.568179E+03
4.05	-1.199297E+06	1.207446E+02	5.131579E+01	5.568179E+03
4.055	-1.199297E+06	1.183371E+02	5.078419E+01	5.568179E+03
4.06	-1.199297E+06	1.181147E+02	5.013347E+01	5.568179E+03
4.065	-1.199297E+06	1.191099E+02	5.015982E+01	5.568179E+03
4.07	-1.199297E+06	1.251224E+02	5.044629E+01	5.568179E+03
4.075	-1.199297E+06	1.263041E+02	5.049117E+01	5.568179E+03
4.08	-1.199297E+06	1.223672E+02	5.026820E+01	5.568179E+03
4.085	-1.199297E+06	1.229083E+02	4.989543E+01	5.568179E+03
4.09	-1.199297E+06	1.202566E+02	5.003547E+01	5.568179E+03
4.095	-1.199297E+06	1.211062E+02	5.057229E+01	5.568179E+03
4.1	-1.199297E+06	1.217802E+02	5.114762E+01	5.568179E+03
4.105	-1.199296E+06	1.235374E+02	5.154940E+01	5.568179E+03
4.11	-1.199297E+06	1.258363E+02	5.156192E+01	5.568179E+03
4.115	-1.199296E+06	1.218660E+02	5.182318E+01	5.568179E+03
4.12	-1.199297E+06	1.289365E+02	5.229878E+01	5.568179E+03
4.125	-1.199297E+06	1.244539E+02	5.263944E+01	5.568179E+03
4.13	-1.199296E+06	1.179342E+02	5.276214E+01	5.568179E+03
4.135	-1.199297E+06	1.288695E+02	5.213740E+01	5.568179E+03
4.14	-1.199296E+06	1.244679E+02	5.111596E+01	5.568179E+03
4.145	-1.199296E+06	1.212511E+02	5.021619E+01	5.568179E+03
4.15	-1.199297E+06	1.247959E+02	4.948789E+01	5.568179E+03
4.155	-1.199296E+06	1.191184E+02	4.918041E+01	5.568179E+03
4.16	-1.199296E+06	1.222384E+02	4.910999E+01	5.568179E+03
4.165	-1.199296E+06	1.311413E+02	4.900962E+01	5.568179E+03
4.17	-1.199296E+06	1.352433E+02	4.905297E+01	5.568179E+03
4.175	-1.199296E+06	1.329048E+02	4.943566E+01	5.568179E+03
4.18	-1.199296E+06	1.284263E+02	5.000574E+01	5.568179E+03
4.185	-1.199296E+06	1.268473E+02	5.053310E+01	5.568179E+03
4.19	-1.199296E+06	1.295858E+02	5.065867E+01	5.568179E+03
4.195	-1.199296E+06	1.310077E+02	5.037898E+01	5.568179E+03
4.2	-1.199296E+06	1.279162E+02	5.029722E+01	5.568179E+03
4.205	-1.199296E+06	1.259166E+02	5.065350E+01	5.568179E+03
4.21	-1.199297E+06	1.288289E+02	5.109980E+01	5.568179E+03
4.215	-1.199296E+06	1.276944E+02	5.128353E+01	5.568179E+03
4.22	-1.199297E+06	1.356499E+02	5.075101E+01	5.568179E+03
4.225	-1.199296E+06	1.368969E+02	5.014065E+01	5.568179E+03
4.23	-1.199296E+06	1.326611E+02	5.019150E+01	5.568179E+03
4.235	-1.199296E+06	1.396037E+02	5.034056E+01	5.568179E+03
4.24	-1.199296E+06	1.335178E+02	5.025986E+01	5.568179E+03
4.245	-1.199296E+06	1.277228E+02	4.981542E+01	5.568179E+03
4.25	-1.199296E+06	1.261929E+02	4.929852E+01	5.568179E+03
4.255	-1.199296E+06	1.278536E+02	4.942844E+01	5.568179E+03
4.26	-1.199297E+06	1.344599E+02	5.000190E+01	5.568179E+03
4.265	-1.199296E+06	1.295762E+02	5.046757E+01	5.568179E+03
4.27	-1.199296E+06	1.372787E+02	5.087780E+01	5.568179E+03
4.275	-1.199297E+06	1.516765E+02	5.138263E+01	5.568179E+03
4.28	-1.199297E+06	1.515324E+02	5.180612E+01	5.568179E+03
4.285	-1.199296E+06	1.398712E+02	5.233598E+01	5.568179E+03
4.29	-1.199296E+06	1.351677E+02	5.304455E+01	5.568179E+03
4.295	-1.199297E+06	1.424385E+02	5.364779E+01	5.568179E+03
4.3	-1.199297E+06	1.457754E+02	5.407233E+01	5.568179E+03
4.305	-1.199296E+06	1.340370E+02	5.440991E+01	5.568179E+03
4.31	-1.199296E+06	1.267909E+02	5.454072E+01	5.568179E+03
4.315	-1.199297E+06	1.380787E+02	5.451321E+01	5.568179E+03
4.32	-1.199296E+06	1.418593E+02	5.437971E+01	5.568179E+03
4.325	-1.199296E+06	1.479090E+02	5.374898E+01	5.568179E+03
4.33	-1.199297E+06	1.536271E+02	5.292678E+01	5.568179E+03
4.335	-1.199296E+06	1.491665E+02	5.243232E+01	5.568179E+03
4.34	-1.199296E+06	1.491125E+02	5.233344E+01	5.568179E+03
4.345	-1.199296E+06	1.489155E+02	5.258037E+01	5.568179E+03
4.35	-1.199296E+06	1.492381E+02	5.265154E+01	5.568179E+03
4.355	-1.199296E+06	1.432427E+02	5.234450E+01	5.568179E+03
4.36	-1.199296E+06	1.413013E+02	5.200067E+01	5.568179E+03
4.365	-1.199296E+06	1.340772E+02	5.206615E+01	5.568179E+03
4.37	-1.199296E+06	1.361117E+02	5.250468E+01	5.568179E+03
4.375	-1.199296E+06	1.437790E+02	5.334167E+01	5.568179E+03
4.38	-1.199296E+06	1.504396E+02	5.410393E+01	5.568179E+03
4.385	-1.199297E+06	1.640627E+02	5.410828E+01	5.568179E+03
4.39	-1.199296E+06	1.491793E+02	5.400477E+01	5.568179E+03
4.395	-1.199296E+06	1.414760E+02	5.430959E+01	5.568179E+03
4.4	-1.199296E+06	1.524393E+02	5.484610E+01	5.568179E+03
4.405	-1.199296E+06	1.510387E+02	5.506226E+01	5.568179E+03
4.41	-1.199296E+06	1.476326E+02	5.448543E+01	5.568179E+03
4.415	-1.199296E+06	1.409626E+02	5.369305E+01	5.568179E+03
4.42	-1.199296E+06	1.486918E+02	5.340932E+01	5.568179E+03
4.425	-1.199296E+06	1.528046E+02	5.367491E+01	5.568179E+03
4.43	-1.199296E+06	1.554684E+02	5.386663E+01	5.568179E+03
4.435	-1.199296E+06	1.578912E+02	5.371653E+01	5.568179E+03
4.44	-1.199296E+06	1.503607E+02	5.327257E+01	5.568179E+03
4.445	-1.199296E+06	1.554841E+02	5.288566E+01	5.568179E+03
4.45	-1.199296E+06	1.532025E+02	5.320878E+01	5.568179E+03
4.455	-1.199296E+06	1.600364E+02	5.367945E+01	5.568179E+03
4.46	-1.199296E+06	1.578697E+02	5.396469E+01	5.568179E+03
4.465	-1.199296E+06	1.528207E+02	5.410238E+01	5.568179E+03
4.47	-1.199296E+06	1.629708E+02	5.418047E+01	5.568179E+03
4.475	-1.199296E+06	1.568376E+02	5.431329E+01	5.568179E+03
4.48	-1.199296E+06	1.475697E+02	5.423758E+01	5.568179E+03
4.485	-1.199296E+06	1.519688E+02	5.380084E+01	5.568179E+03
4.49	-1.199296E+06	1.634684E+02	5.310290E+01	5.568179E+03
4.495	-1.199296E+06	1.625881E+02	5.246925E+01	5.568179E+03
4.5	-1.199296E+06	1.579790E+02	5.225841E+01	5.568179E+03
4.505	-1.199296E+06	1.660706E+02	5.268860E+01	5.568179E+03
4.51	-1.199296E+06	1.617919E+02	5.336027E+01	5.568179E+03
4.515	-1.199296E+06	1.580268E+02	5.360920E+01	5.568179E+03
4.52	-1.199296E+06	1.578739E+02	5.359120E+01	5.568179E+03
4.525	-1.199296E+06	1.561064E+02	5.344215E+01	5.568179E+03
4.53	-1.199296E+06	1.689225E+02	5.343761E+01	5.568179E+03
4.535	-1.199296E+06	1.730320E+02	5.392676E+01	5.568179E+03
4.54	-1.199296E+06	1.703259E+02	5.420852E+01	5.568179E+03
4.545	-1.199296E+06	1.670146E+02	5.409340E+01	5.568179E+03
4.55	-1.199296E+06	1.623926E+02	5.383583E+01	5.568179E+03
4.555	-1.199296E+06	1.687178E+02	5.368384E+01	5.568179E+03
4.56	-1.199296E+06	1.745749E+02	5.397527E+01	5.568179E+03
4.565	-1.199296E+06	1.689385E+02	5.409274E+01	5.568179E+03
4.57	-1.199296E+06	1.556990E+02	5.384961E+01	5.568179E+03
4.575	-1.199296E+06	1.699124E+02	5.337803E+01	5.568179E+03
4.58	-1.199296E+06	1.746537E+02	5.297218E+01	5.568179E+03
4.585	-1.199296E+06	1.690779E+02	5.304884E+01	5.568179E+03
4.59	-1.199296E+06	1.794021E+02	5.352358E+01	5.568179E+03
4.595	-1.199296E+06	1.768542E+02	5.404682E+01	5.568179E+03
4.6	-1.199296E+06	1.790144E+02	5.417389E+01	5.568179E+03
4.605	-1.199296E+06	1.767866E+02	5.406360E+01	5.568179E+03
4.61	-1.199296E+06	1.640503E+02	5.408554E+01	5.568179E+03
4.615	-1.199296E+06	1.670423E+02	5.425102E+01	5.568179E+03
4.62	-1.199296E+06	1.698726E+02	5.452412E+01	5.568179E+03
4.625	-1.199296E+06	1.757224E+02	5.448910E+01	5.568179E+03
4.63	-1.199296E+06	1.844991E+02	5.386272E+01	5.568179E+03
4.635	-1.199296E+06	1.883224E+02	5.320713E+01	5.568179E+03
4.64	-1.199296E+06	1.830113E+02	5.317648E+01	5.568179E+03
4.645	-1.199296E+06	1.798674E+02	5.356109E+01	5.568179E+03
4.65	-1.199296E+06	1.806718E+02	5.427760E+01	5.568179E+03
4.655	-1.199296E+06	1.816333E+02	5.482771E+01	5.568179E+03
4.66	-1.199296E+06	1.883320E+02	5.469736E+01	5.568179E+03
4.665	-1.199296E+06	1.777849E+02	5.484120E+01	5.568179E+03
4.67	-1.199296E+06	1.711368E+02	5.523073E+01	5.568179E+03
4.675	-1.199296E+06	1.793815E+02	5.528923E+01	5.568179E+03
4.68	-1.199296E+06	1.775546E+02	5.533429E+01	5.568179E+03
4.685	-1.199296E+06	1.820035E+02	5.512128E+01	5.568179E+03
4.69	-1.199296E+06	1.964448E+02	5.458222E+01	5.568179E+03
4.695	-1.199296E+06	1.846495E+02	5.451400E+01	5.568179E+03
4.7	-1.199296E+06	1.831462E+02	5.452614E+01	5.568179E+03
4.705	-1.199296E+06	1.853384E+02	5.458733E+01	5.568179E+03
4.71	-1.199296E+06	1.797776E+02	5.474577E+01	5.568179E+03
4.715	-1.199296E+06	1.810795E+02	5.437488E+01	5.568179E+03
4.72	-1.199295E+06	1.746367E+02	5.432897E+01	5.568179E+03
4.725	-1.199296E+06	1.925168E+02	5.491241E+01	5.568179E+03
4.73	-1.199296E+06	2.004686E+02	5.549489E+01	5.568179E+03
4.735	-1.199295E+06	1.932726E+02	5.586288E+01	5.568179E+03
4.74	-1.199296E+06	1.969304E+02	5.598111E+01	5.568179E+03
4.745	-1.199296E+06	2.017726E+02	5.607485E+01	5.568179E+03
4.75	-1.199296E+06	1.993461E+02	5.648607E+01	5.568179E+03
4.755	-1.199295E+06	1.875750E+02	5.698386E+01	5.568179E+03
4.76	-1.199296E+06	1.991517E+02	5.720463E+01	5.568179E+03
4.765	-1.199295E+06	1.943883E+02	5.734418E+01	5.568179E+03
4.77	-1.199295E+06	1.962381E+02	5.696715E+01	5.568179E+03
4.775	-1.199296E+06	2.019906E+02	5.675685E+01	5.568179E+03
4.78	-1.199295E+06	1.933338E+02	5.688152E+01	5.568179E+03
4.785	-1.199296E+06	2.113237E+02	5.633215E+01	5.568179E+03
4.79	-1.199295E+06	2.075298E+02	5.552881E+01	5.568179E+03
4.795	-1.199295E+06	2.035274E+02	5.430655E+01	5.568179E+03
4.8	-1.199296E+06	2.131506E+02	5.309393E+01	5.568179E+03
4.805	-1.199295E+06	2.093656E+02	5.295170E+01	5.568179E+03
4.81	-1.199296E+06	2.210397E+02	5.315549E+01	5.568179E+03
4.815	-1.199295E+06	2.103703E+02	5.357683E+01	5.568179E+03
4.82	-1.199295E+06	2.008617E+02	5.430248E+01	5.568179E+03
4.825	-1.199296E+06	2.126191E+02	5.516125E+01	5.568179E+03
4.83	-1.199295E+06	2.097922E+02	5.656372E+01	5.568179E+03
4.835	-1.199295E+06	2.063705E+02	5.837051E+01	5.568179E+03
4.84	-1.199295E+06	2.118979E+02	5.963844E+01	5.568179E+03
4.845	-1.199295E+06	2.204351E+02	5.995288E+01	5.568179E+03
4.85	-1.199295E+06	2.138221E+02	5.943965E+01	5.568179E+03
4.855	-1.199295E+06	2.136699E+02	5.793249E+01	5.568179E+03
4.86	-1.199295E+06	2.111027E+02	5.639794E+01	5.568179E+03
4.865	-1.199295E+06	1.988269E+02	5.525794E+01	5.568179E+03
4.87	-1.199295E+06	2.165867E+02	5.365982E+01	5.568179E+03
4.875	-1.199295E+06	2.143199E+02	5.250269E+01	5.568179E+03
4.88	-1.199295E+06	2.099192E+02	5.182846E+01	5.568179E+03
4.885	-1.199295E+06	2.354098E+02	5.160330E+01	5.568179E+03
4.89	-1.199295E+06	2.268279E+02	5.279772E+01	5.568179E+03
4.895	-1.199295E+06	2.323546E+02	5.391025E+01	5.568179E+03
4.9	-1.199295E+06	2.385656E+02	5.471949E+01	5.568179E+03
4.905	-1.199294E+06	2.118993E+02	5.570736E+01	5.568179E+03
4.91	-1.199295E+06	2.191416E+02	5.626218E+01	5.568179E+03
4.915	-1.199295E+06	2.392254E+02	5.747732E+01	5.568179E+03
4.92	-1.199295E+06	2.242769E+02	5.891411E+01	5.568179E+03
4.925	-1.199295E+06	2.205745E+02	5.891196E+01	5.568179E+03
4.93	-1.199295E+06	2.237986E+02	5.824403E+01	5.568179E+03
4.935	-1.199295E+06	2.359373E+02	5.722591E+01	5.568179E+03
4.94	-1.199295E+06	2.508876E+02	5.629913E+01	5.568179E+03
4.945	-1.199295E+06	2.385303E+02	5.592049E+01	5.568179E+03
4.95	-1.199295E+06	2.280719E+02	5.531245E+01	5.568179E+03
4.955	-1.199295E+06	2.265915E+02	5.465579E+01	5.568179E+03
4.96	-1.199295E+06	2.354563E+02	5.424398E+01	5.568179E+03
4.965	-1.199295E+06	2.338161E+02	5.396545E+01	5.568179E+03
4.97	-1.199295E+06	2.295084E+02	5.389997E+01	5.568179E+03
4.975	-1.199295E+06	2.363524E+02	5.439210E+01	5.568179E+03
4.98	-1.199295E+06	2.337793E+02	5.521835E+01	5.568179E+03
4.985	-1.199295E+06	2.453747E+02	5.565112E+01	5.568179E+03
4.99	-1.199295E+06	2.434818E+02	5.608164E+01	5.568179E+03
4.995	-1.199295E+06	2.467329E+02	5.639276E+01	5.568179E+03
5.0	-1.199295E+06	2.535634E+02	5.677163E+01	5.568179E+03
5.005	-1.199294E+06	2.319455E+02	5.758547E+01	5.568179E+03
5.01	-1.199295E+06	2.467738E+02	5.752607E+01	5.568179E+03
5.015	-1.199295E+06	2.551418E+02	5.673408E+01	5.568179E+03
5.02	-1.199294E+06	2.428473E+02	5.586603E+01	5.568179E+03
5.025	-1.199295E+06	2.545434E+02	5.494839E+01	5.568179E+03
5.03	-1.199294E+06	2.532342E+02	5.478843E+01	5.568179E+03
5.035	-1.199294E+06	2.527744E+02	5.474596E+01	5.568179E+03
5.04	-1.199294E+06	2.583988E+02	5.431184E+01	5.568179E+03
5.045	-1.199295E+06	2.661729E+02	5.415231E+01	5.568179E+03
5.05	-1.199294E+06	2.600407E+02	5.453879E+01	5.568179E+03
5.055	-1.199294E+06	2.576982E+02	5.517636E+01	5.568179E+03
5.06	-1.199294E+06	2.529932E+02	5.566517E+01	5.568179E+03
5.065	-1.199294E+06	2.508092E+02	5.542559E+01	5.568179E+03
5.07	-1.199295E+06	2.630078E+02	5.447688E+01	5.568179E+03
5.075	-1.199294E+06	2.585892E+02	5.369951E+01	5.568179E+03
5.08	-1.199294E+06	2.560170E+02	5.341822E+01	5.568179E+03
5.085	-1.199294E+06	2.610553E+02	5.311612E+01	5.568179E+03
5.09	-1.199294E+06	2.722538E+02	5.234172E+01	5.568179E+03
5.095	-1.199294E+06	2.695189E+02	5.114325E+01	5.568179E+03
5.1	-1.199294E+06	2.728661E+02	4.957307E+01	5.568179E+03
5.105	-1.199294E+06	2.732115E+02	4.926479E+01	5.568179E+03
5.11	-1.199294E+06	2.621200E+02	5.040657E+01	5.568179E+03
5.115	-1.199295E+06	2.790920E+02	5.115988E+01	5.568179E+03
5.12	-1.199294E+06	2.675987E+02	5.193438E+01	5.568179E+03
5.125	-1.199294E+06	2.794034E+02	5.239333E+01	5.568179E+03
5.13	-1.199294E+06	2.880351E+02	5.284734E+01	5.568179E+03
5.135	-1.199293E+06	2.654929E+02	5.401113E+01	5.568179E+03
5.14	-1.199294E+06	2.865567E+02	5.464249E+01	5.568179E+03
5.145	-1.199294E+06	2.926140E+02	5.451410E+01	5.568179E+03
5.15	-1.199294E+06	2.830222E+02	5.336604E+01	5.568179E+03
5.155	-1.199294E+06	2.773259E+02	5.158107E+01	5.568179E+03
5.16	-1.199294E+06	2.783501E+02	5.057374E+01	5.568179E+03
5.165	-1.199294E+06	2.926503E+02	5.017253E+01	5.568179E+03
5.17	-1.199293E+06	2.766650E+02	4.994577E+01	5.568179E+03
5.175	-1.199294E+06	2.895720E+02	4.958848E+01	5.568179E+03
5.18	-1.199294E+06	2.938470E+02	4.934324E+01	5.568179E+03
5.185	-1.199294E+06	2.946028E+02	4.907269E+01	5.568179E+03
5.19	-1.199294E+06	3.015860E+02	4.914878E+01	5.568179E+03
5.195	-1.199293E+06	2.868453E+02	4.981019E+01	5.568179E+03
5.2	-1.199294E+06	2.933656E+02	5.023112E+01	5.568179E+03
5.205	-1.199294E+06	2.934899E+02	5.037799E+01	5.568179E+03
5.21	-1.199293E+06	2.803694E+02	5.062428E+01	5.568179E+03
5.215	-1.199294E+06	3.043031E+02	5.117582E+01	5.568179E+03
5.22	-1.199293E+06	2.982499E+02	5.251604E+01	5.568179E+03
5.225	-1.199293E+06	2.947506E+02	5.375431E+01	5.568179E+03
5.23	-1.199293E+06	3.072274E+02	5.420399E+01	5.568179E+03
5.235	-1.199293E+06	3.136797E+02	5.347592E+01	5.568179E+03
5.24	-1.199293E+06	3.169820E+02	5.245761E+01	5.568179E+03
5.245	-1.199293E+06	3.085497E+02	5.235387E+01	5.568179E+03
5.25	-1.199293E+06	3.134198E+02	5.220577E+01	5.568179E+03
5.255	-1.199293E+06	3.040809E+02	5.184184E+01	5.568179E+03
5.26	-1.199293E+06	3.131558E+02	5.118899E+01	5.568179E+03
5.265	-1.199293E+06	3.216861E+02	5.065207E+01	5.568179E+03
5.27	-1.199293E+06	3.148016E+02	5.096721E+01	5.568179E+03
5.275	-1.199293E+06	3.315954E+02	5.171591E+01	5.568179E+03
5.28	-1.199293E+06	3.260475E+02	5.266743E+01	5.568179E+03
5.285	-1.199293E+06	3.243372E+02	5.330950E+01	5.568179E+03
5.29	-1.199293E+06	3.186439E+02	5.377708E+01	5.568179E+03
5.295	-1.199293E+06	3.242805E+02	5.418373E+01	5.568179E+03
5.3	-1.199293E+06	3.376625E+02	5.449920E+01	5.568179E+03
5.305	-1.199293E+06	3.233382E+02	5.482971E+01	5.568179E+03
5.31	-1.199293E+06	3.234410E+02	5.448458E+01	5.568179E+03
5.315	-1.199293E+06	3.345329E+02	5.366609E+01	5.568179E+03
5.32	-1.199292E+06	3.233147E+02	5.297612E+01	5.568179E+03
5.325	-1.199293E+06	3.377341E+02	5.207980E+01	5.568179E+03
5.33	-1.199293E+06	3.576362E+02	5.164163E+01	5.568179E+03
5.335	-1.199292E+06	3.482556E+02	5.108086E+01	5.568179E+03
5.34	-1.199293E+06	3.462257E+02	4.976591E+01	5.568179E+03
5.345	-1.199292E+06	3.298042E+02	4.901127E+01	5.568179E+03
5.35	-1.199293E+06	3.363299E+02	4.886770E+01	5.568179E+03
5.355	-1.199293E+06	3.563208E+02	5.013055E+01	5.568179E+03
5.36	-1.199292E+06	3.328358E+02	5.241023E+01	5.568179E+03
5.365	-1.199293E+06	3.432923E+02	5.348466E+01	5.568179E+03
5.37	-1.199292E+06	3.443585E+02	5.435119E+01	5.568179E+03
5.375	-1.199292E+06	3.438112E+02	5.472903E+01	5.568179E+03
5.38	-1.199293E+06	3.648704E+02	5.472140E+01	5.568179E+03
5.385	-1.199292E+06	3.558649E+02	5.513336E+01	5.568179E+03
5.39	-1.199293E+06	3.638953E+02	5.420226E+01	5.568179E+03
5.395	-1.199292E+06	3.542789E+02	5.257215E+01	5.568179E+03
5.4	-1.199292E+06	3.541155E+02	5.064663E+01	5.568179E+03
5.405	-1.199293E+06	3.615524E+02	4.871541E+01	5.568179E+03
5.41	-1.199292E+06	3.423177E+02	4.793933E+01	5.568179E+03
5.415	-1.199292E+06	3.459409E+02	4.748647E+01	5.568179E+03
5.42	-1.199292E+06	3.412841E+02	4.735663E+01	5.568179E+03
5.425	-1.199292E+06	3.591808E+02	4.734683E+01	5.568179E+03
5.43	-1.199292E+06	3.801275E+02	4.814808E+01	5.568179E+03
5.435	-1.199292E+06	3.820802E+02	4.988645E+01	5.568179E+03
5.44	-1.199292E+06	3.899835E+02	5.083599E+01	5.568179E+03
5.445	-1.199291E+06	3.668749E+02	5.128273E+01	5.568179E+03
5.45	-1.199292E+06	3.890412E+02	5.076695E+01	5.568179E+03
5.455	-1.199292E+06	3.965628E+02	4.956235E+01	5.568179E+03
5.46	-1.199291E+06	3.737808E+02	4.853486E+01	5.568179E+03
5.465	-1.199292E+06	3.914439E+02	4.728245E+01	5.568179E+03
5.47	-1.199292E+06	3.651277E+02	4.636550E+01	5.568179E+03
5.475	-1.199291E+06	3.522186E+02	4.593218E+01	5.568179E+03
5.48	-1.199293E+06	3.941618E+02	4.565353E+01	5.568179E+03
5.485	-1.199291E+06	3.863637E+02	4.596091E+01	5.568179E+03
5.49	-1.199292E+06	4.076917E+02	4.622722E+01	5.568179E+03
5.495	-1.199292E+06	4.089893E+02	4.671722E+01	5.568179E+03
5.5	-1.199291E+06	3.766340E+02	4.719858E+01	5.568179E+03
5.505	-1.199292E+06	3.889159E+02	4.718171E+01	5.568179E+03
5.51	-1.199291E+06	3.840050E+02	4.712058E+01	5.568179E+03
5.515	-1.199291E+06	3.994198E+02	4.650192E+01	5.568179E+03
5.52	-1.199291E+06	4.136200E+02	4.631762E+01	5.568179E+03
5.525	-1.199291E+06	4.062541E+02	4.656976E+01	5.568179E+03
5.53	-1.199291E+06	4.126618E+02	4.637993E+01	5.568179E+03
5.535	-1.199291E+06	3.966376E+02	4.605033E+01	5.568179E+03
5.54	-1.199291E+06	4.020055E+02	4.485992E+01	5.568179E+03
5.545	-1.199291E+06	4.208543E+02	4.408839E+01	5.568179E+03
5.55	-1.199291E+06	4.167056E+02	4.462435E+01	5.568179E+03
5.555	-1.199291E+06	4.144975E+02	4.505929E+01	5.568179E+03
5.56	-1.199291E+06	4.232267E+02	4.502579E+01	5.568179E+03
5.565	-1.199291E+06	4.242535E+02	4.445227E+01	5.568179E+03
5.57	-1.199290E+06	4.171200E+02	4.399748E+01	5.568179E+03
5.575	-1.199291E+06	4.395895E+02	4.389596E+01	5.568179E+03
5.58	-1.199291E+06	4.271213E+02	4.431140E+01	5.568179E+03
5.585	-1.199290E+06	4.045821E+02	4.492532E+01	5.568179E+03
5.59	-1.199292E+06	4.378260E+02	4.444307E+01	5.568179E+03
5.595	-1.199290E+06	4.087655E+02	4.448657E+01	5.568179E+03
5.6	-1.199290E+06	4.139102E+02	4.508674E+01	5.568179E+03
5.605	-1.199291E+06	4.401917E+02	4.553842E+01	5.568179E+03
5.61	-1.199290E+06	4.067110E+02	4.671820E+01	5.568179E+03
5.615	-1.199291E+06	4.392469E+02	4.675916E+01	5.568179E+03
5.62	-1.199291E+06	4.620850E+02	4.541655E+01	5.568179E+03
5.625	-1.199290E+06	4.229284E+02	4.477450E+01	5.568179E+03
5.63	-1.199290E+06	4.362244E+02	4.383566E+01	5.568179E+03
5.635	-1.199291E+06	4.767138E+02	4.249993E+01	5.568179E+03
5.64	-1.199290E+06	4.474071E+02	4.229175E+01	5.568179E+03
5.645	-1.199290E+06	4.405369E+02	4.153663E+01	5.568179E+03
5.65	-1.199290E+06	4.523411E+02	4.141373E+01	5.568179E+03
5.655	-1.199290E+06	4.469587E+02	4.292187E+01	5.568179E+03
5.66	-1.199290E+06	4.592154E+02	4.409399E+01	5.568179E+03
5.665	-1.199290E+06	4.423315E+02	4.585845E+01	5.568179E+03
5.67	-1.199290E+06	4.424978E+02	4.783070E+01	5.568179E+03
5.675	-1.199290E+06	4.677036E+02	4.846621E+01	5.568179E+03
5.68	-1.199290E+06	4.625800E+02	4.884799E+01	5.568179E+03
5.685	-1.199290E+06	4.604233E+02	4.964489E+01	5.568179E+03
5.69	-1.199290E+06	4.857501E+02	4.991862E+01	5.568179E+03
5.695	-1.199290E+06	4.805301E+02	5.004639E+01	5.568179E+03
5.7	-1.199289E+06	4.573412E+02	4.988984E+01	5.568179E+03
5.705	-1.199289E+06	4.610775E+02	4.838769E+01	5.568179E+03
5.71	-1.199290E+06	4.732916E+02	4.707365E+01	5.568179E+03
5.715	-1.199289E+06	4.734906E+02	4.703067E+01	5.568179E+03
5.72	-1.199290E+06	5.145996E+02	4.635832E+01	5.568179E+03
5.725	-1.199289E+06	4.879554E+02	4.543502E+01	5.568179E+03
5.73	-1.199289E+06	4.697809E+02	4.353723E+01	5.568179E+03
5.735	-1.199290E+06	4.955982E+02	4.188570E+01	5.568179E+03
5.74	-1.199289E+06	4.912608E+02	4.296840E+01	5.568179E+03
5.745	-1.199289E+06	4.931065E+02	4.458917E+01	5.568179E+03
5.75	-1.199289E+06	4.839332E+02	4.563992E+01	5.568179E+03
5.755	-1.199289E+06	4.920276E+02	4.663761E+01	5.568179E+03
5.76	-1.199289E+06	4.987542E+02	4.694037E+01	5.568179E+03
5.765	-1.199289E+06	5.062612E+02	4.730706E+01	5.568179E+03
5.77	-1.199289E+06	5.055248E+02	4.838117E+01	5.568179E+03
5.775	-1.199288E+06	4.789913E+02	4.862850E+01	5.568179E+03
5.78	-1.199289E+06	5.031037E+02	4.778821E+01	5.568179E+03
5.785	-1.199289E+06	4.788652E+02	4.768130E+01	5.568179E+03
5.79	-1.199288E+06	4.562200E+02	4.754914E+01	5.568179E+03
5.795	-1.199290E+06	4.975368E+02	4.726553E+01	5.568179E+03
5.8	-1.199287E+06	4.635384E+02	4.836005E+01	5.568179E+03
5.805	-1.199289E+06	5.004871E+02	4.857232E+01	5.568179E+03
5.81	-1.199289E+06	5.320989E+02	4.868889E+01	5.568179E+03
5.815	-1.199288E+06	5.142123E+02	4.943813E+01	5.568179E+03
5.82	-1.199289E+06	5.437356E+02	4.900894E+01	5.568179E+03
5.825	-1.199288E+06	5.264179E+02	4.882666E+01	5.568179E+03
5.83	-1.199288E+06	5.167209E+02	4.902569E+01	5.568179E+03
5.835	-1.199289E+06	5.502474E+02	4.857617E+01	5.568179E+03
5.84	-1.199289E+06	5.433537E+02	4.831720E+01	5.568179E+03
5.845	-1.199287E+06	4.929289E+02	4.810609E+01	5.568179E+03
5.85	-1.199289E+06	5.383808E+02	4.673665E+01	5.568179E+03
5.855	-1.199288E+06	5.333070E+02	4.613481E+01	5.568179E+03
5.86	-1.199287E+06	5.114537E+02	4.593261E+01	5.568179E+03
5.865	-1.199289E+06	5.502782E+02	4.540901E+01	5.568179E+03
5.87	-1.199288E+06	5.232960E+02	4.581962E+01	5.568179E+03
5.875	-1.199288E+06	5.217096E+02	4.554057E+01	5.568179E+03
5.88	-1.199289E+06	5.474294E+02	4.506203E+01	5.568179E+03
5.885	-1.199288E+06	5.306205E+02	4.613548E+01	5.568179E+03
5.89	-1.199288E+06	5.380530E+02	4.626551E+01	5.568179E+03
5.895	-1.199288E+06	5.300949E+02	4.554865E+01	5.568179E+03
5.9	-1.199288E+06	5.426856E+02	4.553659E+01	5.568179E+03
5.905	-1.199288E+06	5.503543E+02	4.559407E+01	5.568179E+03
5.91	-1.199288E+06	5.480555E+02	4.570647E+01	5.568179E+03
5.915	-1.199287E+06	5.225702E+02	4.671338E+01	5.568179E+03
5.92	-1.199288E+06	5.621425E+02	4.670931E+01	5.568179E+03
5.925	-1.199289E+06	5.878202E+02	4.633332E+01	5.568179E+03
5.93	-1.199287E+06	5.247040E+02	4.697045E+01	5.568179E+03
5.935	-1.199288E+06	5.484978E+02	4.694962E+01	5.568179E+03
5.94	-1.199288E+06	5.646864E+02	4.770523E+01	5.568179E+03
5.945	-1.199287E+06	5.560536E+02	4.913018E+01	5.568179E+03
5.95	-1.199288E+06	5.899235E+02	4.914261E+01	5.568179E+03
5.955	-1.199288E+06	5.982551E+02	4.933082E+01	5.568179E+03
5.96	-1.199288E+06	5.903139E+02	4.984537E+01	5.568179E+03
5.965	-1.199288E+06	5.896196E+02	4.929032E+01	5.568179E+03
5.97	-1.199287E+06	5.714418E+02	4.874884E+01	5.568179E+03
5.975	-1.199287E+06	5.724067E+02	4.728194E+01	5.568179E+03
5.98	-1.199288E+06	5.788251E+02	4.550184E+01	5.568179E+03
5.985	-1.199287E+06	5.686502E+02	4.548536E+01	5.568179E+03
5.99	-1.199288E+06	5.810636E+02	4.590367E+01	5.568179E+03
5.995	-1.199287E+06	5.668977E+02	4.675500E+01	5.568179E+03
6.0	-1.199287E+06	5.648943E+02	4.749182E+01	5.568179E+03
6.005	-1.199288E+06	6.000010E+02	4.793434E+01	5.568179E+03
6.01	-1.199287E+06	5.835912E+02	4.967407E+01	5.568179E+03
6.015	-1.199287E+06	5.996799E+02	5.110489E+01	5.568179E+03
6.02	-1.199287E+06	5.949594E+02	5.166797E+01	5.568179E+03
6.025	-1.199287E+06	5.824906E+02	5.109297E+01	5.568179E+03
6.03	-1.199287E+06	6.087062E+02	4.934742E+01	5.568179E+03
6.035	-1.199287E+06	6.070092E+02	4.780906E+01	5.568179E+03
6.04	-1.199287E+06	5.879383E+02	4.691946E+01	5.568179E+03
6.045	-1.199287E+06	5.942932E+02	4.611683E+01	5.568179E+03
6.05	-1.199288E+06	6.150089E+02	4.575184E+01	5.568179E+03
6.055	-1.199287E+06	6.164406E+02	4.553689E+01	5.568179E+03
6.06	-1.199287E+06	6.278059E+02	4.475556E+01	5.568179E+03
6.065	-1.199287E+06	6.082154E+02	4.445380E+01	5.568179E+03
6.07	-1.199287E+06	5.964733E+02	4.448288E+01	5.568179E+03
6.075	-1.199287E+06	5.942165E+02	4.571366E+01	5.568179E+03
6.08	-1.199287E+06	6.229298E+02	4.761794E+01	5.568179E+03
6.085	-1.199287E+06	6.393892E+02	4.897651E+01	5.568179E+03
6.09	-1.199287E+06	6.302147E+02	4.939947E+01	5.568179E+03
6.095	-1.199287E+06	6.084583E+02	5.058844E+01	5.568179E+03
6.1	-1.199286E+06	5.947682E+02	5.293503E+01	5.568179E+03
6.105	-1.199288E+06	6.274645E+02	5.348787E+01	5.568179E+03
6.11	-1.199286E+06	6.012204E+02	5.271593E+01	5.568179E+03
6.115	-1.199287E+06	6.110422E+02	5.041234E+01	5.568179E+03
6.12	-1.199288E+06	6.393435E+02	4.766152E+01	5.568179E+03
6.125	-1.199287E+06	6.047523E+02	4.645408E+01	5.568179E+03
6.13	-1.199286E+06	5.746600E+02	4.621237E+01	5.568179E+03
6.135	-1.199286E+06	6.035651E+02	4.650112E+01	5.568179E+03
6.14	-1.199288E+06	6.487851E+02	4.663351E+01	5.568179E+03
6.145	-1.199286E+06	6.319405E+02	4.612725E+01	5.568179E+03
6.15	-1.199287E+06	6.366039E+02	4.595855E+01	5.568179E+03
6.155	-1.199287E+06	6.352408E+02	4.689207E+01	5.568179E+03
6.16	-1.199287E+06	6.228265E+02	4.743306E+01	5.568179E+03
6.165	-1.199287E+06	6.245897E+02	4.779695E+01	5.568179E+03
6.17	-1.199287E+06	6.442981E+02	4.835382E+01	5.568179E+03
6.175	-1.199288E+06	6.611457E+02	4.848669E+01	5.568179E+03
6.18	-1.199286E+06	6.230095E+02	4.919926E+01	5.568179E+03
6.185	-1.199287E+06	6.317430E+02	4.979665E+01	5.568179E+03
6.19	-1.199287E+06	6.392059E+02	5.010252E+01	5.568179E+03
6.195	-1.199286E+06	6.407437E+02	5.045625E+01	5.568179E+03
6.2	-1.199287E+06	6.709251E+02	5.072433E+01	5.568179E+03
6.205	-1.199286E+06	6.593873E+02	5.119309E+01	5.568179E+03
6.21	-1.199288E+06	6.751220E+02	5.046612E+01	5.568179E+03
6.215	-1.199286E+06	6.255977E+02	4.970220E+01	5.568179E+03
6.22	-1.199286E+06	6.186096E+02	4.922093E+01	5.568179E+03
6.225	-1.199288E+06	6.728015E+02	4.911289E+01	5.568179E+03
6.23	-1.199286E+06	6.513944E+02	4.988273E+01	5.568179E+03
6.235	-1.199286E+06	6.374629E+02	5.043152E+01	5.568179E+03
6.24	-1.199287E+06	6.577748E+02	5.159318E+01	5.568179E+03
6.245	-1.199287E+06	6.819729E+02	5.274959E+01	5.568179E+03
6.25	-1.199287E+06	6.757367E+02	5.182931E+01	5.568179E+03
6.255	-1.199286E+06	6.314489E+02	5.054668E+01	5.568179E+03
6.26	-1.199286E+06	6.053498E+02	4.992767E+01	5.568179E+03
6.265	-1.199287E+06	6.440651E+02	4.956157E+01	5.568179E+03
6.27	-1.199287E+06	6.871670E+02	5.039439E+01	5.568179E+03
6.275	-1.199287E+06	6.901584E+02	5.125040E+01	5.568179E+03
6.28	-1.199287E+06	6.747821E+02	5.031897E+01	5.568179E+03
6.285	-1.199287E+06	6.443528E+02	4.924388E+01	5.568179E+03
6.29	-1.199286E+06	6.282402E+02	5.022179E+01	5.568179E+03
6.295	-1.199286E+06	6.359814E+02	5.214558E+01	5.568179E+03
6.3	-1.199287E+06	6.726175E+02	5.385787E+01	5.568179E+03
6.305	-1.199287E+06	6.892309E+02	5.538862E+01	5.568179E+03
6.31	-1.199286E+06	6.817970E+02	5.532237E+01	5.568179E+03
6.315	-1.199287E+06	6.855780E+02	5.471228E+01	5.568179E+03
6.32	-1.199286E+06	6.486403E+02	5.428506E+01	5.568179E+03
6.325	-1.199287E+06	6.669880E+02	5.264097E+01	5.568179E+03
6.33	-1.199286E+06	6.671262E+02	5.208282E+01	5.568179E+03
6.335	-1.199286E+06	6.648184E+02	5.135031E+01	5.568179E+03
6.34	-1.199287E+06	6.809821E+02	4.927826E+01	5.568179E+03
6.345	-1.199286E+06	6.551226E+02	4.864101E+01	5.568179E+03
6.35	-1.199287E+06	6.632571E+02	4.844377E+01	5.568179E+03
6.355	-1.199287E+06	6.691214E+02	4.777511E+01	5.568179E+03
6.36	-1.199287E+06	6.635089E+02	4.740711E+01	5.568179E+03
6.365	-1.199286E+06	6.592884E+02	4.776332E+01	5.568179E+03
6.37	-1.199287E+06	6.986515E+02	4.833764E+01	5.568179E+03
6.375	-1.199286E+06	6.641708E+02	4.969494E+01	5.568179E+03
6.38	-1.199286E+06	6.457487E+02	5.021296E+01	5.568179E+03
6.385	-1.199286E+06	6.630119E+02	4.997523E+01	5.568179E+03
6.39	-1.199287E+06	6.747426E+02	5.012486E+01	5.568179E+03
6.395	-1.199286E+06	6.767706E+02	5.063178E+01	5.568179E+03
6.4	-1.199286E+06	6.867980E+02	5.082669E+01	5.568179E+03
6.405	-1.199287E+06	6.890802E+02	5.141745E+01	5.568179E+03
6.41	-1.199285E+06	6.437059E+02	5.172048E+01	5.568179E+03
6.415	-1.199287E+06	6.605928E+02	4.981561E+01	5.568179E+03
6.42	-1.199286E+06	6.381534E+02	4.865929E+01	5.568179E+03
6.425	-1.199286E+06	6.645380E+02	4.706058E+01	5.568179E+03
6.43	-1.199287E+06	6.897990E+02	4.533163E+01	5.568179E+03
6.435	-1.199286E+06	6.653149E+02	4.533051E+01	5.568179E+03
6.44	-1.199286E+06	6.866923E+02	4.501198E+01	5.568179E+03
6.445	-1.199287E+06	6.952614E+02	4.437047E+01	5.568179E+03
6.45	-1.199285E+06	6.446574E+02	4.473154E+01	5.568179E+03
6.455	-1.199286E+06	6.607500E+02	4.454709E+01	5.568179E+03
6.46	-1.199287E+06	6.800360E+02	4.542572E+01	5.568179E+03
6.465	-1.199285E+06	6.552086E+02	4.789111E+01	5.568179E+03
6.47	-1.199286E+06	6.828427E+02	4.905560E+01	5.568179E+03
6.475	-1.199287E+06	6.953073E+02	5.033849E+01	5.568179E+03
6.48	-1.199285E+06	6.614545E+02	5.222647E+01	5.568179E+03
6.485	-1.199287E+06	6.953326E+02	5.220539E+01	5.568179E+03
6.49	-1.199286E+06	6.712644E+02	5.247089E+01	5.568179E+03
6.495	-1.199285E+06	6.569684E+02	5.185928E+01	5.568179E+03
6.5	-1.199288E+06	7.079860E+02	4.892831E+01	5.568179E+03
6.505	-1.199284E+06	6.234877E+02	4.838401E+01	5.568179E+03
6.51	-1.199286E+06	6.724117E+02	4.788523E+01	5.568179E+03
6.515	-1.199288E+06	7.277341E+02	4.725008E+01	5.568179E+03
6.52	-1.199284E+06	6.389460E+02	4.811351E+01	5.568179E+03
6.525	-1.199287E+06	6.920230E+02	4.728891E+01	5.568179E+03
6.53	-1.199287E+06	6.968685E+02	4.695182E+01	5.568179E+03
6.535	-1.199285E+06	6.570505E+02	4.802522E+01	5.568179E+03
6.54	-1.199286E+06	6.951232E+02	4.892837E+01	5.568179E+03
6.545	-1.199287E+06	7.082174E+02	5.000727E+01	5.568179E+03
6.55	-1.199286E+06	6.835309E+02	5.022849E+01	5.568179E+03
6.555	-1.199286E+06	6.731741E+02	4.876936E+01	5.568179E+03
6.56	-1.199286E+06	6.713442E+02	4.864025E+01	5.568179E+03
6.565	-1.199286E+06	6.609456E+02	5.116709E+01	5.568179E+03
6.57	-1.199286E+06	6.650042E+02	5.377460E+01	5.568179E+03
6.575	-1.199287E+06	6.944065E+02	5.538108E+01	5.568179E+03
6.58	-1.199285E+06	6.541170E+02	5.632279E+01	5.568179E+03
6.585	-1.199287E+06	6.971971E+02	5.465166E+01	5.568179E+03
6.59	-1.199286E+06	6.637297E+02	5.410854E+01	5.568179E+03
6.595	-1.199285E+06	6.611650E+02	5.479605E+01	5.568179E+03
6.6	-1.199288E+06	7.441783E+02	5.377990E+01	5.568179E+03
6.605	-1.199285E+06	6.791163E+02	5.248378E+01	5.568179E+03
6.61	-1.199286E+06	6.682055E+02	4.965224E+01	5.568179E+03
6.615	-1.199287E+06	6.943946E+02	4.600297E+01	5.568179E+03
6.62	-1.199285E+06	6.424971E+02	4.534263E+01	5.568179E+03
6.625	-1.199286E+06	6.625643E+02	4.553498E+01	5.568179E+03
6.63	-1.199286E+06	6.537768E+02	4.565198E+01	5.568179E+03
6.635	-1.199285E+06	6.326031E+02	4.701635E+01	5.568179E+03
6.64	-1.199287E+06	6.973187E+02	4.740841E+01	5.568179E+03
6.645	-1.199286E+06	6.646687E+02	4.918090E+01	5.568179E+03
6.65	-1.199286E+06	6.531107E+02	5.223948E+01	5.568179E+03
6.655	-1.199287E+06	6.753068E+02	5.309466E+01	5.568179E+03
6.66	-1.199286E+06	6.489403E+02	5.233077E+01	5.568179E+03
6.665	-1.199286E+06	6.463745E+02	5.116464E+01	5.568179E+03
6.67	-1.199287E+06	6.850016E+02	4.999759E+01	5.568179E+03
6.675	-1.199286E+06	6.670759E+02	4.994395E+01	5.568179E+03
6.68	-1.199285E+06	6.341639E+02	5.031542E+01	5.568179E+03
6.685	-1.199287E+06	6.883378E+02	5.010916E+01	5.568179E+03
6.69	-1.199285E+06	6.615765E+02	4.998419E+01	5.568179E+03
6.695	-1.199286E+06	6.617377E+02	4.934932E+01	5.568179E+03
6.7	-1.199287E+06	6.552740E+02	4.935354E+01	5.568179E+03
6.705	-1.199285E+06	6.269697E+02	4.984375E+01	5.568179E+03
6.71	-1.199287E+06	6.703269E+02	5.038257E+01	5.568179E+03
6.715	-1.199286E+06	6.846427E+02	5.118868E+01	5.568179E+03
6.72	-1.199286E+06	6.649971E+02	5.180390E+01	5.568179E+03
6.725	-1.199286E+06	6.755930E+02	5.196426E+01	5.568179E+03
6.73	-1.199287E+06	7.171250E+02	5.162785E+01	5.568179E+03
6.735	-1.199287E+06	6.797667E+02	5.149922E+01	5.568179E+03
6.74	-1.199285E+06	6.083880E+02	5.125239E+01	5.568179E+03
6.745	-1.199286E+06	6.153754E+02	5.094248E+01	5.568179E+03
6.75	-1.199286E+06	6.369482E+02	5.136767E+01	5.568179E+03
6.755	-1.199287E+06	6.909361E+02	5.149101E+01	5.568179E+03
6.76	-1.199287E+06	6.886719E+02	5.115591E+01	5.568179E+03
6.765	-1.199285E+06	6.472686E+02	5.073943E+01	5.568179E+03
6.77	-1.199287E+06	6.835547E+02	5.085572E+01	5.568179E+03
6.775	-1.199285E+06	6.461819E+02	5.179018E+01	5.568179E+03
6.78	-1.199286E+06	6.688227E+02	5.140883E+01	5.568179E+03
6.785	-1.199287E+06	6.909237E+02	5.131465E+01	5.568179E+03
6.79	-1.199286E+06	6.377381E+02	5.124633E+01	5.568179E+03
6.795	-1.199286E+06	6.240108E+02	5.014820E+01	5.568179E+03
6.8	-1.199286E+06	6.398228E+02	5.008599E+01	5.568179E+03
6.805	-1.199288E+06	6.841571E+02	4.881677E+01	5.568179E+03
6.81	-1.199285E+06	6.241981E+02	4.687986E+01	5.568179E+03
6.815	-1.199286E+06	6.110035E+02	4.646019E+01	5.568179E+03
6.82	-1.199287E+06	6.403118E+02	4.645929E+01	5.568179E+03
6.825	-1.199286E+06	6.335950E+02	4.561392E+01	5.568179E+03
6.83	-1.199286E+06	6.130721E+02	4.501728E+01	5.568179E+03
6.835	-1.199286E+06	6.203560E+02	4.446922E+01	5.568179E+03
6.84	-1.199286E+06	6.209504E+02	4.531368E+01	5.568179E+03
6.845	-1.199286E+06	6.093901E+02	4.739352E+01	5.568179E+03
6.85	-1.199286E+06	5.998795E+02	4.888627E+01	5.568179E+03
6.855	-1.199286E+06	6.085331E+02	4.978421E+01	5.568179E+03
6.86	-1.199286E+06	6.313577E+02	5.008016E+01	5.568179E+03
6.865	-1.199286E+06	6.497502E+02	4.984835E+01	5.568179E+03
6.87	-1.199286E+06	6.458991E+02	4.987078E+01	5.568179E+03
6.875	-1.199286E+06	6.256018E+02	5.008351E+01	5.568179E+03
6.88	-1.199286E+06	6.271873E+02	4.934048E+01	5.568179E+03
6.885	-1.199287E+06	6.192971E+02	4.866191E+01	5.568179E+03
6.89	-1.199285E+06	5.991255E+02	4.875707E+01	5.568179E+03
6.895	-1.199288E+06	6.443100E+02	4.833577E+01	5.568179E+03
6.9	-1.199286E+06	6.057089E+02	4.916169E+01	5.568179E+03
6.905	-1.199286E+06	6.109465E+02	4.911965E+01	5.568179E+03
6.91	-1.199288E+06	6.648194E+02	4.802379E+01	5.568179E+03
6.915	-1.199286E+06	6.243251E+02	4.799208E+01	5.568179E+03
6.92	-1.199287E+06	6.180260E+02	4.682696E+01	5.568179E+03
6.925	-1.199286E+06	5.998587E+02	4.660862E+01	5.568179E+03
6.93	-1.199287E+06	6.194655E+02	4.779551E+01	5.568179E+03
6.935	-1.199287E+06	6.273059E+02	4.851615E+01	5.568179E+03
6.94	-1.199286E+06	5.992973E+02	4.971164E+01	5.568179E+03
6.945	-1.199287E+06	6.002518E+02	5.116689E+01	5.568179E+03
6.95	-1.199287E+06	5.920345E+02	5.171480E+01	5.568179E+03
6.955	-1.199287E+06	6.022008E+02	5.199490E+01	5.568179E+03
6.96	-1.199288E+06	6.241671E+02	5.184770E+01	5.568179E+03
6.965	-1.199286E+06	5.968327E+02	5.091473E+01	5.568179E+03
6.97	-1.199287E+06	6.161310E+02	4.936015E+01	5.568179E+03
6.975	-1.199287E+06	6.191402E+02	4.791191E+01	5.568179E+03
6.98	-1.199286E+06	5.886530E+02	4.606438E+01	5.568179E+03
6.985	-1.199287E+06	5.871453E+02	4.399891E+01	5.568179E+03
6.99	-1.199287E+06	5.576326E+02	4.367283E+01	5.568179E+03
6.995	-1.199287E+06	5.618894E+02	4.424711E+01	5.568179E+03
7.0	-1.199287E+06	5.873569E+02	4.580163E+01	5.568179E+03
7.005	-1.199287E+06	5.865312E+02	4.858208E+01	5.568179E+03
7.01	-1.199287E+06	6.011484E+02	5.077030E+01	5.568179E+03
7.015	-1.199287E+06	5.927928E+02	5.205673E+01	5.568179E+03
7.02	-1.199287E+06	5.829496E+02	5.268846E+01	5.568179E+03
7.025	-1.199287E+06	6.016465E+02	5.327061E+01	5.568179E+03
7.03	-1.199287E+06	6.108070E+02	5.346666E+01	5.568179E+03
7.035	-1.199288E+06	6.088999E+02	5.267058E+01	5.568179E+03
7.04	-1.199287E+06	5.691889E+02	5.148329E+01	5.568179E+03
7.045	-1.199287E+06	5.381876E+02	4.999529E+01	5.568179E+03
7.05	-1.199287E+06	5.315116E+02	4.933536E+01	5.568179E+03
7.055	-1.199287E+06	5.355944E+02	4.923614E+01	5.568179E+03
7.06	-1.199288E+06	5.808703E+02	4.934428E+01	5.568179E+03
7.065	-1.199288E+06	5.813764E+02	5.023572E+01	5.568179E+03
7.07	-1.199287E+06	5.578809E+02	5.045831E+01	5.568179E+03
7.075	-1.199288E+06	5.784527E+02	5.093394E+01	5.568179E+03
7.08	-1.199287E+06	5.752223E+02	5.205374E+01	5.568179E+03
7.085	-1.199288E+06	5.803245E+02	5.155319E+01	5.568179E+03
7.09	-1.199287E+06	5.454777E+02	5.126675E+01	5.568179E+03
7.095	-1.199287E+06	5.545921E+02	5.103305E+01	5.568179E+03
7.1	-1.199289E+06	5.741722E+02	5.062801E+01	5.568179E+03
7.105	-1.199286E+06	5.102230E+02	5.152911E+01	5.568179E+03
7.11	-1.199288E+06	5.280253E+02	5.150066E+01	5.568179E+03
7.115	-1.199288E+06	5.106726E+02	5.166797E+01	5.568179E+03
7.12	-1.199288E+06	5.089558E+02	5.277214E+01	5.568179E+03
7.125	-1.199288E+06	5.299823E+02	5.392213E+01	5.568179E+03
7.13	-1.199288E+06	5.531148E+02	5.439184E+01	5.568179E+03
7.135	-1.199289E+06	5.648745E+02	5.401581E+01	5.568179E+03
7.14	-1.199287E+06	5.146273E+02	5.331723E+01	5.568179E+03
7.145	-1.199289E+06	5.351357E+02	5.266304E+01	5.568179E+03
7.15	-1.199288E+06	5.334314E+02	5.292680E+01	5.568179E+03
7.155	-1.199288E+06	5.306390E+02	5.240647E+01	5.568179E+03
7.16	-1.199288E+06	5.359994E+02	5.195272E+01	5.568179E+03
7.165	-1.199288E+06	5.360459E+02	5.253701E+01	5.568179E+03
7.17	-1.199288E+06	5.345975E+02	5.290754E+01	5.568179E+03
7.175	-1.199288E+06	5.171392E+02	5.355517E+01	5.568179E+03
7.18	-1.199288E+06	5.100563E+02	5.483225E+01	5.568179E+03
7.185	-1.199289E+06	5.579088E+02	5.481483E+01	5.568179E+03
7.19	-1.199288E+06	5.401359E+02	5.512898E+01	5.568179E+03
7.195	-1.199288E+06	5.278173E+02	5.544284E+01	5.568179E+03
7.2	-1.199289E+06	5.343987E+02	5.483043E+01	5.568179E+03
7.205	-1.199288E+06	4.902845E+02	5.536305E+01	5.568179E+03
7.21	-1.199288E+06	4.843520E+02	5.609563E+01	5.568179E+03
7.215	-1.199289E+06	5.191813E+02	5.614766E+01	5.568179E+03
7.22	-1.199289E+06	5.131430E+02	5.686593E+01	5.568179E+03
7.225	-1.199289E+06	5.176085E+02	5.691836E+01	5.568179E+03
7.23	-1.199290E+06	5.268011E+02	5.635701E+01	5.568179E+03
7.235	-1.199288E+06	4.792459E+02	5.634156E+01	5.568179E+03
7.24	-1.199289E+06	4.785387E+02	5.513592E+01	5.568179E+03
7.245	-1.199289E+06	4.908392E+02	5.341693E+01	5.568179E+03
7.25	-1.199288E+06	4.808315E+02	5.254106E+01	5.568179E+03
7.255	-1.199290E+06	5.121737E+02	5.173297E+01	5.568179E+03
7.26	-1.199289E+06	5.070435E+02	5.167127E+01	5.568179E+03
7.265	-1.199289E+06	4.839298E+02	5.203427E+01	5.568179E+03
7.27	-1.199290E+06	5.012571E+02	5.113503E+01	5.568179E+03
7.275	-1.199289E+06	4.978256E+02	5.065864E+01	5.568179E+03
7.28	-1.199289E+06	4.850908E+02	5.133996E+01	5.568179E+03
7.285	-1.199290E+06	4.947541E+02	5.155945E+01	5.568179E+03
7.29	-1.199290E+06	4.824473E+02	5.189019E+01	5.568179E+03
7.295	-1.199289E+06	4.533885E+02	5.205066E+01	5.568179E+03
7.3	-1.199290E+06	4.817964E+02	5.140333E+01	5.568179E+03
7.305	-1.199290E+06	4.675903E+02	5.157271E+01	5.568179E+03
7.31	-1.199289E+06	4.515720E+02	5.127396E+01	5.568179E+03
7.315	-1.199290E+06	4.916637E+02	5.086914E+01	5.568179E+03
7.32	-1.199289E+06	4.907310E+02	5.161475E+01	5.568179E+03
7.325	-1.199290E+06	4.978495E+02	5.085718E+01	5.568179E+03
7.33	-1.199290E+06	4.651688E+02	4.959863E+01	5.568179E+03
7.335	-1.199289E+06	4.367286E+02	4.921408E+01	5.568179E+03
7.34	-1.199290E+06	4.526813E+02	4.898739E+01	5.568179E+03
7.345	-1.199290E+06	4.595327E+02	4.935976E+01	5.568179E+03
7.35	-1.199290E+06	4.632826E+02	5.002859E+01	5.568179E+03
7.355	-1.199290E+06	4.830054E+02	4.993966E+01	5.568179E+03
7.36	-1.199290E+06	4.727139E+02	4.945003E+01	5.568179E+03
7.365	-1.199290E+06	4.406670E+02	4.890611E+01	5.568179E+03
7.37	-1.199289E+06	4.203880E+02	4.887303E+01	5.568179E+03
7.375	-1.199291E+06	4.625296E+02	4.936122E+01	5.568179E+03
7.38	-1.199290E+06	4.554513E+02	5.005257E+01	5.568179E+03
7.385	-1.199290E+06	4.307467E+02	5.000675E+01	5.568179E+03
7.39	-1.199290E+06	4.389252E+02	5.046357E+01	5.568179E+03
7.395	-1.199290E+06	4.489657E+02	5.180365E+01	5.568179E+03
7.4	-1.199290E+06	4.497291E+02	5.220689E+01	5.568179E+03
7.405	-1.199291E+06	4.462153E+02	5.189905E+01	5.568179E+03
7.41	-1.199290E+06	4.269161E+02	5.156126E+01	5.568179E+03
7.415	-1.199291E+06	4.300403E+02	5.096953E+01	5.568179E+03
7.42	-1.199290E+06	4.296605E+02	5.123428E+01	5.568179E+03
7.425	-1.199291E+06	4.448882E+02	5.149773E+01	5.568179E+03
7.43	-1.199291E+06	4.382487E+02	5.088818E+01	5.568179E+03
7.435	-1.199290E+06	4.170915E+02	4.993112E+01	5.568179E+03
7.44	-1.199290E+06	4.172028E+02	4.929394E+01	5.568179E+03
7.445	-1.199291E+06	4.349616E+02	4.951079E+01	5.568179E+03
7.45	-1.199291E+06	4.348705E+02	5.089092E+01	5.568179E+03
7.455	-1.199291E+06	4.364763E+02	5.187790E+01	5.568179E+03
7.46	-1.199291E+06	4.356174E+02	5.190647E+01	5.568179E+03
7.465	-1.199290E+06	4.097649E+02	5.171440E+01	5.568179E+03
7.47	-1.199291E+06	4.149706E+02	5.134953E+01	5.568179E+03
7.475	-1.199291E+06	4.241098E+02	5.164651E+01	5.568179E+03
7.48	-1.199291E+06	4.144373E+02	5.183832E+01	5.568179E+03
7.485	-1.199291E+06	4.084542E+02	5.123007E+01	5.568179E+03
7.49	-1.199291E+06	4.188195E+02	5.024849E+01	5.568179E+03
7.495	-1.199291E+06	4.117920E+02	4.947641E+01	5.568179E+03
7.5	-1.199291E+06	3.977845E+02	4.970987E+01	5.568179E+03
7.505	-1.199291E+06	3.981579E+02	5.059123E+01	5.568179E+03
7.51	-1.199291E+06	3.984726E+02	5.194528E+01	5.568179E+03
7.515	-1.199291E+06	4.213070E+02	5.264197E+01	5.568179E+03
7.52	-1.199292E+06	4.157439E+02	5.244053E+01	5.568179E+03
7.525	-1.199291E+06	3.796588E+02	5.228100E+01	5.568179E+03
7.53	-1.199292E+06	3.927941E+02	5.187420E+01	5.568179E+03
7.535	-1.199291E+06	3.890231E+02	5.199880E+01	5.568179E+03
7.54	-1.199291E+06	3.904210E+02	5.190260E+01	5.568179E+03
7.545	-1.199292E+06	4.070723E+02	5.144159E+01	5.568179E+03
7.55	-1.199291E+06	3.812018E+02	5.142287E+01	5.568179E+03
7.555	-1.199291E+06	3.761893E+02	5.120454E+01	5.568179E+03
7.56	-1.199292E+06	3.966185E+02	5.144542E+01	5.568179E+03
7.565	-1.199292E+06	3.954153E+02	5.147081E+01	5.568179E+03
7.57	-1.199292E+06	3.834208E+02	5.040191E+01	5.568179E+03
7.575	-1.199291E+06	3.536077E+02	4.960212E+01	5.568179E+03
7.58	-1.199292E+06	3.754369E+02	4.863153E+01	5.568179E+03
7.585	-1.199292E+06	3.792160E+02	4.793332E+01	5.568179E+03
7.59	-1.199291E+06	3.616740E+02	4.763260E+01	5.568179E+03
7.595	-1.199292E+06	3.751973E+02	4.770267E+01	5.568179E+03
7.6	-1.199292E+06	3.681459E+02	4.847892E+01	5.568179E+03
7.605	-1.199292E+06	3.534063E+02	4.889056E+01	5.568179E+03
7.61	-1.199291E+06	3.438056E+02	4.914431E+01	5.568179E+03
7.615	-1.199292E+06	3.666345E+02	4.949725E+01	5.568179E+03
7.62	-1.199292E+06	3.796447E+02	4.957051E+01	5.568179E+03
7.625	-1.199291E+06	3.619983E+02	4.921425E+01	5.568179E+03
7.63	-1.199292E+06	3.690405E+02	4.818388E+01	5.568179E+03
7.635	-1.199292E+06	3.490852E+02	4.718460E+01	5.568179E+03
7.64	-1.199292E+06	3.409813E+02	4.636080E+01	5.568179E+03
7.645	-1.199292E+06	3.489115E+02	4.623692E+01	5.568179E+03
7.65	-1.199292E+06	3.469117E+02	4.684071E+01	5.568179E+03
7.655	-1.199293E+06	3.677610E+02	4.745174E+01	5.568179E+03
7.66	-1.199292E+06	3.532428E+02	4.875207E+01	5.568179E+03
7.665	-1.199292E+06	3.503195E+02	5.016221E+01	5.568179E+03
7.67	-1.199293E+06	3.617817E+02	5.101029E+01	5.568179E+03
7.675	-1.199292E+06	3.349791E+02	5.170071E+01	5.568179E+03
7.68	-1.199292E+06	3.476552E+02	5.126641E+01	5.568179E+03
7.685	-1.199293E+06	3.449806E+02	5.033158E+01	5.568179E+03
7.69	-1.199292E+06	3.217938E+02	4.984752E+01	5.568179E+03
7.695	-1.199293E+06	3.460429E+02	4.928670E+01	5.568179E+03
7.7	-1.199293E+06	3.451770E+02	4.879876E+01	5.568179E+03
7.705	-1.199292E+06	3.241990E+02	4.830124E+01	5.568179E+03
7.71	-1.199293E+06	3.372470E+02	4.772179E+01	5.568179E+03
7.715	-1.199292E+06	3.381680E+02	4.805075E+01	5.568179E+03
7.72	-1.199293E+06	3.500898E+02	4.858321E+01	5.568179E+03
7.725	-1.199293E+06	3.511222E+02	4.845911E+01	5.568179E+03
7.73	-1.199292E+06	3.142670E+02	4.817098E+01	5.568179E+03
7.735	-1.199292E+06	3.041524E+02	4.812531E+01	5.568179E+03
7.74	-1.199293E+06	3.170071E+02	4.847738E+01	5.568179E+03
7.745	-1.199293E+06	3.186744E+02	4.928448E+01	5.568179E+03
7.75	-1.199293E+06	3.183586E+02	4.998111E+01	5.568179E+03
7.755	-1.199293E+06	3.277354E+02	4.984842E+01	5.568179E+03
7.76	-1.199293E+06	3.105162E+02	4.960740E+01	5.568179E+03
7.765	-1.199292E+06	3.108557E+02	4.890932E+01	5.568179E+03
7.77	-1.199293E+06	3.441068E+02	4.755702E+01	5.568179E+03
7.775	-1.199293E+06	3.310632E+02	4.663125E+01	5.568179E+03
7.78	-1.199293E+06	3.229583E+02	4.513742E+01	5.568179E+03
7.785	-1.199294E+06	3.153255E+02	4.362443E+01	5.568179E+03
7.79	-1.199292E+06	2.694659E+02	4.365276E+01	5.568179E+03
7.795	-1.199294E+06	3.015951E+02	4.355316E+01	5.568179E+03
7.8	-1.199293E+06	3.015291E+02	4.419921E+01	5.568179E+03
7.805	-1.199293E+06	2.923655E+02	4.579878E+01	5.568179E+03
7.81	-1.199294E+06	3.187844E+02	4.724816E+01	5.568179E+03
7.815	-1.199293E+06	3.023523E+02	4.864058E+01	5.568179E+03
7.82	-1.199293E+06	2.984470E+02	4.904259E+01	5.568179E+03
7.825	-1.199293E+06	2.933580E+02	4.898931E+01	5.568179E+03
7.83	-1.199293E+06	2.981001E+02	4.948606E+01	5.568179E+03
7.835	-1.199293E+06	3.030661E+02	5.019137E+01	5.568179E+03
7.84	-1.199293E+06	2.953490E+02	5.009621E+01	5.568179E+03
7.845	-1.199294E+06	2.921275E+02	4.887837E+01	5.568179E+03
7.85	-1.199293E+06	2.753423E+02	4.730445E+01	5.568179E+03
7.855	-1.199294E+06	2.871308E+02	4.597764E+01	5.568179E+03
7.86	-1.199293E+06	2.782889E+02	4.574143E+01	5.568179E+03
7.865	-1.199293E+06	2.822715E+02	4.560802E+01	5.568179E+03
7.87	-1.199294E+06	3.027017E+02	4.513928E+01	5.568179E+03
7.875	-1.199293E+06	2.826290E+02	4.502840E+01	5.568179E+03
7.88	-1.199293E+06	2.866339E+02	4.512284E+01	5.568179E+03
7.885	-1.199294E+06	3.008710E+02	4.596076E+01	5.568179E+03
7.89	-1.199294E+06	2.922467E+02	4.714819E+01	5.568179E+03
7.895	-1.199294E+06	2.817807E+02	4.803998E+01	5.568179E+03
7.9	-1.199294E+06	2.772722E+02	4.899202E+01	5.568179E+03
7.905	-1.199293E+06	2.782102E+02	4.990475E+01	5.568179E+03
7.91	-1.199294E+06	2.890172E+02	5.063660E+01	5.568179E+03
7.915	-1.199294E+06	2.743308E+02	5.120693E+01	5.568179E+03
7.92	-1.199294E+06	2.720793E+02	5.089329E+01	5.568179E+03
7.925	-1.199294E+06	2.709920E+02	5.000391E+01	5.568179E+03
7.93	-1.199293E+06	2.540618E+02	4.899074E+01	5.568179E+03
7.935	-1.199294E+06	2.640387E+02	4.785290E+01	5.568179E+03
7.94	-1.199294E+06	2.635907E+02	4.735047E+01	5.568179E+03
7.945	-1.199294E+06	2.622662E+02	4.732175E+01	5.568179E+03
7.95	-1.199294E+06	2.729574E+02	4.755223E+01	5.568179E+03
7.955	-1.199294E+06	2.592989E+02	4.847120E+01	5.568179E+03
7.96	-1.199294E+06	2.612739E+02	4.919468E+01	5.568179E+03
7.965	-1.199294E+06	2.758921E+02	4.960719E+01	5.568179E+03
7.97	-1.199294E+06	2.723446E+02	5.006986E+01	5.568179E+03
7.975	-1.199294E+06	2.593188E+02	5.047183E+01	5.568179E+03
7.98	-1.199294E+06	2.467710E+02	5.107664E+01	5.568179E+03
7.985	-1.199294E+06	2.461718E+02	5.144962E+01	5.568179E+03
7.99	-1.199294E+06	2.484606E+02	5.143405E+01	5.568179E+03
7.995	-1.199295E+06	2.593670E+02	5.172911E+01	5.568179E+03
8.0	-1.199294E+06	2.503343E+02	5.244352E+01	5.568179E+03
8.005	-1.199295E+06	2.575079E+02	5.220534E+01	5.568179E+03
8.01	-1.199294E+06	2.490070E+02	5.135803E+01	5.568179E+03
8.015	-1.199294E+06	2.450269E+02	5.043065E+01	5.568179E+03
8.02	-1.199295E+06	2.613035E+02	4.968031E+01	5.568179E+03
8.025	-1.199294E+06	2.502764E+02	4.991595E+01	5.568179E+03
8.03	-1.199294E+06	2.505272E+02	5.057848E+01	5.568179E+03
8.035	-1.199295E+06	2.501895E+02	5.098020E+01	5.568179E+03
8.04	-1.199294E+06	2.400690E+02	5.129901E+01	5.568179E+03
8.045	-1.199294E+06	2.394919E+02	5.192494E+01	5.568179E+03
8.05	-1.199295E+06	2.459766E+02	5.278581E+01	5.568179E+03
8.055	-1.199294E+06	2.316350E+02	5.372249E+01	5.568179E+03
8.06	-1.199294E+06	2.376880E+02	5.395814E+01	5.568179E+03
8.065	-1.199295E+06	2.567339E+02	5.339775E+01	5.568179E+03
8.07	-1.199294E+06	2.403525E+02	5.301138E+01	5.568179E+03
8.075	-1.199295E+06	2.418805E+02	5.252105E+01	5.568179E+03
8.08	-1.199295E+06	2.355085E+02	5.213198E+01	5.568179E+03
8.085	-1.199295E+06	2.250439E+02	5.176820E+01	5.568179E+03
8.09	-1.199295E+06	2.394636E+02	5.107354E+01	5.568179E+03
8.095	-1.199295E+06	2.390949E+02	5.067623E+01	5.568179E+03
8.1	-1.199295E+06	2.166572E+02	5.034734E+01	5.568179E+03
8.105	-1.199295E+06	2.243826E+02	4.981378E+01	5.568179E+03
8.11	-1.199295E+06	2.280767E+02	4.965642E+01	5.568179E+03
8.115	-1.199295E+06	2.106971E+02	4.973535E+01	5.568179E+03
8.12	-1.199295E+06	2.228247E+02	5.027979E+01	5.568179E+03
8.125	-1.199295E+06	2.351764E+02	5.162845E+01	5.568179E+03
8.13	-1.199295E+06	2.347018E+02	5.283591E+01	5.568179E+03
8.135	-1.199295E+06	2.236137E+02	5.365896E+01	5.568179E+03
8.14	-1.199295E+06	2.104733E+02	5.398472E+01	5.568179E+03
8.145	-1.199295E+06	2.180844E+02	5.363795E+01	5.568179E+03
8.15	-1.199295E+06	2.154635E+02	5.312233E+01	5.568179E+03
8.155	-1.199295E+06	2.186828E+02	5.220262E+01	5.568179E+03
8.16	-1.199295E+06	2.124642E+02	5.152021E+01	5.568179E+03
8.165	-1.199295E+06	2.166958E+02	5.133507E+01	5.568179E+03
8.17	-1.199296E+06	2.297926E+02	5.129898E+01	5.568179E+03
8.175	-1.199295E+06	2.130271E+02	5.135861E+01	5.568179E+03
8.18	-1.199295E+06	2.184155E+02	5.087132E+01	5.568179E+03
8.185	-1.199295E+06	2.213791E+02	5.078853E+01	5.568179E+03
8.19	-1.199296E+06	2.175379E+02	5.122283E+01	5.568179E+03
8.195	-1.199295E+06	2.137978E+02	5.161208E+01	5.568179E+03
8.2	-1.199295E+06	2.110427E+02	5.238019E+01	5.568179E+03
8.205	-1.199295E+06	2.093538E+02	5.287763E+01	5.568179E+03
8.21	-1.199295E+06	2.132724E+02	5.285212E+01	5.568179E+03
8.215	-1.199296E+06	2.156643E+02	5.313012E+01	5.568179E+03
8.22	-1.199295E+06	2.038969E+02	5.323764E+01	5.568179E+03
8.225	-1.199295E+06	1.941499E+02	5.312387E+01	5.568179E+03
8.23	-1.199295E+06	1.913175E+02	5.313485E+01	5.568179E+03
8.235	-1.199296E+06	2.022061E+02	5.289557E+01	5.568179E+03
8.24	-1.199296E+06	2.120800E+02	5.280221E+01	5.568179E+03
8.245	-1.199296E+06	2.036371E+02	5.301622E+01	5.568179E+03
8.25	-1.199296E+06	2.001902E+02	5.302628E+01	5.568179E+03
8.255	-1.199296E+06	1.974549E+02	5.290835E+01	5.568179E+03
8.26	-1.199296E+06	1.993739E+02	5.274728E+01	5.568179E+03
8.265	-1.199295E+06	1.934847E+02	5.279099E+01	5.568179E+03
8.27	-1.199296E+06	1.998349E+02	5.291344E+01	5.568179E+03
8.275	-1.199296E+06	1.949966E+02	5.312653E+01	5.568179E+03
8.28	-1.199295E+06	1.863496E+02	5.319718E+01	5.568179E+03
8.285	-1.199296E+06	2.043915E+02	5.322284E+01	5.568179E+03
8.29	-1.199296E+06	1.964917E+02	5.361226E+01	5.568179E+03
8.295	-1.199296E+06	1.925249E+02	5.371137E+01	5.568179E+03
8.3	-1.199296E+06	1.995539E+02	5.371446E+01	5.568179E+03
8.305	-1.199296E+06	1.894211E+02	5.380680E+01	5.568179E+03
8.31	-1.199296E+06	1.953519E+02	5.338740E+01	5.568179E+03
8.315	-1.199296E+06	1.854947E+02	5.325875E+01	5.568179E+03
8.32	-1.199296E+06	1.991178E+02	5.326872E+01	5.568179E+03
8.325	-1.199296E+06	2.079836E+02	5.349424E+01	5.568179E+03
8.33	-1.199296E+06	1.940698E+02	5.404488E+01	5.568179E+03
8.335	-1.199296E+06	1.911910E+02	5.423220E+01	5.568179E+03
8.34	-1.199296E+06	1.803692E+02	5.420409E+01	5.568179E+03
8.345	-1.199296E+06	1.798253E+02	5.414829E+01	5.568179E+03
8.35	-1.199296E+06	1.825002E+02	5.425496E+01	5.568179E+03
8.355	-1.199296E+06	1.813613E+02	5.475414E+01	5.568179E+03
8.36	-1.199296E+06	1.837556E+02	5.521147E+01	5.568179E+03
8.365	-1.199296E+06	1.848071E+02	5.516543E+01	5.568179E+03
8.37	-1.199296E+06	1.934405E+02	5.476165E+01	5.568179E+03
8.375	-1.199296E+06	1.772184E+02	5.462492E+01	5.568179E+03
8.38	-1.199296E+06	1.735465E+02	5.482400E+01	5.568179E+03
8.385	-1.199296E+06	1.891686E+02	5.519475E+01	5.568179E+03
8.39	-1.199296E+06	1.781774E+02	5.533428E+01	5.568179E+03
8.395	-1.199296E+06	1.724875E+02	5.490828E+01	5.568179E+03
8.4	-1.199296E+06	1.718434E+02	5.438644E+01	5.568179E+03
8.405	-1.199296E+06	1.742185E+02	5.383718E+01	5.568179E+03
8.41	-1.199296E+06	1.679329E+02	5.371117E+01	5.568179E+03
8.415	-1.199296E+06	1.722776E+02	5.408249E+01	5.568179E+03
8.42	-1.199296E+06	1.776647E+02	5.453798E+01	5.568179E+03
8.425	-1.199296E+06	1.779091E+02	5.482786E+01	5.568179E+03
8.43	-1.199296E+06	1.760579E+02	5.525810E+01	5.568179E+03
8.435	-1.199296E+06	1.736312E+02	5.613094E+01	5.568179E+03
8.44	-1.199296E+06	1.779080E+02	5.708812E+01	5.568179E+03
8.445	-1.199296E+06	1.761235E+02	5.748327E+01	5.568179E+03
8.45	-1.199296E+06	1.736977E+02	5.708422E+01	5.568179E+03
8.455	-1.199296E+06	1.711483E+02	5.626351E+01	5.568179E+03
8.46	-1.199296E+06	1.647766E+02	5.550131E+01	5.568179E+03
8.465	-1.199296E+06	1.635731E+02	5.495104E+01	5.568179E+03
8.47	-1.199296E+06	1.663109E+02	5.445321E+01	5.568179E+03
8.475	-1.199296E+06	1.708070E+02	5.403342E+01	5.568179E+03
8.48	-1.199297E+06	1.754426E+02	5.374440E+01	5.568179E+03
8.485	-1.199296E+06	1.629235E+02	5.365238E+01	5.568179E+03
8.49	-1.199296E+06	1.586529E+02	5.376943E+01	5.568179E+03
8.495	-1.199297E+06	1.661150E+02	5.406837E+01	5.568179E+03
8.5	-1.199296E+06	1.619338E+02	5.441605E+01	5.568179E+03
8.505	-1.199296E+06	1.582907E+02	5.476158E+01	5.568179E+03
8.51	-1.199296E+06	1.609142E+02	5.514768E+01	5.568179E+03
8.515	-1.199296E+06	1.656411E+02	5.581870E+01	5.568179E+03
8.52	-1.199297E+06	1.712069E+02	5.673418E+01	5.568179E+03
8.525	-1.199297E+06	1.658619E+02	5.730926E+01	5.568179E+03
8.53	-1.199297E+06	1.621371E+02	5.720626E+01	5.568179E+03
8.535	-1.199297E+06	1.598934E+02	5.668093E+01	5.568179E+03
8.54	-1.199297E+06	1.557859E+02	5.587917E+01	5.568179E+03
8.545	-1.199297E+06	1.540443E+02	5.527249E+01	5.568179E+03
8.55	-1.199296E+06	1.521574E+02	5.506464E+01	5.568179E+03
8.555	-1.199297E+06	1.592610E+02	5.463161E+01	5.568179E+03
8.56	-1.199297E+06	1.580629E+02	5.428911E+01	5.568179E+03
8.565	-1.199297E+06	1.551770E+02	5.428002E+01	5.568179E+03
8.57	-1.199297E+06	1.563657E+02	5.453466E+01	5.568179E+03
8.575	-1.199296E+06	1.493609E+02	5.515111E+01	5.568179E+03
8.58	-1.199297E+06	1.562595E+02	5.531097E+01	5.568179E+03
8.585	-1.199297E+06	1.559152E+02	5.508464E+01	5.568179E+03
8.59	-1.199296E+06	1.508630E+02	5.493863E+01	5.568179E+03
8.595	-1.199297E+06	1.541494E+02	5.483842E+01	5.568179E+03
8.6	-1.199297E+06	1.493894E+02	5.518739E+01	5.568179E+03
8.605	-1.199297E+06	1.533180E+02	5.559670E+01	5.568179E+03
8.61	-1.199297E+06	1.561327E+02	5.558811E+01	5.568179E+03
8.615	-1.199297E+06	1.489241E+02	5.529765E+01	5.568179E+03
8.62	-1.199297E+06	1.518327E+02	5.463523E+01	5.568179E+03
8.625	-1.199297E+06	1.512645E+02	5.403744E+01	5.568179E+03
8.63	-1.199297E+06	1.450295E+02	5.393374E+01	5.568179E+03
8.635	-1.199297E+06	1.442998E+02	5.396606E+01	5.568179E+03
8.64	-1.199297E+06	1.411829E+02	5.397070E+01	5.568179E+03
8.645	-1.199297E+06	1.470590E+02	5.406287E+01	5.568179E+03
8.65	-1.199297E+06	1.523556E+02	5.437302E+01	5.568179E+03
8.655	-1.199297E+06	1.515753E+02	5.478830E+01	5.568179E+03
8.66	-1.199297E+06	1.500909E+02	5.518268E+01	5.568179E+03
8.665	-1.199297E+06	1.407063E+02	5.552838E+01	5.568179E+03
8.67	-1.199297E+06	1.467665E+02	5.556255E+01	5.568179E+03
8.675	-1.199297E+06	1.478023E+02	5.555422E+01	5.568179E+03
8.68	-1.199297E+06	1.406806E+02	5.562009E+01	5.568179E+03
8.685	-1.199297E+06	1.388274E+02	5.592171E+01	5.568179E+03
8.69	-1.199297E+06	1.354762E+02	5.646560E+01	5.568179E+03
8.695	-1.199297E+06	1.480265E+02	5.636582E+01	5.568179E+03
8.7	-1.199297E+06	1.388079E+02	5.590852E+01	5.568179E+03
8.705	-1.199297E+06	1.348925E+02	5.552336E+01	5.568179E+03
8.71	-1.199297E+06	1.456361E+02	5.526851E+01	5.568179E+03
8.715	-1.199297E+06	1.335617E+02	5.534864E+01	5.568179E+03
8.72	-1.199297E+06	1.421862E+02	5.507620E+01	5.568179E+03
8.725	-1.199297E+06	1.436508E+02	5.454034E+01	5.568179E+03
8.73	-1.199297E+06	1.381635E+02	5.414128E+01	5.568179E+03
8.735	-1.199297E+06	1.420472E+02	5.393047E+01	5.568179E+03
8.74	-1.199297E+06	1.274277E+02	5.435282E+01	5.568179E+03
8.745	-1.199297E+06	1.325191E+02	5.496109E+01	5.568179E+03
8.75	-1.199297E+06	1.412011E+02	5.521287E+01	5.568179E+03
8.755	-1.199297E+06	1.375603E+02	5.516396E+01	5.568179E+03
8.76	-1.199297E+06	1.314447E+02	5.517066E+01	5.568179E+03
8.765	-1.199297E+06	1.321633E+02	5.552559E+01	5.568179E+03
8.77	-1.199297E+06	1.349895E+02	5.600761E+01	5.568179E+03
8.775	-1.199297E+06	1.305403E+02	5.623083E+01	5.568179E+03
8.78	-1.199297E+06	1.333084E+02	5.618621E+01	5.568179E+03
8.785	-1.199297E+06	1.345798E+02	5.615820E+01	5.568179E+03
8.79	-1.199297E+06	1.352450E+02	5.622917E+01	5.568179E+03
8.795	-1.199297E+06	1.365654E+02	5.636097E+01	5.568179E+03
8.8	-1.199297E+06	1.381835E+02	5.644718E+01	5.568179E+03
8.805	-1.199297E+06	1.356627E+02	5.642197E+01	5.568179E+03
8.81	-1.199297E+06	1.320705E+02	5.621753E+01	5.568179E+03
8.815	-1.199297E+06	1.335730E+02	5.591610E+01	5.568179E+03
8.82	-1.199297E+06	1.321997E+02	5.581492E+01	5.568179E+03
8.825	-1.199297E+06	1.349923E+02	5.583804E+01	5.568179E+03
8.83	-1.199297E+06	1.305436E+02	5.569080E+01	5.568179E+03
8.835	-1.199297E+06	1.318086E+02	5.527488E+01	5.568179E+03
8.84	-1.199297E+06	1.302594E+02	5.503150E+01	5.568179E+03
8.845	-1.199297E+06	1.282899E+02	5.509577E+01	5.568179E+03
8.85	-1.199297E+06	1.356247E+02	5.537387E+01	5.568179E+03
8.855	-1.199297E+06	1.315435E+02	5.559748E+01	5.568179E+03
8.86	-1.199297E+06	1.313316E+02	5.538124E+01	5.568179E+03
8.865	-1.199297E+06	1.262467E+02	5.518547E+01	5.568179E+03
8.87	-1.199297E+06	1.244326E+02	5.510057E+01	5.568179E+03
8.875	-1.199297E+06	1.298623E+02	5.502937E+01	5.568179E+03
8.88	-1.199297E+06	1.215499E+02	5.511714E+01	5.568179E+03
8.885	-1.199297E+06	1.233819E+02	5.490550E+01	5.568179E+03
8.89	-1.199297E+06	1.271992E+02	5.456055E+01	5.568179E+03
8.895	-1.199297E+06	1.263481E+02	5.439245E+01	5.568179E+03
8.9	-1.199297E+06	1.303680E+02	5.430959E+01	5.568179E+03
8.905	-1.199297E+06	1.271405E+02	5.461905E+01	5.568179E+03
8.91	-1.199297E+06	1.202600E+02	5.503053E+01	5.568179E+03
8.915	-1.199297E+06	1.250281E+02	5.503105E+01	5.568179E+03
8.92	-1.199297E+06	1.261861E+02	5.489322E+01	5.568179E+03
8.925	-1.199297E+06	1.252653E+02	5.475633E+01	5.568179E+03
8.93	-1.199298E+06	1.288093E+02	5.477077E+01	5.568179E+03
8.935	-1.199297E+06	1.222410E+02	5.490958E+01	5.568179E+03
8.94	-1.199297E+06	1.187427E+02	5.470383E+01	5.568179E+03
8.945	-1.199297E+06	1.223638E+02	5.439634E+01	5.568179E+03
8.95	-1.199298E+06	1.253413E+02	5.422864E+01	5.568179E+03
8.955	-1.199297E+06	1.193967E+02	5.425968E+01	5.568179E+03
8.96	-1.199297E+06	1.234791E+02	5.463194E+01	5.568179E+03
8.965	-1.199298E+06	1.303868E+02	5.507870E+01	5.568179E+03
8.97	-1.199297E+06	1.239250E+02	5.509866E+01	5.568179E+03
8.975	-1.199297E+06	1.172622E+02	5.469585E+01	5.568179E+03
8.98	-1.199297E+06	1.166063E+02	5.440409E+01	5.568179E+03
8.985	-1.199298E+06	1.233852E+02	5.449216E+01	5.568179E+03
8.99	-1.199297E+06	1.192179E+02	5.498278E+01	5.568179E+03
8.995	-1.199297E+06	1.181275E+02	5.557306E+01	5.568179E+03
9.0	-1.199298E+06	1.212362E+02	5.585612E+01	5.568179E+03
9.005	-1.199297E+06	1.167146E+02	5.583374E+01	5.568179E+03
9.01	-1.199298E+06	1.231733E+02	5.569691E+01	5.568179E+03
9.015	-1.199297E+06	1.267191E+02	5.548861E+01	5.568179E+03
9.02	-1.199298E+06	1.250957E+02	5.507203E+01	5.568179E+03
9.025	-1.199297E+06	1.195009E+02	5.454021E+01	5.568179E+03
9.03	-1.199297E+06	1.167195E+02	5.395815E+01	5.568179E+03
9.035	-1.199297E+06	1.125654E+02	5.356162E+01	5.568179E+03
9.04	-1.199297E+06	1.116560E+02	5.354168E+01	5.568179E+03
9.045	-1.199298E+06	1.166154E+02	5.372421E+01	5.568179E+03
9.05	-1.199297E+06	1.124930E+02	5.387788E+01	5.568179E+03
9.055	-1.199298E+06	1.195344E+02	5.387084E+01	5.568179E+03
9.06	-1.199298E+06	1.185221E+02	5.386386E+01	5.568179E+03
9.065	-1.199297E+06	1.164927E+02	5.385825E+01	5.568179E+03
9.07	-1.199298E+06	1.240880E+02	5.407124E+01	5.568179E+03
9.075	-1.199297E+06	1.168861E+02	5.440451E+01	5.568179E+03
9.08	-1.199298E+06	1.181389E+02	5.431073E+01	5.568179E+03
9.085	-1.199297E+06	1.128250E+02	5.415050E+01	5.568179E+03
9.09	-1.199298E+06	1.102377E+02	5.391137E+01	5.568179E+03
9.095	-1.199297E+06	1.079347E+02	5.376944E+01	5.568179E+03
9.1	-1.199297E+06	1.087251E+02	5.379615E+01	5.568179E+03
9.105	-1.199298E+06	1.137648E+02	5.359058E+01	5.568179E+03
9.11	-1.199298E+06	1.105700E+02	5.317521E+01	5.568179E+03
9.115	-1.199298E+06	1.062947E+02	5.283988E+01	5.568179E+03
9.12	-1.199297E+06	1.061964E+02	5.281220E+01	5.568179E+03
9.125	-1.199298E+06	1.202154E+02	5.280796E+01	5.568179E+03
9.13	-1.199298E+06	1.155877E+02	5.282447E+01	5.568179E+03
9.135	-1.199297E+06	1.140839E+02	5.275896E+01	5.568179E+03
9.14	-1.199298E+06	1.221996E+02	5.257101E+01	5.568179E+03
9.145	-1.199297E+06	1.111980E+02	5.255481E+01	5.568179E+03
9.15	-1.199298E+06	1.118626E+02	5.255077E+01	5.568179E+03
9.155	-1.199298E+06	1.114409E+02	5.274044E+01	5.568179E+03
9.16	-1.199298E+06	1.101928E+02	5.302055E+01	5.568179E+03
9.165	-1.199298E+06	1.127370E+02	5.295646E+01	5.568179E+03
9.17	-1.199298E+06	1.104677E+02	5.266607E+01	5.568179E+03
9.175	-1.199298E+06	1.117596E+02	5.245154E+01	5.568179E+03
9.18	-1.199297E+06	1.102840E+02	5.239166E+01	5.568179E+03
9.185	-1.199298E+06	1.132400E+02	5.216237E+01	5.568179E+03
9.19	-1.199297E+06	1.056033E+02	5.177559E+01	5.568179E+03
9.195	-1.199298E+06	1.090087E+02	5.128300E+01	5.568179E+03
9.2	-1.199298E+06	1.155216E+02	5.107529E+01	5.568179E+03
9.205	-1.199297E+06	1.065653E+02	5.132332E+01	5.568179E+03
9.21	-1.199298E+06	1.122935E+02	5.159635E+01	5.568179E+03
9.215	-1.199298E+06	1.123191E+02	5.184488E+01	5.568179E+03
9.22	-1.199297E+06	1.053003E+02	5.195712E+01	5.568179E+03
9.225	-1.199298E+06	1.084303E+02	5.199749E+01	5.568179E+03
9.23	-1.199298E+06	1.056934E+02	5.222480E+01	5.568179E+03
9.235	-1.199298E+06	1.107859E+02	5.238579E+01	5.568179E+03
9.24	-1.199298E+06	1.112852E+02	5.236206E+01	5.568179E+03
9.245	-1.199298E+06	1.023526E+02	5.199679E+01	5.568179E+03
9.25	-1.199298E+06	1.016462E+02	5.144371E+01	5.568179E+03
9.255	-1.199298E+06	1.029851E+02	5.107325E+01	5.568179E+03
9.26	-1.199298E+06	1.078312E+02	5.083552E+01	5.568179E+03
9.265	-1.199298E+06	1.039045E+02	5.084866E+01	5.568179E+03
9.27	-1.199298E+06	1.048734E+02	5.084622E+01	5.568179E+03
9.275	-1.199298E+06	1.093406E+02	5.085561E+01	5.568179E+03
9.28	-1.199298E+06	1.059186E+02	5.101014E+01	5.568179E+03
9.285	-1.199298E+06	1.082110E+02	5.114910E+01	5.568179E+03
9.29	-1.199298E+06	1.036048E+02	5.157274E+01	5.568179E+03
9.295	-1.199298E+06	1.029946E+02	5.199381E+01	5.568179E+03
9.3	-1.199298E+06	1.071390E+02	5.222377E+01	5.568179E+03
9.305	-1.199298E+06	1.022639E+02	5.248811E+01	5.568179E+03
9.31	-1.199298E+06	1.019855E+02	5.268634E+01	5.568179E+03
9.315	-1.199298E+06	1.015833E+02	5.306726E+01	5.568179E+03
9.32	-1.199298E+06	1.065956E+02	5.342919E+01	5.568179E+03
9.325	-1.199298E+06	1.077158E+02	5.350629E+01	5.568179E+03
9.33	-1.199297E+06	1.025122E+02	5.338990E+01	5.568179E+03
9.335	-1.199298E+06	1.086053E+02	5.299267E+01	5.568179E+03
9.34	-1.199298E+06	1.059145E+02	5.267437E+01	5.568179E+03
9.345	-1.199298E+06	1.058938E+02	5.244056E+01	5.568179E+03
9.35	-1.199298E+06	1.081418E+02	5.202661E+01	5.568179E+03
9.355	-1.199298E+06	1.026669E+02	5.142306E+01	5.568179E+03
9.36	-1.199298E+06	1.011751E+02	5.089186E+01	5.568179E+03
9.365	-1.199298E+06	9.890806E+01	5.086489E+01	5.568179E+03
9.37	-1.199298E+06	1.045391E+02	5.118025E+01	5.568179E+03
9.375	-1.199298E+06	1.043509E+02	5.164684E+01	5.568179E+03
9.38	-1.199298E+06	1.068462E+02	5.196663E+01	5.568179E+03
9.385	-1.199298E+06	1.055634E+02	5.209505E+01	5.568179E+03
9.39	-1.199298E+06	9.692075E+01	5.234080E+01	5.568179E+03
9.395	-1.199298E+06	1.053657E+02	5.264324E+01	5.568179E+03
9.4	-1.199298E+06	1.050422E+02	5.291560E+01	5.568179E+03
9.405	-1.199298E+06	9.766407E+01	5.300932E+01	5.568179E+03
9.41	-1.199298E+06	1.026042E+02	5.278229E+01	5.568179E+03
9.415	-1.199298E+06	1.026382E+02	5.248607E+01	5.568179E+03
9.42	-1.199298E+06	1.044304E+02	5.220057E+01	5.568179E+03
9.425	-1.199298E+06	1.026846E+02	5.197735E+01	5.568179E+03
9.43	-1.199298E+06	1.052801E+02	5.159620E+01	5.568179E+03
9.435	-1.199298E+06	1.029200E+02	5.101775E+01	5.568179E+03
9.44	-1.199298E+06	9.911749E+01	5.051805E+01	5.568179E+03
9.445	-1.199298E+06	1.007651E+02	5.031134E+01	5.568179E+03
9.45	-1.199298E+06	9.910305E+01	5.037047E+01	5.568179E+03
9.455	-1.199298E+06	9.948732E+01	5.063536E+01	5.568179E+03
9.46	-1.199298E+06	9.878793E+01	5.101151E+01	5.568179E+03
9.465	-1.199298E+06	9.923339E+01	5.121787E+01	5.568179E+03
9.47	-1.199298E+06	1.022024E+02	5.134651E+01	5.568179E+03
9.475	-1.199298E+06	1.089306E+02	5.150988E+01	5.568179E+03
9.48	-1.199298E+06	1.071645E+02	5.158678E+01	5.568179E+03
9.485	-1.199298E+06	1.002418E+02	5.149284E+01	5.568179E+03
9.49	-1.199298E+06	1.038279E+02	5.110738E+01	5.568179E+03
9.495	-1.199298E+06	9.867382E+01	5.052780E+01	5.568179E+03
9.5	-1.199298E+06	9.321857E+01	5.005408E+01	5.568179E+03
9.505	-1.199298E+06	9.973597E+01	4.999146E+01	5.568179E+03
9.51	-1.199298E+06	1.012729E+02	5.026603E+01	5.568179E+03
9.515	-1.199298E+06	9.622437E+01	5.048469E+01	5.568179E+03
9.52	-1.199298E+06	9.440895E+01	5.049845E+01	5.568179E+03
9.525	-1.199298E+06	9.932310E+01	5.038859E+01	5.568179E+03
9.53	-1.199298E+06	9.696045E+01	5.047885E+01	5.568179E+03
9.535	-1.199298E+06	1.040881E+02	5.073239E+01	5.568179E+03
9.54	-1.199298E+06	1.059665E+02	5.095691E+01	5.568179E+03
9.545	-1.199298E+06	9.578794E+01	5.085347E+01	5.568179E+03
9.55	-1.199298E+06	9.962722E+01	5.045365E+01	5.568179E+03
9.555	-1.199298E+06	1.018482E+02	5.034254E+01	5.568179E+03
9.56	-1.199298E+06	1.036808E+02	5.041693E+01	5.568179E+03
9.565	-1.199298E+06	1.023068E+02	5.047747E+01	5.568179E+03
9.57	-1.199298E+06	9.455803E+01	5.042659E+01	5.568179E+03
9.575	-1.199298E+06	9.926906E+01	5.000578E+01	5.568179E+03
9.58	-1.199298E+06	9.795989E+01	4.975022E+01	5.568179E+03
9.585	-1.199298E+06	9.772402E+01	4.978080E+01	5.568179E+03
9.59	-1.199298E+06	1.018698E+02	4.995441E+01	5.568179E+03
9.595	-1.199298E+06	9.652596E+01	5.049641E+01	5.568179E+03
9.6	-1.199298E+06	1.003263E+02	5.123239E+01	5.568179E+03
9.605	-1.199298E+06	1.035566E+02	5.202647E+01	5.568179E+03
9.61	-1.199298E+06	9.917691E+01	5.270484E+01	5.568179E+03
9.615	-1.199298E+06	9.713801E+01	5.310433E+01	5.568179E+03
9.62	-1.199298E+06	9.393238E+01	5.328917E+01	5.568179E+03
9.625	-1.199298E+06	9.897693E+01	5.307408E+01	5.568179E+03
9.63	-1.199298E+06	1.013100E+02	5.250222E+01	5.568179E+03
9.635	-1.199298E+06	1.015083E+02	5.162135E+01	5.568179E+03
9.64	-1.199298E+06	9.685847E+01	5.066415E+01	5.568179E+03
9.645	-1.199298E+06	8.973292E+01	5.003655E+01	5.568179E+03
9.65	-1.199298E+06	9.319950E+01	4.986757E+01	5.568179E+03
9.655	-1.199298E+06	9.713524E+01	5.002754E+01	5.568179E+03
9.66	-1.199298E+06	1.000636E+02	5.018253E+01	5.568179E+03
9.665	-1.199298E+06	9.759949E+01	5.047346E+01	5.568179E+03
9.67	-1.199298E+06	9.546612E+01	5.121217E+01	5.568179E+03
9.675	-1.199298E+06	1.021031E+02	5.214647E+01	5.568179E+03
9.68	-1.199298E+06	9.753748E+01	5.299259E+01	5.568179E+03
9.685	-1.199298E+06	1.016633E+02	5.325682E+01	5.568179E+03
9.69	-1.199298E+06	1.026670E+02	5.300834E+01	5.568179E+03
9.695	-1.199298E+06	9.151156E+01	5.289555E+01	5.568179E+03
9.7	-1.199298E+06	9.828788E+01	5.296888E+01	5.568179E+03
9.705	-1.199298E+06	1.008185E+02	5.301783E+01	5.568179E+03
9.71	-1.199298E+06	9.295188E+01	5.275606E+01	5.568179E+03
9.715	-1.199298E+06	9.852892E+01	5.194193E+01	5.568179E+03
9.72	-1.199298E+06	9.890656E+01	5.127573E+01	5.568179E+03
9.725	-1.199298E+06	9.578077E+01	5.103086E+01	5.568179E+03
9.73	-1.199298E+06	1.017284E+02	5.080185E+01	5.568179E+03
9.735	-1.199298E+06	1.022169E+02	5.067805E+01	5.568179E+03
9.74	-1.199298E+06	9.789702E+01	5.057498E+01	5.568179E+03
9.745	-1.199298E+06	9.760894E+01	5.073698E+01	5.568179E+03
9.75	-1.199298E+06	9.761610E+01	5.163899E+01	5.568179E+03
9.755	-1.199298E+06	9.787238E+01	5.268076E+01	5.568179E+03
9.76	-1.199298E+06	9.910134E+01	5.342534E+01	5.568179E+03
9.765	-1.199298E+06	9.444820E+01	5.401458E+01	5.568179E+03
9.77	-1.199298E+06	9.870143E+01	5.408153E+01	5.568179E+03
9.775	-1.199298E+06	1.002272E+02	5.394990E+01	5.568179E+03
9.78	-1.199298E+06	9.603768E+01	5.384349E+01	5.568179E+03
9.785	-1.199298E+06	1.024092E+02	5.336447E+01	5.568179E+03
9.79	-1.199298E+06	1.013440E+02	5.290607E+01	5.568179E+03
9.795	-1.199298E+06	9.342852E+01	5.257959E+01	5.568179E+03
9.8	-1.199298E+06	9.482302E+01	5.220715E+01	5.568179E+03
9.805	-1.199298E+06	9.581586E+01	5.217487E+01	5.568179E+03
9.81	-1.199298E+06	9.251487E+01	5.240820E+01	5.568179E+03
9.815	-1.199298E+06	9.710381E+01	5.264498E+01	5.568179E+03
9.82	-1.199298E+06	9.408523E+01	5.308083E+01	5.568179E+03
9.825	-1.199298E+06	9.325639E+01	5.339426E+01	5.568179E+03
9.83	-1.199298E+06	1.024815E+02	5.348049E+01	5.568179E+03
9.835	-1.199298E+06	9.533870E+01	5.379031E+01	5.568179E+03
9.84	-1.199298E+06	9.717854E+01	5.402624E+01	5.568179E+03
9.845	-1.199298E+06	1.032228E+02	5.405765E+01	5.568179E+03
9.85	-1.199298E+06	9.678588E+01	5.386194E+01	5.568179E+03
9.855	-1.199298E+06	9.802011E+01	5.329055E+01	5.568179E+03
9.86	-1.199298E+06	9.503240E+01	5.290204E+01	5.568179E+03
9.865	-1.199298E+06	8.988599E+01	5.288267E+01	5.568179E+03
9.87	-1.199298E+06	9.344622E+01	5.304182E+01	5.568179E+03
9.875	-1.199298E+06	1.005483E+02	5.329351E+01	5.568179E+03
9.88	-1.199298E+06	1.066327E+02	5.328186E+01	5.568179E+03
9.885	-1.199298E+06	1.020403E+02	5.308945E+01	5.568179E+03
9.89	-1.199298E+06	9.880146E+01	5.321171E+01	5.568179E+03
9.895	-1.199298E+06	9.754695E+01	5.377223E+01	5.568179E+03
9.9	-1.199298E+06	1.024957E+02	5.429791E+01	5.568179E+03
9.905	-1.199298E+06	9.987064E+01	5.472293E+01	5.568179E+03
9.91	-1.199298E+06	9.595772E+01	5.521023E+01	5.568179E+03
9.915	-1.199298E+06	1.018630E+02	5.570665E+01	5.568179E+03
9.92	-1.199298E+06	9.623998E+01	5.625417E+01	5.568179E+03
9.925	-1.199298E+06	9.762225E+01	5.638937E+01	5.568179E+03
9.93	-1.199298E+06	9.574327E+01	5.607391E+01	5.568179E+03
9.935	-1.199298E+06	9.172155E+01	5.569919E+01	5.568179E+03
9.94	-1.199298E+06	1.005737E+02	5.530833E+01	5.568179E+03
9.945	-1.199298E+06	1.017313E+02	5.498578E+01	5.568179E+03
9.95	-1.199298E+06	1.030401E+02	5.475832E+01	5.568179E+03
9.955	-1.199298E+06	1.031375E+02	5.450587E+01	5.568179E+03
9.96	-1.199298E+06	1.023021E+02	5.420810E+01	5.568179E+03
9.965	-1.199298E+06	1.034453E+02	5.403741E+01	5.568179E+03
9.97	-1.199298E+06	9.832220E+01	5.393967E+01	5.568179E+03
9.975	-1.199298E+06	9.325704E+01	5.396380E+01	5.568179E+03
9.98	-1.199298E+06	9.243725E+01	5.433507E+01	5.568179E+03
9.985	-1.199298E+06	9.705628E+01	5.484983E+01	5.568179E+03
9.99	-1.199298E+06	9.887128E+01	5.533090E+01	5.568179E+03
9.995	-1.199298E+06	9.815711E+01	5.567195E+01	5.568179E+03
10.0	-1.199298E+06	1.035034E+02	5.569603E+01	5.568179E+03
10.005	-1.199298E+06	1.044709E+02	5.542924E+01	5.568179E+03
10.01	-1.199298E+06	1.022206E+02	5.484185E+01	5.568179E+03
10.015	-1.199298E+06	9.537673E+01	5.421043E+01	5.568179E+03
10.02	-1.199298E+06	9.813725E+01	5.364274E+01	5.568179E+03
10.025	-1.199298E+06	1.026967E+02	5.326439E+01	5.568179E+03
10.03	-1.199298E+06	9.739408E+01	5.331519E+01	5.568179E+03
10.035	-1.199298E+06	1.017323E+02	5.348436E+01	5.568179E+03
10.04	-1.199298E+06	1.025031E+02	5.372041E+01	5.568179E+03
10.045	-1.199298E+06	9.500796E+01	5.405475E+01	5.568179E+03
10.05	-1.199298E+06	9.805130E+01	5.441037E+01	5.568179E+03
10.055	-1.199298E+06	9.845793E+01	5.509559E+01	5.568179E+03
10.06	-1.199298E+06	9.575431E+01	5.567369E+01	5.568179E+03
10.065	-1.199298E+06	9.853168E+01	5.573834E+01	5.568179E+03
10.07	-1.199298E+06	9.814856E+01	5.560013E+01	5.568179E+03
10.075	-1.199298E+06	9.996502E+01	5.524881E+01	5.568179E+03
10.08	-1.199298E+06	1.054409E+02	5.491954E+01	5.568179E+03
10.085	-1.199298E+06	1.042887E+02	5.484079E+01	5.568179E+03
10.09	-1.199298E+06	9.894312E+01	5.474088E+01	5.568179E+03
10.095	-1.199298E+06	1.030382E+02	5.463296E+01	5.568179E+03
10.1	-1.199298E+06	1.051446E+02	5.466767E+01	5.568179E+03
10.105	-1.199298E+06	1.006717E+02	5.477745E+01	5.568179E+03
10.11	-1.199298E+06	1.025192E+02	5.510418E+01	5.568179E+03
10.115	-1.199298E+06	1.041861E+02	5.554079E+01	5.568179E+03
10.12	-1.199298E+06	1.052826E+02	5.579689E+01	5.568179E+03
10.125	-1.199298E+06	1.053311E+02	5.598854E+01	5.568179E+03
10.13	-1.199298E+06	1.003830E+02	5.616801E+01	5.568179E+03
10.135	-1.199298E+06	1.015985E+02	5.625405E+01	5.568179E+03
10.14	-1.199298E+06	9.658378E+01	5.638029E+01	5.568179E+03
10.145	-1.199298E+06	9.998291E+01	5.643523E+01	5.568179E+03
10.15	-1.199298E+06	1.055917E+02	5.641858E+01	5.568179E+03
10.155	-1.199298E+06	1.024513E+02	5.612030E+01	5.568179E+03
10.16	-1.199298E+06	1.021759E+02	5.558083E+01	5.568179E+03
10.165	-1.199298E+06	1.037581E+02	5.496390E+01	5.568179E+03
10.17	-1.199298E+06	1.027036E+02	5.427017E+01	5.568179E+03
10.175	-1.199298E+06	1.012497E+02	5.391870E+01	5.568179E+03
10.18	-1.199298E+06	1.088855E+02	5.377908E+01	5.568179E+03
10.185	-1.199298E+06	1.022948E+02	5.386505E+01	5.568179E+03
10.19	-1.199298E+06	9.601674E+01	5.446755E+01	5.568179E+03
10.195	-1.199298E+06	1.037379E+02	5.530849E+01	5.568179E+03
10.2	-1.199298E+06	1.007446E+02	5.614153E+01	5.568179E+03
10.205	-1.199298E+06	1.016502E+02	5.676932E+01	5.568179E+03
10.21	-1.199298E+06	1.047592E+02	5.716714E+01	5.568179E+03
10.215	-1.199298E+06	1.013552E+02	5.767570E+01	5.568179E+03
10.22	-1.199298E+06	1.042835E+02	5.810985E+01	5.568179E+03
10.225	-1.199298E+06	1.079467E+02	5.814300E+01	5.568179E+03
10.23	-1.199298E+06	1.053939E+02	5.794001E+01	5.568179E+03
10.235	-1.199298E+06	1.050545E+02	5.739224E+01	5.568179E+03
10.24	-1.199298E+06	1.072994E+02	5.660057E+01	5.568179E+03
10.245	-1.199298E+06	9.998776E+01	5.620072E+01	5.568179E+03
10.25	-1.199298E+06	1.046636E+02	5.601769E+01	5.568179E+03
10.255	-1.199298E+06	1.092274E+02	5.581285E+01	5.568179E+03
10.26	-1.199298E+06	1.028194E+02	5.559309E+01	5.568179E+03
10.265	-1.199298E+06	1.055956E+02	5.537377E+01	5.568179E+03
10.27	-1.199298E+06	1.035956E+02	5.564832E+01	5.568179E+03
10.275	-1.199298E+06	1.078849E+02	5.623125E+01	5.568179E+03
10.28	-1.199298E+06	1.103528E+02	5.659203E+01	5.568179E+03
10.285	-1.199298E+06	1.056140E+02	5.668368E+01	5.568179E+03
10.29	-1.199298E+06	1.068680E+02	5.670228E+01	5.568179E+03
10.295	-1.199298E+06	1.085039E+02	5.670779E+01	5.568179E+03
10.3	-1.199298E+06	1.123031E+02	5.664757E+01	5.568179E+03
10.305	-1.199298E+06	1.137135E+02	5.645514E+01	5.568179E+03
10.31	-1.199298E+06	1.112730E+02	5.597324E+01	5.568179E+03
10.315	-1.199298E+06	1.076991E+02	5.539240E+01	5.568179E+03
10.32	-1.199298E+06	1.050627E+02	5.505160E+01	5.568179E+03
10.325	-1.199298E+06	1.085415E+02	5.497584E+01	5.568179E+03
10.33	-1.199298E+06	1.046053E+02	5.509572E+01	5.568179E+03
10.335	-1.199298E+06	1.059943E+02	5.507107E+01	5.568179E+03
10.34	-1.199298E+06	1.098674E+02	5.482101E+01	5.568179E+03
10.345	-1.199297E+06	1.020735E+02	5.464224E+01	5.568179E+03
10.35	-1.199298E+06	1.092746E+02	5.459732E+01	5.568179E+03
10.355	-1.199298E+06	1.100926E+02	5.486852E+01	5.568179E+03
10.36	-1.199297E+06	1.086007E+02	5.505349E+01	5.568179E+03
10.365	-1.199298E+06	1.146943E+02	5.495422E+01	5.568179E+03
10.37	-1.199297E+06	1.125842E+02	5.484435E+01	5.568179E+03
10.375	-1.199298E+06	1.124765E+02	5.467821E+01	5.568179E+03
10.38	-1.199297E+06	1.053088E+02	5.466406E+01	5.568179E+03
10.385	-1.199298E+06	1.072963E+02	5.468358E+01	5.568179E+03
10.39	-1.199298E+06	1.108429E+02	5.465365E+01	5.568179E+03
10.395	-1.199297E+06	1.026195E+02	5.459888E+01	5.568179E+03
10.4	-1.199298E+06	1.059781E+02	5.446293E+01	5.568179E+03
10.405	-1.199298E+06	1.116323E+02	5.461877E+01	5.568179E+03
10.41	-1.199298E+06	1.135548E+02	5.504469E+01	5.568179E+03
10.415	-1.199298E+06	1.142242E+02	5.550012E+01	5.568179E+03
10.42	-1.199298E+06	1.153458E+02	5.578623E+01	5.568179E+03
10.425	-1.199297E+06	1.119031E+02	5.570248E+01	5.568179E+03
10.43	-1.199297E+06	1.154938E+02	5.542066E+01	5.568179E+03
10.435	-1.199298E+06	1.209024E+02	5.541714E+01	5.568179E+03
10.44	-1.199297E+06	1.205911E+02	5.540704E+01	5.568179E+03
10.445	-1.199297E+06	1.180514E+02	5.502204E+01	5.568179E+03
10.45	-1.199297E+06	1.116267E+02	5.453930E+01	5.568179E+03
10.455	-1.199297E+06	1.089947E+02	5.407506E+01	5.568179E+03
10.46	-1.199297E+06	1.082904E+02	5.376569E+01	5.568179E+03
10.465	-1.199297E+06	1.143063E+02	5.389097E+01	5.568179E+03
10.47	-1.199298E+06	1.249910E+02	5.410729E+01	5.568179E+03
10.475	-1.199297E+06	1.187587E+02	5.413787E+01	5.568179E+03
10.48	-1.199297E+06	1.137444E+02	5.423663E+01	5.568179E+03
10.485	-1.199297E+06	1.181870E+02	5.425984E+01	5.568179E+03
10.49	-1.199297E+06	1.161830E+02	5.422138E+01	5.568179E+03
10.495	-1.199297E+06	1.107462E+02	5.456477E+01	5.568179E+03
10.5	-1.199297E+06	1.182615E+02	5.486761E+01	5.568179E+03
10.505	-1.199297E+06	1.212097E+02	5.495208E+01	5.568179E+03
10.51	-1.199297E+06	1.137180E+02	5.488886E+01	5.568179E+03
10.515	-1.199297E+06	1.183592E+02	5.450052E+01	5.568179E+03
10.52	-1.199297E+06	1.146822E+02	5.444070E+01	5.568179E+03
10.525	-1.199297E+06	1.106534E+02	5.458649E+01	5.568179E+03
10.53	-1.199297E+06	1.190367E+02	5.460984E+01	5.568179E+03
10.535	-1.199297E+06	1.206057E+02	5.478057E+01	5.568179E+03
10.54	-1.199297E+06	1.221235E+02	5.465798E+01	5.568179E+03
10.545	-1.199297E+06	1.204487E+02	5.455049E+01	5.568179E+03
10.55	-1.199297E+06	1.203247E+02	5.469719E+01	5.568179E+03
10.555	-1.199297E+06	1.203679E+02	5.458557E+01	5.568179E+03
10.56	-1.199297E+06	1.171943E+02	5.436842E+01	5.568179E+03
10.565	-1.199297E+06	1.180150E+02	5.440581E+01	5.568179E+03
10.57	-1.199297E+06	1.217482E+02	5.468983E+01	5.568179E+03
10.575	-1.199297E+06	1.199453E+02	5.513895E+01	5.568179E+03
10.58	-1.199297E+06	1.236842E+02	5.545789E+01	5.568179E+03
10.585	-1.199297E+06	1.308602E+02	5.546099E+01	5.568179E+03
10.59	-1.199297E+06	1.253661E+02	5.527387E+01	5.568179E+03
10.595	-1.199297E+06	1.219310E+02	5.498147E+01	5.568179E+03
10.6	-1.199297E+06	1.215697E+02	5.466916E+01	5.568179E+03
10.605	-1.199297E+06	1.192456E+02	5.428010E+01	5.568179E+03
10.61	-1.199297E+06	1.210104E+02	5.393926E+01	5.568179E+03
10.615	-1.199297E+06	1.246979E+02	5.381631E+01	5.568179E+03
10.62	-1.199297E+06	1.173655E+02	5.392201E+01	5.568179E+03
10.625	-1.199297E+06	1.248984E+02	5.414533E+01	5.568179E+03
10.63	-1.199297E+06	1.327199E+02	5.454501E+01	5.568179E+03
10.635	-1.199297E+06	1.250115E+02	5.496515E+01	5.568179E+03
10.64	-1.199297E+06	1.316075E+02	5.514401E+01	5.568179E+03
10.645	-1.199297E+06	1.270503E+02	5.511645E+01	5.568179E+03
10.65	-1.199297E+06	1.252552E+02	5.468562E+01	5.568179E+03
10.655	-1.199297E+06	1.223572E+02	5.428802E+01	5.568179E+03
10.66	-1.199297E+06	1.237191E+02	5.407379E+01	5.568179E+03
10.665	-1.199297E+06	1.361600E+02	5.396657E+01	5.568179E+03
10.67	-1.199297E+06	1.279926E+02	5.390298E+01	5.568179E+03
10.675	-1.199297E+06	1.313412E+02	5.347359E+01	5.568179E+03
10.68	-1.199297E+06	1.240792E+02	5.309736E+01	5.568179E+03
10.685	-1.199297E+06	1.182351E+02	5.282017E+01	5.568179E+03
10.69	-1.199297E+06	1.259008E+02	5.286706E+01	5.568179E+03
10.695	-1.199297E+06	1.235308E+02	5.323644E+01	5.568179E+03
10.7	-1.199297E+06	1.344582E+02	5.319332E+01	5.568179E+03
10.705	-1.199297E+06	1.315029E+02	5.320834E+01	5.568179E+03
10.71	-1.199297E+06	1.342475E+02	5.326639E+01	5.568179E+03
10.715	-1.199297E+06	1.392464E+02	5.318501E+01	5.568179E+03
10.72	-1.199297E+06	1.285122E+02	5.305907E+01	5.568179E+03
10.725	-1.199297E+06	1.353767E+02	5.259765E+01	5.568179E+03
10.73	-1.199297E+06	1.278270E+02	5.232382E+01	5.568179E+03
10.735	-1.199297E+06	1.274391E+02	5.227810E+01	5.568179E+03
10.74	-1.199297E+06	1.341441E+02	5.235966E+01	5.568179E+03
10.745	-1.199297E+06	1.325758E+02	5.256534E+01	5.568179E+03
10.75	-1.199297E+06	1.377334E+02	5.255118E+01	5.568179E+03
10.755	-1.199297E+06	1.278150E+02	5.252508E+01	5.568179E+03
10.76	-1.199297E+06	1.321373E+02	5.242593E+01	5.568179E+03
10.765	-1.199297E+06	1.363200E+02	5.239725E+01	5.568179E+03
10.77	-1.199297E+06	1.351958E+02	5.229472E+01	5.568179E+03
10.775	-1.199297E+06	1.410191E+02	5.187585E+01	5.568179E+03
10.78	-1.199297E+06	1.338638E+02	5.164506E+01	5.568179E+03
10.785	-1.199297E+06	1.360176E+02	5.151837E+01	5.568179E+03
10.79	-1.199297E+06	1.375040E+02	5.145303E+01	5.568179E+03
10.795	-1.199297E+06	1.349404E+02	5.141393E+01	5.568179E+03
10.8	-1.199297E+06	1.396107E+02	5.119515E+01	5.568179E+03
10.805	-1.199297E+06	1.338440E+02	5.121396E+01	5.568179E+03
10.81	-1.199297E+06	1.340549E+02	5.143379E+01	5.568179E+03
10.815	-1.199297E+06	1.409691E+02	5.155870E+01	5.568179E+03
10.82	-1.199297E+06	1.423982E+02	5.167641E+01	5.568179E+03
10.825	-1.199297E+06	1.433859E+02	5.169390E+01	5.568179E+03
10.83	-1.199297E+06	1.417654E+02	5.159393E+01	5.568179E+03
10.835	-1.199297E+06	1.380884E+02	5.154030E+01	5.568179E+03
10.84	-1.199297E+06	1.444612E+02	5.140752E+01	5.568179E+03
10.845	-1.199297E+06	1.435642E+02	5.128184E+01	5.568179E+03
10.85	-1.199297E+06	1.391030E+02	5.119911E+01	5.568179E+03
10.855	-1.199297E+06	1.430489E+02	5.107444E+01	5.568179E+03
10.86	-1.199297E+06	1.428982E+02	5.100257E+01	5.568179E+03
10.865	-1.199297E+06	1.414870E+02	5.092772E+01	5.568179E+03
10.87	-1.199297E+06	1.458060E+02	5.074512E+01	5.568179E+03
10.875	-1.199297E+06	1.494274E+02	5.061851E+01	5.568179E+03
10.88	-1.199297E+06	1.510286E+02	5.053601E+01	5.568179E+03
10.885	-1.199297E+06	1.465686E+02	5.049042E+01	5.568179E+03
10.89	-1.199297E+06	1.444200E+02	5.041268E+01	5.568179E+03
10.895	-1.199297E+06	1.489239E+02	5.014583E+01	5.568179E+03
10.9	-1.199297E+06	1.451181E+02	5.025389E+01	5.568179E+03
10.905	-1.199297E+06	1.466472E+02	5.074588E+01	5.568179E+03
10.91	-1.199297E+06	1.534520E+02	5.102394E+01	5.568179E+03
10.915	-1.199297E+06	1.517312E+02	5.114808E+01	5.568179E+03
10.92	-1.199296E+06	1.523910E+02	5.101776E+01	5.568179E+03
10.925	-1.199297E+06	1.547436E+02	5.088577E+01	5.568179E+03
10.93	-1.199296E+06	1.466234E+02	5.128203E+01	5.568179E+03
10.935	-1.199296E+06	1.471081E+02	5.142305E+01	5.568179E+03
10.94	-1.199297E+06	1.539899E+02	5.101441E+01	5.568179E+03
10.945	-1.199296E+06	1.481130E+02	5.064269E+01	5.568179E+03
10.95	-1.199296E+06	1.553845E+02	5.016681E+01	5.568179E+03
10.955	-1.199297E+06	1.669536E+02	4.992198E+01	5.568179E+03
10.96	-1.199296E+06	1.506958E+02	5.007705E+01	5.568179E+03
10.965	-1.199296E+06	1.555556E+02	4.980476E+01	5.568179E+03
10.97	-1.199296E+06	1.562051E+02	4.971141E+01	5.568179E+03
10.975	-1.199296E+06	1.455296E+02	4.984366E+01	5.568179E+03
10.98	-1.199296E+06	1.511520E+02	4.971491E+01	5.568179E+03
10.985	-1.199296E+06	1.509764E+02	5.003131E+01	5.568179E+03
10.99	-1.199296E+06	1.549642E+02	5.038177E+01	5.568179E+03
10.995	-1.199296E+06	1.681209E+02	5.007064E+01	5.568179E+03
11.0	-1.199296E+06	1.609029E+02	4.975552E+01	5.568179E+03
11.005	-1.199296E+06	1.511931E+02	4.950090E+01	5.568179E+03
11.01	-1.199296E+06	1.674318E+02	4.924520E+01	5.568179E+03
11.015	-1.199296E+06	1.707727E+02	4.949590E+01	5.568179E+03
11.02	-1.199296E+06	1.628083E+02	4.959031E+01	5.568179E+03
11.025	-1.199296E+06	1.654727E+02	4.928490E+01	5.568179E+03
11.03	-1.199296E+06	1.515838E+02	4.919465E+01	5.568179E+03
11.035	-1.199296E+06	1.611983E+02	4.898546E+01	5.568179E+03
11.04	-1.199296E+06	1.708243E+02	4.920375E+01	5.568179E+03
11.045	-1.199296E+06	1.575549E+02	4.988411E+01	5.568179E+03
11.05	-1.199296E+06	1.702825E+02	5.013278E+01	5.568179E+03
11.055	-1.199296E+06	1.709177E+02	5.050192E+01	5.568179E+03
11.06	-1.199296E+06	1.683797E+02	5.090731E+01	5.568179E+03
11.065	-1.199297E+06	1.851199E+02	5.107203E+01	5.568179E+03
11.07	-1.199296E+06	1.709757E+02	5.142570E+01	5.568179E+03
11.075	-1.199296E+06	1.608549E+02	5.135488E+01	5.568179E+03
11.08	-1.199296E+06	1.637971E+02	5.087793E+01	5.568179E+03
11.085	-1.199296E+06	1.654089E+02	5.036062E+01	5.568179E+03
11.09	-1.199296E+06	1.710916E+02	5.011394E+01	5.568179E+03
11.095	-1.199296E+06	1.750630E+02	5.025486E+01	5.568179E+03
11.1	-1.199296E+06	1.713182E+02	5.043820E+01	5.568179E+03
11.105	-1.199296E+06	1.617394E+02	5.043849E+01	5.568179E+03
11.11	-1.199296E+06	1.661600E+02	5.015717E+01	5.568179E+03
11.115	-1.199296E+06	1.737001E+02	5.021512E+01	5.568179E+03
11.12	-1.199296E+06	1.850357E+02	5.060766E+01	5.568179E+03
11.125	-1.199296E+06	1.901217E+02	5.077498E+01	5.568179E+03
11.13	-1.199296E+06	1.774209E+02	5.096317E+01	5.568179E+03
11.135	-1.199296E+06	1.827540E+02	5.088410E+01	5.568179E+03
11.14	-1.199296E+06	1.817285E+02	5.080920E+01	5.568179E+03
11.145	-1.199296E+06	1.714521E+02	5.117324E+01	5.568179E+03
11.15	-1.199296E+06	1.822460E+02	5.139343E+01	5.568179E+03
11.155	-1.199296E+06	1.807873E+02	5.159535E+01	5.568179E+03
11.16	-1.199296E+06	1.798848E+02	5.165184E+01	5.568179E+03
11.165	-1.199296E+06	1.789294E+02	5.130740E+01	5.568179E+03
11.17	-1.199296E+06	1.785856E+02	5.086877E+01	5.568179E+03
11.175	-1.199296E+06	1.910189E+02	5.051482E+01	5.568179E+03
11.18	-1.199296E+06	1.907657E+02	5.042730E+01	5.568179E+03
11.185	-1.199296E+06	1.862303E+02	5.048736E+01	5.568179E+03
11.19	-1.199296E+06	1.891211E+02	5.028113E+01	5.568179E+03
11.195	-1.199296E+06	1.855332E+02	4.990856E+01	5.568179E+03
11.2	-1.199295E+06	1.799937E+02	4.975800E+01	5.568179E+03
11.205	-1.199296E+06	1.864266E+02	5.008380E+01	5.568179E+03
11.21	-1.199295E+06	1.790511E+02	5.093953E+01	5.568179E+03
11.215	-1.199295E+06	1.782233E+02	5.161638E+01	5.568179E+03
11.22	-1.199296E+06	1.891788E+02	5.192800E+01	5.568179E+03
11.225	-1.199296E+06	1.868750E+02	5.215731E+01	5.568179E+03
11.23	-1.199296E+06	1.885401E+02	5.228827E+01	5.568179E+03
11.235	-1.199296E+06	1.879504E+02	5.270699E+01	5.568179E+03
11.24	-1.199295E+06	1.815593E+02	5.317070E+01	5.568179E+03
11.245	-1.199296E+06	1.948686E+02	5.292610E+01	5.568179E+03
11.25	-1.199295E+06	1.929163E+02	5.258495E+01	5.568179E+03
11.255	-1.199296E+06	2.035938E+02	5.216268E+01	5.568179E+03
11.26	-1.199296E+06	2.093163E+02	5.176379E+01	5.568179E+03
11.265	-1.199295E+06	1.943606E+02	5.203198E+01	5.568179E+03
11.27	-1.199296E+06	1.973812E+02	5.254948E+01	5.568179E+03
11.275	-1.199296E+06	2.033369E+02	5.275390E+01	5.568179E+03
11.28	-1.199295E+06	2.005141E+02	5.284891E+01	5.568179E+03
11.285	-1.199295E+06	1.966959E+02	5.286302E+01	5.568179E+03
11.29	-1.199295E+06	2.041042E+02	5.272479E+01	5.568179E+03
11.295	-1.199295E+06	2.032127E+02	5.266078E+01	5.568179E+03
11.3	-1.199295E+06	2.065467E+02	5.206558E+01	5.568179E+03
11.305	-1.199296E+06	2.120540E+02	5.121264E+01	5.568179E+03
11.31	-1.199295E+06	1.907866E+02	5.094315E+01	5.568179E+03
11.315	-1.199295E+06	2.088199E+02	5.059108E+01	5.568179E+03
11.32	-1.199296E+06	2.213261E+02	5.068736E+01	5.568179E+03
11.325	-1.199295E+06	2.005585E+02	5.105255E+01	5.568179E+03
11.33	-1.199296E+06	2.159331E+02	5.054195E+01	5.568179E+03
11.335	-1.199295E+06	2.066561E+02	5.038525E+01	5.568179E+03
11.34	-1.199295E+06	2.054335E+02	5.038421E+01	5.568179E+03
11.345	-1.199296E+06	2.149216E+02	5.036310E+01	5.568179E+03
11.35	-1.199295E+06	2.070643E+02	5.094672E+01	5.568179E+03
11.355	-1.199295E+06	2.189399E+02	5.131967E+01	5.568179E+03
11.36	-1.199295E+06	2.141304E+02	5.182200E+01	5.568179E+03
11.365	-1.199295E+06	2.100895E+02	5.264219E+01	5.568179E+03
11.37	-1.199295E+06	2.153627E+02	5.321682E+01	5.568179E+03
11.375	-1.199295E+06	2.226544E+02	5.346690E+01	5.568179E+03
11.38	-1.199295E+06	2.182679E+02	5.345583E+01	5.568179E+03
11.385	-1.199295E+06	2.111966E+02	5.284695E+01	5.568179E+03
11.39	-1.199296E+06	2.347996E+02	5.157729E+01	5.568179E+03
11.395	-1.199295E+06	2.285406E+02	5.057230E+01	5.568179E+03
11.4	-1.199295E+06	2.250739E+02	4.976568E+01	5.568179E+03
11.405	-1.199296E+06	2.376673E+02	4.896376E+01	5.568179E+03
11.41	-1.199295E+06	2.171862E+02	4.850945E+01	5.568179E+03
11.415	-1.199295E+06	2.207075E+02	4.810375E+01	5.568179E+03
11.42	-1.199295E+06	2.252323E+02	4.808566E+01	5.568179E+03
11.425	-1.199295E+06	2.248123E+02	4.838890E+01	5.568179E+03
11.43	-1.199295E+06	2.284356E+02	4.896672E+01	5.568179E+03
11.435	-1.199295E+06	2.266128E+02	5.011838E+01	5.568179E+03
11.44	-1.199295E+06	2.320373E+02	5.142175E+01	5.568179E+03
11.445	-1.199295E+06	2.383682E+02	5.245625E+01	5.568179E+03
11.45	-1.199295E+06	2.299909E+02	5.350642E+01	5.568179E+03
11.455	-1.199295E+06	2.252914E+02	5.447714E+01	5.568179E+03
11.46	-1.199295E+06	2.390356E+02	5.498877E+01	5.568179E+03
11.465	-1.199295E+06	2.539307E+02	5.487927E+01	5.568179E+03
11.47	-1.199295E+06	2.465642E+02	5.389047E+01	5.568179E+03
11.475	-1.199295E+06	2.475562E+02	5.224827E+01	5.568179E+03
11.48	-1.199295E+06	2.421817E+02	5.094490E+01	5.568179E+03
11.485	-1.199294E+06	2.221954E+02	5.007038E+01	5.568179E+03
11.49	-1.199294E+06	2.283887E+02	4.982166E+01	5.568179E+03
11.495	-1.199295E+06	2.536996E+02	5.023993E+01	5.568179E+03
11.5	-1.199295E+06	2.481121E+02	5.089071E+01	5.568179E+03
11.505	-1.199294E+06	2.478211E+02	5.170978E+01	5.568179E+03
11.51	-1.199295E+06	2.551128E+02	5.264267E+01	5.568179E+03
11.515	-1.199294E+06	2.424513E+02	5.350398E+01	5.568179E+03
11.52	-1.199295E+06	2.481065E+02	5.403331E+01	5.568179E+03
11.525	-1.199295E+06	2.508837E+02	5.422772E+01	5.568179E+03
11.53	-1.199295E+06	2.538636E+02	5.413172E+01	5.568179E+03
11.535	-1.199294E+06	2.454586E+02	5.402176E+01	5.568179E+03
11.54	-1.199295E+06	2.530708E+02	5.369291E+01	5.568179E+03
11.545	-1.199295E+06	2.517896E+02	5.370110E+01	5.568179E+03
11.55	-1.199294E+06	2.501268E+02	5.362769E+01	5.568179E+03
11.555	-1.199295E+06	2.674905E+02	5.325088E+01	5.568179E+03
11.56	-1.199294E+06	2.619454E+02	5.347782E+01	5.568179E+03
11.565	-1.199295E+06	2.678472E+02	5.344261E+01	5.568179E+03
11.57	-1.199294E+06	2.566376E+02	5.331519E+01	5.568179E+03
11.575	-1.199294E+06	2.627523E+02	5.343626E+01	5.568179E+03
11.58	-1.199295E+06	2.739203E+02	5.361166E+01	5.568179E+03
11.585	-1.199294E+06	2.647715E+02	5.373819E+01	5.568179E+03
11.59	-1.199294E+06	2.632033E+02	5.393589E+01	5.568179E+03
11.595	-1.199294E+06	2.667215E+02	5.415619E+01	5.568179E+03
11.6	-1.199294E+06	2.720818E+02	5.428227E+01	5.568179E+03
11.605	-1.199294E+06	2.656331E+02	5.471141E+01	5.568179E+03
11.61	-1.199294E+06	2.712018E+02	5.501776E+01	5.568179E+03
11.615	-1.199294E+06	2.714475E+02	5.535591E+01	5.568179E+03
11.62	-1.199293E+06	2.604549E+02	5.601467E+01	5.568179E+03
11.625	-1.199295E+06	2.935155E+02	5.605282E+01	5.568179E+03
11.63	-1.199294E+06	2.919729E+02	5.586017E+01	5.568179E+03
11.635	-1.199294E+06	2.751862E+02	5.544366E+01	5.568179E+03
11.64	-1.199294E+06	2.808700E+02	5.447652E+01	5.568179E+03
11.645	-1.199294E+06	2.790359E+02	5.341860E+01	5.568179E+03
11.65	-1.199294E+06	2.649493E+02	5.277665E+01	5.568179E+03
11.655	-1.199294E+06	2.625229E+02	5.243391E+01	5.568179E+03
11.66	-1.199294E+06	2.817024E+02	5.281805E+01	5.568179E+03
11.665	-1.199294E+06	2.812383E+02	5.397863E+01	5.568179E+03
11.67	-1.199294E+06	2.949218E+02	5.449131E+01	5.568179E+03
11.675	-1.199294E+06	2.931341E+02	5.479753E+01	5.568179E+03
11.68	-1.199294E+06	2.968311E+02	5.465064E+01	5.568179E+03
11.685	-1.199294E+06	3.071672E+02	5.365047E+01	5.568179E+03
11.69	-1.199294E+06	2.847379E+02	5.278962E+01	5.568179E+03
11.695	-1.199294E+06	2.798249E+02	5.182371E+01	5.568179E+03
11.7	-1.199294E+06	2.848308E+02	5.087522E+01	5.568179E+03
11.705	-1.199294E+06	2.807611E+02	5.101760E+01	5.568179E+03
11.71	-1.199294E+06	2.992789E+02	5.110318E+01	5.568179E+03
11.715	-1.199294E+06	3.089847E+02	5.101639E+01	5.568179E+03
11.72	-1.199293E+06	2.993020E+02	5.168599E+01	5.568179E+03
11.725	-1.199294E+06	3.058605E+02	5.192507E+01	5.568179E+03
11.73	-1.199294E+06	3.026488E+02	5.234638E+01	5.568179E+03
11.735	-1.199293E+06	2.998491E+02	5.329376E+01	5.568179E+03
11.74	-1.199294E+06	3.319737E+02	5.308306E+01	5.568179E+03
11.745	-1.199294E+06	3.035687E+02	5.297304E+01	5.568179E+03
11.75	-1.199293E+06	2.700383E+02	5.346766E+01	5.568179E+03
11.755	-1.199294E+06	3.148557E+02	5.373349E+01	5.568179E+03
11.76	-1.199293E+06	3.033871E+02	5.482029E+01	5.568179E+03
11.765	-1.199293E+06	3.051787E+02	5.494861E+01	5.568179E+03
11.77	-1.199294E+06	3.328525E+02	5.384195E+01	5.568179E+03
11.775	-1.199293E+06	3.207951E+02	5.359624E+01	5.568179E+03
11.78	-1.199294E+06	3.306242E+02	5.316392E+01	5.568179E+03
11.785	-1.199294E+06	3.280471E+02	5.241465E+01	5.568179E+03
11.79	-1.199293E+06	3.157123E+02	5.210796E+01	5.568179E+03
11.795	-1.199293E+06	3.246444E+02	5.159017E+01	5.568179E+03
11.8	-1.199294E+06	3.325805E+02	5.151347E+01	5.568179E+03
11.805	-1.199293E+06	3.102311E+02	5.243593E+01	5.568179E+03
11.81	-1.199293E+06	3.101067E+02	5.269302E+01	5.568179E+03
11.815	-1.199293E+06	3.230379E+02	5.280264E+01	5.568179E+03
11.82	-1.199292E+06	3.133433E+02	5.359471E+01	5.568179E+03
11.825	-1.199293E+06	3.426260E+02	5.352745E+01	5.568179E+03
11.83	-1.199293E+06	3.495599E+02	5.337180E+01	5.568179E+03
11.835	-1.199292E+06	3.303749E+02	5.332900E+01	5.568179E+03
11.84	-1.199293E+06	3.504848E+02	5.217822E+01	5.568179E+03
11.845	-1.199293E+06	3.509027E+02	5.128988E+01	5.568179E+03
11.85	-1.199292E+06	3.311244E+02	5.061952E+01	5.568179E+03
11.855	-1.199294E+06	3.553748E+02	4.913074E+01	5.568179E+03
11.86	-1.199292E+06	3.190607E+02	4.888802E+01	5.568179E+03
11.865	-1.199292E+06	3.017373E+02	4.909891E+01	5.568179E+03
11.87	-1.199293E+06	3.330382E+02	4.924588E+01	5.568179E+03
11.875	-1.199292E+06	3.237757E+02	5.011101E+01	5.568179E+03
11.88	-1.199292E+06	3.395463E+02	5.064146E+01	5.568179E+03
11.885	-1.199293E+06	3.548490E+02	5.123225E+01	5.568179E+03
11.89	-1.199292E+06	3.500452E+02	5.217796E+01	5.568179E+03
11.895	-1.199293E+06	3.638494E+02	5.274471E+01	5.568179E+03
11.9	-1.199292E+06	3.540930E+02	5.301152E+01	5.568179E+03
11.905	-1.199292E+06	3.496589E+02	5.310006E+01	5.568179E+03
11.91	-1.199293E+06	3.639441E+02	5.297852E+01	5.568179E+03
11.915	-1.199292E+06	3.631890E+02	5.322760E+01	5.568179E+03
11.92	-1.199293E+06	3.586594E+02	5.382044E+01	5.568179E+03
11.925	-1.199292E+06	3.426422E+02	5.380866E+01	5.568179E+03
11.93	-1.199292E+06	3.595766E+02	5.324642E+01	5.568179E+03
11.935	-1.199292E+06	3.676251E+02	5.311288E+01	5.568179E+03
11.94	-1.199292E+06	3.793285E+02	5.259424E+01	5.568179E+03
11.945	-1.199292E+06	3.843707E+02	5.241680E+01	5.568179E+03
11.95	-1.199291E+06	3.654581E+02	5.260265E+01	5.568179E+03
11.955	-1.199292E+06	3.907109E+02	5.165449E+01	5.568179E+03
11.96	-1.199292E+06	3.920042E+02	5.117156E+01	5.568179E+03
11.965	-1.199292E+06	3.932642E+02	5.104509E+01	5.568179E+03
11.97	-1.199292E+06	3.871852E+02	5.072263E+01	5.568179E+03
11.975	-1.199291E+06	3.433535E+02	5.130963E+01	5.568179E+03
11.98	-1.199292E+06	3.485563E+02	5.179258E+01	5.568179E+03
11.985	-1.199292E+06	3.756221E+02	5.208036E+01	5.568179E+03
11.99	-1.199291E+06	3.832115E+02	5.311943E+01	5.568179E+03
11.995	-1.199292E+06	4.121802E+02	5.373534E+01	5.568179E+03
12.0	-1.199291E+06	3.938555E+02	5.391736E+01	5.568179E+03
12.005	-1.199291E+06	3.848559E+02	5.357840E+01	5.568179E+03
12.01	-1.199292E+06	4.148739E+02	5.286307E+01	5.568179E+03
12.015	-1.199291E+06	4.071302E+02	5.228383E+01	5.568179E+03
12.02	-1.199292E+06	3.993900E+02	5.165126E+01	5.568179E+03
12.025	-1.199291E+06	3.845867E+02	5.162711E+01	5.568179E+03
12.03	-1.199292E+06	3.889773E+02	5.160733E+01	5.568179E+03
12.035	-1.199291E+06	3.668204E+02	5.191518E+01	5.568179E+03
12.04	-1.199291E+06	3.794346E+02	5.189402E+01	5.568179E+03
12.045	-1.199292E+06	4.113856E+02	5.162731E+01	5.568179E+03
12.05	-1.199291E+06	3.996512E+02	5.216432E+01	5.568179E+03
12.055	-1.199291E+06	4.035151E+02	5.285373E+01	5.568179E+03
12.06	-1.199291E+06	4.148496E+02	5.320579E+01	5.568179E+03
12.065	-1.199291E+06	4.102092E+02	5.328950E+01	5.568179E+03
12.07	-1.199291E+06	4.184607E+02	5.300551E+01	5.568179E+03
12.075	-1.199291E+06	4.201313E+02	5.336415E+01	5.568179E+03
12.08	-1.199291E+06	4.215529E+02	5.438175E+01	5.568179E+03
12.085	-1.199291E+06	4.266145E+02	5.525476E+01	5.568179E+03
12.09	-1.199291E+06	4.166739E+02	5.627046E+01	5.568179E+03
12.095	-1.199291E+06	4.361475E+02	5.653422E+01	5.568179E+03
12.1	-1.199291E+06	4.347780E+02	5.597543E+01	5.568179E+03
12.105	-1.199290E+06	4.131118E+02	5.569266E+01	5.568179E+03
12.11	-1.199291E+06	4.467992E+02	5.529920E+01	5.568179E+03
12.115	-1.199291E+06	4.488167E+02	5.456811E+01	5.568179E+03
12.12	-1.199290E+06	4.254823E+02	5.352714E+01	5.568179E+03
12.125	-1.199291E+06	4.239458E+02	5.235796E+01	5.568179E+03
12.13	-1.199290E+06	4.219714E+02	5.159629E+01	5.568179E+03
12.135	-1.199290E+06	4.373170E+02	5.152250E+01	5.568179E+03
12.14	-1.199290E+06	4.460574E+02	5.194644E+01	5.568179E+03
12.145	-1.199291E+06	4.464518E+02	5.224024E+01	5.568179E+03
12.15	-1.199290E+06	4.235480E+02	5.229461E+01	5.568179E+03
12.155	-1.199290E+06	4.388210E+02	5.193545E+01	5.568179E+03
12.16	-1.199290E+06	4.438153E+02	5.223683E+01	5.568179E+03
12.165	-1.199290E+06	4.422491E+02	5.251181E+01	5.568179E+03
12.17	-1.199290E+06	4.650266E+02	5.217349E+01	5.568179E+03
12.175	-1.199290E+06	4.507451E+02	5.213706E+01	5.568179E+03
12.18	-1.199290E+06	4.405569E+02	5.195861E+01	5.568179E+03
12.185	-1.199290E+06	4.579633E+02	5.169095E+01	5.568179E+03
12.19	-1.199290E+06	4.417849E+02	5.206076E+01	5.568179E+03
12.195	-1.199290E+06	4.368775E+02	5.228751E+01	5.568179E+03
12.2	-1.199290E+06	4.443880E+02	5.267044E+01	5.568179E+03
12.205	-1.199289E+06	4.524895E+02	5.387252E+01	5.568179E+03
12.21	-1.199290E+06	4.951030E+02	5.443025E+01	5.568179E+03
12.215	-1.199290E+06	4.908983E+02	5.400379E+01	5.568179E+03
12.22	-1.199289E+06	4.589842E+02	5.314076E+01	5.568179E+03
12.225	-1.199290E+06	4.935572E+02	5.201578E+01	5.568179E+03
12.23	-1.199290E+06	5.099795E+02	5.146481E+01	5.568179E+03
12.235	-1.199289E+06	4.714745E+02	5.099382E+01	5.568179E+03
12.24	-1.199289E+06	4.659776E+02	4.989172E+01	5.568179E+03
12.245	-1.199290E+06	4.888642E+02	4.893104E+01	5.568179E+03
12.25	-1.199289E+06	4.793791E+02	4.844415E+01	5.568179E+03
12.255	-1.199289E+06	4.700853E+02	4.849686E+01	5.568179E+03
12.26	-1.199290E+06	4.847428E+02	4.964668E+01	5.568179E+03
12.265	-1.199289E+06	4.839014E+02	5.091334E+01	5.568179E+03
12.27	-1.199290E+06	5.162417E+02	5.123634E+01	5.568179E+03
12.275	-1.199289E+06	4.998229E+02	5.253050E+01	5.568179E+03
12.28	-1.199289E+06	5.045195E+02	5.252240E+01	5.568179E+03
12.285	-1.199290E+06	5.026716E+02	5.122203E+01	5.568179E+03
12.29	-1.199288E+06	4.532676E+02	5.103145E+01	5.568179E+03
12.295	-1.199290E+06	4.887188E+02	4.984572E+01	5.568179E+03
12.3	-1.199290E+06	4.962964E+02	4.904590E+01	5.568179E+03
12.305	-1.199288E+06	4.704462E+02	4.966513E+01	5.568179E+03
12.31	-1.199290E+06	5.116391E+02	4.940668E+01	5.568179E+03
12.315	-1.199289E+06	4.952002E+02	4.957639E+01	5.568179E+03
12.32	-1.199289E+06	5.077202E+02	4.934700E+01	5.568179E+03
12.325	-1.199289E+06	5.199790E+02	4.869086E+01	5.568179E+03
12.33	-1.199288E+06	5.015529E+02	4.924130E+01	5.568179E+03
12.335	-1.199289E+06	5.225776E+02	4.963108E+01	5.568179E+03
12.34	-1.199288E+06	5.227777E+02	4.926207E+01	5.568179E+03
12.345	-1.199289E+06	5.341603E+02	4.913341E+01	5.568179E+03
12.35	-1.199288E+06	5.183139E+02	4.964688E+01	5.568179E+03
12.355	-1.199288E+06	5.163067E+02	5.030097E+01	5.568179E+03
12.36	-1.199289E+06	5.360801E+02	5.145669E+01	5.568179E+03
12.365	-1.199288E+06	5.057338E+02	5.247750E+01	5.568179E+03
12.37	-1.199289E+06	5.231513E+02	5.279650E+01	5.568179E+03
12.375	-1.199289E+06	5.368167E+02	5.368348E+01	5.568179E+03
12.38	-1.199288E+06	5.226713E+02	5.438612E+01	5.568179E+03
12.385	-1.199289E+06	5.470867E+02	5.478372E+01	5.568179E+03
12.39	-1.199288E+06	5.334191E+02	5.524685E+01	5.568179E+03
12.395	-1.199289E+06	5.408752E+02	5.445473E+01	5.568179E+03
12.4	-1.199289E+06	5.377296E+02	5.383074E+01	5.568179E+03
12.405	-1.199288E+06	5.278292E+02	5.345167E+01	5.568179E+03
12.41	-1.199289E+06	5.684846E+02	5.269749E+01	5.568179E+03
12.415	-1.199288E+06	5.418233E+02	5.238386E+01	5.568179E+03
12.42	-1.199288E+06	5.546486E+02	5.149436E+01	5.568179E+03
12.425	-1.199289E+06	5.785900E+02	5.068923E+01	5.568179E+03
12.43	-1.199288E+06	5.628065E+02	4.961051E+01	5.568179E+03
12.435	-1.199288E+06	5.400112E+02	4.920721E+01	5.568179E+03
12.44	-1.199288E+06	5.331419E+02	4.990083E+01	5.568179E+03
12.445	-1.199289E+06	5.613993E+02	4.984410E+01	5.568179E+03
12.45	-1.199287E+06	5.430788E+02	5.069872E+01	5.568179E+03
12.455	-1.199288E+06	5.690510E+02	5.140203E+01	5.568179E+03
12.46	-1.199289E+06	5.754558E+02	5.166928E+01	5.568179E+03
12.465	-1.199287E+06	5.342852E+02	5.285380E+01	5.568179E+03
12.47	-1.199288E+06	5.573656E+02	5.326464E+01	5.568179E+03
12.475	-1.199288E+06	5.736681E+02	5.311824E+01	5.568179E+03
12.48	-1.199288E+06	5.596302E+02	5.314117E+01	5.568179E+03
12.485	-1.199287E+06	5.523749E+02	5.256128E+01	5.568179E+03
12.49	-1.199288E+06	5.735974E+02	5.133735E+01	5.568179E+03
12.495	-1.199288E+06	5.699210E+02	5.012641E+01	5.568179E+03
12.5	-1.199287E+06	5.681288E+02	4.832184E+01	5.568179E+03
12.505	-1.199289E+06	5.925975E+02	4.692604E+01	5.568179E+03
12.51	-1.199287E+06	5.373668E+02	4.748557E+01	5.568179E+03
12.515	-1.199288E+06	5.682729E+02	4.786268E+01	5.568179E+03
12.52	-1.199288E+06	5.921057E+02	4.934526E+01	5.568179E+03
12.525	-1.199287E+06	5.844985E+02	5.093168E+01	5.568179E+03
12.53	-1.199288E+06	6.218098E+02	5.094582E+01	5.568179E+03
12.535	-1.199287E+06	5.988769E+02	5.133460E+01	5.568179E+03
12.54	-1.199288E+06	6.148383E+02	5.169420E+01	5.568179E+03
12.545	-1.199288E+06	6.237592E+02	5.203762E+01	5.568179E+03
12.55	-1.199287E+06	6.123816E+02	5.170768E+01	5.568179E+03
12.555	-1.199288E+06	6.073891E+02	5.049097E+01	5.568179E+03
12.56	-1.199287E+06	5.836423E+02	4.923223E+01	5.568179E+03
12.565	-1.199287E+06	5.929380E+02	4.802493E+01	5.568179E+03
12.57	-1.199287E+06	5.923014E+02	4.724495E+01	5.568179E+03
12.575	-1.199287E+06	5.877951E+02	4.610554E+01	5.568179E+03
12.58	-1.199288E+06	6.044238E+02	4.530481E+01	5.568179E+03
12.585	-1.199286E+06	5.914878E+02	4.590321E+01	5.568179E+03
12.59	-1.199288E+06	6.274070E+02	4.523238E+01	5.568179E+03
12.595	-1.199287E+06	6.121229E+02	4.486614E+01	5.568179E+03
12.6	-1.199287E+06	5.820313E+02	4.556825E+01	5.568179E+03
12.605	-1.199287E+06	5.947972E+02	4.560643E+01	5.568179E+03
12.61	-1.199287E+06	5.991764E+02	4.620670E+01	5.568179E+03
12.615	-1.199287E+06	6.121387E+02	4.685956E+01	5.568179E+03
12.62	-1.199287E+06	6.268526E+02	4.624389E+01	5.568179E+03
12.625	-1.199287E+06	6.216609E+02	4.645663E+01	5.568179E+03
12.63	-1.199287E+06	6.120938E+02	4.709650E+01	5.568179E+03
12.635	-1.199287E+06	5.999789E+02	4.693596E+01	5.568179E+03
12.64	-1.199286E+06	5.862231E+02	4.722873E+01	5.568179E+03
12.645	-1.199287E+06	6.179281E+02	4.695442E+01	5.568179E+03
12.65	-1.199287E+06	6.510927E+02	4.630238E+01	5.568179E+03
12.655	-1.199287E+06	6.438910E+02	4.643526E+01	5.568179E+03
12.66	-1.199286E+06	6.275006E+02	4.626153E+01	5.568179E+03
12.665	-1.199287E+06	6.369416E+02	4.603489E+01	5.568179E+03
12.67	-1.199287E+06	6.320831E+02	4.681965E+01	5.568179E+03
12.675	-1.199286E+06	6.189263E+02	4.789828E+01	5.568179E+03
12.68	-1.199287E+06	6.485423E+02	4.926586E+01	5.568179E+03
12.685	-1.199287E+06	6.481356E+02	5.047320E+01	5.568179E+03
12.69	-1.199286E+06	6.138766E+02	5.059350E+01	5.568179E+03
12.695	-1.199287E+06	6.482999E+02	5.012162E+01	5.568179E+03
12.7	-1.199287E+06	6.406855E+02	4.985503E+01	5.568179E+03
12.705	-1.199286E+06	6.041779E+02	4.875926E+01	5.568179E+03
12.71	-1.199287E+06	6.315355E+02	4.728109E+01	5.568179E+03
12.715	-1.199287E+06	6.522532E+02	4.689449E+01	5.568179E+03
12.72	-1.199286E+06	6.539034E+02	4.630330E+01	5.568179E+03
12.725	-1.199287E+06	6.672752E+02	4.433978E+01	5.568179E+03
12.73	-1.199287E+06	6.482909E+02	4.332607E+01	5.568179E+03
12.735	-1.199285E+06	6.167664E+02	4.343375E+01	5.568179E+03
12.74	-1.199287E+06	6.411404E+02	4.246924E+01	5.568179E+03
12.745	-1.199286E+06	6.210877E+02	4.236366E+01	5.568179E+03
12.75	-1.199286E+06	6.348809E+02	4.320994E+01	5.568179E+03
12.755	-1.199287E+06	6.489133E+02	4.471277E+01	5.568179E+03
12.76	-1.199286E+06	6.355529E+02	4.649655E+01	5.568179E+03
12.765	-1.199287E+06	6.633525E+02	4.676116E+01	5.568179E+03
12.77	-1.199286E+06	6.469432E+02	4.643269E+01	5.568179E+03
12.775	-1.199286E+06	6.294809E+02	4.610469E+01	5.568179E+03
12.78	-1.199286E+06	6.303104E+02	4.511118E+01	5.568179E+03
12.785	-1.199286E+06	6.374256E+02	4.346840E+01	5.568179E+03
12.79	-1.199287E+06	6.615820E+02	4.185143E+01	5.568179E+03
12.795	-1.199286E+06	6.369600E+02	4.116956E+01	5.568179E+03
12.8	-1.199286E+06	6.244574E+02	4.084540E+01	5.568179E+03
12.805	-1.199287E+06	6.378528E+02	4.043047E+01	5.568179E+03
12.81	-1.199285E+06	6.248720E+02	4.041025E+01	5.568179E+03
12.815	-1.199287E+06	6.884448E+02	3.990040E+01	5.568179E+03
12.82	-1.199287E+06	7.048192E+02	4.071780E+01	5.568179E+03
12.825	-1.199286E+06	6.584123E+02	4.317046E+01	5.568179E+03
12.83	-1.199286E+06	6.621496E+02	4.494706E+01	5.568179E+03
12.835	-1.199287E+06	6.720055E+02	4.612409E+01	5.568179E+03
12.84	-1.199285E+06	6.522761E+02	4.707065E+01	5.568179E+03
12.845	-1.199287E+06	6.943483E+02	4.700829E+01	5.568179E+03
12.85	-1.199287E+06	6.860137E+02	4.767126E+01	5.568179E+03
12.855	-1.199285E+06	6.430132E+02	4.758487E+01	5.568179E+03
12.86	-1.199287E+06	6.664392E+02	4.564594E+01	5.568179E+03
12.865	-1.199285E+06	6.497100E+02	4.417793E+01	5.568179E+03
12.87	-1.199287E+06	6.955907E+02	4.169656E+01	5.568179E+03
12.875	-1.199285E+06	6.863130E+02	4.049798E+01	5.568179E+03
12.88	-1.199287E+06	6.876113E+02	4.007466E+01	5.568179E+03
12.885	-1.199285E+06	6.318705E+02	3.942745E+01	5.568179E+03
12.89	-1.199286E+06	6.504762E+02	3.882947E+01	5.568179E+03
12.895	-1.199286E+06	6.658190E+02	4.013009E+01	5.568179E+03
12.9	-1.199285E+06	6.552460E+02	4.130484E+01	5.568179E+03
12.905	-1.199287E+06	7.096212E+02	4.193649E+01	5.568179E+03
12.91	-1.199286E+06	6.800757E+02	4.400779E+01	5.568179E+03
12.915	-1.199285E+06	6.519926E+02	4.485093E+01	5.568179E+03
12.92	-1.199287E+06	6.823716E+02	4.495831E+01	5.568179E+03
12.925	-1.199285E+06	6.404940E+02	4.617370E+01	5.568179E+03
12.93	-1.199286E+06	6.509667E+02	4.510744E+01	5.568179E+03
12.935	-1.199286E+06	6.719592E+02	4.405894E+01	5.568179E+03
12.94	-1.199285E+06	6.495196E+02	4.520777E+01	5.568179E+03
12.945	-1.199286E+06	6.744101E+02	4.478829E+01	5.568179E+03
12.95	-1.199287E+06	6.834815E+02	4.368120E+01	5.568179E+03
12.955	-1.199285E+06	6.344780E+02	4.345387E+01	5.568179E+03
12.96	-1.199286E+06	6.648742E+02	4.254768E+01	5.568179E+03
12.965	-1.199287E+06	7.082727E+02	4.281262E+01	5.568179E+03
12.97	-1.199286E+06	6.758281E+02	4.432825E+01	5.568179E+03
12.975	-1.199285E+06	6.633412E+02	4.502024E+01	5.568179E+03
12.98	-1.199286E+06	6.756771E+02	4.611718E+01	5.568179E+03
12.985	-1.199284E+06	6.491572E+02	4.803344E+01	5.568179E+03
12.99	-1.199287E+06	7.107140E+02	4.868270E+01	5.568179E+03
12.995	-1.199285E+06	6.785780E+02	5.015150E+01	5.568179E+03
13.0	-1.199285E+06	6.789480E+02	5.090440E+01	5.568179E+03
13.005	-1.199287E+06	7.500415E+02	4.919357E+01	5.568179E+03
13.01	-1.199286E+06	6.977171E+02	4.733093E+01	5.568179E+03
13.015	-1.199285E+06	6.570681E+02	4.571072E+01	5.568179E+03
13.02	-1.199286E+06	6.889721E+02	4.454519E+01	5.568179E+03
13.025	-1.199286E+06	6.860604E+02	4.498287E+01	5.568179E+03
13.03	-1.199286E+06	6.977185E+02	4.466660E+01	5.568179E+03
13.035	-1.199287E+06	6.901864E+02	4.387172E+01	5.568179E+03
13.04	-1.199285E+06	6.526528E+02	4.418224E+01	5.568179E+03
13.045	-1.199286E+06	6.805172E+02	4.402269E+01	5.568179E+03
13.05	-1.199286E+06	6.899003E+02	4.434550E+01	5.568179E+03
13.055	-1.199286E+06	6.790843E+02	4.484937E+01	5.568179E+03
13.06	-1.199287E+06	6.811737E+02	4.406061E+01	5.568179E+03
13.065	-1.199286E+06	6.454824E+02	4.404283E+01	5.568179E+03
13.07	-1.199286E+06	6.305745E+02	4.573640E+01	5.568179E+03
13.075	-1.199285E+06	6.651814E+02	4.753922E+01	5.568179E+03
13.08	-1.199288E+06	7.298056E+02	4.751681E+01	5.568179E+03
13.085	-1.199284E+06	6.664619E+02	4.701711E+01	5.568179E+03
13.09	-1.199287E+06	6.993618E+02	4.498904E+01	5.568179E+03
13.095	-1.199286E+06	6.718625E+02	4.377898E+01	5.568179E+03
13.1	-1.199284E+06	6.250829E+02	4.337458E+01	5.568179E+03
13.105	-1.199287E+06	7.054853E+02	4.259647E+01	5.568179E+03
13.11	-1.199287E+06	7.071514E+02	4.305437E+01	5.568179E+03
13.115	-1.199285E+06	6.724509E+02	4.384727E+01	5.568179E+03
13.12	-1.199287E+06	7.048520E+02	4.436737E+01	5.568179E+03
13.125	-1.199286E+06	6.897483E+02	4.616661E+01	5.568179E+03
13.13	-1.199286E+06	6.859703E+02	4.721411E+01	5.568179E+03
13.135	-1.199286E+06	6.728718E+02	4.761696E+01	5.568179E+03
13.14	-1.199286E+06	6.630080E+02	4.828952E+01	5.568179E+03
13.145	-1.199286E+06	6.779575E+02	4.768997E+01	5.568179E+03
13.15	-1.199286E+06	6.524605E+02	4.653004E+01	5.568179E+03
13.155	-1.199285E+06	6.215882E+02	4.638422E+01	5.568179E+03
13.16	-1.199287E+06	6.841660E+02	4.535433E+01	5.568179E+03
13.165	-1.199286E+06	6.849376E+02	4.387882E+01	5.568179E+03
13.17	-1.199285E+06	6.410377E+02	4.237238E+01	5.568179E+03
13.175	-1.199286E+06	6.379116E+02	4.011834E+01	5.568179E+03
13.18	-1.199286E+06	6.435383E+02	3.963552E+01	5.568179E+03
13.185	-1.199285E+06	6.435863E+02	4.191981E+01	5.568179E+03
13.19	-1.199286E+06	6.784885E+02	4.374456E+01	5.568179E+03
13.195	-1.199287E+06	7.032818E+02	4.447106E+01	5.568179E+03
13.2	-1.199285E+06	6.751711E+02	4.446785E+01	5.568179E+03
13.205	-1.199287E+06	6.775136E+02	4.381787E+01	5.568179E+03
13.21	-1.199285E+06	6.432850E+02	4.524825E+01	5.568179E+03
13.215	-1.199287E+06	6.658615E+02	4.635648E+01	5.568179E+03
13.22	-1.199286E+06	6.719998E+02	4.709974E+01	5.568179E+03
13.225	-1.199286E+06	6.544762E+02	4.829280E+01	5.568179E+03
13.23	-1.199286E+06	6.596126E+02	4.854346E+01	5.568179E+03
13.235	-1.199286E+06	6.634873E+02	4.849372E+01	5.568179E+03
13.24	-1.199286E+06	6.617761E+02	4.896373E+01	5.568179E+03
13.245	-1.199286E+06	6.769263E+02	4.862754E+01	5.568179E+03
13.25	-1.199287E+06	6.819509E+02	4.700519E+01	5.568179E+03
13.255	-1.199286E+06	6.473723E+02	4.523495E+01	5.568179E+03
13.26	-1.199286E+06	6.335422E+02	4.359119E+01	5.568179E+03
13.265	-1.199286E+06	6.241729E+02	4.297664E+01	5.568179E+03
13.27	-1.199286E+06	6.305878E+02	4.305435E+01	5.568179E+03
13.275	-1.199286E+06	6.343823E+02	4.346660E+01	5.568179E+03
13.28	-1.199287E+06	6.564546E+02	4.403398E+01	5.568179E+03
13.285	-1.199286E+06	6.532721E+02	4.521958E+01	5.568179E+03
13.29	-1.199286E+06	6.440368E+02	4.661237E+01	5.568179E+03
13.295	-1.199287E+06	6.411900E+02	4.829260E+01	5.568179E+03
13.3	-1.199285E+06	6.057893E+02	5.092498E+01	5.568179E+03
13.305	-1.199287E+06	6.703548E+02	5.236868E+01	5.568179E+03
13.31	-1.199287E+06	6.681812E+02	5.308886E+01	5.568179E+03
13.315	-1.199285E+06	6.290615E+02	5.345008E+01	5.568179E+03
13.32	-1.199288E+06	6.758326E+02	5.327248E+01	5.568179E+03
13.325	-1.199286E+06	6.388067E+02	5.389681E+01	5.568179E+03
13.33	-1.199286E+06	6.428325E+02	5.387219E+01	5.568179E+03
