#t	totalEnergy 	temperature  	pressure 	volume 		PtensXX 	PtensXY 	PtensXZ 	PtensYX 	PtensYY 	PtensYZ 	PtensZX 	PtensZY 	PtensZZ
0.0	-1.199306E+06	2.999992E+02	1.659782E+01	5.568179E+03
0.005	-1.199317E+06	5.804150E+02	2.399733E+01	5.568179E+03
0.01	-1.199312E+06	6.690920E+02	3.830802E+01	5.568179E+03
0.015	-1.199314E+06	7.578196E+02	4.972539E+01	5.568179E+03
0.02	-1.199314E+06	7.794395E+02	5.902173E+01	5.568179E+03
0.025	-1.199311E+06	6.837690E+02	6.494639E+01	5.568179E+03
0.03	-1.199313E+06	6.923169E+02	6.869449E+01	5.568179E+03
0.035	-1.199313E+06	6.726484E+02	6.944248E+01	5.568179E+03
0.04	-1.199313E+06	6.665530E+02	6.762292E+01	5.568179E+03
0.045	-1.199313E+06	6.983577E+02	6.319633E+01	5.568179E+03
0.05	-1.199313E+06	7.200256E+02	5.531246E+01	5.568179E+03
0.055	-1.199313E+06	7.126564E+02	4.968736E+01	5.568179E+03
0.06	-1.199313E+06	6.908961E+02	4.588591E+01	5.568179E+03
0.065	-1.199313E+06	6.446958E+02	4.285091E+01	5.568179E+03
0.07	-1.199311E+06	5.907945E+02	4.243179E+01	5.568179E+03
0.075	-1.199314E+06	6.828209E+02	4.197882E+01	5.568179E+03
0.08	-1.199314E+06	7.024308E+02	4.502467E+01	5.568179E+03
0.085	-1.199311E+06	6.799000E+02	5.133762E+01	5.568179E+03
0.09	-1.199315E+06	7.887118E+02	5.562308E+01	5.568179E+03
0.095	-1.199313E+06	7.284012E+02	5.970399E+01	5.568179E+03
0.1	-1.199313E+06	6.811704E+02	6.129259E+01	5.568179E+03
0.105	-1.199314E+06	6.724834E+02	6.033046E+01	5.568179E+03
0.11	-1.199311E+06	5.986454E+02	5.969666E+01	5.568179E+03
0.115	-1.199314E+06	6.668151E+02	5.775771E+01	5.568179E+03
0.12	-1.199312E+06	6.706939E+02	5.598511E+01	5.568179E+03
0.125	-1.199313E+06	6.853002E+02	5.278798E+01	5.568179E+03
0.13	-1.199314E+06	6.827244E+02	4.842096E+01	5.568179E+03
0.135	-1.199312E+06	6.232399E+02	4.377095E+01	5.568179E+03
0.14	-1.199313E+06	6.194521E+02	4.043267E+01	5.568179E+03
0.145	-1.199313E+06	6.416814E+02	4.141564E+01	5.568179E+03
0.15	-1.199313E+06	6.494534E+02	4.389649E+01	5.568179E+03
0.155	-1.199313E+06	6.797216E+02	4.588373E+01	5.568179E+03
0.16	-1.199314E+06	7.056196E+02	4.674804E+01	5.568179E+03
0.165	-1.199313E+06	6.684803E+02	4.681077E+01	5.568179E+03
0.17	-1.199313E+06	6.574869E+02	4.958434E+01	5.568179E+03
0.175	-1.199314E+06	6.802362E+02	5.217487E+01	5.568179E+03
0.18	-1.199313E+06	6.600767E+02	5.350710E+01	5.568179E+03
0.185	-1.199313E+06	6.701294E+02	5.412012E+01	5.568179E+03
0.19	-1.199314E+06	6.695159E+02	5.136248E+01	5.568179E+03
0.195	-1.199313E+06	6.466442E+02	4.903891E+01	5.568179E+03
0.2	-1.199313E+06	6.388757E+02	4.748615E+01	5.568179E+03
0.205	-1.199313E+06	6.417205E+02	4.501091E+01	5.568179E+03
0.21	-1.199314E+06	7.022650E+02	4.250140E+01	5.568179E+03
0.215	-1.199314E+06	7.004541E+02	3.852603E+01	5.568179E+03
0.22	-1.199312E+06	6.446733E+02	3.728203E+01	5.568179E+03
0.225	-1.199314E+06	6.561302E+02	4.069091E+01	5.568179E+03
0.23	-1.199314E+06	6.542743E+02	4.463182E+01	5.568179E+03
0.235	-1.199312E+06	6.469944E+02	4.810036E+01	5.568179E+03
0.24	-1.199314E+06	7.038833E+02	5.009587E+01	5.568179E+03
0.245	-1.199313E+06	6.830231E+02	5.206095E+01	5.568179E+03
0.25	-1.199313E+06	6.746130E+02	5.460867E+01	5.568179E+03
0.255	-1.199315E+06	6.706759E+02	5.538692E+01	5.568179E+03
0.26	-1.199311E+06	5.789699E+02	5.490351E+01	5.568179E+03
0.265	-1.199314E+06	6.338439E+02	5.211540E+01	5.568179E+03
0.27	-1.199313E+06	6.381019E+02	4.831407E+01	5.568179E+03
0.275	-1.199313E+06	6.400838E+02	4.460125E+01	5.568179E+03
0.28	-1.199314E+06	6.602011E+02	4.204515E+01	5.568179E+03
0.285	-1.199312E+06	6.214061E+02	4.068443E+01	5.568179E+03
0.29	-1.199314E+06	6.498261E+02	3.889989E+01	5.568179E+03
0.295	-1.199314E+06	6.573390E+02	3.825469E+01	5.568179E+03
0.3	-1.199313E+06	6.296725E+02	3.966786E+01	5.568179E+03
0.305	-1.199313E+06	6.169408E+02	4.291893E+01	5.568179E+03
0.31	-1.199314E+06	6.762326E+02	4.793503E+01	5.568179E+03
0.315	-1.199314E+06	6.699816E+02	5.313568E+01	5.568179E+03
0.32	-1.199312E+06	6.334282E+02	5.616428E+01	5.568179E+03
0.325	-1.199315E+06	6.525238E+02	5.699556E+01	5.568179E+03
0.33	-1.199311E+06	5.628439E+02	5.673857E+01	5.568179E+03
0.335	-1.199314E+06	6.234599E+02	5.537591E+01	5.568179E+03
0.34	-1.199314E+06	6.409079E+02	5.422190E+01	5.568179E+03
0.345	-1.199312E+06	6.063262E+02	5.135649E+01	5.568179E+03
0.35	-1.199316E+06	6.622279E+02	4.639080E+01	5.568179E+03
0.355	-1.199312E+06	6.025645E+02	4.171015E+01	5.568179E+03
0.36	-1.199314E+06	6.278374E+02	3.900698E+01	5.568179E+03
0.365	-1.199314E+06	6.175166E+02	4.022971E+01	5.568179E+03
0.37	-1.199313E+06	5.961067E+02	4.226164E+01	5.568179E+03
0.375	-1.199315E+06	6.568586E+02	4.322691E+01	5.568179E+03
0.38	-1.199314E+06	6.596278E+02	4.270589E+01	5.568179E+03
0.385	-1.199314E+06	6.342994E+02	4.278229E+01	5.568179E+03
0.39	-1.199313E+06	5.912188E+02	4.648195E+01	5.568179E+03
0.395	-1.199315E+06	6.167712E+02	5.000643E+01	5.568179E+03
0.4	-1.199314E+06	6.094675E+02	5.229569E+01	5.568179E+03
0.405	-1.199314E+06	6.136123E+02	5.286518E+01	5.568179E+03
0.41	-1.199315E+06	6.221179E+02	5.218504E+01	5.568179E+03
0.415	-1.199313E+06	5.815779E+02	5.338433E+01	5.568179E+03
0.42	-1.199316E+06	6.445453E+02	5.389258E+01	5.568179E+03
0.425	-1.199313E+06	5.964603E+02	5.360372E+01	5.568179E+03
0.43	-1.199315E+06	6.169640E+02	5.164459E+01	5.568179E+03
0.435	-1.199316E+06	6.294685E+02	4.813268E+01	5.568179E+03
0.44	-1.199313E+06	5.461782E+02	4.556447E+01	5.568179E+03
0.445	-1.199316E+06	5.982903E+02	4.430423E+01	5.568179E+03
0.45	-1.199314E+06	6.026813E+02	4.437416E+01	5.568179E+03
0.455	-1.199315E+06	6.085043E+02	4.368694E+01	5.568179E+03
0.46	-1.199315E+06	6.144618E+02	4.204501E+01	5.568179E+03
0.465	-1.199315E+06	5.939837E+02	4.062072E+01	5.568179E+03
0.47	-1.199314E+06	5.721898E+02	4.103865E+01	5.568179E+03
0.475	-1.199314E+06	5.867205E+02	4.365160E+01	5.568179E+03
0.48	-1.199315E+06	6.196888E+02	4.700576E+01	5.568179E+03
0.485	-1.199314E+06	5.873122E+02	4.978772E+01	5.568179E+03
0.49	-1.199315E+06	5.639294E+02	5.049838E+01	5.568179E+03
0.495	-1.199314E+06	5.382970E+02	5.055622E+01	5.568179E+03
0.5	-1.199315E+06	5.724708E+02	5.152027E+01	5.568179E+03
0.505	-1.199316E+06	6.043534E+02	5.197587E+01	5.568179E+03
0.51	-1.199314E+06	5.760966E+02	5.096497E+01	5.568179E+03
0.515	-1.199316E+06	6.066487E+02	4.824688E+01	5.568179E+03
0.52	-1.199314E+06	5.723264E+02	4.539395E+01	5.568179E+03
0.525	-1.199314E+06	5.826695E+02	4.448391E+01	5.568179E+03
0.53	-1.199316E+06	6.137632E+02	4.520675E+01	5.568179E+03
0.535	-1.199314E+06	5.695896E+02	4.587348E+01	5.568179E+03
0.54	-1.199316E+06	6.079354E+02	4.556339E+01	5.568179E+03
0.545	-1.199315E+06	5.848313E+02	4.502315E+01	5.568179E+03
0.55	-1.199314E+06	5.516491E+02	4.529358E+01	5.568179E+03
0.555	-1.199316E+06	5.696710E+02	4.718114E+01	5.568179E+03
0.56	-1.199315E+06	5.408925E+02	4.878120E+01	5.568179E+03
0.565	-1.199315E+06	5.271838E+02	4.892806E+01	5.568179E+03
0.57	-1.199315E+06	5.267631E+02	4.830653E+01	5.568179E+03
0.575	-1.199316E+06	5.393801E+02	4.675548E+01	5.568179E+03
0.58	-1.199315E+06	5.382414E+02	4.674845E+01	5.568179E+03
0.585	-1.199316E+06	5.809061E+02	4.723710E+01	5.568179E+03
0.59	-1.199315E+06	5.602624E+02	4.712858E+01	5.568179E+03
0.595	-1.199315E+06	5.604633E+02	4.641076E+01	5.568179E+03
0.6	-1.199317E+06	5.884249E+02	4.475474E+01	5.568179E+03
0.605	-1.199314E+06	5.278511E+02	4.370069E+01	5.568179E+03
0.61	-1.199316E+06	5.465246E+02	4.405670E+01	5.568179E+03
0.615	-1.199315E+06	5.411247E+02	4.627521E+01	5.568179E+03
0.62	-1.199315E+06	5.383601E+02	4.830920E+01	5.568179E+03
0.625	-1.199316E+06	5.556442E+02	4.885765E+01	5.568179E+03
0.63	-1.199315E+06	5.266009E+02	4.806659E+01	5.568179E+03
0.635	-1.199316E+06	5.324365E+02	4.732049E+01	5.568179E+03
0.64	-1.199316E+06	5.493937E+02	4.777520E+01	5.568179E+03
0.645	-1.199316E+06	5.416138E+02	4.778291E+01	5.568179E+03
0.65	-1.199315E+06	5.288578E+02	4.712087E+01	5.568179E+03
0.655	-1.199316E+06	5.447268E+02	4.567716E+01	5.568179E+03
0.66	-1.199316E+06	5.445303E+02	4.430602E+01	5.568179E+03
0.665	-1.199315E+06	5.263054E+02	4.531111E+01	5.568179E+03
0.67	-1.199316E+06	5.475479E+02	4.678456E+01	5.568179E+03
0.675	-1.199316E+06	5.453302E+02	4.722596E+01	5.568179E+03
0.68	-1.199316E+06	5.234456E+02	4.658266E+01	5.568179E+03
0.685	-1.199316E+06	5.139107E+02	4.426338E+01	5.568179E+03
0.69	-1.199316E+06	4.974036E+02	4.340305E+01	5.568179E+03
0.695	-1.199317E+06	5.141267E+02	4.454438E+01	5.568179E+03
0.7	-1.199316E+06	5.053622E+02	4.599794E+01	5.568179E+03
0.705	-1.199316E+06	5.212535E+02	4.692119E+01	5.568179E+03
0.71	-1.199317E+06	5.214903E+02	4.635675E+01	5.568179E+03
0.715	-1.199315E+06	4.904356E+02	4.560967E+01	5.568179E+03
0.72	-1.199317E+06	5.182870E+02	4.615182E+01	5.568179E+03
0.725	-1.199316E+06	5.026360E+02	4.731824E+01	5.568179E+03
0.73	-1.199316E+06	4.914307E+02	4.740270E+01	5.568179E+03
0.735	-1.199317E+06	5.163192E+02	4.608326E+01	5.568179E+03
0.74	-1.199316E+06	4.931148E+02	4.456572E+01	5.568179E+03
0.745	-1.199316E+06	4.855876E+02	4.391295E+01	5.568179E+03
0.75	-1.199317E+06	5.063934E+02	4.459589E+01	5.568179E+03
0.755	-1.199317E+06	4.901579E+02	4.586795E+01	5.568179E+03
0.76	-1.199317E+06	4.824904E+02	4.596487E+01	5.568179E+03
0.765	-1.199317E+06	4.910901E+02	4.593097E+01	5.568179E+03
0.77	-1.199316E+06	4.846642E+02	4.703387E+01	5.568179E+03
0.775	-1.199317E+06	5.066590E+02	4.847277E+01	5.568179E+03
0.78	-1.199317E+06	5.037718E+02	5.072661E+01	5.568179E+03
0.785	-1.199317E+06	4.867447E+02	5.234273E+01	5.568179E+03
0.79	-1.199317E+06	4.825973E+02	5.255338E+01	5.568179E+03
0.795	-1.199317E+06	4.764495E+02	5.162933E+01	5.568179E+03
0.8	-1.199317E+06	4.673000E+02	4.916329E+01	5.568179E+03
0.805	-1.199317E+06	4.485713E+02	4.766054E+01	5.568179E+03
0.81	-1.199318E+06	4.584251E+02	4.693846E+01	5.568179E+03
0.815	-1.199317E+06	4.509342E+02	4.596748E+01	5.568179E+03
0.82	-1.199318E+06	4.820838E+02	4.483390E+01	5.568179E+03
0.825	-1.199317E+06	4.758965E+02	4.344803E+01	5.568179E+03
0.83	-1.199317E+06	4.709391E+02	4.306300E+01	5.568179E+03
0.835	-1.199318E+06	4.739618E+02	4.446981E+01	5.568179E+03
0.84	-1.199317E+06	4.434945E+02	4.577275E+01	5.568179E+03
0.845	-1.199318E+06	4.508860E+02	4.651169E+01	5.568179E+03
0.85	-1.199317E+06	4.435141E+02	4.670447E+01	5.568179E+03
0.855	-1.199317E+06	4.377524E+02	4.734856E+01	5.568179E+03
0.86	-1.199318E+06	4.411660E+02	5.008229E+01	5.568179E+03
0.865	-1.199317E+06	4.341457E+02	5.220897E+01	5.568179E+03
0.87	-1.199318E+06	4.546370E+02	5.297244E+01	5.568179E+03
0.875	-1.199318E+06	4.434238E+02	5.285404E+01	5.568179E+03
0.88	-1.199317E+06	4.269762E+02	5.147335E+01	5.568179E+03
0.885	-1.199318E+06	4.526486E+02	5.097730E+01	5.568179E+03
0.89	-1.199318E+06	4.539287E+02	5.087450E+01	5.568179E+03
0.895	-1.199318E+06	4.360422E+02	4.958531E+01	5.568179E+03
0.9	-1.199318E+06	4.510397E+02	4.707616E+01	5.568179E+03
0.905	-1.199318E+06	4.552631E+02	4.367911E+01	5.568179E+03
0.91	-1.199318E+06	4.299767E+02	4.150086E+01	5.568179E+03
0.915	-1.199318E+06	4.238247E+02	4.145060E+01	5.568179E+03
0.92	-1.199318E+06	4.224801E+02	4.278039E+01	5.568179E+03
0.925	-1.199318E+06	4.318483E+02	4.414341E+01	5.568179E+03
0.93	-1.199319E+06	4.347977E+02	4.491290E+01	5.568179E+03
0.935	-1.199318E+06	4.088125E+02	4.623928E+01	5.568179E+03
0.94	-1.199319E+06	4.262621E+02	4.813119E+01	5.568179E+03
0.945	-1.199319E+06	4.332683E+02	5.039537E+01	5.568179E+03
0.95	-1.199318E+06	4.062223E+02	5.191297E+01	5.568179E+03
0.955	-1.199319E+06	4.133278E+02	5.195073E+01	5.568179E+03
0.96	-1.199319E+06	4.083994E+02	5.226250E+01	5.568179E+03
0.965	-1.199318E+06	4.098155E+02	5.216153E+01	5.568179E+03
0.97	-1.199319E+06	4.299081E+02	5.099266E+01	5.568179E+03
0.975	-1.199318E+06	3.979961E+02	4.965828E+01	5.568179E+03
0.98	-1.199319E+06	4.064605E+02	4.719117E+01	5.568179E+03
0.985	-1.199319E+06	4.081261E+02	4.496799E+01	5.568179E+03
0.99	-1.199318E+06	3.813964E+02	4.318840E+01	5.568179E+03
0.995	-1.199319E+06	4.041158E+02	4.255369E+01	5.568179E+03
1.0	-1.199319E+06	4.126790E+02	4.477374E+01	5.568179E+03
1.005	-1.199319E+06	4.144002E+02	4.664059E+01	5.568179E+03
1.01	-1.199320E+06	4.316695E+02	4.725013E+01	5.568179E+03
1.015	-1.199319E+06	3.927589E+02	4.749995E+01	5.568179E+03
1.02	-1.199319E+06	3.706431E+02	4.729371E+01	5.568179E+03
1.025	-1.199320E+06	3.943602E+02	4.858188E+01	5.568179E+03
1.03	-1.199319E+06	3.708237E+02	5.017896E+01	5.568179E+03
1.035	-1.199319E+06	3.651822E+02	5.063584E+01	5.568179E+03
1.04	-1.199320E+06	4.013725E+02	5.081700E+01	5.568179E+03
1.045	-1.199319E+06	3.928812E+02	5.056396E+01	5.568179E+03
1.05	-1.199319E+06	3.888211E+02	5.101453E+01	5.568179E+03
1.055	-1.199320E+06	4.020325E+02	5.185077E+01	5.568179E+03
1.06	-1.199319E+06	3.692290E+02	5.153885E+01	5.568179E+03
1.065	-1.199320E+06	3.643678E+02	5.020337E+01	5.568179E+03
1.07	-1.199320E+06	3.639952E+02	4.912303E+01	5.568179E+03
1.075	-1.199319E+06	3.696421E+02	4.917889E+01	5.568179E+03
1.08	-1.199320E+06	4.024724E+02	4.948208E+01	5.568179E+03
1.085	-1.199320E+06	3.803408E+02	4.972503E+01	5.568179E+03
1.09	-1.199319E+06	3.559648E+02	4.989062E+01	5.568179E+03
1.095	-1.199320E+06	3.617313E+02	4.916798E+01	5.568179E+03
1.1	-1.199319E+06	3.426243E+02	4.908228E+01	5.568179E+03
1.105	-1.199320E+06	3.520448E+02	5.045049E+01	5.568179E+03
1.11	-1.199320E+06	3.715558E+02	5.199498E+01	5.568179E+03
1.115	-1.199320E+06	3.777666E+02	5.294250E+01	5.568179E+03
1.12	-1.199320E+06	3.805788E+02	5.279160E+01	5.568179E+03
1.125	-1.199320E+06	3.633882E+02	5.159371E+01	5.568179E+03
1.13	-1.199320E+06	3.445515E+02	5.062069E+01	5.568179E+03
1.135	-1.199320E+06	3.435633E+02	5.008848E+01	5.568179E+03
1.14	-1.199320E+06	3.419391E+02	4.983567E+01	5.568179E+03
1.145	-1.199319E+06	3.262461E+02	5.030747E+01	5.568179E+03
1.15	-1.199321E+06	3.542010E+02	5.043403E+01	5.568179E+03
1.155	-1.199320E+06	3.479899E+02	5.096993E+01	5.568179E+03
1.16	-1.199320E+06	3.404450E+02	5.221057E+01	5.568179E+03
1.165	-1.199321E+06	3.560278E+02	5.373178E+01	5.568179E+03
1.17	-1.199320E+06	3.363892E+02	5.543887E+01	5.568179E+03
1.175	-1.199320E+06	3.481412E+02	5.563729E+01	5.568179E+03
1.18	-1.199320E+06	3.463855E+02	5.465512E+01	5.568179E+03
1.185	-1.199320E+06	3.336823E+02	5.374793E+01	5.568179E+03
1.19	-1.199321E+06	3.505674E+02	5.320513E+01	5.568179E+03
1.195	-1.199320E+06	3.356970E+02	5.274455E+01	5.568179E+03
1.2	-1.199320E+06	3.168720E+02	5.165423E+01	5.568179E+03
1.205	-1.199321E+06	3.156722E+02	4.973042E+01	5.568179E+03
1.21	-1.199321E+06	3.159679E+02	4.789051E+01	5.568179E+03
1.215	-1.199321E+06	3.097345E+02	4.829012E+01	5.568179E+03
1.22	-1.199321E+06	3.123648E+02	5.020927E+01	5.568179E+03
1.225	-1.199321E+06	3.138898E+02	5.220571E+01	5.568179E+03
1.23	-1.199321E+06	3.206387E+02	5.374394E+01	5.568179E+03
1.235	-1.199321E+06	3.292633E+02	5.388930E+01	5.568179E+03
1.24	-1.199321E+06	3.307677E+02	5.436683E+01	5.568179E+03
1.245	-1.199321E+06	3.402355E+02	5.590182E+01	5.568179E+03
1.25	-1.199321E+06	3.301932E+02	5.667082E+01	5.568179E+03
1.255	-1.199321E+06	3.191998E+02	5.635605E+01	5.568179E+03
1.26	-1.199321E+06	3.240241E+02	5.510321E+01	5.568179E+03
1.265	-1.199321E+06	3.055762E+02	5.407100E+01	5.568179E+03
1.27	-1.199321E+06	2.952244E+02	5.426007E+01	5.568179E+03
1.275	-1.199321E+06	3.141607E+02	5.449717E+01	5.568179E+03
1.28	-1.199321E+06	3.061371E+02	5.415207E+01	5.568179E+03
1.285	-1.199321E+06	2.956875E+02	5.319260E+01	5.568179E+03
1.29	-1.199321E+06	3.058096E+02	5.207701E+01	5.568179E+03
1.295	-1.199321E+06	2.992050E+02	5.195921E+01	5.568179E+03
1.3	-1.199321E+06	3.016620E+02	5.295527E+01	5.568179E+03
1.305	-1.199322E+06	3.075034E+02	5.408164E+01	5.568179E+03
1.31	-1.199321E+06	2.885073E+02	5.475245E+01	5.568179E+03
1.315	-1.199322E+06	2.931009E+02	5.519961E+01	5.568179E+03
1.32	-1.199321E+06	2.921916E+02	5.582447E+01	5.568179E+03
1.325	-1.199322E+06	3.048649E+02	5.652758E+01	5.568179E+03
1.33	-1.199321E+06	2.955405E+02	5.781287E+01	5.568179E+03
1.335	-1.199321E+06	2.790406E+02	5.840083E+01	5.568179E+03
1.34	-1.199321E+06	2.784451E+02	5.782062E+01	5.568179E+03
1.345	-1.199321E+06	2.740851E+02	5.673375E+01	5.568179E+03
1.35	-1.199322E+06	2.938692E+02	5.552996E+01	5.568179E+03
1.355	-1.199322E+06	2.958619E+02	5.545838E+01	5.568179E+03
1.36	-1.199321E+06	2.852065E+02	5.538017E+01	5.568179E+03
1.365	-1.199322E+06	2.916732E+02	5.437169E+01	5.568179E+03
1.37	-1.199321E+06	2.859929E+02	5.328414E+01	5.568179E+03
1.375	-1.199321E+06	2.755476E+02	5.240235E+01	5.568179E+03
1.38	-1.199322E+06	2.739375E+02	5.274949E+01	5.568179E+03
1.385	-1.199322E+06	2.720782E+02	5.412543E+01	5.568179E+03
1.39	-1.199321E+06	2.638493E+02	5.519123E+01	5.568179E+03
1.395	-1.199322E+06	2.741883E+02	5.560463E+01	5.568179E+03
1.4	-1.199322E+06	2.769466E+02	5.524186E+01	5.568179E+03
1.405	-1.199321E+06	2.660116E+02	5.482768E+01	5.568179E+03
1.41	-1.199322E+06	2.761694E+02	5.562175E+01	5.568179E+03
1.415	-1.199322E+06	2.818517E+02	5.682963E+01	5.568179E+03
1.42	-1.199322E+06	2.756408E+02	5.710039E+01	5.568179E+03
1.425	-1.199322E+06	2.710984E+02	5.632759E+01	5.568179E+03
1.43	-1.199322E+06	2.571654E+02	5.518932E+01	5.568179E+03
1.435	-1.199322E+06	2.522136E+02	5.469008E+01	5.568179E+03
1.44	-1.199322E+06	2.483977E+02	5.491917E+01	5.568179E+03
1.445	-1.199322E+06	2.403097E+02	5.514462E+01	5.568179E+03
1.45	-1.199322E+06	2.541032E+02	5.489155E+01	5.568179E+03
1.455	-1.199322E+06	2.600354E+02	5.430837E+01	5.568179E+03
1.46	-1.199322E+06	2.668034E+02	5.407082E+01	5.568179E+03
1.465	-1.199322E+06	2.748902E+02	5.453607E+01	5.568179E+03
1.47	-1.199322E+06	2.495347E+02	5.502361E+01	5.568179E+03
1.475	-1.199322E+06	2.561741E+02	5.455581E+01	5.568179E+03
1.48	-1.199322E+06	2.529995E+02	5.361902E+01	5.568179E+03
1.485	-1.199322E+06	2.522026E+02	5.284215E+01	5.568179E+03
1.49	-1.199323E+06	2.675073E+02	5.324852E+01	5.568179E+03
1.495	-1.199322E+06	2.553389E+02	5.468262E+01	5.568179E+03
1.5	-1.199322E+06	2.540875E+02	5.551659E+01	5.568179E+03
1.505	-1.199322E+06	2.439299E+02	5.563889E+01	5.568179E+03
1.51	-1.199322E+06	2.410051E+02	5.514013E+01	5.568179E+03
1.515	-1.199322E+06	2.437156E+02	5.494224E+01	5.568179E+03
1.52	-1.199322E+06	2.381204E+02	5.555382E+01	5.568179E+03
1.525	-1.199323E+06	2.433640E+02	5.581866E+01	5.568179E+03
1.53	-1.199322E+06	2.312170E+02	5.561672E+01	5.568179E+03
1.535	-1.199323E+06	2.468659E+02	5.451137E+01	5.568179E+03
1.54	-1.199322E+06	2.442039E+02	5.323826E+01	5.568179E+03
1.545	-1.199322E+06	2.417959E+02	5.273050E+01	5.568179E+03
1.55	-1.199323E+06	2.444665E+02	5.287918E+01	5.568179E+03
1.555	-1.199322E+06	2.278218E+02	5.312441E+01	5.568179E+03
1.56	-1.199323E+06	2.393700E+02	5.264954E+01	5.568179E+03
1.565	-1.199322E+06	2.210007E+02	5.219672E+01	5.568179E+03
1.57	-1.199322E+06	2.280596E+02	5.221001E+01	5.568179E+03
1.575	-1.199323E+06	2.465901E+02	5.290947E+01	5.568179E+03
1.58	-1.199322E+06	2.177889E+02	5.414197E+01	5.568179E+03
1.585	-1.199323E+06	2.322548E+02	5.468110E+01	5.568179E+03
1.59	-1.199323E+06	2.299392E+02	5.498358E+01	5.568179E+03
1.595	-1.199322E+06	2.190025E+02	5.510200E+01	5.568179E+03
1.6	-1.199323E+06	2.204328E+02	5.570936E+01	5.568179E+03
1.605	-1.199322E+06	2.134985E+02	5.745486E+01	5.568179E+03
1.61	-1.199323E+06	2.247183E+02	5.882819E+01	5.568179E+03
1.615	-1.199322E+06	2.261536E+02	5.914546E+01	5.568179E+03
1.62	-1.199323E+06	2.241427E+02	5.846324E+01	5.568179E+03
1.625	-1.199322E+06	2.241687E+02	5.747763E+01	5.568179E+03
1.63	-1.199323E+06	2.307705E+02	5.694283E+01	5.568179E+03
1.635	-1.199323E+06	2.220112E+02	5.659523E+01	5.568179E+03
1.64	-1.199323E+06	2.222665E+02	5.580616E+01	5.568179E+03
1.645	-1.199323E+06	2.269332E+02	5.471941E+01	5.568179E+03
1.65	-1.199322E+06	2.136095E+02	5.400312E+01	5.568179E+03
1.655	-1.199323E+06	2.242780E+02	5.420333E+01	5.568179E+03
1.66	-1.199323E+06	2.184606E+02	5.526876E+01	5.568179E+03
1.665	-1.199323E+06	2.028499E+02	5.604246E+01	5.568179E+03
1.67	-1.199323E+06	2.079382E+02	5.614938E+01	5.568179E+03
1.675	-1.199323E+06	2.058224E+02	5.583185E+01	5.568179E+03
1.68	-1.199323E+06	2.016479E+02	5.572126E+01	5.568179E+03
1.685	-1.199323E+06	2.108559E+02	5.629847E+01	5.568179E+03
1.69	-1.199323E+06	2.068399E+02	5.681485E+01	5.568179E+03
1.695	-1.199323E+06	1.975124E+02	5.671106E+01	5.568179E+03
1.7	-1.199323E+06	2.053847E+02	5.611471E+01	5.568179E+03
1.705	-1.199323E+06	2.023491E+02	5.568134E+01	5.568179E+03
1.71	-1.199323E+06	2.072780E+02	5.596831E+01	5.568179E+03
1.715	-1.199323E+06	2.082509E+02	5.667359E+01	5.568179E+03
1.72	-1.199323E+06	2.107449E+02	5.680070E+01	5.568179E+03
1.725	-1.199323E+06	2.162563E+02	5.629257E+01	5.568179E+03
1.73	-1.199323E+06	2.061840E+02	5.581951E+01	5.568179E+03
1.735	-1.199323E+06	2.062049E+02	5.599682E+01	5.568179E+03
1.74	-1.199323E+06	2.119212E+02	5.658161E+01	5.568179E+03
1.745	-1.199323E+06	1.984699E+02	5.664163E+01	5.568179E+03
1.75	-1.199323E+06	1.957066E+02	5.581598E+01	5.568179E+03
1.755	-1.199323E+06	1.953933E+02	5.507239E+01	5.568179E+03
1.76	-1.199323E+06	1.924972E+02	5.504274E+01	5.568179E+03
1.765	-1.199323E+06	2.039675E+02	5.531209E+01	5.568179E+03
1.77	-1.199323E+06	1.979517E+02	5.577210E+01	5.568179E+03
1.775	-1.199323E+06	1.868852E+02	5.579113E+01	5.568179E+03
1.78	-1.199323E+06	1.876538E+02	5.528069E+01	5.568179E+03
1.785	-1.199323E+06	1.950491E+02	5.495299E+01	5.568179E+03
1.79	-1.199323E+06	2.003648E+02	5.506248E+01	5.568179E+03
1.795	-1.199323E+06	2.018694E+02	5.580242E+01	5.568179E+03
1.8	-1.199323E+06	1.865054E+02	5.691260E+01	5.568179E+03
1.805	-1.199323E+06	1.817958E+02	5.723314E+01	5.568179E+03
1.81	-1.199323E+06	1.805408E+02	5.685637E+01	5.568179E+03
1.815	-1.199323E+06	1.699038E+02	5.657329E+01	5.568179E+03
1.82	-1.199323E+06	1.811066E+02	5.671243E+01	5.568179E+03
1.825	-1.199323E+06	1.874347E+02	5.717914E+01	5.568179E+03
1.83	-1.199323E+06	1.805877E+02	5.713831E+01	5.568179E+03
1.835	-1.199323E+06	1.946232E+02	5.601833E+01	5.568179E+03
1.84	-1.199323E+06	1.927861E+02	5.430867E+01	5.568179E+03
1.845	-1.199323E+06	1.759567E+02	5.320768E+01	5.568179E+03
1.85	-1.199323E+06	1.828043E+02	5.325866E+01	5.568179E+03
1.855	-1.199323E+06	1.878128E+02	5.384163E+01	5.568179E+03
1.86	-1.199323E+06	1.870284E+02	5.429981E+01	5.568179E+03
1.865	-1.199323E+06	1.813737E+02	5.425806E+01	5.568179E+03
1.87	-1.199323E+06	1.754154E+02	5.443180E+01	5.568179E+03
1.875	-1.199323E+06	1.781679E+02	5.596913E+01	5.568179E+03
1.88	-1.199323E+06	1.842368E+02	5.768387E+01	5.568179E+03
1.885	-1.199323E+06	1.896496E+02	5.836366E+01	5.568179E+03
1.89	-1.199323E+06	1.855474E+02	5.816339E+01	5.568179E+03
1.895	-1.199323E+06	1.816582E+02	5.732500E+01	5.568179E+03
1.9	-1.199323E+06	1.815840E+02	5.693553E+01	5.568179E+03
1.905	-1.199323E+06	1.667545E+02	5.713016E+01	5.568179E+03
1.91	-1.199323E+06	1.601079E+02	5.687800E+01	5.568179E+03
1.915	-1.199323E+06	1.739508E+02	5.633058E+01	5.568179E+03
1.92	-1.199323E+06	1.785139E+02	5.573392E+01	5.568179E+03
1.925	-1.199323E+06	1.703650E+02	5.533636E+01	5.568179E+03
1.93	-1.199323E+06	1.717529E+02	5.563033E+01	5.568179E+03
1.935	-1.199324E+06	1.720354E+02	5.608557E+01	5.568179E+03
1.94	-1.199323E+06	1.654982E+02	5.611211E+01	5.568179E+03
1.945	-1.199323E+06	1.677243E+02	5.578428E+01	5.568179E+03
1.95	-1.199323E+06	1.672371E+02	5.539183E+01	5.568179E+03
1.955	-1.199323E+06	1.670122E+02	5.542912E+01	5.568179E+03
1.96	-1.199323E+06	1.643489E+02	5.620472E+01	5.568179E+03
1.965	-1.199323E+06	1.574889E+02	5.697485E+01	5.568179E+03
1.97	-1.199324E+06	1.675003E+02	5.688419E+01	5.568179E+03
1.975	-1.199323E+06	1.583700E+02	5.639046E+01	5.568179E+03
1.98	-1.199323E+06	1.542788E+02	5.593107E+01	5.568179E+03
1.985	-1.199324E+06	1.742081E+02	5.600896E+01	5.568179E+03
1.99	-1.199323E+06	1.592161E+02	5.649236E+01	5.568179E+03
1.995	-1.199323E+06	1.536670E+02	5.613595E+01	5.568179E+03
2.0	-1.199324E+06	1.679185E+02	5.531713E+01	5.568179E+03
2.005	-1.199324E+06	1.653686E+02	5.435101E+01	5.568179E+03
2.01	-1.199324E+06	1.639544E+02	5.349284E+01	5.568179E+03
2.015	-1.199324E+06	1.612866E+02	5.357401E+01	5.568179E+03
2.02	-1.199323E+06	1.583103E+02	5.380944E+01	5.568179E+03
2.025	-1.199324E+06	1.645372E+02	5.357953E+01	5.568179E+03
2.03	-1.199324E+06	1.592743E+02	5.316709E+01	5.568179E+03
2.035	-1.199324E+06	1.497884E+02	5.310281E+01	5.568179E+03
2.04	-1.199324E+06	1.539345E+02	5.396817E+01	5.568179E+03
2.045	-1.199324E+06	1.518789E+02	5.519999E+01	5.568179E+03
2.05	-1.199324E+06	1.602203E+02	5.565808E+01	5.568179E+03
2.055	-1.199324E+06	1.751574E+02	5.499043E+01	5.568179E+03
2.06	-1.199324E+06	1.631463E+02	5.401266E+01	5.568179E+03
2.065	-1.199324E+06	1.574597E+02	5.359297E+01	5.568179E+03
2.07	-1.199324E+06	1.582217E+02	5.374510E+01	5.568179E+03
2.075	-1.199323E+06	1.448063E+02	5.400074E+01	5.568179E+03
2.08	-1.199324E+06	1.544486E+02	5.356203E+01	5.568179E+03
2.085	-1.199324E+06	1.561117E+02	5.287205E+01	5.568179E+03
2.09	-1.199323E+06	1.411271E+02	5.292848E+01	5.568179E+03
2.095	-1.199324E+06	1.491009E+02	5.364378E+01	5.568179E+03
2.1	-1.199324E+06	1.565534E+02	5.466606E+01	5.568179E+03
2.105	-1.199324E+06	1.575206E+02	5.521134E+01	5.568179E+03
2.11	-1.199324E+06	1.634865E+02	5.464540E+01	5.568179E+03
2.115	-1.199324E+06	1.555922E+02	5.380400E+01	5.568179E+03
2.12	-1.199324E+06	1.495848E+02	5.336974E+01	5.568179E+03
2.125	-1.199324E+06	1.505915E+02	5.327493E+01	5.568179E+03
2.13	-1.199324E+06	1.465026E+02	5.337620E+01	5.568179E+03
2.135	-1.199324E+06	1.521866E+02	5.309134E+01	5.568179E+03
2.14	-1.199324E+06	1.450308E+02	5.248921E+01	5.568179E+03
2.145	-1.199324E+06	1.364961E+02	5.226487E+01	5.568179E+03
2.15	-1.199324E+06	1.448092E+02	5.270286E+01	5.568179E+03
2.155	-1.199324E+06	1.390132E+02	5.351883E+01	5.568179E+03
2.16	-1.199324E+06	1.372858E+02	5.410658E+01	5.568179E+03
2.165	-1.199324E+06	1.474505E+02	5.406614E+01	5.568179E+03
2.17	-1.199324E+06	1.420168E+02	5.351912E+01	5.568179E+03
2.175	-1.199324E+06	1.404638E+02	5.321020E+01	5.568179E+03
2.18	-1.199324E+06	1.464558E+02	5.345661E+01	5.568179E+03
2.185	-1.199324E+06	1.463005E+02	5.359456E+01	5.568179E+03
2.19	-1.199324E+06	1.481229E+02	5.313450E+01	5.568179E+03
2.195	-1.199324E+06	1.436319E+02	5.233899E+01	5.568179E+03
2.2	-1.199324E+06	1.371401E+02	5.201864E+01	5.568179E+03
2.205	-1.199324E+06	1.381254E+02	5.257760E+01	5.568179E+03
2.21	-1.199324E+06	1.377826E+02	5.328067E+01	5.568179E+03
2.215	-1.199324E+06	1.340471E+02	5.343778E+01	5.568179E+03
2.22	-1.199324E+06	1.391615E+02	5.276095E+01	5.568179E+03
2.225	-1.199324E+06	1.403213E+02	5.193924E+01	5.568179E+03
2.23	-1.199324E+06	1.436061E+02	5.189056E+01	5.568179E+03
2.235	-1.199324E+06	1.452125E+02	5.245425E+01	5.568179E+03
2.24	-1.199324E+06	1.344239E+02	5.324960E+01	5.568179E+03
2.245	-1.199324E+06	1.376674E+02	5.372079E+01	5.568179E+03
2.25	-1.199324E+06	1.418340E+02	5.389293E+01	5.568179E+03
2.255	-1.199324E+06	1.353866E+02	5.459456E+01	5.568179E+03
2.26	-1.199324E+06	1.424199E+02	5.550353E+01	5.568179E+03
2.265	-1.199324E+06	1.379525E+02	5.597618E+01	5.568179E+03
2.27	-1.199324E+06	1.320020E+02	5.553696E+01	5.568179E+03
2.275	-1.199324E+06	1.353152E+02	5.405273E+01	5.568179E+03
2.28	-1.199324E+06	1.318507E+02	5.225261E+01	5.568179E+03
2.285	-1.199324E+06	1.312418E+02	5.084121E+01	5.568179E+03
2.29	-1.199324E+06	1.323197E+02	4.999556E+01	5.568179E+03
2.295	-1.199324E+06	1.331142E+02	4.944203E+01	5.568179E+03
2.3	-1.199324E+06	1.329276E+02	4.904425E+01	5.568179E+03
2.305	-1.199324E+06	1.246385E+02	4.901601E+01	5.568179E+03
2.31	-1.199324E+06	1.290683E+02	4.953325E+01	5.568179E+03
2.315	-1.199324E+06	1.336769E+02	5.079443E+01	5.568179E+03
2.32	-1.199324E+06	1.349023E+02	5.208018E+01	5.568179E+03
2.325	-1.199324E+06	1.356312E+02	5.291684E+01	5.568179E+03
2.33	-1.199324E+06	1.321651E+02	5.334375E+01	5.568179E+03
2.335	-1.199324E+06	1.291456E+02	5.323099E+01	5.568179E+03
2.34	-1.199324E+06	1.245382E+02	5.313465E+01	5.568179E+03
2.345	-1.199324E+06	1.216956E+02	5.309708E+01	5.568179E+03
2.35	-1.199324E+06	1.199910E+02	5.260495E+01	5.568179E+03
2.355	-1.199324E+06	1.202612E+02	5.190972E+01	5.568179E+03
2.36	-1.199324E+06	1.270279E+02	5.102185E+01	5.568179E+03
2.365	-1.199324E+06	1.260887E+02	5.037106E+01	5.568179E+03
2.37	-1.199324E+06	1.298538E+02	5.048877E+01	5.568179E+03
2.375	-1.199324E+06	1.319613E+02	5.073851E+01	5.568179E+03
2.38	-1.199324E+06	1.331977E+02	5.050854E+01	5.568179E+03
2.385	-1.199324E+06	1.362553E+02	4.998945E+01	5.568179E+03
2.39	-1.199324E+06	1.298005E+02	4.952080E+01	5.568179E+03
2.395	-1.199324E+06	1.305383E+02	4.961578E+01	5.568179E+03
2.4	-1.199324E+06	1.212571E+02	5.027687E+01	5.568179E+03
2.405	-1.199324E+06	1.177471E+02	5.050268E+01	5.568179E+03
2.41	-1.199324E+06	1.230899E+02	5.041072E+01	5.568179E+03
2.415	-1.199324E+06	1.189924E+02	5.038572E+01	5.568179E+03
2.42	-1.199324E+06	1.243959E+02	5.054143E+01	5.568179E+03
2.425	-1.199324E+06	1.274659E+02	5.130021E+01	5.568179E+03
2.43	-1.199324E+06	1.194018E+02	5.203526E+01	5.568179E+03
2.435	-1.199324E+06	1.206940E+02	5.206611E+01	5.568179E+03
2.44	-1.199324E+06	1.240787E+02	5.158301E+01	5.568179E+03
2.445	-1.199324E+06	1.148627E+02	5.100402E+01	5.568179E+03
2.45	-1.199324E+06	1.237072E+02	5.078067E+01	5.568179E+03
2.455	-1.199324E+06	1.318819E+02	5.113019E+01	5.568179E+03
2.46	-1.199324E+06	1.219070E+02	5.130587E+01	5.568179E+03
2.465	-1.199324E+06	1.195219E+02	5.096335E+01	5.568179E+03
2.47	-1.199324E+06	1.172369E+02	5.060827E+01	5.568179E+03
2.475	-1.199324E+06	1.166606E+02	5.040962E+01	5.568179E+03
2.48	-1.199324E+06	1.162412E+02	5.055928E+01	5.568179E+03
2.485	-1.199324E+06	1.166882E+02	5.075312E+01	5.568179E+03
2.49	-1.199324E+06	1.212951E+02	5.036554E+01	5.568179E+03
2.495	-1.199324E+06	1.199291E+02	4.955352E+01	5.568179E+03
2.5	-1.199324E+06	1.187460E+02	4.897526E+01	5.568179E+03
2.505	-1.199324E+06	1.208541E+02	4.895600E+01	5.568179E+03
2.51	-1.199324E+06	1.169300E+02	4.929656E+01	5.568179E+03
2.515	-1.199324E+06	1.092909E+02	4.952096E+01	5.568179E+03
2.52	-1.199324E+06	1.151626E+02	4.929557E+01	5.568179E+03
2.525	-1.199324E+06	1.157348E+02	4.908989E+01	5.568179E+03
2.53	-1.199324E+06	1.118404E+02	4.937230E+01	5.568179E+03
2.535	-1.199324E+06	1.227817E+02	5.001276E+01	5.568179E+03
2.54	-1.199324E+06	1.182012E+02	5.065026E+01	5.568179E+03
2.545	-1.199324E+06	1.098059E+02	5.086296E+01	5.568179E+03
2.55	-1.199324E+06	1.094391E+02	5.091956E+01	5.568179E+03
2.555	-1.199324E+06	1.111009E+02	5.113668E+01	5.568179E+03
2.56	-1.199324E+06	1.191519E+02	5.145768E+01	5.568179E+03
2.565	-1.199324E+06	1.165676E+02	5.163025E+01	5.568179E+03
2.57	-1.199324E+06	1.161211E+02	5.104103E+01	5.568179E+03
2.575	-1.199324E+06	1.127947E+02	4.985345E+01	5.568179E+03
2.58	-1.199324E+06	1.104652E+02	4.868917E+01	5.568179E+03
2.585	-1.199324E+06	1.156556E+02	4.825661E+01	5.568179E+03
2.59	-1.199324E+06	1.140598E+02	4.875469E+01	5.568179E+03
2.595	-1.199324E+06	1.126474E+02	4.936740E+01	5.568179E+03
2.6	-1.199324E+06	1.173608E+02	4.961162E+01	5.568179E+03
2.605	-1.199324E+06	1.171851E+02	4.969208E+01	5.568179E+03
2.61	-1.199324E+06	1.166712E+02	4.988807E+01	5.568179E+03
2.615	-1.199324E+06	1.145509E+02	5.060785E+01	5.568179E+03
2.62	-1.199324E+06	1.081793E+02	5.146516E+01	5.568179E+03
2.625	-1.199324E+06	1.068618E+02	5.171340E+01	5.568179E+03
2.63	-1.199324E+06	1.111276E+02	5.147979E+01	5.568179E+03
2.635	-1.199324E+06	1.084409E+02	5.114771E+01	5.568179E+03
2.64	-1.199324E+06	1.107163E+02	5.095612E+01	5.568179E+03
2.645	-1.199324E+06	1.117030E+02	5.111563E+01	5.568179E+03
2.65	-1.199324E+06	1.054593E+02	5.112179E+01	5.568179E+03
2.655	-1.199324E+06	1.123865E+02	5.045661E+01	5.568179E+03
2.66	-1.199324E+06	1.129382E+02	4.941524E+01	5.568179E+03
2.665	-1.199324E+06	1.058621E+02	4.855455E+01	5.568179E+03
2.67	-1.199324E+06	1.086602E+02	4.854581E+01	5.568179E+03
2.675	-1.199324E+06	1.057170E+02	4.933660E+01	5.568179E+03
2.68	-1.199324E+06	1.034005E+02	4.985533E+01	5.568179E+03
2.685	-1.199324E+06	1.100374E+02	4.981506E+01	5.568179E+03
2.69	-1.199324E+06	1.062105E+02	4.984599E+01	5.568179E+03
2.695	-1.199324E+06	1.067213E+02	5.032667E+01	5.568179E+03
2.7	-1.199324E+06	1.149492E+02	5.130414E+01	5.568179E+03
2.705	-1.199324E+06	1.073307E+02	5.215016E+01	5.568179E+03
2.71	-1.199324E+06	1.079934E+02	5.231064E+01	5.568179E+03
2.715	-1.199324E+06	1.123306E+02	5.221886E+01	5.568179E+03
2.72	-1.199324E+06	1.033568E+02	5.220060E+01	5.568179E+03
2.725	-1.199324E+06	1.066732E+02	5.240080E+01	5.568179E+03
2.73	-1.199324E+06	1.088974E+02	5.286149E+01	5.568179E+03
2.735	-1.199324E+06	1.060309E+02	5.289292E+01	5.568179E+03
2.74	-1.199324E+06	1.074163E+02	5.236030E+01	5.568179E+03
2.745	-1.199324E+06	1.100231E+02	5.183638E+01	5.568179E+03
2.75	-1.199324E+06	1.154607E+02	5.162072E+01	5.568179E+03
2.755	-1.199324E+06	1.094154E+02	5.183168E+01	5.568179E+03
2.76	-1.199324E+06	1.031825E+02	5.209554E+01	5.568179E+03
2.765	-1.199324E+06	1.063544E+02	5.206287E+01	5.568179E+03
2.77	-1.199324E+06	1.053928E+02	5.186261E+01	5.568179E+03
2.775	-1.199324E+06	1.037363E+02	5.180495E+01	5.568179E+03
2.78	-1.199324E+06	1.104311E+02	5.208327E+01	5.568179E+03
2.785	-1.199324E+06	1.045967E+02	5.257048E+01	5.568179E+03
2.79	-1.199324E+06	9.705309E+01	5.282505E+01	5.568179E+03
2.795	-1.199324E+06	1.033912E+02	5.260291E+01	5.568179E+03
2.8	-1.199324E+06	1.006123E+02	5.218946E+01	5.568179E+03
2.805	-1.199324E+06	1.034735E+02	5.205317E+01	5.568179E+03
2.81	-1.199324E+06	1.097220E+02	5.244205E+01	5.568179E+03
2.815	-1.199324E+06	1.050057E+02	5.297168E+01	5.568179E+03
2.82	-1.199324E+06	1.050536E+02	5.313842E+01	5.568179E+03
2.825	-1.199324E+06	1.076712E+02	5.284507E+01	5.568179E+03
2.83	-1.199324E+06	1.050600E+02	5.251512E+01	5.568179E+03
2.835	-1.199324E+06	1.075291E+02	5.250886E+01	5.568179E+03
2.84	-1.199324E+06	1.071030E+02	5.273649E+01	5.568179E+03
2.845	-1.199324E+06	9.866777E+01	5.296501E+01	5.568179E+03
2.85	-1.199324E+06	1.033479E+02	5.287455E+01	5.568179E+03
2.855	-1.199324E+06	1.017146E+02	5.276160E+01	5.568179E+03
2.86	-1.199324E+06	1.009068E+02	5.303354E+01	5.568179E+03
2.865	-1.199324E+06	1.098439E+02	5.357812E+01	5.568179E+03
2.87	-1.199324E+06	1.048760E+02	5.399712E+01	5.568179E+03
2.875	-1.199324E+06	1.045238E+02	5.368481E+01	5.568179E+03
2.88	-1.199324E+06	1.036019E+02	5.286193E+01	5.568179E+03
2.885	-1.199324E+06	9.937796E+01	5.239252E+01	5.568179E+03
2.89	-1.199324E+06	1.047875E+02	5.262717E+01	5.568179E+03
2.895	-1.199324E+06	1.048752E+02	5.320401E+01	5.568179E+03
2.9	-1.199324E+06	1.008089E+02	5.353460E+01	5.568179E+03
2.905	-1.199324E+06	9.665633E+01	5.360503E+01	5.568179E+03
2.91	-1.199324E+06	9.711369E+01	5.377015E+01	5.568179E+03
2.915	-1.199324E+06	9.849239E+01	5.429034E+01	5.568179E+03
2.92	-1.199324E+06	9.730038E+01	5.495352E+01	5.568179E+03
2.925	-1.199324E+06	1.022708E+02	5.518190E+01	5.568179E+03
2.93	-1.199324E+06	1.064050E+02	5.486838E+01	5.568179E+03
2.935	-1.199324E+06	1.073875E+02	5.427701E+01	5.568179E+03
2.94	-1.199324E+06	1.029415E+02	5.384965E+01	5.568179E+03
2.945	-1.199324E+06	1.010445E+02	5.381710E+01	5.568179E+03
2.95	-1.199324E+06	1.004018E+02	5.403269E+01	5.568179E+03
2.955	-1.199324E+06	1.004604E+02	5.410085E+01	5.568179E+03
2.96	-1.199324E+06	1.057443E+02	5.383327E+01	5.568179E+03
2.965	-1.199324E+06	1.057652E+02	5.358919E+01	5.568179E+03
2.97	-1.199324E+06	1.058999E+02	5.366074E+01	5.568179E+03
2.975	-1.199324E+06	1.077688E+02	5.417002E+01	5.568179E+03
2.98	-1.199324E+06	1.010408E+02	5.489600E+01	5.568179E+03
2.985	-1.199324E+06	1.033737E+02	5.524090E+01	5.568179E+03
2.99	-1.199324E+06	1.002213E+02	5.525073E+01	5.568179E+03
2.995	-1.199324E+06	9.458057E+01	5.508982E+01	5.568179E+03
3.0	-1.199324E+06	1.044075E+02	5.505283E+01	5.568179E+03
3.005	-1.199324E+06	9.767451E+01	5.536650E+01	5.568179E+03
3.01	-1.199324E+06	9.748359E+01	5.544745E+01	5.568179E+03
3.015	-1.199324E+06	1.035545E+02	5.525419E+01	5.568179E+03
3.02	-1.199324E+06	9.682906E+01	5.488072E+01	5.568179E+03
3.025	-1.199324E+06	1.013205E+02	5.455731E+01	5.568179E+03
3.03	-1.199324E+06	9.772332E+01	5.466535E+01	5.568179E+03
3.035	-1.199324E+06	9.238296E+01	5.459203E+01	5.568179E+03
3.04	-1.199324E+06	9.506300E+01	5.426795E+01	5.568179E+03
3.045	-1.199324E+06	9.711285E+01	5.388560E+01	5.568179E+03
3.05	-1.199324E+06	9.821266E+01	5.375597E+01	5.568179E+03
3.055	-1.199324E+06	9.810875E+01	5.435348E+01	5.568179E+03
3.06	-1.199324E+06	9.871395E+01	5.520516E+01	5.568179E+03
3.065	-1.199324E+06	9.325829E+01	5.584281E+01	5.568179E+03
3.07	-1.199324E+06	9.659941E+01	5.611710E+01	5.568179E+03
3.075	-1.199324E+06	1.002666E+02	5.640047E+01	5.568179E+03
3.08	-1.199324E+06	9.518488E+01	5.689328E+01	5.568179E+03
3.085	-1.199324E+06	1.042186E+02	5.712061E+01	5.568179E+03
3.09	-1.199324E+06	1.023912E+02	5.704261E+01	5.568179E+03
3.095	-1.199324E+06	9.970631E+01	5.631526E+01	5.568179E+03
3.1	-1.199324E+06	1.012616E+02	5.535886E+01	5.568179E+03
3.105	-1.199324E+06	9.636839E+01	5.496483E+01	5.568179E+03
3.11	-1.199324E+06	1.037339E+02	5.487261E+01	5.568179E+03
3.115	-1.199324E+06	9.943573E+01	5.518080E+01	5.568179E+03
3.12	-1.199324E+06	9.624465E+01	5.541664E+01	5.568179E+03
3.125	-1.199324E+06	9.906468E+01	5.532560E+01	5.568179E+03
3.13	-1.199324E+06	9.789215E+01	5.546984E+01	5.568179E+03
3.135	-1.199324E+06	1.005676E+02	5.568658E+01	5.568179E+03
3.14	-1.199324E+06	9.801890E+01	5.581549E+01	5.568179E+03
3.145	-1.199324E+06	1.005259E+02	5.574776E+01	5.568179E+03
3.15	-1.199324E+06	9.953004E+01	5.536423E+01	5.568179E+03
3.155	-1.199324E+06	9.601427E+01	5.503115E+01	5.568179E+03
3.16	-1.199324E+06	9.620539E+01	5.506100E+01	5.568179E+03
3.165	-1.199324E+06	9.487162E+01	5.537807E+01	5.568179E+03
3.17	-1.199324E+06	9.506797E+01	5.578992E+01	5.568179E+03
3.175	-1.199324E+06	9.078326E+01	5.608153E+01	5.568179E+03
3.18	-1.199324E+06	9.887733E+01	5.600420E+01	5.568179E+03
3.185	-1.199324E+06	9.965675E+01	5.583732E+01	5.568179E+03
3.19	-1.199324E+06	9.660392E+01	5.590239E+01	5.568179E+03
3.195	-1.199324E+06	1.007189E+02	5.624888E+01	5.568179E+03
3.2	-1.199324E+06	9.673472E+01	5.641795E+01	5.568179E+03
3.205	-1.199324E+06	9.653819E+01	5.603951E+01	5.568179E+03
3.21	-1.199324E+06	9.273850E+01	5.555495E+01	5.568179E+03
3.215	-1.199324E+06	9.912586E+01	5.525397E+01	5.568179E+03
3.22	-1.199324E+06	9.934891E+01	5.537579E+01	5.568179E+03
3.225	-1.199324E+06	9.293343E+01	5.554524E+01	5.568179E+03
3.23	-1.199324E+06	1.004477E+02	5.542401E+01	5.568179E+03
3.235	-1.199324E+06	9.987004E+01	5.526926E+01	5.568179E+03
3.24	-1.199324E+06	1.001029E+02	5.524728E+01	5.568179E+03
3.245	-1.199324E+06	1.012211E+02	5.591622E+01	5.568179E+03
3.25	-1.199324E+06	1.023359E+02	5.682847E+01	5.568179E+03
3.255	-1.199324E+06	1.009836E+02	5.716146E+01	5.568179E+03
3.26	-1.199324E+06	9.337306E+01	5.702454E+01	5.568179E+03
3.265	-1.199324E+06	9.632478E+01	5.655883E+01	5.568179E+03
3.27	-1.199324E+06	9.848323E+01	5.633589E+01	5.568179E+03
3.275	-1.199324E+06	9.818365E+01	5.647127E+01	5.568179E+03
3.28	-1.199324E+06	9.706618E+01	5.642092E+01	5.568179E+03
3.285	-1.199324E+06	9.770293E+01	5.613781E+01	5.568179E+03
3.29	-1.199324E+06	9.978477E+01	5.567459E+01	5.568179E+03
3.295	-1.199324E+06	9.400481E+01	5.531995E+01	5.568179E+03
3.3	-1.199324E+06	9.948446E+01	5.539250E+01	5.568179E+03
3.305	-1.199325E+06	1.009223E+02	5.559901E+01	5.568179E+03
3.31	-1.199324E+06	9.034232E+01	5.533727E+01	5.568179E+03
3.315	-1.199325E+06	9.174705E+01	5.472390E+01	5.568179E+03
3.32	-1.199324E+06	8.917083E+01	5.443912E+01	5.568179E+03
3.325	-1.199324E+06	9.388219E+01	5.463989E+01	5.568179E+03
3.33	-1.199324E+06	9.819412E+01	5.534812E+01	5.568179E+03
3.335	-1.199324E+06	9.394840E+01	5.605657E+01	5.568179E+03
3.34	-1.199325E+06	1.026469E+02	5.632653E+01	5.568179E+03
3.345	-1.199324E+06	9.610443E+01	5.654312E+01	5.568179E+03
3.35	-1.199324E+06	9.921521E+01	5.672260E+01	5.568179E+03
3.355	-1.199324E+06	1.054423E+02	5.715129E+01	5.568179E+03
3.36	-1.199324E+06	9.725971E+01	5.767153E+01	5.568179E+03
3.365	-1.199324E+06	9.903895E+01	5.785382E+01	5.568179E+03
3.37	-1.199324E+06	9.718329E+01	5.771288E+01	5.568179E+03
3.375	-1.199324E+06	9.622837E+01	5.711726E+01	5.568179E+03
3.38	-1.199324E+06	9.625629E+01	5.669573E+01	5.568179E+03
3.385	-1.199324E+06	9.655426E+01	5.665834E+01	5.568179E+03
3.39	-1.199324E+06	9.327238E+01	5.657670E+01	5.568179E+03
3.395	-1.199324E+06	9.441688E+01	5.633012E+01	5.568179E+03
3.4	-1.199325E+06	1.041235E+02	5.578546E+01	5.568179E+03
3.405	-1.199324E+06	9.794998E+01	5.530347E+01	5.568179E+03
3.41	-1.199324E+06	9.974476E+01	5.508965E+01	5.568179E+03
3.415	-1.199325E+06	1.007975E+02	5.522771E+01	5.568179E+03
3.42	-1.199324E+06	9.476044E+01	5.553877E+01	5.568179E+03
3.425	-1.199325E+06	1.025904E+02	5.547966E+01	5.568179E+03
3.43	-1.199324E+06	1.023812E+02	5.540781E+01	5.568179E+03
3.435	-1.199324E+06	1.030747E+02	5.567941E+01	5.568179E+03
3.44	-1.199325E+06	1.000614E+02	5.622541E+01	5.568179E+03
3.445	-1.199324E+06	9.208621E+01	5.684813E+01	5.568179E+03
3.45	-1.199324E+06	9.524829E+01	5.713248E+01	5.568179E+03
3.455	-1.199324E+06	9.704464E+01	5.711865E+01	5.568179E+03
3.46	-1.199324E+06	9.676731E+01	5.724535E+01	5.568179E+03
3.465	-1.199325E+06	9.965675E+01	5.756808E+01	5.568179E+03
3.47	-1.199325E+06	1.010455E+02	5.777260E+01	5.568179E+03
3.475	-1.199325E+06	1.028323E+02	5.749255E+01	5.568179E+03
3.48	-1.199325E+06	1.043255E+02	5.672415E+01	5.568179E+03
3.485	-1.199325E+06	1.041924E+02	5.589172E+01	5.568179E+03
3.49	-1.199325E+06	1.013706E+02	5.537018E+01	5.568179E+03
3.495	-1.199325E+06	9.995677E+01	5.526001E+01	5.568179E+03
3.5	-1.199324E+06	9.901156E+01	5.536404E+01	5.568179E+03
3.505	-1.199325E+06	1.013942E+02	5.524361E+01	5.568179E+03
3.51	-1.199325E+06	9.841169E+01	5.514857E+01	5.568179E+03
3.515	-1.199324E+06	9.736445E+01	5.536913E+01	5.568179E+03
3.52	-1.199325E+06	1.044884E+02	5.585562E+01	5.568179E+03
3.525	-1.199324E+06	9.742810E+01	5.657820E+01	5.568179E+03
3.53	-1.199325E+06	1.031449E+02	5.683580E+01	5.568179E+03
3.535	-1.199325E+06	1.072826E+02	5.669670E+01	5.568179E+03
3.54	-1.199324E+06	9.709654E+01	5.666839E+01	5.568179E+03
3.545	-1.199325E+06	1.000617E+02	5.680862E+01	5.568179E+03
3.55	-1.199324E+06	9.818053E+01	5.737438E+01	5.568179E+03
3.555	-1.199324E+06	1.006091E+02	5.784376E+01	5.568179E+03
3.56	-1.199325E+06	1.025551E+02	5.781791E+01	5.568179E+03
3.565	-1.199324E+06	1.009173E+02	5.750452E+01	5.568179E+03
3.57	-1.199325E+06	1.027533E+02	5.699654E+01	5.568179E+03
3.575	-1.199324E+06	1.003350E+02	5.649805E+01	5.568179E+03
3.58	-1.199325E+06	1.016246E+02	5.600609E+01	5.568179E+03
3.585	-1.199324E+06	9.885189E+01	5.538157E+01	5.568179E+03
3.59	-1.199325E+06	1.049014E+02	5.453604E+01	5.568179E+03
3.595	-1.199324E+06	1.025133E+02	5.387256E+01	5.568179E+03
3.6	-1.199324E+06	9.842672E+01	5.358211E+01	5.568179E+03
3.605	-1.199325E+06	1.020851E+02	5.377361E+01	5.568179E+03
3.61	-1.199324E+06	9.856230E+01	5.436713E+01	5.568179E+03
3.615	-1.199325E+06	1.041900E+02	5.479945E+01	5.568179E+03
3.62	-1.199324E+06	1.014854E+02	5.516777E+01	5.568179E+03
3.625	-1.199324E+06	1.004102E+02	5.557341E+01	5.568179E+03
3.63	-1.199325E+06	1.056730E+02	5.615659E+01	5.568179E+03
3.635	-1.199324E+06	1.024078E+02	5.682220E+01	5.568179E+03
3.64	-1.199324E+06	1.022647E+02	5.696763E+01	5.568179E+03
3.645	-1.199324E+06	1.043922E+02	5.663603E+01	5.568179E+03
3.65	-1.199324E+06	1.043381E+02	5.622443E+01	5.568179E+03
3.655	-1.199324E+06	1.036662E+02	5.596937E+01	5.568179E+03
3.66	-1.199325E+06	1.049823E+02	5.591423E+01	5.568179E+03
3.665	-1.199324E+06	1.036783E+02	5.578801E+01	5.568179E+03
3.67	-1.199325E+06	1.070637E+02	5.532510E+01	5.568179E+03
3.675	-1.199324E+06	1.045773E+02	5.485412E+01	5.568179E+03
3.68	-1.199324E+06	1.056449E+02	5.460387E+01	5.568179E+03
3.685	-1.199325E+06	1.108124E+02	5.457898E+01	5.568179E+03
3.69	-1.199324E+06	1.014595E+02	5.453784E+01	5.568179E+03
3.695	-1.199325E+06	9.936200E+01	5.405689E+01	5.568179E+03
3.7	-1.199325E+06	1.025484E+02	5.341460E+01	5.568179E+03
3.705	-1.199325E+06	1.028022E+02	5.310595E+01	5.568179E+03
3.71	-1.199325E+06	1.033963E+02	5.340342E+01	5.568179E+03
3.715	-1.199324E+06	1.068099E+02	5.403433E+01	5.568179E+03
3.72	-1.199325E+06	1.123419E+02	5.435782E+01	5.568179E+03
3.725	-1.199325E+06	1.078709E+02	5.439814E+01	5.568179E+03
3.73	-1.199324E+06	9.953457E+01	5.447297E+01	5.568179E+03
3.735	-1.199324E+06	9.963056E+01	5.478757E+01	5.568179E+03
3.74	-1.199325E+06	1.078695E+02	5.540124E+01	5.568179E+03
3.745	-1.199325E+06	1.108488E+02	5.572204E+01	5.568179E+03
3.75	-1.199325E+06	1.065303E+02	5.535980E+01	5.568179E+03
3.755	-1.199325E+06	1.058944E+02	5.482158E+01	5.568179E+03
3.76	-1.199324E+06	1.027206E+02	5.454198E+01	5.568179E+03
3.765	-1.199324E+06	1.053131E+02	5.451075E+01	5.568179E+03
3.77	-1.199325E+06	1.090770E+02	5.465688E+01	5.568179E+03
3.775	-1.199324E+06	1.104223E+02	5.441267E+01	5.568179E+03
3.78	-1.199325E+06	1.083042E+02	5.367607E+01	5.568179E+03
3.785	-1.199324E+06	1.016312E+02	5.295038E+01	5.568179E+03
3.79	-1.199325E+06	1.102803E+02	5.229464E+01	5.568179E+03
3.795	-1.199325E+06	1.104818E+02	5.221416E+01	5.568179E+03
3.8	-1.199324E+06	1.062845E+02	5.265718E+01	5.568179E+03
3.805	-1.199325E+06	1.179211E+02	5.289827E+01	5.568179E+03
3.81	-1.199324E+06	1.115380E+02	5.302516E+01	5.568179E+03
3.815	-1.199324E+06	1.096641E+02	5.313869E+01	5.568179E+03
3.82	-1.199325E+06	1.135796E+02	5.360908E+01	5.568179E+03
3.825	-1.199325E+06	1.079811E+02	5.440016E+01	5.568179E+03
3.83	-1.199325E+06	1.091506E+02	5.486054E+01	5.568179E+03
3.835	-1.199325E+06	1.107675E+02	5.484401E+01	5.568179E+03
3.84	-1.199324E+06	1.084789E+02	5.460269E+01	5.568179E+03
3.845	-1.199325E+06	1.130711E+02	5.446007E+01	5.568179E+03
3.85	-1.199325E+06	1.153529E+02	5.452155E+01	5.568179E+03
3.855	-1.199324E+06	1.034504E+02	5.455759E+01	5.568179E+03
3.86	-1.199324E+06	1.083028E+02	5.413051E+01	5.568179E+03
3.865	-1.199325E+06	1.142719E+02	5.338167E+01	5.568179E+03
3.87	-1.199324E+06	1.048034E+02	5.286277E+01	5.568179E+03
3.875	-1.199325E+06	1.163350E+02	5.259500E+01	5.568179E+03
3.88	-1.199325E+06	1.150850E+02	5.253834E+01	5.568179E+03
3.885	-1.199324E+06	1.055309E+02	5.235265E+01	5.568179E+03
3.89	-1.199325E+06	1.167948E+02	5.199461E+01	5.568179E+03
3.895	-1.199324E+06	1.140783E+02	5.207856E+01	5.568179E+03
3.9	-1.199324E+06	1.108810E+02	5.253488E+01	5.568179E+03
3.905	-1.199325E+06	1.110037E+02	5.315915E+01	5.568179E+03
3.91	-1.199324E+06	1.042052E+02	5.369541E+01	5.568179E+03
3.915	-1.199324E+06	1.108432E+02	5.366551E+01	5.568179E+03
3.92	-1.199325E+06	1.180375E+02	5.336670E+01	5.568179E+03
3.925	-1.199324E+06	1.116437E+02	5.322332E+01	5.568179E+03
3.93	-1.199324E+06	1.155951E+02	5.306582E+01	5.568179E+03
3.935	-1.199325E+06	1.204884E+02	5.279116E+01	5.568179E+03
3.94	-1.199324E+06	1.153098E+02	5.213718E+01	5.568179E+03
3.945	-1.199324E+06	1.128067E+02	5.129279E+01	5.568179E+03
3.95	-1.199324E+06	1.126876E+02	5.097717E+01	5.568179E+03
3.955	-1.199324E+06	1.160358E+02	5.122194E+01	5.568179E+03
3.96	-1.199324E+06	1.159019E+02	5.178307E+01	5.568179E+03
3.965	-1.199324E+06	1.176005E+02	5.238660E+01	5.568179E+03
3.97	-1.199324E+06	1.211816E+02	5.272234E+01	5.568179E+03
3.975	-1.199324E+06	1.183430E+02	5.279094E+01	5.568179E+03
3.98	-1.199324E+06	1.166348E+02	5.275312E+01	5.568179E+03
3.985	-1.199324E+06	1.180040E+02	5.296158E+01	5.568179E+03
3.99	-1.199324E+06	1.236775E+02	5.338914E+01	5.568179E+03
3.995	-1.199324E+06	1.257296E+02	5.335728E+01	5.568179E+03
4.0	-1.199324E+06	1.209917E+02	5.267124E+01	5.568179E+03
4.005	-1.199324E+06	1.187402E+02	5.179410E+01	5.568179E+03
4.01	-1.199324E+06	1.176098E+02	5.128760E+01	5.568179E+03
4.015	-1.199324E+06	1.136300E+02	5.144200E+01	5.568179E+03
4.02	-1.199324E+06	1.101753E+02	5.179468E+01	5.568179E+03
4.025	-1.199325E+06	1.237120E+02	5.171547E+01	5.568179E+03
4.03	-1.199324E+06	1.237085E+02	5.148524E+01	5.568179E+03
4.035	-1.199324E+06	1.192263E+02	5.134155E+01	5.568179E+03
4.04	-1.199325E+06	1.267943E+02	5.148097E+01	5.568179E+03
4.045	-1.199324E+06	1.197741E+02	5.173870E+01	5.568179E+03
4.05	-1.199324E+06	1.151393E+02	5.138298E+01	5.568179E+03
4.055	-1.199324E+06	1.148113E+02	5.051548E+01	5.568179E+03
4.06	-1.199324E+06	1.163127E+02	4.975766E+01	5.568179E+03
4.065	-1.199324E+06	1.236334E+02	4.962957E+01	5.568179E+03
4.07	-1.199324E+06	1.259800E+02	5.002112E+01	5.568179E+03
4.075	-1.199324E+06	1.231482E+02	5.017724E+01	5.568179E+03
4.08	-1.199324E+06	1.217024E+02	4.985015E+01	5.568179E+03
4.085	-1.199324E+06	1.241695E+02	4.958581E+01	5.568179E+03
4.09	-1.199324E+06	1.211718E+02	5.002527E+01	5.568179E+03
4.095	-1.199324E+06	1.285714E+02	5.095116E+01	5.568179E+03
4.1	-1.199324E+06	1.252849E+02	5.182725E+01	5.568179E+03
4.105	-1.199324E+06	1.170982E+02	5.202963E+01	5.568179E+03
4.11	-1.199325E+06	1.237750E+02	5.161840E+01	5.568179E+03
4.115	-1.199324E+06	1.240875E+02	5.124010E+01	5.568179E+03
4.12	-1.199324E+06	1.244157E+02	5.079703E+01	5.568179E+03
4.125	-1.199324E+06	1.240807E+02	5.022948E+01	5.568179E+03
4.13	-1.199324E+06	1.221723E+02	4.957746E+01	5.568179E+03
4.135	-1.199324E+06	1.263215E+02	4.864831E+01	5.568179E+03
4.14	-1.199324E+06	1.276652E+02	4.778744E+01	5.568179E+03
4.145	-1.199324E+06	1.301451E+02	4.755652E+01	5.568179E+03
4.15	-1.199324E+06	1.357838E+02	4.790326E+01	5.568179E+03
4.155	-1.199324E+06	1.352763E+02	4.852870E+01	5.568179E+03
4.16	-1.199324E+06	1.237947E+02	4.935517E+01	5.568179E+03
4.165	-1.199324E+06	1.241945E+02	5.008191E+01	5.568179E+03
4.17	-1.199324E+06	1.247388E+02	5.069390E+01	5.568179E+03
4.175	-1.199324E+06	1.230127E+02	5.125199E+01	5.568179E+03
4.18	-1.199324E+06	1.293880E+02	5.171418E+01	5.568179E+03
4.185	-1.199324E+06	1.299183E+02	5.192172E+01	5.568179E+03
4.19	-1.199324E+06	1.250440E+02	5.160460E+01	5.568179E+03
4.195	-1.199324E+06	1.253977E+02	5.083542E+01	5.568179E+03
4.2	-1.199324E+06	1.243848E+02	5.025309E+01	5.568179E+03
4.205	-1.199324E+06	1.260344E+02	5.020983E+01	5.568179E+03
4.21	-1.199324E+06	1.286916E+02	5.040857E+01	5.568179E+03
4.215	-1.199324E+06	1.323557E+02	5.046830E+01	5.568179E+03
4.22	-1.199324E+06	1.413421E+02	5.004552E+01	5.568179E+03
4.225	-1.199324E+06	1.412420E+02	4.916760E+01	5.568179E+03
4.23	-1.199324E+06	1.295111E+02	4.838997E+01	5.568179E+03
4.235	-1.199324E+06	1.259972E+02	4.802141E+01	5.568179E+03
4.24	-1.199324E+06	1.333891E+02	4.784526E+01	5.568179E+03
4.245	-1.199324E+06	1.348706E+02	4.754090E+01	5.568179E+03
4.25	-1.199324E+06	1.292620E+02	4.736870E+01	5.568179E+03
4.255	-1.199324E+06	1.351104E+02	4.785247E+01	5.568179E+03
4.26	-1.199324E+06	1.412757E+02	4.890836E+01	5.568179E+03
4.265	-1.199324E+06	1.290286E+02	4.999284E+01	5.568179E+03
4.27	-1.199324E+06	1.306936E+02	5.068918E+01	5.568179E+03
4.275	-1.199324E+06	1.433776E+02	5.117809E+01	5.568179E+03
4.28	-1.199324E+06	1.427543E+02	5.162028E+01	5.568179E+03
4.285	-1.199324E+06	1.425208E+02	5.197097E+01	5.568179E+03
4.29	-1.199324E+06	1.377956E+02	5.226280E+01	5.568179E+03
4.295	-1.199324E+06	1.371442E+02	5.212602E+01	5.568179E+03
4.3	-1.199324E+06	1.398182E+02	5.165073E+01	5.568179E+03
4.305	-1.199324E+06	1.396935E+02	5.131647E+01	5.568179E+03
4.31	-1.199324E+06	1.475940E+02	5.113628E+01	5.568179E+03
4.315	-1.199324E+06	1.476271E+02	5.107118E+01	5.568179E+03
4.32	-1.199324E+06	1.375150E+02	5.088714E+01	5.568179E+03
4.325	-1.199324E+06	1.348332E+02	5.042459E+01	5.568179E+03
4.33	-1.199324E+06	1.444153E+02	4.998513E+01	5.568179E+03
4.335	-1.199324E+06	1.408762E+02	4.988187E+01	5.568179E+03
4.34	-1.199324E+06	1.356214E+02	5.003937E+01	5.568179E+03
4.345	-1.199324E+06	1.453919E+02	5.035252E+01	5.568179E+03
4.35	-1.199324E+06	1.423012E+02	5.046065E+01	5.568179E+03
4.355	-1.199324E+06	1.438990E+02	5.000503E+01	5.568179E+03
4.36	-1.199324E+06	1.465342E+02	4.957323E+01	5.568179E+03
4.365	-1.199324E+06	1.462762E+02	4.945099E+01	5.568179E+03
4.37	-1.199324E+06	1.504702E+02	4.968827E+01	5.568179E+03
4.375	-1.199324E+06	1.477620E+02	5.035611E+01	5.568179E+03
4.38	-1.199324E+06	1.484225E+02	5.086304E+01	5.568179E+03
4.385	-1.199324E+06	1.470071E+02	5.114015E+01	5.568179E+03
4.39	-1.199324E+06	1.429281E+02	5.167528E+01	5.568179E+03
4.395	-1.199324E+06	1.469015E+02	5.244205E+01	5.568179E+03
4.4	-1.199324E+06	1.465525E+02	5.326033E+01	5.568179E+03
4.405	-1.199324E+06	1.447789E+02	5.374421E+01	5.568179E+03
4.41	-1.199324E+06	1.530665E+02	5.345239E+01	5.568179E+03
4.415	-1.199324E+06	1.575503E+02	5.260013E+01	5.568179E+03
4.42	-1.199324E+06	1.614180E+02	5.163400E+01	5.568179E+03
4.425	-1.199324E+06	1.567672E+02	5.083585E+01	5.568179E+03
4.43	-1.199324E+06	1.516184E+02	5.001111E+01	5.568179E+03
4.435	-1.199324E+06	1.578428E+02	4.908745E+01	5.568179E+03
4.44	-1.199324E+06	1.531705E+02	4.824863E+01	5.568179E+03
4.445	-1.199324E+06	1.468937E+02	4.793402E+01	5.568179E+03
4.45	-1.199324E+06	1.472287E+02	4.869436E+01	5.568179E+03
4.455	-1.199324E+06	1.521332E+02	5.003607E+01	5.568179E+03
4.46	-1.199324E+06	1.534127E+02	5.123223E+01	5.568179E+03
4.465	-1.199324E+06	1.495855E+02	5.210910E+01	5.568179E+03
4.47	-1.199324E+06	1.580131E+02	5.292111E+01	5.568179E+03
4.475	-1.199324E+06	1.594048E+02	5.379445E+01	5.568179E+03
4.48	-1.199324E+06	1.575166E+02	5.435512E+01	5.568179E+03
4.485	-1.199324E+06	1.586859E+02	5.453868E+01	5.568179E+03
4.49	-1.199324E+06	1.608307E+02	5.420229E+01	5.568179E+03
4.495	-1.199324E+06	1.660779E+02	5.355320E+01	5.568179E+03
4.5	-1.199323E+06	1.557922E+02	5.320115E+01	5.568179E+03
4.505	-1.199324E+06	1.631807E+02	5.277005E+01	5.568179E+03
4.51	-1.199324E+06	1.640035E+02	5.235302E+01	5.568179E+03
4.515	-1.199323E+06	1.504704E+02	5.183574E+01	5.568179E+03
4.52	-1.199324E+06	1.664409E+02	5.087677E+01	5.568179E+03
4.525	-1.199324E+06	1.696202E+02	5.021438E+01	5.568179E+03
4.53	-1.199324E+06	1.666894E+02	4.965570E+01	5.568179E+03
4.535	-1.199324E+06	1.624849E+02	4.959520E+01	5.568179E+03
4.54	-1.199324E+06	1.626532E+02	5.044016E+01	5.568179E+03
4.545	-1.199324E+06	1.730570E+02	5.122556E+01	5.568179E+03
4.55	-1.199324E+06	1.640608E+02	5.195040E+01	5.568179E+03
4.555	-1.199323E+06	1.585308E+02	5.291986E+01	5.568179E+03
4.56	-1.199324E+06	1.725966E+02	5.384026E+01	5.568179E+03
4.565	-1.199324E+06	1.778653E+02	5.464271E+01	5.568179E+03
4.57	-1.199324E+06	1.705870E+02	5.492121E+01	5.568179E+03
4.575	-1.199324E+06	1.738800E+02	5.438800E+01	5.568179E+03
4.58	-1.199324E+06	1.786087E+02	5.361018E+01	5.568179E+03
4.585	-1.199323E+06	1.736010E+02	5.289843E+01	5.568179E+03
4.59	-1.199324E+06	1.766583E+02	5.220428E+01	5.568179E+03
4.595	-1.199324E+06	1.782048E+02	5.177468E+01	5.568179E+03
4.6	-1.199323E+06	1.759700E+02	5.153303E+01	5.568179E+03
4.605	-1.199324E+06	1.783265E+02	5.125857E+01	5.568179E+03
4.61	-1.199323E+06	1.648605E+02	5.160605E+01	5.568179E+03
4.615	-1.199323E+06	1.648224E+02	5.278775E+01	5.568179E+03
4.62	-1.199323E+06	1.714192E+02	5.426322E+01	5.568179E+03
4.625	-1.199323E+06	1.754208E+02	5.534862E+01	5.568179E+03
4.63	-1.199324E+06	1.914749E+02	5.558154E+01	5.568179E+03
4.635	-1.199324E+06	1.986829E+02	5.523542E+01	5.568179E+03
4.64	-1.199323E+06	1.875755E+02	5.493676E+01	5.568179E+03
4.645	-1.199323E+06	1.795521E+02	5.452689E+01	5.568179E+03
4.65	-1.199323E+06	1.771882E+02	5.379499E+01	5.568179E+03
4.655	-1.199323E+06	1.794154E+02	5.271294E+01	5.568179E+03
4.66	-1.199323E+06	1.729964E+02	5.163738E+01	5.568179E+03
4.665	-1.199323E+06	1.758559E+02	5.137537E+01	5.568179E+03
4.67	-1.199323E+06	1.828165E+02	5.233932E+01	5.568179E+03
4.675	-1.199323E+06	1.796611E+02	5.377482E+01	5.568179E+03
4.68	-1.199323E+06	1.830680E+02	5.487003E+01	5.568179E+03
4.685	-1.199323E+06	1.872498E+02	5.550622E+01	5.568179E+03
4.69	-1.199323E+06	1.856656E+02	5.594351E+01	5.568179E+03
4.695	-1.199323E+06	1.946524E+02	5.645790E+01	5.568179E+03
4.7	-1.199323E+06	2.006991E+02	5.674808E+01	5.568179E+03
4.705	-1.199323E+06	1.898326E+02	5.648141E+01	5.568179E+03
4.71	-1.199323E+06	1.962415E+02	5.558806E+01	5.568179E+03
4.715	-1.199323E+06	1.951483E+02	5.454524E+01	5.568179E+03
4.72	-1.199323E+06	1.901453E+02	5.394572E+01	5.568179E+03
4.725	-1.199323E+06	1.977727E+02	5.370003E+01	5.568179E+03
4.73	-1.199323E+06	1.913652E+02	5.378790E+01	5.568179E+03
4.735	-1.199323E+06	1.882589E+02	5.408458E+01	5.568179E+03
4.74	-1.199323E+06	2.094041E+02	5.387009E+01	5.568179E+03
4.745	-1.199323E+06	2.002552E+02	5.391217E+01	5.568179E+03
4.75	-1.199323E+06	1.867851E+02	5.447058E+01	5.568179E+03
4.755	-1.199323E+06	1.993220E+02	5.506915E+01	5.568179E+03
4.76	-1.199323E+06	1.956787E+02	5.595834E+01	5.568179E+03
4.765	-1.199323E+06	1.998762E+02	5.630187E+01	5.568179E+03
4.77	-1.199323E+06	2.009913E+02	5.616605E+01	5.568179E+03
4.775	-1.199322E+06	1.853588E+02	5.639485E+01	5.568179E+03
4.78	-1.199323E+06	1.999573E+02	5.620803E+01	5.568179E+03
4.785	-1.199323E+06	2.126132E+02	5.563000E+01	5.568179E+03
4.79	-1.199323E+06	2.053661E+02	5.494723E+01	5.568179E+03
4.795	-1.199323E+06	2.157030E+02	5.342811E+01	5.568179E+03
4.8	-1.199323E+06	2.146760E+02	5.208093E+01	5.568179E+03
4.805	-1.199322E+06	1.958417E+02	5.192330E+01	5.568179E+03
4.81	-1.199323E+06	2.067008E+02	5.233821E+01	5.568179E+03
4.815	-1.199323E+06	2.115293E+02	5.328788E+01	5.568179E+03
4.82	-1.199322E+06	1.975412E+02	5.428148E+01	5.568179E+03
4.825	-1.199323E+06	2.140021E+02	5.474220E+01	5.568179E+03
4.83	-1.199323E+06	2.105984E+02	5.583803E+01	5.568179E+03
4.835	-1.199323E+06	2.037478E+02	5.707331E+01	5.568179E+03
4.84	-1.199323E+06	2.109287E+02	5.767385E+01	5.568179E+03
4.845	-1.199323E+06	2.112390E+02	5.794278E+01	5.568179E+03
4.85	-1.199323E+06	2.274719E+02	5.710267E+01	5.568179E+03
4.855	-1.199323E+06	2.225947E+02	5.578471E+01	5.568179E+03
4.86	-1.199322E+06	2.103212E+02	5.503235E+01	5.568179E+03
4.865	-1.199323E+06	2.169212E+02	5.439326E+01	5.568179E+03
4.87	-1.199323E+06	2.250605E+02	5.365496E+01	5.568179E+03
4.875	-1.199322E+06	2.173633E+02	5.312932E+01	5.568179E+03
4.88	-1.199322E+06	2.171612E+02	5.245871E+01	5.568179E+03
4.885	-1.199323E+06	2.266738E+02	5.225717E+01	5.568179E+03
4.89	-1.199322E+06	2.237251E+02	5.327816E+01	5.568179E+03
4.895	-1.199322E+06	2.252243E+02	5.437866E+01	5.568179E+03
4.9	-1.199322E+06	2.255851E+02	5.526385E+01	5.568179E+03
4.905	-1.199322E+06	2.268187E+02	5.613971E+01	5.568179E+03
4.91	-1.199322E+06	2.333653E+02	5.678383E+01	5.568179E+03
4.915	-1.199322E+06	2.367095E+02	5.780462E+01	5.568179E+03
4.92	-1.199322E+06	2.281627E+02	5.876106E+01	5.568179E+03
4.925	-1.199322E+06	2.295478E+02	5.863365E+01	5.568179E+03
4.93	-1.199322E+06	2.266063E+02	5.831270E+01	5.568179E+03
4.935	-1.199322E+06	2.319032E+02	5.779591E+01	5.568179E+03
4.94	-1.199322E+06	2.376756E+02	5.695123E+01	5.568179E+03
4.945	-1.199322E+06	2.278473E+02	5.640958E+01	5.568179E+03
4.95	-1.199322E+06	2.379234E+02	5.572237E+01	5.568179E+03
4.955	-1.199322E+06	2.346908E+02	5.496985E+01	5.568179E+03
4.96	-1.199322E+06	2.355025E+02	5.444141E+01	5.568179E+03
4.965	-1.199322E+06	2.413709E+02	5.424142E+01	5.568179E+03
4.97	-1.199322E+06	2.399244E+02	5.473684E+01	5.568179E+03
4.975	-1.199322E+06	2.542396E+02	5.569280E+01	5.568179E+03
4.98	-1.199322E+06	2.412917E+02	5.665809E+01	5.568179E+03
4.985	-1.199322E+06	2.351583E+02	5.723058E+01	5.568179E+03
4.99	-1.199322E+06	2.366242E+02	5.729274E+01	5.568179E+03
4.995	-1.199322E+06	2.336747E+02	5.718203E+01	5.568179E+03
5.0	-1.199322E+06	2.421654E+02	5.743294E+01	5.568179E+03
5.005	-1.199322E+06	2.490749E+02	5.777684E+01	5.568179E+03
5.01	-1.199322E+06	2.630272E+02	5.770005E+01	5.568179E+03
5.015	-1.199321E+06	2.539152E+02	5.721284E+01	5.568179E+03
5.02	-1.199322E+06	2.592118E+02	5.630273E+01	5.568179E+03
5.025	-1.199322E+06	2.611604E+02	5.606959E+01	5.568179E+03
5.03	-1.199321E+06	2.433111E+02	5.604608E+01	5.568179E+03
5.035	-1.199322E+06	2.449072E+02	5.579888E+01	5.568179E+03
5.04	-1.199322E+06	2.563085E+02	5.613115E+01	5.568179E+03
5.045	-1.199322E+06	2.687536E+02	5.612032E+01	5.568179E+03
5.05	-1.199322E+06	2.657397E+02	5.601576E+01	5.568179E+03
5.055	-1.199322E+06	2.608826E+02	5.621940E+01	5.568179E+03
5.06	-1.199321E+06	2.520867E+02	5.587633E+01	5.568179E+03
5.065	-1.199321E+06	2.453653E+02	5.547401E+01	5.568179E+03
5.07	-1.199322E+06	2.582976E+02	5.478421E+01	5.568179E+03
5.075	-1.199322E+06	2.655422E+02	5.358704E+01	5.568179E+03
5.08	-1.199321E+06	2.644481E+02	5.311459E+01	5.568179E+03
5.085	-1.199322E+06	2.694683E+02	5.278389E+01	5.568179E+03
5.09	-1.199321E+06	2.598461E+02	5.216154E+01	5.568179E+03
5.095	-1.199322E+06	2.676019E+02	5.162458E+01	5.568179E+03
5.1	-1.199321E+06	2.680437E+02	5.148050E+01	5.568179E+03
5.105	-1.199321E+06	2.703293E+02	5.223780E+01	5.568179E+03
5.11	-1.199322E+06	2.810756E+02	5.398880E+01	5.568179E+03
5.115	-1.199321E+06	2.744396E+02	5.547054E+01	5.568179E+03
5.12	-1.199322E+06	2.867116E+02	5.595136E+01	5.568179E+03
5.125	-1.199321E+06	2.765176E+02	5.652814E+01	5.568179E+03
5.13	-1.199321E+06	2.843430E+02	5.685443E+01	5.568179E+03
5.135	-1.199321E+06	3.010260E+02	5.695031E+01	5.568179E+03
5.14	-1.199321E+06	2.925168E+02	5.700003E+01	5.568179E+03
5.145	-1.199321E+06	2.886244E+02	5.616958E+01	5.568179E+03
5.15	-1.199321E+06	2.774152E+02	5.476509E+01	5.568179E+03
5.155	-1.199321E+06	2.758017E+02	5.336064E+01	5.568179E+03
5.16	-1.199321E+06	2.774076E+02	5.216318E+01	5.568179E+03
5.165	-1.199321E+06	2.830695E+02	5.185498E+01	5.568179E+03
5.17	-1.199321E+06	2.993668E+02	5.196912E+01	5.568179E+03
5.175	-1.199321E+06	2.942747E+02	5.167561E+01	5.568179E+03
5.18	-1.199321E+06	2.913830E+02	5.125635E+01	5.568179E+03
5.185	-1.199320E+06	2.737554E+02	5.156261E+01	5.568179E+03
5.19	-1.199321E+06	2.949345E+02	5.256546E+01	5.568179E+03
5.195	-1.199321E+06	2.970844E+02	5.435040E+01	5.568179E+03
5.2	-1.199320E+06	2.886205E+02	5.591271E+01	5.568179E+03
5.205	-1.199321E+06	3.044447E+02	5.682593E+01	5.568179E+03
5.21	-1.199320E+06	2.949321E+02	5.759044E+01	5.568179E+03
5.215	-1.199321E+06	3.056309E+02	5.799892E+01	5.568179E+03
5.22	-1.199320E+06	3.085182E+02	5.853630E+01	5.568179E+03
5.225	-1.199321E+06	3.101454E+02	5.853005E+01	5.568179E+03
5.23	-1.199320E+06	3.081885E+02	5.746194E+01	5.568179E+03
5.235	-1.199321E+06	3.061863E+02	5.563023E+01	5.568179E+03
5.24	-1.199320E+06	2.969722E+02	5.387463E+01	5.568179E+03
5.245	-1.199320E+06	3.018465E+02	5.293345E+01	5.568179E+03
5.25	-1.199321E+06	3.308000E+02	5.267742E+01	5.568179E+03
5.255	-1.199320E+06	3.252971E+02	5.254033E+01	5.568179E+03
5.26	-1.199320E+06	3.206698E+02	5.167837E+01	5.568179E+03
5.265	-1.199320E+06	3.076750E+02	5.098212E+01	5.568179E+03
5.27	-1.199320E+06	2.983134E+02	5.184748E+01	5.568179E+03
5.275	-1.199320E+06	3.108803E+02	5.392759E+01	5.568179E+03
5.28	-1.199320E+06	3.148099E+02	5.608869E+01	5.568179E+03
5.285	-1.199320E+06	3.179252E+02	5.742818E+01	5.568179E+03
5.29	-1.199320E+06	3.251474E+02	5.748536E+01	5.568179E+03
5.295	-1.199320E+06	3.107013E+02	5.762746E+01	5.568179E+03
5.3	-1.199320E+06	3.238594E+02	5.806922E+01	5.568179E+03
5.305	-1.199320E+06	3.386602E+02	5.828137E+01	5.568179E+03
5.31	-1.199319E+06	3.150433E+02	5.815074E+01	5.568179E+03
5.315	-1.199320E+06	3.244498E+02	5.684347E+01	5.568179E+03
5.32	-1.199320E+06	3.234874E+02	5.565187E+01	5.568179E+03
5.325	-1.199320E+06	3.235390E+02	5.514386E+01	5.568179E+03
5.33	-1.199320E+06	3.348365E+02	5.488644E+01	5.568179E+03
5.335	-1.199319E+06	3.287861E+02	5.528769E+01	5.568179E+03
5.34	-1.199320E+06	3.551359E+02	5.578632E+01	5.568179E+03
5.345	-1.199320E+06	3.560544E+02	5.622966E+01	5.568179E+03
5.35	-1.199319E+06	3.434006E+02	5.675924E+01	5.568179E+03
5.355	-1.199320E+06	3.433553E+02	5.747531E+01	5.568179E+03
5.36	-1.199320E+06	3.423404E+02	5.818669E+01	5.568179E+03
5.365	-1.199319E+06	3.324465E+02	5.852418E+01	5.568179E+03
5.37	-1.199319E+06	3.486690E+02	5.780784E+01	5.568179E+03
5.375	-1.199320E+06	3.645014E+02	5.677557E+01	5.568179E+03
5.38	-1.199319E+06	3.432065E+02	5.621946E+01	5.568179E+03
5.385	-1.199320E+06	3.670844E+02	5.502867E+01	5.568179E+03
5.39	-1.199320E+06	3.648441E+02	5.416447E+01	5.568179E+03
5.395	-1.199319E+06	3.490304E+02	5.333426E+01	5.568179E+03
5.4	-1.199319E+06	3.534750E+02	5.218195E+01	5.568179E+03
5.405	-1.199320E+06	3.668959E+02	5.196280E+01	5.568179E+03
5.41	-1.199319E+06	3.572492E+02	5.265676E+01	5.568179E+03
5.415	-1.199319E+06	3.458364E+02	5.348432E+01	5.568179E+03
5.42	-1.199320E+06	3.627120E+02	5.431109E+01	5.568179E+03
5.425	-1.199319E+06	3.561098E+02	5.449175E+01	5.568179E+03
5.43	-1.199319E+06	3.587282E+02	5.413725E+01	5.568179E+03
5.435	-1.199319E+06	3.576648E+02	5.468519E+01	5.568179E+03
5.44	-1.199319E+06	3.503410E+02	5.558111E+01	5.568179E+03
5.445	-1.199319E+06	3.609848E+02	5.588779E+01	5.568179E+03
5.45	-1.199319E+06	3.611942E+02	5.585256E+01	5.568179E+03
5.455	-1.199320E+06	3.950963E+02	5.479982E+01	5.568179E+03
5.46	-1.199319E+06	3.865924E+02	5.387023E+01	5.568179E+03
5.465	-1.199319E+06	3.831777E+02	5.376251E+01	5.568179E+03
5.47	-1.199320E+06	3.940306E+02	5.393383E+01	5.568179E+03
5.475	-1.199318E+06	3.705471E+02	5.416411E+01	5.568179E+03
5.48	-1.199320E+06	3.916488E+02	5.386252E+01	5.568179E+03
5.485	-1.199319E+06	3.890395E+02	5.410772E+01	5.568179E+03
5.49	-1.199319E+06	4.061103E+02	5.504510E+01	5.568179E+03
5.495	-1.199320E+06	4.314784E+02	5.567331E+01	5.568179E+03
5.5	-1.199318E+06	4.002975E+02	5.596228E+01	5.568179E+03
5.505	-1.199319E+06	4.073257E+02	5.584974E+01	5.568179E+03
5.51	-1.199320E+06	4.282264E+02	5.514336E+01	5.568179E+03
5.515	-1.199318E+06	3.905958E+02	5.441869E+01	5.568179E+03
5.52	-1.199319E+06	4.040206E+02	5.401358E+01	5.568179E+03
5.525	-1.199318E+06	3.997385E+02	5.409475E+01	5.568179E+03
5.53	-1.199319E+06	3.998518E+02	5.332981E+01	5.568179E+03
5.535	-1.199318E+06	3.976260E+02	5.184506E+01	5.568179E+03
5.54	-1.199319E+06	4.123862E+02	4.987398E+01	5.568179E+03
5.545	-1.199319E+06	4.217243E+02	4.895661E+01	5.568179E+03
5.55	-1.199318E+06	4.028745E+02	4.905241E+01	5.568179E+03
5.555	-1.199319E+06	4.362915E+02	4.866773E+01	5.568179E+03
5.56	-1.199319E+06	4.309075E+02	4.896575E+01	5.568179E+03
5.565	-1.199318E+06	4.206342E+02	4.859347E+01	5.568179E+03
5.57	-1.199319E+06	4.174463E+02	4.850137E+01	5.568179E+03
5.575	-1.199318E+06	3.975298E+02	5.006300E+01	5.568179E+03
5.58	-1.199319E+06	4.059358E+02	5.123272E+01	5.568179E+03
5.585	-1.199318E+06	4.060619E+02	5.282700E+01	5.568179E+03
5.59	-1.199319E+06	4.518597E+02	5.333985E+01	5.568179E+03
5.595	-1.199318E+06	4.333371E+02	5.252824E+01	5.568179E+03
5.6	-1.199317E+06	4.033227E+02	5.221604E+01	5.568179E+03
5.605	-1.199319E+06	4.300034E+02	5.160513E+01	5.568179E+03
5.61	-1.199318E+06	4.119429E+02	5.099456E+01	5.568179E+03
5.615	-1.199318E+06	4.299351E+02	5.035448E+01	5.568179E+03
5.62	-1.199318E+06	4.602243E+02	4.948239E+01	5.568179E+03
5.625	-1.199318E+06	4.675663E+02	4.976545E+01	5.568179E+03
5.63	-1.199318E+06	4.674011E+02	5.081602E+01	5.568179E+03
5.635	-1.199318E+06	4.510593E+02	5.108898E+01	5.568179E+03
5.64	-1.199318E+06	4.556766E+02	5.060248E+01	5.568179E+03
5.645	-1.199318E+06	4.446944E+02	4.986785E+01	5.568179E+03
5.65	-1.199318E+06	4.399514E+02	4.954029E+01	5.568179E+03
5.655	-1.199318E+06	4.687035E+02	5.031078E+01	5.568179E+03
5.66	-1.199318E+06	4.703714E+02	5.138249E+01	5.568179E+03
5.665	-1.199318E+06	4.616576E+02	5.181081E+01	5.568179E+03
5.67	-1.199318E+06	4.542936E+02	5.209449E+01	5.568179E+03
5.675	-1.199318E+06	4.547920E+02	5.186858E+01	5.568179E+03
5.68	-1.199318E+06	4.586520E+02	5.178790E+01	5.568179E+03
5.685	-1.199318E+06	4.760344E+02	5.263790E+01	5.568179E+03
5.69	-1.199319E+06	5.128076E+02	5.268003E+01	5.568179E+03
5.695	-1.199318E+06	4.831431E+02	5.142220E+01	5.568179E+03
5.7	-1.199317E+06	4.466598E+02	4.953887E+01	5.568179E+03
5.705	-1.199318E+06	4.645376E+02	4.820515E+01	5.568179E+03
5.71	-1.199318E+06	4.833656E+02	4.781319E+01	5.568179E+03
5.715	-1.199318E+06	4.822537E+02	4.789326E+01	5.568179E+03
5.72	-1.199317E+06	4.774483E+02	4.803618E+01	5.568179E+03
5.725	-1.199318E+06	4.945042E+02	4.793806E+01	5.568179E+03
5.73	-1.199317E+06	4.863881E+02	4.825758E+01	5.568179E+03
5.735	-1.199317E+06	4.771402E+02	4.889285E+01	5.568179E+03
5.74	-1.199318E+06	4.888833E+02	4.977178E+01	5.568179E+03
5.745	-1.199317E+06	4.683804E+02	5.094368E+01	5.568179E+03
5.75	-1.199317E+06	4.557942E+02	5.099243E+01	5.568179E+03
5.755	-1.199317E+06	4.591103E+02	5.048395E+01	5.568179E+03
5.76	-1.199317E+06	4.758870E+02	5.032911E+01	5.568179E+03
5.765	-1.199318E+06	5.044231E+02	5.021404E+01	5.568179E+03
5.77	-1.199317E+06	4.985308E+02	5.056250E+01	5.568179E+03
5.775	-1.199317E+06	5.190038E+02	5.053130E+01	5.568179E+03
5.78	-1.199318E+06	5.471950E+02	4.963499E+01	5.568179E+03
5.785	-1.199317E+06	5.282295E+02	4.820437E+01	5.568179E+03
5.79	-1.199317E+06	5.020910E+02	4.689722E+01	5.568179E+03
5.795	-1.199317E+06	4.919243E+02	4.645448E+01	5.568179E+03
5.8	-1.199317E+06	4.677345E+02	4.663201E+01	5.568179E+03
5.805	-1.199317E+06	4.750084E+02	4.686877E+01	5.568179E+03
5.81	-1.199317E+06	5.068628E+02	4.663055E+01	5.568179E+03
5.815	-1.199317E+06	5.099742E+02	4.671905E+01	5.568179E+03
5.82	-1.199316E+06	4.843099E+02	4.852302E+01	5.568179E+03
5.825	-1.199317E+06	5.314708E+02	5.075667E+01	5.568179E+03
5.83	-1.199317E+06	5.404459E+02	5.297508E+01	5.568179E+03
5.835	-1.199317E+06	5.441697E+02	5.293367E+01	5.568179E+03
5.84	-1.199317E+06	5.417376E+02	5.097229E+01	5.568179E+03
5.845	-1.199316E+06	5.174124E+02	4.916291E+01	5.568179E+03
5.85	-1.199317E+06	5.160343E+02	4.770859E+01	5.568179E+03
5.855	-1.199316E+06	5.070208E+02	4.730057E+01	5.568179E+03
5.86	-1.199316E+06	5.095839E+02	4.791892E+01	5.568179E+03
5.865	-1.199317E+06	5.357311E+02	4.821417E+01	5.568179E+03
5.87	-1.199316E+06	5.382843E+02	4.845426E+01	5.568179E+03
5.875	-1.199316E+06	5.388499E+02	4.896953E+01	5.568179E+03
5.88	-1.199316E+06	5.468147E+02	4.936569E+01	5.568179E+03
5.885	-1.199316E+06	5.580676E+02	4.992550E+01	5.568179E+03
5.89	-1.199317E+06	5.664085E+02	5.002499E+01	5.568179E+03
5.895	-1.199316E+06	5.503340E+02	4.866614E+01	5.568179E+03
5.9	-1.199316E+06	5.282665E+02	4.721908E+01	5.568179E+03
5.905	-1.199316E+06	5.125162E+02	4.737796E+01	5.568179E+03
5.91	-1.199316E+06	5.108719E+02	4.799113E+01	5.568179E+03
5.915	-1.199316E+06	5.261360E+02	4.799027E+01	5.568179E+03
5.92	-1.199316E+06	5.620004E+02	4.768581E+01	5.568179E+03
5.925	-1.199316E+06	5.665799E+02	4.747564E+01	5.568179E+03
5.93	-1.199316E+06	5.586825E+02	4.782383E+01	5.568179E+03
5.935	-1.199316E+06	5.620337E+02	4.800244E+01	5.568179E+03
5.94	-1.199315E+06	5.535402E+02	4.701881E+01	5.568179E+03
5.945	-1.199317E+06	5.704620E+02	4.554176E+01	5.568179E+03
5.95	-1.199315E+06	5.364725E+02	4.492972E+01	5.568179E+03
5.955	-1.199316E+06	5.523832E+02	4.517397E+01	5.568179E+03
5.96	-1.199316E+06	5.845473E+02	4.690931E+01	5.568179E+03
5.965	-1.199315E+06	5.773915E+02	4.850670E+01	5.568179E+03
5.97	-1.199316E+06	5.781784E+02	4.865128E+01	5.568179E+03
5.975	-1.199315E+06	5.905030E+02	4.787468E+01	5.568179E+03
5.98	-1.199316E+06	6.078720E+02	4.732966E+01	5.568179E+03
5.985	-1.199315E+06	5.717507E+02	4.807221E+01	5.568179E+03
5.99	-1.199316E+06	5.851112E+02	4.846747E+01	5.568179E+03
5.995	-1.199315E+06	5.809300E+02	4.880380E+01	5.568179E+03
6.0	-1.199315E+06	5.808994E+02	4.813000E+01	5.568179E+03
6.005	-1.199316E+06	5.730010E+02	4.644485E+01	5.568179E+03
6.01	-1.199314E+06	5.449938E+02	4.563484E+01	5.568179E+03
6.015	-1.199316E+06	5.865032E+02	4.563424E+01	5.568179E+03
6.02	-1.199315E+06	5.879893E+02	4.622648E+01	5.568179E+03
6.025	-1.199315E+06	5.985300E+02	4.616072E+01	5.568179E+03
6.03	-1.199315E+06	6.072606E+02	4.504919E+01	5.568179E+03
6.035	-1.199314E+06	5.867717E+02	4.423923E+01	5.568179E+03
6.04	-1.199315E+06	5.979633E+02	4.374068E+01	5.568179E+03
6.045	-1.199314E+06	5.810719E+02	4.383941E+01	5.568179E+03
6.05	-1.199315E+06	5.883937E+02	4.443331E+01	5.568179E+03
6.055	-1.199315E+06	5.862861E+02	4.466325E+01	5.568179E+03
6.06	-1.199315E+06	5.724357E+02	4.511564E+01	5.568179E+03
6.065	-1.199314E+06	5.768213E+02	4.667301E+01	5.568179E+03
6.07	-1.199315E+06	6.117549E+02	4.814418E+01	5.568179E+03
6.075	-1.199315E+06	6.351616E+02	4.899658E+01	5.568179E+03
6.08	-1.199314E+06	6.082555E+02	4.830261E+01	5.568179E+03
6.085	-1.199315E+06	6.211053E+02	4.597077E+01	5.568179E+03
6.09	-1.199315E+06	6.095687E+02	4.393871E+01	5.568179E+03
6.095	-1.199314E+06	5.977314E+02	4.252695E+01	5.568179E+03
6.1	-1.199315E+06	6.335085E+02	4.207437E+01	5.568179E+03
6.105	-1.199314E+06	6.268593E+02	4.202408E+01	5.568179E+03
6.11	-1.199315E+06	6.445740E+02	4.090237E+01	5.568179E+03
6.115	-1.199314E+06	5.953035E+02	4.018778E+01	5.568179E+03
6.12	-1.199313E+06	5.614872E+02	4.076177E+01	5.568179E+03
6.125	-1.199314E+06	6.319978E+02	4.340535E+01	5.568179E+03
6.13	-1.199316E+06	6.906527E+02	4.609169E+01	5.568179E+03
6.135	-1.199314E+06	6.268933E+02	4.708921E+01	5.568179E+03
6.14	-1.199314E+06	5.859867E+02	4.726189E+01	5.568179E+03
6.145	-1.199314E+06	6.091773E+02	4.745883E+01	5.568179E+03
6.15	-1.199314E+06	6.156685E+02	4.818635E+01	5.568179E+03
6.155	-1.199314E+06	6.273047E+02	4.843658E+01	5.568179E+03
6.16	-1.199314E+06	6.279328E+02	4.718244E+01	5.568179E+03
6.165	-1.199314E+06	6.099125E+02	4.529190E+01	5.568179E+03
6.17	-1.199314E+06	6.014094E+02	4.293113E+01	5.568179E+03
6.175	-1.199314E+06	6.071197E+02	4.153983E+01	5.568179E+03
6.18	-1.199314E+06	6.209705E+02	4.248322E+01	5.568179E+03
6.185	-1.199314E+06	6.498286E+02	4.388117E+01	5.568179E+03
6.19	-1.199314E+06	6.598535E+02	4.443484E+01	5.568179E+03
6.195	-1.199313E+06	6.361493E+02	4.373793E+01	5.568179E+03
6.2	-1.199314E+06	6.623077E+02	4.317062E+01	5.568179E+03
6.205	-1.199314E+06	6.641578E+02	4.492960E+01	5.568179E+03
6.21	-1.199313E+06	6.522807E+02	4.674100E+01	5.568179E+03
6.215	-1.199315E+06	6.850033E+02	4.786605E+01	5.568179E+03
6.22	-1.199314E+06	6.717936E+02	4.965689E+01	5.568179E+03
6.225	-1.199314E+06	6.702788E+02	4.984332E+01	5.568179E+03
6.23	-1.199314E+06	6.556732E+02	5.002470E+01	5.568179E+03
6.235	-1.199313E+06	6.361816E+02	5.100617E+01	5.568179E+03
6.24	-1.199314E+06	6.558594E+02	5.057892E+01	5.568179E+03
6.245	-1.199314E+06	6.577961E+02	4.987733E+01	5.568179E+03
6.25	-1.199313E+06	6.444034E+02	4.847625E+01	5.568179E+03
6.255	-1.199313E+06	6.522908E+02	4.650196E+01	5.568179E+03
6.26	-1.199314E+06	6.733023E+02	4.594177E+01	5.568179E+03
6.265	-1.199313E+06	6.796840E+02	4.585228E+01	5.568179E+03
6.27	-1.199314E+06	6.760395E+02	4.471983E+01	5.568179E+03
6.275	-1.199313E+06	6.579897E+02	4.322671E+01	5.568179E+03
6.28	-1.199314E+06	6.481550E+02	4.183841E+01	5.568179E+03
6.285	-1.199313E+06	6.137264E+02	4.172895E+01	5.568179E+03
6.29	-1.199314E+06	6.211710E+02	4.391557E+01	5.568179E+03
6.295	-1.199313E+06	6.278845E+02	4.753444E+01	5.568179E+03
6.3	-1.199314E+06	6.911901E+02	4.981675E+01	5.568179E+03
6.305	-1.199313E+06	6.758474E+02	5.186155E+01	5.568179E+03
6.31	-1.199313E+06	6.542324E+02	5.289823E+01	5.568179E+03
6.315	-1.199314E+06	7.006776E+02	5.352098E+01	5.568179E+03
6.32	-1.199313E+06	6.909188E+02	5.457617E+01	5.568179E+03
6.325	-1.199313E+06	6.796653E+02	5.337888E+01	5.568179E+03
6.33	-1.199314E+06	6.754129E+02	5.070989E+01	5.568179E+03
6.335	-1.199313E+06	6.501955E+02	4.745606E+01	5.568179E+03
6.34	-1.199314E+06	6.582294E+02	4.356244E+01	5.568179E+03
6.345	-1.199312E+06	6.172513E+02	4.326604E+01	5.568179E+03
6.35	-1.199313E+06	6.492840E+02	4.532201E+01	5.568179E+03
6.355	-1.199314E+06	6.900873E+02	4.725188E+01	5.568179E+03
6.36	-1.199314E+06	6.889259E+02	4.861643E+01	5.568179E+03
6.365	-1.199313E+06	6.468770E+02	4.904727E+01	5.568179E+03
6.37	-1.199313E+06	6.568941E+02	4.970711E+01	5.568179E+03
6.375	-1.199314E+06	6.950582E+02	5.106416E+01	5.568179E+03
6.38	-1.199313E+06	6.723863E+02	5.191843E+01	5.568179E+03
6.385	-1.199313E+06	6.698944E+02	5.163867E+01	5.568179E+03
6.39	-1.199313E+06	6.768270E+02	5.015305E+01	5.568179E+03
6.395	-1.199313E+06	6.658434E+02	4.905828E+01	5.568179E+03
6.4	-1.199313E+06	6.387425E+02	4.969344E+01	5.568179E+03
6.405	-1.199313E+06	6.518825E+02	4.998877E+01	5.568179E+03
6.41	-1.199313E+06	6.645715E+02	5.017694E+01	5.568179E+03
6.415	-1.199313E+06	6.922457E+02	4.949172E+01	5.568179E+03
6.42	-1.199314E+06	7.217721E+02	4.756539E+01	5.568179E+03
6.425	-1.199312E+06	6.728264E+02	4.681622E+01	5.568179E+03
6.43	-1.199313E+06	6.788025E+02	4.630769E+01	5.568179E+03
6.435	-1.199314E+06	6.872015E+02	4.648946E+01	5.568179E+03
6.44	-1.199313E+06	6.720240E+02	4.734766E+01	5.568179E+03
6.445	-1.199313E+06	6.745619E+02	4.760062E+01	5.568179E+03
6.45	-1.199313E+06	6.919641E+02	4.883251E+01	5.568179E+03
6.455	-1.199313E+06	6.903737E+02	5.160850E+01	5.568179E+03
6.46	-1.199313E+06	6.683127E+02	5.342699E+01	5.568179E+03
6.465	-1.199313E+06	6.571144E+02	5.394804E+01	5.568179E+03
6.47	-1.199313E+06	6.584199E+02	5.373306E+01	5.568179E+03
6.475	-1.199313E+06	6.669657E+02	5.279539E+01	5.568179E+03
6.48	-1.199313E+06	6.881214E+02	5.168936E+01	5.568179E+03
6.485	-1.199313E+06	7.040194E+02	5.066563E+01	5.568179E+03
6.49	-1.199314E+06	7.232291E+02	4.884441E+01	5.568179E+03
6.495	-1.199314E+06	7.048784E+02	4.600697E+01	5.568179E+03
6.5	-1.199312E+06	6.453543E+02	4.333580E+01	5.568179E+03
6.505	-1.199313E+06	6.513032E+02	4.205797E+01	5.568179E+03
6.51	-1.199314E+06	6.664006E+02	4.297573E+01	5.568179E+03
6.515	-1.199312E+06	6.453836E+02	4.493108E+01	5.568179E+03
6.52	-1.199313E+06	6.865831E+02	4.705173E+01	5.568179E+03
6.525	-1.199314E+06	7.125774E+02	4.934514E+01	5.568179E+03
6.53	-1.199313E+06	6.788523E+02	5.075945E+01	5.568179E+03
6.535	-1.199313E+06	6.569661E+02	5.232042E+01	5.568179E+03
6.54	-1.199313E+06	6.764223E+02	5.460406E+01	5.568179E+03
6.545	-1.199313E+06	6.835482E+02	5.582145E+01	5.568179E+03
6.55	-1.199313E+06	7.006244E+02	5.518348E+01	5.568179E+03
6.555	-1.199314E+06	7.199515E+02	5.340796E+01	5.568179E+03
6.56	-1.199312E+06	6.838497E+02	5.135907E+01	5.568179E+03
6.565	-1.199314E+06	6.812230E+02	4.954823E+01	5.568179E+03
6.57	-1.199313E+06	6.522386E+02	4.918055E+01	5.568179E+03
6.575	-1.199313E+06	6.664716E+02	4.903543E+01	5.568179E+03
6.58	-1.199314E+06	7.081905E+02	4.798678E+01	5.568179E+03
6.585	-1.199313E+06	6.852629E+02	4.689497E+01	5.568179E+03
6.59	-1.199313E+06	6.900104E+02	4.715433E+01	5.568179E+03
6.595	-1.199314E+06	6.851152E+02	4.835186E+01	5.568179E+03
6.6	-1.199312E+06	6.435210E+02	4.943150E+01	5.568179E+03
6.605	-1.199314E+06	6.822184E+02	5.033528E+01	5.568179E+03
6.61	-1.199314E+06	7.111016E+02	5.098104E+01	5.568179E+03
6.615	-1.199314E+06	6.893873E+02	5.064660E+01	5.568179E+03
6.62	-1.199312E+06	6.328977E+02	5.029849E+01	5.568179E+03
6.625	-1.199313E+06	6.303520E+02	5.045016E+01	5.568179E+03
6.63	-1.199313E+06	6.681762E+02	5.062907E+01	5.568179E+03
6.635	-1.199313E+06	6.949106E+02	4.986850E+01	5.568179E+03
6.64	-1.199314E+06	6.929349E+02	4.810067E+01	5.568179E+03
6.645	-1.199313E+06	6.553391E+02	4.642972E+01	5.568179E+03
6.65	-1.199313E+06	6.480112E+02	4.506338E+01	5.568179E+03
6.655	-1.199314E+06	6.447586E+02	4.451024E+01	5.568179E+03
6.66	-1.199312E+06	6.249632E+02	4.510548E+01	5.568179E+03
6.665	-1.199314E+06	6.671683E+02	4.551192E+01	5.568179E+03
6.67	-1.199314E+06	6.870809E+02	4.648306E+01	5.568179E+03
6.675	-1.199313E+06	6.560199E+02	4.845511E+01	5.568179E+03
6.68	-1.199313E+06	6.635100E+02	5.052474E+01	5.568179E+03
6.685	-1.199314E+06	6.809913E+02	5.235597E+01	5.568179E+03
6.69	-1.199313E+06	6.641176E+02	5.330435E+01	5.568179E+03
6.695	-1.199313E+06	6.539513E+02	5.310858E+01	5.568179E+03
6.7	-1.199313E+06	6.407856E+02	5.260104E+01	5.568179E+03
6.705	-1.199313E+06	6.416857E+02	5.193010E+01	5.568179E+03
6.71	-1.199313E+06	6.348017E+02	5.130747E+01	5.568179E+03
6.715	-1.199313E+06	6.581389E+02	5.033438E+01	5.568179E+03
6.72	-1.199314E+06	6.826822E+02	4.919588E+01	5.568179E+03
6.725	-1.199313E+06	6.805605E+02	4.822463E+01	5.568179E+03
6.73	-1.199314E+06	6.966048E+02	4.769397E+01	5.568179E+03
6.735	-1.199313E+06	6.434505E+02	4.887157E+01	5.568179E+03
6.74	-1.199314E+06	6.636120E+02	5.014250E+01	5.568179E+03
6.745	-1.199315E+06	6.873020E+02	5.119906E+01	5.568179E+03
6.75	-1.199312E+06	6.441385E+02	5.227292E+01	5.568179E+03
6.755	-1.199315E+06	6.906040E+02	5.294916E+01	5.568179E+03
6.76	-1.199314E+06	6.650105E+02	5.515305E+01	5.568179E+03
6.765	-1.199313E+06	6.320846E+02	5.616250E+01	5.568179E+03
6.77	-1.199314E+06	6.414880E+02	5.493465E+01	5.568179E+03
6.775	-1.199313E+06	6.457750E+02	5.326284E+01	5.568179E+03
6.78	-1.199315E+06	6.767427E+02	5.168923E+01	5.568179E+03
6.785	-1.199313E+06	6.287986E+02	5.187080E+01	5.568179E+03
6.79	-1.199313E+06	6.131802E+02	5.205643E+01	5.568179E+03
6.795	-1.199314E+06	6.369831E+02	5.214591E+01	5.568179E+03
6.8	-1.199314E+06	6.312040E+02	5.210725E+01	5.568179E+03
6.805	-1.199314E+06	6.448679E+02	5.084481E+01	5.568179E+03
6.81	-1.199314E+06	6.674972E+02	5.086994E+01	5.568179E+03
6.815	-1.199314E+06	6.731706E+02	5.175469E+01	5.568179E+03
6.82	-1.199314E+06	6.368249E+02	5.191053E+01	5.568179E+03
6.825	-1.199314E+06	6.248368E+02	5.173040E+01	5.568179E+03
6.83	-1.199315E+06	6.450833E+02	5.070763E+01	5.568179E+03
6.835	-1.199314E+06	6.203810E+02	5.002770E+01	5.568179E+03
6.84	-1.199313E+06	6.181403E+02	5.116262E+01	5.568179E+03
6.845	-1.199315E+06	6.477034E+02	5.328957E+01	5.568179E+03
6.85	-1.199313E+06	6.326044E+02	5.507234E+01	5.568179E+03
6.855	-1.199315E+06	6.515598E+02	5.537134E+01	5.568179E+03
6.86	-1.199314E+06	6.248549E+02	5.494862E+01	5.568179E+03
6.865	-1.199314E+06	6.048440E+02	5.412686E+01	5.568179E+03
6.87	-1.199315E+06	6.199486E+02	5.314032E+01	5.568179E+03
6.875	-1.199313E+06	5.873035E+02	5.228286E+01	5.568179E+03
6.88	-1.199315E+06	6.371641E+02	5.051136E+01	5.568179E+03
6.885	-1.199314E+06	6.436027E+02	4.876820E+01	5.568179E+03
6.89	-1.199314E+06	6.172923E+02	4.690804E+01	5.568179E+03
6.895	-1.199315E+06	6.212644E+02	4.635954E+01	5.568179E+03
6.9	-1.199313E+06	5.821201E+02	4.773756E+01	5.568179E+03
6.905	-1.199315E+06	6.165542E+02	4.808708E+01	5.568179E+03
6.91	-1.199314E+06	5.954929E+02	4.897848E+01	5.568179E+03
6.915	-1.199314E+06	6.021004E+02	4.954792E+01	5.568179E+03
6.92	-1.199315E+06	6.338177E+02	4.945213E+01	5.568179E+03
6.925	-1.199314E+06	5.923575E+02	4.986616E+01	5.568179E+03
6.93	-1.199314E+06	5.864474E+02	4.958141E+01	5.568179E+03
6.935	-1.199315E+06	6.053847E+02	4.913015E+01	5.568179E+03
6.94	-1.199315E+06	6.193664E+02	4.877873E+01	5.568179E+03
6.945	-1.199314E+06	6.184510E+02	4.812790E+01	5.568179E+03
6.95	-1.199315E+06	6.162313E+02	4.813825E+01	5.568179E+03
6.955	-1.199314E+06	5.963277E+02	4.934381E+01	5.568179E+03
6.96	-1.199315E+06	6.020348E+02	5.056317E+01	5.568179E+03
6.965	-1.199315E+06	6.096289E+02	5.076172E+01	5.568179E+03
6.97	-1.199315E+06	6.073816E+02	5.042251E+01	5.568179E+03
6.975	-1.199314E+06	6.030391E+02	5.095099E+01	5.568179E+03
6.98	-1.199316E+06	6.179275E+02	5.133743E+01	5.568179E+03
6.985	-1.199314E+06	5.804932E+02	5.107024E+01	5.568179E+03
6.99	-1.199315E+06	5.782455E+02	5.009851E+01	5.568179E+03
6.995	-1.199316E+06	5.962293E+02	4.949830E+01	5.568179E+03
7.0	-1.199314E+06	5.447879E+02	5.063052E+01	5.568179E+03
7.005	-1.199315E+06	5.694400E+02	5.210576E+01	5.568179E+03
7.01	-1.199315E+06	6.010769E+02	5.405678E+01	5.568179E+03
7.015	-1.199315E+06	6.092719E+02	5.502810E+01	5.568179E+03
7.02	-1.199316E+06	6.105176E+02	5.333258E+01	5.568179E+03
7.025	-1.199314E+06	5.540669E+02	5.102244E+01	5.568179E+03
7.03	-1.199315E+06	5.545328E+02	4.925583E+01	5.568179E+03
7.035	-1.199315E+06	5.514299E+02	4.907878E+01	5.568179E+03
7.04	-1.199315E+06	5.407430E+02	4.993506E+01	5.568179E+03
7.045	-1.199316E+06	5.843180E+02	5.023108E+01	5.568179E+03
7.05	-1.199315E+06	5.731513E+02	5.060473E+01	5.568179E+03
7.055	-1.199315E+06	5.674316E+02	5.083251E+01	5.568179E+03
7.06	-1.199316E+06	5.835781E+02	5.165697E+01	5.568179E+03
7.065	-1.199315E+06	5.837748E+02	5.339482E+01	5.568179E+03
7.07	-1.199316E+06	5.815706E+02	5.421327E+01	5.568179E+03
7.075	-1.199315E+06	5.538653E+02	5.379695E+01	5.568179E+03
7.08	-1.199316E+06	5.634544E+02	5.293285E+01	5.568179E+03
7.085	-1.199315E+06	5.496481E+02	5.340016E+01	5.568179E+03
7.09	-1.199316E+06	5.430411E+02	5.425637E+01	5.568179E+03
7.095	-1.199316E+06	5.336196E+02	5.538863E+01	5.568179E+03
7.1	-1.199315E+06	5.332514E+02	5.668668E+01	5.568179E+03
7.105	-1.199317E+06	5.680674E+02	5.706424E+01	5.568179E+03
7.11	-1.199316E+06	5.633692E+02	5.714969E+01	5.568179E+03
7.115	-1.199316E+06	5.709796E+02	5.699282E+01	5.568179E+03
7.12	-1.199316E+06	5.769403E+02	5.647309E+01	5.568179E+03
7.125	-1.199316E+06	5.524049E+02	5.503686E+01	5.568179E+03
7.13	-1.199316E+06	5.371681E+02	5.220397E+01	5.568179E+03
7.135	-1.199316E+06	5.114808E+02	5.019784E+01	5.568179E+03
7.14	-1.199315E+06	5.009018E+02	5.039318E+01	5.568179E+03
7.145	-1.199317E+06	5.446533E+02	5.144052E+01	5.568179E+03
7.15	-1.199316E+06	5.219101E+02	5.274590E+01	5.568179E+03
7.155	-1.199317E+06	5.358355E+02	5.310611E+01	5.568179E+03
7.16	-1.199316E+06	5.149602E+02	5.367303E+01	5.568179E+03
7.165	-1.199317E+06	5.274343E+02	5.412843E+01	5.568179E+03
7.17	-1.199316E+06	5.214321E+02	5.527715E+01	5.568179E+03
7.175	-1.199316E+06	5.176687E+02	5.579233E+01	5.568179E+03
7.18	-1.199318E+06	5.407323E+02	5.486232E+01	5.568179E+03
7.185	-1.199315E+06	4.846798E+02	5.451064E+01	5.568179E+03
7.19	-1.199317E+06	5.043385E+02	5.354553E+01	5.568179E+03
7.195	-1.199317E+06	5.313322E+02	5.274107E+01	5.568179E+03
7.2	-1.199316E+06	5.021450E+02	5.293992E+01	5.568179E+03
7.205	-1.199317E+06	5.046078E+02	5.280194E+01	5.568179E+03
7.21	-1.199317E+06	5.136747E+02	5.273035E+01	5.568179E+03
7.215	-1.199316E+06	5.097960E+02	5.297972E+01	5.568179E+03
7.22	-1.199317E+06	5.199751E+02	5.308243E+01	5.568179E+03
7.225	-1.199317E+06	5.228710E+02	5.409873E+01	5.568179E+03
7.23	-1.199317E+06	5.177124E+02	5.530083E+01	5.568179E+03
7.235	-1.199317E+06	5.097179E+02	5.530066E+01	5.568179E+03
7.24	-1.199317E+06	4.886783E+02	5.491609E+01	5.568179E+03
7.245	-1.199317E+06	4.755521E+02	5.480215E+01	5.568179E+03
7.25	-1.199317E+06	4.785623E+02	5.442276E+01	5.568179E+03
7.255	-1.199317E+06	4.706936E+02	5.441116E+01	5.568179E+03
7.26	-1.199317E+06	4.958623E+02	5.467747E+01	5.568179E+03
7.265	-1.199317E+06	5.184625E+02	5.412208E+01	5.568179E+03
7.27	-1.199317E+06	5.069121E+02	5.344963E+01	5.568179E+03
7.275	-1.199316E+06	4.794266E+02	5.329105E+01	5.568179E+03
7.28	-1.199318E+06	4.942917E+02	5.318799E+01	5.568179E+03
7.285	-1.199317E+06	4.772832E+02	5.447857E+01	5.568179E+03
7.29	-1.199317E+06	4.694095E+02	5.538634E+01	5.568179E+03
7.295	-1.199318E+06	5.098850E+02	5.468349E+01	5.568179E+03
7.3	-1.199317E+06	4.809555E+02	5.430848E+01	5.568179E+03
7.305	-1.199317E+06	4.768630E+02	5.345004E+01	5.568179E+03
7.31	-1.199318E+06	4.846689E+02	5.320352E+01	5.568179E+03
7.315	-1.199317E+06	4.677627E+02	5.358791E+01	5.568179E+03
7.32	-1.199318E+06	4.712238E+02	5.269849E+01	5.568179E+03
7.325	-1.199317E+06	4.518127E+02	5.202003E+01	5.568179E+03
7.33	-1.199318E+06	4.626885E+02	5.236075E+01	5.568179E+03
7.335	-1.199318E+06	4.800841E+02	5.328513E+01	5.568179E+03
7.34	-1.199318E+06	4.651021E+02	5.447841E+01	5.568179E+03
7.345	-1.199317E+06	4.599882E+02	5.519705E+01	5.568179E+03
7.35	-1.199318E+06	4.888035E+02	5.473717E+01	5.568179E+03
7.355	-1.199318E+06	4.661116E+02	5.407740E+01	5.568179E+03
7.36	-1.199317E+06	4.422622E+02	5.347789E+01	5.568179E+03
7.365	-1.199318E+06	4.664411E+02	5.278400E+01	5.568179E+03
7.37	-1.199318E+06	4.773572E+02	5.172864E+01	5.568179E+03
7.375	-1.199318E+06	4.472034E+02	4.971067E+01	5.568179E+03
7.38	-1.199318E+06	4.227839E+02	4.731880E+01	5.568179E+03
7.385	-1.199318E+06	4.307266E+02	4.686113E+01	5.568179E+03
7.39	-1.199319E+06	4.433529E+02	4.847997E+01	5.568179E+03
7.395	-1.199318E+06	4.224476E+02	5.015631E+01	5.568179E+03
7.4	-1.199318E+06	4.046097E+02	5.172198E+01	5.568179E+03
7.405	-1.199319E+06	4.273750E+02	5.267344E+01	5.568179E+03
7.41	-1.199318E+06	4.366908E+02	5.311570E+01	5.568179E+03
7.415	-1.199318E+06	4.359745E+02	5.413455E+01	5.568179E+03
7.42	-1.199318E+06	4.482086E+02	5.456471E+01	5.568179E+03
7.425	-1.199319E+06	4.477837E+02	5.421785E+01	5.568179E+03
7.43	-1.199318E+06	4.244776E+02	5.350174E+01	5.568179E+03
7.435	-1.199320E+06	4.490335E+02	5.165902E+01	5.568179E+03
7.44	-1.199319E+06	4.169818E+02	5.086324E+01	5.568179E+03
7.445	-1.199318E+06	4.054384E+02	5.093117E+01	5.568179E+03
7.45	-1.199320E+06	4.326534E+02	5.143772E+01	5.568179E+03
7.455	-1.199318E+06	4.089452E+02	5.188192E+01	5.568179E+03
7.46	-1.199319E+06	4.275914E+02	5.055008E+01	5.568179E+03
7.465	-1.199319E+06	4.236836E+02	4.973222E+01	5.568179E+03
7.47	-1.199319E+06	4.154283E+02	5.005324E+01	5.568179E+03
7.475	-1.199319E+06	4.205384E+02	5.071024E+01	5.568179E+03
7.48	-1.199318E+06	4.035604E+02	5.172432E+01	5.568179E+03
7.485	-1.199320E+06	4.305089E+02	5.180172E+01	5.568179E+03
7.49	-1.199318E+06	4.022355E+02	5.167502E+01	5.568179E+03
7.495	-1.199319E+06	4.154719E+02	5.138705E+01	5.568179E+03
7.5	-1.199320E+06	4.050827E+02	5.178274E+01	5.568179E+03
7.505	-1.199318E+06	3.605686E+02	5.251111E+01	5.568179E+03
7.51	-1.199320E+06	3.916025E+02	5.233479E+01	5.568179E+03
7.515	-1.199319E+06	3.671700E+02	5.222161E+01	5.568179E+03
7.52	-1.199320E+06	3.769223E+02	5.159514E+01	5.568179E+03
7.525	-1.199319E+06	3.860442E+02	5.139902E+01	5.568179E+03
7.53	-1.199319E+06	3.912422E+02	5.152781E+01	5.568179E+03
7.535	-1.199320E+06	3.899209E+02	5.167178E+01	5.568179E+03
7.54	-1.199319E+06	3.674323E+02	5.244449E+01	5.568179E+03
7.545	-1.199320E+06	3.903370E+02	5.334138E+01	5.568179E+03
7.55	-1.199320E+06	3.868332E+02	5.448014E+01	5.568179E+03
7.555	-1.199319E+06	3.638891E+02	5.530730E+01	5.568179E+03
7.56	-1.199320E+06	3.829266E+02	5.507930E+01	5.568179E+03
7.565	-1.199319E+06	3.666552E+02	5.489876E+01	5.568179E+03
7.57	-1.199320E+06	3.817434E+02	5.377499E+01	5.568179E+03
7.575	-1.199320E+06	3.863723E+02	5.251611E+01	5.568179E+03
7.58	-1.199320E+06	3.811262E+02	5.202272E+01	5.568179E+03
7.585	-1.199320E+06	3.839993E+02	5.199640E+01	5.568179E+03
7.59	-1.199319E+06	3.835298E+02	5.262383E+01	5.568179E+03
7.595	-1.199321E+06	4.122033E+02	5.229065E+01	5.568179E+03
7.6	-1.199319E+06	3.746834E+02	5.137855E+01	5.568179E+03
7.605	-1.199320E+06	3.638774E+02	5.119804E+01	5.568179E+03
7.61	-1.199320E+06	3.675001E+02	5.208382E+01	5.568179E+03
7.615	-1.199319E+06	3.566324E+02	5.347580E+01	5.568179E+03
7.62	-1.199321E+06	3.936013E+02	5.390055E+01	5.568179E+03
7.625	-1.199320E+06	3.637957E+02	5.343621E+01	5.568179E+03
7.63	-1.199320E+06	3.489302E+02	5.270346E+01	5.568179E+03
7.635	-1.199320E+06	3.452386E+02	5.276468E+01	5.568179E+03
7.64	-1.199320E+06	3.457676E+02	5.297714E+01	5.568179E+03
7.645	-1.199321E+06	3.632490E+02	5.283085E+01	5.568179E+03
7.65	-1.199320E+06	3.448989E+02	5.187801E+01	5.568179E+03
7.655	-1.199320E+06	3.273031E+02	5.043006E+01	5.568179E+03
7.66	-1.199320E+06	3.258729E+02	5.008150E+01	5.568179E+03
7.665	-1.199321E+06	3.543380E+02	4.994245E+01	5.568179E+03
7.67	-1.199321E+06	3.597132E+02	4.969702E+01	5.568179E+03
7.675	-1.199320E+06	3.424142E+02	4.939910E+01	5.568179E+03
7.68	-1.199321E+06	3.482004E+02	4.868000E+01	5.568179E+03
7.685	-1.199320E+06	3.352676E+02	4.894413E+01	5.568179E+03
7.69	-1.199320E+06	3.424504E+02	4.985291E+01	5.568179E+03
7.695	-1.199321E+06	3.502714E+02	5.101525E+01	5.568179E+03
7.7	-1.199320E+06	3.302591E+02	5.244037E+01	5.568179E+03
7.705	-1.199320E+06	3.309391E+02	5.320087E+01	5.568179E+03
7.71	-1.199320E+06	3.391251E+02	5.361437E+01	5.568179E+03
7.715	-1.199321E+06	3.383238E+02	5.381913E+01	5.568179E+03
7.72	-1.199320E+06	3.170857E+02	5.362373E+01	5.568179E+03
7.725	-1.199320E+06	3.180266E+02	5.298757E+01	5.568179E+03
7.73	-1.199321E+06	3.384562E+02	5.206971E+01	5.568179E+03
7.735	-1.199321E+06	3.299294E+02	5.078541E+01	5.568179E+03
7.74	-1.199321E+06	3.117281E+02	4.941546E+01	5.568179E+03
7.745	-1.199321E+06	3.084386E+02	4.870582E+01	5.568179E+03
7.75	-1.199321E+06	3.162525E+02	4.855050E+01	5.568179E+03
7.755	-1.199321E+06	3.084386E+02	4.891923E+01	5.568179E+03
7.76	-1.199320E+06	3.010524E+02	4.958557E+01	5.568179E+03
7.765	-1.199321E+06	3.163206E+02	4.973521E+01	5.568179E+03
7.77	-1.199321E+06	3.049824E+02	5.007285E+01	5.568179E+03
7.775	-1.199321E+06	3.121006E+02	5.039292E+01	5.568179E+03
7.78	-1.199321E+06	3.267301E+02	5.017065E+01	5.568179E+03
7.785	-1.199321E+06	3.197744E+02	5.015074E+01	5.568179E+03
7.79	-1.199321E+06	3.028621E+02	5.022412E+01	5.568179E+03
7.795	-1.199321E+06	2.921116E+02	4.970659E+01	5.568179E+03
7.8	-1.199321E+06	3.010098E+02	4.963049E+01	5.568179E+03
7.805	-1.199321E+06	3.018615E+02	5.040827E+01	5.568179E+03
7.81	-1.199321E+06	3.173752E+02	5.080517E+01	5.568179E+03
7.815	-1.199322E+06	3.160002E+02	5.100466E+01	5.568179E+03
7.82	-1.199321E+06	2.911982E+02	5.089889E+01	5.568179E+03
7.825	-1.199322E+06	3.023814E+02	5.054424E+01	5.568179E+03
7.83	-1.199321E+06	2.964781E+02	5.073340E+01	5.568179E+03
7.835	-1.199321E+06	2.817179E+02	5.054000E+01	5.568179E+03
7.84	-1.199322E+06	3.090626E+02	4.985624E+01	5.568179E+03
7.845	-1.199321E+06	3.054982E+02	4.934909E+01	5.568179E+03
7.85	-1.199322E+06	2.961223E+02	4.805961E+01	5.568179E+03
7.855	-1.199321E+06	2.856566E+02	4.722735E+01	5.568179E+03
7.86	-1.199321E+06	2.765216E+02	4.744928E+01	5.568179E+03
7.865	-1.199322E+06	2.768943E+02	4.759695E+01	5.568179E+03
7.87	-1.199321E+06	2.685395E+02	4.803444E+01	5.568179E+03
7.875	-1.199322E+06	2.801237E+02	4.872790E+01	5.568179E+03
7.88	-1.199322E+06	2.916186E+02	4.942122E+01	5.568179E+03
7.885	-1.199322E+06	2.983567E+02	4.963583E+01	5.568179E+03
7.89	-1.199321E+06	2.931548E+02	4.913027E+01	5.568179E+03
7.895	-1.199321E+06	2.834984E+02	4.820543E+01	5.568179E+03
7.9	-1.199322E+06	2.766363E+02	4.705651E+01	5.568179E+03
7.905	-1.199321E+06	2.606656E+02	4.634385E+01	5.568179E+03
7.91	-1.199322E+06	2.777480E+02	4.610461E+01	5.568179E+03
7.915	-1.199322E+06	2.909767E+02	4.620612E+01	5.568179E+03
7.92	-1.199321E+06	2.596546E+02	4.684075E+01	5.568179E+03
7.925	-1.199322E+06	2.663877E+02	4.705307E+01	5.568179E+03
7.93	-1.199322E+06	2.743799E+02	4.736840E+01	5.568179E+03
7.935	-1.199321E+06	2.543282E+02	4.838760E+01	5.568179E+03
7.94	-1.199322E+06	2.663231E+02	4.912827E+01	5.568179E+03
7.945	-1.199322E+06	2.626806E+02	4.983928E+01	5.568179E+03
7.95	-1.199322E+06	2.562488E+02	5.035445E+01	5.568179E+03
7.955	-1.199322E+06	2.657724E+02	5.023318E+01	5.568179E+03
7.96	-1.199322E+06	2.677294E+02	5.003665E+01	5.568179E+03
7.965	-1.199322E+06	2.726687E+02	4.975318E+01	5.568179E+03
7.97	-1.199322E+06	2.570926E+02	4.922165E+01	5.568179E+03
7.975	-1.199322E+06	2.474252E+02	4.876779E+01	5.568179E+03
7.98	-1.199322E+06	2.540164E+02	4.880508E+01	5.568179E+03
7.985	-1.199322E+06	2.568968E+02	4.895116E+01	5.568179E+03
7.99	-1.199322E+06	2.558651E+02	4.949839E+01	5.568179E+03
7.995	-1.199322E+06	2.447276E+02	5.069611E+01	5.568179E+03
8.0	-1.199322E+06	2.566279E+02	5.117460E+01	5.568179E+03
8.005	-1.199322E+06	2.477422E+02	5.170391E+01	5.568179E+03
8.01	-1.199322E+06	2.533708E+02	5.211952E+01	5.568179E+03
8.015	-1.199322E+06	2.587524E+02	5.194714E+01	5.568179E+03
8.02	-1.199322E+06	2.501849E+02	5.197325E+01	5.568179E+03
8.025	-1.199322E+06	2.532246E+02	5.182931E+01	5.568179E+03
8.03	-1.199322E+06	2.424334E+02	5.146987E+01	5.568179E+03
8.035	-1.199322E+06	2.396415E+02	5.121975E+01	5.568179E+03
8.04	-1.199322E+06	2.479124E+02	5.055652E+01	5.568179E+03
8.045	-1.199322E+06	2.457400E+02	4.984080E+01	5.568179E+03
8.05	-1.199322E+06	2.333442E+02	4.966963E+01	5.568179E+03
8.055	-1.199322E+06	2.239779E+02	4.947891E+01	5.568179E+03
8.06	-1.199323E+06	2.290373E+02	4.927499E+01	5.568179E+03
8.065	-1.199322E+06	2.332258E+02	4.933818E+01	5.568179E+03
8.07	-1.199323E+06	2.398229E+02	4.943589E+01	5.568179E+03
8.075	-1.199323E+06	2.349537E+02	5.022148E+01	5.568179E+03
8.08	-1.199322E+06	2.266953E+02	5.160938E+01	5.568179E+03
8.085	-1.199323E+06	2.354054E+02	5.272160E+01	5.568179E+03
8.09	-1.199323E+06	2.372103E+02	5.357911E+01	5.568179E+03
8.095	-1.199323E+06	2.361035E+02	5.377553E+01	5.568179E+03
8.1	-1.199323E+06	2.277218E+02	5.363250E+01	5.568179E+03
8.105	-1.199323E+06	2.285227E+02	5.365822E+01	5.568179E+03
8.11	-1.199323E+06	2.288832E+02	5.332127E+01	5.568179E+03
8.115	-1.199323E+06	2.270598E+02	5.228915E+01	5.568179E+03
8.12	-1.199323E+06	2.226678E+02	5.105049E+01	5.568179E+03
8.125	-1.199323E+06	2.270717E+02	4.979048E+01	5.568179E+03
8.13	-1.199323E+06	2.340894E+02	4.890591E+01	5.568179E+03
8.135	-1.199323E+06	2.234420E+02	4.875981E+01	5.568179E+03
8.14	-1.199323E+06	2.218292E+02	4.886027E+01	5.568179E+03
8.145	-1.199323E+06	2.274038E+02	4.921629E+01	5.568179E+03
8.15	-1.199323E+06	2.159508E+02	5.018171E+01	5.568179E+03
8.155	-1.199323E+06	2.165346E+02	5.139373E+01	5.568179E+03
8.16	-1.199323E+06	2.253525E+02	5.263812E+01	5.568179E+03
8.165	-1.199323E+06	2.304925E+02	5.345022E+01	5.568179E+03
8.17	-1.199323E+06	2.164390E+02	5.383756E+01	5.568179E+03
8.175	-1.199323E+06	2.154023E+02	5.393127E+01	5.568179E+03
8.18	-1.199324E+06	2.229116E+02	5.349768E+01	5.568179E+03
8.185	-1.199323E+06	2.070860E+02	5.277999E+01	5.568179E+03
8.19	-1.199323E+06	1.960666E+02	5.223747E+01	5.568179E+03
8.195	-1.199323E+06	2.026618E+02	5.185390E+01	5.568179E+03
8.2	-1.199324E+06	2.165529E+02	5.145536E+01	5.568179E+03
8.205	-1.199324E+06	2.190848E+02	5.084901E+01	5.568179E+03
8.21	-1.199323E+06	2.143057E+02	5.028852E+01	5.568179E+03
8.215	-1.199324E+06	2.146376E+02	5.029147E+01	5.568179E+03
8.22	-1.199324E+06	2.047499E+02	5.060303E+01	5.568179E+03
8.225	-1.199324E+06	1.997611E+02	5.070439E+01	5.568179E+03
8.23	-1.199324E+06	2.011724E+02	5.083468E+01	5.568179E+03
8.235	-1.199324E+06	1.979452E+02	5.116367E+01	5.568179E+03
8.24	-1.199324E+06	1.965254E+02	5.184273E+01	5.568179E+03
8.245	-1.199324E+06	2.007644E+02	5.313487E+01	5.568179E+03
8.25	-1.199324E+06	2.002719E+02	5.426557E+01	5.568179E+03
8.255	-1.199324E+06	1.951967E+02	5.462655E+01	5.568179E+03
8.26	-1.199323E+06	1.919264E+02	5.487141E+01	5.568179E+03
8.265	-1.199324E+06	2.150084E+02	5.491187E+01	5.568179E+03
8.27	-1.199324E+06	2.193837E+02	5.476942E+01	5.568179E+03
8.275	-1.199323E+06	1.886150E+02	5.435527E+01	5.568179E+03
8.28	-1.199324E+06	1.868182E+02	5.321942E+01	5.568179E+03
8.285	-1.199324E+06	1.882898E+02	5.220594E+01	5.568179E+03
8.29	-1.199324E+06	1.898052E+02	5.176527E+01	5.568179E+03
8.295	-1.199324E+06	2.034025E+02	5.198555E+01	5.568179E+03
8.3	-1.199324E+06	1.986474E+02	5.284279E+01	5.568179E+03
8.305	-1.199324E+06	1.894753E+02	5.365737E+01	5.568179E+03
8.31	-1.199324E+06	1.833746E+02	5.414395E+01	5.568179E+03
8.315	-1.199324E+06	1.833446E+02	5.448226E+01	5.568179E+03
8.32	-1.199324E+06	1.892205E+02	5.470376E+01	5.568179E+03
8.325	-1.199324E+06	1.882916E+02	5.462310E+01	5.568179E+03
8.33	-1.199324E+06	1.889834E+02	5.424156E+01	5.568179E+03
8.335	-1.199324E+06	1.859156E+02	5.380374E+01	5.568179E+03
8.34	-1.199324E+06	1.929283E+02	5.323598E+01	5.568179E+03
8.345	-1.199324E+06	1.854630E+02	5.287765E+01	5.568179E+03
8.35	-1.199324E+06	1.778579E+02	5.270760E+01	5.568179E+03
8.355	-1.199324E+06	1.904058E+02	5.290603E+01	5.568179E+03
8.36	-1.199324E+06	1.821196E+02	5.380448E+01	5.568179E+03
8.365	-1.199324E+06	1.894429E+02	5.451077E+01	5.568179E+03
8.37	-1.199324E+06	1.892245E+02	5.496866E+01	5.568179E+03
8.375	-1.199324E+06	1.731450E+02	5.507263E+01	5.568179E+03
8.38	-1.199324E+06	1.810377E+02	5.475932E+01	5.568179E+03
8.385	-1.199324E+06	1.803302E+02	5.498598E+01	5.568179E+03
8.39	-1.199324E+06	1.747502E+02	5.527605E+01	5.568179E+03
8.395	-1.199324E+06	1.852886E+02	5.506396E+01	5.568179E+03
8.4	-1.199324E+06	1.860788E+02	5.477848E+01	5.568179E+03
8.405	-1.199324E+06	1.730702E+02	5.410157E+01	5.568179E+03
8.41	-1.199324E+06	1.671292E+02	5.351793E+01	5.568179E+03
8.415	-1.199324E+06	1.704450E+02	5.371237E+01	5.568179E+03
8.42	-1.199324E+06	1.739890E+02	5.362838E+01	5.568179E+03
8.425	-1.199325E+06	1.773756E+02	5.298394E+01	5.568179E+03
8.43	-1.199324E+06	1.712100E+02	5.267585E+01	5.568179E+03
8.435	-1.199325E+06	1.729869E+02	5.234585E+01	5.568179E+03
8.44	-1.199324E+06	1.640479E+02	5.221948E+01	5.568179E+03
8.445	-1.199324E+06	1.678282E+02	5.246470E+01	5.568179E+03
8.45	-1.199325E+06	1.830931E+02	5.253727E+01	5.568179E+03
8.455	-1.199325E+06	1.791273E+02	5.285550E+01	5.568179E+03
8.46	-1.199324E+06	1.703116E+02	5.372534E+01	5.568179E+03
8.465	-1.199325E+06	1.683350E+02	5.446937E+01	5.568179E+03
8.47	-1.199325E+06	1.623809E+02	5.498700E+01	5.568179E+03
8.475	-1.199324E+06	1.545692E+02	5.527629E+01	5.568179E+03
8.48	-1.199325E+06	1.669996E+02	5.505483E+01	5.568179E+03
8.485	-1.199325E+06	1.651434E+02	5.483657E+01	5.568179E+03
8.49	-1.199324E+06	1.588572E+02	5.463618E+01	5.568179E+03
8.495	-1.199325E+06	1.703362E+02	5.419229E+01	5.568179E+03
8.5	-1.199324E+06	1.635430E+02	5.367454E+01	5.568179E+03
8.505	-1.199325E+06	1.670564E+02	5.288538E+01	5.568179E+03
8.51	-1.199325E+06	1.694420E+02	5.230064E+01	5.568179E+03
8.515	-1.199324E+06	1.553644E+02	5.216947E+01	5.568179E+03
8.52	-1.199325E+06	1.640329E+02	5.210408E+01	5.568179E+03
8.525	-1.199325E+06	1.574311E+02	5.264279E+01	5.568179E+03
8.53	-1.199325E+06	1.542738E+02	5.366673E+01	5.568179E+03
8.535	-1.199325E+06	1.620531E+02	5.474390E+01	5.568179E+03
8.54	-1.199325E+06	1.577673E+02	5.559859E+01	5.568179E+03
8.545	-1.199325E+06	1.519393E+02	5.614814E+01	5.568179E+03
8.55	-1.199324E+06	1.483912E+02	5.680863E+01	5.568179E+03
8.555	-1.199325E+06	1.573145E+02	5.744579E+01	5.568179E+03
8.56	-1.199325E+06	1.601762E+02	5.776888E+01	5.568179E+03
8.565	-1.199325E+06	1.657841E+02	5.737682E+01	5.568179E+03
8.57	-1.199325E+06	1.630788E+02	5.661187E+01	5.568179E+03
8.575	-1.199325E+06	1.588928E+02	5.586953E+01	5.568179E+03
8.58	-1.199325E+06	1.570243E+02	5.509862E+01	5.568179E+03
8.585	-1.199325E+06	1.474118E+02	5.455734E+01	5.568179E+03
8.59	-1.199325E+06	1.475468E+02	5.425399E+01	5.568179E+03
8.595	-1.199325E+06	1.505152E+02	5.405191E+01	5.568179E+03
8.6	-1.199325E+06	1.466712E+02	5.437062E+01	5.568179E+03
8.605	-1.199325E+06	1.530866E+02	5.515793E+01	5.568179E+03
8.61	-1.199325E+06	1.510786E+02	5.609675E+01	5.568179E+03
8.615	-1.199325E+06	1.478346E+02	5.680385E+01	5.568179E+03
8.62	-1.199325E+06	1.495778E+02	5.724373E+01	5.568179E+03
8.625	-1.199325E+06	1.489695E+02	5.772064E+01	5.568179E+03
8.63	-1.199325E+06	1.556937E+02	5.790681E+01	5.568179E+03
8.635	-1.199325E+06	1.466632E+02	5.780117E+01	5.568179E+03
8.64	-1.199325E+06	1.458266E+02	5.727054E+01	5.568179E+03
8.645	-1.199325E+06	1.487260E+02	5.661367E+01	5.568179E+03
8.65	-1.199325E+06	1.394999E+02	5.633065E+01	5.568179E+03
8.655	-1.199325E+06	1.471715E+02	5.612683E+01	5.568179E+03
8.66	-1.199325E+06	1.450392E+02	5.612542E+01	5.568179E+03
8.665	-1.199325E+06	1.440519E+02	5.610418E+01	5.568179E+03
8.67	-1.199325E+06	1.435589E+02	5.601806E+01	5.568179E+03
8.675	-1.199325E+06	1.326210E+02	5.607537E+01	5.568179E+03
8.68	-1.199325E+06	1.429587E+02	5.610540E+01	5.568179E+03
8.685	-1.199325E+06	1.515414E+02	5.628914E+01	5.568179E+03
8.69	-1.199325E+06	1.454001E+02	5.656181E+01	5.568179E+03
8.695	-1.199325E+06	1.441374E+02	5.684710E+01	5.568179E+03
8.7	-1.199325E+06	1.443778E+02	5.723273E+01	5.568179E+03
8.705	-1.199325E+06	1.419626E+02	5.739238E+01	5.568179E+03
8.71	-1.199325E+06	1.301987E+02	5.730516E+01	5.568179E+03
8.715	-1.199325E+06	1.329449E+02	5.700927E+01	5.568179E+03
8.72	-1.199325E+06	1.382622E+02	5.673319E+01	5.568179E+03
8.725	-1.199325E+06	1.411656E+02	5.631482E+01	5.568179E+03
8.73	-1.199325E+06	1.421125E+02	5.582889E+01	5.568179E+03
8.735	-1.199325E+06	1.428792E+02	5.543240E+01	5.568179E+03
8.74	-1.199325E+06	1.491535E+02	5.489208E+01	5.568179E+03
8.745	-1.199325E+06	1.362942E+02	5.486862E+01	5.568179E+03
8.75	-1.199325E+06	1.377461E+02	5.535505E+01	5.568179E+03
8.755	-1.199325E+06	1.505733E+02	5.585029E+01	5.568179E+03
8.76	-1.199325E+06	1.356927E+02	5.635075E+01	5.568179E+03
8.765	-1.199325E+06	1.320134E+02	5.640863E+01	5.568179E+03
8.77	-1.199325E+06	1.334549E+02	5.617399E+01	5.568179E+03
8.775	-1.199325E+06	1.318973E+02	5.580737E+01	5.568179E+03
8.78	-1.199325E+06	1.351330E+02	5.511393E+01	5.568179E+03
8.785	-1.199325E+06	1.352606E+02	5.444605E+01	5.568179E+03
8.79	-1.199325E+06	1.328412E+02	5.407610E+01	5.568179E+03
8.795	-1.199325E+06	1.330380E+02	5.375382E+01	5.568179E+03
8.8	-1.199325E+06	1.332821E+02	5.373873E+01	5.568179E+03
8.805	-1.199325E+06	1.315544E+02	5.397370E+01	5.568179E+03
8.81	-1.199325E+06	1.336017E+02	5.400674E+01	5.568179E+03
8.815	-1.199325E+06	1.254710E+02	5.446951E+01	5.568179E+03
8.82	-1.199325E+06	1.245522E+02	5.532055E+01	5.568179E+03
8.825	-1.199325E+06	1.398023E+02	5.589632E+01	5.568179E+03
8.83	-1.199325E+06	1.314982E+02	5.629890E+01	5.568179E+03
8.835	-1.199325E+06	1.259304E+02	5.625075E+01	5.568179E+03
8.84	-1.199325E+06	1.287978E+02	5.604468E+01	5.568179E+03
8.845	-1.199325E+06	1.233176E+02	5.598828E+01	5.568179E+03
8.85	-1.199325E+06	1.300843E+02	5.558052E+01	5.568179E+03
8.855	-1.199325E+06	1.286976E+02	5.506778E+01	5.568179E+03
8.86	-1.199325E+06	1.282395E+02	5.456265E+01	5.568179E+03
8.865	-1.199325E+06	1.326200E+02	5.397993E+01	5.568179E+03
8.87	-1.199325E+06	1.190127E+02	5.353731E+01	5.568179E+03
8.875	-1.199325E+06	1.151904E+02	5.314529E+01	5.568179E+03
8.88	-1.199325E+06	1.320742E+02	5.277357E+01	5.568179E+03
8.885	-1.199325E+06	1.344823E+02	5.268336E+01	5.568179E+03
8.89	-1.199325E+06	1.260180E+02	5.282990E+01	5.568179E+03
8.895	-1.199325E+06	1.275502E+02	5.306932E+01	5.568179E+03
8.9	-1.199325E+06	1.189629E+02	5.381584E+01	5.568179E+03
8.905	-1.199325E+06	1.114574E+02	5.490397E+01	5.568179E+03
8.91	-1.199325E+06	1.291317E+02	5.580041E+01	5.568179E+03
8.915	-1.199325E+06	1.282542E+02	5.665135E+01	5.568179E+03
8.92	-1.199325E+06	1.254676E+02	5.690342E+01	5.568179E+03
8.925	-1.199325E+06	1.275729E+02	5.678849E+01	5.568179E+03
8.93	-1.199325E+06	1.190416E+02	5.666304E+01	5.568179E+03
8.935	-1.199325E+06	1.244332E+02	5.593339E+01	5.568179E+03
8.94	-1.199325E+06	1.231159E+02	5.517726E+01	5.568179E+03
8.945	-1.199325E+06	1.220151E+02	5.466147E+01	5.568179E+03
8.95	-1.199326E+06	1.335583E+02	5.415593E+01	5.568179E+03
8.955	-1.199325E+06	1.321106E+02	5.394273E+01	5.568179E+03
8.96	-1.199325E+06	1.224258E+02	5.374364E+01	5.568179E+03
8.965	-1.199325E+06	1.123323E+02	5.355215E+01	5.568179E+03
8.97	-1.199325E+06	1.172679E+02	5.352298E+01	5.568179E+03
8.975	-1.199325E+06	1.205755E+02	5.374395E+01	5.568179E+03
8.98	-1.199325E+06	1.197419E+02	5.411988E+01	5.568179E+03
8.985	-1.199325E+06	1.242288E+02	5.440203E+01	5.568179E+03
8.99	-1.199325E+06	1.190839E+02	5.464455E+01	5.568179E+03
8.995	-1.199325E+06	1.166015E+02	5.480007E+01	5.568179E+03
9.0	-1.199325E+06	1.174662E+02	5.505199E+01	5.568179E+03
9.005	-1.199325E+06	1.215633E+02	5.547534E+01	5.568179E+03
9.01	-1.199325E+06	1.249884E+02	5.584737E+01	5.568179E+03
9.015	-1.199325E+06	1.185968E+02	5.618252E+01	5.568179E+03
9.02	-1.199325E+06	1.170854E+02	5.629286E+01	5.568179E+03
9.025	-1.199326E+06	1.208716E+02	5.595085E+01	5.568179E+03
9.03	-1.199325E+06	1.132266E+02	5.540894E+01	5.568179E+03
9.035	-1.199325E+06	1.104712E+02	5.464960E+01	5.568179E+03
9.04	-1.199325E+06	1.145118E+02	5.388186E+01	5.568179E+03
9.045	-1.199326E+06	1.190018E+02	5.329171E+01	5.568179E+03
9.05	-1.199325E+06	1.163569E+02	5.287539E+01	5.568179E+03
9.055	-1.199325E+06	1.147896E+02	5.285200E+01	5.568179E+03
9.06	-1.199325E+06	1.192292E+02	5.322246E+01	5.568179E+03
9.065	-1.199325E+06	1.197375E+02	5.386139E+01	5.568179E+03
9.07	-1.199325E+06	1.177744E+02	5.468932E+01	5.568179E+03
9.075	-1.199325E+06	1.167871E+02	5.527460E+01	5.568179E+03
9.08	-1.199325E+06	1.136284E+02	5.542062E+01	5.568179E+03
9.085	-1.199325E+06	1.124134E+02	5.522279E+01	5.568179E+03
9.09	-1.199325E+06	1.106660E+02	5.491518E+01	5.568179E+03
9.095	-1.199325E+06	1.142006E+02	5.476061E+01	5.568179E+03
9.1	-1.199325E+06	1.206621E+02	5.451102E+01	5.568179E+03
9.105	-1.199325E+06	1.164050E+02	5.390974E+01	5.568179E+03
9.11	-1.199325E+06	1.103417E+02	5.338792E+01	5.568179E+03
9.115	-1.199325E+06	1.151289E+02	5.336633E+01	5.568179E+03
9.12	-1.199326E+06	1.152198E+02	5.376691E+01	5.568179E+03
9.125	-1.199325E+06	1.107559E+02	5.429398E+01	5.568179E+03
9.13	-1.199326E+06	1.142587E+02	5.465157E+01	5.568179E+03
9.135	-1.199325E+06	1.119301E+02	5.472455E+01	5.568179E+03
9.14	-1.199325E+06	1.066261E+02	5.448590E+01	5.568179E+03
9.145	-1.199325E+06	1.083108E+02	5.411577E+01	5.568179E+03
9.15	-1.199325E+06	1.121342E+02	5.378598E+01	5.568179E+03
9.155	-1.199325E+06	1.135307E+02	5.331178E+01	5.568179E+03
9.16	-1.199325E+06	1.093031E+02	5.276453E+01	5.568179E+03
9.165	-1.199325E+06	1.069890E+02	5.249490E+01	5.568179E+03
9.17	-1.199325E+06	1.096828E+02	5.252930E+01	5.568179E+03
9.175	-1.199326E+06	1.146914E+02	5.282297E+01	5.568179E+03
9.18	-1.199325E+06	1.113824E+02	5.333238E+01	5.568179E+03
9.185	-1.199325E+06	1.085562E+02	5.358951E+01	5.568179E+03
9.19	-1.199325E+06	1.082495E+02	5.358207E+01	5.568179E+03
9.195	-1.199325E+06	1.079141E+02	5.347045E+01	5.568179E+03
9.2	-1.199325E+06	1.101728E+02	5.320366E+01	5.568179E+03
9.205	-1.199325E+06	1.060572E+02	5.301613E+01	5.568179E+03
9.21	-1.199325E+06	1.013990E+02	5.309500E+01	5.568179E+03
9.215	-1.199326E+06	1.078779E+02	5.322072E+01	5.568179E+03
9.22	-1.199325E+06	1.093330E+02	5.324754E+01	5.568179E+03
9.225	-1.199325E+06	1.138587E+02	5.311620E+01	5.568179E+03
9.23	-1.199326E+06	1.165342E+02	5.303339E+01	5.568179E+03
9.235	-1.199325E+06	1.099018E+02	5.305601E+01	5.568179E+03
9.24	-1.199326E+06	1.084492E+02	5.303064E+01	5.568179E+03
9.245	-1.199325E+06	1.075084E+02	5.297747E+01	5.568179E+03
9.25	-1.199326E+06	1.065380E+02	5.280608E+01	5.568179E+03
9.255	-1.199325E+06	1.048698E+02	5.270189E+01	5.568179E+03
9.26	-1.199325E+06	1.089773E+02	5.287597E+01	5.568179E+03
9.265	-1.199325E+06	1.098441E+02	5.316736E+01	5.568179E+03
9.27	-1.199325E+06	1.035125E+02	5.329768E+01	5.568179E+03
9.275	-1.199325E+06	1.055601E+02	5.319287E+01	5.568179E+03
9.28	-1.199325E+06	1.055679E+02	5.306343E+01	5.568179E+03
9.285	-1.199325E+06	1.056827E+02	5.303640E+01	5.568179E+03
9.29	-1.199325E+06	1.100432E+02	5.316569E+01	5.568179E+03
9.295	-1.199326E+06	1.116463E+02	5.321761E+01	5.568179E+03
9.3	-1.199326E+06	1.067615E+02	5.304380E+01	5.568179E+03
9.305	-1.199325E+06	1.021540E+02	5.295596E+01	5.568179E+03
9.31	-1.199326E+06	1.065900E+02	5.290993E+01	5.568179E+03
9.315	-1.199325E+06	1.081698E+02	5.268136E+01	5.568179E+03
9.32	-1.199326E+06	1.123380E+02	5.218131E+01	5.568179E+03
9.325	-1.199326E+06	1.103478E+02	5.162852E+01	5.568179E+03
9.33	-1.199325E+06	1.038778E+02	5.136891E+01	5.568179E+03
9.335	-1.199326E+06	1.048905E+02	5.139023E+01	5.568179E+03
9.34	-1.199325E+06	1.003161E+02	5.152377E+01	5.568179E+03
9.345	-1.199325E+06	1.002856E+02	5.174521E+01	5.568179E+03
9.35	-1.199325E+06	1.026298E+02	5.215297E+01	5.568179E+03
9.355	-1.199325E+06	1.031763E+02	5.269802E+01	5.568179E+03
9.36	-1.199325E+06	1.036266E+02	5.328585E+01	5.568179E+03
9.365	-1.199325E+06	1.036603E+02	5.372840E+01	5.568179E+03
9.37	-1.199325E+06	1.048669E+02	5.389939E+01	5.568179E+03
9.375	-1.199325E+06	1.050047E+02	5.374975E+01	5.568179E+03
9.38	-1.199326E+06	1.042326E+02	5.325388E+01	5.568179E+03
9.385	-1.199325E+06	9.727432E+01	5.263013E+01	5.568179E+03
9.39	-1.199325E+06	9.300462E+01	5.206129E+01	5.568179E+03
9.395	-1.199326E+06	1.020297E+02	5.166324E+01	5.568179E+03
9.4	-1.199326E+06	1.054192E+02	5.151067E+01	5.568179E+03
9.405	-1.199325E+06	1.034212E+02	5.143198E+01	5.568179E+03
9.41	-1.199325E+06	1.038399E+02	5.131097E+01	5.568179E+03
9.415	-1.199325E+06	9.979682E+01	5.112081E+01	5.568179E+03
9.42	-1.199325E+06	1.028219E+02	5.104364E+01	5.568179E+03
9.425	-1.199326E+06	1.082742E+02	5.129912E+01	5.568179E+03
9.43	-1.199325E+06	1.064133E+02	5.155556E+01	5.568179E+03
9.435	-1.199326E+06	1.063501E+02	5.151560E+01	5.568179E+03
9.44	-1.199326E+06	1.038404E+02	5.128387E+01	5.568179E+03
9.445	-1.199325E+06	9.717455E+01	5.115920E+01	5.568179E+03
9.45	-1.199325E+06	9.484214E+01	5.139604E+01	5.568179E+03
9.455	-1.199325E+06	1.032097E+02	5.174880E+01	5.568179E+03
9.46	-1.199325E+06	1.048831E+02	5.201005E+01	5.568179E+03
9.465	-1.199325E+06	9.905457E+01	5.210378E+01	5.568179E+03
9.47	-1.199325E+06	1.011607E+02	5.214040E+01	5.568179E+03
9.475	-1.199325E+06	1.017212E+02	5.228681E+01	5.568179E+03
9.48	-1.199325E+06	9.929367E+01	5.234724E+01	5.568179E+03
9.485	-1.199325E+06	9.982128E+01	5.221064E+01	5.568179E+03
9.49	-1.199325E+06	1.017217E+02	5.184942E+01	5.568179E+03
9.495	-1.199325E+06	1.007570E+02	5.139873E+01	5.568179E+03
9.5	-1.199325E+06	9.842118E+01	5.104562E+01	5.568179E+03
9.505	-1.199325E+06	1.013487E+02	5.054757E+01	5.568179E+03
9.51	-1.199325E+06	9.865326E+01	4.999207E+01	5.568179E+03
9.515	-1.199325E+06	9.648104E+01	4.978567E+01	5.568179E+03
9.52	-1.199325E+06	9.976467E+01	5.009912E+01	5.568179E+03
9.525	-1.199325E+06	1.026369E+02	5.077994E+01	5.568179E+03
9.53	-1.199325E+06	1.021760E+02	5.149349E+01	5.568179E+03
9.535	-1.199325E+06	9.731788E+01	5.201197E+01	5.568179E+03
9.54	-1.199325E+06	1.033414E+02	5.235911E+01	5.568179E+03
9.545	-1.199325E+06	1.041160E+02	5.264046E+01	5.568179E+03
9.55	-1.199325E+06	9.873676E+01	5.267487E+01	5.568179E+03
9.555	-1.199325E+06	9.988627E+01	5.267284E+01	5.568179E+03
9.56	-1.199325E+06	9.929832E+01	5.280271E+01	5.568179E+03
9.565	-1.199326E+06	1.034044E+02	5.281115E+01	5.568179E+03
9.57	-1.199325E+06	9.767469E+01	5.283293E+01	5.568179E+03
9.575	-1.199325E+06	9.763354E+01	5.264505E+01	5.568179E+03
9.58	-1.199326E+06	1.036783E+02	5.230784E+01	5.568179E+03
9.585	-1.199325E+06	9.595610E+01	5.208153E+01	5.568179E+03
9.59	-1.199325E+06	9.461852E+01	5.182445E+01	5.568179E+03
9.595	-1.199325E+06	9.781804E+01	5.170224E+01	5.568179E+03
9.6	-1.199325E+06	9.998585E+01	5.148740E+01	5.568179E+03
9.605	-1.199325E+06	1.019279E+02	5.110674E+01	5.568179E+03
9.61	-1.199325E+06	1.002136E+02	5.118729E+01	5.568179E+03
9.615	-1.199325E+06	9.783674E+01	5.174869E+01	5.568179E+03
9.62	-1.199325E+06	9.133075E+01	5.238445E+01	5.568179E+03
9.625	-1.199325E+06	9.403172E+01	5.285589E+01	5.568179E+03
9.63	-1.199325E+06	9.859230E+01	5.311810E+01	5.568179E+03
9.635	-1.199325E+06	9.763929E+01	5.327064E+01	5.568179E+03
9.64	-1.199325E+06	1.001016E+02	5.349167E+01	5.568179E+03
9.645	-1.199325E+06	9.766506E+01	5.370731E+01	5.568179E+03
9.65	-1.199325E+06	1.019785E+02	5.353944E+01	5.568179E+03
9.655	-1.199325E+06	9.928136E+01	5.315121E+01	5.568179E+03
9.66	-1.199325E+06	9.917282E+01	5.267179E+01	5.568179E+03
9.665	-1.199326E+06	1.017118E+02	5.237941E+01	5.568179E+03
9.67	-1.199325E+06	9.390203E+01	5.251828E+01	5.568179E+03
9.675	-1.199325E+06	1.001897E+02	5.273562E+01	5.568179E+03
9.68	-1.199326E+06	1.060543E+02	5.282341E+01	5.568179E+03
9.685	-1.199325E+06	1.020485E+02	5.291740E+01	5.568179E+03
9.69	-1.199325E+06	9.910410E+01	5.307682E+01	5.568179E+03
9.695	-1.199325E+06	9.916678E+01	5.306926E+01	5.568179E+03
9.7	-1.199325E+06	9.764138E+01	5.286628E+01	5.568179E+03
9.705	-1.199325E+06	9.883912E+01	5.245069E+01	5.568179E+03
9.71	-1.199326E+06	1.027679E+02	5.191537E+01	5.568179E+03
9.715	-1.199325E+06	9.201719E+01	5.156822E+01	5.568179E+03
9.72	-1.199325E+06	9.248031E+01	5.132591E+01	5.568179E+03
9.725	-1.199326E+06	1.002063E+02	5.140720E+01	5.568179E+03
9.73	-1.199325E+06	9.857737E+01	5.173785E+01	5.568179E+03
9.735	-1.199326E+06	9.957792E+01	5.192229E+01	5.568179E+03
9.74	-1.199325E+06	9.330114E+01	5.217341E+01	5.568179E+03
9.745	-1.199326E+06	9.677430E+01	5.232965E+01	5.568179E+03
9.75	-1.199326E+06	9.875172E+01	5.239470E+01	5.568179E+03
9.755	-1.199325E+06	9.556841E+01	5.246098E+01	5.568179E+03
9.76	-1.199326E+06	9.706262E+01	5.226363E+01	5.568179E+03
9.765	-1.199325E+06	9.460999E+01	5.192887E+01	5.568179E+03
9.77	-1.199326E+06	9.677308E+01	5.188440E+01	5.568179E+03
9.775	-1.199326E+06	9.816474E+01	5.222619E+01	5.568179E+03
9.78	-1.199325E+06	9.960487E+01	5.270687E+01	5.568179E+03
9.785	-1.199326E+06	9.939740E+01	5.303374E+01	5.568179E+03
9.79	-1.199325E+06	9.530799E+01	5.301096E+01	5.568179E+03
9.795	-1.199326E+06	9.889754E+01	5.278506E+01	5.568179E+03
9.8	-1.199325E+06	9.785136E+01	5.258572E+01	5.568179E+03
9.805	-1.199325E+06	9.824377E+01	5.232590E+01	5.568179E+03
9.81	-1.199326E+06	1.023744E+02	5.204846E+01	5.568179E+03
9.815	-1.199326E+06	1.008093E+02	5.177501E+01	5.568179E+03
9.82	-1.199326E+06	9.932464E+01	5.148347E+01	5.568179E+03
9.825	-1.199326E+06	9.577787E+01	5.144153E+01	5.568179E+03
9.83	-1.199326E+06	9.749280E+01	5.182357E+01	5.568179E+03
9.835	-1.199326E+06	1.026180E+02	5.250321E+01	5.568179E+03
9.84	-1.199326E+06	1.000940E+02	5.324747E+01	5.568179E+03
9.845	-1.199325E+06	9.779520E+01	5.378414E+01	5.568179E+03
9.85	-1.199326E+06	9.768810E+01	5.394916E+01	5.568179E+03
9.855	-1.199326E+06	9.672785E+01	5.383578E+01	5.568179E+03
9.86	-1.199326E+06	9.870450E+01	5.357818E+01	5.568179E+03
9.865	-1.199326E+06	9.911406E+01	5.309475E+01	5.568179E+03
9.87	-1.199326E+06	9.712826E+01	5.241776E+01	5.568179E+03
9.875	-1.199325E+06	9.297490E+01	5.180812E+01	5.568179E+03
9.88	-1.199326E+06	9.467947E+01	5.134691E+01	5.568179E+03
9.885	-1.199326E+06	9.675884E+01	5.137199E+01	5.568179E+03
9.89	-1.199326E+06	9.963476E+01	5.186534E+01	5.568179E+03
9.895	-1.199326E+06	1.012084E+02	5.245785E+01	5.568179E+03
9.9	-1.199325E+06	9.667132E+01	5.317468E+01	5.568179E+03
9.905	-1.199325E+06	1.001442E+02	5.379223E+01	5.568179E+03
9.91	-1.199326E+06	1.060920E+02	5.413791E+01	5.568179E+03
9.915	-1.199326E+06	1.007707E+02	5.449417E+01	5.568179E+03
9.92	-1.199326E+06	9.743113E+01	5.470790E+01	5.568179E+03
9.925	-1.199326E+06	9.809974E+01	5.459456E+01	5.568179E+03
9.93	-1.199326E+06	9.733308E+01	5.436312E+01	5.568179E+03
9.935	-1.199325E+06	9.353409E+01	5.422071E+01	5.568179E+03
9.94	-1.199326E+06	9.629771E+01	5.410347E+01	5.568179E+03
9.945	-1.199326E+06	9.753889E+01	5.403768E+01	5.568179E+03
9.95	-1.199325E+06	9.635526E+01	5.391766E+01	5.568179E+03
9.955	-1.199326E+06	1.001565E+02	5.354954E+01	5.568179E+03
9.96	-1.199325E+06	9.780317E+01	5.317437E+01	5.568179E+03
9.965	-1.199325E+06	9.702530E+01	5.296386E+01	5.568179E+03
9.97	-1.199325E+06	9.857046E+01	5.301537E+01	5.568179E+03
9.975	-1.199325E+06	1.022012E+02	5.338490E+01	5.568179E+03
9.98	-1.199326E+06	1.095036E+02	5.373511E+01	5.568179E+03
9.985	-1.199325E+06	9.986561E+01	5.404890E+01	5.568179E+03
9.99	-1.199325E+06	9.566063E+01	5.446362E+01	5.568179E+03
9.995	-1.199326E+06	9.954115E+01	5.497154E+01	5.568179E+03
10.0	-1.199325E+06	9.651385E+01	5.537384E+01	5.568179E+03
10.005	-1.199325E+06	9.149716E+01	5.559368E+01	5.568179E+03
10.01	-1.199325E+06	9.973482E+01	5.552724E+01	5.568179E+03
10.015	-1.199326E+06	1.053473E+02	5.520404E+01	5.568179E+03
10.02	-1.199325E+06	9.930767E+01	5.479665E+01	5.568179E+03
10.025	-1.199326E+06	1.039046E+02	5.435325E+01	5.568179E+03
10.03	-1.199325E+06	9.988317E+01	5.407378E+01	5.568179E+03
10.035	-1.199325E+06	9.925917E+01	5.373985E+01	5.568179E+03
10.04	-1.199326E+06	1.005099E+02	5.331103E+01	5.568179E+03
10.045	-1.199325E+06	9.978313E+01	5.307104E+01	5.568179E+03
10.05	-1.199326E+06	1.065805E+02	5.309938E+01	5.568179E+03
10.055	-1.199325E+06	1.030379E+02	5.330285E+01	5.568179E+03
10.06	-1.199326E+06	9.915191E+01	5.356161E+01	5.568179E+03
10.065	-1.199325E+06	9.498538E+01	5.389673E+01	5.568179E+03
10.07	-1.199326E+06	9.941840E+01	5.417274E+01	5.568179E+03
10.075	-1.199326E+06	1.008131E+02	5.463084E+01	5.568179E+03
10.08	-1.199325E+06	9.912918E+01	5.514821E+01	5.568179E+03
10.085	-1.199326E+06	1.105123E+02	5.536692E+01	5.568179E+03
10.09	-1.199325E+06	1.045698E+02	5.551892E+01	5.568179E+03
10.095	-1.199326E+06	1.044829E+02	5.521546E+01	5.568179E+03
10.1	-1.199326E+06	1.040575E+02	5.458947E+01	5.568179E+03
10.105	-1.199325E+06	9.662602E+01	5.415734E+01	5.568179E+03
10.11	-1.199326E+06	1.006862E+02	5.388690E+01	5.568179E+03
10.115	-1.199325E+06	9.597841E+01	5.391166E+01	5.568179E+03
10.12	-1.199326E+06	1.031248E+02	5.396373E+01	5.568179E+03
10.125	-1.199326E+06	1.010098E+02	5.408704E+01	5.568179E+03
10.13	-1.199325E+06	9.697340E+01	5.425613E+01	5.568179E+03
10.135	-1.199326E+06	1.065393E+02	5.438161E+01	5.568179E+03
10.14	-1.199325E+06	1.074766E+02	5.438475E+01	5.568179E+03
10.145	-1.199326E+06	1.092362E+02	5.393620E+01	5.568179E+03
10.15	-1.199325E+06	1.018975E+02	5.349413E+01	5.568179E+03
10.155	-1.199326E+06	1.035650E+02	5.323554E+01	5.568179E+03
10.16	-1.199326E+06	1.064800E+02	5.313462E+01	5.568179E+03
10.165	-1.199325E+06	9.554336E+01	5.313774E+01	5.568179E+03
10.17	-1.199326E+06	1.021918E+02	5.278287E+01	5.568179E+03
10.175	-1.199325E+06	9.913604E+01	5.257239E+01	5.568179E+03
10.18	-1.199325E+06	9.817603E+01	5.270160E+01	5.568179E+03
10.185	-1.199326E+06	1.048452E+02	5.294918E+01	5.568179E+03
10.19	-1.199325E+06	1.055382E+02	5.333270E+01	5.568179E+03
10.195	-1.199326E+06	1.154780E+02	5.354412E+01	5.568179E+03
10.2	-1.199326E+06	1.123203E+02	5.366109E+01	5.568179E+03
10.205	-1.199326E+06	1.070455E+02	5.384122E+01	5.568179E+03
10.21	-1.199326E+06	1.083613E+02	5.413525E+01	5.568179E+03
10.215	-1.199325E+06	1.062371E+02	5.459152E+01	5.568179E+03
10.22	-1.199326E+06	1.062669E+02	5.499917E+01	5.568179E+03
10.225	-1.199325E+06	9.861610E+01	5.528322E+01	5.568179E+03
10.23	-1.199326E+06	1.028864E+02	5.527655E+01	5.568179E+03
10.235	-1.199325E+06	1.017331E+02	5.517357E+01	5.568179E+03
10.24	-1.199325E+06	1.020744E+02	5.498956E+01	5.568179E+03
10.245	-1.199326E+06	1.062598E+02	5.473399E+01	5.568179E+03
10.25	-1.199325E+06	1.010577E+02	5.444183E+01	5.568179E+03
10.255	-1.199326E+06	1.063774E+02	5.383574E+01	5.568179E+03
10.26	-1.199326E+06	1.053330E+02	5.315410E+01	5.568179E+03
10.265	-1.199325E+06	1.058981E+02	5.282631E+01	5.568179E+03
10.27	-1.199326E+06	1.106188E+02	5.306732E+01	5.568179E+03
10.275	-1.199325E+06	1.070664E+02	5.365194E+01	5.568179E+03
10.28	-1.199326E+06	1.036425E+02	5.425945E+01	5.568179E+03
10.285	-1.199325E+06	1.026281E+02	5.476586E+01	5.568179E+03
10.29	-1.199326E+06	1.117445E+02	5.499450E+01	5.568179E+03
10.295	-1.199325E+06	1.067848E+02	5.540417E+01	5.568179E+03
10.3	-1.199325E+06	1.068060E+02	5.581422E+01	5.568179E+03
10.305	-1.199326E+06	1.081849E+02	5.587680E+01	5.568179E+03
10.31	-1.199325E+06	1.022691E+02	5.558708E+01	5.568179E+03
10.315	-1.199326E+06	1.106534E+02	5.489845E+01	5.568179E+03
10.32	-1.199325E+06	1.108077E+02	5.447987E+01	5.568179E+03
10.325	-1.199325E+06	1.104543E+02	5.452283E+01	5.568179E+03
10.33	-1.199326E+06	1.129594E+02	5.451976E+01	5.568179E+03
10.335	-1.199325E+06	1.126723E+02	5.430737E+01	5.568179E+03
10.34	-1.199325E+06	1.142167E+02	5.411999E+01	5.568179E+03
10.345	-1.199325E+06	1.174160E+02	5.406896E+01	5.568179E+03
10.35	-1.199326E+06	1.166868E+02	5.415273E+01	5.568179E+03
10.355	-1.199325E+06	1.062368E+02	5.428306E+01	5.568179E+03
10.36	-1.199325E+06	1.036766E+02	5.429132E+01	5.568179E+03
10.365	-1.199325E+06	1.065771E+02	5.430682E+01	5.568179E+03
10.37	-1.199325E+06	1.105181E+02	5.446005E+01	5.568179E+03
10.375	-1.199325E+06	1.137190E+02	5.465668E+01	5.568179E+03
10.38	-1.199325E+06	1.142670E+02	5.485338E+01	5.568179E+03
10.385	-1.199325E+06	1.122573E+02	5.522050E+01	5.568179E+03
10.39	-1.199325E+06	1.123213E+02	5.552072E+01	5.568179E+03
10.395	-1.199325E+06	1.122649E+02	5.549375E+01	5.568179E+03
10.4	-1.199325E+06	1.101040E+02	5.525700E+01	5.568179E+03
10.405	-1.199326E+06	1.110193E+02	5.480389E+01	5.568179E+03
10.41	-1.199325E+06	1.069313E+02	5.431817E+01	5.568179E+03
10.415	-1.199325E+06	1.041099E+02	5.398559E+01	5.568179E+03
10.42	-1.199326E+06	1.102287E+02	5.370268E+01	5.568179E+03
10.425	-1.199326E+06	1.152341E+02	5.359722E+01	5.568179E+03
10.43	-1.199326E+06	1.195388E+02	5.376838E+01	5.568179E+03
10.435	-1.199326E+06	1.173126E+02	5.414380E+01	5.568179E+03
10.44	-1.199325E+06	1.099508E+02	5.474876E+01	5.568179E+03
10.445	-1.199325E+06	1.121424E+02	5.530874E+01	5.568179E+03
10.45	-1.199326E+06	1.179878E+02	5.543718E+01	5.568179E+03
10.455	-1.199325E+06	1.156220E+02	5.530203E+01	5.568179E+03
10.46	-1.199325E+06	1.130569E+02	5.521742E+01	5.568179E+03
10.465	-1.199326E+06	1.216335E+02	5.503640E+01	5.568179E+03
10.47	-1.199325E+06	1.196330E+02	5.469168E+01	5.568179E+03
10.475	-1.199325E+06	1.154621E+02	5.408996E+01	5.568179E+03
10.48	-1.199326E+06	1.192204E+02	5.350456E+01	5.568179E+03
10.485	-1.199325E+06	1.173105E+02	5.345322E+01	5.568179E+03
10.49	-1.199325E+06	1.157401E+02	5.371062E+01	5.568179E+03
10.495	-1.199325E+06	1.157968E+02	5.402724E+01	5.568179E+03
10.5	-1.199325E+06	1.164548E+02	5.431436E+01	5.568179E+03
10.505	-1.199325E+06	1.179665E+02	5.448093E+01	5.568179E+03
10.51	-1.199325E+06	1.171594E+02	5.484688E+01	5.568179E+03
10.515	-1.199325E+06	1.205256E+02	5.533764E+01	5.568179E+03
10.52	-1.199325E+06	1.218419E+02	5.577823E+01	5.568179E+03
10.525	-1.199325E+06	1.144437E+02	5.611110E+01	5.568179E+03
10.53	-1.199325E+06	1.139233E+02	5.609023E+01	5.568179E+03
10.535	-1.199325E+06	1.220098E+02	5.595520E+01	5.568179E+03
10.54	-1.199325E+06	1.223062E+02	5.568969E+01	5.568179E+03
10.545	-1.199325E+06	1.146698E+02	5.528152E+01	5.568179E+03
10.55	-1.199325E+06	1.119265E+02	5.510225E+01	5.568179E+03
10.555	-1.199325E+06	1.171794E+02	5.500777E+01	5.568179E+03
10.56	-1.199325E+06	1.180272E+02	5.498621E+01	5.568179E+03
10.565	-1.199325E+06	1.215929E+02	5.501839E+01	5.568179E+03
10.57	-1.199325E+06	1.275681E+02	5.501842E+01	5.568179E+03
10.575	-1.199325E+06	1.237995E+02	5.525350E+01	5.568179E+03
10.58	-1.199325E+06	1.201787E+02	5.554131E+01	5.568179E+03
10.585	-1.199325E+06	1.235781E+02	5.565647E+01	5.568179E+03
10.59	-1.199325E+06	1.268050E+02	5.570940E+01	5.568179E+03
10.595	-1.199325E+06	1.203433E+02	5.566846E+01	5.568179E+03
10.6	-1.199325E+06	1.243841E+02	5.562125E+01	5.568179E+03
10.605	-1.199325E+06	1.304915E+02	5.572704E+01	5.568179E+03
10.61	-1.199325E+06	1.251696E+02	5.546684E+01	5.568179E+03
10.615	-1.199325E+06	1.253146E+02	5.468786E+01	5.568179E+03
10.62	-1.199325E+06	1.196353E+02	5.409829E+01	5.568179E+03
10.625	-1.199325E+06	1.225952E+02	5.381999E+01	5.568179E+03
10.63	-1.199325E+06	1.298193E+02	5.368129E+01	5.568179E+03
10.635	-1.199325E+06	1.200945E+02	5.358803E+01	5.568179E+03
10.64	-1.199325E+06	1.266205E+02	5.316409E+01	5.568179E+03
10.645	-1.199325E+06	1.259261E+02	5.266984E+01	5.568179E+03
10.65	-1.199325E+06	1.208729E+02	5.263149E+01	5.568179E+03
10.655	-1.199325E+06	1.238550E+02	5.310520E+01	5.568179E+03
10.66	-1.199325E+06	1.260731E+02	5.359287E+01	5.568179E+03
10.665	-1.199325E+06	1.280377E+02	5.397709E+01	5.568179E+03
10.67	-1.199325E+06	1.302744E+02	5.406468E+01	5.568179E+03
10.675	-1.199325E+06	1.344432E+02	5.392016E+01	5.568179E+03
10.68	-1.199325E+06	1.251772E+02	5.408397E+01	5.568179E+03
10.685	-1.199325E+06	1.279389E+02	5.401432E+01	5.568179E+03
10.69	-1.199325E+06	1.257248E+02	5.384936E+01	5.568179E+03
10.695	-1.199325E+06	1.240483E+02	5.369812E+01	5.568179E+03
10.7	-1.199325E+06	1.399338E+02	5.319353E+01	5.568179E+03
10.705	-1.199325E+06	1.313217E+02	5.290758E+01	5.568179E+03
10.71	-1.199325E+06	1.264373E+02	5.275107E+01	5.568179E+03
10.715	-1.199325E+06	1.356182E+02	5.250347E+01	5.568179E+03
10.72	-1.199325E+06	1.318968E+02	5.253450E+01	5.568179E+03
10.725	-1.199325E+06	1.399158E+02	5.258614E+01	5.568179E+03
10.73	-1.199325E+06	1.432958E+02	5.273525E+01	5.568179E+03
10.735	-1.199325E+06	1.324666E+02	5.305121E+01	5.568179E+03
10.74	-1.199325E+06	1.388065E+02	5.315956E+01	5.568179E+03
10.745	-1.199325E+06	1.392150E+02	5.352800E+01	5.568179E+03
10.75	-1.199325E+06	1.316001E+02	5.406818E+01	5.568179E+03
10.755	-1.199325E+06	1.363003E+02	5.427183E+01	5.568179E+03
10.76	-1.199325E+06	1.354270E+02	5.443736E+01	5.568179E+03
10.765	-1.199325E+06	1.302703E+02	5.463885E+01	5.568179E+03
10.77	-1.199325E+06	1.393235E+02	5.462712E+01	5.568179E+03
10.775	-1.199325E+06	1.352960E+02	5.442970E+01	5.568179E+03
10.78	-1.199325E+06	1.333804E+02	5.383318E+01	5.568179E+03
10.785	-1.199325E+06	1.431887E+02	5.304652E+01	5.568179E+03
10.79	-1.199325E+06	1.371320E+02	5.259578E+01	5.568179E+03
10.795	-1.199325E+06	1.428442E+02	5.226635E+01	5.568179E+03
10.8	-1.199325E+06	1.484377E+02	5.209442E+01	5.568179E+03
10.805	-1.199325E+06	1.374823E+02	5.204957E+01	5.568179E+03
10.81	-1.199325E+06	1.390589E+02	5.187873E+01	5.568179E+03
10.815	-1.199325E+06	1.385593E+02	5.230244E+01	5.568179E+03
10.82	-1.199325E+06	1.387865E+02	5.328052E+01	5.568179E+03
10.825	-1.199325E+06	1.461938E+02	5.411336E+01	5.568179E+03
10.83	-1.199324E+06	1.371459E+02	5.493553E+01	5.568179E+03
10.835	-1.199324E+06	1.384983E+02	5.532887E+01	5.568179E+03
10.84	-1.199325E+06	1.512595E+02	5.532934E+01	5.568179E+03
10.845	-1.199325E+06	1.409202E+02	5.545317E+01	5.568179E+03
10.85	-1.199325E+06	1.408633E+02	5.513026E+01	5.568179E+03
10.855	-1.199325E+06	1.535078E+02	5.443091E+01	5.568179E+03
10.86	-1.199325E+06	1.414407E+02	5.384612E+01	5.568179E+03
10.865	-1.199325E+06	1.410796E+02	5.311275E+01	5.568179E+03
10.87	-1.199325E+06	1.463569E+02	5.282394E+01	5.568179E+03
10.875	-1.199325E+06	1.455984E+02	5.306567E+01	5.568179E+03
10.88	-1.199325E+06	1.498446E+02	5.306921E+01	5.568179E+03
10.885	-1.199325E+06	1.484325E+02	5.331859E+01	5.568179E+03
10.89	-1.199325E+06	1.523008E+02	5.381041E+01	5.568179E+03
10.895	-1.199325E+06	1.523670E+02	5.388934E+01	5.568179E+03
10.9	-1.199325E+06	1.447377E+02	5.395929E+01	5.568179E+03
10.905	-1.199324E+06	1.412167E+02	5.398822E+01	5.568179E+03
10.91	-1.199325E+06	1.440816E+02	5.381555E+01	5.568179E+03
10.915	-1.199324E+06	1.389232E+02	5.409351E+01	5.568179E+03
10.92	-1.199324E+06	1.410463E+02	5.427145E+01	5.568179E+03
10.925	-1.199325E+06	1.553378E+02	5.410826E+01	5.568179E+03
10.93	-1.199324E+06	1.487965E+02	5.422746E+01	5.568179E+03
10.935	-1.199324E+06	1.573375E+02	5.414979E+01	5.568179E+03
10.94	-1.199325E+06	1.655525E+02	5.410196E+01	5.568179E+03
10.945	-1.199324E+06	1.526544E+02	5.413523E+01	5.568179E+03
10.95	-1.199325E+06	1.600988E+02	5.371712E+01	5.568179E+03
10.955	-1.199324E+06	1.568437E+02	5.362974E+01	5.568179E+03
10.96	-1.199324E+06	1.571876E+02	5.387197E+01	5.568179E+03
10.965	-1.199325E+06	1.659648E+02	5.398652E+01	5.568179E+03
10.97	-1.199324E+06	1.582656E+02	5.406769E+01	5.568179E+03
10.975	-1.199324E+06	1.524294E+02	5.393516E+01	5.568179E+03
10.98	-1.199325E+06	1.642377E+02	5.359395E+01	5.568179E+03
10.985	-1.199324E+06	1.583792E+02	5.356033E+01	5.568179E+03
10.99	-1.199324E+06	1.559978E+02	5.342900E+01	5.568179E+03
10.995	-1.199325E+06	1.657172E+02	5.314205E+01	5.568179E+03
11.0	-1.199324E+06	1.516144E+02	5.305097E+01	5.568179E+03
11.005	-1.199324E+06	1.596394E+02	5.270584E+01	5.568179E+03
11.01	-1.199324E+06	1.652402E+02	5.251927E+01	5.568179E+03
11.015	-1.199324E+06	1.602166E+02	5.247961E+01	5.568179E+03
11.02	-1.199325E+06	1.699630E+02	5.202824E+01	5.568179E+03
11.025	-1.199324E+06	1.558006E+02	5.170338E+01	5.568179E+03
11.03	-1.199324E+06	1.552394E+02	5.186922E+01	5.568179E+03
11.035	-1.199324E+06	1.637087E+02	5.243846E+01	5.568179E+03
11.04	-1.199324E+06	1.648199E+02	5.311167E+01	5.568179E+03
11.045	-1.199324E+06	1.731396E+02	5.355234E+01	5.568179E+03
11.05	-1.199324E+06	1.664367E+02	5.369149E+01	5.568179E+03
11.055	-1.199324E+06	1.714671E+02	5.366472E+01	5.568179E+03
11.06	-1.199324E+06	1.653647E+02	5.371276E+01	5.568179E+03
11.065	-1.199324E+06	1.579174E+02	5.338719E+01	5.568179E+03
11.07	-1.199324E+06	1.618479E+02	5.327168E+01	5.568179E+03
11.075	-1.199324E+06	1.725215E+02	5.324675E+01	5.568179E+03
11.08	-1.199325E+06	1.880484E+02	5.269031E+01	5.568179E+03
11.085	-1.199324E+06	1.686888E+02	5.257718E+01	5.568179E+03
11.09	-1.199324E+06	1.743268E+02	5.245332E+01	5.568179E+03
11.095	-1.199324E+06	1.796030E+02	5.251303E+01	5.568179E+03
11.1	-1.199324E+06	1.651367E+02	5.283994E+01	5.568179E+03
11.105	-1.199324E+06	1.717825E+02	5.254942E+01	5.568179E+03
11.11	-1.199324E+06	1.645108E+02	5.257268E+01	5.568179E+03
11.115	-1.199324E+06	1.732133E+02	5.279034E+01	5.568179E+03
11.12	-1.199324E+06	1.779469E+02	5.300974E+01	5.568179E+03
11.125	-1.199324E+06	1.750480E+02	5.340697E+01	5.568179E+03
11.13	-1.199324E+06	1.786702E+02	5.347688E+01	5.568179E+03
11.135	-1.199324E+06	1.782812E+02	5.318041E+01	5.568179E+03
11.14	-1.199324E+06	1.882861E+02	5.249690E+01	5.568179E+03
11.145	-1.199324E+06	1.867183E+02	5.177351E+01	5.568179E+03
11.15	-1.199324E+06	1.736981E+02	5.142111E+01	5.568179E+03
11.155	-1.199324E+06	1.719028E+02	5.132154E+01	5.568179E+03
11.16	-1.199324E+06	1.800799E+02	5.133763E+01	5.568179E+03
11.165	-1.199324E+06	1.884384E+02	5.112524E+01	5.568179E+03
11.17	-1.199324E+06	1.904801E+02	5.069130E+01	5.568179E+03
11.175	-1.199324E+06	1.757003E+02	5.064553E+01	5.568179E+03
11.18	-1.199324E+06	1.738864E+02	5.090937E+01	5.568179E+03
11.185	-1.199324E+06	1.871204E+02	5.135539E+01	5.568179E+03
11.19	-1.199324E+06	1.896441E+02	5.182606E+01	5.568179E+03
11.195	-1.199324E+06	1.906525E+02	5.197370E+01	5.568179E+03
11.2	-1.199324E+06	1.823787E+02	5.212262E+01	5.568179E+03
11.205	-1.199324E+06	1.873792E+02	5.236215E+01	5.568179E+03
11.21	-1.199324E+06	1.895009E+02	5.266136E+01	5.568179E+03
11.215	-1.199324E+06	1.934753E+02	5.278817E+01	5.568179E+03
11.22	-1.199324E+06	1.889082E+02	5.280622E+01	5.568179E+03
11.225	-1.199323E+06	1.745264E+02	5.291361E+01	5.568179E+03
11.23	-1.199324E+06	1.980108E+02	5.297226E+01	5.568179E+03
11.235	-1.199324E+06	2.059109E+02	5.279095E+01	5.568179E+03
11.24	-1.199324E+06	1.972419E+02	5.206652E+01	5.568179E+03
11.245	-1.199324E+06	1.868569E+02	5.145368E+01	5.568179E+03
11.25	-1.199324E+06	1.931410E+02	5.091543E+01	5.568179E+03
11.255	-1.199324E+06	2.105145E+02	5.048779E+01	5.568179E+03
11.26	-1.199323E+06	1.941256E+02	5.066725E+01	5.568179E+03
11.265	-1.199324E+06	2.051738E+02	5.038687E+01	5.568179E+03
11.27	-1.199324E+06	1.991700E+02	5.006041E+01	5.568179E+03
11.275	-1.199323E+06	1.915936E+02	4.989012E+01	5.568179E+03
11.28	-1.199324E+06	2.074146E+02	4.974510E+01	5.568179E+03
11.285	-1.199323E+06	1.947441E+02	5.054039E+01	5.568179E+03
11.29	-1.199324E+06	2.014402E+02	5.135620E+01	5.568179E+03
11.295	-1.199324E+06	2.082147E+02	5.162208E+01	5.568179E+03
11.3	-1.199323E+06	1.973027E+02	5.207119E+01	5.568179E+03
11.305	-1.199324E+06	2.152325E+02	5.246626E+01	5.568179E+03
11.31	-1.199323E+06	2.139562E+02	5.285784E+01	5.568179E+03
11.315	-1.199323E+06	1.968667E+02	5.326795E+01	5.568179E+03
11.32	-1.199323E+06	2.038236E+02	5.318211E+01	5.568179E+03
11.325	-1.199324E+06	2.288550E+02	5.226570E+01	5.568179E+03
11.33	-1.199323E+06	2.063560E+02	5.148501E+01	5.568179E+03
11.335	-1.199323E+06	2.040029E+02	5.077752E+01	5.568179E+03
11.34	-1.199324E+06	2.265950E+02	5.010811E+01	5.568179E+03
11.345	-1.199323E+06	2.164828E+02	4.972269E+01	5.568179E+03
11.35	-1.199324E+06	2.232181E+02	4.889402E+01	5.568179E+03
11.355	-1.199323E+06	2.084116E+02	4.853687E+01	5.568179E+03
11.36	-1.199323E+06	1.959836E+02	4.906845E+01	5.568179E+03
11.365	-1.199324E+06	2.229957E+02	4.970072E+01	5.568179E+03
11.37	-1.199323E+06	2.199228E+02	5.080818E+01	5.568179E+03
11.375	-1.199323E+06	2.114887E+02	5.191669E+01	5.568179E+03
11.38	-1.199323E+06	2.212299E+02	5.249058E+01	5.568179E+03
11.385	-1.199323E+06	2.080072E+02	5.327299E+01	5.568179E+03
11.39	-1.199323E+06	2.155751E+02	5.372559E+01	5.568179E+03
11.395	-1.199324E+06	2.378424E+02	5.352010E+01	5.568179E+03
11.4	-1.199323E+06	2.111878E+02	5.342657E+01	5.568179E+03
11.405	-1.199323E+06	2.125454E+02	5.302404E+01	5.568179E+03
11.41	-1.199324E+06	2.479151E+02	5.226085E+01	5.568179E+03
11.415	-1.199323E+06	2.350219E+02	5.168839E+01	5.568179E+03
11.42	-1.199323E+06	2.255456E+02	5.081082E+01	5.568179E+03
11.425	-1.199323E+06	2.304650E+02	5.026589E+01	5.568179E+03
11.43	-1.199322E+06	2.248432E+02	5.060808E+01	5.568179E+03
11.435	-1.199323E+06	2.398059E+02	5.060420E+01	5.568179E+03
11.44	-1.199323E+06	2.412137E+02	5.032811E+01	5.568179E+03
11.445	-1.199322E+06	2.241121E+02	5.024438E+01	5.568179E+03
11.45	-1.199323E+06	2.341965E+02	5.006880E+01	5.568179E+03
11.455	-1.199323E+06	2.391947E+02	5.023581E+01	5.568179E+03
11.46	-1.199322E+06	2.253909E+02	5.062405E+01	5.568179E+03
11.465	-1.199323E+06	2.399124E+02	5.074054E+01	5.568179E+03
11.47	-1.199323E+06	2.501504E+02	5.142288E+01	5.568179E+03
11.475	-1.199322E+06	2.378592E+02	5.268199E+01	5.568179E+03
11.48	-1.199323E+06	2.508133E+02	5.337259E+01	5.568179E+03
11.485	-1.199323E+06	2.503301E+02	5.390381E+01	5.568179E+03
11.49	-1.199322E+06	2.440524E+02	5.399244E+01	5.568179E+03
11.495	-1.199323E+06	2.464246E+02	5.321712E+01	5.568179E+03
11.5	-1.199322E+06	2.387293E+02	5.267094E+01	5.568179E+03
11.505	-1.199322E+06	2.408133E+02	5.215933E+01	5.568179E+03
11.51	-1.199323E+06	2.481508E+02	5.105868E+01	5.568179E+03
11.515	-1.199323E+06	2.464401E+02	5.000116E+01	5.568179E+03
11.52	-1.199322E+06	2.414574E+02	4.938952E+01	5.568179E+03
11.525	-1.199323E+06	2.489944E+02	4.921154E+01	5.568179E+03
11.53	-1.199322E+06	2.500961E+02	4.962364E+01	5.568179E+03
11.535	-1.199322E+06	2.538745E+02	5.031242E+01	5.568179E+03
11.54	-1.199322E+06	2.672556E+02	5.092701E+01	5.568179E+03
11.545	-1.199322E+06	2.629613E+02	5.164118E+01	5.568179E+03
11.55	-1.199322E+06	2.656434E+02	5.214705E+01	5.568179E+03
11.555	-1.199322E+06	2.682560E+02	5.199637E+01	5.568179E+03
11.56	-1.199322E+06	2.441570E+02	5.176011E+01	5.568179E+03
11.565	-1.199322E+06	2.454177E+02	5.132107E+01	5.568179E+03
11.57	-1.199322E+06	2.598207E+02	5.053942E+01	5.568179E+03
11.575	-1.199322E+06	2.624081E+02	4.983284E+01	5.568179E+03
11.58	-1.199322E+06	2.569906E+02	4.904080E+01	5.568179E+03
11.585	-1.199322E+06	2.518367E+02	4.866670E+01	5.568179E+03
11.59	-1.199322E+06	2.599342E+02	4.970859E+01	5.568179E+03
11.595	-1.199322E+06	2.752520E+02	5.127949E+01	5.568179E+03
11.6	-1.199322E+06	2.879718E+02	5.222134E+01	5.568179E+03
11.605	-1.199321E+06	2.715413E+02	5.299528E+01	5.568179E+03
11.61	-1.199322E+06	2.698375E+02	5.320415E+01	5.568179E+03
11.615	-1.199322E+06	2.845973E+02	5.317309E+01	5.568179E+03
11.62	-1.199321E+06	2.681243E+02	5.361361E+01	5.568179E+03
11.625	-1.199322E+06	2.720897E+02	5.328803E+01	5.568179E+03
11.63	-1.199322E+06	2.807565E+02	5.242120E+01	5.568179E+03
11.635	-1.199321E+06	2.603580E+02	5.195891E+01	5.568179E+03
11.64	-1.199322E+06	2.808768E+02	5.136102E+01	5.568179E+03
11.645	-1.199322E+06	2.911423E+02	5.112416E+01	5.568179E+03
11.65	-1.199321E+06	2.755186E+02	5.101045E+01	5.568179E+03
11.655	-1.199322E+06	2.753771E+02	5.060075E+01	5.568179E+03
11.66	-1.199321E+06	2.738526E+02	5.076903E+01	5.568179E+03
11.665	-1.199322E+06	2.910834E+02	5.143542E+01	5.568179E+03
11.67	-1.199322E+06	2.995079E+02	5.221895E+01	5.568179E+03
11.675	-1.199321E+06	2.953875E+02	5.288630E+01	5.568179E+03
11.68	-1.199321E+06	2.991674E+02	5.313734E+01	5.568179E+03
11.685	-1.199322E+06	3.029508E+02	5.296467E+01	5.568179E+03
11.69	-1.199321E+06	2.844203E+02	5.313559E+01	5.568179E+03
11.695	-1.199321E+06	2.773252E+02	5.360426E+01	5.568179E+03
11.7	-1.199322E+06	3.089570E+02	5.358607E+01	5.568179E+03
11.705	-1.199321E+06	2.983680E+02	5.361303E+01	5.568179E+03
11.71	-1.199321E+06	2.984201E+02	5.299947E+01	5.568179E+03
11.715	-1.199321E+06	3.107531E+02	5.180723E+01	5.568179E+03
11.72	-1.199321E+06	2.899402E+02	5.064579E+01	5.568179E+03
11.725	-1.199321E+06	2.887506E+02	4.914583E+01	5.568179E+03
11.73	-1.199321E+06	3.040960E+02	4.806240E+01	5.568179E+03
11.735	-1.199321E+06	3.011180E+02	4.803638E+01	5.568179E+03
11.74	-1.199321E+06	3.122486E+02	4.848726E+01	5.568179E+03
11.745	-1.199321E+06	3.178593E+02	4.965105E+01	5.568179E+03
11.75	-1.199321E+06	3.082127E+02	5.116697E+01	5.568179E+03
11.755	-1.199321E+06	3.017861E+02	5.236061E+01	5.568179E+03
11.76	-1.199321E+06	2.987519E+02	5.369709E+01	5.568179E+03
11.765	-1.199321E+06	3.096621E+02	5.515582E+01	5.568179E+03
11.77	-1.199321E+06	3.227313E+02	5.605661E+01	5.568179E+03
11.775	-1.199321E+06	3.262041E+02	5.574741E+01	5.568179E+03
11.78	-1.199321E+06	3.258388E+02	5.451940E+01	5.568179E+03
11.785	-1.199321E+06	3.184056E+02	5.321741E+01	5.568179E+03
11.79	-1.199320E+06	3.045675E+02	5.196236E+01	5.568179E+03
11.795	-1.199321E+06	3.179663E+02	5.061988E+01	5.568179E+03
11.8	-1.199321E+06	3.268973E+02	4.933494E+01	5.568179E+03
11.805	-1.199320E+06	3.191590E+02	4.850168E+01	5.568179E+03
11.81	-1.199321E+06	3.326619E+02	4.852448E+01	5.568179E+03
11.815	-1.199321E+06	3.353686E+02	4.944042E+01	5.568179E+03
11.82	-1.199320E+06	3.304530E+02	5.088737E+01	5.568179E+03
11.825	-1.199321E+06	3.374800E+02	5.232176E+01	5.568179E+03
11.83	-1.199320E+06	3.338871E+02	5.393683E+01	5.568179E+03
11.835	-1.199321E+06	3.492638E+02	5.555236E+01	5.568179E+03
11.84	-1.199321E+06	3.532611E+02	5.669612E+01	5.568179E+03
11.845	-1.199321E+06	3.460532E+02	5.702019E+01	5.568179E+03
11.85	-1.199320E+06	3.344494E+02	5.667565E+01	5.568179E+03
11.855	-1.199320E+06	3.539082E+02	5.587272E+01	5.568179E+03
11.86	-1.199321E+06	3.678099E+02	5.507401E+01	5.568179E+03
11.865	-1.199320E+06	3.499841E+02	5.371345E+01	5.568179E+03
11.87	-1.199321E+06	3.581729E+02	5.161711E+01	5.568179E+03
11.875	-1.199320E+06	3.520245E+02	5.016410E+01	5.568179E+03
11.88	-1.199320E+06	3.384529E+02	4.929684E+01	5.568179E+03
11.885	-1.199320E+06	3.472727E+02	4.915600E+01	5.568179E+03
11.89	-1.199320E+06	3.597558E+02	4.970877E+01	5.568179E+03
11.895	-1.199320E+06	3.614065E+02	5.022084E+01	5.568179E+03
11.9	-1.199320E+06	3.616826E+02	5.124792E+01	5.568179E+03
11.905	-1.199320E+06	3.683608E+02	5.282110E+01	5.568179E+03
11.91	-1.199320E+06	3.618646E+02	5.419487E+01	5.568179E+03
11.915	-1.199319E+06	3.407972E+02	5.536198E+01	5.568179E+03
11.92	-1.199320E+06	3.511231E+02	5.566811E+01	5.568179E+03
11.925	-1.199320E+06	3.511847E+02	5.533506E+01	5.568179E+03
11.93	-1.199320E+06	3.587455E+02	5.466852E+01	5.568179E+03
11.935	-1.199320E+06	3.515556E+02	5.399431E+01	5.568179E+03
11.94	-1.199320E+06	3.576098E+02	5.287031E+01	5.568179E+03
11.945	-1.199320E+06	3.635736E+02	5.184734E+01	5.568179E+03
11.95	-1.199319E+06	3.693504E+02	5.134350E+01	5.568179E+03
11.955	-1.199320E+06	3.872802E+02	5.062770E+01	5.568179E+03
11.96	-1.199319E+06	3.698023E+02	4.997501E+01	5.568179E+03
11.965	-1.199319E+06	3.715862E+02	5.000345E+01	5.568179E+03
11.97	-1.199320E+06	3.988059E+02	5.103403E+01	5.568179E+03
11.975	-1.199320E+06	3.982259E+02	5.273539E+01	5.568179E+03
11.98	-1.199319E+06	3.737748E+02	5.397424E+01	5.568179E+03
11.985	-1.199319E+06	3.867644E+02	5.393948E+01	5.568179E+03
11.99	-1.199320E+06	3.944919E+02	5.351852E+01	5.568179E+03
11.995	-1.199319E+06	3.751900E+02	5.337731E+01	5.568179E+03
12.0	-1.199320E+06	4.015789E+02	5.317883E+01	5.568179E+03
12.005	-1.199319E+06	3.935841E+02	5.329500E+01	5.568179E+03
12.01	-1.199319E+06	3.894732E+02	5.286272E+01	5.568179E+03
12.015	-1.199320E+06	4.126401E+02	5.211607E+01	5.568179E+03
12.02	-1.199319E+06	4.042984E+02	5.183715E+01	5.568179E+03
12.025	-1.199319E+06	4.038887E+02	5.149716E+01	5.568179E+03
12.03	-1.199319E+06	4.037608E+02	5.177620E+01	5.568179E+03
12.035	-1.199319E+06	4.018398E+02	5.268723E+01	5.568179E+03
12.04	-1.199319E+06	4.011812E+02	5.308887E+01	5.568179E+03
12.045	-1.199319E+06	4.062138E+02	5.309045E+01	5.568179E+03
12.05	-1.199319E+06	4.049668E+02	5.335798E+01	5.568179E+03
12.055	-1.199319E+06	4.113548E+02	5.350876E+01	5.568179E+03
12.06	-1.199319E+06	4.074733E+02	5.428796E+01	5.568179E+03
12.065	-1.199319E+06	4.080430E+02	5.514084E+01	5.568179E+03
12.07	-1.199320E+06	4.296485E+02	5.510495E+01	5.568179E+03
12.075	-1.199319E+06	4.066323E+02	5.500733E+01	5.568179E+03
12.08	-1.199318E+06	4.048537E+02	5.456172E+01	5.568179E+03
12.085	-1.199320E+06	4.449594E+02	5.409075E+01	5.568179E+03
12.09	-1.199318E+06	4.066993E+02	5.391403E+01	5.568179E+03
12.095	-1.199319E+06	4.022053E+02	5.263375E+01	5.568179E+03
12.1	-1.199319E+06	4.276667E+02	5.199953E+01	5.568179E+03
12.105	-1.199319E+06	4.424352E+02	5.239562E+01	5.568179E+03
12.11	-1.199319E+06	4.507589E+02	5.204817E+01	5.568179E+03
12.115	-1.199319E+06	4.549090E+02	5.132455E+01	5.568179E+03
12.12	-1.199318E+06	4.348822E+02	5.171050E+01	5.568179E+03
12.125	-1.199319E+06	4.376057E+02	5.240759E+01	5.568179E+03
12.13	-1.199319E+06	4.454624E+02	5.335841E+01	5.568179E+03
12.135	-1.199318E+06	4.255500E+02	5.474613E+01	5.568179E+03
12.14	-1.199319E+06	4.384236E+02	5.532618E+01	5.568179E+03
12.145	-1.199319E+06	4.444817E+02	5.570635E+01	5.568179E+03
12.15	-1.199318E+06	4.271594E+02	5.566861E+01	5.568179E+03
12.155	-1.199318E+06	4.356899E+02	5.420136E+01	5.568179E+03
12.16	-1.199318E+06	4.383794E+02	5.305647E+01	5.568179E+03
12.165	-1.199318E+06	4.414572E+02	5.217817E+01	5.568179E+03
12.17	-1.199319E+06	4.618957E+02	5.096094E+01	5.568179E+03
12.175	-1.199317E+06	4.334698E+02	5.074279E+01	5.568179E+03
12.18	-1.199318E+06	4.567810E+02	4.964895E+01	5.568179E+03
12.185	-1.199319E+06	4.633874E+02	4.883246E+01	5.568179E+03
12.19	-1.199317E+06	4.370610E+02	5.009690E+01	5.568179E+03
12.195	-1.199319E+06	4.803812E+02	5.162542E+01	5.568179E+03
12.2	-1.199318E+06	4.573728E+02	5.383065E+01	5.568179E+03
12.205	-1.199317E+06	4.531498E+02	5.576462E+01	5.568179E+03
12.21	-1.199319E+06	4.931594E+02	5.686767E+01	5.568179E+03
12.215	-1.199317E+06	4.660357E+02	5.848573E+01	5.568179E+03
12.22	-1.199318E+06	4.789177E+02	5.921859E+01	5.568179E+03
12.225	-1.199318E+06	4.746506E+02	5.902727E+01	5.568179E+03
12.23	-1.199317E+06	4.491574E+02	5.859246E+01	5.568179E+03
12.235	-1.199317E+06	4.611334E+02	5.775669E+01	5.568179E+03
12.24	-1.199318E+06	5.029735E+02	5.620317E+01	5.568179E+03
12.245	-1.199318E+06	5.130262E+02	5.408429E+01	5.568179E+03
12.25	-1.199317E+06	4.743193E+02	5.238814E+01	5.568179E+03
12.255	-1.199318E+06	5.020498E+02	5.089601E+01	5.568179E+03
12.26	-1.199317E+06	4.828358E+02	5.012520E+01	5.568179E+03
12.265	-1.199318E+06	4.966833E+02	4.853406E+01	5.568179E+03
12.27	-1.199318E+06	4.906541E+02	4.716206E+01	5.568179E+03
12.275	-1.199316E+06	4.510937E+02	4.751543E+01	5.568179E+03
12.28	-1.199318E+06	5.036907E+02	4.839123E+01	5.568179E+03
12.285	-1.199317E+06	5.056890E+02	5.051634E+01	5.568179E+03
12.29	-1.199316E+06	4.822934E+02	5.325135E+01	5.568179E+03
12.295	-1.199318E+06	5.194426E+02	5.456934E+01	5.568179E+03
12.3	-1.199316E+06	4.818043E+02	5.572805E+01	5.568179E+03
12.305	-1.199316E+06	4.769735E+02	5.638034E+01	5.568179E+03
12.31	-1.199318E+06	5.231370E+02	5.618879E+01	5.568179E+03
12.315	-1.199317E+06	5.093679E+02	5.659854E+01	5.568179E+03
12.32	-1.199317E+06	5.144237E+02	5.581819E+01	5.568179E+03
12.325	-1.199316E+06	4.990526E+02	5.321452E+01	5.568179E+03
12.33	-1.199317E+06	5.137812E+02	5.129275E+01	5.568179E+03
12.335	-1.199317E+06	5.264475E+02	5.053036E+01	5.568179E+03
12.34	-1.199317E+06	5.073635E+02	4.932580E+01	5.568179E+03
12.345	-1.199316E+06	4.881804E+02	4.951053E+01	5.568179E+03
12.35	-1.199317E+06	5.275570E+02	5.041307E+01	5.568179E+03
12.355	-1.199318E+06	5.624442E+02	5.077004E+01	5.568179E+03
12.36	-1.199315E+06	4.929497E+02	5.240810E+01	5.568179E+03
12.365	-1.199317E+06	5.243191E+02	5.393205E+01	5.568179E+03
12.37	-1.199318E+06	5.583833E+02	5.561504E+01	5.568179E+03
12.375	-1.199315E+06	5.162549E+02	5.752136E+01	5.568179E+03
12.38	-1.199317E+06	5.454679E+02	5.799624E+01	5.568179E+03
12.385	-1.199316E+06	5.410301E+02	5.864058E+01	5.568179E+03
12.39	-1.199317E+06	5.580387E+02	5.864114E+01	5.568179E+03
12.395	-1.199316E+06	5.583940E+02	5.741362E+01	5.568179E+03
12.4	-1.199317E+06	5.618065E+02	5.549115E+01	5.568179E+03
12.405	-1.199316E+06	5.469879E+02	5.298275E+01	5.568179E+03
12.41	-1.199316E+06	5.439089E+02	5.043855E+01	5.568179E+03
12.415	-1.199317E+06	5.587307E+02	4.962326E+01	5.568179E+03
12.42	-1.199315E+06	5.305586E+02	5.012322E+01	5.568179E+03
12.425	-1.199317E+06	5.561465E+02	4.973788E+01	5.568179E+03
12.43	-1.199316E+06	5.410174E+02	4.985994E+01	5.568179E+03
12.435	-1.199316E+06	5.414765E+02	5.133114E+01	5.568179E+03
12.44	-1.199316E+06	5.597590E+02	5.313713E+01	5.568179E+03
12.445	-1.199316E+06	5.418538E+02	5.423584E+01	5.568179E+03
12.45	-1.199316E+06	5.481414E+02	5.412915E+01	5.568179E+03
12.455	-1.199316E+06	5.485942E+02	5.270545E+01	5.568179E+03
12.46	-1.199315E+06	5.389834E+02	5.111991E+01	5.568179E+03
12.465	-1.199316E+06	5.567992E+02	5.014823E+01	5.568179E+03
12.47	-1.199315E+06	5.625155E+02	4.913546E+01	5.568179E+03
12.475	-1.199316E+06	5.804187E+02	4.820991E+01	5.568179E+03
12.48	-1.199315E+06	5.577647E+02	4.846363E+01	5.568179E+03
12.485	-1.199316E+06	5.580077E+02	4.821827E+01	5.568179E+03
12.49	-1.199315E+06	5.561193E+02	4.871228E+01	5.568179E+03
12.495	-1.199315E+06	5.699512E+02	5.127481E+01	5.568179E+03
12.5	-1.199316E+06	6.045793E+02	5.373001E+01	5.568179E+03
12.505	-1.199315E+06	5.665112E+02	5.538479E+01	5.568179E+03
12.51	-1.199315E+06	5.660564E+02	5.614508E+01	5.568179E+03
12.515	-1.199316E+06	5.926237E+02	5.620946E+01	5.568179E+03
12.52	-1.199314E+06	5.543346E+02	5.630302E+01	5.568179E+03
12.525	-1.199315E+06	5.861371E+02	5.529373E+01	5.568179E+03
12.53	-1.199316E+06	6.068395E+02	5.345169E+01	5.568179E+03
12.535	-1.199315E+06	5.865488E+02	5.118321E+01	5.568179E+03
12.54	-1.199315E+06	5.736917E+02	4.929726E+01	5.568179E+03
12.545	-1.199314E+06	5.654534E+02	4.850064E+01	5.568179E+03
12.55	-1.199316E+06	5.943119E+02	4.885347E+01	5.568179E+03
12.555	-1.199314E+06	5.845596E+02	5.042564E+01	5.568179E+03
12.56	-1.199315E+06	6.165585E+02	5.137242E+01	5.568179E+03
12.565	-1.199315E+06	6.195354E+02	5.254431E+01	5.568179E+03
12.57	-1.199314E+06	6.063182E+02	5.338352E+01	5.568179E+03
12.575	-1.199315E+06	6.263822E+02	5.350282E+01	5.568179E+03
12.58	-1.199314E+06	6.001745E+02	5.411813E+01	5.568179E+03
12.585	-1.199315E+06	5.943976E+02	5.398123E+01	5.568179E+03
12.59	-1.199315E+06	5.903233E+02	5.409844E+01	5.568179E+03
12.595	-1.199314E+06	5.988235E+02	5.475729E+01	5.568179E+03
12.6	-1.199316E+06	6.508304E+02	5.432696E+01	5.568179E+03
12.605	-1.199315E+06	6.207273E+02	5.384939E+01	5.568179E+03
12.61	-1.199315E+06	5.958783E+02	5.273627E+01	5.568179E+03
12.615	-1.199314E+06	5.926288E+02	5.206685E+01	5.568179E+03
12.62	-1.199314E+06	6.059252E+02	5.182429E+01	5.568179E+03
12.625	-1.199315E+06	6.285813E+02	5.035948E+01	5.568179E+03
12.63	-1.199314E+06	5.918433E+02	4.942323E+01	5.568179E+03
12.635	-1.199315E+06	6.215833E+02	4.929183E+01	5.568179E+03
12.64	-1.199314E+06	6.215558E+02	5.033986E+01	5.568179E+03
12.645	-1.199314E+06	6.096160E+02	5.047764E+01	5.568179E+03
12.65	-1.199315E+06	6.201509E+02	4.908018E+01	5.568179E+03
12.655	-1.199314E+06	5.942277E+02	4.851452E+01	5.568179E+03
12.66	-1.199315E+06	6.190352E+02	4.856026E+01	5.568179E+03
12.665	-1.199313E+06	5.974914E+02	5.025908E+01	5.568179E+03
12.67	-1.199314E+06	6.331171E+02	5.178032E+01	5.568179E+03
12.675	-1.199316E+06	6.793138E+02	5.276309E+01	5.568179E+03
12.68	-1.199313E+06	6.218125E+02	5.420024E+01	5.568179E+03
12.685	-1.199314E+06	6.189360E+02	5.501809E+01	5.568179E+03
12.69	-1.199314E+06	6.165622E+02	5.570987E+01	5.568179E+03
12.695	-1.199314E+06	6.365990E+02	5.552781E+01	5.568179E+03
12.7	-1.199314E+06	6.406324E+02	5.437680E+01	5.568179E+03
12.705	-1.199313E+06	6.157500E+02	5.307464E+01	5.568179E+03
12.71	-1.199314E+06	6.232841E+02	5.219571E+01	5.568179E+03
12.715	-1.199314E+06	6.429045E+02	5.122789E+01	5.568179E+03
12.72	-1.199314E+06	6.743272E+02	4.990601E+01	5.568179E+03
12.725	-1.199314E+06	6.552052E+02	4.908857E+01	5.568179E+03
12.73	-1.199313E+06	6.280837E+02	4.879961E+01	5.568179E+03
12.735	-1.199314E+06	6.293699E+02	4.892057E+01	5.568179E+03
12.74	-1.199313E+06	6.327229E+02	4.971632E+01	5.568179E+03
12.745	-1.199315E+06	6.713578E+02	5.032538E+01	5.568179E+03
12.75	-1.199313E+06	6.407209E+02	5.095162E+01	5.568179E+03
12.755	-1.199313E+06	6.293796E+02	5.080575E+01	5.568179E+03
12.76	-1.199314E+06	6.609998E+02	5.001143E+01	5.568179E+03
12.765	-1.199313E+06	6.385306E+02	5.063792E+01	5.568179E+03
12.77	-1.199314E+06	6.542050E+02	5.169045E+01	5.568179E+03
12.775	-1.199314E+06	6.553755E+02	5.274143E+01	5.568179E+03
12.78	-1.199313E+06	6.384759E+02	5.337786E+01	5.568179E+03
12.785	-1.199313E+06	6.791567E+02	5.237294E+01	5.568179E+03
12.79	-1.199314E+06	7.067064E+02	5.072052E+01	5.568179E+03
12.795	-1.199313E+06	6.486306E+02	4.945560E+01	5.568179E+03
12.8	-1.199312E+06	5.988808E+02	4.846872E+01	5.568179E+03
12.805	-1.199314E+06	6.282901E+02	4.809333E+01	5.568179E+03
12.81	-1.199313E+06	6.465175E+02	4.837878E+01	5.568179E+03
12.815	-1.199314E+06	6.801065E+02	4.779911E+01	5.568179E+03
12.82	-1.199313E+06	6.612979E+02	4.758984E+01	5.568179E+03
12.825	-1.199312E+06	6.474955E+02	4.854602E+01	5.568179E+03
12.83	-1.199315E+06	6.971467E+02	4.890595E+01	5.568179E+03
12.835	-1.199312E+06	6.525083E+02	4.963823E+01	5.568179E+03
12.84	-1.199313E+06	6.584629E+02	4.956536E+01	5.568179E+03
12.845	-1.199313E+06	6.612972E+02	4.852643E+01	5.568179E+03
12.85	-1.199313E+06	6.533312E+02	4.878696E+01	5.568179E+03
12.855	-1.199313E+06	6.561085E+02	5.071176E+01	5.568179E+03
12.86	-1.199314E+06	6.956933E+02	5.151421E+01	5.568179E+03
12.865	-1.199313E+06	6.906556E+02	5.153245E+01	5.568179E+03
12.87	-1.199312E+06	6.661296E+02	5.073474E+01	5.568179E+03
12.875	-1.199314E+06	7.024937E+02	4.928237E+01	5.568179E+03
12.88	-1.199313E+06	6.932845E+02	4.980758E+01	5.568179E+03
12.885	-1.199312E+06	6.585521E+02	5.066484E+01	5.568179E+03
12.89	-1.199314E+06	6.872847E+02	4.928685E+01	5.568179E+03
12.895	-1.199314E+06	6.782747E+02	4.830564E+01	5.568179E+03
12.9	-1.199312E+06	6.427377E+02	4.796955E+01	5.568179E+03
12.905	-1.199314E+06	6.809367E+02	4.675181E+01	5.568179E+03
12.91	-1.199312E+06	6.563347E+02	4.750832E+01	5.568179E+03
12.915	-1.199313E+06	6.649281E+02	4.773413E+01	5.568179E+03
12.92	-1.199314E+06	7.024422E+02	4.658282E+01	5.568179E+03
12.925	-1.199312E+06	6.595748E+02	4.730896E+01	5.568179E+03
12.93	-1.199313E+06	6.833908E+02	4.748165E+01	5.568179E+03
12.935	-1.199313E+06	6.897423E+02	4.747453E+01	5.568179E+03
12.94	-1.199312E+06	6.686695E+02	4.831131E+01	5.568179E+03
12.945	-1.199313E+06	6.929124E+02	4.957819E+01	5.568179E+03
12.95	-1.199313E+06	6.996323E+02	5.115893E+01	5.568179E+03
12.955	-1.199313E+06	6.744292E+02	5.215920E+01	5.568179E+03
12.96	-1.199313E+06	6.821535E+02	5.226373E+01	5.568179E+03
12.965	-1.199314E+06	7.145810E+02	5.139625E+01	5.568179E+03
12.97	-1.199312E+06	6.711984E+02	5.049843E+01	5.568179E+03
12.975	-1.199313E+06	6.667053E+02	4.910524E+01	5.568179E+03
12.98	-1.199313E+06	6.736418E+02	4.835443E+01	5.568179E+03
12.985	-1.199313E+06	6.510188E+02	4.784593E+01	5.568179E+03
12.99	-1.199312E+06	6.251169E+02	4.723508E+01	5.568179E+03
12.995	-1.199314E+06	6.801724E+02	4.847408E+01	5.568179E+03
13.0	-1.199313E+06	6.854563E+02	5.063239E+01	5.568179E+03
13.005	-1.199313E+06	6.781534E+02	5.040462E+01	5.568179E+03
13.01	-1.199313E+06	6.716395E+02	5.060867E+01	5.568179E+03
13.015	-1.199313E+06	6.853336E+02	5.091775E+01	5.568179E+03
13.02	-1.199314E+06	6.952698E+02	5.033725E+01	5.568179E+03
13.025	-1.199312E+06	6.598295E+02	5.003519E+01	5.568179E+03
13.03	-1.199314E+06	6.780620E+02	4.810084E+01	5.568179E+03
13.035	-1.199312E+06	6.176873E+02	4.666081E+01	5.568179E+03
13.04	-1.199313E+06	6.382828E+02	4.578278E+01	5.568179E+03
13.045	-1.199313E+06	6.700545E+02	4.625706E+01	5.568179E+03
13.05	-1.199312E+06	6.603524E+02	4.818996E+01	5.568179E+03
13.055	-1.199314E+06	7.148338E+02	4.899712E+01	5.568179E+03
13.06	-1.199312E+06	6.992277E+02	4.929389E+01	5.568179E+03
13.065	-1.199313E+06	6.953156E+02	4.903725E+01	5.568179E+03
13.07	-1.199313E+06	6.790970E+02	4.830268E+01	5.568179E+03
13.075	-1.199313E+06	6.367758E+02	4.821169E+01	5.568179E+03
13.08	-1.199312E+06	6.014186E+02	4.952434E+01	5.568179E+03
13.085	-1.199313E+06	6.472867E+02	5.064091E+01	5.568179E+03
13.09	-1.199314E+06	6.860651E+02	5.203817E+01	5.568179E+03
13.095	-1.199312E+06	6.577872E+02	5.289520E+01	5.568179E+03
13.1	-1.199313E+06	6.876923E+02	5.250179E+01	5.568179E+03
13.105	-1.199313E+06	7.031369E+02	5.324561E+01	5.568179E+03
13.11	-1.199312E+06	6.836426E+02	5.323886E+01	5.568179E+03
13.115	-1.199314E+06	7.061518E+02	5.127961E+01	5.568179E+03
13.12	-1.199312E+06	6.919021E+02	5.020735E+01	5.568179E+03
13.125	-1.199314E+06	7.172694E+02	4.878182E+01	5.568179E+03
13.13	-1.199313E+06	7.006663E+02	4.795285E+01	5.568179E+03
13.135	-1.199313E+06	6.594676E+02	4.853870E+01	5.568179E+03
13.14	-1.199312E+06	6.589623E+02	4.927454E+01	5.568179E+03
13.145	-1.199313E+06	6.866274E+02	5.083714E+01	5.568179E+03
13.15	-1.199312E+06	6.756738E+02	5.335112E+01	5.568179E+03
13.155	-1.199313E+06	6.930442E+02	5.431585E+01	5.568179E+03
13.16	-1.199313E+06	7.010874E+02	5.445335E+01	5.568179E+03
13.165	-1.199313E+06	6.744780E+02	5.413231E+01	5.568179E+03
13.17	-1.199313E+06	6.623910E+02	5.225783E+01	5.568179E+03
13.175	-1.199313E+06	6.515009E+02	4.958144E+01	5.568179E+03
13.18	-1.199312E+06	6.432627E+02	4.668456E+01	5.568179E+03
13.185	-1.199313E+06	6.684665E+02	4.361839E+01	5.568179E+03
13.19	-1.199312E+06	6.530293E+02	4.171473E+01	5.568179E+03
13.195	-1.199312E+06	6.510710E+02	4.117581E+01	5.568179E+03
13.2	-1.199313E+06	6.735812E+02	4.101905E+01	5.568179E+03
13.205	-1.199313E+06	6.608605E+02	4.129316E+01	5.568179E+03
13.21	-1.199312E+06	6.228733E+02	4.255848E+01	5.568179E+03
13.215	-1.199313E+06	6.441479E+02	4.323825E+01	5.568179E+03
13.22	-1.199313E+06	6.495552E+02	4.386131E+01	5.568179E+03
13.225	-1.199311E+06	6.127054E+02	4.453004E+01	5.568179E+03
13.23	-1.199313E+06	6.653314E+02	4.411880E+01	5.568179E+03
13.235	-1.199313E+06	6.700932E+02	4.487953E+01	5.568179E+03
13.24	-1.199312E+06	6.217491E+02	4.601910E+01	5.568179E+03
13.245	-1.199313E+06	6.470210E+02	4.617513E+01	5.568179E+03
13.25	-1.199313E+06	6.721457E+02	4.746867E+01	5.568179E+03
13.255	-1.199313E+06	6.694523E+02	4.909518E+01	5.568179E+03
13.26	-1.199313E+06	6.525909E+02	4.890284E+01	5.568179E+03
13.265	-1.199313E+06	6.502712E+02	4.852964E+01	5.568179E+03
13.27	-1.199312E+06	6.350660E+02	4.834499E+01	5.568179E+03
13.275	-1.199314E+06	6.724133E+02	4.668590E+01	5.568179E+03
13.28	-1.199313E+06	6.655958E+02	4.593202E+01	5.568179E+03
13.285	-1.199313E+06	6.395857E+02	4.555170E+01	5.568179E+03
13.29	-1.199313E+06	6.600375E+02	4.459548E+01	5.568179E+03
13.295	-1.199314E+06	6.596172E+02	4.583838E+01	5.568179E+03
13.3	-1.199312E+06	6.217556E+02	4.841361E+01	5.568179E+03
13.305	-1.199313E+06	6.450109E+02	4.921676E+01	5.568179E+03
13.31	-1.199313E+06	6.498006E+02	5.063076E+01	5.568179E+03
13.315	-1.199313E+06	6.235935E+02	5.175311E+01	5.568179E+03
13.32	-1.199313E+06	6.472849E+02	5.041239E+01	5.568179E+03
13.325	-1.199314E+06	6.728622E+02	4.965835E+01	5.568179E+03
13.33	-1.199312E+06	6.196618E+02	4.987054E+01	5.568179E+03
