#t	totalEnergy 	temperature  	pressure 	volume 		PtensXX 	PtensXY 	PtensXZ 	PtensYX 	PtensYY 	PtensYZ 	PtensZX 	PtensZY 	PtensZZ
0.0	-1.199320E+06	2.999987E+02	1.647896E+01	5.568179E+03
0.005	-1.199330E+06	5.610548E+02	2.183076E+01	5.568179E+03
0.01	-1.199326E+06	6.588744E+02	3.544560E+01	5.568179E+03
0.015	-1.199327E+06	7.378090E+02	4.600575E+01	5.568179E+03
0.02	-1.199329E+06	7.943211E+02	5.401075E+01	5.568179E+03
0.025	-1.199325E+06	6.904140E+02	6.034244E+01	5.568179E+03
0.03	-1.199327E+06	7.147547E+02	6.542028E+01	5.568179E+03
0.035	-1.199327E+06	6.948357E+02	6.763713E+01	5.568179E+03
0.04	-1.199326E+06	6.477726E+02	6.642596E+01	5.568179E+03
0.045	-1.199328E+06	6.875001E+02	6.262548E+01	5.568179E+03
0.05	-1.199327E+06	6.908117E+02	5.641032E+01	5.568179E+03
0.055	-1.199327E+06	6.748626E+02	5.193496E+01	5.568179E+03
0.06	-1.199327E+06	6.864530E+02	4.859551E+01	5.568179E+03
0.065	-1.199328E+06	6.929842E+02	4.525475E+01	5.568179E+03
0.07	-1.199326E+06	6.444785E+02	4.372947E+01	5.568179E+03
0.075	-1.199328E+06	6.951256E+02	4.210730E+01	5.568179E+03
0.08	-1.199328E+06	6.998121E+02	4.353274E+01	5.568179E+03
0.085	-1.199325E+06	6.616026E+02	4.779694E+01	5.568179E+03
0.09	-1.199329E+06	7.539353E+02	5.076570E+01	5.568179E+03
0.095	-1.199327E+06	7.040469E+02	5.411822E+01	5.568179E+03
0.1	-1.199327E+06	6.846923E+02	5.577030E+01	5.568179E+03
0.105	-1.199329E+06	7.050002E+02	5.569355E+01	5.568179E+03
0.11	-1.199325E+06	6.332939E+02	5.597694E+01	5.568179E+03
0.115	-1.199328E+06	6.756765E+02	5.526695E+01	5.568179E+03
0.12	-1.199327E+06	6.547499E+02	5.447528E+01	5.568179E+03
0.125	-1.199327E+06	6.490466E+02	5.207066E+01	5.568179E+03
0.13	-1.199327E+06	6.627733E+02	4.889799E+01	5.568179E+03
0.135	-1.199327E+06	6.395399E+02	4.458777E+01	5.568179E+03
0.14	-1.199327E+06	6.132457E+02	4.113764E+01	5.568179E+03
0.145	-1.199327E+06	6.332654E+02	4.206637E+01	5.568179E+03
0.15	-1.199327E+06	6.741530E+02	4.369258E+01	5.568179E+03
0.155	-1.199328E+06	7.019740E+02	4.412168E+01	5.568179E+03
0.16	-1.199327E+06	6.845703E+02	4.393414E+01	5.568179E+03
0.165	-1.199327E+06	6.620672E+02	4.309342E+01	5.568179E+03
0.17	-1.199327E+06	6.538678E+02	4.624362E+01	5.568179E+03
0.175	-1.199328E+06	6.662541E+02	4.992785E+01	5.568179E+03
0.18	-1.199327E+06	6.528652E+02	5.169107E+01	5.568179E+03
0.185	-1.199328E+06	6.784891E+02	5.329682E+01	5.568179E+03
0.19	-1.199327E+06	6.566666E+02	5.229412E+01	5.568179E+03
0.195	-1.199327E+06	6.593236E+02	5.075200E+01	5.568179E+03
0.2	-1.199328E+06	6.656519E+02	5.017819E+01	5.568179E+03
0.205	-1.199326E+06	6.550639E+02	4.773461E+01	5.568179E+03
0.21	-1.199328E+06	7.016856E+02	4.435462E+01	5.568179E+03
0.215	-1.199327E+06	6.846432E+02	4.031116E+01	5.568179E+03
0.22	-1.199327E+06	6.728900E+02	3.802462E+01	5.568179E+03
0.225	-1.199328E+06	6.710133E+02	4.000426E+01	5.568179E+03
0.23	-1.199327E+06	6.320254E+02	4.257605E+01	5.568179E+03
0.235	-1.199327E+06	6.344419E+02	4.410389E+01	5.568179E+03
0.24	-1.199328E+06	6.695253E+02	4.482922E+01	5.568179E+03
0.245	-1.199327E+06	6.659397E+02	4.616189E+01	5.568179E+03
0.25	-1.199327E+06	6.505950E+02	4.893763E+01	5.568179E+03
0.255	-1.199328E+06	6.585449E+02	5.161411E+01	5.568179E+03
0.26	-1.199326E+06	6.062993E+02	5.398995E+01	5.568179E+03
0.265	-1.199327E+06	6.348789E+02	5.330612E+01	5.568179E+03
0.27	-1.199329E+06	6.739295E+02	5.033180E+01	5.568179E+03
0.275	-1.199326E+06	6.158377E+02	4.782242E+01	5.568179E+03
0.28	-1.199328E+06	6.616860E+02	4.462770E+01	5.568179E+03
0.285	-1.199328E+06	6.614739E+02	4.304394E+01	5.568179E+03
0.29	-1.199327E+06	6.265771E+02	4.141522E+01	5.568179E+03
0.295	-1.199328E+06	6.204715E+02	3.847055E+01	5.568179E+03
0.3	-1.199327E+06	5.932884E+02	3.718511E+01	5.568179E+03
0.305	-1.199327E+06	6.202002E+02	3.813441E+01	5.568179E+03
0.31	-1.199328E+06	6.782796E+02	4.186849E+01	5.568179E+03
0.315	-1.199328E+06	6.790114E+02	4.735706E+01	5.568179E+03
0.32	-1.199327E+06	6.698189E+02	5.148268E+01	5.568179E+03
0.325	-1.199329E+06	6.754490E+02	5.341599E+01	5.568179E+03
0.33	-1.199327E+06	6.191127E+02	5.457488E+01	5.568179E+03
0.335	-1.199328E+06	6.500865E+02	5.573704E+01	5.568179E+03
0.34	-1.199329E+06	6.674838E+02	5.608646E+01	5.568179E+03
0.345	-1.199327E+06	6.279811E+02	5.440058E+01	5.568179E+03
0.35	-1.199329E+06	6.444747E+02	5.114975E+01	5.568179E+03
0.355	-1.199327E+06	6.190227E+02	4.660191E+01	5.568179E+03
0.36	-1.199328E+06	6.386451E+02	4.257184E+01	5.568179E+03
0.365	-1.199328E+06	6.294726E+02	4.191196E+01	5.568179E+03
0.37	-1.199327E+06	6.066894E+02	4.211674E+01	5.568179E+03
0.375	-1.199329E+06	6.373606E+02	4.204069E+01	5.568179E+03
0.38	-1.199328E+06	6.423327E+02	4.087510E+01	5.568179E+03
0.385	-1.199329E+06	6.548851E+02	3.968323E+01	5.568179E+03
0.39	-1.199328E+06	6.287214E+02	4.243711E+01	5.568179E+03
0.395	-1.199329E+06	6.260685E+02	4.543107E+01	5.568179E+03
0.4	-1.199328E+06	5.932323E+02	4.705216E+01	5.568179E+03
0.405	-1.199329E+06	6.008666E+02	4.779502E+01	5.568179E+03
0.41	-1.199328E+06	5.910973E+02	4.831089E+01	5.568179E+03
0.415	-1.199327E+06	5.957271E+02	5.008188E+01	5.568179E+03
0.42	-1.199330E+06	6.493357E+02	5.206236E+01	5.568179E+03
0.425	-1.199327E+06	5.866728E+02	5.280509E+01	5.568179E+03
0.43	-1.199329E+06	6.197487E+02	5.075106E+01	5.568179E+03
0.435	-1.199329E+06	6.243573E+02	4.799760E+01	5.568179E+03
0.44	-1.199327E+06	5.835185E+02	4.548652E+01	5.568179E+03
0.445	-1.199330E+06	6.271493E+02	4.330823E+01	5.568179E+03
0.45	-1.199328E+06	5.885208E+02	4.220432E+01	5.568179E+03
0.455	-1.199328E+06	5.566023E+02	4.037478E+01	5.568179E+03
0.46	-1.199329E+06	5.654392E+02	3.868530E+01	5.568179E+03
0.465	-1.199329E+06	5.736303E+02	3.852239E+01	5.568179E+03
0.47	-1.199328E+06	5.835186E+02	4.001946E+01	5.568179E+03
0.475	-1.199329E+06	6.133622E+02	4.328985E+01	5.568179E+03
0.48	-1.199330E+06	6.300653E+02	4.727593E+01	5.568179E+03
0.485	-1.199328E+06	5.928408E+02	5.038854E+01	5.568179E+03
0.49	-1.199330E+06	6.073130E+02	5.121290E+01	5.568179E+03
0.495	-1.199328E+06	5.564081E+02	5.129029E+01	5.568179E+03
0.5	-1.199328E+06	5.573217E+02	5.118551E+01	5.568179E+03
0.505	-1.199330E+06	5.957387E+02	5.059695E+01	5.568179E+03
0.51	-1.199328E+06	5.493246E+02	4.918015E+01	5.568179E+03
0.515	-1.199330E+06	5.888580E+02	4.605639E+01	5.568179E+03
0.52	-1.199329E+06	5.636866E+02	4.354654E+01	5.568179E+03
0.525	-1.199329E+06	5.601377E+02	4.257374E+01	5.568179E+03
0.53	-1.199330E+06	5.850450E+02	4.358063E+01	5.568179E+03
0.535	-1.199329E+06	5.872048E+02	4.488890E+01	5.568179E+03
0.54	-1.199330E+06	6.037004E+02	4.495964E+01	5.568179E+03
0.545	-1.199329E+06	5.938344E+02	4.431706E+01	5.568179E+03
0.55	-1.199329E+06	5.815190E+02	4.397044E+01	5.568179E+03
0.555	-1.199329E+06	5.579742E+02	4.499702E+01	5.568179E+03
0.56	-1.199329E+06	5.196474E+02	4.671544E+01	5.568179E+03
0.565	-1.199329E+06	4.922650E+02	4.839413E+01	5.568179E+03
0.57	-1.199329E+06	5.199600E+02	4.913375E+01	5.568179E+03
0.575	-1.199330E+06	5.636691E+02	4.868902E+01	5.568179E+03
0.58	-1.199328E+06	5.543692E+02	4.883243E+01	5.568179E+03
0.585	-1.199330E+06	6.126352E+02	4.910535E+01	5.568179E+03
0.59	-1.199330E+06	6.103995E+02	4.890982E+01	5.568179E+03
0.595	-1.199329E+06	5.637617E+02	4.703424E+01	5.568179E+03
0.6	-1.199330E+06	5.673321E+02	4.427054E+01	5.568179E+03
0.605	-1.199329E+06	5.595959E+02	4.224673E+01	5.568179E+03
0.61	-1.199330E+06	5.574089E+02	4.103944E+01	5.568179E+03
0.615	-1.199329E+06	5.153489E+02	4.225263E+01	5.568179E+03
0.62	-1.199329E+06	5.249813E+02	4.455839E+01	5.568179E+03
0.625	-1.199330E+06	5.467454E+02	4.628661E+01	5.568179E+03
0.63	-1.199329E+06	5.232296E+02	4.672892E+01	5.568179E+03
0.635	-1.199330E+06	5.285359E+02	4.630623E+01	5.568179E+03
0.64	-1.199329E+06	5.414815E+02	4.696639E+01	5.568179E+03
0.645	-1.199330E+06	5.774409E+02	4.692649E+01	5.568179E+03
0.65	-1.199330E+06	5.696880E+02	4.509654E+01	5.568179E+03
0.655	-1.199330E+06	5.234847E+02	4.201538E+01	5.568179E+03
0.66	-1.199330E+06	4.944562E+02	3.903341E+01	5.568179E+03
0.665	-1.199330E+06	5.012699E+02	3.909692E+01	5.568179E+03
0.67	-1.199330E+06	5.317947E+02	4.105943E+01	5.568179E+03
0.675	-1.199331E+06	5.389401E+02	4.166713E+01	5.568179E+03
0.68	-1.199330E+06	5.242861E+02	4.111287E+01	5.568179E+03
0.685	-1.199331E+06	5.315756E+02	3.982670E+01	5.568179E+03
0.69	-1.199330E+06	5.039964E+02	3.927599E+01	5.568179E+03
0.695	-1.199330E+06	4.860096E+02	4.017139E+01	5.568179E+03
0.7	-1.199330E+06	4.888577E+02	4.169041E+01	5.568179E+03
0.705	-1.199331E+06	5.055636E+02	4.278575E+01	5.568179E+03
0.71	-1.199331E+06	5.115181E+02	4.258766E+01	5.568179E+03
0.715	-1.199330E+06	4.802307E+02	4.207712E+01	5.568179E+03
0.72	-1.199331E+06	5.090232E+02	4.269461E+01	5.568179E+03
0.725	-1.199331E+06	5.145157E+02	4.407632E+01	5.568179E+03
0.73	-1.199330E+06	4.821224E+02	4.445264E+01	5.568179E+03
0.735	-1.199331E+06	5.038618E+02	4.383200E+01	5.568179E+03
0.74	-1.199331E+06	5.057247E+02	4.337634E+01	5.568179E+03
0.745	-1.199331E+06	4.926198E+02	4.354446E+01	5.568179E+03
0.75	-1.199331E+06	4.954296E+02	4.452601E+01	5.568179E+03
0.755	-1.199331E+06	4.805500E+02	4.522969E+01	5.568179E+03
0.76	-1.199331E+06	4.801252E+02	4.472769E+01	5.568179E+03
0.765	-1.199331E+06	4.816705E+02	4.456444E+01	5.568179E+03
0.77	-1.199331E+06	4.829528E+02	4.545679E+01	5.568179E+03
0.775	-1.199332E+06	5.123605E+02	4.679929E+01	5.568179E+03
0.78	-1.199332E+06	5.115266E+02	4.904363E+01	5.568179E+03
0.785	-1.199330E+06	4.791508E+02	5.089864E+01	5.568179E+03
0.79	-1.199332E+06	5.076542E+02	5.101640E+01	5.568179E+03
0.795	-1.199331E+06	4.866695E+02	5.089484E+01	5.568179E+03
0.8	-1.199331E+06	4.689994E+02	4.961442E+01	5.568179E+03
0.805	-1.199332E+06	4.642386E+02	4.843682E+01	5.568179E+03
0.81	-1.199331E+06	4.494563E+02	4.803620E+01	5.568179E+03
0.815	-1.199332E+06	4.646712E+02	4.687829E+01	5.568179E+03
0.82	-1.199332E+06	4.735878E+02	4.542420E+01	5.568179E+03
0.825	-1.199331E+06	4.379922E+02	4.423684E+01	5.568179E+03
0.83	-1.199331E+06	4.370507E+02	4.363679E+01	5.568179E+03
0.835	-1.199333E+06	4.718552E+02	4.434576E+01	5.568179E+03
0.84	-1.199331E+06	4.602539E+02	4.572611E+01	5.568179E+03
0.845	-1.199332E+06	4.709446E+02	4.632550E+01	5.568179E+03
0.85	-1.199332E+06	4.446434E+02	4.677228E+01	5.568179E+03
0.855	-1.199331E+06	4.246905E+02	4.779612E+01	5.568179E+03
0.86	-1.199333E+06	4.534848E+02	4.995003E+01	5.568179E+03
0.865	-1.199332E+06	4.317875E+02	5.268989E+01	5.568179E+03
0.87	-1.199332E+06	4.503160E+02	5.446060E+01	5.568179E+03
0.875	-1.199333E+06	4.810220E+02	5.461739E+01	5.568179E+03
0.88	-1.199332E+06	4.350367E+02	5.362038E+01	5.568179E+03
0.885	-1.199332E+06	4.270374E+02	5.194508E+01	5.568179E+03
0.89	-1.199333E+06	4.424346E+02	5.050789E+01	5.568179E+03
0.895	-1.199332E+06	4.231419E+02	4.945523E+01	5.568179E+03
0.9	-1.199332E+06	4.318162E+02	4.751057E+01	5.568179E+03
0.905	-1.199333E+06	4.581688E+02	4.515252E+01	5.568179E+03
0.91	-1.199332E+06	4.305935E+02	4.426912E+01	5.568179E+03
0.915	-1.199332E+06	4.297185E+02	4.466515E+01	5.568179E+03
0.92	-1.199333E+06	4.339584E+02	4.612850E+01	5.568179E+03
0.925	-1.199332E+06	4.152729E+02	4.778458E+01	5.568179E+03
0.93	-1.199334E+06	4.410415E+02	4.824250E+01	5.568179E+03
0.935	-1.199333E+06	4.177395E+02	4.879065E+01	5.568179E+03
0.94	-1.199332E+06	4.069874E+02	4.978381E+01	5.568179E+03
0.945	-1.199334E+06	4.310152E+02	5.093692E+01	5.568179E+03
0.95	-1.199332E+06	4.067377E+02	5.171823E+01	5.568179E+03
0.955	-1.199333E+06	4.016629E+02	5.105736E+01	5.568179E+03
0.96	-1.199333E+06	4.035926E+02	4.989116E+01	5.568179E+03
0.965	-1.199333E+06	4.040244E+02	4.891972E+01	5.568179E+03
0.97	-1.199333E+06	4.208996E+02	4.839277E+01	5.568179E+03
0.975	-1.199333E+06	4.209342E+02	4.822870E+01	5.568179E+03
0.98	-1.199333E+06	4.009178E+02	4.768041E+01	5.568179E+03
0.985	-1.199333E+06	3.989893E+02	4.660928E+01	5.568179E+03
0.99	-1.199333E+06	3.829687E+02	4.584247E+01	5.568179E+03
0.995	-1.199333E+06	3.884351E+02	4.625215E+01	5.568179E+03
1.0	-1.199333E+06	3.940552E+02	4.781841E+01	5.568179E+03
1.005	-1.199333E+06	4.080495E+02	4.899314E+01	5.568179E+03
1.01	-1.199334E+06	4.166500E+02	4.962155E+01	5.568179E+03
1.015	-1.199333E+06	3.905190E+02	4.911721E+01	5.568179E+03
1.02	-1.199333E+06	3.720110E+02	4.872353E+01	5.568179E+03
1.025	-1.199333E+06	3.878234E+02	4.986439E+01	5.568179E+03
1.03	-1.199334E+06	3.936440E+02	5.053517E+01	5.568179E+03
1.035	-1.199333E+06	3.667257E+02	5.076854E+01	5.568179E+03
1.04	-1.199334E+06	3.753049E+02	5.049220E+01	5.568179E+03
1.045	-1.199334E+06	3.786022E+02	5.002699E+01	5.568179E+03
1.05	-1.199333E+06	3.643646E+02	5.126723E+01	5.568179E+03
1.055	-1.199334E+06	3.872401E+02	5.226476E+01	5.568179E+03
1.06	-1.199334E+06	3.986968E+02	5.176029E+01	5.568179E+03
1.065	-1.199333E+06	3.863166E+02	5.087463E+01	5.568179E+03
1.07	-1.199334E+06	3.857914E+02	4.974145E+01	5.568179E+03
1.075	-1.199334E+06	3.811919E+02	5.001088E+01	5.568179E+03
1.08	-1.199334E+06	3.843661E+02	5.138330E+01	5.568179E+03
1.085	-1.199334E+06	3.680846E+02	5.221181E+01	5.568179E+03
1.09	-1.199334E+06	3.455841E+02	5.260786E+01	5.568179E+03
1.095	-1.199334E+06	3.521062E+02	5.271857E+01	5.568179E+03
1.1	-1.199334E+06	3.603634E+02	5.303422E+01	5.568179E+03
1.105	-1.199334E+06	3.635989E+02	5.385928E+01	5.568179E+03
1.11	-1.199334E+06	3.451626E+02	5.467340E+01	5.568179E+03
1.115	-1.199334E+06	3.439300E+02	5.475509E+01	5.568179E+03
1.12	-1.199334E+06	3.648972E+02	5.381915E+01	5.568179E+03
1.125	-1.199334E+06	3.663367E+02	5.195332E+01	5.568179E+03
1.13	-1.199334E+06	3.772497E+02	5.002207E+01	5.568179E+03
1.135	-1.199335E+06	3.732264E+02	4.956831E+01	5.568179E+03
1.14	-1.199334E+06	3.383099E+02	5.028730E+01	5.568179E+03
1.145	-1.199334E+06	3.261511E+02	5.090384E+01	5.568179E+03
1.15	-1.199334E+06	3.221419E+02	5.156858E+01	5.568179E+03
1.155	-1.199334E+06	3.374188E+02	5.261166E+01	5.568179E+03
1.16	-1.199335E+06	3.633767E+02	5.431014E+01	5.568179E+03
1.165	-1.199334E+06	3.511313E+02	5.650753E+01	5.568179E+03
1.17	-1.199334E+06	3.426387E+02	5.769879E+01	5.568179E+03
1.175	-1.199335E+06	3.543131E+02	5.747026E+01	5.568179E+03
1.18	-1.199335E+06	3.554355E+02	5.620287E+01	5.568179E+03
1.185	-1.199334E+06	3.257424E+02	5.470143E+01	5.568179E+03
1.19	-1.199335E+06	3.397227E+02	5.369974E+01	5.568179E+03
1.195	-1.199335E+06	3.486193E+02	5.335836E+01	5.568179E+03
1.2	-1.199334E+06	3.181484E+02	5.281776E+01	5.568179E+03
1.205	-1.199335E+06	3.312437E+02	5.140607E+01	5.568179E+03
1.21	-1.199335E+06	3.256214E+02	5.089731E+01	5.568179E+03
1.215	-1.199335E+06	3.264715E+02	5.153281E+01	5.568179E+03
1.22	-1.199335E+06	3.259099E+02	5.254770E+01	5.568179E+03
1.225	-1.199335E+06	3.198578E+02	5.334224E+01	5.568179E+03
1.23	-1.199335E+06	3.269015E+02	5.313640E+01	5.568179E+03
1.235	-1.199335E+06	3.264248E+02	5.242551E+01	5.568179E+03
1.24	-1.199335E+06	3.165097E+02	5.240886E+01	5.568179E+03
1.245	-1.199335E+06	3.143523E+02	5.286314E+01	5.568179E+03
1.25	-1.199335E+06	3.149084E+02	5.327040E+01	5.568179E+03
1.255	-1.199334E+06	3.013573E+02	5.356328E+01	5.568179E+03
1.26	-1.199335E+06	3.173129E+02	5.313544E+01	5.568179E+03
1.265	-1.199335E+06	3.197764E+02	5.271486E+01	5.568179E+03
1.27	-1.199335E+06	3.017824E+02	5.294412E+01	5.568179E+03
1.275	-1.199335E+06	2.896692E+02	5.314963E+01	5.568179E+03
1.28	-1.199335E+06	2.899239E+02	5.291109E+01	5.568179E+03
1.285	-1.199335E+06	2.951322E+02	5.289426E+01	5.568179E+03
1.29	-1.199335E+06	3.038593E+02	5.281551E+01	5.568179E+03
1.295	-1.199336E+06	3.186459E+02	5.250569E+01	5.568179E+03
1.3	-1.199335E+06	2.955620E+02	5.304234E+01	5.568179E+03
1.305	-1.199335E+06	2.879079E+02	5.354245E+01	5.568179E+03
1.31	-1.199336E+06	2.955831E+02	5.394202E+01	5.568179E+03
1.315	-1.199335E+06	2.875014E+02	5.448897E+01	5.568179E+03
1.32	-1.199336E+06	3.013823E+02	5.425760E+01	5.568179E+03
1.325	-1.199335E+06	3.009597E+02	5.497139E+01	5.568179E+03
1.33	-1.199335E+06	2.992368E+02	5.629523E+01	5.568179E+03
1.335	-1.199335E+06	2.998912E+02	5.643272E+01	5.568179E+03
1.34	-1.199335E+06	2.881929E+02	5.651463E+01	5.568179E+03
1.345	-1.199335E+06	2.785868E+02	5.638227E+01	5.568179E+03
1.35	-1.199335E+06	2.856324E+02	5.581178E+01	5.568179E+03
1.355	-1.199335E+06	2.896389E+02	5.621052E+01	5.568179E+03
1.36	-1.199335E+06	2.841479E+02	5.626996E+01	5.568179E+03
1.365	-1.199336E+06	3.061933E+02	5.501377E+01	5.568179E+03
1.37	-1.199335E+06	2.851084E+02	5.424611E+01	5.568179E+03
1.375	-1.199335E+06	2.713185E+02	5.365950E+01	5.568179E+03
1.38	-1.199336E+06	2.869520E+02	5.422101E+01	5.568179E+03
1.385	-1.199335E+06	2.775522E+02	5.609645E+01	5.568179E+03
1.39	-1.199336E+06	2.847136E+02	5.662131E+01	5.568179E+03
1.395	-1.199336E+06	2.768702E+02	5.634145E+01	5.568179E+03
1.4	-1.199335E+06	2.512719E+02	5.624977E+01	5.568179E+03
1.405	-1.199336E+06	2.717537E+02	5.604247E+01	5.568179E+03
1.41	-1.199336E+06	2.774351E+02	5.660298E+01	5.568179E+03
1.415	-1.199335E+06	2.699929E+02	5.707277E+01	5.568179E+03
1.42	-1.199336E+06	2.841746E+02	5.626800E+01	5.568179E+03
1.425	-1.199335E+06	2.646092E+02	5.506734E+01	5.568179E+03
1.43	-1.199335E+06	2.501825E+02	5.410126E+01	5.568179E+03
1.435	-1.199336E+06	2.623677E+02	5.380376E+01	5.568179E+03
1.44	-1.199335E+06	2.597010E+02	5.441064E+01	5.568179E+03
1.445	-1.199336E+06	2.673779E+02	5.496291E+01	5.568179E+03
1.45	-1.199336E+06	2.683236E+02	5.478928E+01	5.568179E+03
1.455	-1.199335E+06	2.408359E+02	5.461802E+01	5.568179E+03
1.46	-1.199336E+06	2.489494E+02	5.498814E+01	5.568179E+03
1.465	-1.199337E+06	2.784132E+02	5.580242E+01	5.568179E+03
1.47	-1.199336E+06	2.565500E+02	5.684857E+01	5.568179E+03
1.475	-1.199336E+06	2.599964E+02	5.673473E+01	5.568179E+03
1.48	-1.199336E+06	2.677281E+02	5.563188E+01	5.568179E+03
1.485	-1.199335E+06	2.386585E+02	5.482642E+01	5.568179E+03
1.49	-1.199336E+06	2.450760E+02	5.432942E+01	5.568179E+03
1.495	-1.199336E+06	2.426383E+02	5.446980E+01	5.568179E+03
1.5	-1.199336E+06	2.442271E+02	5.459984E+01	5.568179E+03
1.505	-1.199336E+06	2.629307E+02	5.408898E+01	5.568179E+03
1.51	-1.199336E+06	2.473531E+02	5.368524E+01	5.568179E+03
1.515	-1.199336E+06	2.518704E+02	5.345525E+01	5.568179E+03
1.52	-1.199336E+06	2.544785E+02	5.369833E+01	5.568179E+03
1.525	-1.199336E+06	2.436899E+02	5.411099E+01	5.568179E+03
1.53	-1.199336E+06	2.487648E+02	5.391372E+01	5.568179E+03
1.535	-1.199336E+06	2.503167E+02	5.315044E+01	5.568179E+03
1.54	-1.199336E+06	2.337049E+02	5.249243E+01	5.568179E+03
1.545	-1.199336E+06	2.371984E+02	5.243940E+01	5.568179E+03
1.55	-1.199336E+06	2.285848E+02	5.331261E+01	5.568179E+03
1.555	-1.199336E+06	2.161271E+02	5.439311E+01	5.568179E+03
1.56	-1.199336E+06	2.332425E+02	5.496208E+01	5.568179E+03
1.565	-1.199336E+06	2.358758E+02	5.541502E+01	5.568179E+03
1.57	-1.199336E+06	2.382140E+02	5.586302E+01	5.568179E+03
1.575	-1.199337E+06	2.466875E+02	5.610004E+01	5.568179E+03
1.58	-1.199336E+06	2.277397E+02	5.592215E+01	5.568179E+03
1.585	-1.199336E+06	2.248061E+02	5.484435E+01	5.568179E+03
1.59	-1.199336E+06	2.294686E+02	5.357297E+01	5.568179E+03
1.595	-1.199336E+06	2.175055E+02	5.274643E+01	5.568179E+03
1.6	-1.199336E+06	2.232020E+02	5.234192E+01	5.568179E+03
1.605	-1.199336E+06	2.164467E+02	5.282406E+01	5.568179E+03
1.61	-1.199336E+06	2.114368E+02	5.348944E+01	5.568179E+03
1.615	-1.199337E+06	2.313674E+02	5.393948E+01	5.568179E+03
1.62	-1.199336E+06	2.336339E+02	5.457198E+01	5.568179E+03
1.625	-1.199336E+06	2.254889E+02	5.509953E+01	5.568179E+03
1.63	-1.199336E+06	2.212332E+02	5.574299E+01	5.568179E+03
1.635	-1.199336E+06	2.129210E+02	5.626586E+01	5.568179E+03
1.64	-1.199336E+06	2.161099E+02	5.595332E+01	5.568179E+03
1.645	-1.199336E+06	2.237970E+02	5.551575E+01	5.568179E+03
1.65	-1.199337E+06	2.289305E+02	5.545882E+01	5.568179E+03
1.655	-1.199337E+06	2.201298E+02	5.575592E+01	5.568179E+03
1.66	-1.199336E+06	2.116386E+02	5.604769E+01	5.568179E+03
1.665	-1.199337E+06	2.107834E+02	5.577815E+01	5.568179E+03
1.67	-1.199337E+06	2.113253E+02	5.497508E+01	5.568179E+03
1.675	-1.199337E+06	2.194489E+02	5.418913E+01	5.568179E+03
1.68	-1.199337E+06	2.119481E+02	5.409832E+01	5.568179E+03
1.685	-1.199337E+06	2.024457E+02	5.458987E+01	5.568179E+03
1.69	-1.199337E+06	1.991751E+02	5.531116E+01	5.568179E+03
1.695	-1.199336E+06	1.966466E+02	5.590194E+01	5.568179E+03
1.7	-1.199337E+06	2.039887E+02	5.604608E+01	5.568179E+03
1.705	-1.199337E+06	2.071932E+02	5.613518E+01	5.568179E+03
1.71	-1.199337E+06	2.125858E+02	5.631034E+01	5.568179E+03
1.715	-1.199337E+06	2.130799E+02	5.635465E+01	5.568179E+03
1.72	-1.199337E+06	2.046689E+02	5.584732E+01	5.568179E+03
1.725	-1.199337E+06	2.013077E+02	5.481371E+01	5.568179E+03
1.73	-1.199337E+06	1.990983E+02	5.438252E+01	5.568179E+03
1.735	-1.199337E+06	2.172282E+02	5.463230E+01	5.568179E+03
1.74	-1.199337E+06	2.075581E+02	5.525392E+01	5.568179E+03
1.745	-1.199336E+06	1.861916E+02	5.572981E+01	5.568179E+03
1.75	-1.199337E+06	2.064684E+02	5.539386E+01	5.568179E+03
1.755	-1.199337E+06	2.019002E+02	5.503046E+01	5.568179E+03
1.76	-1.199337E+06	2.010130E+02	5.477453E+01	5.568179E+03
1.765	-1.199337E+06	2.120175E+02	5.463033E+01	5.568179E+03
1.77	-1.199337E+06	1.937362E+02	5.467373E+01	5.568179E+03
1.775	-1.199337E+06	1.958330E+02	5.420546E+01	5.568179E+03
1.78	-1.199337E+06	1.960827E+02	5.378638E+01	5.568179E+03
1.785	-1.199337E+06	1.925161E+02	5.374288E+01	5.568179E+03
1.79	-1.199337E+06	1.903423E+02	5.398396E+01	5.568179E+03
1.795	-1.199337E+06	1.831508E+02	5.455494E+01	5.568179E+03
1.8	-1.199337E+06	1.828310E+02	5.514352E+01	5.568179E+03
1.805	-1.199337E+06	1.855870E+02	5.530722E+01	5.568179E+03
1.81	-1.199337E+06	1.789979E+02	5.511248E+01	5.568179E+03
1.815	-1.199337E+06	1.736715E+02	5.499835E+01	5.568179E+03
1.82	-1.199337E+06	1.919948E+02	5.491508E+01	5.568179E+03
1.825	-1.199337E+06	1.912287E+02	5.486607E+01	5.568179E+03
1.83	-1.199337E+06	1.758381E+02	5.441645E+01	5.568179E+03
1.835	-1.199337E+06	1.873095E+02	5.343488E+01	5.568179E+03
1.84	-1.199337E+06	1.831200E+02	5.299798E+01	5.568179E+03
1.845	-1.199337E+06	1.859137E+02	5.299451E+01	5.568179E+03
1.85	-1.199337E+06	1.855547E+02	5.358191E+01	5.568179E+03
1.855	-1.199337E+06	1.695078E+02	5.476779E+01	5.568179E+03
1.86	-1.199337E+06	1.841854E+02	5.554455E+01	5.568179E+03
1.865	-1.199337E+06	1.929293E+02	5.611739E+01	5.568179E+03
1.87	-1.199337E+06	1.828470E+02	5.687161E+01	5.568179E+03
1.875	-1.199337E+06	1.863897E+02	5.756897E+01	5.568179E+03
1.88	-1.199337E+06	1.813298E+02	5.824062E+01	5.568179E+03
1.885	-1.199337E+06	1.822737E+02	5.808428E+01	5.568179E+03
1.89	-1.199337E+06	1.867999E+02	5.659648E+01	5.568179E+03
1.895	-1.199337E+06	1.793697E+02	5.491766E+01	5.568179E+03
1.9	-1.199337E+06	1.764086E+02	5.385760E+01	5.568179E+03
1.905	-1.199337E+06	1.738434E+02	5.319426E+01	5.568179E+03
1.91	-1.199337E+06	1.650279E+02	5.304209E+01	5.568179E+03
1.915	-1.199337E+06	1.582475E+02	5.318539E+01	5.568179E+03
1.92	-1.199337E+06	1.737194E+02	5.335946E+01	5.568179E+03
1.925	-1.199337E+06	1.790758E+02	5.433190E+01	5.568179E+03
1.93	-1.199337E+06	1.764385E+02	5.553541E+01	5.568179E+03
1.935	-1.199337E+06	1.807515E+02	5.602993E+01	5.568179E+03
1.94	-1.199337E+06	1.642481E+02	5.606235E+01	5.568179E+03
1.945	-1.199337E+06	1.627378E+02	5.559386E+01	5.568179E+03
1.95	-1.199337E+06	1.680077E+02	5.538333E+01	5.568179E+03
1.955	-1.199337E+06	1.616496E+02	5.577199E+01	5.568179E+03
1.96	-1.199337E+06	1.653668E+02	5.589282E+01	5.568179E+03
1.965	-1.199337E+06	1.624199E+02	5.558543E+01	5.568179E+03
1.97	-1.199338E+06	1.680499E+02	5.470643E+01	5.568179E+03
1.975	-1.199337E+06	1.640728E+02	5.358854E+01	5.568179E+03
1.98	-1.199337E+06	1.663879E+02	5.273527E+01	5.568179E+03
1.985	-1.199337E+06	1.646802E+02	5.274521E+01	5.568179E+03
1.99	-1.199337E+06	1.566304E+02	5.314300E+01	5.568179E+03
1.995	-1.199337E+06	1.573917E+02	5.332505E+01	5.568179E+03
2.0	-1.199337E+06	1.602747E+02	5.340741E+01	5.568179E+03
2.005	-1.199338E+06	1.669613E+02	5.340561E+01	5.568179E+03
2.01	-1.199338E+06	1.668078E+02	5.380398E+01	5.568179E+03
2.015	-1.199337E+06	1.650557E+02	5.453223E+01	5.568179E+03
2.02	-1.199338E+06	1.691212E+02	5.479526E+01	5.568179E+03
2.025	-1.199337E+06	1.650283E+02	5.465219E+01	5.568179E+03
2.03	-1.199337E+06	1.588823E+02	5.428974E+01	5.568179E+03
2.035	-1.199338E+06	1.621233E+02	5.405842E+01	5.568179E+03
2.04	-1.199338E+06	1.657112E+02	5.444999E+01	5.568179E+03
2.045	-1.199337E+06	1.582296E+02	5.467885E+01	5.568179E+03
2.05	-1.199338E+06	1.592723E+02	5.393394E+01	5.568179E+03
2.055	-1.199338E+06	1.597276E+02	5.277262E+01	5.568179E+03
2.06	-1.199337E+06	1.529447E+02	5.150636E+01	5.568179E+03
2.065	-1.199338E+06	1.504089E+02	5.069792E+01	5.568179E+03
2.07	-1.199338E+06	1.527943E+02	5.076152E+01	5.568179E+03
2.075	-1.199338E+06	1.571561E+02	5.093364E+01	5.568179E+03
2.08	-1.199338E+06	1.527933E+02	5.103596E+01	5.568179E+03
2.085	-1.199337E+06	1.516290E+02	5.124280E+01	5.568179E+03
2.09	-1.199338E+06	1.585000E+02	5.156950E+01	5.568179E+03
2.095	-1.199337E+06	1.463196E+02	5.229619E+01	5.568179E+03
2.1	-1.199337E+06	1.393266E+02	5.300376E+01	5.568179E+03
2.105	-1.199338E+06	1.450299E+02	5.331402E+01	5.568179E+03
2.11	-1.199337E+06	1.458822E+02	5.319805E+01	5.568179E+03
2.115	-1.199337E+06	1.464117E+02	5.282969E+01	5.568179E+03
2.12	-1.199338E+06	1.536775E+02	5.258279E+01	5.568179E+03
2.125	-1.199338E+06	1.514599E+02	5.234168E+01	5.568179E+03
2.13	-1.199337E+06	1.438884E+02	5.172661E+01	5.568179E+03
2.135	-1.199338E+06	1.445167E+02	5.108098E+01	5.568179E+03
2.14	-1.199337E+06	1.400868E+02	5.082464E+01	5.568179E+03
2.145	-1.199337E+06	1.418425E+02	5.080670E+01	5.568179E+03
2.15	-1.199338E+06	1.442283E+02	5.118015E+01	5.568179E+03
2.155	-1.199338E+06	1.444262E+02	5.161129E+01	5.568179E+03
2.16	-1.199338E+06	1.504007E+02	5.172099E+01	5.568179E+03
2.165	-1.199338E+06	1.469154E+02	5.187752E+01	5.568179E+03
2.17	-1.199337E+06	1.415114E+02	5.199432E+01	5.568179E+03
2.175	-1.199338E+06	1.463316E+02	5.200635E+01	5.568179E+03
2.18	-1.199338E+06	1.417167E+02	5.219127E+01	5.568179E+03
2.185	-1.199338E+06	1.438085E+02	5.218476E+01	5.568179E+03
2.19	-1.199338E+06	1.492379E+02	5.199726E+01	5.568179E+03
2.195	-1.199338E+06	1.421694E+02	5.177085E+01	5.568179E+03
2.2	-1.199338E+06	1.404172E+02	5.145871E+01	5.568179E+03
2.205	-1.199338E+06	1.400562E+02	5.146611E+01	5.568179E+03
2.21	-1.199338E+06	1.348796E+02	5.163812E+01	5.568179E+03
2.215	-1.199338E+06	1.363487E+02	5.151319E+01	5.568179E+03
2.22	-1.199338E+06	1.393973E+02	5.126752E+01	5.568179E+03
2.225	-1.199338E+06	1.365060E+02	5.109382E+01	5.568179E+03
2.23	-1.199338E+06	1.370379E+02	5.115447E+01	5.568179E+03
2.235	-1.199338E+06	1.379036E+02	5.150013E+01	5.568179E+03
2.24	-1.199337E+06	1.329225E+02	5.186121E+01	5.568179E+03
2.245	-1.199338E+06	1.386383E+02	5.191895E+01	5.568179E+03
2.25	-1.199338E+06	1.382171E+02	5.188798E+01	5.568179E+03
2.255	-1.199338E+06	1.367794E+02	5.230528E+01	5.568179E+03
2.26	-1.199338E+06	1.441851E+02	5.320842E+01	5.568179E+03
2.265	-1.199338E+06	1.384147E+02	5.388931E+01	5.568179E+03
2.27	-1.199338E+06	1.350361E+02	5.369058E+01	5.568179E+03
2.275	-1.199338E+06	1.369599E+02	5.275093E+01	5.568179E+03
2.28	-1.199338E+06	1.306070E+02	5.185766E+01	5.568179E+03
2.285	-1.199338E+06	1.349277E+02	5.136025E+01	5.568179E+03
2.29	-1.199338E+06	1.359392E+02	5.103513E+01	5.568179E+03
2.295	-1.199338E+06	1.356447E+02	5.066456E+01	5.568179E+03
2.3	-1.199338E+06	1.377949E+02	5.018820E+01	5.568179E+03
2.305	-1.199338E+06	1.294139E+02	4.966015E+01	5.568179E+03
2.31	-1.199338E+06	1.256034E+02	4.949950E+01	5.568179E+03
2.315	-1.199338E+06	1.218087E+02	5.000964E+01	5.568179E+03
2.32	-1.199338E+06	1.264466E+02	5.063517E+01	5.568179E+03
2.325	-1.199338E+06	1.363526E+02	5.101984E+01	5.568179E+03
2.33	-1.199338E+06	1.294157E+02	5.110348E+01	5.568179E+03
2.335	-1.199338E+06	1.175783E+02	5.115526E+01	5.568179E+03
2.34	-1.199338E+06	1.214649E+02	5.159089E+01	5.568179E+03
2.345	-1.199338E+06	1.223548E+02	5.211370E+01	5.568179E+03
2.35	-1.199338E+06	1.226337E+02	5.215816E+01	5.568179E+03
2.355	-1.199338E+06	1.313689E+02	5.173636E+01	5.568179E+03
2.36	-1.199338E+06	1.332507E+02	5.098460E+01	5.568179E+03
2.365	-1.199338E+06	1.293722E+02	5.017399E+01	5.568179E+03
2.37	-1.199338E+06	1.257939E+02	4.957447E+01	5.568179E+03
2.375	-1.199338E+06	1.203484E+02	4.907714E+01	5.568179E+03
2.38	-1.199338E+06	1.222340E+02	4.873100E+01	5.568179E+03
2.385	-1.199338E+06	1.232207E+02	4.877732E+01	5.568179E+03
2.39	-1.199338E+06	1.231133E+02	4.917771E+01	5.568179E+03
2.395	-1.199338E+06	1.297428E+02	4.997688E+01	5.568179E+03
2.4	-1.199338E+06	1.227607E+02	5.114911E+01	5.568179E+03
2.405	-1.199338E+06	1.186950E+02	5.204534E+01	5.568179E+03
2.41	-1.199338E+06	1.282018E+02	5.253769E+01	5.568179E+03
2.415	-1.199338E+06	1.322014E+02	5.286703E+01	5.568179E+03
2.42	-1.199338E+06	1.263438E+02	5.294699E+01	5.568179E+03
2.425	-1.199338E+06	1.220597E+02	5.287376E+01	5.568179E+03
2.43	-1.199338E+06	1.211707E+02	5.257163E+01	5.568179E+03
2.435	-1.199338E+06	1.256675E+02	5.160475E+01	5.568179E+03
2.44	-1.199338E+06	1.248203E+02	5.027163E+01	5.568179E+03
2.445	-1.199338E+06	1.132220E+02	4.927235E+01	5.568179E+03
2.45	-1.199338E+06	1.211035E+02	4.879679E+01	5.568179E+03
2.455	-1.199338E+06	1.253290E+02	4.905542E+01	5.568179E+03
2.46	-1.199338E+06	1.182160E+02	4.954203E+01	5.568179E+03
2.465	-1.199338E+06	1.237809E+02	4.960010E+01	5.568179E+03
2.47	-1.199338E+06	1.189140E+02	4.980215E+01	5.568179E+03
2.475	-1.199338E+06	1.148015E+02	5.038182E+01	5.568179E+03
2.48	-1.199338E+06	1.167187E+02	5.101887E+01	5.568179E+03
2.485	-1.199338E+06	1.182035E+02	5.139056E+01	5.568179E+03
2.49	-1.199338E+06	1.228084E+02	5.104464E+01	5.568179E+03
2.495	-1.199338E+06	1.197751E+02	5.011502E+01	5.568179E+03
2.5	-1.199338E+06	1.128302E+02	4.946050E+01	5.568179E+03
2.505	-1.199338E+06	1.154245E+02	4.938141E+01	5.568179E+03
2.51	-1.199338E+06	1.208650E+02	4.954210E+01	5.568179E+03
2.515	-1.199338E+06	1.099534E+02	4.974251E+01	5.568179E+03
2.52	-1.199338E+06	1.103061E+02	4.954037E+01	5.568179E+03
2.525	-1.199338E+06	1.148724E+02	4.945117E+01	5.568179E+03
2.53	-1.199338E+06	1.111158E+02	4.997620E+01	5.568179E+03
2.535	-1.199338E+06	1.193725E+02	5.039266E+01	5.568179E+03
2.54	-1.199338E+06	1.205765E+02	5.055956E+01	5.568179E+03
2.545	-1.199338E+06	1.202628E+02	5.037442E+01	5.568179E+03
2.55	-1.199338E+06	1.180989E+02	5.001041E+01	5.568179E+03
2.555	-1.199338E+06	1.088254E+02	5.035892E+01	5.568179E+03
2.56	-1.199338E+06	1.156596E+02	5.127519E+01	5.568179E+03
2.565	-1.199338E+06	1.176709E+02	5.226918E+01	5.568179E+03
2.57	-1.199338E+06	1.145174E+02	5.292557E+01	5.568179E+03
2.575	-1.199338E+06	1.157105E+02	5.295749E+01	5.568179E+03
2.58	-1.199338E+06	1.177289E+02	5.261337E+01	5.568179E+03
2.585	-1.199338E+06	1.180003E+02	5.235844E+01	5.568179E+03
2.59	-1.199338E+06	1.156889E+02	5.219918E+01	5.568179E+03
2.595	-1.199338E+06	1.205965E+02	5.179463E+01	5.568179E+03
2.6	-1.199338E+06	1.151388E+02	5.114862E+01	5.568179E+03
2.605	-1.199338E+06	1.114149E+02	5.019820E+01	5.568179E+03
2.61	-1.199338E+06	1.133318E+02	4.956107E+01	5.568179E+03
2.615	-1.199338E+06	1.084846E+02	4.973694E+01	5.568179E+03
2.62	-1.199338E+06	1.103664E+02	5.014602E+01	5.568179E+03
2.625	-1.199338E+06	1.088683E+02	5.072351E+01	5.568179E+03
2.63	-1.199338E+06	1.090928E+02	5.130519E+01	5.568179E+03
2.635	-1.199338E+06	1.094055E+02	5.178676E+01	5.568179E+03
2.64	-1.199338E+06	1.087104E+02	5.266332E+01	5.568179E+03
2.645	-1.199338E+06	1.161675E+02	5.368557E+01	5.568179E+03
2.65	-1.199338E+06	1.080509E+02	5.425587E+01	5.568179E+03
2.655	-1.199338E+06	1.031012E+02	5.404216E+01	5.568179E+03
2.66	-1.199338E+06	1.089164E+02	5.310931E+01	5.568179E+03
2.665	-1.199338E+06	1.086192E+02	5.202855E+01	5.568179E+03
2.67	-1.199338E+06	1.063904E+02	5.156616E+01	5.568179E+03
2.675	-1.199338E+06	1.097567E+02	5.160889E+01	5.568179E+03
2.68	-1.199338E+06	1.096005E+02	5.172511E+01	5.568179E+03
2.685	-1.199338E+06	1.081072E+02	5.179190E+01	5.568179E+03
2.69	-1.199338E+06	1.120441E+02	5.186407E+01	5.568179E+03
2.695	-1.199338E+06	1.117109E+02	5.250057E+01	5.568179E+03
2.7	-1.199338E+06	1.098508E+02	5.364963E+01	5.568179E+03
2.705	-1.199338E+06	1.094453E+02	5.448156E+01	5.568179E+03
2.71	-1.199338E+06	1.083577E+02	5.472001E+01	5.568179E+03
2.715	-1.199338E+06	1.123023E+02	5.459543E+01	5.568179E+03
2.72	-1.199338E+06	1.083355E+02	5.453955E+01	5.568179E+03
2.725	-1.199338E+06	1.006636E+02	5.477273E+01	5.568179E+03
2.73	-1.199338E+06	1.024492E+02	5.500413E+01	5.568179E+03
2.735	-1.199338E+06	1.048825E+02	5.488188E+01	5.568179E+03
2.74	-1.199338E+06	1.033262E+02	5.436013E+01	5.568179E+03
2.745	-1.199338E+06	1.036796E+02	5.372239E+01	5.568179E+03
2.75	-1.199338E+06	1.098739E+02	5.328658E+01	5.568179E+03
2.755	-1.199338E+06	1.097983E+02	5.314568E+01	5.568179E+03
2.76	-1.199338E+06	1.094287E+02	5.296660E+01	5.568179E+03
2.765	-1.199338E+06	1.081427E+02	5.275071E+01	5.568179E+03
2.77	-1.199338E+06	9.905271E+01	5.272938E+01	5.568179E+03
2.775	-1.199338E+06	1.035236E+02	5.272984E+01	5.568179E+03
2.78	-1.199338E+06	1.049239E+02	5.316209E+01	5.568179E+03
2.785	-1.199338E+06	9.903574E+01	5.394856E+01	5.568179E+03
2.79	-1.199338E+06	1.055623E+02	5.432555E+01	5.568179E+03
2.795	-1.199338E+06	1.050546E+02	5.451179E+01	5.568179E+03
2.8	-1.199338E+06	1.064001E+02	5.443705E+01	5.568179E+03
2.805	-1.199338E+06	1.087833E+02	5.423577E+01	5.568179E+03
2.81	-1.199338E+06	1.031617E+02	5.446612E+01	5.568179E+03
2.815	-1.199338E+06	1.106200E+02	5.455872E+01	5.568179E+03
2.82	-1.199338E+06	1.131637E+02	5.431035E+01	5.568179E+03
2.825	-1.199338E+06	1.074066E+02	5.385402E+01	5.568179E+03
2.83	-1.199338E+06	1.067457E+02	5.321276E+01	5.568179E+03
2.835	-1.199339E+06	1.042854E+02	5.299002E+01	5.568179E+03
2.84	-1.199338E+06	9.913847E+01	5.314919E+01	5.568179E+03
2.845	-1.199339E+06	1.012274E+02	5.307857E+01	5.568179E+03
2.85	-1.199338E+06	1.023202E+02	5.294636E+01	5.568179E+03
2.855	-1.199338E+06	9.693773E+01	5.302819E+01	5.568179E+03
2.86	-1.199338E+06	1.017045E+02	5.356771E+01	5.568179E+03
2.865	-1.199338E+06	1.066634E+02	5.466747E+01	5.568179E+03
2.87	-1.199338E+06	1.030850E+02	5.557146E+01	5.568179E+03
2.875	-1.199339E+06	1.075333E+02	5.567948E+01	5.568179E+03
2.88	-1.199338E+06	1.029980E+02	5.523868E+01	5.568179E+03
2.885	-1.199338E+06	9.900203E+01	5.452662E+01	5.568179E+03
2.89	-1.199339E+06	1.014304E+02	5.401344E+01	5.568179E+03
2.895	-1.199338E+06	9.713975E+01	5.377022E+01	5.568179E+03
2.9	-1.199338E+06	1.017936E+02	5.334960E+01	5.568179E+03
2.905	-1.199339E+06	1.042648E+02	5.286508E+01	5.568179E+03
2.91	-1.199338E+06	9.867410E+01	5.271319E+01	5.568179E+03
2.915	-1.199338E+06	9.666110E+01	5.302275E+01	5.568179E+03
2.92	-1.199338E+06	9.811105E+01	5.353627E+01	5.568179E+03
2.925	-1.199338E+06	1.017583E+02	5.397352E+01	5.568179E+03
2.93	-1.199338E+06	1.048965E+02	5.426177E+01	5.568179E+03
2.935	-1.199338E+06	1.045059E+02	5.459983E+01	5.568179E+03
2.94	-1.199338E+06	1.021463E+02	5.515106E+01	5.568179E+03
2.945	-1.199338E+06	1.047367E+02	5.560369E+01	5.568179E+03
2.95	-1.199338E+06	9.930142E+01	5.583098E+01	5.568179E+03
2.955	-1.199338E+06	9.737868E+01	5.565874E+01	5.568179E+03
2.96	-1.199338E+06	1.020898E+02	5.509608E+01	5.568179E+03
2.965	-1.199338E+06	9.814928E+01	5.452207E+01	5.568179E+03
2.97	-1.199338E+06	1.030788E+02	5.400646E+01	5.568179E+03
2.975	-1.199338E+06	1.006525E+02	5.380528E+01	5.568179E+03
2.98	-1.199338E+06	9.902250E+01	5.388211E+01	5.568179E+03
2.985	-1.199339E+06	1.057687E+02	5.407471E+01	5.568179E+03
2.99	-1.199338E+06	9.566035E+01	5.444694E+01	5.568179E+03
2.995	-1.199338E+06	9.798160E+01	5.481726E+01	5.568179E+03
3.0	-1.199339E+06	1.027867E+02	5.537973E+01	5.568179E+03
3.005	-1.199338E+06	9.703230E+01	5.597954E+01	5.568179E+03
3.01	-1.199338E+06	9.966291E+01	5.622133E+01	5.568179E+03
3.015	-1.199338E+06	1.001987E+02	5.622971E+01	5.568179E+03
3.02	-1.199338E+06	1.001339E+02	5.601595E+01	5.568179E+03
3.025	-1.199338E+06	1.027711E+02	5.581298E+01	5.568179E+03
3.03	-1.199339E+06	1.068552E+02	5.578331E+01	5.568179E+03
3.035	-1.199338E+06	9.938943E+01	5.568324E+01	5.568179E+03
3.04	-1.199338E+06	9.380892E+01	5.530915E+01	5.568179E+03
3.045	-1.199338E+06	9.342864E+01	5.492223E+01	5.568179E+03
3.05	-1.199338E+06	9.243050E+01	5.478181E+01	5.568179E+03
3.055	-1.199339E+06	1.032210E+02	5.489650E+01	5.568179E+03
3.06	-1.199338E+06	9.598933E+01	5.537959E+01	5.568179E+03
3.065	-1.199338E+06	9.281175E+01	5.567991E+01	5.568179E+03
3.07	-1.199339E+06	9.849581E+01	5.567822E+01	5.568179E+03
3.075	-1.199338E+06	9.749644E+01	5.583376E+01	5.568179E+03
3.08	-1.199339E+06	1.101816E+02	5.605926E+01	5.568179E+03
3.085	-1.199338E+06	1.071013E+02	5.623974E+01	5.568179E+03
3.09	-1.199338E+06	9.644553E+01	5.606307E+01	5.568179E+03
3.095	-1.199338E+06	1.023137E+02	5.545590E+01	5.568179E+03
3.1	-1.199339E+06	1.054993E+02	5.504191E+01	5.568179E+03
3.105	-1.199338E+06	9.531346E+01	5.516874E+01	5.568179E+03
3.11	-1.199338E+06	9.076961E+01	5.551340E+01	5.568179E+03
3.115	-1.199338E+06	9.669813E+01	5.583393E+01	5.568179E+03
3.12	-1.199338E+06	9.869749E+01	5.588592E+01	5.568179E+03
3.125	-1.199338E+06	1.017325E+02	5.569337E+01	5.568179E+03
3.13	-1.199338E+06	1.019949E+02	5.586278E+01	5.568179E+03
3.135	-1.199339E+06	1.012183E+02	5.616290E+01	5.568179E+03
3.14	-1.199339E+06	1.014298E+02	5.614240E+01	5.568179E+03
3.145	-1.199338E+06	9.595855E+01	5.595409E+01	5.568179E+03
3.15	-1.199338E+06	1.008029E+02	5.545814E+01	5.568179E+03
3.155	-1.199339E+06	1.019588E+02	5.509577E+01	5.568179E+03
3.16	-1.199338E+06	9.599909E+01	5.526138E+01	5.568179E+03
3.165	-1.199339E+06	1.007602E+02	5.549783E+01	5.568179E+03
3.17	-1.199338E+06	9.508457E+01	5.580520E+01	5.568179E+03
3.175	-1.199338E+06	9.011805E+01	5.605290E+01	5.568179E+03
3.18	-1.199338E+06	9.942068E+01	5.604521E+01	5.568179E+03
3.185	-1.199338E+06	1.041829E+02	5.596299E+01	5.568179E+03
3.19	-1.199338E+06	1.013071E+02	5.577372E+01	5.568179E+03
3.195	-1.199338E+06	9.768140E+01	5.550686E+01	5.568179E+03
3.2	-1.199338E+06	9.847597E+01	5.526131E+01	5.568179E+03
3.205	-1.199338E+06	9.662635E+01	5.503554E+01	5.568179E+03
3.21	-1.199338E+06	9.548658E+01	5.481416E+01	5.568179E+03
3.215	-1.199338E+06	1.007382E+02	5.484290E+01	5.568179E+03
3.22	-1.199338E+06	9.551242E+01	5.535469E+01	5.568179E+03
3.225	-1.199338E+06	9.639838E+01	5.594109E+01	5.568179E+03
3.23	-1.199338E+06	1.033904E+02	5.628896E+01	5.568179E+03
3.235	-1.199338E+06	9.681610E+01	5.623544E+01	5.568179E+03
3.24	-1.199338E+06	9.394187E+01	5.601086E+01	5.568179E+03
3.245	-1.199338E+06	9.630173E+01	5.623353E+01	5.568179E+03
3.25	-1.199338E+06	9.839934E+01	5.649087E+01	5.568179E+03
3.255	-1.199338E+06	9.802295E+01	5.628405E+01	5.568179E+03
3.26	-1.199338E+06	9.381989E+01	5.566389E+01	5.568179E+03
3.265	-1.199338E+06	9.708686E+01	5.481339E+01	5.568179E+03
3.27	-1.199338E+06	1.011503E+02	5.449661E+01	5.568179E+03
3.275	-1.199338E+06	1.033598E+02	5.474145E+01	5.568179E+03
3.28	-1.199338E+06	9.922005E+01	5.499070E+01	5.568179E+03
3.285	-1.199338E+06	9.632000E+01	5.496254E+01	5.568179E+03
3.29	-1.199338E+06	9.691968E+01	5.485758E+01	5.568179E+03
3.295	-1.199338E+06	9.725064E+01	5.529463E+01	5.568179E+03
3.3	-1.199338E+06	9.881045E+01	5.616224E+01	5.568179E+03
3.305	-1.199338E+06	9.576372E+01	5.674130E+01	5.568179E+03
3.31	-1.199338E+06	9.662282E+01	5.662850E+01	5.568179E+03
3.315	-1.199338E+06	9.822163E+01	5.592129E+01	5.568179E+03
3.32	-1.199338E+06	9.769202E+01	5.515303E+01	5.568179E+03
3.325	-1.199338E+06	9.850633E+01	5.486275E+01	5.568179E+03
3.33	-1.199338E+06	9.802027E+01	5.496344E+01	5.568179E+03
3.335	-1.199338E+06	9.708195E+01	5.508284E+01	5.568179E+03
3.34	-1.199338E+06	9.776916E+01	5.510396E+01	5.568179E+03
3.345	-1.199338E+06	9.882060E+01	5.511082E+01	5.568179E+03
3.35	-1.199338E+06	9.677677E+01	5.522283E+01	5.568179E+03
3.355	-1.199338E+06	9.717435E+01	5.553749E+01	5.568179E+03
3.36	-1.199338E+06	1.005669E+02	5.586742E+01	5.568179E+03
3.365	-1.199338E+06	9.924556E+01	5.581336E+01	5.568179E+03
3.37	-1.199338E+06	9.739719E+01	5.546655E+01	5.568179E+03
3.375	-1.199338E+06	9.356490E+01	5.525507E+01	5.568179E+03
3.38	-1.199338E+06	1.013247E+02	5.524006E+01	5.568179E+03
3.385	-1.199338E+06	1.059304E+02	5.543529E+01	5.568179E+03
3.39	-1.199338E+06	1.004120E+02	5.545243E+01	5.568179E+03
3.395	-1.199338E+06	1.024792E+02	5.511339E+01	5.568179E+03
3.4	-1.199338E+06	9.917069E+01	5.465002E+01	5.568179E+03
3.405	-1.199338E+06	9.974465E+01	5.396222E+01	5.568179E+03
3.41	-1.199338E+06	9.726303E+01	5.362860E+01	5.568179E+03
3.415	-1.199338E+06	9.348612E+01	5.374053E+01	5.568179E+03
3.42	-1.199338E+06	1.011270E+02	5.383035E+01	5.568179E+03
3.425	-1.199338E+06	1.004348E+02	5.391337E+01	5.568179E+03
3.43	-1.199338E+06	1.015541E+02	5.372828E+01	5.568179E+03
3.435	-1.199338E+06	9.958339E+01	5.390544E+01	5.568179E+03
3.44	-1.199338E+06	9.475434E+01	5.475109E+01	5.568179E+03
3.445	-1.199338E+06	9.739076E+01	5.541370E+01	5.568179E+03
3.45	-1.199338E+06	9.944166E+01	5.574493E+01	5.568179E+03
3.455	-1.199338E+06	1.003952E+02	5.561647E+01	5.568179E+03
3.46	-1.199338E+06	1.025346E+02	5.511244E+01	5.568179E+03
3.465	-1.199338E+06	1.039021E+02	5.489197E+01	5.568179E+03
3.47	-1.199338E+06	9.667169E+01	5.474823E+01	5.568179E+03
3.475	-1.199338E+06	9.830950E+01	5.412883E+01	5.568179E+03
3.48	-1.199338E+06	1.003400E+02	5.320729E+01	5.568179E+03
3.485	-1.199338E+06	9.586658E+01	5.225196E+01	5.568179E+03
3.49	-1.199339E+06	1.005986E+02	5.177150E+01	5.568179E+03
3.495	-1.199338E+06	1.003050E+02	5.214914E+01	5.568179E+03
3.5	-1.199338E+06	1.014006E+02	5.269917E+01	5.568179E+03
3.505	-1.199338E+06	1.027595E+02	5.298825E+01	5.568179E+03
3.51	-1.199338E+06	9.789893E+01	5.337197E+01	5.568179E+03
3.515	-1.199338E+06	1.016976E+02	5.406192E+01	5.568179E+03
3.52	-1.199338E+06	1.071007E+02	5.489732E+01	5.568179E+03
3.525	-1.199338E+06	9.689092E+01	5.560989E+01	5.568179E+03
3.53	-1.199338E+06	1.003155E+02	5.564581E+01	5.568179E+03
3.535	-1.199339E+06	1.080577E+02	5.513695E+01	5.568179E+03
3.54	-1.199338E+06	9.872454E+01	5.469109E+01	5.568179E+03
3.545	-1.199338E+06	9.954187E+01	5.424783E+01	5.568179E+03
3.55	-1.199338E+06	9.870899E+01	5.406174E+01	5.568179E+03
3.555	-1.199338E+06	9.771535E+01	5.402122E+01	5.568179E+03
3.56	-1.199338E+06	1.022676E+02	5.366517E+01	5.568179E+03
3.565	-1.199338E+06	9.922334E+01	5.336751E+01	5.568179E+03
3.57	-1.199338E+06	1.030654E+02	5.312161E+01	5.568179E+03
3.575	-1.199338E+06	1.070483E+02	5.283103E+01	5.568179E+03
3.58	-1.199338E+06	9.992899E+01	5.287479E+01	5.568179E+03
3.585	-1.199338E+06	9.908855E+01	5.305980E+01	5.568179E+03
3.59	-1.199338E+06	1.049607E+02	5.321983E+01	5.568179E+03
3.595	-1.199338E+06	1.004931E+02	5.333256E+01	5.568179E+03
3.6	-1.199338E+06	9.919022E+01	5.318613E+01	5.568179E+03
3.605	-1.199338E+06	1.003779E+02	5.327716E+01	5.568179E+03
3.61	-1.199338E+06	1.007740E+02	5.356192E+01	5.568179E+03
3.615	-1.199338E+06	1.066013E+02	5.338470E+01	5.568179E+03
3.62	-1.199338E+06	1.005504E+02	5.285156E+01	5.568179E+03
3.625	-1.199338E+06	9.628594E+01	5.215127E+01	5.568179E+03
3.63	-1.199338E+06	1.024545E+02	5.186517E+01	5.568179E+03
3.635	-1.199338E+06	1.001936E+02	5.220141E+01	5.568179E+03
3.64	-1.199338E+06	1.060879E+02	5.231825E+01	5.568179E+03
3.645	-1.199338E+06	1.079599E+02	5.216988E+01	5.568179E+03
3.65	-1.199338E+06	9.851781E+01	5.193346E+01	5.568179E+03
3.655	-1.199338E+06	1.022343E+02	5.182923E+01	5.568179E+03
3.66	-1.199338E+06	1.028959E+02	5.215652E+01	5.568179E+03
3.665	-1.199338E+06	1.043690E+02	5.224597E+01	5.568179E+03
3.67	-1.199338E+06	1.109819E+02	5.194837E+01	5.568179E+03
3.675	-1.199338E+06	1.035541E+02	5.181274E+01	5.568179E+03
3.68	-1.199338E+06	1.069029E+02	5.200403E+01	5.568179E+03
3.685	-1.199338E+06	1.128040E+02	5.251246E+01	5.568179E+03
3.69	-1.199338E+06	1.069826E+02	5.281147E+01	5.568179E+03
3.695	-1.199338E+06	1.028394E+02	5.264980E+01	5.568179E+03
3.7	-1.199338E+06	1.034909E+02	5.227981E+01	5.568179E+03
3.705	-1.199338E+06	1.050944E+02	5.193592E+01	5.568179E+03
3.71	-1.199338E+06	1.031300E+02	5.176538E+01	5.568179E+03
3.715	-1.199338E+06	1.052990E+02	5.159173E+01	5.568179E+03
3.72	-1.199338E+06	1.063242E+02	5.127574E+01	5.568179E+03
3.725	-1.199338E+06	1.129261E+02	5.070796E+01	5.568179E+03
3.73	-1.199338E+06	1.081683E+02	5.030859E+01	5.568179E+03
3.735	-1.199338E+06	9.712773E+01	5.042283E+01	5.568179E+03
3.74	-1.199338E+06	1.054976E+02	5.080556E+01	5.568179E+03
3.745	-1.199338E+06	1.048356E+02	5.133204E+01	5.568179E+03
3.75	-1.199338E+06	1.064979E+02	5.154020E+01	5.568179E+03
3.755	-1.199338E+06	1.111630E+02	5.134114E+01	5.568179E+03
3.76	-1.199338E+06	1.045652E+02	5.107697E+01	5.568179E+03
3.765	-1.199338E+06	1.069959E+02	5.072122E+01	5.568179E+03
3.77	-1.199338E+06	1.101570E+02	5.049513E+01	5.568179E+03
3.775	-1.199338E+06	1.106757E+02	5.035257E+01	5.568179E+03
3.78	-1.199338E+06	1.076516E+02	4.998603E+01	5.568179E+03
3.785	-1.199338E+06	1.008087E+02	4.952170E+01	5.568179E+03
3.79	-1.199338E+06	1.023246E+02	4.921165E+01	5.568179E+03
3.795	-1.199338E+06	1.075417E+02	4.917120E+01	5.568179E+03
3.8	-1.199338E+06	1.024017E+02	4.941231E+01	5.568179E+03
3.805	-1.199338E+06	1.026027E+02	4.968994E+01	5.568179E+03
3.81	-1.199338E+06	1.107187E+02	5.003265E+01	5.568179E+03
3.815	-1.199338E+06	1.100063E+02	5.069790E+01	5.568179E+03
3.82	-1.199338E+06	1.136846E+02	5.155147E+01	5.568179E+03
3.825	-1.199338E+06	1.135222E+02	5.227173E+01	5.568179E+03
3.83	-1.199338E+06	1.062247E+02	5.251018E+01	5.568179E+03
3.835	-1.199338E+06	1.072824E+02	5.211303E+01	5.568179E+03
3.84	-1.199338E+06	1.076616E+02	5.117341E+01	5.568179E+03
3.845	-1.199338E+06	1.034947E+02	5.037147E+01	5.568179E+03
3.85	-1.199338E+06	1.051395E+02	5.027420E+01	5.568179E+03
3.855	-1.199338E+06	1.098370E+02	5.041033E+01	5.568179E+03
3.86	-1.199338E+06	1.138950E+02	5.021307E+01	5.568179E+03
3.865	-1.199338E+06	1.118809E+02	4.976709E+01	5.568179E+03
3.87	-1.199338E+06	1.090289E+02	4.963414E+01	5.568179E+03
3.875	-1.199338E+06	1.160214E+02	5.020294E+01	5.568179E+03
3.88	-1.199338E+06	1.154479E+02	5.099750E+01	5.568179E+03
3.885	-1.199338E+06	1.155174E+02	5.123920E+01	5.568179E+03
3.89	-1.199338E+06	1.196366E+02	5.107486E+01	5.568179E+03
3.895	-1.199338E+06	1.126767E+02	5.106362E+01	5.568179E+03
3.9	-1.199338E+06	1.092712E+02	5.134391E+01	5.568179E+03
3.905	-1.199338E+06	1.076676E+02	5.184711E+01	5.568179E+03
3.91	-1.199338E+06	1.074942E+02	5.208685E+01	5.568179E+03
3.915	-1.199338E+06	1.119235E+02	5.167893E+01	5.568179E+03
3.92	-1.199338E+06	1.123373E+02	5.099009E+01	5.568179E+03
3.925	-1.199338E+06	1.182192E+02	5.036064E+01	5.568179E+03
3.93	-1.199338E+06	1.220973E+02	4.991492E+01	5.568179E+03
3.935	-1.199338E+06	1.168156E+02	4.955060E+01	5.568179E+03
3.94	-1.199338E+06	1.132120E+02	4.908269E+01	5.568179E+03
3.945	-1.199338E+06	1.144774E+02	4.866323E+01	5.568179E+03
3.95	-1.199338E+06	1.122356E+02	4.866489E+01	5.568179E+03
3.955	-1.199338E+06	1.111584E+02	4.920952E+01	5.568179E+03
3.96	-1.199338E+06	1.185329E+02	5.010076E+01	5.568179E+03
3.965	-1.199338E+06	1.136145E+02	5.108431E+01	5.568179E+03
3.97	-1.199338E+06	1.147156E+02	5.164374E+01	5.568179E+03
3.975	-1.199338E+06	1.177398E+02	5.190606E+01	5.568179E+03
3.98	-1.199338E+06	1.113757E+02	5.215619E+01	5.568179E+03
3.985	-1.199338E+06	1.214664E+02	5.227583E+01	5.568179E+03
3.99	-1.199338E+06	1.220023E+02	5.246139E+01	5.568179E+03
3.995	-1.199338E+06	1.174480E+02	5.225775E+01	5.568179E+03
4.0	-1.199338E+06	1.225186E+02	5.132334E+01	5.568179E+03
4.005	-1.199338E+06	1.193583E+02	5.016816E+01	5.568179E+03
4.01	-1.199338E+06	1.211958E+02	4.925031E+01	5.568179E+03
4.015	-1.199338E+06	1.251612E+02	4.892145E+01	5.568179E+03
4.02	-1.199338E+06	1.198007E+02	4.887014E+01	5.568179E+03
4.025	-1.199338E+06	1.179171E+02	4.851642E+01	5.568179E+03
4.03	-1.199338E+06	1.116567E+02	4.814814E+01	5.568179E+03
4.035	-1.199338E+06	1.102976E+02	4.839569E+01	5.568179E+03
4.04	-1.199338E+06	1.255779E+02	4.951208E+01	5.568179E+03
4.045	-1.199338E+06	1.271557E+02	5.095626E+01	5.568179E+03
4.05	-1.199338E+06	1.215882E+02	5.175869E+01	5.568179E+03
4.055	-1.199338E+06	1.260644E+02	5.151410E+01	5.568179E+03
4.06	-1.199338E+06	1.182187E+02	5.072884E+01	5.568179E+03
4.065	-1.199338E+06	1.138110E+02	5.024746E+01	5.568179E+03
4.07	-1.199338E+06	1.260749E+02	5.025954E+01	5.568179E+03
4.075	-1.199338E+06	1.240055E+02	5.029407E+01	5.568179E+03
4.08	-1.199338E+06	1.173765E+02	4.994622E+01	5.568179E+03
4.085	-1.199338E+06	1.171731E+02	4.953298E+01	5.568179E+03
4.09	-1.199338E+06	1.172943E+02	4.968899E+01	5.568179E+03
4.095	-1.199338E+06	1.283085E+02	5.037344E+01	5.568179E+03
4.1	-1.199338E+06	1.306571E+02	5.103786E+01	5.568179E+03
4.105	-1.199338E+06	1.228155E+02	5.112645E+01	5.568179E+03
4.11	-1.199338E+06	1.239824E+02	5.082003E+01	5.568179E+03
4.115	-1.199338E+06	1.218444E+02	5.093502E+01	5.568179E+03
4.12	-1.199338E+06	1.225266E+02	5.154192E+01	5.568179E+03
4.125	-1.199338E+06	1.285604E+02	5.235266E+01	5.568179E+03
4.13	-1.199338E+06	1.252294E+02	5.294840E+01	5.568179E+03
4.135	-1.199338E+06	1.276975E+02	5.276983E+01	5.568179E+03
4.14	-1.199338E+06	1.335533E+02	5.213607E+01	5.568179E+03
4.145	-1.199338E+06	1.313481E+02	5.160604E+01	5.568179E+03
4.15	-1.199338E+06	1.322588E+02	5.135509E+01	5.568179E+03
4.155	-1.199338E+06	1.325985E+02	5.151437E+01	5.568179E+03
4.16	-1.199338E+06	1.316598E+02	5.174607E+01	5.568179E+03
4.165	-1.199338E+06	1.312170E+02	5.172668E+01	5.568179E+03
4.17	-1.199338E+06	1.302372E+02	5.175571E+01	5.568179E+03
4.175	-1.199337E+06	1.270974E+02	5.217590E+01	5.568179E+03
4.18	-1.199338E+06	1.307600E+02	5.272901E+01	5.568179E+03
4.185	-1.199338E+06	1.338786E+02	5.326390E+01	5.568179E+03
4.19	-1.199337E+06	1.293255E+02	5.352733E+01	5.568179E+03
4.195	-1.199338E+06	1.398881E+02	5.310720E+01	5.568179E+03
4.2	-1.199338E+06	1.329773E+02	5.273915E+01	5.568179E+03
4.205	-1.199337E+06	1.302268E+02	5.254913E+01	5.568179E+03
4.21	-1.199338E+06	1.371770E+02	5.241104E+01	5.568179E+03
4.215	-1.199337E+06	1.225880E+02	5.238990E+01	5.568179E+03
4.22	-1.199338E+06	1.296549E+02	5.196450E+01	5.568179E+03
4.225	-1.199338E+06	1.326426E+02	5.160968E+01	5.568179E+03
4.23	-1.199337E+06	1.288736E+02	5.180577E+01	5.568179E+03
4.235	-1.199338E+06	1.383209E+02	5.252762E+01	5.568179E+03
4.24	-1.199337E+06	1.378663E+02	5.341122E+01	5.568179E+03
4.245	-1.199338E+06	1.424852E+02	5.364294E+01	5.568179E+03
4.25	-1.199337E+06	1.382462E+02	5.344173E+01	5.568179E+03
4.255	-1.199338E+06	1.380803E+02	5.318442E+01	5.568179E+03
4.26	-1.199338E+06	1.371751E+02	5.324706E+01	5.568179E+03
4.265	-1.199337E+06	1.311184E+02	5.329623E+01	5.568179E+03
4.27	-1.199338E+06	1.337772E+02	5.273167E+01	5.568179E+03
4.275	-1.199337E+06	1.326250E+02	5.197813E+01	5.568179E+03
4.28	-1.199338E+06	1.417424E+02	5.142158E+01	5.568179E+03
4.285	-1.199338E+06	1.429661E+02	5.160335E+01	5.568179E+03
4.29	-1.199337E+06	1.376824E+02	5.246474E+01	5.568179E+03
4.295	-1.199338E+06	1.416729E+02	5.315356E+01	5.568179E+03
4.3	-1.199337E+06	1.379910E+02	5.331230E+01	5.568179E+03
4.305	-1.199337E+06	1.413374E+02	5.308777E+01	5.568179E+03
4.31	-1.199337E+06	1.465859E+02	5.305474E+01	5.568179E+03
4.315	-1.199337E+06	1.462598E+02	5.340327E+01	5.568179E+03
4.32	-1.199337E+06	1.434011E+02	5.380541E+01	5.568179E+03
4.325	-1.199337E+06	1.454425E+02	5.372226E+01	5.568179E+03
4.33	-1.199338E+06	1.538811E+02	5.313359E+01	5.568179E+03
4.335	-1.199337E+06	1.418882E+02	5.258780E+01	5.568179E+03
4.34	-1.199337E+06	1.355170E+02	5.218068E+01	5.568179E+03
4.345	-1.199338E+06	1.413995E+02	5.226455E+01	5.568179E+03
4.35	-1.199337E+06	1.403413E+02	5.262584E+01	5.568179E+03
4.355	-1.199338E+06	1.491017E+02	5.245576E+01	5.568179E+03
4.36	-1.199337E+06	1.497209E+02	5.219864E+01	5.568179E+03
4.365	-1.199337E+06	1.461347E+02	5.207974E+01	5.568179E+03
4.37	-1.199337E+06	1.460441E+02	5.202169E+01	5.568179E+03
4.375	-1.199337E+06	1.425250E+02	5.237330E+01	5.568179E+03
4.38	-1.199337E+06	1.457523E+02	5.284551E+01	5.568179E+03
4.385	-1.199337E+06	1.526369E+02	5.317895E+01	5.568179E+03
4.39	-1.199337E+06	1.517484E+02	5.370179E+01	5.568179E+03
4.395	-1.199337E+06	1.546397E+02	5.423371E+01	5.568179E+03
4.4	-1.199337E+06	1.576861E+02	5.457922E+01	5.568179E+03
4.405	-1.199337E+06	1.486053E+02	5.486262E+01	5.568179E+03
4.41	-1.199337E+06	1.463298E+02	5.479134E+01	5.568179E+03
4.415	-1.199337E+06	1.460624E+02	5.450067E+01	5.568179E+03
4.42	-1.199337E+06	1.439273E+02	5.468869E+01	5.568179E+03
4.425	-1.199337E+06	1.598791E+02	5.526534E+01	5.568179E+03
4.43	-1.199337E+06	1.645070E+02	5.579634E+01	5.568179E+03
4.435	-1.199337E+06	1.617486E+02	5.585783E+01	5.568179E+03
4.44	-1.199337E+06	1.662958E+02	5.499457E+01	5.568179E+03
4.445	-1.199337E+06	1.558883E+02	5.375697E+01	5.568179E+03
4.45	-1.199337E+06	1.450657E+02	5.322224E+01	5.568179E+03
4.455	-1.199337E+06	1.591087E+02	5.333579E+01	5.568179E+03
4.46	-1.199337E+06	1.545808E+02	5.376281E+01	5.568179E+03
4.465	-1.199337E+06	1.493948E+02	5.394828E+01	5.568179E+03
4.47	-1.199337E+06	1.639954E+02	5.405936E+01	5.568179E+03
4.475	-1.199337E+06	1.629234E+02	5.477935E+01	5.568179E+03
4.48	-1.199337E+06	1.666073E+02	5.554645E+01	5.568179E+03
4.485	-1.199337E+06	1.667167E+02	5.599465E+01	5.568179E+03
4.49	-1.199337E+06	1.585885E+02	5.604154E+01	5.568179E+03
4.495	-1.199337E+06	1.638691E+02	5.558733E+01	5.568179E+03
4.5	-1.199337E+06	1.662521E+02	5.529156E+01	5.568179E+03
4.505	-1.199337E+06	1.659734E+02	5.546764E+01	5.568179E+03
4.51	-1.199337E+06	1.641137E+02	5.568630E+01	5.568179E+03
4.515	-1.199337E+06	1.698489E+02	5.541427E+01	5.568179E+03
4.52	-1.199337E+06	1.615112E+02	5.485219E+01	5.568179E+03
4.525	-1.199337E+06	1.599969E+02	5.426795E+01	5.568179E+03
4.53	-1.199337E+06	1.739984E+02	5.411941E+01	5.568179E+03
4.535	-1.199337E+06	1.614393E+02	5.452481E+01	5.568179E+03
4.54	-1.199337E+06	1.595094E+02	5.483363E+01	5.568179E+03
4.545	-1.199337E+06	1.697419E+02	5.521899E+01	5.568179E+03
4.55	-1.199337E+06	1.724955E+02	5.558714E+01	5.568179E+03
4.555	-1.199337E+06	1.798477E+02	5.567863E+01	5.568179E+03
4.56	-1.199337E+06	1.794542E+02	5.590909E+01	5.568179E+03
4.565	-1.199337E+06	1.775592E+02	5.575763E+01	5.568179E+03
4.57	-1.199337E+06	1.631493E+02	5.482709E+01	5.568179E+03
4.575	-1.199337E+06	1.532987E+02	5.363727E+01	5.568179E+03
4.58	-1.199337E+06	1.612659E+02	5.282438E+01	5.568179E+03
4.585	-1.199337E+06	1.752303E+02	5.254843E+01	5.568179E+03
4.59	-1.199337E+06	1.833066E+02	5.280332E+01	5.568179E+03
4.595	-1.199337E+06	1.779177E+02	5.344426E+01	5.568179E+03
4.6	-1.199337E+06	1.771374E+02	5.385725E+01	5.568179E+03
4.605	-1.199337E+06	1.708729E+02	5.412791E+01	5.568179E+03
4.61	-1.199337E+06	1.711596E+02	5.448547E+01	5.568179E+03
4.615	-1.199337E+06	1.777512E+02	5.511272E+01	5.568179E+03
4.62	-1.199337E+06	1.714325E+02	5.616759E+01	5.568179E+03
4.625	-1.199337E+06	1.770446E+02	5.674754E+01	5.568179E+03
4.63	-1.199337E+06	1.827304E+02	5.655521E+01	5.568179E+03
4.635	-1.199337E+06	1.828780E+02	5.599636E+01	5.568179E+03
4.64	-1.199337E+06	1.902574E+02	5.523592E+01	5.568179E+03
4.645	-1.199337E+06	1.909004E+02	5.476066E+01	5.568179E+03
4.65	-1.199337E+06	1.822586E+02	5.444921E+01	5.568179E+03
4.655	-1.199337E+06	1.834015E+02	5.366775E+01	5.568179E+03
4.66	-1.199337E+06	1.840817E+02	5.263966E+01	5.568179E+03
4.665	-1.199337E+06	1.750346E+02	5.200460E+01	5.568179E+03
4.67	-1.199337E+06	1.817832E+02	5.209678E+01	5.568179E+03
4.675	-1.199337E+06	1.834607E+02	5.288336E+01	5.568179E+03
4.68	-1.199337E+06	1.858650E+02	5.358302E+01	5.568179E+03
4.685	-1.199337E+06	2.027982E+02	5.392657E+01	5.568179E+03
4.69	-1.199337E+06	1.875048E+02	5.475149E+01	5.568179E+03
4.695	-1.199337E+06	1.849637E+02	5.580974E+01	5.568179E+03
4.7	-1.199337E+06	1.874024E+02	5.694254E+01	5.568179E+03
4.705	-1.199337E+06	1.878910E+02	5.782020E+01	5.568179E+03
4.71	-1.199337E+06	1.970615E+02	5.768393E+01	5.568179E+03
4.715	-1.199337E+06	2.067036E+02	5.649374E+01	5.568179E+03
4.72	-1.199337E+06	1.949811E+02	5.521153E+01	5.568179E+03
4.725	-1.199336E+06	1.775215E+02	5.433052E+01	5.568179E+03
4.73	-1.199337E+06	1.889396E+02	5.356762E+01	5.568179E+03
4.735	-1.199337E+06	1.850972E+02	5.291175E+01	5.568179E+03
4.74	-1.199337E+06	1.899998E+02	5.196659E+01	5.568179E+03
4.745	-1.199337E+06	2.059461E+02	5.146389E+01	5.568179E+03
4.75	-1.199336E+06	2.054754E+02	5.201166E+01	5.568179E+03
4.755	-1.199337E+06	2.120272E+02	5.279263E+01	5.568179E+03
4.76	-1.199337E+06	2.068591E+02	5.373323E+01	5.568179E+03
4.765	-1.199336E+06	2.001106E+02	5.458397E+01	5.568179E+03
4.77	-1.199337E+06	2.019758E+02	5.484606E+01	5.568179E+03
4.775	-1.199336E+06	1.980939E+02	5.481495E+01	5.568179E+03
4.78	-1.199336E+06	1.961034E+02	5.481896E+01	5.568179E+03
4.785	-1.199336E+06	2.049496E+02	5.464563E+01	5.568179E+03
4.79	-1.199337E+06	2.114636E+02	5.399313E+01	5.568179E+03
4.795	-1.199336E+06	2.093310E+02	5.279054E+01	5.568179E+03
4.8	-1.199337E+06	2.123210E+02	5.139489E+01	5.568179E+03
4.805	-1.199336E+06	2.055934E+02	5.075124E+01	5.568179E+03
4.81	-1.199336E+06	2.049630E+02	5.112789E+01	5.568179E+03
4.815	-1.199336E+06	2.086117E+02	5.202343E+01	5.568179E+03
4.82	-1.199336E+06	2.143009E+02	5.291742E+01	5.568179E+03
4.825	-1.199336E+06	2.118637E+02	5.346408E+01	5.568179E+03
4.83	-1.199336E+06	2.085566E+02	5.371301E+01	5.568179E+03
4.835	-1.199336E+06	2.182835E+02	5.442305E+01	5.568179E+03
4.84	-1.199336E+06	2.116365E+02	5.532177E+01	5.568179E+03
4.845	-1.199336E+06	2.126195E+02	5.549527E+01	5.568179E+03
4.85	-1.199336E+06	2.172785E+02	5.504666E+01	5.568179E+03
4.855	-1.199336E+06	2.095932E+02	5.390908E+01	5.568179E+03
4.86	-1.199336E+06	2.108745E+02	5.301368E+01	5.568179E+03
4.865	-1.199336E+06	2.298606E+02	5.276218E+01	5.568179E+03
4.87	-1.199336E+06	2.290178E+02	5.220802E+01	5.568179E+03
4.875	-1.199336E+06	2.165578E+02	5.107111E+01	5.568179E+03
4.88	-1.199336E+06	2.210583E+02	4.982889E+01	5.568179E+03
4.885	-1.199336E+06	2.216283E+02	4.965628E+01	5.568179E+03
4.89	-1.199336E+06	2.280220E+02	5.062104E+01	5.568179E+03
4.895	-1.199336E+06	2.247064E+02	5.204851E+01	5.568179E+03
4.9	-1.199336E+06	2.183200E+02	5.341758E+01	5.568179E+03
4.905	-1.199336E+06	2.279151E+02	5.427707E+01	5.568179E+03
4.91	-1.199336E+06	2.350819E+02	5.513491E+01	5.568179E+03
4.915	-1.199336E+06	2.474532E+02	5.609087E+01	5.568179E+03
4.92	-1.199336E+06	2.412400E+02	5.641552E+01	5.568179E+03
4.925	-1.199336E+06	2.173203E+02	5.625334E+01	5.568179E+03
4.93	-1.199336E+06	2.257159E+02	5.569347E+01	5.568179E+03
4.935	-1.199336E+06	2.314834E+02	5.510640E+01	5.568179E+03
4.94	-1.199336E+06	2.309382E+02	5.513348E+01	5.568179E+03
4.945	-1.199336E+06	2.358636E+02	5.532096E+01	5.568179E+03
4.95	-1.199336E+06	2.328372E+02	5.529559E+01	5.568179E+03
4.955	-1.199336E+06	2.383360E+02	5.501383E+01	5.568179E+03
4.96	-1.199336E+06	2.466625E+02	5.401651E+01	5.568179E+03
4.965	-1.199336E+06	2.408436E+02	5.266337E+01	5.568179E+03
4.97	-1.199336E+06	2.359344E+02	5.168425E+01	5.568179E+03
4.975	-1.199336E+06	2.450946E+02	5.095416E+01	5.568179E+03
4.98	-1.199336E+06	2.355179E+02	5.079452E+01	5.568179E+03
4.985	-1.199335E+06	2.291051E+02	5.105338E+01	5.568179E+03
4.99	-1.199336E+06	2.384943E+02	5.160471E+01	5.568179E+03
4.995	-1.199335E+06	2.360486E+02	5.319694E+01	5.568179E+03
5.0	-1.199336E+06	2.522090E+02	5.523913E+01	5.568179E+03
5.005	-1.199335E+06	2.499972E+02	5.727092E+01	5.568179E+03
5.01	-1.199336E+06	2.628428E+02	5.834846E+01	5.568179E+03
5.015	-1.199335E+06	2.572933E+02	5.805103E+01	5.568179E+03
5.02	-1.199335E+06	2.647488E+02	5.629454E+01	5.568179E+03
5.025	-1.199336E+06	2.701393E+02	5.440351E+01	5.568179E+03
5.03	-1.199335E+06	2.544972E+02	5.325068E+01	5.568179E+03
5.035	-1.199336E+06	2.599688E+02	5.225051E+01	5.568179E+03
5.04	-1.199335E+06	2.545116E+02	5.117241E+01	5.568179E+03
5.045	-1.199335E+06	2.460322E+02	4.993793E+01	5.568179E+03
5.05	-1.199335E+06	2.565978E+02	4.941527E+01	5.568179E+03
5.055	-1.199336E+06	2.700074E+02	5.024385E+01	5.568179E+03
5.06	-1.199335E+06	2.605394E+02	5.150322E+01	5.568179E+03
5.065	-1.199335E+06	2.557350E+02	5.259923E+01	5.568179E+03
5.07	-1.199335E+06	2.719413E+02	5.322453E+01	5.568179E+03
5.075	-1.199335E+06	2.627362E+02	5.325090E+01	5.568179E+03
5.08	-1.199335E+06	2.682999E+02	5.322839E+01	5.568179E+03
5.085	-1.199335E+06	2.731539E+02	5.334097E+01	5.568179E+03
5.09	-1.199335E+06	2.719510E+02	5.291792E+01	5.568179E+03
5.095	-1.199335E+06	2.797350E+02	5.185734E+01	5.568179E+03
5.1	-1.199335E+06	2.652671E+02	5.088613E+01	5.568179E+03
5.105	-1.199335E+06	2.741264E+02	5.048979E+01	5.568179E+03
5.11	-1.199335E+06	2.757973E+02	5.076251E+01	5.568179E+03
5.115	-1.199335E+06	2.749271E+02	5.097964E+01	5.568179E+03
5.12	-1.199335E+06	2.770466E+02	5.088072E+01	5.568179E+03
5.125	-1.199335E+06	2.747437E+02	5.037657E+01	5.568179E+03
5.13	-1.199335E+06	2.867200E+02	4.952303E+01	5.568179E+03
5.135	-1.199335E+06	2.831050E+02	4.926933E+01	5.568179E+03
5.14	-1.199335E+06	2.903694E+02	4.968841E+01	5.568179E+03
5.145	-1.199334E+06	2.802957E+02	5.076270E+01	5.568179E+03
5.15	-1.199335E+06	2.909705E+02	5.150939E+01	5.568179E+03
5.155	-1.199335E+06	2.965144E+02	5.183947E+01	5.568179E+03
5.16	-1.199334E+06	2.663286E+02	5.245751E+01	5.568179E+03
5.165	-1.199335E+06	2.844357E+02	5.295143E+01	5.568179E+03
5.17	-1.199335E+06	2.938990E+02	5.339519E+01	5.568179E+03
5.175	-1.199335E+06	3.057406E+02	5.292708E+01	5.568179E+03
5.18	-1.199335E+06	2.978400E+02	5.169211E+01	5.568179E+03
5.185	-1.199334E+06	2.827762E+02	5.028932E+01	5.568179E+03
5.19	-1.199335E+06	3.030130E+02	4.920050E+01	5.568179E+03
5.195	-1.199334E+06	2.902762E+02	4.914228E+01	5.568179E+03
5.2	-1.199334E+06	2.866253E+02	4.923214E+01	5.568179E+03
5.205	-1.199335E+06	3.032373E+02	4.931751E+01	5.568179E+03
5.21	-1.199334E+06	3.087988E+02	4.987794E+01	5.568179E+03
5.215	-1.199335E+06	3.199891E+02	5.099289E+01	5.568179E+03
5.22	-1.199334E+06	3.130496E+02	5.279351E+01	5.568179E+03
5.225	-1.199334E+06	3.085048E+02	5.432258E+01	5.568179E+03
5.23	-1.199334E+06	3.080913E+02	5.520085E+01	5.568179E+03
5.235	-1.199334E+06	3.084017E+02	5.518699E+01	5.568179E+03
5.24	-1.199334E+06	3.028536E+02	5.447518E+01	5.568179E+03
5.245	-1.199334E+06	2.969396E+02	5.412924E+01	5.568179E+03
5.25	-1.199335E+06	3.313745E+02	5.356738E+01	5.568179E+03
5.255	-1.199334E+06	3.166237E+02	5.259359E+01	5.568179E+03
5.26	-1.199334E+06	3.083805E+02	5.094435E+01	5.568179E+03
5.265	-1.199335E+06	3.145869E+02	4.933200E+01	5.568179E+03
5.27	-1.199334E+06	2.995118E+02	4.897702E+01	5.568179E+03
5.275	-1.199335E+06	3.265605E+02	4.960293E+01	5.568179E+03
5.28	-1.199334E+06	3.258022E+02	5.054742E+01	5.568179E+03
5.285	-1.199334E+06	3.156658E+02	5.101648E+01	5.568179E+03
5.29	-1.199334E+06	3.316394E+02	5.127449E+01	5.568179E+03
5.295	-1.199334E+06	3.145017E+02	5.206987E+01	5.568179E+03
5.3	-1.199334E+06	3.141697E+02	5.321115E+01	5.568179E+03
5.305	-1.199334E+06	3.378470E+02	5.440427E+01	5.568179E+03
5.31	-1.199334E+06	3.447100E+02	5.509508E+01	5.568179E+03
5.315	-1.199334E+06	3.350679E+02	5.497360E+01	5.568179E+03
5.32	-1.199334E+06	3.416848E+02	5.348737E+01	5.568179E+03
5.325	-1.199334E+06	3.525672E+02	5.160283E+01	5.568179E+03
5.33	-1.199333E+06	3.421683E+02	5.056239E+01	5.568179E+03
5.335	-1.199334E+06	3.565975E+02	4.955762E+01	5.568179E+03
5.34	-1.199334E+06	3.603092E+02	4.867884E+01	5.568179E+03
5.345	-1.199333E+06	3.461158E+02	4.772274E+01	5.568179E+03
5.35	-1.199334E+06	3.530404E+02	4.680740E+01	5.568179E+03
5.355	-1.199333E+06	3.142144E+02	4.772678E+01	5.568179E+03
5.36	-1.199333E+06	3.068399E+02	4.934041E+01	5.568179E+03
5.365	-1.199334E+06	3.344716E+02	5.142207E+01	5.568179E+03
5.37	-1.199333E+06	3.561694E+02	5.376860E+01	5.568179E+03
5.375	-1.199334E+06	3.840651E+02	5.461873E+01	5.568179E+03
5.38	-1.199333E+06	3.687579E+02	5.497536E+01	5.568179E+03
5.385	-1.199334E+06	3.641346E+02	5.470823E+01	5.568179E+03
5.39	-1.199333E+06	3.450683E+02	5.383155E+01	5.568179E+03
5.395	-1.199333E+06	3.452681E+02	5.277004E+01	5.568179E+03
5.4	-1.199334E+06	3.569079E+02	5.119037E+01	5.568179E+03
5.405	-1.199333E+06	3.540025E+02	4.971584E+01	5.568179E+03
5.41	-1.199334E+06	3.885480E+02	4.908914E+01	5.568179E+03
5.415	-1.199333E+06	3.730620E+02	4.930764E+01	5.568179E+03
5.42	-1.199333E+06	3.733876E+02	4.879060E+01	5.568179E+03
5.425	-1.199334E+06	3.954037E+02	4.771795E+01	5.568179E+03
5.43	-1.199333E+06	3.770032E+02	4.669075E+01	5.568179E+03
5.435	-1.199333E+06	3.852214E+02	4.554535E+01	5.568179E+03
5.44	-1.199333E+06	3.757627E+02	4.558786E+01	5.568179E+03
5.445	-1.199332E+06	3.529490E+02	4.652608E+01	5.568179E+03
5.45	-1.199333E+06	3.762203E+02	4.754081E+01	5.568179E+03
5.455	-1.199333E+06	3.858650E+02	4.916289E+01	5.568179E+03
5.46	-1.199333E+06	3.791849E+02	5.043746E+01	5.568179E+03
5.465	-1.199333E+06	3.782615E+02	5.155657E+01	5.568179E+03
5.47	-1.199333E+06	3.823592E+02	5.279571E+01	5.568179E+03
5.475	-1.199333E+06	3.802891E+02	5.297019E+01	5.568179E+03
5.48	-1.199333E+06	3.890198E+02	5.214314E+01	5.568179E+03
5.485	-1.199333E+06	3.871780E+02	5.112667E+01	5.568179E+03
5.49	-1.199332E+06	3.953290E+02	4.980245E+01	5.568179E+03
5.495	-1.199334E+06	4.341850E+02	4.870021E+01	5.568179E+03
5.5	-1.199333E+06	3.998743E+02	4.779888E+01	5.568179E+03
5.505	-1.199332E+06	3.652541E+02	4.584036E+01	5.568179E+03
5.51	-1.199333E+06	3.751018E+02	4.456477E+01	5.568179E+03
5.515	-1.199332E+06	3.735701E+02	4.446586E+01	5.568179E+03
5.52	-1.199333E+06	3.936140E+02	4.491682E+01	5.568179E+03
5.525	-1.199333E+06	4.094515E+02	4.686433E+01	5.568179E+03
5.53	-1.199332E+06	4.013545E+02	4.876818E+01	5.568179E+03
5.535	-1.199333E+06	4.230044E+02	4.955643E+01	5.568179E+03
5.54	-1.199332E+06	4.251073E+02	5.032623E+01	5.568179E+03
5.545	-1.199332E+06	4.124144E+02	5.030441E+01	5.568179E+03
5.55	-1.199332E+06	4.050174E+02	4.991012E+01	5.568179E+03
5.555	-1.199332E+06	3.940550E+02	4.988799E+01	5.568179E+03
5.56	-1.199332E+06	4.173612E+02	4.885267E+01	5.568179E+03
5.565	-1.199333E+06	4.272995E+02	4.720275E+01	5.568179E+03
5.57	-1.199332E+06	4.042292E+02	4.633647E+01	5.568179E+03
5.575	-1.199332E+06	4.228285E+02	4.599445E+01	5.568179E+03
5.58	-1.199332E+06	4.288412E+02	4.664077E+01	5.568179E+03
5.585	-1.199332E+06	4.272541E+02	4.742821E+01	5.568179E+03
5.59	-1.199333E+06	4.473352E+02	4.699352E+01	5.568179E+03
5.595	-1.199332E+06	4.367349E+02	4.636897E+01	5.568179E+03
5.6	-1.199332E+06	4.238149E+02	4.658514E+01	5.568179E+03
5.605	-1.199332E+06	4.480419E+02	4.784533E+01	5.568179E+03
5.61	-1.199332E+06	4.528247E+02	4.994875E+01	5.568179E+03
5.615	-1.199331E+06	4.357440E+02	5.109616E+01	5.568179E+03
5.62	-1.199332E+06	4.488178E+02	5.083244E+01	5.568179E+03
5.625	-1.199332E+06	4.642850E+02	5.012553E+01	5.568179E+03
5.63	-1.199332E+06	4.729305E+02	4.861038E+01	5.568179E+03
5.635	-1.199332E+06	4.588336E+02	4.704150E+01	5.568179E+03
5.64	-1.199332E+06	4.333672E+02	4.619740E+01	5.568179E+03
5.645	-1.199332E+06	4.428514E+02	4.540582E+01	5.568179E+03
5.65	-1.199332E+06	4.624464E+02	4.449672E+01	5.568179E+03
5.655	-1.199331E+06	4.406638E+02	4.414622E+01	5.568179E+03
5.66	-1.199332E+06	4.481925E+02	4.475053E+01	5.568179E+03
5.665	-1.199332E+06	4.490159E+02	4.624461E+01	5.568179E+03
5.67	-1.199331E+06	4.214737E+02	4.791071E+01	5.568179E+03
5.675	-1.199332E+06	4.756059E+02	4.856399E+01	5.568179E+03
5.68	-1.199332E+06	4.848778E+02	4.886314E+01	5.568179E+03
5.685	-1.199331E+06	4.645069E+02	4.919949E+01	5.568179E+03
5.69	-1.199332E+06	4.709133E+02	4.952159E+01	5.568179E+03
5.695	-1.199331E+06	4.405764E+02	4.941936E+01	5.568179E+03
5.7	-1.199332E+06	4.532999E+02	4.839081E+01	5.568179E+03
5.705	-1.199331E+06	4.624087E+02	4.754784E+01	5.568179E+03
5.71	-1.199331E+06	4.714145E+02	4.688319E+01	5.568179E+03
5.715	-1.199331E+06	4.920979E+02	4.642612E+01	5.568179E+03
5.72	-1.199332E+06	5.039466E+02	4.577003E+01	5.568179E+03
5.725	-1.199331E+06	4.754246E+02	4.482279E+01	5.568179E+03
5.73	-1.199331E+06	4.616637E+02	4.364955E+01	5.568179E+03
5.735	-1.199332E+06	5.033620E+02	4.308023E+01	5.568179E+03
5.74	-1.199331E+06	4.856236E+02	4.449106E+01	5.568179E+03
5.745	-1.199331E+06	4.883585E+02	4.612461E+01	5.568179E+03
5.75	-1.199332E+06	4.994494E+02	4.821448E+01	5.568179E+03
5.755	-1.199331E+06	4.903603E+02	5.027567E+01	5.568179E+03
5.76	-1.199332E+06	4.983715E+02	5.141739E+01	5.568179E+03
5.765	-1.199331E+06	4.681433E+02	5.377843E+01	5.568179E+03
5.77	-1.199331E+06	4.862194E+02	5.554202E+01	5.568179E+03
5.775	-1.199331E+06	5.190292E+02	5.552701E+01	5.568179E+03
5.78	-1.199331E+06	5.194144E+02	5.442319E+01	5.568179E+03
5.785	-1.199332E+06	5.272730E+02	5.144459E+01	5.568179E+03
5.79	-1.199330E+06	4.805601E+02	4.811304E+01	5.568179E+03
5.795	-1.199330E+06	4.661060E+02	4.573642E+01	5.568179E+03
5.8	-1.199331E+06	5.106620E+02	4.485506E+01	5.568179E+03
5.805	-1.199331E+06	5.129218E+02	4.525468E+01	5.568179E+03
5.81	-1.199331E+06	5.057278E+02	4.590096E+01	5.568179E+03
5.815	-1.199330E+06	5.096907E+02	4.673822E+01	5.568179E+03
5.82	-1.199331E+06	5.327864E+02	4.725370E+01	5.568179E+03
5.825	-1.199331E+06	5.110106E+02	4.839841E+01	5.568179E+03
5.83	-1.199330E+06	4.931755E+02	5.024607E+01	5.568179E+03
5.835	-1.199331E+06	5.507453E+02	5.153867E+01	5.568179E+03
5.84	-1.199330E+06	5.407263E+02	5.227515E+01	5.568179E+03
5.845	-1.199330E+06	5.241984E+02	5.078307E+01	5.568179E+03
5.85	-1.199330E+06	5.100847E+02	4.928174E+01	5.568179E+03
5.855	-1.199330E+06	5.212983E+02	4.926526E+01	5.568179E+03
5.86	-1.199331E+06	5.551183E+02	4.928411E+01	5.568179E+03
5.865	-1.199330E+06	5.373309E+02	4.939015E+01	5.568179E+03
5.87	-1.199331E+06	5.391164E+02	4.824203E+01	5.568179E+03
5.875	-1.199330E+06	5.226000E+02	4.693576E+01	5.568179E+03
5.88	-1.199330E+06	5.271381E+02	4.665188E+01	5.568179E+03
5.885	-1.199330E+06	5.203456E+02	4.702472E+01	5.568179E+03
5.89	-1.199330E+06	5.220869E+02	4.804919E+01	5.568179E+03
5.895	-1.199331E+06	5.495165E+02	4.869228E+01	5.568179E+03
5.9	-1.199329E+06	5.366195E+02	4.848260E+01	5.568179E+03
5.905	-1.199331E+06	5.617861E+02	4.905290E+01	5.568179E+03
5.91	-1.199330E+06	5.505540E+02	5.035429E+01	5.568179E+03
5.915	-1.199330E+06	5.533524E+02	5.079016E+01	5.568179E+03
5.92	-1.199331E+06	5.729159E+02	5.091284E+01	5.568179E+03
5.925	-1.199330E+06	5.548278E+02	5.034639E+01	5.568179E+03
5.93	-1.199330E+06	5.605318E+02	5.002434E+01	5.568179E+03
5.935	-1.199330E+06	5.628391E+02	5.065942E+01	5.568179E+03
5.94	-1.199329E+06	5.452589E+02	5.057562E+01	5.568179E+03
5.945	-1.199330E+06	5.470516E+02	4.944261E+01	5.568179E+03
5.95	-1.199329E+06	5.507735E+02	4.837532E+01	5.568179E+03
5.955	-1.199330E+06	5.730795E+02	4.739810E+01	5.568179E+03
5.96	-1.199329E+06	5.659117E+02	4.793956E+01	5.568179E+03
5.965	-1.199329E+06	5.742478E+02	4.916090E+01	5.568179E+03
5.97	-1.199330E+06	5.859866E+02	4.883139E+01	5.568179E+03
5.975	-1.199329E+06	5.618661E+02	4.786473E+01	5.568179E+03
5.98	-1.199329E+06	5.612128E+02	4.742312E+01	5.568179E+03
5.985	-1.199330E+06	5.903153E+02	4.788512E+01	5.568179E+03
5.99	-1.199329E+06	6.049888E+02	4.902368E+01	5.568179E+03
5.995	-1.199330E+06	6.205049E+02	4.929929E+01	5.568179E+03
6.0	-1.199330E+06	5.977997E+02	4.850999E+01	5.568179E+03
6.005	-1.199329E+06	5.526552E+02	4.763856E+01	5.568179E+03
6.01	-1.199329E+06	5.663920E+02	4.715875E+01	5.568179E+03
6.015	-1.199330E+06	5.865885E+02	4.742442E+01	5.568179E+03
6.02	-1.199329E+06	5.790294E+02	4.851883E+01	5.568179E+03
6.025	-1.199329E+06	5.817489E+02	4.895746E+01	5.568179E+03
6.03	-1.199329E+06	5.904693E+02	4.842871E+01	5.568179E+03
6.035	-1.199329E+06	5.817915E+02	4.835394E+01	5.568179E+03
6.04	-1.199329E+06	5.689427E+02	4.830454E+01	5.568179E+03
6.045	-1.199329E+06	5.880425E+02	4.831001E+01	5.568179E+03
6.05	-1.199329E+06	5.976000E+02	4.946066E+01	5.568179E+03
6.055	-1.199329E+06	6.033074E+02	4.993428E+01	5.568179E+03
6.06	-1.199329E+06	5.891823E+02	4.987744E+01	5.568179E+03
6.065	-1.199328E+06	5.600490E+02	4.995772E+01	5.568179E+03
6.07	-1.199329E+06	5.990380E+02	4.951404E+01	5.568179E+03
6.075	-1.199329E+06	6.120718E+02	4.993924E+01	5.568179E+03
6.08	-1.199328E+06	6.039453E+02	5.070238E+01	5.568179E+03
6.085	-1.199329E+06	6.200010E+02	5.103389E+01	5.568179E+03
6.09	-1.199329E+06	6.243933E+02	5.098137E+01	5.568179E+03
6.095	-1.199328E+06	6.027767E+02	5.118755E+01	5.568179E+03
6.1	-1.199328E+06	6.030122E+02	5.176882E+01	5.568179E+03
6.105	-1.199329E+06	6.286388E+02	5.198149E+01	5.568179E+03
6.11	-1.199328E+06	6.278658E+02	5.200097E+01	5.568179E+03
6.115	-1.199329E+06	6.567234E+02	5.030426E+01	5.568179E+03
6.12	-1.199329E+06	6.432941E+02	4.831065E+01	5.568179E+03
6.125	-1.199327E+06	5.931504E+02	4.803747E+01	5.568179E+03
6.13	-1.199328E+06	6.156248E+02	4.830497E+01	5.568179E+03
6.135	-1.199329E+06	6.303540E+02	4.899727E+01	5.568179E+03
6.14	-1.199327E+06	5.910461E+02	4.951360E+01	5.568179E+03
6.145	-1.199328E+06	6.032164E+02	4.848219E+01	5.568179E+03
6.15	-1.199328E+06	6.141810E+02	4.852942E+01	5.568179E+03
6.155	-1.199328E+06	6.267818E+02	5.008230E+01	5.568179E+03
6.16	-1.199328E+06	6.332643E+02	5.111268E+01	5.568179E+03
6.165	-1.199329E+06	6.609450E+02	5.131043E+01	5.568179E+03
6.17	-1.199328E+06	6.368192E+02	5.202706E+01	5.568179E+03
6.175	-1.199327E+06	6.148954E+02	5.214541E+01	5.568179E+03
6.18	-1.199329E+06	6.533641E+02	5.224788E+01	5.568179E+03
6.185	-1.199327E+06	6.341116E+02	5.349953E+01	5.568179E+03
6.19	-1.199328E+06	6.514134E+02	5.286229E+01	5.568179E+03
6.195	-1.199328E+06	6.456023E+02	5.128018E+01	5.568179E+03
6.2	-1.199327E+06	6.222468E+02	5.009963E+01	5.568179E+03
6.205	-1.199328E+06	6.579037E+02	4.911808E+01	5.568179E+03
6.21	-1.199328E+06	6.684563E+02	4.993383E+01	5.568179E+03
6.215	-1.199328E+06	6.390599E+02	5.177443E+01	5.568179E+03
6.22	-1.199327E+06	6.196728E+02	5.250021E+01	5.568179E+03
6.225	-1.199329E+06	6.635858E+02	5.245485E+01	5.568179E+03
6.23	-1.199327E+06	6.551223E+02	5.345347E+01	5.568179E+03
6.235	-1.199328E+06	6.664513E+02	5.375518E+01	5.568179E+03
6.24	-1.199327E+06	6.479798E+02	5.393891E+01	5.568179E+03
6.245	-1.199327E+06	6.368842E+02	5.400698E+01	5.568179E+03
6.25	-1.199328E+06	6.831185E+02	5.278606E+01	5.568179E+03
6.255	-1.199327E+06	6.655161E+02	5.196280E+01	5.568179E+03
6.26	-1.199327E+06	6.453197E+02	5.086212E+01	5.568179E+03
6.265	-1.199328E+06	6.383803E+02	4.928647E+01	5.568179E+03
6.27	-1.199327E+06	5.998826E+02	4.970144E+01	5.568179E+03
6.275	-1.199327E+06	6.076437E+02	5.035776E+01	5.568179E+03
6.28	-1.199328E+06	6.648337E+02	4.978740E+01	5.568179E+03
6.285	-1.199327E+06	6.753650E+02	5.007799E+01	5.568179E+03
6.29	-1.199327E+06	6.811502E+02	4.976673E+01	5.568179E+03
6.295	-1.199328E+06	6.875997E+02	4.906728E+01	5.568179E+03
6.3	-1.199326E+06	6.352778E+02	5.044002E+01	5.568179E+03
6.305	-1.199327E+06	6.561764E+02	5.099711E+01	5.568179E+03
6.31	-1.199328E+06	6.694784E+02	5.039137E+01	5.568179E+03
6.315	-1.199326E+06	6.206123E+02	5.029883E+01	5.568179E+03
6.32	-1.199327E+06	6.483433E+02	4.969351E+01	5.568179E+03
6.325	-1.199327E+06	6.660679E+02	5.049828E+01	5.568179E+03
6.33	-1.199327E+06	6.586152E+02	5.196783E+01	5.568179E+03
6.335	-1.199327E+06	6.437640E+02	5.219473E+01	5.568179E+03
6.34	-1.199327E+06	6.544443E+02	5.324407E+01	5.568179E+03
6.345	-1.199327E+06	6.461236E+02	5.491473E+01	5.568179E+03
6.35	-1.199327E+06	6.578189E+02	5.528514E+01	5.568179E+03
6.355	-1.199328E+06	6.845791E+02	5.557275E+01	5.568179E+03
6.36	-1.199327E+06	6.716391E+02	5.506743E+01	5.568179E+03
6.365	-1.199326E+06	6.589267E+02	5.449936E+01	5.568179E+03
6.37	-1.199327E+06	6.964384E+02	5.548286E+01	5.568179E+03
6.375	-1.199327E+06	7.093136E+02	5.677777E+01	5.568179E+03
6.38	-1.199327E+06	6.917610E+02	5.691709E+01	5.568179E+03
6.385	-1.199327E+06	6.698982E+02	5.571613E+01	5.568179E+03
6.39	-1.199326E+06	6.358083E+02	5.381335E+01	5.568179E+03
6.395	-1.199327E+06	6.630842E+02	5.305462E+01	5.568179E+03
6.4	-1.199328E+06	7.043429E+02	5.385155E+01	5.568179E+03
6.405	-1.199327E+06	7.066336E+02	5.412590E+01	5.568179E+03
6.41	-1.199327E+06	6.865311E+02	5.422746E+01	5.568179E+03
6.415	-1.199327E+06	6.812775E+02	5.385517E+01	5.568179E+03
6.42	-1.199327E+06	6.795330E+02	5.286869E+01	5.568179E+03
6.425	-1.199326E+06	6.516137E+02	5.265787E+01	5.568179E+03
6.43	-1.199328E+06	6.786565E+02	5.188466E+01	5.568179E+03
6.435	-1.199327E+06	6.659301E+02	5.102716E+01	5.568179E+03
6.44	-1.199327E+06	6.504332E+02	5.010900E+01	5.568179E+03
6.445	-1.199327E+06	6.701866E+02	4.987050E+01	5.568179E+03
6.45	-1.199327E+06	6.820198E+02	5.063392E+01	5.568179E+03
6.455	-1.199328E+06	6.904921E+02	5.127055E+01	5.568179E+03
6.46	-1.199326E+06	6.581602E+02	5.301143E+01	5.568179E+03
6.465	-1.199327E+06	6.747365E+02	5.444453E+01	5.568179E+03
6.47	-1.199327E+06	7.004235E+02	5.442728E+01	5.568179E+03
6.475	-1.199327E+06	6.844733E+02	5.391958E+01	5.568179E+03
6.48	-1.199327E+06	6.802282E+02	5.266472E+01	5.568179E+03
6.485	-1.199327E+06	6.751793E+02	5.086924E+01	5.568179E+03
6.49	-1.199327E+06	6.682996E+02	4.927531E+01	5.568179E+03
6.495	-1.199327E+06	6.542879E+02	4.794683E+01	5.568179E+03
6.5	-1.199326E+06	6.387028E+02	4.700715E+01	5.568179E+03
6.505	-1.199327E+06	6.768841E+02	4.613183E+01	5.568179E+03
6.51	-1.199327E+06	6.880424E+02	4.586035E+01	5.568179E+03
6.515	-1.199327E+06	6.723946E+02	4.626805E+01	5.568179E+03
6.52	-1.199327E+06	6.643871E+02	4.779327E+01	5.568179E+03
6.525	-1.199326E+06	6.608536E+02	5.126546E+01	5.568179E+03
6.53	-1.199328E+06	7.169953E+02	5.371184E+01	5.568179E+03
6.535	-1.199327E+06	7.109390E+02	5.468110E+01	5.568179E+03
6.54	-1.199326E+06	6.735915E+02	5.569091E+01	5.568179E+03
6.545	-1.199327E+06	6.950841E+02	5.562738E+01	5.568179E+03
6.55	-1.199328E+06	6.954822E+02	5.404865E+01	5.568179E+03
6.555	-1.199326E+06	6.375027E+02	5.275541E+01	5.568179E+03
6.56	-1.199327E+06	6.539464E+02	5.133340E+01	5.568179E+03
6.565	-1.199327E+06	6.511328E+02	5.032464E+01	5.568179E+03
6.57	-1.199327E+06	6.397014E+02	4.969407E+01	5.568179E+03
6.575	-1.199327E+06	6.538079E+02	4.841116E+01	5.568179E+03
6.58	-1.199327E+06	6.715943E+02	4.650350E+01	5.568179E+03
6.585	-1.199327E+06	6.636432E+02	4.507926E+01	5.568179E+03
6.59	-1.199327E+06	6.591581E+02	4.466145E+01	5.568179E+03
6.595	-1.199327E+06	6.758902E+02	4.567095E+01	5.568179E+03
6.6	-1.199327E+06	6.612584E+02	4.769655E+01	5.568179E+03
6.605	-1.199327E+06	6.775496E+02	4.904961E+01	5.568179E+03
6.61	-1.199327E+06	6.862614E+02	5.093320E+01	5.568179E+03
6.615	-1.199327E+06	7.081625E+02	5.272369E+01	5.568179E+03
6.62	-1.199328E+06	7.037417E+02	5.360726E+01	5.568179E+03
6.625	-1.199326E+06	6.277953E+02	5.458482E+01	5.568179E+03
6.63	-1.199326E+06	6.277239E+02	5.511823E+01	5.568179E+03
6.635	-1.199328E+06	6.728061E+02	5.490674E+01	5.568179E+03
6.64	-1.199327E+06	6.626950E+02	5.440746E+01	5.568179E+03
6.645	-1.199327E+06	6.599709E+02	5.365278E+01	5.568179E+03
6.65	-1.199328E+06	6.869244E+02	5.226860E+01	5.568179E+03
6.655	-1.199327E+06	6.775555E+02	5.091598E+01	5.568179E+03
6.66	-1.199327E+06	6.789602E+02	4.907521E+01	5.568179E+03
6.665	-1.199328E+06	6.819787E+02	4.598588E+01	5.568179E+03
6.67	-1.199327E+06	6.300347E+02	4.451892E+01	5.568179E+03
6.675	-1.199327E+06	6.251411E+02	4.518526E+01	5.568179E+03
6.68	-1.199328E+06	6.746605E+02	4.755078E+01	5.568179E+03
6.685	-1.199327E+06	6.799729E+02	5.183459E+01	5.568179E+03
6.69	-1.199327E+06	6.788100E+02	5.448323E+01	5.568179E+03
6.695	-1.199328E+06	6.722240E+02	5.563500E+01	5.568179E+03
6.7	-1.199327E+06	6.425609E+02	5.692955E+01	5.568179E+03
6.705	-1.199328E+06	6.622783E+02	5.761455E+01	5.568179E+03
6.71	-1.199327E+06	6.519835E+02	5.864461E+01	5.568179E+03
6.715	-1.199327E+06	6.630133E+02	5.797629E+01	5.568179E+03
6.72	-1.199329E+06	7.030569E+02	5.528150E+01	5.568179E+03
6.725	-1.199327E+06	6.671706E+02	5.299307E+01	5.568179E+03
6.73	-1.199328E+06	6.762019E+02	4.996994E+01	5.568179E+03
6.735	-1.199328E+06	6.481153E+02	4.806880E+01	5.568179E+03
6.74	-1.199327E+06	6.163551E+02	4.768255E+01	5.568179E+03
6.745	-1.199328E+06	6.512054E+02	4.735260E+01	5.568179E+03
6.75	-1.199328E+06	6.604259E+02	4.763402E+01	5.568179E+03
6.755	-1.199328E+06	6.690747E+02	4.891369E+01	5.568179E+03
6.76	-1.199328E+06	6.737970E+02	5.138354E+01	5.568179E+03
6.765	-1.199328E+06	6.422029E+02	5.487829E+01	5.568179E+03
6.77	-1.199327E+06	6.072742E+02	5.767801E+01	5.568179E+03
6.775	-1.199327E+06	6.292950E+02	5.897822E+01	5.568179E+03
6.78	-1.199329E+06	6.739047E+02	5.835543E+01	5.568179E+03
6.785	-1.199327E+06	6.210012E+02	5.556617E+01	5.568179E+03
6.79	-1.199327E+06	6.096458E+02	5.283970E+01	5.568179E+03
6.795	-1.199328E+06	6.321782E+02	5.172285E+01	5.568179E+03
6.8	-1.199327E+06	6.252804E+02	5.043490E+01	5.568179E+03
6.805	-1.199329E+06	6.449719E+02	4.877436E+01	5.568179E+03
6.81	-1.199327E+06	6.128282E+02	4.852145E+01	5.568179E+03
6.815	-1.199328E+06	6.203638E+02	4.893064E+01	5.568179E+03
6.82	-1.199328E+06	6.401878E+02	5.059627E+01	5.568179E+03
6.825	-1.199328E+06	6.503821E+02	5.275256E+01	5.568179E+03
6.83	-1.199328E+06	6.630613E+02	5.376856E+01	5.568179E+03
6.835	-1.199328E+06	6.474652E+02	5.433274E+01	5.568179E+03
6.84	-1.199328E+06	6.394365E+02	5.462804E+01	5.568179E+03
6.845	-1.199328E+06	6.225431E+02	5.477663E+01	5.568179E+03
6.85	-1.199328E+06	6.112430E+02	5.498089E+01	5.568179E+03
6.855	-1.199328E+06	6.135956E+02	5.429087E+01	5.568179E+03
6.86	-1.199327E+06	5.915720E+02	5.361373E+01	5.568179E+03
6.865	-1.199328E+06	6.208131E+02	5.287326E+01	5.568179E+03
6.87	-1.199329E+06	6.544342E+02	5.152951E+01	5.568179E+03
6.875	-1.199328E+06	6.227403E+02	5.008898E+01	5.568179E+03
6.88	-1.199327E+06	5.967473E+02	4.915418E+01	5.568179E+03
6.885	-1.199329E+06	6.314832E+02	4.842527E+01	5.568179E+03
6.89	-1.199328E+06	6.187322E+02	4.762832E+01	5.568179E+03
6.895	-1.199327E+06	5.969694E+02	4.742932E+01	5.568179E+03
6.9	-1.199329E+06	6.425126E+02	4.837147E+01	5.568179E+03
6.905	-1.199329E+06	6.343513E+02	5.007493E+01	5.568179E+03
6.91	-1.199328E+06	6.144035E+02	5.148061E+01	5.568179E+03
6.915	-1.199329E+06	6.264579E+02	5.255705E+01	5.568179E+03
6.92	-1.199328E+06	6.045017E+02	5.364352E+01	5.568179E+03
6.925	-1.199328E+06	5.904260E+02	5.417410E+01	5.568179E+03
6.93	-1.199329E+06	6.018464E+02	5.412479E+01	5.568179E+03
6.935	-1.199328E+06	5.976333E+02	5.398432E+01	5.568179E+03
6.94	-1.199329E+06	6.122529E+02	5.254911E+01	5.568179E+03
6.945	-1.199329E+06	6.188789E+02	4.932524E+01	5.568179E+03
6.95	-1.199328E+06	5.762498E+02	4.678452E+01	5.568179E+03
6.955	-1.199328E+06	5.892037E+02	4.549686E+01	5.568179E+03
6.96	-1.199329E+06	6.114742E+02	4.489195E+01	5.568179E+03
6.965	-1.199328E+06	6.027182E+02	4.517151E+01	5.568179E+03
6.97	-1.199330E+06	6.196696E+02	4.497104E+01	5.568179E+03
6.975	-1.199328E+06	5.770162E+02	4.487734E+01	5.568179E+03
6.98	-1.199328E+06	5.758084E+02	4.583759E+01	5.568179E+03
6.985	-1.199330E+06	6.087580E+02	4.725441E+01	5.568179E+03
6.99	-1.199329E+06	5.788538E+02	4.873400E+01	5.568179E+03
6.995	-1.199329E+06	5.551949E+02	4.950450E+01	5.568179E+03
7.0	-1.199329E+06	5.705277E+02	5.013634E+01	5.568179E+03
7.005	-1.199329E+06	5.866200E+02	5.215014E+01	5.568179E+03
7.01	-1.199329E+06	5.862953E+02	5.386082E+01	5.568179E+03
7.015	-1.199330E+06	6.019261E+02	5.399621E+01	5.568179E+03
7.02	-1.199329E+06	5.877590E+02	5.373708E+01	5.568179E+03
7.025	-1.199329E+06	5.861403E+02	5.136875E+01	5.568179E+03
7.03	-1.199330E+06	5.971334E+02	4.770393E+01	5.568179E+03
7.035	-1.199329E+06	5.684085E+02	4.557402E+01	5.568179E+03
7.04	-1.199330E+06	5.653425E+02	4.422327E+01	5.568179E+03
7.045	-1.199329E+06	5.223277E+02	4.457891E+01	5.568179E+03
7.05	-1.199329E+06	5.332060E+02	4.551693E+01	5.568179E+03
7.055	-1.199330E+06	5.710292E+02	4.639012E+01	5.568179E+03
7.06	-1.199330E+06	5.833874E+02	4.823914E+01	5.568179E+03
7.065	-1.199330E+06	5.886061E+02	5.023139E+01	5.568179E+03
7.07	-1.199329E+06	5.574708E+02	5.188631E+01	5.568179E+03
7.075	-1.199330E+06	5.393912E+02	5.317496E+01	5.568179E+03
7.08	-1.199330E+06	5.508227E+02	5.387591E+01	5.568179E+03
7.085	-1.199330E+06	5.710697E+02	5.455167E+01	5.568179E+03
7.09	-1.199330E+06	5.699516E+02	5.481842E+01	5.568179E+03
7.095	-1.199330E+06	5.755817E+02	5.350628E+01	5.568179E+03
7.1	-1.199330E+06	5.604055E+02	5.191960E+01	5.568179E+03
7.105	-1.199330E+06	5.542625E+02	5.010224E+01	5.568179E+03
7.11	-1.199331E+06	5.713247E+02	4.799756E+01	5.568179E+03
7.115	-1.199330E+06	5.412688E+02	4.674500E+01	5.568179E+03
7.12	-1.199330E+06	5.113689E+02	4.630079E+01	5.568179E+03
7.125	-1.199330E+06	5.292448E+02	4.664412E+01	5.568179E+03
7.13	-1.199331E+06	5.595672E+02	4.746576E+01	5.568179E+03
7.135	-1.199329E+06	5.265620E+02	4.898661E+01	5.568179E+03
7.14	-1.199331E+06	5.499160E+02	5.013529E+01	5.568179E+03
7.145	-1.199331E+06	5.555712E+02	5.132949E+01	5.568179E+03
7.15	-1.199330E+06	4.982034E+02	5.274081E+01	5.568179E+03
7.155	-1.199330E+06	4.967827E+02	5.328808E+01	5.568179E+03
7.16	-1.199331E+06	5.210119E+02	5.400155E+01	5.568179E+03
7.165	-1.199330E+06	5.399487E+02	5.468924E+01	5.568179E+03
7.17	-1.199331E+06	5.599223E+02	5.368446E+01	5.568179E+03
7.175	-1.199330E+06	5.244461E+02	5.208145E+01	5.568179E+03
7.18	-1.199330E+06	4.965720E+02	5.013751E+01	5.568179E+03
7.185	-1.199331E+06	4.984750E+02	4.831603E+01	5.568179E+03
7.19	-1.199331E+06	5.036806E+02	4.786604E+01	5.568179E+03
7.195	-1.199331E+06	5.125243E+02	4.716012E+01	5.568179E+03
7.2	-1.199330E+06	4.903924E+02	4.612985E+01	5.568179E+03
7.205	-1.199331E+06	4.933949E+02	4.628120E+01	5.568179E+03
7.21	-1.199331E+06	5.058614E+02	4.702317E+01	5.568179E+03
7.215	-1.199331E+06	5.012264E+02	4.826019E+01	5.568179E+03
7.22	-1.199331E+06	5.052525E+02	5.002127E+01	5.568179E+03
7.225	-1.199331E+06	5.276303E+02	5.143146E+01	5.568179E+03
7.23	-1.199332E+06	5.278095E+02	5.269069E+01	5.568179E+03
7.235	-1.199330E+06	4.818708E+02	5.330708E+01	5.568179E+03
7.24	-1.199331E+06	4.902671E+02	5.266159E+01	5.568179E+03
7.245	-1.199331E+06	4.955303E+02	5.160439E+01	5.568179E+03
7.25	-1.199331E+06	4.873318E+02	5.032932E+01	5.568179E+03
7.255	-1.199332E+06	5.088874E+02	4.969382E+01	5.568179E+03
7.26	-1.199332E+06	5.081965E+02	4.906927E+01	5.568179E+03
7.265	-1.199331E+06	4.920193E+02	4.786403E+01	5.568179E+03
7.27	-1.199331E+06	4.904995E+02	4.703431E+01	5.568179E+03
7.275	-1.199332E+06	4.957236E+02	4.704510E+01	5.568179E+03
7.28	-1.199332E+06	4.974639E+02	4.800545E+01	5.568179E+03
7.285	-1.199331E+06	4.848646E+02	4.916023E+01	5.568179E+03
7.29	-1.199332E+06	4.784672E+02	4.984709E+01	5.568179E+03
7.295	-1.199332E+06	4.673618E+02	4.966817E+01	5.568179E+03
7.3	-1.199332E+06	4.601784E+02	4.899992E+01	5.568179E+03
7.305	-1.199332E+06	4.623479E+02	4.928851E+01	5.568179E+03
7.31	-1.199332E+06	4.731421E+02	4.990089E+01	5.568179E+03
7.315	-1.199332E+06	4.780580E+02	5.020736E+01	5.568179E+03
7.32	-1.199331E+06	4.728623E+02	5.022633E+01	5.568179E+03
7.325	-1.199332E+06	4.827676E+02	4.938478E+01	5.568179E+03
7.33	-1.199332E+06	4.615142E+02	4.833455E+01	5.568179E+03
7.335	-1.199332E+06	4.595787E+02	4.680744E+01	5.568179E+03
7.34	-1.199333E+06	4.813507E+02	4.547942E+01	5.568179E+03
7.345	-1.199332E+06	4.541239E+02	4.510928E+01	5.568179E+03
7.35	-1.199332E+06	4.458811E+02	4.434691E+01	5.568179E+03
7.355	-1.199332E+06	4.267968E+02	4.478157E+01	5.568179E+03
7.36	-1.199332E+06	4.244240E+02	4.607116E+01	5.568179E+03
7.365	-1.199333E+06	4.511767E+02	4.674208E+01	5.568179E+03
7.37	-1.199332E+06	4.429156E+02	4.831376E+01	5.568179E+03
7.375	-1.199332E+06	4.629671E+02	4.927147E+01	5.568179E+03
7.38	-1.199332E+06	4.634648E+02	4.936297E+01	5.568179E+03
7.385	-1.199332E+06	4.386131E+02	4.909999E+01	5.568179E+03
7.39	-1.199332E+06	4.434504E+02	4.761142E+01	5.568179E+03
7.395	-1.199332E+06	4.522336E+02	4.669863E+01	5.568179E+03
7.4	-1.199332E+06	4.441053E+02	4.656475E+01	5.568179E+03
7.405	-1.199332E+06	4.244487E+02	4.572259E+01	5.568179E+03
7.41	-1.199333E+06	4.270422E+02	4.529492E+01	5.568179E+03
7.415	-1.199332E+06	4.181627E+02	4.615687E+01	5.568179E+03
7.42	-1.199332E+06	4.271321E+02	4.688518E+01	5.568179E+03
7.425	-1.199333E+06	4.513843E+02	4.756739E+01	5.568179E+03
7.43	-1.199332E+06	4.346382E+02	4.850326E+01	5.568179E+03
7.435	-1.199333E+06	4.522663E+02	4.828750E+01	5.568179E+03
7.44	-1.199333E+06	4.118473E+02	4.822848E+01	5.568179E+03
7.445	-1.199331E+06	3.695632E+02	4.875443E+01	5.568179E+03
7.45	-1.199333E+06	4.231388E+02	4.909372E+01	5.568179E+03
7.455	-1.199333E+06	4.375486E+02	4.973685E+01	5.568179E+03
7.46	-1.199332E+06	4.060568E+02	4.965967E+01	5.568179E+03
7.465	-1.199333E+06	4.025044E+02	4.835635E+01	5.568179E+03
7.47	-1.199333E+06	3.987452E+02	4.790469E+01	5.568179E+03
7.475	-1.199332E+06	3.846764E+02	4.847818E+01	5.568179E+03
7.48	-1.199333E+06	4.150407E+02	4.861826E+01	5.568179E+03
7.485	-1.199333E+06	4.170976E+02	4.958217E+01	5.568179E+03
7.49	-1.199333E+06	4.297061E+02	5.020966E+01	5.568179E+03
7.495	-1.199334E+06	4.339533E+02	4.968932E+01	5.568179E+03
7.5	-1.199332E+06	3.840376E+02	4.995698E+01	5.568179E+03
7.505	-1.199333E+06	4.023228E+02	5.000340E+01	5.568179E+03
7.51	-1.199333E+06	4.116011E+02	4.986914E+01	5.568179E+03
7.515	-1.199333E+06	3.979690E+02	4.972302E+01	5.568179E+03
7.52	-1.199333E+06	3.852756E+02	4.908484E+01	5.568179E+03
7.525	-1.199333E+06	3.918755E+02	4.853208E+01	5.568179E+03
7.53	-1.199333E+06	3.951787E+02	4.876944E+01	5.568179E+03
7.535	-1.199333E+06	3.844570E+02	4.908238E+01	5.568179E+03
7.54	-1.199333E+06	3.821530E+02	4.955194E+01	5.568179E+03
7.545	-1.199333E+06	3.915956E+02	5.025262E+01	5.568179E+03
7.55	-1.199334E+06	3.942124E+02	5.034367E+01	5.568179E+03
7.555	-1.199333E+06	3.832243E+02	5.046387E+01	5.568179E+03
7.56	-1.199334E+06	3.872362E+02	5.097891E+01	5.568179E+03
7.565	-1.199333E+06	3.859500E+02	5.116440E+01	5.568179E+03
7.57	-1.199334E+06	3.852996E+02	5.057682E+01	5.568179E+03
7.575	-1.199334E+06	3.738285E+02	4.946560E+01	5.568179E+03
7.58	-1.199333E+06	3.653037E+02	4.876818E+01	5.568179E+03
7.585	-1.199334E+06	3.725211E+02	4.907647E+01	5.568179E+03
7.59	-1.199333E+06	3.664640E+02	4.933635E+01	5.568179E+03
7.595	-1.199334E+06	3.739112E+02	4.897901E+01	5.568179E+03
7.6	-1.199333E+06	3.677919E+02	4.844447E+01	5.568179E+03
7.605	-1.199334E+06	3.772581E+02	4.760540E+01	5.568179E+03
7.61	-1.199333E+06	3.557981E+02	4.798922E+01	5.568179E+03
7.615	-1.199333E+06	3.436832E+02	4.879810E+01	5.568179E+03
7.62	-1.199334E+06	3.581855E+02	4.923945E+01	5.568179E+03
7.625	-1.199333E+06	3.362646E+02	4.978381E+01	5.568179E+03
7.63	-1.199334E+06	3.533990E+02	4.999894E+01	5.568179E+03
7.635	-1.199334E+06	3.597587E+02	5.111659E+01	5.568179E+03
7.64	-1.199333E+06	3.424238E+02	5.226895E+01	5.568179E+03
7.645	-1.199334E+06	3.532585E+02	5.216583E+01	5.568179E+03
7.65	-1.199334E+06	3.486822E+02	5.201244E+01	5.568179E+03
7.655	-1.199334E+06	3.686023E+02	5.131029E+01	5.568179E+03
7.66	-1.199334E+06	3.647394E+02	5.062138E+01	5.568179E+03
7.665	-1.199334E+06	3.596909E+02	5.025841E+01	5.568179E+03
7.67	-1.199334E+06	3.482309E+02	4.954250E+01	5.568179E+03
7.675	-1.199334E+06	3.399677E+02	4.912004E+01	5.568179E+03
7.68	-1.199335E+06	3.536296E+02	4.927114E+01	5.568179E+03
7.685	-1.199333E+06	3.276126E+02	4.916765E+01	5.568179E+03
7.69	-1.199335E+06	3.388401E+02	4.885646E+01	5.568179E+03
7.695	-1.199334E+06	3.226820E+02	4.976276E+01	5.568179E+03
7.7	-1.199334E+06	3.197612E+02	5.059182E+01	5.568179E+03
7.705	-1.199335E+06	3.451042E+02	5.136447E+01	5.568179E+03
7.71	-1.199334E+06	3.293147E+02	5.256018E+01	5.568179E+03
7.715	-1.199335E+06	3.514972E+02	5.207781E+01	5.568179E+03
7.72	-1.199334E+06	3.219718E+02	5.151107E+01	5.568179E+03
7.725	-1.199334E+06	3.072773E+02	5.149687E+01	5.568179E+03
7.73	-1.199335E+06	3.354678E+02	5.140228E+01	5.568179E+03
7.735	-1.199334E+06	3.314249E+02	5.147893E+01	5.568179E+03
7.74	-1.199334E+06	3.209133E+02	5.113922E+01	5.568179E+03
7.745	-1.199335E+06	3.125608E+02	5.058148E+01	5.568179E+03
7.75	-1.199335E+06	3.070444E+02	5.092512E+01	5.568179E+03
7.755	-1.199335E+06	3.135203E+02	5.191937E+01	5.568179E+03
7.76	-1.199335E+06	3.226434E+02	5.207371E+01	5.568179E+03
7.765	-1.199334E+06	3.078457E+02	5.180724E+01	5.568179E+03
7.77	-1.199335E+06	3.083924E+02	5.172874E+01	5.568179E+03
7.775	-1.199335E+06	3.156574E+02	5.176330E+01	5.568179E+03
7.78	-1.199335E+06	3.117148E+02	5.189693E+01	5.568179E+03
7.785	-1.199335E+06	3.114655E+02	5.152100E+01	5.568179E+03
7.79	-1.199335E+06	3.076823E+02	5.081070E+01	5.568179E+03
7.795	-1.199335E+06	2.906749E+02	5.051503E+01	5.568179E+03
7.8	-1.199335E+06	2.969992E+02	5.021866E+01	5.568179E+03
7.805	-1.199335E+06	3.202924E+02	5.002441E+01	5.568179E+03
7.81	-1.199335E+06	3.059110E+02	5.014725E+01	5.568179E+03
7.815	-1.199335E+06	3.098825E+02	4.963797E+01	5.568179E+03
7.82	-1.199335E+06	3.026078E+02	4.910181E+01	5.568179E+03
7.825	-1.199335E+06	2.880547E+02	4.884480E+01	5.568179E+03
7.83	-1.199336E+06	2.995696E+02	4.867395E+01	5.568179E+03
7.835	-1.199335E+06	2.843606E+02	4.953411E+01	5.568179E+03
7.84	-1.199335E+06	2.850372E+02	5.071091E+01	5.568179E+03
7.845	-1.199335E+06	2.969353E+02	5.167106E+01	5.568179E+03
7.85	-1.199335E+06	2.903495E+02	5.286415E+01	5.568179E+03
7.855	-1.199335E+06	2.828481E+02	5.364209E+01	5.568179E+03
7.86	-1.199335E+06	2.873155E+02	5.413185E+01	5.568179E+03
7.865	-1.199336E+06	3.086087E+02	5.435178E+01	5.568179E+03
7.87	-1.199335E+06	2.902821E+02	5.376224E+01	5.568179E+03
7.875	-1.199335E+06	2.825641E+02	5.228163E+01	5.568179E+03
7.88	-1.199335E+06	2.728079E+02	5.093326E+01	5.568179E+03
7.885	-1.199335E+06	2.738757E+02	5.032473E+01	5.568179E+03
7.89	-1.199336E+06	2.906142E+02	5.040783E+01	5.568179E+03
7.895	-1.199335E+06	2.829135E+02	5.044486E+01	5.568179E+03
7.9	-1.199336E+06	2.787180E+02	5.028653E+01	5.568179E+03
7.905	-1.199335E+06	2.664045E+02	5.057303E+01	5.568179E+03
7.91	-1.199335E+06	2.713170E+02	5.077026E+01	5.568179E+03
7.915	-1.199335E+06	2.732101E+02	5.154618E+01	5.568179E+03
7.92	-1.199335E+06	2.870891E+02	5.268657E+01	5.568179E+03
7.925	-1.199336E+06	2.889932E+02	5.311103E+01	5.568179E+03
7.93	-1.199335E+06	2.668948E+02	5.327851E+01	5.568179E+03
7.935	-1.199336E+06	2.625290E+02	5.304186E+01	5.568179E+03
7.94	-1.199336E+06	2.535119E+02	5.263472E+01	5.568179E+03
7.945	-1.199336E+06	2.501951E+02	5.277823E+01	5.568179E+03
7.95	-1.199335E+06	2.522200E+02	5.271221E+01	5.568179E+03
7.955	-1.199336E+06	2.661080E+02	5.225844E+01	5.568179E+03
7.96	-1.199336E+06	2.663750E+02	5.215890E+01	5.568179E+03
7.965	-1.199336E+06	2.623795E+02	5.205376E+01	5.568179E+03
7.97	-1.199336E+06	2.632001E+02	5.244097E+01	5.568179E+03
7.975	-1.199335E+06	2.571357E+02	5.342404E+01	5.568179E+03
7.98	-1.199336E+06	2.752238E+02	5.373701E+01	5.568179E+03
7.985	-1.199336E+06	2.678575E+02	5.348539E+01	5.568179E+03
7.99	-1.199335E+06	2.437352E+02	5.304129E+01	5.568179E+03
7.995	-1.199336E+06	2.443954E+02	5.253104E+01	5.568179E+03
8.0	-1.199336E+06	2.418905E+02	5.268935E+01	5.568179E+03
8.005	-1.199336E+06	2.469971E+02	5.288633E+01	5.568179E+03
8.01	-1.199336E+06	2.541527E+02	5.250483E+01	5.568179E+03
8.015	-1.199336E+06	2.553255E+02	5.238116E+01	5.568179E+03
8.02	-1.199336E+06	2.407319E+02	5.288460E+01	5.568179E+03
8.025	-1.199336E+06	2.396583E+02	5.336671E+01	5.568179E+03
8.03	-1.199336E+06	2.358532E+02	5.396957E+01	5.568179E+03
8.035	-1.199336E+06	2.396935E+02	5.432179E+01	5.568179E+03
8.04	-1.199336E+06	2.551361E+02	5.432723E+01	5.568179E+03
8.045	-1.199336E+06	2.591486E+02	5.452730E+01	5.568179E+03
8.05	-1.199336E+06	2.542675E+02	5.485199E+01	5.568179E+03
8.055	-1.199336E+06	2.439397E+02	5.534640E+01	5.568179E+03
8.06	-1.199336E+06	2.345402E+02	5.611235E+01	5.568179E+03
8.065	-1.199336E+06	2.330067E+02	5.652726E+01	5.568179E+03
8.07	-1.199336E+06	2.384002E+02	5.635877E+01	5.568179E+03
8.075	-1.199336E+06	2.452286E+02	5.596094E+01	5.568179E+03
8.08	-1.199336E+06	2.393301E+02	5.553435E+01	5.568179E+03
8.085	-1.199336E+06	2.423447E+02	5.489013E+01	5.568179E+03
8.09	-1.199336E+06	2.285559E+02	5.440318E+01	5.568179E+03
8.095	-1.199336E+06	2.216690E+02	5.376195E+01	5.568179E+03
8.1	-1.199336E+06	2.293047E+02	5.290304E+01	5.568179E+03
8.105	-1.199336E+06	2.246844E+02	5.241370E+01	5.568179E+03
8.11	-1.199336E+06	2.202964E+02	5.192883E+01	5.568179E+03
8.115	-1.199336E+06	2.166262E+02	5.141753E+01	5.568179E+03
8.12	-1.199336E+06	2.115230E+02	5.147810E+01	5.568179E+03
8.125	-1.199336E+06	2.266353E+02	5.187649E+01	5.568179E+03
8.13	-1.199337E+06	2.412691E+02	5.257734E+01	5.568179E+03
8.135	-1.199336E+06	2.278147E+02	5.361046E+01	5.568179E+03
8.14	-1.199337E+06	2.323006E+02	5.438868E+01	5.568179E+03
8.145	-1.199337E+06	2.273755E+02	5.493151E+01	5.568179E+03
8.15	-1.199336E+06	2.116828E+02	5.526828E+01	5.568179E+03
8.155	-1.199337E+06	2.268923E+02	5.531143E+01	5.568179E+03
8.16	-1.199337E+06	2.234381E+02	5.532201E+01	5.568179E+03
8.165	-1.199336E+06	2.034352E+02	5.506508E+01	5.568179E+03
8.17	-1.199337E+06	2.099421E+02	5.424544E+01	5.568179E+03
8.175	-1.199337E+06	2.123940E+02	5.342184E+01	5.568179E+03
8.18	-1.199336E+06	2.027249E+02	5.312178E+01	5.568179E+03
8.185	-1.199337E+06	2.173798E+02	5.344244E+01	5.568179E+03
8.19	-1.199337E+06	2.174100E+02	5.433656E+01	5.568179E+03
8.195	-1.199337E+06	2.114140E+02	5.516845E+01	5.568179E+03
8.2	-1.199337E+06	2.189608E+02	5.559101E+01	5.568179E+03
8.205	-1.199337E+06	2.069312E+02	5.564027E+01	5.568179E+03
8.21	-1.199337E+06	2.127356E+02	5.533307E+01	5.568179E+03
8.215	-1.199337E+06	2.243357E+02	5.504774E+01	5.568179E+03
8.22	-1.199337E+06	2.135728E+02	5.497968E+01	5.568179E+03
8.225	-1.199337E+06	2.128765E+02	5.485361E+01	5.568179E+03
8.23	-1.199337E+06	2.109760E+02	5.480965E+01	5.568179E+03
8.235	-1.199337E+06	2.038065E+02	5.495168E+01	5.568179E+03
8.24	-1.199337E+06	2.057725E+02	5.493901E+01	5.568179E+03
8.245	-1.199337E+06	2.050613E+02	5.507710E+01	5.568179E+03
8.25	-1.199336E+06	1.800100E+02	5.548223E+01	5.568179E+03
8.255	-1.199337E+06	1.935580E+02	5.527144E+01	5.568179E+03
8.26	-1.199337E+06	2.062480E+02	5.513697E+01	5.568179E+03
8.265	-1.199337E+06	1.942621E+02	5.507675E+01	5.568179E+03
8.27	-1.199337E+06	2.054629E+02	5.469920E+01	5.568179E+03
8.275	-1.199337E+06	1.971232E+02	5.491135E+01	5.568179E+03
8.28	-1.199337E+06	1.936864E+02	5.490845E+01	5.568179E+03
8.285	-1.199337E+06	1.952733E+02	5.443370E+01	5.568179E+03
8.29	-1.199337E+06	1.881842E+02	5.420849E+01	5.568179E+03
8.295	-1.199337E+06	1.983658E+02	5.385728E+01	5.568179E+03
8.3	-1.199337E+06	1.934443E+02	5.356432E+01	5.568179E+03
8.305	-1.199337E+06	1.828985E+02	5.330605E+01	5.568179E+03
8.31	-1.199337E+06	1.750430E+02	5.284073E+01	5.568179E+03
8.315	-1.199337E+06	1.784596E+02	5.236405E+01	5.568179E+03
8.32	-1.199337E+06	1.852386E+02	5.241186E+01	5.568179E+03
8.325	-1.199337E+06	1.961697E+02	5.292096E+01	5.568179E+03
8.33	-1.199337E+06	2.005575E+02	5.344932E+01	5.568179E+03
8.335	-1.199337E+06	1.811418E+02	5.403975E+01	5.568179E+03
8.34	-1.199337E+06	1.887568E+02	5.418705E+01	5.568179E+03
8.345	-1.199337E+06	1.888933E+02	5.408974E+01	5.568179E+03
8.35	-1.199337E+06	1.822460E+02	5.409588E+01	5.568179E+03
8.355	-1.199337E+06	1.924979E+02	5.405274E+01	5.568179E+03
8.36	-1.199337E+06	1.894064E+02	5.423946E+01	5.568179E+03
8.365	-1.199337E+06	1.847747E+02	5.443345E+01	5.568179E+03
8.37	-1.199337E+06	1.916292E+02	5.443423E+01	5.568179E+03
8.375	-1.199337E+06	1.897124E+02	5.444573E+01	5.568179E+03
8.38	-1.199337E+06	1.882022E+02	5.416699E+01	5.568179E+03
8.385	-1.199337E+06	1.911504E+02	5.371420E+01	5.568179E+03
8.39	-1.199337E+06	1.864178E+02	5.335332E+01	5.568179E+03
8.395	-1.199338E+06	1.911358E+02	5.271786E+01	5.568179E+03
8.4	-1.199337E+06	1.736010E+02	5.229416E+01	5.568179E+03
8.405	-1.199337E+06	1.629442E+02	5.222873E+01	5.568179E+03
8.41	-1.199338E+06	1.735121E+02	5.232785E+01	5.568179E+03
8.415	-1.199337E+06	1.754259E+02	5.262450E+01	5.568179E+03
8.42	-1.199338E+06	1.827073E+02	5.271586E+01	5.568179E+03
8.425	-1.199337E+06	1.758324E+02	5.251783E+01	5.568179E+03
8.43	-1.199337E+06	1.760792E+02	5.223810E+01	5.568179E+03
8.435	-1.199337E+06	1.776016E+02	5.218678E+01	5.568179E+03
8.44	-1.199337E+06	1.715868E+02	5.235605E+01	5.568179E+03
8.445	-1.199337E+06	1.698880E+02	5.284794E+01	5.568179E+03
8.45	-1.199337E+06	1.673295E+02	5.340706E+01	5.568179E+03
8.455	-1.199338E+06	1.708320E+02	5.374819E+01	5.568179E+03
8.46	-1.199337E+06	1.682021E+02	5.437860E+01	5.568179E+03
8.465	-1.199338E+06	1.763381E+02	5.495607E+01	5.568179E+03
8.47	-1.199338E+06	1.759760E+02	5.516478E+01	5.568179E+03
8.475	-1.199337E+06	1.681879E+02	5.491852E+01	5.568179E+03
8.48	-1.199338E+06	1.686605E+02	5.410554E+01	5.568179E+03
8.485	-1.199337E+06	1.645086E+02	5.328127E+01	5.568179E+03
8.49	-1.199338E+06	1.630712E+02	5.283356E+01	5.568179E+03
8.495	-1.199337E+06	1.563265E+02	5.284476E+01	5.568179E+03
8.5	-1.199338E+06	1.604052E+02	5.321945E+01	5.568179E+03
8.505	-1.199338E+06	1.624903E+02	5.375103E+01	5.568179E+03
8.51	-1.199337E+06	1.645062E+02	5.400851E+01	5.568179E+03
8.515	-1.199338E+06	1.698523E+02	5.401992E+01	5.568179E+03
8.52	-1.199337E+06	1.615975E+02	5.422978E+01	5.568179E+03
8.525	-1.199338E+06	1.707718E+02	5.443207E+01	5.568179E+03
8.53	-1.199338E+06	1.717186E+02	5.450197E+01	5.568179E+03
8.535	-1.199338E+06	1.662199E+02	5.445359E+01	5.568179E+03
8.54	-1.199338E+06	1.611356E+02	5.435364E+01	5.568179E+03
8.545	-1.199338E+06	1.608945E+02	5.418521E+01	5.568179E+03
8.55	-1.199338E+06	1.571101E+02	5.428566E+01	5.568179E+03
8.555	-1.199338E+06	1.521478E+02	5.460737E+01	5.568179E+03
8.56	-1.199338E+06	1.579321E+02	5.486648E+01	5.568179E+03
8.565	-1.199338E+06	1.522182E+02	5.524121E+01	5.568179E+03
8.57	-1.199338E+06	1.548877E+02	5.548853E+01	5.568179E+03
8.575	-1.199338E+06	1.575891E+02	5.566965E+01	5.568179E+03
8.58	-1.199338E+06	1.556160E+02	5.571368E+01	5.568179E+03
8.585	-1.199338E+06	1.563635E+02	5.537670E+01	5.568179E+03
8.59	-1.199338E+06	1.502133E+02	5.501682E+01	5.568179E+03
8.595	-1.199338E+06	1.542020E+02	5.471998E+01	5.568179E+03
8.6	-1.199338E+06	1.502487E+02	5.462293E+01	5.568179E+03
8.605	-1.199338E+06	1.488767E+02	5.476014E+01	5.568179E+03
8.61	-1.199338E+06	1.500345E+02	5.495444E+01	5.568179E+03
8.615	-1.199338E+06	1.533217E+02	5.505337E+01	5.568179E+03
8.62	-1.199338E+06	1.561592E+02	5.522375E+01	5.568179E+03
8.625	-1.199338E+06	1.577385E+02	5.539293E+01	5.568179E+03
8.63	-1.199338E+06	1.604017E+02	5.544123E+01	5.568179E+03
8.635	-1.199338E+06	1.491080E+02	5.533629E+01	5.568179E+03
8.64	-1.199338E+06	1.420422E+02	5.498980E+01	5.568179E+03
8.645	-1.199338E+06	1.410116E+02	5.482038E+01	5.568179E+03
8.65	-1.199338E+06	1.438421E+02	5.475551E+01	5.568179E+03
8.655	-1.199338E+06	1.414102E+02	5.473191E+01	5.568179E+03
8.66	-1.199338E+06	1.426842E+02	5.504036E+01	5.568179E+03
8.665	-1.199338E+06	1.545901E+02	5.526709E+01	5.568179E+03
8.67	-1.199338E+06	1.495715E+02	5.512017E+01	5.568179E+03
8.675	-1.199338E+06	1.502080E+02	5.479082E+01	5.568179E+03
8.68	-1.199338E+06	1.557792E+02	5.440256E+01	5.568179E+03
8.685	-1.199338E+06	1.522587E+02	5.394343E+01	5.568179E+03
8.69	-1.199338E+06	1.443387E+02	5.349560E+01	5.568179E+03
8.695	-1.199338E+06	1.416290E+02	5.296296E+01	5.568179E+03
8.7	-1.199338E+06	1.437095E+02	5.251823E+01	5.568179E+03
8.705	-1.199338E+06	1.370681E+02	5.242800E+01	5.568179E+03
8.71	-1.199338E+06	1.348686E+02	5.266823E+01	5.568179E+03
8.715	-1.199338E+06	1.355094E+02	5.324107E+01	5.568179E+03
8.72	-1.199338E+06	1.404002E+02	5.359558E+01	5.568179E+03
8.725	-1.199338E+06	1.358682E+02	5.379849E+01	5.568179E+03
8.73	-1.199338E+06	1.383316E+02	5.409775E+01	5.568179E+03
8.735	-1.199338E+06	1.485577E+02	5.433760E+01	5.568179E+03
8.74	-1.199338E+06	1.395621E+02	5.471468E+01	5.568179E+03
8.745	-1.199338E+06	1.412427E+02	5.491511E+01	5.568179E+03
8.75	-1.199338E+06	1.458157E+02	5.475531E+01	5.568179E+03
8.755	-1.199338E+06	1.403572E+02	5.452350E+01	5.568179E+03
8.76	-1.199338E+06	1.378472E+02	5.429916E+01	5.568179E+03
8.765	-1.199338E+06	1.409919E+02	5.418590E+01	5.568179E+03
8.77	-1.199338E+06	1.358316E+02	5.425222E+01	5.568179E+03
8.775	-1.199338E+06	1.348517E+02	5.430742E+01	5.568179E+03
8.78	-1.199338E+06	1.396066E+02	5.432082E+01	5.568179E+03
8.785	-1.199338E+06	1.365502E+02	5.432119E+01	5.568179E+03
8.79	-1.199338E+06	1.387460E+02	5.428387E+01	5.568179E+03
8.795	-1.199338E+06	1.353375E+02	5.425194E+01	5.568179E+03
8.8	-1.199338E+06	1.258167E+02	5.417740E+01	5.568179E+03
8.805	-1.199338E+06	1.320706E+02	5.388762E+01	5.568179E+03
8.81	-1.199338E+06	1.367999E+02	5.337422E+01	5.568179E+03
8.815	-1.199338E+06	1.279119E+02	5.282801E+01	5.568179E+03
8.82	-1.199338E+06	1.322236E+02	5.254130E+01	5.568179E+03
8.825	-1.199338E+06	1.408355E+02	5.261641E+01	5.568179E+03
8.83	-1.199338E+06	1.323603E+02	5.271840E+01	5.568179E+03
8.835	-1.199338E+06	1.305077E+02	5.276095E+01	5.568179E+03
8.84	-1.199338E+06	1.261729E+02	5.308096E+01	5.568179E+03
8.845	-1.199338E+06	1.297799E+02	5.343084E+01	5.568179E+03
8.85	-1.199338E+06	1.299351E+02	5.377337E+01	5.568179E+03
8.855	-1.199338E+06	1.245688E+02	5.383075E+01	5.568179E+03
8.86	-1.199338E+06	1.326843E+02	5.349852E+01	5.568179E+03
8.865	-1.199338E+06	1.336088E+02	5.324911E+01	5.568179E+03
8.87	-1.199338E+06	1.354173E+02	5.289602E+01	5.568179E+03
8.875	-1.199338E+06	1.318129E+02	5.267054E+01	5.568179E+03
8.88	-1.199338E+06	1.254844E+02	5.261893E+01	5.568179E+03
8.885	-1.199338E+06	1.256124E+02	5.236998E+01	5.568179E+03
8.89	-1.199338E+06	1.214768E+02	5.223528E+01	5.568179E+03
8.895	-1.199338E+06	1.240683E+02	5.211107E+01	5.568179E+03
8.9	-1.199338E+06	1.256779E+02	5.198314E+01	5.568179E+03
8.905	-1.199338E+06	1.199341E+02	5.228140E+01	5.568179E+03
8.91	-1.199338E+06	1.239739E+02	5.264932E+01	5.568179E+03
8.915	-1.199338E+06	1.297027E+02	5.283796E+01	5.568179E+03
8.92	-1.199338E+06	1.279182E+02	5.285030E+01	5.568179E+03
8.925	-1.199339E+06	1.255224E+02	5.253057E+01	5.568179E+03
8.93	-1.199338E+06	1.205522E+02	5.238698E+01	5.568179E+03
8.935	-1.199339E+06	1.262877E+02	5.264285E+01	5.568179E+03
8.94	-1.199338E+06	1.258848E+02	5.303479E+01	5.568179E+03
8.945	-1.199338E+06	1.196390E+02	5.326918E+01	5.568179E+03
8.95	-1.199339E+06	1.210464E+02	5.325264E+01	5.568179E+03
8.955	-1.199338E+06	1.226572E+02	5.298899E+01	5.568179E+03
8.96	-1.199339E+06	1.228577E+02	5.262465E+01	5.568179E+03
8.965	-1.199338E+06	1.184604E+02	5.239500E+01	5.568179E+03
8.97	-1.199339E+06	1.285108E+02	5.198666E+01	5.568179E+03
8.975	-1.199339E+06	1.264139E+02	5.145195E+01	5.568179E+03
8.98	-1.199338E+06	1.174036E+02	5.093704E+01	5.568179E+03
8.985	-1.199339E+06	1.253567E+02	5.059103E+01	5.568179E+03
8.99	-1.199338E+06	1.185367E+02	5.072327E+01	5.568179E+03
8.995	-1.199339E+06	1.242332E+02	5.094731E+01	5.568179E+03
9.0	-1.199339E+06	1.264398E+02	5.130849E+01	5.568179E+03
9.005	-1.199338E+06	1.209639E+02	5.181906E+01	5.568179E+03
9.01	-1.199339E+06	1.222132E+02	5.234403E+01	5.568179E+03
9.015	-1.199338E+06	1.119066E+02	5.290651E+01	5.568179E+03
9.02	-1.199339E+06	1.146704E+02	5.308366E+01	5.568179E+03
9.025	-1.199339E+06	1.178873E+02	5.293806E+01	5.568179E+03
9.03	-1.199338E+06	1.168265E+02	5.269339E+01	5.568179E+03
9.035	-1.199338E+06	1.175283E+02	5.258513E+01	5.568179E+03
9.04	-1.199338E+06	1.190384E+02	5.282745E+01	5.568179E+03
9.045	-1.199339E+06	1.192935E+02	5.315205E+01	5.568179E+03
9.05	-1.199338E+06	1.128812E+02	5.321034E+01	5.568179E+03
9.055	-1.199339E+06	1.144934E+02	5.314874E+01	5.568179E+03
9.06	-1.199338E+06	1.152701E+02	5.336342E+01	5.568179E+03
9.065	-1.199338E+06	1.169811E+02	5.361095E+01	5.568179E+03
9.07	-1.199338E+06	1.171846E+02	5.369780E+01	5.568179E+03
9.075	-1.199338E+06	1.182342E+02	5.359751E+01	5.568179E+03
9.08	-1.199339E+06	1.232181E+02	5.310880E+01	5.568179E+03
9.085	-1.199338E+06	1.155547E+02	5.243658E+01	5.568179E+03
9.09	-1.199338E+06	1.079992E+02	5.194722E+01	5.568179E+03
9.095	-1.199339E+06	1.140536E+02	5.177374E+01	5.568179E+03
9.1	-1.199339E+06	1.130680E+02	5.206544E+01	5.568179E+03
9.105	-1.199338E+06	1.092646E+02	5.257504E+01	5.568179E+03
9.11	-1.199339E+06	1.174097E+02	5.294482E+01	5.568179E+03
9.115	-1.199338E+06	1.119029E+02	5.329587E+01	5.568179E+03
9.12	-1.199338E+06	1.093796E+02	5.331658E+01	5.568179E+03
9.125	-1.199339E+06	1.126560E+02	5.307512E+01	5.568179E+03
9.13	-1.199338E+06	1.099100E+02	5.290757E+01	5.568179E+03
9.135	-1.199339E+06	1.152083E+02	5.256806E+01	5.568179E+03
9.14	-1.199339E+06	1.105182E+02	5.214987E+01	5.568179E+03
9.145	-1.199339E+06	1.084031E+02	5.182692E+01	5.568179E+03
9.15	-1.199339E+06	1.128085E+02	5.169444E+01	5.568179E+03
9.155	-1.199339E+06	1.143030E+02	5.178605E+01	5.568179E+03
9.16	-1.199339E+06	1.114910E+02	5.199426E+01	5.568179E+03
9.165	-1.199339E+06	1.119517E+02	5.203808E+01	5.568179E+03
9.17	-1.199339E+06	1.143264E+02	5.192275E+01	5.568179E+03
9.175	-1.199338E+06	1.014572E+02	5.192545E+01	5.568179E+03
9.18	-1.199339E+06	1.075097E+02	5.200946E+01	5.568179E+03
9.185	-1.199339E+06	1.173976E+02	5.230369E+01	5.568179E+03
9.19	-1.199338E+06	1.103314E+02	5.240982E+01	5.568179E+03
9.195	-1.199339E+06	1.146764E+02	5.207230E+01	5.568179E+03
9.2	-1.199339E+06	1.072951E+02	5.192387E+01	5.568179E+03
9.205	-1.199339E+06	1.087521E+02	5.172238E+01	5.568179E+03
9.21	-1.199339E+06	1.103229E+02	5.159031E+01	5.568179E+03
9.215	-1.199339E+06	1.086437E+02	5.157660E+01	5.568179E+03
9.22	-1.199339E+06	1.153969E+02	5.129741E+01	5.568179E+03
9.225	-1.199339E+06	1.104665E+02	5.106594E+01	5.568179E+03
9.23	-1.199339E+06	1.057219E+02	5.110987E+01	5.568179E+03
9.235	-1.199339E+06	1.079477E+02	5.135708E+01	5.568179E+03
9.24	-1.199339E+06	1.105543E+02	5.162351E+01	5.568179E+03
9.245	-1.199339E+06	1.089951E+02	5.193812E+01	5.568179E+03
9.25	-1.199339E+06	1.080235E+02	5.230590E+01	5.568179E+03
9.255	-1.199339E+06	1.132630E+02	5.245165E+01	5.568179E+03
9.26	-1.199339E+06	1.093254E+02	5.243119E+01	5.568179E+03
9.265	-1.199339E+06	1.061776E+02	5.195264E+01	5.568179E+03
9.27	-1.199339E+06	1.080094E+02	5.118508E+01	5.568179E+03
9.275	-1.199339E+06	1.088961E+02	5.074745E+01	5.568179E+03
9.28	-1.199339E+06	1.115305E+02	5.035742E+01	5.568179E+03
9.285	-1.199339E+06	1.078941E+02	5.010320E+01	5.568179E+03
9.29	-1.199339E+06	1.036527E+02	5.016140E+01	5.568179E+03
9.295	-1.199339E+06	1.070385E+02	5.014041E+01	5.568179E+03
9.3	-1.199339E+06	1.035375E+02	5.039908E+01	5.568179E+03
9.305	-1.199339E+06	1.014845E+02	5.116436E+01	5.568179E+03
9.31	-1.199339E+06	1.091488E+02	5.209979E+01	5.568179E+03
9.315	-1.199339E+06	1.093247E+02	5.298402E+01	5.568179E+03
9.32	-1.199339E+06	1.071377E+02	5.348865E+01	5.568179E+03
9.325	-1.199339E+06	1.133540E+02	5.348555E+01	5.568179E+03
9.33	-1.199339E+06	1.142755E+02	5.299418E+01	5.568179E+03
9.335	-1.199339E+06	1.004987E+02	5.218834E+01	5.568179E+03
9.34	-1.199339E+06	9.887562E+01	5.143664E+01	5.568179E+03
9.345	-1.199339E+06	1.024745E+02	5.113205E+01	5.568179E+03
9.35	-1.199339E+06	1.000796E+02	5.121354E+01	5.568179E+03
9.355	-1.199339E+06	1.063840E+02	5.131054E+01	5.568179E+03
9.36	-1.199339E+06	9.867994E+01	5.155011E+01	5.568179E+03
9.365	-1.199339E+06	1.026784E+02	5.198539E+01	5.568179E+03
9.37	-1.199339E+06	1.105635E+02	5.277845E+01	5.568179E+03
9.375	-1.199339E+06	1.039053E+02	5.364392E+01	5.568179E+03
9.38	-1.199339E+06	1.047776E+02	5.415746E+01	5.568179E+03
9.385	-1.199339E+06	1.020957E+02	5.434257E+01	5.568179E+03
9.39	-1.199339E+06	1.012419E+02	5.418077E+01	5.568179E+03
9.395	-1.199339E+06	1.038558E+02	5.398077E+01	5.568179E+03
9.4	-1.199339E+06	1.080661E+02	5.365160E+01	5.568179E+03
9.405	-1.199339E+06	1.010084E+02	5.308930E+01	5.568179E+03
9.41	-1.199339E+06	9.639998E+01	5.245639E+01	5.568179E+03
9.415	-1.199339E+06	1.046842E+02	5.198514E+01	5.568179E+03
9.42	-1.199339E+06	1.016435E+02	5.195861E+01	5.568179E+03
9.425	-1.199339E+06	1.025436E+02	5.211032E+01	5.568179E+03
9.43	-1.199339E+06	1.050451E+02	5.237547E+01	5.568179E+03
9.435	-1.199339E+06	1.023544E+02	5.276714E+01	5.568179E+03
9.44	-1.199339E+06	1.081422E+02	5.306172E+01	5.568179E+03
9.445	-1.199339E+06	1.077758E+02	5.341634E+01	5.568179E+03
9.45	-1.199339E+06	1.032825E+02	5.368325E+01	5.568179E+03
9.455	-1.199339E+06	9.862944E+01	5.372519E+01	5.568179E+03
9.46	-1.199339E+06	9.926859E+01	5.366748E+01	5.568179E+03
9.465	-1.199339E+06	1.012416E+02	5.343923E+01	5.568179E+03
9.47	-1.199339E+06	1.019818E+02	5.299773E+01	5.568179E+03
9.475	-1.199339E+06	1.009570E+02	5.266792E+01	5.568179E+03
9.48	-1.199339E+06	1.014618E+02	5.249529E+01	5.568179E+03
9.485	-1.199339E+06	1.039859E+02	5.232050E+01	5.568179E+03
9.49	-1.199339E+06	1.054788E+02	5.222311E+01	5.568179E+03
9.495	-1.199339E+06	1.019672E+02	5.230731E+01	5.568179E+03
9.5	-1.199339E+06	1.021686E+02	5.239482E+01	5.568179E+03
9.505	-1.199339E+06	1.051842E+02	5.257879E+01	5.568179E+03
9.51	-1.199339E+06	1.018680E+02	5.281739E+01	5.568179E+03
9.515	-1.199339E+06	1.005301E+02	5.268076E+01	5.568179E+03
9.52	-1.199339E+06	9.774958E+01	5.252434E+01	5.568179E+03
9.525	-1.199339E+06	1.045017E+02	5.245572E+01	5.568179E+03
9.53	-1.199339E+06	1.067126E+02	5.225615E+01	5.568179E+03
9.535	-1.199339E+06	9.666656E+01	5.215293E+01	5.568179E+03
9.54	-1.199339E+06	1.016000E+02	5.218276E+01	5.568179E+03
9.545	-1.199339E+06	1.036865E+02	5.230972E+01	5.568179E+03
9.55	-1.199339E+06	1.010952E+02	5.255480E+01	5.568179E+03
9.555	-1.199339E+06	9.887754E+01	5.294251E+01	5.568179E+03
9.56	-1.199339E+06	1.007755E+02	5.326382E+01	5.568179E+03
9.565	-1.199339E+06	9.931764E+01	5.349157E+01	5.568179E+03
9.57	-1.199339E+06	9.873656E+01	5.354558E+01	5.568179E+03
9.575	-1.199339E+06	1.021780E+02	5.342726E+01	5.568179E+03
9.58	-1.199339E+06	9.479959E+01	5.334559E+01	5.568179E+03
9.585	-1.199339E+06	9.618306E+01	5.330021E+01	5.568179E+03
9.59	-1.199339E+06	1.043369E+02	5.344347E+01	5.568179E+03
9.595	-1.199339E+06	1.024874E+02	5.357427E+01	5.568179E+03
9.6	-1.199339E+06	9.999730E+01	5.343298E+01	5.568179E+03
9.605	-1.199339E+06	9.705793E+01	5.340919E+01	5.568179E+03
9.61	-1.199339E+06	9.658400E+01	5.358337E+01	5.568179E+03
9.615	-1.199339E+06	1.006468E+02	5.376810E+01	5.568179E+03
9.62	-1.199339E+06	1.032105E+02	5.381384E+01	5.568179E+03
9.625	-1.199339E+06	9.769298E+01	5.358183E+01	5.568179E+03
9.63	-1.199339E+06	9.864519E+01	5.325451E+01	5.568179E+03
9.635	-1.199339E+06	1.004002E+02	5.316643E+01	5.568179E+03
9.64	-1.199339E+06	9.897239E+01	5.321565E+01	5.568179E+03
9.645	-1.199339E+06	1.040826E+02	5.332751E+01	5.568179E+03
9.65	-1.199339E+06	9.760745E+01	5.373832E+01	5.568179E+03
9.655	-1.199339E+06	9.894842E+01	5.413541E+01	5.568179E+03
9.66	-1.199339E+06	1.020171E+02	5.455839E+01	5.568179E+03
9.665	-1.199339E+06	1.031282E+02	5.498219E+01	5.568179E+03
9.67	-1.199339E+06	1.020819E+02	5.515573E+01	5.568179E+03
9.675	-1.199339E+06	9.611383E+01	5.514345E+01	5.568179E+03
9.68	-1.199339E+06	9.452811E+01	5.503444E+01	5.568179E+03
9.685	-1.199339E+06	9.825741E+01	5.482776E+01	5.568179E+03
9.69	-1.199339E+06	1.002848E+02	5.452487E+01	5.568179E+03
9.695	-1.199339E+06	9.437503E+01	5.420230E+01	5.568179E+03
9.7	-1.199339E+06	9.779484E+01	5.392814E+01	5.568179E+03
9.705	-1.199339E+06	1.002183E+02	5.377597E+01	5.568179E+03
9.71	-1.199339E+06	9.761024E+01	5.369231E+01	5.568179E+03
9.715	-1.199339E+06	1.024273E+02	5.373640E+01	5.568179E+03
9.72	-1.199339E+06	9.971460E+01	5.408448E+01	5.568179E+03
9.725	-1.199339E+06	9.748527E+01	5.452081E+01	5.568179E+03
9.73	-1.199339E+06	9.634463E+01	5.492642E+01	5.568179E+03
9.735	-1.199339E+06	1.027514E+02	5.514174E+01	5.568179E+03
9.74	-1.199339E+06	1.030919E+02	5.508577E+01	5.568179E+03
9.745	-1.199339E+06	9.563683E+01	5.489367E+01	5.568179E+03
9.75	-1.199339E+06	9.942800E+01	5.479972E+01	5.568179E+03
9.755	-1.199339E+06	1.003389E+02	5.489982E+01	5.568179E+03
9.76	-1.199339E+06	9.705304E+01	5.500415E+01	5.568179E+03
9.765	-1.199339E+06	9.736662E+01	5.503835E+01	5.568179E+03
9.77	-1.199339E+06	1.025173E+02	5.495359E+01	5.568179E+03
9.775	-1.199339E+06	9.797485E+01	5.491548E+01	5.568179E+03
9.78	-1.199339E+06	9.606780E+01	5.494815E+01	5.568179E+03
9.785	-1.199339E+06	9.895384E+01	5.493283E+01	5.568179E+03
9.79	-1.199339E+06	9.866317E+01	5.471569E+01	5.568179E+03
9.795	-1.199339E+06	1.021411E+02	5.421840E+01	5.568179E+03
9.8	-1.199339E+06	9.933676E+01	5.376302E+01	5.568179E+03
9.805	-1.199339E+06	1.008532E+02	5.354178E+01	5.568179E+03
9.81	-1.199339E+06	9.990612E+01	5.362554E+01	5.568179E+03
9.815	-1.199339E+06	9.851451E+01	5.389586E+01	5.568179E+03
9.82	-1.199339E+06	1.021313E+02	5.423881E+01	5.568179E+03
9.825	-1.199339E+06	9.900363E+01	5.466542E+01	5.568179E+03
9.83	-1.199339E+06	1.004475E+02	5.501272E+01	5.568179E+03
9.835	-1.199339E+06	1.002318E+02	5.523350E+01	5.568179E+03
9.84	-1.199339E+06	9.885446E+01	5.516274E+01	5.568179E+03
9.845	-1.199339E+06	9.556265E+01	5.487358E+01	5.568179E+03
9.85	-1.199339E+06	9.367036E+01	5.470310E+01	5.568179E+03
9.855	-1.199339E+06	9.726473E+01	5.481998E+01	5.568179E+03
9.86	-1.199339E+06	9.948278E+01	5.514001E+01	5.568179E+03
9.865	-1.199339E+06	1.042027E+02	5.533073E+01	5.568179E+03
9.87	-1.199339E+06	1.065475E+02	5.518819E+01	5.568179E+03
9.875	-1.199339E+06	1.031411E+02	5.474908E+01	5.568179E+03
9.88	-1.199339E+06	9.900020E+01	5.434471E+01	5.568179E+03
9.885	-1.199339E+06	9.952729E+01	5.423219E+01	5.568179E+03
9.89	-1.199339E+06	9.774322E+01	5.441193E+01	5.568179E+03
9.895	-1.199339E+06	9.682442E+01	5.470495E+01	5.568179E+03
9.9	-1.199339E+06	9.647477E+01	5.487186E+01	5.568179E+03
9.905	-1.199339E+06	9.871536E+01	5.487931E+01	5.568179E+03
9.91	-1.199339E+06	9.711856E+01	5.503142E+01	5.568179E+03
9.915	-1.199339E+06	9.660579E+01	5.536849E+01	5.568179E+03
9.92	-1.199339E+06	1.010251E+02	5.570220E+01	5.568179E+03
9.925	-1.199339E+06	9.423225E+01	5.591295E+01	5.568179E+03
9.93	-1.199339E+06	1.012104E+02	5.572934E+01	5.568179E+03
9.935	-1.199339E+06	1.037248E+02	5.539806E+01	5.568179E+03
9.94	-1.199339E+06	1.024248E+02	5.498979E+01	5.568179E+03
9.945	-1.199339E+06	1.053352E+02	5.480152E+01	5.568179E+03
9.95	-1.199339E+06	1.017078E+02	5.500303E+01	5.568179E+03
9.955	-1.199339E+06	9.909623E+01	5.511863E+01	5.568179E+03
9.96	-1.199339E+06	9.442909E+01	5.503976E+01	5.568179E+03
9.965	-1.199339E+06	9.905242E+01	5.497149E+01	5.568179E+03
9.97	-1.199339E+06	1.037433E+02	5.514508E+01	5.568179E+03
9.975	-1.199339E+06	1.053230E+02	5.529287E+01	5.568179E+03
9.98	-1.199339E+06	1.002044E+02	5.515293E+01	5.568179E+03
9.985	-1.199339E+06	9.330465E+01	5.474631E+01	5.568179E+03
9.99	-1.199339E+06	9.804433E+01	5.418847E+01	5.568179E+03
9.995	-1.199339E+06	9.687358E+01	5.387145E+01	5.568179E+03
10.0	-1.199339E+06	9.703666E+01	5.390698E+01	5.568179E+03
10.005	-1.199339E+06	9.933089E+01	5.414627E+01	5.568179E+03
10.01	-1.199339E+06	1.019530E+02	5.440449E+01	5.568179E+03
10.015	-1.199339E+06	1.082646E+02	5.468523E+01	5.568179E+03
10.02	-1.199339E+06	1.057650E+02	5.522669E+01	5.568179E+03
10.025	-1.199339E+06	1.035338E+02	5.602127E+01	5.568179E+03
10.03	-1.199339E+06	1.041960E+02	5.674193E+01	5.568179E+03
10.035	-1.199339E+06	1.022992E+02	5.699755E+01	5.568179E+03
10.04	-1.199339E+06	9.796496E+01	5.691582E+01	5.568179E+03
10.045	-1.199339E+06	1.031167E+02	5.661976E+01	5.568179E+03
10.05	-1.199339E+06	1.023535E+02	5.618941E+01	5.568179E+03
10.055	-1.199339E+06	1.027370E+02	5.570002E+01	5.568179E+03
10.06	-1.199339E+06	1.093381E+02	5.511484E+01	5.568179E+03
10.065	-1.199339E+06	1.033236E+02	5.441613E+01	5.568179E+03
10.07	-1.199339E+06	9.909401E+01	5.374057E+01	5.568179E+03
10.075	-1.199339E+06	1.012485E+02	5.332890E+01	5.568179E+03
10.08	-1.199339E+06	1.034803E+02	5.327735E+01	5.568179E+03
10.085	-1.199339E+06	1.000359E+02	5.360748E+01	5.568179E+03
10.09	-1.199339E+06	1.010258E+02	5.402173E+01	5.568179E+03
10.095	-1.199339E+06	1.045141E+02	5.439680E+01	5.568179E+03
10.1	-1.199339E+06	9.924779E+01	5.476790E+01	5.568179E+03
10.105	-1.199339E+06	1.023683E+02	5.500594E+01	5.568179E+03
10.11	-1.199339E+06	9.890006E+01	5.541800E+01	5.568179E+03
10.115	-1.199339E+06	9.986174E+01	5.585314E+01	5.568179E+03
10.12	-1.199339E+06	1.043997E+02	5.616846E+01	5.568179E+03
10.125	-1.199339E+06	1.033404E+02	5.638419E+01	5.568179E+03
10.13	-1.199339E+06	1.097540E+02	5.632423E+01	5.568179E+03
10.135	-1.199339E+06	1.050957E+02	5.620552E+01	5.568179E+03
10.14	-1.199339E+06	1.041504E+02	5.596562E+01	5.568179E+03
10.145	-1.199339E+06	1.049076E+02	5.551196E+01	5.568179E+03
10.15	-1.199339E+06	1.045536E+02	5.471232E+01	5.568179E+03
10.155	-1.199339E+06	1.015876E+02	5.390268E+01	5.568179E+03
10.16	-1.199339E+06	9.739521E+01	5.360754E+01	5.568179E+03
10.165	-1.199339E+06	1.048940E+02	5.361005E+01	5.568179E+03
10.17	-1.199339E+06	1.050433E+02	5.383026E+01	5.568179E+03
10.175	-1.199339E+06	1.086428E+02	5.392975E+01	5.568179E+03
10.18	-1.199339E+06	1.024932E+02	5.385492E+01	5.568179E+03
10.185	-1.199339E+06	9.249594E+01	5.402788E+01	5.568179E+03
10.19	-1.199339E+06	1.065485E+02	5.448577E+01	5.568179E+03
10.195	-1.199339E+06	1.088648E+02	5.517977E+01	5.568179E+03
10.2	-1.199339E+06	1.067842E+02	5.568866E+01	5.568179E+03
10.205	-1.199339E+06	1.140224E+02	5.568694E+01	5.568179E+03
10.21	-1.199339E+06	1.106681E+02	5.543954E+01	5.568179E+03
10.215	-1.199339E+06	1.032753E+02	5.533123E+01	5.568179E+03
10.22	-1.199339E+06	1.028112E+02	5.553952E+01	5.568179E+03
10.225	-1.199339E+06	1.063845E+02	5.569903E+01	5.568179E+03
10.23	-1.199339E+06	1.035155E+02	5.543624E+01	5.568179E+03
10.235	-1.199339E+06	9.850233E+01	5.496373E+01	5.568179E+03
10.24	-1.199339E+06	1.082223E+02	5.458704E+01	5.568179E+03
10.245	-1.199339E+06	1.098975E+02	5.446634E+01	5.568179E+03
10.25	-1.199339E+06	1.057910E+02	5.449260E+01	5.568179E+03
10.255	-1.199339E+06	1.139521E+02	5.452115E+01	5.568179E+03
10.26	-1.199339E+06	1.144705E+02	5.442983E+01	5.568179E+03
10.265	-1.199339E+06	1.105642E+02	5.416861E+01	5.568179E+03
10.27	-1.199339E+06	1.067240E+02	5.396771E+01	5.568179E+03
10.275	-1.199339E+06	1.098135E+02	5.372620E+01	5.568179E+03
10.28	-1.199339E+06	1.104937E+02	5.341472E+01	5.568179E+03
10.285	-1.199339E+06	1.050571E+02	5.304803E+01	5.568179E+03
10.29	-1.199339E+06	1.114953E+02	5.274940E+01	5.568179E+03
10.295	-1.199339E+06	1.075684E+02	5.286297E+01	5.568179E+03
10.3	-1.199339E+06	1.082198E+02	5.302675E+01	5.568179E+03
10.305	-1.199339E+06	1.042426E+02	5.347941E+01	5.568179E+03
10.31	-1.199339E+06	9.949653E+01	5.412261E+01	5.568179E+03
10.315	-1.199339E+06	1.122965E+02	5.444809E+01	5.568179E+03
10.32	-1.199339E+06	1.043303E+02	5.492589E+01	5.568179E+03
10.325	-1.199339E+06	1.109528E+02	5.512547E+01	5.568179E+03
10.33	-1.199339E+06	1.121271E+02	5.514123E+01	5.568179E+03
10.335	-1.199338E+06	1.034990E+02	5.514243E+01	5.568179E+03
10.34	-1.199339E+06	1.149079E+02	5.456972E+01	5.568179E+03
10.345	-1.199339E+06	1.068664E+02	5.383508E+01	5.568179E+03
10.35	-1.199339E+06	1.102401E+02	5.302832E+01	5.568179E+03
10.355	-1.199339E+06	1.106684E+02	5.243786E+01	5.568179E+03
10.36	-1.199339E+06	1.032417E+02	5.228071E+01	5.568179E+03
10.365	-1.199339E+06	1.097260E+02	5.223940E+01	5.568179E+03
10.37	-1.199339E+06	1.147550E+02	5.211328E+01	5.568179E+03
10.375	-1.199339E+06	1.114671E+02	5.206110E+01	5.568179E+03
10.38	-1.199339E+06	1.080718E+02	5.226388E+01	5.568179E+03
10.385	-1.199339E+06	1.113417E+02	5.259172E+01	5.568179E+03
10.39	-1.199339E+06	1.123413E+02	5.301766E+01	5.568179E+03
10.395	-1.199339E+06	1.208055E+02	5.316162E+01	5.568179E+03
10.4	-1.199339E+06	1.254768E+02	5.294148E+01	5.568179E+03
10.405	-1.199339E+06	1.170961E+02	5.289673E+01	5.568179E+03
10.41	-1.199339E+06	1.185159E+02	5.302085E+01	5.568179E+03
10.415	-1.199339E+06	1.128885E+02	5.333756E+01	5.568179E+03
10.42	-1.199339E+06	1.079525E+02	5.373180E+01	5.568179E+03
10.425	-1.199339E+06	1.134686E+02	5.403763E+01	5.568179E+03
10.43	-1.199339E+06	1.165728E+02	5.452569E+01	5.568179E+03
10.435	-1.199339E+06	1.120252E+02	5.511527E+01	5.568179E+03
10.44	-1.199339E+06	1.196012E+02	5.520572E+01	5.568179E+03
10.445	-1.199339E+06	1.173557E+02	5.490673E+01	5.568179E+03
10.45	-1.199339E+06	1.145340E+02	5.409134E+01	5.568179E+03
10.455	-1.199339E+06	1.210223E+02	5.296442E+01	5.568179E+03
10.46	-1.199338E+06	1.150508E+02	5.215639E+01	5.568179E+03
10.465	-1.199339E+06	1.180921E+02	5.160087E+01	5.568179E+03
10.47	-1.199339E+06	1.168224E+02	5.141108E+01	5.568179E+03
10.475	-1.199338E+06	1.122270E+02	5.147704E+01	5.568179E+03
10.48	-1.199339E+06	1.177254E+02	5.163585E+01	5.568179E+03
10.485	-1.199339E+06	1.138600E+02	5.200931E+01	5.568179E+03
10.49	-1.199338E+06	1.136160E+02	5.256502E+01	5.568179E+03
10.495	-1.199339E+06	1.239981E+02	5.319376E+01	5.568179E+03
10.5	-1.199339E+06	1.193738E+02	5.365871E+01	5.568179E+03
10.505	-1.199338E+06	1.097647E+02	5.375880E+01	5.568179E+03
10.51	-1.199339E+06	1.138958E+02	5.354254E+01	5.568179E+03
10.515	-1.199339E+06	1.175025E+02	5.332766E+01	5.568179E+03
10.52	-1.199339E+06	1.193920E+02	5.349495E+01	5.568179E+03
10.525	-1.199339E+06	1.235144E+02	5.378132E+01	5.568179E+03
10.53	-1.199339E+06	1.241235E+02	5.370278E+01	5.568179E+03
10.535	-1.199339E+06	1.192411E+02	5.329541E+01	5.568179E+03
10.54	-1.199339E+06	1.189586E+02	5.258687E+01	5.568179E+03
10.545	-1.199339E+06	1.156127E+02	5.206388E+01	5.568179E+03
10.55	-1.199339E+06	1.152396E+02	5.194686E+01	5.568179E+03
10.555	-1.199339E+06	1.199704E+02	5.195014E+01	5.568179E+03
10.56	-1.199339E+06	1.224114E+02	5.217548E+01	5.568179E+03
10.565	-1.199339E+06	1.262483E+02	5.253178E+01	5.568179E+03
10.57	-1.199339E+06	1.236894E+02	5.284493E+01	5.568179E+03
10.575	-1.199338E+06	1.194348E+02	5.328631E+01	5.568179E+03
10.58	-1.199339E+06	1.252312E+02	5.357292E+01	5.568179E+03
10.585	-1.199339E+06	1.274775E+02	5.338982E+01	5.568179E+03
10.59	-1.199339E+06	1.284676E+02	5.276972E+01	5.568179E+03
10.595	-1.199339E+06	1.286967E+02	5.198549E+01	5.568179E+03
10.6	-1.199339E+06	1.244626E+02	5.143937E+01	5.568179E+03
10.605	-1.199338E+06	1.195227E+02	5.114116E+01	5.568179E+03
10.61	-1.199338E+06	1.219714E+02	5.092031E+01	5.568179E+03
10.615	-1.199339E+06	1.216518E+02	5.076526E+01	5.568179E+03
10.62	-1.199338E+06	1.205250E+02	5.070294E+01	5.568179E+03
10.625	-1.199339E+06	1.235428E+02	5.111550E+01	5.568179E+03
10.63	-1.199339E+06	1.239120E+02	5.187959E+01	5.568179E+03
10.635	-1.199339E+06	1.275655E+02	5.245357E+01	5.568179E+03
10.64	-1.199339E+06	1.286968E+02	5.275030E+01	5.568179E+03
10.645	-1.199339E+06	1.279796E+02	5.264367E+01	5.568179E+03
10.65	-1.199338E+06	1.230264E+02	5.249334E+01	5.568179E+03
10.655	-1.199338E+06	1.239385E+02	5.246868E+01	5.568179E+03
10.66	-1.199339E+06	1.336638E+02	5.222655E+01	5.568179E+03
10.665	-1.199338E+06	1.264743E+02	5.202530E+01	5.568179E+03
10.67	-1.199339E+06	1.335706E+02	5.170260E+01	5.568179E+03
10.675	-1.199338E+06	1.323725E+02	5.141948E+01	5.568179E+03
10.68	-1.199338E+06	1.319251E+02	5.125577E+01	5.568179E+03
10.685	-1.199339E+06	1.356359E+02	5.110514E+01	5.568179E+03
10.69	-1.199338E+06	1.247950E+02	5.112238E+01	5.568179E+03
10.695	-1.199339E+06	1.391956E+02	5.126668E+01	5.568179E+03
10.7	-1.199339E+06	1.419477E+02	5.139373E+01	5.568179E+03
10.705	-1.199338E+06	1.262604E+02	5.131386E+01	5.568179E+03
10.71	-1.199338E+06	1.302775E+02	5.148580E+01	5.568179E+03
10.715	-1.199338E+06	1.360351E+02	5.193053E+01	5.568179E+03
10.72	-1.199338E+06	1.327040E+02	5.218283E+01	5.568179E+03
10.725	-1.199338E+06	1.325929E+02	5.255220E+01	5.568179E+03
10.73	-1.199338E+06	1.402129E+02	5.289868E+01	5.568179E+03
10.735	-1.199338E+06	1.390488E+02	5.311485E+01	5.568179E+03
10.74	-1.199338E+06	1.346820E+02	5.341834E+01	5.568179E+03
10.745	-1.199338E+06	1.364466E+02	5.336914E+01	5.568179E+03
10.75	-1.199338E+06	1.356391E+02	5.285294E+01	5.568179E+03
10.755	-1.199338E+06	1.344004E+02	5.201028E+01	5.568179E+03
10.76	-1.199338E+06	1.312494E+02	5.116147E+01	5.568179E+03
10.765	-1.199338E+06	1.281143E+02	5.092999E+01	5.568179E+03
10.77	-1.199338E+06	1.288859E+02	5.114222E+01	5.568179E+03
10.775	-1.199338E+06	1.372350E+02	5.122249E+01	5.568179E+03
10.78	-1.199338E+06	1.450366E+02	5.115848E+01	5.568179E+03
10.785	-1.199338E+06	1.470207E+02	5.091233E+01	5.568179E+03
10.79	-1.199338E+06	1.378961E+02	5.078445E+01	5.568179E+03
10.795	-1.199338E+06	1.390619E+02	5.074259E+01	5.568179E+03
10.8	-1.199338E+06	1.386887E+02	5.063671E+01	5.568179E+03
10.805	-1.199338E+06	1.342087E+02	5.050747E+01	5.568179E+03
10.81	-1.199338E+06	1.429425E+02	5.036043E+01	5.568179E+03
10.815	-1.199338E+06	1.374918E+02	5.056688E+01	5.568179E+03
10.82	-1.199338E+06	1.391596E+02	5.101686E+01	5.568179E+03
10.825	-1.199338E+06	1.418428E+02	5.139592E+01	5.568179E+03
10.83	-1.199338E+06	1.359570E+02	5.140397E+01	5.568179E+03
10.835	-1.199338E+06	1.388406E+02	5.122277E+01	5.568179E+03
10.84	-1.199338E+06	1.453440E+02	5.113319E+01	5.568179E+03
10.845	-1.199338E+06	1.484712E+02	5.092525E+01	5.568179E+03
10.85	-1.199338E+06	1.408938E+02	5.077309E+01	5.568179E+03
10.855	-1.199338E+06	1.513518E+02	5.061144E+01	5.568179E+03
10.86	-1.199338E+06	1.494085E+02	5.055810E+01	5.568179E+03
10.865	-1.199338E+06	1.375850E+02	5.067909E+01	5.568179E+03
10.87	-1.199338E+06	1.451944E+02	5.080707E+01	5.568179E+03
10.875	-1.199338E+06	1.428216E+02	5.111785E+01	5.568179E+03
10.88	-1.199338E+06	1.435374E+02	5.131872E+01	5.568179E+03
10.885	-1.199338E+06	1.528222E+02	5.118839E+01	5.568179E+03
10.89	-1.199338E+06	1.541272E+02	5.082054E+01	5.568179E+03
10.895	-1.199338E+06	1.481669E+02	5.037685E+01	5.568179E+03
10.9	-1.199338E+06	1.507366E+02	5.020300E+01	5.568179E+03
10.905	-1.199338E+06	1.526022E+02	5.058726E+01	5.568179E+03
10.91	-1.199338E+06	1.487825E+02	5.115970E+01	5.568179E+03
10.915	-1.199338E+06	1.521876E+02	5.138276E+01	5.568179E+03
10.92	-1.199338E+06	1.486778E+02	5.138522E+01	5.568179E+03
10.925	-1.199338E+06	1.482790E+02	5.118132E+01	5.568179E+03
10.93	-1.199338E+06	1.575014E+02	5.103821E+01	5.568179E+03
10.935	-1.199338E+06	1.554249E+02	5.129043E+01	5.568179E+03
10.94	-1.199338E+06	1.596914E+02	5.134257E+01	5.568179E+03
10.945	-1.199338E+06	1.681528E+02	5.127623E+01	5.568179E+03
10.95	-1.199338E+06	1.549890E+02	5.134835E+01	5.568179E+03
10.955	-1.199338E+06	1.500538E+02	5.140777E+01	5.568179E+03
10.96	-1.199338E+06	1.571339E+02	5.204981E+01	5.568179E+03
10.965	-1.199338E+06	1.561907E+02	5.299213E+01	5.568179E+03
10.97	-1.199338E+06	1.664301E+02	5.332118E+01	5.568179E+03
10.975	-1.199338E+06	1.595635E+02	5.341210E+01	5.568179E+03
10.98	-1.199338E+06	1.543015E+02	5.327499E+01	5.568179E+03
10.985	-1.199338E+06	1.649765E+02	5.280791E+01	5.568179E+03
10.99	-1.199338E+06	1.652921E+02	5.225844E+01	5.568179E+03
10.995	-1.199338E+06	1.671163E+02	5.141676E+01	5.568179E+03
11.0	-1.199338E+06	1.622668E+02	5.044774E+01	5.568179E+03
11.005	-1.199338E+06	1.560299E+02	4.992643E+01	5.568179E+03
11.01	-1.199338E+06	1.495246E+02	5.004332E+01	5.568179E+03
11.015	-1.199338E+06	1.604327E+02	5.032410E+01	5.568179E+03
11.02	-1.199338E+06	1.648377E+02	5.099119E+01	5.568179E+03
11.025	-1.199338E+06	1.634574E+02	5.177452E+01	5.568179E+03
11.03	-1.199338E+06	1.759088E+02	5.238162E+01	5.568179E+03
11.035	-1.199338E+06	1.600452E+02	5.344730E+01	5.568179E+03
11.04	-1.199337E+06	1.580712E+02	5.424084E+01	5.568179E+03
11.045	-1.199338E+06	1.699048E+02	5.447914E+01	5.568179E+03
11.05	-1.199337E+06	1.588819E+02	5.453530E+01	5.568179E+03
11.055	-1.199338E+06	1.744296E+02	5.378502E+01	5.568179E+03
11.06	-1.199338E+06	1.751731E+02	5.274282E+01	5.568179E+03
11.065	-1.199337E+06	1.574693E+02	5.161635E+01	5.568179E+03
11.07	-1.199338E+06	1.690222E+02	5.047310E+01	5.568179E+03
11.075	-1.199338E+06	1.670630E+02	5.043476E+01	5.568179E+03
11.08	-1.199337E+06	1.705648E+02	5.096211E+01	5.568179E+03
11.085	-1.199338E+06	1.885091E+02	5.122357E+01	5.568179E+03
11.09	-1.199337E+06	1.702097E+02	5.168064E+01	5.568179E+03
11.095	-1.199337E+06	1.623873E+02	5.222508E+01	5.568179E+03
11.1	-1.199338E+06	1.674512E+02	5.276978E+01	5.568179E+03
11.105	-1.199337E+06	1.666729E+02	5.325862E+01	5.568179E+03
11.11	-1.199338E+06	1.760292E+02	5.335002E+01	5.568179E+03
11.115	-1.199338E+06	1.765967E+02	5.291683E+01	5.568179E+03
11.12	-1.199337E+06	1.737713E+02	5.241580E+01	5.568179E+03
11.125	-1.199337E+06	1.767235E+02	5.222033E+01	5.568179E+03
11.13	-1.199338E+06	1.891984E+02	5.191267E+01	5.568179E+03
11.135	-1.199338E+06	1.816348E+02	5.178048E+01	5.568179E+03
11.14	-1.199337E+06	1.748111E+02	5.171844E+01	5.568179E+03
11.145	-1.199338E+06	1.837726E+02	5.175180E+01	5.568179E+03
11.15	-1.199337E+06	1.744442E+02	5.251363E+01	5.568179E+03
11.155	-1.199338E+06	1.848129E+02	5.340888E+01	5.568179E+03
11.16	-1.199337E+06	1.881831E+02	5.440641E+01	5.568179E+03
11.165	-1.199337E+06	1.855586E+02	5.521664E+01	5.568179E+03
11.17	-1.199338E+06	1.937249E+02	5.536500E+01	5.568179E+03
11.175	-1.199337E+06	1.763790E+02	5.565100E+01	5.568179E+03
11.18	-1.199337E+06	1.840918E+02	5.576202E+01	5.568179E+03
11.185	-1.199337E+06	1.879857E+02	5.557317E+01	5.568179E+03
11.19	-1.199337E+06	1.859043E+02	5.496185E+01	5.568179E+03
11.195	-1.199338E+06	1.951273E+02	5.379876E+01	5.568179E+03
11.2	-1.199337E+06	1.846229E+02	5.281551E+01	5.568179E+03
11.205	-1.199338E+06	1.887696E+02	5.198157E+01	5.568179E+03
11.21	-1.199337E+06	1.751687E+02	5.183707E+01	5.568179E+03
11.215	-1.199337E+06	1.855194E+02	5.212011E+01	5.568179E+03
11.22	-1.199337E+06	1.977240E+02	5.256289E+01	5.568179E+03
11.225	-1.199337E+06	1.968476E+02	5.307996E+01	5.568179E+03
11.23	-1.199338E+06	2.014351E+02	5.354187E+01	5.568179E+03
11.235	-1.199337E+06	1.939642E+02	5.415690E+01	5.568179E+03
11.24	-1.199337E+06	1.947619E+02	5.468619E+01	5.568179E+03
11.245	-1.199337E+06	1.984685E+02	5.497509E+01	5.568179E+03
11.25	-1.199337E+06	2.086068E+02	5.484333E+01	5.568179E+03
11.255	-1.199337E+06	2.046762E+02	5.445499E+01	5.568179E+03
11.26	-1.199337E+06	1.912427E+02	5.400738E+01	5.568179E+03
11.265	-1.199337E+06	1.957664E+02	5.351827E+01	5.568179E+03
11.27	-1.199337E+06	1.890787E+02	5.336201E+01	5.568179E+03
11.275	-1.199337E+06	2.034336E+02	5.315883E+01	5.568179E+03
11.28	-1.199338E+06	2.191951E+02	5.318121E+01	5.568179E+03
11.285	-1.199337E+06	1.955931E+02	5.380239E+01	5.568179E+03
11.29	-1.199337E+06	2.039292E+02	5.398489E+01	5.568179E+03
11.295	-1.199337E+06	2.055471E+02	5.404893E+01	5.568179E+03
11.3	-1.199336E+06	1.879635E+02	5.415789E+01	5.568179E+03
11.305	-1.199337E+06	2.109488E+02	5.399606E+01	5.568179E+03
11.31	-1.199337E+06	2.140839E+02	5.423717E+01	5.568179E+03
11.315	-1.199337E+06	2.068122E+02	5.423584E+01	5.568179E+03
11.32	-1.199337E+06	2.076606E+02	5.385540E+01	5.568179E+03
11.325	-1.199337E+06	1.995243E+02	5.368992E+01	5.568179E+03
11.33	-1.199337E+06	2.038500E+02	5.326747E+01	5.568179E+03
11.335	-1.199337E+06	2.038697E+02	5.281132E+01	5.568179E+03
11.34	-1.199337E+06	2.091088E+02	5.286686E+01	5.568179E+03
11.345	-1.199337E+06	2.049074E+02	5.337628E+01	5.568179E+03
11.35	-1.199336E+06	2.093243E+02	5.379458E+01	5.568179E+03
11.355	-1.199337E+06	2.197800E+02	5.399833E+01	5.568179E+03
11.36	-1.199336E+06	2.145878E+02	5.370384E+01	5.568179E+03
11.365	-1.199337E+06	2.252652E+02	5.305366E+01	5.568179E+03
11.37	-1.199336E+06	2.102122E+02	5.319057E+01	5.568179E+03
11.375	-1.199336E+06	2.160607E+02	5.361829E+01	5.568179E+03
11.38	-1.199337E+06	2.325383E+02	5.407347E+01	5.568179E+03
11.385	-1.199336E+06	2.179841E+02	5.450434E+01	5.568179E+03
11.39	-1.199337E+06	2.250336E+02	5.436590E+01	5.568179E+03
11.395	-1.199337E+06	2.235088E+02	5.437858E+01	5.568179E+03
11.4	-1.199336E+06	2.170403E+02	5.439628E+01	5.568179E+03
11.405	-1.199337E+06	2.284288E+02	5.396331E+01	5.568179E+03
11.41	-1.199336E+06	2.304963E+02	5.378491E+01	5.568179E+03
11.415	-1.199336E+06	2.413280E+02	5.324965E+01	5.568179E+03
11.42	-1.199336E+06	2.394921E+02	5.236285E+01	5.568179E+03
11.425	-1.199336E+06	2.190802E+02	5.195538E+01	5.568179E+03
11.43	-1.199336E+06	2.267212E+02	5.175325E+01	5.568179E+03
11.435	-1.199336E+06	2.366523E+02	5.196248E+01	5.568179E+03
11.44	-1.199336E+06	2.346504E+02	5.211708E+01	5.568179E+03
11.445	-1.199336E+06	2.342840E+02	5.209233E+01	5.568179E+03
11.45	-1.199336E+06	2.266272E+02	5.257636E+01	5.568179E+03
11.455	-1.199336E+06	2.303239E+02	5.305259E+01	5.568179E+03
11.46	-1.199336E+06	2.249114E+02	5.359780E+01	5.568179E+03
11.465	-1.199336E+06	2.260483E+02	5.396273E+01	5.568179E+03
11.47	-1.199336E+06	2.393743E+02	5.404359E+01	5.568179E+03
11.475	-1.199336E+06	2.416653E+02	5.414872E+01	5.568179E+03
11.48	-1.199337E+06	2.585772E+02	5.379456E+01	5.568179E+03
11.485	-1.199336E+06	2.466486E+02	5.327276E+01	5.568179E+03
11.49	-1.199336E+06	2.408019E+02	5.223926E+01	5.568179E+03
11.495	-1.199336E+06	2.417936E+02	5.111483E+01	5.568179E+03
11.5	-1.199336E+06	2.357715E+02	5.070901E+01	5.568179E+03
11.505	-1.199336E+06	2.477580E+02	5.099441E+01	5.568179E+03
11.51	-1.199336E+06	2.381850E+02	5.201397E+01	5.568179E+03
11.515	-1.199336E+06	2.417881E+02	5.337684E+01	5.568179E+03
11.52	-1.199336E+06	2.547059E+02	5.498361E+01	5.568179E+03
11.525	-1.199336E+06	2.619758E+02	5.614511E+01	5.568179E+03
11.53	-1.199336E+06	2.670889E+02	5.623837E+01	5.568179E+03
11.535	-1.199336E+06	2.573125E+02	5.583131E+01	5.568179E+03
11.54	-1.199336E+06	2.541163E+02	5.564983E+01	5.568179E+03
11.545	-1.199336E+06	2.571960E+02	5.560710E+01	5.568179E+03
11.55	-1.199336E+06	2.664809E+02	5.491962E+01	5.568179E+03
11.555	-1.199336E+06	2.535274E+02	5.369292E+01	5.568179E+03
11.56	-1.199336E+06	2.499678E+02	5.263561E+01	5.568179E+03
11.565	-1.199336E+06	2.705253E+02	5.253061E+01	5.568179E+03
11.57	-1.199336E+06	2.661363E+02	5.312462E+01	5.568179E+03
11.575	-1.199336E+06	2.614820E+02	5.340846E+01	5.568179E+03
11.58	-1.199336E+06	2.554533E+02	5.372434E+01	5.568179E+03
11.585	-1.199336E+06	2.582058E+02	5.436335E+01	5.568179E+03
11.59	-1.199336E+06	2.709525E+02	5.504511E+01	5.568179E+03
11.595	-1.199336E+06	2.706489E+02	5.552651E+01	5.568179E+03
11.6	-1.199335E+06	2.623074E+02	5.592599E+01	5.568179E+03
11.605	-1.199335E+06	2.648951E+02	5.613862E+01	5.568179E+03
11.61	-1.199336E+06	2.687892E+02	5.608958E+01	5.568179E+03
11.615	-1.199335E+06	2.599191E+02	5.624764E+01	5.568179E+03
11.62	-1.199336E+06	2.810687E+02	5.627656E+01	5.568179E+03
11.625	-1.199336E+06	2.713162E+02	5.626182E+01	5.568179E+03
11.63	-1.199335E+06	2.565405E+02	5.602144E+01	5.568179E+03
11.635	-1.199336E+06	2.825004E+02	5.552846E+01	5.568179E+03
11.64	-1.199335E+06	2.667067E+02	5.531361E+01	5.568179E+03
11.645	-1.199335E+06	2.751306E+02	5.471594E+01	5.568179E+03
11.65	-1.199336E+06	2.924976E+02	5.423067E+01	5.568179E+03
11.655	-1.199335E+06	2.728308E+02	5.397363E+01	5.568179E+03
11.66	-1.199336E+06	2.925353E+02	5.316332E+01	5.568179E+03
11.665	-1.199335E+06	2.898156E+02	5.269811E+01	5.568179E+03
11.67	-1.199335E+06	2.775078E+02	5.240055E+01	5.568179E+03
11.675	-1.199335E+06	2.794701E+02	5.301405E+01	5.568179E+03
11.68	-1.199335E+06	2.888096E+02	5.504120E+01	5.568179E+03
11.685	-1.199336E+06	3.011260E+02	5.673315E+01	5.568179E+03
11.69	-1.199335E+06	2.852219E+02	5.774497E+01	5.568179E+03
11.695	-1.199335E+06	2.955739E+02	5.797891E+01	5.568179E+03
11.7	-1.199335E+06	2.854950E+02	5.790317E+01	5.568179E+03
11.705	-1.199334E+06	2.836006E+02	5.766382E+01	5.568179E+03
11.71	-1.199335E+06	3.196876E+02	5.697931E+01	5.568179E+03
11.715	-1.199335E+06	3.282542E+02	5.550764E+01	5.568179E+03
11.72	-1.199335E+06	3.190189E+02	5.312961E+01	5.568179E+03
11.725	-1.199334E+06	2.865257E+02	5.182066E+01	5.568179E+03
11.73	-1.199335E+06	2.971236E+02	5.142396E+01	5.568179E+03
11.735	-1.199335E+06	3.174695E+02	5.173402E+01	5.568179E+03
11.74	-1.199334E+06	3.003802E+02	5.292759E+01	5.568179E+03
11.745	-1.199335E+06	3.094337E+02	5.363288E+01	5.568179E+03
11.75	-1.199335E+06	3.216824E+02	5.414556E+01	5.568179E+03
11.755	-1.199334E+06	2.991261E+02	5.468600E+01	5.568179E+03
11.76	-1.199334E+06	3.087785E+02	5.424876E+01	5.568179E+03
11.765	-1.199335E+06	3.198667E+02	5.374600E+01	5.568179E+03
11.77	-1.199334E+06	3.097398E+02	5.292243E+01	5.568179E+03
11.775	-1.199335E+06	3.185315E+02	5.135088E+01	5.568179E+03
11.78	-1.199334E+06	3.156362E+02	5.093272E+01	5.568179E+03
11.785	-1.199335E+06	3.361505E+02	5.081760E+01	5.568179E+03
11.79	-1.199334E+06	3.282045E+02	5.043838E+01	5.568179E+03
11.795	-1.199334E+06	3.197521E+02	5.017606E+01	5.568179E+03
11.8	-1.199334E+06	3.200222E+02	5.032222E+01	5.568179E+03
11.805	-1.199334E+06	3.245817E+02	5.116381E+01	5.568179E+03
11.81	-1.199335E+06	3.522855E+02	5.248449E+01	5.568179E+03
11.815	-1.199334E+06	3.368276E+02	5.400019E+01	5.568179E+03
11.82	-1.199334E+06	3.375799E+02	5.448699E+01	5.568179E+03
11.825	-1.199334E+06	3.319920E+02	5.429909E+01	5.568179E+03
11.83	-1.199334E+06	3.182524E+02	5.379800E+01	5.568179E+03
11.835	-1.199334E+06	3.270829E+02	5.264697E+01	5.568179E+03
11.84	-1.199334E+06	3.128543E+02	5.134662E+01	5.568179E+03
11.845	-1.199334E+06	3.196765E+02	4.984765E+01	5.568179E+03
11.85	-1.199334E+06	3.208073E+02	4.850218E+01	5.568179E+03
11.855	-1.199334E+06	3.433135E+02	4.772103E+01	5.568179E+03
11.86	-1.199334E+06	3.573229E+02	4.814043E+01	5.568179E+03
11.865	-1.199334E+06	3.546839E+02	4.871566E+01	5.568179E+03
11.87	-1.199334E+06	3.592582E+02	4.911213E+01	5.568179E+03
11.875	-1.199333E+06	3.346953E+02	4.992517E+01	5.568179E+03
11.88	-1.199334E+06	3.407116E+02	5.014328E+01	5.568179E+03
11.885	-1.199334E+06	3.545589E+02	5.086784E+01	5.568179E+03
11.89	-1.199333E+06	3.243194E+02	5.298311E+01	5.568179E+03
11.895	-1.199334E+06	3.480096E+02	5.432967E+01	5.568179E+03
11.9	-1.199334E+06	3.597432E+02	5.527591E+01	5.568179E+03
11.905	-1.199333E+06	3.472059E+02	5.570371E+01	5.568179E+03
11.91	-1.199334E+06	3.766344E+02	5.474424E+01	5.568179E+03
11.915	-1.199334E+06	3.748200E+02	5.367176E+01	5.568179E+03
11.92	-1.199333E+06	3.663115E+02	5.247141E+01	5.568179E+03
11.925	-1.199334E+06	3.745083E+02	5.141725E+01	5.568179E+03
11.93	-1.199333E+06	3.655648E+02	5.055372E+01	5.568179E+03
11.935	-1.199333E+06	3.652122E+02	4.930744E+01	5.568179E+03
11.94	-1.199334E+06	3.720348E+02	4.847969E+01	5.568179E+03
11.945	-1.199333E+06	3.732675E+02	4.890225E+01	5.568179E+03
11.95	-1.199333E+06	3.825890E+02	5.048535E+01	5.568179E+03
11.955	-1.199333E+06	3.866777E+02	5.221100E+01	5.568179E+03
11.96	-1.199333E+06	3.875845E+02	5.295313E+01	5.568179E+03
11.965	-1.199333E+06	3.842653E+02	5.304535E+01	5.568179E+03
11.97	-1.199334E+06	3.875518E+02	5.287679E+01	5.568179E+03
11.975	-1.199333E+06	3.662732E+02	5.279574E+01	5.568179E+03
11.98	-1.199333E+06	3.644463E+02	5.295397E+01	5.568179E+03
11.985	-1.199334E+06	4.005532E+02	5.259184E+01	5.568179E+03
11.99	-1.199333E+06	3.667290E+02	5.222819E+01	5.568179E+03
11.995	-1.199333E+06	3.652317E+02	5.195252E+01	5.568179E+03
12.0	-1.199334E+06	4.054100E+02	5.152213E+01	5.568179E+03
12.005	-1.199332E+06	3.823392E+02	5.125286E+01	5.568179E+03
12.01	-1.199333E+06	3.911211E+02	5.061188E+01	5.568179E+03
12.015	-1.199333E+06	4.061874E+02	5.008295E+01	5.568179E+03
12.02	-1.199333E+06	3.910942E+02	4.990698E+01	5.568179E+03
12.025	-1.199333E+06	3.942334E+02	5.009891E+01	5.568179E+03
12.03	-1.199333E+06	4.104936E+02	5.051796E+01	5.568179E+03
12.035	-1.199333E+06	3.987128E+02	5.105132E+01	5.568179E+03
12.04	-1.199332E+06	3.849765E+02	5.170044E+01	5.568179E+03
12.045	-1.199333E+06	4.012944E+02	5.205414E+01	5.568179E+03
12.05	-1.199332E+06	4.002457E+02	5.253872E+01	5.568179E+03
12.055	-1.199332E+06	4.097320E+02	5.344732E+01	5.568179E+03
12.06	-1.199333E+06	4.222152E+02	5.388784E+01	5.568179E+03
12.065	-1.199332E+06	4.001475E+02	5.327800E+01	5.568179E+03
12.07	-1.199332E+06	3.977262E+02	5.193060E+01	5.568179E+03
12.075	-1.199333E+06	4.148759E+02	5.064549E+01	5.568179E+03
12.08	-1.199332E+06	4.146987E+02	5.056406E+01	5.568179E+03
12.085	-1.199332E+06	4.324042E+02	5.086517E+01	5.568179E+03
12.09	-1.199332E+06	4.230265E+02	5.093217E+01	5.568179E+03
12.095	-1.199332E+06	4.237294E+02	5.135264E+01	5.568179E+03
12.1	-1.199332E+06	4.422408E+02	5.189665E+01	5.568179E+03
12.105	-1.199332E+06	4.333878E+02	5.215224E+01	5.568179E+03
12.11	-1.199331E+06	4.228207E+02	5.263424E+01	5.568179E+03
12.115	-1.199332E+06	4.452826E+02	5.284735E+01	5.568179E+03
12.12	-1.199332E+06	4.471950E+02	5.296124E+01	5.568179E+03
12.125	-1.199332E+06	4.463106E+02	5.229564E+01	5.568179E+03
12.13	-1.199332E+06	4.296616E+02	5.085797E+01	5.568179E+03
12.135	-1.199332E+06	4.217615E+02	4.978066E+01	5.568179E+03
12.14	-1.199331E+06	4.212920E+02	4.940939E+01	5.568179E+03
12.145	-1.199332E+06	4.343065E+02	4.989318E+01	5.568179E+03
12.15	-1.199331E+06	4.403905E+02	5.086811E+01	5.568179E+03
12.155	-1.199331E+06	4.422735E+02	5.122620E+01	5.568179E+03
12.16	-1.199331E+06	4.423605E+02	5.182578E+01	5.568179E+03
12.165	-1.199331E+06	4.406734E+02	5.290897E+01	5.568179E+03
12.17	-1.199331E+06	4.523845E+02	5.375689E+01	5.568179E+03
12.175	-1.199331E+06	4.558153E+02	5.407348E+01	5.568179E+03
12.18	-1.199332E+06	4.719316E+02	5.304872E+01	5.568179E+03
12.185	-1.199331E+06	4.415031E+02	5.222712E+01	5.568179E+03
12.19	-1.199331E+06	4.536221E+02	5.126184E+01	5.568179E+03
12.195	-1.199332E+06	4.671586E+02	4.961286E+01	5.568179E+03
12.2	-1.199331E+06	4.489276E+02	4.808115E+01	5.568179E+03
12.205	-1.199332E+06	4.785561E+02	4.711082E+01	5.568179E+03
12.21	-1.199331E+06	4.811392E+02	4.672223E+01	5.568179E+03
12.215	-1.199331E+06	4.808212E+02	4.645040E+01	5.568179E+03
12.22	-1.199331E+06	4.727563E+02	4.702592E+01	5.568179E+03
12.225	-1.199331E+06	4.638103E+02	4.811540E+01	5.568179E+03
12.23	-1.199331E+06	4.782240E+02	4.954169E+01	5.568179E+03
12.235	-1.199331E+06	4.770394E+02	5.094987E+01	5.568179E+03
12.24	-1.199331E+06	4.863999E+02	5.141356E+01	5.568179E+03
12.245	-1.199331E+06	4.934196E+02	5.162185E+01	5.568179E+03
12.25	-1.199330E+06	4.765552E+02	5.194746E+01	5.568179E+03
12.255	-1.199332E+06	4.927220E+02	5.152961E+01	5.568179E+03
12.26	-1.199330E+06	4.663193E+02	5.105664E+01	5.568179E+03
12.265	-1.199331E+06	4.889111E+02	4.964226E+01	5.568179E+03
12.27	-1.199331E+06	5.048809E+02	4.874648E+01	5.568179E+03
12.275	-1.199331E+06	5.076206E+02	4.875629E+01	5.568179E+03
12.28	-1.199330E+06	5.018478E+02	4.828410E+01	5.568179E+03
12.285	-1.199331E+06	5.129270E+02	4.744903E+01	5.568179E+03
12.29	-1.199331E+06	5.124659E+02	4.649075E+01	5.568179E+03
12.295	-1.199331E+06	4.909255E+02	4.504630E+01	5.568179E+03
12.3	-1.199330E+06	4.644105E+02	4.491622E+01	5.568179E+03
12.305	-1.199331E+06	4.917704E+02	4.522001E+01	5.568179E+03
12.31	-1.199331E+06	4.983312E+02	4.484417E+01	5.568179E+03
12.315	-1.199330E+06	4.855770E+02	4.485673E+01	5.568179E+03
12.32	-1.199331E+06	5.092101E+02	4.506026E+01	5.568179E+03
12.325	-1.199331E+06	5.054608E+02	4.531893E+01	5.568179E+03
12.33	-1.199329E+06	4.990362E+02	4.719760E+01	5.568179E+03
12.335	-1.199331E+06	5.432433E+02	4.932036E+01	5.568179E+03
12.34	-1.199329E+06	5.090915E+02	5.085337E+01	5.568179E+03
12.345	-1.199330E+06	5.187185E+02	5.189888E+01	5.568179E+03
12.35	-1.199330E+06	5.306784E+02	5.220077E+01	5.568179E+03
12.355	-1.199330E+06	5.265724E+02	5.100150E+01	5.568179E+03
12.36	-1.199329E+06	5.168598E+02	5.051716E+01	5.568179E+03
12.365	-1.199330E+06	5.522507E+02	4.954485E+01	5.568179E+03
12.37	-1.199331E+06	5.594523E+02	4.771871E+01	5.568179E+03
12.375	-1.199329E+06	5.031259E+02	4.662562E+01	5.568179E+03
12.38	-1.199330E+06	5.281808E+02	4.498610E+01	5.568179E+03
12.385	-1.199330E+06	5.273608E+02	4.457831E+01	5.568179E+03
12.39	-1.199329E+06	5.062407E+02	4.557439E+01	5.568179E+03
12.395	-1.199330E+06	5.465735E+02	4.644425E+01	5.568179E+03
12.4	-1.199329E+06	5.374288E+02	4.819755E+01	5.568179E+03
12.405	-1.199330E+06	5.612592E+02	4.889118E+01	5.568179E+03
12.41	-1.199330E+06	5.649809E+02	4.877657E+01	5.568179E+03
12.415	-1.199328E+06	5.172409E+02	4.949971E+01	5.568179E+03
12.42	-1.199330E+06	5.463069E+02	4.938780E+01	5.568179E+03
12.425	-1.199329E+06	5.353206E+02	4.929897E+01	5.568179E+03
12.43	-1.199329E+06	5.277460E+02	4.930527E+01	5.568179E+03
12.435	-1.199329E+06	5.321276E+02	4.897793E+01	5.568179E+03
12.44	-1.199329E+06	5.447465E+02	4.913813E+01	5.568179E+03
12.445	-1.199329E+06	5.601515E+02	4.948350E+01	5.568179E+03
12.45	-1.199329E+06	5.846264E+02	4.950456E+01	5.568179E+03
12.455	-1.199331E+06	6.049404E+02	4.960285E+01	5.568179E+03
12.46	-1.199328E+06	5.408823E+02	4.927471E+01	5.568179E+03
12.465	-1.199329E+06	5.675755E+02	4.834677E+01	5.568179E+03
12.47	-1.199330E+06	5.788181E+02	4.870035E+01	5.568179E+03
12.475	-1.199328E+06	5.313903E+02	4.884609E+01	5.568179E+03
12.48	-1.199330E+06	5.775437E+02	4.801030E+01	5.568179E+03
12.485	-1.199328E+06	5.664597E+02	4.737251E+01	5.568179E+03
12.49	-1.199329E+06	5.857133E+02	4.591644E+01	5.568179E+03
12.495	-1.199329E+06	5.918545E+02	4.570850E+01	5.568179E+03
12.5	-1.199328E+06	5.613607E+02	4.604161E+01	5.568179E+03
12.505	-1.199329E+06	5.759876E+02	4.556026E+01	5.568179E+03
12.51	-1.199329E+06	5.757199E+02	4.590291E+01	5.568179E+03
12.515	-1.199329E+06	5.809523E+02	4.600353E+01	5.568179E+03
12.52	-1.199329E+06	5.718232E+02	4.538947E+01	5.568179E+03
12.525	-1.199329E+06	5.613549E+02	4.492767E+01	5.568179E+03
12.53	-1.199328E+06	5.647181E+02	4.471440E+01	5.568179E+03
12.535	-1.199329E+06	5.825903E+02	4.494136E+01	5.568179E+03
12.54	-1.199328E+06	5.737753E+02	4.593276E+01	5.568179E+03
12.545	-1.199329E+06	5.817608E+02	4.614420E+01	5.568179E+03
12.55	-1.199329E+06	5.928061E+02	4.596078E+01	5.568179E+03
12.555	-1.199329E+06	5.883729E+02	4.650082E+01	5.568179E+03
12.56	-1.199329E+06	5.841031E+02	4.678406E+01	5.568179E+03
12.565	-1.199329E+06	5.819731E+02	4.615211E+01	5.568179E+03
12.57	-1.199328E+06	5.686850E+02	4.578696E+01	5.568179E+03
12.575	-1.199328E+06	5.994631E+02	4.511313E+01	5.568179E+03
12.58	-1.199329E+06	6.202707E+02	4.434168E+01	5.568179E+03
12.585	-1.199327E+06	5.727907E+02	4.426858E+01	5.568179E+03
12.59	-1.199329E+06	6.110345E+02	4.324257E+01	5.568179E+03
12.595	-1.199328E+06	6.105628E+02	4.361834E+01	5.568179E+03
12.6	-1.199328E+06	6.213774E+02	4.483010E+01	5.568179E+03
12.605	-1.199329E+06	6.544815E+02	4.531931E+01	5.568179E+03
12.61	-1.199328E+06	6.199000E+02	4.672574E+01	5.568179E+03
12.615	-1.199328E+06	6.140148E+02	4.832997E+01	5.568179E+03
12.62	-1.199329E+06	6.314399E+02	4.878228E+01	5.568179E+03
12.625	-1.199328E+06	5.925813E+02	4.908713E+01	5.568179E+03
12.63	-1.199328E+06	5.948832E+02	4.894332E+01	5.568179E+03
12.635	-1.199328E+06	6.340511E+02	4.869085E+01	5.568179E+03
12.64	-1.199329E+06	6.479100E+02	4.856972E+01	5.568179E+03
12.645	-1.199328E+06	6.266853E+02	4.796344E+01	5.568179E+03
12.65	-1.199328E+06	6.311935E+02	4.679702E+01	5.568179E+03
12.655	-1.199328E+06	6.277695E+02	4.523397E+01	5.568179E+03
12.66	-1.199328E+06	5.975399E+02	4.323116E+01	5.568179E+03
12.665	-1.199327E+06	5.798507E+02	4.299100E+01	5.568179E+03
12.67	-1.199328E+06	6.359213E+02	4.415489E+01	5.568179E+03
12.675	-1.199329E+06	6.802378E+02	4.468509E+01	5.568179E+03
12.68	-1.199328E+06	6.319715E+02	4.480369E+01	5.568179E+03
12.685	-1.199327E+06	6.071621E+02	4.499479E+01	5.568179E+03
12.69	-1.199329E+06	6.406384E+02	4.617066E+01	5.568179E+03
12.695	-1.199328E+06	6.251559E+02	4.763776E+01	5.568179E+03
12.7	-1.199328E+06	6.246663E+02	4.688309E+01	5.568179E+03
12.705	-1.199328E+06	6.157528E+02	4.577749E+01	5.568179E+03
12.71	-1.199327E+06	5.750122E+02	4.548183E+01	5.568179E+03
12.715	-1.199328E+06	5.949206E+02	4.474954E+01	5.568179E+03
12.72	-1.199328E+06	6.209356E+02	4.526214E+01	5.568179E+03
12.725	-1.199328E+06	6.503660E+02	4.604933E+01	5.568179E+03
12.73	-1.199329E+06	6.817926E+02	4.550850E+01	5.568179E+03
12.735	-1.199327E+06	6.414611E+02	4.536125E+01	5.568179E+03
12.74	-1.199328E+06	6.314051E+02	4.503165E+01	5.568179E+03
12.745	-1.199328E+06	6.278994E+02	4.577640E+01	5.568179E+03
12.75	-1.199327E+06	6.305485E+02	4.828673E+01	5.568179E+03
12.755	-1.199328E+06	6.762392E+02	4.955198E+01	5.568179E+03
12.76	-1.199329E+06	6.990660E+02	4.903592E+01	5.568179E+03
12.765	-1.199327E+06	6.501331E+02	4.853002E+01	5.568179E+03
12.77	-1.199328E+06	6.571069E+02	4.754058E+01	5.568179E+03
12.775	-1.199329E+06	6.606301E+02	4.687522E+01	5.568179E+03
12.78	-1.199327E+06	6.253682E+02	4.629045E+01	5.568179E+03
12.785	-1.199328E+06	6.371990E+02	4.463738E+01	5.568179E+03
12.79	-1.199328E+06	6.402869E+02	4.327731E+01	5.568179E+03
12.795	-1.199328E+06	6.524743E+02	4.352832E+01	5.568179E+03
12.8	-1.199328E+06	6.891446E+02	4.397940E+01	5.568179E+03
12.805	-1.199328E+06	6.810347E+02	4.401848E+01	5.568179E+03
12.81	-1.199327E+06	6.433099E+02	4.480081E+01	5.568179E+03
12.815	-1.199328E+06	6.723026E+02	4.453924E+01	5.568179E+03
12.82	-1.199328E+06	6.793722E+02	4.465813E+01	5.568179E+03
12.825	-1.199327E+06	6.476914E+02	4.645603E+01	5.568179E+03
12.83	-1.199329E+06	6.607354E+02	4.647341E+01	5.568179E+03
12.835	-1.199328E+06	6.324249E+02	4.589314E+01	5.568179E+03
12.84	-1.199327E+06	6.187283E+02	4.655970E+01	5.568179E+03
12.845	-1.199328E+06	6.677475E+02	4.705079E+01	5.568179E+03
12.85	-1.199328E+06	6.646280E+02	4.782634E+01	5.568179E+03
12.855	-1.199327E+06	6.415664E+02	4.870496E+01	5.568179E+03
12.86	-1.199329E+06	6.774763E+02	4.832255E+01	5.568179E+03
12.865	-1.199327E+06	6.567246E+02	4.845753E+01	5.568179E+03
12.87	-1.199328E+06	6.528691E+02	4.896118E+01	5.568179E+03
12.875	-1.199328E+06	6.599996E+02	4.892087E+01	5.568179E+03
12.88	-1.199328E+06	6.769604E+02	4.910941E+01	5.568179E+03
12.885	-1.199328E+06	7.023133E+02	4.997558E+01	5.568179E+03
12.89	-1.199328E+06	7.102675E+02	4.981199E+01	5.568179E+03
12.895	-1.199328E+06	6.854375E+02	4.884026E+01	5.568179E+03
12.9	-1.199327E+06	6.661772E+02	4.754709E+01	5.568179E+03
12.905	-1.199329E+06	6.848877E+02	4.598672E+01	5.568179E+03
12.91	-1.199326E+06	6.246353E+02	4.671112E+01	5.568179E+03
12.915	-1.199328E+06	6.588992E+02	4.808020E+01	5.568179E+03
12.92	-1.199328E+06	6.960226E+02	4.930146E+01	5.568179E+03
12.925	-1.199327E+06	6.628994E+02	5.057483E+01	5.568179E+03
12.93	-1.199328E+06	6.692189E+02	5.061420E+01	5.568179E+03
12.935	-1.199327E+06	6.478591E+02	5.035252E+01	5.568179E+03
12.94	-1.199328E+06	6.684378E+02	5.027876E+01	5.568179E+03
12.945	-1.199327E+06	6.681248E+02	5.063443E+01	5.568179E+03
12.95	-1.199328E+06	6.756122E+02	5.026508E+01	5.568179E+03
12.955	-1.199327E+06	6.560623E+02	4.959416E+01	5.568179E+03
12.96	-1.199327E+06	6.514918E+02	4.910311E+01	5.568179E+03
12.965	-1.199328E+06	6.874054E+02	4.903384E+01	5.568179E+03
12.97	-1.199327E+06	6.704801E+02	4.964991E+01	5.568179E+03
12.975	-1.199327E+06	6.673340E+02	5.025590E+01	5.568179E+03
12.98	-1.199328E+06	6.798212E+02	5.105565E+01	5.568179E+03
12.985	-1.199328E+06	6.807711E+02	5.179084E+01	5.568179E+03
12.99	-1.199327E+06	6.751125E+02	5.215050E+01	5.568179E+03
12.995	-1.199328E+06	6.892551E+02	5.280518E+01	5.568179E+03
13.0	-1.199327E+06	6.776426E+02	5.452747E+01	5.568179E+03
13.005	-1.199328E+06	6.852416E+02	5.558821E+01	5.568179E+03
13.01	-1.199329E+06	6.956164E+02	5.564084E+01	5.568179E+03
13.015	-1.199326E+06	6.280314E+02	5.558135E+01	5.568179E+03
13.02	-1.199328E+06	6.583454E+02	5.437073E+01	5.568179E+03
13.025	-1.199327E+06	6.852702E+02	5.391219E+01	5.568179E+03
13.03	-1.199328E+06	7.071974E+02	5.315061E+01	5.568179E+03
13.035	-1.199328E+06	6.958111E+02	5.134473E+01	5.568179E+03
13.04	-1.199326E+06	6.328991E+02	5.037639E+01	5.568179E+03
13.045	-1.199328E+06	6.728934E+02	4.962576E+01	5.568179E+03
13.05	-1.199327E+06	6.633071E+02	4.914051E+01	5.568179E+03
13.055	-1.199328E+06	6.685021E+02	4.869724E+01	5.568179E+03
13.06	-1.199328E+06	6.594718E+02	4.880931E+01	5.568179E+03
13.065	-1.199327E+06	6.347330E+02	4.888211E+01	5.568179E+03
13.07	-1.199328E+06	6.875771E+02	4.902372E+01	5.568179E+03
13.075	-1.199328E+06	6.909068E+02	5.022495E+01	5.568179E+03
13.08	-1.199327E+06	6.863324E+02	5.107194E+01	5.568179E+03
13.085	-1.199329E+06	7.081769E+02	5.108527E+01	5.568179E+03
13.09	-1.199327E+06	6.668690E+02	5.091518E+01	5.568179E+03
13.095	-1.199328E+06	6.778037E+02	4.984223E+01	5.568179E+03
13.1	-1.199327E+06	6.535417E+02	4.991342E+01	5.568179E+03
13.105	-1.199328E+06	6.616458E+02	5.033763E+01	5.568179E+03
13.11	-1.199327E+06	6.462006E+02	5.127018E+01	5.568179E+03
13.115	-1.199327E+06	6.587248E+02	5.183228E+01	5.568179E+03
13.12	-1.199328E+06	6.822470E+02	5.200537E+01	5.568179E+03
13.125	-1.199327E+06	6.623603E+02	5.222548E+01	5.568179E+03
13.13	-1.199328E+06	6.971642E+02	5.196852E+01	5.568179E+03
13.135	-1.199327E+06	6.906623E+02	5.224395E+01	5.568179E+03
13.14	-1.199327E+06	6.746456E+02	5.111574E+01	5.568179E+03
13.145	-1.199328E+06	6.820209E+02	4.917896E+01	5.568179E+03
13.15	-1.199328E+06	6.746229E+02	4.801521E+01	5.568179E+03
13.155	-1.199327E+06	6.605183E+02	4.752903E+01	5.568179E+03
13.16	-1.199328E+06	6.638212E+02	4.883925E+01	5.568179E+03
13.165	-1.199327E+06	6.696651E+02	5.105353E+01	5.568179E+03
13.17	-1.199328E+06	6.802515E+02	5.211795E+01	5.568179E+03
13.175	-1.199327E+06	6.564145E+02	5.309496E+01	5.568179E+03
13.18	-1.199327E+06	6.412108E+02	5.349086E+01	5.568179E+03
13.185	-1.199327E+06	6.486608E+02	5.273602E+01	5.568179E+03
13.19	-1.199328E+06	6.701549E+02	5.294189E+01	5.568179E+03
13.195	-1.199327E+06	6.653309E+02	5.328427E+01	5.568179E+03
13.2	-1.199328E+06	6.659270E+02	5.222183E+01	5.568179E+03
13.205	-1.199328E+06	6.664704E+02	5.230008E+01	5.568179E+03
13.21	-1.199327E+06	6.481629E+02	5.320066E+01	5.568179E+03
13.215	-1.199328E+06	6.911309E+02	5.328958E+01	5.568179E+03
13.22	-1.199329E+06	7.005701E+02	5.326936E+01	5.568179E+03
13.225	-1.199326E+06	6.342621E+02	5.289891E+01	5.568179E+03
13.23	-1.199328E+06	6.490410E+02	5.230846E+01	5.568179E+03
13.235	-1.199327E+06	6.472742E+02	5.300684E+01	5.568179E+03
13.24	-1.199327E+06	6.583342E+02	5.236154E+01	5.568179E+03
13.245	-1.199329E+06	6.767975E+02	5.116986E+01	5.568179E+03
13.25	-1.199326E+06	6.220719E+02	5.159383E+01	5.568179E+03
13.255	-1.199328E+06	6.334163E+02	5.101738E+01	5.568179E+03
13.26	-1.199327E+06	6.245075E+02	5.021443E+01	5.568179E+03
13.265	-1.199328E+06	6.235104E+02	4.935634E+01	5.568179E+03
13.27	-1.199328E+06	6.366403E+02	4.945785E+01	5.568179E+03
13.275	-1.199328E+06	6.538652E+02	5.069994E+01	5.568179E+03
13.28	-1.199327E+06	6.512367E+02	5.176816E+01	5.568179E+03
13.285	-1.199328E+06	6.611752E+02	5.253629E+01	5.568179E+03
13.29	-1.199328E+06	6.827959E+02	5.255123E+01	5.568179E+03
13.295	-1.199328E+06	6.729169E+02	5.195969E+01	5.568179E+03
13.3	-1.199327E+06	6.219578E+02	5.176744E+01	5.568179E+03
13.305	-1.199328E+06	6.501811E+02	5.143768E+01	5.568179E+03
13.31	-1.199329E+06	6.456340E+02	5.124986E+01	5.568179E+03
13.315	-1.199327E+06	5.953456E+02	5.021994E+01	5.568179E+03
13.32	-1.199329E+06	6.285136E+02	4.884545E+01	5.568179E+03
13.325	-1.199328E+06	6.184013E+02	4.897811E+01	5.568179E+03
13.33	-1.199327E+06	6.165004E+02	4.931361E+01	5.568179E+03
