#t	totalEnergy 	temperature  	pressure 	volume 		PtensXX 	PtensXY 	PtensXZ 	PtensYX 	PtensYY 	PtensYZ 	PtensZX 	PtensZY 	PtensZZ
0.0	-1.199299E+06	3.000000E+02	1.665725E+01	5.568179E+03
0.005	-1.199309E+06	5.502484E+02	2.418203E+01	5.568179E+03
0.01	-1.199306E+06	6.773273E+02	3.926879E+01	5.568179E+03
0.015	-1.199306E+06	7.621298E+02	5.169926E+01	5.568179E+03
0.02	-1.199308E+06	8.124802E+02	6.119820E+01	5.568179E+03
0.025	-1.199304E+06	7.030903E+02	6.672898E+01	5.568179E+03
0.03	-1.199306E+06	6.751168E+02	6.946410E+01	5.568179E+03
0.035	-1.199306E+06	6.730323E+02	6.950149E+01	5.568179E+03
0.04	-1.199305E+06	6.569283E+02	6.664083E+01	5.568179E+03
0.045	-1.199306E+06	6.978268E+02	6.126608E+01	5.568179E+03
0.05	-1.199306E+06	7.049206E+02	5.366948E+01	5.568179E+03
0.055	-1.199305E+06	6.781742E+02	4.737119E+01	5.568179E+03
0.06	-1.199307E+06	6.930141E+02	4.266237E+01	5.568179E+03
0.065	-1.199305E+06	6.346273E+02	4.069724E+01	5.568179E+03
0.07	-1.199305E+06	6.330705E+02	4.173202E+01	5.568179E+03
0.075	-1.199308E+06	7.349503E+02	4.368692E+01	5.568179E+03
0.08	-1.199307E+06	7.223229E+02	4.778832E+01	5.568179E+03
0.085	-1.199305E+06	6.866016E+02	5.260830E+01	5.568179E+03
0.09	-1.199308E+06	7.701975E+02	5.586555E+01	5.568179E+03
0.095	-1.199306E+06	7.351092E+02	5.943518E+01	5.568179E+03
0.1	-1.199306E+06	7.003475E+02	6.053109E+01	5.568179E+03
0.105	-1.199307E+06	6.867190E+02	5.918574E+01	5.568179E+03
0.11	-1.199304E+06	6.111218E+02	5.791609E+01	5.568179E+03
0.115	-1.199307E+06	6.787194E+02	5.554754E+01	5.568179E+03
0.12	-1.199306E+06	6.756620E+02	5.388313E+01	5.568179E+03
0.125	-1.199306E+06	6.523632E+02	5.087410E+01	5.568179E+03
0.13	-1.199307E+06	6.666739E+02	4.641200E+01	5.568179E+03
0.135	-1.199306E+06	6.252582E+02	4.222262E+01	5.568179E+03
0.14	-1.199305E+06	6.071189E+02	4.003064E+01	5.568179E+03
0.145	-1.199307E+06	6.543736E+02	4.152653E+01	5.568179E+03
0.15	-1.199306E+06	6.619579E+02	4.387921E+01	5.568179E+03
0.155	-1.199307E+06	7.123332E+02	4.506326E+01	5.568179E+03
0.16	-1.199307E+06	7.303842E+02	4.504526E+01	5.568179E+03
0.165	-1.199306E+06	6.571009E+02	4.489837E+01	5.568179E+03
0.17	-1.199306E+06	6.181047E+02	4.796817E+01	5.568179E+03
0.175	-1.199306E+06	6.279364E+02	5.108151E+01	5.568179E+03
0.18	-1.199306E+06	6.379729E+02	5.298577E+01	5.568179E+03
0.185	-1.199307E+06	6.536230E+02	5.435134E+01	5.568179E+03
0.19	-1.199306E+06	6.549077E+02	5.265035E+01	5.568179E+03
0.195	-1.199306E+06	6.567726E+02	5.107590E+01	5.568179E+03
0.2	-1.199307E+06	6.730137E+02	4.972012E+01	5.568179E+03
0.205	-1.199306E+06	6.556048E+02	4.714893E+01	5.568179E+03
0.21	-1.199306E+06	6.843072E+02	4.387692E+01	5.568179E+03
0.215	-1.199307E+06	7.035016E+02	3.852754E+01	5.568179E+03
0.22	-1.199305E+06	6.499624E+02	3.581032E+01	5.568179E+03
0.225	-1.199307E+06	6.754092E+02	3.789814E+01	5.568179E+03
0.23	-1.199306E+06	6.547866E+02	4.128300E+01	5.568179E+03
0.235	-1.199305E+06	6.380783E+02	4.361022E+01	5.568179E+03
0.24	-1.199308E+06	6.848617E+02	4.525257E+01	5.568179E+03
0.245	-1.199306E+06	6.501199E+02	4.801506E+01	5.568179E+03
0.25	-1.199307E+06	6.496824E+02	5.096981E+01	5.568179E+03
0.255	-1.199307E+06	6.296600E+02	5.333604E+01	5.568179E+03
0.26	-1.199305E+06	5.987870E+02	5.475025E+01	5.568179E+03
0.265	-1.199307E+06	6.574868E+02	5.424350E+01	5.568179E+03
0.27	-1.199307E+06	6.772482E+02	5.228242E+01	5.568179E+03
0.275	-1.199306E+06	6.713479E+02	4.900382E+01	5.568179E+03
0.28	-1.199307E+06	6.625239E+02	4.568538E+01	5.568179E+03
0.285	-1.199306E+06	6.386734E+02	4.380826E+01	5.568179E+03
0.29	-1.199307E+06	6.430186E+02	4.182413E+01	5.568179E+03
0.295	-1.199307E+06	6.501096E+02	3.955488E+01	5.568179E+03
0.3	-1.199307E+06	6.232125E+02	3.899510E+01	5.568179E+03
0.305	-1.199305E+06	5.961735E+02	4.162373E+01	5.568179E+03
0.31	-1.199308E+06	6.760386E+02	4.655478E+01	5.568179E+03
0.315	-1.199307E+06	6.632736E+02	5.257621E+01	5.568179E+03
0.32	-1.199305E+06	6.420378E+02	5.712363E+01	5.568179E+03
0.325	-1.199308E+06	6.952140E+02	5.888167E+01	5.568179E+03
0.33	-1.199305E+06	6.187182E+02	5.873180E+01	5.568179E+03
0.335	-1.199306E+06	6.252598E+02	5.670869E+01	5.568179E+03
0.34	-1.199307E+06	6.532062E+02	5.401250E+01	5.568179E+03
0.345	-1.199306E+06	6.261828E+02	5.052212E+01	5.568179E+03
0.35	-1.199307E+06	6.532162E+02	4.564316E+01	5.568179E+03
0.355	-1.199307E+06	6.477229E+02	3.986085E+01	5.568179E+03
0.36	-1.199306E+06	6.197823E+02	3.612149E+01	5.568179E+03
0.365	-1.199307E+06	6.214826E+02	3.613351E+01	5.568179E+03
0.37	-1.199306E+06	5.924956E+02	3.775025E+01	5.568179E+03
0.375	-1.199307E+06	6.228462E+02	3.850089E+01	5.568179E+03
0.38	-1.199308E+06	6.522763E+02	3.792412E+01	5.568179E+03
0.385	-1.199307E+06	6.151020E+02	3.890399E+01	5.568179E+03
0.39	-1.199306E+06	6.012110E+02	4.352162E+01	5.568179E+03
0.395	-1.199308E+06	6.250880E+02	4.840093E+01	5.568179E+03
0.4	-1.199306E+06	6.004740E+02	5.157057E+01	5.568179E+03
0.405	-1.199308E+06	6.077068E+02	5.232809E+01	5.568179E+03
0.41	-1.199307E+06	5.838854E+02	5.193344E+01	5.568179E+03
0.415	-1.199307E+06	5.772922E+02	5.195167E+01	5.568179E+03
0.42	-1.199308E+06	6.014822E+02	5.212865E+01	5.568179E+03
0.425	-1.199306E+06	5.856897E+02	5.162501E+01	5.568179E+03
0.43	-1.199308E+06	6.358849E+02	4.927224E+01	5.568179E+03
0.435	-1.199308E+06	6.338669E+02	4.580323E+01	5.568179E+03
0.44	-1.199306E+06	6.040433E+02	4.265251E+01	5.568179E+03
0.445	-1.199308E+06	6.457789E+02	4.115872E+01	5.568179E+03
0.45	-1.199307E+06	6.080535E+02	4.058432E+01	5.568179E+03
0.455	-1.199307E+06	5.790443E+02	3.875507E+01	5.568179E+03
0.46	-1.199308E+06	5.912984E+02	3.699107E+01	5.568179E+03
0.465	-1.199307E+06	5.806543E+02	3.684385E+01	5.568179E+03
0.47	-1.199307E+06	5.887475E+02	3.886967E+01	5.568179E+03
0.475	-1.199307E+06	6.087691E+02	4.362326E+01	5.568179E+03
0.48	-1.199308E+06	6.223409E+02	4.856185E+01	5.568179E+03
0.485	-1.199307E+06	5.972416E+02	5.165247E+01	5.568179E+03
0.49	-1.199307E+06	5.744581E+02	5.286400E+01	5.568179E+03
0.495	-1.199307E+06	5.682709E+02	5.238153E+01	5.568179E+03
0.5	-1.199308E+06	5.971257E+02	5.112270E+01	5.568179E+03
0.505	-1.199309E+06	6.062021E+02	4.893274E+01	5.568179E+03
0.51	-1.199307E+06	5.575062E+02	4.544532E+01	5.568179E+03
0.515	-1.199309E+06	5.797080E+02	4.095147E+01	5.568179E+03
0.52	-1.199307E+06	5.473186E+02	3.790582E+01	5.568179E+03
0.525	-1.199307E+06	5.455507E+02	3.774201E+01	5.568179E+03
0.53	-1.199309E+06	6.151990E+02	3.910226E+01	5.568179E+03
0.535	-1.199307E+06	5.951326E+02	4.052668E+01	5.568179E+03
0.54	-1.199308E+06	5.879454E+02	4.062368E+01	5.568179E+03
0.545	-1.199308E+06	5.679276E+02	3.984484E+01	5.568179E+03
0.55	-1.199307E+06	5.255841E+02	4.022305E+01	5.568179E+03
0.555	-1.199308E+06	5.296061E+02	4.259682E+01	5.568179E+03
0.56	-1.199308E+06	5.485622E+02	4.531716E+01	5.568179E+03
0.565	-1.199308E+06	5.601882E+02	4.723287E+01	5.568179E+03
0.57	-1.199309E+06	5.746709E+02	4.757492E+01	5.568179E+03
0.575	-1.199308E+06	5.438705E+02	4.655564E+01	5.568179E+03
0.58	-1.199307E+06	5.114144E+02	4.631211E+01	5.568179E+03
0.585	-1.199308E+06	5.579699E+02	4.691595E+01	5.568179E+03
0.59	-1.199309E+06	5.930358E+02	4.698007E+01	5.568179E+03
0.595	-1.199309E+06	5.971239E+02	4.555428E+01	5.568179E+03
0.6	-1.199309E+06	5.726114E+02	4.248186E+01	5.568179E+03
0.605	-1.199308E+06	5.264714E+02	3.955823E+01	5.568179E+03
0.61	-1.199308E+06	5.465039E+02	3.909943E+01	5.568179E+03
0.615	-1.199309E+06	5.656065E+02	4.052543E+01	5.568179E+03
0.62	-1.199308E+06	5.456833E+02	4.225488E+01	5.568179E+03
0.625	-1.199309E+06	5.537966E+02	4.309875E+01	5.568179E+03
0.63	-1.199308E+06	5.150359E+02	4.255302E+01	5.568179E+03
0.635	-1.199308E+06	5.156119E+02	4.228242E+01	5.568179E+03
0.64	-1.199308E+06	5.384147E+02	4.409359E+01	5.568179E+03
0.645	-1.199309E+06	5.670134E+02	4.530844E+01	5.568179E+03
0.65	-1.199310E+06	5.826284E+02	4.482037E+01	5.568179E+03
0.655	-1.199308E+06	5.286167E+02	4.280616E+01	5.568179E+03
0.66	-1.199309E+06	5.085628E+02	4.034596E+01	5.568179E+03
0.665	-1.199309E+06	5.024670E+02	4.065946E+01	5.568179E+03
0.67	-1.199308E+06	5.112368E+02	4.181529E+01	5.568179E+03
0.675	-1.199309E+06	5.333244E+02	4.184391E+01	5.568179E+03
0.68	-1.199309E+06	5.327952E+02	4.081709E+01	5.568179E+03
0.685	-1.199309E+06	5.165300E+02	3.869724E+01	5.568179E+03
0.69	-1.199308E+06	4.933930E+02	3.850709E+01	5.568179E+03
0.695	-1.199309E+06	5.145750E+02	4.033807E+01	5.568179E+03
0.7	-1.199309E+06	5.214549E+02	4.254350E+01	5.568179E+03
0.705	-1.199309E+06	5.189795E+02	4.443044E+01	5.568179E+03
0.71	-1.199310E+06	5.148062E+02	4.499702E+01	5.568179E+03
0.715	-1.199308E+06	4.787510E+02	4.586604E+01	5.568179E+03
0.72	-1.199309E+06	5.202813E+02	4.693169E+01	5.568179E+03
0.725	-1.199310E+06	5.304493E+02	4.728761E+01	5.568179E+03
0.73	-1.199309E+06	5.006569E+02	4.643769E+01	5.568179E+03
0.735	-1.199310E+06	4.947961E+02	4.374212E+01	5.568179E+03
0.74	-1.199309E+06	4.706444E+02	4.147630E+01	5.568179E+03
0.745	-1.199309E+06	4.791659E+02	4.132779E+01	5.568179E+03
0.75	-1.199310E+06	4.976492E+02	4.219863E+01	5.568179E+03
0.755	-1.199309E+06	4.772088E+02	4.333334E+01	5.568179E+03
0.76	-1.199309E+06	4.853475E+02	4.387029E+01	5.568179E+03
0.765	-1.199310E+06	5.163938E+02	4.418027E+01	5.568179E+03
0.77	-1.199309E+06	4.977845E+02	4.546134E+01	5.568179E+03
0.775	-1.199310E+06	5.104302E+02	4.648693E+01	5.568179E+03
0.78	-1.199310E+06	4.896034E+02	4.772312E+01	5.568179E+03
0.785	-1.199309E+06	4.534393E+02	4.891006E+01	5.568179E+03
0.79	-1.199310E+06	4.842780E+02	4.878099E+01	5.568179E+03
0.795	-1.199310E+06	4.631975E+02	4.780755E+01	5.568179E+03
0.8	-1.199309E+06	4.326284E+02	4.620003E+01	5.568179E+03
0.805	-1.199310E+06	4.391704E+02	4.587585E+01	5.568179E+03
0.81	-1.199309E+06	4.446301E+02	4.713845E+01	5.568179E+03
0.815	-1.199310E+06	4.827084E+02	4.699730E+01	5.568179E+03
0.82	-1.199310E+06	4.827046E+02	4.583120E+01	5.568179E+03
0.825	-1.199309E+06	4.559414E+02	4.427510E+01	5.568179E+03
0.83	-1.199310E+06	4.564546E+02	4.319826E+01	5.568179E+03
0.835	-1.199310E+06	4.761851E+02	4.401955E+01	5.568179E+03
0.84	-1.199310E+06	4.633869E+02	4.487439E+01	5.568179E+03
0.845	-1.199310E+06	4.602023E+02	4.435307E+01	5.568179E+03
0.85	-1.199310E+06	4.364876E+02	4.424347E+01	5.568179E+03
0.855	-1.199309E+06	4.199313E+02	4.576974E+01	5.568179E+03
0.86	-1.199311E+06	4.622011E+02	4.835305E+01	5.568179E+03
0.865	-1.199309E+06	4.358743E+02	5.120075E+01	5.568179E+03
0.87	-1.199310E+06	4.579755E+02	5.311632E+01	5.568179E+03
0.875	-1.199311E+06	4.837518E+02	5.369652E+01	5.568179E+03
0.88	-1.199310E+06	4.653746E+02	5.304439E+01	5.568179E+03
0.885	-1.199311E+06	4.604459E+02	5.199409E+01	5.568179E+03
0.89	-1.199310E+06	4.269345E+02	5.067589E+01	5.568179E+03
0.895	-1.199310E+06	4.232632E+02	4.897121E+01	5.568179E+03
0.9	-1.199310E+06	4.300544E+02	4.654270E+01	5.568179E+03
0.905	-1.199311E+06	4.478287E+02	4.299010E+01	5.568179E+03
0.91	-1.199311E+06	4.234974E+02	4.140057E+01	5.568179E+03
0.915	-1.199310E+06	4.026841E+02	4.189003E+01	5.568179E+03
0.92	-1.199311E+06	4.315807E+02	4.284815E+01	5.568179E+03
0.925	-1.199310E+06	4.210616E+02	4.492728E+01	5.568179E+03
0.93	-1.199312E+06	4.528226E+02	4.598713E+01	5.568179E+03
0.935	-1.199311E+06	4.326063E+02	4.690592E+01	5.568179E+03
0.94	-1.199310E+06	4.234698E+02	4.854241E+01	5.568179E+03
0.945	-1.199312E+06	4.585593E+02	4.970940E+01	5.568179E+03
0.95	-1.199310E+06	4.114140E+02	5.055207E+01	5.568179E+03
0.955	-1.199311E+06	4.095746E+02	4.982473E+01	5.568179E+03
0.96	-1.199311E+06	4.019905E+02	4.875513E+01	5.568179E+03
0.965	-1.199310E+06	3.837132E+02	4.801862E+01	5.568179E+03
0.97	-1.199312E+06	4.088021E+02	4.686329E+01	5.568179E+03
0.975	-1.199311E+06	3.964904E+02	4.606264E+01	5.568179E+03
0.98	-1.199311E+06	3.811675E+02	4.511497E+01	5.568179E+03
0.985	-1.199311E+06	3.899580E+02	4.382072E+01	5.568179E+03
0.99	-1.199311E+06	3.911334E+02	4.297103E+01	5.568179E+03
0.995	-1.199312E+06	4.141035E+02	4.340033E+01	5.568179E+03
1.0	-1.199311E+06	4.141181E+02	4.521363E+01	5.568179E+03
1.005	-1.199311E+06	4.117576E+02	4.643464E+01	5.568179E+03
1.01	-1.199311E+06	3.991436E+02	4.748403E+01	5.568179E+03
1.015	-1.199311E+06	3.884632E+02	4.833873E+01	5.568179E+03
1.02	-1.199311E+06	3.940332E+02	4.908687E+01	5.568179E+03
1.025	-1.199312E+06	3.966589E+02	5.051651E+01	5.568179E+03
1.03	-1.199311E+06	3.675249E+02	5.136252E+01	5.568179E+03
1.035	-1.199311E+06	3.578735E+02	5.172790E+01	5.568179E+03
1.04	-1.199311E+06	3.698477E+02	5.170563E+01	5.568179E+03
1.045	-1.199312E+06	3.806203E+02	5.100638E+01	5.568179E+03
1.05	-1.199311E+06	3.761899E+02	5.195014E+01	5.568179E+03
1.055	-1.199312E+06	3.935116E+02	5.308446E+01	5.568179E+03
1.06	-1.199312E+06	4.028369E+02	5.286447E+01	5.568179E+03
1.065	-1.199312E+06	3.841288E+02	5.184056E+01	5.568179E+03
1.07	-1.199311E+06	3.696652E+02	4.995178E+01	5.568179E+03
1.075	-1.199312E+06	3.780154E+02	4.904512E+01	5.568179E+03
1.08	-1.199312E+06	3.884063E+02	4.958924E+01	5.568179E+03
1.085	-1.199312E+06	3.819033E+02	4.994440E+01	5.568179E+03
1.09	-1.199311E+06	3.558601E+02	5.006180E+01	5.568179E+03
1.095	-1.199312E+06	3.506684E+02	4.994160E+01	5.568179E+03
1.1	-1.199312E+06	3.488283E+02	5.054539E+01	5.568179E+03
1.105	-1.199312E+06	3.588992E+02	5.234151E+01	5.568179E+03
1.11	-1.199312E+06	3.690490E+02	5.405098E+01	5.568179E+03
1.115	-1.199312E+06	3.519968E+02	5.477710E+01	5.568179E+03
1.12	-1.199312E+06	3.551205E+02	5.468179E+01	5.568179E+03
1.125	-1.199312E+06	3.612129E+02	5.406696E+01	5.568179E+03
1.13	-1.199312E+06	3.631619E+02	5.319646E+01	5.568179E+03
1.135	-1.199313E+06	3.668929E+02	5.252728E+01	5.568179E+03
1.14	-1.199312E+06	3.463633E+02	5.199570E+01	5.568179E+03
1.145	-1.199313E+06	3.506772E+02	5.116258E+01	5.568179E+03
1.15	-1.199312E+06	3.310565E+02	5.059225E+01	5.568179E+03
1.155	-1.199312E+06	3.260481E+02	5.038269E+01	5.568179E+03
1.16	-1.199313E+06	3.564123E+02	5.131823E+01	5.568179E+03
1.165	-1.199312E+06	3.589684E+02	5.356433E+01	5.568179E+03
1.17	-1.199312E+06	3.503442E+02	5.541932E+01	5.568179E+03
1.175	-1.199312E+06	3.443406E+02	5.642426E+01	5.568179E+03
1.18	-1.199313E+06	3.331629E+02	5.649408E+01	5.568179E+03
1.185	-1.199312E+06	3.125412E+02	5.630969E+01	5.568179E+03
1.19	-1.199313E+06	3.513756E+02	5.664605E+01	5.568179E+03
1.195	-1.199313E+06	3.574507E+02	5.653999E+01	5.568179E+03
1.2	-1.199312E+06	3.232804E+02	5.490118E+01	5.568179E+03
1.205	-1.199313E+06	3.253849E+02	5.232620E+01	5.568179E+03
1.21	-1.199312E+06	3.178585E+02	5.009250E+01	5.568179E+03
1.215	-1.199313E+06	3.299165E+02	4.949816E+01	5.568179E+03
1.22	-1.199313E+06	3.228679E+02	5.067723E+01	5.568179E+03
1.225	-1.199313E+06	3.180911E+02	5.186008E+01	5.568179E+03
1.23	-1.199313E+06	3.257853E+02	5.240602E+01	5.568179E+03
1.235	-1.199313E+06	3.220341E+02	5.208285E+01	5.568179E+03
1.24	-1.199313E+06	3.356341E+02	5.196076E+01	5.568179E+03
1.245	-1.199313E+06	3.335541E+02	5.286070E+01	5.568179E+03
1.25	-1.199313E+06	3.267023E+02	5.319145E+01	5.568179E+03
1.255	-1.199313E+06	2.998040E+02	5.321693E+01	5.568179E+03
1.26	-1.199313E+06	2.978908E+02	5.283795E+01	5.568179E+03
1.265	-1.199313E+06	2.952533E+02	5.259848E+01	5.568179E+03
1.27	-1.199313E+06	2.917345E+02	5.337470E+01	5.568179E+03
1.275	-1.199313E+06	3.031378E+02	5.425712E+01	5.568179E+03
1.28	-1.199313E+06	3.016289E+02	5.470261E+01	5.568179E+03
1.285	-1.199313E+06	3.046547E+02	5.429529E+01	5.568179E+03
1.29	-1.199313E+06	3.070224E+02	5.291318E+01	5.568179E+03
1.295	-1.199313E+06	3.052990E+02	5.193006E+01	5.568179E+03
1.3	-1.199313E+06	3.049961E+02	5.181554E+01	5.568179E+03
1.305	-1.199313E+06	3.057084E+02	5.196254E+01	5.568179E+03
1.31	-1.199313E+06	2.952251E+02	5.219053E+01	5.568179E+03
1.315	-1.199313E+06	2.840790E+02	5.236798E+01	5.568179E+03
1.32	-1.199313E+06	2.968213E+02	5.293405E+01	5.568179E+03
1.325	-1.199314E+06	3.014803E+02	5.409042E+01	5.568179E+03
1.33	-1.199313E+06	2.857246E+02	5.528270E+01	5.568179E+03
1.335	-1.199313E+06	2.785868E+02	5.611334E+01	5.568179E+03
1.34	-1.199314E+06	2.913810E+02	5.638402E+01	5.568179E+03
1.345	-1.199314E+06	2.901232E+02	5.598158E+01	5.568179E+03
1.35	-1.199313E+06	2.740610E+02	5.542067E+01	5.568179E+03
1.355	-1.199313E+06	2.778570E+02	5.537684E+01	5.568179E+03
1.36	-1.199314E+06	2.888761E+02	5.549323E+01	5.568179E+03
1.365	-1.199314E+06	2.972528E+02	5.515822E+01	5.568179E+03
1.37	-1.199314E+06	2.967021E+02	5.408426E+01	5.568179E+03
1.375	-1.199314E+06	2.900430E+02	5.279488E+01	5.568179E+03
1.38	-1.199314E+06	2.824745E+02	5.224443E+01	5.568179E+03
1.385	-1.199313E+06	2.705846E+02	5.222037E+01	5.568179E+03
1.39	-1.199314E+06	2.752360E+02	5.189768E+01	5.568179E+03
1.395	-1.199314E+06	2.688555E+02	5.138330E+01	5.568179E+03
1.4	-1.199313E+06	2.602095E+02	5.090296E+01	5.568179E+03
1.405	-1.199314E+06	2.748633E+02	5.088646E+01	5.568179E+03
1.41	-1.199314E+06	2.728013E+02	5.177668E+01	5.568179E+03
1.415	-1.199314E+06	2.684076E+02	5.290017E+01	5.568179E+03
1.42	-1.199314E+06	2.754422E+02	5.382381E+01	5.568179E+03
1.425	-1.199314E+06	2.727128E+02	5.405529E+01	5.568179E+03
1.43	-1.199313E+06	2.529223E+02	5.367403E+01	5.568179E+03
1.435	-1.199314E+06	2.588110E+02	5.339155E+01	5.568179E+03
1.44	-1.199314E+06	2.731980E+02	5.327504E+01	5.568179E+03
1.445	-1.199314E+06	2.656184E+02	5.275141E+01	5.568179E+03
1.45	-1.199314E+06	2.659244E+02	5.154480E+01	5.568179E+03
1.455	-1.199314E+06	2.534986E+02	5.031233E+01	5.568179E+03
1.46	-1.199314E+06	2.522243E+02	4.931965E+01	5.568179E+03
1.465	-1.199314E+06	2.523041E+02	4.931072E+01	5.568179E+03
1.47	-1.199313E+06	2.335365E+02	5.015758E+01	5.568179E+03
1.475	-1.199314E+06	2.582056E+02	5.051185E+01	5.568179E+03
1.48	-1.199314E+06	2.669337E+02	5.103424E+01	5.568179E+03
1.485	-1.199314E+06	2.448134E+02	5.189508E+01	5.568179E+03
1.49	-1.199314E+06	2.619491E+02	5.286219E+01	5.568179E+03
1.495	-1.199314E+06	2.494843E+02	5.471008E+01	5.568179E+03
1.5	-1.199314E+06	2.319904E+02	5.575489E+01	5.568179E+03
1.505	-1.199314E+06	2.413791E+02	5.531102E+01	5.568179E+03
1.51	-1.199314E+06	2.405391E+02	5.459731E+01	5.568179E+03
1.515	-1.199314E+06	2.544301E+02	5.388943E+01	5.568179E+03
1.52	-1.199314E+06	2.656227E+02	5.354995E+01	5.568179E+03
1.525	-1.199314E+06	2.536041E+02	5.306958E+01	5.568179E+03
1.53	-1.199315E+06	2.476466E+02	5.172654E+01	5.568179E+03
1.535	-1.199314E+06	2.345395E+02	5.015580E+01	5.568179E+03
1.54	-1.199315E+06	2.333788E+02	4.897754E+01	5.568179E+03
1.545	-1.199315E+06	2.366677E+02	4.893478E+01	5.568179E+03
1.55	-1.199315E+06	2.364215E+02	4.968166E+01	5.568179E+03
1.555	-1.199314E+06	2.370198E+02	5.048432E+01	5.568179E+03
1.56	-1.199314E+06	2.439974E+02	5.138348E+01	5.568179E+03
1.565	-1.199315E+06	2.514258E+02	5.249088E+01	5.568179E+03
1.57	-1.199314E+06	2.399690E+02	5.402633E+01	5.568179E+03
1.575	-1.199315E+06	2.396610E+02	5.543689E+01	5.568179E+03
1.58	-1.199315E+06	2.278284E+02	5.640762E+01	5.568179E+03
1.585	-1.199314E+06	2.207909E+02	5.667290E+01	5.568179E+03
1.59	-1.199315E+06	2.442078E+02	5.601740E+01	5.568179E+03
1.595	-1.199314E+06	2.240534E+02	5.527112E+01	5.568179E+03
1.6	-1.199315E+06	2.193915E+02	5.430507E+01	5.568179E+03
1.605	-1.199315E+06	2.226244E+02	5.382148E+01	5.568179E+03
1.61	-1.199314E+06	2.132282E+02	5.394098E+01	5.568179E+03
1.615	-1.199315E+06	2.319292E+02	5.341655E+01	5.568179E+03
1.62	-1.199315E+06	2.229605E+02	5.291227E+01	5.568179E+03
1.625	-1.199314E+06	2.161254E+02	5.299134E+01	5.568179E+03
1.63	-1.199315E+06	2.280504E+02	5.343429E+01	5.568179E+03
1.635	-1.199315E+06	2.181035E+02	5.433560E+01	5.568179E+03
1.64	-1.199315E+06	2.213431E+02	5.497586E+01	5.568179E+03
1.645	-1.199315E+06	2.199958E+02	5.510299E+01	5.568179E+03
1.65	-1.199315E+06	2.147899E+02	5.523863E+01	5.568179E+03
1.655	-1.199315E+06	2.134385E+02	5.585815E+01	5.568179E+03
1.66	-1.199315E+06	2.061641E+02	5.681936E+01	5.568179E+03
1.665	-1.199315E+06	2.131042E+02	5.736984E+01	5.568179E+03
1.67	-1.199315E+06	2.170383E+02	5.718652E+01	5.568179E+03
1.675	-1.199315E+06	2.185958E+02	5.620311E+01	5.568179E+03
1.68	-1.199315E+06	2.134787E+02	5.511938E+01	5.568179E+03
1.685	-1.199315E+06	2.099780E+02	5.421652E+01	5.568179E+03
1.69	-1.199315E+06	2.050448E+02	5.335932E+01	5.568179E+03
1.695	-1.199315E+06	1.984767E+02	5.269936E+01	5.568179E+03
1.7	-1.199315E+06	2.012574E+02	5.210656E+01	5.568179E+03
1.705	-1.199315E+06	2.019015E+02	5.202102E+01	5.568179E+03
1.71	-1.199315E+06	2.040849E+02	5.289952E+01	5.568179E+03
1.715	-1.199315E+06	2.154067E+02	5.431422E+01	5.568179E+03
1.72	-1.199315E+06	2.183526E+02	5.568025E+01	5.568179E+03
1.725	-1.199315E+06	2.161682E+02	5.630969E+01	5.568179E+03
1.73	-1.199315E+06	2.149788E+02	5.669172E+01	5.568179E+03
1.735	-1.199315E+06	2.117228E+02	5.745849E+01	5.568179E+03
1.74	-1.199315E+06	2.187956E+02	5.774764E+01	5.568179E+03
1.745	-1.199315E+06	2.043441E+02	5.731624E+01	5.568179E+03
1.75	-1.199315E+06	1.980401E+02	5.585338E+01	5.568179E+03
1.755	-1.199315E+06	2.004920E+02	5.411714E+01	5.568179E+03
1.76	-1.199315E+06	1.945034E+02	5.314038E+01	5.568179E+03
1.765	-1.199316E+06	2.018253E+02	5.267049E+01	5.568179E+03
1.77	-1.199315E+06	2.001721E+02	5.256515E+01	5.568179E+03
1.775	-1.199315E+06	2.003641E+02	5.233189E+01	5.568179E+03
1.78	-1.199315E+06	2.031778E+02	5.185918E+01	5.568179E+03
1.785	-1.199315E+06	1.981969E+02	5.158671E+01	5.568179E+03
1.79	-1.199315E+06	1.973779E+02	5.172157E+01	5.568179E+03
1.795	-1.199315E+06	1.925019E+02	5.235669E+01	5.568179E+03
1.8	-1.199315E+06	1.868188E+02	5.307049E+01	5.568179E+03
1.805	-1.199316E+06	1.905659E+02	5.326718E+01	5.568179E+03
1.81	-1.199315E+06	1.804795E+02	5.293797E+01	5.568179E+03
1.815	-1.199315E+06	1.854868E+02	5.234783E+01	5.568179E+03
1.82	-1.199315E+06	1.903908E+02	5.219346E+01	5.568179E+03
1.825	-1.199316E+06	1.879625E+02	5.189651E+01	5.568179E+03
1.83	-1.199315E+06	1.826854E+02	5.114215E+01	5.568179E+03
1.835	-1.199315E+06	1.842550E+02	5.008473E+01	5.568179E+03
1.84	-1.199316E+06	1.896263E+02	4.867351E+01	5.568179E+03
1.845	-1.199315E+06	1.817551E+02	4.787750E+01	5.568179E+03
1.85	-1.199316E+06	1.862482E+02	4.799096E+01	5.568179E+03
1.855	-1.199316E+06	1.827563E+02	4.848078E+01	5.568179E+03
1.86	-1.199316E+06	1.839119E+02	4.890821E+01	5.568179E+03
1.865	-1.199316E+06	1.901337E+02	4.898228E+01	5.568179E+03
1.87	-1.199315E+06	1.747016E+02	4.930508E+01	5.568179E+03
1.875	-1.199316E+06	1.808352E+02	5.056579E+01	5.568179E+03
1.88	-1.199316E+06	1.818766E+02	5.225014E+01	5.568179E+03
1.885	-1.199316E+06	1.812970E+02	5.322594E+01	5.568179E+03
1.89	-1.199316E+06	1.891650E+02	5.312330E+01	5.568179E+03
1.895	-1.199316E+06	1.775231E+02	5.234466E+01	5.568179E+03
1.9	-1.199316E+06	1.724965E+02	5.189589E+01	5.568179E+03
1.905	-1.199316E+06	1.746993E+02	5.181312E+01	5.568179E+03
1.91	-1.199316E+06	1.729864E+02	5.146460E+01	5.568179E+03
1.915	-1.199316E+06	1.767294E+02	5.084044E+01	5.568179E+03
1.92	-1.199316E+06	1.783787E+02	5.002780E+01	5.568179E+03
1.925	-1.199316E+06	1.755789E+02	4.966002E+01	5.568179E+03
1.93	-1.199316E+06	1.747984E+02	5.014355E+01	5.568179E+03
1.935	-1.199316E+06	1.864249E+02	5.056144E+01	5.568179E+03
1.94	-1.199316E+06	1.768100E+02	5.050777E+01	5.568179E+03
1.945	-1.199316E+06	1.640259E+02	5.002830E+01	5.568179E+03
1.95	-1.199316E+06	1.576565E+02	4.990837E+01	5.568179E+03
1.955	-1.199316E+06	1.565042E+02	5.056578E+01	5.568179E+03
1.96	-1.199316E+06	1.644845E+02	5.153365E+01	5.568179E+03
1.965	-1.199316E+06	1.612621E+02	5.260949E+01	5.568179E+03
1.97	-1.199316E+06	1.713414E+02	5.313513E+01	5.568179E+03
1.975	-1.199316E+06	1.780119E+02	5.293869E+01	5.568179E+03
1.98	-1.199316E+06	1.724277E+02	5.245358E+01	5.568179E+03
1.985	-1.199316E+06	1.715357E+02	5.200927E+01	5.568179E+03
1.99	-1.199316E+06	1.689340E+02	5.156956E+01	5.568179E+03
1.995	-1.199316E+06	1.630167E+02	5.064201E+01	5.568179E+03
2.0	-1.199316E+06	1.595827E+02	4.915098E+01	5.568179E+03
2.005	-1.199316E+06	1.622355E+02	4.785571E+01	5.568179E+03
2.01	-1.199316E+06	1.608538E+02	4.743387E+01	5.568179E+03
2.015	-1.199316E+06	1.544274E+02	4.782704E+01	5.568179E+03
2.02	-1.199316E+06	1.585849E+02	4.854045E+01	5.568179E+03
2.025	-1.199316E+06	1.558128E+02	4.922213E+01	5.568179E+03
2.03	-1.199316E+06	1.508838E+02	4.971676E+01	5.568179E+03
2.035	-1.199316E+06	1.581644E+02	5.062220E+01	5.568179E+03
2.04	-1.199316E+06	1.640103E+02	5.210048E+01	5.568179E+03
2.045	-1.199316E+06	1.686226E+02	5.302394E+01	5.568179E+03
2.05	-1.199316E+06	1.669397E+02	5.296977E+01	5.568179E+03
2.055	-1.199316E+06	1.552227E+02	5.198720E+01	5.568179E+03
2.06	-1.199316E+06	1.523357E+02	5.032620E+01	5.568179E+03
2.065	-1.199316E+06	1.505776E+02	4.919098E+01	5.568179E+03
2.07	-1.199316E+06	1.537238E+02	4.858221E+01	5.568179E+03
2.075	-1.199316E+06	1.488153E+02	4.803419E+01	5.568179E+03
2.08	-1.199316E+06	1.469475E+02	4.759386E+01	5.568179E+03
2.085	-1.199316E+06	1.529661E+02	4.721999E+01	5.568179E+03
2.09	-1.199316E+06	1.482694E+02	4.735362E+01	5.568179E+03
2.095	-1.199316E+06	1.513524E+02	4.835988E+01	5.568179E+03
2.1	-1.199316E+06	1.542082E+02	4.980379E+01	5.568179E+03
2.105	-1.199316E+06	1.561320E+02	5.099571E+01	5.568179E+03
2.11	-1.199316E+06	1.538006E+02	5.169567E+01	5.568179E+03
2.115	-1.199316E+06	1.426410E+02	5.185337E+01	5.568179E+03
2.12	-1.199316E+06	1.496871E+02	5.169672E+01	5.568179E+03
2.125	-1.199316E+06	1.454773E+02	5.174264E+01	5.568179E+03
2.13	-1.199316E+06	1.443234E+02	5.135050E+01	5.568179E+03
2.135	-1.199316E+06	1.465116E+02	5.049837E+01	5.568179E+03
2.14	-1.199316E+06	1.420370E+02	4.961649E+01	5.568179E+03
2.145	-1.199316E+06	1.496738E+02	4.862584E+01	5.568179E+03
2.15	-1.199316E+06	1.515786E+02	4.820490E+01	5.568179E+03
2.155	-1.199316E+06	1.487031E+02	4.823680E+01	5.568179E+03
2.16	-1.199316E+06	1.402490E+02	4.816453E+01	5.568179E+03
2.165	-1.199316E+06	1.356375E+02	4.829445E+01	5.568179E+03
2.17	-1.199316E+06	1.446690E+02	4.844899E+01	5.568179E+03
2.175	-1.199316E+06	1.493616E+02	4.870683E+01	5.568179E+03
2.18	-1.199316E+06	1.455864E+02	4.943474E+01	5.568179E+03
2.185	-1.199316E+06	1.404696E+02	4.991358E+01	5.568179E+03
2.19	-1.199316E+06	1.396412E+02	4.970806E+01	5.568179E+03
2.195	-1.199316E+06	1.280099E+02	4.939815E+01	5.568179E+03
2.2	-1.199316E+06	1.313160E+02	4.923883E+01	5.568179E+03
2.205	-1.199317E+06	1.415198E+02	4.966872E+01	5.568179E+03
2.21	-1.199316E+06	1.324086E+02	5.042608E+01	5.568179E+03
2.215	-1.199316E+06	1.368028E+02	5.050059E+01	5.568179E+03
2.22	-1.199317E+06	1.451646E+02	5.004938E+01	5.568179E+03
2.225	-1.199316E+06	1.403839E+02	4.941091E+01	5.568179E+03
2.23	-1.199316E+06	1.428342E+02	4.892446E+01	5.568179E+03
2.235	-1.199317E+06	1.449225E+02	4.909056E+01	5.568179E+03
2.24	-1.199316E+06	1.371109E+02	4.940376E+01	5.568179E+03
2.245	-1.199317E+06	1.416739E+02	4.924362E+01	5.568179E+03
2.25	-1.199316E+06	1.372518E+02	4.915715E+01	5.568179E+03
2.255	-1.199316E+06	1.344198E+02	4.947005E+01	5.568179E+03
2.26	-1.199317E+06	1.418489E+02	5.012945E+01	5.568179E+03
2.265	-1.199316E+06	1.332045E+02	5.092470E+01	5.568179E+03
2.27	-1.199316E+06	1.329482E+02	5.119613E+01	5.568179E+03
2.275	-1.199317E+06	1.388216E+02	5.097388E+01	5.568179E+03
2.28	-1.199316E+06	1.390569E+02	5.064262E+01	5.568179E+03
2.285	-1.199317E+06	1.424903E+02	5.024874E+01	5.568179E+03
2.29	-1.199317E+06	1.383595E+02	4.983145E+01	5.568179E+03
2.295	-1.199316E+06	1.297487E+02	4.943238E+01	5.568179E+03
2.3	-1.199317E+06	1.359450E+02	4.890182E+01	5.568179E+03
2.305	-1.199317E+06	1.366385E+02	4.836317E+01	5.568179E+03
2.31	-1.199316E+06	1.211424E+02	4.793400E+01	5.568179E+03
2.315	-1.199317E+06	1.254637E+02	4.762395E+01	5.568179E+03
2.32	-1.199317E+06	1.313614E+02	4.787295E+01	5.568179E+03
2.325	-1.199317E+06	1.288936E+02	4.828779E+01	5.568179E+03
2.33	-1.199317E+06	1.290869E+02	4.844290E+01	5.568179E+03
2.335	-1.199317E+06	1.294599E+02	4.867505E+01	5.568179E+03
2.34	-1.199317E+06	1.292654E+02	4.908287E+01	5.568179E+03
2.345	-1.199317E+06	1.287217E+02	4.969177E+01	5.568179E+03
2.35	-1.199316E+06	1.242237E+02	5.038705E+01	5.568179E+03
2.355	-1.199317E+06	1.271970E+02	5.047236E+01	5.568179E+03
2.36	-1.199317E+06	1.315220E+02	4.984208E+01	5.568179E+03
2.365	-1.199316E+06	1.227609E+02	4.921709E+01	5.568179E+03
2.37	-1.199317E+06	1.244859E+02	4.901329E+01	5.568179E+03
2.375	-1.199317E+06	1.292931E+02	4.917035E+01	5.568179E+03
2.38	-1.199316E+06	1.210973E+02	4.921440E+01	5.568179E+03
2.385	-1.199317E+06	1.267178E+02	4.872629E+01	5.568179E+03
2.39	-1.199317E+06	1.270883E+02	4.822800E+01	5.568179E+03
2.395	-1.199317E+06	1.273110E+02	4.817517E+01	5.568179E+03
2.4	-1.199317E+06	1.314742E+02	4.860037E+01	5.568179E+03
2.405	-1.199317E+06	1.247003E+02	4.924798E+01	5.568179E+03
2.41	-1.199317E+06	1.249260E+02	4.970507E+01	5.568179E+03
2.415	-1.199317E+06	1.207216E+02	5.013574E+01	5.568179E+03
2.42	-1.199317E+06	1.224731E+02	5.072663E+01	5.568179E+03
2.425	-1.199317E+06	1.226065E+02	5.152436E+01	5.568179E+03
2.43	-1.199316E+06	1.230676E+02	5.209739E+01	5.568179E+03
2.435	-1.199317E+06	1.323118E+02	5.227349E+01	5.568179E+03
2.44	-1.199317E+06	1.307066E+02	5.212163E+01	5.568179E+03
2.445	-1.199317E+06	1.291709E+02	5.161822E+01	5.568179E+03
2.45	-1.199317E+06	1.274766E+02	5.125424E+01	5.568179E+03
2.455	-1.199317E+06	1.200851E+02	5.097853E+01	5.568179E+03
2.46	-1.199317E+06	1.176620E+02	5.048679E+01	5.568179E+03
2.465	-1.199317E+06	1.180738E+02	4.998741E+01	5.568179E+03
2.47	-1.199317E+06	1.207482E+02	4.954045E+01	5.568179E+03
2.475	-1.199317E+06	1.178631E+02	4.946191E+01	5.568179E+03
2.48	-1.199317E+06	1.166644E+02	4.981223E+01	5.568179E+03
2.485	-1.199317E+06	1.201221E+02	5.025706E+01	5.568179E+03
2.49	-1.199317E+06	1.212029E+02	5.058281E+01	5.568179E+03
2.495	-1.199317E+06	1.204990E+02	5.063224E+01	5.568179E+03
2.5	-1.199317E+06	1.174841E+02	5.073533E+01	5.568179E+03
2.505	-1.199317E+06	1.151262E+02	5.115180E+01	5.568179E+03
2.51	-1.199317E+06	1.144997E+02	5.166132E+01	5.568179E+03
2.515	-1.199317E+06	1.109693E+02	5.225974E+01	5.568179E+03
2.52	-1.199317E+06	1.148052E+02	5.269791E+01	5.568179E+03
2.525	-1.199317E+06	1.199793E+02	5.274344E+01	5.568179E+03
2.53	-1.199317E+06	1.205186E+02	5.252982E+01	5.568179E+03
2.535	-1.199317E+06	1.238523E+02	5.210001E+01	5.568179E+03
2.54	-1.199317E+06	1.140475E+02	5.180212E+01	5.568179E+03
2.545	-1.199317E+06	1.100693E+02	5.158728E+01	5.568179E+03
2.55	-1.199317E+06	1.138193E+02	5.125604E+01	5.568179E+03
2.555	-1.199317E+06	1.154686E+02	5.120483E+01	5.568179E+03
2.56	-1.199317E+06	1.165772E+02	5.187704E+01	5.568179E+03
2.565	-1.199317E+06	1.192132E+02	5.299734E+01	5.568179E+03
2.57	-1.199317E+06	1.222070E+02	5.401238E+01	5.568179E+03
2.575	-1.199317E+06	1.172095E+02	5.467367E+01	5.568179E+03
2.58	-1.199317E+06	1.171376E+02	5.496077E+01	5.568179E+03
2.585	-1.199317E+06	1.202413E+02	5.521035E+01	5.568179E+03
2.59	-1.199317E+06	1.141324E+02	5.538506E+01	5.568179E+03
2.595	-1.199317E+06	1.106884E+02	5.512538E+01	5.568179E+03
2.6	-1.199317E+06	1.112753E+02	5.446694E+01	5.568179E+03
2.605	-1.199317E+06	1.087101E+02	5.348807E+01	5.568179E+03
2.61	-1.199317E+06	1.081967E+02	5.259822E+01	5.568179E+03
2.615	-1.199317E+06	1.110537E+02	5.217622E+01	5.568179E+03
2.62	-1.199317E+06	1.140610E+02	5.194116E+01	5.568179E+03
2.625	-1.199317E+06	1.124898E+02	5.168597E+01	5.568179E+03
2.63	-1.199317E+06	1.112351E+02	5.154183E+01	5.568179E+03
2.635	-1.199317E+06	1.130856E+02	5.166526E+01	5.568179E+03
2.64	-1.199317E+06	1.141893E+02	5.219876E+01	5.568179E+03
2.645	-1.199317E+06	1.148959E+02	5.318048E+01	5.568179E+03
2.65	-1.199317E+06	1.078567E+02	5.421914E+01	5.568179E+03
2.655	-1.199317E+06	1.076395E+02	5.466005E+01	5.568179E+03
2.66	-1.199317E+06	1.096503E+02	5.444424E+01	5.568179E+03
2.665	-1.199317E+06	1.030739E+02	5.399685E+01	5.568179E+03
2.67	-1.199317E+06	1.075613E+02	5.379593E+01	5.568179E+03
2.675	-1.199317E+06	1.046014E+02	5.420385E+01	5.568179E+03
2.68	-1.199317E+06	1.092935E+02	5.468749E+01	5.568179E+03
2.685	-1.199317E+06	1.171399E+02	5.484348E+01	5.568179E+03
2.69	-1.199317E+06	1.103349E+02	5.466214E+01	5.568179E+03
2.695	-1.199317E+06	1.159250E+02	5.421231E+01	5.568179E+03
2.7	-1.199317E+06	1.118477E+02	5.403225E+01	5.568179E+03
2.705	-1.199317E+06	1.070135E+02	5.400691E+01	5.568179E+03
2.71	-1.199317E+06	1.106792E+02	5.392947E+01	5.568179E+03
2.715	-1.199317E+06	1.130407E+02	5.375428E+01	5.568179E+03
2.72	-1.199317E+06	1.117528E+02	5.375111E+01	5.568179E+03
2.725	-1.199317E+06	1.043564E+02	5.441320E+01	5.568179E+03
2.73	-1.199317E+06	1.040169E+02	5.549005E+01	5.568179E+03
2.735	-1.199317E+06	1.053967E+02	5.648016E+01	5.568179E+03
2.74	-1.199317E+06	1.107746E+02	5.676523E+01	5.568179E+03
2.745	-1.199317E+06	1.111536E+02	5.645555E+01	5.568179E+03
2.75	-1.199317E+06	1.063176E+02	5.618565E+01	5.568179E+03
2.755	-1.199317E+06	1.062691E+02	5.595282E+01	5.568179E+03
2.76	-1.199317E+06	1.011236E+02	5.567187E+01	5.568179E+03
2.765	-1.199317E+06	1.051284E+02	5.502277E+01	5.568179E+03
2.77	-1.199317E+06	1.056526E+02	5.404041E+01	5.568179E+03
2.775	-1.199317E+06	9.762355E+01	5.334274E+01	5.568179E+03
2.78	-1.199317E+06	1.016603E+02	5.300484E+01	5.568179E+03
2.785	-1.199317E+06	1.050048E+02	5.285330E+01	5.568179E+03
2.79	-1.199317E+06	9.989629E+01	5.291417E+01	5.568179E+03
2.795	-1.199317E+06	1.039945E+02	5.295496E+01	5.568179E+03
2.8	-1.199317E+06	1.041147E+02	5.311858E+01	5.568179E+03
2.805	-1.199317E+06	1.023896E+02	5.359099E+01	5.568179E+03
2.81	-1.199317E+06	1.050771E+02	5.423695E+01	5.568179E+03
2.815	-1.199317E+06	1.036733E+02	5.496374E+01	5.568179E+03
2.82	-1.199317E+06	1.048660E+02	5.562879E+01	5.568179E+03
2.825	-1.199317E+06	1.058074E+02	5.601994E+01	5.568179E+03
2.83	-1.199317E+06	1.029650E+02	5.610630E+01	5.568179E+03
2.835	-1.199317E+06	1.037946E+02	5.600837E+01	5.568179E+03
2.84	-1.199317E+06	1.043038E+02	5.574453E+01	5.568179E+03
2.845	-1.199317E+06	1.035478E+02	5.529725E+01	5.568179E+03
2.85	-1.199317E+06	1.019728E+02	5.482208E+01	5.568179E+03
2.855	-1.199317E+06	1.049588E+02	5.437851E+01	5.568179E+03
2.86	-1.199317E+06	1.005479E+02	5.430039E+01	5.568179E+03
2.865	-1.199317E+06	9.907887E+01	5.468420E+01	5.568179E+03
2.87	-1.199317E+06	1.036887E+02	5.523106E+01	5.568179E+03
2.875	-1.199317E+06	1.038590E+02	5.567413E+01	5.568179E+03
2.88	-1.199317E+06	1.029998E+02	5.586366E+01	5.568179E+03
2.885	-1.199317E+06	1.017588E+02	5.603357E+01	5.568179E+03
2.89	-1.199317E+06	1.052277E+02	5.656237E+01	5.568179E+03
2.895	-1.199317E+06	1.050843E+02	5.719938E+01	5.568179E+03
2.9	-1.199317E+06	1.013028E+02	5.739862E+01	5.568179E+03
2.905	-1.199317E+06	1.039977E+02	5.706256E+01	5.568179E+03
2.91	-1.199317E+06	1.035454E+02	5.640964E+01	5.568179E+03
2.915	-1.199317E+06	1.035000E+02	5.578675E+01	5.568179E+03
2.92	-1.199317E+06	9.743636E+01	5.540488E+01	5.568179E+03
2.925	-1.199317E+06	9.643176E+01	5.493344E+01	5.568179E+03
2.93	-1.199317E+06	1.032698E+02	5.422249E+01	5.568179E+03
2.935	-1.199317E+06	9.761445E+01	5.353071E+01	5.568179E+03
2.94	-1.199317E+06	9.949307E+01	5.319747E+01	5.568179E+03
2.945	-1.199317E+06	1.031825E+02	5.359175E+01	5.568179E+03
2.95	-1.199317E+06	9.931394E+01	5.435950E+01	5.568179E+03
2.955	-1.199317E+06	9.968470E+01	5.490110E+01	5.568179E+03
2.96	-1.199317E+06	1.035112E+02	5.530429E+01	5.568179E+03
2.965	-1.199317E+06	1.030621E+02	5.582904E+01	5.568179E+03
2.97	-1.199317E+06	1.007859E+02	5.635527E+01	5.568179E+03
2.975	-1.199317E+06	1.020909E+02	5.685704E+01	5.568179E+03
2.98	-1.199317E+06	9.982771E+01	5.728826E+01	5.568179E+03
2.985	-1.199317E+06	1.018237E+02	5.729144E+01	5.568179E+03
2.99	-1.199317E+06	9.828492E+01	5.705779E+01	5.568179E+03
2.995	-1.199317E+06	9.703687E+01	5.672503E+01	5.568179E+03
3.0	-1.199317E+06	1.067041E+02	5.612224E+01	5.568179E+03
3.005	-1.199317E+06	9.989654E+01	5.558739E+01	5.568179E+03
3.01	-1.199317E+06	9.466997E+01	5.516190E+01	5.568179E+03
3.015	-1.199317E+06	1.014936E+02	5.471883E+01	5.568179E+03
3.02	-1.199317E+06	9.967028E+01	5.451835E+01	5.568179E+03
3.025	-1.199317E+06	9.555878E+01	5.466326E+01	5.568179E+03
3.03	-1.199317E+06	9.751558E+01	5.520606E+01	5.568179E+03
3.035	-1.199317E+06	9.184532E+01	5.606620E+01	5.568179E+03
3.04	-1.199317E+06	8.918390E+01	5.667346E+01	5.568179E+03
3.045	-1.199317E+06	9.600549E+01	5.694178E+01	5.568179E+03
3.05	-1.199317E+06	9.565555E+01	5.729187E+01	5.568179E+03
3.055	-1.199317E+06	1.009310E+02	5.756903E+01	5.568179E+03
3.06	-1.199317E+06	9.806691E+01	5.768173E+01	5.568179E+03
3.065	-1.199317E+06	9.854221E+01	5.741173E+01	5.568179E+03
3.07	-1.199317E+06	1.038641E+02	5.668559E+01	5.568179E+03
3.075	-1.199317E+06	1.024698E+02	5.592736E+01	5.568179E+03
3.08	-1.199317E+06	1.071207E+02	5.545138E+01	5.568179E+03
3.085	-1.199317E+06	1.018142E+02	5.513511E+01	5.568179E+03
3.09	-1.199317E+06	9.617013E+01	5.464484E+01	5.568179E+03
3.095	-1.199317E+06	9.870434E+01	5.398350E+01	5.568179E+03
3.1	-1.199317E+06	1.020508E+02	5.341969E+01	5.568179E+03
3.105	-1.199317E+06	1.001711E+02	5.350009E+01	5.568179E+03
3.11	-1.199317E+06	9.649232E+01	5.426153E+01	5.568179E+03
3.115	-1.199317E+06	9.823302E+01	5.513673E+01	5.568179E+03
3.12	-1.199317E+06	9.413528E+01	5.598139E+01	5.568179E+03
3.125	-1.199317E+06	9.609119E+01	5.670669E+01	5.568179E+03
3.13	-1.199317E+06	9.687082E+01	5.726476E+01	5.568179E+03
3.135	-1.199317E+06	9.950955E+01	5.745992E+01	5.568179E+03
3.14	-1.199317E+06	1.016938E+02	5.718131E+01	5.568179E+03
3.145	-1.199317E+06	1.007628E+02	5.635277E+01	5.568179E+03
3.15	-1.199317E+06	1.026710E+02	5.502180E+01	5.568179E+03
3.155	-1.199317E+06	9.779503E+01	5.369445E+01	5.568179E+03
3.16	-1.199317E+06	9.712001E+01	5.287626E+01	5.568179E+03
3.165	-1.199317E+06	9.827538E+01	5.266903E+01	5.568179E+03
3.17	-1.199317E+06	9.504298E+01	5.267170E+01	5.568179E+03
3.175	-1.199317E+06	9.296818E+01	5.276389E+01	5.568179E+03
3.18	-1.199317E+06	9.136570E+01	5.325893E+01	5.568179E+03
3.185	-1.199317E+06	9.773660E+01	5.402918E+01	5.568179E+03
3.19	-1.199317E+06	1.027292E+02	5.493075E+01	5.568179E+03
3.195	-1.199317E+06	1.007502E+02	5.577244E+01	5.568179E+03
3.2	-1.199317E+06	9.838480E+01	5.620024E+01	5.568179E+03
3.205	-1.199317E+06	9.883426E+01	5.623529E+01	5.568179E+03
3.21	-1.199317E+06	9.670938E+01	5.588966E+01	5.568179E+03
3.215	-1.199317E+06	1.001896E+02	5.510379E+01	5.568179E+03
3.22	-1.199317E+06	1.009758E+02	5.444495E+01	5.568179E+03
3.225	-1.199317E+06	9.827482E+01	5.388804E+01	5.568179E+03
3.23	-1.199318E+06	1.021983E+02	5.297955E+01	5.568179E+03
3.235	-1.199317E+06	9.709288E+01	5.204060E+01	5.568179E+03
3.24	-1.199317E+06	8.997260E+01	5.134915E+01	5.568179E+03
3.245	-1.199317E+06	9.512403E+01	5.126168E+01	5.568179E+03
3.25	-1.199317E+06	1.003202E+02	5.192970E+01	5.568179E+03
3.255	-1.199317E+06	9.704695E+01	5.259205E+01	5.568179E+03
3.26	-1.199317E+06	9.998197E+01	5.275791E+01	5.568179E+03
3.265	-1.199317E+06	1.018313E+02	5.287785E+01	5.568179E+03
3.27	-1.199317E+06	1.002787E+02	5.326629E+01	5.568179E+03
3.275	-1.199317E+06	1.016846E+02	5.391766E+01	5.568179E+03
3.28	-1.199317E+06	9.616458E+01	5.457002E+01	5.568179E+03
3.285	-1.199317E+06	9.616396E+01	5.473387E+01	5.568179E+03
3.29	-1.199317E+06	9.710422E+01	5.463232E+01	5.568179E+03
3.295	-1.199317E+06	9.540667E+01	5.457382E+01	5.568179E+03
3.3	-1.199317E+06	1.015885E+02	5.438681E+01	5.568179E+03
3.305	-1.199317E+06	9.961879E+01	5.394857E+01	5.568179E+03
3.31	-1.199317E+06	9.660155E+01	5.303301E+01	5.568179E+03
3.315	-1.199317E+06	9.869200E+01	5.173052E+01	5.568179E+03
3.32	-1.199317E+06	9.561447E+01	5.072917E+01	5.568179E+03
3.325	-1.199317E+06	9.299048E+01	5.053895E+01	5.568179E+03
3.33	-1.199317E+06	9.415998E+01	5.103721E+01	5.568179E+03
3.335	-1.199317E+06	9.489742E+01	5.193386E+01	5.568179E+03
3.34	-1.199317E+06	1.009049E+02	5.279574E+01	5.568179E+03
3.345	-1.199317E+06	1.022978E+02	5.336082E+01	5.568179E+03
3.35	-1.199317E+06	9.460271E+01	5.392695E+01	5.568179E+03
3.355	-1.199317E+06	9.636139E+01	5.459843E+01	5.568179E+03
3.36	-1.199317E+06	1.025345E+02	5.500438E+01	5.568179E+03
3.365	-1.199317E+06	9.848604E+01	5.478448E+01	5.568179E+03
3.37	-1.199317E+06	9.877288E+01	5.383165E+01	5.568179E+03
3.375	-1.199317E+06	1.040482E+02	5.264514E+01	5.568179E+03
3.38	-1.199317E+06	1.030359E+02	5.173416E+01	5.568179E+03
3.385	-1.199317E+06	9.990329E+01	5.108282E+01	5.568179E+03
3.39	-1.199317E+06	9.436388E+01	5.074914E+01	5.568179E+03
3.395	-1.199317E+06	9.893970E+01	5.068835E+01	5.568179E+03
3.4	-1.199317E+06	1.034236E+02	5.084264E+01	5.568179E+03
3.405	-1.199317E+06	9.837134E+01	5.131178E+01	5.568179E+03
3.41	-1.199317E+06	9.832803E+01	5.207778E+01	5.568179E+03
3.415	-1.199317E+06	1.017129E+02	5.293879E+01	5.568179E+03
3.42	-1.199317E+06	1.005802E+02	5.364160E+01	5.568179E+03
3.425	-1.199317E+06	9.875043E+01	5.397907E+01	5.568179E+03
3.43	-1.199317E+06	9.702926E+01	5.409489E+01	5.568179E+03
3.435	-1.199317E+06	9.709888E+01	5.413554E+01	5.568179E+03
3.44	-1.199317E+06	9.583668E+01	5.395360E+01	5.568179E+03
3.445	-1.199317E+06	9.773479E+01	5.340210E+01	5.568179E+03
3.45	-1.199317E+06	9.948750E+01	5.252579E+01	5.568179E+03
3.455	-1.199317E+06	1.002353E+02	5.145795E+01	5.568179E+03
3.46	-1.199317E+06	9.894157E+01	5.069681E+01	5.568179E+03
3.465	-1.199317E+06	1.020655E+02	5.037911E+01	5.568179E+03
3.47	-1.199317E+06	1.022734E+02	5.037111E+01	5.568179E+03
3.475	-1.199317E+06	9.618781E+01	5.051091E+01	5.568179E+03
3.48	-1.199317E+06	9.579897E+01	5.046174E+01	5.568179E+03
3.485	-1.199317E+06	9.712044E+01	5.060479E+01	5.568179E+03
3.49	-1.199317E+06	1.029064E+02	5.122938E+01	5.568179E+03
3.495	-1.199317E+06	1.075685E+02	5.188122E+01	5.568179E+03
3.5	-1.199317E+06	9.566598E+01	5.239874E+01	5.568179E+03
3.505	-1.199317E+06	9.244211E+01	5.265566E+01	5.568179E+03
3.51	-1.199317E+06	9.987823E+01	5.281290E+01	5.568179E+03
3.515	-1.199317E+06	1.011123E+02	5.303576E+01	5.568179E+03
3.52	-1.199317E+06	9.835872E+01	5.306082E+01	5.568179E+03
3.525	-1.199317E+06	9.825289E+01	5.277598E+01	5.568179E+03
3.53	-1.199317E+06	1.026398E+02	5.203579E+01	5.568179E+03
3.535	-1.199317E+06	1.033772E+02	5.078638E+01	5.568179E+03
3.54	-1.199317E+06	9.596621E+01	4.970576E+01	5.568179E+03
3.545	-1.199317E+06	1.003863E+02	4.926984E+01	5.568179E+03
3.55	-1.199317E+06	1.063408E+02	4.942569E+01	5.568179E+03
3.555	-1.199317E+06	1.024893E+02	4.984748E+01	5.568179E+03
3.56	-1.199317E+06	1.006224E+02	5.020549E+01	5.568179E+03
3.565	-1.199317E+06	1.052554E+02	5.047038E+01	5.568179E+03
3.57	-1.199317E+06	1.096975E+02	5.068193E+01	5.568179E+03
3.575	-1.199317E+06	1.015139E+02	5.088529E+01	5.568179E+03
3.58	-1.199317E+06	1.004703E+02	5.086294E+01	5.568179E+03
3.585	-1.199317E+06	9.783648E+01	5.071757E+01	5.568179E+03
3.59	-1.199317E+06	9.676971E+01	5.054603E+01	5.568179E+03
3.595	-1.199317E+06	9.782400E+01	5.039201E+01	5.568179E+03
3.6	-1.199317E+06	9.766767E+01	5.031213E+01	5.568179E+03
3.605	-1.199317E+06	1.009122E+02	5.008132E+01	5.568179E+03
3.61	-1.199317E+06	9.396970E+01	4.944543E+01	5.568179E+03
3.615	-1.199317E+06	9.565706E+01	4.846874E+01	5.568179E+03
3.62	-1.199317E+06	1.005522E+02	4.764300E+01	5.568179E+03
3.625	-1.199317E+06	1.049169E+02	4.709696E+01	5.568179E+03
3.63	-1.199317E+06	1.070662E+02	4.702614E+01	5.568179E+03
3.635	-1.199317E+06	1.023956E+02	4.748131E+01	5.568179E+03
3.64	-1.199317E+06	1.038216E+02	4.797234E+01	5.568179E+03
3.645	-1.199317E+06	1.051784E+02	4.838318E+01	5.568179E+03
3.65	-1.199317E+06	1.066152E+02	4.866708E+01	5.568179E+03
3.655	-1.199317E+06	1.059021E+02	4.876398E+01	5.568179E+03
3.66	-1.199317E+06	1.015678E+02	4.881602E+01	5.568179E+03
3.665	-1.199317E+06	9.936966E+01	4.878712E+01	5.568179E+03
3.67	-1.199317E+06	1.024406E+02	4.841923E+01	5.568179E+03
3.675	-1.199317E+06	1.055677E+02	4.778859E+01	5.568179E+03
3.68	-1.199317E+06	1.057758E+02	4.729279E+01	5.568179E+03
3.685	-1.199317E+06	1.082451E+02	4.705804E+01	5.568179E+03
3.69	-1.199317E+06	1.016632E+02	4.698185E+01	5.568179E+03
3.695	-1.199317E+06	9.795758E+01	4.680729E+01	5.568179E+03
3.7	-1.199317E+06	1.008107E+02	4.645673E+01	5.568179E+03
3.705	-1.199317E+06	9.822499E+01	4.637202E+01	5.568179E+03
3.71	-1.199317E+06	1.009115E+02	4.682953E+01	5.568179E+03
3.715	-1.199317E+06	1.060505E+02	4.756155E+01	5.568179E+03
3.72	-1.199317E+06	1.057449E+02	4.825710E+01	5.568179E+03
3.725	-1.199317E+06	1.036703E+02	4.864278E+01	5.568179E+03
3.73	-1.199317E+06	1.020468E+02	4.879513E+01	5.568179E+03
3.735	-1.199317E+06	1.041987E+02	4.916326E+01	5.568179E+03
3.74	-1.199317E+06	1.116594E+02	4.960979E+01	5.568179E+03
3.745	-1.199317E+06	1.159589E+02	4.973414E+01	5.568179E+03
3.75	-1.199317E+06	1.067044E+02	4.955075E+01	5.568179E+03
3.755	-1.199317E+06	1.062608E+02	4.890220E+01	5.568179E+03
3.76	-1.199317E+06	1.062928E+02	4.820527E+01	5.568179E+03
3.765	-1.199317E+06	9.559966E+01	4.793449E+01	5.568179E+03
3.77	-1.199317E+06	9.975895E+01	4.775266E+01	5.568179E+03
3.775	-1.199317E+06	1.014139E+02	4.779224E+01	5.568179E+03
3.78	-1.199317E+06	1.050560E+02	4.789958E+01	5.568179E+03
3.785	-1.199317E+06	1.142427E+02	4.803867E+01	5.568179E+03
3.79	-1.199317E+06	1.149624E+02	4.863507E+01	5.568179E+03
3.795	-1.199317E+06	1.169766E+02	4.938833E+01	5.568179E+03
3.8	-1.199317E+06	1.121149E+02	5.017705E+01	5.568179E+03
3.805	-1.199317E+06	1.103751E+02	5.087985E+01	5.568179E+03
3.81	-1.199317E+06	1.124959E+02	5.124438E+01	5.568179E+03
3.815	-1.199317E+06	1.074871E+02	5.147037E+01	5.568179E+03
3.82	-1.199317E+06	1.032639E+02	5.175501E+01	5.568179E+03
3.825	-1.199317E+06	1.010318E+02	5.205347E+01	5.568179E+03
3.83	-1.199317E+06	1.132594E+02	5.204988E+01	5.568179E+03
3.835	-1.199317E+06	1.119866E+02	5.180003E+01	5.568179E+03
3.84	-1.199317E+06	1.057789E+02	5.121250E+01	5.568179E+03
3.845	-1.199317E+06	1.073417E+02	5.063040E+01	5.568179E+03
3.85	-1.199317E+06	1.069994E+02	5.053847E+01	5.568179E+03
3.855	-1.199317E+06	1.141743E+02	5.065346E+01	5.568179E+03
3.86	-1.199317E+06	1.135920E+02	5.087323E+01	5.568179E+03
3.865	-1.199317E+06	1.108928E+02	5.096212E+01	5.568179E+03
3.87	-1.199317E+06	1.146149E+02	5.090827E+01	5.568179E+03
3.875	-1.199317E+06	1.151444E+02	5.117396E+01	5.568179E+03
3.88	-1.199317E+06	1.164738E+02	5.153470E+01	5.568179E+03
3.885	-1.199317E+06	1.114714E+02	5.175225E+01	5.568179E+03
3.89	-1.199317E+06	1.099285E+02	5.182513E+01	5.568179E+03
3.895	-1.199317E+06	1.125672E+02	5.177536E+01	5.568179E+03
3.9	-1.199317E+06	1.062316E+02	5.197951E+01	5.568179E+03
3.905	-1.199317E+06	1.055465E+02	5.254114E+01	5.568179E+03
3.91	-1.199317E+06	1.120988E+02	5.292227E+01	5.568179E+03
3.915	-1.199317E+06	1.134988E+02	5.257051E+01	5.568179E+03
3.92	-1.199317E+06	1.116617E+02	5.176757E+01	5.568179E+03
3.925	-1.199317E+06	1.145752E+02	5.122296E+01	5.568179E+03
3.93	-1.199317E+06	1.190298E+02	5.115920E+01	5.568179E+03
3.935	-1.199317E+06	1.165121E+02	5.139828E+01	5.568179E+03
3.94	-1.199317E+06	1.118359E+02	5.166529E+01	5.568179E+03
3.945	-1.199317E+06	1.185071E+02	5.174014E+01	5.568179E+03
3.95	-1.199317E+06	1.175060E+02	5.186343E+01	5.568179E+03
3.955	-1.199317E+06	1.155225E+02	5.216994E+01	5.568179E+03
3.96	-1.199317E+06	1.154936E+02	5.261178E+01	5.568179E+03
3.965	-1.199317E+06	1.167949E+02	5.296022E+01	5.568179E+03
3.97	-1.199317E+06	1.224710E+02	5.290497E+01	5.568179E+03
3.975	-1.199317E+06	1.161234E+02	5.274239E+01	5.568179E+03
3.98	-1.199317E+06	1.173221E+02	5.274324E+01	5.568179E+03
3.985	-1.199317E+06	1.192668E+02	5.286933E+01	5.568179E+03
3.99	-1.199317E+06	1.156495E+02	5.297421E+01	5.568179E+03
3.995	-1.199317E+06	1.117412E+02	5.303835E+01	5.568179E+03
4.0	-1.199317E+06	1.130544E+02	5.288401E+01	5.568179E+03
4.005	-1.199317E+06	1.204911E+02	5.254655E+01	5.568179E+03
4.01	-1.199317E+06	1.172677E+02	5.228477E+01	5.568179E+03
4.015	-1.199317E+06	1.203389E+02	5.203819E+01	5.568179E+03
4.02	-1.199317E+06	1.168086E+02	5.205135E+01	5.568179E+03
4.025	-1.199317E+06	1.139716E+02	5.208705E+01	5.568179E+03
4.03	-1.199317E+06	1.209301E+02	5.208411E+01	5.568179E+03
4.035	-1.199317E+06	1.230608E+02	5.234052E+01	5.568179E+03
4.04	-1.199317E+06	1.233050E+02	5.273245E+01	5.568179E+03
4.045	-1.199317E+06	1.168767E+02	5.327703E+01	5.568179E+03
4.05	-1.199317E+06	1.168532E+02	5.372134E+01	5.568179E+03
4.055	-1.199317E+06	1.236134E+02	5.370544E+01	5.568179E+03
4.06	-1.199317E+06	1.234413E+02	5.333223E+01	5.568179E+03
4.065	-1.199317E+06	1.218376E+02	5.311686E+01	5.568179E+03
4.07	-1.199317E+06	1.257060E+02	5.338563E+01	5.568179E+03
4.075	-1.199317E+06	1.259709E+02	5.368542E+01	5.568179E+03
4.08	-1.199317E+06	1.173898E+02	5.349560E+01	5.568179E+03
4.085	-1.199317E+06	1.196009E+02	5.263672E+01	5.568179E+03
4.09	-1.199317E+06	1.244491E+02	5.190365E+01	5.568179E+03
4.095	-1.199317E+06	1.250034E+02	5.212484E+01	5.568179E+03
4.1	-1.199317E+06	1.258126E+02	5.275959E+01	5.568179E+03
4.105	-1.199317E+06	1.290920E+02	5.333627E+01	5.568179E+03
4.11	-1.199317E+06	1.288874E+02	5.377562E+01	5.568179E+03
4.115	-1.199317E+06	1.288192E+02	5.397103E+01	5.568179E+03
4.12	-1.199317E+06	1.269159E+02	5.456389E+01	5.568179E+03
4.125	-1.199317E+06	1.194115E+02	5.518860E+01	5.568179E+03
4.13	-1.199317E+06	1.226445E+02	5.507000E+01	5.568179E+03
4.135	-1.199317E+06	1.219649E+02	5.469209E+01	5.568179E+03
4.14	-1.199317E+06	1.258763E+02	5.401793E+01	5.568179E+03
4.145	-1.199317E+06	1.292909E+02	5.352560E+01	5.568179E+03
4.15	-1.199317E+06	1.230803E+02	5.369109E+01	5.568179E+03
4.155	-1.199317E+06	1.273882E+02	5.382439E+01	5.568179E+03
4.16	-1.199317E+06	1.268012E+02	5.390737E+01	5.568179E+03
4.165	-1.199317E+06	1.299364E+02	5.372524E+01	5.568179E+03
4.17	-1.199317E+06	1.328054E+02	5.322538E+01	5.568179E+03
4.175	-1.199317E+06	1.255867E+02	5.287131E+01	5.568179E+03
4.18	-1.199317E+06	1.245649E+02	5.249127E+01	5.568179E+03
4.185	-1.199317E+06	1.279831E+02	5.202732E+01	5.568179E+03
4.19	-1.199317E+06	1.317639E+02	5.172243E+01	5.568179E+03
4.195	-1.199317E+06	1.299869E+02	5.164464E+01	5.568179E+03
4.2	-1.199316E+06	1.281432E+02	5.192584E+01	5.568179E+03
4.205	-1.199317E+06	1.303317E+02	5.269025E+01	5.568179E+03
4.21	-1.199316E+06	1.254226E+02	5.374817E+01	5.568179E+03
4.215	-1.199316E+06	1.269697E+02	5.469784E+01	5.568179E+03
4.22	-1.199317E+06	1.308353E+02	5.545509E+01	5.568179E+03
4.225	-1.199316E+06	1.303979E+02	5.571895E+01	5.568179E+03
4.23	-1.199317E+06	1.334326E+02	5.544691E+01	5.568179E+03
4.235	-1.199316E+06	1.258702E+02	5.538752E+01	5.568179E+03
4.24	-1.199316E+06	1.278279E+02	5.543013E+01	5.568179E+03
4.245	-1.199317E+06	1.404796E+02	5.521148E+01	5.568179E+03
4.25	-1.199317E+06	1.440538E+02	5.467066E+01	5.568179E+03
4.255	-1.199317E+06	1.370598E+02	5.384862E+01	5.568179E+03
4.26	-1.199316E+06	1.304438E+02	5.343779E+01	5.568179E+03
4.265	-1.199317E+06	1.338350E+02	5.377095E+01	5.568179E+03
4.27	-1.199317E+06	1.374948E+02	5.427232E+01	5.568179E+03
4.275	-1.199317E+06	1.395743E+02	5.452920E+01	5.568179E+03
4.28	-1.199316E+06	1.361395E+02	5.468370E+01	5.568179E+03
4.285	-1.199316E+06	1.355379E+02	5.508503E+01	5.568179E+03
4.29	-1.199317E+06	1.420959E+02	5.583014E+01	5.568179E+03
4.295	-1.199316E+06	1.397897E+02	5.659359E+01	5.568179E+03
4.3	-1.199317E+06	1.466768E+02	5.681288E+01	5.568179E+03
4.305	-1.199316E+06	1.435652E+02	5.671982E+01	5.568179E+03
4.31	-1.199316E+06	1.449268E+02	5.659945E+01	5.568179E+03
4.315	-1.199317E+06	1.454568E+02	5.655445E+01	5.568179E+03
4.32	-1.199316E+06	1.385820E+02	5.644930E+01	5.568179E+03
4.325	-1.199317E+06	1.421487E+02	5.608414E+01	5.568179E+03
4.33	-1.199316E+06	1.425422E+02	5.545035E+01	5.568179E+03
4.335	-1.199317E+06	1.409506E+02	5.490209E+01	5.568179E+03
4.34	-1.199316E+06	1.304284E+02	5.506756E+01	5.568179E+03
4.345	-1.199316E+06	1.347463E+02	5.552178E+01	5.568179E+03
4.35	-1.199316E+06	1.398617E+02	5.589100E+01	5.568179E+03
4.355	-1.199316E+06	1.374053E+02	5.591364E+01	5.568179E+03
4.36	-1.199316E+06	1.464536E+02	5.552835E+01	5.568179E+03
4.365	-1.199316E+06	1.442744E+02	5.554818E+01	5.568179E+03
4.37	-1.199316E+06	1.448373E+02	5.583929E+01	5.568179E+03
4.375	-1.199316E+06	1.499751E+02	5.608600E+01	5.568179E+03
4.38	-1.199316E+06	1.534608E+02	5.644650E+01	5.568179E+03
4.385	-1.199316E+06	1.472962E+02	5.667398E+01	5.568179E+03
4.39	-1.199316E+06	1.453923E+02	5.673770E+01	5.568179E+03
4.395	-1.199316E+06	1.533937E+02	5.699725E+01	5.568179E+03
4.4	-1.199316E+06	1.534341E+02	5.719228E+01	5.568179E+03
4.405	-1.199316E+06	1.481335E+02	5.724719E+01	5.568179E+03
4.41	-1.199316E+06	1.414502E+02	5.726974E+01	5.568179E+03
4.415	-1.199316E+06	1.410381E+02	5.697285E+01	5.568179E+03
4.42	-1.199316E+06	1.439194E+02	5.689743E+01	5.568179E+03
4.425	-1.199316E+06	1.517661E+02	5.755311E+01	5.568179E+03
4.43	-1.199316E+06	1.579054E+02	5.823573E+01	5.568179E+03
4.435	-1.199316E+06	1.532585E+02	5.836297E+01	5.568179E+03
4.44	-1.199316E+06	1.529778E+02	5.809586E+01	5.568179E+03
4.445	-1.199316E+06	1.510879E+02	5.776083E+01	5.568179E+03
4.45	-1.199316E+06	1.561426E+02	5.755139E+01	5.568179E+03
4.455	-1.199316E+06	1.568461E+02	5.769974E+01	5.568179E+03
4.46	-1.199316E+06	1.590049E+02	5.772602E+01	5.568179E+03
4.465	-1.199316E+06	1.605104E+02	5.717809E+01	5.568179E+03
4.47	-1.199316E+06	1.551834E+02	5.620099E+01	5.568179E+03
4.475	-1.199316E+06	1.588269E+02	5.539532E+01	5.568179E+03
4.48	-1.199316E+06	1.594224E+02	5.506528E+01	5.568179E+03
4.485	-1.199316E+06	1.542555E+02	5.482169E+01	5.568179E+03
4.49	-1.199316E+06	1.563828E+02	5.449410E+01	5.568179E+03
4.495	-1.199316E+06	1.627399E+02	5.434983E+01	5.568179E+03
4.5	-1.199316E+06	1.630778E+02	5.482113E+01	5.568179E+03
4.505	-1.199316E+06	1.612777E+02	5.575713E+01	5.568179E+03
4.51	-1.199316E+06	1.555090E+02	5.662628E+01	5.568179E+03
4.515	-1.199316E+06	1.523134E+02	5.720874E+01	5.568179E+03
4.52	-1.199316E+06	1.651232E+02	5.732016E+01	5.568179E+03
4.525	-1.199316E+06	1.756984E+02	5.708906E+01	5.568179E+03
4.53	-1.199316E+06	1.765975E+02	5.687098E+01	5.568179E+03
4.535	-1.199316E+06	1.700070E+02	5.650373E+01	5.568179E+03
4.54	-1.199316E+06	1.540326E+02	5.595500E+01	5.568179E+03
4.545	-1.199316E+06	1.548100E+02	5.529472E+01	5.568179E+03
4.55	-1.199316E+06	1.640982E+02	5.465835E+01	5.568179E+03
4.555	-1.199316E+06	1.696940E+02	5.422230E+01	5.568179E+03
4.56	-1.199316E+06	1.742075E+02	5.390445E+01	5.568179E+03
4.565	-1.199316E+06	1.716664E+02	5.383128E+01	5.568179E+03
4.57	-1.199316E+06	1.656453E+02	5.399961E+01	5.568179E+03
4.575	-1.199316E+06	1.699610E+02	5.390923E+01	5.568179E+03
4.58	-1.199316E+06	1.716698E+02	5.382754E+01	5.568179E+03
4.585	-1.199316E+06	1.700595E+02	5.399832E+01	5.568179E+03
4.59	-1.199316E+06	1.757788E+02	5.415825E+01	5.568179E+03
4.595	-1.199316E+06	1.672822E+02	5.460944E+01	5.568179E+03
4.6	-1.199316E+06	1.694060E+02	5.486530E+01	5.568179E+03
4.605	-1.199316E+06	1.850591E+02	5.444904E+01	5.568179E+03
4.61	-1.199316E+06	1.732108E+02	5.412022E+01	5.568179E+03
4.615	-1.199316E+06	1.690217E+02	5.387773E+01	5.568179E+03
4.62	-1.199316E+06	1.728160E+02	5.369351E+01	5.568179E+03
4.625	-1.199316E+06	1.754932E+02	5.356980E+01	5.568179E+03
4.63	-1.199316E+06	1.816791E+02	5.294450E+01	5.568179E+03
4.635	-1.199316E+06	1.808254E+02	5.205954E+01	5.568179E+03
4.64	-1.199316E+06	1.792645E+02	5.190784E+01	5.568179E+03
4.645	-1.199316E+06	1.790805E+02	5.246535E+01	5.568179E+03
4.65	-1.199316E+06	1.825974E+02	5.301746E+01	5.568179E+03
4.655	-1.199316E+06	1.803081E+02	5.331755E+01	5.568179E+03
4.66	-1.199316E+06	1.827601E+02	5.301127E+01	5.568179E+03
4.665	-1.199316E+06	1.770101E+02	5.287799E+01	5.568179E+03
4.67	-1.199316E+06	1.762535E+02	5.351813E+01	5.568179E+03
4.675	-1.199316E+06	1.927750E+02	5.418837E+01	5.568179E+03
4.68	-1.199316E+06	1.895478E+02	5.439562E+01	5.568179E+03
4.685	-1.199316E+06	1.827471E+02	5.391732E+01	5.568179E+03
4.69	-1.199316E+06	1.874848E+02	5.319065E+01	5.568179E+03
4.695	-1.199315E+06	1.796749E+02	5.323216E+01	5.568179E+03
4.7	-1.199316E+06	1.872527E+02	5.373925E+01	5.568179E+03
4.705	-1.199316E+06	1.896265E+02	5.413934E+01	5.568179E+03
4.71	-1.199316E+06	1.925385E+02	5.389620E+01	5.568179E+03
4.715	-1.199316E+06	1.919999E+02	5.332934E+01	5.568179E+03
4.72	-1.199316E+06	1.887526E+02	5.323684E+01	5.568179E+03
4.725	-1.199316E+06	1.945015E+02	5.348307E+01	5.568179E+03
4.73	-1.199315E+06	1.890284E+02	5.362142E+01	5.568179E+03
4.735	-1.199315E+06	1.876618E+02	5.351627E+01	5.568179E+03
4.74	-1.199316E+06	1.929725E+02	5.318693E+01	5.568179E+03
4.745	-1.199316E+06	1.923139E+02	5.268796E+01	5.568179E+03
4.75	-1.199315E+06	1.891112E+02	5.268208E+01	5.568179E+03
4.755	-1.199315E+06	1.914463E+02	5.327573E+01	5.568179E+03
4.76	-1.199315E+06	1.921010E+02	5.360701E+01	5.568179E+03
4.765	-1.199315E+06	1.918501E+02	5.358796E+01	5.568179E+03
4.77	-1.199315E+06	1.913009E+02	5.348944E+01	5.568179E+03
4.775	-1.199316E+06	2.048561E+02	5.325592E+01	5.568179E+03
4.78	-1.199315E+06	2.099929E+02	5.346067E+01	5.568179E+03
4.785	-1.199315E+06	2.119441E+02	5.341086E+01	5.568179E+03
4.79	-1.199315E+06	2.126396E+02	5.277740E+01	5.568179E+03
4.795	-1.199315E+06	2.089844E+02	5.211974E+01	5.568179E+03
4.8	-1.199315E+06	2.127199E+02	5.133950E+01	5.568179E+03
4.805	-1.199315E+06	2.065519E+02	5.110528E+01	5.568179E+03
4.81	-1.199315E+06	2.003466E+02	5.182762E+01	5.568179E+03
4.815	-1.199315E+06	2.130795E+02	5.253882E+01	5.568179E+03
4.82	-1.199315E+06	2.063166E+02	5.281490E+01	5.568179E+03
4.825	-1.199315E+06	2.053521E+02	5.246834E+01	5.568179E+03
4.83	-1.199315E+06	2.113349E+02	5.202978E+01	5.568179E+03
4.835	-1.199315E+06	2.054159E+02	5.205401E+01	5.568179E+03
4.84	-1.199315E+06	2.051166E+02	5.226256E+01	5.568179E+03
4.845	-1.199315E+06	2.131171E+02	5.223115E+01	5.568179E+03
4.85	-1.199315E+06	2.156010E+02	5.170028E+01	5.568179E+03
4.855	-1.199315E+06	2.058563E+02	5.097212E+01	5.568179E+03
4.86	-1.199315E+06	2.116325E+02	5.077148E+01	5.568179E+03
4.865	-1.199315E+06	2.204033E+02	5.153365E+01	5.568179E+03
4.87	-1.199315E+06	2.105300E+02	5.253893E+01	5.568179E+03
4.875	-1.199315E+06	2.221550E+02	5.284712E+01	5.568179E+03
4.88	-1.199315E+06	2.325097E+02	5.259401E+01	5.568179E+03
4.885	-1.199315E+06	2.239628E+02	5.195348E+01	5.568179E+03
4.89	-1.199315E+06	2.246358E+02	5.164071E+01	5.568179E+03
4.895	-1.199315E+06	2.110514E+02	5.193251E+01	5.568179E+03
4.9	-1.199315E+06	2.051749E+02	5.156784E+01	5.568179E+03
4.905	-1.199315E+06	2.170294E+02	5.094393E+01	5.568179E+03
4.91	-1.199315E+06	2.315459E+02	5.066603E+01	5.568179E+03
4.915	-1.199315E+06	2.483378E+02	5.048785E+01	5.568179E+03
4.92	-1.199315E+06	2.350273E+02	5.099276E+01	5.568179E+03
4.925	-1.199315E+06	2.193661E+02	5.155235E+01	5.568179E+03
4.93	-1.199315E+06	2.220095E+02	5.148996E+01	5.568179E+03
4.935	-1.199315E+06	2.279928E+02	5.145692E+01	5.568179E+03
4.94	-1.199315E+06	2.381876E+02	5.170419E+01	5.568179E+03
4.945	-1.199315E+06	2.390986E+02	5.223238E+01	5.568179E+03
4.95	-1.199315E+06	2.337655E+02	5.278538E+01	5.568179E+03
4.955	-1.199315E+06	2.316649E+02	5.285464E+01	5.568179E+03
4.96	-1.199315E+06	2.384604E+02	5.238549E+01	5.568179E+03
4.965	-1.199315E+06	2.343644E+02	5.174254E+01	5.568179E+03
4.97	-1.199314E+06	2.292552E+02	5.113048E+01	5.568179E+03
4.975	-1.199315E+06	2.320650E+02	5.091974E+01	5.568179E+03
4.98	-1.199314E+06	2.314096E+02	5.099543E+01	5.568179E+03
4.985	-1.199315E+06	2.456640E+02	5.086964E+01	5.568179E+03
4.99	-1.199315E+06	2.591854E+02	5.067253E+01	5.568179E+03
4.995	-1.199314E+06	2.524766E+02	5.054407E+01	5.568179E+03
5.0	-1.199314E+06	2.436425E+02	5.034555E+01	5.568179E+03
5.005	-1.199314E+06	2.412648E+02	5.019910E+01	5.568179E+03
5.01	-1.199315E+06	2.541234E+02	4.986121E+01	5.568179E+03
5.015	-1.199315E+06	2.544689E+02	4.923508E+01	5.568179E+03
5.02	-1.199314E+06	2.508089E+02	4.869333E+01	5.568179E+03
5.025	-1.199315E+06	2.686654E+02	4.850294E+01	5.568179E+03
5.03	-1.199315E+06	2.679110E+02	4.868488E+01	5.568179E+03
5.035	-1.199314E+06	2.476266E+02	4.878323E+01	5.568179E+03
5.04	-1.199314E+06	2.555632E+02	4.853822E+01	5.568179E+03
5.045	-1.199314E+06	2.703547E+02	4.830990E+01	5.568179E+03
5.05	-1.199314E+06	2.685681E+02	4.815626E+01	5.568179E+03
5.055	-1.199314E+06	2.509783E+02	4.850213E+01	5.568179E+03
5.06	-1.199314E+06	2.562472E+02	4.901886E+01	5.568179E+03
5.065	-1.199315E+06	2.623854E+02	4.898985E+01	5.568179E+03
5.07	-1.199314E+06	2.507467E+02	4.834106E+01	5.568179E+03
5.075	-1.199314E+06	2.562458E+02	4.750307E+01	5.568179E+03
5.08	-1.199314E+06	2.622907E+02	4.677191E+01	5.568179E+03
5.085	-1.199314E+06	2.718143E+02	4.591699E+01	5.568179E+03
5.09	-1.199314E+06	2.619001E+02	4.554507E+01	5.568179E+03
5.095	-1.199314E+06	2.597947E+02	4.532728E+01	5.568179E+03
5.1	-1.199314E+06	2.754619E+02	4.474062E+01	5.568179E+03
5.105	-1.199314E+06	2.655877E+02	4.478095E+01	5.568179E+03
5.11	-1.199314E+06	2.748366E+02	4.550630E+01	5.568179E+03
5.115	-1.199314E+06	2.746684E+02	4.636578E+01	5.568179E+03
5.12	-1.199313E+06	2.605324E+02	4.669725E+01	5.568179E+03
5.125	-1.199314E+06	2.735861E+02	4.621043E+01	5.568179E+03
5.13	-1.199314E+06	2.724364E+02	4.570120E+01	5.568179E+03
5.135	-1.199314E+06	2.883584E+02	4.549402E+01	5.568179E+03
5.14	-1.199314E+06	2.909553E+02	4.589626E+01	5.568179E+03
5.145	-1.199314E+06	2.756508E+02	4.616787E+01	5.568179E+03
5.15	-1.199314E+06	2.675668E+02	4.631501E+01	5.568179E+03
5.155	-1.199314E+06	2.766436E+02	4.673515E+01	5.568179E+03
5.16	-1.199314E+06	2.916535E+02	4.724900E+01	5.568179E+03
5.165	-1.199314E+06	2.912358E+02	4.798430E+01	5.568179E+03
5.17	-1.199314E+06	2.846421E+02	4.807944E+01	5.568179E+03
5.175	-1.199313E+06	2.801239E+02	4.730028E+01	5.568179E+03
5.18	-1.199314E+06	2.891492E+02	4.628813E+01	5.568179E+03
5.185	-1.199313E+06	2.761697E+02	4.538785E+01	5.568179E+03
5.19	-1.199314E+06	2.926325E+02	4.460413E+01	5.568179E+03
5.195	-1.199314E+06	3.037276E+02	4.446083E+01	5.568179E+03
5.2	-1.199313E+06	3.011135E+02	4.444661E+01	5.568179E+03
5.205	-1.199314E+06	3.185774E+02	4.425064E+01	5.568179E+03
5.21	-1.199313E+06	3.114336E+02	4.426201E+01	5.568179E+03
5.215	-1.199313E+06	2.999257E+02	4.440184E+01	5.568179E+03
5.22	-1.199313E+06	2.963526E+02	4.523047E+01	5.568179E+03
5.225	-1.199314E+06	3.032111E+02	4.678082E+01	5.568179E+03
5.23	-1.199313E+06	2.948590E+02	4.820665E+01	5.568179E+03
5.235	-1.199313E+06	2.889770E+02	4.892129E+01	5.568179E+03
5.24	-1.199314E+06	3.047331E+02	4.911766E+01	5.568179E+03
5.245	-1.199313E+06	2.925389E+02	4.943733E+01	5.568179E+03
5.25	-1.199313E+06	3.096602E+02	4.950355E+01	5.568179E+03
5.255	-1.199313E+06	3.183682E+02	4.954924E+01	5.568179E+03
5.26	-1.199313E+06	3.168064E+02	4.886603E+01	5.568179E+03
5.265	-1.199313E+06	3.186073E+02	4.725459E+01	5.568179E+03
5.27	-1.199313E+06	2.982081E+02	4.627346E+01	5.568179E+03
5.275	-1.199313E+06	3.122297E+02	4.569535E+01	5.568179E+03
5.28	-1.199313E+06	3.338667E+02	4.543849E+01	5.568179E+03
5.285	-1.199313E+06	3.222891E+02	4.543221E+01	5.568179E+03
5.29	-1.199313E+06	3.264862E+02	4.462076E+01	5.568179E+03
5.295	-1.199313E+06	3.335610E+02	4.420273E+01	5.568179E+03
5.3	-1.199313E+06	3.177558E+02	4.499812E+01	5.568179E+03
5.305	-1.199313E+06	3.236527E+02	4.602138E+01	5.568179E+03
5.31	-1.199313E+06	3.320802E+02	4.720832E+01	5.568179E+03
5.315	-1.199313E+06	3.270768E+02	4.759264E+01	5.568179E+03
5.32	-1.199313E+06	3.180614E+02	4.709704E+01	5.568179E+03
5.325	-1.199312E+06	3.140072E+02	4.692037E+01	5.568179E+03
5.33	-1.199313E+06	3.389623E+02	4.713406E+01	5.568179E+03
5.335	-1.199313E+06	3.417008E+02	4.735387E+01	5.568179E+03
5.34	-1.199313E+06	3.468039E+02	4.670976E+01	5.568179E+03
5.345	-1.199312E+06	3.353067E+02	4.600252E+01	5.568179E+03
5.35	-1.199313E+06	3.304304E+02	4.552060E+01	5.568179E+03
5.355	-1.199313E+06	3.276696E+02	4.546950E+01	5.568179E+03
5.36	-1.199312E+06	3.269495E+02	4.621906E+01	5.568179E+03
5.365	-1.199313E+06	3.509849E+02	4.690196E+01	5.568179E+03
5.37	-1.199312E+06	3.413805E+02	4.727738E+01	5.568179E+03
5.375	-1.199312E+06	3.384791E+02	4.732857E+01	5.568179E+03
5.38	-1.199313E+06	3.511222E+02	4.709154E+01	5.568179E+03
5.385	-1.199312E+06	3.409602E+02	4.771746E+01	5.568179E+03
5.39	-1.199312E+06	3.476986E+02	4.886947E+01	5.568179E+03
5.395	-1.199312E+06	3.576923E+02	4.940527E+01	5.568179E+03
5.4	-1.199312E+06	3.640262E+02	4.952412E+01	5.568179E+03
5.405	-1.199312E+06	3.564107E+02	4.942524E+01	5.568179E+03
5.41	-1.199313E+06	3.738353E+02	4.919904E+01	5.568179E+03
5.415	-1.199312E+06	3.719409E+02	5.002188E+01	5.568179E+03
5.42	-1.199312E+06	3.701062E+02	5.020158E+01	5.568179E+03
5.425	-1.199313E+06	3.748575E+02	4.910302E+01	5.568179E+03
5.43	-1.199311E+06	3.501495E+02	4.808983E+01	5.568179E+03
5.435	-1.199312E+06	3.686924E+02	4.654624E+01	5.568179E+03
5.44	-1.199312E+06	3.746738E+02	4.582162E+01	5.568179E+03
5.445	-1.199312E+06	3.752721E+02	4.624869E+01	5.568179E+03
5.45	-1.199312E+06	4.028926E+02	4.655989E+01	5.568179E+03
5.455	-1.199312E+06	3.949220E+02	4.698671E+01	5.568179E+03
5.46	-1.199311E+06	3.556262E+02	4.732196E+01	5.568179E+03
5.465	-1.199312E+06	3.604641E+02	4.798327E+01	5.568179E+03
5.47	-1.199312E+06	3.796371E+02	4.969613E+01	5.568179E+03
5.475	-1.199311E+06	3.738065E+02	5.099177E+01	5.568179E+03
5.48	-1.199312E+06	3.998347E+02	5.036720E+01	5.568179E+03
5.485	-1.199312E+06	4.107665E+02	4.870213E+01	5.568179E+03
5.49	-1.199311E+06	3.870145E+02	4.716592E+01	5.568179E+03
5.495	-1.199312E+06	3.935333E+02	4.575986E+01	5.568179E+03
5.5	-1.199312E+06	3.987462E+02	4.491503E+01	5.568179E+03
5.505	-1.199311E+06	3.905288E+02	4.404749E+01	5.568179E+03
5.51	-1.199311E+06	3.873661E+02	4.292421E+01	5.568179E+03
5.515	-1.199312E+06	3.912171E+02	4.304224E+01	5.568179E+03
5.52	-1.199311E+06	3.870133E+02	4.436829E+01	5.568179E+03
5.525	-1.199312E+06	4.098515E+02	4.619346E+01	5.568179E+03
5.53	-1.199311E+06	3.972013E+02	4.902457E+01	5.568179E+03
5.535	-1.199311E+06	4.150506E+02	5.017939E+01	5.568179E+03
5.54	-1.199312E+06	4.177058E+02	4.976849E+01	5.568179E+03
5.545	-1.199310E+06	3.819186E+02	4.933922E+01	5.568179E+03
5.55	-1.199311E+06	3.959888E+02	4.838478E+01	5.568179E+03
5.555	-1.199311E+06	3.974162E+02	4.797659E+01	5.568179E+03
5.56	-1.199311E+06	4.062279E+02	4.806483E+01	5.568179E+03
5.565	-1.199311E+06	4.089975E+02	4.783416E+01	5.568179E+03
5.57	-1.199312E+06	4.354272E+02	4.732329E+01	5.568179E+03
5.575	-1.199311E+06	4.288010E+02	4.790699E+01	5.568179E+03
5.58	-1.199311E+06	4.297050E+02	4.875221E+01	5.568179E+03
5.585	-1.199311E+06	4.316718E+02	4.973588E+01	5.568179E+03
5.59	-1.199310E+06	4.246311E+02	5.072802E+01	5.568179E+03
5.595	-1.199312E+06	4.590919E+02	5.030988E+01	5.568179E+03
5.6	-1.199311E+06	4.302402E+02	4.982078E+01	5.568179E+03
5.605	-1.199310E+06	4.162060E+02	4.974300E+01	5.568179E+03
5.61	-1.199312E+06	4.536049E+02	4.937966E+01	5.568179E+03
5.615	-1.199311E+06	4.255529E+02	4.928578E+01	5.568179E+03
5.62	-1.199311E+06	4.290237E+02	4.894110E+01	5.568179E+03
5.625	-1.199311E+06	4.526741E+02	4.858395E+01	5.568179E+03
5.63	-1.199311E+06	4.459612E+02	4.888331E+01	5.568179E+03
5.635	-1.199311E+06	4.377124E+02	4.982261E+01	5.568179E+03
5.64	-1.199311E+06	4.455394E+02	5.079129E+01	5.568179E+03
5.645	-1.199311E+06	4.662244E+02	5.086125E+01	5.568179E+03
5.65	-1.199311E+06	4.502046E+02	5.009864E+01	5.568179E+03
5.655	-1.199310E+06	4.380704E+02	4.917955E+01	5.568179E+03
5.66	-1.199311E+06	4.483327E+02	4.923148E+01	5.568179E+03
5.665	-1.199310E+06	4.448629E+02	4.995240E+01	5.568179E+03
5.67	-1.199311E+06	4.670918E+02	4.977372E+01	5.568179E+03
5.675	-1.199311E+06	4.604010E+02	4.973296E+01	5.568179E+03
5.68	-1.199310E+06	4.539843E+02	4.962788E+01	5.568179E+03
5.685	-1.199311E+06	4.838227E+02	4.967500E+01	5.568179E+03
5.69	-1.199310E+06	4.689112E+02	5.116520E+01	5.568179E+03
5.695	-1.199310E+06	4.710558E+02	5.196370E+01	5.568179E+03
5.7	-1.199311E+06	4.804875E+02	5.208400E+01	5.568179E+03
5.705	-1.199310E+06	4.562939E+02	5.208518E+01	5.568179E+03
5.71	-1.199310E+06	4.451645E+02	5.109596E+01	5.568179E+03
5.715	-1.199310E+06	4.366593E+02	5.128801E+01	5.568179E+03
5.72	-1.199310E+06	4.694654E+02	5.263458E+01	5.568179E+03
5.725	-1.199311E+06	4.908205E+02	5.291600E+01	5.568179E+03
5.73	-1.199310E+06	4.785065E+02	5.163095E+01	5.568179E+03
5.735	-1.199310E+06	4.769254E+02	4.999949E+01	5.568179E+03
5.74	-1.199310E+06	4.813564E+02	4.876722E+01	5.568179E+03
5.745	-1.199310E+06	4.803897E+02	4.837572E+01	5.568179E+03
5.75	-1.199310E+06	4.736443E+02	4.856394E+01	5.568179E+03
5.755	-1.199310E+06	4.826996E+02	4.794120E+01	5.568179E+03
5.76	-1.199310E+06	4.715281E+02	4.809228E+01	5.568179E+03
5.765	-1.199309E+06	4.569573E+02	4.974979E+01	5.568179E+03
5.77	-1.199310E+06	5.085381E+02	5.141874E+01	5.568179E+03
5.775	-1.199311E+06	5.340320E+02	5.320047E+01	5.568179E+03
5.78	-1.199309E+06	4.939698E+02	5.372518E+01	5.568179E+03
5.785	-1.199310E+06	4.978886E+02	5.207039E+01	5.568179E+03
5.79	-1.199309E+06	4.637096E+02	5.138116E+01	5.568179E+03
5.795	-1.199310E+06	5.052887E+02	5.109276E+01	5.568179E+03
5.8	-1.199311E+06	5.410989E+02	5.158222E+01	5.568179E+03
5.805	-1.199309E+06	4.979828E+02	5.301341E+01	5.568179E+03
5.81	-1.199310E+06	5.059683E+02	5.286811E+01	5.568179E+03
5.815	-1.199309E+06	5.009286E+02	5.194997E+01	5.568179E+03
5.82	-1.199309E+06	5.077051E+02	5.135036E+01	5.568179E+03
5.825	-1.199310E+06	5.383895E+02	5.101746E+01	5.568179E+03
5.83	-1.199310E+06	5.277348E+02	5.015937E+01	5.568179E+03
5.835	-1.199309E+06	4.888252E+02	4.839202E+01	5.568179E+03
5.84	-1.199309E+06	4.904440E+02	4.602357E+01	5.568179E+03
5.845	-1.199310E+06	5.157747E+02	4.485731E+01	5.568179E+03
5.85	-1.199308E+06	4.791811E+02	4.610223E+01	5.568179E+03
5.855	-1.199309E+06	5.052440E+02	4.723911E+01	5.568179E+03
5.86	-1.199309E+06	5.239249E+02	4.826471E+01	5.568179E+03
5.865	-1.199308E+06	5.195780E+02	4.926371E+01	5.568179E+03
5.87	-1.199310E+06	5.716283E+02	4.954317E+01	5.568179E+03
5.875	-1.199309E+06	5.422247E+02	5.082548E+01	5.568179E+03
5.88	-1.199309E+06	5.223306E+02	5.159375E+01	5.568179E+03
5.885	-1.199310E+06	5.442263E+02	5.179740E+01	5.568179E+03
5.89	-1.199308E+06	5.183271E+02	5.313324E+01	5.568179E+03
5.895	-1.199309E+06	5.369453E+02	5.296065E+01	5.568179E+03
5.9	-1.199309E+06	5.440186E+02	5.225472E+01	5.568179E+03
5.905	-1.199309E+06	5.424327E+02	5.226301E+01	5.568179E+03
5.91	-1.199309E+06	5.298423E+02	5.137501E+01	5.568179E+03
5.915	-1.199309E+06	5.270468E+02	5.050054E+01	5.568179E+03
5.92	-1.199309E+06	5.418430E+02	5.067017E+01	5.568179E+03
5.925	-1.199310E+06	5.842306E+02	5.008956E+01	5.568179E+03
5.93	-1.199309E+06	5.684231E+02	4.935968E+01	5.568179E+03
5.935	-1.199308E+06	5.412459E+02	4.899717E+01	5.568179E+03
5.94	-1.199309E+06	5.768232E+02	4.831070E+01	5.568179E+03
5.945	-1.199309E+06	5.668077E+02	4.765453E+01	5.568179E+03
5.95	-1.199308E+06	5.414726E+02	4.727131E+01	5.568179E+03
5.955	-1.199309E+06	5.680302E+02	4.700036E+01	5.568179E+03
5.96	-1.199309E+06	5.840293E+02	4.727488E+01	5.568179E+03
5.965	-1.199308E+06	5.538195E+02	4.814739E+01	5.568179E+03
5.97	-1.199308E+06	5.604901E+02	4.846043E+01	5.568179E+03
5.975	-1.199310E+06	5.942886E+02	4.813362E+01	5.568179E+03
5.98	-1.199308E+06	5.561107E+02	4.787187E+01	5.568179E+03
5.985	-1.199309E+06	5.583051E+02	4.745057E+01	5.568179E+03
5.99	-1.199309E+06	5.477473E+02	4.768026E+01	5.568179E+03
5.995	-1.199308E+06	5.261304E+02	4.773635E+01	5.568179E+03
6.0	-1.199309E+06	5.553336E+02	4.696344E+01	5.568179E+03
6.005	-1.199308E+06	5.443619E+02	4.710836E+01	5.568179E+03
6.01	-1.199309E+06	5.836091E+02	4.804559E+01	5.568179E+03
6.015	-1.199308E+06	5.893700E+02	5.039826E+01	5.568179E+03
6.02	-1.199308E+06	5.939532E+02	5.274055E+01	5.568179E+03
6.025	-1.199309E+06	6.060293E+02	5.372949E+01	5.568179E+03
6.03	-1.199308E+06	6.003639E+02	5.354195E+01	5.568179E+03
6.035	-1.199309E+06	5.900323E+02	5.164802E+01	5.568179E+03
6.04	-1.199308E+06	5.481350E+02	4.972320E+01	5.568179E+03
6.045	-1.199308E+06	5.617045E+02	4.989962E+01	5.568179E+03
6.05	-1.199308E+06	5.859223E+02	5.111507E+01	5.568179E+03
6.055	-1.199308E+06	5.897758E+02	5.116452E+01	5.568179E+03
6.06	-1.199308E+06	5.989896E+02	5.098352E+01	5.568179E+03
6.065	-1.199308E+06	6.139925E+02	5.170648E+01	5.568179E+03
6.07	-1.199308E+06	6.266333E+02	5.336988E+01	5.568179E+03
6.075	-1.199308E+06	6.112898E+02	5.559168E+01	5.568179E+03
6.08	-1.199308E+06	5.997832E+02	5.707226E+01	5.568179E+03
6.085	-1.199308E+06	6.179456E+02	5.720544E+01	5.568179E+03
6.09	-1.199309E+06	6.260036E+02	5.678048E+01	5.568179E+03
6.095	-1.199308E+06	5.957264E+02	5.635804E+01	5.568179E+03
6.1	-1.199307E+06	5.803193E+02	5.642498E+01	5.568179E+03
6.105	-1.199308E+06	6.085512E+02	5.710733E+01	5.568179E+03
6.11	-1.199308E+06	6.115834E+02	5.758727E+01	5.568179E+03
6.115	-1.199308E+06	6.124818E+02	5.730752E+01	5.568179E+03
6.12	-1.199308E+06	6.302950E+02	5.662509E+01	5.568179E+03
6.125	-1.199307E+06	6.225119E+02	5.585975E+01	5.568179E+03
6.13	-1.199308E+06	6.254092E+02	5.504232E+01	5.568179E+03
6.135	-1.199307E+06	6.055707E+02	5.435163E+01	5.568179E+03
6.14	-1.199308E+06	6.087240E+02	5.353327E+01	5.568179E+03
6.145	-1.199308E+06	6.250089E+02	5.280109E+01	5.568179E+03
6.15	-1.199307E+06	6.293406E+02	5.182190E+01	5.568179E+03
6.155	-1.199309E+06	6.585650E+02	5.061866E+01	5.568179E+03
6.16	-1.199307E+06	6.305589E+02	4.978946E+01	5.568179E+03
6.165	-1.199308E+06	6.071892E+02	4.888442E+01	5.568179E+03
6.17	-1.199308E+06	5.994491E+02	4.888882E+01	5.568179E+03
6.175	-1.199307E+06	6.025503E+02	5.028946E+01	5.568179E+03
6.18	-1.199308E+06	6.512851E+02	5.334343E+01	5.568179E+03
6.185	-1.199308E+06	6.673666E+02	5.734839E+01	5.568179E+03
6.19	-1.199308E+06	6.681472E+02	5.963083E+01	5.568179E+03
6.195	-1.199308E+06	6.539569E+02	6.066480E+01	5.568179E+03
6.2	-1.199308E+06	6.184038E+02	6.033782E+01	5.568179E+03
6.205	-1.199307E+06	5.954019E+02	5.878772E+01	5.568179E+03
6.21	-1.199308E+06	6.395342E+02	5.777327E+01	5.568179E+03
6.215	-1.199307E+06	6.526810E+02	5.668097E+01	5.568179E+03
6.22	-1.199308E+06	6.728526E+02	5.386097E+01	5.568179E+03
6.225	-1.199308E+06	6.739769E+02	5.074790E+01	5.568179E+03
6.23	-1.199307E+06	6.329541E+02	4.800198E+01	5.568179E+03
6.235	-1.199308E+06	6.401473E+02	4.647680E+01	5.568179E+03
6.24	-1.199308E+06	6.434927E+02	4.698400E+01	5.568179E+03
6.245	-1.199307E+06	6.294439E+02	4.748455E+01	5.568179E+03
6.25	-1.199308E+06	6.314608E+02	4.759889E+01	5.568179E+03
6.255	-1.199307E+06	6.283584E+02	4.871518E+01	5.568179E+03
6.26	-1.199308E+06	6.708022E+02	5.016079E+01	5.568179E+03
6.265	-1.199308E+06	6.795117E+02	5.173821E+01	5.568179E+03
6.27	-1.199308E+06	6.684928E+02	5.280485E+01	5.568179E+03
6.275	-1.199307E+06	6.456373E+02	5.317486E+01	5.568179E+03
6.28	-1.199307E+06	6.375212E+02	5.330856E+01	5.568179E+03
6.285	-1.199307E+06	6.593350E+02	5.309393E+01	5.568179E+03
6.29	-1.199308E+06	6.819636E+02	5.236100E+01	5.568179E+03
6.295	-1.199308E+06	6.793309E+02	5.215507E+01	5.568179E+03
6.3	-1.199307E+06	6.405593E+02	5.242111E+01	5.568179E+03
6.305	-1.199308E+06	6.377927E+02	5.214868E+01	5.568179E+03
6.31	-1.199307E+06	6.417351E+02	5.184272E+01	5.568179E+03
6.315	-1.199308E+06	6.868460E+02	5.038899E+01	5.568179E+03
6.32	-1.199307E+06	6.679335E+02	4.824227E+01	5.568179E+03
6.325	-1.199307E+06	6.338810E+02	4.705192E+01	5.568179E+03
6.33	-1.199307E+06	6.271629E+02	4.798515E+01	5.568179E+03
6.335	-1.199308E+06	6.727775E+02	4.900860E+01	5.568179E+03
6.34	-1.199308E+06	7.022146E+02	4.973042E+01	5.568179E+03
6.345	-1.199307E+06	6.782291E+02	5.029057E+01	5.568179E+03
6.35	-1.199308E+06	6.991925E+02	4.951177E+01	5.568179E+03
6.355	-1.199307E+06	6.603810E+02	5.016687E+01	5.568179E+03
6.36	-1.199307E+06	6.448402E+02	5.144936E+01	5.568179E+03
6.365	-1.199309E+06	7.103204E+02	5.091953E+01	5.568179E+03
6.37	-1.199307E+06	6.896303E+02	5.152900E+01	5.568179E+03
6.375	-1.199308E+06	6.868888E+02	5.143377E+01	5.568179E+03
6.38	-1.199308E+06	6.793009E+02	5.005417E+01	5.568179E+03
6.385	-1.199307E+06	6.407699E+02	5.029813E+01	5.568179E+03
6.39	-1.199308E+06	7.024560E+02	4.959311E+01	5.568179E+03
6.395	-1.199309E+06	7.144465E+02	4.764512E+01	5.568179E+03
6.4	-1.199307E+06	6.435635E+02	4.687312E+01	5.568179E+03
6.405	-1.199308E+06	6.450528E+02	4.619859E+01	5.568179E+03
6.41	-1.199308E+06	6.693143E+02	4.587777E+01	5.568179E+03
6.415	-1.199308E+06	6.725357E+02	4.652023E+01	5.568179E+03
6.42	-1.199308E+06	6.856162E+02	4.618854E+01	5.568179E+03
6.425	-1.199307E+06	6.906379E+02	4.567159E+01	5.568179E+03
6.43	-1.199308E+06	7.116489E+02	4.493552E+01	5.568179E+03
6.435	-1.199307E+06	6.806943E+02	4.298812E+01	5.568179E+03
6.44	-1.199308E+06	6.758658E+02	4.032945E+01	5.568179E+03
6.445	-1.199308E+06	6.579029E+02	3.839815E+01	5.568179E+03
6.45	-1.199307E+06	6.249015E+02	3.714740E+01	5.568179E+03
6.455	-1.199308E+06	6.537076E+02	3.741989E+01	5.568179E+03
6.46	-1.199308E+06	6.568156E+02	3.978860E+01	5.568179E+03
6.465	-1.199308E+06	6.796616E+02	4.161833E+01	5.568179E+03
6.47	-1.199308E+06	6.883098E+02	4.312742E+01	5.568179E+03
6.475	-1.199307E+06	6.630447E+02	4.475833E+01	5.568179E+03
6.48	-1.199309E+06	6.954468E+02	4.521074E+01	5.568179E+03
6.485	-1.199308E+06	6.800802E+02	4.689516E+01	5.568179E+03
6.49	-1.199307E+06	6.729523E+02	4.945223E+01	5.568179E+03
6.495	-1.199309E+06	7.061313E+02	5.053470E+01	5.568179E+03
6.5	-1.199308E+06	6.889075E+02	5.112415E+01	5.568179E+03
6.505	-1.199308E+06	6.963564E+02	5.074829E+01	5.568179E+03
6.51	-1.199309E+06	7.073549E+02	4.939785E+01	5.568179E+03
6.515	-1.199308E+06	6.945195E+02	4.867855E+01	5.568179E+03
6.52	-1.199309E+06	7.125320E+02	4.793794E+01	5.568179E+03
6.525	-1.199308E+06	6.930867E+02	4.686238E+01	5.568179E+03
6.53	-1.199308E+06	6.556644E+02	4.545323E+01	5.568179E+03
6.535	-1.199308E+06	6.374753E+02	4.449055E+01	5.568179E+03
6.54	-1.199308E+06	6.604413E+02	4.513253E+01	5.568179E+03
6.545	-1.199308E+06	6.897010E+02	4.697054E+01	5.568179E+03
6.55	-1.199308E+06	7.046271E+02	4.838454E+01	5.568179E+03
6.555	-1.199308E+06	7.056541E+02	4.976768E+01	5.568179E+03
6.56	-1.199308E+06	6.993132E+02	5.113107E+01	5.568179E+03
6.565	-1.199309E+06	7.086072E+02	5.178295E+01	5.568179E+03
6.57	-1.199309E+06	6.940296E+02	5.197955E+01	5.568179E+03
6.575	-1.199308E+06	6.548105E+02	5.096790E+01	5.568179E+03
6.58	-1.199308E+06	6.488339E+02	4.894381E+01	5.568179E+03
6.585	-1.199309E+06	6.733107E+02	4.691032E+01	5.568179E+03
6.59	-1.199308E+06	6.651363E+02	4.533438E+01	5.568179E+03
6.595	-1.199309E+06	6.746997E+02	4.473577E+01	5.568179E+03
6.6	-1.199308E+06	6.744196E+02	4.547982E+01	5.568179E+03
6.605	-1.199309E+06	6.809683E+02	4.564496E+01	5.568179E+03
6.61	-1.199308E+06	6.703152E+02	4.566669E+01	5.568179E+03
6.615	-1.199308E+06	6.562584E+02	4.597575E+01	5.568179E+03
6.62	-1.199309E+06	6.773174E+02	4.646973E+01	5.568179E+03
6.625	-1.199308E+06	6.854916E+02	4.842668E+01	5.568179E+03
6.63	-1.199309E+06	7.090791E+02	4.983247E+01	5.568179E+03
6.635	-1.199309E+06	6.909384E+02	4.973566E+01	5.568179E+03
6.64	-1.199308E+06	6.628306E+02	4.924923E+01	5.568179E+03
6.645	-1.199308E+06	6.418801E+02	4.943571E+01	5.568179E+03
6.65	-1.199308E+06	6.633164E+02	5.037095E+01	5.568179E+03
6.655	-1.199310E+06	7.036940E+02	5.134630E+01	5.568179E+03
6.66	-1.199308E+06	6.595410E+02	5.097246E+01	5.568179E+03
6.665	-1.199309E+06	6.504715E+02	4.920332E+01	5.568179E+03
6.67	-1.199309E+06	6.605073E+02	4.849416E+01	5.568179E+03
6.675	-1.199308E+06	6.582620E+02	4.763136E+01	5.568179E+03
6.68	-1.199310E+06	6.757660E+02	4.617806E+01	5.568179E+03
6.685	-1.199308E+06	6.473857E+02	4.603747E+01	5.568179E+03
6.69	-1.199309E+06	6.624586E+02	4.536504E+01	5.568179E+03
6.695	-1.199309E+06	6.471263E+02	4.537668E+01	5.568179E+03
6.7	-1.199308E+06	6.699239E+02	4.632109E+01	5.568179E+03
6.705	-1.199311E+06	7.333787E+02	4.684535E+01	5.568179E+03
6.71	-1.199308E+06	6.696871E+02	4.833903E+01	5.568179E+03
6.715	-1.199308E+06	6.633891E+02	4.905565E+01	5.568179E+03
6.72	-1.199310E+06	7.097866E+02	4.828596E+01	5.568179E+03
6.725	-1.199308E+06	6.621952E+02	4.752039E+01	5.568179E+03
6.73	-1.199309E+06	6.474492E+02	4.537383E+01	5.568179E+03
6.735	-1.199308E+06	6.265580E+02	4.399955E+01	5.568179E+03
6.74	-1.199309E+06	6.460278E+02	4.455760E+01	5.568179E+03
6.745	-1.199309E+06	6.627180E+02	4.548158E+01	5.568179E+03
6.75	-1.199309E+06	6.639782E+02	4.576755E+01	5.568179E+03
6.755	-1.199310E+06	6.716876E+02	4.475911E+01	5.568179E+03
6.76	-1.199309E+06	6.524811E+02	4.426982E+01	5.568179E+03
6.765	-1.199310E+06	6.703684E+02	4.503605E+01	5.568179E+03
6.77	-1.199309E+06	6.599463E+02	4.608547E+01	5.568179E+03
6.775	-1.199310E+06	6.720929E+02	4.592355E+01	5.568179E+03
6.78	-1.199309E+06	6.596245E+02	4.479326E+01	5.568179E+03
6.785	-1.199309E+06	6.424713E+02	4.266871E+01	5.568179E+03
6.79	-1.199309E+06	6.374690E+02	4.130467E+01	5.568179E+03
6.795	-1.199310E+06	6.441815E+02	4.157598E+01	5.568179E+03
6.8	-1.199309E+06	6.342404E+02	4.268123E+01	5.568179E+03
6.805	-1.199309E+06	6.428949E+02	4.325011E+01	5.568179E+03
6.81	-1.199310E+06	6.715226E+02	4.370807E+01	5.568179E+03
6.815	-1.199309E+06	6.347221E+02	4.519365E+01	5.568179E+03
6.82	-1.199310E+06	6.474813E+02	4.589360E+01	5.568179E+03
6.825	-1.199310E+06	6.537133E+02	4.629871E+01	5.568179E+03
6.83	-1.199309E+06	6.357010E+02	4.587661E+01	5.568179E+03
6.835	-1.199311E+06	6.707515E+02	4.359503E+01	5.568179E+03
6.84	-1.199308E+06	6.257949E+02	4.250515E+01	5.568179E+03
6.845	-1.199310E+06	6.329124E+02	4.179946E+01	5.568179E+03
6.85	-1.199309E+06	6.197239E+02	4.114755E+01	5.568179E+03
6.855	-1.199310E+06	6.282264E+02	4.081153E+01	5.568179E+03
6.86	-1.199310E+06	6.246095E+02	4.023401E+01	5.568179E+03
6.865	-1.199309E+06	6.002599E+02	3.887492E+01	5.568179E+03
6.87	-1.199310E+06	6.016090E+02	3.888434E+01	5.568179E+03
6.875	-1.199309E+06	6.125970E+02	3.985634E+01	5.568179E+03
6.88	-1.199310E+06	6.345657E+02	4.001897E+01	5.568179E+03
6.885	-1.199310E+06	6.205472E+02	4.019701E+01	5.568179E+03
6.89	-1.199310E+06	6.108055E+02	3.981403E+01	5.568179E+03
6.895	-1.199310E+06	6.100778E+02	3.931803E+01	5.568179E+03
6.9	-1.199309E+06	5.943004E+02	4.019210E+01	5.568179E+03
6.905	-1.199310E+06	6.227260E+02	4.125544E+01	5.568179E+03
6.91	-1.199310E+06	6.261084E+02	4.227366E+01	5.568179E+03
6.915	-1.199309E+06	6.107731E+02	4.391350E+01	5.568179E+03
6.92	-1.199311E+06	6.507761E+02	4.525960E+01	5.568179E+03
6.925	-1.199310E+06	6.403644E+02	4.638087E+01	5.568179E+03
6.93	-1.199310E+06	6.174239E+02	4.724977E+01	5.568179E+03
6.935	-1.199310E+06	6.289576E+02	4.779709E+01	5.568179E+03
6.94	-1.199310E+06	6.192349E+02	4.750155E+01	5.568179E+03
6.945	-1.199310E+06	5.947549E+02	4.613708E+01	5.568179E+03
6.95	-1.199311E+06	6.180101E+02	4.498173E+01	5.568179E+03
6.955	-1.199310E+06	6.339980E+02	4.454281E+01	5.568179E+03
6.96	-1.199310E+06	6.334367E+02	4.410219E+01	5.568179E+03
6.965	-1.199311E+06	6.216504E+02	4.381964E+01	5.568179E+03
6.97	-1.199310E+06	5.924348E+02	4.329948E+01	5.568179E+03
6.975	-1.199310E+06	5.716228E+02	4.288333E+01	5.568179E+03
6.98	-1.199310E+06	5.880433E+02	4.307023E+01	5.568179E+03
6.985	-1.199311E+06	6.184812E+02	4.378161E+01	5.568179E+03
6.99	-1.199310E+06	6.055384E+02	4.474075E+01	5.568179E+03
6.995	-1.199311E+06	5.970594E+02	4.431354E+01	5.568179E+03
7.0	-1.199310E+06	5.850505E+02	4.346662E+01	5.568179E+03
7.005	-1.199311E+06	5.978499E+02	4.259025E+01	5.568179E+03
7.01	-1.199311E+06	5.829816E+02	4.217217E+01	5.568179E+03
7.015	-1.199310E+06	5.551584E+02	4.270342E+01	5.568179E+03
7.02	-1.199311E+06	5.573943E+02	4.355743E+01	5.568179E+03
7.025	-1.199311E+06	5.667524E+02	4.452972E+01	5.568179E+03
7.03	-1.199311E+06	5.765609E+02	4.527985E+01	5.568179E+03
7.035	-1.199311E+06	5.780151E+02	4.591961E+01	5.568179E+03
7.04	-1.199310E+06	5.469689E+02	4.653424E+01	5.568179E+03
7.045	-1.199311E+06	5.658340E+02	4.640154E+01	5.568179E+03
7.05	-1.199312E+06	5.876387E+02	4.602547E+01	5.568179E+03
7.055	-1.199311E+06	5.568340E+02	4.473035E+01	5.568179E+03
7.06	-1.199311E+06	5.502380E+02	4.299950E+01	5.568179E+03
7.065	-1.199311E+06	5.684661E+02	4.319882E+01	5.568179E+03
7.07	-1.199311E+06	5.636589E+02	4.469667E+01	5.568179E+03
7.075	-1.199311E+06	5.663091E+02	4.623291E+01	5.568179E+03
7.08	-1.199311E+06	5.602478E+02	4.819350E+01	5.568179E+03
7.085	-1.199311E+06	5.699708E+02	4.965437E+01	5.568179E+03
7.09	-1.199312E+06	5.920072E+02	5.050389E+01	5.568179E+03
7.095	-1.199311E+06	5.731408E+02	5.154955E+01	5.568179E+03
7.1	-1.199311E+06	5.758392E+02	5.123582E+01	5.568179E+03
7.105	-1.199312E+06	5.689331E+02	4.986255E+01	5.568179E+03
7.11	-1.199311E+06	5.337460E+02	4.901327E+01	5.568179E+03
7.115	-1.199311E+06	5.367184E+02	4.839981E+01	5.568179E+03
7.12	-1.199312E+06	5.512297E+02	4.802201E+01	5.568179E+03
7.125	-1.199311E+06	5.213980E+02	4.878531E+01	5.568179E+03
7.13	-1.199311E+06	5.380178E+02	4.976489E+01	5.568179E+03
7.135	-1.199312E+06	5.801936E+02	5.021801E+01	5.568179E+03
7.14	-1.199312E+06	5.618265E+02	5.085332E+01	5.568179E+03
7.145	-1.199311E+06	5.427431E+02	5.066778E+01	5.568179E+03
7.15	-1.199312E+06	5.566557E+02	4.976797E+01	5.568179E+03
7.155	-1.199312E+06	5.399793E+02	5.030891E+01	5.568179E+03
7.16	-1.199312E+06	5.526802E+02	5.022980E+01	5.568179E+03
7.165	-1.199313E+06	5.596123E+02	4.904022E+01	5.568179E+03
7.17	-1.199312E+06	5.231430E+02	4.787421E+01	5.568179E+03
7.175	-1.199312E+06	5.195017E+02	4.597034E+01	5.568179E+03
7.18	-1.199312E+06	5.187175E+02	4.495416E+01	5.568179E+03
7.185	-1.199312E+06	5.116423E+02	4.558328E+01	5.568179E+03
7.19	-1.199312E+06	5.219640E+02	4.631811E+01	5.568179E+03
7.195	-1.199313E+06	5.280445E+02	4.743511E+01	5.568179E+03
7.2	-1.199312E+06	5.008066E+02	4.903068E+01	5.568179E+03
7.205	-1.199312E+06	5.086634E+02	5.016890E+01	5.568179E+03
7.21	-1.199312E+06	5.197174E+02	5.156285E+01	5.568179E+03
7.215	-1.199313E+06	5.270726E+02	5.226923E+01	5.568179E+03
7.22	-1.199313E+06	5.271222E+02	5.216381E+01	5.568179E+03
7.225	-1.199313E+06	5.142099E+02	5.179037E+01	5.568179E+03
7.23	-1.199312E+06	5.052395E+02	5.096360E+01	5.568179E+03
7.235	-1.199313E+06	5.067206E+02	4.988288E+01	5.568179E+03
7.24	-1.199312E+06	4.933035E+02	4.890184E+01	5.568179E+03
7.245	-1.199312E+06	4.990383E+02	4.778878E+01	5.568179E+03
7.25	-1.199313E+06	5.192589E+02	4.677377E+01	5.568179E+03
7.255	-1.199313E+06	5.009193E+02	4.682018E+01	5.568179E+03
7.26	-1.199312E+06	4.861902E+02	4.744884E+01	5.568179E+03
7.265	-1.199313E+06	4.952666E+02	4.747936E+01	5.568179E+03
7.27	-1.199313E+06	4.954298E+02	4.732836E+01	5.568179E+03
7.275	-1.199312E+06	4.769254E+02	4.776362E+01	5.568179E+03
7.28	-1.199313E+06	4.860062E+02	4.854187E+01	5.568179E+03
7.285	-1.199313E+06	5.107751E+02	4.971113E+01	5.568179E+03
7.29	-1.199313E+06	4.993388E+02	5.040815E+01	5.568179E+03
7.295	-1.199313E+06	4.940836E+02	4.976210E+01	5.568179E+03
7.3	-1.199313E+06	4.703560E+02	4.888882E+01	5.568179E+03
7.305	-1.199312E+06	4.447802E+02	4.776689E+01	5.568179E+03
7.31	-1.199314E+06	4.742817E+02	4.659677E+01	5.568179E+03
7.315	-1.199313E+06	4.709549E+02	4.670865E+01	5.568179E+03
7.32	-1.199314E+06	4.819695E+02	4.689772E+01	5.568179E+03
7.325	-1.199313E+06	4.618420E+02	4.741106E+01	5.568179E+03
7.33	-1.199312E+06	4.459160E+02	4.783678E+01	5.568179E+03
7.335	-1.199314E+06	4.875811E+02	4.718378E+01	5.568179E+03
7.34	-1.199313E+06	4.653115E+02	4.670776E+01	5.568179E+03
7.345	-1.199313E+06	4.603131E+02	4.639434E+01	5.568179E+03
7.35	-1.199313E+06	4.539914E+02	4.651391E+01	5.568179E+03
7.355	-1.199313E+06	4.366064E+02	4.658960E+01	5.568179E+03
7.36	-1.199314E+06	4.404145E+02	4.657265E+01	5.568179E+03
7.365	-1.199313E+06	4.346016E+02	4.678656E+01	5.568179E+03
7.37	-1.199314E+06	4.469652E+02	4.691248E+01	5.568179E+03
7.375	-1.199313E+06	4.519922E+02	4.803747E+01	5.568179E+03
7.38	-1.199314E+06	4.617638E+02	4.964041E+01	5.568179E+03
7.385	-1.199314E+06	4.675294E+02	5.043284E+01	5.568179E+03
7.39	-1.199314E+06	4.595890E+02	5.037194E+01	5.568179E+03
7.395	-1.199313E+06	4.507827E+02	5.045984E+01	5.568179E+03
7.4	-1.199314E+06	4.609910E+02	5.129379E+01	5.568179E+03
7.405	-1.199313E+06	4.248440E+02	5.285737E+01	5.568179E+03
7.41	-1.199314E+06	4.300828E+02	5.372549E+01	5.568179E+03
7.415	-1.199314E+06	4.402898E+02	5.419274E+01	5.568179E+03
7.42	-1.199314E+06	4.363937E+02	5.427481E+01	5.568179E+03
7.425	-1.199314E+06	4.417267E+02	5.434497E+01	5.568179E+03
7.43	-1.199314E+06	4.480999E+02	5.463196E+01	5.568179E+03
7.435	-1.199314E+06	4.584931E+02	5.402705E+01	5.568179E+03
7.44	-1.199314E+06	4.475952E+02	5.286131E+01	5.568179E+03
7.445	-1.199313E+06	4.111497E+02	5.208434E+01	5.568179E+03
7.45	-1.199314E+06	4.076284E+02	5.147026E+01	5.568179E+03
7.455	-1.199314E+06	4.239823E+02	5.110628E+01	5.568179E+03
7.46	-1.199314E+06	4.259478E+02	5.080070E+01	5.568179E+03
7.465	-1.199314E+06	4.284675E+02	5.067355E+01	5.568179E+03
7.47	-1.199314E+06	4.159103E+02	5.115916E+01	5.568179E+03
7.475	-1.199313E+06	3.904449E+02	5.174957E+01	5.568179E+03
7.48	-1.199314E+06	3.951464E+02	5.239596E+01	5.568179E+03
7.485	-1.199314E+06	3.833698E+02	5.331162E+01	5.568179E+03
7.49	-1.199314E+06	3.838711E+02	5.411937E+01	5.568179E+03
7.495	-1.199314E+06	3.973831E+02	5.497228E+01	5.568179E+03
7.5	-1.199314E+06	3.904000E+02	5.547362E+01	5.568179E+03
7.505	-1.199314E+06	4.038420E+02	5.555065E+01	5.568179E+03
7.51	-1.199314E+06	4.178536E+02	5.534184E+01	5.568179E+03
7.515	-1.199315E+06	4.192431E+02	5.454082E+01	5.568179E+03
7.52	-1.199314E+06	3.940530E+02	5.351136E+01	5.568179E+03
7.525	-1.199314E+06	3.799281E+02	5.181424E+01	5.568179E+03
7.53	-1.199315E+06	4.001660E+02	5.015103E+01	5.568179E+03
7.535	-1.199314E+06	3.859513E+02	4.975177E+01	5.568179E+03
7.54	-1.199315E+06	3.917443E+02	4.965405E+01	5.568179E+03
7.545	-1.199315E+06	3.838053E+02	5.036460E+01	5.568179E+03
7.55	-1.199314E+06	3.644875E+02	5.152625E+01	5.568179E+03
7.555	-1.199315E+06	3.863106E+02	5.229768E+01	5.568179E+03
7.56	-1.199314E+06	3.670066E+02	5.386055E+01	5.568179E+03
7.565	-1.199315E+06	3.770741E+02	5.486617E+01	5.568179E+03
7.57	-1.199315E+06	3.782363E+02	5.528515E+01	5.568179E+03
7.575	-1.199314E+06	3.735200E+02	5.552522E+01	5.568179E+03
7.58	-1.199315E+06	3.962604E+02	5.499837E+01	5.568179E+03
7.585	-1.199314E+06	3.838158E+02	5.473164E+01	5.568179E+03
7.59	-1.199315E+06	3.849028E+02	5.486102E+01	5.568179E+03
7.595	-1.199315E+06	3.763586E+02	5.485583E+01	5.568179E+03
7.6	-1.199314E+06	3.603004E+02	5.453170E+01	5.568179E+03
7.605	-1.199315E+06	3.775523E+02	5.354704E+01	5.568179E+03
7.61	-1.199314E+06	3.637172E+02	5.298966E+01	5.568179E+03
7.615	-1.199315E+06	3.713709E+02	5.304203E+01	5.568179E+03
7.62	-1.199315E+06	3.799336E+02	5.328790E+01	5.568179E+03
7.625	-1.199314E+06	3.648278E+02	5.324277E+01	5.568179E+03
7.63	-1.199315E+06	3.758408E+02	5.251598E+01	5.568179E+03
7.635	-1.199314E+06	3.512977E+02	5.247303E+01	5.568179E+03
7.64	-1.199315E+06	3.454840E+02	5.284685E+01	5.568179E+03
7.645	-1.199315E+06	3.561283E+02	5.317375E+01	5.568179E+03
7.65	-1.199315E+06	3.563918E+02	5.329710E+01	5.568179E+03
7.655	-1.199315E+06	3.506338E+02	5.303358E+01	5.568179E+03
7.66	-1.199315E+06	3.561532E+02	5.282259E+01	5.568179E+03
7.665	-1.199316E+06	3.835944E+02	5.267529E+01	5.568179E+03
7.67	-1.199315E+06	3.510968E+02	5.246911E+01	5.568179E+03
7.675	-1.199315E+06	3.381988E+02	5.188141E+01	5.568179E+03
7.68	-1.199315E+06	3.427607E+02	5.181403E+01	5.568179E+03
7.685	-1.199315E+06	3.293750E+02	5.195596E+01	5.568179E+03
7.69	-1.199315E+06	3.301596E+02	5.202087E+01	5.568179E+03
7.695	-1.199315E+06	3.337498E+02	5.242932E+01	5.568179E+03
7.7	-1.199315E+06	3.530842E+02	5.265763E+01	5.568179E+03
7.705	-1.199315E+06	3.449529E+02	5.305567E+01	5.568179E+03
7.71	-1.199315E+06	3.150623E+02	5.344470E+01	5.568179E+03
7.715	-1.199315E+06	3.260692E+02	5.312463E+01	5.568179E+03
7.72	-1.199315E+06	3.293291E+02	5.290081E+01	5.568179E+03
7.725	-1.199315E+06	3.302833E+02	5.239500E+01	5.568179E+03
7.73	-1.199315E+06	3.320402E+02	5.132992E+01	5.568179E+03
7.735	-1.199315E+06	3.360325E+02	5.040233E+01	5.568179E+03
7.74	-1.199315E+06	3.262725E+02	4.952374E+01	5.568179E+03
7.745	-1.199315E+06	3.099404E+02	4.890934E+01	5.568179E+03
7.75	-1.199315E+06	3.265192E+02	4.926463E+01	5.568179E+03
7.755	-1.199316E+06	3.291438E+02	5.025329E+01	5.568179E+03
7.76	-1.199315E+06	3.076144E+02	5.143162E+01	5.568179E+03
7.765	-1.199315E+06	3.103015E+02	5.297075E+01	5.568179E+03
7.77	-1.199315E+06	3.176478E+02	5.442236E+01	5.568179E+03
7.775	-1.199316E+06	3.369261E+02	5.512800E+01	5.568179E+03
7.78	-1.199315E+06	3.167338E+02	5.618423E+01	5.568179E+03
7.785	-1.199315E+06	3.101348E+02	5.693776E+01	5.568179E+03
7.79	-1.199316E+06	3.135482E+02	5.692129E+01	5.568179E+03
7.795	-1.199315E+06	3.025770E+02	5.662947E+01	5.568179E+03
7.8	-1.199315E+06	3.114773E+02	5.589322E+01	5.568179E+03
7.805	-1.199315E+06	3.281044E+02	5.506436E+01	5.568179E+03
7.81	-1.199316E+06	3.383610E+02	5.409318E+01	5.568179E+03
7.815	-1.199316E+06	3.269337E+02	5.253852E+01	5.568179E+03
7.82	-1.199315E+06	2.992906E+02	5.114407E+01	5.568179E+03
7.825	-1.199315E+06	2.872106E+02	5.011289E+01	5.568179E+03
7.83	-1.199316E+06	2.898383E+02	4.933193E+01	5.568179E+03
7.835	-1.199316E+06	2.826116E+02	4.959873E+01	5.568179E+03
7.84	-1.199315E+06	2.807499E+02	5.093374E+01	5.568179E+03
7.845	-1.199316E+06	3.014660E+02	5.282892E+01	5.568179E+03
7.85	-1.199316E+06	3.096487E+02	5.483655E+01	5.568179E+03
7.855	-1.199316E+06	3.141319E+02	5.656168E+01	5.568179E+03
7.86	-1.199316E+06	2.948004E+02	5.858487E+01	5.568179E+03
7.865	-1.199315E+06	2.770647E+02	5.992486E+01	5.568179E+03
7.87	-1.199316E+06	2.824432E+02	5.990201E+01	5.568179E+03
7.875	-1.199315E+06	2.739833E+02	5.937298E+01	5.568179E+03
7.88	-1.199316E+06	2.959168E+02	5.813173E+01	5.568179E+03
7.885	-1.199316E+06	3.064923E+02	5.663927E+01	5.568179E+03
7.89	-1.199315E+06	2.867193E+02	5.505612E+01	5.568179E+03
7.895	-1.199316E+06	2.915366E+02	5.321286E+01	5.568179E+03
7.9	-1.199315E+06	2.712959E+02	5.206226E+01	5.568179E+03
7.905	-1.199316E+06	2.684693E+02	5.143110E+01	5.568179E+03
7.91	-1.199316E+06	2.742902E+02	5.118034E+01	5.568179E+03
7.915	-1.199315E+06	2.736196E+02	5.141672E+01	5.568179E+03
7.92	-1.199316E+06	2.807463E+02	5.229723E+01	5.568179E+03
7.925	-1.199315E+06	2.776049E+02	5.360473E+01	5.568179E+03
7.93	-1.199316E+06	2.914863E+02	5.463741E+01	5.568179E+03
7.935	-1.199315E+06	2.646435E+02	5.546259E+01	5.568179E+03
7.94	-1.199315E+06	2.500321E+02	5.552757E+01	5.568179E+03
7.945	-1.199316E+06	2.564747E+02	5.582181E+01	5.568179E+03
7.95	-1.199315E+06	2.593810E+02	5.644320E+01	5.568179E+03
7.955	-1.199316E+06	2.830094E+02	5.646605E+01	5.568179E+03
7.96	-1.199315E+06	2.663117E+02	5.639450E+01	5.568179E+03
7.965	-1.199316E+06	2.762328E+02	5.533303E+01	5.568179E+03
7.97	-1.199316E+06	2.716638E+02	5.417109E+01	5.568179E+03
7.975	-1.199315E+06	2.435689E+02	5.359997E+01	5.568179E+03
7.98	-1.199316E+06	2.697995E+02	5.269797E+01	5.568179E+03
7.985	-1.199316E+06	2.581288E+02	5.236766E+01	5.568179E+03
7.99	-1.199315E+06	2.495778E+02	5.200199E+01	5.568179E+03
7.995	-1.199316E+06	2.649204E+02	5.156856E+01	5.568179E+03
8.0	-1.199316E+06	2.608036E+02	5.228672E+01	5.568179E+03
8.005	-1.199316E+06	2.582365E+02	5.322551E+01	5.568179E+03
8.01	-1.199316E+06	2.639035E+02	5.383352E+01	5.568179E+03
8.015	-1.199316E+06	2.639685E+02	5.446733E+01	5.568179E+03
8.02	-1.199316E+06	2.510135E+02	5.471149E+01	5.568179E+03
8.025	-1.199316E+06	2.492984E+02	5.488354E+01	5.568179E+03
8.03	-1.199316E+06	2.531015E+02	5.489711E+01	5.568179E+03
8.035	-1.199316E+06	2.478628E+02	5.394943E+01	5.568179E+03
8.04	-1.199316E+06	2.518250E+02	5.280642E+01	5.568179E+03
8.045	-1.199316E+06	2.463658E+02	5.206119E+01	5.568179E+03
8.05	-1.199316E+06	2.476651E+02	5.101079E+01	5.568179E+03
8.055	-1.199316E+06	2.408679E+02	5.008537E+01	5.568179E+03
8.06	-1.199316E+06	2.386996E+02	4.963939E+01	5.568179E+03
8.065	-1.199316E+06	2.299714E+02	4.981414E+01	5.568179E+03
8.07	-1.199315E+06	2.225194E+02	5.067038E+01	5.568179E+03
8.075	-1.199316E+06	2.391075E+02	5.192908E+01	5.568179E+03
8.08	-1.199316E+06	2.377250E+02	5.324741E+01	5.568179E+03
8.085	-1.199316E+06	2.380525E+02	5.402695E+01	5.568179E+03
8.09	-1.199316E+06	2.421243E+02	5.425597E+01	5.568179E+03
8.095	-1.199316E+06	2.321701E+02	5.384968E+01	5.568179E+03
8.1	-1.199316E+06	2.312271E+02	5.270994E+01	5.568179E+03
8.105	-1.199316E+06	2.271308E+02	5.159265E+01	5.568179E+03
8.11	-1.199316E+06	2.342797E+02	5.041370E+01	5.568179E+03
8.115	-1.199316E+06	2.391133E+02	4.929468E+01	5.568179E+03
8.12	-1.199316E+06	2.290207E+02	4.865736E+01	5.568179E+03
8.125	-1.199316E+06	2.292976E+02	4.828808E+01	5.568179E+03
8.13	-1.199316E+06	2.258271E+02	4.837936E+01	5.568179E+03
8.135	-1.199316E+06	2.209814E+02	4.890938E+01	5.568179E+03
8.14	-1.199316E+06	2.260515E+02	4.946912E+01	5.568179E+03
8.145	-1.199316E+06	2.319503E+02	5.006138E+01	5.568179E+03
8.15	-1.199316E+06	2.210112E+02	5.076955E+01	5.568179E+03
8.155	-1.199316E+06	2.045650E+02	5.131191E+01	5.568179E+03
8.16	-1.199316E+06	2.160387E+02	5.167346E+01	5.568179E+03
8.165	-1.199316E+06	2.228272E+02	5.221280E+01	5.568179E+03
8.17	-1.199316E+06	2.136554E+02	5.241516E+01	5.568179E+03
8.175	-1.199316E+06	2.130886E+02	5.194672E+01	5.568179E+03
8.18	-1.199316E+06	2.165275E+02	5.131484E+01	5.568179E+03
8.185	-1.199316E+06	2.275455E+02	5.028984E+01	5.568179E+03
8.19	-1.199316E+06	2.123460E+02	4.931780E+01	5.568179E+03
8.195	-1.199316E+06	1.962518E+02	4.892540E+01	5.568179E+03
8.2	-1.199316E+06	2.167133E+02	4.874575E+01	5.568179E+03
8.205	-1.199316E+06	2.139977E+02	4.893770E+01	5.568179E+03
8.21	-1.199316E+06	2.106293E+02	4.913471E+01	5.568179E+03
8.215	-1.199316E+06	2.195152E+02	4.905655E+01	5.568179E+03
8.22	-1.199316E+06	2.087861E+02	4.944056E+01	5.568179E+03
8.225	-1.199316E+06	1.953367E+02	5.035526E+01	5.568179E+03
8.23	-1.199316E+06	2.020904E+02	5.094519E+01	5.568179E+03
8.235	-1.199316E+06	2.024186E+02	5.136459E+01	5.568179E+03
8.24	-1.199316E+06	2.066984E+02	5.138349E+01	5.568179E+03
8.245	-1.199316E+06	2.151036E+02	5.094889E+01	5.568179E+03
8.25	-1.199316E+06	2.029221E+02	5.081513E+01	5.568179E+03
8.255	-1.199316E+06	1.955437E+02	5.047721E+01	5.568179E+03
8.26	-1.199317E+06	2.042714E+02	4.990822E+01	5.568179E+03
8.265	-1.199316E+06	1.944468E+02	4.990611E+01	5.568179E+03
8.27	-1.199316E+06	2.006295E+02	4.963709E+01	5.568179E+03
8.275	-1.199317E+06	2.031788E+02	4.930568E+01	5.568179E+03
8.28	-1.199316E+06	1.864466E+02	4.934846E+01	5.568179E+03
8.285	-1.199317E+06	1.951617E+02	4.921443E+01	5.568179E+03
8.29	-1.199317E+06	1.985778E+02	4.960014E+01	5.568179E+03
8.295	-1.199316E+06	2.011124E+02	5.045560E+01	5.568179E+03
8.3	-1.199317E+06	2.086187E+02	5.115357E+01	5.568179E+03
8.305	-1.199316E+06	1.917125E+02	5.202680E+01	5.568179E+03
8.31	-1.199317E+06	1.908424E+02	5.288380E+01	5.568179E+03
8.315	-1.199317E+06	1.930099E+02	5.376211E+01	5.568179E+03
8.32	-1.199316E+06	1.911004E+02	5.453956E+01	5.568179E+03
8.325	-1.199317E+06	1.979737E+02	5.471926E+01	5.568179E+03
8.33	-1.199316E+06	1.932220E+02	5.445372E+01	5.568179E+03
8.335	-1.199317E+06	1.957034E+02	5.373255E+01	5.568179E+03
8.34	-1.199316E+06	1.888623E+02	5.271335E+01	5.568179E+03
8.345	-1.199317E+06	1.945064E+02	5.145365E+01	5.568179E+03
8.35	-1.199317E+06	1.904454E+02	5.045389E+01	5.568179E+03
8.355	-1.199316E+06	1.841505E+02	4.972404E+01	5.568179E+03
8.36	-1.199317E+06	1.877516E+02	4.949076E+01	5.568179E+03
8.365	-1.199316E+06	1.754279E+02	5.001867E+01	5.568179E+03
8.37	-1.199317E+06	1.864767E+02	5.046410E+01	5.568179E+03
8.375	-1.199317E+06	1.863310E+02	5.091920E+01	5.568179E+03
8.38	-1.199316E+06	1.772235E+02	5.143197E+01	5.568179E+03
8.385	-1.199317E+06	1.860989E+02	5.198408E+01	5.568179E+03
8.39	-1.199316E+06	1.763781E+02	5.285933E+01	5.568179E+03
8.395	-1.199317E+06	1.783827E+02	5.312932E+01	5.568179E+03
8.4	-1.199317E+06	1.730014E+02	5.284504E+01	5.568179E+03
8.405	-1.199317E+06	1.700178E+02	5.247688E+01	5.568179E+03
8.41	-1.199317E+06	1.823097E+02	5.207276E+01	5.568179E+03
8.415	-1.199317E+06	1.779164E+02	5.187030E+01	5.568179E+03
8.42	-1.199317E+06	1.667932E+02	5.170006E+01	5.568179E+03
8.425	-1.199317E+06	1.747969E+02	5.134290E+01	5.568179E+03
8.43	-1.199317E+06	1.791487E+02	5.101232E+01	5.568179E+03
8.435	-1.199317E+06	1.752090E+02	5.066839E+01	5.568179E+03
8.44	-1.199317E+06	1.697386E+02	5.038570E+01	5.568179E+03
8.445	-1.199317E+06	1.682261E+02	5.021077E+01	5.568179E+03
8.45	-1.199317E+06	1.702071E+02	5.024197E+01	5.568179E+03
8.455	-1.199317E+06	1.700031E+02	5.055957E+01	5.568179E+03
8.46	-1.199317E+06	1.720076E+02	5.109251E+01	5.568179E+03
8.465	-1.199317E+06	1.690451E+02	5.202499E+01	5.568179E+03
8.47	-1.199317E+06	1.746404E+02	5.296931E+01	5.568179E+03
8.475	-1.199317E+06	1.777777E+02	5.356831E+01	5.568179E+03
8.48	-1.199317E+06	1.717536E+02	5.366109E+01	5.568179E+03
8.485	-1.199317E+06	1.793309E+02	5.317607E+01	5.568179E+03
8.49	-1.199317E+06	1.711079E+02	5.267666E+01	5.568179E+03
8.495	-1.199317E+06	1.579830E+02	5.232109E+01	5.568179E+03
8.5	-1.199317E+06	1.639605E+02	5.219419E+01	5.568179E+03
8.505	-1.199317E+06	1.641336E+02	5.228487E+01	5.568179E+03
8.51	-1.199317E+06	1.626567E+02	5.214723E+01	5.568179E+03
8.515	-1.199317E+06	1.635837E+02	5.176633E+01	5.568179E+03
8.52	-1.199317E+06	1.614477E+02	5.147161E+01	5.568179E+03
8.525	-1.199317E+06	1.646689E+02	5.155082E+01	5.568179E+03
8.53	-1.199317E+06	1.717000E+02	5.175545E+01	5.568179E+03
8.535	-1.199317E+06	1.702233E+02	5.153581E+01	5.568179E+03
8.54	-1.199317E+06	1.681516E+02	5.093953E+01	5.568179E+03
8.545	-1.199317E+06	1.674242E+02	5.020295E+01	5.568179E+03
8.55	-1.199317E+06	1.611836E+02	4.948822E+01	5.568179E+03
8.555	-1.199317E+06	1.595553E+02	4.904204E+01	5.568179E+03
8.56	-1.199317E+06	1.570132E+02	4.873094E+01	5.568179E+03
8.565	-1.199317E+06	1.473096E+02	4.861647E+01	5.568179E+03
8.57	-1.199317E+06	1.531917E+02	4.866676E+01	5.568179E+03
8.575	-1.199318E+06	1.650228E+02	4.869632E+01	5.568179E+03
8.58	-1.199318E+06	1.661939E+02	4.910536E+01	5.568179E+03
8.585	-1.199318E+06	1.603989E+02	4.984266E+01	5.568179E+03
8.59	-1.199317E+06	1.479345E+02	5.044530E+01	5.568179E+03
8.595	-1.199317E+06	1.476888E+02	5.093939E+01	5.568179E+03
8.6	-1.199318E+06	1.574358E+02	5.127399E+01	5.568179E+03
8.605	-1.199317E+06	1.548457E+02	5.153113E+01	5.568179E+03
8.61	-1.199317E+06	1.482959E+02	5.185285E+01	5.568179E+03
8.615	-1.199318E+06	1.510336E+02	5.189491E+01	5.568179E+03
8.62	-1.199318E+06	1.530208E+02	5.167903E+01	5.568179E+03
8.625	-1.199317E+06	1.494504E+02	5.138469E+01	5.568179E+03
8.63	-1.199318E+06	1.514382E+02	5.080178E+01	5.568179E+03
8.635	-1.199318E+06	1.486874E+02	5.025810E+01	5.568179E+03
8.64	-1.199317E+06	1.402481E+02	4.984314E+01	5.568179E+03
8.645	-1.199318E+06	1.454824E+02	4.937819E+01	5.568179E+03
8.65	-1.199318E+06	1.466950E+02	4.927280E+01	5.568179E+03
8.655	-1.199317E+06	1.455644E+02	4.920455E+01	5.568179E+03
8.66	-1.199318E+06	1.505740E+02	4.933526E+01	5.568179E+03
8.665	-1.199318E+06	1.487229E+02	5.023087E+01	5.568179E+03
8.67	-1.199318E+06	1.539784E+02	5.115416E+01	5.568179E+03
8.675	-1.199318E+06	1.450484E+02	5.214404E+01	5.568179E+03
8.68	-1.199318E+06	1.412225E+02	5.295961E+01	5.568179E+03
8.685	-1.199318E+06	1.489210E+02	5.321232E+01	5.568179E+03
8.69	-1.199318E+06	1.452462E+02	5.331931E+01	5.568179E+03
8.695	-1.199318E+06	1.507173E+02	5.300375E+01	5.568179E+03
8.7	-1.199318E+06	1.455458E+02	5.244559E+01	5.568179E+03
8.705	-1.199318E+06	1.372867E+02	5.187829E+01	5.568179E+03
8.71	-1.199318E+06	1.404259E+02	5.120154E+01	5.568179E+03
8.715	-1.199318E+06	1.400997E+02	5.081750E+01	5.568179E+03
8.72	-1.199318E+06	1.450052E+02	5.074185E+01	5.568179E+03
8.725	-1.199318E+06	1.412961E+02	5.095740E+01	5.568179E+03
8.73	-1.199318E+06	1.465034E+02	5.131622E+01	5.568179E+03
8.735	-1.199318E+06	1.429034E+02	5.166938E+01	5.568179E+03
8.74	-1.199318E+06	1.240564E+02	5.217744E+01	5.568179E+03
8.745	-1.199318E+06	1.302687E+02	5.283956E+01	5.568179E+03
8.75	-1.199318E+06	1.341431E+02	5.349682E+01	5.568179E+03
8.755	-1.199318E+06	1.433415E+02	5.377991E+01	5.568179E+03
8.76	-1.199318E+06	1.467765E+02	5.380983E+01	5.568179E+03
8.765	-1.199318E+06	1.388567E+02	5.377601E+01	5.568179E+03
8.77	-1.199318E+06	1.375101E+02	5.395015E+01	5.568179E+03
8.775	-1.199318E+06	1.338543E+02	5.422003E+01	5.568179E+03
8.78	-1.199318E+06	1.360025E+02	5.421517E+01	5.568179E+03
8.785	-1.199318E+06	1.326160E+02	5.418445E+01	5.568179E+03
8.79	-1.199318E+06	1.339345E+02	5.392312E+01	5.568179E+03
8.795	-1.199318E+06	1.303937E+02	5.394076E+01	5.568179E+03
8.8	-1.199318E+06	1.304167E+02	5.439152E+01	5.568179E+03
8.805	-1.199318E+06	1.384857E+02	5.459507E+01	5.568179E+03
8.81	-1.199318E+06	1.363126E+02	5.463868E+01	5.568179E+03
8.815	-1.199318E+06	1.312997E+02	5.436613E+01	5.568179E+03
8.82	-1.199318E+06	1.312707E+02	5.378319E+01	5.568179E+03
8.825	-1.199318E+06	1.323855E+02	5.351525E+01	5.568179E+03
8.83	-1.199318E+06	1.299030E+02	5.323690E+01	5.568179E+03
8.835	-1.199318E+06	1.311959E+02	5.299481E+01	5.568179E+03
8.84	-1.199318E+06	1.348663E+02	5.310706E+01	5.568179E+03
8.845	-1.199318E+06	1.381049E+02	5.301641E+01	5.568179E+03
8.85	-1.199318E+06	1.361349E+02	5.291273E+01	5.568179E+03
8.855	-1.199318E+06	1.282577E+02	5.302616E+01	5.568179E+03
8.86	-1.199318E+06	1.294015E+02	5.313553E+01	5.568179E+03
8.865	-1.199318E+06	1.228314E+02	5.350932E+01	5.568179E+03
8.87	-1.199318E+06	1.210122E+02	5.382248E+01	5.568179E+03
8.875	-1.199318E+06	1.287096E+02	5.393691E+01	5.568179E+03
8.88	-1.199318E+06	1.240925E+02	5.425541E+01	5.568179E+03
8.885	-1.199318E+06	1.239915E+02	5.464197E+01	5.568179E+03
8.89	-1.199318E+06	1.277237E+02	5.499224E+01	5.568179E+03
8.895	-1.199318E+06	1.256660E+02	5.528077E+01	5.568179E+03
8.9	-1.199318E+06	1.261039E+02	5.521923E+01	5.568179E+03
8.905	-1.199318E+06	1.302513E+02	5.486187E+01	5.568179E+03
8.91	-1.199318E+06	1.255042E+02	5.458529E+01	5.568179E+03
8.915	-1.199318E+06	1.266681E+02	5.428428E+01	5.568179E+03
8.92	-1.199319E+06	1.322944E+02	5.393637E+01	5.568179E+03
8.925	-1.199318E+06	1.187960E+02	5.366766E+01	5.568179E+03
8.93	-1.199319E+06	1.284422E+02	5.335300E+01	5.568179E+03
8.935	-1.199319E+06	1.273631E+02	5.366310E+01	5.568179E+03
8.94	-1.199318E+06	1.231306E+02	5.422289E+01	5.568179E+03
8.945	-1.199319E+06	1.338462E+02	5.460130E+01	5.568179E+03
8.95	-1.199318E+06	1.239906E+02	5.513436E+01	5.568179E+03
8.955	-1.199319E+06	1.252764E+02	5.548060E+01	5.568179E+03
8.96	-1.199319E+06	1.207021E+02	5.583740E+01	5.568179E+03
8.965	-1.199318E+06	1.117748E+02	5.628389E+01	5.568179E+03
8.97	-1.199319E+06	1.192866E+02	5.647720E+01	5.568179E+03
8.975	-1.199319E+06	1.225334E+02	5.638135E+01	5.568179E+03
8.98	-1.199319E+06	1.269930E+02	5.599417E+01	5.568179E+03
8.985	-1.199319E+06	1.237720E+02	5.558416E+01	5.568179E+03
8.99	-1.199319E+06	1.256415E+02	5.525655E+01	5.568179E+03
8.995	-1.199319E+06	1.208951E+02	5.506531E+01	5.568179E+03
9.0	-1.199319E+06	1.222801E+02	5.472423E+01	5.568179E+03
9.005	-1.199319E+06	1.317276E+02	5.424470E+01	5.568179E+03
9.01	-1.199318E+06	1.125052E+02	5.391019E+01	5.568179E+03
9.015	-1.199319E+06	1.114998E+02	5.370550E+01	5.568179E+03
9.02	-1.199319E+06	1.139736E+02	5.410244E+01	5.568179E+03
9.025	-1.199318E+06	1.102045E+02	5.458289E+01	5.568179E+03
9.03	-1.199319E+06	1.200139E+02	5.469411E+01	5.568179E+03
9.035	-1.199319E+06	1.132691E+02	5.504150E+01	5.568179E+03
9.04	-1.199319E+06	1.197327E+02	5.534868E+01	5.568179E+03
9.045	-1.199319E+06	1.208446E+02	5.575204E+01	5.568179E+03
9.05	-1.199319E+06	1.147772E+02	5.611340E+01	5.568179E+03
9.055	-1.199319E+06	1.226443E+02	5.597164E+01	5.568179E+03
9.06	-1.199319E+06	1.137814E+02	5.564757E+01	5.568179E+03
9.065	-1.199319E+06	1.079847E+02	5.520594E+01	5.568179E+03
9.07	-1.199319E+06	1.122423E+02	5.502235E+01	5.568179E+03
9.075	-1.199319E+06	1.175293E+02	5.513075E+01	5.568179E+03
9.08	-1.199319E+06	1.140983E+02	5.511682E+01	5.568179E+03
9.085	-1.199319E+06	1.113069E+02	5.486856E+01	5.568179E+03
9.09	-1.199319E+06	1.173793E+02	5.442990E+01	5.568179E+03
9.095	-1.199319E+06	1.149913E+02	5.421093E+01	5.568179E+03
9.1	-1.199319E+06	1.201140E+02	5.428074E+01	5.568179E+03
9.105	-1.199319E+06	1.197359E+02	5.453797E+01	5.568179E+03
9.11	-1.199319E+06	1.109278E+02	5.474242E+01	5.568179E+03
9.115	-1.199319E+06	1.105208E+02	5.459715E+01	5.568179E+03
9.12	-1.199319E+06	1.069254E+02	5.442934E+01	5.568179E+03
9.125	-1.199319E+06	1.138197E+02	5.424919E+01	5.568179E+03
9.13	-1.199319E+06	1.176159E+02	5.425155E+01	5.568179E+03
9.135	-1.199319E+06	1.127134E+02	5.455544E+01	5.568179E+03
9.14	-1.199319E+06	1.123929E+02	5.462087E+01	5.568179E+03
9.145	-1.199319E+06	1.120177E+02	5.449170E+01	5.568179E+03
9.15	-1.199319E+06	1.126776E+02	5.439230E+01	5.568179E+03
9.155	-1.199319E+06	1.126573E+02	5.416826E+01	5.568179E+03
9.16	-1.199319E+06	1.117242E+02	5.394714E+01	5.568179E+03
9.165	-1.199319E+06	1.141044E+02	5.375202E+01	5.568179E+03
9.17	-1.199319E+06	1.111114E+02	5.345271E+01	5.568179E+03
9.175	-1.199319E+06	1.051371E+02	5.329379E+01	5.568179E+03
9.18	-1.199319E+06	1.064011E+02	5.340425E+01	5.568179E+03
9.185	-1.199319E+06	1.032913E+02	5.379725E+01	5.568179E+03
9.19	-1.199319E+06	1.050959E+02	5.439782E+01	5.568179E+03
9.195	-1.199319E+06	1.131358E+02	5.482641E+01	5.568179E+03
9.2	-1.199319E+06	1.127174E+02	5.482603E+01	5.568179E+03
9.205	-1.199319E+06	1.077912E+02	5.459212E+01	5.568179E+03
9.21	-1.199319E+06	1.016788E+02	5.450959E+01	5.568179E+03
9.215	-1.199319E+06	1.052554E+02	5.459096E+01	5.568179E+03
9.22	-1.199319E+06	1.077286E+02	5.463494E+01	5.568179E+03
9.225	-1.199319E+06	1.112592E+02	5.441726E+01	5.568179E+03
9.23	-1.199319E+06	1.135176E+02	5.407666E+01	5.568179E+03
9.235	-1.199319E+06	1.065993E+02	5.392024E+01	5.568179E+03
9.24	-1.199319E+06	1.059775E+02	5.406979E+01	5.568179E+03
9.245	-1.199319E+06	1.016050E+02	5.463130E+01	5.568179E+03
9.25	-1.199319E+06	1.038378E+02	5.523250E+01	5.568179E+03
9.255	-1.199319E+06	1.147410E+02	5.567028E+01	5.568179E+03
9.26	-1.199319E+06	1.133827E+02	5.610536E+01	5.568179E+03
9.265	-1.199319E+06	1.077882E+02	5.655561E+01	5.568179E+03
9.27	-1.199319E+06	1.056916E+02	5.697380E+01	5.568179E+03
9.275	-1.199319E+06	1.046420E+02	5.708051E+01	5.568179E+03
9.28	-1.199319E+06	1.065566E+02	5.679965E+01	5.568179E+03
9.285	-1.199319E+06	1.082602E+02	5.627819E+01	5.568179E+03
9.29	-1.199319E+06	1.112665E+02	5.552881E+01	5.568179E+03
9.295	-1.199319E+06	1.076529E+02	5.494060E+01	5.568179E+03
9.3	-1.199319E+06	1.025235E+02	5.451068E+01	5.568179E+03
9.305	-1.199319E+06	1.065573E+02	5.413110E+01	5.568179E+03
9.31	-1.199319E+06	1.011861E+02	5.435002E+01	5.568179E+03
9.315	-1.199319E+06	1.021863E+02	5.490453E+01	5.568179E+03
9.32	-1.199319E+06	1.005399E+02	5.572929E+01	5.568179E+03
9.325	-1.199319E+06	1.006329E+02	5.685549E+01	5.568179E+03
9.33	-1.199319E+06	1.102252E+02	5.764884E+01	5.568179E+03
9.335	-1.199319E+06	1.006249E+02	5.821441E+01	5.568179E+03
9.34	-1.199319E+06	9.879487E+01	5.853803E+01	5.568179E+03
9.345	-1.199319E+06	1.072679E+02	5.832839E+01	5.568179E+03
9.35	-1.199319E+06	1.009929E+02	5.780825E+01	5.568179E+03
9.355	-1.199319E+06	9.727195E+01	5.703186E+01	5.568179E+03
9.36	-1.199319E+06	1.000560E+02	5.609117E+01	5.568179E+03
9.365	-1.199319E+06	1.019491E+02	5.520828E+01	5.568179E+03
9.37	-1.199319E+06	1.012585E+02	5.454332E+01	5.568179E+03
9.375	-1.199319E+06	1.082267E+02	5.425497E+01	5.568179E+03
9.38	-1.199319E+06	1.015321E+02	5.450602E+01	5.568179E+03
9.385	-1.199319E+06	9.538573E+01	5.484148E+01	5.568179E+03
9.39	-1.199319E+06	1.068316E+02	5.508528E+01	5.568179E+03
9.395	-1.199319E+06	1.068669E+02	5.544185E+01	5.568179E+03
9.4	-1.199319E+06	1.051282E+02	5.574098E+01	5.568179E+03
9.405	-1.199319E+06	1.050906E+02	5.619856E+01	5.568179E+03
9.41	-1.199319E+06	1.002996E+02	5.672359E+01	5.568179E+03
9.415	-1.199319E+06	9.684003E+01	5.700276E+01	5.568179E+03
9.42	-1.199319E+06	1.030800E+02	5.706632E+01	5.568179E+03
9.425	-1.199319E+06	1.058227E+02	5.685580E+01	5.568179E+03
9.43	-1.199319E+06	1.012978E+02	5.641027E+01	5.568179E+03
9.435	-1.199319E+06	1.045148E+02	5.602744E+01	5.568179E+03
9.44	-1.199319E+06	1.031175E+02	5.568213E+01	5.568179E+03
9.445	-1.199319E+06	1.037549E+02	5.496011E+01	5.568179E+03
9.45	-1.199319E+06	1.027238E+02	5.419555E+01	5.568179E+03
9.455	-1.199319E+06	1.012204E+02	5.372768E+01	5.568179E+03
9.46	-1.199319E+06	1.032207E+02	5.344329E+01	5.568179E+03
9.465	-1.199319E+06	9.742534E+01	5.343523E+01	5.568179E+03
9.47	-1.199319E+06	9.919268E+01	5.338131E+01	5.568179E+03
9.475	-1.199320E+06	9.825251E+01	5.321138E+01	5.568179E+03
9.48	-1.199319E+06	9.440865E+01	5.333347E+01	5.568179E+03
9.485	-1.199319E+06	1.012341E+02	5.365977E+01	5.568179E+03
9.49	-1.199319E+06	1.036246E+02	5.402742E+01	5.568179E+03
9.495	-1.199319E+06	1.056920E+02	5.421163E+01	5.568179E+03
9.5	-1.199319E+06	1.015063E+02	5.411502E+01	5.568179E+03
9.505	-1.199319E+06	9.984539E+01	5.383964E+01	5.568179E+03
9.51	-1.199319E+06	9.965813E+01	5.353107E+01	5.568179E+03
9.515	-1.199319E+06	9.943562E+01	5.321149E+01	5.568179E+03
9.52	-1.199319E+06	9.762811E+01	5.310905E+01	5.568179E+03
9.525	-1.199319E+06	9.635190E+01	5.320232E+01	5.568179E+03
9.53	-1.199319E+06	1.042004E+02	5.322696E+01	5.568179E+03
9.535	-1.199319E+06	9.875815E+01	5.338415E+01	5.568179E+03
9.54	-1.199319E+06	9.759191E+01	5.357283E+01	5.568179E+03
9.545	-1.199319E+06	1.000303E+02	5.382100E+01	5.568179E+03
9.55	-1.199319E+06	1.027304E+02	5.406637E+01	5.568179E+03
9.555	-1.199319E+06	1.053013E+02	5.414247E+01	5.568179E+03
9.56	-1.199319E+06	9.701917E+01	5.414785E+01	5.568179E+03
9.565	-1.199319E+06	9.553542E+01	5.407918E+01	5.568179E+03
9.57	-1.199319E+06	9.359191E+01	5.406131E+01	5.568179E+03
9.575	-1.199319E+06	9.660787E+01	5.398974E+01	5.568179E+03
9.58	-1.199319E+06	1.000059E+02	5.370794E+01	5.568179E+03
9.585	-1.199319E+06	9.953879E+01	5.315628E+01	5.568179E+03
9.59	-1.199320E+06	1.011318E+02	5.258583E+01	5.568179E+03
9.595	-1.199319E+06	9.697508E+01	5.236520E+01	5.568179E+03
9.6	-1.199319E+06	1.005751E+02	5.233685E+01	5.568179E+03
9.605	-1.199319E+06	9.966663E+01	5.250549E+01	5.568179E+03
9.61	-1.199319E+06	9.620997E+01	5.284375E+01	5.568179E+03
9.615	-1.199320E+06	1.011336E+02	5.335702E+01	5.568179E+03
9.62	-1.199319E+06	9.577027E+01	5.435185E+01	5.568179E+03
9.625	-1.199319E+06	9.803531E+01	5.533647E+01	5.568179E+03
9.63	-1.199319E+06	9.929179E+01	5.589709E+01	5.568179E+03
9.635	-1.199319E+06	9.657314E+01	5.587334E+01	5.568179E+03
9.64	-1.199319E+06	9.747687E+01	5.540282E+01	5.568179E+03
9.645	-1.199319E+06	9.832595E+01	5.510638E+01	5.568179E+03
9.65	-1.199319E+06	1.019870E+02	5.495841E+01	5.568179E+03
9.655	-1.199319E+06	1.019571E+02	5.456731E+01	5.568179E+03
9.66	-1.199319E+06	9.747401E+01	5.408146E+01	5.568179E+03
9.665	-1.199319E+06	9.650128E+01	5.362587E+01	5.568179E+03
9.67	-1.199320E+06	9.882379E+01	5.323802E+01	5.568179E+03
9.675	-1.199319E+06	1.002943E+02	5.315976E+01	5.568179E+03
9.68	-1.199320E+06	1.064928E+02	5.330790E+01	5.568179E+03
9.685	-1.199320E+06	1.029324E+02	5.347577E+01	5.568179E+03
9.69	-1.199319E+06	9.744176E+01	5.344417E+01	5.568179E+03
9.695	-1.199320E+06	9.534002E+01	5.338575E+01	5.568179E+03
9.7	-1.199319E+06	9.281078E+01	5.357003E+01	5.568179E+03
9.705	-1.199320E+06	9.736258E+01	5.395429E+01	5.568179E+03
9.71	-1.199319E+06	9.635386E+01	5.444628E+01	5.568179E+03
9.715	-1.199319E+06	9.878728E+01	5.476304E+01	5.568179E+03
9.72	-1.199320E+06	1.011506E+02	5.501303E+01	5.568179E+03
9.725	-1.199319E+06	9.777757E+01	5.529503E+01	5.568179E+03
9.73	-1.199320E+06	1.010648E+02	5.541075E+01	5.568179E+03
9.735	-1.199319E+06	9.662369E+01	5.549181E+01	5.568179E+03
9.74	-1.199320E+06	9.604312E+01	5.526990E+01	5.568179E+03
9.745	-1.199319E+06	9.614749E+01	5.458755E+01	5.568179E+03
9.75	-1.199319E+06	9.667113E+01	5.376408E+01	5.568179E+03
9.755	-1.199320E+06	1.007426E+02	5.298882E+01	5.568179E+03
9.76	-1.199319E+06	9.179651E+01	5.230576E+01	5.568179E+03
9.765	-1.199319E+06	9.427478E+01	5.179053E+01	5.568179E+03
9.77	-1.199320E+06	1.003469E+02	5.161052E+01	5.568179E+03
9.775	-1.199319E+06	9.591542E+01	5.159963E+01	5.568179E+03
9.78	-1.199319E+06	9.664018E+01	5.187803E+01	5.568179E+03
9.785	-1.199319E+06	9.658552E+01	5.246521E+01	5.568179E+03
9.79	-1.199319E+06	9.522300E+01	5.285387E+01	5.568179E+03
9.795	-1.199319E+06	9.216805E+01	5.320852E+01	5.568179E+03
9.8	-1.199319E+06	9.647750E+01	5.343009E+01	5.568179E+03
9.805	-1.199320E+06	1.041519E+02	5.322400E+01	5.568179E+03
9.81	-1.199319E+06	9.647411E+01	5.298648E+01	5.568179E+03
9.815	-1.199319E+06	9.584503E+01	5.273872E+01	5.568179E+03
9.82	-1.199320E+06	1.004983E+02	5.261466E+01	5.568179E+03
9.825	-1.199319E+06	9.443406E+01	5.273774E+01	5.568179E+03
9.83	-1.199319E+06	9.684936E+01	5.271708E+01	5.568179E+03
9.835	-1.199320E+06	1.025104E+02	5.273366E+01	5.568179E+03
9.84	-1.199319E+06	9.721800E+01	5.305388E+01	5.568179E+03
9.845	-1.199319E+06	9.880321E+01	5.330774E+01	5.568179E+03
9.85	-1.199320E+06	9.876139E+01	5.334780E+01	5.568179E+03
9.855	-1.199319E+06	9.433709E+01	5.306547E+01	5.568179E+03
9.86	-1.199319E+06	9.756030E+01	5.245350E+01	5.568179E+03
9.865	-1.199320E+06	9.948334E+01	5.195381E+01	5.568179E+03
9.87	-1.199319E+06	9.504115E+01	5.176284E+01	5.568179E+03
9.875	-1.199319E+06	9.949159E+01	5.164127E+01	5.568179E+03
9.88	-1.199320E+06	1.029713E+02	5.162696E+01	5.568179E+03
9.885	-1.199319E+06	9.631976E+01	5.167717E+01	5.568179E+03
9.89	-1.199319E+06	9.377414E+01	5.168400E+01	5.568179E+03
9.895	-1.199320E+06	9.690585E+01	5.179744E+01	5.568179E+03
9.9	-1.199320E+06	9.776511E+01	5.192055E+01	5.568179E+03
9.905	-1.199319E+06	9.986649E+01	5.170817E+01	5.568179E+03
9.91	-1.199320E+06	9.851665E+01	5.137696E+01	5.568179E+03
9.915	-1.199319E+06	9.144728E+01	5.124681E+01	5.568179E+03
9.92	-1.199319E+06	9.647607E+01	5.129019E+01	5.568179E+03
9.925	-1.199319E+06	9.986306E+01	5.171406E+01	5.568179E+03
9.93	-1.199319E+06	9.916887E+01	5.204915E+01	5.568179E+03
9.935	-1.199319E+06	9.842858E+01	5.192073E+01	5.568179E+03
9.94	-1.199319E+06	9.406332E+01	5.177134E+01	5.568179E+03
9.945	-1.199320E+06	9.845898E+01	5.141359E+01	5.568179E+03
9.95	-1.199320E+06	9.892570E+01	5.091807E+01	5.568179E+03
9.955	-1.199319E+06	9.468953E+01	5.071487E+01	5.568179E+03
9.96	-1.199320E+06	9.947745E+01	5.047916E+01	5.568179E+03
9.965	-1.199319E+06	9.942626E+01	5.026484E+01	5.568179E+03
9.97	-1.199319E+06	9.785668E+01	5.029277E+01	5.568179E+03
9.975	-1.199319E+06	9.961559E+01	5.035392E+01	5.568179E+03
9.98	-1.199319E+06	1.014333E+02	5.074673E+01	5.568179E+03
9.985	-1.199319E+06	9.999190E+01	5.147956E+01	5.568179E+03
9.99	-1.199319E+06	9.812584E+01	5.185719E+01	5.568179E+03
9.995	-1.199319E+06	9.574326E+01	5.191679E+01	5.568179E+03
10.0	-1.199319E+06	9.606748E+01	5.176729E+01	5.568179E+03
10.005	-1.199320E+06	1.015698E+02	5.141724E+01	5.568179E+03
10.01	-1.199319E+06	9.674107E+01	5.140870E+01	5.568179E+03
10.015	-1.199319E+06	9.660901E+01	5.141291E+01	5.568179E+03
10.02	-1.199320E+06	1.024210E+02	5.114479E+01	5.568179E+03
10.025	-1.199319E+06	9.978553E+01	5.088218E+01	5.568179E+03
10.03	-1.199319E+06	1.009990E+02	5.047700E+01	5.568179E+03
10.035	-1.199319E+06	9.942980E+01	5.029420E+01	5.568179E+03
10.04	-1.199319E+06	9.488169E+01	5.054465E+01	5.568179E+03
10.045	-1.199320E+06	9.865679E+01	5.080408E+01	5.568179E+03
10.05	-1.199319E+06	9.957806E+01	5.120480E+01	5.568179E+03
10.055	-1.199319E+06	1.003309E+02	5.167047E+01	5.568179E+03
10.06	-1.199319E+06	1.007303E+02	5.193677E+01	5.568179E+03
10.065	-1.199319E+06	1.029605E+02	5.209418E+01	5.568179E+03
10.07	-1.199319E+06	1.041108E+02	5.209255E+01	5.568179E+03
10.075	-1.199319E+06	1.046165E+02	5.173116E+01	5.568179E+03
10.08	-1.199319E+06	1.017625E+02	5.135296E+01	5.568179E+03
10.085	-1.199319E+06	9.632620E+01	5.114108E+01	5.568179E+03
10.09	-1.199320E+06	9.708330E+01	5.094602E+01	5.568179E+03
10.095	-1.199319E+06	9.358184E+01	5.102826E+01	5.568179E+03
10.1	-1.199319E+06	9.647418E+01	5.126979E+01	5.568179E+03
10.105	-1.199320E+06	1.065866E+02	5.137373E+01	5.568179E+03
10.11	-1.199319E+06	1.032152E+02	5.148078E+01	5.568179E+03
10.115	-1.199319E+06	1.051632E+02	5.154373E+01	5.568179E+03
10.12	-1.199319E+06	1.057896E+02	5.167327E+01	5.568179E+03
10.125	-1.199319E+06	1.035686E+02	5.194193E+01	5.568179E+03
10.13	-1.199320E+06	1.084914E+02	5.207148E+01	5.568179E+03
10.135	-1.199319E+06	1.025475E+02	5.205172E+01	5.568179E+03
10.14	-1.199319E+06	9.552131E+01	5.203491E+01	5.568179E+03
10.145	-1.199319E+06	9.828740E+01	5.206078E+01	5.568179E+03
10.15	-1.199319E+06	1.021368E+02	5.211268E+01	5.568179E+03
10.155	-1.199319E+06	1.045036E+02	5.213147E+01	5.568179E+03
10.16	-1.199319E+06	9.902998E+01	5.212945E+01	5.568179E+03
10.165	-1.199319E+06	9.309342E+01	5.219083E+01	5.568179E+03
10.17	-1.199319E+06	1.012038E+02	5.245605E+01	5.568179E+03
10.175	-1.199319E+06	1.105045E+02	5.288493E+01	5.568179E+03
10.18	-1.199319E+06	1.075535E+02	5.327298E+01	5.568179E+03
10.185	-1.199319E+06	1.032664E+02	5.349809E+01	5.568179E+03
10.19	-1.199319E+06	1.023449E+02	5.341387E+01	5.568179E+03
10.195	-1.199319E+06	9.994949E+01	5.316558E+01	5.568179E+03
10.2	-1.199319E+06	9.394244E+01	5.305867E+01	5.568179E+03
10.205	-1.199319E+06	9.988276E+01	5.284440E+01	5.568179E+03
10.21	-1.199319E+06	1.066688E+02	5.259072E+01	5.568179E+03
10.215	-1.199319E+06	1.092901E+02	5.236236E+01	5.568179E+03
10.22	-1.199319E+06	1.135008E+02	5.202827E+01	5.568179E+03
10.225	-1.199319E+06	1.065443E+02	5.189071E+01	5.568179E+03
10.23	-1.199319E+06	1.011371E+02	5.198872E+01	5.568179E+03
10.235	-1.199319E+06	1.045138E+02	5.203008E+01	5.568179E+03
10.24	-1.199319E+06	1.006502E+02	5.206599E+01	5.568179E+03
10.245	-1.199319E+06	1.027554E+02	5.207352E+01	5.568179E+03
10.25	-1.199319E+06	1.074389E+02	5.214952E+01	5.568179E+03
10.255	-1.199319E+06	1.045459E+02	5.246634E+01	5.568179E+03
10.26	-1.199319E+06	1.000642E+02	5.293973E+01	5.568179E+03
10.265	-1.199319E+06	1.091218E+02	5.330849E+01	5.568179E+03
10.27	-1.199319E+06	1.077919E+02	5.374854E+01	5.568179E+03
10.275	-1.199319E+06	9.926339E+01	5.420557E+01	5.568179E+03
10.28	-1.199319E+06	1.064300E+02	5.445168E+01	5.568179E+03
10.285	-1.199319E+06	1.059537E+02	5.453026E+01	5.568179E+03
10.29	-1.199319E+06	1.006630E+02	5.433633E+01	5.568179E+03
10.295	-1.199319E+06	1.075133E+02	5.391357E+01	5.568179E+03
10.3	-1.199319E+06	1.082350E+02	5.342466E+01	5.568179E+03
10.305	-1.199319E+06	1.085970E+02	5.268172E+01	5.568179E+03
10.31	-1.199319E+06	1.117907E+02	5.184268E+01	5.568179E+03
10.315	-1.199319E+06	1.035170E+02	5.135628E+01	5.568179E+03
10.32	-1.199319E+06	1.013317E+02	5.122756E+01	5.568179E+03
10.325	-1.199319E+06	1.077297E+02	5.149893E+01	5.568179E+03
10.33	-1.199319E+06	1.075804E+02	5.206242E+01	5.568179E+03
10.335	-1.199319E+06	1.093987E+02	5.251750E+01	5.568179E+03
10.34	-1.199319E+06	1.145942E+02	5.295698E+01	5.568179E+03
10.345	-1.199319E+06	1.087602E+02	5.346223E+01	5.568179E+03
10.35	-1.199319E+06	1.084831E+02	5.353138E+01	5.568179E+03
10.355	-1.199319E+06	1.090023E+02	5.337876E+01	5.568179E+03
10.36	-1.199319E+06	1.061257E+02	5.334478E+01	5.568179E+03
10.365	-1.199319E+06	1.119031E+02	5.344062E+01	5.568179E+03
10.37	-1.199319E+06	1.127360E+02	5.377328E+01	5.568179E+03
10.375	-1.199319E+06	1.163998E+02	5.374348E+01	5.568179E+03
10.38	-1.199319E+06	1.124892E+02	5.315414E+01	5.568179E+03
10.385	-1.199319E+06	1.008259E+02	5.253219E+01	5.568179E+03
10.39	-1.199319E+06	1.053651E+02	5.206465E+01	5.568179E+03
10.395	-1.199319E+06	1.100012E+02	5.177627E+01	5.568179E+03
10.4	-1.199319E+06	1.096292E+02	5.146388E+01	5.568179E+03
10.405	-1.199319E+06	1.070583E+02	5.084491E+01	5.568179E+03
10.41	-1.199319E+06	1.052649E+02	5.030560E+01	5.568179E+03
10.415	-1.199319E+06	1.087604E+02	5.036773E+01	5.568179E+03
10.42	-1.199319E+06	1.132629E+02	5.076836E+01	5.568179E+03
10.425	-1.199319E+06	1.159094E+02	5.145156E+01	5.568179E+03
10.43	-1.199319E+06	1.110797E+02	5.236185E+01	5.568179E+03
10.435	-1.199319E+06	1.113192E+02	5.309776E+01	5.568179E+03
10.44	-1.199319E+06	1.103498E+02	5.401498E+01	5.568179E+03
10.445	-1.199319E+06	1.134191E+02	5.484053E+01	5.568179E+03
10.45	-1.199319E+06	1.217508E+02	5.509163E+01	5.568179E+03
10.455	-1.199319E+06	1.102965E+02	5.497794E+01	5.568179E+03
10.46	-1.199319E+06	1.120748E+02	5.428495E+01	5.568179E+03
10.465	-1.199319E+06	1.182785E+02	5.346022E+01	5.568179E+03
10.47	-1.199319E+06	1.090045E+02	5.284920E+01	5.568179E+03
10.475	-1.199319E+06	1.100397E+02	5.223161E+01	5.568179E+03
10.48	-1.199319E+06	1.103392E+02	5.192877E+01	5.568179E+03
10.485	-1.199319E+06	1.114313E+02	5.182100E+01	5.568179E+03
10.49	-1.199319E+06	1.151704E+02	5.192574E+01	5.568179E+03
10.495	-1.199319E+06	1.177189E+02	5.236088E+01	5.568179E+03
10.5	-1.199319E+06	1.166232E+02	5.283418E+01	5.568179E+03
10.505	-1.199319E+06	1.184559E+02	5.326758E+01	5.568179E+03
10.51	-1.199319E+06	1.183050E+02	5.372474E+01	5.568179E+03
10.515	-1.199319E+06	1.150217E+02	5.411360E+01	5.568179E+03
10.52	-1.199319E+06	1.199529E+02	5.432548E+01	5.568179E+03
10.525	-1.199319E+06	1.181571E+02	5.441765E+01	5.568179E+03
10.53	-1.199319E+06	1.128271E+02	5.452967E+01	5.568179E+03
10.535	-1.199319E+06	1.114075E+02	5.468166E+01	5.568179E+03
10.54	-1.199319E+06	1.197048E+02	5.468038E+01	5.568179E+03
10.545	-1.199319E+06	1.278944E+02	5.442138E+01	5.568179E+03
10.55	-1.199319E+06	1.212297E+02	5.392719E+01	5.568179E+03
10.555	-1.199319E+06	1.205660E+02	5.355413E+01	5.568179E+03
10.56	-1.199319E+06	1.206540E+02	5.367465E+01	5.568179E+03
10.565	-1.199319E+06	1.132962E+02	5.400459E+01	5.568179E+03
10.57	-1.199319E+06	1.187338E+02	5.421490E+01	5.568179E+03
10.575	-1.199319E+06	1.290747E+02	5.432535E+01	5.568179E+03
10.58	-1.199319E+06	1.231282E+02	5.454984E+01	5.568179E+03
10.585	-1.199319E+06	1.179578E+02	5.499443E+01	5.568179E+03
10.59	-1.199319E+06	1.220372E+02	5.548224E+01	5.568179E+03
10.595	-1.199319E+06	1.213238E+02	5.565251E+01	5.568179E+03
10.6	-1.199319E+06	1.183872E+02	5.558715E+01	5.568179E+03
10.605	-1.199319E+06	1.228262E+02	5.553508E+01	5.568179E+03
10.61	-1.199319E+06	1.263653E+02	5.536768E+01	5.568179E+03
10.615	-1.199319E+06	1.210555E+02	5.513302E+01	5.568179E+03
10.62	-1.199319E+06	1.139945E+02	5.486759E+01	5.568179E+03
10.625	-1.199319E+06	1.202469E+02	5.440628E+01	5.568179E+03
10.63	-1.199319E+06	1.244415E+02	5.422991E+01	5.568179E+03
10.635	-1.199319E+06	1.219697E+02	5.447034E+01	5.568179E+03
10.64	-1.199319E+06	1.251606E+02	5.487575E+01	5.568179E+03
10.645	-1.199319E+06	1.256833E+02	5.562437E+01	5.568179E+03
10.65	-1.199319E+06	1.242996E+02	5.644358E+01	5.568179E+03
10.655	-1.199319E+06	1.272602E+02	5.711392E+01	5.568179E+03
10.66	-1.199319E+06	1.289573E+02	5.772120E+01	5.568179E+03
10.665	-1.199318E+06	1.270423E+02	5.784730E+01	5.568179E+03
10.67	-1.199318E+06	1.272158E+02	5.748603E+01	5.568179E+03
10.675	-1.199318E+06	1.310096E+02	5.685868E+01	5.568179E+03
10.68	-1.199319E+06	1.314420E+02	5.591093E+01	5.568179E+03
10.685	-1.199319E+06	1.251172E+02	5.499144E+01	5.568179E+03
10.69	-1.199318E+06	1.153152E+02	5.447693E+01	5.568179E+03
10.695	-1.199318E+06	1.245746E+02	5.428820E+01	5.568179E+03
10.7	-1.199318E+06	1.347625E+02	5.454730E+01	5.568179E+03
10.705	-1.199318E+06	1.338032E+02	5.507230E+01	5.568179E+03
10.71	-1.199318E+06	1.310730E+02	5.548138E+01	5.568179E+03
10.715	-1.199318E+06	1.229518E+02	5.581949E+01	5.568179E+03
10.72	-1.199318E+06	1.238914E+02	5.616099E+01	5.568179E+03
10.725	-1.199318E+06	1.323109E+02	5.640571E+01	5.568179E+03
10.73	-1.199318E+06	1.321611E+02	5.645274E+01	5.568179E+03
10.735	-1.199318E+06	1.288410E+02	5.647992E+01	5.568179E+03
10.74	-1.199318E+06	1.298043E+02	5.647882E+01	5.568179E+03
10.745	-1.199318E+06	1.302690E+02	5.639449E+01	5.568179E+03
10.75	-1.199318E+06	1.362751E+02	5.650620E+01	5.568179E+03
10.755	-1.199318E+06	1.353846E+02	5.665374E+01	5.568179E+03
10.76	-1.199318E+06	1.313714E+02	5.641073E+01	5.568179E+03
10.765	-1.199318E+06	1.343994E+02	5.597482E+01	5.568179E+03
10.77	-1.199318E+06	1.354547E+02	5.555820E+01	5.568179E+03
10.775	-1.199318E+06	1.342217E+02	5.540849E+01	5.568179E+03
10.78	-1.199318E+06	1.338777E+02	5.545320E+01	5.568179E+03
10.785	-1.199318E+06	1.409860E+02	5.526252E+01	5.568179E+03
10.79	-1.199318E+06	1.416826E+02	5.495869E+01	5.568179E+03
10.795	-1.199318E+06	1.344014E+02	5.471583E+01	5.568179E+03
10.8	-1.199318E+06	1.319336E+02	5.483788E+01	5.568179E+03
10.805	-1.199318E+06	1.363891E+02	5.529398E+01	5.568179E+03
10.81	-1.199318E+06	1.364655E+02	5.578183E+01	5.568179E+03
10.815	-1.199318E+06	1.428377E+02	5.608542E+01	5.568179E+03
10.82	-1.199318E+06	1.476931E+02	5.620028E+01	5.568179E+03
10.825	-1.199318E+06	1.424452E+02	5.620738E+01	5.568179E+03
10.83	-1.199318E+06	1.420801E+02	5.597182E+01	5.568179E+03
10.835	-1.199318E+06	1.469538E+02	5.540193E+01	5.568179E+03
10.84	-1.199318E+06	1.428997E+02	5.473876E+01	5.568179E+03
10.845	-1.199318E+06	1.443710E+02	5.388018E+01	5.568179E+03
10.85	-1.199318E+06	1.404855E+02	5.302150E+01	5.568179E+03
10.855	-1.199318E+06	1.363420E+02	5.233085E+01	5.568179E+03
10.86	-1.199318E+06	1.368489E+02	5.188506E+01	5.568179E+03
10.865	-1.199318E+06	1.318504E+02	5.225976E+01	5.568179E+03
10.87	-1.199318E+06	1.348425E+02	5.328033E+01	5.568179E+03
10.875	-1.199318E+06	1.472742E+02	5.407969E+01	5.568179E+03
10.88	-1.199318E+06	1.496244E+02	5.462805E+01	5.568179E+03
10.885	-1.199318E+06	1.418784E+02	5.501232E+01	5.568179E+03
10.89	-1.199318E+06	1.439294E+02	5.513558E+01	5.568179E+03
10.895	-1.199318E+06	1.478488E+02	5.530212E+01	5.568179E+03
10.9	-1.199318E+06	1.491064E+02	5.514213E+01	5.568179E+03
10.905	-1.199318E+06	1.517440E+02	5.438482E+01	5.568179E+03
10.91	-1.199318E+06	1.400952E+02	5.374531E+01	5.568179E+03
10.915	-1.199318E+06	1.409673E+02	5.332043E+01	5.568179E+03
10.92	-1.199318E+06	1.465653E+02	5.321141E+01	5.568179E+03
10.925	-1.199318E+06	1.445101E+02	5.343815E+01	5.568179E+03
10.93	-1.199318E+06	1.453677E+02	5.363505E+01	5.568179E+03
10.935	-1.199318E+06	1.496923E+02	5.375127E+01	5.568179E+03
10.94	-1.199318E+06	1.491134E+02	5.415931E+01	5.568179E+03
10.945	-1.199318E+06	1.536505E+02	5.462057E+01	5.568179E+03
10.95	-1.199318E+06	1.612701E+02	5.465793E+01	5.568179E+03
10.955	-1.199318E+06	1.552336E+02	5.452209E+01	5.568179E+03
10.96	-1.199318E+06	1.565053E+02	5.416219E+01	5.568179E+03
10.965	-1.199318E+06	1.584361E+02	5.378606E+01	5.568179E+03
10.97	-1.199318E+06	1.489905E+02	5.395634E+01	5.568179E+03
10.975	-1.199318E+06	1.539644E+02	5.406821E+01	5.568179E+03
10.98	-1.199318E+06	1.558642E+02	5.400300E+01	5.568179E+03
10.985	-1.199318E+06	1.514200E+02	5.416340E+01	5.568179E+03
10.99	-1.199318E+06	1.589019E+02	5.412643E+01	5.568179E+03
10.995	-1.199318E+06	1.655884E+02	5.414097E+01	5.568179E+03
11.0	-1.199318E+06	1.635391E+02	5.441252E+01	5.568179E+03
11.005	-1.199318E+06	1.647598E+02	5.424289E+01	5.568179E+03
11.01	-1.199318E+06	1.602989E+02	5.397861E+01	5.568179E+03
11.015	-1.199317E+06	1.466958E+02	5.401365E+01	5.568179E+03
11.02	-1.199318E+06	1.574391E+02	5.387420E+01	5.568179E+03
11.025	-1.199318E+06	1.616028E+02	5.411477E+01	5.568179E+03
11.03	-1.199317E+06	1.559296E+02	5.460386E+01	5.568179E+03
11.035	-1.199318E+06	1.731765E+02	5.440466E+01	5.568179E+03
11.04	-1.199318E+06	1.618897E+02	5.445819E+01	5.568179E+03
11.045	-1.199317E+06	1.558491E+02	5.457579E+01	5.568179E+03
11.05	-1.199318E+06	1.714820E+02	5.411810E+01	5.568179E+03
11.055	-1.199318E+06	1.599818E+02	5.393010E+01	5.568179E+03
11.06	-1.199318E+06	1.579316E+02	5.362588E+01	5.568179E+03
11.065	-1.199318E+06	1.682096E+02	5.311080E+01	5.568179E+03
11.07	-1.199318E+06	1.676145E+02	5.294527E+01	5.568179E+03
11.075	-1.199318E+06	1.686378E+02	5.283302E+01	5.568179E+03
11.08	-1.199318E+06	1.702824E+02	5.309069E+01	5.568179E+03
11.085	-1.199318E+06	1.678739E+02	5.388958E+01	5.568179E+03
11.09	-1.199318E+06	1.664582E+02	5.447342E+01	5.568179E+03
11.095	-1.199318E+06	1.682197E+02	5.487697E+01	5.568179E+03
11.1	-1.199318E+06	1.688917E+02	5.547506E+01	5.568179E+03
11.105	-1.199318E+06	1.764561E+02	5.571481E+01	5.568179E+03
11.11	-1.199318E+06	1.767157E+02	5.545496E+01	5.568179E+03
11.115	-1.199317E+06	1.663927E+02	5.496530E+01	5.568179E+03
11.12	-1.199318E+06	1.733249E+02	5.399742E+01	5.568179E+03
11.125	-1.199318E+06	1.688824E+02	5.300108E+01	5.568179E+03
11.13	-1.199317E+06	1.591907E+02	5.238511E+01	5.568179E+03
11.135	-1.199318E+06	1.740919E+02	5.217356E+01	5.568179E+03
11.14	-1.199318E+06	1.753247E+02	5.251372E+01	5.568179E+03
11.145	-1.199317E+06	1.700798E+02	5.289332E+01	5.568179E+03
11.15	-1.199318E+06	1.867195E+02	5.306515E+01	5.568179E+03
11.155	-1.199317E+06	1.836710E+02	5.332755E+01	5.568179E+03
11.16	-1.199318E+06	1.838735E+02	5.339835E+01	5.568179E+03
11.165	-1.199318E+06	1.776107E+02	5.367441E+01	5.568179E+03
11.17	-1.199317E+06	1.724356E+02	5.418258E+01	5.568179E+03
11.175	-1.199318E+06	1.888970E+02	5.468840E+01	5.568179E+03
11.18	-1.199317E+06	1.865900E+02	5.505875E+01	5.568179E+03
11.185	-1.199317E+06	1.828937E+02	5.502747E+01	5.568179E+03
11.19	-1.199318E+06	1.850222E+02	5.512072E+01	5.568179E+03
11.195	-1.199317E+06	1.845317E+02	5.553086E+01	5.568179E+03
11.2	-1.199318E+06	1.942399E+02	5.595146E+01	5.568179E+03
11.205	-1.199317E+06	1.843270E+02	5.631101E+01	5.568179E+03
11.21	-1.199317E+06	1.852143E+02	5.614824E+01	5.568179E+03
11.215	-1.199318E+06	1.919856E+02	5.578036E+01	5.568179E+03
11.22	-1.199317E+06	1.922014E+02	5.542510E+01	5.568179E+03
11.225	-1.199318E+06	1.981545E+02	5.494167E+01	5.568179E+03
11.23	-1.199318E+06	1.950833E+02	5.469789E+01	5.568179E+03
11.235	-1.199317E+06	1.916213E+02	5.467033E+01	5.568179E+03
11.24	-1.199317E+06	1.880035E+02	5.466367E+01	5.568179E+03
11.245	-1.199317E+06	1.880858E+02	5.472011E+01	5.568179E+03
11.25	-1.199317E+06	1.962932E+02	5.492714E+01	5.568179E+03
11.255	-1.199317E+06	2.002771E+02	5.501544E+01	5.568179E+03
11.26	-1.199318E+06	1.987464E+02	5.479173E+01	5.568179E+03
11.265	-1.199317E+06	1.859844E+02	5.441702E+01	5.568179E+03
11.27	-1.199317E+06	2.000871E+02	5.369771E+01	5.568179E+03
11.275	-1.199318E+06	2.120584E+02	5.319283E+01	5.568179E+03
11.28	-1.199317E+06	1.974878E+02	5.265360E+01	5.568179E+03
11.285	-1.199318E+06	2.015020E+02	5.146967E+01	5.568179E+03
11.29	-1.199317E+06	1.910139E+02	5.105388E+01	5.568179E+03
11.295	-1.199317E+06	1.900663E+02	5.126687E+01	5.568179E+03
11.3	-1.199318E+06	2.022585E+02	5.167901E+01	5.568179E+03
11.305	-1.199317E+06	2.013782E+02	5.267393E+01	5.568179E+03
11.31	-1.199317E+06	2.076062E+02	5.310713E+01	5.568179E+03
11.315	-1.199317E+06	2.104465E+02	5.302752E+01	5.568179E+03
11.32	-1.199317E+06	2.038585E+02	5.319692E+01	5.568179E+03
11.325	-1.199317E+06	2.022683E+02	5.265123E+01	5.568179E+03
11.33	-1.199317E+06	2.007331E+02	5.163840E+01	5.568179E+03
11.335	-1.199317E+06	1.967904E+02	5.098440E+01	5.568179E+03
11.34	-1.199317E+06	2.147966E+02	5.012060E+01	5.568179E+03
11.345	-1.199317E+06	2.190567E+02	4.951403E+01	5.568179E+03
11.35	-1.199317E+06	2.069300E+02	4.933062E+01	5.568179E+03
11.355	-1.199318E+06	2.145016E+02	4.899311E+01	5.568179E+03
11.36	-1.199317E+06	2.105761E+02	4.919466E+01	5.568179E+03
11.365	-1.199317E+06	2.144253E+02	4.980264E+01	5.568179E+03
11.37	-1.199317E+06	2.229552E+02	5.010549E+01	5.568179E+03
11.375	-1.199317E+06	2.077444E+02	5.075438E+01	5.568179E+03
11.38	-1.199317E+06	2.103794E+02	5.168121E+01	5.568179E+03
11.385	-1.199317E+06	2.166877E+02	5.208919E+01	5.568179E+03
11.39	-1.199317E+06	2.096821E+02	5.219248E+01	5.568179E+03
11.395	-1.199317E+06	2.189252E+02	5.218880E+01	5.568179E+03
11.4	-1.199317E+06	2.331735E+02	5.197308E+01	5.568179E+03
11.405	-1.199317E+06	2.213145E+02	5.177132E+01	5.568179E+03
11.41	-1.199317E+06	2.149089E+02	5.134392E+01	5.568179E+03
11.415	-1.199317E+06	2.285551E+02	5.057086E+01	5.568179E+03
11.42	-1.199317E+06	2.140591E+02	4.982146E+01	5.568179E+03
11.425	-1.199317E+06	2.184742E+02	4.882489E+01	5.568179E+03
11.43	-1.199317E+06	2.290224E+02	4.817342E+01	5.568179E+03
11.435	-1.199317E+06	2.208358E+02	4.820824E+01	5.568179E+03
11.44	-1.199317E+06	2.298847E+02	4.839850E+01	5.568179E+03
11.445	-1.199317E+06	2.395122E+02	4.849410E+01	5.568179E+03
11.45	-1.199317E+06	2.277424E+02	4.862668E+01	5.568179E+03
11.455	-1.199317E+06	2.241389E+02	4.884742E+01	5.568179E+03
11.46	-1.199317E+06	2.287125E+02	4.912362E+01	5.568179E+03
11.465	-1.199317E+06	2.379604E+02	4.944716E+01	5.568179E+03
11.47	-1.199317E+06	2.426262E+02	5.010482E+01	5.568179E+03
11.475	-1.199317E+06	2.360908E+02	5.073571E+01	5.568179E+03
11.48	-1.199316E+06	2.245778E+02	5.146867E+01	5.568179E+03
11.485	-1.199317E+06	2.346385E+02	5.254407E+01	5.568179E+03
11.49	-1.199317E+06	2.454054E+02	5.322089E+01	5.568179E+03
11.495	-1.199317E+06	2.528157E+02	5.318839E+01	5.568179E+03
11.5	-1.199317E+06	2.537700E+02	5.254975E+01	5.568179E+03
11.505	-1.199316E+06	2.380745E+02	5.133111E+01	5.568179E+03
11.51	-1.199316E+06	2.314145E+02	5.036537E+01	5.568179E+03
11.515	-1.199316E+06	2.415565E+02	4.985256E+01	5.568179E+03
11.52	-1.199317E+06	2.639814E+02	4.905619E+01	5.568179E+03
11.525	-1.199316E+06	2.475278E+02	4.852146E+01	5.568179E+03
11.53	-1.199316E+06	2.425227E+02	4.844452E+01	5.568179E+03
11.535	-1.199317E+06	2.511074E+02	4.884874E+01	5.568179E+03
11.54	-1.199316E+06	2.359219E+02	4.980903E+01	5.568179E+03
11.545	-1.199316E+06	2.570646E+02	5.090968E+01	5.568179E+03
11.55	-1.199316E+06	2.697370E+02	5.200550E+01	5.568179E+03
11.555	-1.199316E+06	2.583661E+02	5.254438E+01	5.568179E+03
11.56	-1.199316E+06	2.543447E+02	5.245940E+01	5.568179E+03
11.565	-1.199316E+06	2.536444E+02	5.194782E+01	5.568179E+03
11.57	-1.199316E+06	2.574869E+02	5.115299E+01	5.568179E+03
11.575	-1.199316E+06	2.460797E+02	5.056107E+01	5.568179E+03
11.58	-1.199316E+06	2.486397E+02	4.979724E+01	5.568179E+03
11.585	-1.199316E+06	2.592320E+02	4.897287E+01	5.568179E+03
11.59	-1.199316E+06	2.629881E+02	4.816580E+01	5.568179E+03
11.595	-1.199316E+06	2.637975E+02	4.756718E+01	5.568179E+03
11.6	-1.199315E+06	2.524524E+02	4.804814E+01	5.568179E+03
11.605	-1.199316E+06	2.694059E+02	4.875399E+01	5.568179E+03
11.61	-1.199316E+06	2.697516E+02	4.928525E+01	5.568179E+03
11.615	-1.199315E+06	2.672002E+02	4.984574E+01	5.568179E+03
11.62	-1.199316E+06	2.850738E+02	5.021670E+01	5.568179E+03
11.625	-1.199315E+06	2.752342E+02	5.057803E+01	5.568179E+03
11.63	-1.199316E+06	2.730916E+02	5.041909E+01	5.568179E+03
11.635	-1.199315E+06	2.642037E+02	4.990119E+01	5.568179E+03
11.64	-1.199315E+06	2.707717E+02	4.961407E+01	5.568179E+03
11.645	-1.199316E+06	2.841337E+02	4.961217E+01	5.568179E+03
11.65	-1.199315E+06	2.827609E+02	4.938072E+01	5.568179E+03
11.655	-1.199316E+06	2.868071E+02	4.895055E+01	5.568179E+03
11.66	-1.199315E+06	2.742402E+02	4.840277E+01	5.568179E+03
11.665	-1.199315E+06	2.656443E+02	4.762496E+01	5.568179E+03
11.67	-1.199315E+06	2.712152E+02	4.749194E+01	5.568179E+03
11.675	-1.199315E+06	2.824040E+02	4.805516E+01	5.568179E+03
11.68	-1.199315E+06	2.892053E+02	4.885795E+01	5.568179E+03
11.685	-1.199315E+06	2.904845E+02	4.977717E+01	5.568179E+03
11.69	-1.199316E+06	3.028988E+02	5.033878E+01	5.568179E+03
11.695	-1.199315E+06	2.948546E+02	5.097670E+01	5.568179E+03
11.7	-1.199315E+06	2.879819E+02	5.163454E+01	5.568179E+03
11.705	-1.199315E+06	2.859527E+02	5.155601E+01	5.568179E+03
11.71	-1.199315E+06	2.900446E+02	5.078260E+01	5.568179E+03
11.715	-1.199315E+06	3.010568E+02	4.989401E+01	5.568179E+03
11.72	-1.199315E+06	3.084360E+02	4.891975E+01	5.568179E+03
11.725	-1.199315E+06	3.236472E+02	4.759064E+01	5.568179E+03
11.73	-1.199315E+06	3.083876E+02	4.638778E+01	5.568179E+03
11.735	-1.199315E+06	2.960943E+02	4.558088E+01	5.568179E+03
11.74	-1.199315E+06	2.957172E+02	4.552491E+01	5.568179E+03
11.745	-1.199315E+06	3.026982E+02	4.620196E+01	5.568179E+03
11.75	-1.199315E+06	3.101009E+02	4.694846E+01	5.568179E+03
11.755	-1.199315E+06	3.106762E+02	4.752445E+01	5.568179E+03
11.76	-1.199315E+06	3.207987E+02	4.836418E+01	5.568179E+03
11.765	-1.199314E+06	3.117240E+02	4.946734E+01	5.568179E+03
11.77	-1.199315E+06	3.266182E+02	5.018364E+01	5.568179E+03
11.775	-1.199315E+06	3.278960E+02	5.053245E+01	5.568179E+03
11.78	-1.199314E+06	2.988095E+02	5.011184E+01	5.568179E+03
11.785	-1.199315E+06	3.080303E+02	4.942379E+01	5.568179E+03
11.79	-1.199314E+06	3.188234E+02	4.934598E+01	5.568179E+03
11.795	-1.199315E+06	3.293275E+02	4.882715E+01	5.568179E+03
11.8	-1.199315E+06	3.272637E+02	4.811641E+01	5.568179E+03
11.805	-1.199314E+06	3.089235E+02	4.706543E+01	5.568179E+03
11.81	-1.199314E+06	3.110756E+02	4.578374E+01	5.568179E+03
11.815	-1.199314E+06	3.088554E+02	4.590850E+01	5.568179E+03
11.82	-1.199314E+06	3.260158E+02	4.603481E+01	5.568179E+03
11.825	-1.199314E+06	3.334410E+02	4.570436E+01	5.568179E+03
11.83	-1.199314E+06	3.166238E+02	4.611970E+01	5.568179E+03
11.835	-1.199314E+06	3.301499E+02	4.693202E+01	5.568179E+03
11.84	-1.199314E+06	3.411881E+02	4.849735E+01	5.568179E+03
11.845	-1.199314E+06	3.452783E+02	5.021599E+01	5.568179E+03
11.85	-1.199314E+06	3.561155E+02	5.107313E+01	5.568179E+03
11.855	-1.199314E+06	3.415979E+02	5.152980E+01	5.568179E+03
11.86	-1.199314E+06	3.399120E+02	5.175863E+01	5.568179E+03
11.865	-1.199314E+06	3.378512E+02	5.179612E+01	5.568179E+03
11.87	-1.199314E+06	3.496469E+02	5.117816E+01	5.568179E+03
11.875	-1.199314E+06	3.324101E+02	5.061029E+01	5.568179E+03
11.88	-1.199314E+06	3.371293E+02	4.978591E+01	5.568179E+03
11.885	-1.199314E+06	3.664337E+02	4.883065E+01	5.568179E+03
11.89	-1.199313E+06	3.552854E+02	4.835099E+01	5.568179E+03
11.895	-1.199314E+06	3.684786E+02	4.724501E+01	5.568179E+03
11.9	-1.199314E+06	3.629137E+02	4.633675E+01	5.568179E+03
11.905	-1.199313E+06	3.271962E+02	4.646182E+01	5.568179E+03
11.91	-1.199314E+06	3.471547E+02	4.700480E+01	5.568179E+03
11.915	-1.199313E+06	3.430020E+02	4.897394E+01	5.568179E+03
11.92	-1.199314E+06	3.612208E+02	5.084680E+01	5.568179E+03
11.925	-1.199314E+06	3.799981E+02	5.157051E+01	5.568179E+03
11.93	-1.199313E+06	3.803065E+02	5.175895E+01	5.568179E+03
11.935	-1.199314E+06	3.774362E+02	5.134562E+01	5.568179E+03
11.94	-1.199313E+06	3.611778E+02	5.057664E+01	5.568179E+03
11.945	-1.199313E+06	3.623302E+02	5.008233E+01	5.568179E+03
11.95	-1.199314E+06	3.711927E+02	4.975689E+01	5.568179E+03
11.955	-1.199313E+06	3.642103E+02	4.948013E+01	5.568179E+03
11.96	-1.199313E+06	3.685511E+02	4.938236E+01	5.568179E+03
11.965	-1.199313E+06	3.782470E+02	4.953201E+01	5.568179E+03
11.97	-1.199313E+06	3.725076E+02	4.967209E+01	5.568179E+03
11.975	-1.199313E+06	3.684349E+02	4.990319E+01	5.568179E+03
11.98	-1.199313E+06	3.861224E+02	5.017642E+01	5.568179E+03
11.985	-1.199313E+06	3.902458E+02	5.038742E+01	5.568179E+03
11.99	-1.199313E+06	3.876059E+02	5.037427E+01	5.568179E+03
11.995	-1.199313E+06	3.829722E+02	5.016635E+01	5.568179E+03
12.0	-1.199312E+06	3.661789E+02	5.031191E+01	5.568179E+03
12.005	-1.199313E+06	3.747032E+02	5.072961E+01	5.568179E+03
12.01	-1.199313E+06	3.802824E+02	5.125499E+01	5.568179E+03
12.015	-1.199312E+06	3.623133E+02	5.215009E+01	5.568179E+03
12.02	-1.199313E+06	3.886726E+02	5.303886E+01	5.568179E+03
12.025	-1.199313E+06	3.939263E+02	5.412420E+01	5.568179E+03
12.03	-1.199312E+06	3.980222E+02	5.468423E+01	5.568179E+03
12.035	-1.199313E+06	4.088083E+02	5.468184E+01	5.568179E+03
12.04	-1.199312E+06	3.921137E+02	5.463373E+01	5.568179E+03
12.045	-1.199313E+06	4.213981E+02	5.395116E+01	5.568179E+03
12.05	-1.199313E+06	4.484274E+02	5.326709E+01	5.568179E+03
12.055	-1.199312E+06	4.192810E+02	5.253417E+01	5.568179E+03
12.06	-1.199312E+06	4.064036E+02	5.131231E+01	5.568179E+03
12.065	-1.199313E+06	4.160740E+02	5.036399E+01	5.568179E+03
12.07	-1.199312E+06	3.914842E+02	5.018985E+01	5.568179E+03
12.075	-1.199313E+06	4.049252E+02	5.034448E+01	5.568179E+03
12.08	-1.199312E+06	4.220289E+02	5.127873E+01	5.568179E+03
12.085	-1.199313E+06	4.252515E+02	5.217644E+01	5.568179E+03
12.09	-1.199312E+06	4.047126E+02	5.247727E+01	5.568179E+03
12.095	-1.199312E+06	4.090226E+02	5.241010E+01	5.568179E+03
12.1	-1.199312E+06	4.092471E+02	5.239148E+01	5.568179E+03
12.105	-1.199312E+06	4.148392E+02	5.178323E+01	5.568179E+03
12.11	-1.199312E+06	4.049024E+02	5.144981E+01	5.568179E+03
12.115	-1.199311E+06	3.956539E+02	5.142031E+01	5.568179E+03
12.12	-1.199313E+06	4.470578E+02	5.113921E+01	5.568179E+03
12.125	-1.199312E+06	4.367718E+02	5.161501E+01	5.568179E+03
12.13	-1.199311E+06	4.081360E+02	5.158393E+01	5.568179E+03
12.135	-1.199313E+06	4.420110E+02	5.109205E+01	5.568179E+03
12.14	-1.199311E+06	4.165351E+02	5.194636E+01	5.568179E+03
12.145	-1.199312E+06	4.329095E+02	5.226026E+01	5.568179E+03
12.15	-1.199312E+06	4.575914E+02	5.222719E+01	5.568179E+03
12.155	-1.199312E+06	4.423281E+02	5.193206E+01	5.568179E+03
12.16	-1.199312E+06	4.355943E+02	5.114547E+01	5.568179E+03
12.165	-1.199312E+06	4.361638E+02	5.182223E+01	5.568179E+03
12.17	-1.199312E+06	4.598953E+02	5.301078E+01	5.568179E+03
12.175	-1.199312E+06	4.754413E+02	5.346353E+01	5.568179E+03
12.18	-1.199312E+06	4.699682E+02	5.351193E+01	5.568179E+03
12.185	-1.199312E+06	4.717823E+02	5.298889E+01	5.568179E+03
12.19	-1.199312E+06	4.702998E+02	5.256458E+01	5.568179E+03
12.195	-1.199312E+06	4.475916E+02	5.188174E+01	5.568179E+03
12.2	-1.199312E+06	4.441673E+02	5.086864E+01	5.568179E+03
12.205	-1.199312E+06	4.579167E+02	5.042761E+01	5.568179E+03
12.21	-1.199312E+06	4.632809E+02	5.021957E+01	5.568179E+03
12.215	-1.199311E+06	4.504050E+02	5.067719E+01	5.568179E+03
12.22	-1.199312E+06	4.632574E+02	5.124874E+01	5.568179E+03
12.225	-1.199312E+06	4.711463E+02	5.214078E+01	5.568179E+03
12.23	-1.199311E+06	4.750121E+02	5.318858E+01	5.568179E+03
12.235	-1.199312E+06	4.834984E+02	5.302851E+01	5.568179E+03
12.24	-1.199311E+06	4.758593E+02	5.204181E+01	5.568179E+03
12.245	-1.199311E+06	4.768569E+02	5.070215E+01	5.568179E+03
12.25	-1.199312E+06	4.901114E+02	4.933974E+01	5.568179E+03
12.255	-1.199311E+06	4.906304E+02	4.860041E+01	5.568179E+03
12.26	-1.199311E+06	4.843418E+02	4.783131E+01	5.568179E+03
12.265	-1.199311E+06	4.611893E+02	4.719683E+01	5.568179E+03
12.27	-1.199311E+06	4.655336E+02	4.776103E+01	5.568179E+03
12.275	-1.199311E+06	5.007224E+02	4.891945E+01	5.568179E+03
12.28	-1.199311E+06	5.252384E+02	4.953826E+01	5.568179E+03
12.285	-1.199311E+06	5.210878E+02	5.040983E+01	5.568179E+03
12.29	-1.199311E+06	5.140127E+02	5.131471E+01	5.568179E+03
12.295	-1.199311E+06	4.962478E+02	5.245911E+01	5.568179E+03
12.3	-1.199310E+06	4.774807E+02	5.390207E+01	5.568179E+03
12.305	-1.199311E+06	4.946354E+02	5.434356E+01	5.568179E+03
12.31	-1.199311E+06	4.944280E+02	5.428971E+01	5.568179E+03
12.315	-1.199311E+06	4.921336E+02	5.377643E+01	5.568179E+03
12.32	-1.199311E+06	5.174930E+02	5.282586E+01	5.568179E+03
12.325	-1.199311E+06	5.271249E+02	5.172864E+01	5.568179E+03
12.33	-1.199310E+06	4.845741E+02	5.028974E+01	5.568179E+03
12.335	-1.199310E+06	4.727808E+02	4.919913E+01	5.568179E+03
12.34	-1.199311E+06	5.114783E+02	4.942853E+01	5.568179E+03
12.345	-1.199311E+06	5.236328E+02	4.948655E+01	5.568179E+03
12.35	-1.199310E+06	5.099848E+02	4.896687E+01	5.568179E+03
12.355	-1.199311E+06	5.231499E+02	4.876755E+01	5.568179E+03
12.36	-1.199310E+06	5.142042E+02	4.907758E+01	5.568179E+03
12.365	-1.199311E+06	5.231072E+02	5.050379E+01	5.568179E+03
12.37	-1.199311E+06	5.304406E+02	5.244835E+01	5.568179E+03
12.375	-1.199311E+06	5.317876E+02	5.291224E+01	5.568179E+03
12.38	-1.199310E+06	5.235993E+02	5.357597E+01	5.568179E+03
12.385	-1.199310E+06	5.272354E+02	5.470788E+01	5.568179E+03
12.39	-1.199311E+06	5.642538E+02	5.526483E+01	5.568179E+03
12.395	-1.199310E+06	5.599421E+02	5.641682E+01	5.568179E+03
12.4	-1.199311E+06	5.541365E+02	5.624267E+01	5.568179E+03
12.405	-1.199310E+06	5.211095E+02	5.521803E+01	5.568179E+03
12.41	-1.199310E+06	5.190062E+02	5.474185E+01	5.568179E+03
12.415	-1.199311E+06	5.446759E+02	5.391172E+01	5.568179E+03
12.42	-1.199310E+06	5.449640E+02	5.315799E+01	5.568179E+03
12.425	-1.199311E+06	5.715904E+02	5.259974E+01	5.568179E+03
12.43	-1.199310E+06	5.570178E+02	5.223307E+01	5.568179E+03
12.435	-1.199310E+06	5.416265E+02	5.191689E+01	5.568179E+03
12.44	-1.199310E+06	5.505671E+02	5.172861E+01	5.568179E+03
12.445	-1.199310E+06	5.432411E+02	5.170268E+01	5.568179E+03
12.45	-1.199310E+06	5.388451E+02	5.216051E+01	5.568179E+03
12.455	-1.199310E+06	5.608613E+02	5.336499E+01	5.568179E+03
12.46	-1.199311E+06	5.938407E+02	5.413954E+01	5.568179E+03
12.465	-1.199310E+06	5.558315E+02	5.461265E+01	5.568179E+03
12.47	-1.199309E+06	5.290821E+02	5.466702E+01	5.568179E+03
12.475	-1.199311E+06	5.506759E+02	5.414169E+01	5.568179E+03
12.48	-1.199309E+06	5.298831E+02	5.422709E+01	5.568179E+03
12.485	-1.199310E+06	5.536356E+02	5.431426E+01	5.568179E+03
12.49	-1.199309E+06	5.495121E+02	5.446353E+01	5.568179E+03
12.495	-1.199310E+06	5.766359E+02	5.379585E+01	5.568179E+03
12.5	-1.199309E+06	5.588584E+02	5.330010E+01	5.568179E+03
12.505	-1.199310E+06	5.673928E+02	5.282705E+01	5.568179E+03
12.51	-1.199310E+06	5.862682E+02	5.285727E+01	5.568179E+03
12.515	-1.199309E+06	5.876136E+02	5.299550E+01	5.568179E+03
12.52	-1.199310E+06	6.031724E+02	5.319948E+01	5.568179E+03
12.525	-1.199309E+06	5.805633E+02	5.422305E+01	5.568179E+03
12.53	-1.199310E+06	5.958989E+02	5.460790E+01	5.568179E+03
12.535	-1.199309E+06	5.814577E+02	5.509545E+01	5.568179E+03
12.54	-1.199309E+06	5.709340E+02	5.543666E+01	5.568179E+03
12.545	-1.199310E+06	5.949218E+02	5.455590E+01	5.568179E+03
12.55	-1.199309E+06	5.963311E+02	5.397249E+01	5.568179E+03
12.555	-1.199310E+06	6.219559E+02	5.303476E+01	5.568179E+03
12.56	-1.199309E+06	6.049435E+02	5.160015E+01	5.568179E+03
12.565	-1.199309E+06	5.921795E+02	5.122609E+01	5.568179E+03
12.57	-1.199309E+06	5.965080E+02	5.105554E+01	5.568179E+03
12.575	-1.199309E+06	5.738215E+02	5.088687E+01	5.568179E+03
12.58	-1.199309E+06	5.714799E+02	5.158651E+01	5.568179E+03
12.585	-1.199309E+06	5.907771E+02	5.173576E+01	5.568179E+03
12.59	-1.199309E+06	5.971636E+02	5.109344E+01	5.568179E+03
12.595	-1.199309E+06	5.907870E+02	5.080880E+01	5.568179E+03
12.6	-1.199309E+06	6.026401E+02	5.008797E+01	5.568179E+03
12.605	-1.199309E+06	5.979812E+02	4.934059E+01	5.568179E+03
12.61	-1.199308E+06	5.821869E+02	4.963301E+01	5.568179E+03
12.615	-1.199310E+06	6.202422E+02	4.933240E+01	5.568179E+03
12.62	-1.199308E+06	5.856344E+02	4.976275E+01	5.568179E+03
12.625	-1.199308E+06	5.894447E+02	5.113508E+01	5.568179E+03
12.63	-1.199309E+06	6.199073E+02	5.162990E+01	5.568179E+03
12.635	-1.199309E+06	6.147421E+02	5.177115E+01	5.568179E+03
12.64	-1.199308E+06	5.987723E+02	5.242398E+01	5.568179E+03
12.645	-1.199309E+06	6.470405E+02	5.179306E+01	5.568179E+03
12.65	-1.199309E+06	6.473523E+02	5.148698E+01	5.568179E+03
12.655	-1.199307E+06	5.849871E+02	5.157858E+01	5.568179E+03
12.66	-1.199308E+06	6.066558E+02	5.059185E+01	5.568179E+03
12.665	-1.199309E+06	6.430206E+02	5.092039E+01	5.568179E+03
12.67	-1.199308E+06	6.598078E+02	5.193531E+01	5.568179E+03
12.675	-1.199309E+06	6.713231E+02	5.195647E+01	5.568179E+03
12.68	-1.199308E+06	6.391931E+02	5.178401E+01	5.568179E+03
12.685	-1.199309E+06	6.290769E+02	5.078974E+01	5.568179E+03
12.69	-1.199307E+06	5.953109E+02	5.038646E+01	5.568179E+03
12.695	-1.199308E+06	6.183477E+02	5.053616E+01	5.568179E+03
12.7	-1.199309E+06	6.476061E+02	5.038844E+01	5.568179E+03
12.705	-1.199307E+06	6.299282E+02	5.033970E+01	5.568179E+03
12.71	-1.199309E+06	6.634974E+02	4.984096E+01	5.568179E+03
12.715	-1.199308E+06	6.405674E+02	4.983029E+01	5.568179E+03
12.72	-1.199307E+06	6.201544E+02	4.927236E+01	5.568179E+03
12.725	-1.199309E+06	6.427245E+02	4.850887E+01	5.568179E+03
12.73	-1.199307E+06	6.291600E+02	4.913681E+01	5.568179E+03
12.735	-1.199309E+06	6.413627E+02	4.900737E+01	5.568179E+03
12.74	-1.199308E+06	6.133990E+02	4.953328E+01	5.568179E+03
12.745	-1.199307E+06	6.110593E+02	5.077060E+01	5.568179E+03
12.75	-1.199309E+06	6.592442E+02	5.110789E+01	5.568179E+03
12.755	-1.199307E+06	6.768416E+02	5.164879E+01	5.568179E+03
12.76	-1.199309E+06	7.031851E+02	5.088490E+01	5.568179E+03
12.765	-1.199307E+06	6.438233E+02	4.984469E+01	5.568179E+03
12.77	-1.199307E+06	6.139125E+02	4.954303E+01	5.568179E+03
12.775	-1.199308E+06	6.399782E+02	5.006989E+01	5.568179E+03
12.78	-1.199308E+06	6.544956E+02	5.151516E+01	5.568179E+03
12.785	-1.199308E+06	6.670738E+02	5.245058E+01	5.568179E+03
12.79	-1.199308E+06	6.658782E+02	5.257486E+01	5.568179E+03
12.795	-1.199307E+06	6.500822E+02	5.286749E+01	5.568179E+03
12.8	-1.199309E+06	6.625682E+02	5.285350E+01	5.568179E+03
12.805	-1.199307E+06	6.249526E+02	5.262446E+01	5.568179E+03
12.81	-1.199308E+06	6.424779E+02	5.202601E+01	5.568179E+03
12.815	-1.199307E+06	6.504094E+02	5.215598E+01	5.568179E+03
12.82	-1.199308E+06	6.708283E+02	5.242681E+01	5.568179E+03
12.825	-1.199309E+06	6.857206E+02	5.227292E+01	5.568179E+03
12.83	-1.199307E+06	6.259271E+02	5.175500E+01	5.568179E+03
12.835	-1.199308E+06	6.448234E+02	5.197665E+01	5.568179E+03
12.84	-1.199308E+06	6.781697E+02	5.288605E+01	5.568179E+03
12.845	-1.199308E+06	6.928848E+02	5.249696E+01	5.568179E+03
12.85	-1.199307E+06	6.579251E+02	5.275356E+01	5.568179E+03
12.855	-1.199308E+06	6.653179E+02	5.285114E+01	5.568179E+03
12.86	-1.199308E+06	6.579228E+02	5.277832E+01	5.568179E+03
12.865	-1.199306E+06	6.030154E+02	5.336986E+01	5.568179E+03
12.87	-1.199308E+06	6.752321E+02	5.321515E+01	5.568179E+03
12.875	-1.199308E+06	6.858318E+02	5.359208E+01	5.568179E+03
12.88	-1.199306E+06	6.525775E+02	5.382490E+01	5.568179E+03
12.885	-1.199308E+06	7.008553E+02	5.357884E+01	5.568179E+03
12.89	-1.199306E+06	6.886841E+02	5.470627E+01	5.568179E+03
12.895	-1.199308E+06	7.202428E+02	5.459002E+01	5.568179E+03
12.9	-1.199308E+06	7.232777E+02	5.304377E+01	5.568179E+03
12.905	-1.199307E+06	6.876581E+02	5.140728E+01	5.568179E+03
12.91	-1.199307E+06	6.662004E+02	4.959691E+01	5.568179E+03
12.915	-1.199307E+06	6.464942E+02	4.865991E+01	5.568179E+03
12.92	-1.199307E+06	6.441957E+02	4.827389E+01	5.568179E+03
12.925	-1.199307E+06	6.405606E+02	4.779970E+01	5.568179E+03
12.93	-1.199308E+06	6.685002E+02	4.783454E+01	5.568179E+03
12.935	-1.199307E+06	6.457325E+02	4.865310E+01	5.568179E+03
12.94	-1.199306E+06	6.401361E+02	4.984340E+01	5.568179E+03
12.945	-1.199307E+06	6.752534E+02	5.131501E+01	5.568179E+03
12.95	-1.199307E+06	6.850114E+02	5.212855E+01	5.568179E+03
12.955	-1.199307E+06	6.876138E+02	5.237611E+01	5.568179E+03
12.96	-1.199306E+06	6.510657E+02	5.267031E+01	5.568179E+03
12.965	-1.199308E+06	6.866751E+02	5.265417E+01	5.568179E+03
12.97	-1.199306E+06	6.614053E+02	5.337837E+01	5.568179E+03
12.975	-1.199307E+06	6.831559E+02	5.294322E+01	5.568179E+03
12.98	-1.199308E+06	7.060129E+02	5.158069E+01	5.568179E+03
12.985	-1.199306E+06	6.397359E+02	4.923462E+01	5.568179E+03
12.99	-1.199307E+06	6.460310E+02	4.743787E+01	5.568179E+03
12.995	-1.199307E+06	6.816456E+02	4.827574E+01	5.568179E+03
13.0	-1.199307E+06	7.188162E+02	4.844985E+01	5.568179E+03
13.005	-1.199307E+06	6.993534E+02	4.823200E+01	5.568179E+03
13.01	-1.199305E+06	6.540117E+02	4.833744E+01	5.568179E+03
13.015	-1.199308E+06	6.996042E+02	4.739272E+01	5.568179E+03
13.02	-1.199306E+06	6.639549E+02	4.767689E+01	5.568179E+03
13.025	-1.199306E+06	6.358649E+02	4.768143E+01	5.568179E+03
13.03	-1.199307E+06	6.496305E+02	4.821246E+01	5.568179E+03
13.035	-1.199306E+06	6.646253E+02	4.997012E+01	5.568179E+03
13.04	-1.199307E+06	7.117934E+02	4.983143E+01	5.568179E+03
13.045	-1.199307E+06	7.085579E+02	5.013622E+01	5.568179E+03
13.05	-1.199307E+06	6.915154E+02	5.085970E+01	5.568179E+03
13.055	-1.199306E+06	6.625938E+02	5.093869E+01	5.568179E+03
13.06	-1.199306E+06	6.815452E+02	5.175767E+01	5.568179E+03
13.065	-1.199308E+06	7.177122E+02	5.107348E+01	5.568179E+03
13.07	-1.199307E+06	6.846326E+02	4.929874E+01	5.568179E+03
13.075	-1.199306E+06	6.621638E+02	4.921898E+01	5.568179E+03
13.08	-1.199307E+06	6.796197E+02	4.918148E+01	5.568179E+03
13.085	-1.199307E+06	6.928808E+02	4.958465E+01	5.568179E+03
13.09	-1.199306E+06	7.026086E+02	5.050353E+01	5.568179E+03
13.095	-1.199307E+06	7.133598E+02	4.968211E+01	5.568179E+03
13.1	-1.199306E+06	6.851198E+02	4.908106E+01	5.568179E+03
13.105	-1.199307E+06	6.969383E+02	4.872074E+01	5.568179E+03
13.11	-1.199307E+06	6.869730E+02	4.811648E+01	5.568179E+03
13.115	-1.199306E+06	6.474415E+02	4.752517E+01	5.568179E+03
13.12	-1.199307E+06	6.613617E+02	4.680465E+01	5.568179E+03
13.125	-1.199306E+06	6.417113E+02	4.696293E+01	5.568179E+03
13.13	-1.199306E+06	6.479194E+02	4.684627E+01	5.568179E+03
13.135	-1.199307E+06	6.895649E+02	4.685319E+01	5.568179E+03
13.14	-1.199307E+06	6.891459E+02	4.741731E+01	5.568179E+03
13.145	-1.199307E+06	6.844418E+02	4.726660E+01	5.568179E+03
13.15	-1.199307E+06	6.912784E+02	4.639302E+01	5.568179E+03
13.155	-1.199307E+06	6.944131E+02	4.458774E+01	5.568179E+03
13.16	-1.199307E+06	6.809680E+02	4.412373E+01	5.568179E+03
13.165	-1.199307E+06	6.703836E+02	4.598187E+01	5.568179E+03
13.17	-1.199307E+06	6.740189E+02	4.715566E+01	5.568179E+03
13.175	-1.199307E+06	6.640927E+02	4.798615E+01	5.568179E+03
13.18	-1.199306E+06	6.451309E+02	4.865268E+01	5.568179E+03
13.185	-1.199307E+06	6.614296E+02	4.850296E+01	5.568179E+03
13.19	-1.199307E+06	6.638014E+02	4.932732E+01	5.568179E+03
13.195	-1.199306E+06	6.756631E+02	4.868584E+01	5.568179E+03
13.2	-1.199308E+06	7.111677E+02	4.561377E+01	5.568179E+03
13.205	-1.199306E+06	6.471997E+02	4.318325E+01	5.568179E+03
13.21	-1.199306E+06	6.388085E+02	4.066371E+01	5.568179E+03
13.215	-1.199307E+06	6.507251E+02	4.036381E+01	5.568179E+03
13.22	-1.199306E+06	6.536140E+02	4.158003E+01	5.568179E+03
13.225	-1.199308E+06	6.782218E+02	4.150511E+01	5.568179E+03
13.23	-1.199306E+06	6.371353E+02	4.227052E+01	5.568179E+03
13.235	-1.199307E+06	6.376091E+02	4.326471E+01	5.568179E+03
13.24	-1.199306E+06	6.371137E+02	4.513406E+01	5.568179E+03
13.245	-1.199307E+06	6.539305E+02	4.830602E+01	5.568179E+03
13.25	-1.199307E+06	6.672151E+02	5.098145E+01	5.568179E+03
13.255	-1.199307E+06	6.757630E+02	5.224400E+01	5.568179E+03
13.26	-1.199307E+06	6.848425E+02	5.280373E+01	5.568179E+03
13.265	-1.199307E+06	6.708272E+02	5.270729E+01	5.568179E+03
13.27	-1.199307E+06	6.619483E+02	5.177223E+01	5.568179E+03
13.275	-1.199307E+06	6.412332E+02	5.037511E+01	5.568179E+03
13.28	-1.199306E+06	6.264692E+02	4.885040E+01	5.568179E+03
13.285	-1.199307E+06	6.542603E+02	4.726568E+01	5.568179E+03
13.29	-1.199307E+06	6.768649E+02	4.661157E+01	5.568179E+03
13.295	-1.199308E+06	6.897708E+02	4.613901E+01	5.568179E+03
13.3	-1.199307E+06	6.562620E+02	4.535262E+01	5.568179E+03
13.305	-1.199306E+06	6.239454E+02	4.633841E+01	5.568179E+03
13.31	-1.199307E+06	6.625878E+02	4.810418E+01	5.568179E+03
13.315	-1.199308E+06	6.747066E+02	4.861234E+01	5.568179E+03
13.32	-1.199305E+06	5.973846E+02	4.938323E+01	5.568179E+03
13.325	-1.199307E+06	6.334202E+02	4.912014E+01	5.568179E+03
13.33	-1.199308E+06	6.561993E+02	4.922282E+01	5.568179E+03
