Diffusion in Zeolites. ZSM5 (Silicate) Crystal Structure, Si(96)O(192) +
 ENERGY UNITS = kjoule/mol
         0  0.000000E+00        41
 -1.201992E+06  3.000000E+02 -1.203073E+06  2.930325E+05 -1.496106E+06
  0.000000E+00  3.012652E-03  0.000000E+00  0.000000E+00 -1.183245E+06
  3.000000E+02 -5.408505E+04 -1.549320E+06  1.495221E+06  0.000000E+00
 -2.911804E-02  0.000000E+00  0.000000E+00  5.568179E+03  0.000000E+00
  0.000000E+00  0.000000E+00  9.000000E+01  9.000000E+01  9.000000E+01
  0.000000E+00  5.517533E+01  0.000000E+00  0.000000E+00  0.000000E+00
  0.000000E+00  0.000000E+00  5.877598E+01 -1.952039E+00  4.507402E-01
 -1.952039E+00  5.338094E+01 -4.128748E+00  4.507402E-01 -4.128748E+00
  5.336908E+01
        30  3.000000E-02        41
 -1.201993E+06  3.184369E+02 -1.203140E+06  2.920883E+05 -1.495229E+06
  0.000000E+00  2.809719E-03  0.000000E+00  0.000000E+00 -1.184242E+06
  3.392193E+02 -5.096441E+04 -1.545318E+06  1.494346E+06  0.000000E+00
 -2.716822E-02  0.000000E+00  0.000000E+00  5.568179E+03  0.000000E+00
  0.000000E+00  0.000000E+00  9.000000E+01  9.000000E+01  9.000000E+01
  0.000000E+00  5.224321E+01  0.000000E+00  8.721010E-03  1.752587E-02
  1.604404E-02  3.281702E-02  4.533609E+01 -8.283552E-01 -1.840201E-01
 -8.283552E-01  5.622915E+01 -2.201219E+00 -1.840201E-01 -2.201219E+00
  5.516439E+01
        60  6.000000E-02        41
 -1.201992E+06  2.991414E+02 -1.203070E+06  2.925378E+05 -1.495608E+06
  0.000000E+00  2.968361E-03  0.000000E+00  0.000000E+00 -1.183802E+06
  3.722665E+02 -5.242207E+04 -1.547156E+06  1.494727E+06  0.000000E+00
 -2.867451E-02  0.000000E+00  0.000000E+00  5.568179E+03  0.000000E+00
  0.000000E+00  0.000000E+00  9.000000E+01  9.000000E+01  9.000000E+01
  0.000000E+00  5.353600E+01  0.000000E+00  1.938214E-02  2.717827E-02
  6.500991E-02  1.361579E-01  5.753035E+01  2.951209E+00  5.226549E+00
  2.951209E+00  5.764270E+01 -1.398119E+00  5.226549E+00 -1.398119E+00
  4.543494E+01
        90  9.000000E-02        41
 -1.201993E+06  3.144746E+02 -1.203126E+06  2.923967E+05 -1.495523E+06
  0.000000E+00  2.885579E-03  0.000000E+00  0.000000E+00 -1.183920E+06
  3.676077E+02 -5.196050E+04 -1.546621E+06  1.494649E+06  0.000000E+00
 -2.791245E-02  0.000000E+00  0.000000E+00  5.568179E+03  0.000000E+00
  0.000000E+00  0.000000E+00  9.000000E+01  9.000000E+01  9.000000E+01
  0.000000E+00  5.319172E+01  0.000000E+00  2.812788E-02  3.622322E-02
  1.470394E-01  3.115875E-01  4.739271E+01  3.417257E+00 -4.223242E+00
  3.417257E+00  5.380654E+01  3.022762E-01 -4.223242E+00  3.022762E-01
  5.837592E+01
       120  1.200000E-01        41
 -1.201993E+06  3.183699E+02 -1.203140E+06  2.923986E+05 -1.495539E+06
  0.000000E+00  2.784150E-03  0.000000E+00  0.000000E+00 -1.183882E+06
  3.345156E+02 -5.204513E+04 -1.546726E+06  1.494661E+06  0.000000E+00
 -2.690945E-02  0.000000E+00  0.000000E+00  5.568179E+03  0.000000E+00
  0.000000E+00  0.000000E+00  9.000000E+01  9.000000E+01  9.000000E+01
  0.000000E+00  5.330311E+01  0.000000E+00  3.800701E-02  4.442583E-02
  2.613380E-01  5.536223E-01  5.797676E+01  1.050742E+00 -1.077024E+00
  1.050742E+00  5.660610E+01  1.921047E+00 -1.077024E+00  1.921047E+00
  4.532646E+01
       150  1.500000E-01        41
 -1.201993E+06  3.124797E+02 -1.203119E+06  2.930812E+05 -1.496200E+06
  0.000000E+00  2.901971E-03  0.000000E+00  0.000000E+00 -1.183144E+06
  2.297696E+02 -5.429761E+04 -1.549617E+06  1.495323E+06  0.000000E+00
 -2.803649E-02  0.000000E+00  0.000000E+00  5.568179E+03  0.000000E+00
  0.000000E+00  0.000000E+00  9.000000E+01  9.000000E+01  9.000000E+01
  0.000000E+00  5.547384E+01  0.000000E+00  4.248916E-02  5.448425E-02
  4.015823E-01  8.380198E-01  4.983662E+01 -1.851024E+00 -5.803002E+00
 -1.851024E+00  5.854415E+01  7.078283E-01 -5.803002E+00  7.078283E-01
  5.804075E+01
       180  1.800000E-01        41
 -1.201993E+06  3.100555E+02 -1.203110E+06  2.926057E+05 -1.495716E+06
  0.000000E+00  2.866705E-03  0.000000E+00  0.000000E+00 -1.183630E+06
  1.084847E+02 -5.285446E+04 -1.547689E+06  1.494835E+06  0.000000E+00
 -2.768088E-02  0.000000E+00  0.000000E+00  5.568179E+03  0.000000E+00
  0.000000E+00  0.000000E+00  9.000000E+01  9.000000E+01  9.000000E+01
  0.000000E+00  5.404384E+01  0.000000E+00  4.454282E-02  5.772002E-02
  5.647812E-01  1.127190E+00  5.228396E+01 -3.827292E-01 -4.066970E+00
 -3.827292E-01  5.582289E+01 -1.580039E+00 -4.066970E+00 -1.580039E+00
  5.402468E+01
       210  2.100000E-01        41
 -1.201992E+06  3.055287E+02 -1.203094E+06  2.930180E+05 -1.496112E+06
  0.000000E+00  3.005125E-03  0.000000E+00  0.000000E+00 -1.183244E+06
  5.424742E+01 -5.404465E+04 -1.549277E+06  1.495230E+06  0.000000E+00
 -2.902304E-02  0.000000E+00  0.000000E+00  5.568179E+03  0.000000E+00
  0.000000E+00  0.000000E+00  9.000000E+01  9.000000E+01  9.000000E+01
  0.000000E+00  5.518081E+01  0.000000E+00  4.375956E-02  5.270429E-02
  7.547033E-01  1.411394E+00  5.286491E+01 -6.602423E-02  3.016061E+00
 -6.602423E-02  5.091957E+01 -1.628811E+00  3.016061E+00 -1.628811E+00
  6.175796E+01
       240  2.400000E-01        41
 -1.201993E+06  3.073810E+02 -1.203100E+06  2.937693E+05 -1.496870E+06
  0.000000E+00  3.073492E-03  0.000000E+00  0.000000E+00 -1.182392E+06
  2.635819E+01 -5.658692E+04 -1.552568E+06  1.495979E+06  0.000000E+00
 -2.967921E-02  0.000000E+00  0.000000E+00  5.568179E+03  0.000000E+00
  0.000000E+00  0.000000E+00  9.000000E+01  9.000000E+01  9.000000E+01
  0.000000E+00  5.768873E+01  0.000000E+00  3.966929E-02  5.064206E-02
  9.799267E-01  1.707378E+00  5.404159E+01  1.197730E-01  2.408493E+00
  1.197730E-01  6.073606E+01  3.683403E+00  2.408493E+00  3.683403E+00
  5.828853E+01
       270  2.700000E-01        41
 -1.201992E+06  2.907111E+02 -1.203040E+06  2.927501E+05 -1.495790E+06
  0.000000E+00  3.092152E-03  0.000000E+00  0.000000E+00 -1.183575E+06
  1.233701E+01 -5.315409E+04 -1.548055E+06  1.494907E+06  0.000000E+00
 -2.986423E-02  0.000000E+00  0.000000E+00  5.568179E+03  0.000000E+00
  0.000000E+00  0.000000E+00  9.000000E+01  9.000000E+01  9.000000E+01
  0.000000E+00  5.420334E+01  0.000000E+00  3.706088E-02  4.677702E-02
  1.246007E+00  2.021519E+00  5.172156E+01  1.645026E+00 -2.575208E+00
  1.645026E+00  5.426971E+01 -8.378710E-01 -2.575208E+00 -8.378710E-01
  5.661876E+01
       300  3.000000E-01        41
 -1.201992E+06  3.003487E+02 -1.203075E+06  2.927929E+05 -1.495868E+06
  0.000000E+00  2.846999E-03  0.000000E+00  0.000000E+00 -1.183474E+06
  9.510665E+00 -5.338875E+04 -1.548374E+06  1.494980E+06  0.000000E+00
 -2.748781E-02  0.000000E+00  0.000000E+00  5.568179E+03  0.000000E+00
  0.000000E+00  0.000000E+00  9.000000E+01  9.000000E+01  9.000000E+01
  0.000000E+00  5.450179E+01  0.000000E+00  3.415955E-02  4.334497E-02
  1.556456E+00  2.372567E+00  4.984769E+01  1.152345E+00  1.714914E+00
  1.152345E+00  5.780911E+01  1.760850E+00  1.714914E+00  1.760850E+00
  5.584858E+01
       330  3.300000E-01        41
 -1.201992E+06  3.027297E+02 -1.203083E+06  2.937151E+05 -1.496799E+06
  0.000000E+00  3.221569E-03  0.000000E+00  0.000000E+00 -1.182482E+06
  1.604912E+01 -5.634864E+04 -1.552277E+06  1.495919E+06  0.000000E+00
 -3.106070E-02  0.000000E+00  0.000000E+00  5.568179E+03  0.000000E+00
  0.000000E+00  0.000000E+00  9.000000E+01  9.000000E+01  9.000000E+01
  0.000000E+00  5.742231E+01  0.000000E+00  3.342631E-02  4.131899E-02
  1.916813E+00  2.772525E+00  5.424859E+01 -2.867504E+00 -1.066932E+00
 -2.867504E+00  6.094578E+01 -2.116986E+00 -1.066932E+00 -2.116986E+00
  5.707257E+01
       360  3.600000E-01        41
 -1.201993E+06  3.039665E+02 -1.203088E+06  2.926999E+05 -1.495788E+06
  0.000000E+00  3.041427E-03  0.000000E+00  0.000000E+00 -1.183613E+06
  1.642160E+01 -5.294796E+04 -1.547861E+06  1.494905E+06  0.000000E+00
 -2.932852E-02  0.000000E+00  0.000000E+00  5.568179E+03  0.000000E+00
  0.000000E+00  0.000000E+00  9.000000E+01  9.000000E+01  9.000000E+01
  0.000000E+00  5.409476E+01  0.000000E+00  3.366135E-02  4.028151E-02
  2.331189E+00  3.230828E+00  5.714934E+01 -4.266563E+00 -2.304326E-01
 -4.266563E+00  5.432278E+01  4.371202E+00 -2.304326E-01  4.371202E+00
  5.081216E+01
       390  3.900000E-01        41
 -1.201992E+06  3.010623E+02 -1.203077E+06  2.926930E+05 -1.495770E+06
  0.000000E+00  2.983060E-03  0.000000E+00  0.000000E+00 -1.183574E+06
  2.858813E+01 -5.308520E+04 -1.547971E+06  1.494891E+06  0.000000E+00
 -2.882201E-02  0.000000E+00  0.000000E+00  5.568179E+03  0.000000E+00
  0.000000E+00  0.000000E+00  9.000000E+01  9.000000E+01  9.000000E+01
  0.000000E+00  5.420857E+01  0.000000E+00  3.381506E-02  4.072381E-02
  2.768671E+00  3.682575E+00  5.209910E+01 -4.704626E-01  1.980621E+00
 -4.704626E-01  5.605927E+01 -7.409794E-01  1.980621E+00 -7.409794E-01
  5.446734E+01
       420  4.200000E-01        41
 -1.201993E+06  3.203374E+02 -1.203148E+06  2.927738E+05 -1.495921E+06
  0.000000E+00  2.886415E-03  0.000000E+00  0.000000E+00 -1.183386E+06
  2.441301E+02 -5.351844E+04 -1.548532E+06  1.495040E+06  0.000000E+00
 -2.789662E-02  0.000000E+00  0.000000E+00  5.568179E+03  0.000000E+00
  0.000000E+00  0.000000E+00  9.000000E+01  9.000000E+01  9.000000E+01
  0.000000E+00  5.476465E+01  0.000000E+00  3.338758E-02  4.396943E-02
  3.126415E+00  3.974845E+00  5.695831E+01  1.428047E+00 -2.021382E+00
  1.428047E+00  5.470717E+01  5.700099E-02 -2.021382E+00  5.700099E-02
  5.262846E+01
       450  4.500000E-01        41
 -1.201992E+06  3.061118E+02 -1.203096E+06  2.927000E+05 -1.495796E+06
  0.000000E+00  2.860913E-03  0.000000E+00  0.000000E+00 -1.183531E+06
  7.445526E+02 -5.319445E+04 -1.548096E+06  1.494917E+06  0.000000E+00
 -2.762202E-02  0.000000E+00  0.000000E+00  5.568179E+03  0.000000E+00
  0.000000E+00  0.000000E+00  9.000000E+01  9.000000E+01  9.000000E+01
  0.000000E+00  5.433394E+01  0.000000E+00  3.688032E-02  4.462864E-02
  3.310418E+00  4.010657E+00  5.299322E+01  3.151119E+00 -2.867764E+00
  3.151119E+00  5.511149E+01  4.302129E-01 -2.867764E+00  4.302129E-01
  5.489712E+01
       480  4.800000E-01        41
 -1.201992E+06  3.039215E+02 -1.203088E+06  2.917168E+05 -1.494805E+06
  0.000000E+00  2.876862E-03  0.000000E+00  0.000000E+00 -1.184665E+06
  1.136617E+03 -4.981925E+04 -1.543743E+06  1.493921E+06  0.000000E+00
 -2.778819E-02  0.000000E+00  0.000000E+00  5.568179E+03  0.000000E+00
  0.000000E+00  0.000000E+00  9.000000E+01  9.000000E+01  9.000000E+01
  0.000000E+00  5.099756E+01  0.000000E+00  3.638875E-02  4.677894E-02
  3.411395E+00  3.993435E+00  5.118141E+01  5.359705E-01  3.132550E+00
  5.359705E-01  5.222445E+01  6.831068E-01  3.132550E+00  6.831068E-01
  4.958682E+01
       510  5.100000E-01        41
 -1.201993E+06  3.119744E+02 -1.203117E+06  2.926658E+05 -1.495783E+06
  0.000000E+00  2.966501E-03  0.000000E+00  0.000000E+00 -1.183597E+06
  1.248523E+03 -5.296883E+04 -1.547865E+06  1.494897E+06  0.000000E+00
 -2.865956E-02  0.000000E+00  0.000000E+00  5.568179E+03  0.000000E+00
  0.000000E+00  0.000000E+00  9.000000E+01  9.000000E+01  9.000000E+01
  0.000000E+00  5.414172E+01  0.000000E+00  3.653787E-02  4.924393E-02
  3.558578E+00  4.144910E+00  4.810082E+01  1.532068E+00 -2.820872E+00
  1.532068E+00  6.118952E+01 -9.464791E-01 -2.820872E+00 -9.464791E-01
  5.313482E+01
       540  5.400000E-01        41
 -1.201992E+06  3.045654E+02 -1.203090E+06  2.929324E+05 -1.496023E+06
  0.000000E+00  2.906794E-03  0.000000E+00  0.000000E+00 -1.183283E+06
  1.137977E+03 -5.396157E+04 -1.549076E+06  1.495140E+06  0.000000E+00
 -2.809775E-02  0.000000E+00  0.000000E+00  5.568179E+03  0.000000E+00
  0.000000E+00  0.000000E+00  9.000000E+01  9.000000E+01  9.000000E+01
  0.000000E+00  5.506597E+01  0.000000E+00  3.898957E-02  4.564093E-02
  3.789348E+00  4.525322E+00  5.535186E+01  3.329133E-01  3.674668E+00
  3.329133E-01  5.126106E+01  1.110562E+00  3.674668E+00  1.110562E+00
  5.858498E+01
       570  5.700000E-01        41
 -1.201993E+06  3.159429E+02 -1.203132E+06  2.920528E+05 -1.495184E+06
  0.000000E+00  2.839521E-03  0.000000E+00  0.000000E+00 -1.184170E+06
  4.202316E+02 -5.120093E+04 -1.545397E+06  1.494298E+06  0.000000E+00
 -2.743439E-02  0.000000E+00  0.000000E+00  5.568179E+03  0.000000E+00
  0.000000E+00  0.000000E+00  9.000000E+01  9.000000E+01  9.000000E+01
  0.000000E+00  5.245563E+01  0.000000E+00  3.599454E-02  4.630534E-02
  4.000479E+00  4.952688E+00  4.915570E+01 -2.924789E+00 -2.030532E-02
 -2.924789E+00  5.303520E+01  1.206666E+00 -2.030532E-02  1.206666E+00
  5.517598E+01
       600  6.000000E-01        41
 -1.201993E+06  3.098405E+02 -1.203109E+06  2.939943E+05 -1.497104E+06
  0.000000E+00  3.202023E-03  0.000000E+00  0.000000E+00 -1.182074E+06
  2.365598E+01 -5.752362E+04 -1.553643E+06  1.496216E+06  0.000000E+00
 -3.089111E-02  0.000000E+00  0.000000E+00  5.568179E+03  0.000000E+00
  0.000000E+00  0.000000E+00  9.000000E+01  9.000000E+01  9.000000E+01
  0.000000E+00  5.862515E+01  0.000000E+00  3.599020E-02  4.304344E-02
  3.934663E+00  4.968729E+00  5.532109E+01  8.937357E-01  2.054861E-01
  8.937357E-01  5.983566E+01 -3.128504E-01  2.054861E-01 -3.128504E-01
  6.071871E+01
       630  6.300000E-01        41
 -1.201992E+06  3.160468E+02 -1.203132E+06  2.931261E+05 -1.496258E+06
  0.000000E+00  2.986745E-03  0.000000E+00  0.000000E+00 -1.183016E+06
  5.819019E+01 -5.465228E+04 -1.549901E+06  1.495370E+06  0.000000E+00
 -2.882504E-02  0.000000E+00  0.000000E+00  5.568179E+03  0.000000E+00
  0.000000E+00  0.000000E+00  9.000000E+01  9.000000E+01  9.000000E+01
  0.000000E+00  5.585123E+01  0.000000E+00  3.473730E-02  4.331648E-02
  3.653984E+00  4.655755E+00  4.921622E+01  1.883213E+00  1.390900E+00
  1.883213E+00  5.799599E+01 -1.885158E-01  1.390900E+00 -1.885158E-01
  6.034147E+01
       660  6.600000E-01        41
 -1.201993E+06  3.179946E+02 -1.203139E+06  2.927894E+05 -1.495928E+06
  0.000000E+00  2.887237E-03  0.000000E+00  0.000000E+00 -1.183428E+06
  2.047705E+02 -5.340514E+04 -1.548403E+06  1.495045E+06  0.000000E+00
 -2.788240E-02  0.000000E+00  0.000000E+00  5.568179E+03  0.000000E+00
  0.000000E+00  0.000000E+00  9.000000E+01  9.000000E+01  9.000000E+01
  0.000000E+00  5.463788E+01  0.000000E+00  3.449412E-02  4.642423E-02
  3.239819E+00  4.151478E+00  4.976384E+01  1.920450E+00  3.919955E+00
  1.920450E+00  5.616281E+01  1.773553E+00  3.919955E+00  1.773553E+00
  5.798699E+01
       690  6.900000E-01        41
 -1.201993E+06  3.189526E+02 -1.203143E+06  2.930492E+05 -1.496192E+06
  0.000000E+00  3.038803E-03  0.000000E+00  0.000000E+00 -1.183132E+06
  3.413088E+02 -5.429114E+04 -1.549599E+06  1.495315E+06  0.000000E+00
 -2.935329E-02  0.000000E+00  0.000000E+00  5.568179E+03  0.000000E+00
  0.000000E+00  0.000000E+00  9.000000E+01  9.000000E+01  9.000000E+01
  0.000000E+00  5.551055E+01  0.000000E+00  3.905625E-02  4.777686E-02
  2.824359E+00  3.656032E+00  5.167975E+01 -1.240831E+00  3.730172E+00
 -1.240831E+00  6.004069E+01  2.869685E+00  3.730172E+00  2.869685E+00
  5.481121E+01
       720  7.200000E-01        41
 -1.201992E+06  3.022221E+02 -1.203082E+06  2.927467E+05 -1.495828E+06
  0.000000E+00  3.093542E-03  0.000000E+00  0.000000E+00 -1.183554E+06
  4.333903E+02 -5.314891E+04 -1.548107E+06  1.494953E+06  0.000000E+00
 -2.987270E-02  0.000000E+00  0.000000E+00  5.568179E+03  0.000000E+00
  0.000000E+00  0.000000E+00  9.000000E+01  9.000000E+01  9.000000E+01
  0.000000E+00  5.426937E+01  0.000000E+00  3.866215E-02  4.897418E-02
  2.476973E+00  3.275304E+00  5.678616E+01 -4.201725E+00  1.863287E+00
 -4.201725E+00  5.046948E+01  2.046674E+00  1.863287E+00  2.046674E+00
  5.555247E+01
       750  7.500000E-01        41
 -1.201993E+06  3.066984E+02 -1.203098E+06  2.926521E+05 -1.495750E+06
  0.000000E+00  2.932399E-03  0.000000E+00  0.000000E+00 -1.183654E+06
  4.939783E+02 -5.281637E+04 -1.547709E+06  1.494877E+06  0.000000E+00
 -2.834924E-02  0.000000E+00  0.000000E+00  5.568179E+03  0.000000E+00
  0.000000E+00  0.000000E+00  9.000000E+01  9.000000E+01  9.000000E+01
  0.000000E+00  5.397330E+01  0.000000E+00  3.771272E-02  4.640831E-02
  2.215921E+00  3.044289E+00  5.314402E+01 -3.153321E-01 -2.308277E+00
 -3.153321E-01  5.586650E+01  2.470551E+00 -2.308277E+00  2.470551E+00
  5.290937E+01
       780  7.800000E-01        41
 -1.201992E+06  2.923622E+02 -1.203046E+06  2.920762E+05 -1.495122E+06
  0.000000E+00  3.005584E-03  0.000000E+00  0.000000E+00 -1.184318E+06
  5.310240E+02 -5.092704E+04 -1.545196E+06  1.494251E+06  0.000000E+00
 -2.903689E-02  0.000000E+00  0.000000E+00  5.568179E+03  0.000000E+00
  0.000000E+00  0.000000E+00  9.000000E+01  9.000000E+01  9.000000E+01
  0.000000E+00  5.201745E+01  0.000000E+00  3.610531E-02  4.621502E-02
  2.042637E+00  2.967730E+00  4.985180E+01  1.207150E+00  3.361576E+00
  1.207150E+00  5.663919E+01 -4.098612E+00  3.361576E+00 -4.098612E+00
  4.956135E+01
       810  8.100000E-01        41
 -1.201992E+06  3.075206E+02 -1.203101E+06  2.924362E+05 -1.495537E+06
  0.000000E+00  2.789083E-03  0.000000E+00  0.000000E+00 -1.183893E+06
  5.586608E+02 -5.209498E+04 -1.546775E+06  1.494660E+06  0.000000E+00
 -2.697430E-02  0.000000E+00  0.000000E+00  5.568179E+03  0.000000E+00
  0.000000E+00  0.000000E+00  9.000000E+01  9.000000E+01  9.000000E+01
  0.000000E+00  5.326980E+01  0.000000E+00  3.637795E-02  4.546804E-02
  1.945848E+00  3.034324E+00  5.326983E+01 -1.718384E+00 -3.368217E+00
 -1.718384E+00  5.971336E+01  2.507389E-01 -3.368217E+00  2.507389E-01
  4.682620E+01
       840  8.400000E-01        41
 -1.201992E+06  3.029866E+02 -1.203084E+06  2.920093E+05 -1.495094E+06
  0.000000E+00  2.925927E-03  0.000000E+00  0.000000E+00 -1.184368E+06
  5.344684E+02 -5.070139E+04 -1.544923E+06  1.494212E+06  0.000000E+00
 -2.827038E-02  0.000000E+00  0.000000E+00  5.568179E+03  0.000000E+00
  0.000000E+00  0.000000E+00  9.000000E+01  9.000000E+01  9.000000E+01
  0.000000E+00  5.187112E+01  0.000000E+00  3.747057E-02  4.880562E-02
  1.912880E+00  3.218404E+00  4.739226E+01 -6.157044E-01  1.612891E+00
 -6.157044E-01  5.418540E+01 -1.066341E+00  1.612891E+00 -1.066341E+00
  5.403569E+01
       870  8.700000E-01        41
 -1.201992E+06  2.929253E+02 -1.203048E+06  2.921303E+05 -1.495178E+06
  0.000000E+00  3.147557E-03  0.000000E+00  0.000000E+00 -1.184234E+06
  4.354254E+02 -5.117490E+04 -1.545457E+06  1.494305E+06  0.000000E+00
 -3.041431E-02  0.000000E+00  0.000000E+00  5.568179E+03  0.000000E+00
  0.000000E+00  0.000000E+00  9.000000E+01  9.000000E+01  9.000000E+01
  0.000000E+00  5.226694E+01  0.000000E+00  4.171761E-02  5.132816E-02
  1.934532E+00  3.483123E+00  5.446088E+01  5.473246E-01 -2.120802E+00
  5.473246E-01  5.385156E+01  1.815012E+00 -2.120802E+00  1.815012E+00
  4.848837E+01
       900  9.000000E-01        41
 -1.201993E+06  3.042848E+02 -1.203089E+06  2.912089E+05 -1.494298E+06
  0.000000E+00  2.913383E-03  0.000000E+00  0.000000E+00 -1.185198E+06
  3.111842E+02 -4.819736E+04 -1.541585E+06  1.493419E+06  0.000000E+00
 -2.819086E-02  0.000000E+00  0.000000E+00  5.568179E+03  0.000000E+00
  0.000000E+00  0.000000E+00  9.000000E+01  9.000000E+01  9.000000E+01
  0.000000E+00  4.942914E+01  0.000000E+00  4.522836E-02  5.514535E-02
  2.006266E+00  3.793772E+00  4.862214E+01 -1.045535E+00 -5.962138E+00
 -1.045535E+00  4.258746E+01 -2.735507E-01 -5.962138E+00 -2.735507E-01
  5.707783E+01
       930  9.300000E-01        41
 -1.201992E+06  3.006789E+02 -1.203076E+06  2.919078E+05 -1.494984E+06
  0.000000E+00  3.093653E-03  0.000000E+00  0.000000E+00 -1.184395E+06
  2.421998E+02 -5.063066E+04 -1.544705E+06  1.494102E+06  0.000000E+00
 -2.990362E-02  0.000000E+00  0.000000E+00  5.568179E+03  0.000000E+00
  0.000000E+00  0.000000E+00  9.000000E+01  9.000000E+01  9.000000E+01
  0.000000E+00  5.179256E+01  0.000000E+00  4.474430E-02  5.448503E-02
  2.112659E+00  4.125994E+00  5.276076E+01 -2.162102E+00 -1.495592E+00
 -2.162102E+00  5.210346E+01 -2.629928E+00 -1.495592E+00 -2.629928E+00
  5.051346E+01
       960  9.600000E-01        41
 -1.201992E+06  3.173177E+02 -1.203136E+06  2.911804E+05 -1.494317E+06
  0.000000E+00  2.842227E-03  0.000000E+00  0.000000E+00 -1.185267E+06
  1.869371E+02 -4.789271E+04 -1.541313E+06  1.493437E+06  0.000000E+00
 -2.748346E-02  0.000000E+00  0.000000E+00  5.568179E+03  0.000000E+00
  0.000000E+00  0.000000E+00  9.000000E+01  9.000000E+01  9.000000E+01
  0.000000E+00  4.922548E+01  0.000000E+00  4.416204E-02  5.235329E-02
  2.241506E+00  4.463363E+00  4.619568E+01  1.049850E+00  1.107973E+00
  1.049850E+00  4.404925E+01  3.595775E-01  1.107973E+00  3.595775E-01
  5.743150E+01
       990  9.900000E-01        41
 -1.201993E+06  3.111303E+02 -1.203114E+06  2.920805E+05 -1.495195E+06
  0.000000E+00  3.133419E-03  0.000000E+00  0.000000E+00 -1.184218E+06
  1.375295E+02 -5.108407E+04 -1.545396E+06  1.494317E+06  0.000000E+00
 -3.024919E-02  0.000000E+00  0.000000E+00  5.568179E+03  0.000000E+00
  0.000000E+00  0.000000E+00  9.000000E+01  9.000000E+01  9.000000E+01
  0.000000E+00  5.231386E+01  0.000000E+00  4.064547E-02  5.155060E-02
  2.375416E+00  4.780239E+00  5.399879E+01 -1.210129E+00 -4.343250E+00
 -1.210129E+00  5.509819E+01  4.116723E+00 -4.343250E+00  4.116723E+00
  4.784461E+01
      1020  1.020000E+00        41
 -1.201992E+06  3.052860E+02 -1.203093E+06  2.911812E+05 -1.494274E+06
  0.000000E+00  2.968782E-03  0.000000E+00  0.000000E+00 -1.185252E+06
  6.284844E+01 -4.802114E+04 -1.541403E+06  1.493401E+06  0.000000E+00
 -2.870303E-02  0.000000E+00  0.000000E+00  5.568179E+03  0.000000E+00
  0.000000E+00  0.000000E+00  9.000000E+01  9.000000E+01  9.000000E+01
  0.000000E+00  4.926942E+01  0.000000E+00  4.173242E-02  4.708165E-02
  2.481264E+00  5.018922E+00  4.523305E+01  1.362920E+00  2.343467E+00
  1.362920E+00  4.833760E+01 -2.119368E+00  2.343467E+00 -2.119368E+00
  5.423762E+01
      1050  1.050000E+00        41
 -1.201992E+06  3.190414E+02 -1.203142E+06  2.916652E+05 -1.494807E+06
  0.000000E+00  2.912565E-03  0.000000E+00  0.000000E+00 -1.184678E+06
  2.615480E+01 -4.964248E+04 -1.543578E+06  1.493936E+06  0.000000E+00
 -2.815992E-02  0.000000E+00  0.000000E+00  5.568179E+03  0.000000E+00
  0.000000E+00  0.000000E+00  9.000000E+01  9.000000E+01  9.000000E+01
  0.000000E+00  5.095825E+01  0.000000E+00  3.776515E-02  4.631667E-02
  2.517219E+00  5.065702E+00  4.361674E+01  4.900226E-01 -4.254493E-01
  4.900226E-01  6.098345E+01  9.605848E-01 -4.254493E-01  9.605848E-01
  4.827455E+01
      1080  1.080000E+00        41
 -1.201993E+06  3.096814E+02 -1.203109E+06  2.905985E+05 -1.493708E+06
  0.000000E+00  3.073997E-03  0.000000E+00  0.000000E+00 -1.185846E+06
  3.417628E+01 -4.620778E+04 -1.539054E+06  1.492845E+06  0.000000E+00
 -2.975724E-02  0.000000E+00  0.000000E+00  5.568179E+03  0.000000E+00
  0.000000E+00  0.000000E+00  9.000000E+01  9.000000E+01  9.000000E+01
  0.000000E+00  4.752218E+01  0.000000E+00  3.747770E-02  4.797988E-02
  2.522517E+00  5.006588E+00  4.423242E+01  1.052704E+00  1.850719E+00
  1.052704E+00  5.005396E+01 -3.634414E+00  1.850719E+00 -3.634414E+00
  4.828016E+01
      1110  1.110000E+00        41
 -1.201992E+06  3.017469E+02 -1.203080E+06  2.903989E+05 -1.493478E+06
  0.000000E+00  3.076073E-03  0.000000E+00  0.000000E+00 -1.186142E+06
  3.692873E+01 -4.537406E+04 -1.537988E+06  1.492610E+06  0.000000E+00
 -2.973887E-02  0.000000E+00  0.000000E+00  5.568179E+03  0.000000E+00
  0.000000E+00  0.000000E+00  9.000000E+01  9.000000E+01  9.000000E+01
  0.000000E+00  4.664807E+01  0.000000E+00  3.902327E-02  4.801602E-02
  2.540517E+00  4.935296E+00  3.932962E+01  4.320215E-01  4.863444E+00
  4.320215E-01  5.180653E+01  6.536982E-01  4.863444E+00  6.536982E-01
  4.880806E+01
      1140  1.140000E+00        41
 -1.201993E+06  3.106599E+02 -1.203113E+06  2.917782E+05 -1.494891E+06
  0.000000E+00  3.110518E-03  0.000000E+00  0.000000E+00 -1.184547E+06
  3.261721E+01 -5.009758E+04 -1.544130E+06  1.494020E+06  0.000000E+00
 -3.008655E-02  0.000000E+00  0.000000E+00  5.568179E+03  0.000000E+00
  0.000000E+00  0.000000E+00  9.000000E+01  9.000000E+01  9.000000E+01
  0.000000E+00  5.134529E+01  0.000000E+00  3.969862E-02  4.909865E-02
  2.591020E+00  4.899311E+00  4.409638E+01 -2.535056E+00  1.344396E+00
 -2.535056E+00  5.474681E+01  1.686541E+00  1.344396E+00  1.686541E+00
  5.519269E+01
      1170  1.170000E+00        41
 -1.201992E+06  3.066769E+02 -1.203098E+06  2.913351E+05 -1.494433E+06
  0.000000E+00  3.061248E-03  0.000000E+00  0.000000E+00 -1.185080E+06
  2.256449E+01 -4.852603E+04 -1.542104E+06  1.493559E+06  0.000000E+00
 -2.960408E-02  0.000000E+00  0.000000E+00  5.568179E+03  0.000000E+00
  0.000000E+00  0.000000E+00  9.000000E+01  9.000000E+01  9.000000E+01
  0.000000E+00  4.977558E+01  0.000000E+00  4.441876E-02  5.325104E-02
  2.687937E+00  4.932450E+00  4.576252E+01 -2.782545E+00  1.393983E+00
 -2.782545E+00  5.356021E+01 -9.472723E-01  1.393983E+00 -9.472723E-01
  5.000400E+01
      1200  1.200000E+00        41
 -1.201992E+06  3.034779E+02 -1.203086E+06  2.905764E+05 -1.493663E+06
  0.000000E+00  3.004936E-03  0.000000E+00  0.000000E+00 -1.185937E+06
  1.861786E+01 -4.597964E+04 -1.538787E+06  1.492791E+06  0.000000E+00
 -2.909084E-02  0.000000E+00  0.000000E+00  5.568179E+03  0.000000E+00
  0.000000E+00  0.000000E+00  9.000000E+01  9.000000E+01  9.000000E+01
  0.000000E+00  4.725487E+01  0.000000E+00  4.908936E-02  6.162376E-02
  2.829762E+00  5.036117E+00  4.266591E+01  1.489114E+00 -1.962589E+00
  1.489114E+00  5.252367E+01  3.326451E+00 -1.962589E+00  3.326451E+00
  4.657504E+01
      1230  1.230000E+00        41
 -1.201992E+06  3.047201E+02 -1.203091E+06  2.915470E+05 -1.494638E+06
  0.000000E+00  3.257247E-03  0.000000E+00  0.000000E+00 -1.184863E+06
  2.604801E+01 -4.919208E+04 -1.542963E+06  1.493766E+06  0.000000E+00
 -3.150199E-02  0.000000E+00  0.000000E+00  5.568179E+03  0.000000E+00
  0.000000E+00  0.000000E+00  9.000000E+01  9.000000E+01  9.000000E+01
  0.000000E+00  5.041509E+01  0.000000E+00  5.574654E-02  6.586332E-02
  3.008074E+00  5.197724E+00  4.151400E+01  4.142037E-02  3.312293E+00
  4.142037E-02  5.450753E+01  1.344062E+00  3.312293E+00  1.344062E+00
  5.522374E+01
      1260  1.260000E+00        41
 -1.201992E+06  3.027009E+02 -1.203083E+06  2.903296E+05 -1.493413E+06
  0.000000E+00  3.111409E-03  0.000000E+00  0.000000E+00 -1.186195E+06
  7.180428E+01 -4.521171E+04 -1.537740E+06  1.492536E+06  0.000000E+00
 -3.008350E-02  0.000000E+00  0.000000E+00  5.568179E+03  0.000000E+00
  0.000000E+00  0.000000E+00  9.000000E+01  9.000000E+01  9.000000E+01
  0.000000E+00  4.649468E+01  0.000000E+00  5.735248E-02  6.976525E-02
  3.202158E+00  5.385196E+00  4.540011E+01  1.144504E+00 -2.944257E+00
  1.144504E+00  4.853213E+01  8.069109E-01 -2.944257E+00  8.069109E-01
  4.555181E+01
      1290  1.290000E+00        41
 -1.201993E+06  3.155479E+02 -1.203130E+06  2.901342E+05 -1.493265E+06
  0.000000E+00  3.174909E-03  0.000000E+00  0.000000E+00 -1.186340E+06
  1.717449E+02 -4.468723E+04 -1.537068E+06  1.492395E+06  0.000000E+00
 -3.070383E-02  0.000000E+00  0.000000E+00  5.568179E+03  0.000000E+00
  0.000000E+00  0.000000E+00  9.000000E+01  9.000000E+01  9.000000E+01
  0.000000E+00  4.606854E+01  0.000000E+00  5.635151E-02  6.969649E-02
  3.386176E+00  5.561150E+00  4.632231E+01  8.765937E-01 -1.248373E+00
  8.765937E-01  4.303182E+01  5.156453E+00 -1.248373E+00  5.156453E+00
  4.885150E+01
      1320  1.320000E+00        41
 -1.201992E+06  3.054182E+02 -1.203093E+06  2.906966E+05 -1.493790E+06
  0.000000E+00  2.926273E-03  0.000000E+00  0.000000E+00 -1.185766E+06
  2.810261E+02 -4.648234E+04 -1.539405E+06  1.492917E+06  0.000000E+00
 -2.833226E-02  0.000000E+00  0.000000E+00  5.568179E+03  0.000000E+00
  0.000000E+00  0.000000E+00  9.000000E+01  9.000000E+01  9.000000E+01
  0.000000E+00  4.775535E+01  0.000000E+00  5.150928E-02  6.286328E-02
  3.562223E+00  5.751582E+00  4.817255E+01  2.424168E-01 -1.754728E+00
  2.424168E-01  4.836534E+01 -1.167124E+00 -1.754728E+00 -1.167124E+00
  4.672815E+01
      1350  1.350000E+00        41
 -1.201993E+06  3.205748E+02 -1.203148E+06  2.903538E+05 -1.493502E+06
  0.000000E+00  3.135574E-03  0.000000E+00  0.000000E+00 -1.186137E+06
  3.480586E+02 -4.526661E+04 -1.537898E+06  1.492628E+06  0.000000E+00
 -3.034781E-02  0.000000E+00  0.000000E+00  5.568179E+03  0.000000E+00
  0.000000E+00  0.000000E+00  9.000000E+01  9.000000E+01  9.000000E+01
  0.000000E+00  4.666819E+01  0.000000E+00  4.617920E-02  5.593305E-02
  3.744018E+00  6.001539E+00  4.386926E+01  5.962866E-01 -4.247196E+00
  5.962866E-01  4.942168E+01 -5.482796E+00 -4.247196E+00 -5.482796E+00
  4.671363E+01
      1380  1.380000E+00        41
 -1.201992E+06  2.973730E+02 -1.203064E+06  2.903885E+05 -1.493452E+06
  0.000000E+00  2.932592E-03  0.000000E+00  0.000000E+00 -1.186137E+06
  3.140567E+02 -4.543009E+04 -1.537984E+06  1.492579E+06  0.000000E+00
 -2.837800E-02  0.000000E+00  0.000000E+00  5.568179E+03  0.000000E+00
  0.000000E+00  0.000000E+00  9.000000E+01  9.000000E+01  9.000000E+01
  0.000000E+00  4.666532E+01  0.000000E+00  4.175139E-02  5.357100E-02
  3.933371E+00  6.314650E+00  5.078414E+01 -9.405123E-02  2.491795E+00
 -9.405123E-02  4.591330E+01 -6.316083E-01  2.491795E+00 -6.316083E-01
  4.329852E+01
      1410  1.410000E+00        41
 -1.201993E+06  3.310167E+02 -1.203186E+06  2.905746E+05 -1.493761E+06
  0.000000E+00  2.987814E-03  0.000000E+00  0.000000E+00 -1.185840E+06
  2.001334E+02 -4.607919E+04 -1.538931E+06  1.492888E+06  0.000000E+00
 -2.889173E-02  0.000000E+00  0.000000E+00  5.568179E+03  0.000000E+00
  0.000000E+00  0.000000E+00  9.000000E+01  9.000000E+01  9.000000E+01
  0.000000E+00  4.754285E+01  0.000000E+00  3.940052E-02  4.912477E-02
  4.114944E+00  6.661954E+00  4.224685E+01  2.057269E+00 -2.301206E+00
  2.057269E+00  4.894927E+01 -3.924852E+00 -2.301206E+00 -3.924852E+00
  5.143243E+01
      1440  1.440000E+00        41
 -1.201993E+06  3.114292E+02 -1.203115E+06  2.910805E+05 -1.494196E+06
  0.000000E+00  2.720433E-03  0.000000E+00  0.000000E+00 -1.185290E+06
  1.582732E+02 -4.786553E+04 -1.541122E+06  1.493314E+06  0.000000E+00
 -2.633073E-02  0.000000E+00  0.000000E+00  5.568179E+03  0.000000E+00
  0.000000E+00  0.000000E+00  9.000000E+01  9.000000E+01  9.000000E+01
  0.000000E+00  4.915787E+01  0.000000E+00  4.053646E-02  4.798377E-02
  4.278407E+00  7.014293E+00  5.133310E+01  2.658085E+00  1.436004E+00
  2.658085E+00  4.903308E+01 -3.572994E-01  1.436004E+00 -3.572994E-01
  4.710743E+01
      1470  1.470000E+00        41
 -1.201993E+06  3.106774E+02 -1.203112E+06  2.919184E+05 -1.495031E+06
  0.000000E+00  3.153589E-03  0.000000E+00  0.000000E+00 -1.184421E+06
  1.960451E+02 -5.048047E+04 -1.544605E+06  1.494155E+06  0.000000E+00
 -3.052031E-02  0.000000E+00  0.000000E+00  5.568179E+03  0.000000E+00
  0.000000E+00  0.000000E+00  9.000000E+01  9.000000E+01  9.000000E+01
  0.000000E+00  5.171705E+01  0.000000E+00  4.200104E-02  5.161113E-02
  4.406417E+00  7.330862E+00  5.001219E+01 -9.568439E-01  9.264724E-01
 -9.568439E-01  5.237204E+01 -9.824319E-01  9.264724E-01 -9.824319E-01
  5.276693E+01
      1500  1.500000E+00        41
 -1.201993E+06  3.145497E+02 -1.203127E+06  2.908179E+05 -1.493945E+06
  0.000000E+00  2.881276E-03  0.000000E+00  0.000000E+00 -1.185638E+06
  2.655520E+02 -4.680623E+04 -1.539877E+06  1.493072E+06  0.000000E+00
 -2.786641E-02  0.000000E+00  0.000000E+00  5.568179E+03  0.000000E+00
  0.000000E+00  0.000000E+00  9.000000E+01  9.000000E+01  9.000000E+01
  0.000000E+00  4.813807E+01  0.000000E+00  4.507717E-02  5.459835E-02
  4.509233E+00  7.619121E+00  4.599172E+01 -4.788544E+00  3.598766E+00
 -4.788544E+00  5.074538E+01 -1.808036E+00  3.598766E+00 -1.808036E+00
  4.767710E+01
      1530  1.530000E+00        41
 -1.201992E+06  3.057515E+02 -1.203094E+06  2.924580E+05 -1.495552E+06
  0.000000E+00  3.225347E-03  0.000000E+00  0.000000E+00 -1.183837E+06
  2.628371E+02 -5.226987E+04 -1.546948E+06  1.494680E+06  0.000000E+00
 -3.110585E-02  0.000000E+00  0.000000E+00  5.568179E+03  0.000000E+00
  0.000000E+00  0.000000E+00  9.000000E+01  9.000000E+01  9.000000E+01
  0.000000E+00  5.343610E+01  0.000000E+00  4.679834E-02  5.632621E-02
  4.597448E+00  7.904230E+00  4.771178E+01 -3.719879E+00 -1.188378E-01
 -3.719879E+00  5.672676E+01  3.230479E-01 -1.188378E-01  3.230479E-01
  5.586976E+01
      1560  1.560000E+00        41
 -1.201992E+06  3.061178E+02 -1.203096E+06  2.917035E+05 -1.494799E+06
  0.000000E+00  2.831925E-03  0.000000E+00  0.000000E+00 -1.184679E+06
  2.280675E+02 -4.974005E+04 -1.543652E+06  1.493918E+06  0.000000E+00
 -2.735128E-02  0.000000E+00  0.000000E+00  5.568179E+03  0.000000E+00
  0.000000E+00  0.000000E+00  9.000000E+01  9.000000E+01  9.000000E+01
  0.000000E+00  5.095763E+01  0.000000E+00  4.642742E-02  5.930231E-02
  4.655045E+00  8.177409E+00  4.470928E+01  1.138655E+00  1.156801E+00
  1.138655E+00  5.493885E+01 -1.840185E+00  1.156801E+00 -1.840185E+00
  5.322475E+01
      1590  1.590000E+00        41
 -1.201992E+06  2.933197E+02 -1.203049E+06  2.922732E+05 -1.495323E+06
  0.000000E+00  3.272465E-03  0.000000E+00  0.000000E+00 -1.184080E+06
  2.341011E+02 -5.162903E+04 -1.546065E+06  1.494454E+06  0.000000E+00
 -3.160812E-02  0.000000E+00  0.000000E+00  5.568179E+03  0.000000E+00
  0.000000E+00  0.000000E+00  9.000000E+01  9.000000E+01  9.000000E+01
  0.000000E+00  5.272018E+01  0.000000E+00  4.752319E-02  5.853339E-02
  4.660840E+00  8.399404E+00  4.267740E+01  8.931254E-01 -1.943775E+00
  8.931254E-01  5.881971E+01  5.707730E-01 -1.943775E+00  5.707730E-01
  5.666344E+01
      1620  1.620000E+00        41
 -1.201992E+06  2.926038E+02 -1.203046E+06  2.918816E+05 -1.494928E+06
  0.000000E+00  2.959810E-03  0.000000E+00  0.000000E+00 -1.184508E+06
  2.404603E+02 -5.034865E+04 -1.544401E+06  1.494056E+06  0.000000E+00
 -2.859009E-02  0.000000E+00  0.000000E+00  5.568179E+03  0.000000E+00
  0.000000E+00  0.000000E+00  9.000000E+01  9.000000E+01  9.000000E+01
  0.000000E+00  5.145882E+01  0.000000E+00  4.516055E-02  5.454749E-02
  4.602609E+00  8.560637E+00  5.001212E+01  2.116800E+00 -1.274242E+00
  2.116800E+00  4.838619E+01  1.587346E+00 -1.274242E+00  1.587346E+00
  5.597816E+01
      1650  1.650000E+00        41
 -1.201993E+06  3.317809E+02 -1.203189E+06  2.926734E+05 -1.495862E+06
  0.000000E+00  3.142150E-03  0.000000E+00  0.000000E+00 -1.183560E+06
  1.649360E+02 -5.291204E+04 -1.547878E+06  1.494989E+06  0.000000E+00
 -3.032290E-02  0.000000E+00  0.000000E+00  5.568179E+03  0.000000E+00
  0.000000E+00  0.000000E+00  9.000000E+01  9.000000E+01  9.000000E+01
  0.000000E+00  5.425260E+01  0.000000E+00  4.264268E-02  4.977430E-02
  4.517518E+00  8.669842E+00  4.946704E+01  1.649695E+00 -4.851285E+00
  1.649695E+00  5.629119E+01  8.935772E-01 -4.851285E+00  8.935772E-01
  5.699958E+01
      1680  1.680000E+00        41
 -1.201993E+06  3.127193E+02 -1.203120E+06  2.920902E+05 -1.495210E+06
  0.000000E+00  2.900003E-03  0.000000E+00  0.000000E+00 -1.184199E+06
  9.343914E+01 -5.113024E+04 -1.545440E+06  1.494333E+06  0.000000E+00
 -2.801845E-02  0.000000E+00  0.000000E+00  5.568179E+03  0.000000E+00
  0.000000E+00  0.000000E+00  9.000000E+01  9.000000E+01  9.000000E+01
  0.000000E+00  5.237148E+01  0.000000E+00  3.868436E-02  4.860286E-02
  4.403803E+00  8.710675E+00  4.575167E+01  1.759484E+00  2.215174E+00
  1.759484E+00  5.530960E+01  8.090281E-01  2.215174E+00  8.090281E-01
  5.605316E+01
      1710  1.710000E+00        41
 -1.201993E+06  2.977584E+02 -1.203066E+06  2.918582E+05 -1.494924E+06
  0.000000E+00  2.980520E-03  0.000000E+00  0.000000E+00 -1.184509E+06
  6.398996E+01 -5.030623E+04 -1.544346E+06  1.494051E+06  0.000000E+00
 -2.878156E-02  0.000000E+00  0.000000E+00  5.568179E+03  0.000000E+00
  0.000000E+00  0.000000E+00  9.000000E+01  9.000000E+01  9.000000E+01
  0.000000E+00  5.145799E+01  0.000000E+00  3.705634E-02  4.537149E-02
  4.255275E+00  8.668018E+00  4.895530E+01  9.602350E-01  2.061530E+00
  9.602350E-01  5.626426E+01  2.863507E+00  2.061530E+00  2.863507E+00
  4.915440E+01
      1740  1.740000E+00        41
 -1.201993E+06  2.987798E+02 -1.203070E+06  2.918809E+05 -1.494951E+06
  0.000000E+00  3.013811E-03  0.000000E+00  0.000000E+00 -1.184480E+06
  6.029664E+01 -5.038661E+04 -1.544453E+06  1.494069E+06  0.000000E+00
 -2.913249E-02  0.000000E+00  0.000000E+00  5.568179E+03  0.000000E+00
  0.000000E+00  0.000000E+00  9.000000E+01  9.000000E+01  9.000000E+01
  0.000000E+00  5.154415E+01  0.000000E+00  3.604799E-02  4.505512E-02
  4.088866E+00  8.566799E+00  5.097448E+01 -1.664571E+00  2.205023E+00
 -1.664571E+00  5.625379E+01  2.564724E+00  2.205023E+00  2.564724E+00
  4.740419E+01
      1770  1.770000E+00        41
 -1.201993E+06  3.114928E+02 -1.203115E+06  2.921484E+05 -1.495264E+06
  0.000000E+00  3.053473E-03  0.000000E+00  0.000000E+00 -1.184178E+06
  6.835695E+01 -5.120021E+04 -1.545600E+06  1.494384E+06  0.000000E+00
 -2.950774E-02  0.000000E+00  0.000000E+00  5.568179E+03  0.000000E+00
  0.000000E+00  0.000000E+00  9.000000E+01  9.000000E+01  9.000000E+01
  0.000000E+00  5.243206E+01  0.000000E+00  3.649624E-02  4.482973E-02
  3.909876E+00  8.420692E+00  4.760143E+01  1.466876E+00  1.529827E+00
  1.466876E+00  5.443637E+01  9.914699E-01  1.529827E+00  9.914699E-01
  5.525837E+01
      1800  1.800000E+00        41
 -1.201993E+06  3.090908E+02 -1.203107E+06  2.921086E+05 -1.495215E+06
  0.000000E+00  2.862541E-03  0.000000E+00  0.000000E+00 -1.184203E+06
  8.860299E+01 -5.114179E+04 -1.545483E+06  1.494338E+06  0.000000E+00
 -2.766314E-02  0.000000E+00  0.000000E+00  5.568179E+03  0.000000E+00
  0.000000E+00  0.000000E+00  9.000000E+01  9.000000E+01  9.000000E+01
  0.000000E+00  5.235727E+01  0.000000E+00  3.610854E-02  4.468498E-02
  3.732225E+00  8.254205E+00  5.697945E+01  3.587861E+00 -3.109485E+00
  3.587861E+00  5.289645E+01 -1.329371E+00 -3.109485E+00 -1.329371E+00
  4.719590E+01
      1830  1.830000E+00        41
 -1.201992E+06  2.878200E+02 -1.203029E+06  2.914602E+05 -1.494490E+06
  0.000000E+00  2.913884E-03  0.000000E+00  0.000000E+00 -1.184964E+06
  8.580809E+01 -4.901277E+04 -1.542600E+06  1.493611E+06  0.000000E+00
 -2.817493E-02  0.000000E+00  0.000000E+00  5.568179E+03  0.000000E+00
  0.000000E+00  0.000000E+00  9.000000E+01  9.000000E+01  9.000000E+01
  0.000000E+00  5.011819E+01  0.000000E+00  4.036990E-02  4.925860E-02
  3.554876E+00  8.081224E+00  4.944414E+01  1.240093E+00 -3.828154E+00
  1.240093E+00  4.609769E+01  3.469788E+00 -3.828154E+00  3.469788E+00
  5.481274E+01
      1860  1.860000E+00        41
 -1.201992E+06  3.064510E+02 -1.203097E+06  2.922517E+05 -1.495349E+06
  0.000000E+00  3.063539E-03  0.000000E+00  0.000000E+00 -1.184044E+06
  7.186208E+01 -5.163855E+04 -1.546105E+06  1.494461E+06  0.000000E+00
 -2.959331E-02  0.000000E+00  0.000000E+00  5.568179E+03  0.000000E+00
  0.000000E+00  0.000000E+00  9.000000E+01  9.000000E+01  9.000000E+01
  0.000000E+00  5.282636E+01  0.000000E+00  4.217006E-02  5.642561E-02
  3.369278E+00  7.892228E+00  5.592131E+01 -2.492529E+00 -2.428941E+00
 -2.492529E+00  5.412516E+01 -2.004357E+00 -2.428941E+00 -2.004357E+00
  4.843261E+01
      1890  1.890000E+00        41
 -1.201993E+06  3.061893E+02 -1.203096E+06  2.912517E+05 -1.494348E+06
  0.000000E+00  2.878896E-03  0.000000E+00  0.000000E+00 -1.185185E+06
  6.317129E+01 -4.821595E+04 -1.541669E+06  1.493465E+06  0.000000E+00
 -2.783160E-02  0.000000E+00  0.000000E+00  5.568179E+03  0.000000E+00
  0.000000E+00  0.000000E+00  9.000000E+01  9.000000E+01  9.000000E+01
  0.000000E+00  4.946693E+01  0.000000E+00  4.601567E-02  5.893288E-02
  3.212717E+00  7.768524E+00  4.403020E+01 -8.838525E-01 -4.303636E+00
 -8.838525E-01  5.185572E+01  3.882645E+00 -4.303636E+00  3.882645E+00
  5.251486E+01
      1920  1.920000E+00        41
 -1.201992E+06  3.005231E+02 -1.203075E+06  2.926751E+05 -1.495750E+06
  0.000000E+00  3.051257E-03  0.000000E+00  0.000000E+00 -1.183635E+06
  5.959819E+01 -5.290802E+04 -1.547781E+06  1.494873E+06  0.000000E+00
 -2.950448E-02  0.000000E+00  0.000000E+00  5.568179E+03  0.000000E+00
  0.000000E+00  0.000000E+00  9.000000E+01  9.000000E+01  9.000000E+01
  0.000000E+00  5.403017E+01  0.000000E+00  4.764025E-02  5.740849E-02
  3.101505E+00  7.749368E+00  5.511532E+01 -6.583972E-01 -7.767845E-02
 -6.583972E-01  5.558287E+01 -2.927439E+00 -7.767845E-02 -2.927439E+00
  5.139233E+01
      1950  1.950000E+00        41
 -1.201993E+06  3.186160E+02 -1.203141E+06  2.924650E+05 -1.495606E+06
  0.000000E+00  2.989663E-03  0.000000E+00  0.000000E+00 -1.183821E+06
  6.451058E+01 -5.222090E+04 -1.546950E+06  1.494729E+06  0.000000E+00
 -2.887952E-02  0.000000E+00  0.000000E+00  5.568179E+03  0.000000E+00
  0.000000E+00  0.000000E+00  9.000000E+01  9.000000E+01  9.000000E+01
  0.000000E+00  5.348390E+01  0.000000E+00  4.701257E-02  5.542365E-02
  3.026004E+00  7.802505E+00  5.133263E+01  7.587572E-01 -1.402462E+00
  7.587572E-01  5.207710E+01 -6.471870E-01 -1.402462E+00 -6.471870E-01
  5.704197E+01
      1980  1.980000E+00        41
 -1.201993E+06  3.266727E+02 -1.203170E+06  2.931464E+05 -1.496317E+06
  0.000000E+00  2.961673E-03  0.000000E+00  0.000000E+00 -1.183055E+06
  6.115039E+01 -5.446130E+04 -1.549908E+06  1.495433E+06  0.000000E+00
 -2.860956E-02  0.000000E+00  0.000000E+00  5.568179E+03  0.000000E+00
  0.000000E+00  0.000000E+00  9.000000E+01  9.000000E+01  9.000000E+01
  0.000000E+00  5.573893E+01  0.000000E+00  4.640017E-02  5.561564E-02
  2.985666E+00  7.919476E+00  5.431289E+01  1.106117E+00  2.336873E+00
  1.106117E+00  5.973740E+01 -1.779996E+00  2.336873E+00 -1.779996E+00
  5.316650E+01
      2010  2.010000E+00        41
 -1.201993E+06  3.163033E+02 -1.203133E+06  2.928490E+05 -1.495982E+06
  0.000000E+00  2.934423E-03  0.000000E+00  0.000000E+00 -1.183400E+06
  6.149756E+01 -5.349877E+04 -1.548617E+06  1.495105E+06  0.000000E+00
 -2.834605E-02  0.000000E+00  0.000000E+00  5.568179E+03  0.000000E+00
  0.000000E+00  0.000000E+00  9.000000E+01  9.000000E+01  9.000000E+01
  0.000000E+00  5.472129E+01  0.000000E+00  4.673437E-02  5.362179E-02
  2.979235E+00  8.085357E+00  4.977972E+01  1.752511E+00  3.209680E+00
  1.752511E+00  5.506416E+01 -1.751948E+00  3.209680E+00 -1.751948E+00
  5.931998E+01
      2040  2.040000E+00        41
 -1.201992E+06  3.053115E+02 -1.203093E+06  2.926096E+05 -1.495702E+06
  0.000000E+00  2.856917E-03  0.000000E+00  0.000000E+00 -1.183705E+06
  6.395175E+01 -5.266243E+04 -1.547506E+06  1.494824E+06  0.000000E+00
 -2.761069E-02  0.000000E+00  0.000000E+00  5.568179E+03  0.000000E+00
  0.000000E+00  0.000000E+00  9.000000E+01  9.000000E+01  9.000000E+01
  0.000000E+00  5.382298E+01  0.000000E+00  4.414074E-02  5.035065E-02
  3.008767E+00  8.299530E+00  4.777622E+01 -1.938011E+00  2.590957E+00
 -1.938011E+00  5.880115E+01  3.512759E+00  2.590957E+00  3.512759E+00
  5.489158E+01
      2070  2.070000E+00        41
 -1.201993E+06  3.320394E+02 -1.203190E+06  2.934485E+05 -1.496638E+06
  0.000000E+00  2.885034E-03  0.000000E+00  0.000000E+00 -1.182734E+06
  7.010918E+01 -5.538411E+04 -1.551155E+06  1.495760E+06  0.000000E+00
 -2.786123E-02  0.000000E+00  0.000000E+00  5.568179E+03  0.000000E+00
  0.000000E+00  0.000000E+00  9.000000E+01  9.000000E+01  9.000000E+01
  0.000000E+00  5.668201E+01  0.000000E+00  4.022691E-02  4.706592E-02
  3.072758E+00  8.561529E+00  5.100823E+01 -1.477457E-01  2.147094E+00
 -1.477457E-01  5.969457E+01  2.128608E+00  2.147094E+00  2.128608E+00
  5.934324E+01
      2100  2.100000E+00        41
 -1.201992E+06  3.086255E+02 -1.203105E+06  2.931610E+05 -1.496266E+06
  0.000000E+00  3.000644E-03  0.000000E+00  0.000000E+00 -1.183106E+06
  7.952296E+01 -5.443660E+04 -1.549838E+06  1.495394E+06  0.000000E+00
 -2.894825E-02  0.000000E+00  0.000000E+00  5.568179E+03  0.000000E+00
  0.000000E+00  0.000000E+00  9.000000E+01  9.000000E+01  9.000000E+01
  0.000000E+00  5.558663E+01  0.000000E+00  3.723453E-02  4.562917E-02
  3.172288E+00  8.876050E+00  5.316063E+01  6.456992E-01 -1.504755E+00
  6.456992E-01  5.676843E+01  4.680056E-01 -1.504755E+00  4.680056E-01
  5.683082E+01
      2130  2.130000E+00        41
 -1.201993E+06  3.050293E+02 -1.203092E+06  2.924763E+05 -1.495568E+06
  0.000000E+00  2.890634E-03  0.000000E+00  0.000000E+00 -1.183820E+06
  8.967641E+01 -5.232014E+04 -1.547018E+06  1.494692E+06  0.000000E+00
 -2.790758E-02  0.000000E+00  0.000000E+00  5.568179E+03  0.000000E+00
  0.000000E+00  0.000000E+00  9.000000E+01  9.000000E+01  9.000000E+01
  0.000000E+00  5.348455E+01  0.000000E+00  3.205397E-02  4.371787E-02
  3.295048E+00  9.216310E+00  5.091216E+01  1.351856E+00 -5.084896E-01
  1.351856E+00  6.070208E+01 -1.404863E+00 -5.084896E-01 -1.404863E+00
  4.883941E+01
      2160  2.160000E+00        41
 -1.201993E+06  3.243649E+02 -1.203162E+06  2.926328E+05 -1.495795E+06
  0.000000E+00  2.854092E-03  0.000000E+00  0.000000E+00 -1.183618E+06
  9.321072E+01 -5.278913E+04 -1.547700E+06  1.494912E+06  0.000000E+00
 -2.756173E-02  0.000000E+00  0.000000E+00  5.568179E+03  0.000000E+00
  0.000000E+00  0.000000E+00  9.000000E+01  9.000000E+01  9.000000E+01
  0.000000E+00  5.408132E+01  0.000000E+00  2.889697E-02  3.551221E-02
  3.436751E+00  9.583565E+00  5.069846E+01  4.076295E-01 -3.700329E+00
  4.076295E-01  5.277118E+01 -2.427386E+00 -3.700329E+00 -2.427386E+00
  5.877432E+01
      2190  2.190000E+00        41
 -1.201993E+06  3.208343E+02 -1.203149E+06  2.929874E+05 -1.496137E+06
  0.000000E+00  2.944060E-03  0.000000E+00  0.000000E+00 -1.183215E+06
  9.334994E+01 -5.402213E+04 -1.549279E+06  1.495255E+06  0.000000E+00
 -2.841965E-02  0.000000E+00  0.000000E+00  5.568179E+03  0.000000E+00
  0.000000E+00  0.000000E+00  9.000000E+01  9.000000E+01  9.000000E+01
  0.000000E+00  5.526600E+01  0.000000E+00  2.387151E-02  3.206678E-02
  3.575176E+00  9.924419E+00  5.729390E+01 -2.070931E+00  1.075972E+00
 -2.070931E+00  5.707233E+01 -8.676519E-01  1.075972E+00 -8.676519E-01
  5.143178E+01
      2220  2.220000E+00        41
 -1.201993E+06  3.157607E+02 -1.203131E+06  2.926770E+05 -1.495808E+06
  0.000000E+00  3.042586E-03  0.000000E+00  0.000000E+00 -1.183580E+06
  1.205890E+02 -5.296417E+04 -1.547879E+06  1.494924E+06  0.000000E+00
 -2.937568E-02  0.000000E+00  0.000000E+00  5.568179E+03  0.000000E+00
  0.000000E+00  0.000000E+00  9.000000E+01  9.000000E+01  9.000000E+01
  0.000000E+00  5.419152E+01  0.000000E+00  2.439725E-02  3.106662E-02
  3.691608E+00  1.019853E+01  5.236058E+01  1.326115E+00 -8.885282E-01
  1.326115E+00  5.258912E+01 -2.599767E-01 -8.885282E-01 -2.599767E-01
  5.762486E+01
      2250  2.250000E+00        41
 -1.201993E+06  3.070778E+02 -1.203099E+06  2.929057E+05 -1.496005E+06
  0.000000E+00  2.944596E-03  0.000000E+00  0.000000E+00 -1.183315E+06
  2.110826E+02 -5.382393E+04 -1.548919E+06  1.495113E+06  0.000000E+00
 -2.841413E-02  0.000000E+00  0.000000E+00  5.568179E+03  0.000000E+00
  0.000000E+00  0.000000E+00  9.000000E+01  9.000000E+01  9.000000E+01
  0.000000E+00  5.497139E+01  0.000000E+00  2.468287E-02  3.465988E-02
  3.770526E+00  1.037758E+01  5.912945E+01 -1.856190E+00  2.969690E-01
 -1.856190E+00  5.438988E+01 -6.270997E+00  2.969690E-01 -6.270997E+00
  5.139483E+01
      2280  2.280000E+00        41
 -1.201992E+06  3.071606E+02 -1.203099E+06  2.923203E+05 -1.495420E+06
  0.000000E+00  2.866935E-03  0.000000E+00  0.000000E+00 -1.183989E+06
  3.563034E+02 -5.180403E+04 -1.546335E+06  1.494531E+06  0.000000E+00
 -2.770039E-02  0.000000E+00  0.000000E+00  5.568179E+03  0.000000E+00
  0.000000E+00  0.000000E+00  9.000000E+01  9.000000E+01  9.000000E+01
  0.000000E+00  5.298676E+01  0.000000E+00  2.990033E-02  3.899253E-02
  3.789144E+00  1.040472E+01  4.799165E+01 -8.878848E-01  4.545938E+00
 -8.878848E-01  5.154310E+01  3.595253E+00  4.545938E+00  3.595253E+00
  5.942552E+01
      2310  2.310000E+00        41
 -1.201992E+06  3.049648E+02 -1.203091E+06  2.925288E+05 -1.495620E+06
  0.000000E+00  3.068590E-03  0.000000E+00  0.000000E+00 -1.183751E+06
  3.900292E+02 -5.253489E+04 -1.547272E+06  1.494737E+06  0.000000E+00
 -2.964796E-02  0.000000E+00  0.000000E+00  5.568179E+03  0.000000E+00
  0.000000E+00  0.000000E+00  9.000000E+01  9.000000E+01  9.000000E+01
  0.000000E+00  5.368743E+01  0.000000E+00  3.561263E-02  4.437585E-02
  3.781172E+00  1.035211E+01  5.596331E+01 -1.538620E+00  2.026786E+00
 -1.538620E+00  5.834618E+01 -1.141584E+00  2.026786E+00 -1.141584E+00
  4.675281E+01
      2340  2.340000E+00        41
 -1.201993E+06  3.035940E+02 -1.203087E+06  2.913214E+05 -1.494408E+06
  0.000000E+00  2.921866E-03  0.000000E+00  0.000000E+00 -1.185084E+06
  3.959552E+02 -4.854833E+04 -1.542062E+06  1.493525E+06  0.000000E+00
 -2.824806E-02  0.000000E+00  0.000000E+00  5.568179E+03  0.000000E+00
  0.000000E+00  0.000000E+00  9.000000E+01  9.000000E+01  9.000000E+01
  0.000000E+00  4.976651E+01  0.000000E+00  3.767151E-02  4.894727E-02
  3.767990E+00  1.026820E+01  5.013788E+01 -1.024911E-01  6.787933E-01
 -1.024911E-01  4.989067E+01  1.655443E+00  6.787933E-01  1.655443E+00
  4.927099E+01
      2370  2.370000E+00        41
 -1.201992E+06  2.953310E+02 -1.203056E+06  2.919696E+05 -1.495026E+06
  0.000000E+00  2.865476E-03  0.000000E+00  0.000000E+00 -1.184411E+06
  4.372664E+02 -5.062536E+04 -1.544751E+06  1.494139E+06  0.000000E+00
 -2.770538E-02  0.000000E+00  0.000000E+00  5.568179E+03  0.000000E+00
  0.000000E+00  0.000000E+00  9.000000E+01  9.000000E+01  9.000000E+01
  0.000000E+00  5.174477E+01  0.000000E+00  3.920961E-02  4.868668E-02
  3.732129E+00  1.010275E+01  4.776291E+01  3.473775E-01 -4.671870E+00
  3.473775E-01  5.392466E+01 -5.066292E-01 -4.671870E+00 -5.066292E-01
  5.354674E+01
      2400  2.400000E+00        41
 -1.201993E+06  3.209767E+02 -1.203150E+06  2.926308E+05 -1.495780E+06
  0.000000E+00  2.925318E-03  0.000000E+00  0.000000E+00 -1.183659E+06
  4.235957E+02 -5.269820E+04 -1.547592E+06  1.494903E+06  0.000000E+00
 -2.826337E-02  0.000000E+00  0.000000E+00  5.568179E+03  0.000000E+00
  0.000000E+00  0.000000E+00  9.000000E+01  9.000000E+01  9.000000E+01
  0.000000E+00  5.396007E+01  0.000000E+00  3.806687E-02  4.714711E-02
  3.685482E+00  9.893112E+00  5.139717E+01 -1.943383E+00 -2.620783E-01
 -1.943383E+00  5.255761E+01 -1.831170E+00 -2.620783E-01 -1.831170E+00
  5.792542E+01
      2430  2.430000E+00        41
 -1.201992E+06  3.040049E+02 -1.203088E+06  2.923832E+05 -1.495471E+06
  0.000000E+00  2.909678E-03  0.000000E+00  0.000000E+00 -1.183937E+06
  4.369282E+02 -5.198566E+04 -1.546571E+06  1.494594E+06  0.000000E+00
 -2.813604E-02  0.000000E+00  0.000000E+00  5.568179E+03  0.000000E+00
  0.000000E+00  0.000000E+00  9.000000E+01  9.000000E+01  9.000000E+01
  0.000000E+00  5.314066E+01  0.000000E+00  3.650436E-02  4.676335E-02
  3.653130E+00  9.701234E+00  5.125574E+01 -3.109125E+00 -1.646816E+00
 -3.109125E+00  5.919639E+01 -1.330013E+00 -1.646816E+00 -1.330013E+00
  4.896985E+01
      2460  2.460000E+00        41
 -1.201992E+06  3.041422E+02 -1.203089E+06  2.923273E+05 -1.495416E+06
  0.000000E+00  3.112934E-03  0.000000E+00  0.000000E+00 -1.184011E+06
  4.576364E+02 -5.176443E+04 -1.546322E+06  1.494549E+06  0.000000E+00
 -3.007604E-02  0.000000E+00  0.000000E+00  5.568179E+03  0.000000E+00
  0.000000E+00  0.000000E+00  9.000000E+01  9.000000E+01  9.000000E+01
  0.000000E+00  5.292409E+01  0.000000E+00  3.297612E-02  4.286785E-02
  3.636549E+00  9.533140E+00  4.700131E+01 -2.575435E-01 -2.825852E+00
 -2.575435E-01  5.395111E+01  1.921489E+00 -2.825852E+00  1.921489E+00
  5.781984E+01
      2490  2.490000E+00        41
 -1.201993E+06  3.084791E+02 -1.203105E+06  2.921838E+05 -1.495288E+06
  0.000000E+00  3.126245E-03  0.000000E+00  0.000000E+00 -1.184125E+06
  4.572710E+02 -5.139102E+04 -1.545814E+06  1.494410E+06  0.000000E+00
 -3.016991E-02  0.000000E+00  0.000000E+00  5.568179E+03  0.000000E+00
  0.000000E+00  0.000000E+00  9.000000E+01  9.000000E+01  9.000000E+01
  0.000000E+00  5.258843E+01  0.000000E+00  2.897810E-02  3.859255E-02
  3.620620E+00  9.367464E+00  4.755340E+01  1.601313E+00  5.450241E-01
  1.601313E+00  5.624472E+01  1.254778E+00  5.450241E-01  1.254778E+00
  5.396717E+01
      2520  2.520000E+00        41
 -1.201992E+06  2.985832E+02 -1.203068E+06  2.925328E+05 -1.495601E+06
  0.000000E+00  3.168447E-03  0.000000E+00  0.000000E+00 -1.183793E+06
  4.524326E+02 -5.245716E+04 -1.547189E+06  1.494724E+06  0.000000E+00
 -3.060001E-02  0.000000E+00  0.000000E+00  5.568179E+03  0.000000E+00
  0.000000E+00  0.000000E+00  9.000000E+01  9.000000E+01  9.000000E+01
  0.000000E+00  5.356451E+01  0.000000E+00  2.542608E-02  3.545745E-02
  3.600947E+00  9.196620E+00  4.976658E+01  1.077893E+00  8.538729E-01
  1.077893E+00  5.693501E+01  2.635303E+00  8.538729E-01  2.635303E+00
  5.399194E+01
      2550  2.550000E+00        41
 -1.201992E+06  3.032839E+02 -1.203085E+06  2.922158E+05 -1.495301E+06
  0.000000E+00  2.935957E-03  0.000000E+00  0.000000E+00 -1.184092E+06
  3.608677E+02 -5.152415E+04 -1.545929E+06  1.494419E+06  0.000000E+00
 -2.838157E-02  0.000000E+00  0.000000E+00  5.568179E+03  0.000000E+00
  0.000000E+00  0.000000E+00  9.000000E+01  9.000000E+01  9.000000E+01
  0.000000E+00  5.268466E+01  0.000000E+00  2.419778E-02  3.169107E-02
  3.565543E+00  8.991175E+00  5.160517E+01  8.511854E-01  1.049981E+00
  8.511854E-01  5.395770E+01 -1.239031E+00  1.049981E+00 -1.239031E+00
  5.249109E+01
      2580  2.580000E+00        41
 -1.201992E+06  2.985345E+02 -1.203068E+06  2.925013E+05 -1.495570E+06
  0.000000E+00  3.163161E-03  0.000000E+00  0.000000E+00 -1.183776E+06
  2.617460E+02 -5.250218E+04 -1.547144E+06  1.494688E+06  0.000000E+00
 -3.055684E-02  0.000000E+00  0.000000E+00  5.568179E+03  0.000000E+00
  0.000000E+00  0.000000E+00  9.000000E+01  9.000000E+01  9.000000E+01
  0.000000E+00  5.361300E+01  0.000000E+00  2.477151E-02  3.370819E-02
  3.483747E+00  8.660461E+00  4.682061E+01  1.857410E+00  3.931335E+00
  1.857410E+00  5.545971E+01 -2.838822E+00  3.931335E+00 -2.838822E+00
  5.855868E+01
      2610  2.610000E+00        41
 -1.201993E+06  3.166341E+02 -1.203134E+06  2.924296E+05 -1.495564E+06
  0.000000E+00  2.905375E-03  0.000000E+00  0.000000E+00 -1.183847E+06
  2.925768E+02 -5.216148E+04 -1.546841E+06  1.494683E+06  0.000000E+00
 -2.806014E-02  0.000000E+00  0.000000E+00  5.568179E+03  0.000000E+00
  0.000000E+00  0.000000E+00  9.000000E+01  9.000000E+01  9.000000E+01
  0.000000E+00  5.340600E+01  0.000000E+00  2.843173E-02  3.714787E-02
  3.325101E+00  8.111259E+00  5.049104E+01  2.509387E+00  1.256705E+00
  2.509387E+00  5.489710E+01  2.592256E-01  1.256705E+00  2.592256E-01
  5.482987E+01
      2640  2.640000E+00        41
 -1.201993E+06  3.229502E+02 -1.203157E+06  2.923868E+05 -1.495544E+06
  0.000000E+00  2.920368E-03  0.000000E+00  0.000000E+00 -1.183890E+06
  3.118564E+02 -5.198723E+04 -1.546668E+06  1.494672E+06  0.000000E+00
 -2.823535E-02  0.000000E+00  0.000000E+00  5.568179E+03  0.000000E+00
  0.000000E+00  0.000000E+00  9.000000E+01  9.000000E+01  9.000000E+01
  0.000000E+00  5.327925E+01  0.000000E+00  3.464851E-02  4.223453E-02
  3.147697E+00  7.495658E+00  4.882484E+01 -7.592855E-01  8.009647E-02
 -7.592855E-01  5.330560E+01  8.634668E-01  8.009647E-02  8.634668E-01
  5.770730E+01
      2670  2.670000E+00        41
 -1.201993E+06  3.078858E+02 -1.203102E+06  2.919668E+05 -1.495069E+06
  0.000000E+00  2.876056E-03  0.000000E+00  0.000000E+00 -1.184363E+06
  2.962983E+02 -5.067592E+04 -1.544872E+06  1.494191E+06  0.000000E+00
 -2.778744E-02  0.000000E+00  0.000000E+00  5.568179E+03  0.000000E+00
  0.000000E+00  0.000000E+00  9.000000E+01  9.000000E+01  9.000000E+01
  0.000000E+00  5.188661E+01  0.000000E+00  4.073617E-02  4.629027E-02
  2.984022E+00  6.904016E+00  5.340178E+01 -3.004333E+00 -3.426645E+00
 -3.004333E+00  5.630394E+01  1.332962E+00 -3.426645E+00  1.332962E+00
  4.595412E+01
      2700  2.700000E+00        41
 -1.201992E+06  3.083108E+02 -1.203104E+06  2.927553E+05 -1.495859E+06
  0.000000E+00  3.107188E-03  0.000000E+00  0.000000E+00 -1.183515E+06
  2.670623E+02 -5.321682E+04 -1.548200E+06  1.494982E+06  0.000000E+00
 -3.000991E-02  0.000000E+00  0.000000E+00  5.568179E+03  0.000000E+00
  0.000000E+00  0.000000E+00  9.000000E+01  9.000000E+01  9.000000E+01
  0.000000E+00  5.438313E+01  0.000000E+00  4.151674E-02  5.063569E-02
  2.846633E+00  6.379197E+00  5.062387E+01 -6.319550E-01 -2.179904E+00
 -6.319550E-01  5.754974E+01  3.351312E+00 -2.179904E+00  3.351312E+00
  5.497577E+01
      2730  2.730000E+00        41
 -1.201993E+06  3.101539E+02 -1.203111E+06  2.917349E+05 -1.494845E+06
  0.000000E+00  2.861101E-03  0.000000E+00  0.000000E+00 -1.184647E+06
  2.502125E+02 -4.980723E+04 -1.543780E+06  1.493969E+06  0.000000E+00
 -2.767864E-02  0.000000E+00  0.000000E+00  5.568179E+03  0.000000E+00
  0.000000E+00  0.000000E+00  9.000000E+01  9.000000E+01  9.000000E+01
  0.000000E+00  5.105153E+01  0.000000E+00  4.050317E-02  5.067193E-02
  2.736084E+00  5.922002E+00  4.912308E+01 -1.238795E+00 -4.265149E-01
 -1.238795E+00  5.513529E+01  1.950594E+00 -4.265149E-01  1.950594E+00
  4.889623E+01
      2760  2.760000E+00        41
 -1.201992E+06  3.033768E+02 -1.203086E+06  2.914423E+05 -1.494528E+06
  0.000000E+00  2.944479E-03  0.000000E+00  0.000000E+00 -1.184992E+06
  2.037288E+02 -4.881867E+04 -1.542453E+06  1.493656E+06  0.000000E+00
 -2.847918E-02  0.000000E+00  0.000000E+00  5.568179E+03  0.000000E+00
  0.000000E+00  0.000000E+00  9.000000E+01  9.000000E+01  9.000000E+01
  0.000000E+00  5.003490E+01  0.000000E+00  3.774392E-02  4.581802E-02
  2.656844E+00  5.547728E+00  4.599999E+01 -2.204328E+00  1.313843E+00
 -2.204328E+00  4.993567E+01  5.537280E-01  1.313843E+00  5.537280E-01
  5.416905E+01
      2790  2.790000E+00        41
 -1.201993E+06  3.180859E+02 -1.203139E+06  2.922654E+05 -1.495404E+06
  0.000000E+00  2.971759E-03  0.000000E+00  0.000000E+00 -1.184043E+06
  1.610954E+02 -5.155857E+04 -1.546069E+06  1.494523E+06  0.000000E+00
 -2.872675E-02  0.000000E+00  0.000000E+00  5.568179E+03  0.000000E+00
  0.000000E+00  0.000000E+00  9.000000E+01  9.000000E+01  9.000000E+01
  0.000000E+00  5.282799E+01  0.000000E+00  3.526873E-02  4.173590E-02
  2.621155E+00  5.302683E+00  5.381838E+01  2.358060E-01  2.301961E+00
  2.358060E-01  5.458463E+01 -1.043706E+00  2.301961E+00 -1.043706E+00
  5.008097E+01
      2820  2.820000E+00        41
 -1.201993E+06  3.170292E+02 -1.203135E+06  2.913947E+05 -1.494530E+06
  0.000000E+00  3.064226E-03  0.000000E+00  0.000000E+00 -1.185008E+06
  1.598797E+02 -4.867286E+04 -1.542310E+06  1.493659E+06  0.000000E+00
 -2.961583E-02  0.000000E+00  0.000000E+00  5.568179E+03  0.000000E+00
  0.000000E+00  0.000000E+00  9.000000E+01  9.000000E+01  9.000000E+01
  0.000000E+00  4.998948E+01  0.000000E+00  3.620745E-02  4.366618E-02
  2.622856E+00  5.159549E+00  4.682768E+01 -2.873010E+00  3.944605E-01
 -2.873010E+00  4.955333E+01  2.109438E+00  3.944605E-01  2.109438E+00
  5.358742E+01
      2850  2.850000E+00        41
 -1.201993E+06  3.180045E+02 -1.203139E+06  2.913817E+05 -1.494521E+06
  0.000000E+00  3.001450E-03  0.000000E+00  0.000000E+00 -1.184996E+06
  1.851900E+02 -4.870263E+04 -1.542351E+06  1.493649E+06  0.000000E+00
 -2.903546E-02  0.000000E+00  0.000000E+00  5.568179E+03  0.000000E+00
  0.000000E+00  0.000000E+00  9.000000E+01  9.000000E+01  9.000000E+01
  0.000000E+00  5.002496E+01  0.000000E+00  3.887256E-02  4.906899E-02
  2.671176E+00  5.128183E+00  4.772564E+01 -2.946813E-01  2.412312E+00
 -2.946813E-01  5.322359E+01 -1.751179E+00  2.412312E+00 -1.751179E+00
  4.912566E+01
      2880  2.880000E+00        41
 -1.201992E+06  3.166537E+02 -1.203133E+06  2.911404E+05 -1.494274E+06
  0.000000E+00  3.008917E-03  0.000000E+00  0.000000E+00 -1.185297E+06
  2.168120E+02 -4.780885E+04 -1.541220E+06  1.493400E+06  0.000000E+00
 -2.909107E-02  0.000000E+00  0.000000E+00  5.568179E+03  0.000000E+00
  0.000000E+00  0.000000E+00  9.000000E+01  9.000000E+01  9.000000E+01
  0.000000E+00  4.913778E+01  0.000000E+00  4.210087E-02  5.271393E-02
  2.767255E+00  5.183437E+00  4.401961E+01 -1.954388E+00  3.988861E+00
 -1.954388E+00  5.494402E+01 -1.736560E+00  3.988861E+00 -1.736560E+00
  4.844970E+01
      2910  2.910000E+00        41
 -1.201993E+06  3.188049E+02 -1.203142E+06  2.905110E+05 -1.493653E+06
  0.000000E+00  3.094544E-03  0.000000E+00  0.000000E+00 -1.185938E+06
  2.561788E+02 -4.587430E+04 -1.538672E+06  1.492782E+06  0.000000E+00
 -2.993028E-02  0.000000E+00  0.000000E+00  5.568179E+03  0.000000E+00
  0.000000E+00  0.000000E+00  9.000000E+01  9.000000E+01  9.000000E+01
  0.000000E+00  4.725411E+01  0.000000E+00  4.832581E-02  5.764540E-02
  2.906126E+00  5.299168E+00  4.447869E+01  8.867956E-01  1.538317E+00
  8.867956E-01  4.775012E+01  3.348705E+00  1.538317E+00  3.348705E+00
  4.953351E+01
      2940  2.940000E+00        41
 -1.201993E+06  3.331810E+02 -1.203194E+06  2.915910E+05 -1.494785E+06
  0.000000E+00  3.019337E-03  0.000000E+00  0.000000E+00 -1.184753E+06
  2.407382E+02 -4.932222E+04 -1.543245E+06  1.493915E+06  0.000000E+00
 -2.918236E-02  0.000000E+00  0.000000E+00  5.568179E+03  0.000000E+00
  0.000000E+00  0.000000E+00  9.000000E+01  9.000000E+01  9.000000E+01
  0.000000E+00  5.073880E+01  0.000000E+00  5.556453E-02  6.551281E-02
  3.080586E+00  5.466553E+00  4.726773E+01  2.736873E+00 -1.856600E+00
  2.736873E+00  5.124691E+01  3.971727E-01 -1.856600E+00  3.971727E-01
  5.370176E+01
      2970  2.970000E+00        41
 -1.201993E+06  2.968147E+02 -1.203062E+06  2.905552E+05 -1.493618E+06
  0.000000E+00  3.127684E-03  0.000000E+00  0.000000E+00 -1.185909E+06
  1.250832E+02 -4.611365E+04 -1.538818E+06  1.492751E+06  0.000000E+00
 -3.026918E-02  0.000000E+00  0.000000E+00  5.568179E+03  0.000000E+00
  0.000000E+00  0.000000E+00  9.000000E+01  9.000000E+01  9.000000E+01
  0.000000E+00  4.733661E+01  0.000000E+00  6.292640E-02  7.355608E-02
  3.268796E+00  5.637963E+00  4.596970E+01  4.636704E+00 -3.436920E+00
  4.636704E+00  4.682914E+01  7.091496E-01 -3.436920E+00  7.091496E-01
  4.921099E+01
      3000  3.000000E+00        41
 -1.201992E+06  3.043247E+02 -1.203089E+06  2.914602E+05 -1.494550E+06
  0.000000E+00  3.130171E-03  0.000000E+00  0.000000E+00 -1.184877E+06
  1.251970E+02 -4.915690E+04 -1.542781E+06  1.493679E+06  0.000000E+00
 -3.027122E-02  0.000000E+00  0.000000E+00  5.568179E+03  0.000000E+00
  0.000000E+00  0.000000E+00  9.000000E+01  9.000000E+01  9.000000E+01
  0.000000E+00  5.037536E+01  0.000000E+00  6.300527E-02  7.717958E-02
  3.403674E+00  5.689727E+00  4.423871E+01  1.958450E+00  2.512690E+00
  1.958450E+00  5.480281E+01 -3.362165E+00  2.512690E+00 -3.362165E+00
  5.208455E+01
      3030  3.030000E+00        41
 -1.201993E+06  3.240258E+02 -1.203161E+06  2.905859E+05 -1.493747E+06
  0.000000E+00  2.785503E-03  0.000000E+00  0.000000E+00 -1.185858E+06
  3.367090E+02 -4.607651E+04 -1.538921E+06  1.492881E+06  0.000000E+00
 -2.698656E-02  0.000000E+00  0.000000E+00  5.568179E+03  0.000000E+00
  0.000000E+00  0.000000E+00  9.000000E+01  9.000000E+01  9.000000E+01
  0.000000E+00  4.748744E+01  0.000000E+00  6.239276E-02  7.587397E-02
  3.463091E+00  5.588857E+00  4.228069E+01  8.675912E-02 -6.941211E-01
  8.675912E-02  4.925745E+01  6.517239E-01 -6.941211E-01  6.517239E-01
  5.092419E+01
      3060  3.060000E+00        41
 -1.201993E+06  3.034921E+02 -1.203087E+06  2.910520E+05 -1.494139E+06
  0.000000E+00  3.105545E-03  0.000000E+00  0.000000E+00 -1.185403E+06
  5.841166E+02 -4.759430E+04 -1.540861E+06  1.493270E+06  0.000000E+00
 -3.004208E-02  0.000000E+00  0.000000E+00  5.568179E+03  0.000000E+00
  0.000000E+00  0.000000E+00  9.000000E+01  9.000000E+01  9.000000E+01
  0.000000E+00  4.882522E+01  0.000000E+00  6.138106E-02  7.377504E-02
  3.473007E+00  5.390893E+00  4.722187E+01 -3.106872E+00 -8.229134E-01
 -3.106872E+00  5.722074E+01  9.891519E-02 -8.229134E-01  9.891519E-02
  4.203305E+01
      3090  3.090000E+00        41
 -1.201992E+06  3.029845E+02 -1.203084E+06  2.906216E+05 -1.493706E+06
  0.000000E+00  3.049189E-03  0.000000E+00  0.000000E+00 -1.185899E+06
  6.820212E+02 -4.611436E+04 -1.538969E+06  1.492839E+06  0.000000E+00
 -2.948259E-02  0.000000E+00  0.000000E+00  5.568179E+03  0.000000E+00
  0.000000E+00  0.000000E+00  9.000000E+01  9.000000E+01  9.000000E+01
  0.000000E+00  4.736731E+01  0.000000E+00  5.957787E-02  7.104737E-02
  3.486795E+00  5.199476E+00  4.049305E+01 -1.482751E+00  1.130326E+00
 -1.482751E+00  5.165615E+01  1.351671E+00  1.130326E+00  1.351671E+00
  4.995273E+01
      3120  3.120000E+00        41
 -1.201993E+06  3.076806E+02 -1.203102E+06  2.905430E+05 -1.493645E+06
  0.000000E+00  3.050536E-03  0.000000E+00  0.000000E+00 -1.185959E+06
  6.893255E+02 -4.589864E+04 -1.538692E+06  1.492777E+06  0.000000E+00
 -2.953213E-02  0.000000E+00  0.000000E+00  5.568179E+03  0.000000E+00
  0.000000E+00  0.000000E+00  9.000000E+01  9.000000E+01  9.000000E+01
  0.000000E+00  4.718871E+01  0.000000E+00  5.679328E-02  6.808261E-02
  3.546272E+00  5.095020E+00  4.275906E+01  9.404882E-01 -3.074133E+00
  9.404882E-01  5.831849E+01  1.469938E+00 -3.074133E+00  1.469938E+00
  4.048857E+01
      3150  3.150000E+00        41
 -1.201993E+06  3.105598E+02 -1.203113E+06  2.904658E+05 -1.493578E+06
  0.000000E+00  2.996191E-03  0.000000E+00  0.000000E+00 -1.186022E+06
  6.769006E+02 -4.569232E+04 -1.538421E+06  1.492715E+06  0.000000E+00
 -2.899963E-02  0.000000E+00  0.000000E+00  5.568179E+03  0.000000E+00
  0.000000E+00  0.000000E+00  9.000000E+01  9.000000E+01  9.000000E+01
  0.000000E+00  4.700696E+01  0.000000E+00  5.420937E-02  6.449533E-02
  3.666942E+00  5.115039E+00  4.020645E+01  3.799376E-01 -6.339751E-01
  3.799376E-01  4.704581E+01 -7.344136E-01 -6.339751E-01 -7.344136E-01
  5.376862E+01
      3180  3.180000E+00        41
 -1.201993E+06  3.159327E+02 -1.203131E+06  2.915093E+05 -1.494641E+06
  0.000000E+00  3.216596E-03  0.000000E+00  0.000000E+00 -1.184871E+06
  6.320598E+02 -4.910461E+04 -1.542884E+06  1.493771E+06  0.000000E+00
 -3.107075E-02  0.000000E+00  0.000000E+00  5.568179E+03  0.000000E+00
  0.000000E+00  0.000000E+00  9.000000E+01  9.000000E+01  9.000000E+01
  0.000000E+00  5.039374E+01  0.000000E+00  4.860002E-02  5.630838E-02
  3.846601E+00  5.262622E+00  4.735635E+01 -8.881255E-01 -1.303776E+00
 -8.881255E-01  5.770350E+01 -4.440080E+00 -1.303776E+00 -4.440080E+00
  4.612137E+01
      3210  3.210000E+00        41
 -1.201993E+06  3.247206E+02 -1.203163E+06  2.905948E+05 -1.493758E+06
  0.000000E+00  2.823165E-03  0.000000E+00  0.000000E+00 -1.185870E+06
  3.363572E+02 -4.603743E+04 -1.538908E+06  1.492883E+06  0.000000E+00
 -2.731434E-02  0.000000E+00  0.000000E+00  5.568179E+03  0.000000E+00
  0.000000E+00  0.000000E+00  9.000000E+01  9.000000E+01  9.000000E+01
  0.000000E+00  4.745402E+01  0.000000E+00  4.390940E-02  5.280052E-02
  4.055715E+00  5.492857E+00  4.307562E+01 -1.188652E-01 -2.010433E+00
 -1.188652E-01  4.195991E+01 -2.334700E-01 -2.010433E+00 -2.334700E-01
  5.732654E+01
      3240  3.240000E+00        41
 -1.201993E+06  3.000337E+02 -1.203074E+06  2.922694E+05 -1.495344E+06
  0.000000E+00  3.093759E-03  0.000000E+00  0.000000E+00 -1.184008E+06
  1.557602E+02 -5.179476E+04 -1.546254E+06  1.494469E+06  0.000000E+00
 -2.990368E-02  0.000000E+00  0.000000E+00  5.568179E+03  0.000000E+00
  0.000000E+00  0.000000E+00  9.000000E+01  9.000000E+01  9.000000E+01
  0.000000E+00  5.293218E+01  0.000000E+00  4.244081E-02  5.136925E-02
  4.261487E+00  5.727022E+00  5.098959E+01 -1.105678E+00  1.551377E+00
 -1.105678E+00  5.729268E+01 -1.812406E-01  1.551377E+00 -1.812406E-01
  5.051425E+01
      3270  3.270000E+00        41
 -1.201993E+06  2.986322E+02 -1.203069E+06  2.907097E+05 -1.493779E+06
  0.000000E+00  2.837382E-03  0.000000E+00  0.000000E+00 -1.185767E+06
  4.719273E+01 -4.652399E+04 -1.539398E+06  1.492903E+06  0.000000E+00
 -2.745654E-02  0.000000E+00  0.000000E+00  5.568179E+03  0.000000E+00
  0.000000E+00  0.000000E+00  9.000000E+01  9.000000E+01  9.000000E+01
  0.000000E+00  4.775394E+01  0.000000E+00  3.994877E-02  5.064066E-02
  4.458036E+00  5.934222E+00  4.251620E+01 -1.407317E+00 -3.058911E-01
 -1.407317E+00  4.711646E+01 -6.202268E-01 -3.058911E-01 -6.202268E-01
  5.362917E+01
      3300  3.300000E+00        41
 -1.201993E+06  3.259161E+02 -1.203168E+06  2.919780E+05 -1.495146E+06
  0.000000E+00  3.142620E-03  0.000000E+00  0.000000E+00 -1.184313E+06
  5.366677E+01 -5.069291E+04 -1.544941E+06  1.494270E+06  0.000000E+00
 -3.037865E-02  0.000000E+00  0.000000E+00  5.568179E+03  0.000000E+00
  0.000000E+00  0.000000E+00  9.000000E+01  9.000000E+01  9.000000E+01
  0.000000E+00  5.203673E+01  0.000000E+00  4.005599E-02  4.662475E-02
  4.623656E+00  6.070916E+00  5.175108E+01 -1.297067E+00  4.204121E+00
 -1.297067E+00  5.511277E+01 -2.550516E+00  4.204121E+00 -2.550516E+00
  4.924633E+01
      3330  3.330000E+00        41
 -1.201993E+06  2.937801E+02 -1.203052E+06  2.912129E+05 -1.494265E+06
  0.000000E+00  2.901377E-03  0.000000E+00  0.000000E+00 -1.185228E+06
  8.248129E+01 -4.817859E+04 -1.541544E+06  1.493388E+06  0.000000E+00
 -2.806534E-02  0.000000E+00  0.000000E+00  5.568179E+03  0.000000E+00
  0.000000E+00  0.000000E+00  9.000000E+01  9.000000E+01  9.000000E+01
  0.000000E+00  4.934203E+01  0.000000E+00  3.403785E-02  4.526768E-02
  4.784548E+00  6.198054E+00  4.226610E+01  1.667873E+00  7.700179E-01
  1.667873E+00  5.348765E+01 -9.863585E-01  7.700179E-01 -9.863585E-01
  5.227235E+01
      3360  3.360000E+00        41
 -1.201993E+06  3.193181E+02 -1.203144E+06  2.921295E+05 -1.495274E+06
  0.000000E+00  3.057145E-03  0.000000E+00  0.000000E+00 -1.184130E+06
  1.232577E+02 -5.129040E+04 -1.545682E+06  1.494407E+06  0.000000E+00
 -2.956512E-02  0.000000E+00  0.000000E+00  5.568179E+03  0.000000E+00
  0.000000E+00  0.000000E+00  9.000000E+01  9.000000E+01  9.000000E+01
  0.000000E+00  5.257454E+01  0.000000E+00  3.070817E-02  3.838199E-02
  4.958929E+00  6.370214E+00  5.530929E+01  5.410943E-01  5.545174E+00
  5.410943E-01  5.415125E+01 -2.830915E-01  5.545174E+00 -2.830915E-01
  4.826309E+01
      3390  3.390000E+00        41
 -1.201993E+06  3.164561E+02 -1.203134E+06  2.917638E+05 -1.494898E+06
  0.000000E+00  2.848532E-03  0.000000E+00  0.000000E+00 -1.184564E+06
  1.899731E+02 -5.001078E+04 -1.544019E+06  1.494027E+06  0.000000E+00
 -2.753784E-02  0.000000E+00  0.000000E+00  5.568179E+03  0.000000E+00
  0.000000E+00  0.000000E+00  9.000000E+01  9.000000E+01  9.000000E+01
  0.000000E+00  5.129728E+01  0.000000E+00  2.900273E-02  3.761682E-02
  5.146375E+00  6.607415E+00  4.737765E+01 -1.030743E+00  1.075469E+00
 -1.030743E+00  5.466991E+01 -1.586347E+00  1.075469E+00 -1.586347E+00
  5.184427E+01
      3420  3.420000E+00        41
 -1.201993E+06  2.970899E+02 -1.203064E+06  2.921757E+05 -1.495239E+06
  0.000000E+00  2.980919E-03  0.000000E+00  0.000000E+00 -1.184207E+06
  2.805779E+02 -5.122322E+04 -1.545575E+06  1.494367E+06  0.000000E+00
 -2.879064E-02  0.000000E+00  0.000000E+00  5.568179E+03  0.000000E+00
  0.000000E+00  0.000000E+00  9.000000E+01  9.000000E+01  9.000000E+01
  0.000000E+00  5.234758E+01  0.000000E+00  2.867042E-02  3.929506E-02
  5.349924E+00  6.926766E+00  4.767764E+01 -4.159775E+00 -2.699413E+00
 -4.159775E+00  5.651119E+01 -3.808693E-02 -2.699413E+00 -3.808693E-02
  5.285392E+01
      3450  3.450000E+00        41
 -1.201993E+06  3.239474E+02 -1.203161E+06  2.926498E+05 -1.495811E+06
  0.000000E+00  3.146903E-03  0.000000E+00  0.000000E+00 -1.183600E+06
  3.520847E+02 -5.285176E+04 -1.547793E+06  1.494938E+06  0.000000E+00
 -3.039665E-02  0.000000E+00  0.000000E+00  5.568179E+03  0.000000E+00
  0.000000E+00  0.000000E+00  9.000000E+01  9.000000E+01  9.000000E+01
  0.000000E+00  5.413348E+01  0.000000E+00  2.963224E-02  3.720150E-02
  5.574620E+00  7.335215E+00  5.349081E+01 -3.213791E-01  6.447616E-01
 -3.213791E-01  5.489291E+01  1.411717E+00  6.447616E-01  1.411717E+00
  5.401672E+01
      3480  3.480000E+00        41
 -1.201993E+06  3.025132E+02 -1.203083E+06  2.921251E+05 -1.495208E+06
  0.000000E+00  2.964852E-03  0.000000E+00  0.000000E+00 -1.184240E+06
  3.765153E+02 -5.108698E+04 -1.545425E+06  1.494340E+06  0.000000E+00
 -2.866565E-02  0.000000E+00  0.000000E+00  5.568179E+03  0.000000E+00
  0.000000E+00  0.000000E+00  9.000000E+01  9.000000E+01  9.000000E+01
  0.000000E+00  5.224993E+01  0.000000E+00  2.769811E-02  3.878177E-02
  5.834454E+00  7.842679E+00  4.830924E+01  2.188274E+00 -2.621420E+00
  2.188274E+00  5.676456E+01 -7.555523E-01 -2.621420E+00 -7.555523E-01
  5.167598E+01
      3510  3.510000E+00        41
 -1.201993E+06  3.170038E+02 -1.203136E+06  2.925503E+05 -1.495686E+06
  0.000000E+00  3.024410E-03  0.000000E+00  0.000000E+00 -1.183710E+06
  3.395797E+02 -5.257263E+04 -1.547342E+06  1.494812E+06  0.000000E+00
 -2.921901E-02  0.000000E+00  0.000000E+00  5.568179E+03  0.000000E+00
  0.000000E+00  0.000000E+00  9.000000E+01  9.000000E+01  9.000000E+01
  0.000000E+00  5.381083E+01  0.000000E+00  3.090981E-02  3.987628E-02
  6.126011E+00  8.423602E+00  5.126441E+01  1.316311E+00 -3.154227E+00
  1.316311E+00  5.722086E+01  8.209760E-01 -3.154227E+00  8.209760E-01
  5.294723E+01
      3540  3.540000E+00        41
 -1.201993E+06  3.097514E+02 -1.203109E+06  2.931199E+05 -1.496229E+06
  0.000000E+00  3.090668E-03  0.000000E+00  0.000000E+00 -1.183120E+06
  2.739129E+02 -5.439281E+04 -1.549695E+06  1.495351E+06  0.000000E+00
 -2.983578E-02  0.000000E+00  0.000000E+00  5.568179E+03  0.000000E+00
  0.000000E+00  0.000000E+00  9.000000E+01  9.000000E+01  9.000000E+01
  0.000000E+00  5.554687E+01  0.000000E+00  3.270712E-02  4.235480E-02
  6.420404E+00  9.015610E+00  4.864140E+01  1.253234E+00 -5.626260E+00
  1.253234E+00  5.828738E+01  2.907439E+00 -5.626260E+00  2.907439E+00
  5.971182E+01
      3570  3.570000E+00        41
 -1.201992E+06  2.870305E+02 -1.203027E+06  2.926651E+05 -1.495692E+06
  0.000000E+00  3.008341E-03  0.000000E+00  0.000000E+00 -1.183636E+06
  2.484545E+02 -5.300716E+04 -1.547681E+06  1.494819E+06  0.000000E+00
 -2.905596E-02  0.000000E+00  0.000000E+00  5.568179E+03  0.000000E+00
  0.000000E+00  0.000000E+00  9.000000E+01  9.000000E+01  9.000000E+01
  0.000000E+00  5.402739E+01  0.000000E+00  3.150333E-02  4.356232E-02
  6.698859E+00  9.596915E+00  5.539125E+01 -4.651471E-01 -3.321384E+00
 -4.651471E-01  5.156880E+01  6.132371E-01 -3.321384E+00  6.132371E-01
  5.512211E+01
      3600  3.600000E+00        41
 -1.201993E+06  2.949398E+02 -1.203056E+06  2.921095E+05 -1.495165E+06
  0.000000E+00  2.948403E-03  0.000000E+00  0.000000E+00 -1.184200E+06
  2.399629E+02 -5.125757E+04 -1.545481E+06  1.494290E+06  0.000000E+00
 -2.850592E-02  0.000000E+00  0.000000E+00  5.568179E+03  0.000000E+00
  0.000000E+00  0.000000E+00  9.000000E+01  9.000000E+01  9.000000E+01
  0.000000E+00  5.236707E+01  0.000000E+00  3.552425E-02  4.510529E-02
  6.959703E+00  1.017977E+01  4.861522E+01  1.965869E+00  3.706537E-03
  1.965869E+00  5.411617E+01 -1.174930E+00  3.706537E-03 -1.174930E+00
  5.436982E+01
      3630  3.630000E+00        41
 -1.201993E+06  3.136192E+02 -1.203124E+06  2.925994E+05 -1.495723E+06
  0.000000E+00  2.925888E-03  0.000000E+00  0.000000E+00 -1.183564E+06
  1.531948E+02 -5.303066E+04 -1.547760E+06  1.494842E+06  0.000000E+00
 -2.826714E-02  0.000000E+00  0.000000E+00  5.568179E+03  0.000000E+00
  0.000000E+00  0.000000E+00  9.000000E+01  9.000000E+01  9.000000E+01
  0.000000E+00  5.424082E+01  0.000000E+00  3.292354E-02  4.313874E-02
  7.210120E+00  1.073378E+01  4.901254E+01  7.810972E-01  1.599918E+00
  7.810972E-01  5.687973E+01  1.101364E+00  1.599918E+00  1.101364E+00
  5.683019E+01
      3660  3.660000E+00        41
 -1.201993E+06  3.044962E+02 -1.203090E+06  2.918535E+05 -1.494944E+06
  0.000000E+00  2.949223E-03  0.000000E+00  0.000000E+00 -1.184401E+06
  3.374331E+01 -5.058010E+04 -1.544483E+06  1.494062E+06  0.000000E+00
 -2.846913E-02  0.000000E+00  0.000000E+00  5.568179E+03  0.000000E+00
  0.000000E+00  0.000000E+00  9.000000E+01  9.000000E+01  9.000000E+01
  0.000000E+00  5.177506E+01  0.000000E+00  3.031921E-02  3.857102E-02
  7.398294E+00  1.112426E+01  4.514286E+01  7.099481E-01  3.873549E+00
  7.099481E-01  5.550658E+01  5.727743E-01  3.873549E+00  5.727743E-01
  5.467572E+01
      3690  3.690000E+00        41
 -1.201993E+06  3.202055E+02 -1.203148E+06  2.924522E+05 -1.495600E+06
  0.000000E+00  2.916837E-03  0.000000E+00  0.000000E+00 -1.183693E+06
  3.948966E+01 -5.259376E+04 -1.547097E+06  1.494724E+06  0.000000E+00
 -2.816858E-02  0.000000E+00  0.000000E+00  5.568179E+03  0.000000E+00
  0.000000E+00  0.000000E+00  9.000000E+01  9.000000E+01  9.000000E+01
  0.000000E+00  5.386155E+01  0.000000E+00  3.077250E-02  3.779963E-02
  7.464062E+00  1.119250E+01  5.181862E+01 -1.860287E+00  3.595944E+00
 -1.860287E+00  5.292943E+01  1.190611E-01  3.595944E+00  1.190611E-01
  5.683660E+01
      3720  3.720000E+00        41
 -1.201993E+06  2.896050E+02 -1.203037E+06  2.931876E+05 -1.496224E+06
  0.000000E+00  3.052252E-03  0.000000E+00  0.000000E+00 -1.183020E+06
  2.778297E+02 -5.483811E+04 -1.550107E+06  1.495350E+06  0.000000E+00
 -2.947663E-02  0.000000E+00  0.000000E+00  5.568179E+03  0.000000E+00
  0.000000E+00  0.000000E+00  9.000000E+01  9.000000E+01  9.000000E+01
  0.000000E+00  5.584116E+01  0.000000E+00  3.056678E-02  4.022762E-02
  7.378236E+00  1.083982E+01  5.457021E+01 -6.909110E-01 -4.013000E-01
 -6.909110E-01  5.541792E+01  2.543729E+00 -4.013000E-01  2.543729E+00
  5.753534E+01
      3750  3.750000E+00        41
 -1.201993E+06  3.147409E+02 -1.203128E+06  2.922769E+05 -1.495404E+06
  0.000000E+00  2.913193E-03  0.000000E+00  0.000000E+00 -1.183988E+06
  4.100904E+02 -5.175801E+04 -1.546203E+06  1.494531E+06  0.000000E+00
 -2.812134E-02  0.000000E+00  0.000000E+00  5.568179E+03  0.000000E+00
  0.000000E+00  0.000000E+00  9.000000E+01  9.000000E+01  9.000000E+01
  0.000000E+00  5.299391E+01  0.000000E+00  3.380766E-02  3.813584E-02
  7.266665E+00  1.038618E+01  5.172917E+01  8.202213E-01 -2.030437E+00
  8.202213E-01  5.399947E+01 -3.014288E+00 -2.030437E+00 -3.014288E+00
  5.325309E+01
      3780  3.780000E+00        41
 -1.201993E+06  3.072373E+02 -1.203100E+06  2.924267E+05 -1.495527E+06
  0.000000E+00  2.972766E-03  0.000000E+00  0.000000E+00 -1.183825E+06
  4.627944E+02 -5.230174E+04 -1.546826E+06  1.494662E+06  0.000000E+00
 -2.871236E-02  0.000000E+00  0.000000E+00  5.568179E+03  0.000000E+00
  0.000000E+00  0.000000E+00  9.000000E+01  9.000000E+01  9.000000E+01
  0.000000E+00  5.347299E+01  0.000000E+00  3.451051E-02  4.341288E-02
  7.167404E+00  9.981547E+00  5.055481E+01 -3.931792E-01 -3.074179E+00
 -3.931792E-01  5.728016E+01  1.306974E+00 -3.074179E+00  1.306974E+00
  5.258399E+01
      3810  3.810000E+00        41
 -1.201993E+06  3.003950E+02 -1.203076E+06  2.926230E+05 -1.495699E+06
  0.000000E+00  3.034029E-03  0.000000E+00  0.000000E+00 -1.183597E+06
  6.981317E+02 -5.303879E+04 -1.547707E+06  1.494825E+06  0.000000E+00
 -2.931174E-02  0.000000E+00  0.000000E+00  5.568179E+03  0.000000E+00
  0.000000E+00  0.000000E+00  9.000000E+01  9.000000E+01  9.000000E+01
  0.000000E+00  5.414193E+01  0.000000E+00  3.717231E-02  4.683205E-02
  7.065221E+00  9.638700E+00  4.888942E+01 -3.699011E+00  1.321893E+00
 -3.699011E+00  5.906464E+01  1.004195E+00  1.321893E+00  1.004195E+00
  5.447173E+01
      3840  3.840000E+00        41
 -1.201993E+06  3.115433E+02 -1.203116E+06  2.925771E+05 -1.495693E+06
  0.000000E+00  3.088230E-03  0.000000E+00  0.000000E+00 -1.183671E+06
  1.008500E+03 -5.274546E+04 -1.547510E+06  1.494814E+06  0.000000E+00
 -2.983446E-02  0.000000E+00  0.000000E+00  5.568179E+03  0.000000E+00
  0.000000E+00  0.000000E+00  9.000000E+01  9.000000E+01  9.000000E+01
  0.000000E+00  5.392541E+01  0.000000E+00  3.535888E-02  4.494309E-02
  6.966813E+00  9.395989E+00  5.335292E+01 -5.311665E-01 -3.401737E+00
 -5.311665E-01  5.763763E+01 -8.140638E-01 -3.401737E+00 -8.140638E-01
  5.078568E+01
      3870  3.870000E+00        41
 -1.201993E+06  3.192187E+02 -1.203144E+06  2.925365E+05 -1.495680E+06
  0.000000E+00  2.909993E-03  0.000000E+00  0.000000E+00 -1.183724E+06
  9.856186E+02 -5.253014E+04 -1.547286E+06  1.494801E+06  0.000000E+00
 -2.811106E-02  0.000000E+00  0.000000E+00  5.568179E+03  0.000000E+00
  0.000000E+00  0.000000E+00  9.000000E+01  9.000000E+01  9.000000E+01
  0.000000E+00  5.376900E+01  0.000000E+00  2.879779E-02  3.832974E-02
  6.885669E+00  9.295404E+00  4.922360E+01  1.207714E+00 -2.685473E+00
  1.207714E+00  5.750495E+01 -6.758447E-01 -2.685473E+00 -6.758447E-01
  5.457845E+01
      3900  3.900000E+00        41
 -1.201993E+06  3.121425E+02 -1.203118E+06  2.930741E+05 -1.496192E+06
  0.000000E+00  2.998497E-03  0.000000E+00  0.000000E+00 -1.183104E+06
  8.832492E+02 -5.444044E+04 -1.549693E+06  1.495315E+06  0.000000E+00
 -2.893990E-02  0.000000E+00  0.000000E+00  5.568179E+03  0.000000E+00
  0.000000E+00  0.000000E+00  9.000000E+01  9.000000E+01  9.000000E+01
  0.000000E+00  5.559559E+01  0.000000E+00  2.461358E-02  3.138415E-02
  6.794881E+00  9.346122E+00  5.516444E+01  2.040954E+00 -3.165911E-01
  2.040954E+00  5.393693E+01 -5.170361E-01 -3.165911E-01 -5.170361E-01
  5.768540E+01
      3930  3.930000E+00        41
 -1.201993E+06  3.269449E+02 -1.203172E+06  2.927194E+05 -1.495891E+06
  0.000000E+00  2.918954E-03  0.000000E+00  0.000000E+00 -1.183481E+06
  8.990459E+02 -5.320312E+04 -1.548189E+06  1.495000E+06  0.000000E+00
 -2.817937E-02  0.000000E+00  0.000000E+00  5.568179E+03  0.000000E+00
  0.000000E+00  0.000000E+00  9.000000E+01  9.000000E+01  9.000000E+01
  0.000000E+00  5.448600E+01  0.000000E+00  2.210565E-02  2.947412E-02
  6.670781E+00  9.523921E+00  5.155418E+01 -2.202492E+00  3.466498E+00
 -2.202492E+00  5.544786E+01 -1.575614E+00  3.466498E+00 -1.575614E+00
  5.645595E+01
      3960  3.960000E+00        41
 -1.201993E+06  3.084592E+02 -1.203105E+06  2.924338E+05 -1.495539E+06
  0.000000E+00  3.062534E-03  0.000000E+00  0.000000E+00 -1.183833E+06
  8.730618E+02 -5.227886E+04 -1.546906E+06  1.494649E+06  0.000000E+00
 -2.960204E-02  0.000000E+00  0.000000E+00  5.568179E+03  0.000000E+00
  0.000000E+00  0.000000E+00  9.000000E+01  9.000000E+01  9.000000E+01
  0.000000E+00  5.344914E+01  0.000000E+00  2.265808E-02  3.007056E-02
  6.557016E+00  9.825131E+00  5.111141E+01 -2.697410E+00  4.634638E+00
 -2.697410E+00  5.743853E+01  5.562731E-01  4.634638E+00  5.562731E-01
  5.179747E+01
      3990  3.990000E+00        41
 -1.201993E+06  3.217695E+02 -1.203153E+06  2.918847E+05 -1.495038E+06
  0.000000E+00  2.869544E-03  0.000000E+00  0.000000E+00 -1.184332E+06
  6.407033E+02 -5.067953E+04 -1.544785E+06  1.494155E+06  0.000000E+00
 -2.773681E-02  0.000000E+00  0.000000E+00  5.568179E+03  0.000000E+00
  0.000000E+00  0.000000E+00  9.000000E+01  9.000000E+01  9.000000E+01
  0.000000E+00  5.197991E+01  0.000000E+00  2.297917E-02  3.309307E-02
  6.426071E+00  1.017058E+01  5.258893E+01 -1.778818E+00 -7.988641E-01
 -1.778818E+00  5.529822E+01  7.693075E-01 -7.988641E-01  7.693075E-01
  4.805260E+01
      4020  4.020000E+00        41
 -1.201993E+06  3.128442E+02 -1.203120E+06  2.921380E+05 -1.495258E+06
  0.000000E+00  2.797964E-03  0.000000E+00  0.000000E+00 -1.184126E+06
  3.372761E+02 -5.135266E+04 -1.545673E+06  1.494382E+06  0.000000E+00
 -2.705368E-02  0.000000E+00  0.000000E+00  5.568179E+03  0.000000E+00
  0.000000E+00  0.000000E+00  9.000000E+01  9.000000E+01  9.000000E+01
  0.000000E+00  5.258460E+01  0.000000E+00  2.483018E-02  3.598603E-02
  6.213182E+00  1.039519E+01  4.745938E+01  1.530451E+00  4.919890E+00
  1.530451E+00  5.317154E+01 -5.218522E-01  4.919890E+00 -5.218522E-01
  5.712286E+01
      4050  4.050000E+00        41
 -1.201993E+06  3.140713E+02 -1.203125E+06  2.920666E+05 -1.495192E+06
  0.000000E+00  2.891668E-03  0.000000E+00  0.000000E+00 -1.184165E+06
  3.118777E+00 -5.122044E+04 -1.545432E+06  1.494315E+06  0.000000E+00
 -2.796264E-02  0.000000E+00  0.000000E+00  5.568179E+03  0.000000E+00
  0.000000E+00  0.000000E+00  9.000000E+01  9.000000E+01  9.000000E+01
  0.000000E+00  5.247174E+01  0.000000E+00  3.007359E-02  4.003915E-02
  5.869590E+00  1.023202E+01  5.193049E+01  1.198866E+00 -9.144530E-01
  1.198866E+00  6.195010E+01 -2.328475E-01 -9.144530E-01 -2.328475E-01
  4.353464E+01
      4080  4.080000E+00        41
 -1.201992E+06  2.936334E+02 -1.203051E+06  2.918602E+05 -1.494911E+06
  0.000000E+00  2.945999E-03  0.000000E+00  0.000000E+00 -1.184514E+06
  2.973231E+02 -5.032442E+04 -1.544313E+06  1.494041E+06  0.000000E+00
 -2.849187E-02  0.000000E+00  0.000000E+00  5.568179E+03  0.000000E+00
  0.000000E+00  0.000000E+00  9.000000E+01  9.000000E+01  9.000000E+01
  0.000000E+00  5.144094E+01  0.000000E+00  3.429356E-02  4.673377E-02
  5.335853E+00  9.467786E+00  4.669960E+01  4.888062E-01 -2.052454E+00
  4.888062E-01  5.183769E+01  1.761629E+00 -2.052454E+00  1.761629E+00
  5.578554E+01
      4110  4.110000E+00        41
 -1.201993E+06  3.075438E+02 -1.203101E+06  2.916450E+05 -1.494746E+06
  0.000000E+00  3.028989E-03  0.000000E+00  0.000000E+00 -1.184697E+06
  5.324883E+02 -4.968208E+04 -1.543540E+06  1.493875E+06  0.000000E+00
 -2.928524E-02  0.000000E+00  0.000000E+00  5.568179E+03  0.000000E+00
  0.000000E+00  0.000000E+00  9.000000E+01  9.000000E+01  9.000000E+01
  0.000000E+00  5.090338E+01  0.000000E+00  3.871765E-02  5.052644E-02
  4.711978E+00  8.411537E+00  5.304480E+01  2.717061E+00  6.558604E-02
  2.717061E+00  5.256826E+01 -1.083651E+00  6.558604E-02 -1.083651E+00
  4.709709E+01
      4140  4.140000E+00        41
 -1.201992E+06  2.991141E+02 -1.203070E+06  2.911150E+05 -1.494185E+06
  0.000000E+00  3.062325E-03  0.000000E+00  0.000000E+00 -1.185361E+06
  6.599635E+02 -4.775383E+04 -1.541075E+06  1.493314E+06  0.000000E+00
 -2.961102E-02  0.000000E+00  0.000000E+00  5.568179E+03  0.000000E+00
  0.000000E+00  0.000000E+00  9.000000E+01  9.000000E+01  9.000000E+01
  0.000000E+00  4.894891E+01  0.000000E+00  4.135173E-02  5.385570E-02
  4.083293E+00  7.286561E+00  4.240040E+01  1.913293E+00 -8.211968E-01
  1.913293E+00  4.732428E+01  6.267505E-01 -8.211968E-01  6.267505E-01
  5.712205E+01
      4170  4.170000E+00        41
 -1.201992E+06  3.113415E+02 -1.203114E+06  2.919981E+05 -1.495112E+06
  0.000000E+00  3.056538E-03  0.000000E+00  0.000000E+00 -1.184362E+06
  6.415007E+02 -5.066332E+04 -1.544918E+06  1.494238E+06  0.000000E+00
 -2.954383E-02  0.000000E+00  0.000000E+00  5.568179E+03  0.000000E+00
  0.000000E+00  0.000000E+00  9.000000E+01  9.000000E+01  9.000000E+01
  0.000000E+00  5.189024E+01  0.000000E+00  4.169717E-02  5.319952E-02
  3.496338E+00  6.215048E+00  4.339594E+01  2.677385E+00 -2.143392E+00
  2.677385E+00  5.908999E+01  2.677494E-01 -2.143392E+00  2.677494E-01
  5.318480E+01
      4200  4.200000E+00        41
 -1.201993E+06  3.068000E+02 -1.203098E+06  2.913973E+05 -1.494496E+06
  0.000000E+00  3.020398E-03  0.000000E+00  0.000000E+00 -1.185008E+06
  5.835723E+02 -4.875614E+04 -1.542396E+06  1.493621E+06  0.000000E+00
 -2.919923E-02  0.000000E+00  0.000000E+00  5.568179E+03  0.000000E+00
  0.000000E+00  0.000000E+00  9.000000E+01  9.000000E+01  9.000000E+01
  0.000000E+00  4.998847E+01  0.000000E+00  4.387975E-02  5.439511E-02
  2.974677E+00  5.264728E+00  4.330614E+01  5.120695E-01 -5.069656E-01
  5.120695E-01  5.340240E+01 -3.073321E+00 -5.069656E-01 -3.073321E+00
  5.325687E+01
      4230  4.230000E+00        41
 -1.201992E+06  3.150130E+02 -1.203128E+06  2.918363E+05 -1.494964E+06
  0.000000E+00  2.934494E-03  0.000000E+00  0.000000E+00 -1.184534E+06
  5.438573E+02 -5.011947E+04 -1.544224E+06  1.494084E+06  0.000000E+00
 -2.837635E-02  0.000000E+00  0.000000E+00  5.568179E+03  0.000000E+00
  0.000000E+00  0.000000E+00  9.000000E+01  9.000000E+01  9.000000E+01
  0.000000E+00  5.138505E+01  0.000000E+00  4.598379E-02  5.643940E-02
  2.517453E+00  4.431609E+00  4.468133E+01  1.248866E-01  2.619263E+00
  1.248866E-01  5.387131E+01  2.326362E+00  2.619263E+00  2.326362E+00
  5.560249E+01
      4260  4.260000E+00        41
 -1.201992E+06  3.037276E+02 -1.203087E+06  2.918446E+05 -1.494932E+06
  0.000000E+00  3.166155E-03  0.000000E+00  0.000000E+00 -1.184554E+06
  4.920403E+02 -5.013619E+04 -1.544209E+06  1.494054E+06  0.000000E+00
 -3.057217E-02  0.000000E+00  0.000000E+00  5.568179E+03  0.000000E+00
  0.000000E+00  0.000000E+00  9.000000E+01  9.000000E+01  9.000000E+01
  0.000000E+00  5.132291E+01  0.000000E+00  4.577873E-02  5.658220E-02
  2.125378E+00  3.721946E+00  4.755155E+01 -5.754272E-01  2.766887E+00
 -5.754272E-01  5.526929E+01  1.459596E+00  2.766887E+00  1.459596E+00
  5.114787E+01
      4290  4.290000E+00        41
 -1.201993E+06  3.260224E+02 -1.203168E+06  2.912404E+05 -1.494408E+06
  0.000000E+00  2.713058E-03  0.000000E+00  0.000000E+00 -1.185183E+06
  4.592238E+02 -4.809115E+04 -1.541636E+06  1.493530E+06  0.000000E+00
 -2.625133E-02  0.000000E+00  0.000000E+00  5.568179E+03  0.000000E+00
  0.000000E+00  0.000000E+00  9.000000E+01  9.000000E+01  9.000000E+01
  0.000000E+00  4.947506E+01  0.000000E+00  4.483616E-02  5.306595E-02
  1.797211E+00  3.128228E+00  4.455635E+01 -1.808897E+00  1.643934E+00
 -1.808897E+00  5.146208E+01 -1.427305E-01  1.643934E+00 -1.427305E-01
  5.240676E+01
      4320  4.320000E+00        41
 -1.201992E+06  3.270700E+02 -1.203171E+06  2.915269E+05 -1.494698E+06
  0.000000E+00  2.919829E-03  0.000000E+00  0.000000E+00 -1.184823E+06
  4.568532E+02 -4.916123E+04 -1.542982E+06  1.493814E+06  0.000000E+00
 -2.826019E-02  0.000000E+00  0.000000E+00  5.568179E+03  0.000000E+00
  0.000000E+00  0.000000E+00  9.000000E+01  9.000000E+01  9.000000E+01
  0.000000E+00  5.053234E+01  0.000000E+00  4.666027E-02  5.335540E-02
  1.528587E+00  2.635328E+00  4.787040E+01 -1.880282E-01 -3.850778E+00
 -1.880282E-01  5.281846E+01  1.857787E+00 -3.850778E+00  1.857787E+00
  5.090815E+01
      4350  4.350000E+00        41
 -1.201992E+06  3.207085E+02 -1.203148E+06  2.909965E+05 -1.494145E+06
  0.000000E+00  2.821908E-03  0.000000E+00  0.000000E+00 -1.185389E+06
  4.553108E+02 -4.751025E+04 -1.540750E+06  1.493267E+06  0.000000E+00
 -2.729299E-02  0.000000E+00  0.000000E+00  5.568179E+03  0.000000E+00
  0.000000E+00  0.000000E+00  9.000000E+01  9.000000E+01  9.000000E+01
  0.000000E+00  4.886767E+01  0.000000E+00  4.791188E-02  5.865118E-02
  1.326350E+00  2.265184E+00  4.313885E+01 -1.788988E+00  3.182297E-01
 -1.788988E+00  5.358082E+01  6.584020E-01  3.182297E-01  6.584020E-01
  4.988334E+01
      4380  4.380000E+00        41
 -1.201992E+06  2.956155E+02 -1.203058E+06  2.913092E+05 -1.494367E+06
  0.000000E+00  3.243423E-03  0.000000E+00  0.000000E+00 -1.185110E+06
  5.178231E+02 -4.852827E+04 -1.542007E+06  1.493494E+06  0.000000E+00
 -3.132142E-02  0.000000E+00  0.000000E+00  5.568179E+03  0.000000E+00
  0.000000E+00  0.000000E+00  9.000000E+01  9.000000E+01  9.000000E+01
  0.000000E+00  4.968742E+01  0.000000E+00  5.265049E-02  6.159392E-02
  1.188144E+00  2.028169E+00  4.923321E+01 -3.809927E+00  1.402890E+00
 -3.809927E+00  5.316907E+01 -1.399524E+00  1.402890E+00 -1.399524E+00
  4.665999E+01
      4410  4.410000E+00        41
 -1.201992E+06  2.989914E+02 -1.203070E+06  2.902313E+05 -1.493301E+06
  0.000000E+00  2.985804E-03  0.000000E+00  0.000000E+00 -1.186254E+06
  5.963982E+02 -4.507313E+04 -1.537458E+06  1.492433E+06  0.000000E+00
 -2.889742E-02  0.000000E+00  0.000000E+00  5.568179E+03  0.000000E+00
  0.000000E+00  0.000000E+00  9.000000E+01  9.000000E+01  9.000000E+01
  0.000000E+00  4.631965E+01  0.000000E+00  5.246407E-02  6.412756E-02
  1.105281E+00  1.923201E+00  4.321136E+01 -1.986093E+00  2.445652E+00
 -1.986093E+00  4.941602E+01  4.612729E-01  2.445652E+00  4.612729E-01
  4.633158E+01
      4440  4.440000E+00        41
 -1.201992E+06  3.139985E+02 -1.203124E+06  2.910175E+05 -1.494142E+06
  0.000000E+00  3.160814E-03  0.000000E+00  0.000000E+00 -1.185403E+06
  6.764034E+02 -4.751978E+04 -1.540788E+06  1.493274E+06  0.000000E+00
 -3.053718E-02  0.000000E+00  0.000000E+00  5.568179E+03  0.000000E+00
  0.000000E+00  0.000000E+00  9.000000E+01  9.000000E+01  9.000000E+01
  0.000000E+00  4.882416E+01  0.000000E+00  5.239912E-02  6.143224E-02
  1.072039E+00  1.963782E+00  4.900643E+01  1.521117E+00  3.791937E-01
  1.521117E+00  4.895003E+01 -2.733290E-01  3.791937E-01 -2.733290E-01
  4.851601E+01
      4470  4.470000E+00        41
 -1.201992E+06  3.061473E+02 -1.203095E+06  2.908894E+05 -1.493985E+06
  0.000000E+00  3.023870E-03  0.000000E+00  0.000000E+00 -1.185583E+06
  6.786182E+02 -4.703629E+04 -1.540134E+06  1.493116E+06  0.000000E+00
 -2.921298E-02  0.000000E+00  0.000000E+00  5.568179E+03  0.000000E+00
  0.000000E+00  0.000000E+00  9.000000E+01  9.000000E+01  9.000000E+01
  0.000000E+00  4.829424E+01  0.000000E+00  5.098180E-02  6.106761E-02
  1.081857E+00  2.123670E+00  4.270599E+01  1.087757E+00  5.451867E-01
  1.087757E+00  4.886506E+01  1.427816E-01  5.451867E-01  1.427816E-01
  5.331168E+01
      4500  4.500000E+00        41
 -1.201992E+06  3.166292E+02 -1.203133E+06  2.914291E+05 -1.494562E+06
  0.000000E+00  3.224473E-03  0.000000E+00  0.000000E+00 -1.184940E+06
  4.915194E+02 -4.888772E+04 -1.542561E+06  1.493695E+06  0.000000E+00
 -3.113974E-02  0.000000E+00  0.000000E+00  5.568179E+03  0.000000E+00
  0.000000E+00  0.000000E+00  9.000000E+01  9.000000E+01  9.000000E+01
  0.000000E+00  5.018933E+01  0.000000E+00  5.107019E-02  6.137332E-02
  1.113048E+00  2.350668E+00  4.954106E+01  8.135064E-01 -2.104703E+00
  8.135064E-01  5.308774E+01  7.520854E-01 -2.104703E+00  7.520854E-01
  4.793917E+01
      4530  4.530000E+00        41
 -1.201992E+06  3.082458E+02 -1.203103E+06  2.911768E+05 -1.494280E+06
  0.000000E+00  3.046562E-03  0.000000E+00  0.000000E+00 -1.185219E+06
  2.739034E+02 -4.810493E+04 -1.541470E+06  1.493409E+06  0.000000E+00
 -2.946246E-02  0.000000E+00  0.000000E+00  5.568179E+03  0.000000E+00
  0.000000E+00  0.000000E+00  9.000000E+01  9.000000E+01  9.000000E+01
  0.000000E+00  4.936739E+01  0.000000E+00  5.200832E-02  5.842753E-02
  1.136690E+00  2.553608E+00  4.285326E+01 -1.490084E-01  2.726895E+00
 -1.490084E-01  5.235209E+01  6.547915E-01  2.726895E+00  6.547915E-01
  5.289682E+01
      4560  4.560000E+00        41
 -1.201993E+06  3.191464E+02 -1.203143E+06  2.915179E+05 -1.494661E+06
  0.000000E+00  3.121424E-03  0.000000E+00  0.000000E+00 -1.184749E+06
  6.211472E+01 -4.943276E+04 -1.543120E+06  1.493786E+06  0.000000E+00
 -3.016744E-02  0.000000E+00  0.000000E+00  5.568179E+03  0.000000E+00
  0.000000E+00  0.000000E+00  9.000000E+01  9.000000E+01  9.000000E+01
  0.000000E+00  5.075236E+01  0.000000E+00  4.683523E-02  5.788596E-02
  1.111402E+00  2.602904E+00  4.994716E+01  1.169894E+00 -3.036757E+00
  1.169894E+00  5.157065E+01 -2.095023E-01 -3.036757E+00 -2.095023E-01
  5.073926E+01
      4590  4.590000E+00        41
 -1.201992E+06  3.136116E+02 -1.203122E+06  2.912600E+05 -1.494382E+06
  0.000000E+00  2.837587E-03  0.000000E+00  0.000000E+00 -1.185157E+06
  2.062830E+02 -4.824893E+04 -1.541721E+06  1.493505E+06  0.000000E+00
 -2.745895E-02  0.000000E+00  0.000000E+00  5.568179E+03  0.000000E+00
  0.000000E+00  0.000000E+00  9.000000E+01  9.000000E+01  9.000000E+01
  0.000000E+00  4.954826E+01  0.000000E+00  4.311091E-02  5.504252E-02
  9.964431E-01  2.370799E+00  4.597637E+01  2.837656E-01  2.160487E+00
  2.837656E-01  4.982919E+01 -5.785592E-01  2.160487E+00 -5.785592E-01
  5.283923E+01
      4620  4.620000E+00        41
 -1.201992E+06  3.038673E+02 -1.203087E+06  2.910366E+05 -1.494124E+06
  0.000000E+00  3.050199E-03  0.000000E+00  0.000000E+00 -1.185396E+06
  3.076676E+02 -4.760607E+04 -1.540826E+06  1.493246E+06  0.000000E+00
 -2.948244E-02  0.000000E+00  0.000000E+00  5.568179E+03  0.000000E+00
  0.000000E+00  0.000000E+00  9.000000E+01  9.000000E+01  9.000000E+01
  0.000000E+00  4.884619E+01  0.000000E+00  4.084907E-02  5.269045E-02
  8.880983E-01  2.085311E+00  4.898367E+01  1.537458E+00 -2.592842E+00
  1.537458E+00  5.050232E+01 -3.499426E-01 -2.592842E+00 -3.499426E-01
  4.705257E+01
      4650  4.650000E+00        41
 -1.201992E+06  3.037231E+02 -1.203086E+06  2.916397E+05 -1.494726E+06
  0.000000E+00  2.964817E-03  0.000000E+00  0.000000E+00 -1.184743E+06
  3.099905E+02 -4.956389E+04 -1.543386E+06  1.493852E+06  0.000000E+00
 -2.864474E-02  0.000000E+00  0.000000E+00  5.568179E+03  0.000000E+00
  0.000000E+00  0.000000E+00  9.000000E+01  9.000000E+01  9.000000E+01
  0.000000E+00  5.076586E+01  0.000000E+00  3.750486E-02  4.839480E-02
  8.181439E-01  1.836197E+00  4.429701E+01  1.291216E+00 -1.987654E+00
  1.291216E+00  5.358584E+01 -2.006188E+00 -1.987654E+00 -2.006188E+00
  5.441473E+01
      4680  4.680000E+00        41
 -1.201992E+06  3.121129E+02 -1.203117E+06  2.908283E+05 -1.493945E+06
  0.000000E+00  2.829170E-03  0.000000E+00  0.000000E+00 -1.185610E+06
  2.526442E+02 -4.690180E+04 -1.539933E+06  1.493068E+06  0.000000E+00
 -2.736117E-02  0.000000E+00  0.000000E+00  5.568179E+03  0.000000E+00
  0.000000E+00  0.000000E+00  9.000000E+01  9.000000E+01  9.000000E+01
  0.000000E+00  4.821492E+01  0.000000E+00  3.491946E-02  4.581141E-02
  7.945694E-01  1.655660E+00  4.625483E+01  7.516735E-01  1.470002E+00
  7.516735E-01  4.899754E+01 -8.679451E-01  1.470002E+00 -8.679451E-01
  4.939238E+01
      4710  4.710000E+00        41
 -1.201992E+06  3.042986E+02 -1.203089E+06  2.917152E+05 -1.494804E+06
  0.000000E+00  3.073277E-03  0.000000E+00  0.000000E+00 -1.184601E+06
  1.317877E+02 -4.998374E+04 -1.543832E+06  1.493923E+06  0.000000E+00
 -2.972554E-02  0.000000E+00  0.000000E+00  5.568179E+03  0.000000E+00
  0.000000E+00  0.000000E+00  9.000000E+01  9.000000E+01  9.000000E+01
  0.000000E+00  5.118619E+01  0.000000E+00  3.481422E-02  4.478948E-02
  8.212428E-01  1.569054E+00  4.613911E+01  3.805064E-02  4.546786E-02
  3.805064E-02  5.834405E+01  1.455841E+00  4.546786E-02  1.455841E+00
  4.907540E+01
      4740  4.740000E+00        41
 -1.201992E+06  3.010059E+02 -1.203077E+06  2.913169E+05 -1.494394E+06
  0.000000E+00  3.049505E-03  0.000000E+00  0.000000E+00 -1.185003E+06
  4.468647E+01 -4.879795E+04 -1.542170E+06  1.493516E+06  0.000000E+00
 -2.945938E-02  0.000000E+00  0.000000E+00  5.568179E+03  0.000000E+00
  0.000000E+00  0.000000E+00  9.000000E+01  9.000000E+01  9.000000E+01
  0.000000E+00  5.000170E+01  0.000000E+00  3.503693E-02  4.508065E-02
  8.799033E-01  1.570762E+00  4.552638E+01 -2.763514E-02 -2.922474E+00
 -2.763514E-02  4.872561E+01 -2.819801E+00 -2.922474E+00 -2.819801E+00
  5.575310E+01
      4770  4.770000E+00        41
 -1.201992E+06  3.076165E+02 -1.203101E+06  2.908853E+05 -1.493987E+06
  0.000000E+00  3.103555E-03  0.000000E+00  0.000000E+00 -1.185466E+06
  4.290393E+01 -4.736265E+04 -1.540369E+06  1.493113E+06  0.000000E+00
 -3.001228E-02  0.000000E+00  0.000000E+00  5.568179E+03  0.000000E+00
  0.000000E+00  0.000000E+00  9.000000E+01  9.000000E+01  9.000000E+01
  0.000000E+00  4.864037E+01  0.000000E+00  3.686148E-02  4.579944E-02
  9.471792E-01  1.645346E+00  4.705055E+01 -2.703696E+00 -6.347615E-01
 -2.703696E+00  4.855953E+01 -1.636524E+00 -6.347615E-01 -1.636524E+00
  5.031102E+01
      4800  4.800000E+00        41
 -1.201992E+06  3.187475E+02 -1.203141E+06  2.923645E+05 -1.495505E+06
  0.000000E+00  3.079867E-03  0.000000E+00  0.000000E+00 -1.183852E+06
  1.339017E+02 -5.212627E+04 -1.546640E+06  1.494634E+06  0.000000E+00
 -2.972907E-02  0.000000E+00  0.000000E+00  5.568179E+03  0.000000E+00
  0.000000E+00  0.000000E+00  9.000000E+01  9.000000E+01  9.000000E+01
  0.000000E+00  5.339029E+01  0.000000E+00  3.654715E-02  4.457783E-02
  1.029874E+00  1.805561E+00  4.941908E+01 -1.719181E+00 -6.609699E+00
 -1.719181E+00  5.564791E+01 -4.183017E+00 -6.609699E+00 -4.183017E+00
  5.510388E+01
      4830  4.830000E+00        41
 -1.201992E+06  3.199095E+02 -1.203145E+06  2.920781E+05 -1.495223E+06
  0.000000E+00  2.937878E-03  0.000000E+00  0.000000E+00 -1.184163E+06
  2.817365E+02 -5.118749E+04 -1.545427E+06  1.494339E+06  0.000000E+00
 -2.838668E-02  0.000000E+00  0.000000E+00  5.568179E+03  0.000000E+00
  0.000000E+00  0.000000E+00  9.000000E+01  9.000000E+01  9.000000E+01
  0.000000E+00  5.247388E+01  0.000000E+00  3.732858E-02  4.464759E-02
  1.163817E+00  2.115339E+00  4.881252E+01 -2.665291E+00  3.981523E+00
 -2.665291E+00  5.437604E+01  4.690198E-01  3.981523E+00  4.690198E-01
  5.423309E+01
      4860  4.860000E+00        41
 -1.201992E+06  3.043492E+02 -1.203089E+06  2.923490E+05 -1.495438E+06
  0.000000E+00  2.959057E-03  0.000000E+00  0.000000E+00 -1.183888E+06
  2.003649E+02 -5.212229E+04 -1.546502E+06  1.494555E+06  0.000000E+00
 -2.859136E-02  0.000000E+00  0.000000E+00  5.568179E+03  0.000000E+00
  0.000000E+00  0.000000E+00  9.000000E+01  9.000000E+01  9.000000E+01
  0.000000E+00  5.328293E+01  0.000000E+00  3.812773E-02  4.745310E-02
  1.347745E+00  2.524982E+00  5.020734E+01 -8.858513E-01 -2.696053E+00
 -8.858513E-01  5.200983E+01 -6.519331E-01 -2.696053E+00 -6.519331E-01
  5.763163E+01
      4890  4.890000E+00        41
 -1.201992E+06  3.094853E+02 -1.203108E+06  2.918909E+05 -1.494999E+06
  0.000000E+00  3.008777E-03  0.000000E+00  0.000000E+00 -1.184403E+06
  1.307613E+02 -5.054112E+04 -1.544547E+06  1.494119E+06  0.000000E+00
 -2.904711E-02  0.000000E+00  0.000000E+00  5.568179E+03  0.000000E+00
  0.000000E+00  0.000000E+00  9.000000E+01  9.000000E+01  9.000000E+01
  0.000000E+00  5.176972E+01  0.000000E+00  3.975508E-02  4.827412E-02
  1.507484E+00  2.882694E+00  4.718514E+01  2.237101E+00 -9.287343E-01
  2.237101E+00  5.556492E+01 -1.550807E+00 -9.287343E-01 -1.550807E+00
  5.255911E+01
      4920  4.920000E+00        41
 -1.201992E+06  3.075232E+02 -1.203100E+06  2.924673E+05 -1.495568E+06
  0.000000E+00  3.121226E-03  0.000000E+00  0.000000E+00 -1.183747E+06
  1.101883E+02 -5.251990E+04 -1.547078E+06  1.494690E+06  0.000000E+00
 -3.015014E-02  0.000000E+00  0.000000E+00  5.568179E+03  0.000000E+00
  0.000000E+00  0.000000E+00  9.000000E+01  9.000000E+01  9.000000E+01
  0.000000E+00  5.369767E+01  0.000000E+00  3.887247E-02  4.649781E-02
  1.625792E+00  3.173101E+00  5.266207E+01  2.922262E-01 -1.771850E+00
  2.922262E-01  5.633699E+01  4.565870E-01 -1.771850E+00  4.565870E-01
  5.209395E+01
      4950  4.950000E+00        41
 -1.201992E+06  3.067879E+02 -1.203098E+06  2.910976E+05 -1.494196E+06
  0.000000E+00  2.799661E-03  0.000000E+00  0.000000E+00 -1.185257E+06
  1.342075E+02 -4.799810E+04 -1.541218E+06  1.493316E+06  0.000000E+00
 -2.708288E-02  0.000000E+00  0.000000E+00  5.568179E+03  0.000000E+00
  0.000000E+00  0.000000E+00  9.000000E+01  9.000000E+01  9.000000E+01
  0.000000E+00  4.925569E+01  0.000000E+00  3.305928E-02  4.333807E-02
  1.685839E+00  3.393700E+00  4.519886E+01  3.795984E-01 -3.754791E+00
  3.795984E-01  4.983929E+01  1.961942E+00 -3.754791E+00  1.961942E+00
  5.272894E+01
      4980  4.980000E+00        41
 -1.201992E+06  3.084640E+02 -1.203104E+06  2.926580E+05 -1.495762E+06
  0.000000E+00  2.996848E-03  0.000000E+00  0.000000E+00 -1.183614E+06
  1.925087E+02 -5.291335E+04 -1.547765E+06  1.494887E+06  0.000000E+00
 -2.894769E-02  0.000000E+00  0.000000E+00  5.568179E+03  0.000000E+00
  0.000000E+00  0.000000E+00  9.000000E+01  9.000000E+01  9.000000E+01
  0.000000E+00  5.408831E+01  0.000000E+00  2.931214E-02  3.617238E-02
  1.720226E+00  3.601356E+00  5.503690E+01  5.273092E-01 -2.138064E-01
  5.273092E-01  5.633809E+01  5.302419E-01 -2.138064E-01  5.302419E-01
  5.088993E+01
      5010  5.010000E+00        41
 -1.201992E+06  3.056953E+02 -1.203094E+06  2.924828E+05 -1.495576E+06
  0.000000E+00  3.037022E-03  0.000000E+00  0.000000E+00 -1.183783E+06
  2.808409E+02 -5.243114E+04 -1.547102E+06  1.494704E+06  0.000000E+00
 -2.933606E-02  0.000000E+00  0.000000E+00  5.568179E+03  0.000000E+00
  0.000000E+00  0.000000E+00  9.000000E+01  9.000000E+01  9.000000E+01
  0.000000E+00  5.359348E+01  0.000000E+00  2.582784E-02  3.360350E-02
  1.770121E+00  3.843338E+00  5.066946E+01  5.076328E-01 -7.801955E-01
  5.076328E-01  5.446716E+01  2.585110E-01 -7.801955E-01  2.585110E-01
  5.564382E+01
      5040  5.040000E+00        41
 -1.201992E+06  3.043946E+02 -1.203089E+06  2.915154E+05 -1.494605E+06
  0.000000E+00  2.912618E-03  0.000000E+00  0.000000E+00 -1.184865E+06
  2.967506E+02 -4.919553E+04 -1.542906E+06  1.493721E+06  0.000000E+00
 -2.815956E-02  0.000000E+00  0.000000E+00  5.568179E+03  0.000000E+00
  0.000000E+00  0.000000E+00  9.000000E+01  9.000000E+01  9.000000E+01
  0.000000E+00  5.040955E+01  0.000000E+00  2.642107E-02  3.482328E-02
  1.849493E+00  4.153050E+00  4.856626E+01 -8.161088E-01  1.464229E+00
 -8.161088E-01  5.729232E+01 -1.179592E+00  1.464229E+00 -1.179592E+00
  4.537006E+01
      5070  5.070000E+00        41
 -1.201992E+06  3.134892E+02 -1.203122E+06  2.919165E+05 -1.495039E+06
  0.000000E+00  3.047571E-03  0.000000E+00  0.000000E+00 -1.184395E+06
  2.527762E+02 -5.053847E+04 -1.544692E+06  1.494164E+06  0.000000E+00
 -2.946396E-02  0.000000E+00  0.000000E+00  5.568179E+03  0.000000E+00
  0.000000E+00  0.000000E+00  9.000000E+01  9.000000E+01  9.000000E+01
  0.000000E+00  5.179245E+01  0.000000E+00  2.708294E-02  3.447029E-02
  1.954295E+00  4.508829E+00  4.536386E+01  5.193329E-02 -1.570517E-01
  5.193329E-02  5.566608E+01  3.544208E+00 -1.570517E-01  3.544208E+00
  5.434741E+01
      5100  5.100000E+00        41
 -1.201992E+06  3.124506E+02 -1.203118E+06  2.924713E+05 -1.495590E+06
  0.000000E+00  3.049051E-03  0.000000E+00  0.000000E+00 -1.183807E+06
  1.695300E+02 -5.230858E+04 -1.546995E+06  1.494704E+06  0.000000E+00
 -2.945632E-02  0.000000E+00  0.000000E+00  5.568179E+03  0.000000E+00
  0.000000E+00  0.000000E+00  9.000000E+01  9.000000E+01  9.000000E+01
  0.000000E+00  5.352374E+01  0.000000E+00  2.802005E-02  3.846937E-02
  2.064427E+00  4.860767E+00  4.768294E+01  1.024261E+00  1.641116E+00
  1.024261E+00  6.031618E+01 -1.771282E+00  1.641116E+00 -1.771282E+00
  5.257209E+01
      5130  5.130000E+00        41
 -1.201992E+06  3.028890E+02 -1.203084E+06  2.920858E+05 -1.495170E+06
  0.000000E+00  3.093988E-03  0.000000E+00  0.000000E+00 -1.184203E+06
  5.727721E+01 -5.118501E+04 -1.545434E+06  1.494292E+06  0.000000E+00
 -2.987724E-02  0.000000E+00  0.000000E+00  5.568179E+03  0.000000E+00
  0.000000E+00  0.000000E+00  9.000000E+01  9.000000E+01  9.000000E+01
  0.000000E+00  5.235657E+01  0.000000E+00  3.422892E-02  4.446287E-02
  2.142847E+00  5.121905E+00  4.989745E+01  1.680985E+00  2.335115E+00
  1.680985E+00  4.940902E+01  9.003198E-01  2.335115E+00  9.003198E-01
  5.776324E+01
      5160  5.160000E+00        41
 -1.201992E+06  3.012124E+02 -1.203078E+06  2.922352E+05 -1.495313E+06
  0.000000E+00  2.993267E-03  0.000000E+00  0.000000E+00 -1.184081E+06
  6.446394E+00 -5.156192E+04 -1.545938E+06  1.494429E+06  0.000000E+00
 -2.892093E-02  0.000000E+00  0.000000E+00  5.568179E+03  0.000000E+00
  0.000000E+00  0.000000E+00  9.000000E+01  9.000000E+01  9.000000E+01
  0.000000E+00  5.271573E+01  0.000000E+00  4.185423E-02  5.515553E-02
  2.146691E+00  5.192736E+00  4.696952E+01 -5.991084E-01  5.297543E+00
 -5.991084E-01  5.951961E+01  5.917233E+00  5.297543E+00  5.917233E+00
  5.165805E+01
      5190  5.190000E+00        41
 -1.201992E+06  3.072793E+02 -1.203100E+06  2.925669E+05 -1.495667E+06
  0.000000E+00  3.104574E-03  0.000000E+00  0.000000E+00 -1.183729E+06
  3.295015E+01 -5.257475E+04 -1.547327E+06  1.494790E+06  0.000000E+00
 -2.998416E-02  0.000000E+00  0.000000E+00  5.568179E+03  0.000000E+00
  0.000000E+00  0.000000E+00  9.000000E+01  9.000000E+01  9.000000E+01
  0.000000E+00  5.375164E+01  0.000000E+00  5.108652E-02  6.018291E-02
  2.065639E+00  5.050738E+00  5.038855E+01 -3.503628E+00 -1.502739E+00
 -3.503628E+00  5.773286E+01 -1.069729E+00 -1.502739E+00 -1.069729E+00
  5.313351E+01
      5220  5.220000E+00        41
 -1.201992E+06  2.958787E+02 -1.203058E+06  2.920612E+05 -1.495120E+06
  0.000000E+00  2.995368E-03  0.000000E+00  0.000000E+00 -1.184313E+06
  7.838127E+01 -5.090503E+04 -1.545123E+06  1.494240E+06  0.000000E+00
 -2.892287E-02  0.000000E+00  0.000000E+00  5.568179E+03  0.000000E+00
  0.000000E+00  0.000000E+00  9.000000E+01  9.000000E+01  9.000000E+01
  0.000000E+00  5.203180E+01  0.000000E+00  5.506847E-02  6.482852E-02
  1.924648E+00  4.743509E+00  4.677665E+01 -2.513266E+00 -1.488931E+00
 -2.513266E+00  5.174792E+01 -2.343166E+00 -1.488931E+00 -2.343166E+00
  5.757084E+01
      5250  5.250000E+00        41
 -1.201992E+06  3.117605E+02 -1.203116E+06  2.914880E+05 -1.494604E+06
  0.000000E+00  3.013546E-03  0.000000E+00  0.000000E+00 -1.184913E+06
  9.927947E+01 -4.899256E+04 -1.542703E+06  1.493724E+06  0.000000E+00
 -2.911569E-02  0.000000E+00  0.000000E+00  5.568179E+03  0.000000E+00
  0.000000E+00  0.000000E+00  9.000000E+01  9.000000E+01  9.000000E+01
  0.000000E+00  5.026735E+01  0.000000E+00  5.342750E-02  6.565438E-02
  1.767862E+00  4.380300E+00  4.783073E+01 -3.298303E-01 -2.339295E+00
 -3.298303E-01  5.155516E+01  2.315704E+00 -2.339295E+00  2.315704E+00
  5.141615E+01
      5280  5.280000E+00        41
 -1.201992E+06  3.004021E+02 -1.203075E+06  2.925428E+05 -1.495618E+06
  0.000000E+00  3.060117E-03  0.000000E+00  0.000000E+00 -1.183762E+06
  1.198472E+02 -5.252769E+04 -1.547276E+06  1.494745E+06  0.000000E+00
 -2.957131E-02  0.000000E+00  0.000000E+00  5.568179E+03  0.000000E+00
  0.000000E+00  0.000000E+00  9.000000E+01  9.000000E+01  9.000000E+01
  0.000000E+00  5.365471E+01  0.000000E+00  5.077414E-02  6.029706E-02
  1.613443E+00  4.005047E+00  4.928082E+01  1.076308E+00  1.018305E+00
  1.076308E+00  5.407423E+01 -2.974780E+00  1.018305E+00 -2.974780E+00
  5.760910E+01
      5310  5.310000E+00        41
 -1.201992E+06  3.069227E+02 -1.203099E+06  2.919512E+05 -1.495050E+06
  0.000000E+00  2.990736E-03  0.000000E+00  0.000000E+00 -1.184387E+06
  1.402460E+02 -5.060593E+04 -1.544795E+06  1.494181E+06  0.000000E+00
 -2.891129E-02  0.000000E+00  0.000000E+00  5.568179E+03  0.000000E+00
  0.000000E+00  0.000000E+00  9.000000E+01  9.000000E+01  9.000000E+01
  0.000000E+00  5.181496E+01  0.000000E+00  4.597633E-02  5.653759E-02
  1.474865E+00  3.636643E+00  5.415317E+01 -4.861847E-01  2.069613E-01
 -4.861847E-01  5.095824E+01  1.801747E+00  2.069613E-01  1.801747E+00
  5.033346E+01
      5340  5.340000E+00        41
 -1.201993E+06  3.273880E+02 -1.203173E+06  2.907705E+05 -1.493943E+06
  0.000000E+00  2.735646E-03  0.000000E+00  0.000000E+00 -1.185673E+06
  1.559119E+02 -4.660114E+04 -1.539671E+06  1.493069E+06  0.000000E+00
 -2.648348E-02  0.000000E+00  0.000000E+00  5.568179E+03  0.000000E+00
  0.000000E+00  0.000000E+00  9.000000E+01  9.000000E+01  9.000000E+01
  0.000000E+00  4.803034E+01  0.000000E+00  4.126642E-02  5.202465E-02
  1.357113E+00  3.285728E+00  4.267840E+01  4.071561E-01 -1.462671E-01
  4.071561E-01  5.078848E+01  1.267562E-01 -1.462671E-01  1.267562E-01
  5.062415E+01
      5370  5.370000E+00        41
 -1.201992E+06  2.994293E+02 -1.203071E+06  2.922071E+05 -1.495279E+06
  0.000000E+00  3.194853E-03  0.000000E+00  0.000000E+00 -1.184120E+06
  1.673608E+02 -5.146350E+04 -1.545877E+06  1.494402E+06  0.000000E+00
 -3.086903E-02  0.000000E+00  0.000000E+00  5.568179E+03  0.000000E+00
  0.000000E+00  0.000000E+00  9.000000E+01  9.000000E+01  9.000000E+01
  0.000000E+00  5.260263E+01  0.000000E+00  3.771968E-02  4.936146E-02
  1.263104E+00  2.958391E+00  5.142148E+01 -8.663993E-01 -4.187262E+00
 -8.663993E-01  5.931767E+01 -3.067155E-02 -4.187262E+00 -3.067155E-02
  4.706873E+01
      5400  5.400000E+00        41
 -1.201993E+06  3.327682E+02 -1.203192E+06  2.906817E+05 -1.493874E+06
  0.000000E+00  2.749678E-03  0.000000E+00  0.000000E+00 -1.185725E+06
  1.527772E+02 -4.641011E+04 -1.539417E+06  1.493001E+06  0.000000E+00
 -2.660070E-02  0.000000E+00  0.000000E+00  5.568179E+03  0.000000E+00
  0.000000E+00  0.000000E+00  9.000000E+01  9.000000E+01  9.000000E+01
  0.000000E+00  4.788105E+01  0.000000E+00  3.879204E-02  4.732469E-02
  1.202863E+00  2.680187E+00  4.263747E+01  9.534734E-01 -3.153474E+00
  9.534734E-01  5.255311E+01  2.535262E+00 -3.153474E+00  2.535262E+00
  4.845256E+01
      5430  5.430000E+00        41
 -1.201992E+06  3.063681E+02 -1.203097E+06  2.917492E+05 -1.494846E+06
  0.000000E+00  3.036306E-03  0.000000E+00  0.000000E+00 -1.184651E+06
  1.443855E+02 -4.981987E+04 -1.543796E+06  1.493970E+06  0.000000E+00
 -2.935112E-02  0.000000E+00  0.000000E+00  5.568179E+03  0.000000E+00
  0.000000E+00  0.000000E+00  9.000000E+01  9.000000E+01  9.000000E+01
  0.000000E+00  5.103975E+01  0.000000E+00  4.137894E-02  4.877354E-02
  1.178828E+00  2.459647E+00  4.660950E+01  3.444401E-01  4.378652E+00
  3.444401E-01  5.817036E+01  2.611340E+00  4.378652E+00  2.611340E+00
  4.833940E+01
      5460  5.460000E+00        41
 -1.201992E+06  3.141310E+02 -1.203125E+06  2.924023E+05 -1.495527E+06
  0.000000E+00  3.034904E-03  0.000000E+00  0.000000E+00 -1.183915E+06
  1.296769E+02 -5.197243E+04 -1.546616E+06  1.494642E+06  0.000000E+00
 -2.933575E-02  0.000000E+00  0.000000E+00  5.568179E+03  0.000000E+00
  0.000000E+00  0.000000E+00  9.000000E+01  9.000000E+01  9.000000E+01
  0.000000E+00  5.320681E+01  0.000000E+00  4.125477E-02  5.068354E-02
  1.187851E+00  2.295814E+00  4.495956E+01  2.792538E+00 -3.735025E+00
  2.792538E+00  5.662817E+01 -1.159364E+00 -3.735025E+00 -1.159364E+00
  5.803270E+01
      5490  5.490000E+00        41
 -1.201992E+06  2.987741E+02 -1.203069E+06  2.919322E+05 -1.495001E+06
  0.000000E+00  3.003989E-03  0.000000E+00  0.000000E+00 -1.184480E+06
  1.229338E+02 -5.038505E+04 -1.544507E+06  1.494125E+06  0.000000E+00
 -2.902388E-02  0.000000E+00  0.000000E+00  5.568179E+03  0.000000E+00
  0.000000E+00  0.000000E+00  9.000000E+01  9.000000E+01  9.000000E+01
  0.000000E+00  5.154105E+01  0.000000E+00  4.009925E-02  5.161958E-02
  1.229568E+00  2.188121E+00  4.900724E+01  8.392725E-01 -5.746697E-01
  8.392725E-01  5.062866E+01 -1.234385E+00 -5.746697E-01 -1.234385E+00
  5.498725E+01
      5520  5.520000E+00        41
 -1.201992E+06  3.029618E+02 -1.203084E+06  2.925118E+05 -1.495596E+06
  0.000000E+00  2.932611E-03  0.000000E+00  0.000000E+00 -1.183838E+06
  1.234722E+02 -5.228021E+04 -1.547011E+06  1.494718E+06  0.000000E+00
 -2.831636E-02  0.000000E+00  0.000000E+00  5.568179E+03  0.000000E+00
  0.000000E+00  0.000000E+00  9.000000E+01  9.000000E+01  9.000000E+01
  0.000000E+00  5.342993E+01  0.000000E+00  3.985459E-02  4.983658E-02
  1.297152E+00  2.119656E+00  4.874154E+01 -1.035651E+00 -5.149027E+00
 -1.035651E+00  5.087159E+01  5.323090E+00 -5.149027E+00  5.323090E+00
  6.067667E+01
      5550  5.550000E+00        41
 -1.201992E+06  3.035194E+02 -1.203086E+06  2.922551E+05 -1.495342E+06
  0.000000E+00  3.044068E-03  0.000000E+00  0.000000E+00 -1.184072E+06
  1.317256E+02 -5.157592E+04 -1.546045E+06  1.494461E+06  0.000000E+00
 -2.941563E-02  0.000000E+00  0.000000E+00  5.568179E+03  0.000000E+00
  0.000000E+00  0.000000E+00  9.000000E+01  9.000000E+01  9.000000E+01
  0.000000E+00  5.274272E+01  0.000000E+00  3.977719E-02  4.632655E-02
  1.389900E+00  2.083592E+00  4.652954E+01 -6.313500E-01 -8.716471E-01
 -6.313500E-01  5.664858E+01 -1.281567E+00 -8.716471E-01 -1.281567E+00
  5.505003E+01
      5580  5.580000E+00        41
 -1.201992E+06  3.212569E+02 -1.203150E+06  2.924996E+05 -1.495650E+06
  0.000000E+00  2.859236E-03  0.000000E+00  0.000000E+00 -1.183808E+06
  1.338543E+02 -5.224027E+04 -1.547017E+06  1.494769E+06  0.000000E+00
 -2.764265E-02  0.000000E+00  0.000000E+00  5.568179E+03  0.000000E+00
  0.000000E+00  0.000000E+00  9.000000E+01  9.000000E+01  9.000000E+01
  0.000000E+00  5.351988E+01  0.000000E+00  3.503333E-02  4.410387E-02
  1.508734E+00  2.082815E+00  5.302383E+01  1.289211E+00 -3.219871E+00
  1.289211E+00  5.511391E+01  4.382534E-01 -3.219871E+00  4.382534E-01
  5.242190E+01
      5610  5.610000E+00        41
 -1.201993E+06  3.155003E+02 -1.203130E+06  2.916489E+05 -1.494779E+06
  0.000000E+00  2.719220E-03  0.000000E+00  0.000000E+00 -1.184743E+06
  1.251818E+02 -4.947731E+04 -1.543377E+06  1.493900E+06  0.000000E+00
 -2.631426E-02  0.000000E+00  0.000000E+00  5.568179E+03  0.000000E+00
  0.000000E+00  0.000000E+00  9.000000E+01  9.000000E+01  9.000000E+01
  0.000000E+00  5.076873E+01  0.000000E+00  3.404596E-02  4.228383E-02
  1.659242E+00  2.129002E+00  4.965023E+01 -5.381326E-02  1.662918E+00
 -5.381326E-02  4.958407E+01  1.585785E+00  1.662918E+00  1.585785E+00
  5.307189E+01
      5640  5.640000E+00        41
 -1.201992E+06  3.031935E+02 -1.203085E+06  2.924148E+05 -1.495500E+06
  0.000000E+00  2.947151E-03  0.000000E+00  0.000000E+00 -1.183896E+06
  1.215738E+02 -5.210608E+04 -1.546726E+06  1.494623E+06  0.000000E+00
 -2.848411E-02  0.000000E+00  0.000000E+00  5.568179E+03  0.000000E+00
  0.000000E+00  0.000000E+00  9.000000E+01  9.000000E+01  9.000000E+01
  0.000000E+00  5.326078E+01  0.000000E+00  3.194668E-02  4.300262E-02
  1.840972E+00  2.221409E+00  5.149812E+01 -8.141578E-01  1.852226E+00
 -8.141578E-01  5.452928E+01 -3.971325E+00  1.852226E+00 -3.971325E+00
  5.375494E+01
      5670  5.670000E+00        41
 -1.201993E+06  3.150158E+02 -1.203128E+06  2.912784E+05 -1.494407E+06
  0.000000E+00  2.744545E-03  0.000000E+00  0.000000E+00 -1.185140E+06
  1.061940E+02 -4.829000E+04 -1.541809E+06  1.493535E+06  0.000000E+00
 -2.653113E-02  0.000000E+00  0.000000E+00  5.568179E+03  0.000000E+00
  0.000000E+00  0.000000E+00  9.000000E+01  9.000000E+01  9.000000E+01
  0.000000E+00  4.960094E+01  0.000000E+00  3.101023E-02  4.369079E-02
  2.061703E+00  2.371558E+00  5.213989E+01  2.381656E-01 -8.922637E-01
  2.381656E-01  4.578169E+01  2.532990E+00 -8.922637E-01  2.532990E+00
  5.088123E+01
      5700  5.700000E+00        41
 -1.201993E+06  3.039829E+02 -1.203088E+06  2.917264E+05 -1.494815E+06
  0.000000E+00  3.110746E-03  0.000000E+00  0.000000E+00 -1.184669E+06
  9.251989E+01 -4.978242E+04 -1.543718E+06  1.493943E+06  0.000000E+00
 -3.007030E-02  0.000000E+00  0.000000E+00  5.568179E+03  0.000000E+00
  0.000000E+00  0.000000E+00  9.000000E+01  9.000000E+01  9.000000E+01
  0.000000E+00  5.098741E+01  0.000000E+00  3.202802E-02  4.142073E-02
  2.326357E+00  2.588445E+00  4.977214E+01 -1.130858E+00 -2.164919E+00
 -1.130858E+00  5.599683E+01 -2.703859E+00 -2.164919E+00 -2.703859E+00
  4.719325E+01
      5730  5.730000E+00        41
 -1.201993E+06  3.168534E+02 -1.203135E+06  2.927279E+05 -1.495863E+06
  0.000000E+00  3.043744E-03  0.000000E+00  0.000000E+00 -1.183580E+06
  8.905513E+01 -5.295668E+04 -1.547942E+06  1.494985E+06  0.000000E+00
 -2.943567E-02  0.000000E+00  0.000000E+00  5.568179E+03  0.000000E+00
  0.000000E+00  0.000000E+00  9.000000E+01  9.000000E+01  9.000000E+01
  0.000000E+00  5.419267E+01  0.000000E+00  3.045661E-02  4.120532E-02
  2.638443E+00  2.872269E+00  4.943255E+01 -1.924932E+00  3.837228E-01
 -1.924932E+00  5.312979E+01 -3.029985E+00  3.837228E-01 -3.029985E+00
  6.001568E+01
      5760  5.760000E+00        41
 -1.201992E+06  2.883905E+02 -1.203032E+06  2.918165E+05 -1.494848E+06
  0.000000E+00  3.009492E-03  0.000000E+00  0.000000E+00 -1.184588E+06
  8.103388E+01 -5.013542E+04 -1.544084E+06  1.493972E+06  0.000000E+00
 -2.907822E-02  0.000000E+00  0.000000E+00  5.568179E+03  0.000000E+00
  0.000000E+00  0.000000E+00  9.000000E+01  9.000000E+01  9.000000E+01
  0.000000E+00  5.122374E+01  0.000000E+00  3.427216E-02  4.515377E-02
  2.999954E+00  3.222485E+00  4.989792E+01  1.396047E-01  3.632115E-01
  1.396047E-01  5.503512E+01  3.164595E+00  3.632115E-01  3.164595E+00
  4.873817E+01
      5790  5.790000E+00        41
 -1.201993E+06  2.966669E+02 -1.203062E+06  2.914655E+05 -1.494528E+06
  0.000000E+00  2.994505E-03  0.000000E+00  0.000000E+00 -1.184951E+06
  7.035367E+01 -4.898948E+04 -1.542641E+06  1.493657E+06  0.000000E+00
 -2.895830E-02  0.000000E+00  0.000000E+00  5.568179E+03  0.000000E+00
  0.000000E+00  0.000000E+00  9.000000E+01  9.000000E+01  9.000000E+01
  0.000000E+00  5.015829E+01  0.000000E+00  3.750176E-02  4.943210E-02
  3.400619E+00  3.630072E+00  4.631582E+01 -7.970646E-01 -1.866946E+00
 -7.970646E-01  5.282927E+01 -1.965400E-01 -1.866946E+00 -1.965400E-01
  5.132977E+01
      5820  5.820000E+00        41
 -1.201993E+06  3.158776E+02 -1.203132E+06  2.923329E+05 -1.495465E+06
  0.000000E+00  3.010096E-03  0.000000E+00  0.000000E+00 -1.183949E+06
  7.262586E+01 -5.185648E+04 -1.546418E+06  1.494590E+06  0.000000E+00
 -2.911970E-02  0.000000E+00  0.000000E+00  5.568179E+03  0.000000E+00
  0.000000E+00  0.000000E+00  9.000000E+01  9.000000E+01  9.000000E+01
  0.000000E+00  5.310681E+01  0.000000E+00  3.874830E-02  5.015709E-02
  3.843795E+00  4.093785E+00  4.992441E+01  8.626460E-01 -1.167324E+00
  8.626460E-01  5.588878E+01 -3.585977E+00 -1.167324E+00 -3.585977E+00
  5.350723E+01
      5850  5.850000E+00        41
 -1.201993E+06  3.229584E+02 -1.203157E+06  2.916299E+05 -1.494787E+06
  0.000000E+00  2.914706E-03  0.000000E+00  0.000000E+00 -1.184750E+06
  5.528996E+01 -4.940370E+04 -1.543270E+06  1.493911E+06  0.000000E+00
 -2.816662E-02  0.000000E+00  0.000000E+00  5.568179E+03  0.000000E+00
  0.000000E+00  0.000000E+00  9.000000E+01  9.000000E+01  9.000000E+01
  0.000000E+00  5.075098E+01  0.000000E+00  3.714335E-02  4.911906E-02
  4.320935E+00  4.599697E+00  4.669709E+01  3.333879E+00  1.946662E+00
  3.333879E+00  5.208993E+01  4.863289E+00  1.946662E+00  4.863289E+00
  5.346591E+01
      5880  5.880000E+00        41
 -1.201993E+06  3.150246E+02 -1.203129E+06  2.915504E+05 -1.494679E+06
  0.000000E+00  2.859658E-03  0.000000E+00  0.000000E+00 -1.184804E+06
  2.801116E+01 -4.929739E+04 -1.543029E+06  1.493809E+06  0.000000E+00
 -2.763438E-02  0.000000E+00  0.000000E+00  5.568179E+03  0.000000E+00
  0.000000E+00  0.000000E+00  9.000000E+01  9.000000E+01  9.000000E+01
  0.000000E+00  5.059123E+01  0.000000E+00  3.656678E-02  4.522659E-02
  4.818588E+00  5.129136E+00  4.828782E+01  6.104105E-01  2.539893E+00
  6.104105E-01  5.006825E+01 -2.289392E+00  2.539893E+00 -2.289392E+00
  5.341761E+01
      5910  5.910000E+00        41
 -1.201993E+06  3.248431E+02 -1.203164E+06  2.919563E+05 -1.495120E+06
  0.000000E+00  2.962935E-03  0.000000E+00  0.000000E+00 -1.184305E+06
  1.210336E+01 -5.072449E+04 -1.544902E+06  1.494251E+06  0.000000E+00
 -2.865310E-02  0.000000E+00  0.000000E+00  5.568179E+03  0.000000E+00
  0.000000E+00  0.000000E+00  9.000000E+01  9.000000E+01  9.000000E+01
  0.000000E+00  5.206114E+01  0.000000E+00  3.573783E-02  4.390707E-02
  5.326561E+00  5.662973E+00  4.607094E+01 -9.226109E-01  4.016313E+00
 -9.226109E-01  5.791558E+01  2.250377E+00  4.016313E+00  2.250377E+00
  5.219690E+01
      5940  5.940000E+00        41
 -1.201993E+06  2.914087E+02 -1.203043E+06  2.912651E+05 -1.494308E+06
  0.000000E+00  2.914229E-03  0.000000E+00  0.000000E+00 -1.185113E+06
  1.697382E+01 -4.853963E+04 -1.541855E+06  1.493439E+06  0.000000E+00
 -2.818697E-02  0.000000E+00  0.000000E+00  5.568179E+03  0.000000E+00
  0.000000E+00  0.000000E+00  9.000000E+01  9.000000E+01  9.000000E+01
  0.000000E+00  4.968108E+01  0.000000E+00  3.651008E-02  4.706187E-02
  5.808951E+00  6.145362E+00  4.869183E+01  1.753200E+00  1.961811E+00
  1.753200E+00  4.840344E+01  5.214356E-01  1.961811E+00  5.214356E-01
  5.194797E+01
      5970  5.970000E+00        41
 -1.201994E+06  3.260992E+02 -1.203169E+06  2.915446E+05 -1.494714E+06
  0.000000E+00  3.073930E-03  0.000000E+00  0.000000E+00 -1.184733E+06
  7.114750E+01 -4.943416E+04 -1.543175E+06  1.493844E+06  0.000000E+00
 -2.972158E-02  0.000000E+00  0.000000E+00  5.568179E+03  0.000000E+00
  0.000000E+00  0.000000E+00  9.000000E+01  9.000000E+01  9.000000E+01
  0.000000E+00  5.080268E+01  0.000000E+00  3.707545E-02  4.600050E-02
  6.194788E+00  6.487312E+00  4.613125E+01 -1.141088E+00 -3.843618E-01
 -1.141088E+00  5.210308E+01  8.306294E-01 -3.843618E-01  8.306294E-01
  5.417370E+01
      6000  6.000000E+00        41
 -1.201993E+06  3.177439E+02 -1.203139E+06  2.914782E+05 -1.494617E+06
  0.000000E+00  2.997368E-03  0.000000E+00  0.000000E+00 -1.184814E+06
  1.510454E+02 -4.925084E+04 -1.542918E+06  1.493749E+06  0.000000E+00
 -2.899661E-02  0.000000E+00  0.000000E+00  5.568179E+03  0.000000E+00
  0.000000E+00  0.000000E+00  9.000000E+01  9.000000E+01  9.000000E+01
  0.000000E+00  5.056178E+01  0.000000E+00  3.742311E-02  4.497979E-02
  6.478403E+00  6.698580E+00  4.535469E+01  4.323840E-01 -1.519099E-01
  4.323840E-01  5.543638E+01  1.474863E+00 -1.519099E-01  1.474863E+00
  5.089427E+01
      6030  6.030000E+00        41
 -1.201993E+06  3.029598E+02 -1.203085E+06  2.920365E+05 -1.495121E+06
  0.000000E+00  3.024226E-03  0.000000E+00  0.000000E+00 -1.184264E+06
  2.412949E+02 -5.100830E+04 -1.545204E+06  1.494251E+06  0.000000E+00
 -2.925076E-02  0.000000E+00  0.000000E+00  5.568179E+03  0.000000E+00
  0.000000E+00  0.000000E+00  9.000000E+01  9.000000E+01  9.000000E+01
  0.000000E+00  5.217921E+01  0.000000E+00  3.596209E-02  4.554143E-02
  6.705417E+00  6.842383E+00  5.058267E+01  2.191957E+00  1.408127E+00
  2.191957E+00  5.250617E+01 -2.019556E-01  1.408127E+00 -2.019556E-01
  5.344879E+01
      6060  6.060000E+00        41
 -1.201993E+06  2.955741E+02 -1.203059E+06  2.910871E+05 -1.494146E+06
  0.000000E+00  3.028710E-03  0.000000E+00  0.000000E+00 -1.185370E+06
  3.484821E+02 -4.774763E+04 -1.540984E+06  1.493279E+06  0.000000E+00
 -2.926111E-02  0.000000E+00  0.000000E+00  5.568179E+03  0.000000E+00
  0.000000E+00  0.000000E+00  9.000000E+01  9.000000E+01  9.000000E+01
  0.000000E+00  4.892542E+01  0.000000E+00  3.690880E-02  4.760168E-02
  6.905843E+00  6.969278E+00  4.908079E+01  1.710259E-02 -2.033543E+00
  1.710259E-02  4.592841E+01  2.470256E+00 -2.033543E+00  2.470256E+00
  5.176707E+01
      6090  6.090000E+00        41
 -1.201993E+06  3.021859E+02 -1.203082E+06  2.926225E+05 -1.495705E+06
  0.000000E+00  3.268869E-03  0.000000E+00  0.000000E+00 -1.183647E+06
  3.411766E+02 -5.286781E+04 -1.547664E+06  1.494831E+06  0.000000E+00
 -3.158995E-02  0.000000E+00  0.000000E+00  5.568179E+03  0.000000E+00
  0.000000E+00  0.000000E+00  9.000000E+01  9.000000E+01  9.000000E+01
  0.000000E+00  5.399559E+01  0.000000E+00  3.580005E-02  4.573348E-02
  7.087661E+00  7.111435E+00  4.846287E+01 -1.534764E+00  4.252224E+00
 -1.534764E+00  5.920891E+01  1.111715E-01  4.252224E+00  1.111715E-01
  5.431499E+01
      6120  6.120000E+00        41
 -1.201993E+06  3.136420E+02 -1.203124E+06  2.922415E+05 -1.495365E+06
  0.000000E+00  2.878793E-03  0.000000E+00  0.000000E+00 -1.184044E+06
  2.947188E+02 -5.159296E+04 -1.546040E+06  1.494487E+06  0.000000E+00
 -2.781000E-02  0.000000E+00  0.000000E+00  5.568179E+03  0.000000E+00
  0.000000E+00  0.000000E+00  9.000000E+01  9.000000E+01  9.000000E+01
  0.000000E+00  5.282704E+01  0.000000E+00  3.341683E-02  4.322433E-02
  7.285633E+00  7.309408E+00  5.349867E+01  1.064324E+00 -2.032382E+00
  1.064324E+00  5.599252E+01 -3.697085E+00 -2.032382E+00 -3.697085E+00
  4.898992E+01
      6150  6.150000E+00        41
 -1.201993E+06  2.983297E+02 -1.203068E+06  2.915049E+05 -1.494573E+06
  0.000000E+00  2.913888E-03  0.000000E+00  0.000000E+00 -1.184882E+06
  2.425374E+02 -4.918820E+04 -1.542791E+06  1.493696E+06  0.000000E+00
 -2.816553E-02  0.000000E+00  0.000000E+00  5.568179E+03  0.000000E+00
  0.000000E+00  0.000000E+00  9.000000E+01  9.000000E+01  9.000000E+01
  0.000000E+00  5.036079E+01  0.000000E+00  3.399482E-02  4.225202E-02
  7.504951E+00  7.561415E+00  4.562429E+01  5.159486E-01  2.432598E+00
  5.159486E-01  5.668487E+01  6.630168E-01  2.432598E+00  6.630168E-01
  4.877322E+01
      6180  6.180000E+00        41
 -1.201993E+06  3.125932E+02 -1.203120E+06  2.926370E+05 -1.495757E+06
  0.000000E+00  2.934834E-03  0.000000E+00  0.000000E+00 -1.183535E+06
  2.315888E+02 -5.312727E+04 -1.547914E+06  1.494885E+06  0.000000E+00
 -2.839773E-02  0.000000E+00  0.000000E+00  5.568179E+03  0.000000E+00
  0.000000E+00  0.000000E+00  9.000000E+01  9.000000E+01  9.000000E+01
  0.000000E+00  5.432643E+01  0.000000E+00  3.439731E-02  4.177030E-02
  7.711198E+00  7.825375E+00  5.373464E+01 -1.605335E+00  6.474667E-01
 -1.605335E+00  6.038616E+01  2.701925E+00  6.474667E-01  2.701925E+00
  4.885848E+01
      6210  6.210000E+00        41
 -1.201993E+06  2.867060E+02 -1.203026E+06  2.909890E+05 -1.494015E+06
  0.000000E+00  3.003998E-03  0.000000E+00  0.000000E+00 -1.185438E+06
  2.749475E+02 -4.760596E+04 -1.540607E+06  1.493142E+06  0.000000E+00
 -2.901936E-02  0.000000E+00  0.000000E+00  5.568179E+03  0.000000E+00
  0.000000E+00  0.000000E+00  9.000000E+01  9.000000E+01  9.000000E+01
  0.000000E+00  4.872551E+01  0.000000E+00  3.436819E-02  4.521550E-02
  7.940499E+00  8.144535E+00  5.058743E+01 -4.326592E-01  8.005644E+00
 -4.326592E-01  4.822664E+01  3.156594E-01  8.005644E+00  3.156594E-01
  4.736245E+01
      6240  6.240000E+00        41
 -1.201993E+06  3.021236E+02 -1.203082E+06  2.919945E+05 -1.495076E+06
  0.000000E+00  2.921246E-03  0.000000E+00  0.000000E+00 -1.184275E+06
  3.019047E+02 -5.098202E+04 -1.545064E+06  1.494206E+06  0.000000E+00
 -2.825730E-02  0.000000E+00  0.000000E+00  5.568179E+03  0.000000E+00
  0.000000E+00  0.000000E+00  9.000000E+01  9.000000E+01  9.000000E+01
  0.000000E+00  5.214603E+01  0.000000E+00  3.429259E-02  4.392336E-02
  8.157932E+00  8.483243E+00  5.263121E+01  1.933683E+00  1.462763E+00
  1.933683E+00  5.212347E+01 -3.363347E-01  1.462763E+00 -3.363347E-01
  5.168340E+01
      6270  6.270000E+00        41
 -1.201993E+06  3.142321E+02 -1.203126E+06  2.923421E+05 -1.495468E+06
  0.000000E+00  2.854768E-03  0.000000E+00  0.000000E+00 -1.183844E+06
  3.087412E+02 -5.218979E+04 -1.546632E+06  1.494597E+06  0.000000E+00
 -2.761363E-02  0.000000E+00  0.000000E+00  5.568179E+03  0.000000E+00
  0.000000E+00  0.000000E+00  9.000000E+01  9.000000E+01  9.000000E+01
  0.000000E+00  5.341639E+01  0.000000E+00  3.452123E-02  4.587017E-02
  8.227084E+00  8.684105E+00  4.687830E+01  2.194583E+00 -2.075705E+00
  2.194583E+00  5.213772E+01 -1.060218E-01 -2.075705E+00 -1.060218E-01
  6.123315E+01
      6300  6.300000E+00        41
 -1.201993E+06  2.953097E+02 -1.203057E+06  2.912454E+05 -1.494303E+06
  0.000000E+00  2.846316E-03  0.000000E+00  0.000000E+00 -1.185086E+06
  3.878982E+02 -4.860036E+04 -1.541898E+06  1.493433E+06  0.000000E+00
 -2.753196E-02  0.000000E+00  0.000000E+00  5.568179E+03  0.000000E+00
  0.000000E+00  0.000000E+00  9.000000E+01  9.000000E+01  9.000000E+01
  0.000000E+00  4.975916E+01  0.000000E+00  3.898969E-02  5.059019E-02
  8.070489E+00  8.637273E+00  4.968782E+01 -2.020379E+00  5.456269E-01
 -2.020379E+00  5.209110E+01 -6.276234E-01  5.456269E-01 -6.276234E-01
  4.749858E+01
      6330  6.330000E+00        41
 -1.201992E+06  2.894924E+02 -1.203036E+06  2.917884E+05 -1.494824E+06
  0.000000E+00  3.189340E-03  0.000000E+00  0.000000E+00 -1.184594E+06
  3.617437E+02 -5.011661E+04 -1.544010E+06  1.493955E+06  0.000000E+00
 -3.082611E-02  0.000000E+00  0.000000E+00  5.568179E+03  0.000000E+00
  0.000000E+00  0.000000E+00  9.000000E+01  9.000000E+01  9.000000E+01
  0.000000E+00  5.120620E+01  0.000000E+00  4.357636E-02  5.349328E-02
  7.683492E+00  8.352536E+00  4.266413E+01 -2.666930E+00 -9.600003E-01
 -2.666930E+00  5.048230E+01 -8.206702E-01 -9.600003E-01 -8.206702E-01
  6.047217E+01
      6360  6.360000E+00        41
 -1.201993E+06  3.074001E+02 -1.203101E+06  2.915341E+05 -1.494635E+06
  0.000000E+00  3.115782E-03  0.000000E+00  0.000000E+00 -1.184802E+06
  3.784895E+02 -4.936606E+04 -1.543085E+06  1.493764E+06  0.000000E+00
 -3.012071E-02  0.000000E+00  0.000000E+00  5.568179E+03  0.000000E+00
  0.000000E+00  0.000000E+00  9.000000E+01  9.000000E+01  9.000000E+01
  0.000000E+00  5.059611E+01  0.000000E+00  4.461370E-02  5.632415E-02
  7.124737E+00  7.869367E+00  5.099584E+01 -2.347926E+00 -3.465065E-02
 -2.347926E+00  5.232673E+01 -1.187710E-01 -3.465065E-02 -1.187710E-01
  4.846575E+01
      6390  6.390000E+00        41
 -1.201993E+06  3.021194E+02 -1.203082E+06  2.913564E+05 -1.494438E+06
  0.000000E+00  2.948145E-03  0.000000E+00  0.000000E+00 -1.185056E+06
  4.321200E+02 -4.864369E+04 -1.542205E+06  1.493576E+06  0.000000E+00
 -2.851056E-02  0.000000E+00  0.000000E+00  5.568179E+03  0.000000E+00
  0.000000E+00  0.000000E+00  9.000000E+01  9.000000E+01  9.000000E+01
  0.000000E+00  4.984875E+01  0.000000E+00  4.569981E-02  5.768285E-02
  6.523952E+00  7.344539E+00  4.132138E+01  1.880085E+00  1.286326E-01
  1.880085E+00  5.461636E+01 -1.152679E+00  1.286326E-01 -1.152679E+00
  5.360850E+01
      6420  6.420000E+00        41
 -1.201993E+06  3.222076E+02 -1.203155E+06  2.920724E+05 -1.495227E+06
  0.000000E+00  3.102896E-03  0.000000E+00  0.000000E+00 -1.184201E+06
  4.790459E+02 -5.106673E+04 -1.545415E+06  1.494362E+06  0.000000E+00
 -2.997517E-02  0.000000E+00  0.000000E+00  5.568179E+03  0.000000E+00
  0.000000E+00  0.000000E+00  9.000000E+01  9.000000E+01  9.000000E+01
  0.000000E+00  5.236683E+01  0.000000E+00  4.670191E-02  5.568517E-02
  5.932050E+00  6.862283E+00  5.549823E+01  5.252542E-01 -1.752812E+00
  5.252542E-01  4.831782E+01  7.253100E-01 -1.752812E+00  7.253100E-01
  5.328445E+01
      6450  6.450000E+00        41
 -1.201993E+06  3.220575E+02 -1.203154E+06  2.910907E+05 -1.494245E+06
  0.000000E+00  2.911463E-03  0.000000E+00  0.000000E+00 -1.185348E+06
  5.526899E+02 -4.762878E+04 -1.541006E+06  1.493372E+06  0.000000E+00
 -2.817510E-02  0.000000E+00  0.000000E+00  5.568179E+03  0.000000E+00
  0.000000E+00  0.000000E+00  9.000000E+01  9.000000E+01  9.000000E+01
  0.000000E+00  4.899112E+01  0.000000E+00  4.436683E-02  5.372745E-02
  5.392208E+00  6.510367E+00  3.912193E+01  8.308769E-01  1.988643E+00
  8.308769E-01  5.526154E+01  2.448810E+00  1.988643E+00  2.448810E+00
  5.258987E+01
      6480  6.480000E+00        41
 -1.201993E+06  3.182637E+02 -1.203140E+06  2.923534E+05 -1.495494E+06
  0.000000E+00  3.166419E-03  0.000000E+00  0.000000E+00 -1.183977E+06
  5.870460E+02 -5.176786E+04 -1.546412E+06  1.494628E+06  0.000000E+00
 -3.058595E-02  0.000000E+00  0.000000E+00  5.568179E+03  0.000000E+00
  0.000000E+00  0.000000E+00  9.000000E+01  9.000000E+01  9.000000E+01
  0.000000E+00  5.302415E+01  0.000000E+00  4.521226E-02  5.126759E-02
  4.932994E+00  6.306045E+00  4.990835E+01 -1.587092E+00  4.658197E+00
 -1.587092E+00  5.672342E+01 -1.891513E-01  4.658197E+00 -1.891513E-01
  5.244069E+01
      6510  6.510000E+00        41
 -1.201992E+06  2.893843E+02 -1.203035E+06  2.915956E+05 -1.494631E+06
  0.000000E+00  2.881189E-03  0.000000E+00  0.000000E+00 -1.184834E+06
  5.573837E+02 -4.940320E+04 -1.543162E+06  1.493755E+06  0.000000E+00
 -2.784877E-02  0.000000E+00  0.000000E+00  5.568179E+03  0.000000E+00
  0.000000E+00  0.000000E+00  9.000000E+01  9.000000E+01  9.000000E+01
  0.000000E+00  5.050075E+01  0.000000E+00  4.678585E-02  5.309157E-02
  4.558964E+00  6.234426E+00  5.465141E+01 -4.499920E-01 -2.263301E+00
 -4.499920E-01  4.988847E+01  5.241695E-01 -2.263301E+00  5.241695E-01
  4.696238E+01
      6540  6.540000E+00        41
 -1.201992E+06  3.024379E+02 -1.203082E+06  2.913940E+05 -1.494477E+06
  0.000000E+00  2.880529E-03  0.000000E+00  0.000000E+00 -1.185033E+06
  4.459188E+02 -4.870789E+04 -1.542264E+06  1.493600E+06  0.000000E+00
 -2.785556E-02  0.000000E+00  0.000000E+00  5.568179E+03  0.000000E+00
  0.000000E+00  0.000000E+00  9.000000E+01  9.000000E+01  9.000000E+01
  0.000000E+00  4.991365E+01  0.000000E+00  4.511323E-02  5.682567E-02
  4.266339E+00  6.263052E+00  4.308870E+01 -1.152762E+00 -1.280881E-01
 -1.152762E+00  5.680601E+01 -3.070109E+00 -1.280881E-01 -3.070109E+00
  4.984625E+01
      6570  6.570000E+00        41
 -1.201993E+06  3.045520E+02 -1.203090E+06  2.922495E+05 -1.495340E+06
  0.000000E+00  2.985189E-03  0.000000E+00  0.000000E+00 -1.184046E+06
  3.777251E+02 -5.165269E+04 -1.546068E+06  1.494465E+06  0.000000E+00
 -2.886985E-02  0.000000E+00  0.000000E+00  5.568179E+03  0.000000E+00
  0.000000E+00  0.000000E+00  9.000000E+01  9.000000E+01  9.000000E+01
  0.000000E+00  5.281932E+01  0.000000E+00  4.425240E-02  5.675208E-02
  4.035753E+00  6.326607E+00  5.353971E+01  1.566349E+00 -2.721042E-01
  1.566349E+00  5.994068E+01  8.610986E-02 -2.721042E-01  8.610986E-02
  4.497756E+01
      6600  6.600000E+00        41
 -1.201993E+06  3.178501E+02 -1.203138E+06  2.912788E+05 -1.494417E+06
  0.000000E+00  3.001458E-03  0.000000E+00  0.000000E+00 -1.185117E+06
  3.607570E+02 -4.834485E+04 -1.541835E+06  1.493547E+06  0.000000E+00
 -2.901208E-02  0.000000E+00  0.000000E+00  5.568179E+03  0.000000E+00
  0.000000E+00  0.000000E+00  9.000000E+01  9.000000E+01  9.000000E+01
  0.000000E+00  4.966857E+01  0.000000E+00  4.409509E-02  5.150847E-02
  3.851308E+00  6.406067E+00  5.288545E+01  4.605482E-01 -8.094562E+00
  4.605482E-01  4.427395E+01  3.926154E+00 -8.094562E+00  3.926154E+00
  5.184630E+01
      6630  6.630000E+00        41
 -1.201993E+06  3.174769E+02 -1.203137E+06  2.917480E+05 -1.494885E+06
  0.000000E+00  2.794919E-03  0.000000E+00  0.000000E+00 -1.184554E+06
  3.430063E+02 -5.003821E+04 -1.544021E+06  1.494005E+06  0.000000E+00
 -2.700950E-02  0.000000E+00  0.000000E+00  5.568179E+03  0.000000E+00
  0.000000E+00  0.000000E+00  9.000000E+01  9.000000E+01  9.000000E+01
  0.000000E+00  5.132766E+01  0.000000E+00  3.805477E-02  4.902247E-02
  3.708985E+00  6.509642E+00  4.818792E+01  2.105939E+00 -2.502683E+00
  2.105939E+00  5.460147E+01  7.172668E-01 -2.502683E+00  7.172668E-01
  5.119359E+01
      6660  6.660000E+00        41
 -1.201993E+06  3.144951E+02 -1.203126E+06  2.919475E+05 -1.495074E+06
  0.000000E+00  2.957444E-03  0.000000E+00  0.000000E+00 -1.184344E+06
  3.114758E+02 -5.068696E+04 -1.544847E+06  1.494194E+06  0.000000E+00
 -2.858422E-02  0.000000E+00  0.000000E+00  5.568179E+03  0.000000E+00
  0.000000E+00  0.000000E+00  9.000000E+01  9.000000E+01  9.000000E+01
  0.000000E+00  5.194381E+01  0.000000E+00  3.382451E-02  4.565507E-02
  3.605207E+00  6.643061E+00  5.142396E+01  1.207934E+00  1.136907E+00
  1.207934E+00  4.536671E+01  5.587755E-01  1.136907E+00  5.587755E-01
  5.904075E+01
      6690  6.690000E+00        41
 -1.201993E+06  3.018782E+02 -1.203081E+06  2.917186E+05 -1.494799E+06
  0.000000E+00  2.983091E-03  0.000000E+00  0.000000E+00 -1.184688E+06
  3.023147E+02 -4.974372E+04 -1.543650E+06  1.493917E+06  0.000000E+00
 -2.881204E-02  0.000000E+00  0.000000E+00  5.568179E+03  0.000000E+00
  0.000000E+00  0.000000E+00  9.000000E+01  9.000000E+01  9.000000E+01
  0.000000E+00  5.092943E+01  0.000000E+00  3.216364E-02  4.090293E-02
  3.541523E+00  6.818559E+00  5.399112E+01  8.091267E-01 -6.047601E-01
  8.091267E-01  5.207306E+01  3.484494E+00 -6.047601E-01  3.484494E+00
  4.672410E+01
      6720  6.720000E+00        41
 -1.201992E+06  2.984225E+02 -1.203068E+06  2.921130E+05 -1.495181E+06
  0.000000E+00  3.171861E-03  0.000000E+00  0.000000E+00 -1.184240E+06
  2.958493E+02 -5.111199E+04 -1.545409E+06  1.494301E+06  0.000000E+00
 -3.061362E-02  0.000000E+00  0.000000E+00  5.568179E+03  0.000000E+00
  0.000000E+00  0.000000E+00  9.000000E+01  9.000000E+01  9.000000E+01
  0.000000E+00  5.224750E+01  0.000000E+00  3.141861E-02  3.903649E-02
  3.521157E+00  7.045184E+00  4.431895E+01 -1.521346E+00 -1.964675E+00
 -1.521346E+00  5.323137E+01 -6.994919E-01 -1.964675E+00 -6.994919E-01
  5.919219E+01
      6750  6.750000E+00        41
 -1.201993E+06  2.906761E+02 -1.203041E+06  2.913616E+05 -1.494402E+06
  0.000000E+00  2.980616E-03  0.000000E+00  0.000000E+00 -1.185042E+06
  2.881650E+02 -4.876325E+04 -1.542277E+06  1.493521E+06  0.000000E+00
 -2.884564E-02  0.000000E+00  0.000000E+00  5.568179E+03  0.000000E+00
  0.000000E+00  0.000000E+00  9.000000E+01  9.000000E+01  9.000000E+01
  0.000000E+00  4.988864E+01  0.000000E+00  3.194352E-02  4.142834E-02
  3.541367E+00  7.321139E+00  4.559613E+01 -2.092134E+00  3.042141E+00
 -2.092134E+00  5.712249E+01  6.900297E-01  3.042141E+00  6.900297E-01
  4.694729E+01
      6780  6.780000E+00        41
 -1.201993E+06  3.125952E+02 -1.203119E+06  2.912033E+05 -1.494323E+06
  0.000000E+00  2.932604E-03  0.000000E+00  0.000000E+00 -1.185191E+06
  2.545623E+02 -4.815755E+04 -1.541579E+06  1.493454E+06  0.000000E+00
 -2.834569E-02  0.000000E+00  0.000000E+00  5.568179E+03  0.000000E+00
  0.000000E+00  0.000000E+00  9.000000E+01  9.000000E+01  9.000000E+01
  0.000000E+00  4.945025E+01  0.000000E+00  3.199016E-02  3.963571E-02
  3.587785E+00  7.625368E+00  4.451242E+01  1.169687E+00  3.082612E+00
  1.169687E+00  5.118744E+01  1.690081E+00  3.082612E+00  1.690081E+00
  5.265089E+01
      6810  6.810000E+00        41
 -1.201993E+06  3.196274E+02 -1.203145E+06  2.921561E+05 -1.495301E+06
  0.000000E+00  2.964314E-03  0.000000E+00  0.000000E+00 -1.184078E+06
  3.666758E+02 -5.145069E+04 -1.545789E+06  1.494433E+06  0.000000E+00
 -2.861736E-02  0.000000E+00  0.000000E+00  5.568179E+03  0.000000E+00
  0.000000E+00  0.000000E+00  9.000000E+01  9.000000E+01  9.000000E+01
  0.000000E+00  5.272803E+01  0.000000E+00  3.142681E-02  4.101488E-02
  3.628176E+00  7.922149E+00  5.253086E+01  3.391713E+00  2.492331E+00
  3.391713E+00  5.196504E+01  4.985693E-01  2.492331E+00  4.985693E-01
  5.368819E+01
      6840  6.840000E+00        41
 -1.201993E+06  3.263758E+02 -1.203170E+06  2.919877E+05 -1.495157E+06
  0.000000E+00  3.060053E-03  0.000000E+00  0.000000E+00 -1.184334E+06
  8.681928E+02 -5.064748E+04 -1.544916E+06  1.494291E+06  0.000000E+00
 -2.959140E-02  0.000000E+00  0.000000E+00  5.568179E+03  0.000000E+00
  0.000000E+00  0.000000E+00  9.000000E+01  9.000000E+01  9.000000E+01
  0.000000E+00  5.197548E+01  0.000000E+00  3.383778E-02  4.288071E-02
  3.629237E+00  8.202103E+00  4.583185E+01  1.351567E+00 -1.822603E-01
  1.351567E+00  5.288920E+01  2.174401E+00 -1.822603E-01  2.174401E+00
  5.720539E+01
      6870  6.870000E+00        41
 -1.201992E+06  3.109403E+02 -1.203113E+06  2.915607E+05 -1.494674E+06
  0.000000E+00  2.718453E-03  0.000000E+00  0.000000E+00 -1.184849E+06
  1.013257E+03 -4.921371E+04 -1.543037E+06  1.493808E+06  0.000000E+00
 -2.628125E-02  0.000000E+00  0.000000E+00  5.568179E+03  0.000000E+00
  0.000000E+00  0.000000E+00  9.000000E+01  9.000000E+01  9.000000E+01
  0.000000E+00  5.045614E+01  0.000000E+00  3.728680E-02  4.804115E-02
  3.636792E+00  8.546670E+00  4.942687E+01 -8.393728E-01 -4.273754E+00
 -8.393728E-01  5.193859E+01  2.123301E+00 -4.273754E+00  2.123301E+00
  5.000297E+01
      6900  6.900000E+00        41
 -1.201993E+06  3.115110E+02 -1.203115E+06  2.922107E+05 -1.495326E+06
  0.000000E+00  3.040045E-03  0.000000E+00  0.000000E+00 -1.184119E+06
  9.893725E+02 -5.139939E+04 -1.545886E+06  1.494466E+06  0.000000E+00
 -2.938281E-02  0.000000E+00  0.000000E+00  5.568179E+03  0.000000E+00
  0.000000E+00  0.000000E+00  9.000000E+01  9.000000E+01  9.000000E+01
  0.000000E+00  5.260506E+01  0.000000E+00  3.953310E-02  4.931180E-02
  3.680108E+00  8.974376E+00  4.967132E+01 -1.414074E+00 -4.578702E+00
 -1.414074E+00  5.441063E+01  1.721596E-01 -4.578702E+00  1.721596E-01
  5.373322E+01
      6930  6.930000E+00        41
 -1.201992E+06  2.939136E+02 -1.203051E+06  2.912775E+05 -1.494329E+06
  0.000000E+00  2.800764E-03  0.000000E+00  0.000000E+00 -1.185243E+06
  9.852734E+02 -4.815464E+04 -1.541633E+06  1.493458E+06  0.000000E+00
 -2.705601E-02  0.000000E+00  0.000000E+00  5.568179E+03  0.000000E+00
  0.000000E+00  0.000000E+00  9.000000E+01  9.000000E+01  9.000000E+01
  0.000000E+00  4.929739E+01  0.000000E+00  3.788042E-02  5.109548E-02
  3.759525E+00  9.474494E+00  3.896226E+01 -2.333340E+00 -1.602219E-01
 -2.333340E+00  6.095236E+01  1.337482E+00 -1.602219E-01  1.337482E+00
  4.797755E+01
      6960  6.960000E+00        41
 -1.201993E+06  3.141543E+02 -1.203125E+06  2.933173E+05 -1.496442E+06
  0.000000E+00  3.245795E-03  0.000000E+00  0.000000E+00 -1.182893E+06
  9.887758E+02 -5.505841E+04 -1.550642E+06  1.495566E+06  0.000000E+00
 -3.134750E-02  0.000000E+00  0.000000E+00  5.568179E+03  0.000000E+00
  0.000000E+00  0.000000E+00  9.000000E+01  9.000000E+01  9.000000E+01
  0.000000E+00  5.621351E+01  0.000000E+00  3.534682E-02  4.796092E-02
  3.872470E+00  1.003696E+01  5.817198E+01 -2.838081E-01 -1.102065E+00
 -2.838081E-01  5.786205E+01  2.819524E-01 -1.102065E+00  2.819524E-01
  5.260650E+01
      6990  6.990000E+00        41
 -1.201993E+06  3.054138E+02 -1.203093E+06  2.914228E+05 -1.494516E+06
  0.000000E+00  2.752882E-03  0.000000E+00  0.000000E+00 -1.184998E+06
  1.008198E+03 -4.880569E+04 -1.542458E+06  1.493633E+06  0.000000E+00
 -2.663351E-02  0.000000E+00  0.000000E+00  5.568179E+03  0.000000E+00
  0.000000E+00  0.000000E+00  9.000000E+01  9.000000E+01  9.000000E+01
  0.000000E+00  5.001688E+01  0.000000E+00  3.314537E-02  4.501538E-02
  4.021851E+00  1.066437E+01  4.410775E+01  4.158562E+00  1.201514E+00
  4.158562E+00  5.095206E+01 -1.291469E+00  1.201514E+00 -1.291469E+00
  5.499083E+01
      7020  7.020000E+00        41
 -1.201993E+06  3.299374E+02 -1.203182E+06  2.926714E+05 -1.495853E+06
  0.000000E+00  3.104436E-03  0.000000E+00  0.000000E+00 -1.183563E+06
  1.038166E+03 -5.293615E+04 -1.547928E+06  1.494971E+06  0.000000E+00
 -2.999298E-02  0.000000E+00  0.000000E+00  5.568179E+03  0.000000E+00
  0.000000E+00  0.000000E+00  9.000000E+01  9.000000E+01  9.000000E+01
  0.000000E+00  5.424184E+01  0.000000E+00  2.913895E-02  3.832216E-02
  4.206298E+00  1.134799E+01  5.564294E+01  4.095993E+00 -3.202431E-01
  4.095993E+00  5.611097E+01  6.413250E-01 -3.202431E-01  6.413250E-01
  5.097162E+01
      7050  7.050000E+00        41
 -1.201993E+06  3.285375E+02 -1.203177E+06  2.927682E+05 -1.495945E+06
  0.000000E+00  2.949209E-03  0.000000E+00  0.000000E+00 -1.183438E+06
  1.088066E+03 -5.332319E+04 -1.548391E+06  1.495059E+06  0.000000E+00
 -2.851423E-02  0.000000E+00  0.000000E+00  5.568179E+03  0.000000E+00
  0.000000E+00  0.000000E+00  9.000000E+01  9.000000E+01  9.000000E+01
  0.000000E+00  5.461043E+01  0.000000E+00  2.585169E-02  3.609183E-02
  4.420994E+00  1.207117E+01  5.169227E+01 -2.239155E+00  1.900796E-01
 -2.239155E+00  5.261793E+01 -2.348961E-01  1.900796E-01 -2.348961E-01
  5.952109E+01
      7080  7.080000E+00        41
 -1.201992E+06  3.067036E+02 -1.203098E+06  2.914664E+05 -1.494564E+06
  0.000000E+00  2.985551E-03  0.000000E+00  0.000000E+00 -1.184945E+06
  8.815755E+02 -4.895291E+04 -1.542582E+06  1.493680E+06  0.000000E+00
 -2.882834E-02  0.000000E+00  0.000000E+00  5.568179E+03  0.000000E+00
  0.000000E+00  0.000000E+00  9.000000E+01  9.000000E+01  9.000000E+01
  0.000000E+00  5.017354E+01  0.000000E+00  2.660632E-02  3.369877E-02
  4.645864E+00  1.277694E+01  4.632247E+01 -2.736190E+00  5.625018E-01
 -2.736190E+00  5.504582E+01 -2.465235E+00  5.625018E-01 -2.465235E+00
  4.915231E+01
      7110  7.110000E+00        41
 -1.201993E+06  3.160883E+02 -1.203132E+06  2.927867E+05 -1.495919E+06
  0.000000E+00  3.001464E-03  0.000000E+00  0.000000E+00 -1.183395E+06
  3.382223E+02 -5.352379E+04 -1.548486E+06  1.495042E+06  0.000000E+00
 -2.896529E-02  0.000000E+00  0.000000E+00  5.568179E+03  0.000000E+00
  0.000000E+00  0.000000E+00  9.000000E+01  9.000000E+01  9.000000E+01
  0.000000E+00  5.473754E+01  0.000000E+00  2.675868E-02  3.376645E-02
  4.753484E+00  1.314761E+01  4.888783E+01 -1.943086E+00  4.186944E-01
 -1.943086E+00  6.149654E+01  6.050772E-01  4.186944E-01  6.050772E-01
  5.382826E+01
      7140  7.140000E+00        41
 -1.201992E+06  3.039340E+02 -1.203087E+06  2.921656E+05 -1.495253E+06
  0.000000E+00  2.954107E-03  0.000000E+00  0.000000E+00 -1.184093E+06
  1.015364E+02 -5.150893E+04 -1.545753E+06  1.494374E+06  0.000000E+00
 -2.855316E-02  0.000000E+00  0.000000E+00  5.568179E+03  0.000000E+00
  0.000000E+00  0.000000E+00  9.000000E+01  9.000000E+01  9.000000E+01
  0.000000E+00  5.268067E+01  0.000000E+00  2.821208E-02  3.811183E-02
  4.648167E+00  1.299021E+01  5.408846E+01  2.268079E+00 -3.030415E-01
  2.268079E+00  5.211733E+01 -1.011005E+00 -3.030415E-01 -1.011005E+00
  5.183621E+01
      7170  7.170000E+00        41
 -1.201992E+06  2.993194E+02 -1.203071E+06  2.913656E+05 -1.494437E+06
  0.000000E+00  3.027971E-03  0.000000E+00  0.000000E+00 -1.185058E+06
  2.495818E+02 -4.864969E+04 -1.542179E+06  1.493563E+06  0.000000E+00
 -2.929124E-02  0.000000E+00  0.000000E+00  5.568179E+03  0.000000E+00
  0.000000E+00  0.000000E+00  9.000000E+01  9.000000E+01  9.000000E+01
  0.000000E+00  4.983930E+01  0.000000E+00  3.019205E-02  3.749336E-02
  4.328936E+00  1.230199E+01  5.400718E+01  3.362131E+00 -2.291892E+00
  3.362131E+00  4.671058E+01 -2.595565E+00 -2.291892E+00 -2.595565E+00
  4.880014E+01
      7200  7.200000E+00        41
 -1.201992E+06  3.166477E+02 -1.203134E+06  2.924424E+05 -1.495576E+06
  0.000000E+00  2.960461E-03  0.000000E+00  0.000000E+00 -1.183855E+06
  3.824589E+02 -5.213821E+04 -1.546848E+06  1.494706E+06  0.000000E+00
 -2.860971E-02  0.000000E+00  0.000000E+00  5.568179E+03  0.000000E+00
  0.000000E+00  0.000000E+00  9.000000E+01  9.000000E+01  9.000000E+01
  0.000000E+00  5.338107E+01  0.000000E+00  2.864398E-02  3.522052E-02
  3.940233E+00  1.139112E+01  5.123992E+01  2.537829E-02  2.889193E-01
  2.537829E-02  5.371327E+01 -1.738766E+00  2.889193E-01 -1.738766E+00
  5.519001E+01
      7230  7.230000E+00        41
 -1.201992E+06  3.057653E+02 -1.203094E+06  2.919543E+05 -1.495049E+06
  0.000000E+00  2.785762E-03  0.000000E+00  0.000000E+00 -1.184423E+06
  4.400556E+02 -5.051282E+04 -1.544697E+06  1.494168E+06  0.000000E+00
 -2.692384E-02  0.000000E+00  0.000000E+00  5.568179E+03  0.000000E+00
  0.000000E+00  0.000000E+00  9.000000E+01  9.000000E+01  9.000000E+01
  0.000000E+00  5.170808E+01  0.000000E+00  2.738345E-02  3.311284E-02
  3.542244E+00  1.040577E+01  5.074193E+01  2.766190E-01  4.210746E+00
  2.766190E-01  5.254654E+01  1.691430E+00  4.210746E+00  1.691430E+00
  5.183577E+01
      7260  7.260000E+00        41
 -1.201992E+06  3.156127E+02 -1.203130E+06  2.928042E+05 -1.495934E+06
  0.000000E+00  2.848423E-03  0.000000E+00  0.000000E+00 -1.183408E+06
  4.699649E+02 -5.349090E+04 -1.548551E+06  1.495044E+06  0.000000E+00
 -2.752039E-02  0.000000E+00  0.000000E+00  5.568179E+03  0.000000E+00
  0.000000E+00  0.000000E+00  9.000000E+01  9.000000E+01  9.000000E+01
  0.000000E+00  5.469868E+01  0.000000E+00  2.480038E-02  3.868763E-02
  3.161107E+00  9.417305E+00  4.732469E+01 -1.535553E-01  2.310283E+00
 -1.535553E-01  5.963652E+01 -5.144808E-01  2.310283E+00 -5.144808E-01
  5.713484E+01
      7290  7.290000E+00        41
 -1.201992E+06  3.040740E+02 -1.203088E+06  2.922866E+05 -1.495375E+06
  0.000000E+00  2.988917E-03  0.000000E+00  0.000000E+00 -1.184025E+06
  4.880098E+02 -5.172340E+04 -1.546232E+06  1.494491E+06  0.000000E+00
 -2.882836E-02  0.000000E+00  0.000000E+00  5.568179E+03  0.000000E+00
  0.000000E+00  0.000000E+00  9.000000E+01  9.000000E+01  9.000000E+01
  0.000000E+00  5.288261E+01  0.000000E+00  3.047640E-02  4.026597E-02
  2.801569E+00  8.448957E+00  5.109986E+01 -2.678901E+00  4.505751E+00
 -2.678901E+00  5.762426E+01 -1.008989E-01  4.505751E+00 -1.008989E-01
  4.992370E+01
      7320  7.320000E+00        41
 -1.201993E+06  3.157197E+02 -1.203131E+06  2.925783E+05 -1.495709E+06
  0.000000E+00  3.010132E-03  0.000000E+00  0.000000E+00 -1.183723E+06
  4.923533E+02 -5.254627E+04 -1.547390E+06  1.494824E+06  0.000000E+00
 -2.906052E-02  0.000000E+00  0.000000E+00  5.568179E+03  0.000000E+00
  0.000000E+00  0.000000E+00  9.000000E+01  9.000000E+01  9.000000E+01
  0.000000E+00  5.377216E+01  0.000000E+00  3.174618E-02  4.246247E-02
  2.464129E+00  7.509619E+00  4.506382E+01 -1.668973E+00 -2.506189E+00
 -1.668973E+00  6.105301E+01 -7.308340E-01 -2.506189E+00 -7.308340E-01
  5.519963E+01
      7350  7.350000E+00        41
 -1.201993E+06  3.225314E+02 -1.203155E+06  2.930633E+05 -1.496218E+06
  0.000000E+00  2.944745E-03  0.000000E+00  0.000000E+00 -1.183123E+06
  4.444026E+02 -5.429466E+04 -1.549628E+06  1.495333E+06  0.000000E+00
 -2.845453E-02  0.000000E+00  0.000000E+00  5.568179E+03  0.000000E+00
  0.000000E+00  0.000000E+00  9.000000E+01  9.000000E+01  9.000000E+01
  0.000000E+00  5.553678E+01  0.000000E+00  3.389250E-02  4.085189E-02
  2.156453E+00  6.628191E+00  5.082504E+01  2.061959E+00 -1.276305E+00
  2.061959E+00  5.253858E+01 -8.084099E-01 -1.276305E+00 -8.084099E-01
  6.324674E+01
      7380  7.380000E+00        41
 -1.201993E+06  3.157222E+02 -1.203131E+06  2.922117E+05 -1.495342E+06
  0.000000E+00  2.787395E-03  0.000000E+00  0.000000E+00 -1.184137E+06
  3.296860E+02 -5.129936E+04 -1.545768E+06  1.494465E+06  0.000000E+00
 -2.689568E-02  0.000000E+00  0.000000E+00  5.568179E+03  0.000000E+00
  0.000000E+00  0.000000E+00  9.000000E+01  9.000000E+01  9.000000E+01
  0.000000E+00  5.255285E+01  0.000000E+00  3.415622E-02  4.395006E-02
  1.906673E+00  5.889327E+00  4.536764E+01  2.405628E+00  9.893441E-01
  2.405628E+00  6.125233E+01 -1.457715E+00  9.893441E-01 -1.457715E+00
  5.103859E+01
      7410  7.410000E+00        41
 -1.201993E+06  3.305044E+02 -1.203184E+06  2.932677E+05 -1.496452E+06
  0.000000E+00  3.069485E-03  0.000000E+00  0.000000E+00 -1.182890E+06
  2.965188E+02 -5.493217E+04 -1.550509E+06  1.495575E+06  0.000000E+00
 -2.963002E-02  0.000000E+00  0.000000E+00  5.568179E+03  0.000000E+00
  0.000000E+00  0.000000E+00  9.000000E+01  9.000000E+01  9.000000E+01
  0.000000E+00  5.622223E+01  0.000000E+00  3.414492E-02  4.592829E-02
  1.714462E+00  5.284985E+00  5.255579E+01  7.824327E-01  9.966417E-02
  7.824327E-01  5.716351E+01 -2.602787E-01  9.966417E-02 -2.602787E-01
  5.894738E+01
      7440  7.440000E+00        41
 -1.201993E+06  3.182203E+02 -1.203140E+06  2.928672E+05 -1.496007E+06
  0.000000E+00  2.946500E-03  0.000000E+00  0.000000E+00 -1.183347E+06
  2.209719E+02 -5.364766E+04 -1.548759E+06  1.495129E+06  0.000000E+00
 -2.846414E-02  0.000000E+00  0.000000E+00  5.568179E+03  0.000000E+00
  0.000000E+00  0.000000E+00  9.000000E+01  9.000000E+01  9.000000E+01
  0.000000E+00  5.487701E+01  0.000000E+00  3.525210E-02  4.469748E-02
  1.582129E+00  4.811282E+00  4.903450E+01 -7.596715E-01 -7.349058E-01
 -7.596715E-01  5.792257E+01  6.087815E-01 -7.349058E-01  6.087815E-01
  5.767397E+01
      7470  7.470000E+00        41
 -1.201992E+06  2.973764E+02 -1.203064E+06  2.914072E+05 -1.494471E+06
  0.000000E+00  2.927205E-03  0.000000E+00  0.000000E+00 -1.185028E+06
  1.687911E+02 -4.875449E+04 -1.542338E+06  1.493599E+06  0.000000E+00
 -2.823998E-02  0.000000E+00  0.000000E+00  5.568179E+03  0.000000E+00
  0.000000E+00  0.000000E+00  9.000000E+01  9.000000E+01  9.000000E+01
  0.000000E+00  4.993035E+01  0.000000E+00  3.541591E-02  4.352325E-02
  1.522995E+00  4.491362E+00  4.711414E+01  1.670620E-01 -1.923881E+00
  1.670620E-01  5.293740E+01 -1.884629E+00 -1.923881E+00 -1.884629E+00
  4.973952E+01
      7500  7.500000E+00        41
 -1.201992E+06  3.014257E+02 -1.203078E+06  2.939676E+05 -1.497046E+06
  0.000000E+00  3.215170E-03  0.000000E+00  0.000000E+00 -1.182163E+06
  1.425554E+02 -5.731671E+04 -1.553477E+06  1.496179E+06  0.000000E+00
 -3.102072E-02  0.000000E+00  0.000000E+00  5.568179E+03  0.000000E+00
  0.000000E+00  0.000000E+00  9.000000E+01  9.000000E+01  9.000000E+01
  0.000000E+00  5.835974E+01  0.000000E+00  3.187317E-02  4.087518E-02
  1.516274E+00  4.250987E+00  5.677440E+01 -8.600873E-01  3.155901E+00
 -8.600873E-01  6.688146E+01 -1.920653E+00  3.155901E+00 -1.920653E+00
  5.142337E+01
      7530  7.530000E+00        41
 -1.201992E+06  3.038807E+02 -1.203088E+06  2.916951E+05 -1.494783E+06
  0.000000E+00  2.712077E-03  0.000000E+00  0.000000E+00 -1.184680E+06
  1.811282E+02 -4.975115E+04 -1.543625E+06  1.493905E+06  0.000000E+00
 -2.620529E-02  0.000000E+00  0.000000E+00  5.568179E+03  0.000000E+00
  0.000000E+00  0.000000E+00  9.000000E+01  9.000000E+01  9.000000E+01
  0.000000E+00  5.095384E+01  0.000000E+00  2.936694E-02  3.908384E-02
  1.534881E+00  4.013219E+00  4.723397E+01  8.411854E-01  6.318754E+00
  8.411854E-01  5.412924E+01  9.615859E-01  6.318754E+00  9.615859E-01
  5.149832E+01
      7560  7.560000E+00        41
 -1.201992E+06  2.996885E+02 -1.203072E+06  2.925735E+05 -1.495646E+06
  0.000000E+00  3.016370E-03  0.000000E+00  0.000000E+00 -1.183700E+06
  3.809599E+02 -5.272393E+04 -1.547481E+06  1.494768E+06  0.000000E+00
 -2.913442E-02  0.000000E+00  0.000000E+00  5.568179E+03  0.000000E+00
  0.000000E+00  0.000000E+00  9.000000E+01  9.000000E+01  9.000000E+01
  0.000000E+00  5.383579E+01  0.000000E+00  2.845068E-02  3.846518E-02
  1.556015E+00  3.728681E+00  5.559293E+01  2.554950E+00  1.061853E+00
  2.554950E+00  5.343632E+01  2.441700E+00  1.061853E+00  2.441700E+00
  5.247814E+01
      7590  7.590000E+00        41
 -1.201992E+06  2.970854E+02 -1.203063E+06  2.922233E+05 -1.495286E+06
  0.000000E+00  2.901031E-03  0.000000E+00  0.000000E+00 -1.184122E+06
  5.411245E+02 -5.148095E+04 -1.545896E+06  1.494405E+06  0.000000E+00
 -2.804065E-02  0.000000E+00  0.000000E+00  5.568179E+03  0.000000E+00
  0.000000E+00  0.000000E+00  9.000000E+01  9.000000E+01  9.000000E+01
  0.000000E+00  5.259402E+01  0.000000E+00  3.060961E-02  3.971070E-02
  1.593221E+00  3.435510E+00  4.809928E+01  7.378824E-01  1.642265E+00
  7.378824E-01  5.338551E+01  6.948145E-01  1.642265E+00  6.948145E-01
  5.629727E+01
      7620  7.620000E+00        41
 -1.201992E+06  2.915230E+02 -1.203043E+06  2.917680E+05 -1.494811E+06
  0.000000E+00  3.054509E-03  0.000000E+00  0.000000E+00 -1.184604E+06
  6.131937E+02 -5.007869E+04 -1.544022E+06  1.493929E+06  0.000000E+00
 -2.954254E-02  0.000000E+00  0.000000E+00  5.568179E+03  0.000000E+00
  0.000000E+00  0.000000E+00  9.000000E+01  9.000000E+01  9.000000E+01
  0.000000E+00  5.117721E+01  0.000000E+00  3.185934E-02  4.220727E-02
  1.681014E+00  3.209292E+00  4.994478E+01 -1.835542E+00 -4.753916E-01
 -1.835542E+00  5.211509E+01  1.152108E-01 -4.753916E-01  1.152108E-01
  5.147175E+01
      7650  7.650000E+00        41
 -1.201992E+06  3.152330E+02 -1.203128E+06  2.919600E+05 -1.495088E+06
  0.000000E+00  2.826471E-03  0.000000E+00  0.000000E+00 -1.184415E+06
  6.555635E+02 -5.047633E+04 -1.544686E+06  1.494199E+06  0.000000E+00
 -2.731216E-02  0.000000E+00  0.000000E+00  5.568179E+03  0.000000E+00
  0.000000E+00  0.000000E+00  9.000000E+01  9.000000E+01  9.000000E+01
  0.000000E+00  5.173397E+01  0.000000E+00  3.290503E-02  4.105049E-02
  1.835489E+00  3.091706E+00  4.909374E+01 -5.426503E-01 -9.875536E-01
 -5.426503E-01  5.160451E+01  1.763583E+00 -9.875536E-01  1.763583E+00
  5.450365E+01
      7680  7.680000E+00        41
 -1.201992E+06  2.899310E+02 -1.203037E+06  2.929187E+05 -1.495955E+06
  0.000000E+00  3.123291E-03  0.000000E+00  0.000000E+00 -1.183375E+06
  6.154685E+02 -5.377651E+04 -1.548849E+06  1.495074E+06  0.000000E+00
 -3.015660E-02  0.000000E+00  0.000000E+00  5.568179E+03  0.000000E+00
  0.000000E+00  0.000000E+00  9.000000E+01  9.000000E+01  9.000000E+01
  0.000000E+00  5.479371E+01  0.000000E+00  3.422729E-02  4.248854E-02
  2.059237E+00  3.100111E+00  5.177056E+01  1.505789E-01  2.342393E-01
  1.505789E-01  5.908541E+01  3.218577E+00  2.342393E-01  3.218577E+00
  5.352516E+01
      7710  7.710000E+00        41
 -1.201992E+06  3.304390E+02 -1.203183E+06  2.923434E+05 -1.495527E+06
  0.000000E+00  2.781888E-03  0.000000E+00  0.000000E+00 -1.183934E+06
  3.953892E+02 -5.180359E+04 -1.546382E+06  1.494641E+06  0.000000E+00
 -2.688246E-02  0.000000E+00  0.000000E+00  5.568179E+03  0.000000E+00
  0.000000E+00  0.000000E+00  9.000000E+01  9.000000E+01  9.000000E+01
  0.000000E+00  5.315001E+01  0.000000E+00  3.586213E-02  4.554517E-02
  2.325513E+00  3.217583E+00  5.160151E+01 -1.526098E+00  5.799970E-01
 -1.526098E+00  5.391536E+01  2.899710E+00  5.799970E-01  2.899710E+00
  5.393316E+01
      7740  7.740000E+00        41
 -1.201992E+06  2.948642E+02 -1.203055E+06  2.918147E+05 -1.494870E+06
  0.000000E+00  2.872314E-03  0.000000E+00  0.000000E+00 -1.184491E+06
  1.906127E+02 -5.038205E+04 -1.544278E+06  1.493989E+06  0.000000E+00
 -2.778917E-02  0.000000E+00  0.000000E+00  5.568179E+03  0.000000E+00
  0.000000E+00  0.000000E+00  9.000000E+01  9.000000E+01  9.000000E+01
  0.000000E+00  5.150880E+01  0.000000E+00  3.940989E-02  5.132872E-02
  2.547739E+00  3.342385E+00  4.813170E+01 -3.383724E-01  8.208774E-01
 -3.383724E-01  5.660388E+01  4.767259E+00  8.208774E-01  4.767259E+00
  4.979083E+01
      7770  7.770000E+00        41
 -1.201992E+06  3.023032E+02 -1.203082E+06  2.924447E+05 -1.495527E+06
  0.000000E+00  3.076149E-03  0.000000E+00  0.000000E+00 -1.183850E+06
  1.978585E+02 -5.225178E+04 -1.546828E+06  1.494646E+06  0.000000E+00
 -2.975656E-02  0.000000E+00  0.000000E+00  5.568179E+03  0.000000E+00
  0.000000E+00  0.000000E+00  9.000000E+01  9.000000E+01  9.000000E+01
  0.000000E+00  5.339556E+01  0.000000E+00  4.289808E-02  4.837432E-02
  2.672094E+00  3.403798E+00  4.816013E+01  2.902844E+00 -7.078958E-01
  2.902844E+00  5.550555E+01 -7.315552E-01 -7.078958E-01 -7.315552E-01
  5.652100E+01
      7800  7.800000E+00        41
 -1.201992E+06  2.939442E+02 -1.203051E+06  2.922948E+05 -1.495346E+06
  0.000000E+00  2.955241E-03  0.000000E+00  0.000000E+00 -1.184022E+06
  2.844027E+02 -5.179710E+04 -1.546214E+06  1.494472E+06  0.000000E+00
 -2.856152E-02  0.000000E+00  0.000000E+00  5.568179E+03  0.000000E+00
  0.000000E+00  0.000000E+00  9.000000E+01  9.000000E+01  9.000000E+01
  0.000000E+00  5.288825E+01  0.000000E+00  3.769159E-02  4.588585E-02
  2.713456E+00  3.409631E+00  4.991599E+01  3.533502E+00 -9.638865E-01
  3.533502E+00  5.496232E+01 -6.918665E-01 -9.638865E-01 -6.918665E-01
  5.378645E+01
      7830  7.830000E+00        41
 -1.201993E+06  3.124165E+02 -1.203119E+06  2.918112E+05 -1.494930E+06
  0.000000E+00  2.882126E-03  0.000000E+00  0.000000E+00 -1.184555E+06
  3.590712E+02 -5.006970E+04 -1.544081E+06  1.494049E+06  0.000000E+00
 -2.787445E-02  0.000000E+00  0.000000E+00  5.568179E+03  0.000000E+00
  0.000000E+00  0.000000E+00  9.000000E+01  9.000000E+01  9.000000E+01
  0.000000E+00  5.132237E+01  0.000000E+00  3.125643E-02  4.069611E-02
  2.710968E+00  3.420927E+00  4.977259E+01  9.906583E-01 -2.943736E+00
  9.906583E-01  5.282152E+01 -9.922384E-01 -2.943736E+00 -9.922384E-01
  5.137301E+01
      7860  7.860000E+00        41
 -1.201992E+06  3.161478E+02 -1.203132E+06  2.925970E+05 -1.495729E+06
  0.000000E+00  2.854766E-03  0.000000E+00  0.000000E+00 -1.183636E+06
  3.626757E+02 -5.279822E+04 -1.547623E+06  1.494851E+06  0.000000E+00
 -2.759140E-02  0.000000E+00  0.000000E+00  5.568179E+03  0.000000E+00
  0.000000E+00  0.000000E+00  9.000000E+01  9.000000E+01  9.000000E+01
  0.000000E+00  5.402553E+01  0.000000E+00  2.755380E-02  3.660185E-02
  2.696862E+00  3.477220E+00  4.634274E+01 -4.214384E+00  2.714869E+00
 -4.214384E+00  6.128229E+01 -1.292398E+00  2.714869E+00 -1.292398E+00
  5.445156E+01
      7890  7.890000E+00        41
 -1.201993E+06  3.115877E+02 -1.203116E+06  2.921347E+05 -1.495251E+06
  0.000000E+00  2.843364E-03  0.000000E+00  0.000000E+00 -1.184136E+06
  3.736370E+02 -5.133230E+04 -1.545684E+06  1.494379E+06  0.000000E+00
 -2.749948E-02  0.000000E+00  0.000000E+00  5.568179E+03  0.000000E+00
  0.000000E+00  0.000000E+00  9.000000E+01  9.000000E+01  9.000000E+01
  0.000000E+00  5.255484E+01  0.000000E+00  2.697855E-02  3.783726E-02
  2.688134E+00  3.601795E+00  5.119293E+01 -3.573642E-01 -1.202826E+00
 -3.573642E-01  5.128084E+01 -9.328495E-01 -1.202826E+00 -9.328495E-01
  5.519077E+01
      7920  7.920000E+00        41
 -1.201992E+06  3.128147E+02 -1.203120E+06  2.914649E+05 -1.494585E+06
  0.000000E+00  3.016646E-03  0.000000E+00  0.000000E+00 -1.184918E+06
  3.642617E+02 -4.897662E+04 -1.542648E+06  1.493703E+06  0.000000E+00
 -2.913897E-02  0.000000E+00  0.000000E+00  5.568179E+03  0.000000E+00
  0.000000E+00  0.000000E+00  9.000000E+01  9.000000E+01  9.000000E+01
  0.000000E+00  5.025268E+01  0.000000E+00  2.878408E-02  4.053644E-02
  2.693716E+00  3.798761E+00  4.354994E+01  1.211432E+00 -4.567543E+00
  1.211432E+00  5.572216E+01 -1.724214E-01 -4.567543E+00 -1.724214E-01
  5.148594E+01
      7950  7.950000E+00        41
 -1.201993E+06  3.171852E+02 -1.203136E+06  2.923591E+05 -1.495495E+06
  0.000000E+00  3.010756E-03  0.000000E+00  0.000000E+00 -1.183847E+06
  2.538457E+02 -5.215726E+04 -1.546738E+06  1.494614E+06  0.000000E+00
 -2.912853E-02  0.000000E+00  0.000000E+00  5.568179E+03  0.000000E+00
  0.000000E+00  0.000000E+00  9.000000E+01  9.000000E+01  9.000000E+01
  0.000000E+00  5.340671E+01  0.000000E+00  3.113428E-02  4.235565E-02
  2.702872E+00  4.026878E+00  4.559488E+01  4.808930E-01  2.213649E+00
  4.808930E-01  5.720143E+01 -1.631879E+00  2.213649E+00 -1.631879E+00
  5.742383E+01
      7980  7.980000E+00        41
 -1.201993E+06  3.236735E+02 -1.203159E+06  2.927613E+05 -1.495921E+06
  0.000000E+00  2.973353E-03  0.000000E+00  0.000000E+00 -1.183427E+06
  1.425434E+02 -5.336751E+04 -1.548387E+06  1.495046E+06  0.000000E+00
 -2.872871E-02  0.000000E+00  0.000000E+00  5.568179E+03  0.000000E+00
  0.000000E+00  0.000000E+00  9.000000E+01  9.000000E+01  9.000000E+01
  0.000000E+00  5.464265E+01  0.000000E+00  3.435217E-02  4.377024E-02
  2.688487E+00  4.206410E+00  5.319081E+01 -7.201847E-01  3.829881E-01
 -7.201847E-01  5.442494E+01  2.902272E-01  3.829881E-01  2.902272E-01
  5.631220E+01
      8010  8.010000E+00        41
 -1.201992E+06  3.047882E+02 -1.203091E+06  2.909718E+05 -1.494062E+06
  0.000000E+00  2.953838E-03  0.000000E+00  0.000000E+00 -1.185495E+06
  1.341587E+02 -4.729689E+04 -1.540454E+06  1.493183E+06  0.000000E+00
 -2.852135E-02  0.000000E+00  0.000000E+00  5.568179E+03  0.000000E+00
  0.000000E+00  0.000000E+00  9.000000E+01  9.000000E+01  9.000000E+01
  0.000000E+00  4.855362E+01  0.000000E+00  4.002527E-02  4.718217E-02
  2.639439E+00  4.319464E+00  4.563759E+01  1.632562E-01 -3.017010E+00
  1.632562E-01  4.756919E+01  2.435482E+00 -3.017010E+00  2.435482E+00
  5.245409E+01
      8040  8.040000E+00        41
 -1.201992E+06  3.046317E+02 -1.203090E+06  2.926256E+05 -1.495716E+06
  0.000000E+00  3.219348E-03  0.000000E+00  0.000000E+00 -1.183656E+06
  1.767255E+02 -5.281880E+04 -1.547633E+06  1.494837E+06  0.000000E+00
 -3.112573E-02  0.000000E+00  0.000000E+00  5.568179E+03  0.000000E+00
  0.000000E+00  0.000000E+00  9.000000E+01  9.000000E+01  9.000000E+01
  0.000000E+00  5.396883E+01  0.000000E+00  4.120664E-02  5.349130E-02
  2.581562E+00  4.429633E+00  4.949617E+01  1.188062E-01 -7.314684E+00
  1.188062E-01  5.780656E+01 -1.622994E+00 -7.314684E+00 -1.622994E+00
  5.460376E+01
      8070  8.070000E+00        41
 -1.201992E+06  3.030130E+02 -1.203084E+06  2.916592E+05 -1.494743E+06
  0.000000E+00  2.895281E-03  0.000000E+00  0.000000E+00 -1.184750E+06
  2.398575E+02 -4.954836E+04 -1.543428E+06  1.493870E+06  0.000000E+00
 -2.801163E-02  0.000000E+00  0.000000E+00  5.568179E+03  0.000000E+00
  0.000000E+00  0.000000E+00  9.000000E+01  9.000000E+01  9.000000E+01
  0.000000E+00  5.074732E+01  0.000000E+00  4.198443E-02  5.142757E-02
  2.539141E+00  4.589372E+00  5.004736E+01 -1.095171E+00 -3.905514E+00
 -1.095171E+00  5.606826E+01 -3.135470E+00 -3.905514E+00 -3.135470E+00
  4.612633E+01
      8100  8.100000E+00        41
 -1.201993E+06  3.192572E+02 -1.203143E+06  2.911746E+05 -1.494318E+06
  0.000000E+00  3.058367E-03  0.000000E+00  0.000000E+00 -1.185265E+06
  3.019617E+02 -4.789049E+04 -1.541350E+06  1.493449E+06  0.000000E+00
 -2.953431E-02  0.000000E+00  0.000000E+00  5.568179E+03  0.000000E+00
  0.000000E+00  0.000000E+00  9.000000E+01  9.000000E+01  9.000000E+01
  0.000000E+00  4.923420E+01  0.000000E+00  3.986117E-02  4.794928E-02
  2.535949E+00  4.843924E+00  4.545350E+01 -1.942828E+00 -2.154659E+00
 -1.942828E+00  6.015974E+01  2.826316E+00 -2.154659E+00  2.826316E+00
  4.208935E+01
      8130  8.130000E+00        41
 -1.201992E+06  3.126521E+02 -1.203119E+06  2.918281E+05 -1.494947E+06
  0.000000E+00  2.914758E-03  0.000000E+00  0.000000E+00 -1.184539E+06
  3.377698E+02 -5.011512E+04 -1.544196E+06  1.494074E+06  0.000000E+00
 -2.818885E-02  0.000000E+00  0.000000E+00  5.568179E+03  0.000000E+00
  0.000000E+00  0.000000E+00  9.000000E+01  9.000000E+01  9.000000E+01
  0.000000E+00  5.136912E+01  0.000000E+00  4.149252E-02  4.841685E-02
  2.580091E+00  5.196087E+00  5.097478E+01 -2.172573E-01 -8.679266E-01
 -2.172573E-01  5.255549E+01  1.220675E+00 -8.679266E-01  1.220675E+00
  5.057709E+01
      8160  8.160000E+00        41
 -1.201993E+06  3.134126E+02 -1.203122E+06  2.910257E+05 -1.494148E+06
  0.000000E+00  3.107733E-03  0.000000E+00  0.000000E+00 -1.185387E+06
  3.127725E+02 -4.756412E+04 -1.540847E+06  1.493280E+06  0.000000E+00
 -3.004429E-02  0.000000E+00  0.000000E+00  5.568179E+03  0.000000E+00
  0.000000E+00  0.000000E+00  9.000000E+01  9.000000E+01  9.000000E+01
  0.000000E+00  4.887241E+01  0.000000E+00  4.085090E-02  5.072532E-02
  2.664880E+00  5.616184E+00  4.620874E+01  1.660883E+00 -1.915021E-01
  1.660883E+00  5.220816E+01 -2.116479E-01 -1.915021E-01 -2.116479E-01
  4.820033E+01
      8190  8.190000E+00        41
 -1.201992E+06  3.135177E+02 -1.203122E+06  2.904725E+05 -1.493595E+06
  0.000000E+00  2.941503E-03  0.000000E+00  0.000000E+00 -1.185996E+06
  2.751353E+02 -4.573619E+04 -1.538456E+06  1.492721E+06  0.000000E+00
 -2.846331E-02  0.000000E+00  0.000000E+00  5.568179E+03  0.000000E+00
  0.000000E+00  0.000000E+00  9.000000E+01  9.000000E+01  9.000000E+01
  0.000000E+00  4.708076E+01  0.000000E+00  3.795323E-02  4.821141E-02
  2.776316E+00  6.065931E+00  4.434772E+01  2.142565E+00 -4.062140E-02
  2.142565E+00  4.838040E+01 -1.360476E+00 -4.062140E-02 -1.360476E+00
  4.851415E+01
      8220  8.220000E+00        41
 -1.201992E+06  3.106473E+02 -1.203112E+06  2.915998E+05 -1.494712E+06
  0.000000E+00  2.989176E-03  0.000000E+00  0.000000E+00 -1.184751E+06
  1.841648E+02 -4.948907E+04 -1.543313E+06  1.493836E+06  0.000000E+00
 -2.890725E-02  0.000000E+00  0.000000E+00  5.568179E+03  0.000000E+00
  0.000000E+00  0.000000E+00  9.000000E+01  9.000000E+01  9.000000E+01
  0.000000E+00  5.074450E+01  0.000000E+00  3.474512E-02  4.408925E-02
  2.893637E+00  6.472429E+00  4.478308E+01  2.230221E+00 -1.189544E+00
  2.230221E+00  5.519228E+01  3.641024E-01 -1.189544E+00  3.641024E-01
  5.225815E+01
      8250  8.250000E+00        41
 -1.201993E+06  3.080048E+02 -1.203103E+06  2.914324E+05 -1.494535E+06
  0.000000E+00  2.964118E-03  0.000000E+00  0.000000E+00 -1.184910E+06
  8.995131E+01 -4.903107E+04 -1.542645E+06  1.493649E+06  0.000000E+00
 -2.864514E-02  0.000000E+00  0.000000E+00  5.568179E+03  0.000000E+00
  0.000000E+00  0.000000E+00  9.000000E+01  9.000000E+01  9.000000E+01
  0.000000E+00  5.027880E+01  0.000000E+00  3.526707E-02  4.459902E-02
  2.990950E+00  6.761553E+00  4.235541E+01 -1.995042E+00 -6.232348E-01
 -1.995042E+00  5.642685E+01 -3.456520E+00 -6.232348E-01 -3.456520E+00
  5.205413E+01
      8280  8.280000E+00        41
 -1.201992E+06  3.193511E+02 -1.203143E+06  2.917464E+05 -1.494890E+06
  0.000000E+00  3.060794E-03  0.000000E+00  0.000000E+00 -1.184559E+06
  7.991163E+01 -5.000102E+04 -1.543986E+06  1.494011E+06  0.000000E+00
 -2.957617E-02  0.000000E+00  0.000000E+00  5.568179E+03  0.000000E+00
  0.000000E+00  0.000000E+00  9.000000E+01  9.000000E+01  9.000000E+01
  0.000000E+00  5.131087E+01  0.000000E+00  3.719058E-02  4.657418E-02
  3.040938E+00  6.868369E+00  4.739385E+01 -8.629538E-01 -4.374346E-02
 -8.629538E-01  5.277822E+01 -2.199247E-01 -4.374346E-02 -2.199247E-01
  5.376053E+01
      8310  8.310000E+00        41
 -1.201992E+06  3.052990E+02 -1.203092E+06  2.914666E+05 -1.494559E+06
  0.000000E+00  2.960352E-03  0.000000E+00  0.000000E+00 -1.184917E+06
  1.573955E+02 -4.902895E+04 -1.542687E+06  1.493677E+06  0.000000E+00
 -2.866990E-02  0.000000E+00  0.000000E+00  5.568179E+03  0.000000E+00
  0.000000E+00  0.000000E+00  9.000000E+01  9.000000E+01  9.000000E+01
  0.000000E+00  5.025592E+01  0.000000E+00  3.827986E-02  5.021785E-02
  3.032838E+00  6.767762E+00  4.486941E+01 -3.234415E+00  5.702902E-01
 -3.234415E+00  5.526645E+01  2.522222E+00  5.702902E-01  2.522222E+00
  5.063191E+01
      8340  8.340000E+00        41
 -1.201993E+06  3.187633E+02 -1.203142E+06  2.920843E+05 -1.495226E+06
  0.000000E+00  3.113727E-03  0.000000E+00  0.000000E+00 -1.184223E+06
  2.749924E+02 -5.101952E+04 -1.545364E+06  1.494351E+06  0.000000E+00
 -3.011882E-02  0.000000E+00  0.000000E+00  5.568179E+03  0.000000E+00
  0.000000E+00  0.000000E+00  9.000000E+01  9.000000E+01  9.000000E+01
  0.000000E+00  5.230115E+01  0.000000E+00  4.117233E-02  4.818203E-02
  2.976274E+00  6.498370E+00  4.306723E+01  1.752000E+00 -1.195880E+00
  1.752000E+00  5.374502E+01 -1.861720E+00 -1.195880E+00 -1.861720E+00
  6.009120E+01
      8370  8.370000E+00        41
 -1.201992E+06  2.856444E+02 -1.203021E+06  2.909199E+05 -1.493941E+06
  0.000000E+00  2.937624E-03  0.000000E+00  0.000000E+00 -1.185586E+06
  3.321712E+02 -4.716654E+04 -1.540249E+06  1.493074E+06  0.000000E+00
 -2.841698E-02  0.000000E+00  0.000000E+00  5.568179E+03  0.000000E+00
  0.000000E+00  0.000000E+00  9.000000E+01  9.000000E+01  9.000000E+01
  0.000000E+00  4.828550E+01  0.000000E+00  3.961737E-02  5.104144E-02
  2.909028E+00  6.161656E+00  4.222625E+01  1.440787E+00  1.979909E-01
  1.440787E+00  5.087643E+01  2.236115E+00  1.979909E-01  2.236115E+00
  5.175382E+01
      8400  8.400000E+00        41
 -1.201993E+06  3.277357E+02 -1.203174E+06  2.918913E+05 -1.495065E+06
  0.000000E+00  3.116310E-03  0.000000E+00  0.000000E+00 -1.184457E+06
  3.440830E+02 -5.025331E+04 -1.544465E+06  1.494196E+06  0.000000E+00
 -3.012421E-02  0.000000E+00  0.000000E+00  5.568179E+03  0.000000E+00
  0.000000E+00  0.000000E+00  9.000000E+01  9.000000E+01  9.000000E+01
  0.000000E+00  5.161121E+01  0.000000E+00  3.780540E-02  4.568981E-02
  2.862829E+00  5.837564E+00  4.204948E+01  1.841737E-01  7.055662E-01
  1.841737E-01  5.794853E+01 -6.789691E-01  7.055662E-01 -6.789691E-01
  5.483564E+01
      8430  8.430000E+00        41
 -1.201992E+06  3.110520E+02 -1.203113E+06  2.918000E+05 -1.494913E+06
  0.000000E+00  2.912557E-03  0.000000E+00  0.000000E+00 -1.184549E+06
  3.534286E+02 -5.009710E+04 -1.544144E+06  1.494039E+06  0.000000E+00
 -2.815980E-02  0.000000E+00  0.000000E+00  5.568179E+03  0.000000E+00
  0.000000E+00  0.000000E+00  9.000000E+01  9.000000E+01  9.000000E+01
  0.000000E+00  5.133975E+01  0.000000E+00  3.514238E-02  4.508694E-02
  2.853823E+00  5.564499E+00  4.973626E+01 -3.198775E+00 -3.793083E-01
 -3.198775E+00  5.588205E+01 -1.477804E+00 -3.793083E-01 -1.477804E+00
  4.840093E+01
      8460  8.460000E+00        41
 -1.201992E+06  3.097819E+02 -1.203109E+06  2.912901E+05 -1.494399E+06
  0.000000E+00  3.057648E-03  0.000000E+00  0.000000E+00 -1.185084E+06
  3.313007E+02 -4.850154E+04 -1.542031E+06  1.493526E+06  0.000000E+00
 -2.955462E-02  0.000000E+00  0.000000E+00  5.568179E+03  0.000000E+00
  0.000000E+00  0.000000E+00  9.000000E+01  9.000000E+01  9.000000E+01
  0.000000E+00  4.976595E+01  0.000000E+00  3.630741E-02  4.542485E-02
  2.889946E+00  5.368433E+00  4.446405E+01 -6.062829E-01  3.321263E+00
 -6.062829E-01  5.244018E+01 -9.522095E-01  3.321263E+00 -9.522095E-01
  5.239361E+01
      8490  8.490000E+00        41
 -1.201992E+06  3.033756E+02 -1.203086E+06  2.917871E+05 -1.494873E+06
  0.000000E+00  2.953157E-03  0.000000E+00  0.000000E+00 -1.184546E+06
  2.570440E+02 -5.015786E+04 -1.544135E+06  1.493989E+06  0.000000E+00
 -2.853094E-02  0.000000E+00  0.000000E+00  5.568179E+03  0.000000E+00
  0.000000E+00  0.000000E+00  9.000000E+01  9.000000E+01  9.000000E+01
  0.000000E+00  5.134742E+01  0.000000E+00  3.599735E-02  4.696310E-02
  2.975611E+00  5.269390E+00  4.694161E+01 -4.699056E-01 -3.053924E+00
 -4.699056E-01  6.089337E+01 -1.417844E+00 -3.053924E+00 -1.417844E+00
  4.620728E+01
      8520  8.520000E+00        41
 -1.201992E+06  3.126195E+02 -1.203119E+06  2.919522E+05 -1.495071E+06
  0.000000E+00  3.092823E-03  0.000000E+00  0.000000E+00 -1.184345E+06
  1.718518E+02 -5.069204E+04 -1.544866E+06  1.494195E+06  0.000000E+00
 -2.988793E-02  0.000000E+00  0.000000E+00  5.568179E+03  0.000000E+00
  0.000000E+00  0.000000E+00  9.000000E+01  9.000000E+01  9.000000E+01
  0.000000E+00  5.193895E+01  0.000000E+00  3.728827E-02  4.768035E-02
  3.086988E+00  5.238596E+00  4.777466E+01  1.943392E+00  3.927246E+00
  1.943392E+00  5.582173E+01  1.866576E+00  3.927246E+00  1.866576E+00
  5.222046E+01
      8550  8.550000E+00        41
 -1.201992E+06  3.158264E+02 -1.203131E+06  2.917826E+05 -1.494913E+06
  0.000000E+00  2.817156E-03  0.000000E+00  0.000000E+00 -1.184468E+06
  6.397694E+01 -5.029679E+04 -1.544256E+06  1.494032E+06  0.000000E+00
 -2.722428E-02  0.000000E+00  0.000000E+00  5.568179E+03  0.000000E+00
  0.000000E+00  0.000000E+00  9.000000E+01  9.000000E+01  9.000000E+01
  0.000000E+00  5.157650E+01  0.000000E+00  3.888185E-02  4.896887E-02
  3.204003E+00  5.271773E+00  5.143488E+01  1.312226E+00  2.856001E+00
  1.312226E+00  5.176973E+01  1.740835E+00  2.856001E+00  1.740835E+00
  5.152489E+01
      8580  8.580000E+00        41
 -1.201992E+06  3.114640E+02 -1.203115E+06  2.922431E+05 -1.495358E+06
  0.000000E+00  3.092048E-03  0.000000E+00  0.000000E+00 -1.183975E+06
  8.751995E+01 -5.180965E+04 -1.546179E+06  1.494477E+06  0.000000E+00
 -2.986838E-02  0.000000E+00  0.000000E+00  5.568179E+03  0.000000E+00
  0.000000E+00  0.000000E+00  9.000000E+01  9.000000E+01  9.000000E+01
  0.000000E+00  5.302929E+01  0.000000E+00  4.290862E-02  5.272800E-02
  3.260908E+00  5.302965E+00  5.297611E+01  7.966007E-01 -8.753582E-01
  7.966007E-01  5.306871E+01 -9.704906E-01 -8.753582E-01 -9.704906E-01
  5.304304E+01
      8610  8.610000E+00        41
 -1.201992E+06  3.012666E+02 -1.203078E+06  2.917314E+05 -1.494809E+06
  0.000000E+00  2.814688E-03  0.000000E+00  0.000000E+00 -1.184559E+06
  4.471240E+02 -5.013622E+04 -1.543946E+06  1.493929E+06  0.000000E+00
 -2.720898E-02  0.000000E+00  0.000000E+00  5.568179E+03  0.000000E+00
  0.000000E+00  0.000000E+00  9.000000E+01  9.000000E+01  9.000000E+01
  0.000000E+00  5.130663E+01  0.000000E+00  4.322750E-02  5.535166E-02
  3.179487E+00  5.227229E+00  5.520368E+01  1.799044E+00  4.171664E+00
  1.799044E+00  5.151616E+01  4.081407E+00  4.171664E+00  4.081407E+00
  4.720005E+01
      8640  8.640000E+00        41
 -1.201992E+06  2.894192E+02 -1.203035E+06  2.918506E+05 -1.494886E+06
  0.000000E+00  3.199513E-03  0.000000E+00  0.000000E+00 -1.184461E+06
  8.305793E+02 -5.052623E+04 -1.544488E+06  1.494007E+06  0.000000E+00
 -3.092650E-02  0.000000E+00  0.000000E+00  5.568179E+03  0.000000E+00
  0.000000E+00  0.000000E+00  9.000000E+01  9.000000E+01  9.000000E+01
  0.000000E+00  5.159608E+01  0.000000E+00  4.259315E-02  5.139297E-02
  2.994078E+00  5.184832E+00  5.302202E+01 -8.041943E-01  7.356476E-01
 -8.041943E-01  4.961742E+01 -2.954515E+00  7.356476E-01 -2.954515E+00
  5.214880E+01
      8670  8.670000E+00        41
 -1.201992E+06  3.119312E+02 -1.203116E+06  2.921063E+05 -1.495222E+06
  0.000000E+00  2.928206E-03  0.000000E+00  0.000000E+00 -1.184209E+06
  9.638645E+02 -5.112465E+04 -1.545446E+06  1.494338E+06  0.000000E+00
 -2.830815E-02  0.000000E+00  0.000000E+00  5.568179E+03  0.000000E+00
  0.000000E+00  0.000000E+00  9.000000E+01  9.000000E+01  9.000000E+01
  0.000000E+00  5.233912E+01  0.000000E+00  3.758448E-02  4.856517E-02
  2.824909E+00  5.299589E+00  4.978316E+01 -3.123430E-01  3.365224E+00
 -3.123430E-01  5.352644E+01 -1.763340E+00  3.365224E+00 -1.763340E+00
  5.370775E+01
      8700  8.700000E+00        41
 -1.201992E+06  3.278732E+02 -1.203174E+06  2.917422E+05 -1.494916E+06
  0.000000E+00  2.925110E-03  0.000000E+00  0.000000E+00 -1.184599E+06
  8.306328E+02 -4.983847E+04 -1.543873E+06  1.494033E+06  0.000000E+00
 -2.828935E-02  0.000000E+00  0.000000E+00  5.568179E+03  0.000000E+00
  0.000000E+00  0.000000E+00  9.000000E+01  9.000000E+01  9.000000E+01
  0.000000E+00  5.119330E+01  0.000000E+00  3.692011E-02  4.505677E-02
  2.693347E+00  5.503390E+00  5.245275E+01  1.154918E+00  7.071581E+00
  1.154918E+00  5.328393E+01 -1.159376E+00  7.071581E+00 -1.159376E+00
  4.784322E+01
      8730  8.730000E+00        41
 -1.201993E+06  3.312929E+02 -1.203187E+06  2.916554E+05 -1.494842E+06
  0.000000E+00  2.861007E-03  0.000000E+00  0.000000E+00 -1.184629E+06
  3.476981E+02 -4.971079E+04 -1.543657E+06  1.493968E+06  0.000000E+00
 -2.768138E-02  0.000000E+00  0.000000E+00  5.568179E+03  0.000000E+00
  0.000000E+00  0.000000E+00  9.000000E+01  9.000000E+01  9.000000E+01
  0.000000E+00  5.110404E+01  0.000000E+00  3.579876E-02  4.328580E-02
  2.552450E+00  5.634927E+00  4.981544E+01 -1.728395E-02  5.736596E+00
 -1.728395E-02  4.957892E+01 -2.254039E+00  5.736596E+00 -2.254039E+00
  5.391776E+01
      8760  8.760000E+00        41
 -1.201992E+06  3.175212E+02 -1.203137E+06  2.923855E+05 -1.495522E+06
  0.000000E+00  2.932522E-03  0.000000E+00  0.000000E+00 -1.183837E+06
  6.647874E+01 -5.217864E+04 -1.546766E+06  1.494645E+06  0.000000E+00
 -2.834438E-02  0.000000E+00  0.000000E+00  5.568179E+03  0.000000E+00
  0.000000E+00  0.000000E+00  9.000000E+01  9.000000E+01  9.000000E+01
  0.000000E+00  5.343465E+01  0.000000E+00  3.480773E-02  4.455128E-02
  2.312217E+00  5.442613E+00  4.932233E+01 -2.927439E-01  4.004790E+00
 -2.927439E-01  5.762983E+01 -5.949183E-02  4.004790E+00 -5.949183E-02
  5.335179E+01
      8790  8.790000E+00        41
 -1.201993E+06  3.214928E+02 -1.203151E+06  2.921461E+05 -1.495298E+06
  0.000000E+00  2.955067E-03  0.000000E+00  0.000000E+00 -1.184158E+06
  3.456684E+02 -5.119526E+04 -1.545612E+06  1.494423E+06  0.000000E+00
 -2.854019E-02  0.000000E+00  0.000000E+00  5.568179E+03  0.000000E+00
  0.000000E+00  0.000000E+00  9.000000E+01  9.000000E+01  9.000000E+01
  0.000000E+00  5.249114E+01  0.000000E+00  3.643404E-02  4.550924E-02
  1.955111E+00  4.845911E+00  5.143286E+01 -1.567573E+00  4.013391E+00
 -1.567573E+00  5.310917E+01 -1.930004E-01  4.013391E+00 -1.930004E-01
  5.293140E+01
      8820  8.820000E+00        41
 -1.201992E+06  3.128202E+02 -1.203120E+06  2.927897E+05 -1.495909E+06
  0.000000E+00  2.953104E-03  0.000000E+00  0.000000E+00 -1.183480E+06
  4.306238E+02 -5.329158E+04 -1.548329E+06  1.495023E+06  0.000000E+00
 -2.856463E-02  0.000000E+00  0.000000E+00  5.568179E+03  0.000000E+00
  0.000000E+00  0.000000E+00  9.000000E+01  9.000000E+01  9.000000E+01
  0.000000E+00  5.448435E+01  0.000000E+00  3.823005E-02  4.741154E-02
  1.617100E+00  4.170242E+00  4.461669E+01 -1.301677E+00 -4.581639E+00
 -1.301677E+00  6.457004E+01 -1.452374E+00 -4.581639E+00 -1.452374E+00
  5.426632E+01
      8850  8.850000E+00        41
 -1.201992E+06  2.973943E+02 -1.203064E+06  2.919954E+05 -1.495059E+06
  0.000000E+00  3.032812E-03  0.000000E+00  0.000000E+00 -1.184357E+06
  4.240727E+02 -5.077355E+04 -1.544969E+06  1.494178E+06  0.000000E+00
 -2.932821E-02  0.000000E+00  0.000000E+00  5.568179E+03  0.000000E+00
  0.000000E+00  0.000000E+00  9.000000E+01  9.000000E+01  9.000000E+01
  0.000000E+00  5.190506E+01  0.000000E+00  4.027914E-02  4.969888E-02
  1.359700E+00  3.591280E+00  4.229388E+01 -1.266990E+00  9.820892E-01
 -1.266990E+00  5.682855E+01 -2.228641E+00  9.820892E-01 -2.228641E+00
  5.659276E+01
      8880  8.880000E+00        41
 -1.201992E+06  3.248675E+02 -1.203163E+06  2.929071E+05 -1.496070E+06
  0.000000E+00  2.947953E-03  0.000000E+00  0.000000E+00 -1.183347E+06
  4.041568E+02 -5.360450E+04 -1.548812E+06  1.495190E+06  0.000000E+00
 -2.850453E-02  0.000000E+00  0.000000E+00  5.568179E+03  0.000000E+00
  0.000000E+00  0.000000E+00  9.000000E+01  9.000000E+01  9.000000E+01
  0.000000E+00  5.487720E+01  0.000000E+00  3.795433E-02  4.929783E-02
  1.177214E+00  3.119409E+00  4.583289E+01 -1.855911E+00 -1.781185E+00
 -1.855911E+00  6.106262E+01 -2.370824E+00 -1.781185E+00 -2.370824E+00
  5.773610E+01
      8910  8.910000E+00        41
 -1.201992E+06  2.910030E+02 -1.203041E+06  2.925063E+05 -1.495547E+06
  0.000000E+00  2.956142E-03  0.000000E+00  0.000000E+00 -1.183829E+06
  3.716622E+02 -5.239892E+04 -1.547074E+06  1.494664E+06  0.000000E+00
 -2.855312E-02  0.000000E+00  0.000000E+00  5.568179E+03  0.000000E+00
  0.000000E+00  0.000000E+00  9.000000E+01  9.000000E+01  9.000000E+01
  0.000000E+00  5.345574E+01  0.000000E+00  3.484384E-02  4.653797E-02
  1.066066E+00  2.761574E+00  5.092475E+01 -2.230199E-01 -1.413265E+00
 -2.230199E-01  5.059098E+01  1.215325E+00 -1.413265E+00  1.215325E+00
  5.885150E+01
      8940  8.940000E+00        41
 -1.201993E+06  3.234111E+02 -1.203158E+06  2.930764E+05 -1.496235E+06
  0.000000E+00  2.845222E-03  0.000000E+00  0.000000E+00 -1.183134E+06
  3.462062E+02 -5.425238E+04 -1.549594E+06  1.495348E+06  0.000000E+00
 -2.749248E-02  0.000000E+00  0.000000E+00  5.568179E+03  0.000000E+00
  0.000000E+00  0.000000E+00  9.000000E+01  9.000000E+01  9.000000E+01
  0.000000E+00  5.550393E+01  0.000000E+00  3.038843E-02  3.733576E-02
  1.012652E+00  2.494045E+00  4.878783E+01  1.275877E+00  3.373645E+00
  1.275877E+00  5.829617E+01  3.167131E+00  3.373645E+00  3.167131E+00
  5.942779E+01
      8970  8.970000E+00        41
 -1.201992E+06  3.170057E+02 -1.203135E+06  2.931990E+05 -1.496334E+06
  0.000000E+00  2.987883E-03  0.000000E+00  0.000000E+00 -1.182974E+06
  2.882009E+02 -5.477672E+04 -1.550209E+06  1.495456E+06  0.000000E+00
 -2.888214E-02  0.000000E+00  0.000000E+00  5.568179E+03  0.000000E+00
  0.000000E+00  0.000000E+00  9.000000E+01  9.000000E+01  9.000000E+01
  0.000000E+00  5.597446E+01  0.000000E+00  2.626454E-02  3.479071E-02
  9.973416E-01  2.283009E+00  5.107825E+01  1.634746E+00 -2.915385E+00
  1.634746E+00  6.040240E+01 -6.163013E-01 -2.915385E+00 -6.163013E-01
  5.644274E+01
      9000  9.000000E+00        41
 -1.201993E+06  3.198120E+02 -1.203145E+06  2.916161E+05 -1.494761E+06
  0.000000E+00  2.796353E-03  0.000000E+00  0.000000E+00 -1.184734E+06
  2.510517E+02 -4.947764E+04 -1.543326E+06  1.493884E+06  0.000000E+00
 -2.704976E-02  0.000000E+00  0.000000E+00  5.568179E+03  0.000000E+00
  0.000000E+00  0.000000E+00  9.000000E+01  9.000000E+01  9.000000E+01
  0.000000E+00  5.079647E+01  0.000000E+00  2.577335E-02  3.514852E-02
  9.882420E-01  2.076529E+00  4.853637E+01  7.565747E-01  1.725859E+00
  7.565747E-01  5.533684E+01  1.510628E+00  1.725859E+00  1.510628E+00
  4.851619E+01
      9030  9.030000E+00        41
 -1.201992E+06  3.131380E+02 -1.203121E+06  2.920615E+05 -1.495183E+06
  0.000000E+00  3.017046E-03  0.000000E+00  0.000000E+00 -1.184271E+06
  2.897741E+02 -5.091472E+04 -1.545207E+06  1.494305E+06  0.000000E+00
 -2.917195E-02  0.000000E+00  0.000000E+00  5.568179E+03  0.000000E+00
  0.000000E+00  0.000000E+00  9.000000E+01  9.000000E+01  9.000000E+01
  0.000000E+00  5.215819E+01  0.000000E+00  2.596383E-02  3.627730E-02
  9.768643E-01  1.863644E+00  4.858940E+01  1.133591E+00  6.256109E+00
  1.133591E+00  5.530809E+01  1.926987E+00  6.256109E+00  1.926987E+00
  5.257709E+01
      9060  9.060000E+00        41
 -1.201992E+06  3.074639E+02 -1.203101E+06  2.921626E+05 -1.495263E+06
  0.000000E+00  2.974309E-03  0.000000E+00  0.000000E+00 -1.184149E+06
  3.346736E+02 -5.132377E+04 -1.545704E+06  1.494385E+06  0.000000E+00
 -2.878115E-02  0.000000E+00  0.000000E+00  5.568179E+03  0.000000E+00
  0.000000E+00  0.000000E+00  9.000000E+01  9.000000E+01  9.000000E+01
  0.000000E+00  5.251827E+01  0.000000E+00  2.729138E-02  3.596336E-02
  1.000019E+00  1.713758E+00  5.303052E+01  1.766414E+00 -2.113982E+00
  1.766414E+00  5.137161E+01  6.163150E+00 -2.113982E+00  6.163150E+00
  5.315268E+01
      9090  9.090000E+00        41
 -1.201992E+06  3.098719E+02 -1.203109E+06  2.919157E+05 -1.495025E+06
  0.000000E+00  2.926362E-03  0.000000E+00  0.000000E+00 -1.184410E+06
  3.430919E+02 -5.052168E+04 -1.544647E+06  1.494147E+06  0.000000E+00
 -2.827613E-02  0.000000E+00  0.000000E+00  5.568179E+03  0.000000E+00
  0.000000E+00  0.000000E+00  9.000000E+01  9.000000E+01  9.000000E+01
  0.000000E+00  5.174819E+01  0.000000E+00  3.004688E-02  3.832828E-02
  1.075006E+00  1.660624E+00  5.574931E+01  7.821585E-01  7.579511E-01
  7.821585E-01  5.148193E+01 -1.450879E+00  7.579511E-01 -1.450879E+00
  4.801331E+01
      9120  9.120000E+00        41
 -1.201993E+06  3.113161E+02 -1.203115E+06  2.925440E+05 -1.495659E+06
  0.000000E+00  2.883074E-03  0.000000E+00  0.000000E+00 -1.183699E+06
  2.773285E+02 -5.264278E+04 -1.547398E+06  1.494779E+06  0.000000E+00
 -2.785748E-02  0.000000E+00  0.000000E+00  5.568179E+03  0.000000E+00
  0.000000E+00  0.000000E+00  9.000000E+01  9.000000E+01  9.000000E+01
  0.000000E+00  5.384095E+01  0.000000E+00  3.033404E-02  4.166039E-02
  1.188349E+00  1.693891E+00  5.512036E+01  5.981814E-02 -6.045632E-01
  5.981814E-02  5.076031E+01  5.181994E-01 -6.045632E-01  5.181994E-01
  5.564219E+01
      9150  9.150000E+00        41
 -1.201993E+06  3.170837E+02 -1.203136E+06  2.929003E+05 -1.496036E+06
  0.000000E+00  3.058587E-03  0.000000E+00  0.000000E+00 -1.183293E+06
  1.940597E+02 -5.381982E+04 -1.548883E+06  1.495151E+06  0.000000E+00
 -2.953094E-02  0.000000E+00  0.000000E+00  5.568179E+03  0.000000E+00
  0.000000E+00  0.000000E+00  9.000000E+01  9.000000E+01  9.000000E+01
  0.000000E+00  5.503854E+01  0.000000E+00  3.105018E-02  4.197070E-02
  1.316302E+00  1.778515E+00  5.301308E+01  3.784078E-01  6.471836E-02
  3.784078E-01  5.549420E+01 -1.674683E+00  6.471836E-02 -1.674683E+00
  5.660834E+01
      9180  9.180000E+00        41
 -1.201992E+06  3.043182E+02 -1.203089E+06  2.930336E+05 -1.496123E+06
  0.000000E+00  2.918210E-03  0.000000E+00  0.000000E+00 -1.183198E+06
  1.668412E+02 -5.419180E+04 -1.549365E+06  1.495239E+06  0.000000E+00
 -2.817301E-02  0.000000E+00  0.000000E+00  5.568179E+03  0.000000E+00
  0.000000E+00  0.000000E+00  9.000000E+01  9.000000E+01  9.000000E+01
  0.000000E+00  5.531386E+01  0.000000E+00  3.321097E-02  4.082628E-02
  1.411190E+00  1.837464E+00  5.564810E+01  1.785648E-01  7.232509E-01
  1.785648E-01  5.585396E+01  2.735886E+00  7.232509E-01  2.735886E+00
  5.443951E+01
      9210  9.210000E+00        41
 -1.201993E+06  3.082739E+02 -1.203104E+06  2.923271E+05 -1.495431E+06
  0.000000E+00  2.882014E-03  0.000000E+00  0.000000E+00 -1.183934E+06
  2.040043E+02 -5.195964E+04 -1.546445E+06  1.494550E+06  0.000000E+00
 -2.784196E-02  0.000000E+00  0.000000E+00  5.568179E+03  0.000000E+00
  0.000000E+00  0.000000E+00  9.000000E+01  9.000000E+01  9.000000E+01
  0.000000E+00  5.315103E+01  0.000000E+00  3.330454E-02  4.491037E-02
  1.482365E+00  1.871384E+00  4.797934E+01 -7.624864E-01 -4.539405E+00
 -7.624864E-01  5.364852E+01 -3.968303E-01 -4.539405E+00 -3.968303E-01
  5.782523E+01
      9240  9.240000E+00        41
 -1.201992E+06  2.993820E+02 -1.203071E+06  2.923017E+05 -1.495373E+06
  0.000000E+00  2.921948E-03  0.000000E+00  0.000000E+00 -1.184048E+06
  2.827857E+02 -5.168277E+04 -1.546159E+06  1.494497E+06  0.000000E+00
 -2.821596E-02  0.000000E+00  0.000000E+00  5.568179E+03  0.000000E+00
  0.000000E+00  0.000000E+00  9.000000E+01  9.000000E+01  9.000000E+01
  0.000000E+00  5.281458E+01  0.000000E+00  3.623119E-02  4.434762E-02
  1.558885E+00  1.913137E+00  5.109215E+01 -4.770005E+00 -5.371472E+00
 -4.770005E+00  5.665537E+01 -1.023654E+00 -5.371472E+00 -1.023654E+00
  5.069624E+01
      9270  9.270000E+00        41
 -1.201993E+06  3.149954E+02 -1.203128E+06  2.929894E+05 -1.496117E+06
  0.000000E+00  3.071679E-03  0.000000E+00  0.000000E+00 -1.183245E+06
  3.276088E+02 -5.397996E+04 -1.549233E+06  1.495243E+06  0.000000E+00
 -2.968584E-02  0.000000E+00  0.000000E+00  5.568179E+03  0.000000E+00
  0.000000E+00  0.000000E+00  9.000000E+01  9.000000E+01  9.000000E+01
  0.000000E+00  5.517761E+01  0.000000E+00  3.278421E-02  4.458215E-02
  1.684595E+00  2.028323E+00  5.407299E+01 -2.009158E+00 -5.698784E+00
 -2.009158E+00  5.611927E+01 -2.467048E+00 -5.698784E+00 -2.467048E+00
  5.534056E+01
      9300  9.300000E+00        41
 -1.201993E+06  3.066851E+02 -1.203098E+06  2.917187E+05 -1.494817E+06
  0.000000E+00  2.858612E-03  0.000000E+00  0.000000E+00 -1.184640E+06
  3.258270E+02 -4.985680E+04 -1.543818E+06  1.493944E+06  0.000000E+00
 -2.763700E-02  0.000000E+00  0.000000E+00  5.568179E+03  0.000000E+00
  0.000000E+00  0.000000E+00  9.000000E+01  9.000000E+01  9.000000E+01
  0.000000E+00  5.107378E+01  0.000000E+00  3.031246E-02  4.020652E-02
  1.898086E+00  2.271143E+00  5.251400E+01 -1.280541E+00 -2.881784E+00
 -1.280541E+00  5.280926E+01 -1.942913E+00 -2.881784E+00 -1.942913E+00
  4.789808E+01
      9330  9.330000E+00        41
 -1.201993E+06  3.053531E+02 -1.203093E+06  2.919828E+05 -1.495076E+06
  0.000000E+00  2.971121E-03  0.000000E+00  0.000000E+00 -1.184425E+06
  3.239480E+02 -5.050881E+04 -1.544729E+06  1.494198E+06  0.000000E+00
 -2.866556E-02  0.000000E+00  0.000000E+00  5.568179E+03  0.000000E+00
  0.000000E+00  0.000000E+00  9.000000E+01  9.000000E+01  9.000000E+01
  0.000000E+00  5.170408E+01  0.000000E+00  2.793773E-02  3.549229E-02
  2.211236E+00  2.654985E+00  4.381429E+01  7.293766E-01 -2.577384E+00
  7.293766E-01  5.660668E+01 -3.770728E+00 -2.577384E+00 -3.770728E+00
  5.469126E+01
      9360  9.360000E+00        41
 -1.201993E+06  3.132021E+02 -1.203122E+06  2.930025E+05 -1.496124E+06
  0.000000E+00  3.003788E-03  0.000000E+00  0.000000E+00 -1.183196E+06
  3.195867E+02 -5.414015E+04 -1.549396E+06  1.495247E+06  0.000000E+00
 -2.903003E-02  0.000000E+00  0.000000E+00  5.568179E+03  0.000000E+00
  0.000000E+00  0.000000E+00  9.000000E+01  9.000000E+01  9.000000E+01
  0.000000E+00  5.532228E+01  0.000000E+00  2.497958E-02  3.396978E-02
  2.628738E+00  3.182374E+00  5.384813E+01  7.543243E-01  2.372994E+00
  7.543243E-01  5.788966E+01 -2.448529E-01  2.372994E+00 -2.448529E-01
  5.422904E+01
      9390  9.390000E+00        41
 -1.201993E+06  3.008285E+02 -1.203077E+06  2.913492E+05 -1.494426E+06
  0.000000E+00  2.933296E-03  0.000000E+00  0.000000E+00 -1.185054E+06
  2.550650E+02 -4.865460E+04 -1.542186E+06  1.493556E+06  0.000000E+00
 -2.833759E-02  0.000000E+00  0.000000E+00  5.568179E+03  0.000000E+00
  0.000000E+00  0.000000E+00  9.000000E+01  9.000000E+01  9.000000E+01
  0.000000E+00  4.985466E+01  0.000000E+00  2.587038E-02  3.554442E-02
  3.140601E+00  3.832379E+00  4.431941E+01 -3.661243E-01  3.253295E+00
 -3.661243E-01  5.566286E+01 -3.170062E+00  3.253295E+00 -3.170062E+00
  4.958171E+01
      9420  9.420000E+00        41
 -1.201993E+06  3.047402E+02 -1.203091E+06  2.922385E+05 -1.495330E+06
  0.000000E+00  3.137363E-03  0.000000E+00  0.000000E+00 -1.184009E+06
  1.854449E+02 -5.175949E+04 -1.546129E+06  1.494455E+06  0.000000E+00
 -3.028400E-02  0.000000E+00  0.000000E+00  5.568179E+03  0.000000E+00
  0.000000E+00  0.000000E+00  9.000000E+01  9.000000E+01  9.000000E+01
  0.000000E+00  5.293013E+01  0.000000E+00  2.889217E-02  3.554686E-02
  3.639047E+00  4.428629E+00  5.139538E+01 -8.028991E-01 -3.229646E-01
 -8.028991E-01  5.704484E+01 -3.224143E+00 -3.229646E-01 -3.224143E+00
  5.035016E+01
      9450  9.450000E+00        41
 -1.201993E+06  2.986802E+02 -1.203069E+06  2.923430E+05 -1.495412E+06
  0.000000E+00  2.992587E-03  0.000000E+00  0.000000E+00 -1.183895E+06
  6.690205E+02 -5.215573E+04 -1.546608E+06  1.494539E+06  0.000000E+00
 -2.892057E-02  0.000000E+00  0.000000E+00  5.568179E+03  0.000000E+00
  0.000000E+00  0.000000E+00  9.000000E+01  9.000000E+01  9.000000E+01
  0.000000E+00  5.326418E+01  0.000000E+00  2.980161E-02  4.069230E-02
  3.914915E+00  4.669861E+00  4.729500E+01 -9.014508E-02 -2.501515E+00
 -9.014508E-02  5.615991E+01  3.851692E+00 -2.501515E+00  3.851692E+00
  5.633763E+01
      9480  9.480000E+00        41
 -1.201993E+06  3.142859E+02 -1.203125E+06  2.920202E+05 -1.495146E+06
  0.000000E+00  2.958559E-03  0.000000E+00  0.000000E+00 -1.184293E+06
  1.425403E+03 -5.087008E+04 -1.545123E+06  1.494270E+06  0.000000E+00
 -2.858736E-02  0.000000E+00  0.000000E+00  5.568179E+03  0.000000E+00
  0.000000E+00  0.000000E+00  9.000000E+01  9.000000E+01  9.000000E+01
  0.000000E+00  5.209472E+01  0.000000E+00  3.095867E-02  4.124581E-02
  3.916224E+00  4.547278E+00  4.866072E+01  6.726408E-01  9.386915E-01
  6.726408E-01  5.193728E+01 -1.707976E+00  9.386915E-01 -1.707976E+00
  5.568618E+01
      9510  9.510000E+00        41
 -1.201993E+06  3.058021E+02 -1.203095E+06  2.916945E+05 -1.494789E+06
  0.000000E+00  3.090273E-03  0.000000E+00  0.000000E+00 -1.184737E+06
  1.581068E+03 -4.960151E+04 -1.543523E+06  1.493916E+06  0.000000E+00
 -2.986064E-02  0.000000E+00  0.000000E+00  5.568179E+03  0.000000E+00
  0.000000E+00  0.000000E+00  9.000000E+01  9.000000E+01  9.000000E+01
  0.000000E+00  5.078636E+01  0.000000E+00  3.370542E-02  3.990944E-02
  3.872578E+00  4.459902E+00  4.151815E+01  1.975719E+00 -2.409366E+00
  1.975719E+00  5.462319E+01  7.256161E-01 -2.409366E+00  7.256161E-01
  5.621775E+01
      9540  9.540000E+00        41
 -1.201993E+06  3.269960E+02 -1.203171E+06  2.919944E+05 -1.495166E+06
  0.000000E+00  2.822360E-03  0.000000E+00  0.000000E+00 -1.184347E+06
  1.402358E+03 -5.061498E+04 -1.544895E+06  1.494276E+06  0.000000E+00
 -2.725387E-02  0.000000E+00  0.000000E+00  5.568179E+03  0.000000E+00
  0.000000E+00  0.000000E+00  9.000000E+01  9.000000E+01  9.000000E+01
  0.000000E+00  5.193491E+01  0.000000E+00  3.321492E-02  4.188061E-02
  3.900722E+00  4.596329E+00  4.776469E+01  2.285811E-01 -3.844551E+00
  2.285811E-01  5.197519E+01  2.878442E+00 -3.844551E+00  2.878442E+00
  5.606485E+01
      9570  9.570000E+00        41
 -1.201992E+06  3.130772E+02 -1.203121E+06  2.930359E+05 -1.496157E+06
  0.000000E+00  3.041682E-03  0.000000E+00  0.000000E+00 -1.183130E+06
  9.487948E+02 -5.435323E+04 -1.549600E+06  1.495276E+06  0.000000E+00
 -2.939761E-02  0.000000E+00  0.000000E+00  5.568179E+03  0.000000E+00
  0.000000E+00  0.000000E+00  9.000000E+01  9.000000E+01  9.000000E+01
  0.000000E+00  5.551504E+01  0.000000E+00  3.385722E-02  4.476660E-02
  3.964695E+00  4.891411E+00  4.910342E+01 -1.154331E+00 -3.317882E+00
 -1.154331E+00  5.934500E+01  8.620219E-01 -3.317882E+00  8.620219E-01
  5.809671E+01
      9600  9.600000E+00        41
 -1.201993E+06  2.997067E+02 -1.203073E+06  2.903020E+05 -1.493375E+06
  0.000000E+00  2.842992E-03  0.000000E+00  0.000000E+00 -1.186137E+06
  1.811011E+02 -4.541137E+04 -1.537857E+06  1.492500E+06  0.000000E+00
 -2.751492E-02  0.000000E+00  0.000000E+00  5.568179E+03  0.000000E+00
  0.000000E+00  0.000000E+00  9.000000E+01  9.000000E+01  9.000000E+01
  0.000000E+00  4.666672E+01  0.000000E+00  3.955176E-02  5.079449E-02
  3.901079E+00  5.050931E+00  4.578143E+01  3.320864E-01  4.046841E+00
  3.320864E-01  4.828382E+01  9.170560E-01  4.046841E+00  9.170560E-01
  4.593489E+01
      9630  9.630000E+00        41
 -1.201993E+06  3.258554E+02 -1.203168E+06  2.916918E+05 -1.494859E+06
  0.000000E+00  2.964791E-03  0.000000E+00  0.000000E+00 -1.184554E+06
  3.042796E+01 -4.996926E+04 -1.543923E+06  1.493983E+06  0.000000E+00
 -2.865437E-02  0.000000E+00  0.000000E+00  5.568179E+03  0.000000E+00
  0.000000E+00  0.000000E+00  9.000000E+01  9.000000E+01  9.000000E+01
  0.000000E+00  5.132692E+01  0.000000E+00  4.336098E-02  5.525587E-02
  3.620643E+00  4.811947E+00  4.675569E+01 -1.399473E+00  9.090424E-01
 -1.399473E+00  5.496835E+01  5.794713E+00  9.090424E-01  5.794713E+00
  5.225671E+01
      9660  9.660000E+00        41
 -1.201993E+06  2.985246E+02 -1.203069E+06  2.919033E+05 -1.494972E+06
  0.000000E+00  3.163230E-03  0.000000E+00  0.000000E+00 -1.184415E+06
  8.058221E+01 -5.058158E+04 -1.544683E+06  1.494104E+06  0.000000E+00
 -3.057599E-02  0.000000E+00  0.000000E+00  5.568179E+03  0.000000E+00
  0.000000E+00  0.000000E+00  9.000000E+01  9.000000E+01  9.000000E+01
  0.000000E+00  5.173313E+01  0.000000E+00  4.559406E-02  5.726939E-02
  3.272549E+00  4.384765E+00  5.029683E+01 -2.653411E+00 -8.014181E-01
 -2.653411E+00  5.243458E+01 -3.189116E+00 -8.014181E-01 -3.189116E+00
  5.246798E+01
      9690  9.690000E+00        41
 -1.201993E+06  3.234455E+02 -1.203159E+06  2.905517E+05 -1.493710E+06
  0.000000E+00  2.872832E-03  0.000000E+00  0.000000E+00 -1.185951E+06
  1.028537E+02 -4.579735E+04 -1.538633E+06  1.492841E+06  0.000000E+00
 -2.779962E-02  0.000000E+00  0.000000E+00  5.568179E+03  0.000000E+00
  0.000000E+00  0.000000E+00  9.000000E+01  9.000000E+01  9.000000E+01
  0.000000E+00  4.721518E+01  0.000000E+00  4.364671E-02  5.433200E-02
  2.984720E+00  3.985353E+00  4.639809E+01  8.249475E-01  2.635403E+00
  8.249475E-01  5.278070E+01  1.232491E+00  2.635403E+00  1.232491E+00
  4.246676E+01
      9720  9.720000E+00        41
 -1.201993E+06  3.212894E+02 -1.203151E+06  2.923837E+05 -1.495535E+06
  0.000000E+00  2.990876E-03  0.000000E+00  0.000000E+00 -1.183871E+06
  1.324187E+02 -5.205229E+04 -1.546695E+06  1.494663E+06  0.000000E+00
 -2.890501E-02  0.000000E+00  0.000000E+00  5.568179E+03  0.000000E+00
  0.000000E+00  0.000000E+00  9.000000E+01  9.000000E+01  9.000000E+01
  0.000000E+00  5.333572E+01  0.000000E+00  4.247701E-02  5.348621E-02
  2.789581E+00  3.668790E+00  5.386119E+01  1.559685E+00 -3.012621E+00
  1.559685E+00  5.625913E+01 -2.959067E+00 -3.012621E+00 -2.959067E+00
  4.988684E+01
      9750  9.750000E+00        41
 -1.201993E+06  3.150143E+02 -1.203128E+06  2.920535E+05 -1.495181E+06
  0.000000E+00  2.965917E-03  0.000000E+00  0.000000E+00 -1.184194E+06
  1.987819E+02 -5.112934E+04 -1.545319E+06  1.494308E+06  0.000000E+00
 -2.867407E-02  0.000000E+00  0.000000E+00  5.568179E+03  0.000000E+00
  0.000000E+00  0.000000E+00  9.000000E+01  9.000000E+01  9.000000E+01
  0.000000E+00  5.238424E+01  0.000000E+00  4.409048E-02  5.506369E-02
  2.672110E+00  3.420365E+00  5.065358E+01  1.535759E+00  3.280816E+00
  1.535759E+00  5.150319E+01 -4.221830E+00  3.280816E+00 -4.221830E+00
  5.499596E+01
      9780  9.780000E+00        41
 -1.201992E+06  2.979738E+02 -1.203066E+06  2.905673E+05 -1.493634E+06
  0.000000E+00  2.894809E-03  0.000000E+00  0.000000E+00 -1.185919E+06
  4.004305E+02 -4.608200E+04 -1.538797E+06  1.492767E+06  0.000000E+00
 -2.800654E-02  0.000000E+00  0.000000E+00  5.568179E+03  0.000000E+00
  0.000000E+00  0.000000E+00  9.000000E+01  9.000000E+01  9.000000E+01
  0.000000E+00  4.730703E+01  0.000000E+00  4.714546E-02  5.835672E-02
  2.584549E+00  3.174416E+00  4.620018E+01  1.501798E+00  2.370678E+00
  1.501798E+00  5.154093E+01 -4.138128E+00  2.370678E+00 -4.138128E+00
  4.417996E+01
      9810  9.810000E+00        41
 -1.201993E+06  3.061884E+02 -1.203096E+06  2.915077E+05 -1.494604E+06
  0.000000E+00  3.291002E-03  0.000000E+00  0.000000E+00 -1.184862E+06
  4.448938E+02 -4.919542E+04 -1.542922E+06  1.493737E+06  0.000000E+00
 -3.181546E-02  0.000000E+00  0.000000E+00  5.568179E+03  0.000000E+00
  0.000000E+00  0.000000E+00  9.000000E+01  9.000000E+01  9.000000E+01
  0.000000E+00  5.041850E+01  0.000000E+00  4.760106E-02  5.813820E-02
  2.512746E+00  2.947447E+00  5.080537E+01 -1.654225E+00  1.067014E+00
 -1.654225E+00  5.178792E+01  8.177086E-01  1.067014E+00  8.177086E-01
  4.866220E+01
      9840  9.840000E+00        41
 -1.201993E+06  3.047379E+02 -1.203091E+06  2.912520E+05 -1.494343E+06
  0.000000E+00  2.946026E-03  0.000000E+00  0.000000E+00 -1.185120E+06
  4.556968E+02 -4.843114E+04 -1.541859E+06  1.493460E+06  0.000000E+00
 -2.849771E-02  0.000000E+00  0.000000E+00  5.568179E+03  0.000000E+00
  0.000000E+00  0.000000E+00  9.000000E+01  9.000000E+01  9.000000E+01
  0.000000E+00  4.965817E+01  0.000000E+00  4.312662E-02  5.811362E-02
  2.469667E+00  2.795935E+00  4.607745E+01 -8.585687E-01  5.662685E+00
 -8.585687E-01  5.298701E+01  1.498381E+00  5.662685E+00  1.498381E+00
  4.991004E+01
      9870  9.870000E+00        41
 -1.201993E+06  3.190427E+02 -1.203143E+06  2.914287E+05 -1.494572E+06
  0.000000E+00  2.911465E-03  0.000000E+00  0.000000E+00 -1.184908E+06
  4.380853E+02 -4.896631E+04 -1.542632E+06  1.493692E+06  0.000000E+00
 -2.813293E-02  0.000000E+00  0.000000E+00  5.568179E+03  0.000000E+00
  0.000000E+00  0.000000E+00  9.000000E+01  9.000000E+01  9.000000E+01
  0.000000E+00  5.028480E+01  0.000000E+00  4.610993E-02  5.396406E-02
  2.436425E+00  2.717425E+00  4.635522E+01  6.840483E-01  3.394830E-01
  6.840483E-01  4.859906E+01  3.136937E+00  3.394830E-01  3.136937E+00
  5.590012E+01
      9900  9.900000E+00        41
 -1.201993E+06  3.264273E+02 -1.203169E+06  2.917658E+05 -1.494935E+06
  0.000000E+00  3.040182E-03  0.000000E+00  0.000000E+00 -1.184527E+06
  4.396087E+02 -5.005495E+04 -1.544102E+06  1.494051E+06  0.000000E+00
 -2.940598E-02  0.000000E+00  0.000000E+00  5.568179E+03  0.000000E+00
  0.000000E+00  0.000000E+00  9.000000E+01  9.000000E+01  9.000000E+01
  0.000000E+00  5.140502E+01  0.000000E+00  4.554094E-02  5.587072E-02
  2.407649E+00  2.712754E+00  4.937988E+01  2.888145E+00  2.455267E+00
  2.888145E+00  5.367354E+01 -3.360452E+00  2.455267E+00 -3.360452E+00
  5.116165E+01
      9930  9.930000E+00        41
 -1.201993E+06  3.163545E+02 -1.203133E+06  2.911013E+05 -1.494234E+06
  0.000000E+00  2.945267E-03  0.000000E+00  0.000000E+00 -1.185304E+06
  4.680803E+02 -4.779637E+04 -1.541159E+06  1.493356E+06  0.000000E+00
 -2.849823E-02  0.000000E+00  0.000000E+00  5.568179E+03  0.000000E+00
  0.000000E+00  0.000000E+00  9.000000E+01  9.000000E+01  9.000000E+01
  0.000000E+00  4.911727E+01  0.000000E+00  4.660475E-02  5.870676E-02
  2.398129E+00  2.788692E+00  4.471145E+01  2.482986E+00 -8.776774E-01
  2.482986E+00  4.925805E+01  1.313980E+00 -8.776774E-01  1.313980E+00
  5.338231E+01
      9960  9.960000E+00        41
 -1.201993E+06  3.032451E+02 -1.203086E+06  2.907688E+05 -1.493855E+06
  0.000000E+00  2.961607E-03  0.000000E+00  0.000000E+00 -1.185674E+06
  4.929581E+02 -4.678227E+04 -1.539773E+06  1.492979E+06  0.000000E+00
 -2.865594E-02  0.000000E+00  0.000000E+00  5.568179E+03  0.000000E+00
  0.000000E+00  0.000000E+00  9.000000E+01  9.000000E+01  9.000000E+01
  0.000000E+00  4.802905E+01  0.000000E+00  4.622493E-02  5.892457E-02
  2.415472E+00  2.950274E+00  4.446823E+01 -1.714780E+00  1.096596E+00
 -1.714780E+00  4.847928E+01 -7.736624E-02  1.096596E+00 -7.736624E-02
  5.113962E+01
      9990  9.990000E+00        41
 -1.201993E+06  3.316153E+02 -1.203188E+06  2.912492E+05 -1.494437E+06
  0.000000E+00  3.022754E-03  0.000000E+00  0.000000E+00 -1.185129E+06
  5.079749E+02 -4.821491E+04 -1.541793E+06  1.493566E+06  0.000000E+00
 -2.922997E-02  0.000000E+00  0.000000E+00  5.568179E+03  0.000000E+00
  0.000000E+00  0.000000E+00  9.000000E+01  9.000000E+01  9.000000E+01
  0.000000E+00  4.963483E+01  0.000000E+00  4.521748E-02  5.156668E-02
  2.463437E+00  3.197661E+00  4.456795E+01 -2.820330E+00 -2.212131E+00
 -2.820330E+00  5.372758E+01 -3.343082E-01 -2.212131E+00 -3.343082E-01
  5.060897E+01
     10020  1.002000E+01        41
 -1.201993E+06  3.167553E+02 -1.203134E+06  2.912141E+05 -1.494348E+06
  0.000000E+00  2.930126E-03  0.000000E+00  0.000000E+00 -1.185186E+06
  4.916535E+02 -4.814897E+04 -1.541636E+06  1.493477E+06  0.000000E+00
 -2.834946E-02  0.000000E+00  0.000000E+00  5.568179E+03  0.000000E+00
  0.000000E+00  0.000000E+00  9.000000E+01  9.000000E+01  9.000000E+01
  0.000000E+00  4.946545E+01  0.000000E+00  3.919560E-02  4.878249E-02
  2.542744E+00  3.522032E+00  4.960214E+01 -1.505894E+00 -3.081111E+00
 -1.505894E+00  4.837937E+01  6.075758E-01 -3.081111E+00  6.075758E-01
  5.041485E+01
     10050  1.005000E+01        41
 -1.201993E+06  3.201794E+02 -1.203147E+06  2.914361E+05 -1.494583E+06
  0.000000E+00  3.065979E-03  0.000000E+00  0.000000E+00 -1.184957E+06
  4.148271E+02 -4.880898E+04 -1.542512E+06  1.493713E+06  0.000000E+00
 -2.962421E-02  0.000000E+00  0.000000E+00  5.568179E+03  0.000000E+00
  0.000000E+00  0.000000E+00  9.000000E+01  9.000000E+01  9.000000E+01
  0.000000E+00  5.013906E+01  0.000000E+00  3.388747E-02  4.322825E-02
  2.650781E+00  3.906922E+00  4.545244E+01  1.288454E+00 -1.201481E+00
  1.288454E+00  5.363417E+01  5.044042E+00 -1.201481E+00  5.044042E+00
  5.133056E+01
     10080  1.008000E+01        41
 -1.201993E+06  3.260952E+02 -1.203168E+06  2.909879E+05 -1.494156E+06
  0.000000E+00  2.906204E-03  0.000000E+00  0.000000E+00 -1.185447E+06
  2.132935E+02 -4.729350E+04 -1.540558E+06  1.493289E+06  0.000000E+00
 -2.807899E-02  0.000000E+00  0.000000E+00  5.568179E+03  0.000000E+00
  0.000000E+00  0.000000E+00  9.000000E+01  9.000000E+01  9.000000E+01
  0.000000E+00  4.869904E+01  0.000000E+00  3.418558E-02  4.050033E-02
  2.765532E+00  4.272760E+00  4.351054E+01 -2.672207E-01 -3.747492E+00
 -2.672207E-01  5.019736E+01 -9.430368E-02 -3.747492E+00 -9.430368E-02
  5.238923E+01
     10110  1.011000E+01        41
 -1.201993E+06  3.012172E+02 -1.203078E+06  2.917412E+05 -1.494820E+06
  0.000000E+00  3.227520E-03  0.000000E+00  0.000000E+00 -1.184605E+06
  1.330699E+02 -4.999429E+04 -1.543936E+06  1.493951E+06  0.000000E+00
 -3.121494E-02  0.000000E+00  0.000000E+00  5.568179E+03  0.000000E+00
  0.000000E+00  0.000000E+00  9.000000E+01  9.000000E+01  9.000000E+01
  0.000000E+00  5.117472E+01  0.000000E+00  3.168023E-02  4.222631E-02
  2.867592E+00  4.563716E+00  4.605776E+01 -1.918996E+00  5.155691E+00
 -1.918996E+00  5.726789E+01 -1.523982E+00  5.155691E+00 -1.523982E+00
  5.019852E+01
     10140  1.014000E+01        41
 -1.201992E+06  2.984471E+02 -1.203068E+06  2.904486E+05 -1.493517E+06
  0.000000E+00  2.946160E-03  0.000000E+00  0.000000E+00 -1.186073E+06
  7.671381E+01 -4.560959E+04 -1.538233E+06  1.492649E+06  0.000000E+00
 -2.849932E-02  0.000000E+00  0.000000E+00  5.568179E+03  0.000000E+00
  0.000000E+00  0.000000E+00  9.000000E+01  9.000000E+01  9.000000E+01
  0.000000E+00  4.685482E+01  0.000000E+00  3.100320E-02  3.960257E-02
  2.966791E+00  4.807480E+00  4.419884E+01 -6.201979E-01  2.452653E+00
 -6.201979E-01  4.720726E+01 -2.082387E-01  2.452653E+00 -2.082387E-01
  4.915836E+01
     10170  1.017000E+01        41
 -1.201992E+06  3.022394E+02 -1.203081E+06  2.924269E+05 -1.495508E+06
  0.000000E+00  3.192427E-03  0.000000E+00  0.000000E+00 -1.183889E+06
  6.338926E+01 -5.213072E+04 -1.546757E+06  1.494630E+06  0.000000E+00
 -3.080173E-02  0.000000E+00  0.000000E+00  5.568179E+03  0.000000E+00
  0.000000E+00  0.000000E+00  9.000000E+01  9.000000E+01  9.000000E+01
  0.000000E+00  5.327963E+01  0.000000E+00  2.785376E-02  3.970540E-02
  3.064080E+00  4.996828E+00  5.055147E+01  2.238154E-01  2.568715E+00
  2.238154E-01  5.693251E+01 -2.811701E+00  2.568715E+00 -2.811701E+00
  5.235492E+01
     10200  1.020000E+01        41
 -1.201993E+06  3.181966E+02 -1.203140E+06  2.921645E+05 -1.495304E+06
  0.000000E+00  2.956330E-03  0.000000E+00  0.000000E+00 -1.184157E+06
  6.246812E+01 -5.121373E+04 -1.545650E+06  1.494427E+06  0.000000E+00
 -2.859246E-02  0.000000E+00  0.000000E+00  5.568179E+03  0.000000E+00
  0.000000E+00  0.000000E+00  9.000000E+01  9.000000E+01  9.000000E+01
  0.000000E+00  5.249287E+01  0.000000E+00  3.085756E-02  4.259155E-02
  3.173967E+00  5.173394E+00  5.268524E+01  1.746866E+00  3.212143E+00
  1.746866E+00  5.265688E+01 -5.802634E-01  3.212143E+00 -5.802634E-01
  5.213651E+01
     10230  1.023000E+01        41
 -1.201992E+06  3.025600E+02 -1.203083E+06  2.909503E+05 -1.494033E+06
  0.000000E+00  2.888212E-03  0.000000E+00  0.000000E+00 -1.185554E+06
  6.226261E+01 -4.713428E+04 -1.540304E+06  1.493155E+06  0.000000E+00
 -2.792050E-02  0.000000E+00  0.000000E+00  5.568179E+03  0.000000E+00
  0.000000E+00  0.000000E+00  9.000000E+01  9.000000E+01  9.000000E+01
  0.000000E+00  4.838009E+01  0.000000E+00  3.840750E-02  4.909519E-02
  3.304286E+00  5.362934E+00  4.764448E+01  3.215224E+00  1.437512E+00
  3.215224E+00  5.175748E+01  1.917868E+00  1.437512E+00  1.917868E+00
  4.573831E+01
     10260  1.026000E+01        41
 -1.201993E+06  3.012648E+02 -1.203079E+06  2.926927E+05 -1.495771E+06
  0.000000E+00  3.157390E-03  0.000000E+00  0.000000E+00 -1.183574E+06
  6.134916E+01 -5.308747E+04 -1.548007E+06  1.494903E+06  0.000000E+00
 -3.050879E-02  0.000000E+00  0.000000E+00  5.568179E+03  0.000000E+00
  0.000000E+00  0.000000E+00  9.000000E+01  9.000000E+01  9.000000E+01
  0.000000E+00  5.421143E+01  0.000000E+00  4.526237E-02  5.527594E-02
  3.463116E+00  5.582998E+00  4.589576E+01  1.756277E+00 -3.920711E+00
  1.756277E+00  5.769869E+01 -3.439906E-01 -3.920711E+00 -3.439906E-01
  5.903983E+01
     10290  1.029000E+01        41
 -1.201993E+06  3.055428E+02 -1.203094E+06  2.915955E+05 -1.494689E+06
  0.000000E+00  2.969995E-03  0.000000E+00  0.000000E+00 -1.184744E+06
  6.843336E+01 -4.954520E+04 -1.543373E+06  1.493817E+06  0.000000E+00
 -2.872897E-02  0.000000E+00  0.000000E+00  5.568179E+03  0.000000E+00
  0.000000E+00  0.000000E+00  9.000000E+01  9.000000E+01  9.000000E+01
  0.000000E+00  5.076630E+01  0.000000E+00  4.486963E-02  6.046147E-02
  3.650597E+00  5.837302E+00  5.030279E+01 -1.488999E-01 -4.724507E+00
 -1.488999E-01  5.378222E+01  9.575606E-02 -4.724507E+00  9.575606E-02
  4.821391E+01
     10320  1.032000E+01        41
 -1.201993E+06  3.119289E+02 -1.203117E+06  2.908945E+05 -1.494012E+06
  0.000000E+00  2.999487E-03  0.000000E+00  0.000000E+00 -1.185573E+06
  6.808560E+01 -4.701397E+04 -1.540164E+06  1.493144E+06  0.000000E+00
 -2.900864E-02  0.000000E+00  0.000000E+00  5.568179E+03  0.000000E+00
  0.000000E+00  0.000000E+00  9.000000E+01  9.000000E+01  9.000000E+01
  0.000000E+00  4.832818E+01  0.000000E+00  4.724915E-02  5.462609E-02
  3.864579E+00  6.124409E+00  4.646200E+01 -5.463748E-01 -5.896176E+00
 -5.463748E-01  4.716499E+01 -4.005533E+00 -5.896176E+00 -4.005533E+00
  5.135753E+01
     10350  1.035000E+01        41
 -1.201993E+06  3.191274E+02 -1.203143E+06  2.925641E+05 -1.495707E+06
  0.000000E+00  2.982426E-03  0.000000E+00  0.000000E+00 -1.183654E+06
  6.697523E+01 -5.271906E+04 -1.547554E+06  1.494835E+06  0.000000E+00
 -2.883288E-02  0.000000E+00  0.000000E+00  5.568179E+03  0.000000E+00
  0.000000E+00  0.000000E+00  9.000000E+01  9.000000E+01  9.000000E+01
  0.000000E+00  5.397618E+01  0.000000E+00  3.784394E-02  5.039016E-02
  4.102177E+00  6.441390E+00  5.440607E+01  1.665025E+00 -4.330204E+00
  1.665025E+00  5.313297E+01 -2.252553E+00 -4.330204E+00 -2.252553E+00
  5.438949E+01
     10380  1.038000E+01        41
 -1.201993E+06  3.106628E+02 -1.203112E+06  2.915792E+05 -1.494692E+06
  0.000000E+00  2.983310E-03  0.000000E+00  0.000000E+00 -1.184766E+06
  8.194348E+01 -4.944205E+04 -1.543243E+06  1.493813E+06  0.000000E+00
 -2.883052E-02  0.000000E+00  0.000000E+00  5.568179E+03  0.000000E+00
  0.000000E+00  0.000000E+00  9.000000E+01  9.000000E+01  9.000000E+01
  0.000000E+00  5.070099E+01  0.000000E+00  3.362211E-02  4.257826E-02
  4.349274E+00  6.772679E+00  4.658211E+01 -1.211102E-02  1.311585E+00
 -1.211102E-02  5.519042E+01  1.935069E+00  1.311585E+00  1.935069E+00
  5.033043E+01
     10410  1.041000E+01        41
 -1.201993E+06  3.200239E+02 -1.203146E+06  2.913111E+05 -1.494458E+06
  0.000000E+00  2.896590E-03  0.000000E+00  0.000000E+00 -1.185049E+06
  1.393204E+02 -4.852763E+04 -1.542109E+06  1.493585E+06  0.000000E+00
 -2.799784E-02  0.000000E+00  0.000000E+00  5.568179E+03  0.000000E+00
  0.000000E+00  0.000000E+00  9.000000E+01  9.000000E+01  9.000000E+01
  0.000000E+00  4.986868E+01  0.000000E+00  2.951615E-02  3.841185E-02
  4.589244E+00  7.094784E+00  4.566362E+01 -2.358098E+00  3.889674E+00
 -2.358098E+00  5.539578E+01 -4.309684E-01  3.889674E+00 -4.309684E-01
  4.854663E+01
     10440  1.044000E+01        41
 -1.201993E+06  3.093949E+02 -1.203108E+06  2.927376E+05 -1.495846E+06
  0.000000E+00  3.251388E-03  0.000000E+00  0.000000E+00 -1.183475E+06
  2.784384E+02 -5.332866E+04 -1.548292E+06  1.494973E+06  0.000000E+00
 -3.139367E-02  0.000000E+00  0.000000E+00  5.568179E+03  0.000000E+00
  0.000000E+00  0.000000E+00  9.000000E+01  9.000000E+01  9.000000E+01
  0.000000E+00  5.450023E+01  0.000000E+00  2.540643E-02  3.213942E-02
  4.804654E+00  7.380007E+00  5.098313E+01 -3.129158E+00  4.596663E+00
 -3.129158E+00  5.501858E+01 -4.369463E-01  4.596663E+00 -4.369463E-01
  5.749900E+01
     10470  1.047000E+01        41
 -1.201993E+06  3.126955E+02 -1.203120E+06  2.916548E+05 -1.494775E+06
  0.000000E+00  2.964525E-03  0.000000E+00  0.000000E+00 -1.184708E+06
  3.862439E+02 -4.960916E+04 -1.543521E+06  1.493903E+06  0.000000E+00
 -2.862596E-02  0.000000E+00  0.000000E+00  5.568179E+03  0.000000E+00
  0.000000E+00  0.000000E+00  9.000000E+01  9.000000E+01  9.000000E+01
  0.000000E+00  5.087187E+01  0.000000E+00  2.463796E-02  3.003268E-02
  5.003670E+00  7.649791E+00  4.791282E+01 -3.163938E-01 -2.255022E+00
 -3.163938E-01  4.744119E+01  4.022583E+00 -2.255022E+00  4.022583E+00
  5.726160E+01
     10500  1.050000E+01        41
 -1.201993E+06  3.053033E+02 -1.203093E+06  2.920253E+05 -1.495118E+06
  0.000000E+00  3.015938E-03  0.000000E+00  0.000000E+00 -1.184312E+06
  4.091050E+02 -5.085035E+04 -1.545100E+06  1.494240E+06  0.000000E+00
 -2.913814E-02  0.000000E+00  0.000000E+00  5.568179E+03  0.000000E+00
  0.000000E+00  0.000000E+00  9.000000E+01  9.000000E+01  9.000000E+01
  0.000000E+00  5.203671E+01  0.000000E+00  2.584125E-02  3.181221E-02
  5.218825E+00  7.951837E+00  5.209258E+01 -2.756752E+00  4.187497E-01
 -2.756752E+00  5.091959E+01 -6.560045E-02  4.187497E-01 -6.560045E-02
  5.309797E+01
     10530  1.053000E+01        41
 -1.201992E+06  2.874938E+02 -1.203029E+06  2.911424E+05 -1.494171E+06
  0.000000E+00  2.929694E-03  0.000000E+00  0.000000E+00 -1.185282E+06
  3.644128E+02 -4.806730E+04 -1.541362E+06  1.493298E+06  0.000000E+00
 -2.831071E-02  0.000000E+00  0.000000E+00  5.568179E+03  0.000000E+00
  0.000000E+00  0.000000E+00  9.000000E+01  9.000000E+01  9.000000E+01
  0.000000E+00  4.918150E+01  0.000000E+00  2.747865E-02  3.770234E-02
  5.455061E+00  8.281003E+00  4.768920E+01 -1.456148E+00 -3.905410E+00
 -1.456148E+00  4.763964E+01 -6.629645E-03 -3.905410E+00 -6.629645E-03
  5.221566E+01
     10560  1.056000E+01        41
 -1.201993E+06  3.163531E+02 -1.203133E+06  2.929090E+05 -1.496042E+06
  0.000000E+00  3.054886E-03  0.000000E+00  0.000000E+00 -1.183256E+06
  2.821804E+02 -5.393939E+04 -1.549084E+06  1.495160E+06  0.000000E+00
 -2.949921E-02  0.000000E+00  0.000000E+00  5.568179E+03  0.000000E+00
  0.000000E+00  0.000000E+00  9.000000E+01  9.000000E+01  9.000000E+01
  0.000000E+00  5.514851E+01  0.000000E+00  2.954554E-02  3.908999E-02
  5.691399E+00  8.584601E+00  5.702653E+01  2.033655E+00 -1.054961E+00
  2.033655E+00  5.834252E+01 -9.769237E-01 -1.054961E+00 -9.769237E-01
  5.007649E+01
     10590  1.059000E+01        41
 -1.201993E+06  3.076146E+02 -1.203101E+06  2.925787E+05 -1.495680E+06
  0.000000E+00  2.921783E-03  0.000000E+00  0.000000E+00 -1.183660E+06
  1.969254E+02 -5.278542E+04 -1.547566E+06  1.494803E+06  0.000000E+00
 -2.827026E-02  0.000000E+00  0.000000E+00  5.568179E+03  0.000000E+00
  0.000000E+00  0.000000E+00  9.000000E+01  9.000000E+01  9.000000E+01
  0.000000E+00  5.395668E+01  0.000000E+00  3.094608E-02  4.094718E-02
  5.889421E+00  8.766090E+00  5.150579E+01  4.003643E+00 -1.147829E+00
  4.003643E+00  5.620610E+01 -4.922921E-01 -1.147829E+00 -4.922921E-01
  5.415814E+01
     10620  1.062000E+01        41
 -1.201993E+06  2.954406E+02 -1.203058E+06  2.914977E+05 -1.494555E+06
  0.000000E+00  2.824448E-03  0.000000E+00  0.000000E+00 -1.184889E+06
  1.580319E+02 -4.918655E+04 -1.542851E+06  1.493680E+06  0.000000E+00
 -2.728269E-02  0.000000E+00  0.000000E+00  5.568179E+03  0.000000E+00
  0.000000E+00  0.000000E+00  9.000000E+01  9.000000E+01  9.000000E+01
  0.000000E+00  5.034081E+01  0.000000E+00  3.338173E-02  4.392204E-02
  5.999034E+00  8.742395E+00  4.661649E+01 -2.008573E+00 -4.262228E+00
 -2.008573E+00  5.387961E+01  2.133097E+00 -4.262228E+00  2.133097E+00
  5.052632E+01
     10650  1.065000E+01        41
 -1.201992E+06  2.973621E+02 -1.203064E+06  2.935535E+05 -1.496618E+06
  0.000000E+00  3.080472E-03  0.000000E+00  0.000000E+00 -1.182605E+06
  2.324306E+02 -5.602491E+04 -1.551744E+06  1.495738E+06  0.000000E+00
 -2.976033E-02  0.000000E+00  0.000000E+00  5.568179E+03  0.000000E+00
  0.000000E+00  0.000000E+00  9.000000E+01  9.000000E+01  9.000000E+01
  0.000000E+00  5.706146E+01  0.000000E+00  3.698101E-02  4.713688E-02
  6.009594E+00  8.509597E+00  5.500344E+01  1.093714E+00  8.524363E-01
  1.093714E+00  5.929047E+01  6.073228E-01  8.524363E-01  6.073228E-01
  5.689045E+01
     10680  1.068000E+01        41
 -1.201993E+06  3.225461E+02 -1.203156E+06  2.926070E+05 -1.495763E+06
  0.000000E+00  3.026741E-03  0.000000E+00  0.000000E+00 -1.183665E+06
  3.337250E+02 -5.266938E+04 -1.547559E+06  1.494885E+06  0.000000E+00
 -2.922717E-02  0.000000E+00  0.000000E+00  5.568179E+03  0.000000E+00
  0.000000E+00  0.000000E+00  9.000000E+01  9.000000E+01  9.000000E+01
  0.000000E+00  5.394509E+01  0.000000E+00  3.905969E-02  4.853442E-02
  5.932282E+00  8.096500E+00  5.565105E+01 -1.302204E-01  2.223354E-01
 -1.302204E-01  5.397942E+01 -5.232228E-01  2.223354E-01 -5.232228E-01
  5.220480E+01
     10710  1.071000E+01        41
 -1.201993E+06  2.964760E+02 -1.203061E+06  2.920506E+05 -1.495112E+06
  0.000000E+00  2.900103E-03  0.000000E+00  0.000000E+00 -1.184309E+06
  3.454294E+02 -5.092240E+04 -1.545136E+06  1.494230E+06  0.000000E+00
 -2.801679E-02  0.000000E+00  0.000000E+00  5.568179E+03  0.000000E+00
  0.000000E+00  0.000000E+00  9.000000E+01  9.000000E+01  9.000000E+01
  0.000000E+00  5.204652E+01  0.000000E+00  3.831711E-02  4.913013E-02
  5.832154E+00  7.648765E+00  5.134841E+01  6.306770E-01 -4.248051E+00
  6.306770E-01  5.147592E+01 -1.611153E+00 -4.248051E+00 -1.611153E+00
  5.331524E+01
     10740  1.074000E+01        41
 -1.201993E+06  3.102579E+02 -1.203111E+06  2.934720E+05 -1.496583E+06
  0.000000E+00  3.093408E-03  0.000000E+00  0.000000E+00 -1.182654E+06
  3.546788E+02 -5.578951E+04 -1.551483E+06  1.495704E+06  0.000000E+00
 -2.988468E-02  0.000000E+00  0.000000E+00  5.568179E+03  0.000000E+00
  0.000000E+00  0.000000E+00  9.000000E+01  9.000000E+01  9.000000E+01
  0.000000E+00  5.691873E+01  0.000000E+00  3.818315E-02  4.641932E-02
  5.705519E+00  7.210054E+00  5.480079E+01 -1.121765E+00 -1.929618E+00
 -1.121765E+00  5.880817E+01 -3.608673E+00 -1.929618E+00 -3.608673E+00
  5.714722E+01
     10770  1.077000E+01        41
 -1.201993E+06  3.139989E+02 -1.203125E+06  2.921313E+05 -1.495256E+06
  0.000000E+00  2.852574E-03  0.000000E+00  0.000000E+00 -1.184174E+06
  3.988583E+02 -5.120512E+04 -1.545583E+06  1.494386E+06  0.000000E+00
 -2.755713E-02  0.000000E+00  0.000000E+00  5.568179E+03  0.000000E+00
  0.000000E+00  0.000000E+00  9.000000E+01  9.000000E+01  9.000000E+01
  0.000000E+00  5.244651E+01  0.000000E+00  3.920362E-02  4.677703E-02
  5.564760E+00  6.806612E+00  4.684001E+01  1.571846E-01 -4.997065E+00
  1.571846E-01  5.905874E+01 -4.767671E+00 -4.997065E+00 -4.767671E+00
  5.144080E+01
     10800  1.080000E+01        41
 -1.201993E+06  3.052831E+02 -1.203093E+06  2.924445E+05 -1.495538E+06
  0.000000E+00  3.175495E-03  0.000000E+00  0.000000E+00 -1.183849E+06
  4.137071E+02 -5.224112E+04 -1.546900E+06  1.494664E+06  0.000000E+00
 -3.062991E-02  0.000000E+00  0.000000E+00  5.568179E+03  0.000000E+00
  0.000000E+00  0.000000E+00  9.000000E+01  9.000000E+01  9.000000E+01
  0.000000E+00  5.340089E+01  0.000000E+00  3.862083E-02  5.117618E-02
  5.416208E+00  6.455952E+00  4.609174E+01  1.382713E+00  6.230204E-01
  1.382713E+00  6.107352E+01  6.064360E-01  6.230204E-01  6.064360E-01
  5.303742E+01
     10830  1.083000E+01        41
 -1.201993E+06  3.058771E+02 -1.203095E+06  2.925963E+05 -1.495692E+06
  0.000000E+00  3.104810E-03  0.000000E+00  0.000000E+00 -1.183648E+06
  3.525040E+02 -5.283710E+04 -1.547648E+06  1.494815E+06  0.000000E+00
 -2.997158E-02  0.000000E+00  0.000000E+00  5.568179E+03  0.000000E+00
  0.000000E+00  0.000000E+00  9.000000E+01  9.000000E+01  9.000000E+01
  0.000000E+00  5.399129E+01  0.000000E+00  4.047226E-02  5.095106E-02
  5.275778E+00  6.186350E+00  5.431693E+01 -1.795157E+00  1.875862E+00
 -1.795157E+00  5.623932E+01  2.871718E+00  1.875862E+00  2.871718E+00
  5.141762E+01
     10860  1.086000E+01        41
 -1.201993E+06  3.037327E+02 -1.203088E+06  2.913019E+05 -1.494390E+06
  0.000000E+00  2.929472E-03  0.000000E+00  0.000000E+00 -1.185068E+06
  1.811516E+02 -4.858929E+04 -1.542081E+06  1.493528E+06  0.000000E+00
 -2.831679E-02  0.000000E+00  0.000000E+00  5.568179E+03  0.000000E+00
  0.000000E+00  0.000000E+00  9.000000E+01  9.000000E+01  9.000000E+01
  0.000000E+00  4.981294E+01  0.000000E+00  4.281937E-02  5.392788E-02
  5.127884E+00  5.973034E+00  4.929037E+01 -2.926655E+00 -7.940653E-01
 -2.926655E+00  4.336631E+01  2.355016E-01 -7.940653E-01  2.355016E-01
  5.678214E+01
     10890  1.089000E+01        41
 -1.201993E+06  3.052540E+02 -1.203093E+06  2.927907E+05 -1.495884E+06
  0.000000E+00  3.076340E-03  0.000000E+00  0.000000E+00 -1.183391E+06
  6.521034E+01 -5.360619E+04 -1.548579E+06  1.495018E+06  0.000000E+00
 -2.974870E-02  0.000000E+00  0.000000E+00  5.568179E+03  0.000000E+00
  0.000000E+00  0.000000E+00  9.000000E+01  9.000000E+01  9.000000E+01
  0.000000E+00  5.474844E+01  0.000000E+00  4.445890E-02  5.540880E-02
  4.953178E+00  5.788583E+00  5.505442E+01 -4.724619E-01  4.193915E+00
 -4.724619E-01  5.152022E+01  2.335999E+00  4.193915E+00  2.335999E+00
  5.767068E+01
     10920  1.092000E+01        41
 -1.201993E+06  3.129343E+02 -1.203121E+06  2.916663E+05 -1.494787E+06
  0.000000E+00  2.897984E-03  0.000000E+00  0.000000E+00 -1.184698E+06
  9.178606E+01 -4.963339E+04 -1.543517E+06  1.493913E+06  0.000000E+00
 -2.798546E-02  0.000000E+00  0.000000E+00  5.568179E+03  0.000000E+00
  0.000000E+00  0.000000E+00  9.000000E+01  9.000000E+01  9.000000E+01
  0.000000E+00  5.090453E+01  0.000000E+00  4.383609E-02  5.393612E-02
  4.738553E+00  5.601602E+00  4.918208E+01 -4.287131E-01  2.015579E+00
 -4.287131E-01  5.087102E+01  1.312473E+00  2.015579E+00  1.312473E+00
  5.266047E+01
     10950  1.095000E+01        41
 -1.201993E+06  3.177875E+02 -1.203139E+06  2.924620E+05 -1.495601E+06
  0.000000E+00  2.942683E-03  0.000000E+00  0.000000E+00 -1.183761E+06
  1.926328E+02 -5.240920E+04 -1.547132E+06  1.494724E+06  0.000000E+00
 -2.842155E-02  0.000000E+00  0.000000E+00  5.568179E+03  0.000000E+00
  0.000000E+00  0.000000E+00  9.000000E+01  9.000000E+01  9.000000E+01
  0.000000E+00  5.365964E+01  0.000000E+00  4.119367E-02  5.334744E-02
  4.510443E+00  5.437224E+00  4.953971E+01 -1.799725E+00  1.760213E-01
 -1.799725E+00  6.132960E+01  1.475018E+00  1.760213E-01  1.475018E+00
  5.010960E+01
     10980  1.098000E+01        41
 -1.201993E+06  3.078715E+02 -1.203103E+06  2.928638E+05 -1.495966E+06
  0.000000E+00  2.920032E-03  0.000000E+00  0.000000E+00 -1.183372E+06
  2.688119E+02 -5.364873E+04 -1.548741E+06  1.495087E+06  0.000000E+00
 -2.821689E-02  0.000000E+00  0.000000E+00  5.568179E+03  0.000000E+00
  0.000000E+00  0.000000E+00  9.000000E+01  9.000000E+01  9.000000E+01
  0.000000E+00  5.480371E+01  0.000000E+00  4.286078E-02  5.164951E-02
  4.304255E+00  5.328597E+00  4.863542E+01  3.944915E-01  2.854423E+00
  3.944915E-01  6.088402E+01  2.224023E+00  2.854423E+00  2.224023E+00
  5.489168E+01
     11010  1.101000E+01        41
 -1.201993E+06  3.052219E+02 -1.203093E+06  2.915899E+05 -1.494683E+06
  0.000000E+00  2.941092E-03  0.000000E+00  0.000000E+00 -1.184827E+06
  2.813900E+02 -4.930588E+04 -1.543115E+06  1.493802E+06  0.000000E+00
 -2.839489E-02  0.000000E+00  0.000000E+00  5.568179E+03  0.000000E+00
  0.000000E+00  0.000000E+00  9.000000E+01  9.000000E+01  9.000000E+01
  0.000000E+00  5.052403E+01  0.000000E+00  4.255091E-02  5.196248E-02
  4.144151E+00  5.297437E+00  4.701793E+01  1.435751E+00 -1.391646E-01
  1.435751E+00  5.437133E+01  2.562773E-01 -1.391646E-01  2.562773E-01
  5.018284E+01
     11040  1.104000E+01        41
 -1.201993E+06  3.035383E+02 -1.203087E+06  2.930854E+05 -1.496172E+06
  0.000000E+00  3.195029E-03  0.000000E+00  0.000000E+00 -1.183155E+06
  2.495377E+02 -5.433179E+04 -1.549651E+06  1.495302E+06  0.000000E+00
 -3.086600E-02  0.000000E+00  0.000000E+00  5.568179E+03  0.000000E+00
  0.000000E+00  0.000000E+00  9.000000E+01  9.000000E+01  9.000000E+01
  0.000000E+00  5.544366E+01  0.000000E+00  3.983548E-02  5.110397E-02
  4.032508E+00  5.339632E+00  5.772955E+01  8.797506E-02 -5.384639E-01
  8.797506E-02  5.059612E+01 -1.180332E+00 -5.384639E-01 -1.180332E+00
  5.800529E+01
     11070  1.107000E+01        41
 -1.201993E+06  2.908497E+02 -1.203041E+06  2.917087E+05 -1.494750E+06
  0.000000E+00  2.923284E-03  0.000000E+00  0.000000E+00 -1.184718E+06
  2.398284E+02 -4.973300E+04 -1.543621E+06  1.493878E+06  0.000000E+00
 -2.824981E-02  0.000000E+00  0.000000E+00  5.568179E+03  0.000000E+00
  0.000000E+00  0.000000E+00  9.000000E+01  9.000000E+01  9.000000E+01
  0.000000E+00  5.084244E+01  0.000000E+00  3.800111E-02  4.795679E-02
  3.969976E+00  5.451256E+00  4.613877E+01 -1.474052E+00 -3.540806E+00
 -1.474052E+00  5.232820E+01  1.358450E+00 -3.540806E+00  1.358450E+00
  5.406036E+01
     11100  1.110000E+01        41
 -1.201993E+06  3.267141E+02 -1.203170E+06  2.926452E+05 -1.495816E+06
  0.000000E+00  2.895823E-03  0.000000E+00  0.000000E+00 -1.183580E+06
  2.196520E+02 -5.288992E+04 -1.547835E+06  1.494934E+06  0.000000E+00
 -2.797247E-02  0.000000E+00  0.000000E+00  5.568179E+03  0.000000E+00
  0.000000E+00  0.000000E+00  9.000000E+01  9.000000E+01  9.000000E+01
  0.000000E+00  5.419373E+01  0.000000E+00  3.411142E-02  4.272071E-02
  3.952509E+00  5.627613E+00  5.360177E+01 -8.688513E-01 -1.089397E+00
 -8.688513E-01  5.875729E+01 -1.305762E+00 -1.089397E+00 -1.305762E+00
  5.022212E+01
     11130  1.113000E+01        41
 -1.201993E+06  3.087836E+02 -1.203106E+06  2.934295E+05 -1.496535E+06
  0.000000E+00  3.073595E-03  0.000000E+00  0.000000E+00 -1.182757E+06
  1.958118E+02 -5.548633E+04 -1.551156E+06  1.495660E+06  0.000000E+00
 -2.967275E-02  0.000000E+00  0.000000E+00  5.568179E+03  0.000000E+00
  0.000000E+00  0.000000E+00  9.000000E+01  9.000000E+01  9.000000E+01
  0.000000E+00  5.661475E+01  0.000000E+00  3.061047E-02  4.155365E-02
  3.981689E+00  5.864873E+00  4.933583E+01  1.451253E+00  2.889072E+00
  1.451253E+00  6.458309E+01 -6.493364E+00  2.889072E+00 -6.493364E+00
  5.592532E+01
     11160  1.116000E+01        41
 -1.201992E+06  3.025100E+02 -1.203083E+06  2.904584E+05 -1.493541E+06
  0.000000E+00  2.806151E-03  0.000000E+00  0.000000E+00 -1.186083E+06
  1.852858E+02 -4.555116E+04 -1.538222E+06  1.492659E+06  0.000000E+00
 -2.714235E-02  0.000000E+00  0.000000E+00  5.568179E+03  0.000000E+00
  0.000000E+00  0.000000E+00  9.000000E+01  9.000000E+01  9.000000E+01
  0.000000E+00  4.682358E+01  0.000000E+00  3.173863E-02  4.065267E-02
  4.050471E+00  6.154356E+00  4.100385E+01  1.556055E+00  2.309172E+00
  1.556055E+00  5.249909E+01  1.301154E+00  2.309172E+00  1.301154E+00
  4.696781E+01
     11190  1.119000E+01        41
 -1.201993E+06  3.291651E+02 -1.203180E+06  2.925681E+05 -1.495748E+06
  0.000000E+00  3.070341E-03  0.000000E+00  0.000000E+00 -1.183646E+06
  1.699811E+02 -5.267177E+04 -1.547552E+06  1.494873E+06  0.000000E+00
 -2.968648E-02  0.000000E+00  0.000000E+00  5.568179E+03  0.000000E+00
  0.000000E+00  0.000000E+00  9.000000E+01  9.000000E+01  9.000000E+01
  0.000000E+00  5.399826E+01  0.000000E+00  3.158884E-02  4.121632E-02
  4.163802E+00  6.500064E+00  5.452800E+01 -2.037572E+00  2.454323E+00
 -2.037572E+00  5.082139E+01 -3.978595E+00  2.454323E+00 -3.978595E+00
  5.664537E+01
     11220  1.122000E+01        41
 -1.201992E+06  3.069412E+02 -1.203098E+06  2.921799E+05 -1.495278E+06
  0.000000E+00  3.023326E-03  0.000000E+00  0.000000E+00 -1.184152E+06
  1.494064E+02 -5.131284E+04 -1.545724E+06  1.494408E+06  0.000000E+00
 -2.921530E-02  0.000000E+00  0.000000E+00  5.568179E+03  0.000000E+00
  0.000000E+00  0.000000E+00  9.000000E+01  9.000000E+01  9.000000E+01
  0.000000E+00  5.250838E+01  0.000000E+00  3.309030E-02  4.135816E-02
  4.324730E+00  6.902100E+00  5.198122E+01  1.852942E+00 -3.540378E-02
  1.852942E+00  5.168181E+01 -5.863509E-01 -3.540378E-02 -5.863509E-01
  5.386212E+01
     11250  1.125000E+01        41
 -1.201993E+06  3.303952E+02 -1.203184E+06  2.910451E+05 -1.494229E+06
  0.000000E+00  2.767277E-03  0.000000E+00  0.000000E+00 -1.185343E+06
  1.309497E+02 -4.757283E+04 -1.540937E+06  1.493364E+06  0.000000E+00
 -2.677489E-02  0.000000E+00  0.000000E+00  5.568179E+03  0.000000E+00
  0.000000E+00  0.000000E+00  9.000000E+01  9.000000E+01  9.000000E+01
  0.000000E+00  4.900551E+01  0.000000E+00  3.303684E-02  4.230050E-02
  4.517456E+00  7.337817E+00  4.747650E+01 -5.241999E-01  3.687433E+00
 -5.241999E-01  4.498248E+01  1.523525E+00  3.687433E+00  1.523525E+00
  5.455756E+01
     11280  1.128000E+01        41
 -1.201992E+06  3.078658E+02 -1.203102E+06  2.925624E+05 -1.495664E+06
  0.000000E+00  3.092049E-03  0.000000E+00  0.000000E+00 -1.183662E+06
  1.259088E+02 -5.277485E+04 -1.547552E+06  1.494790E+06  0.000000E+00
 -2.987940E-02  0.000000E+00  0.000000E+00  5.568179E+03  0.000000E+00
  0.000000E+00  0.000000E+00  9.000000E+01  9.000000E+01  9.000000E+01
  0.000000E+00  5.394983E+01  0.000000E+00  3.454943E-02  4.435052E-02
  4.725483E+00  7.778192E+00  5.165016E+01 -9.098332E-01  5.357654E-01
 -9.098332E-01  5.677048E+01  5.021635E+00  5.357654E-01  5.021635E+00
  5.342885E+01
     11310  1.131000E+01        41
 -1.201993E+06  3.230735E+02 -1.203157E+06  2.914169E+05 -1.494574E+06
  0.000000E+00  2.995125E-03  0.000000E+00  0.000000E+00 -1.184896E+06
  2.064951E+02 -4.896830E+04 -1.542655E+06  1.493702E+06  0.000000E+00
 -2.895186E-02  0.000000E+00  0.000000E+00  5.568179E+03  0.000000E+00
  0.000000E+00  0.000000E+00  9.000000E+01  9.000000E+01  9.000000E+01
  0.000000E+00  5.032093E+01  0.000000E+00  3.527694E-02  4.722721E-02
  4.894974E+00  8.140435E+00  4.755834E+01 -1.396774E+00 -1.296119E+00
 -1.396774E+00  5.276025E+01 -2.099604E+00 -1.296119E+00 -2.099604E+00
  5.064420E+01
     11340  1.134000E+01        41
 -1.201992E+06  3.108196E+02 -1.203113E+06  2.917005E+05 -1.494813E+06
  0.000000E+00  2.887863E-03  0.000000E+00  0.000000E+00 -1.184593E+06
  3.806401E+02 -4.996609E+04 -1.543887E+06  1.493933E+06  0.000000E+00
 -2.792359E-02  0.000000E+00  0.000000E+00  5.568179E+03  0.000000E+00
  0.000000E+00  0.000000E+00  9.000000E+01  9.000000E+01  9.000000E+01
  0.000000E+00  5.120890E+01  0.000000E+00  3.930658E-02  4.920096E-02
  4.964315E+00  8.334085E+00  4.391198E+01 -4.696121E-01  6.189378E-01
 -4.696121E-01  5.684704E+01  1.710340E+00  6.189378E-01  1.710340E+00
  5.286769E+01
     11370  1.137000E+01        41
 -1.201993E+06  3.074509E+02 -1.203101E+06  2.915427E+05 -1.494644E+06
  0.000000E+00  3.197618E-03  0.000000E+00  0.000000E+00 -1.184783E+06
  5.207575E+02 -4.942772E+04 -1.543182E+06  1.493768E+06  0.000000E+00
 -3.088780E-02  0.000000E+00  0.000000E+00  5.568179E+03  0.000000E+00
  0.000000E+00  0.000000E+00  9.000000E+01  9.000000E+01  9.000000E+01
  0.000000E+00  5.065347E+01  0.000000E+00  4.136043E-02  5.168154E-02
  4.929995E+00  8.360874E+00  5.177868E+01  3.638922E+00 -3.433888E+00
  3.638922E+00  5.065061E+01 -8.183601E-01 -3.433888E+00 -8.183601E-01
  4.953113E+01
     11400  1.140000E+01        41
 -1.201992E+06  3.089220E+02 -1.203106E+06  2.912963E+05 -1.494402E+06
  0.000000E+00  3.046600E-03  0.000000E+00  0.000000E+00 -1.185076E+06
  5.482408E+02 -4.853457E+04 -1.542036E+06  1.493531E+06  0.000000E+00
 -2.946625E-02  0.000000E+00  0.000000E+00  5.568179E+03  0.000000E+00
  0.000000E+00  0.000000E+00  9.000000E+01  9.000000E+01  9.000000E+01
  0.000000E+00  4.978696E+01  0.000000E+00  4.378783E-02  5.322750E-02
  4.843866E+00  8.333763E+00  4.934249E+01  1.642721E-01  1.395897E+00
  1.642721E-01  5.313070E+01  1.377190E-01  1.395897E+00  1.377190E-01
  4.688770E+01
     11430  1.143000E+01        41
 -1.201993E+06  3.081702E+02 -1.203103E+06  2.918036E+05 -1.494907E+06
  0.000000E+00  3.234380E-03  0.000000E+00  0.000000E+00 -1.184437E+06
  5.467210E+02 -5.045856E+04 -1.544473E+06  1.494031E+06  0.000000E+00
 -3.127207E-02  0.000000E+00  0.000000E+00  5.568179E+03  0.000000E+00
  0.000000E+00  0.000000E+00  9.000000E+01  9.000000E+01  9.000000E+01
  0.000000E+00  5.166925E+01  0.000000E+00  4.342038E-02  5.685010E-02
  4.763024E+00  8.391741E+00  5.505928E+01 -4.353402E-02 -3.172349E+00
 -4.353402E-02  4.629851E+01  6.128171E-01 -3.172349E+00  6.128171E-01
  5.364995E+01
     11460  1.146000E+01        41
 -1.201993E+06  3.311679E+02 -1.203186E+06  2.903650E+05 -1.493551E+06
  0.000000E+00  2.651953E-03  0.000000E+00  0.000000E+00 -1.186065E+06
  4.917157E+02 -4.540825E+04 -1.538075E+06  1.492684E+06  0.000000E+00
 -2.563825E-02  0.000000E+00  0.000000E+00  5.568179E+03  0.000000E+00
  0.000000E+00  0.000000E+00  9.000000E+01  9.000000E+01  9.000000E+01
  0.000000E+00  4.687855E+01  0.000000E+00  4.330592E-02  5.377418E-02
  4.690944E+00  8.583366E+00  4.468154E+01 -1.597205E+00  1.925560E-01
 -1.597205E+00  4.665620E+01  2.500374E+00  1.925560E-01  2.500374E+00
  4.929791E+01
     11490  1.149000E+01        41
 -1.201992E+06  3.143966E+02 -1.203126E+06  2.915618E+05 -1.494688E+06
  0.000000E+00  3.152374E-03  0.000000E+00  0.000000E+00 -1.184747E+06
  4.469727E+02 -4.948250E+04 -1.543286E+06  1.493816E+06  0.000000E+00
 -3.046912E-02  0.000000E+00  0.000000E+00  5.568179E+03  0.000000E+00
  0.000000E+00  0.000000E+00  9.000000E+01  9.000000E+01  9.000000E+01
  0.000000E+00  5.075815E+01  0.000000E+00  4.044421E-02  5.108281E-02
  4.639720E+00  8.935674E+00  4.643434E+01  1.190704E+00  1.939596E+00
  1.190704E+00  5.882247E+01  4.843223E-01  1.939596E+00  4.843223E-01
  4.701763E+01
     11520  1.152000E+01        41
 -1.201992E+06  3.111319E+02 -1.203113E+06  2.913723E+05 -1.494486E+06
  0.000000E+00  3.038357E-03  0.000000E+00  0.000000E+00 -1.185004E+06
  4.696180E+02 -4.873192E+04 -1.542338E+06  1.493609E+06  0.000000E+00
 -2.936707E-02  0.000000E+00  0.000000E+00  5.568179E+03  0.000000E+00
  0.000000E+00  0.000000E+00  9.000000E+01  9.000000E+01  9.000000E+01
  0.000000E+00  4.999813E+01  0.000000E+00  3.657225E-02  4.715728E-02
  4.596604E+00  9.408193E+00  4.785437E+01  4.999177E-01 -8.213379E+00
  4.999177E-01  5.474457E+01 -1.626447E+00 -8.213379E+00 -1.626447E+00
  4.739546E+01
     11550  1.155000E+01        41
 -1.201992E+06  3.106459E+02 -1.203112E+06  2.904165E+05 -1.493528E+06
  0.000000E+00  3.093424E-03  0.000000E+00  0.000000E+00 -1.186084E+06
  4.754087E+02 -4.549819E+04 -1.538153E+06  1.492651E+06  0.000000E+00
 -2.989226E-02  0.000000E+00  0.000000E+00  5.568179E+03  0.000000E+00
  0.000000E+00  0.000000E+00  9.000000E+01  9.000000E+01  9.000000E+01
  0.000000E+00  4.682205E+01  0.000000E+00  3.570383E-02  4.334080E-02
  4.567452E+00  9.955359E+00  4.077887E+01  2.818144E+00 -1.244816E+00
  2.818144E+00  5.351420E+01  3.593717E+00 -1.244816E+00  3.593717E+00
  4.617308E+01
     11580  1.158000E+01        41
 -1.201992E+06  2.899967E+02 -1.203037E+06  2.918475E+05 -1.494884E+06
  0.000000E+00  3.056201E-03  0.000000E+00  0.000000E+00 -1.184513E+06
  4.159315E+02 -5.035684E+04 -1.544362E+06  1.494010E+06  0.000000E+00
 -2.957525E-02  0.000000E+00  0.000000E+00  5.568179E+03  0.000000E+00
  0.000000E+00  0.000000E+00  9.000000E+01  9.000000E+01  9.000000E+01
  0.000000E+00  5.144413E+01  0.000000E+00  3.334720E-02  4.350130E-02
  4.560472E+00  1.050095E+01  5.038077E+01  2.312566E-01 -4.351721E-01
  2.312566E-01  4.927605E+01 -1.577625E+00 -4.351721E-01 -1.577625E+00
  5.467555E+01
     11610  1.161000E+01        41
 -1.201992E+06  3.043566E+02 -1.203089E+06  2.903797E+05 -1.493468E+06
  0.000000E+00  2.931299E-03  0.000000E+00  0.000000E+00 -1.186064E+06
  2.853695E+02 -4.559668E+04 -1.538134E+06  1.492593E+06  0.000000E+00
 -2.834446E-02  0.000000E+00  0.000000E+00  5.568179E+03  0.000000E+00
  0.000000E+00  0.000000E+00  9.000000E+01  9.000000E+01  9.000000E+01
  0.000000E+00  4.687884E+01  0.000000E+00  3.284265E-02  4.274858E-02
  4.573452E+00  1.098974E+01  3.999650E+01 -1.586238E+00 -2.514222E+00
 -1.586238E+00  4.875941E+01  4.596682E-01 -2.514222E+00  4.596682E-01
  5.188063E+01
     11640  1.164000E+01        41
 -1.201992E+06  3.040895E+02 -1.203088E+06  2.916638E+05 -1.494752E+06
  0.000000E+00  3.237210E-03  0.000000E+00  0.000000E+00 -1.184687E+06
  1.773847E+02 -4.972724E+04 -1.543523E+06  1.493883E+06  0.000000E+00
 -3.128174E-02  0.000000E+00  0.000000E+00  5.568179E+03  0.000000E+00
  0.000000E+00  0.000000E+00  9.000000E+01  9.000000E+01  9.000000E+01
  0.000000E+00  5.093195E+01  0.000000E+00  3.309074E-02  4.336759E-02
  4.580335E+00  1.133447E+01  4.330108E+01 -2.974507E+00  1.935419E+00
 -2.974507E+00  4.928228E+01 -4.245026E+00  1.935419E+00 -4.245026E+00
  6.021250E+01
     11670  1.167000E+01        41
 -1.201992E+06  3.123286E+02 -1.203118E+06  2.928965E+05 -1.496014E+06
  0.000000E+00  3.080146E-03  0.000000E+00  0.000000E+00 -1.183225E+06
  2.972980E+02 -5.405779E+04 -1.549013E+06  1.495140E+06  0.000000E+00
 -2.975927E-02  0.000000E+00  0.000000E+00  5.568179E+03  0.000000E+00
  0.000000E+00  0.000000E+00  9.000000E+01  9.000000E+01  9.000000E+01
  0.000000E+00  5.523585E+01  0.000000E+00  3.630209E-02  4.470101E-02
  4.521013E+00  1.141659E+01  4.742016E+01 -2.201256E+00 -3.610129E+00
 -2.201256E+00  5.862870E+01  1.157294E+00 -3.610129E+00  1.157294E+00
  5.965867E+01
     11700  1.170000E+01        41
 -1.201992E+06  2.810579E+02 -1.203005E+06  2.903480E+05 -1.493353E+06
  0.000000E+00  3.054745E-03  0.000000E+00  0.000000E+00 -1.186201E+06
  5.543901E+02 -4.535940E+04 -1.537810E+06  1.492472E+06  0.000000E+00
 -2.955306E-02  0.000000E+00  0.000000E+00  5.568179E+03  0.000000E+00
  0.000000E+00  0.000000E+00  9.000000E+01  9.000000E+01  9.000000E+01
  0.000000E+00  4.647471E+01  0.000000E+00  4.230843E-02  4.910339E-02
  4.345701E+00  1.112707E+01  3.993349E+01 -5.638923E-01  3.618041E+00
 -5.638923E-01  4.874256E+01  3.901077E-01  3.618041E+00  3.901077E-01
  5.074808E+01
     11730  1.173000E+01        41
 -1.201992E+06  3.238534E+02 -1.203160E+06  2.914274E+05 -1.494587E+06
  0.000000E+00  3.200573E-03  0.000000E+00  0.000000E+00 -1.184925E+06
  6.580823E+02 -4.888428E+04 -1.542603E+06  1.493713E+06  0.000000E+00
 -3.092902E-02  0.000000E+00  0.000000E+00  5.568179E+03  0.000000E+00
  0.000000E+00  0.000000E+00  9.000000E+01  9.000000E+01  9.000000E+01
  0.000000E+00  5.023296E+01  0.000000E+00  4.404560E-02  5.371579E-02
  4.150586E+00  1.072194E+01  4.074776E+01 -1.059735E+00 -5.508659E+00
 -1.059735E+00  5.805981E+01  5.223699E+00 -5.508659E+00  5.223699E+00
  5.189132E+01
     11760  1.176000E+01        41
 -1.201992E+06  3.007546E+02 -1.203076E+06  2.913849E+05 -1.494461E+06
  0.000000E+00  3.061642E-03  0.000000E+00  0.000000E+00 -1.185045E+06
  7.434659E+02 -4.869205E+04 -1.542304E+06  1.493593E+06  0.000000E+00
 -2.959799E-02  0.000000E+00  0.000000E+00  5.568179E+03  0.000000E+00
  0.000000E+00  0.000000E+00  9.000000E+01  9.000000E+01  9.000000E+01
  0.000000E+00  4.987892E+01  0.000000E+00  4.313557E-02  5.539267E-02
  3.983906E+00  1.032375E+01  4.726634E+01 -1.135675E+00 -2.308069E+00
 -1.135675E+00  5.263883E+01  2.998088E+00 -2.308069E+00  2.998088E+00
  4.973160E+01
     11790  1.179000E+01        41
 -1.201992E+06  3.172463E+02 -1.203135E+06  2.908979E+05 -1.494033E+06
  0.000000E+00  2.837298E-03  0.000000E+00  0.000000E+00 -1.185547E+06
  7.813121E+02 -4.706840E+04 -1.540246E+06  1.493156E+06  0.000000E+00
 -2.743689E-02  0.000000E+00  0.000000E+00  5.568179E+03  0.000000E+00
  0.000000E+00  0.000000E+00  9.000000E+01  9.000000E+01  9.000000E+01
  0.000000E+00  4.840172E+01  0.000000E+00  4.193350E-02  5.152903E-02
  3.861143E+00  9.975141E+00  4.842964E+01  1.063153E+00 -4.203855E+00
  1.063153E+00  5.002169E+01  1.079257E+00 -4.203855E+00  1.079257E+00
  4.675383E+01
     11820  1.182000E+01        41
 -1.201992E+06  3.125665E+02 -1.203119E+06  2.918982E+05 -1.495017E+06
  0.000000E+00  2.934830E-03  0.000000E+00  0.000000E+00 -1.184428E+06
  8.130190E+02 -5.045961E+04 -1.544619E+06  1.494138E+06  0.000000E+00
 -2.839523E-02  0.000000E+00  0.000000E+00  5.568179E+03  0.000000E+00
  0.000000E+00  0.000000E+00  9.000000E+01  9.000000E+01  9.000000E+01
  0.000000E+00  5.169485E+01  0.000000E+00  4.134527E-02  4.944063E-02
  3.788059E+00  9.701876E+00  5.305663E+01 -8.390831E-01 -3.913393E+00
 -8.390831E-01  5.261851E+01 -2.442257E+00 -3.913393E+00 -2.442257E+00
  4.940942E+01
     11850  1.185000E+01        41
 -1.201992E+06  3.237389E+02 -1.203159E+06  2.912993E+05 -1.494458E+06
  0.000000E+00  2.850658E-03  0.000000E+00  0.000000E+00 -1.185061E+06
  7.688853E+02 -4.847882E+04 -1.542067E+06  1.493582E+06  0.000000E+00
 -2.757017E-02  0.000000E+00  0.000000E+00  5.568179E+03  0.000000E+00
  0.000000E+00  0.000000E+00  9.000000E+01  9.000000E+01  9.000000E+01
  0.000000E+00  4.983166E+01  0.000000E+00  4.058182E-02  5.255692E-02
  3.766525E+00  9.518715E+00  4.752054E+01  6.079685E-01 -2.147524E+00
  6.079685E-01  5.374551E+01  6.543292E-01 -2.147524E+00  6.543292E-01
  4.822894E+01
     11880  1.188000E+01        41
 -1.201992E+06  3.025689E+02 -1.203083E+06  2.909427E+05 -1.494025E+06
  0.000000E+00  3.000696E-03  0.000000E+00  0.000000E+00 -1.185497E+06
  6.359342E+02 -4.731961E+04 -1.540454E+06  1.493141E+06  0.000000E+00
 -2.901514E-02  0.000000E+00  0.000000E+00  5.568179E+03  0.000000E+00
  0.000000E+00  0.000000E+00  9.000000E+01  9.000000E+01  9.000000E+01
  0.000000E+00  4.854793E+01  0.000000E+00  4.348036E-02  5.292302E-02
  3.785809E+00  9.404062E+00  4.850742E+01  3.416740E+00  1.089276E+00
  3.416740E+00  5.427941E+01 -1.312689E+00  1.089276E+00 -1.312689E+00
  4.285698E+01
     11910  1.191000E+01        41
 -1.201992E+06  3.179610E+02 -1.203138E+06  2.910535E+05 -1.494192E+06
  0.000000E+00  3.004512E-03  0.000000E+00  0.000000E+00 -1.185294E+06
  4.896364E+02 -4.781431E+04 -1.541095E+06  1.493314E+06  0.000000E+00
 -2.908407E-02  0.000000E+00  0.000000E+00  5.568179E+03  0.000000E+00
  0.000000E+00  0.000000E+00  9.000000E+01  9.000000E+01  9.000000E+01
  0.000000E+00  4.914571E+01  0.000000E+00  4.187931E-02  5.563224E-02
  3.821239E+00  9.304110E+00  4.724804E+01  7.693751E-01  3.810082E+00
  7.693751E-01  5.177264E+01  8.189723E-01  3.810082E+00  8.189723E-01
  4.841644E+01
     11940  1.194000E+01        41
 -1.201992E+06  3.090842E+02 -1.203106E+06  2.915038E+05 -1.494610E+06
  0.000000E+00  3.018884E-03  0.000000E+00  0.000000E+00 -1.184823E+06
  3.213681E+02 -4.928652E+04 -1.542951E+06  1.493730E+06  0.000000E+00
 -2.921407E-02  0.000000E+00  0.000000E+00  5.568179E+03  0.000000E+00
  0.000000E+00  0.000000E+00  9.000000E+01  9.000000E+01  9.000000E+01
  0.000000E+00  5.053137E+01  0.000000E+00  4.569939E-02  5.585865E-02
  3.819933E+00  9.125997E+00  5.310915E+01  3.551158E-01  1.088423E+00
  3.551158E-01  4.985322E+01 -2.660366E+00  1.088423E+00 -2.660366E+00
  4.863175E+01
     11970  1.197000E+01        41
 -1.201992E+06  2.980826E+02 -1.203067E+06  2.922325E+05 -1.495299E+06
  0.000000E+00  3.058512E-03  0.000000E+00  0.000000E+00 -1.184022E+06
  2.390768E+02 -5.176697E+04 -1.546131E+06  1.494425E+06  0.000000E+00
 -2.956912E-02  0.000000E+00  0.000000E+00  5.568179E+03  0.000000E+00
  0.000000E+00  0.000000E+00  9.000000E+01  9.000000E+01  9.000000E+01
  0.000000E+00  5.288908E+01  0.000000E+00  4.469836E-02  5.928581E-02
  3.716476E+00  8.753648E+00  6.053481E+01  2.112346E-01  1.234448E-01
  2.112346E-01  4.652271E+01 -3.850528E-01  1.234448E-01 -3.850528E-01
  5.160972E+01
     12000  1.200000E+01        41
 -1.201992E+06  3.129752E+02 -1.203121E+06  2.905772E+05 -1.493698E+06
  0.000000E+00  2.950056E-03  0.000000E+00  0.000000E+00 -1.185846E+06
  2.691147E+02 -4.618861E+04 -1.538971E+06  1.492824E+06  0.000000E+00
 -2.851878E-02  0.000000E+00  0.000000E+00  5.568179E+03  0.000000E+00
  0.000000E+00  0.000000E+00  9.000000E+01  9.000000E+01  9.000000E+01
  0.000000E+00  4.752092E+01  0.000000E+00  4.621485E-02  5.896762E-02
  3.499215E+00  8.179692E+00  4.821495E+01 -2.086528E+00  1.256081E+00
 -2.086528E+00  4.359584E+01 -4.659543E-01  1.256081E+00 -4.659543E-01
  5.075196E+01
     12030  1.203000E+01        41
 -1.201992E+06  3.083233E+02 -1.203104E+06  2.915762E+05 -1.494680E+06
  0.000000E+00  3.197147E-03  0.000000E+00  0.000000E+00 -1.184717E+06
  3.501127E+02 -4.961384E+04 -1.543376E+06  1.493798E+06  0.000000E+00
 -3.092370E-02  0.000000E+00  0.000000E+00  5.568179E+03  0.000000E+00
  0.000000E+00  0.000000E+00  9.000000E+01  9.000000E+01  9.000000E+01
  0.000000E+00  5.084641E+01  0.000000E+00  4.520390E-02  5.815963E-02
  3.206940E+00  7.482714E+00  4.238469E+01 -8.818983E-01  2.312963E+00
 -8.818983E-01  5.486444E+01 -8.980368E-01  2.312963E+00 -8.980368E-01
  5.529011E+01
     12060  1.206000E+01        41
 -1.201993E+06  3.258002E+02 -1.203167E+06  2.917171E+05 -1.494884E+06
  0.000000E+00  2.811590E-03  0.000000E+00  0.000000E+00 -1.184587E+06
  4.045142E+02 -4.987780E+04 -1.543864E+06  1.494009E+06  0.000000E+00
 -2.720523E-02  0.000000E+00  0.000000E+00  5.568179E+03  0.000000E+00
  0.000000E+00  0.000000E+00  9.000000E+01  9.000000E+01  9.000000E+01
  0.000000E+00  5.122764E+01  0.000000E+00  4.217440E-02  5.573796E-02
  2.895105E+00  6.749119E+00  4.732781E+01 -1.709815E-01  1.286096E+00
 -1.709815E-01  5.316225E+01 -1.090413E+00  1.286096E+00 -1.090413E+00
  5.319288E+01
     12090  1.209000E+01        41
 -1.201992E+06  3.105366E+02 -1.203112E+06  2.916087E+05 -1.494720E+06
  0.000000E+00  2.964681E-03  0.000000E+00  0.000000E+00 -1.184697E+06
  4.668838E+02 -4.965980E+04 -1.543450E+06  1.493851E+06  0.000000E+00
 -2.866840E-02  0.000000E+00  0.000000E+00  5.568179E+03  0.000000E+00
  0.000000E+00  0.000000E+00  9.000000E+01  9.000000E+01  9.000000E+01
  0.000000E+00  5.090430E+01  0.000000E+00  4.493685E-02  5.118847E-02
  2.601974E+00  6.055771E+00  4.373103E+01 -1.231970E+00  3.070383E+00
 -1.231970E+00  5.594471E+01 -1.948612E+00  3.070383E+00 -1.948612E+00
  5.303716E+01
     12120  1.212000E+01        41
 -1.201993E+06  3.150265E+02 -1.203128E+06  2.930377E+05 -1.496166E+06
  0.000000E+00  3.147402E-03  0.000000E+00  0.000000E+00 -1.183131E+06
  5.432354E+02 -5.432779E+04 -1.549582E+06  1.495296E+06  0.000000E+00
 -3.038643E-02  0.000000E+00  0.000000E+00  5.568179E+03  0.000000E+00
  0.000000E+00  0.000000E+00  9.000000E+01  9.000000E+01  9.000000E+01
  0.000000E+00  5.551379E+01  0.000000E+00  4.166543E-02  5.104258E-02
  2.336167E+00  5.414534E+00  5.317418E+01 -1.424643E+00  2.355706E+00
 -1.424643E+00  5.664617E+01 -2.667572E-02  2.355706E+00 -2.667572E-02
  5.672102E+01
     12150  1.215000E+01        41
 -1.201992E+06  3.005513E+02 -1.203076E+06  2.916459E+05 -1.494722E+06
  0.000000E+00  2.974759E-03  0.000000E+00  0.000000E+00 -1.184714E+06
  4.972519E+02 -4.967993E+04 -1.543493E+06  1.493849E+06  0.000000E+00
 -2.874461E-02  0.000000E+00  0.000000E+00  5.568179E+03  0.000000E+00
  0.000000E+00  0.000000E+00  9.000000E+01  9.000000E+01  9.000000E+01
  0.000000E+00  5.085268E+01  0.000000E+00  4.122705E-02  4.931076E-02
  2.103363E+00  4.856262E+00  4.858234E+01  2.013608E-01  1.312295E+00
  2.013608E-01  5.255280E+01  9.101191E-01  1.312295E+00  9.101191E-01
  5.142291E+01
     12180  1.218000E+01        41
 -1.201992E+06  2.969023E+02 -1.203062E+06  2.916372E+05 -1.494700E+06
  0.000000E+00  3.068950E-03  0.000000E+00  0.000000E+00 -1.184761E+06
  4.425075E+02 -4.956356E+04 -1.543374E+06  1.493830E+06  0.000000E+00
 -2.967860E-02  0.000000E+00  0.000000E+00  5.568179E+03  0.000000E+00
  0.000000E+00  0.000000E+00  9.000000E+01  9.000000E+01  9.000000E+01
  0.000000E+00  5.071406E+01  0.000000E+00  3.704389E-02  4.765108E-02
  1.905961E+00  4.391879E+00  4.587328E+01  1.730559E-01  2.259594E+00
  1.730559E-01  5.046311E+01  2.694367E-01  2.259594E+00  2.694367E-01
  5.580578E+01
     12210  1.221000E+01        41
 -1.201992E+06  3.213654E+02 -1.203151E+06  2.928853E+05 -1.496036E+06
  0.000000E+00  2.900504E-03  0.000000E+00  0.000000E+00 -1.183312E+06
  4.081409E+02 -5.373375E+04 -1.548865E+06  1.495156E+06  0.000000E+00
 -2.800309E-02  0.000000E+00  0.000000E+00  5.568179E+03  0.000000E+00
  0.000000E+00  0.000000E+00  9.000000E+01  9.000000E+01  9.000000E+01
  0.000000E+00  5.497913E+01  0.000000E+00  3.260147E-02  4.221446E-02
  1.755465E+00  4.035143E+00  4.093232E+01 -3.693253E-01  4.282525E+00
 -3.693253E-01  6.631999E+01 -2.382997E+00  4.282525E+00 -2.382997E+00
  5.768509E+01
     12240  1.224000E+01        41
 -1.201992E+06  3.008206E+02 -1.203076E+06  2.927293E+05 -1.495806E+06
  0.000000E+00  3.017699E-03  0.000000E+00  0.000000E+00 -1.183532E+06
  3.955054E+02 -5.322130E+04 -1.548119E+06  1.494921E+06  0.000000E+00
 -2.910921E-02  0.000000E+00  0.000000E+00  5.568179E+03  0.000000E+00
  0.000000E+00  0.000000E+00  9.000000E+01  9.000000E+01  9.000000E+01
  0.000000E+00  5.433140E+01  0.000000E+00  3.324458E-02  4.027577E-02
  1.643736E+00  3.759791E+00  5.099431E+01  4.823391E-01  3.515167E+00
  4.823391E-01  5.969671E+01  2.681858E+00  3.515167E+00  2.681858E+00
  5.230319E+01
     12270  1.227000E+01        41
 -1.201992E+06  2.942828E+02 -1.203052E+06  2.922534E+05 -1.495306E+06
  0.000000E+00  3.043042E-03  0.000000E+00  0.000000E+00 -1.184093E+06
  3.763613E+02 -5.158546E+04 -1.545992E+06  1.494426E+06  0.000000E+00
 -2.940205E-02  0.000000E+00  0.000000E+00  5.568179E+03  0.000000E+00
  0.000000E+00  0.000000E+00  9.000000E+01  9.000000E+01  9.000000E+01
  0.000000E+00  5.268077E+01  0.000000E+00  3.431307E-02  4.545197E-02
  1.570661E+00  3.570272E+00  5.088083E+01  1.039620E+00 -4.956383E-01
  1.039620E+00  5.833286E+01 -3.542936E-01 -4.956383E-01 -3.542936E-01
  4.882861E+01
     12300  1.230000E+01        41
 -1.201992E+06  3.041552E+02 -1.203089E+06  2.920228E+05 -1.495111E+06
  0.000000E+00  2.962879E-03  0.000000E+00  0.000000E+00 -1.184278E+06
  3.417994E+02 -5.096041E+04 -1.545175E+06  1.494239E+06  0.000000E+00
 -2.865752E-02  0.000000E+00  0.000000E+00  5.568179E+03  0.000000E+00
  0.000000E+00  0.000000E+00  9.000000E+01  9.000000E+01  9.000000E+01
  0.000000E+00  5.213821E+01  0.000000E+00  3.431855E-02  4.715095E-02
  1.538357E+00  3.458568E+00  5.286460E+01  2.251934E+00  3.314370E+00
  2.251934E+00  5.102164E+01  5.617137E+00  3.314370E+00  5.617137E+00
  5.252840E+01
     12330  1.233000E+01        41
 -1.201992E+06  3.007072E+02 -1.203076E+06  2.919644E+05 -1.495041E+06
  0.000000E+00  2.970302E-03  0.000000E+00  0.000000E+00 -1.184374E+06
  2.953211E+02 -5.069532E+04 -1.544826E+06  1.494165E+06  0.000000E+00
 -2.870070E-02  0.000000E+00  0.000000E+00  5.568179E+03  0.000000E+00
  0.000000E+00  0.000000E+00  9.000000E+01  9.000000E+01  9.000000E+01
  0.000000E+00  5.185490E+01  0.000000E+00  3.422131E-02  4.241164E-02
  1.553282E+00  3.436636E+00  5.165040E+01 -2.836024E-01 -5.724335E-03
 -2.836024E-01  5.162243E+01  3.513752E+00 -5.724335E-03  3.513752E+00
  5.229186E+01
     12360  1.236000E+01        41
 -1.201993E+06  3.074430E+02 -1.203101E+06  2.920804E+05 -1.495181E+06
  0.000000E+00  3.035051E-03  0.000000E+00  0.000000E+00 -1.184221E+06
  2.600137E+02 -5.110386E+04 -1.545363E+06  1.494305E+06  0.000000E+00
 -2.933350E-02  0.000000E+00  0.000000E+00  5.568179E+03  0.000000E+00
  0.000000E+00  0.000000E+00  9.000000E+01  9.000000E+01  9.000000E+01
  0.000000E+00  5.230420E+01  0.000000E+00  3.232663E-02  4.155609E-02
  1.622642E+00  3.517518E+00  4.953830E+01  6.675843E-03  3.732409E+00
  6.675843E-03  5.505593E+01  3.375525E+00  3.732409E+00  3.375525E+00
  5.231839E+01
     12390  1.239000E+01        41
 -1.201992E+06  3.130568E+02 -1.203121E+06  2.927119E+05 -1.495833E+06
  0.000000E+00  2.991276E-03  0.000000E+00  0.000000E+00 -1.183484E+06
  2.182613E+02 -5.327422E+04 -1.548175E+06  1.494951E+06  0.000000E+00
 -2.891034E-02  0.000000E+00  0.000000E+00  5.568179E+03  0.000000E+00
  0.000000E+00  0.000000E+00  9.000000E+01  9.000000E+01  9.000000E+01
  0.000000E+00  5.447419E+01  0.000000E+00  3.297288E-02  4.719456E-02
  1.746323E+00  3.699117E+00  5.492733E+01 -1.432435E+00  2.793446E+00
 -1.432435E+00  5.298988E+01  1.998472E+00  2.793446E+00  1.998472E+00
  5.550538E+01
     12420  1.242000E+01        41
 -1.201992E+06  3.093252E+02 -1.203107E+06  2.926372E+05 -1.495744E+06
  0.000000E+00  3.015197E-03  0.000000E+00  0.000000E+00 -1.183557E+06
  1.702100E+02 -5.307942E+04 -1.547872E+06  1.494867E+06  0.000000E+00
 -2.915202E-02  0.000000E+00  0.000000E+00  5.568179E+03  0.000000E+00
  0.000000E+00  0.000000E+00  9.000000E+01  9.000000E+01  9.000000E+01
  0.000000E+00  5.425786E+01  0.000000E+00  3.906589E-02  4.989724E-02
  1.905292E+00  3.943277E+00  5.749736E+01  6.594396E-01  2.628601E+00
  6.594396E-01  5.160852E+01 -2.230661E+00  2.628601E+00 -2.230661E+00
  5.366771E+01
     12450  1.245000E+01        41
 -1.201992E+06  3.091192E+02 -1.203107E+06  2.918570E+05 -1.494963E+06
  0.000000E+00  2.953419E-03  0.000000E+00  0.000000E+00 -1.184439E+06
  1.612189E+02 -5.043445E+04 -1.544426E+06  1.494092E+06  0.000000E+00
 -2.856218E-02  0.000000E+00  0.000000E+00  5.568179E+03  0.000000E+00
  0.000000E+00  0.000000E+00  9.000000E+01  9.000000E+01  9.000000E+01
  0.000000E+00  5.166174E+01  0.000000E+00  4.410325E-02  5.389176E-02
  2.082569E+00  4.223374E+00  5.234558E+01  1.106263E-01  2.480761E+00
  1.106263E-01  4.762225E+01 -4.752073E+00  2.480761E+00 -4.752073E+00
  5.501739E+01
     12480  1.248000E+01        41
 -1.201992E+06  2.865240E+02 -1.203025E+06  2.916454E+05 -1.494670E+06
  0.000000E+00  3.117342E-03  0.000000E+00  0.000000E+00 -1.184692E+06
  2.174620E+02 -4.984013E+04 -1.543575E+06  1.493800E+06  0.000000E+00
 -3.014677E-02  0.000000E+00  0.000000E+00  5.568179E+03  0.000000E+00
  0.000000E+00  0.000000E+00  9.000000E+01  9.000000E+01  9.000000E+01
  0.000000E+00  5.091750E+01  0.000000E+00  4.858607E-02  5.699987E-02
  2.300006E+00  4.588700E+00  5.435737E+01 -2.596962E-01  9.541180E-01
 -2.596962E-01  5.426475E+01 -9.301552E-01  9.541180E-01 -9.301552E-01
  4.413038E+01
     12510  1.251000E+01        41
 -1.201993E+06  3.068393E+02 -1.203099E+06  2.914420E+05 -1.494541E+06
  0.000000E+00  3.087525E-03  0.000000E+00  0.000000E+00 -1.184911E+06
  2.882390E+02 -4.904214E+04 -1.542669E+06  1.493669E+06  0.000000E+00
 -2.985315E-02  0.000000E+00  0.000000E+00  5.568179E+03  0.000000E+00
  0.000000E+00  0.000000E+00  9.000000E+01  9.000000E+01  9.000000E+01
  0.000000E+00  5.027656E+01  0.000000E+00  4.669158E-02  5.748476E-02
  2.564040E+00  5.053219E+00  5.084911E+01 -1.030033E+00  6.572191E-01
 -1.030033E+00  4.872796E+01  2.648916E-01  6.572191E-01  2.648916E-01
  5.125262E+01
     12540  1.254000E+01        41
 -1.201993E+06  3.082646E+02 -1.203104E+06  2.920929E+05 -1.495197E+06
  0.000000E+00  2.908847E-03  0.000000E+00  0.000000E+00 -1.184182E+06
  3.917097E+02 -5.121927E+04 -1.545479E+06  1.494315E+06  0.000000E+00
 -2.812211E-02  0.000000E+00  0.000000E+00  5.568179E+03  0.000000E+00
  0.000000E+00  0.000000E+00  9.000000E+01  9.000000E+01  9.000000E+01
  0.000000E+00  5.242002E+01  0.000000E+00  3.980106E-02  5.380687E-02
  2.853259E+00  5.585835E+00  5.044649E+01 -8.689014E-01  1.223599E+00
 -8.689014E-01  5.542898E+01  9.721878E-01  1.223599E+00  9.721878E-01
  5.138458E+01
     12570  1.257000E+01        41
 -1.201993E+06  3.123146E+02 -1.203118E+06  2.927041E+05 -1.495822E+06
  0.000000E+00  2.996318E-03  0.000000E+00  0.000000E+00 -1.183464E+06
  5.028144E+02 -5.334755E+04 -1.548232E+06  1.494938E+06  0.000000E+00
 -2.898328E-02  0.000000E+00  0.000000E+00  5.568179E+03  0.000000E+00
  0.000000E+00  0.000000E+00  9.000000E+01  9.000000E+01  9.000000E+01
  0.000000E+00  5.453392E+01  0.000000E+00  3.500719E-02  4.446771E-02
  3.126991E+00  6.150130E+00  5.223422E+01 -3.066713E-01 -1.103973E+00
 -3.066713E-01  5.419671E+01  1.806786E+00 -1.103973E+00  1.806786E+00
  5.717084E+01
     12600  1.260000E+01        41
 -1.201993E+06  3.207051E+02 -1.203149E+06  2.918973E+05 -1.495046E+06
  0.000000E+00  2.793843E-03  0.000000E+00  0.000000E+00 -1.184379E+06
  6.418461E+02 -5.054724E+04 -1.544666E+06  1.494165E+06  0.000000E+00
 -2.700120E-02  0.000000E+00  0.000000E+00  5.568179E+03  0.000000E+00
  0.000000E+00  0.000000E+00  9.000000E+01  9.000000E+01  9.000000E+01
  0.000000E+00  5.184257E+01  0.000000E+00  3.011646E-02  4.002232E-02
  3.358439E+00  6.717425E+00  5.111150E+01 -1.411664E+00  7.700931E-01
 -1.411664E+00  5.495697E+01  8.237322E-01  7.700931E-01  8.237322E-01
  4.945925E+01
     12630  1.263000E+01        41
 -1.201993E+06  3.189529E+02 -1.203142E+06  2.932321E+05 -1.496374E+06
  0.000000E+00  3.067124E-03  0.000000E+00  0.000000E+00 -1.182958E+06
  7.596686E+02 -5.482479E+04 -1.550308E+06  1.495501E+06  0.000000E+00
 -2.960009E-02  0.000000E+00  0.000000E+00  5.568179E+03  0.000000E+00
  0.000000E+00  0.000000E+00  9.000000E+01  9.000000E+01  9.000000E+01
  0.000000E+00  5.602385E+01  0.000000E+00  2.838016E-02  3.692645E-02
  3.544156E+00  7.286152E+00  5.087386E+01 -4.858970E-01 -1.450637E+00
 -4.858970E-01  5.942634E+01  2.456190E+00 -1.450637E+00  2.456190E+00
  5.777136E+01
     12660  1.266000E+01        41
 -1.201992E+06  2.820591E+02 -1.203008E+06  2.917880E+05 -1.494796E+06
  0.000000E+00  3.145751E-03  0.000000E+00  0.000000E+00 -1.184603E+06
  8.429802E+02 -5.015478E+04 -1.544064E+06  1.493917E+06  0.000000E+00
 -3.041211E-02  0.000000E+00  0.000000E+00  5.568179E+03  0.000000E+00
  0.000000E+00  0.000000E+00  9.000000E+01  9.000000E+01  9.000000E+01
  0.000000E+00  5.117931E+01  0.000000E+00  3.027767E-02  3.810131E-02
  3.707614E+00  7.882058E+00  4.737331E+01  1.200361E+00  2.048193E+00
  1.200361E+00  5.583793E+01 -3.976863E-01  2.048193E+00 -3.976863E-01
  5.032669E+01
     12690  1.269000E+01        41
 -1.201993E+06  3.336361E+02 -1.203196E+06  2.925895E+05 -1.495785E+06
  0.000000E+00  3.150452E-03  0.000000E+00  0.000000E+00 -1.183647E+06
  8.135616E+02 -5.265269E+04 -1.547558E+06  1.494913E+06  0.000000E+00
 -3.040003E-02  0.000000E+00  0.000000E+00  5.568179E+03  0.000000E+00
  0.000000E+00  0.000000E+00  9.000000E+01  9.000000E+01  9.000000E+01
  0.000000E+00  5.399541E+01  0.000000E+00  3.050468E-02  3.695856E-02
  3.863278E+00  8.503597E+00  4.756343E+01  5.102933E-01  7.031052E-01
  5.102933E-01  5.864282E+01  1.122376E+00  7.031052E-01  1.122376E+00
  5.577997E+01
     12720  1.272000E+01        41
 -1.201992E+06  3.003524E+02 -1.203075E+06  2.927077E+05 -1.495782E+06
  0.000000E+00  2.930007E-03  0.000000E+00  0.000000E+00 -1.183563E+06
  7.511656E+02 -5.314027E+04 -1.548047E+06  1.494907E+06  0.000000E+00
 -2.832712E-02  0.000000E+00  0.000000E+00  5.568179E+03  0.000000E+00
  0.000000E+00  0.000000E+00  9.000000E+01  9.000000E+01  9.000000E+01
  0.000000E+00  5.423989E+01  0.000000E+00  3.070953E-02  3.925930E-02
  4.021026E+00  9.137175E+00  5.333326E+01  2.516477E+00  3.934125E-01
  2.516477E+00  5.295521E+01 -1.131253E+00  3.934125E-01 -1.131253E+00
  5.643122E+01
     12750  1.275000E+01        41
 -1.201993E+06  3.246006E+02 -1.203163E+06  2.927535E+05 -1.495916E+06
  0.000000E+00  3.008693E-03  0.000000E+00  0.000000E+00 -1.183475E+06
  6.702678E+02 -5.323021E+04 -1.548251E+06  1.495040E+06  0.000000E+00
 -2.904975E-02  0.000000E+00  0.000000E+00  5.568179E+03  0.000000E+00
  0.000000E+00  0.000000E+00  9.000000E+01  9.000000E+01  9.000000E+01
  0.000000E+00  5.450159E+01  0.000000E+00  3.151416E-02  4.012150E-02
  4.188539E+00  9.774641E+00  5.228754E+01  5.846394E-01  9.663461E-01
  5.846394E-01  5.267770E+01 -2.250261E+00  9.663461E-01 -2.250261E+00
  5.853955E+01
     12780  1.278000E+01        41
 -1.201993E+06  2.978368E+02 -1.203066E+06  2.923909E+05 -1.495457E+06
  0.000000E+00  2.910826E-03  0.000000E+00  0.000000E+00 -1.183855E+06
  6.074260E+02 -5.228108E+04 -1.546834E+06  1.494582E+06  0.000000E+00
 -2.815096E-02  0.000000E+00  0.000000E+00  5.568179E+03  0.000000E+00
  0.000000E+00  0.000000E+00  9.000000E+01  9.000000E+01  9.000000E+01
  0.000000E+00  5.338269E+01  0.000000E+00  3.421739E-02  4.338997E-02
  4.350119E+00  1.036230E+01  4.653887E+01 -3.872823E-01 -3.628483E-01
 -3.872823E-01  5.744943E+01 -8.055930E-01 -3.628483E-01 -8.055930E-01
  5.615978E+01
     12810  1.281000E+01        41
 -1.201993E+06  3.034150E+02 -1.203086E+06  2.921807E+05 -1.495267E+06
  0.000000E+00  3.146575E-03  0.000000E+00  0.000000E+00 -1.184085E+06
  6.452690E+02 -5.155213E+04 -1.545923E+06  1.494395E+06  0.000000E+00
 -3.042869E-02  0.000000E+00  0.000000E+00  5.568179E+03  0.000000E+00
  0.000000E+00  0.000000E+00  9.000000E+01  9.000000E+01  9.000000E+01
  0.000000E+00  5.270607E+01  0.000000E+00  3.689247E-02  4.477529E-02
  4.488759E+00  1.086117E+01  5.065740E+01  2.110892E-01  8.803208E-01
  2.110892E-01  5.535706E+01  1.418296E+00  8.803208E-01  1.418296E+00
  5.210376E+01
     12840  1.284000E+01        41
 -1.201993E+06  3.052863E+02 -1.203093E+06  2.915435E+05 -1.494636E+06
  0.000000E+00  2.815954E-03  0.000000E+00  0.000000E+00 -1.184838E+06
  7.307618E+02 -4.928043E+04 -1.543018E+06  1.493763E+06  0.000000E+00
 -2.723788E-02  0.000000E+00  0.000000E+00  5.568179E+03  0.000000E+00
  0.000000E+00  0.000000E+00  9.000000E+01  9.000000E+01  9.000000E+01
  0.000000E+00  5.048853E+01  0.000000E+00  3.805251E-02  4.531649E-02
  4.598242E+00  1.125992E+01  4.818957E+01  9.732770E-02 -3.067869E+00
  9.732770E-02  5.249816E+01 -4.422292E+00 -3.067869E+00 -4.422292E+00
  5.077786E+01
     12870  1.287000E+01        41
 -1.201993E+06  3.137691E+02 -1.203124E+06  2.924861E+05 -1.495610E+06
  0.000000E+00  3.071868E-03  0.000000E+00  0.000000E+00 -1.183742E+06
  8.227815E+02 -5.251088E+04 -1.547226E+06  1.494727E+06  0.000000E+00
 -2.970174E-02  0.000000E+00  0.000000E+00  5.568179E+03  0.000000E+00
  0.000000E+00  0.000000E+00  9.000000E+01  9.000000E+01  9.000000E+01
  0.000000E+00  5.371555E+01  0.000000E+00  3.645785E-02  4.764459E-02
  4.690419E+00  1.159127E+01  5.204134E+01 -1.643078E+00  1.090483E+00
 -1.643078E+00  5.622101E+01 -7.001359E-03  1.090483E+00 -7.001359E-03
  5.288430E+01
     12900  1.290000E+01        41
 -1.201993E+06  3.153522E+02 -1.203129E+06  2.915159E+05 -1.494645E+06
  0.000000E+00  2.827228E-03  0.000000E+00  0.000000E+00 -1.184830E+06
  8.865476E+02 -4.923589E+04 -1.543000E+06  1.493768E+06  0.000000E+00
 -2.736292E-02  0.000000E+00  0.000000E+00  5.568179E+03  0.000000E+00
  0.000000E+00  0.000000E+00  9.000000E+01  9.000000E+01  9.000000E+01
  0.000000E+00  5.051220E+01  0.000000E+00  3.327913E-02  4.530569E-02
  4.778098E+00  1.189864E+01  4.906454E+01 -2.299800E+00 -2.095040E+00
 -2.299800E+00  5.107690E+01  3.866121E+00 -2.095040E+00  3.866121E+00
  5.139517E+01
     12930  1.293000E+01        41
 -1.201992E+06  2.998301E+02 -1.203073E+06  2.923411E+05 -1.495414E+06
  0.000000E+00  3.007403E-03  0.000000E+00  0.000000E+00 -1.183949E+06
  9.307581E+02 -5.199285E+04 -1.546533E+06  1.494532E+06  0.000000E+00
 -2.906368E-02  0.000000E+00  0.000000E+00  5.568179E+03  0.000000E+00
  0.000000E+00  0.000000E+00  9.000000E+01  9.000000E+01  9.000000E+01
  0.000000E+00  5.310610E+01  0.000000E+00  3.031536E-02  4.128901E-02
  4.861595E+00  1.218601E+01  5.283882E+01  1.891458E+00 -3.662459E-01
  1.891458E+00  5.655202E+01  3.114704E+00 -3.662459E-01  3.114704E+00
  4.992747E+01
     12960  1.296000E+01        41
 -1.201993E+06  3.156446E+02 -1.203130E+06  2.920833E+05 -1.495214E+06
  0.000000E+00  2.969328E-03  0.000000E+00  0.000000E+00 -1.184221E+06
  9.109811E+02 -5.106062E+04 -1.545386E+06  1.494332E+06  0.000000E+00
 -2.867135E-02  0.000000E+00  0.000000E+00  5.568179E+03  0.000000E+00
  0.000000E+00  0.000000E+00  9.000000E+01  9.000000E+01  9.000000E+01
  0.000000E+00  5.230386E+01  0.000000E+00  2.689041E-02  3.927152E-02
  4.935765E+00  1.245055E+01  4.854964E+01 -2.733119E-02 -4.108019E+00
 -2.733119E-02  5.487751E+01 -5.862893E-01 -4.108019E+00 -5.862893E-01
  5.348442E+01
     12990  1.299000E+01        41
 -1.201992E+06  3.051116E+02 -1.203092E+06  2.922015E+05 -1.495293E+06
  0.000000E+00  3.007565E-03  0.000000E+00  0.000000E+00 -1.184148E+06
  8.392522E+02 -5.135471E+04 -1.545753E+06  1.494413E+06  0.000000E+00
 -2.903267E-02  0.000000E+00  0.000000E+00  5.568179E+03  0.000000E+00
  0.000000E+00  0.000000E+00  9.000000E+01  9.000000E+01  9.000000E+01
  0.000000E+00  5.251964E+01  0.000000E+00  3.081671E-02  3.966310E-02
  4.987114E+00  1.268172E+01  5.668690E+01 -3.522358E+00 -2.664542E+00
 -3.522358E+00  4.763953E+01 -1.045670E+00 -2.664542E+00 -1.045670E+00
  5.323248E+01
     13020  1.302000E+01        41
 -1.201992E+06  2.971534E+02 -1.203063E+06  2.919864E+05 -1.495049E+06
  0.000000E+00  3.070200E-03  0.000000E+00  0.000000E+00 -1.184383E+06
  7.905705E+02 -5.070528E+04 -1.544877E+06  1.494169E+06  0.000000E+00
 -2.966947E-02  0.000000E+00  0.000000E+00  5.568179E+03  0.000000E+00
  0.000000E+00  0.000000E+00  9.000000E+01  9.000000E+01  9.000000E+01
  0.000000E+00  5.182742E+01  0.000000E+00  3.495263E-02  4.448189E-02
  5.013725E+00  1.287875E+01  5.247069E+01  4.905645E-03 -4.110292E+00
  4.905645E-03  5.271338E+01 -3.461498E+00 -4.110292E+00 -3.461498E+00
  5.029818E+01
     13050  1.305000E+01        41
 -1.201992E+06  2.938778E+02 -1.203051E+06  2.909969E+05 -1.494048E+06
  0.000000E+00  3.047622E-03  0.000000E+00  0.000000E+00 -1.185464E+06
  7.583680E+02 -4.748583E+04 -1.540673E+06  1.493178E+06  0.000000E+00
 -2.945502E-02  0.000000E+00  0.000000E+00  5.568179E+03  0.000000E+00
  0.000000E+00  0.000000E+00  9.000000E+01  9.000000E+01  9.000000E+01
  0.000000E+00  4.864655E+01  0.000000E+00  4.061596E-02  5.088237E-02
  5.027459E+00  1.304686E+01  5.286415E+01  3.262386E+00 -2.325969E+00
  3.262386E+00  4.654625E+01 -4.112001E+00 -2.325969E+00 -4.112001E+00
  4.652923E+01
     13080  1.308000E+01        41
 -1.201992E+06  3.217969E+02 -1.203152E+06  2.921824E+05 -1.495335E+06
  0.000000E+00  2.989047E-03  0.000000E+00  0.000000E+00 -1.184072E+06
  7.063130E+02 -5.145916E+04 -1.545917E+06  1.494456E+06  0.000000E+00
 -2.888313E-02  0.000000E+00  0.000000E+00  5.568179E+03  0.000000E+00
  0.000000E+00  0.000000E+00  9.000000E+01  9.000000E+01  9.000000E+01
  0.000000E+00  5.274337E+01  0.000000E+00  4.370193E-02  5.180986E-02
  5.031170E+00  1.319309E+01  4.625290E+01  1.999300E+00  2.880063E+00
  1.999300E+00  5.992541E+01 -3.967100E-01  2.880063E+00 -3.967100E-01
  5.205181E+01
     13110  1.311000E+01        41
 -1.201992E+06  2.936915E+02 -1.203051E+06  2.917727E+05 -1.494823E+06
  0.000000E+00  3.139778E-03  0.000000E+00  0.000000E+00 -1.184577E+06
  6.389274E+02 -5.014471E+04 -1.544092E+06  1.493953E+06  0.000000E+00
 -3.035485E-02  0.000000E+00  0.000000E+00  5.568179E+03  0.000000E+00
  0.000000E+00  0.000000E+00  9.000000E+01  9.000000E+01  9.000000E+01
  0.000000E+00  5.125668E+01  0.000000E+00  4.517608E-02  5.909983E-02
  5.019722E+00  1.331027E+01  4.780416E+01  9.826769E-01  6.392110E-01
  9.826769E-01  5.623004E+01 -2.748894E-01  6.392110E-01 -2.748894E-01
  4.973586E+01
     13140  1.314000E+01        41
 -1.201993E+06  3.176252E+02 -1.203138E+06  2.906399E+05 -1.493777E+06
  0.000000E+00  2.879058E-03  0.000000E+00  0.000000E+00 -1.185778E+06
  5.851744E+02 -4.636839E+04 -1.539238E+06  1.492906E+06  0.000000E+00
 -2.784070E-02  0.000000E+00  0.000000E+00  5.568179E+03  0.000000E+00
  0.000000E+00  0.000000E+00  9.000000E+01  9.000000E+01  9.000000E+01
  0.000000E+00  4.772245E+01  0.000000E+00  5.119358E-02  6.008830E-02
  4.994852E+00  1.341341E+01  4.574939E+01  2.952664E+00  2.777422E+00
  2.952664E+00  5.088108E+01  4.919161E+00  2.777422E+00  4.919161E+00
  4.653689E+01
     13170  1.317000E+01        41
 -1.201992E+06  2.903756E+02 -1.203039E+06  2.917009E+05 -1.494740E+06
  0.000000E+00  3.217770E-03  0.000000E+00  0.000000E+00 -1.184655E+06
  5.349679E+02 -4.993207E+04 -1.543777E+06  1.493874E+06  0.000000E+00
 -3.109382E-02  0.000000E+00  0.000000E+00  5.568179E+03  0.000000E+00
  0.000000E+00  0.000000E+00  9.000000E+01  9.000000E+01  9.000000E+01
  0.000000E+00  5.102717E+01  0.000000E+00  5.217796E-02  6.465580E-02
  4.958067E+00  1.352891E+01  4.733247E+01 -2.587998E+00 -1.454353E+00
 -2.587998E+00  5.032394E+01  6.828909E-01 -1.454353E+00  6.828909E-01
  5.542509E+01
     13200  1.320000E+01        41
 -1.201992E+06  3.153647E+02 -1.203129E+06  2.917193E+05 -1.494848E+06
  0.000000E+00  2.892702E-03  0.000000E+00  0.000000E+00 -1.184631E+06
  5.319256E+02 -4.982379E+04 -1.543792E+06  1.493973E+06  0.000000E+00
 -2.795761E-02  0.000000E+00  0.000000E+00  5.568179E+03  0.000000E+00
  0.000000E+00  0.000000E+00  9.000000E+01  9.000000E+01  9.000000E+01
  0.000000E+00  5.109774E+01  0.000000E+00  5.153362E-02  6.232250E-02
  4.916714E+00  1.365887E+01  4.942493E+01  2.956604E-01 -6.953289E-01
  2.956604E-01  5.160788E+01  6.781541E+00 -6.953289E-01  6.781541E+00
  5.226041E+01
     13230  1.323000E+01        41
 -1.201992E+06  3.101724E+02 -1.203110E+06  2.916699E+05 -1.494780E+06
  0.000000E+00  3.157345E-03  0.000000E+00  0.000000E+00 -1.184653E+06
  5.575431E+02 -4.979575E+04 -1.543705E+06  1.493909E+06  0.000000E+00
 -3.050913E-02  0.000000E+00  0.000000E+00  5.568179E+03  0.000000E+00
  0.000000E+00  0.000000E+00  9.000000E+01  9.000000E+01  9.000000E+01
  0.000000E+00  5.103288E+01  0.000000E+00  5.044477E-02  6.072980E-02
  4.881933E+00  1.380225E+01  4.461891E+01 -7.368360E-01 -3.019857E+00
 -7.368360E-01  5.166603E+01 -2.134277E+00 -3.019857E+00 -2.134277E+00
  5.681371E+01
     13260  1.326000E+01        41
 -1.201992E+06  3.112542E+02 -1.203114E+06  2.913158E+05 -1.494430E+06
  0.000000E+00  3.112143E-03  0.000000E+00  0.000000E+00 -1.185051E+06
  5.637845E+02 -4.859326E+04 -1.542163E+06  1.493558E+06  0.000000E+00
 -3.009278E-02  0.000000E+00  0.000000E+00  5.568179E+03  0.000000E+00
  0.000000E+00  0.000000E+00  9.000000E+01  9.000000E+01  9.000000E+01
  0.000000E+00  4.986065E+01  0.000000E+00  4.772833E-02  5.764285E-02
  4.853193E+00  1.394048E+01  4.274565E+01 -2.171241E+00 -8.932224E-01
 -2.171241E+00  5.393657E+01 -3.175410E+00 -8.932224E-01 -3.175410E+00
  5.289974E+01
     13290  1.329000E+01        41
 -1.201993E+06  3.381522E+02 -1.203212E+06  2.911928E+05 -1.494405E+06
  0.000000E+00  3.132604E-03  0.000000E+00  0.000000E+00 -1.185121E+06
  5.741243E+02 -4.819346E+04 -1.541740E+06  1.493530E+06  0.000000E+00
 -3.027718E-02  0.000000E+00  0.000000E+00  5.568179E+03  0.000000E+00
  0.000000E+00  0.000000E+00  9.000000E+01  9.000000E+01  9.000000E+01
  0.000000E+00  4.965840E+01  0.000000E+00  4.538050E-02  5.509367E-02
  4.836527E+00  1.407514E+01  4.633421E+01  5.287398E-01 -2.749686E+00
  5.287398E-01  5.278131E+01 -3.156356E+00 -2.749686E+00 -3.156356E+00
  4.985968E+01
     13320  1.332000E+01        41
 -1.201992E+06  3.043567E+02 -1.203089E+06  2.909524E+05 -1.494041E+06
  0.000000E+00  3.042308E-03  0.000000E+00  0.000000E+00 -1.185458E+06
  5.302530E+02 -4.742155E+04 -1.540550E+06  1.493165E+06  0.000000E+00
 -2.943169E-02  0.000000E+00  0.000000E+00  5.568179E+03  0.000000E+00
  0.000000E+00  0.000000E+00  9.000000E+01  9.000000E+01  9.000000E+01
  0.000000E+00  4.866317E+01  0.000000E+00  4.300117E-02  5.520041E-02
  4.831543E+00  1.419591E+01  3.894057E+01 -6.500618E-01  2.520758E+00
 -6.500618E-01  5.241731E+01 -9.952658E-01  2.520758E+00 -9.952658E-01
  5.463164E+01
     13350  1.335000E+01        41
 -1.201992E+06  3.127578E+02 -1.203120E+06  2.913745E+05 -1.494494E+06
  0.000000E+00  3.132867E-03  0.000000E+00  0.000000E+00 -1.184969E+06
  5.021238E+02 -4.882623E+04 -1.542405E+06  1.493619E+06  0.000000E+00
 -3.029785E-02  0.000000E+00  0.000000E+00  5.568179E+03  0.000000E+00
  0.000000E+00  0.000000E+00  9.000000E+01  9.000000E+01  9.000000E+01
  0.000000E+00  5.010136E+01  0.000000E+00  4.142437E-02  5.485221E-02
  4.827799E+00  1.424853E+01  5.308974E+01 -7.827043E-01 -1.966994E-01
 -7.827043E-01  5.025195E+01 -2.962406E+00 -1.966994E-01 -2.962406E+00
  4.696240E+01
     13380  1.338000E+01        41
 -1.201992E+06  2.962982E+02 -1.203060E+06  2.906403E+05 -1.493700E+06
  0.000000E+00  2.976833E-03  0.000000E+00  0.000000E+00 -1.185817E+06
  6.138167E+02 -4.640461E+04 -1.539190E+06  1.492818E+06  0.000000E+00
 -2.878323E-02  0.000000E+00  0.000000E+00  5.568179E+03  0.000000E+00
  0.000000E+00  0.000000E+00  9.000000E+01  9.000000E+01  9.000000E+01
  0.000000E+00  4.760646E+01  0.000000E+00  4.068875E-02  5.274762E-02
  4.812080E+00  1.419885E+01  4.963481E+01 -9.024653E-01  1.347301E+00
 -9.024653E-01  4.494535E+01  4.311939E+00  1.347301E+00  4.311939E+00
  4.823921E+01
     13410  1.341000E+01        41
 -1.201992E+06  3.224439E+02 -1.203154E+06  2.915984E+05 -1.494753E+06
  0.000000E+00  3.184815E-03  0.000000E+00  0.000000E+00 -1.184680E+06
  7.104866E+02 -4.962983E+04 -1.543489E+06  1.493875E+06  0.000000E+00
 -3.078408E-02  0.000000E+00  0.000000E+00  5.568179E+03  0.000000E+00
  0.000000E+00  0.000000E+00  9.000000E+01  9.000000E+01  9.000000E+01
  0.000000E+00  5.095315E+01  0.000000E+00  3.989850E-02  5.078900E-02
  4.779742E+00  1.404739E+01  4.972548E+01  3.817966E-01  1.767510E+00
  3.817966E-01  5.633004E+01 -4.048789E+00  1.767510E+00 -4.048789E+00
  4.680393E+01
     13440  1.344000E+01        41
 -1.201993E+06  3.205827E+02 -1.203148E+06  2.899915E+05 -1.493140E+06
  0.000000E+00  2.953742E-03  0.000000E+00  0.000000E+00 -1.186453E+06
  7.151655E+02 -4.432702E+04 -1.536567E+06  1.492260E+06  0.000000E+00
 -2.859348E-02  0.000000E+00  0.000000E+00  5.568179E+03  0.000000E+00
  0.000000E+00  0.000000E+00  9.000000E+01  9.000000E+01  9.000000E+01
  0.000000E+00  4.573747E+01  0.000000E+00  3.980072E-02  5.288041E-02
  4.736761E+00  1.383315E+01  4.241337E+01  1.056611E+00  3.677704E-01
  1.056611E+00  4.805913E+01 -8.154095E-01  3.677704E-01 -8.154095E-01
  4.673990E+01
     13470  1.347000E+01        41
 -1.201992E+06  3.250142E+02 -1.203164E+06  2.907918E+05 -1.493955E+06
  0.000000E+00  2.830382E-03  0.000000E+00  0.000000E+00 -1.185569E+06
  5.471141E+02 -4.694000E+04 -1.539926E+06  1.493071E+06  0.000000E+00
 -2.737158E-02  0.000000E+00  0.000000E+00  5.568179E+03  0.000000E+00
  0.000000E+00  0.000000E+00  9.000000E+01  9.000000E+01  9.000000E+01
  0.000000E+00  4.833642E+01  0.000000E+00  4.098187E-02  5.265143E-02
  4.685620E+00  1.357573E+01  4.675292E+01  2.458031E+00 -1.033455E+00
  2.458031E+00  5.218207E+01  8.539845E-01 -1.033455E+00  8.539845E-01
  4.607427E+01
     13500  1.350000E+01        41
 -1.201993E+06  3.131394E+02 -1.203121E+06  2.920863E+05 -1.495208E+06
  0.000000E+00  3.095798E-03  0.000000E+00  0.000000E+00 -1.184130E+06
  3.755965E+02 -5.133879E+04 -1.545610E+06  1.494329E+06  0.000000E+00
 -2.992362E-02  0.000000E+00  0.000000E+00  5.568179E+03  0.000000E+00
  0.000000E+00  0.000000E+00  9.000000E+01  9.000000E+01  9.000000E+01
  0.000000E+00  5.257215E+01  0.000000E+00  4.179422E-02  5.237918E-02
  4.624835E+00  1.326740E+01  5.570196E+01 -6.729592E-01  3.867090E-01
 -6.729592E-01  4.956744E+01 -3.140598E+00  3.867090E-01 -3.140598E+00
  5.244703E+01
     13530  1.353000E+01        41
 -1.201992E+06  3.071690E+02 -1.203099E+06  2.916573E+05 -1.494757E+06
  0.000000E+00  2.932054E-03  0.000000E+00  0.000000E+00 -1.184653E+06
  3.095126E+02 -4.980997E+04 -1.543617E+06  1.493881E+06  0.000000E+00
 -2.837449E-02  0.000000E+00  0.000000E+00  5.568179E+03  0.000000E+00
  0.000000E+00  0.000000E+00  9.000000E+01  9.000000E+01  9.000000E+01
  0.000000E+00  5.103166E+01  0.000000E+00  4.592060E-02  5.299597E-02
  4.570932E+00  1.296048E+01  5.833078E+01 -2.774886E+00  2.961842E+00
 -2.774886E+00  4.512884E+01  5.199325E+00  2.961842E+00  5.199325E+00
  4.963537E+01
     13560  1.356000E+01        41
 -1.201992E+06  2.951338E+02 -1.203056E+06  2.908750E+05 -1.493931E+06
  0.000000E+00  2.943265E-03  0.000000E+00  0.000000E+00 -1.185593E+06
  3.608948E+02 -4.707794E+04 -1.540069E+06  1.493057E+06  0.000000E+00
 -2.849482E-02  0.000000E+00  0.000000E+00  5.568179E+03  0.000000E+00
  0.000000E+00  0.000000E+00  9.000000E+01  9.000000E+01  9.000000E+01
  0.000000E+00  4.826499E+01  0.000000E+00  4.689221E-02  5.763915E-02
  4.518957E+00  1.264327E+01  5.098329E+01  4.151310E-01  3.229549E+00
  4.151310E-01  4.510114E+01  7.075067E-01  3.229549E+00  7.075067E-01
  4.871054E+01
     13590  1.359000E+01        41
 -1.201992E+06  2.821661E+02 -1.203009E+06  2.917413E+05 -1.494750E+06
  0.000000E+00  3.009055E-03  0.000000E+00  0.000000E+00 -1.184621E+06
  3.843329E+02 -5.008721E+04 -1.543876E+06  1.493881E+06  0.000000E+00
 -2.908831E-02  0.000000E+00  0.000000E+00  5.568179E+03  0.000000E+00
  0.000000E+00  0.000000E+00  9.000000E+01  9.000000E+01  9.000000E+01
  0.000000E+00  5.112500E+01  0.000000E+00  4.905350E-02  5.554547E-02
  4.453452E+00  1.229087E+01  4.613376E+01  5.449374E-01  9.601583E-01
  5.449374E-01  5.678216E+01  7.563161E-01  9.601583E-01  7.563161E-01
  5.045907E+01
     13620  1.362000E+01        41
 -1.201992E+06  3.049971E+02 -1.203091E+06  2.917551E+05 -1.494846E+06
  0.000000E+00  3.082906E-03  0.000000E+00  0.000000E+00 -1.184585E+06
  4.240025E+02 -5.003270E+04 -1.543983E+06  1.493972E+06  0.000000E+00
 -2.981362E-02  0.000000E+00  0.000000E+00  5.568179E+03  0.000000E+00
  0.000000E+00  0.000000E+00  9.000000E+01  9.000000E+01  9.000000E+01
  0.000000E+00  5.123201E+01  0.000000E+00  4.893735E-02  5.662898E-02
  4.341343E+00  1.185192E+01  4.395415E+01  2.725654E-01 -5.792994E-01
  2.725654E-01  5.551030E+01  3.200390E-01 -5.792994E-01  3.200390E-01
  5.423160E+01
     13650  1.365000E+01        41
 -1.201993E+06  3.178010E+02 -1.203138E+06  2.913055E+05 -1.494444E+06
  0.000000E+00  3.008215E-03  0.000000E+00  0.000000E+00 -1.185052E+06
  4.724252E+02 -4.854399E+04 -1.542130E+06  1.493580E+06  0.000000E+00
 -2.908288E-02  0.000000E+00  0.000000E+00  5.568179E+03  0.000000E+00
  0.000000E+00  0.000000E+00  9.000000E+01  9.000000E+01  9.000000E+01
  0.000000E+00  4.986086E+01  0.000000E+00  4.630657E-02  5.650314E-02
  4.209571E+00  1.136325E+01  5.064832E+01 -3.276819E+00  1.840025E+00
 -3.276819E+00  5.234265E+01 -1.816751E+00  1.840025E+00 -1.816751E+00
  4.659161E+01
     13680  1.368000E+01        41
 -1.201992E+06  3.131682E+02 -1.203121E+06  2.918084E+05 -1.494929E+06
  0.000000E+00  3.165882E-03  0.000000E+00  0.000000E+00 -1.184510E+06
  5.134268E+02 -5.020088E+04 -1.544273E+06  1.494066E+06  0.000000E+00
 -3.058817E-02  0.000000E+00  0.000000E+00  5.568179E+03  0.000000E+00
  0.000000E+00  0.000000E+00  9.000000E+01  9.000000E+01  9.000000E+01
  0.000000E+00  5.145261E+01  0.000000E+00  4.220444E-02  5.544484E-02
  4.077940E+00  1.086239E+01  4.870987E+01 -2.957064E+00 -1.487475E+00
 -2.957064E+00  5.168720E+01 -1.440620E+00 -1.487475E+00 -1.440620E+00
  5.396076E+01
     13710  1.371000E+01        41
 -1.201992E+06  2.900774E+02 -1.203038E+06  2.914604E+05 -1.494498E+06
  0.000000E+00  3.100979E-03  0.000000E+00  0.000000E+00 -1.184934E+06
  5.313092E+02 -4.909562E+04 -1.542747E+06  1.493633E+06  0.000000E+00
 -2.999066E-02  0.000000E+00  0.000000E+00  5.568179E+03  0.000000E+00
  0.000000E+00  0.000000E+00  9.000000E+01  9.000000E+01  9.000000E+01
  0.000000E+00  5.020454E+01  0.000000E+00  4.223458E-02  5.203648E-02
  3.953940E+00  1.037125E+01  4.546156E+01 -3.859820E-01  1.165381E+00
 -3.859820E-01  4.616167E+01  4.301497E+00  1.165381E+00  4.301497E+00
  5.899038E+01
     13740  1.374000E+01        41
 -1.201992E+06  2.945694E+02 -1.203054E+06  2.916180E+05 -1.494672E+06
  0.000000E+00  3.170956E-03  0.000000E+00  0.000000E+00 -1.184776E+06
  5.381995E+02 -4.953783E+04 -1.543360E+06  1.493799E+06  0.000000E+00
 -3.063841E-02  0.000000E+00  0.000000E+00  5.568179E+03  0.000000E+00
  0.000000E+00  0.000000E+00  9.000000E+01  9.000000E+01  9.000000E+01
  0.000000E+00  5.066997E+01  0.000000E+00  3.651200E-02  4.664952E-02
  3.840613E+00  9.906403E+00  4.698046E+01 -6.858793E-01 -2.172594E+00
 -6.858793E-01  5.227276E+01  3.865617E+00 -2.172594E+00  3.865617E+00
  5.275668E+01
     13770  1.377000E+01        41
 -1.201992E+06  2.956364E+02 -1.203057E+06  2.918112E+05 -1.494869E+06
  0.000000E+00  3.115986E-03  0.000000E+00  0.000000E+00 -1.184563E+06
  5.346636E+02 -5.016763E+04 -1.544184E+06  1.493993E+06  0.000000E+00
 -3.007637E-02  0.000000E+00  0.000000E+00  5.568179E+03  0.000000E+00
  0.000000E+00  0.000000E+00  9.000000E+01  9.000000E+01  9.000000E+01
  0.000000E+00  5.129548E+01  0.000000E+00  2.857281E-02  4.187078E-02
  3.744017E+00  9.490639E+00  4.124289E+01  4.191362E-01 -4.570621E-01
  4.191362E-01  5.945862E+01  1.113592E+00 -4.570621E-01  1.113592E+00
  5.318492E+01
     13800  1.380000E+01        41
 -1.201993E+06  3.169603E+02 -1.203135E+06  2.929416E+05 -1.496077E+06
  0.000000E+00  3.245423E-03  0.000000E+00  0.000000E+00 -1.183279E+06
  5.350529E+02 -5.386846E+04 -1.549081E+06  1.495190E+06  0.000000E+00
 -3.130106E-02  0.000000E+00  0.000000E+00  5.568179E+03  0.000000E+00
  0.000000E+00  0.000000E+00  9.000000E+01  9.000000E+01  9.000000E+01
  0.000000E+00  5.507703E+01  0.000000E+00  2.435267E-02  3.435699E-02
  3.663791E+00  9.126875E+00  5.202142E+01 -3.391760E-01  1.895538E+00
 -3.391760E-01  5.765243E+01  4.286412E+00  1.895538E+00  4.286412E+00
  5.555726E+01
     13830  1.383000E+01        41
 -1.201992E+06  3.033990E+02 -1.203086E+06  2.913855E+05 -1.494471E+06
  0.000000E+00  2.951410E-03  0.000000E+00  0.000000E+00 -1.184999E+06
  5.345245E+02 -4.880549E+04 -1.542408E+06  1.493583E+06  0.000000E+00
 -2.851734E-02  0.000000E+00  0.000000E+00  5.568179E+03  0.000000E+00
  0.000000E+00  0.000000E+00  9.000000E+01  9.000000E+01  9.000000E+01
  0.000000E+00  5.001403E+01  0.000000E+00  2.164364E-02  3.091014E-02
  3.604051E+00  8.833794E+00  4.688892E+01  4.240960E-01  3.868256E+00
  4.240960E-01  5.146201E+01 -3.798712E+00  3.868256E+00 -3.798712E+00
  5.169117E+01
     13860  1.386000E+01        41
 -1.201993E+06  3.283728E+02 -1.203176E+06  2.923196E+05 -1.495496E+06
  0.000000E+00  2.925267E-03  0.000000E+00  0.000000E+00 -1.183975E+06
  5.282130E+02 -5.169792E+04 -1.546329E+06  1.494615E+06  0.000000E+00
 -2.826625E-02  0.000000E+00  0.000000E+00  5.568179E+03  0.000000E+00
  0.000000E+00  0.000000E+00  9.000000E+01  9.000000E+01  9.000000E+01
  0.000000E+00  5.302847E+01  0.000000E+00  2.259380E-02  2.927904E-02
  3.564099E+00  8.623918E+00  5.209212E+01  1.736753E+00  3.694265E+00
  1.736753E+00  5.275209E+01 -1.729706E+00  3.694265E+00 -1.729706E+00
  5.424121E+01
     13890  1.389000E+01        41
 -1.201992E+06  3.075881E+02 -1.203101E+06  2.920998E+05 -1.495200E+06
  0.000000E+00  2.976212E-03  0.000000E+00  0.000000E+00 -1.184189E+06
  5.425132E+02 -5.120482E+04 -1.545538E+06  1.494320E+06  0.000000E+00
 -2.878861E-02  0.000000E+00  0.000000E+00  5.568179E+03  0.000000E+00
  0.000000E+00  0.000000E+00  9.000000E+01  9.000000E+01  9.000000E+01
  0.000000E+00  5.239736E+01  0.000000E+00  2.529003E-02  3.410153E-02
  3.547375E+00  8.509261E+00  5.421206E+01  6.202056E-01  2.042052E+00
  6.202056E-01  4.910030E+01 -5.415385E+00  2.042052E+00 -5.415385E+00
  5.387973E+01
     13920  1.392000E+01        41
 -1.201993E+06  3.124873E+02 -1.203119E+06  2.915215E+05 -1.494640E+06
  0.000000E+00  2.960700E-03  0.000000E+00  0.000000E+00 -1.184835E+06
  5.586750E+02 -4.923506E+04 -1.543008E+06  1.493759E+06  0.000000E+00
 -2.861297E-02  0.000000E+00  0.000000E+00  5.568179E+03  0.000000E+00
  0.000000E+00  0.000000E+00  9.000000E+01  9.000000E+01  9.000000E+01
  0.000000E+00  5.049915E+01  0.000000E+00  3.044065E-02  4.010078E-02
  3.551019E+00  8.475131E+00  4.816273E+01  1.327138E+00 -1.879547E+00
  1.327138E+00  5.054239E+01 -2.861619E+00 -1.879547E+00 -2.861619E+00
  5.279234E+01
     13950  1.395000E+01        41
 -1.201993E+06  3.223266E+02 -1.203154E+06  2.918894E+05 -1.495044E+06
  0.000000E+00  2.968844E-03  0.000000E+00  0.000000E+00 -1.184424E+06
  5.551599E+02 -5.039562E+04 -1.544581E+06  1.494167E+06  0.000000E+00
 -2.868726E-02  0.000000E+00  0.000000E+00  5.568179E+03  0.000000E+00
  0.000000E+00  0.000000E+00  9.000000E+01  9.000000E+01  9.000000E+01
  0.000000E+00  5.170741E+01  0.000000E+00  3.364874E-02  4.221297E-02
  3.566902E+00  8.493300E+00  4.976429E+01  6.142726E-01  2.821434E-01
  6.142726E-01  5.541426E+01  8.751376E-01  2.821434E-01  8.751376E-01
  4.994367E+01
     13980  1.398000E+01        41
 -1.201992E+06  3.074202E+02 -1.203100E+06  2.917533E+05 -1.494854E+06
  0.000000E+00  3.033008E-03  0.000000E+00  0.000000E+00 -1.184603E+06
  4.989372E+02 -4.996338E+04 -1.543934E+06  1.493971E+06  0.000000E+00
 -2.929247E-02  0.000000E+00  0.000000E+00  5.568179E+03  0.000000E+00
  0.000000E+00  0.000000E+00  9.000000E+01  9.000000E+01  9.000000E+01
  0.000000E+00  5.117931E+01  0.000000E+00  3.397954E-02  4.548783E-02
  3.586270E+00  8.516103E+00  5.105475E+01  1.926849E+00 -3.491822E+00
  1.926849E+00  5.248758E+01  8.406326E+00 -3.491822E+00  8.406326E+00
  4.999559E+01
     14010  1.401000E+01        41
 -1.201993E+06  3.292505E+02 -1.203180E+06  2.917812E+05 -1.494961E+06
  0.000000E+00  2.892057E-03  0.000000E+00  0.000000E+00 -1.184460E+06
  4.001310E+02 -5.023481E+04 -1.544283E+06  1.494078E+06  0.000000E+00
 -2.795153E-02  0.000000E+00  0.000000E+00  5.568179E+03  0.000000E+00
  0.000000E+00  0.000000E+00  9.000000E+01  9.000000E+01  9.000000E+01
  0.000000E+00  5.160241E+01  0.000000E+00  3.842388E-02  4.823917E-02
  3.598485E+00  8.496122E+00  5.055913E+01 -8.360838E-01  2.079508E+00
 -8.360838E-01  5.047678E+01  3.066341E+00  2.079508E+00  3.066341E+00
  5.377132E+01
     14040  1.404000E+01        41
 -1.201993E+06  3.095290E+02 -1.203108E+06  2.919337E+05 -1.495042E+06
  0.000000E+00  3.119567E-03  0.000000E+00  0.000000E+00 -1.184342E+06
  3.893491E+02 -5.073106E+04 -1.544872E+06  1.494169E+06  0.000000E+00
 -3.012920E-02  0.000000E+00  0.000000E+00  5.568179E+03  0.000000E+00
  0.000000E+00  0.000000E+00  9.000000E+01  9.000000E+01  9.000000E+01
  0.000000E+00  5.195005E+01  0.000000E+00  4.029877E-02  5.059245E-02
  3.577467E+00  8.333041E+00  5.451984E+01  5.858681E-01 -2.074647E+00
  5.858681E-01  4.844338E+01  1.523786E+00 -2.074647E+00  1.523786E+00
  5.288693E+01
     14070  1.407000E+01        41
 -1.201993E+06  3.125795E+02 -1.203119E+06  2.916891E+05 -1.494808E+06
  0.000000E+00  2.952976E-03  0.000000E+00  0.000000E+00 -1.184628E+06
  4.210073E+02 -4.985010E+04 -1.543781E+06  1.493936E+06  0.000000E+00
 -2.850574E-02  0.000000E+00  0.000000E+00  5.568179E+03  0.000000E+00
  0.000000E+00  0.000000E+00  9.000000E+01  9.000000E+01  9.000000E+01
  0.000000E+00  5.110656E+01  0.000000E+00  4.087912E-02  4.966106E-02
  3.543209E+00  8.064526E+00  4.894179E+01 -9.733046E-01 -1.202787E+00
 -9.733046E-01  5.537545E+01 -3.934951E+00 -1.202787E+00 -3.934951E+00
  4.900245E+01
     14100  1.410000E+01        41
 -1.201993E+06  3.083571E+02 -1.203104E+06  2.933173E+05 -1.496421E+06
  0.000000E+00  3.130087E-03  0.000000E+00  0.000000E+00 -1.182862E+06
  4.367841E+02 -5.517923E+04 -1.550740E+06  1.495550E+06  0.000000E+00
 -3.020419E-02  0.000000E+00  0.000000E+00  5.568179E+03  0.000000E+00
  0.000000E+00  0.000000E+00  9.000000E+01  9.000000E+01  9.000000E+01
  0.000000E+00  5.630455E+01  0.000000E+00  3.844275E-02  5.025925E-02
  3.530392E+00  7.798915E+00  5.935598E+01 -2.693500E+00  3.135663E+00
 -2.693500E+00  5.158026E+01 -2.444111E+00  3.135663E+00 -2.444111E+00
  5.797742E+01
     14130  1.413000E+01        41
 -1.201992E+06  2.955131E+02 -1.203058E+06  2.912685E+05 -1.494326E+06
  0.000000E+00  2.881401E-03  0.000000E+00  0.000000E+00 -1.185109E+06
  4.514267E+02 -4.853166E+04 -1.541988E+06  1.493450E+06  0.000000E+00
 -2.783714E-02  0.000000E+00  0.000000E+00  5.568179E+03  0.000000E+00
  0.000000E+00  0.000000E+00  9.000000E+01  9.000000E+01  9.000000E+01
  0.000000E+00  4.969165E+01  0.000000E+00  4.147268E-02  5.240317E-02
  3.533937E+00  7.552710E+00  4.452281E+01 -4.256043E-01  1.810880E+00
 -4.256043E-01  5.265406E+01 -3.295748E-01  1.810880E+00 -3.295748E-01
  5.189807E+01
     14160  1.416000E+01        41
 -1.201993E+06  3.010448E+02 -1.203078E+06  2.916687E+05 -1.494746E+06
  0.000000E+00  3.079077E-03  0.000000E+00  0.000000E+00 -1.184721E+06
  4.796251E+02 -4.965609E+04 -1.543549E+06  1.493878E+06  0.000000E+00
 -2.975299E-02  0.000000E+00  0.000000E+00  5.568179E+03  0.000000E+00
  0.000000E+00  0.000000E+00  9.000000E+01  9.000000E+01  9.000000E+01
  0.000000E+00  5.083322E+01  0.000000E+00  4.234163E-02  5.319479E-02
  3.559535E+00  7.345123E+00  4.485195E+01 -3.434711E+00 -1.685878E+00
 -3.434711E+00  5.688653E+01 -4.409395E+00 -1.685878E+00 -4.409395E+00
  5.076118E+01
     14190  1.419000E+01        41
 -1.201993E+06  3.139209E+02 -1.203124E+06  2.927563E+05 -1.495880E+06
  0.000000E+00  3.008114E-03  0.000000E+00  0.000000E+00 -1.183462E+06
  4.964053E+02 -5.334168E+04 -1.548359E+06  1.495010E+06  0.000000E+00
 -2.905991E-02  0.000000E+00  0.000000E+00  5.568179E+03  0.000000E+00
  0.000000E+00  0.000000E+00  9.000000E+01  9.000000E+01  9.000000E+01
  0.000000E+00  5.453968E+01  0.000000E+00  4.276642E-02  5.414412E-02
  3.602687E+00  7.177861E+00  5.279775E+01 -4.624629E-01 -3.601507E+00
 -4.624629E-01  5.904499E+01 -3.389412E+00 -3.601507E+00 -3.389412E+00
  5.177629E+01
     14220  1.422000E+01        41
 -1.201993E+06  3.106732E+02 -1.203112E+06  2.921235E+05 -1.495236E+06
  0.000000E+00  2.914142E-03  0.000000E+00  0.000000E+00 -1.184209E+06
  5.238025E+02 -5.112281E+04 -1.545492E+06  1.494363E+06  0.000000E+00
 -2.816236E-02  0.000000E+00  0.000000E+00  5.568179E+03  0.000000E+00
  0.000000E+00  0.000000E+00  9.000000E+01  9.000000E+01  9.000000E+01
  0.000000E+00  5.233918E+01  0.000000E+00  4.401159E-02  5.618937E-02
  3.652514E+00  7.041073E+00  4.514411E+01  1.221273E+00 -2.550854E+00
  1.221273E+00  5.632472E+01 -1.721773E+00 -2.550854E+00 -1.721773E+00
  5.554872E+01
     14250  1.425000E+01        41
 -1.201993E+06  3.047293E+02 -1.203091E+06  2.921573E+05 -1.495248E+06
  0.000000E+00  3.039534E-03  0.000000E+00  0.000000E+00 -1.184121E+06
  5.152672E+02 -5.143187E+04 -1.545800E+06  1.494378E+06  0.000000E+00
 -2.938218E-02  0.000000E+00  0.000000E+00  5.568179E+03  0.000000E+00
  0.000000E+00  0.000000E+00  9.000000E+01  9.000000E+01  9.000000E+01
  0.000000E+00  5.260057E+01  0.000000E+00  4.523903E-02  5.761688E-02
  3.709902E+00  6.935783E+00  5.243570E+01  2.196489E+00 -4.608951E+00
  2.196489E+00  5.388351E+01  2.007848E-01 -4.608951E+00  2.007848E-01
  5.148249E+01
     14280  1.428000E+01        41
 -1.201992E+06  3.000397E+02 -1.203074E+06  2.917933E+05 -1.494867E+06
  0.000000E+00  2.978584E-03  0.000000E+00  0.000000E+00 -1.184558E+06
  5.084375E+02 -5.015139E+04 -1.544137E+06  1.493997E+06  0.000000E+00
 -2.880507E-02  0.000000E+00  0.000000E+00  5.568179E+03  0.000000E+00
  0.000000E+00  0.000000E+00  9.000000E+01  9.000000E+01  9.000000E+01
  0.000000E+00  5.131133E+01  0.000000E+00  4.454586E-02  5.663158E-02
  3.771045E+00  6.851285E+00  5.359042E+01  8.908142E-01 -1.677338E+00
  8.908142E-01  4.898382E+01 -3.976982E-01 -1.677338E+00 -3.976982E-01
  5.135977E+01
     14310  1.431000E+01        41
 -1.201993E+06  3.444883E+02 -1.203235E+06  2.919738E+05 -1.495209E+06
  0.000000E+00  2.930463E-03  0.000000E+00  0.000000E+00 -1.184271E+06
  5.243172E+02 -5.069566E+04 -1.545009E+06  1.494325E+06  0.000000E+00
 -2.831471E-02  0.000000E+00  0.000000E+00  5.568179E+03  0.000000E+00
  0.000000E+00  0.000000E+00  9.000000E+01  9.000000E+01  9.000000E+01
  0.000000E+00  5.215925E+01  0.000000E+00  4.099726E-02  5.198484E-02
  3.842092E+00  6.781024E+00  4.490761E+01 -1.693969E+00  2.980896E+00
 -1.693969E+00  5.617203E+01  8.970500E-01  2.980896E+00  8.970500E-01
  5.539812E+01
     14340  1.434000E+01        41
 -1.201993E+06  2.992693E+02 -1.203071E+06  2.925888E+05 -1.495660E+06
  0.000000E+00  3.216752E-03  0.000000E+00  0.000000E+00 -1.183662E+06
  5.357201E+02 -5.284717E+04 -1.547619E+06  1.494774E+06  0.000000E+00
 -3.103595E-02  0.000000E+00  0.000000E+00  5.568179E+03  0.000000E+00
  0.000000E+00  0.000000E+00  9.000000E+01  9.000000E+01  9.000000E+01
  0.000000E+00  5.394995E+01  0.000000E+00  3.958908E-02  5.180553E-02
  3.924890E+00  6.728007E+00  4.838295E+01  8.210165E-01 -1.529442E+00
  8.210165E-01  6.000232E+01 -2.951662E+00 -1.529442E+00 -2.951662E+00
  5.346459E+01
     14370  1.437000E+01        41
 -1.201993E+06  3.250724E+02 -1.203165E+06  2.911206E+05 -1.494285E+06
  0.000000E+00  2.817181E-03  0.000000E+00  0.000000E+00 -1.185198E+06
  4.687202E+02 -4.805441E+04 -1.541429E+06  1.493404E+06  0.000000E+00
 -2.725364E-02  0.000000E+00  0.000000E+00  5.568179E+03  0.000000E+00
  0.000000E+00  0.000000E+00  9.000000E+01  9.000000E+01  9.000000E+01
  0.000000E+00  4.943206E+01  0.000000E+00  3.847824E-02  5.006160E-02
  4.007843E+00  6.683442E+00  4.630977E+01  1.894781E+00  1.579157E+00
  1.894781E+00  4.953307E+01  6.642998E-01  1.579157E+00  6.642998E-01
  5.245333E+01
     14400  1.440000E+01        41
 -1.201993E+06  3.106785E+02 -1.203112E+06  2.923656E+05 -1.495478E+06
  0.000000E+00  3.128994E-03  0.000000E+00  0.000000E+00 -1.183877E+06
  2.535574E+02 -5.211486E+04 -1.546650E+06  1.494600E+06  0.000000E+00
 -3.024767E-02  0.000000E+00  0.000000E+00  5.568179E+03  0.000000E+00
  0.000000E+00  0.000000E+00  9.000000E+01  9.000000E+01  9.000000E+01
  0.000000E+00  5.331910E+01  0.000000E+00  3.898411E-02  4.857239E-02
  4.059734E+00  6.650125E+00  4.997517E+01  1.384301E-01  6.449998E-02
  1.384301E-01  5.513227E+01 -1.911964E+00  6.449998E-02 -1.911964E+00
  5.484986E+01
     14430  1.443000E+01        41
 -1.201992E+06  2.926688E+02 -1.203047E+06  2.915742E+05 -1.494622E+06
  0.000000E+00  3.037954E-03  0.000000E+00  0.000000E+00 -1.184802E+06
  1.494415E+02 -4.946577E+04 -1.543164E+06  1.493744E+06  0.000000E+00
 -2.936787E-02  0.000000E+00  0.000000E+00  5.568179E+03  0.000000E+00
  0.000000E+00  0.000000E+00  9.000000E+01  9.000000E+01  9.000000E+01
  0.000000E+00  5.059535E+01  0.000000E+00  4.082452E-02  5.008514E-02
  4.050294E+00  6.604316E+00  5.362244E+01 -9.449817E-01 -2.861272E-01
 -9.449817E-01  4.680912E+01  1.798802E-01 -2.861272E-01  1.798802E-01
  5.135449E+01
     14460  1.446000E+01        41
 -1.201992E+06  2.990991E+02 -1.203070E+06  2.915343E+05 -1.494605E+06
  0.000000E+00  3.132400E-03  0.000000E+00  0.000000E+00 -1.184794E+06
  7.904392E+01 -4.944210E+04 -1.543068E+06  1.493724E+06  0.000000E+00
 -3.026544E-02  0.000000E+00  0.000000E+00  5.568179E+03  0.000000E+00
  0.000000E+00  0.000000E+00  9.000000E+01  9.000000E+01  9.000000E+01
  0.000000E+00  5.061932E+01  0.000000E+00  4.092859E-02  5.208622E-02
  3.971390E+00  6.525171E+00  4.898329E+01  1.150409E+00 -7.380807E-01
  1.150409E+00  5.223548E+01  2.681560E-01 -7.380807E-01  2.681560E-01
  5.063920E+01
     14490  1.449000E+01        41
 -1.201992E+06  2.897111E+02 -1.203037E+06  2.915865E+05 -1.494623E+06
  0.000000E+00  3.025447E-03  0.000000E+00  0.000000E+00 -1.184672E+06
  6.282204E+01 -4.987388E+04 -1.543443E+06  1.493750E+06  0.000000E+00
 -2.924704E-02  0.000000E+00  0.000000E+00  5.568179E+03  0.000000E+00
  0.000000E+00  0.000000E+00  9.000000E+01  9.000000E+01  9.000000E+01
  0.000000E+00  5.097693E+01  0.000000E+00  4.250646E-02  5.141492E-02
  3.783972E+00  6.389637E+00  4.875129E+01 -9.998598E-01 -2.059133E+00
 -9.998598E-01  4.979480E+01  5.347699E-01 -2.059133E+00  5.347699E-01
  5.438471E+01
     14520  1.452000E+01        41
 -1.201993E+06  3.111344E+02 -1.203114E+06  2.919237E+05 -1.495038E+06
  0.000000E+00  2.990981E-03  0.000000E+00  0.000000E+00 -1.184375E+06
  6.850894E+01 -5.061296E+04 -1.544732E+06  1.494151E+06  0.000000E+00
 -2.891293E-02  0.000000E+00  0.000000E+00  5.568179E+03  0.000000E+00
  0.000000E+00  0.000000E+00  9.000000E+01  9.000000E+01  9.000000E+01
  0.000000E+00  5.185339E+01  0.000000E+00  4.009921E-02  5.098463E-02
  3.466804E+00  6.170338E+00  4.473169E+01 -4.080243E+00 -4.688843E+00
 -4.080243E+00  5.861970E+01  4.603040E-02 -4.688843E+00  4.603040E-02
  5.220879E+01
     14550  1.455000E+01        41
 -1.201992E+06  3.150783E+02 -1.203128E+06  2.916106E+05 -1.494739E+06
  0.000000E+00  2.888544E-03  0.000000E+00  0.000000E+00 -1.184713E+06
  7.217432E+01 -4.956729E+04 -1.543420E+06  1.493857E+06  0.000000E+00
 -2.794396E-02  0.000000E+00  0.000000E+00  5.568179E+03  0.000000E+00
  0.000000E+00  0.000000E+00  9.000000E+01  9.000000E+01  9.000000E+01
  0.000000E+00  5.085532E+01  0.000000E+00  3.785833E-02  4.772795E-02
  3.141606E+00  5.954581E+00  4.866520E+01  1.285597E+00  3.676156E+00
  1.285597E+00  5.146810E+01  7.056752E+00  3.676156E+00  7.056752E+00
  5.243265E+01
     14580  1.458000E+01        41
 -1.201992E+06  3.086771E+02 -1.203105E+06  2.916638E+05 -1.494769E+06
  0.000000E+00  2.949852E-03  0.000000E+00  0.000000E+00 -1.184683E+06
  6.360032E+01 -4.970611E+04 -1.543600E+06  1.493894E+06  0.000000E+00
 -2.847971E-02  0.000000E+00  0.000000E+00  5.568179E+03  0.000000E+00
  0.000000E+00  0.000000E+00  9.000000E+01  9.000000E+01  9.000000E+01
  0.000000E+00  5.094645E+01  0.000000E+00  3.714361E-02  4.785453E-02
  2.841889E+00  5.754857E+00  5.342908E+01 -8.007095E-01  1.229768E+00
 -8.007095E-01  5.079627E+01  3.091205E+00  1.229768E+00  3.091205E+00
  4.861400E+01
     14610  1.461000E+01        41
 -1.201992E+06  2.991912E+02 -1.203070E+06  2.915107E+05 -1.494581E+06
  0.000000E+00  2.880667E-03  0.000000E+00  0.000000E+00 -1.184889E+06
  6.094203E+01 -4.915249E+04 -1.542865E+06  1.493700E+06  0.000000E+00
 -2.784752E-02  0.000000E+00  0.000000E+00  5.568179E+03  0.000000E+00
  0.000000E+00  0.000000E+00  9.000000E+01  9.000000E+01  9.000000E+01
  0.000000E+00  5.033629E+01  0.000000E+00  3.917970E-02  4.865070E-02
  2.586694E+00  5.595893E+00  4.723812E+01  1.872045E+00  1.164142E+00
  1.872045E+00  5.129263E+01  1.261130E+00  1.164142E+00  1.261130E+00
  5.247814E+01
     14640  1.464000E+01        41
 -1.201992E+06  3.018580E+02 -1.203080E+06  2.925691E+05 -1.495649E+06
  0.000000E+00  3.055846E-03  0.000000E+00  0.000000E+00 -1.183694E+06
  6.142949E+01 -5.272082E+04 -1.547506E+06  1.494770E+06  0.000000E+00
 -2.953903E-02  0.000000E+00  0.000000E+00  5.568179E+03  0.000000E+00
  0.000000E+00  0.000000E+00  9.000000E+01  9.000000E+01  9.000000E+01
  0.000000E+00  5.385591E+01  0.000000E+00  4.225476E-02  5.191224E-02
  2.381316E+00  5.489672E+00  5.105550E+01  9.499442E-01  9.156794E-01
  9.499442E-01  6.235011E+01  1.552786E+00  9.156794E-01  1.552786E+00
  4.816213E+01
     14670  1.467000E+01        41
 -1.201992E+06  3.137623E+02 -1.203123E+06  2.918216E+05 -1.494945E+06
  0.000000E+00  3.055355E-03  0.000000E+00  0.000000E+00 -1.184545E+06
  5.741673E+01 -5.008245E+04 -1.544162E+06  1.494074E+06  0.000000E+00
 -2.950277E-02  0.000000E+00  0.000000E+00  5.568179E+03  0.000000E+00
  0.000000E+00  0.000000E+00  9.000000E+01  9.000000E+01  9.000000E+01
  0.000000E+00  5.135178E+01  0.000000E+00  4.485009E-02  5.335161E-02
  2.221642E+00  5.422119E+00  4.586019E+01  4.307630E-02 -2.056983E+00
  4.307630E-02  5.586539E+01  2.957903E-01 -2.056983E+00  2.957903E-01
  5.232977E+01
     14700  1.470000E+01        41
 -1.201992E+06  3.140233E+02 -1.203124E+06  2.915212E+05 -1.494645E+06
  0.000000E+00  3.071101E-03  0.000000E+00  0.000000E+00 -1.184813E+06
  6.084183E+01 -4.927573E+04 -1.543051E+06  1.493778E+06  0.000000E+00
 -2.967644E-02  0.000000E+00  0.000000E+00  5.568179E+03  0.000000E+00
  0.000000E+00  0.000000E+00  9.000000E+01  9.000000E+01  9.000000E+01
  0.000000E+00  5.056210E+01  0.000000E+00  4.414505E-02  5.615391E-02
  2.101744E+00  5.382471E+00  4.488096E+01 -8.867705E-02 -1.851216E+00
 -8.867705E-02  5.669747E+01 -1.435344E+00 -1.851216E+00 -1.435344E+00
  5.010786E+01
     14730  1.473000E+01        41
 -1.201993E+06  3.060082E+02 -1.203096E+06  2.918441E+05 -1.494940E+06
  0.000000E+00  3.043236E-03  0.000000E+00  0.000000E+00 -1.184462E+06
  7.194686E+01 -5.038723E+04 -1.544439E+06  1.494065E+06  0.000000E+00
 -2.940134E-02  0.000000E+00  0.000000E+00  5.568179E+03  0.000000E+00
  0.000000E+00  0.000000E+00  9.000000E+01  9.000000E+01  9.000000E+01
  0.000000E+00  5.159559E+01  0.000000E+00  4.257416E-02  5.404045E-02
  2.020923E+00  5.363746E+00  4.850959E+01  5.339278E-01  5.994936E-01
  5.339278E-01  4.890157E+01  1.001136E+00  5.994936E-01  1.001136E+00
  5.737563E+01
     14760  1.476000E+01        41
 -1.201992E+06  3.064015E+02 -1.203097E+06  2.921851E+05 -1.495282E+06
  0.000000E+00  3.219992E-03  0.000000E+00  0.000000E+00 -1.184121E+06
  9.728956E+01 -5.140778E+04 -1.545804E+06  1.494414E+06  0.000000E+00
 -3.111392E-02  0.000000E+00  0.000000E+00  5.568179E+03  0.000000E+00
  0.000000E+00  0.000000E+00  9.000000E+01  9.000000E+01  9.000000E+01
  0.000000E+00  5.259898E+01  0.000000E+00  4.079387E-02  4.889780E-02
  1.978923E+00  5.358592E+00  4.914688E+01  7.594646E-01  1.463103E+00
  7.594646E-01  5.313430E+01 -1.004595E+00  1.463103E+00 -1.004595E+00
  5.551575E+01
     14790  1.479000E+01        41
 -1.201992E+06  3.205489E+02 -1.203148E+06  2.915501E+05 -1.494698E+06
  0.000000E+00  2.966508E-03  0.000000E+00  0.000000E+00 -1.184805E+06
  1.431674E+02 -4.925409E+04 -1.543067E+06  1.493826E+06  0.000000E+00
 -2.865290E-02  0.000000E+00  0.000000E+00  5.568179E+03  0.000000E+00
  0.000000E+00  0.000000E+00  9.000000E+01  9.000000E+01  9.000000E+01
  0.000000E+00  5.058501E+01  0.000000E+00  3.644462E-02  4.768992E-02
  1.978066E+00  5.365066E+00  5.089881E+01  1.348874E-01 -4.229629E+00
  1.348874E-01  5.360371E+01  1.622064E-01 -4.229629E+00  1.622064E-01
  4.725249E+01
     14820  1.482000E+01        41
 -1.201992E+06  3.096526E+02 -1.203108E+06  2.915061E+05 -1.494614E+06
  0.000000E+00  2.939218E-03  0.000000E+00  0.000000E+00 -1.184824E+06
  2.134222E+02 -4.927887E+04 -1.542990E+06  1.493747E+06  0.000000E+00
 -2.843541E-02  0.000000E+00  0.000000E+00  5.568179E+03  0.000000E+00
  0.000000E+00  0.000000E+00  9.000000E+01  9.000000E+01  9.000000E+01
  0.000000E+00  5.053053E+01  0.000000E+00  3.550608E-02  4.631173E-02
  2.017813E+00  5.379786E+00  4.206520E+01  1.128738E+00  7.699099E-02
  1.128738E+00  5.723155E+01  4.890410E+00  7.699099E-02  4.890410E+00
  5.229484E+01
     14850  1.485000E+01        41
 -1.201992E+06  3.010115E+02 -1.203077E+06  2.910231E+05 -1.494100E+06
  0.000000E+00  2.946215E-03  0.000000E+00  0.000000E+00 -1.185411E+06
  3.003576E+02 -4.757918E+04 -1.540750E+06  1.493223E+06  0.000000E+00
 -2.849664E-02  0.000000E+00  0.000000E+00  5.568179E+03  0.000000E+00
  0.000000E+00  0.000000E+00  9.000000E+01  9.000000E+01  9.000000E+01
  0.000000E+00  4.879979E+01  0.000000E+00  3.435230E-02  4.464740E-02
  2.096628E+00  5.373545E+00  4.542354E+01 -8.038718E-01 -3.148310E+00
 -8.038718E-01  4.752129E+01 -3.304878E+00 -3.148310E+00 -3.304878E+00
  5.345453E+01
     14880  1.488000E+01        41
 -1.201992E+06  3.107405E+02 -1.203112E+06  2.912436E+05 -1.494356E+06
  0.000000E+00  2.863534E-03  0.000000E+00  0.000000E+00 -1.185090E+06
  2.756463E+02 -4.847336E+04 -1.541872E+06  1.493485E+06  0.000000E+00
 -2.769848E-02  0.000000E+00  0.000000E+00  5.568179E+03  0.000000E+00
  0.000000E+00  0.000000E+00  9.000000E+01  9.000000E+01  9.000000E+01
  0.000000E+00  4.974644E+01  0.000000E+00  3.342364E-02  4.211992E-02
  2.204964E+00  5.356166E+00  4.750269E+01 -2.089450E+00  3.216604E+00
 -2.089450E+00  5.146678E+01  1.984579E+00  3.216604E+00  1.984579E+00
  5.026987E+01
     14910  1.491000E+01        41
 -1.201992E+06  3.174984E+02 -1.203137E+06  2.913691E+05 -1.494506E+06
  0.000000E+00  2.921513E-03  0.000000E+00  0.000000E+00 -1.184939E+06
  2.237870E+02 -4.887638E+04 -1.542424E+06  1.493628E+06  0.000000E+00
 -2.827129E-02  0.000000E+00  0.000000E+00  5.568179E+03  0.000000E+00
  0.000000E+00  0.000000E+00  9.000000E+01  9.000000E+01  9.000000E+01
  0.000000E+00  5.019090E+01  0.000000E+00  3.185253E-02  4.287201E-02
  2.307401E+00  5.300317E+00  4.816377E+01  1.583705E+00  3.647994E+00
  1.583705E+00  5.125950E+01 -3.404287E+00  3.647994E+00 -3.404287E+00
  5.114943E+01
     14940  1.494000E+01        41
 -1.201993E+06  3.262777E+02 -1.203169E+06  2.918674E+05 -1.495036E+06
  0.000000E+00  3.008868E-03  0.000000E+00  0.000000E+00 -1.184382E+06
  1.952253E+02 -5.048510E+04 -1.544591E+06  1.494158E+06  0.000000E+00
 -2.909071E-02  0.000000E+00  0.000000E+00  5.568179E+03  0.000000E+00
  0.000000E+00  0.000000E+00  9.000000E+01  9.000000E+01  9.000000E+01
  0.000000E+00  5.183194E+01  0.000000E+00  3.455992E-02  4.436375E-02
  2.393078E+00  5.211363E+00  4.880050E+01 -1.517203E+00  1.057682E+00
 -1.517203E+00  5.636912E+01 -2.994401E+00  1.057682E+00 -2.994401E+00
  5.032621E+01
     14970  1.497000E+01        41
 -1.201992E+06  3.233860E+02 -1.203158E+06  2.908421E+05 -1.494000E+06
  0.000000E+00  2.955363E-03  0.000000E+00  0.000000E+00 -1.185532E+06
  2.083429E+02 -4.705399E+04 -1.540153E+06  1.493123E+06  0.000000E+00
 -2.859593E-02  0.000000E+00  0.000000E+00  5.568179E+03  0.000000E+00
  0.000000E+00  0.000000E+00  9.000000E+01  9.000000E+01  9.000000E+01
  0.000000E+00  4.844503E+01  0.000000E+00  3.798661E-02  4.517672E-02
  2.476582E+00  5.122692E+00  3.995383E+01  7.393373E-01 -2.972423E+00
  7.393373E-01  5.141772E+01 -2.718030E+00 -2.972423E+00 -2.718030E+00
  5.396355E+01
     15000  1.500000E+01        41
 -1.201992E+06  2.920961E+02 -1.203045E+06  2.903879E+05 -1.493433E+06
  0.000000E+00  3.106792E-03  0.000000E+00  0.000000E+00 -1.186110E+06
  2.333335E+02 -4.554509E+04 -1.538051E+06  1.492548E+06  0.000000E+00
 -3.005143E-02  0.000000E+00  0.000000E+00  5.568179E+03  0.000000E+00
  0.000000E+00  0.000000E+00  9.000000E+01  9.000000E+01  9.000000E+01
  0.000000E+00  4.674280E+01  0.000000E+00  3.860957E-02  5.127540E-02
  2.569996E+00  5.045097E+00  4.172536E+01 -1.919230E+00  1.654273E-01
 -1.919230E+00  5.206684E+01  6.970502E-01  1.654273E-01  6.970502E-01
  4.643619E+01
     15030  1.503000E+01        41
 -1.201992E+06  3.013584E+02 -1.203078E+06  2.918145E+05 -1.494893E+06
  0.000000E+00  3.137477E-03  0.000000E+00  0.000000E+00 -1.184491E+06
  2.732127E+02 -5.033626E+04 -1.544258E+06  1.494005E+06  0.000000E+00
 -3.034426E-02  0.000000E+00  0.000000E+00  5.568179E+03  0.000000E+00
  0.000000E+00  0.000000E+00  9.000000E+01  9.000000E+01  9.000000E+01
  0.000000E+00  5.150778E+01  0.000000E+00  3.935664E-02  5.029609E-02
  2.671323E+00  4.976528E+00  4.764481E+01 -1.364141E+00 -1.782766E-01
 -1.364141E+00  4.812064E+01 -6.009241E-01 -1.782766E-01 -6.009241E-01
  5.875790E+01
     15060  1.506000E+01        41
 -1.201992E+06  2.964946E+02 -1.203061E+06  2.918684E+05 -1.494929E+06
  0.000000E+00  3.174662E-03  0.000000E+00  0.000000E+00 -1.184493E+06
  3.530360E+02 -5.036818E+04 -1.544393E+06  1.494048E+06  0.000000E+00
 -3.064305E-02  0.000000E+00  0.000000E+00  5.568179E+03  0.000000E+00
  0.000000E+00  0.000000E+00  9.000000E+01  9.000000E+01  9.000000E+01
  0.000000E+00  5.150274E+01  0.000000E+00  3.961078E-02  4.815461E-02
  2.778453E+00  4.911947E+00  4.908562E+01 -1.861982E+00 -2.711674E+00
 -1.861982E+00  5.731809E+01  5.912878E-01 -2.711674E+00  5.912878E-01
  4.810452E+01
     15090  1.509000E+01        41
 -1.201992E+06  3.055813E+02 -1.203094E+06  2.907645E+05 -1.493858E+06
  0.000000E+00  2.929072E-03  0.000000E+00  0.000000E+00 -1.185693E+06
  4.014932E+02 -4.670562E+04 -1.539677E+06  1.492984E+06  0.000000E+00
 -2.831434E-02  0.000000E+00  0.000000E+00  5.568179E+03  0.000000E+00
  0.000000E+00  0.000000E+00  9.000000E+01  9.000000E+01  9.000000E+01
  0.000000E+00  4.797261E+01  0.000000E+00  3.551045E-02  4.792702E-02
  2.903929E+00  4.862060E+00  4.266380E+01  2.041459E+00 -1.895511E-01
  2.041459E+00  4.798533E+01 -3.764757E-01 -1.895511E-01 -3.764757E-01
  5.326870E+01
     15120  1.512000E+01        41
 -1.201992E+06  2.943769E+02 -1.203053E+06  2.919551E+05 -1.495008E+06
  0.000000E+00  3.105075E-03  0.000000E+00  0.000000E+00 -1.184369E+06
  4.688203E+02 -5.075642E+04 -1.544861E+06  1.494133E+06  0.000000E+00
 -3.001370E-02  0.000000E+00  0.000000E+00  5.568179E+03  0.000000E+00
  0.000000E+00  0.000000E+00  9.000000E+01  9.000000E+01  9.000000E+01
  0.000000E+00  5.186582E+01  0.000000E+00  3.544608E-02  4.683247E-02
  3.059358E+00  4.844963E+00  5.104518E+01  2.410139E+00 -1.170307E+00
  2.410139E+00  5.575365E+01  1.832982E-01 -1.170307E+00  1.832982E-01
  4.879865E+01
     15150  1.515000E+01        41
 -1.201992E+06  3.153038E+02 -1.203129E+06  2.907524E+05 -1.493881E+06
  0.000000E+00  2.954024E-03  0.000000E+00  0.000000E+00 -1.185612E+06
  3.832962E+02 -4.687823E+04 -1.539840E+06  1.493013E+06  0.000000E+00
 -2.859528E-02  0.000000E+00  0.000000E+00  5.568179E+03  0.000000E+00
  0.000000E+00  0.000000E+00  9.000000E+01  9.000000E+01  9.000000E+01
  0.000000E+00  4.821116E+01  0.000000E+00  3.834727E-02  4.911052E-02
  3.223829E+00  4.847439E+00  4.425610E+01  1.445357E+00  1.346614E+00
  1.445357E+00  4.866934E+01  6.933136E-01  1.346614E+00  6.933136E-01
  5.170804E+01
     15180  1.518000E+01        41
 -1.201992E+06  3.145971E+02 -1.203126E+06  2.914898E+05 -1.494616E+06
  0.000000E+00  3.190590E-03  0.000000E+00  0.000000E+00 -1.184754E+06
  1.570185E+02 -4.945199E+04 -1.543088E+06  1.493747E+06  0.000000E+00
 -3.081645E-02  0.000000E+00  0.000000E+00  5.568179E+03  0.000000E+00
  0.000000E+00  0.000000E+00  9.000000E+01  9.000000E+01  9.000000E+01
  0.000000E+00  5.073672E+01  0.000000E+00  4.345553E-02  5.398916E-02
  3.315519E+00  4.783617E+00  4.583252E+01  5.821245E-01  4.443675E+00
  5.821245E-01  6.216180E+01 -1.546301E+00  4.443675E+00 -1.546301E+00
  4.421585E+01
     15210  1.521000E+01        41
 -1.201992E+06  3.065957E+02 -1.203097E+06  2.913145E+05 -1.494412E+06
  0.000000E+00  3.059300E-03  0.000000E+00  0.000000E+00 -1.185038E+06
  3.713660E+02 -4.866231E+04 -1.542161E+06  1.493542E+06  0.000000E+00
 -2.958234E-02  0.000000E+00  0.000000E+00  5.568179E+03  0.000000E+00
  0.000000E+00  0.000000E+00  9.000000E+01  9.000000E+01  9.000000E+01
  0.000000E+00  4.990016E+01  0.000000E+00  4.908660E-02  5.851566E-02
  3.209985E+00  4.498189E+00  4.672578E+01  8.278522E-01  2.743097E+00
  8.278522E-01  5.237996E+01  2.155673E+00  2.743097E+00  2.155673E+00
  5.059475E+01
     15240  1.524000E+01        41
 -1.201993E+06  3.392611E+02 -1.203216E+06  2.906352E+05 -1.493851E+06
  0.000000E+00  2.891979E-03  0.000000E+00  0.000000E+00 -1.185732E+06
  7.783300E+02 -4.635597E+04 -1.539301E+06  1.492982E+06  0.000000E+00
 -2.797453E-02  0.000000E+00  0.000000E+00  5.568179E+03  0.000000E+00
  0.000000E+00  0.000000E+00  9.000000E+01  9.000000E+01  9.000000E+01
  0.000000E+00  4.785854E+01  0.000000E+00  5.182628E-02  6.573769E-02
  2.989109E+00  4.106223E+00  4.459793E+01 -1.040388E+00 -1.938414E+00
 -1.040388E+00  5.069458E+01  2.815899E+00 -1.938414E+00  2.815899E+00
  4.828312E+01
     15270  1.527000E+01        41
 -1.201992E+06  2.911867E+02 -1.203041E+06  2.908569E+05 -1.493898E+06
  0.000000E+00  3.034368E-03  0.000000E+00  0.000000E+00 -1.185626E+06
  1.085066E+03 -4.702439E+04 -1.540060E+06  1.493031E+06  0.000000E+00
 -2.935191E-02  0.000000E+00  0.000000E+00  5.568179E+03  0.000000E+00
  0.000000E+00  0.000000E+00  9.000000E+01  9.000000E+01  9.000000E+01
  0.000000E+00  4.816682E+01  0.000000E+00  6.136385E-02  6.977025E-02
  2.737073E+00  3.746804E+00  4.927715E+01  8.659152E-01 -2.032936E+00
  8.659152E-01  4.601530E+01  1.266814E+00 -2.032936E+00  1.266814E+00
  4.920800E+01
     15300  1.530000E+01        41
 -1.201992E+06  3.168022E+02 -1.203134E+06  2.915421E+05 -1.494676E+06
  0.000000E+00  3.212620E-03  0.000000E+00  0.000000E+00 -1.184804E+06
  1.134153E+03 -4.930973E+04 -1.543126E+06  1.493809E+06  0.000000E+00
 -3.106695E-02  0.000000E+00  0.000000E+00  5.568179E+03  0.000000E+00
  0.000000E+00  0.000000E+00  9.000000E+01  9.000000E+01  9.000000E+01
  0.000000E+00  5.058884E+01  0.000000E+00  6.447139E-02  7.184400E-02
  2.558790E+00  3.574959E+00  4.860278E+01 -7.397168E-01 -3.001130E-01
 -7.397168E-01  5.108176E+01 -4.250790E+00 -3.001130E-01 -4.250790E+00
  5.208200E+01
     15330  1.533000E+01        41
 -1.201992E+06  3.066146E+02 -1.203097E+06  2.905025E+05 -1.493600E+06
  0.000000E+00  2.814705E-03  0.000000E+00  0.000000E+00 -1.186000E+06
  1.097502E+03 -4.579391E+04 -1.538521E+06  1.492721E+06  0.000000E+00
 -2.723459E-02  0.000000E+00  0.000000E+00  5.568179E+03  0.000000E+00
  0.000000E+00  0.000000E+00  9.000000E+01  9.000000E+01  9.000000E+01
  0.000000E+00  4.706844E+01  0.000000E+00  6.342189E-02  7.608765E-02
  2.467386E+00  3.604326E+00  4.676160E+01  5.522982E-02 -4.708149E-01
  5.522982E-02  4.839193E+01 -3.634439E-01 -4.708149E-01 -3.634439E-01
  4.605180E+01
     15360  1.536000E+01        41
 -1.201992E+06  3.036622E+02 -1.203086E+06  2.917335E+05 -1.494820E+06
  0.000000E+00  3.224820E-03  0.000000E+00  0.000000E+00 -1.184596E+06
  1.009929E+03 -5.002452E+04 -1.543974E+06  1.493947E+06  0.000000E+00
 -3.116090E-02  0.000000E+00  0.000000E+00  5.568179E+03  0.000000E+00
  0.000000E+00  0.000000E+00  9.000000E+01  9.000000E+01  9.000000E+01
  0.000000E+00  5.120021E+01  0.000000E+00  6.311541E-02  7.190672E-02
  2.450604E+00  3.800709E+00  3.820363E+01 -6.876788E-01 -3.369909E-01
 -6.876788E-01  5.946435E+01  1.460753E+00 -3.369909E-01  1.460753E+00
  5.593263E+01
     15390  1.539000E+01        41
 -1.201992E+06  3.248145E+02 -1.203163E+06  2.908395E+05 -1.494003E+06
  0.000000E+00  3.041443E-03  0.000000E+00  0.000000E+00 -1.185541E+06
  8.482073E+02 -4.703559E+04 -1.540119E+06  1.493127E+06  0.000000E+00
 -2.941864E-02  0.000000E+00  0.000000E+00  5.568179E+03  0.000000E+00
  0.000000E+00  0.000000E+00  9.000000E+01  9.000000E+01  9.000000E+01
  0.000000E+00  4.842142E+01  0.000000E+00  5.636848E-02  6.689486E-02
  2.481464E+00  4.106622E+00  4.869595E+01 -2.132897E+00 -1.016044E+00
 -2.132897E+00  5.137589E+01 -1.716784E+00 -1.016044E+00 -1.716784E+00
  4.519244E+01
     15420  1.542000E+01        41
 -1.201992E+06  3.091395E+02 -1.203106E+06  2.910894E+05 -1.494196E+06
  0.000000E+00  3.064004E-03  0.000000E+00  0.000000E+00 -1.185250E+06
  7.925096E+02 -4.801766E+04 -1.541235E+06  1.493318E+06  0.000000E+00
 -2.962407E-02  0.000000E+00  0.000000E+00  5.568179E+03  0.000000E+00
  0.000000E+00  0.000000E+00  9.000000E+01  9.000000E+01  9.000000E+01
  0.000000E+00  4.927540E+01  0.000000E+00  4.949508E-02  6.166979E-02
  2.431699E+00  4.262888E+00  4.721575E+01  2.735487E-02 -4.956859E+00
  2.735487E-02  4.730200E+01  1.784696E+00 -4.956859E+00  1.784696E+00
  5.330844E+01
     15450  1.545000E+01        41
 -1.201992E+06  3.180315E+02 -1.203138E+06  2.922318E+05 -1.495370E+06
  0.000000E+00  3.019206E-03  0.000000E+00  0.000000E+00 -1.183990E+06
  8.764840E+02 -5.173532E+04 -1.546125E+06  1.494488E+06  0.000000E+00
 -2.921259E-02  0.000000E+00  0.000000E+00  5.568179E+03  0.000000E+00
  0.000000E+00  0.000000E+00  9.000000E+01  9.000000E+01  9.000000E+01
  0.000000E+00  5.298351E+01  0.000000E+00  4.264508E-02  5.336327E-02
  2.284351E+00  4.213812E+00  4.884847E+01 -1.924887E+00 -2.360410E+00
 -1.924887E+00  5.595356E+01  3.833599E+00 -2.360410E+00  3.833599E+00
  5.414848E+01
     15480  1.548000E+01        41
 -1.201992E+06  3.276356E+02 -1.203173E+06  2.914101E+05 -1.494583E+06
  0.000000E+00  2.876197E-03  0.000000E+00  0.000000E+00 -1.184900E+06
  1.005688E+03 -4.893979E+04 -1.542601E+06  1.493710E+06  0.000000E+00
 -2.781783E-02  0.000000E+00  0.000000E+00  5.568179E+03  0.000000E+00
  0.000000E+00  0.000000E+00  9.000000E+01  9.000000E+01  9.000000E+01
  0.000000E+00  5.030566E+01  0.000000E+00  3.737153E-02  4.880893E-02
  2.177242E+00  4.223862E+00  4.447760E+01  2.148862E+00  2.303240E+00
  2.148862E+00  5.429735E+01  1.074917E+00  2.303240E+00  1.074917E+00
  5.214204E+01
     15510  1.551000E+01        41
 -1.201992E+06  3.098464E+02 -1.203109E+06  2.915421E+05 -1.494651E+06
  0.000000E+00  3.019173E-03  0.000000E+00  0.000000E+00 -1.184774E+06
  1.171313E+03 -4.945075E+04 -1.543187E+06  1.493779E+06  0.000000E+00
 -2.921076E-02  0.000000E+00  0.000000E+00  5.568179E+03  0.000000E+00
  0.000000E+00  0.000000E+00  9.000000E+01  9.000000E+01  9.000000E+01
  0.000000E+00  5.067709E+01  0.000000E+00  3.623323E-02  5.015669E-02
  2.146614E+00  4.423403E+00  4.825966E+01  2.552930E+00  1.045708E+00
  2.552930E+00  5.744028E+01 -3.506262E+00  1.045708E+00 -3.506262E+00
  4.633132E+01
     15540  1.554000E+01        41
 -1.201992E+06  3.030544E+02 -1.203084E+06  2.902233E+05 -1.493308E+06
  0.000000E+00  3.140707E-03  0.000000E+00  0.000000E+00 -1.186327E+06
  1.383775E+03 -4.484484E+04 -1.537297E+06  1.492441E+06  0.000000E+00
 -3.033201E-02  0.000000E+00  0.000000E+00  5.568179E+03  0.000000E+00
  0.000000E+00  0.000000E+00  9.000000E+01  9.000000E+01  9.000000E+01
  0.000000E+00  4.610516E+01  0.000000E+00  3.947668E-02  4.711781E-02
  2.211482E+00  4.871477E+00  3.931519E+01  7.859516E-01  1.450541E+00
  7.859516E-01  5.138153E+01 -1.286522E+00  1.450541E+00 -1.286522E+00
  4.761874E+01
     15570  1.557000E+01        41
 -1.201992E+06  3.227703E+02 -1.203156E+06  2.917491E+05 -1.494905E+06
  0.000000E+00  3.133473E-03  0.000000E+00  0.000000E+00 -1.184591E+06
  1.434257E+03 -4.991181E+04 -1.543962E+06  1.494031E+06  0.000000E+00
 -3.029994E-02  0.000000E+00  0.000000E+00  5.568179E+03  0.000000E+00
  0.000000E+00  0.000000E+00  9.000000E+01  9.000000E+01  9.000000E+01
  0.000000E+00  5.121439E+01  0.000000E+00  3.734355E-02  4.720218E-02
  2.365901E+00  5.544916E+00  4.777373E+01 -1.099015E+00  3.451499E+00
 -1.099015E+00  5.549997E+01 -1.546292E+00  3.451499E+00 -1.546292E+00
  5.036947E+01
     15600  1.560000E+01        41
 -1.201992E+06  3.207488E+02 -1.203148E+06  2.919701E+05 -1.495118E+06
  0.000000E+00  2.885742E-03  0.000000E+00  0.000000E+00 -1.184367E+06
  1.406002E+03 -5.059665E+04 -1.544855E+06  1.494245E+06  0.000000E+00
 -2.790242E-02  0.000000E+00  0.000000E+00  5.568179E+03  0.000000E+00
  0.000000E+00  0.000000E+00  9.000000E+01  9.000000E+01  9.000000E+01
  0.000000E+00  5.187266E+01  0.000000E+00  3.843975E-02  4.746822E-02
  2.595445E+00  6.404022E+00  4.964525E+01 -6.504437E-01  7.973287E-01
 -6.504437E-01  5.084894E+01  1.382051E+00  7.973287E-01  1.382051E+00
  5.512378E+01
     15630  1.563000E+01        41
 -1.201992E+06  2.941229E+02 -1.203052E+06  2.913183E+05 -1.494370E+06
  0.000000E+00  2.984259E-03  0.000000E+00  0.000000E+00 -1.185130E+06
  1.294758E+03 -4.849965E+04 -1.541996E+06  1.493497E+06  0.000000E+00
 -2.882373E-02  0.000000E+00  0.000000E+00  5.568179E+03  0.000000E+00
  0.000000E+00  0.000000E+00  9.000000E+01  9.000000E+01  9.000000E+01
  0.000000E+00  4.962978E+01  0.000000E+00  4.137416E-02  5.360827E-02
  2.870283E+00  7.365779E+00  4.567632E+01  3.731489E-01  3.028504E+00
  3.731489E-01  5.348982E+01  8.978232E-01  3.028504E+00  8.978232E-01
  4.972320E+01
     15660  1.566000E+01        41
 -1.201992E+06  3.151784E+02 -1.203128E+06  2.935124E+05 -1.496641E+06
  0.000000E+00  3.181371E-03  0.000000E+00  0.000000E+00 -1.182679E+06
  1.206397E+03 -5.569762E+04 -1.551464E+06  1.495769E+06  0.000000E+00
 -3.072424E-02  0.000000E+00  0.000000E+00  5.568179E+03  0.000000E+00
  0.000000E+00  0.000000E+00  9.000000E+01  9.000000E+01  9.000000E+01
  0.000000E+00  5.684253E+01  0.000000E+00  4.582631E-02  5.409749E-02
  3.170922E+00  8.376704E+00  5.452850E+01 -2.436772E+00 -9.372091E-01
 -2.436772E+00  5.715069E+01  1.566384E+00 -9.372091E-01  1.566384E+00
  5.884840E+01
     15690  1.569000E+01        41
 -1.201992E+06  3.000711E+02 -1.203074E+06  2.914352E+05 -1.494509E+06
  0.000000E+00  3.018898E-03  0.000000E+00  0.000000E+00 -1.185000E+06
  1.169269E+03 -4.884262E+04 -1.542459E+06  1.493625E+06  0.000000E+00
 -2.915941E-02  0.000000E+00  0.000000E+00  5.568179E+03  0.000000E+00
  0.000000E+00  0.000000E+00  9.000000E+01  9.000000E+01  9.000000E+01
  0.000000E+00  5.001139E+01  0.000000E+00  4.663324E-02  5.744965E-02
  3.494903E+00  9.437219E+00  4.399898E+01 -1.273752E+00 -4.713926E+00
 -1.273752E+00  5.378253E+01 -3.288334E+00 -4.713926E+00 -3.288334E+00
  5.225265E+01
     15720  1.572000E+01        41
 -1.201992E+06  3.052624E+02 -1.203093E+06  2.918769E+05 -1.494970E+06
  0.000000E+00  3.090802E-03  0.000000E+00  0.000000E+00 -1.184473E+06
  1.055654E+03 -5.038294E+04 -1.544399E+06  1.494087E+06  0.000000E+00
 -2.984966E-02  0.000000E+00  0.000000E+00  5.568179E+03  0.000000E+00
  0.000000E+00  0.000000E+00  9.000000E+01  9.000000E+01  9.000000E+01
  0.000000E+00  5.156204E+01  0.000000E+00  4.963777E-02  5.790992E-02
  3.832261E+00  1.053546E+01  4.740872E+01 -2.079904E+00  4.780072E-01
 -2.079904E+00  5.371913E+01  2.934906E-01  4.780072E-01  2.934906E-01
  5.355829E+01
     15750  1.575000E+01        41
 -1.201992E+06  2.907664E+02 -1.203040E+06  2.922822E+05 -1.495322E+06
  0.000000E+00  3.049302E-03  0.000000E+00  0.000000E+00 -1.184032E+06
  1.049793E+03 -5.181050E+04 -1.546217E+06  1.494444E+06  0.000000E+00
 -2.949429E-02  0.000000E+00  0.000000E+00  5.568179E+03  0.000000E+00
  0.000000E+00  0.000000E+00  9.000000E+01  9.000000E+01  9.000000E+01
  0.000000E+00  5.286020E+01  0.000000E+00  5.198728E-02  6.139201E-02
  4.176491E+00  1.166915E+01  4.694924E+01  1.309351E+00 -8.362978E-01
  1.309351E+00  5.802104E+01  1.049058E-01 -8.362978E-01  1.049058E-01
  5.361030E+01
     15780  1.578000E+01        41
 -1.201992E+06  3.230300E+02 -1.203157E+06  2.917897E+05 -1.494946E+06
  0.000000E+00  2.831847E-03  0.000000E+00  0.000000E+00 -1.184543E+06
  1.104599E+03 -5.004832E+04 -1.544108E+06  1.494064E+06  0.000000E+00
 -2.740637E-02  0.000000E+00  0.000000E+00  5.568179E+03  0.000000E+00
  0.000000E+00  0.000000E+00  9.000000E+01  9.000000E+01  9.000000E+01
  0.000000E+00  5.135822E+01  0.000000E+00  4.918441E-02  5.959457E-02
  4.556188E+00  1.289534E+01  5.212908E+01  1.032045E+00  3.883997E+00
  1.032045E+00  4.939481E+01 -1.164962E+00  3.883997E+00 -1.164962E+00
  5.255077E+01
     15810  1.581000E+01        41
 -1.201992E+06  3.017524E+02 -1.203080E+06  2.919041E+05 -1.494984E+06
  0.000000E+00  3.069708E-03  0.000000E+00  0.000000E+00 -1.184455E+06
  1.140574E+03 -5.046441E+04 -1.544588E+06  1.494110E+06  0.000000E+00
 -2.968241E-02  0.000000E+00  0.000000E+00  5.568179E+03  0.000000E+00
  0.000000E+00  0.000000E+00  9.000000E+01  9.000000E+01  9.000000E+01
  0.000000E+00  5.161507E+01  0.000000E+00  4.561067E-02  5.442095E-02
  4.972228E+00  1.419665E+01  5.394454E+01 -2.375233E+00  4.018577E+00
 -2.375233E+00  5.013270E+01 -3.066226E+00  4.018577E+00 -3.066226E+00
  5.076796E+01
     15840  1.584000E+01        41
 -1.201992E+06  3.230789E+02 -1.203157E+06  2.911791E+05 -1.494336E+06
  0.000000E+00  2.882911E-03  0.000000E+00  0.000000E+00 -1.185269E+06
  1.161522E+03 -4.786915E+04 -1.541351E+06  1.493461E+06  0.000000E+00
 -2.788103E-02  0.000000E+00  0.000000E+00  5.568179E+03  0.000000E+00
  0.000000E+00  0.000000E+00  9.000000E+01  9.000000E+01  9.000000E+01
  0.000000E+00  4.921926E+01  0.000000E+00  4.075813E-02  4.936585E-02
  5.406193E+00  1.552003E+01  4.728584E+01  2.445912E+00  7.525695E-01
  2.445912E+00  5.014289E+01 -6.124035E-01  7.525695E-01 -6.124035E-01
  5.022904E+01
     15870  1.587000E+01        41
 -1.201993E+06  3.292533E+02 -1.203180E+06  2.921539E+05 -1.495334E+06
  0.000000E+00  2.932307E-03  0.000000E+00  0.000000E+00 -1.184100E+06
  1.165491E+03 -5.133424E+04 -1.545806E+06  1.494455E+06  0.000000E+00
 -2.835719E-02  0.000000E+00  0.000000E+00  5.568179E+03  0.000000E+00
  0.000000E+00  0.000000E+00  9.000000E+01  9.000000E+01  9.000000E+01
  0.000000E+00  5.266231E+01  0.000000E+00  3.483696E-02  4.780001E-02
  5.845230E+00  1.683374E+01  5.761408E+01  3.164496E-01  7.610172E-01
  3.164496E-01  5.215191E+01 -2.955003E-01  7.610172E-01 -2.955003E-01
  4.822094E+01
     15900  1.590000E+01        41
 -1.201992E+06  2.896678E+02 -1.203036E+06  2.913049E+05 -1.494341E+06
  0.000000E+00  2.978642E-03  0.000000E+00  0.000000E+00 -1.185144E+06
  1.170767E+03 -4.848543E+04 -1.541958E+06  1.493460E+06  0.000000E+00
 -2.881265E-02  0.000000E+00  0.000000E+00  5.568179E+03  0.000000E+00
  0.000000E+00  0.000000E+00  9.000000E+01  9.000000E+01  9.000000E+01
  0.000000E+00  4.958735E+01  0.000000E+00  3.323471E-02  4.309394E-02
  6.276376E+00  1.810391E+01  4.676832E+01 -1.144704E+00 -1.059744E+00
 -1.144704E+00  5.052149E+01  2.873393E+00 -1.059744E+00  2.873393E+00
  5.147225E+01
     15930  1.593000E+01        41
 -1.201993E+06  3.229397E+02 -1.203157E+06  2.913256E+05 -1.494482E+06
  0.000000E+00  2.852745E-03  0.000000E+00  0.000000E+00 -1.185056E+06
  1.189927E+03 -4.851192E+04 -1.542136E+06  1.493604E+06  0.000000E+00
 -2.759116E-02  0.000000E+00  0.000000E+00  5.568179E+03  0.000000E+00
  0.000000E+00  0.000000E+00  9.000000E+01  9.000000E+01  9.000000E+01
  0.000000E+00  4.984818E+01  0.000000E+00  2.923875E-02  4.088449E-02
  6.690412E+00  1.929850E+01  4.708438E+01  6.001640E-02 -5.327423E-01
  6.001640E-02  5.844103E+01 -2.188882E+00 -5.327423E-01 -2.188882E+00
  4.401912E+01
     15960  1.596000E+01        41
 -1.201993E+06  3.196602E+02 -1.203145E+06  2.930048E+05 -1.496150E+06
  0.000000E+00  3.132131E-03  0.000000E+00  0.000000E+00 -1.183259E+06
  1.207948E+03 -5.392711E+04 -1.549219E+06  1.495275E+06  0.000000E+00
 -3.026214E-02  0.000000E+00  0.000000E+00  5.568179E+03  0.000000E+00
  0.000000E+00  0.000000E+00  9.000000E+01  9.000000E+01  9.000000E+01
  0.000000E+00  5.513720E+01  0.000000E+00  2.888215E-02  3.576273E-02
  7.084248E+00  2.040609E+01  5.268629E+01  1.097040E+00  3.289673E+00
  1.097040E+00  5.234934E+01 -3.857953E-01  3.289673E+00 -3.857953E-01
  6.037599E+01
     15990  1.599000E+01        41
 -1.201993E+06  3.161734E+02 -1.203132E+06  2.917164E+05 -1.494849E+06
  0.000000E+00  2.883645E-03  0.000000E+00  0.000000E+00 -1.184655E+06
  1.198737E+03 -4.976424E+04 -1.543758E+06  1.493974E+06  0.000000E+00
 -2.784219E-02  0.000000E+00  0.000000E+00  5.568179E+03  0.000000E+00
  0.000000E+00  0.000000E+00  9.000000E+01  9.000000E+01  9.000000E+01
  0.000000E+00  5.102872E+01  0.000000E+00  2.612380E-02  3.738459E-02
  7.448970E+00  2.140061E+01  4.533450E+01  5.800394E-01  1.831472E+00
  5.800394E-01  5.900328E+01 -2.326243E+00  1.831472E+00 -2.326243E+00
  4.874838E+01
     16020  1.602000E+01        41
 -1.201993E+06  3.184268E+02 -1.203141E+06  2.924793E+05 -1.495620E+06
  0.000000E+00  2.962114E-03  0.000000E+00  0.000000E+00 -1.183816E+06
  1.179238E+03 -5.226582E+04 -1.547033E+06  1.494748E+06  0.000000E+00
 -2.860258E-02  0.000000E+00  0.000000E+00  5.568179E+03  0.000000E+00
  0.000000E+00  0.000000E+00  9.000000E+01  9.000000E+01  9.000000E+01
  0.000000E+00  5.349935E+01  0.000000E+00  3.009514E-02  3.927330E-02
  7.774576E+00  2.225052E+01  5.251528E+01 -1.063154E+00  8.285532E-02
 -1.063154E+00  4.959585E+01  8.590206E-01  8.285532E-02  8.590206E-01
  5.838692E+01
     16050  1.605000E+01        41
 -1.201993E+06  3.120295E+02 -1.203117E+06  2.929835E+05 -1.496101E+06
  0.000000E+00  2.963659E-03  0.000000E+00  0.000000E+00 -1.183260E+06
  1.204642E+03 -5.397951E+04 -1.549212E+06  1.495218E+06  0.000000E+00
 -2.860614E-02  0.000000E+00  0.000000E+00  5.568179E+03  0.000000E+00
  0.000000E+00  0.000000E+00  9.000000E+01  9.000000E+01  9.000000E+01
  0.000000E+00  5.513473E+01  0.000000E+00  3.204102E-02  4.377967E-02
  8.059855E+00  2.295753E+01  5.224973E+01  5.674079E-01  3.928484E+00
  5.674079E-01  5.971068E+01  3.686291E+00  3.928484E+00  3.686291E+00
  5.344378E+01
     16080  1.608000E+01        41
 -1.201992E+06  2.976443E+02 -1.203065E+06  2.916851E+05 -1.494750E+06
  0.000000E+00  3.137663E-03  0.000000E+00  0.000000E+00 -1.184719E+06
  1.212999E+03 -4.970406E+04 -1.543588E+06  1.493864E+06  0.000000E+00
 -3.031222E-02  0.000000E+00  0.000000E+00  5.568179E+03  0.000000E+00
  0.000000E+00  0.000000E+00  9.000000E+01  9.000000E+01  9.000000E+01
  0.000000E+00  5.083829E+01  0.000000E+00  3.522085E-02  4.759265E-02
  8.296266E+00  2.349924E+01  5.023199E+01 -2.556263E+00  2.336695E+00
 -2.556263E+00  4.849853E+01  2.223945E+00  2.336695E+00  2.223945E+00
  5.378435E+01
     16110  1.611000E+01        41
 -1.201992E+06  3.138068E+02 -1.203123E+06  2.926417E+05 -1.495765E+06
  0.000000E+00  3.069353E-03  0.000000E+00  0.000000E+00 -1.183629E+06
  1.196236E+03 -5.285655E+04 -1.547756E+06  1.494884E+06  0.000000E+00
 -2.965757E-02  0.000000E+00  0.000000E+00  5.568179E+03  0.000000E+00
  0.000000E+00  0.000000E+00  9.000000E+01  9.000000E+01  9.000000E+01
  0.000000E+00  5.404581E+01  0.000000E+00  3.855990E-02  4.701215E-02
  8.483845E+00  2.387755E+01  4.846178E+01 -1.654301E+00 -2.884822E+00
 -1.654301E+00  5.974886E+01  2.806736E+00 -2.884822E+00  2.806736E+00
  5.392678E+01
     16140  1.614000E+01        41
 -1.201992E+06  2.948763E+02 -1.203055E+06  2.908951E+05 -1.493950E+06
  0.000000E+00  2.804249E-03  0.000000E+00  0.000000E+00 -1.185568E+06
  1.164845E+03 -4.717558E+04 -1.540250E+06  1.493066E+06  0.000000E+00
 -2.712393E-02  0.000000E+00  0.000000E+00  5.568179E+03  0.000000E+00
  0.000000E+00  0.000000E+00  9.000000E+01  9.000000E+01  9.000000E+01
  0.000000E+00  4.833929E+01  0.000000E+00  3.603899E-02  5.019040E-02
  8.624973E+00  2.410019E+01  4.572594E+01 -2.974999E+00  1.862096E+00
 -2.974999E+00  4.763942E+01  2.572767E+00  1.862096E+00  2.572767E+00
  5.165249E+01
     16170  1.617000E+01        41
 -1.201992E+06  2.994427E+02 -1.203072E+06  2.928860E+05 -1.495958E+06
  0.000000E+00  3.037149E-03  0.000000E+00  0.000000E+00 -1.183376E+06
  1.134545E+03 -5.371770E+04 -1.548803E+06  1.495077E+06  0.000000E+00
 -2.933990E-02  0.000000E+00  0.000000E+00  5.568179E+03  0.000000E+00
  0.000000E+00  0.000000E+00  9.000000E+01  9.000000E+01  9.000000E+01
  0.000000E+00  5.479057E+01  0.000000E+00  3.782075E-02  4.675219E-02
  8.728621E+00  2.418272E+01  5.223430E+01  2.485582E+00 -3.751575E+00
  2.485582E+00  5.667094E+01  2.314578E+00 -3.751575E+00  2.314578E+00
  5.546646E+01
     16200  1.620000E+01        41
 -1.201993E+06  3.144623E+02 -1.203126E+06  2.914170E+05 -1.494543E+06
  0.000000E+00  2.957037E-03  0.000000E+00  0.000000E+00 -1.184970E+06
  1.111999E+03 -4.882907E+04 -1.542495E+06  1.493656E+06  0.000000E+00
 -2.858013E-02  0.000000E+00  0.000000E+00  5.568179E+03  0.000000E+00
  0.000000E+00  0.000000E+00  9.000000E+01  9.000000E+01  9.000000E+01
  0.000000E+00  5.010128E+01  0.000000E+00  3.628358E-02  4.748607E-02
  8.807299E+00  2.415579E+01  5.068485E+01  1.131719E+00  1.594822E+00
  1.131719E+00  4.831458E+01 -6.178328E-01  1.594822E+00 -6.178328E-01
  5.130440E+01
     16230  1.623000E+01        41
 -1.201993E+06  3.196686E+02 -1.203145E+06  2.916648E+05 -1.494810E+06
  0.000000E+00  2.820938E-03  0.000000E+00  0.000000E+00 -1.184688E+06
  1.100970E+03 -4.963739E+04 -1.543575E+06  1.493938E+06  0.000000E+00
 -2.724848E-02  0.000000E+00  0.000000E+00  5.568179E+03  0.000000E+00
  0.000000E+00  0.000000E+00  9.000000E+01  9.000000E+01  9.000000E+01
  0.000000E+00  5.093138E+01  0.000000E+00  3.596725E-02  4.687563E-02
  8.870390E+00  2.404269E+01  4.896994E+01 -2.860013E+00  1.968802E+00
 -2.860013E+00  5.164462E+01 -6.466508E-01  1.968802E+00 -6.466508E-01
  5.217958E+01
     16260  1.626000E+01        41
 -1.201992E+06  3.118553E+02 -1.203116E+06  2.922775E+05 -1.495394E+06
  0.000000E+00  3.105510E-03  0.000000E+00  0.000000E+00 -1.184025E+06
  1.119352E+03 -5.168227E+04 -1.546210E+06  1.494513E+06  0.000000E+00
 -2.998996E-02  0.000000E+00  0.000000E+00  5.568179E+03  0.000000E+00
  0.000000E+00  0.000000E+00  9.000000E+01  9.000000E+01  9.000000E+01
  0.000000E+00  5.288184E+01  0.000000E+00  3.633984E-02  4.880416E-02
  8.920979E+00  2.384706E+01  5.356649E+01  4.979907E-01  4.249021E-01
  4.979907E-01  5.260225E+01 -3.463185E-01  4.249021E-01 -3.463185E-01
  5.247676E+01
     16290  1.629000E+01        41
 -1.201993E+06  3.177001E+02 -1.203138E+06  2.909825E+05 -1.494120E+06
  0.000000E+00  2.838033E-03  0.000000E+00  0.000000E+00 -1.185458E+06
  1.113537E+03 -4.734306E+04 -1.540599E+06  1.493249E+06  0.000000E+00
 -2.744662E-02  0.000000E+00  0.000000E+00  5.568179E+03  0.000000E+00
  0.000000E+00  0.000000E+00  9.000000E+01  9.000000E+01  9.000000E+01
  0.000000E+00  4.866627E+01  0.000000E+00  3.919272E-02  5.113326E-02
  8.945448E+00  2.354830E+01  4.516833E+01  2.977023E+00 -1.137634E+00
  2.977023E+00  5.501311E+01  3.172382E+00 -1.137634E+00  3.172382E+00
  4.581736E+01
     16320  1.632000E+01        41
 -1.201993E+06  3.058063E+02 -1.203095E+06  2.921220E+05 -1.495217E+06
  0.000000E+00  3.326250E-03  0.000000E+00  0.000000E+00 -1.184192E+06
  1.025799E+03 -5.122493E+04 -1.545564E+06  1.494344E+06  0.000000E+00
 -3.213170E-02  0.000000E+00  0.000000E+00  5.568179E+03  0.000000E+00
  0.000000E+00  0.000000E+00  9.000000E+01  9.000000E+01  9.000000E+01
  0.000000E+00  5.239266E+01  0.000000E+00  4.530999E-02  5.647456E-02
  8.934898E+00  2.315734E+01  5.435917E+01 -2.630230E-01 -2.874791E+00
 -2.630230E-01  5.286932E+01 -6.272019E-01 -2.874791E+00 -6.272019E-01
  4.994950E+01
     16350  1.635000E+01        41
 -1.201992E+06  3.046255E+02 -1.203090E+06  2.915310E+05 -1.494621E+06
  0.000000E+00  3.114594E-03  0.000000E+00  0.000000E+00 -1.184817E+06
  7.099976E+02 -4.934913E+04 -1.543022E+06  1.493755E+06  0.000000E+00
 -3.011805E-02  0.000000E+00  0.000000E+00  5.568179E+03  0.000000E+00
  0.000000E+00  0.000000E+00  9.000000E+01  9.000000E+01  9.000000E+01
  0.000000E+00  5.055176E+01  0.000000E+00  4.721790E-02  5.750569E-02
  8.871069E+00  2.267535E+01  4.998093E+01 -8.162986E-01 -5.099303E+00
 -8.162986E-01  4.838468E+01  1.346021E+00 -5.099303E+00  1.346021E+00
  5.328968E+01
     16380  1.638000E+01        41
 -1.201993E+06  3.227868E+02 -1.203156E+06  2.915940E+05 -1.494750E+06
  0.000000E+00  3.112232E-03  0.000000E+00  0.000000E+00 -1.184729E+06
  5.181479E+02 -4.947675E+04 -1.543326E+06  1.493883E+06  0.000000E+00
 -3.006948E-02  0.000000E+00  0.000000E+00  5.568179E+03  0.000000E+00
  0.000000E+00  0.000000E+00  9.000000E+01  9.000000E+01  9.000000E+01
  0.000000E+00  5.081010E+01  0.000000E+00  4.739408E-02  5.804643E-02
  8.740103E+00  2.212835E+01  5.522446E+01 -7.512426E-01  9.005341E-01
 -7.512426E-01  4.534354E+01 -1.654304E+00  9.005341E-01 -1.654304E+00
  5.186231E+01
     16410  1.641000E+01        41
 -1.201992E+06  3.061556E+02 -1.203096E+06  2.914650E+05 -1.494561E+06
  0.000000E+00  3.018722E-03  0.000000E+00  0.000000E+00 -1.184929E+06
  4.811301E+02 -4.899484E+04 -1.542676E+06  1.493692E+06  0.000000E+00
 -2.919380E-02  0.000000E+00  0.000000E+00  5.568179E+03  0.000000E+00
  0.000000E+00  0.000000E+00  9.000000E+01  9.000000E+01  9.000000E+01
  0.000000E+00  5.022060E+01  0.000000E+00  4.878231E-02  6.028925E-02
  8.570108E+00  2.153738E+01  4.865775E+01  1.968844E+00 -5.781525E+00
  1.968844E+00  5.157190E+01 -2.870143E+00 -5.781525E+00 -2.870143E+00
  5.043215E+01
     16440  1.644000E+01        41
 -1.201993E+06  3.298043E+02 -1.203182E+06  2.918465E+05 -1.495028E+06
  0.000000E+00  2.832160E-03  0.000000E+00  0.000000E+00 -1.184456E+06
  4.828378E+02 -5.024611E+04 -1.544416E+06  1.494160E+06  0.000000E+00
 -2.739979E-02  0.000000E+00  0.000000E+00  5.568179E+03  0.000000E+00
  0.000000E+00  0.000000E+00  9.000000E+01  9.000000E+01  9.000000E+01
  0.000000E+00  5.161538E+01  0.000000E+00  4.836879E-02  5.952570E-02
  8.387702E+00  2.091196E+01  5.399623E+01  3.459205E-01 -4.398159E+00
  3.459205E-01  5.177173E+01 -6.979239E-01 -4.398159E+00 -6.979239E-01
  4.907818E+01
     16470  1.647000E+01        41
 -1.201993E+06  3.121499E+02 -1.203118E+06  2.919216E+05 -1.495039E+06
  0.000000E+00  2.909046E-03  0.000000E+00  0.000000E+00 -1.184423E+06
  4.983608E+02 -5.047228E+04 -1.544641E+06  1.494166E+06  0.000000E+00
 -2.811759E-02  0.000000E+00  0.000000E+00  5.568179E+03  0.000000E+00
  0.000000E+00  0.000000E+00  9.000000E+01  9.000000E+01  9.000000E+01
  0.000000E+00  5.171204E+01  0.000000E+00  4.935054E-02  5.996820E-02
  8.216740E+00  2.027218E+01  4.477183E+01  3.285561E-01 -4.619436E+00
  3.285561E-01  5.981525E+01 -1.422690E+00 -4.619436E+00 -1.422690E+00
  5.054903E+01
     16500  1.650000E+01        41
 -1.201993E+06  3.066410E+02 -1.203098E+06  2.909017E+05 -1.494000E+06
  0.000000E+00  2.850158E-03  0.000000E+00  0.000000E+00 -1.185546E+06
  5.412832E+02 -4.714193E+04 -1.540250E+06  1.493126E+06  0.000000E+00
 -2.758447E-02  0.000000E+00  0.000000E+00  5.568179E+03  0.000000E+00
  0.000000E+00  0.000000E+00  9.000000E+01  9.000000E+01  9.000000E+01
  0.000000E+00  4.840473E+01  0.000000E+00  4.937224E-02  6.103150E-02
  8.055661E+00  1.960621E+01  4.961247E+01  5.525523E-01 -3.613533E+00
  5.525523E-01  4.926874E+01 -2.393492E+00 -3.613533E+00 -2.393492E+00
  4.633299E+01
     16530  1.653000E+01        41
 -1.201993E+06  3.179218E+02 -1.203139E+06  2.922289E+05 -1.495368E+06
  0.000000E+00  3.042795E-03  0.000000E+00  0.000000E+00 -1.184050E+06
  6.324312E+02 -5.155275E+04 -1.546029E+06  1.494493E+06  0.000000E+00
 -2.941532E-02  0.000000E+00  0.000000E+00  5.568179E+03  0.000000E+00
  0.000000E+00  0.000000E+00  9.000000E+01  9.000000E+01  9.000000E+01
  0.000000E+00  5.280959E+01  0.000000E+00  4.655371E-02  5.860846E-02
  7.889756E+00  1.887108E+01  4.927474E+01 -1.819607E+00  1.535567E+00
 -1.819607E+00  5.612693E+01  1.050682E+00  1.535567E+00  1.050682E+00
  5.302709E+01
     16560  1.656000E+01        41
 -1.201993E+06  3.179000E+02 -1.203139E+06  2.912633E+05 -1.494402E+06
  0.000000E+00  2.903786E-03  0.000000E+00  0.000000E+00 -1.185125E+06
  7.331815E+02 -4.832931E+04 -1.541859E+06  1.493525E+06  0.000000E+00
 -2.808282E-02  0.000000E+00  0.000000E+00  5.568179E+03  0.000000E+00
  0.000000E+00  0.000000E+00  9.000000E+01  9.000000E+01  9.000000E+01
  0.000000E+00  4.964456E+01  0.000000E+00  4.727960E-02  5.486319E-02
  7.714840E+00  1.804480E+01  5.013548E+01 -4.833343E-01 -9.790189E-01
 -4.833343E-01  4.604982E+01  1.422938E+00 -9.790189E-01  1.422938E+00
  5.274839E+01
     16590  1.659000E+01        41
 -1.201993E+06  3.295987E+02 -1.203181E+06  2.912357E+05 -1.494417E+06
  0.000000E+00  3.097898E-03  0.000000E+00  0.000000E+00 -1.185123E+06
  8.273233E+02 -4.825400E+04 -1.541807E+06  1.493539E+06  0.000000E+00
 -2.995372E-02  0.000000E+00  0.000000E+00  5.568179E+03  0.000000E+00
  0.000000E+00  0.000000E+00  9.000000E+01  9.000000E+01  9.000000E+01
  0.000000E+00  4.965111E+01  0.000000E+00  4.686432E-02  5.596848E-02
  7.545361E+00  1.715231E+01  3.914474E+01 -8.798059E-01  8.183937E-02
 -8.798059E-01  5.559357E+01  9.718691E-01  8.183937E-02  9.718691E-01
  5.421500E+01
     16620  1.662000E+01        41
 -1.201993E+06  3.071131E+02 -1.203100E+06  2.912372E+05 -1.494337E+06
  0.000000E+00  3.150695E-03  0.000000E+00  0.000000E+00 -1.185134E+06
  8.639232E+02 -4.838429E+04 -1.541851E+06  1.493464E+06  0.000000E+00
 -3.050669E-02  0.000000E+00  0.000000E+00  5.568179E+03  0.000000E+00
  0.000000E+00  0.000000E+00  9.000000E+01  9.000000E+01  9.000000E+01
  0.000000E+00  4.961901E+01  0.000000E+00  4.926741E-02  5.693443E-02
  7.400078E+00  1.623287E+01  4.859760E+01  1.671328E+00  9.082904E-01
  1.671328E+00  4.647517E+01  6.134904E-01  9.082904E-01  6.134904E-01
  5.378427E+01
     16650  1.665000E+01        41
 -1.201993E+06  3.154169E+02 -1.203130E+06  2.908375E+05 -1.493967E+06
  0.000000E+00  3.183309E-03  0.000000E+00  0.000000E+00 -1.185584E+06
  8.155641E+02 -4.697193E+04 -1.540042E+06  1.493092E+06  0.000000E+00
 -3.078876E-02  0.000000E+00  0.000000E+00  5.568179E+03  0.000000E+00
  0.000000E+00  0.000000E+00  9.000000E+01  9.000000E+01  9.000000E+01
  0.000000E+00  4.829330E+01  0.000000E+00  4.506228E-02  5.610736E-02
  7.277475E+00  1.531531E+01  4.266240E+01 -2.701691E-01 -1.297101E+00
 -2.701691E-01  5.432519E+01  2.286848E+00 -1.297101E+00  2.286848E+00
  4.789233E+01
     16680  1.668000E+01        41
 -1.201992E+06  3.120980E+02 -1.203117E+06  2.908504E+05 -1.493968E+06
  0.000000E+00  3.014018E-03  0.000000E+00  0.000000E+00 -1.185500E+06
  5.281954E+02 -4.723895E+04 -1.540261E+06  1.493096E+06  0.000000E+00
 -2.916702E-02  0.000000E+00  0.000000E+00  5.568179E+03  0.000000E+00
  0.000000E+00  0.000000E+00  9.000000E+01  9.000000E+01  9.000000E+01
  0.000000E+00  4.853883E+01  0.000000E+00  4.107309E-02  5.316505E-02
  7.173981E+00  1.447122E+01  5.092006E+01  1.148518E+00  2.393540E+00
  1.148518E+00  4.480590E+01  1.599754E+00  2.393540E+00  1.599754E+00
  4.989053E+01
     16710  1.671000E+01        41
 -1.201993E+06  3.197673E+02 -1.203145E+06  2.904573E+05 -1.493603E+06
  0.000000E+00  3.090632E-03  0.000000E+00  0.000000E+00 -1.185931E+06
  3.337050E+02 -4.588937E+04 -1.538557E+06  1.492736E+06  0.000000E+00
 -2.989989E-02  0.000000E+00  0.000000E+00  5.568179E+03  0.000000E+00
  0.000000E+00  0.000000E+00  9.000000E+01  9.000000E+01  9.000000E+01
  0.000000E+00  4.727380E+01  0.000000E+00  4.110032E-02  5.228191E-02
  7.114475E+00  1.385727E+01  4.434803E+01 -8.879656E-01  2.371449E-01
 -8.879656E-01  4.934585E+01  1.114129E+00  2.371449E-01  1.114129E+00
  4.812752E+01
     16740  1.674000E+01        41
 -1.201993E+06  3.035686E+02 -1.203087E+06  2.897764E+05 -1.492863E+06
  0.000000E+00  2.860644E-03  0.000000E+00  0.000000E+00 -1.186710E+06
  3.971303E+02 -4.366978E+04 -1.535597E+06  1.491994E+06  0.000000E+00
 -2.767865E-02  0.000000E+00  0.000000E+00  5.568179E+03  0.000000E+00
  0.000000E+00  0.000000E+00  9.000000E+01  9.000000E+01  9.000000E+01
  0.000000E+00  4.498012E+01  0.000000E+00  4.299647E-02  5.674279E-02
  7.124265E+00  1.351380E+01  4.087511E+01  8.312912E-01 -2.003519E+00
  8.312912E-01  4.576562E+01 -2.562026E+00 -2.003519E+00 -2.562026E+00
  4.829964E+01
     16770  1.677000E+01        41
 -1.201992E+06  3.045844E+02 -1.203090E+06  2.918024E+05 -1.494892E+06
  0.000000E+00  3.168137E-03  0.000000E+00  0.000000E+00 -1.184466E+06
  4.497848E+02 -5.039478E+04 -1.544298E+06  1.494021E+06  0.000000E+00
 -3.064259E-02  0.000000E+00  0.000000E+00  5.568179E+03  0.000000E+00
  0.000000E+00  0.000000E+00  9.000000E+01  9.000000E+01  9.000000E+01
  0.000000E+00  5.158369E+01  0.000000E+00  4.817062E-02  5.690604E-02
  7.172289E+00  1.337517E+01  4.943577E+01  2.711582E-01 -6.379473E-01
  2.711582E-01  5.278143E+01 -4.099430E+00 -6.379473E-01 -4.099430E+00
  5.253386E+01
     16800  1.680000E+01        41
 -1.201992E+06  2.934403E+02 -1.203050E+06  2.902318E+05 -1.493281E+06
  0.000000E+00  2.915135E-03  0.000000E+00  0.000000E+00 -1.186275E+06
  6.815736E+02 -4.505151E+04 -1.537429E+06  1.492409E+06  0.000000E+00
 -2.822136E-02  0.000000E+00  0.000000E+00  5.568179E+03  0.000000E+00
  0.000000E+00  0.000000E+00  9.000000E+01  9.000000E+01  9.000000E+01
  0.000000E+00  4.625710E+01  0.000000E+00  5.153891E-02  6.230375E-02
  7.162537E+00  1.340683E+01  4.575346E+01  3.260604E+00  4.603616E-01
  3.260604E+00  4.580502E+01 -6.071618E+00  4.603616E-01 -6.071618E+00
  4.721282E+01
     16830  1.683000E+01        41
 -1.201992E+06  3.173318E+02 -1.203136E+06  2.910681E+05 -1.494204E+06
  0.000000E+00  3.258990E-03  0.000000E+00  0.000000E+00 -1.185254E+06
  6.510445E+02 -4.794301E+04 -1.541261E+06  1.493332E+06  0.000000E+00
 -3.153149E-02  0.000000E+00  0.000000E+00  5.568179E+03  0.000000E+00
  0.000000E+00  0.000000E+00  9.000000E+01  9.000000E+01  9.000000E+01
  0.000000E+00  4.926357E+01  0.000000E+00  5.275505E-02  6.390583E-02
  7.130397E+00  1.358111E+01  4.795505E+01  1.586511E+00  1.265555E+00
  1.586511E+00  4.848111E+01  2.727452E+00  1.265555E+00  2.727452E+00
  5.135456E+01
     16860  1.686000E+01        41
 -1.201992E+06  2.995611E+02 -1.203072E+06  2.907750E+05 -1.493847E+06
  0.000000E+00  3.032624E-03  0.000000E+00  0.000000E+00 -1.185621E+06
  3.216529E+02 -4.696307E+04 -1.539880E+06  1.492972E+06  0.000000E+00
 -2.932639E-02  0.000000E+00  0.000000E+00  5.568179E+03  0.000000E+00
  0.000000E+00  0.000000E+00  9.000000E+01  9.000000E+01  9.000000E+01
  0.000000E+00  4.818456E+01  0.000000E+00  5.321374E-02  6.326317E-02
  7.055236E+00  1.379805E+01  4.854798E+01 -1.716962E+00  1.775107E+00
 -1.716962E+00  4.797474E+01 -2.774814E+00  1.775107E+00 -2.774814E+00
  4.803097E+01
     16890  1.689000E+01        41
 -1.201992E+06  2.967975E+02 -1.203062E+06  2.914706E+05 -1.494532E+06
  0.000000E+00  3.271183E-03  0.000000E+00  0.000000E+00 -1.184841E+06
  1.371104E+02 -4.931687E+04 -1.542900E+06  1.493662E+06  0.000000E+00
 -3.160331E-02  0.000000E+00  0.000000E+00  5.568179E+03  0.000000E+00
  0.000000E+00  0.000000E+00  9.000000E+01  9.000000E+01  9.000000E+01
  0.000000E+00  5.047877E+01  0.000000E+00  5.184269E-02  5.961238E-02
  6.852808E+00  1.389025E+01  4.871579E+01 -3.418035E+00 -1.255055E+00
 -3.418035E+00  5.086042E+01  6.416090E-01 -1.255055E+00  6.416090E-01
  5.186011E+01
     16920  1.692000E+01        41
 -1.201993E+06  3.336873E+02 -1.203196E+06  2.917466E+05 -1.494942E+06
  0.000000E+00  3.029042E-03  0.000000E+00  0.000000E+00 -1.184497E+06
  3.204645E+02 -5.009110E+04 -1.544140E+06  1.494071E+06  0.000000E+00
 -2.927418E-02  0.000000E+00  0.000000E+00  5.568179E+03  0.000000E+00
  0.000000E+00  0.000000E+00  9.000000E+01  9.000000E+01  9.000000E+01
  0.000000E+00  5.149475E+01  0.000000E+00  4.614322E-02  5.794452E-02
  6.500963E+00  1.379918E+01  5.383048E+01  4.605135E-01 -2.831831E+00
  4.605135E-01  5.037013E+01  3.223475E+00 -2.831831E+00  3.223475E+00
  5.028363E+01
     16950  1.695000E+01        41
 -1.201992E+06  3.275717E+02 -1.203173E+06  2.907075E+05 -1.493880E+06
  0.000000E+00  2.993856E-03  0.000000E+00  0.000000E+00 -1.185715E+06
  3.719241E+02 -4.648064E+04 -1.539452E+06  1.493005E+06  0.000000E+00
 -2.894413E-02  0.000000E+00  0.000000E+00  5.568179E+03  0.000000E+00
  0.000000E+00  0.000000E+00  9.000000E+01  9.000000E+01  9.000000E+01
  0.000000E+00  4.790813E+01  0.000000E+00  4.503407E-02  5.548857E-02
  6.086490E+00  1.358188E+01  4.254366E+01 -3.072908E-01  4.024027E+00
 -3.072908E-01  5.045523E+01  3.007007E+00  4.024027E+00  3.007007E+00
  5.072551E+01
     16980  1.698000E+01        41
 -1.201993E+06  3.216946E+02 -1.203152E+06  2.916988E+05 -1.494851E+06
  0.000000E+00  2.988472E-03  0.000000E+00  0.000000E+00 -1.184594E+06
  4.334964E+02 -4.988691E+04 -1.543851E+06  1.493987E+06  0.000000E+00
 -2.892463E-02  0.000000E+00  0.000000E+00  5.568179E+03  0.000000E+00
  0.000000E+00  0.000000E+00  9.000000E+01  9.000000E+01  9.000000E+01
  0.000000E+00  5.120684E+01  0.000000E+00  4.540567E-02  5.494969E-02
  5.653362E+00  1.321499E+01  4.661317E+01  3.596766E-01  4.741253E-01
  3.596766E-01  5.440982E+01  3.671081E+00  4.741253E-01  3.671081E+00
  5.259753E+01
     17010  1.701000E+01        41
 -1.201993E+06  3.287391E+02 -1.203178E+06  2.910865E+05 -1.494264E+06
  0.000000E+00  3.032250E-03  0.000000E+00  0.000000E+00 -1.185293E+06
  4.843584E+02 -4.774219E+04 -1.541129E+06  1.493396E+06  0.000000E+00
 -2.931823E-02  0.000000E+00  0.000000E+00  5.568179E+03  0.000000E+00
  0.000000E+00  0.000000E+00  9.000000E+01  9.000000E+01  9.000000E+01
  0.000000E+00  4.915130E+01  0.000000E+00  4.214852E-02  5.391465E-02
  5.227256E+00  1.273607E+01  4.983782E+01 -3.063825E-01  2.385363E+00
 -3.063825E-01  5.367446E+01 -1.211996E+00  2.385363E+00 -1.211996E+00
  4.394163E+01
     17040  1.704000E+01        41
 -1.201993E+06  3.147582E+02 -1.203127E+06  2.912691E+05 -1.494396E+06
  0.000000E+00  2.890802E-03  0.000000E+00  0.000000E+00 -1.185086E+06
  5.378190E+02 -4.846404E+04 -1.541968E+06  1.493525E+06  0.000000E+00
 -2.798765E-02  0.000000E+00  0.000000E+00  5.568179E+03  0.000000E+00
  0.000000E+00  0.000000E+00  9.000000E+01  9.000000E+01  9.000000E+01
  0.000000E+00  4.975930E+01  0.000000E+00  4.077527E-02  4.917240E-02
  4.815434E+00  1.217847E+01  4.686893E+01  1.722432E+00 -3.917425E-01
  1.722432E+00  5.697328E+01 -3.187054E-01 -3.917425E-01 -3.187054E-01
  4.543570E+01
     17070  1.707000E+01        41
 -1.201992E+06  3.092308E+02 -1.203106E+06  2.922861E+05 -1.495393E+06
  0.000000E+00  2.948699E-03  0.000000E+00  0.000000E+00 -1.184022E+06
  6.234660E+02 -5.169626E+04 -1.546213E+06  1.494518E+06  0.000000E+00
 -2.848477E-02  0.000000E+00  0.000000E+00  5.568179E+03  0.000000E+00
  0.000000E+00  0.000000E+00  9.000000E+01  9.000000E+01  9.000000E+01
  0.000000E+00  5.288913E+01  0.000000E+00  3.599998E-02  4.669288E-02
  4.428944E+00  1.156631E+01  4.833971E+01  8.087391E-01 -2.518612E-01
  8.087391E-01  5.581807E+01 -2.204243E+00 -2.518612E-01 -2.204243E+00
  5.450963E+01
     17100  1.710000E+01        41
 -1.201993E+06  3.227237E+02 -1.203156E+06  2.911198E+05 -1.494276E+06
  0.000000E+00  2.883104E-03  0.000000E+00  0.000000E+00 -1.185257E+06
  6.893007E+02 -4.789673E+04 -1.541283E+06  1.493403E+06  0.000000E+00
 -2.790802E-02  0.000000E+00  0.000000E+00  5.568179E+03  0.000000E+00
  0.000000E+00  0.000000E+00  9.000000E+01  9.000000E+01  9.000000E+01
  0.000000E+00  4.925536E+01  0.000000E+00  3.484767E-02  4.180333E-02
  4.076548E+00  1.094301E+01  4.752656E+01  1.502503E-02 -5.307066E-01
  1.502503E-02  5.131512E+01 -8.405310E-01 -5.307066E-01 -8.405310E-01
  4.892438E+01
     17130  1.713000E+01        41
 -1.201992E+06  2.936617E+02 -1.203050E+06  2.921272E+05 -1.495178E+06
  0.000000E+00  3.302399E-03  0.000000E+00  0.000000E+00 -1.184189E+06
  6.234197E+02 -5.130760E+04 -1.545570E+06  1.494302E+06  0.000000E+00
 -3.191001E-02  0.000000E+00  0.000000E+00  5.568179E+03  0.000000E+00
  0.000000E+00  0.000000E+00  9.000000E+01  9.000000E+01  9.000000E+01
  0.000000E+00  5.239773E+01  0.000000E+00  3.367097E-02  4.248210E-02
  3.766443E+00  1.033056E+01  4.807643E+01 -1.051822E+00 -2.916083E-01
 -1.051822E+00  5.331987E+01 -1.257055E+00 -2.916083E-01 -1.257055E+00
  5.579689E+01
     17160  1.716000E+01        41
 -1.201992E+06  3.149333E+02 -1.203127E+06  2.924714E+05 -1.495598E+06
  0.000000E+00  2.834219E-03  0.000000E+00  0.000000E+00 -1.183763E+06
  4.832413E+02 -5.242980E+04 -1.547092E+06  1.494714E+06  0.000000E+00
 -2.740865E-02  0.000000E+00  0.000000E+00  5.568179E+03  0.000000E+00
  0.000000E+00  0.000000E+00  9.000000E+01  9.000000E+01  9.000000E+01
  0.000000E+00  5.365255E+01  0.000000E+00  3.259950E-02  4.155233E-02
  3.521347E+00  9.773870E+00  5.319242E+01 -7.041233E-01  7.838903E-02
 -7.041233E-01  4.827704E+01 -1.088769E+00  7.838903E-02 -1.088769E+00
  5.948818E+01
     17190  1.719000E+01        41
 -1.201992E+06  2.966504E+02 -1.203062E+06  2.917210E+05 -1.494783E+06
  0.000000E+00  2.959783E-03  0.000000E+00  0.000000E+00 -1.184616E+06
  4.438887E+02 -5.000278E+04 -1.543854E+06  1.493898E+06  0.000000E+00
 -2.860631E-02  0.000000E+00  0.000000E+00  5.568179E+03  0.000000E+00
  0.000000E+00  0.000000E+00  9.000000E+01  9.000000E+01  9.000000E+01
  0.000000E+00  5.114314E+01  0.000000E+00  3.372457E-02  4.107598E-02
  3.359207E+00  9.319095E+00  4.594241E+01  3.188413E+00 -1.352730E+00
  3.188413E+00  5.064131E+01 -4.151639E+00 -1.352730E+00 -4.151639E+00
  5.684571E+01
     17220  1.722000E+01        41
 -1.201992E+06  3.182393E+02 -1.203139E+06  2.918570E+05 -1.494996E+06
  0.000000E+00  3.135540E-03  0.000000E+00  0.000000E+00 -1.184451E+06
  4.273480E+02 -5.033898E+04 -1.544447E+06  1.494113E+06  0.000000E+00
 -3.028975E-02  0.000000E+00  0.000000E+00  5.568179E+03  0.000000E+00
  0.000000E+00  0.000000E+00  9.000000E+01  9.000000E+01  9.000000E+01
  0.000000E+00  5.162606E+01  0.000000E+00  3.106074E-02  3.993883E-02
  3.284212E+00  8.987213E+00  4.766086E+01 -4.026320E-01  2.256250E+00
 -4.026320E-01  5.392234E+01 -4.719034E-01  2.256250E+00 -4.719034E-01
  5.329499E+01
     17250  1.725000E+01        41
 -1.201993E+06  3.153862E+02 -1.203129E+06  2.914023E+05 -1.494532E+06
  0.000000E+00  2.998919E-03  0.000000E+00  0.000000E+00 -1.184967E+06
  3.983014E+02 -4.881183E+04 -1.542459E+06  1.493648E+06  0.000000E+00
 -2.897914E-02  0.000000E+00  0.000000E+00  5.568179E+03  0.000000E+00
  0.000000E+00  0.000000E+00  9.000000E+01  9.000000E+01  9.000000E+01
  0.000000E+00  5.010836E+01  0.000000E+00  2.870955E-02  4.144833E-02
  3.284460E+00  8.767684E+00  4.915937E+01  7.443549E-01  1.026193E+00
  7.443549E-01  5.096903E+01  5.650431E-02  1.026193E+00  5.650431E-02
  5.019666E+01
     17280  1.728000E+01        41
 -1.201992E+06  3.124813E+02 -1.203119E+06  2.927178E+05 -1.495836E+06
  0.000000E+00  3.134973E-03  0.000000E+00  0.000000E+00 -1.183537E+06
  3.364111E+02 -5.312159E+04 -1.548080E+06  1.494957E+06  0.000000E+00
 -3.028547E-02  0.000000E+00  0.000000E+00  5.568179E+03  0.000000E+00
  0.000000E+00  0.000000E+00  9.000000E+01  9.000000E+01  9.000000E+01
  0.000000E+00  5.431749E+01  0.000000E+00  2.918869E-02  3.818879E-02
  3.347601E+00  8.651366E+00  4.991495E+01 -3.549144E+00  7.817987E+00
 -3.549144E+00  5.829898E+01 -1.401722E+00  7.817987E+00 -1.401722E+00
  5.473855E+01
     17310  1.731000E+01        41
 -1.201992E+06  3.082866E+02 -1.203103E+06  2.917818E+05 -1.494885E+06
  0.000000E+00  2.814340E-03  0.000000E+00  0.000000E+00 -1.184559E+06
  2.890075E+02 -5.008397E+04 -1.544064E+06  1.494007E+06  0.000000E+00
 -2.720581E-02  0.000000E+00  0.000000E+00  5.568179E+03  0.000000E+00
  0.000000E+00  0.000000E+00  9.000000E+01  9.000000E+01  9.000000E+01
  0.000000E+00  5.130888E+01  0.000000E+00  3.137279E-02  4.046522E-02
  3.474114E+00  8.662641E+00  4.826727E+01 -1.637603E+00 -2.190314E+00
 -1.637603E+00  5.485262E+01 -1.540014E+00 -2.190314E+00 -1.540014E+00
  5.080673E+01
     17340  1.734000E+01        41
 -1.201992E+06  3.052734E+02 -1.203092E+06  2.924292E+05 -1.495522E+06
  0.000000E+00  3.014112E-03  0.000000E+00  0.000000E+00 -1.183862E+06
  2.896669E+02 -5.219683E+04 -1.546844E+06  1.494652E+06  0.000000E+00
 -2.910923E-02  0.000000E+00  0.000000E+00  5.568179E+03  0.000000E+00
  0.000000E+00  0.000000E+00  9.000000E+01  9.000000E+01  9.000000E+01
  0.000000E+00  5.336041E+01  0.000000E+00  3.783254E-02  4.765725E-02
  3.683953E+00  8.887977E+00  5.359180E+01  9.512031E-01  7.792595E-01
  9.512031E-01  5.231174E+01 -1.220292E+00  7.792595E-01 -1.220292E+00
  5.417767E+01
     17370  1.737000E+01        41
 -1.201992E+06  3.059263E+02 -1.203095E+06  2.917848E+05 -1.494880E+06
  0.000000E+00  3.079629E-03  0.000000E+00  0.000000E+00 -1.184561E+06
  2.751425E+02 -5.009544E+04 -1.544087E+06  1.494004E+06  0.000000E+00
 -2.977447E-02  0.000000E+00  0.000000E+00  5.568179E+03  0.000000E+00
  0.000000E+00  0.000000E+00  9.000000E+01  9.000000E+01  9.000000E+01
  0.000000E+00  5.130378E+01  0.000000E+00  4.577741E-02  5.544415E-02
  3.955740E+00  9.259655E+00  5.433542E+01 -4.858275E-01 -3.949500E+00
 -4.858275E-01  5.031457E+01  2.238668E+00 -3.949500E+00  2.238668E+00
  4.926136E+01
     17400  1.740000E+01        41
 -1.201992E+06  3.022732E+02 -1.203082E+06  2.918680E+05 -1.494950E+06
  0.000000E+00  3.082674E-03  0.000000E+00  0.000000E+00 -1.184487E+06
  2.732713E+02 -5.034292E+04 -1.544410E+06  1.494071E+06  0.000000E+00
 -2.977346E-02  0.000000E+00  0.000000E+00  5.568179E+03  0.000000E+00
  0.000000E+00  0.000000E+00  9.000000E+01  9.000000E+01  9.000000E+01
  0.000000E+00  5.152078E+01  0.000000E+00  5.044734E-02  6.185295E-02
  4.272898E+00  9.714676E+00  4.925796E+01  4.480150E-01  2.714279E+00
  4.480150E-01  5.763725E+01 -1.605033E+00  2.714279E+00 -1.605033E+00
  4.766715E+01
     17430  1.743000E+01        41
 -1.201992E+06  3.056117E+02 -1.203094E+06  2.923623E+05 -1.495456E+06
  0.000000E+00  3.141785E-03  0.000000E+00  0.000000E+00 -1.183894E+06
  2.579338E+02 -5.209993E+04 -1.546655E+06  1.494575E+06  0.000000E+00
 -3.035883E-02  0.000000E+00  0.000000E+00  5.568179E+03  0.000000E+00
  0.000000E+00  0.000000E+00  9.000000E+01  9.000000E+01  9.000000E+01
  0.000000E+00  5.326851E+01  0.000000E+00  5.217096E-02  6.373962E-02
  4.621366E+00  1.021682E+01  4.784572E+01  1.431509E+00 -6.255138E-01
  1.431509E+00  5.822911E+01  3.790384E+00 -6.255138E-01  3.790384E+00
  5.373070E+01
     17460  1.746000E+01        41
 -1.201992E+06  3.082179E+02 -1.203103E+06  2.921111E+05 -1.495214E+06
  0.000000E+00  2.887013E-03  0.000000E+00  0.000000E+00 -1.184141E+06
  3.087808E+02 -5.133845E+04 -1.545632E+06  1.494332E+06  0.000000E+00
 -2.788925E-02  0.000000E+00  0.000000E+00  5.568179E+03  0.000000E+00
  0.000000E+00  0.000000E+00  9.000000E+01  9.000000E+01  9.000000E+01
  0.000000E+00  5.253864E+01  0.000000E+00  5.295789E-02  6.415515E-02
  4.931002E+00  1.063998E+01  5.165759E+01 -3.064783E+00  1.324360E+00
 -3.064783E+00  5.772678E+01  6.933591E-01  1.324360E+00  6.933591E-01
  4.823153E+01
     17490  1.749000E+01        41
 -1.201993E+06  3.188717E+02 -1.203142E+06  2.929847E+05 -1.496127E+06
  0.000000E+00  3.174314E-03  0.000000E+00  0.000000E+00 -1.183179E+06
  5.530739E+02 -5.415677E+04 -1.549378E+06  1.495253E+06  0.000000E+00
 -3.066994E-02  0.000000E+00  0.000000E+00  5.568179E+03  0.000000E+00
  0.000000E+00  0.000000E+00  9.000000E+01  9.000000E+01  9.000000E+01
  0.000000E+00  5.537296E+01  0.000000E+00  5.385851E-02  6.402213E-02
  5.098008E+00  1.080556E+01  4.769646E+01 -2.662238E+00  3.218742E-01
 -2.662238E+00  5.711193E+01  3.181969E+00  3.218742E-01  3.181969E+00
  6.131050E+01
     17520  1.752000E+01        41
 -1.201993E+06  3.179873E+02 -1.203139E+06  2.918491E+05 -1.494988E+06
  0.000000E+00  2.955343E-03  0.000000E+00  0.000000E+00 -1.184422E+06
  7.359942E+02 -5.043757E+04 -1.544517E+06  1.494110E+06  0.000000E+00
 -2.853798E-02  0.000000E+00  0.000000E+00  5.568179E+03  0.000000E+00
  0.000000E+00  0.000000E+00  9.000000E+01  9.000000E+01  9.000000E+01
  0.000000E+00  5.171345E+01  0.000000E+00  5.165906E-02  6.096386E-02
  5.163011E+00  1.080731E+01  4.481765E+01  6.643917E-01 -6.174156E-01
  6.643917E-01  5.557766E+01  4.195499E+00 -6.174156E-01  4.195499E+00
  5.474505E+01
     17550  1.755000E+01        41
 -1.201993E+06  3.316719E+02 -1.203189E+06  2.926068E+05 -1.495796E+06
  0.000000E+00  2.972857E-03  0.000000E+00  0.000000E+00 -1.183565E+06
  8.570101E+02 -5.291631E+04 -1.547806E+06  1.494917E+06  0.000000E+00
 -2.873749E-02  0.000000E+00  0.000000E+00  5.568179E+03  0.000000E+00
  0.000000E+00  0.000000E+00  9.000000E+01  9.000000E+01  9.000000E+01
  0.000000E+00  5.423908E+01  0.000000E+00  5.003691E-02  5.895531E-02
  5.129733E+00  1.067739E+01  5.200133E+01  1.374078E-01 -1.991019E+00
  1.374078E-01  4.910325E+01  2.968975E+00 -1.991019E+00  2.968975E+00
  6.161264E+01
     17580  1.758000E+01        41
 -1.201993E+06  3.027024E+02 -1.203084E+06  2.930252E+05 -1.496109E+06
  0.000000E+00  3.124114E-03  0.000000E+00  0.000000E+00 -1.183187E+06
  8.359910E+02 -5.425579E+04 -1.549465E+06  1.495230E+06  0.000000E+00
 -3.017817E-02  0.000000E+00  0.000000E+00  5.568179E+03  0.000000E+00
  0.000000E+00  0.000000E+00  9.000000E+01  9.000000E+01  9.000000E+01
  0.000000E+00  5.534883E+01  0.000000E+00  4.508987E-02  5.974351E-02
  5.067342E+00  1.056983E+01  4.529057E+01  6.741758E-01  2.304809E+00
  6.741758E-01  6.359627E+01 -2.751211E-01  2.304809E+00 -2.751211E-01
  5.715965E+01
     17610  1.761000E+01        41
 -1.201992E+06  3.080188E+02 -1.203103E+06  2.914582E+05 -1.494561E+06
  0.000000E+00  2.756936E-03  0.000000E+00  0.000000E+00 -1.184933E+06
  7.053990E+02 -4.897464E+04 -1.542647E+06  1.493685E+06  0.000000E+00
 -2.664858E-02  0.000000E+00  0.000000E+00  5.568179E+03  0.000000E+00
  0.000000E+00  0.000000E+00  9.000000E+01  9.000000E+01  9.000000E+01
  0.000000E+00  5.020847E+01  0.000000E+00  4.496462E-02  5.346966E-02
  5.006826E+00  1.051503E+01  4.429420E+01  7.421124E-01 -2.173137E+00
  7.421124E-01  5.518128E+01 -2.511234E+00 -2.173137E+00 -2.511234E+00
  5.114991E+01
     17640  1.764000E+01        41
 -1.201993E+06  2.940077E+02 -1.203052E+06  2.928485E+05 -1.495901E+06
  0.000000E+00  3.137948E-03  0.000000E+00  0.000000E+00 -1.183365E+06
  4.191568E+02 -5.377496E+04 -1.548782E+06  1.495021E+06  0.000000E+00
 -3.033082E-02  0.000000E+00  0.000000E+00  5.568179E+03  0.000000E+00
  0.000000E+00  0.000000E+00  9.000000E+01  9.000000E+01  9.000000E+01
  0.000000E+00  5.482582E+01  0.000000E+00  4.330227E-02  5.015348E-02
  4.933457E+00  1.048895E+01  5.611930E+01  2.134876E+00 -6.674033E+00
  2.134876E+00  5.528214E+01 -4.531209E+00 -6.674033E+00 -4.531209E+00
  5.307601E+01
     17670  1.767000E+01        41
 -1.201992E+06  3.067662E+02 -1.203098E+06  2.916216E+05 -1.494720E+06
  0.000000E+00  2.952776E-03  0.000000E+00  0.000000E+00 -1.184716E+06
  1.162655E+02 -4.962194E+04 -1.543413E+06  1.493846E+06  0.000000E+00
 -2.855214E-02  0.000000E+00  0.000000E+00  5.568179E+03  0.000000E+00
  0.000000E+00  0.000000E+00  9.000000E+01  9.000000E+01  9.000000E+01
  0.000000E+00  5.084908E+01  0.000000E+00  3.820607E-02  4.694446E-02
  4.818994E+00  1.043358E+01  4.564992E+01 -1.336116E+00  5.453169E-01
 -1.336116E+00  5.411292E+01 -3.164169E+00  5.453169E-01 -3.164169E+00
  5.278438E+01
     17700  1.770000E+01        41
 -1.201992E+06  3.135875E+02 -1.203123E+06  2.925313E+05 -1.495654E+06
  0.000000E+00  3.113656E-03  0.000000E+00  0.000000E+00 -1.183709E+06
  4.059473E+01 -5.258926E+04 -1.547356E+06  1.494783E+06  0.000000E+00
 -3.005301E-02  0.000000E+00  0.000000E+00  5.568179E+03  0.000000E+00
  0.000000E+00  0.000000E+00  9.000000E+01  9.000000E+01  9.000000E+01
  0.000000E+00  5.381031E+01  0.000000E+00  3.645618E-02  4.137684E-02
  4.598157E+00  1.022755E+01  5.381829E+01 -4.613204E-03  1.909875E+00
 -4.613204E-03  5.451963E+01  1.491830E+00  1.909875E+00  1.491830E+00
  5.309300E+01
     17730  1.773000E+01        41
 -1.201992E+06  3.107147E+02 -1.203112E+06  2.924618E+05 -1.495574E+06
  0.000000E+00  2.801458E-03  0.000000E+00  0.000000E+00 -1.183814E+06
  6.657849E+01 -5.229829E+04 -1.547002E+06  1.494700E+06  0.000000E+00
 -2.706955E-02  0.000000E+00  0.000000E+00  5.568179E+03  0.000000E+00
  0.000000E+00  0.000000E+00  9.000000E+01  9.000000E+01  9.000000E+01
  0.000000E+00  5.350389E+01  0.000000E+00  3.620880E-02  4.413623E-02
  4.360338E+00  9.978112E+00  5.465240E+01  1.394509E+00  2.973864E+00
  1.394509E+00  5.203796E+01  4.505257E+00  2.973864E+00  4.505257E+00
  5.382132E+01
     17760  1.776000E+01        41
 -1.201992E+06  2.948817E+02 -1.203055E+06  2.917609E+05 -1.494816E+06
  0.000000E+00  3.031596E-03  0.000000E+00  0.000000E+00 -1.184629E+06
  8.512761E+01 -4.996511E+04 -1.543916E+06  1.493944E+06  0.000000E+00
 -2.931944E-02  0.000000E+00  0.000000E+00  5.568179E+03  0.000000E+00
  0.000000E+00  0.000000E+00  9.000000E+01  9.000000E+01  9.000000E+01
  0.000000E+00  5.110245E+01  0.000000E+00  3.882687E-02  4.843864E-02
  4.170533E+00  9.777077E+00  4.933391E+01  1.222126E+00  3.068376E+00
  1.222126E+00  5.522688E+01  3.581856E+00  3.068376E+00  3.581856E+00
  4.874657E+01
     17790  1.779000E+01        41
 -1.201992E+06  3.064163E+02 -1.203097E+06  2.929882E+05 -1.496085E+06
  0.000000E+00  3.005142E-03  0.000000E+00  0.000000E+00 -1.183232E+06
  9.387522E+01 -5.407325E+04 -1.549294E+06  1.495210E+06  0.000000E+00
 -2.906524E-02  0.000000E+00  0.000000E+00  5.568179E+03  0.000000E+00
  0.000000E+00  0.000000E+00  9.000000E+01  9.000000E+01  9.000000E+01
  0.000000E+00  5.521418E+01  0.000000E+00  3.981655E-02  4.820224E-02
  4.037508E+00  9.646440E+00  5.410615E+01  4.215699E-01 -2.278757E+00
  4.215699E-01  6.067543E+01  5.022706E-01 -2.278757E+00  5.022706E-01
  5.086096E+01
     17820  1.782000E+01        41
 -1.201992E+06  2.971324E+02 -1.203063E+06  2.917201E+05 -1.494783E+06
  0.000000E+00  2.923838E-03  0.000000E+00  0.000000E+00 -1.184704E+06
  1.005816E+02 -4.972542E+04 -1.543639E+06  1.493901E+06  0.000000E+00
 -2.824878E-02  0.000000E+00  0.000000E+00  5.568179E+03  0.000000E+00
  0.000000E+00  0.000000E+00  9.000000E+01  9.000000E+01  9.000000E+01
  0.000000E+00  5.088285E+01  0.000000E+00  3.842874E-02  4.671922E-02
  3.964666E+00  9.586807E+00  4.709608E+01  4.080615E-01 -2.261437E+00
  4.080615E-01  5.705342E+01 -3.844675E-01 -2.261437E+00 -3.844675E-01
  4.849904E+01
     17850  1.785000E+01        41
 -1.201992E+06  3.140010E+02 -1.203124E+06  2.931827E+05 -1.496307E+06
  0.000000E+00  2.859524E-03  0.000000E+00  0.000000E+00 -1.183018E+06
  9.309870E+01 -5.466308E+04 -1.550097E+06  1.495421E+06  0.000000E+00
 -2.764322E-02  0.000000E+00  0.000000E+00  5.568179E+03  0.000000E+00
  0.000000E+00  0.000000E+00  9.000000E+01  9.000000E+01  9.000000E+01
  0.000000E+00  5.584650E+01  0.000000E+00  3.844645E-02  4.550604E-02
  3.945376E+00  9.590525E+00  5.020775E+01  9.468450E-01  5.598645E-01
  9.468450E-01  6.240817E+01 -4.000503E-01  5.598645E-01 -4.000503E-01
  5.492357E+01
     17880  1.788000E+01        41
 -1.201992E+06  2.963778E+02 -1.203061E+06  2.928255E+05 -1.495886E+06
  0.000000E+00  2.995453E-03  0.000000E+00  0.000000E+00 -1.183476E+06
  9.578378E+01 -5.341418E+04 -1.548427E+06  1.494997E+06  0.000000E+00
 -2.893539E-02  0.000000E+00  0.000000E+00  5.568179E+03  0.000000E+00
  0.000000E+00  0.000000E+00  9.000000E+01  9.000000E+01  9.000000E+01
  0.000000E+00  5.449654E+01  0.000000E+00  3.637834E-02  4.958233E-02
  3.976485E+00  9.654804E+00  5.002009E+01 -7.006310E-01 -2.727505E+00
 -7.006310E-01  5.611237E+01 -1.943781E+00 -2.727505E+00 -1.943781E+00
  5.735717E+01
     17910  1.791000E+01        41
 -1.201993E+06  3.179475E+02 -1.203139E+06  2.923604E+05 -1.495499E+06
  0.000000E+00  2.973913E-03  0.000000E+00  0.000000E+00 -1.183931E+06
  1.022515E+02 -5.189425E+04 -1.546524E+06  1.494618E+06  0.000000E+00
 -2.870640E-02  0.000000E+00  0.000000E+00  5.568179E+03  0.000000E+00
  0.000000E+00  0.000000E+00  9.000000E+01  9.000000E+01  9.000000E+01
  0.000000E+00  5.315778E+01  0.000000E+00  3.637503E-02  4.531464E-02
  4.052863E+00  9.775420E+00  5.434131E+01 -1.619315E+00 -1.369725E+00
 -1.619315E+00  5.244741E+01  3.140778E-01 -1.369725E+00  3.140778E-01
  5.268462E+01
     17940  1.794000E+01        41
 -1.201993E+06  3.012352E+02 -1.203078E+06  2.933750E+05 -1.496453E+06
  0.000000E+00  3.168600E-03  0.000000E+00  0.000000E+00 -1.182841E+06
  1.156192E+02 -5.528562E+04 -1.550885E+06  1.495586E+06  0.000000E+00
 -3.060185E-02  0.000000E+00  0.000000E+00  5.568179E+03  0.000000E+00
  0.000000E+00  0.000000E+00  9.000000E+01  9.000000E+01  9.000000E+01
  0.000000E+00  5.636642E+01  0.000000E+00  3.673101E-02  4.390060E-02
  4.169191E+00  9.947778E+00  5.232803E+01 -3.214214E-01  1.855498E+00
 -3.214214E-01  5.388255E+01 -8.369162E-01  1.855498E+00 -8.369162E-01
  6.288868E+01
     17970  1.797000E+01        41
 -1.201992E+06  3.060940E+02 -1.203096E+06  2.918510E+05 -1.494947E+06
  0.000000E+00  2.859221E-03  0.000000E+00  0.000000E+00 -1.184541E+06
  1.324155E+02 -5.015209E+04 -1.544230E+06  1.494070E+06  0.000000E+00
 -2.761979E-02  0.000000E+00  0.000000E+00  5.568179E+03  0.000000E+00
  0.000000E+00  0.000000E+00  9.000000E+01  9.000000E+01  9.000000E+01
  0.000000E+00  5.136404E+01  0.000000E+00  3.395855E-02  4.352063E-02
  4.324430E+00  1.017276E+01  4.015046E+01  2.303850E+00 -5.435204E+00
  2.303850E+00  6.129927E+01  2.247405E+00 -5.435204E+00  2.247405E+00
  5.264238E+01
     18000  1.800000E+01        41
 -1.201992E+06  2.977330E+02 -1.203066E+06  2.924691E+05 -1.495535E+06
  0.000000E+00  3.058726E-03  0.000000E+00  0.000000E+00 -1.183880E+06
  1.539149E+02 -5.219631E+04 -1.546870E+06  1.494663E+06  0.000000E+00
 -2.953103E-02  0.000000E+00  0.000000E+00  5.568179E+03  0.000000E+00
  0.000000E+00  0.000000E+00  9.000000E+01  9.000000E+01  9.000000E+01
  0.000000E+00  5.330990E+01  0.000000E+00  3.371422E-02  4.287326E-02
  4.518517E+00  1.044963E+01  5.091703E+01  1.791217E+00  2.523831E+00
  1.791217E+00  5.816281E+01 -2.328026E+00  2.523831E+00 -2.328026E+00
  5.084984E+01
     18030  1.803000E+01        41
 -1.201992E+06  2.765420E+02 -1.202989E+06  2.929494E+05 -1.495938E+06
  0.000000E+00  3.122368E-03  0.000000E+00  0.000000E+00 -1.183335E+06
  1.930603E+02 -5.398229E+04 -1.549049E+06  1.495066E+06  0.000000E+00
 -3.016800E-02  0.000000E+00  0.000000E+00  5.568179E+03  0.000000E+00
  0.000000E+00  0.000000E+00  9.000000E+01  9.000000E+01  9.000000E+01
  0.000000E+00  5.491124E+01  0.000000E+00  3.182583E-02  4.316041E-02
  4.749985E+00  1.077970E+01  4.837880E+01 -3.584192E+00  2.547754E+00
 -3.584192E+00  6.490811E+01 -1.589746E-01  2.547754E+00 -1.589746E-01
  5.144680E+01
     18060  1.806000E+01        41
 -1.201993E+06  3.198864E+02 -1.203146E+06  2.914594E+05 -1.494605E+06
  0.000000E+00  2.981177E-03  0.000000E+00  0.000000E+00 -1.184923E+06
  2.492742E+02 -4.891063E+04 -1.542643E+06  1.493735E+06  0.000000E+00
 -2.881643E-02  0.000000E+00  0.000000E+00  5.568179E+03  0.000000E+00
  0.000000E+00  0.000000E+00  9.000000E+01  9.000000E+01  9.000000E+01
  0.000000E+00  5.024076E+01  0.000000E+00  3.132011E-02  3.822536E-02
  5.010109E+00  1.115336E+01  4.629391E+01 -4.427245E+00  1.975429E-01
 -4.427245E+00  5.085514E+01 -2.761868E+00  1.975429E-01 -2.761868E+00
  5.357324E+01
     18090  1.809000E+01        41
 -1.201993E+06  3.042596E+02 -1.203089E+06  2.917826E+05 -1.494872E+06
  0.000000E+00  2.853677E-03  0.000000E+00  0.000000E+00 -1.184568E+06
  3.000719E+02 -5.008908E+04 -1.544074E+06  1.493991E+06  0.000000E+00
 -2.760217E-02  0.000000E+00  0.000000E+00  5.568179E+03  0.000000E+00
  0.000000E+00  0.000000E+00  9.000000E+01  9.000000E+01  9.000000E+01
  0.000000E+00  5.128514E+01  0.000000E+00  3.061558E-02  4.008270E-02
  5.297990E+00  1.157918E+01  4.916280E+01  6.392777E-01 -1.619000E+00
  6.392777E-01  5.058648E+01 -3.530171E+00 -1.619000E+00 -3.530171E+00
  5.410615E+01
     18120  1.812000E+01        41
 -1.201993E+06  3.217402E+02 -1.203153E+06  2.922765E+05 -1.495429E+06
  0.000000E+00  3.199832E-03  0.000000E+00  0.000000E+00 -1.183950E+06
  3.136062E+02 -5.181840E+04 -1.546359E+06  1.494553E+06  0.000000E+00
 -3.094518E-02  0.000000E+00  0.000000E+00  5.568179E+03  0.000000E+00
  0.000000E+00  0.000000E+00  9.000000E+01  9.000000E+01  9.000000E+01
  0.000000E+00  5.310502E+01  0.000000E+00  3.272505E-02  4.273794E-02
  5.600338E+00  1.204185E+01  4.794875E+01  2.941086E-02 -1.277014E+00
  2.941086E-02  5.442762E+01 -1.142332E+00 -1.277014E+00 -1.142332E+00
  5.693869E+01
     18150  1.815000E+01        41
 -1.201992E+06  2.889587E+02 -1.203034E+06  2.911816E+05 -1.494216E+06
  0.000000E+00  3.015975E-03  0.000000E+00  0.000000E+00 -1.185203E+06
  2.016291E+02 -4.829107E+04 -1.541564E+06  1.493331E+06  0.000000E+00
 -2.914495E-02  0.000000E+00  0.000000E+00  5.568179E+03  0.000000E+00
  0.000000E+00  0.000000E+00  9.000000E+01  9.000000E+01  9.000000E+01
  0.000000E+00  4.941538E+01  0.000000E+00  3.572818E-02  4.565668E-02
  5.877082E+00  1.246088E+01  4.524010E+01 -8.631293E-01  3.184763E+00
 -8.631293E-01  5.553369E+01 -2.130263E+00  3.184763E+00 -2.130263E+00
  4.747233E+01
     18180  1.818000E+01        41
 -1.201993E+06  3.172083E+02 -1.203136E+06  2.927079E+05 -1.495844E+06
  0.000000E+00  3.074083E-03  0.000000E+00  0.000000E+00 -1.183458E+06
  7.685471E+01 -5.331779E+04 -1.548226E+06  1.494965E+06  0.000000E+00
 -2.969022E-02  0.000000E+00  0.000000E+00  5.568179E+03  0.000000E+00
  0.000000E+00  0.000000E+00  9.000000E+01  9.000000E+01  9.000000E+01
  0.000000E+00  5.454976E+01  0.000000E+00  3.486565E-02  4.593972E-02
  6.074362E+00  1.274742E+01  4.934886E+01 -2.627783E-01  1.577518E+00
 -2.627783E-01  5.742899E+01  5.530647E-01  1.577518E+00  5.530647E-01
  5.687141E+01
     18210  1.821000E+01        41
 -1.201993E+06  3.145092E+02 -1.203126E+06  2.919386E+05 -1.495065E+06
  0.000000E+00  3.118725E-03  0.000000E+00  0.000000E+00 -1.184338E+06
  3.524632E+01 -5.069573E+04 -1.544841E+06  1.494188E+06  0.000000E+00
 -3.012835E-02  0.000000E+00  0.000000E+00  5.568179E+03  0.000000E+00
  0.000000E+00  0.000000E+00  9.000000E+01  9.000000E+01  9.000000E+01
  0.000000E+00  5.195927E+01  0.000000E+00  3.939760E-02  4.673859E-02
  6.219773E+00  1.293445E+01  4.726874E+01  1.000235E+00 -1.670277E+00
  1.000235E+00  5.781690E+01 -6.802430E-01 -1.670277E+00 -6.802430E-01
  5.079217E+01
     18240  1.824000E+01        41
 -1.201993E+06  3.110983E+02 -1.203114E+06  2.916184E+05 -1.494732E+06
  0.000000E+00  3.011259E-03  0.000000E+00  0.000000E+00 -1.184718E+06
  1.668381E+01 -4.958324E+04 -1.543426E+06  1.493864E+06  0.000000E+00
 -2.910215E-02  0.000000E+00  0.000000E+00  5.568179E+03  0.000000E+00
  0.000000E+00  0.000000E+00  9.000000E+01  9.000000E+01  9.000000E+01
  0.000000E+00  5.084418E+01  0.000000E+00  4.291120E-02  5.031478E-02
  6.363316E+00  1.306874E+01  4.620642E+01 -4.867434E-01 -1.133381E+00
 -4.867434E-01  5.788982E+01 -2.564669E+00 -1.133381E+00 -2.564669E+00
  4.843631E+01
     18270  1.827000E+01        41
 -1.201993E+06  3.256029E+02 -1.203167E+06  2.910473E+05 -1.494214E+06
  0.000000E+00  3.142196E-03  0.000000E+00  0.000000E+00 -1.185263E+06
  1.705172E+00 -4.784439E+04 -1.541165E+06  1.493344E+06  0.000000E+00
 -3.037928E-02  0.000000E+00  0.000000E+00  5.568179E+03  0.000000E+00
  0.000000E+00  0.000000E+00  9.000000E+01  9.000000E+01  9.000000E+01
  0.000000E+00  4.924120E+01  0.000000E+00  4.414169E-02  5.374645E-02
  6.548976E+00  1.322497E+01  4.864002E+01 -1.904123E+00  7.014681E-01
 -1.904123E+00  5.213080E+01  8.005206E-01  7.014681E-01  8.005206E-01
  4.695278E+01
     18300  1.830000E+01        41
 -1.201993E+06  3.125554E+02 -1.203119E+06  2.903596E+05 -1.493479E+06
  0.000000E+00  3.034528E-03  0.000000E+00  0.000000E+00 -1.186072E+06
  1.949849E+01 -4.550845E+04 -1.538082E+06  1.492609E+06  0.000000E+00
 -2.933865E-02  0.000000E+00  0.000000E+00  5.568179E+03  0.000000E+00
  0.000000E+00  0.000000E+00  9.000000E+01  9.000000E+01  9.000000E+01
  0.000000E+00  4.685678E+01  0.000000E+00  4.484038E-02  5.713394E-02
  6.793474E+00  1.345065E+01  4.374192E+01  3.318816E+00  3.377497E-01
  3.318816E+00  4.826438E+01  3.175489E+00  3.377497E-01  3.175489E+00
  4.856405E+01
     18330  1.833000E+01        41
 -1.201993E+06  3.085533E+02 -1.203105E+06  2.920274E+05 -1.495132E+06
  0.000000E+00  3.106667E-03  0.000000E+00  0.000000E+00 -1.184210E+06
  1.056971E+02 -5.112666E+04 -1.545347E+06  1.494261E+06  0.000000E+00
 -3.004207E-02  0.000000E+00  0.000000E+00  5.568179E+03  0.000000E+00
  0.000000E+00  0.000000E+00  9.000000E+01  9.000000E+01  9.000000E+01
  0.000000E+00  5.233820E+01  0.000000E+00  4.169684E-02  5.307018E-02
  7.097167E+00  1.377068E+01  4.994433E+01  3.107144E+00  7.842828E-01
  3.107144E+00  5.295826E+01  7.705753E+00  7.842828E-01  7.705753E+00
  5.411202E+01
     18360  1.836000E+01        41
 -1.201993E+06  3.176573E+02 -1.203138E+06  2.903417E+05 -1.493479E+06
  0.000000E+00  2.932849E-03  0.000000E+00  0.000000E+00 -1.186059E+06
  1.941162E+02 -4.551669E+04 -1.538061E+06  1.492606E+06  0.000000E+00
 -2.836718E-02  0.000000E+00  0.000000E+00  5.568179E+03  0.000000E+00
  0.000000E+00  0.000000E+00  9.000000E+01  9.000000E+01  9.000000E+01
  0.000000E+00  4.689667E+01  0.000000E+00  3.722755E-02  4.677175E-02
  7.443256E+00  1.417672E+01  4.328141E+01  8.793373E-01  1.226018E+00
  8.793373E-01  5.229851E+01 -9.140916E-01  1.226018E+00 -9.140916E-01
  4.511008E+01
     18390  1.839000E+01        41
 -1.201993E+06  3.299695E+02 -1.203182E+06  2.913882E+05 -1.494571E+06
  0.000000E+00  3.025826E-03  0.000000E+00  0.000000E+00 -1.184902E+06
  3.337771E+02 -4.890239E+04 -1.542551E+06  1.493702E+06  0.000000E+00
 -2.923546E-02  0.000000E+00  0.000000E+00  5.568179E+03  0.000000E+00
  0.000000E+00  0.000000E+00  9.000000E+01  9.000000E+01  9.000000E+01
  0.000000E+00  5.030192E+01  0.000000E+00  3.378128E-02  4.475339E-02
  7.828018E+00  1.470700E+01  4.775221E+01 -1.003524E-01 -2.792559E+00
 -1.003524E-01  5.081342E+01  2.700342E+00 -2.792559E+00  2.700342E+00
  5.234015E+01
     18420  1.842000E+01        41
 -1.201993E+06  2.998215E+02 -1.203073E+06  2.919623E+05 -1.495036E+06
  0.000000E+00  3.054216E-03  0.000000E+00  0.000000E+00 -1.184318E+06
  4.500382E+02 -5.087375E+04 -1.544965E+06  1.494159E+06  0.000000E+00
 -2.952138E-02  0.000000E+00  0.000000E+00  5.568179E+03  0.000000E+00
  0.000000E+00  0.000000E+00  9.000000E+01  9.000000E+01  9.000000E+01
  0.000000E+00  5.201990E+01  0.000000E+00  3.675829E-02  4.502020E-02
  8.233026E+00  1.535353E+01  4.672937E+01 -1.695904E-01  2.998029E+00
 -1.695904E-01  5.242663E+01 -1.847311E+00  2.998029E+00 -1.847311E+00
  5.690370E+01
     18450  1.845000E+01        41
 -1.201993E+06  2.920217E+02 -1.203045E+06  2.907970E+05 -1.493842E+06
  0.000000E+00  3.028680E-03  0.000000E+00  0.000000E+00 -1.185646E+06
  3.411702E+02 -4.694184E+04 -1.539871E+06  1.492973E+06  0.000000E+00
 -2.930062E-02  0.000000E+00  0.000000E+00  5.568179E+03  0.000000E+00
  0.000000E+00  0.000000E+00  9.000000E+01  9.000000E+01  9.000000E+01
  0.000000E+00  4.810994E+01  0.000000E+00  3.970538E-02  4.954350E-02
  8.633949E+00  1.607851E+01  4.218815E+01 -7.549823E-01 -1.760049E+00
 -7.549823E-01  5.008747E+01 -2.162286E+00 -1.760049E+00 -2.162286E+00
  5.205420E+01
     18480  1.848000E+01        41
 -1.201992E+06  3.003813E+02 -1.203075E+06  2.916234E+05 -1.494699E+06
  0.000000E+00  3.076991E-03  0.000000E+00  0.000000E+00 -1.184709E+06
  1.845034E+02 -4.968951E+04 -1.543478E+06  1.493830E+06  0.000000E+00
 -2.975641E-02  0.000000E+00  0.000000E+00  5.568179E+03  0.000000E+00
  0.000000E+00  0.000000E+00  9.000000E+01  9.000000E+01  9.000000E+01
  0.000000E+00  5.086854E+01  0.000000E+00  4.275584E-02  5.632242E-02
  8.939633E+00  1.665536E+01  4.745790E+01 -3.418609E+00  5.762098E+00
 -3.418609E+00  4.932690E+01 -5.783010E+00  5.762098E+00 -5.783010E+00
  5.582081E+01
     18510  1.851000E+01        41
 -1.201993E+06  3.031766E+02 -1.203086E+06  2.911770E+05 -1.494263E+06
  0.000000E+00  3.133734E-03  0.000000E+00  0.000000E+00 -1.185177E+06
  7.299921E+01 -4.826368E+04 -1.541612E+06  1.493396E+06  0.000000E+00
 -3.029359E-02  0.000000E+00  0.000000E+00  5.568179E+03  0.000000E+00
  0.000000E+00  0.000000E+00  9.000000E+01  9.000000E+01  9.000000E+01
  0.000000E+00  4.949220E+01  0.000000E+00  5.068583E-02  6.146899E-02
  9.107042E+00  1.697523E+01  4.264909E+01  1.306643E+00 -1.375445E-01
  1.306643E+00  5.607822E+01  8.508412E-01 -1.375445E-01  8.508412E-01
  4.974929E+01
     18540  1.854000E+01        41
 -1.201993E+06  3.213299E+02 -1.203151E+06  2.905696E+05 -1.493721E+06
  0.000000E+00  3.062988E-03  0.000000E+00  0.000000E+00 -1.185812E+06
  2.942896E+01 -4.622655E+04 -1.539057E+06  1.492855E+06  0.000000E+00
 -2.963080E-02  0.000000E+00  0.000000E+00  5.568179E+03  0.000000E+00
  0.000000E+00  0.000000E+00  9.000000E+01  9.000000E+01  9.000000E+01
  0.000000E+00  4.762309E+01  0.000000E+00  5.522144E-02  6.510205E-02
  9.148314E+00  1.704549E+01  4.504903E+01 -2.396051E+00 -1.908219E+00
 -2.396051E+00  4.694468E+01 -2.109988E+00 -1.908219E+00 -2.109988E+00
  5.087555E+01
     18570  1.857000E+01        41
 -1.201992E+06  3.092521E+02 -1.203107E+06  2.912521E+05 -1.494359E+06
  0.000000E+00  3.306012E-03  0.000000E+00  0.000000E+00 -1.185100E+06
  1.604488E+01 -4.844826E+04 -1.541899E+06  1.493495E+06  0.000000E+00
 -3.196274E-02  0.000000E+00  0.000000E+00  5.568179E+03  0.000000E+00
  0.000000E+00  0.000000E+00  9.000000E+01  9.000000E+01  9.000000E+01
  0.000000E+00  4.971765E+01  0.000000E+00  5.892131E-02  7.092159E-02
  9.153052E+00  1.702896E+01  4.724452E+01 -3.139634E-03 -7.594284E-01
 -3.139634E-03  5.078706E+01  3.295641E+00 -7.594284E-01  3.295641E+00
  5.112136E+01
     18600  1.860000E+01        41
 -1.201993E+06  3.001545E+02 -1.203074E+06  2.902247E+05 -1.493299E+06
  0.000000E+00  2.999137E-03  0.000000E+00  0.000000E+00 -1.186259E+06
  7.563922E+00 -4.503833E+04 -1.537397E+06  1.492435E+06  0.000000E+00
 -2.900529E-02  0.000000E+00  0.000000E+00  5.568179E+03  0.000000E+00
  0.000000E+00  0.000000E+00  9.000000E+01  9.000000E+01  9.000000E+01
  0.000000E+00  4.630815E+01  0.000000E+00  6.206607E-02  7.314115E-02
  9.159170E+00  1.702162E+01  4.103735E+01 -1.215495E+00  2.731918E+00
 -1.215495E+00  5.542241E+01  1.279688E+00  2.731918E+00  1.279688E+00
  4.246470E+01
     18630  1.863000E+01        41
 -1.201992E+06  3.146716E+02 -1.203126E+06  2.912292E+05 -1.494355E+06
  0.000000E+00  2.993478E-03  0.000000E+00  0.000000E+00 -1.185042E+06
  2.785644E+02 -4.858771E+04 -1.541928E+06  1.493487E+06  0.000000E+00
 -2.891835E-02  0.000000E+00  0.000000E+00  5.568179E+03  0.000000E+00
  0.000000E+00  0.000000E+00  9.000000E+01  9.000000E+01  9.000000E+01
  0.000000E+00  4.988637E+01  0.000000E+00  6.183151E-02  7.154963E-02
  9.141891E+00  1.714109E+01  4.993744E+01 -1.142223E+00 -1.765479E+00
 -1.142223E+00  5.007125E+01  4.997212E+00 -1.765479E+00  4.997212E+00
  4.965041E+01
     18660  1.866000E+01        41
 -1.201993E+06  3.165370E+02 -1.203134E+06  2.914478E+05 -1.494582E+06
  0.000000E+00  3.137308E-03  0.000000E+00  0.000000E+00 -1.184832E+06
  6.722342E+02 -4.921953E+04 -1.542858E+06  1.493719E+06  0.000000E+00
 -3.031897E-02  0.000000E+00  0.000000E+00  5.568179E+03  0.000000E+00
  0.000000E+00  0.000000E+00  9.000000E+01  9.000000E+01  9.000000E+01
  0.000000E+00  5.050978E+01  0.000000E+00  6.300070E-02  7.149292E-02
  9.074420E+00  1.750200E+01  4.787415E+01  5.817051E-02  2.764984E+00
  5.817051E-02  5.164345E+01  2.291515E+00  2.764984E+00  2.291515E+00
  5.201173E+01
     18690  1.869000E+01        41
 -1.201992E+06  2.985835E+02 -1.203068E+06  2.899524E+05 -1.493020E+06
  0.000000E+00  2.967000E-03  0.000000E+00  0.000000E+00 -1.186614E+06
  9.400219E+02 -4.400386E+04 -1.536129E+06  1.492148E+06  0.000000E+00
 -2.870402E-02  0.000000E+00  0.000000E+00  5.568179E+03  0.000000E+00
  0.000000E+00  0.000000E+00  9.000000E+01  9.000000E+01  9.000000E+01
  0.000000E+00  4.525933E+01  0.000000E+00  6.116248E-02  7.128703E-02
  8.986538E+00  1.800445E+01  4.327890E+01 -8.434113E-01 -4.002746E+00
 -8.434113E-01  4.844587E+01 -2.560923E+00 -4.002746E+00 -2.560923E+00
  4.405322E+01
     18720  1.872000E+01        41
 -1.201993E+06  3.191191E+02 -1.203143E+06  2.910189E+05 -1.494162E+06
  0.000000E+00  3.032899E-03  0.000000E+00  0.000000E+00 -1.185339E+06
  8.931759E+02 -4.768415E+04 -1.540961E+06  1.493286E+06  0.000000E+00
 -2.934242E-02  0.000000E+00  0.000000E+00  5.568179E+03  0.000000E+00
  0.000000E+00  0.000000E+00  9.000000E+01  9.000000E+01  9.000000E+01
  0.000000E+00  4.901632E+01  0.000000E+00  5.952704E-02  6.861490E-02
  8.865217E+00  1.849832E+01  4.783458E+01  1.398326E+00  3.505400E-01
  1.398326E+00  5.096097E+01  9.514214E-01  3.505400E-01  9.514214E-01
  4.825340E+01
     18750  1.875000E+01        41
 -1.201993E+06  3.172105E+02 -1.203136E+06  2.906541E+05 -1.493790E+06
  0.000000E+00  2.893928E-03  0.000000E+00  0.000000E+00 -1.185705E+06
  5.273822E+02 -4.658798E+04 -1.539449E+06  1.492913E+06  0.000000E+00
 -2.796738E-02  0.000000E+00  0.000000E+00  5.568179E+03  0.000000E+00
  0.000000E+00  0.000000E+00  9.000000E+01  9.000000E+01  9.000000E+01
  0.000000E+00  4.793636E+01  0.000000E+00  5.330217E-02  6.511867E-02
  8.668452E+00  1.879426E+01  4.088266E+01  1.535367E+00 -1.916183E+00
  1.535367E+00  5.306214E+01  1.969003E+00 -1.916183E+00  1.969003E+00
  4.986427E+01
     18780  1.878000E+01        41
 -1.201993E+06  3.374199E+02 -1.203209E+06  2.906452E+05 -1.493854E+06
  0.000000E+00  2.949168E-03  0.000000E+00  0.000000E+00 -1.185730E+06
  1.724233E+02 -4.635943E+04 -1.539295E+06  1.492977E+06  0.000000E+00
 -2.851470E-02  0.000000E+00  0.000000E+00  5.568179E+03  0.000000E+00
  0.000000E+00  0.000000E+00  9.000000E+01  9.000000E+01  9.000000E+01
  0.000000E+00  4.786375E+01  0.000000E+00  5.065913E-02  6.130374E-02
  8.276652E+00  1.865070E+01  4.598632E+01  8.431955E-01 -8.560342E-01
  8.431955E-01  5.166941E+01  2.314058E+00 -8.560342E-01  2.314058E+00
  4.593551E+01
     18810  1.881000E+01        41
 -1.201993E+06  3.029496E+02 -1.203084E+06  2.902710E+05 -1.493355E+06
  0.000000E+00  3.111970E-03  0.000000E+00  0.000000E+00 -1.186164E+06
  5.130895E+01 -4.530162E+04 -1.537771E+06  1.492486E+06  0.000000E+00
 -3.010021E-02  0.000000E+00  0.000000E+00  5.568179E+03  0.000000E+00
  0.000000E+00  0.000000E+00  9.000000E+01  9.000000E+01  9.000000E+01
  0.000000E+00  4.658515E+01  0.000000E+00  4.849184E-02  5.947573E-02
  7.745659E+00  1.817416E+01  4.372590E+01  7.502318E-01  2.524259E+00
  7.502318E-01  4.374816E+01  2.241588E+00  2.524259E+00  2.241588E+00
  5.228139E+01
     18840  1.884000E+01        41
 -1.201992E+06  2.940107E+02 -1.203052E+06  2.916430E+05 -1.494695E+06
  0.000000E+00  3.273776E-03  0.000000E+00  0.000000E+00 -1.184714E+06
  3.271219E+01 -4.971364E+04 -1.543522E+06  1.493825E+06  0.000000E+00
 -3.161544E-02  0.000000E+00  0.000000E+00  5.568179E+03  0.000000E+00
  0.000000E+00  0.000000E+00  9.000000E+01  9.000000E+01  9.000000E+01
  0.000000E+00  5.085087E+01  0.000000E+00  4.246778E-02  5.375075E-02
  7.199444E+00  1.758778E+01  4.764945E+01 -7.602518E-01 -6.135390E-01
 -7.602518E-01  4.631416E+01 -2.572253E+00 -6.135390E-01 -2.572253E+00
  5.858899E+01
     18870  1.887000E+01        41
 -1.201992E+06  3.145206E+02 -1.203126E+06  2.910462E+05 -1.494172E+06
  0.000000E+00  2.979168E-03  0.000000E+00  0.000000E+00 -1.185324E+06
  5.739646E+01 -4.773882E+04 -1.541035E+06  1.493302E+06  0.000000E+00
 -2.880531E-02  0.000000E+00  0.000000E+00  5.568179E+03  0.000000E+00
  0.000000E+00  0.000000E+00  9.000000E+01  9.000000E+01  9.000000E+01
  0.000000E+00  4.905789E+01  0.000000E+00  3.596860E-02  4.830651E-02
  6.728243E+00  1.705855E+01  4.381539E+01  1.555290E+00  1.533194E+00
  1.555290E+00  4.774297E+01 -3.119584E+00  1.533194E+00 -3.119584E+00
  5.561532E+01
     18900  1.890000E+01        41
 -1.201992E+06  3.291502E+02 -1.203179E+06  2.912146E+05 -1.494393E+06
  0.000000E+00  3.101469E-03  0.000000E+00  0.000000E+00 -1.185133E+06
  1.177291E+02 -4.820973E+04 -1.541715E+06  1.493519E+06  0.000000E+00
 -2.995305E-02  0.000000E+00  0.000000E+00  5.568179E+03  0.000000E+00
  0.000000E+00  0.000000E+00  9.000000E+01  9.000000E+01  9.000000E+01
  0.000000E+00  4.962187E+01  0.000000E+00  3.404421E-02  4.455265E-02
  6.346580E+00  1.661055E+01  4.896745E+01 -2.000729E+00  9.834742E-01
 -2.000729E+00  5.389896E+01 -1.349899E+00  9.834742E-01 -1.349899E+00
  4.599919E+01
     18930  1.893000E+01        41
 -1.201992E+06  3.196922E+02 -1.203145E+06  2.914379E+05 -1.494583E+06
  0.000000E+00  3.084564E-03  0.000000E+00  0.000000E+00 -1.184893E+06
  2.276700E+02 -4.899914E+04 -1.542687E+06  1.493710E+06  0.000000E+00
 -2.980775E-02  0.000000E+00  0.000000E+00  5.568179E+03  0.000000E+00
  0.000000E+00  0.000000E+00  9.000000E+01  9.000000E+01  9.000000E+01
  0.000000E+00  5.032675E+01  0.000000E+00  3.770769E-02  4.332768E-02
  6.039828E+00  1.621400E+01  3.920970E+01 -2.906878E+00  1.031326E+00
 -2.906878E+00  5.679438E+01 -2.094136E+00  1.031326E+00 -2.094136E+00
  5.497617E+01
     18960  1.896000E+01        41
 -1.201992E+06  3.109739E+02 -1.203113E+06  2.919220E+05 -1.495035E+06
  0.000000E+00  3.058515E-03  0.000000E+00  0.000000E+00 -1.184345E+06
  2.890820E+02 -5.070701E+04 -1.544831E+06  1.494161E+06  0.000000E+00
 -2.955140E-02  0.000000E+00  0.000000E+00  5.568179E+03  0.000000E+00
  0.000000E+00  0.000000E+00  9.000000E+01  9.000000E+01  9.000000E+01
  0.000000E+00  5.193912E+01  0.000000E+00  3.803587E-02  4.962547E-02
  5.790150E+00  1.582984E+01  5.375096E+01 -3.305218E+00 -1.034916E+00
 -3.305218E+00  5.175305E+01 -2.313835E+00 -1.034916E+00 -2.313835E+00
  5.031336E+01
     18990  1.899000E+01        41
 -1.201992E+06  3.129562E+02 -1.203120E+06  2.914230E+05 -1.494543E+06
  0.000000E+00  2.872549E-03  0.000000E+00  0.000000E+00 -1.184922E+06
  4.216983E+02 -4.896536E+04 -1.542585E+06  1.493674E+06  0.000000E+00
 -2.777615E-02  0.000000E+00  0.000000E+00  5.568179E+03  0.000000E+00
  0.000000E+00  0.000000E+00  9.000000E+01  9.000000E+01  9.000000E+01
  0.000000E+00  5.024123E+01  0.000000E+00  4.005277E-02  5.056094E-02
  5.558529E+00  1.540650E+01  4.455496E+01  1.471505E+00 -5.353124E+00
  1.471505E+00  5.986266E+01 -2.820744E+00 -5.353124E+00 -2.820744E+00
  4.630607E+01
     19020  1.902000E+01        41
 -1.201992E+06  3.184233E+02 -1.203140E+06  2.926170E+05 -1.495757E+06
  0.000000E+00  2.968895E-03  0.000000E+00  0.000000E+00 -1.183598E+06
  6.061012E+02 -5.290305E+04 -1.547760E+06  1.494882E+06  0.000000E+00
 -2.869798E-02  0.000000E+00  0.000000E+00  5.568179E+03  0.000000E+00
  0.000000E+00  0.000000E+00  9.000000E+01  9.000000E+01  9.000000E+01
  0.000000E+00  5.413851E+01  0.000000E+00  3.812510E-02  4.745688E-02
  5.309309E+00  1.487171E+01  5.153545E+01  1.627511E+00 -2.186302E+00
  1.627511E+00  6.014715E+01 -8.154921E-01 -2.186302E+00 -8.154921E-01
  5.073294E+01
     19050  1.905000E+01        41
 -1.201992E+06  3.239867E+02 -1.203160E+06  2.922911E+05 -1.495451E+06
  0.000000E+00  2.783346E-03  0.000000E+00  0.000000E+00 -1.183963E+06
  8.374332E+02 -5.177499E+04 -1.546323E+06  1.494568E+06  0.000000E+00
 -2.691334E-02  0.000000E+00  0.000000E+00  5.568179E+03  0.000000E+00
  0.000000E+00  0.000000E+00  9.000000E+01  9.000000E+01  9.000000E+01
  0.000000E+00  5.306549E+01  0.000000E+00  3.932340E-02  4.897432E-02
  5.054502E+00  1.424959E+01  4.532821E+01 -2.422356E+00 -1.899731E+00
 -2.422356E+00  5.786213E+01 -5.932920E-01 -1.899731E+00 -5.932920E-01
  5.600614E+01
     19080  1.908000E+01        41
 -1.201992E+06  3.082532E+02 -1.203103E+06  2.920990E+05 -1.495202E+06
  0.000000E+00  3.013838E-03  0.000000E+00  0.000000E+00 -1.184235E+06
  1.065647E+03 -5.107658E+04 -1.545386E+06  1.494323E+06  0.000000E+00
 -2.911579E-02  0.000000E+00  0.000000E+00  5.568179E+03  0.000000E+00
  0.000000E+00  0.000000E+00  9.000000E+01  9.000000E+01  9.000000E+01
  0.000000E+00  5.226345E+01  0.000000E+00  4.118559E-02  5.223681E-02
  4.793780E+00  1.355866E+01  4.980190E+01 -4.714191E-01  4.476146E+00
 -4.714191E-01  5.412302E+01  3.060954E-01  4.476146E+00  3.060954E-01
  5.286543E+01
     19110  1.911000E+01        41
 -1.201992E+06  3.152391E+02 -1.203128E+06  2.920974E+05 -1.495226E+06
  0.000000E+00  3.068633E-03  0.000000E+00  0.000000E+00 -1.184170E+06
  1.201489E+03 -5.122448E+04 -1.545581E+06  1.494344E+06  0.000000E+00
 -2.963394E-02  0.000000E+00  0.000000E+00  5.568179E+03  0.000000E+00
  0.000000E+00  0.000000E+00  9.000000E+01  9.000000E+01  9.000000E+01
  0.000000E+00  5.245464E+01  0.000000E+00  4.269584E-02  5.627863E-02
  4.529751E+00  1.279448E+01  5.156764E+01  2.512162E-01 -5.973487E-01
  2.512162E-01  5.263582E+01  7.684649E-01 -5.973487E-01  7.684649E-01
  5.316045E+01
     19140  1.914000E+01        41
 -1.201992E+06  3.017388E+02 -1.203079E+06  2.918405E+05 -1.494920E+06
  0.000000E+00  3.028259E-03  0.000000E+00  0.000000E+00 -1.184480E+06
  1.094110E+03 -5.038856E+04 -1.544435E+06  1.494044E+06  0.000000E+00
 -2.928002E-02  0.000000E+00  0.000000E+00  5.568179E+03  0.000000E+00
  0.000000E+00  0.000000E+00  9.000000E+01  9.000000E+01  9.000000E+01
  0.000000E+00  5.154170E+01  0.000000E+00  4.663829E-02  5.657750E-02
  4.294405E+00  1.204800E+01  5.574565E+01  4.214656E+00  2.072868E+00
  4.214656E+00  4.988729E+01  2.590175E+00  2.072868E+00  2.590175E+00
  4.899214E+01
     19170  1.917000E+01        41
 -1.201992E+06  2.951942E+02 -1.203056E+06  2.921936E+05 -1.495249E+06
  0.000000E+00  3.124042E-03  0.000000E+00  0.000000E+00 -1.184099E+06
  8.736336E+02 -5.157190E+04 -1.545885E+06  1.494376E+06  0.000000E+00
 -3.022468E-02  0.000000E+00  0.000000E+00  5.568179E+03  0.000000E+00
  0.000000E+00  0.000000E+00  9.000000E+01  9.000000E+01  9.000000E+01
  0.000000E+00  5.266174E+01  0.000000E+00  4.525342E-02  5.217253E-02
  4.083886E+00  1.133638E+01  5.219476E+01  1.561801E+00  3.269891E+00
  1.561801E+00  5.307616E+01  3.874160E+00  3.269891E+00  3.874160E+00
  5.271430E+01
     19200  1.920000E+01        41
 -1.201992E+06  3.126456E+02 -1.203119E+06  2.917633E+05 -1.494882E+06
  0.000000E+00  3.050894E-03  0.000000E+00  0.000000E+00 -1.184473E+06
  7.465302E+02 -5.032144E+04 -1.544227E+06  1.494009E+06  0.000000E+00
 -2.949860E-02  0.000000E+00  0.000000E+00  5.568179E+03  0.000000E+00
  0.000000E+00  0.000000E+00  9.000000E+01  9.000000E+01  9.000000E+01
  0.000000E+00  5.156149E+01  0.000000E+00  3.958722E-02  4.829861E-02
  3.886064E+00  1.066490E+01  5.130138E+01  1.851971E+00 -3.255009E+00
  1.851971E+00  4.718105E+01  4.534454E+00 -3.255009E+00  4.534454E+00
  5.620203E+01
     19230  1.923000E+01        41
 -1.201992E+06  3.073051E+02 -1.203100E+06  2.917811E+05 -1.494881E+06
  0.000000E+00  3.110018E-03  0.000000E+00  0.000000E+00 -1.184560E+06
  8.677589E+02 -5.010284E+04 -1.544066E+06  1.493996E+06  0.000000E+00
 -3.007200E-02  0.000000E+00  0.000000E+00  5.568179E+03  0.000000E+00
  0.000000E+00  0.000000E+00  9.000000E+01  9.000000E+01  9.000000E+01
  0.000000E+00  5.130629E+01  0.000000E+00  3.432851E-02  4.619631E-02
  3.697060E+00  1.003170E+01  5.277397E+01  2.050049E-01  3.194973E+00
  2.050049E-01  5.212763E+01  1.751098E-01  3.194973E+00  1.751098E-01
  4.901727E+01
     19260  1.926000E+01        41
 -1.201992E+06  3.190735E+02 -1.203142E+06  2.919701E+05 -1.495112E+06
  0.000000E+00  2.967283E-03  0.000000E+00  0.000000E+00 -1.184271E+06
  7.876445E+02 -5.088437E+04 -1.545053E+06  1.494230E+06  0.000000E+00
 -2.868941E-02  0.000000E+00  0.000000E+00  5.568179E+03  0.000000E+00
  0.000000E+00  0.000000E+00  9.000000E+01  9.000000E+01  9.000000E+01
  0.000000E+00  5.215821E+01  0.000000E+00  2.983974E-02  4.199077E-02
  3.558949E+00  9.534012E+00  4.978440E+01 -3.275452E+00 -2.974256E+00
 -3.275452E+00  5.149003E+01  3.045293E+00 -2.974256E+00  3.045293E+00
  5.520018E+01
     19290  1.929000E+01        41
 -1.201992E+06  3.104901E+02 -1.203111E+06  2.918451E+05 -1.494957E+06
  0.000000E+00  2.863070E-03  0.000000E+00  0.000000E+00 -1.184420E+06
  6.834318E+02 -5.049518E+04 -1.544463E+06  1.494080E+06  0.000000E+00
 -2.766367E-02  0.000000E+00  0.000000E+00  5.568179E+03  0.000000E+00
  0.000000E+00  0.000000E+00  9.000000E+01  9.000000E+01  9.000000E+01
  0.000000E+00  5.171824E+01  0.000000E+00  2.953787E-02  3.931514E-02
  3.480767E+00  9.227823E+00  5.048924E+01  1.927473E-01 -7.037656E-01
  1.927473E-01  5.207855E+01 -5.022496E+00 -7.037656E-01 -5.022496E+00
  5.258692E+01
     19320  1.932000E+01        41
 -1.201992E+06  3.149567E+02 -1.203127E+06  2.920578E+05 -1.495185E+06
  0.000000E+00  2.883119E-03  0.000000E+00  0.000000E+00 -1.184204E+06
  6.614714E+02 -5.110822E+04 -1.545338E+06  1.494306E+06  0.000000E+00
 -2.784953E-02  0.000000E+00  0.000000E+00  5.568179E+03  0.000000E+00
  0.000000E+00  0.000000E+00  9.000000E+01  9.000000E+01  9.000000E+01
  0.000000E+00  5.235179E+01  0.000000E+00  3.137541E-02  4.011139E-02
  3.444744E+00  9.110040E+00  4.855638E+01  4.518677E-01  2.345077E+00
  4.518677E-01  5.329990E+01 -1.154501E+00  2.345077E+00 -1.154501E+00
  5.519909E+01
     19350  1.935000E+01        41
 -1.201992E+06  3.160324E+02 -1.203131E+06  2.922828E+05 -1.495414E+06
  0.000000E+00  2.996525E-03  0.000000E+00  0.000000E+00 -1.183954E+06
  6.062058E+02 -5.185213E+04 -1.546335E+06  1.494534E+06  0.000000E+00
 -2.893410E-02  0.000000E+00  0.000000E+00  5.568179E+03  0.000000E+00
  0.000000E+00  0.000000E+00  9.000000E+01  9.000000E+01  9.000000E+01
  0.000000E+00  5.309058E+01  0.000000E+00  3.510045E-02  4.476819E-02
  3.441250E+00  9.139063E+00  4.866216E+01 -8.627464E-01  7.236459E-01
 -8.627464E-01  6.025822E+01  1.042470E+00  7.236459E-01  1.042470E+00
  5.035135E+01
     19380  1.938000E+01        41
 -1.201992E+06  2.936394E+02 -1.203050E+06  2.922973E+05 -1.495347E+06
  0.000000E+00  3.271569E-03  0.000000E+00  0.000000E+00 -1.183988E+06
  4.874506E+02 -5.190798E+04 -1.546320E+06  1.494467E+06  0.000000E+00
 -3.159683E-02  0.000000E+00  0.000000E+00  5.568179E+03  0.000000E+00
  0.000000E+00  0.000000E+00  9.000000E+01  9.000000E+01  9.000000E+01
  0.000000E+00  5.298991E+01  0.000000E+00  3.952529E-02  4.732574E-02
  3.460807E+00  9.267890E+00  5.100264E+01 -9.154139E-01  5.882769E+00
 -9.154139E-01  5.329146E+01 -4.432381E-01  5.882769E+00 -4.432381E-01
  5.467564E+01
     19410  1.941000E+01        41
 -1.201992E+06  3.192142E+02 -1.203143E+06  2.926899E+05 -1.495833E+06
  0.000000E+00  2.869481E-03  0.000000E+00  0.000000E+00 -1.183486E+06
  3.585085E+02 -5.322551E+04 -1.548120E+06  1.494947E+06  0.000000E+00
 -2.768776E-02  0.000000E+00  0.000000E+00  5.568179E+03  0.000000E+00
  0.000000E+00  0.000000E+00  9.000000E+01  9.000000E+01  9.000000E+01
  0.000000E+00  5.446652E+01  0.000000E+00  3.857192E-02  4.721496E-02
  3.467127E+00  9.401987E+00  4.635320E+01 -3.392875E+00  4.960327E-01
 -3.392875E+00  6.086710E+01  2.390320E+00  4.960327E-01  2.390320E+00
  5.617927E+01
     19440  1.944000E+01        41
 -1.201992E+06  3.189161E+02 -1.203142E+06  2.932383E+05 -1.496380E+06
  0.000000E+00  3.103554E-03  0.000000E+00  0.000000E+00 -1.182884E+06
  2.325261E+02 -5.503293E+04 -1.550493E+06  1.495498E+06  0.000000E+00
 -2.994494E-02  0.000000E+00  0.000000E+00  5.568179E+03  0.000000E+00
  0.000000E+00  0.000000E+00  9.000000E+01  9.000000E+01  9.000000E+01
  0.000000E+00  5.624069E+01  0.000000E+00  3.724523E-02  4.614803E-02
  3.417319E+00  9.422075E+00  5.392818E+01 -1.912830E+00 -3.230779E+00
 -1.912830E+00  5.674892E+01 -9.777411E-02 -3.230779E+00 -9.777411E-02
  5.804498E+01
     19470  1.947000E+01        41
 -1.201992E+06  3.114229E+02 -1.203115E+06  2.930203E+05 -1.496135E+06
  0.000000E+00  3.051641E-03  0.000000E+00  0.000000E+00 -1.183155E+06
  1.971358E+02 -5.427236E+04 -1.549486E+06  1.495244E+06  0.000000E+00
 -2.943538E-02  0.000000E+00  0.000000E+00  5.568179E+03  0.000000E+00
  0.000000E+00  0.000000E+00  9.000000E+01  9.000000E+01  9.000000E+01
  0.000000E+00  5.544239E+01  0.000000E+00  3.575705E-02  4.491428E-02
  3.306128E+00  9.281765E+00  4.514180E+01  1.037017E+00 -2.238363E+00
  1.037017E+00  6.322803E+01 -3.951134E+00 -2.238363E+00 -3.951134E+00
  5.795736E+01
     19500  1.950000E+01        41
 -1.201993E+06  3.222405E+02 -1.203154E+06  2.927514E+05 -1.495905E+06
  0.000000E+00  2.906445E-03  0.000000E+00  0.000000E+00 -1.183431E+06
  1.814275E+02 -5.336533E+04 -1.548374E+06  1.495022E+06  0.000000E+00
 -2.806844E-02  0.000000E+00  0.000000E+00  5.568179E+03  0.000000E+00
  0.000000E+00  0.000000E+00  9.000000E+01  9.000000E+01  9.000000E+01
  0.000000E+00  5.462943E+01  0.000000E+00  3.424909E-02  4.400159E-02
  3.167285E+00  9.056838E+00  5.896811E+01  3.605728E+00 -3.581487E+00
  3.605728E+00  5.522703E+01 -2.290333E+00 -3.581487E+00 -2.290333E+00
  4.969316E+01
     19530  1.953000E+01        41
 -1.201992E+06  3.247117E+02 -1.203163E+06  2.928234E+05 -1.495986E+06
  0.000000E+00  2.877631E-03  0.000000E+00  0.000000E+00 -1.183358E+06
  1.644355E+02 -5.356722E+04 -1.548661E+06  1.495101E+06  0.000000E+00
 -2.779910E-02  0.000000E+00  0.000000E+00  5.568179E+03  0.000000E+00
  0.000000E+00  0.000000E+00  9.000000E+01  9.000000E+01  9.000000E+01
  0.000000E+00  5.484539E+01  0.000000E+00  3.597403E-02  4.701523E-02
  3.019255E+00  8.787786E+00  5.438841E+01  2.017165E+00 -1.727369E-01
  2.017165E+00  5.696440E+01 -2.683654E-02 -1.727369E-01 -2.683654E-02
  5.318337E+01
     19560  1.956000E+01        41
 -1.201992E+06  3.029851E+02 -1.203084E+06  2.925113E+05 -1.495596E+06
  0.000000E+00  3.103753E-03  0.000000E+00  0.000000E+00 -1.183761E+06
  1.705789E+02 -5.251435E+04 -1.547222E+06  1.494715E+06  0.000000E+00
 -2.998246E-02  0.000000E+00  0.000000E+00  5.568179E+03  0.000000E+00
  0.000000E+00  0.000000E+00  9.000000E+01  9.000000E+01  9.000000E+01
  0.000000E+00  5.365864E+01  0.000000E+00  4.278910E-02  5.136374E-02
  2.870945E+00  8.492423E+00  5.108782E+01 -1.347639E-01 -1.168667E+00
 -1.347639E-01  5.340705E+01  3.500356E+00 -1.168667E+00  3.500356E+00
  5.648107E+01
     19590  1.959000E+01        41
 -1.201992E+06  3.062066E+02 -1.203096E+06  2.922369E+05 -1.495333E+06
  0.000000E+00  3.137389E-03  0.000000E+00  0.000000E+00 -1.184083E+06
  1.881796E+02 -5.152483E+04 -1.545982E+06  1.494454E+06  0.000000E+00
 -3.029790E-02  0.000000E+00  0.000000E+00  5.568179E+03  0.000000E+00
  0.000000E+00  0.000000E+00  9.000000E+01  9.000000E+01  9.000000E+01
  0.000000E+00  5.271021E+01  0.000000E+00  4.781916E-02  5.632354E-02
  2.724228E+00  8.169693E+00  5.864914E+01  7.010319E-01 -2.082830E+00
  7.010319E-01  4.938161E+01  2.592530E+00 -2.082830E+00  2.592530E+00
  5.009990E+01
     19620  1.962000E+01        41
 -1.201992E+06  3.137461E+02 -1.203123E+06  2.922709E+05 -1.495394E+06
  0.000000E+00  2.974264E-03  0.000000E+00  0.000000E+00 -1.184030E+06
  1.961428E+02 -5.163018E+04 -1.546155E+06  1.494517E+06  0.000000E+00
 -2.876044E-02  0.000000E+00  0.000000E+00  5.568179E+03  0.000000E+00
  0.000000E+00  0.000000E+00  9.000000E+01  9.000000E+01  9.000000E+01
  0.000000E+00  5.286670E+01  0.000000E+00  5.162778E-02  6.003756E-02
  2.593072E+00  7.853211E+00  5.114296E+01 -7.730658E-01 -2.371678E-02
 -7.730658E-01  5.368009E+01  3.054987E+00 -2.371678E-02  3.054987E+00
  5.377704E+01
     19650  1.965000E+01        41
 -1.201992E+06  3.189554E+02 -1.203142E+06  2.929709E+05 -1.496113E+06
  0.000000E+00  3.090695E-03  0.000000E+00  0.000000E+00 -1.183214E+06
  1.967144E+02 -5.403992E+04 -1.549278E+06  1.495231E+06  0.000000E+00
 -2.985108E-02  0.000000E+00  0.000000E+00  5.568179E+03  0.000000E+00
  0.000000E+00  0.000000E+00  9.000000E+01  9.000000E+01  9.000000E+01
  0.000000E+00  5.526764E+01  0.000000E+00  5.500682E-02  6.566939E-02
  2.485992E+00  7.567219E+00  5.448647E+01 -1.091507E+00 -1.547091E+00
 -1.091507E+00  5.660246E+01 -5.260064E-01 -1.547091E+00 -5.260064E-01
  5.471401E+01
     19680  1.968000E+01        41
 -1.201992E+06  3.048499E+02 -1.203091E+06  2.912945E+05 -1.494385E+06
  0.000000E+00  2.922129E-03  0.000000E+00  0.000000E+00 -1.185118E+06
  1.996981E+02 -4.842979E+04 -1.541928E+06  1.493504E+06  0.000000E+00
 -2.823423E-02  0.000000E+00  0.000000E+00  5.568179E+03  0.000000E+00
  0.000000E+00  0.000000E+00  9.000000E+01  9.000000E+01  9.000000E+01
  0.000000E+00  4.966391E+01  0.000000E+00  6.019137E-02  6.993956E-02
  2.404187E+00  7.326008E+00  5.052891E+01 -2.065998E+00  9.700359E-01
 -2.065998E+00  4.738757E+01  2.781205E+00  9.700359E-01  2.781205E+00
  5.107523E+01
     19710  1.971000E+01        41
 -1.201992E+06  2.857690E+02 -1.203022E+06  2.921374E+05 -1.495159E+06
  0.000000E+00  3.401843E-03  0.000000E+00  0.000000E+00 -1.184181E+06
  2.033794E+02 -5.137869E+04 -1.545660E+06  1.494285E+06  0.000000E+00
 -3.291130E-02  0.000000E+00  0.000000E+00  5.568179E+03  0.000000E+00
  0.000000E+00  0.000000E+00  9.000000E+01  9.000000E+01  9.000000E+01
  0.000000E+00  5.242193E+01  0.000000E+00  6.435485E-02  7.250024E-02
  2.349746E+00  7.152737E+00  5.838177E+01  7.984156E-01  1.154190E+00
  7.984156E-01  4.624581E+01 -3.364547E+00  1.154190E+00 -3.364547E+00
  5.263820E+01
     19740  1.974000E+01        41
 -1.201992E+06  3.050579E+02 -1.203092E+06  2.920376E+05 -1.495129E+06
  0.000000E+00  3.076664E-03  0.000000E+00  0.000000E+00 -1.184255E+06
  1.928485E+02 -5.101782E+04 -1.545258E+06  1.494252E+06  0.000000E+00
 -2.974984E-02  0.000000E+00  0.000000E+00  5.568179E+03  0.000000E+00
  0.000000E+00  0.000000E+00  9.000000E+01  9.000000E+01  9.000000E+01
  0.000000E+00  5.220457E+01  0.000000E+00  6.086882E-02  7.129722E-02
  2.329237E+00  7.071497E+00  4.380518E+01 -2.700641E-01 -2.199324E+00
 -2.700641E-01  5.478792E+01 -4.881875E+00 -2.199324E+00 -4.881875E+00
  5.802061E+01
     19770  1.977000E+01        41
 -1.201992E+06  3.216228E+02 -1.203151E+06  2.916858E+05 -1.494837E+06
  0.000000E+00  2.910245E-03  0.000000E+00  0.000000E+00 -1.184626E+06
  8.361394E+01 -4.978119E+04 -1.543719E+06  1.493951E+06  0.000000E+00
 -2.813247E-02  0.000000E+00  0.000000E+00  5.568179E+03  0.000000E+00
  0.000000E+00  0.000000E+00  9.000000E+01  9.000000E+01  9.000000E+01
  0.000000E+00  5.111118E+01  0.000000E+00  5.683405E-02  6.593710E-02
  2.337353E+00  7.048874E+00  5.243722E+01 -1.398074E+00 -1.341501E+00
 -1.398074E+00  4.977445E+01 -4.318583E+00 -1.341501E+00 -4.318583E+00
  5.112187E+01
     19800  1.980000E+01        41
 -1.201992E+06  3.189700E+02 -1.203142E+06  2.917719E+05 -1.494914E+06
  0.000000E+00  2.858974E-03  0.000000E+00  0.000000E+00 -1.184526E+06
  3.622953E+01 -5.010084E+04 -1.544125E+06  1.494032E+06  0.000000E+00
 -2.768015E-02  0.000000E+00  0.000000E+00  5.568179E+03  0.000000E+00
  0.000000E+00  0.000000E+00  9.000000E+01  9.000000E+01  9.000000E+01
  0.000000E+00  5.140717E+01  0.000000E+00  5.227961E-02  6.261293E-02
  2.366459E+00  7.054970E+00  4.517636E+01 -6.740453E-01  3.497813E+00
 -6.740453E-01  5.631775E+01 -4.632530E+00  3.497813E+00 -4.632530E+00
  5.272741E+01
     19830  1.983000E+01        41
 -1.201992E+06  3.076298E+02 -1.203101E+06  2.922642E+05 -1.495365E+06
  0.000000E+00  3.077491E-03  0.000000E+00  0.000000E+00 -1.183993E+06
  4.547735E+01 -5.178225E+04 -1.546261E+06  1.494485E+06  0.000000E+00
 -2.975536E-02  0.000000E+00  0.000000E+00  5.568179E+03  0.000000E+00
  0.000000E+00  0.000000E+00  9.000000E+01  9.000000E+01  9.000000E+01
  0.000000E+00  5.297632E+01  0.000000E+00  4.704253E-02  5.934293E-02
  2.410033E+00  7.066910E+00  5.293368E+01  6.571947E-01  2.453335E+00
  6.571947E-01  5.391798E+01 -8.570982E-01  2.453335E+00 -8.570982E-01
  5.207729E+01
     19860  1.986000E+01        41
 -1.201992E+06  3.023404E+02 -1.203082E+06  2.921706E+05 -1.495252E+06
  0.000000E+00  2.965482E-03  0.000000E+00  0.000000E+00 -1.184146E+06
  8.352713E+01 -5.136193E+04 -1.545731E+06  1.494374E+06  0.000000E+00
 -2.868050E-02  0.000000E+00  0.000000E+00  5.568179E+03  0.000000E+00
  0.000000E+00  0.000000E+00  9.000000E+01  9.000000E+01  9.000000E+01
  0.000000E+00  5.252562E+01  0.000000E+00  4.744943E-02  5.360684E-02
  2.460496E+00  7.063531E+00  4.829905E+01  1.510112E+00  3.747681E+00
  1.510112E+00  5.539001E+01 -6.194932E-01  3.747681E+00 -6.194932E-01
  5.388780E+01
     19890  1.989000E+01        41
 -1.201992E+06  3.040854E+02 -1.203088E+06  2.919438E+05 -1.495032E+06
  0.000000E+00  3.012089E-03  0.000000E+00  0.000000E+00 -1.184425E+06
  1.235491E+02 -5.051278E+04 -1.544682E+06  1.494155E+06  0.000000E+00
 -2.910749E-02  0.000000E+00  0.000000E+00  5.568179E+03  0.000000E+00
  0.000000E+00  0.000000E+00  9.000000E+01  9.000000E+01  9.000000E+01
  0.000000E+00  5.170391E+01  0.000000E+00  4.646446E-02  5.590106E-02
  2.522939E+00  7.058322E+00  4.945997E+01 -5.317725E-01  1.790654E+00
 -5.317725E-01  6.048006E+01 -5.084985E+00  1.790654E+00 -5.084985E+00
  4.517168E+01
     19920  1.992000E+01        41
 -1.201992E+06  2.922437E+02 -1.203045E+06  2.920938E+05 -1.495139E+06
  0.000000E+00  3.028776E-03  0.000000E+00  0.000000E+00 -1.184214E+06
  1.066421E+02 -5.122927E+04 -1.545507E+06  1.494266E+06  0.000000E+00
 -2.926659E-02  0.000000E+00  0.000000E+00  5.568179E+03  0.000000E+00
  0.000000E+00  0.000000E+00  9.000000E+01  9.000000E+01  9.000000E+01
  0.000000E+00  5.232350E+01  0.000000E+00  4.709433E-02  5.983110E-02
  2.598456E+00  7.058677E+00  5.035331E+01  7.958516E-02 -6.379978E-01
  7.958516E-02  5.605295E+01 -1.256482E+00 -6.379978E-01 -1.256482E+00
  5.056423E+01
     19950  1.995000E+01        41
 -1.201992E+06  3.057397E+02 -1.203094E+06  2.919422E+05 -1.495036E+06
  0.000000E+00  3.154029E-03  0.000000E+00  0.000000E+00 -1.184413E+06
  6.674872E+01 -5.053413E+04 -1.544705E+06  1.494161E+06  0.000000E+00
 -3.042174E-02  0.000000E+00  0.000000E+00  5.568179E+03  0.000000E+00
  0.000000E+00  0.000000E+00  9.000000E+01  9.000000E+01  9.000000E+01
  0.000000E+00  5.173795E+01  0.000000E+00  5.077291E-02  6.075945E-02
  2.685387E+00  7.065994E+00  4.600718E+01  2.825605E+00 -1.187579E+00
  2.825605E+00  5.394289E+01  5.007203E+00 -1.187579E+00  5.007203E+00
  5.526377E+01
     19980  1.998000E+01        41
 -1.201993E+06  3.222317E+02 -1.203154E+06  2.919845E+05 -1.495138E+06
  0.000000E+00  3.057595E-03  0.000000E+00  0.000000E+00 -1.184316E+06
  3.467190E+01 -5.070767E+04 -1.544964E+06  1.494264E+06  0.000000E+00
 -2.954103E-02  0.000000E+00  0.000000E+00  5.568179E+03  0.000000E+00
  0.000000E+00  0.000000E+00  9.000000E+01  9.000000E+01  9.000000E+01
  0.000000E+00  5.202562E+01  0.000000E+00  5.016613E-02  5.959093E-02
  2.780596E+00  7.078062E+00  4.891067E+01 -6.039604E-01  1.819383E+00
 -6.039604E-01  5.360114E+01  5.180553E+00  1.819383E+00  5.180553E+00
  5.356505E+01
     20010  2.001000E+01        41
 -1.201992E+06  2.958806E+02 -1.203059E+06  2.923267E+05 -1.495385E+06
  0.000000E+00  3.189165E-03  0.000000E+00  0.000000E+00 -1.183995E+06
  1.800817E+01 -5.185784E+04 -1.546371E+06  1.494514E+06  0.000000E+00
 -3.082800E-02  0.000000E+00  0.000000E+00  5.568179E+03  0.000000E+00
  0.000000E+00  0.000000E+00  9.000000E+01  9.000000E+01  9.000000E+01
  0.000000E+00  5.296806E+01  0.000000E+00  4.788079E-02  5.892834E-02
  2.882654E+00  7.091557E+00  5.053012E+01 -9.375789E-02 -3.650045E+00
 -9.375789E-02  5.149089E+01  7.365204E+00 -3.650045E+00  7.365204E+00
  5.688317E+01
     20040  2.004000E+01        41
 -1.201992E+06  2.957236E+02 -1.203058E+06  2.914327E+05 -1.494491E+06
  0.000000E+00  2.932440E-03  0.000000E+00  0.000000E+00 -1.184973E+06
  2.290656E+01 -4.892679E+04 -1.542551E+06  1.493622E+06  0.000000E+00
 -2.835089E-02  0.000000E+00  0.000000E+00  5.568179E+03  0.000000E+00
  0.000000E+00  0.000000E+00  9.000000E+01  9.000000E+01  9.000000E+01
  0.000000E+00  5.009128E+01  0.000000E+00  4.593292E-02  5.409476E-02
  2.987772E+00  7.095920E+00  5.086421E+01  2.192899E-01 -1.822856E+00
  2.192899E-01  5.007591E+01  3.139661E+00 -1.822856E+00  3.139661E+00
  4.933370E+01
     20070  2.007000E+01        41
 -1.201993E+06  3.089382E+02 -1.203106E+06  2.917286E+05 -1.494835E+06
  0.000000E+00  3.092495E-03  0.000000E+00  0.000000E+00 -1.184617E+06
  3.388081E+01 -4.990181E+04 -1.543857E+06  1.493956E+06  0.000000E+00
 -2.988241E-02  0.000000E+00  0.000000E+00  5.568179E+03  0.000000E+00
  0.000000E+00  0.000000E+00  9.000000E+01  9.000000E+01  9.000000E+01
  0.000000E+00  5.114102E+01  0.000000E+00  4.262357E-02  5.081002E-02
  3.086065E+00  7.075138E+00  4.371111E+01  2.402013E+00 -2.127608E+00
  2.402013E+00  5.385745E+01  2.746900E+00 -2.127608E+00  2.746900E+00
  5.585451E+01
     20100  2.010000E+01        41
 -1.201992E+06  3.002480E+02 -1.203074E+06  2.915568E+05 -1.494631E+06
  0.000000E+00  3.134459E-03  0.000000E+00  0.000000E+00 -1.184810E+06
  6.776035E+01 -4.938453E+04 -1.543124E+06  1.493751E+06  0.000000E+00
 -3.027003E-02  0.000000E+00  0.000000E+00  5.568179E+03  0.000000E+00
  0.000000E+00  0.000000E+00  9.000000E+01  9.000000E+01  9.000000E+01
  0.000000E+00  5.057124E+01  0.000000E+00  4.017240E-02  5.145227E-02
  3.172905E+00  7.031376E+00  4.980543E+01 -2.869466E-01  9.389577E-01
 -2.869466E-01  5.165181E+01  1.456601E-01  9.389577E-01  1.456601E-01
  5.025649E+01
     20130  2.013000E+01        41
 -1.201993E+06  3.365897E+02 -1.203206E+06  2.912624E+05 -1.494469E+06
  0.000000E+00  2.781900E-03  0.000000E+00  0.000000E+00 -1.185086E+06
  1.278531E+02 -4.829673E+04 -1.541883E+06  1.493589E+06  0.000000E+00
 -2.691343E-02  0.000000E+00  0.000000E+00  5.568179E+03  0.000000E+00
  0.000000E+00  0.000000E+00  9.000000E+01  9.000000E+01  9.000000E+01
  0.000000E+00  4.975959E+01  0.000000E+00  4.032162E-02  5.027554E-02
  3.234311E+00  6.944745E+00  5.119749E+01 -3.483658E+00  2.730613E+00
 -3.483658E+00  4.893408E+01 -1.998125E+00  2.730613E+00 -1.998125E+00
  4.914721E+01
     20160  2.016000E+01        41
 -1.201993E+06  3.268063E+02 -1.203171E+06  2.919553E+05 -1.495126E+06
  0.000000E+00  2.894551E-03  0.000000E+00  0.000000E+00 -1.184313E+06
  2.004086E+02 -5.068777E+04 -1.544937E+06  1.494245E+06  0.000000E+00
 -2.797707E-02  0.000000E+00  0.000000E+00  5.568179E+03  0.000000E+00
  0.000000E+00  0.000000E+00  9.000000E+01  9.000000E+01  9.000000E+01
  0.000000E+00  5.203439E+01  0.000000E+00  4.160919E-02  5.383756E-02
  3.268831E+00  6.804733E+00  5.281984E+01 -4.838250E+00 -4.382370E+00
 -4.838250E+00  5.064958E+01  1.550585E+00 -4.382370E+00  1.550585E+00
  5.263375E+01
     20190  2.019000E+01        41
 -1.201993E+06  3.125207E+02 -1.203119E+06  2.908036E+05 -1.493923E+06
  0.000000E+00  3.045316E-03  0.000000E+00  0.000000E+00 -1.185638E+06
  2.661752E+02 -4.681795E+04 -1.539879E+06  1.493050E+06  0.000000E+00
 -2.945823E-02  0.000000E+00  0.000000E+00  5.568179E+03  0.000000E+00
  0.000000E+00  0.000000E+00  9.000000E+01  9.000000E+01  9.000000E+01
  0.000000E+00  4.813520E+01  0.000000E+00  4.516218E-02  5.703940E-02
  3.287377E+00  6.630643E+00  5.322158E+01 -2.435908E+00  1.165128E-01
 -2.435908E+00  3.977815E+01 -3.907958E-01  1.165128E-01 -3.907958E-01
  5.140588E+01
     20220  2.022000E+01        41
 -1.201993E+06  3.103200E+02 -1.203111E+06  2.907671E+05 -1.493878E+06
  0.000000E+00  3.146857E-03  0.000000E+00  0.000000E+00 -1.185696E+06
  3.295679E+02 -4.665960E+04 -1.539673E+06  1.493003E+06  0.000000E+00
 -3.044616E-02  0.000000E+00  0.000000E+00  5.568179E+03  0.000000E+00
  0.000000E+00  0.000000E+00  9.000000E+01  9.000000E+01  9.000000E+01
  0.000000E+00  4.796273E+01  0.000000E+00  4.910822E-02  5.906809E-02
  3.300195E+00  6.444421E+00  4.552107E+01 -7.112467E-01 -4.485784E+00
 -7.112467E-01  5.236005E+01 -3.491592E-01 -4.485784E+00 -3.491592E-01
  4.600707E+01
     20250  2.025000E+01        41
 -1.201992E+06  3.127988E+02 -1.203120E+06  2.909663E+05 -1.494086E+06
  0.000000E+00  3.064634E-03  0.000000E+00  0.000000E+00 -1.185473E+06
  3.880913E+02 -4.731338E+04 -1.540536E+06  1.493212E+06  0.000000E+00
 -2.967908E-02  0.000000E+00  0.000000E+00  5.568179E+03  0.000000E+00
  0.000000E+00  0.000000E+00  9.000000E+01  9.000000E+01  9.000000E+01
  0.000000E+00  4.862023E+01  0.000000E+00  5.036485E-02  6.093232E-02
  3.316870E+00  6.268512E+00  5.182139E+01 -8.801059E-01  7.307093E-01
 -8.801059E-01  4.476763E+01 -6.209928E-01  7.307093E-01 -6.209928E-01
  4.927167E+01
     20280  2.028000E+01        41
 -1.201993E+06  3.064395E+02 -1.203097E+06  2.910782E+05 -1.494176E+06
  0.000000E+00  3.090135E-03  0.000000E+00  0.000000E+00 -1.185331E+06
  4.120793E+02 -4.778784E+04 -1.541108E+06  1.493307E+06  0.000000E+00
 -2.989853E-02  0.000000E+00  0.000000E+00  5.568179E+03  0.000000E+00
  0.000000E+00  0.000000E+00  9.000000E+01  9.000000E+01  9.000000E+01
  0.000000E+00  4.904015E+01  0.000000E+00  5.223054E-02  6.501751E-02
  3.342103E+00  6.115764E+00  4.186211E+01  2.762043E+00 -4.756150E-01
  2.762043E+00  5.922710E+01 -2.028612E+00 -4.756150E-01 -2.028612E+00
  4.603124E+01
     20310  2.031000E+01        41
 -1.201993E+06  3.012431E+02 -1.203078E+06  2.906260E+05 -1.493704E+06
  0.000000E+00  3.000069E-03  0.000000E+00  0.000000E+00 -1.185878E+06
  4.276186E+02 -4.618324E+04 -1.539034E+06  1.492841E+06  0.000000E+00
 -2.900875E-02  0.000000E+00  0.000000E+00  5.568179E+03  0.000000E+00
  0.000000E+00  0.000000E+00  9.000000E+01  9.000000E+01  9.000000E+01
  0.000000E+00  4.742880E+01  0.000000E+00  5.188042E-02  6.305786E-02
  3.383871E+00  5.998983E+00  4.998383E+01 -1.221266E+00 -3.538701E+00
 -1.221266E+00  4.681247E+01 -4.106073E+00 -3.538701E+00 -4.106073E+00
  4.549010E+01
     20340  2.034000E+01        41
 -1.201993E+06  3.250594E+02 -1.203164E+06  2.910452E+05 -1.494209E+06
  0.000000E+00  3.149579E-03  0.000000E+00  0.000000E+00 -1.185370E+06
  4.592362E+02 -4.753492E+04 -1.540885E+06  1.493344E+06  0.000000E+00
 -3.045880E-02  0.000000E+00  0.000000E+00  5.568179E+03  0.000000E+00
  0.000000E+00  0.000000E+00  9.000000E+01  9.000000E+01  9.000000E+01
  0.000000E+00  4.892255E+01  0.000000E+00  5.116972E-02  6.162885E-02
  3.449336E+00  5.937336E+00  4.825240E+01  7.175816E-01  2.899847E-01
  7.175816E-01  4.981801E+01 -2.101860E+00  2.899847E-01 -2.101860E+00
  4.869725E+01
     20370  2.037000E+01        41
 -1.201993E+06  3.134192E+02 -1.203123E+06  2.908646E+05 -1.493987E+06
  0.000000E+00  3.093368E-03  0.000000E+00  0.000000E+00 -1.185560E+06
  4.909832E+02 -4.705247E+04 -1.540184E+06  1.493124E+06  0.000000E+00
 -2.991978E-02  0.000000E+00  0.000000E+00  5.568179E+03  0.000000E+00
  0.000000E+00  0.000000E+00  9.000000E+01  9.000000E+01  9.000000E+01
  0.000000E+00  4.836613E+01  0.000000E+00  4.876005E-02  6.306283E-02
  3.542206E+00  5.950772E+00  4.313296E+01  2.207877E+00  3.759358E+00
  2.207877E+00  4.996156E+01 -1.085409E+00  3.759358E+00 -1.085409E+00
  5.200387E+01
     20400  2.040000E+01        41
 -1.201993E+06  3.193527E+02 -1.203144E+06  2.907957E+05 -1.493940E+06
  0.000000E+00  3.107354E-03  0.000000E+00  0.000000E+00 -1.185614E+06
  5.434135E+02 -4.684762E+04 -1.539936E+06  1.493081E+06  0.000000E+00
 -3.002745E-02  0.000000E+00  0.000000E+00  5.568179E+03  0.000000E+00
  0.000000E+00  0.000000E+00  9.000000E+01  9.000000E+01  9.000000E+01
  0.000000E+00  4.820584E+01  0.000000E+00  4.767346E-02  5.960727E-02
  3.667818E+00  6.066783E+00  4.255334E+01  2.831345E+00 -2.075369E+00
  2.831345E+00  5.254639E+01  1.554815E-01 -2.075369E+00  1.554815E-01
  4.951779E+01
     20430  2.043000E+01        41
 -1.201992E+06  2.880000E+02 -1.203031E+06  2.897106E+05 -1.492741E+06
  0.000000E+00  2.954161E-03  0.000000E+00  0.000000E+00 -1.186885E+06
  5.760524E+02 -4.326192E+04 -1.535135E+06  1.491876E+06  0.000000E+00
 -2.859055E-02  0.000000E+00  0.000000E+00  5.568179E+03  0.000000E+00
  0.000000E+00  0.000000E+00  9.000000E+01  9.000000E+01  9.000000E+01
  0.000000E+00  4.446550E+01  0.000000E+00  4.930911E-02  6.017331E-02
  3.825155E+00  6.314765E+00  3.433461E+01  4.836382E-01  4.227429E+00
  4.836382E-01  5.330275E+01 -7.751638E-01  4.227429E+00 -7.751638E-01
  4.575913E+01
     20460  2.046000E+01        41
 -1.201992E+06  3.051402E+02 -1.203092E+06  2.915917E+05 -1.494684E+06
  0.000000E+00  3.323155E-03  0.000000E+00  0.000000E+00 -1.184774E+06
  6.557064E+02 -4.947112E+04 -1.543295E+06  1.493825E+06  0.000000E+00
 -3.210987E-02  0.000000E+00  0.000000E+00  5.568179E+03  0.000000E+00
  0.000000E+00  0.000000E+00  9.000000E+01  9.000000E+01  9.000000E+01
  0.000000E+00  5.067641E+01  0.000000E+00  5.038827E-02  5.928536E-02
  4.004406E+00  6.714012E+00  4.250257E+01 -1.105042E-01  3.287017E+00
 -1.105042E-01  5.531098E+01  5.102468E+00  3.287017E+00  5.102468E+00
  5.421568E+01
     20490  2.049000E+01        41
 -1.201992E+06  3.004511E+02 -1.203075E+06  2.900484E+05 -1.493124E+06
  0.000000E+00  3.182741E-03  0.000000E+00  0.000000E+00 -1.186496E+06
  7.225167E+02 -4.434210E+04 -1.536603E+06  1.492257E+06  0.000000E+00
 -3.077678E-02  0.000000E+00  0.000000E+00  5.568179E+03  0.000000E+00
  0.000000E+00  0.000000E+00  9.000000E+01  9.000000E+01  9.000000E+01
  0.000000E+00  4.560970E+01  0.000000E+00  5.037930E-02  5.828769E-02
  4.197300E+00  7.245771E+00  4.420523E+01  1.256927E-01 -1.248296E+00
  1.256927E-01  4.408773E+01  9.360247E-02 -1.248296E+00  9.360247E-02
  4.853615E+01
     20520  2.052000E+01        41
 -1.201992E+06  2.970162E+02 -1.203063E+06  2.899365E+05 -1.492999E+06
  0.000000E+00  3.074425E-03  0.000000E+00  0.000000E+00 -1.186624E+06
  7.014545E+02 -4.398079E+04 -1.536109E+06  1.492135E+06  0.000000E+00
 -2.972940E-02  0.000000E+00  0.000000E+00  5.568179E+03  0.000000E+00
  0.000000E+00  0.000000E+00  9.000000E+01  9.000000E+01  9.000000E+01
  0.000000E+00  4.523146E+01  0.000000E+00  4.603918E-02  5.758732E-02
  4.394664E+00  7.855390E+00  4.408256E+01  3.496700E+00  2.085530E+00
  3.496700E+00  4.530965E+01 -2.485069E+00  2.085530E+00 -2.485069E+00
  4.630218E+01
     20550  2.055000E+01        41
 -1.201992E+06  2.995441E+02 -1.203072E+06  2.912318E+05 -1.494303E+06
  0.000000E+00  3.174226E-03  0.000000E+00  0.000000E+00 -1.185193E+06
  5.909966E+02 -4.825376E+04 -1.541666E+06  1.493430E+06  0.000000E+00
 -3.066755E-02  0.000000E+00  0.000000E+00  5.568179E+03  0.000000E+00
  0.000000E+00  0.000000E+00  9.000000E+01  9.000000E+01  9.000000E+01
  0.000000E+00  4.944411E+01  0.000000E+00  4.327725E-02  5.239103E-02
  4.568080E+00  8.459483E+00  4.461723E+01 -1.106860E-01  1.694176E-01
 -1.106860E-01  4.897716E+01  4.451367E-01  1.694176E-01  4.451367E-01
  5.473793E+01
     20580  2.058000E+01        41
 -1.201993E+06  3.192810E+02 -1.203143E+06  2.907760E+05 -1.493919E+06
  0.000000E+00  2.996339E-03  0.000000E+00  0.000000E+00 -1.185629E+06
  4.150038E+02 -4.679955E+04 -1.539821E+06  1.493048E+06  0.000000E+00
 -2.897494E-02  0.000000E+00  0.000000E+00  5.568179E+03  0.000000E+00
  0.000000E+00  0.000000E+00  9.000000E+01  9.000000E+01  9.000000E+01
  0.000000E+00  4.816132E+01  0.000000E+00  3.994641E-02  4.949046E-02
  4.693331E+00  8.983186E+00  4.255767E+01  3.060772E-01  2.475446E+00
  3.060772E-01  5.402011E+01 -7.849012E-01  2.475446E+00 -7.849012E-01
  4.790617E+01
     20610  2.061000E+01        41
 -1.201992E+06  3.077229E+02 -1.203102E+06  2.905968E+05 -1.493698E+06
  0.000000E+00  3.074156E-03  0.000000E+00  0.000000E+00 -1.185861E+06
  2.457210E+02 -4.618235E+04 -1.538979E+06  1.492823E+06  0.000000E+00
 -2.970566E-02  0.000000E+00  0.000000E+00  5.568179E+03  0.000000E+00
  0.000000E+00  0.000000E+00  9.000000E+01  9.000000E+01  9.000000E+01
  0.000000E+00  4.747821E+01  0.000000E+00  4.026733E-02  5.166741E-02
  4.760928E+00  9.346194E+00  4.221855E+01 -1.437996E+00  2.857849E+00
 -1.437996E+00  5.151788E+01  4.581692E-01  2.857849E+00  4.581692E-01
  4.869818E+01
     20640  2.064000E+01        41
 -1.201992E+06  2.922181E+02 -1.203046E+06  2.904036E+05 -1.493449E+06
  0.000000E+00  3.026056E-03  0.000000E+00  0.000000E+00 -1.186064E+06
  2.321468E+02 -4.568316E+04 -1.538227E+06  1.492578E+06  0.000000E+00
 -2.931014E-02  0.000000E+00  0.000000E+00  5.568179E+03  0.000000E+00
  0.000000E+00  0.000000E+00  9.000000E+01  9.000000E+01  9.000000E+01
  0.000000E+00  4.687915E+01  0.000000E+00  4.530377E-02  5.516448E-02
  4.764709E+00  9.545041E+00  4.560519E+01  2.956074E-01  2.947280E+00
  2.956074E-01  5.207503E+01 -1.674980E+00  2.947280E+00 -1.674980E+00
  4.295722E+01
     20670  2.067000E+01        41
 -1.201993E+06  3.263329E+02 -1.203169E+06  2.906347E+05 -1.493804E+06
  0.000000E+00  3.083385E-03  0.000000E+00  0.000000E+00 -1.185781E+06
  2.415614E+02 -4.628869E+04 -1.539193E+06  1.492931E+06  0.000000E+00
 -2.983492E-02  0.000000E+00  0.000000E+00  5.568179E+03  0.000000E+00
  0.000000E+00  0.000000E+00  9.000000E+01  9.000000E+01  9.000000E+01
  0.000000E+00  4.771425E+01  0.000000E+00  5.000823E-02  5.968888E-02
  4.716233E+00  9.595818E+00  4.974406E+01 -1.758442E+00  6.556208E-01
 -1.758442E+00  4.372545E+01 -9.521744E-01  6.556208E-01 -9.521744E-01
  4.967324E+01
     20700  2.070000E+01        41
 -1.201992E+06  3.124027E+02 -1.203118E+06  2.912427E+05 -1.494361E+06
  0.000000E+00  3.011692E-03  0.000000E+00  0.000000E+00 -1.185206E+06
  2.950001E+02 -4.811511E+04 -1.541593E+06  1.493487E+06  0.000000E+00
 -2.909698E-02  0.000000E+00  0.000000E+00  5.568179E+03  0.000000E+00
  0.000000E+00  0.000000E+00  9.000000E+01  9.000000E+01  9.000000E+01
  0.000000E+00  4.940626E+01  0.000000E+00  5.434266E-02  6.470935E-02
  4.637423E+00  9.526306E+00  4.841077E+01 -9.510173E-01  2.970064E+00
 -9.510173E-01  5.282589E+01 -7.807717E-02  2.970064E+00 -7.807717E-02
  4.698213E+01
     20730  2.073000E+01        41
 -1.201992E+06  3.012493E+02 -1.203078E+06  2.907419E+05 -1.493820E+06
  0.000000E+00  3.086378E-03  0.000000E+00  0.000000E+00 -1.185722E+06
  3.111339E+02 -4.664729E+04 -1.539589E+06  1.492949E+06  0.000000E+00
 -2.984309E-02  0.000000E+00  0.000000E+00  5.568179E+03  0.000000E+00
  0.000000E+00  0.000000E+00  9.000000E+01  9.000000E+01  9.000000E+01
  0.000000E+00  4.788696E+01  0.000000E+00  5.811596E-02  6.797394E-02
  4.545671E+00  9.378459E+00  4.947796E+01  1.168069E+00 -2.916450E+00
  1.168069E+00  4.326396E+01 -2.632733E+00 -2.916450E+00 -2.632733E+00
  5.091897E+01
     20760  2.076000E+01        41
 -1.201993E+06  3.170502E+02 -1.203136E+06  2.918338E+05 -1.494969E+06
  0.000000E+00  3.146442E-03  0.000000E+00  0.000000E+00 -1.184445E+06
  2.917703E+02 -5.036456E+04 -1.544470E+06  1.494101E+06  0.000000E+00
 -3.039140E-02  0.000000E+00  0.000000E+00  5.568179E+03  0.000000E+00
  0.000000E+00  0.000000E+00  9.000000E+01  9.000000E+01  9.000000E+01
  0.000000E+00  5.164606E+01  0.000000E+00  5.938228E-02  6.793925E-02
  4.458687E+00  9.205178E+00  5.277589E+01 -2.047010E+00 -3.310751E+00
 -2.047010E+00  5.057100E+01  4.451670E+00 -3.310751E+00  4.451670E+00
  5.159130E+01
     20790  2.079000E+01        41
 -1.201993E+06  3.190675E+02 -1.203143E+06  2.916775E+05 -1.494820E+06
  0.000000E+00  2.896475E-03  0.000000E+00  0.000000E+00 -1.184663E+06
  2.739119E+02 -4.969674E+04 -1.543639E+06  1.493954E+06  0.000000E+00
 -2.801964E-02  0.000000E+00  0.000000E+00  5.568179E+03  0.000000E+00
  0.000000E+00  0.000000E+00  9.000000E+01  9.000000E+01  9.000000E+01
  0.000000E+00  5.100560E+01  0.000000E+00  5.608662E-02  6.852191E-02
  4.378156E+00  9.018898E+00  4.940687E+01 -2.437423E-01 -1.946296E+00
 -2.437423E-01  5.185511E+01 -2.558262E-01 -1.946296E+00 -2.558262E-01
  5.175483E+01
     20820  2.082000E+01        41
 -1.201993E+06  3.298529E+02 -1.203182E+06  2.919680E+05 -1.495150E+06
  0.000000E+00  2.962062E-03  0.000000E+00  0.000000E+00 -1.184301E+06
  2.280622E+02 -5.070369E+04 -1.544964E+06  1.494282E+06  0.000000E+00
 -2.862410E-02  0.000000E+00  0.000000E+00  5.568179E+03  0.000000E+00
  0.000000E+00  0.000000E+00  9.000000E+01  9.000000E+01  9.000000E+01
  0.000000E+00  5.207088E+01  0.000000E+00  5.290124E-02  6.676315E-02
  4.298130E+00  8.811791E+00  4.618231E+01 -1.048781E+00 -2.549898E+00
 -1.048781E+00  5.676219E+01  1.854852E+00 -2.549898E+00  1.854852E+00
  5.326814E+01
     20850  2.085000E+01        41
 -1.201993E+06  3.121083E+02 -1.203118E+06  2.920964E+05 -1.495214E+06
  0.000000E+00  3.100425E-03  0.000000E+00  0.000000E+00 -1.184187E+06
  1.681049E+02 -5.117091E+04 -1.545490E+06  1.494342E+06  0.000000E+00
 -2.995584E-02  0.000000E+00  0.000000E+00  5.568179E+03  0.000000E+00
  0.000000E+00  0.000000E+00  9.000000E+01  9.000000E+01  9.000000E+01
  0.000000E+00  5.240522E+01  0.000000E+00  5.263042E-02  6.102024E-02
  4.213300E+00  8.578018E+00  4.907918E+01  3.596210E-01  2.576732E+00
  3.596210E-01  5.694224E+01  2.975503E+00  2.576732E+00  2.975503E+00
  5.119426E+01
     20880  2.088000E+01        41
 -1.201993E+06  3.204558E+02 -1.203148E+06  2.919686E+05 -1.495116E+06
  0.000000E+00  2.882570E-03  0.000000E+00  0.000000E+00 -1.184329E+06
  1.345727E+02 -5.068390E+04 -1.544885E+06  1.494242E+06  0.000000E+00
 -2.785134E-02  0.000000E+00  0.000000E+00  5.568179E+03  0.000000E+00
  0.000000E+00  0.000000E+00  9.000000E+01  9.000000E+01  9.000000E+01
  0.000000E+00  5.198729E+01  0.000000E+00  4.721535E-02  5.789408E-02
  4.125125E+00  8.320941E+00  4.870487E+01  1.008436E+00  1.623657E+00
  1.008436E+00  5.328430E+01  1.677336E+00  1.623657E+00  1.677336E+00
  5.397272E+01
     20910  2.091000E+01        41
 -1.201993E+06  3.043319E+02 -1.203090E+06  2.925603E+05 -1.495650E+06
  0.000000E+00  2.996564E-03  0.000000E+00  0.000000E+00 -1.183705E+06
  1.706048E+02 -5.267434E+04 -1.547387E+06  1.494779E+06  0.000000E+00
 -2.897527E-02  0.000000E+00  0.000000E+00  5.568179E+03  0.000000E+00
  0.000000E+00  0.000000E+00  9.000000E+01  9.000000E+01  9.000000E+01
  0.000000E+00  5.382513E+01  0.000000E+00  4.722205E-02  5.899527E-02
  4.017321E+00  8.013685E+00  5.301984E+01 -2.325796E+00  2.336975E+00
 -2.325796E+00  5.221594E+01  2.738707E+00  2.336975E+00  2.738707E+00
  5.623961E+01
     20940  2.094000E+01        41
 -1.201992E+06  3.081024E+02 -1.203103E+06  2.922377E+05 -1.495341E+06
  0.000000E+00  2.985814E-03  0.000000E+00  0.000000E+00 -1.184118E+06
  2.322022E+02 -5.140687E+04 -1.545876E+06  1.494474E+06  0.000000E+00
 -2.884740E-02  0.000000E+00  0.000000E+00  5.568179E+03  0.000000E+00
  0.000000E+00  0.000000E+00  9.000000E+01  9.000000E+01  9.000000E+01
  0.000000E+00  5.260682E+01  0.000000E+00  4.711490E-02  5.579073E-02
  3.879936E+00  7.637044E+00  4.723940E+01  5.083003E-01  1.323516E+00
  5.083003E-01  5.311640E+01  1.233039E+00  1.323516E+00  1.233039E+00
  5.746465E+01
     20970  2.097000E+01        41
 -1.201993E+06  3.035648E+02 -1.203087E+06  2.919768E+05 -1.495064E+06
  0.000000E+00  2.970051E-03  0.000000E+00  0.000000E+00 -1.184394E+06
  3.157744E+02 -5.061683E+04 -1.544815E+06  1.494188E+06  0.000000E+00
 -2.870839E-02  0.000000E+00  0.000000E+00  5.568179E+03  0.000000E+00
  0.000000E+00  0.000000E+00  9.000000E+01  9.000000E+01  9.000000E+01
  0.000000E+00  5.179760E+01  0.000000E+00  4.745159E-02  5.567420E-02
  3.739730E+00  7.238988E+00  4.161228E+01 -2.795290E-01 -2.180247E+00
 -2.795290E-01  5.983082E+01 -4.093197E+00 -2.180247E+00 -4.093197E+00
  5.394971E+01
     21000  2.100000E+01        41
 -1.201992E+06  2.900593E+02 -1.203038E+06  2.933973E+05 -1.496435E+06
  0.000000E+00  3.236331E-03  0.000000E+00  0.000000E+00 -1.182852E+06
  3.707589E+02 -5.533925E+04 -1.550911E+06  1.495557E+06  0.000000E+00
 -3.126109E-02  0.000000E+00  0.000000E+00  5.568179E+03  0.000000E+00
  0.000000E+00  0.000000E+00  9.000000E+01  9.000000E+01  9.000000E+01
  0.000000E+00  5.633375E+01  0.000000E+00  5.059090E-02  5.744838E-02
  3.609141E+00  6.847801E+00  5.389068E+01  2.487878E-01 -2.554219E-01
  2.487878E-01  6.134170E+01  7.023959E+00 -2.554219E-01  7.023959E+00
  5.376888E+01
     21030  2.103000E+01        41
 -1.201993E+06  3.159885E+02 -1.203132E+06  2.910138E+05 -1.494146E+06
  0.000000E+00  2.861352E-03  0.000000E+00  0.000000E+00 -1.185426E+06
  4.079783E+02 -4.743179E+04 -1.540714E+06  1.493266E+06  0.000000E+00
 -2.766716E-02  0.000000E+00  0.000000E+00  5.568179E+03  0.000000E+00
  0.000000E+00  0.000000E+00  9.000000E+01  9.000000E+01  9.000000E+01
  0.000000E+00  4.875847E+01  0.000000E+00  5.190258E-02  6.204365E-02
  3.509219E+00  6.515458E+00  3.902264E+01 -1.659935E-01  1.766351E+00
 -1.659935E-01  5.826935E+01  1.318474E+00  1.766351E+00  1.318474E+00
  4.898342E+01
     21060  2.106000E+01        41
 -1.201993E+06  3.125050E+02 -1.203119E+06  2.913143E+05 -1.494433E+06
  0.000000E+00  2.961103E-03  0.000000E+00  0.000000E+00 -1.185053E+06
  3.806757E+02 -4.857686E+04 -1.542139E+06  1.493552E+06  0.000000E+00
 -2.863834E-02  0.000000E+00  0.000000E+00  5.568179E+03  0.000000E+00
  0.000000E+00  0.000000E+00  9.000000E+01  9.000000E+01  9.000000E+01
  0.000000E+00  4.985790E+01  0.000000E+00  5.423646E-02  6.551421E-02
  3.439391E+00  6.248086E+00  5.240989E+01  2.099468E+00 -2.096319E+00
  2.099468E+00  4.774762E+01 -3.697267E+00 -2.096319E+00 -3.697267E+00
  4.941618E+01
     21090  2.109000E+01        41
 -1.201992E+06  2.869905E+02 -1.203026E+06  2.920340E+05 -1.495060E+06
  0.000000E+00  2.917894E-03  0.000000E+00  0.000000E+00 -1.184355E+06
  2.857868E+02 -5.085063E+04 -1.545021E+06  1.494180E+06  0.000000E+00
 -2.822711E-02  0.000000E+00  0.000000E+00  5.568179E+03  0.000000E+00
  0.000000E+00  0.000000E+00  9.000000E+01  9.000000E+01  9.000000E+01
  0.000000E+00  5.191050E+01  0.000000E+00  5.682119E-02  6.646905E-02
  3.391953E+00  6.051758E+00  4.996062E+01  1.258814E+00  6.144725E-01
  1.258814E+00  5.445892E+01 -1.001160E+00  6.144725E-01 -1.001160E+00
  5.131196E+01
     21120  2.112000E+01        41
 -1.201992E+06  3.013255E+02 -1.203079E+06  2.920269E+05 -1.495105E+06
  0.000000E+00  3.043145E-03  0.000000E+00  0.000000E+00 -1.184292E+06
  1.373947E+02 -5.093317E+04 -1.545115E+06  1.494232E+06  0.000000E+00
 -2.944124E-02  0.000000E+00  0.000000E+00  5.568179E+03  0.000000E+00
  0.000000E+00  0.000000E+00  9.000000E+01  9.000000E+01  9.000000E+01
  0.000000E+00  5.209648E+01  0.000000E+00  5.527350E-02  6.616485E-02
  3.345688E+00  5.907923E+00  5.463862E+01  2.404623E+00 -1.205744E+00
  2.404623E+00  5.277228E+01 -2.164013E+00 -1.205744E+00 -2.164013E+00
  4.887854E+01
     21150  2.115000E+01        41
 -1.201992E+06  3.012871E+02 -1.203078E+06  2.917626E+05 -1.494841E+06
  0.000000E+00  3.002008E-03  0.000000E+00  0.000000E+00 -1.184563E+06
  2.198474E+02 -5.012093E+04 -1.544044E+06  1.493955E+06  0.000000E+00
 -2.901572E-02  0.000000E+00  0.000000E+00  5.568179E+03  0.000000E+00
  0.000000E+00  0.000000E+00  9.000000E+01  9.000000E+01  9.000000E+01
  0.000000E+00  5.129733E+01  0.000000E+00  5.169161E-02  6.409382E-02
  3.261254E+00  5.788117E+00  4.828902E+01 -1.092139E+00 -3.332990E-01
 -1.092139E+00  5.214668E+01 -1.534148E+00 -3.332990E-01 -1.534148E+00
  5.345629E+01
     21180  2.118000E+01        41
 -1.201992E+06  3.002079E+02 -1.203074E+06  2.918875E+05 -1.494962E+06
  0.000000E+00  2.880208E-03  0.000000E+00  0.000000E+00 -1.184455E+06
  3.103144E+02 -5.045345E+04 -1.544506E+06  1.494072E+06  0.000000E+00
 -2.782863E-02  0.000000E+00  0.000000E+00  5.568179E+03  0.000000E+00
  0.000000E+00  0.000000E+00  9.000000E+01  9.000000E+01  9.000000E+01
  0.000000E+00  5.161371E+01  0.000000E+00  5.072154E-02  6.137303E-02
  3.165058E+00  5.718633E+00  4.828665E+01 -1.453691E+00 -1.494294E+00
 -1.453691E+00  5.468559E+01 -4.521239E+00 -1.494294E+00 -4.521239E+00
  5.186888E+01
     21210  2.121000E+01        41
 -1.201992E+06  2.912480E+02 -1.203042E+06  2.928710E+05 -1.495913E+06
  0.000000E+00  3.112716E-03  0.000000E+00  0.000000E+00 -1.183356E+06
  3.830677E+02 -5.381844E+04 -1.548812E+06  1.495033E+06  0.000000E+00
 -3.007121E-02  0.000000E+00  0.000000E+00  5.568179E+03  0.000000E+00
  0.000000E+00  0.000000E+00  9.000000E+01  9.000000E+01  9.000000E+01
  0.000000E+00  5.484984E+01  0.000000E+00  4.928401E-02  6.030172E-02
  3.113025E+00  5.772549E+00  5.045389E+01 -1.256979E-02 -4.741698E+00
 -1.256979E-02  5.606772E+01 -3.934239E+00 -4.741698E+00 -3.934239E+00
  5.802790E+01
     21240  2.124000E+01        41
 -1.201993E+06  3.157420E+02 -1.203131E+06  2.931548E+05 -1.496286E+06
  0.000000E+00  2.962439E-03  0.000000E+00  0.000000E+00 -1.183037E+06
  4.445415E+02 -5.460262E+04 -1.549968E+06  1.495405E+06  0.000000E+00
 -2.860928E-02  0.000000E+00  0.000000E+00  5.568179E+03  0.000000E+00
  0.000000E+00  0.000000E+00  9.000000E+01  9.000000E+01  9.000000E+01
  0.000000E+00  5.579089E+01  0.000000E+00  5.044422E-02  6.006528E-02
  3.131193E+00  5.988996E+00  5.399169E+01  1.037624E+00 -8.890723E-01
  1.037624E+00  5.957301E+01 -1.236290E+00 -8.890723E-01 -1.236290E+00
  5.380798E+01
     21270  2.127000E+01        41
 -1.201992E+06  3.097586E+02 -1.203109E+06  2.933733E+05 -1.496482E+06
  0.000000E+00  2.922458E-03  0.000000E+00  0.000000E+00 -1.182831E+06
  4.782181E+02 -5.526389E+04 -1.550850E+06  1.495602E+06  0.000000E+00
 -2.821300E-02  0.000000E+00  0.000000E+00  5.568179E+03  0.000000E+00
  0.000000E+00  0.000000E+00  9.000000E+01  9.000000E+01  9.000000E+01
  0.000000E+00  5.639650E+01  0.000000E+00  5.382425E-02  6.325809E-02
  3.215141E+00  6.351973E+00  5.435163E+01 -2.618077E-01 -2.684599E+00
 -2.618077E-01  5.733208E+01 -3.727919E+00 -2.684599E+00 -3.727919E+00
  5.750579E+01
     21300  2.130000E+01        41
 -1.201993E+06  2.961986E+02 -1.203060E+06  2.938448E+05 -1.496905E+06
  0.000000E+00  3.244544E-03  0.000000E+00  0.000000E+00 -1.182312E+06
  4.960259E+02 -5.691848E+04 -1.552952E+06  1.496030E+06  0.000000E+00
 -3.129105E-02  0.000000E+00  0.000000E+00  5.568179E+03  0.000000E+00
  0.000000E+00  0.000000E+00  9.000000E+01  9.000000E+01  9.000000E+01
  0.000000E+00  5.792343E+01  0.000000E+00  5.899554E-02  6.947353E-02
  3.354370E+00  6.835375E+00  5.827335E+01 -3.717429E-01 -2.491092E+00
 -3.717429E-01  5.921197E+01  2.350186E+00 -2.491092E+00  2.350186E+00
  5.628497E+01
     21330  2.133000E+01        41
 -1.201993E+06  2.902342E+02 -1.203039E+06  2.916322E+05 -1.494671E+06
  0.000000E+00  2.923566E-03  0.000000E+00  0.000000E+00 -1.184803E+06
  4.974425E+02 -4.949042E+04 -1.543292E+06  1.493799E+06  0.000000E+00
 -2.823406E-02  0.000000E+00  0.000000E+00  5.568179E+03  0.000000E+00
  0.000000E+00  0.000000E+00  9.000000E+01  9.000000E+01  9.000000E+01
  0.000000E+00  5.059380E+01  0.000000E+00  6.118561E-02  7.077301E-02
  3.534976E+00  7.407849E+00  5.101581E+01 -8.199444E-01 -2.150076E+00
 -8.199444E-01  5.036098E+01  1.878183E+00 -2.150076E+00  1.878183E+00
  5.040461E+01
     21360  2.136000E+01        41
 -1.201992E+06  3.095440E+02 -1.203108E+06  2.937918E+05 -1.496900E+06
  0.000000E+00  3.194218E-03  0.000000E+00  0.000000E+00 -1.182410E+06
  5.011405E+02 -5.652771E+04 -1.552561E+06  1.496021E+06  0.000000E+00
 -3.083446E-02  0.000000E+00  0.000000E+00  5.568179E+03  0.000000E+00
  0.000000E+00  0.000000E+00  9.000000E+01  9.000000E+01  9.000000E+01
  0.000000E+00  5.763431E+01  0.000000E+00  5.551314E-02  6.375975E-02
  3.745863E+00  8.041225E+00  5.142616E+01  1.280208E+00 -7.369446E-01
  1.280208E+00  6.917107E+01 -1.955274E+00 -7.369446E-01 -1.955274E+00
  5.230571E+01
     21390  2.139000E+01        41
 -1.201993E+06  3.178963E+02 -1.203139E+06  2.927706E+05 -1.495909E+06
  0.000000E+00  2.737804E-03  0.000000E+00  0.000000E+00 -1.183476E+06
  4.860705E+02 -5.327102E+04 -1.548315E+06  1.495033E+06  0.000000E+00
 -2.645998E-02  0.000000E+00  0.000000E+00  5.568179E+03  0.000000E+00
  0.000000E+00  0.000000E+00  9.000000E+01  9.000000E+01  9.000000E+01
  0.000000E+00  5.449872E+01  0.000000E+00  4.665771E-02  5.636296E-02
  3.970890E+00  8.706455E+00  4.999412E+01  1.804861E+00 -3.737642E+00
  1.804861E+00  6.089723E+01  3.043270E+00 -3.737642E+00  3.043270E+00
  5.260481E+01
     21420  2.142000E+01        41
 -1.201992E+06  2.997303E+02 -1.203073E+06  2.929177E+05 -1.495990E+06
  0.000000E+00  3.055217E-03  0.000000E+00  0.000000E+00 -1.183343E+06
  4.946136E+02 -5.379925E+04 -1.548905E+06  1.495119E+06  0.000000E+00
 -2.949815E-02  0.000000E+00  0.000000E+00  5.568179E+03  0.000000E+00
  0.000000E+00  0.000000E+00  9.000000E+01  9.000000E+01  9.000000E+01
  0.000000E+00  5.488828E+01  0.000000E+00  4.128878E-02  4.927096E-02
  4.202353E+00  9.386984E+00  5.270314E+01 -1.386963E+00  8.103571E-01
 -1.386963E+00  5.620214E+01  4.434527E+00  8.103571E-01  4.434527E+00
  5.575954E+01
     21450  2.145000E+01        41
 -1.201993E+06  3.243556E+02 -1.203162E+06  2.928762E+05 -1.496038E+06
  0.000000E+00  2.898853E-03  0.000000E+00  0.000000E+00 -1.183327E+06
  5.342974E+02 -5.367269E+04 -1.548830E+06  1.495154E+06  0.000000E+00
 -2.802777E-02  0.000000E+00  0.000000E+00  5.568179E+03  0.000000E+00
  0.000000E+00  0.000000E+00  9.000000E+01  9.000000E+01  9.000000E+01
  0.000000E+00  5.493729E+01  0.000000E+00  3.606961E-02  4.401208E-02
  4.456454E+00  1.012077E+01  5.374210E+01 -9.346478E-01 -8.769170E-01
 -9.346478E-01  5.927227E+01 -1.953767E-01 -8.769170E-01 -1.953767E-01
  5.179751E+01
     21480  2.148000E+01        41
 -1.201992E+06  3.071272E+02 -1.203099E+06  2.925089E+05 -1.495608E+06
  0.000000E+00  3.007536E-03  0.000000E+00  0.000000E+00 -1.183805E+06
  5.960895E+02 -5.236352E+04 -1.547101E+06  1.494724E+06  0.000000E+00
 -2.905147E-02  0.000000E+00  0.000000E+00  5.568179E+03  0.000000E+00
  0.000000E+00  0.000000E+00  9.000000E+01  9.000000E+01  9.000000E+01
  0.000000E+00  5.352956E+01  0.000000E+00  3.367111E-02  4.305477E-02
  4.733163E+00  1.091475E+01  5.506802E+01 -1.835638E-01  2.154431E+00
 -1.835638E-01  5.182341E+01  1.287094E+00  2.154431E+00  1.287094E+00
  5.369723E+01
     21510  2.151000E+01        41
 -1.201993E+06  3.149753E+02 -1.203128E+06  2.929382E+05 -1.496066E+06
  0.000000E+00  2.992609E-03  0.000000E+00  0.000000E+00 -1.183280E+06
  6.453594E+02 -5.388345E+04 -1.549090E+06  1.495187E+06  0.000000E+00
 -2.891382E-02  0.000000E+00  0.000000E+00  5.568179E+03  0.000000E+00
  0.000000E+00  0.000000E+00  9.000000E+01  9.000000E+01  9.000000E+01
  0.000000E+00  5.507500E+01  0.000000E+00  3.457835E-02  4.085018E-02
  5.033743E+00  1.177170E+01  4.478572E+01  7.860965E-01  3.130193E+00
  7.860965E-01  6.192797E+01  1.640814E+00  3.130193E+00  1.640814E+00
  5.851131E+01
     21540  2.154000E+01        41
 -1.201993E+06  3.087377E+02 -1.203106E+06  2.917216E+05 -1.494827E+06
  0.000000E+00  2.923517E-03  0.000000E+00  0.000000E+00 -1.184653E+06
  6.472881E+02 -4.980951E+04 -1.543781E+06  1.493950E+06  0.000000E+00
 -2.826307E-02  0.000000E+00  0.000000E+00  5.568179E+03  0.000000E+00
  0.000000E+00  0.000000E+00  9.000000E+01  9.000000E+01  9.000000E+01
  0.000000E+00  5.103404E+01  0.000000E+00  3.361065E-02  4.321267E-02
  5.346702E+00  1.266383E+01  4.752925E+01  2.202646E+00 -5.857287E-01
  2.202646E+00  4.987079E+01  4.775218E-01 -5.857287E-01  4.775218E-01
  5.570208E+01
     21570  2.157000E+01        41
 -1.201992E+06  2.941050E+02 -1.203052E+06  2.929867E+05 -1.496039E+06
  0.000000E+00  3.013934E-03  0.000000E+00  0.000000E+00 -1.183286E+06
  6.410910E+02 -5.401403E+04 -1.549193E+06  1.495160E+06  0.000000E+00
 -2.913379E-02  0.000000E+00  0.000000E+00  5.568179E+03  0.000000E+00
  0.000000E+00  0.000000E+00  9.000000E+01  9.000000E+01  9.000000E+01
  0.000000E+00  5.505562E+01  0.000000E+00  3.490181E-02  4.328169E-02
  5.660474E+00  1.356347E+01  4.674179E+01  1.232304E+00  8.429703E-01
  1.232304E+00  6.343836E+01 -2.286998E+00  8.429703E-01 -2.286998E+00
  5.498672E+01
     21600  2.160000E+01        41
 -1.201992E+06  2.952074E+02 -1.203056E+06  2.924359E+05 -1.495492E+06
  0.000000E+00  3.200238E-03  0.000000E+00  0.000000E+00 -1.183905E+06
  5.924556E+02 -5.214761E+04 -1.546757E+06  1.494619E+06  0.000000E+00
 -3.093549E-02  0.000000E+00  0.000000E+00  5.568179E+03  0.000000E+00
  0.000000E+00  0.000000E+00  9.000000E+01  9.000000E+01  9.000000E+01
  0.000000E+00  5.323352E+01  0.000000E+00  3.514319E-02  4.294874E-02
  5.955789E+00  1.442695E+01  5.142294E+01  4.200543E-01  4.986976E-01
  4.200543E-01  4.831206E+01 -2.620149E+00  4.986976E-01 -2.620149E+00
  5.996557E+01
     21630  2.163000E+01        41
 -1.201992E+06  2.959954E+02 -1.203059E+06  2.911229E+05 -1.494182E+06
  0.000000E+00  2.805302E-03  0.000000E+00  0.000000E+00 -1.185366E+06
  5.631786E+02 -4.775903E+04 -1.541062E+06  1.493301E+06  0.000000E+00
 -2.709919E-02  0.000000E+00  0.000000E+00  5.568179E+03  0.000000E+00
  0.000000E+00  0.000000E+00  9.000000E+01  9.000000E+01  9.000000E+01
  0.000000E+00  4.893432E+01  0.000000E+00  3.273289E-02  4.055325E-02
  6.191041E+00  1.517474E+01  4.210665E+01 -5.315869E-02 -3.730270E-01
 -5.315869E-02  5.221307E+01  8.557917E-01 -3.730270E-01  8.557917E-01
  5.248326E+01
     21660  2.166000E+01        41
 -1.201993E+06  3.116180E+02 -1.203116E+06  2.928953E+05 -1.496011E+06
  0.000000E+00  3.299666E-03  0.000000E+00  0.000000E+00 -1.183335E+06
  5.420420E+02 -5.373866E+04 -1.548874E+06  1.495137E+06  0.000000E+00
 -3.185845E-02  0.000000E+00  0.000000E+00  5.568179E+03  0.000000E+00
  0.000000E+00  0.000000E+00  9.000000E+01  9.000000E+01  9.000000E+01
  0.000000E+00  5.491174E+01  0.000000E+00  2.799454E-02  3.635048E-02
  6.353354E+00  1.575266E+01  5.365862E+01  4.343975E-01 -1.545720E+00
  4.343975E-01  5.420664E+01 -1.277090E+00 -1.545720E+00 -1.277090E+00
  5.686995E+01
     21690  2.169000E+01        41
 -1.201993E+06  3.202656E+02 -1.203147E+06  2.908794E+05 -1.494027E+06
  0.000000E+00  2.728864E-03  0.000000E+00  0.000000E+00 -1.185521E+06
  5.497014E+02 -4.712023E+04 -1.540256E+06  1.493151E+06  0.000000E+00
 -2.637444E-02  0.000000E+00  0.000000E+00  5.568179E+03  0.000000E+00
  0.000000E+00  0.000000E+00  9.000000E+01  9.000000E+01  9.000000E+01
  0.000000E+00  4.847959E+01  0.000000E+00  2.654356E-02  3.414531E-02
  6.431918E+00  1.612537E+01  4.450402E+01 -3.170330E+00  3.526793E+00
 -3.170330E+00  5.442313E+01  1.681175E+00  3.526793E+00  1.681175E+00
  4.651164E+01
     21720  2.172000E+01        41
 -1.201993E+06  3.078777E+02 -1.203102E+06  2.929863E+05 -1.496089E+06
  0.000000E+00  3.238679E-03  0.000000E+00  0.000000E+00 -1.183250E+06
  6.096768E+02 -5.402350E+04 -1.549243E+06  1.495212E+06  0.000000E+00
 -3.126220E-02  0.000000E+00  0.000000E+00  5.568179E+03  0.000000E+00
  0.000000E+00  0.000000E+00  9.000000E+01  9.000000E+01  9.000000E+01
  0.000000E+00  5.516308E+01  0.000000E+00  2.618853E-02  3.690552E-02
  6.403543E+00  1.624544E+01  5.261965E+01 -1.592191E+00  2.273233E+00
 -1.592191E+00  5.845667E+01 -4.386845E-01  2.273233E+00 -4.386845E-01
  5.441291E+01
     21750  2.175000E+01        41
 -1.201993E+06  3.186716E+02 -1.203141E+06  2.922914E+05 -1.495433E+06
  0.000000E+00  2.839142E-03  0.000000E+00  0.000000E+00 -1.184018E+06
  6.625456E+02 -5.164237E+04 -1.546210E+06  1.494554E+06  0.000000E+00
 -2.744825E-02  0.000000E+00  0.000000E+00  5.568179E+03  0.000000E+00
  0.000000E+00  0.000000E+00  9.000000E+01  9.000000E+01  9.000000E+01
  0.000000E+00  5.290208E+01  0.000000E+00  2.829888E-02  3.736190E-02
  6.321428E+00  1.622435E+01  5.129712E+01  6.992324E-01  1.784521E+00
  6.992324E-01  5.568537E+01 -5.012615E-01  1.784521E+00 -5.012615E-01
  5.172376E+01
     21780  2.178000E+01        41
 -1.201992E+06  2.947485E+02 -1.203055E+06  2.920761E+05 -1.495131E+06
  0.000000E+00  2.917683E-03  0.000000E+00  0.000000E+00 -1.184330E+06
  7.004564E+02 -5.087829E+04 -1.545152E+06  1.494255E+06  0.000000E+00
 -2.818794E-02  0.000000E+00  0.000000E+00  5.568179E+03  0.000000E+00
  0.000000E+00  0.000000E+00  9.000000E+01  9.000000E+01  9.000000E+01
  0.000000E+00  5.198235E+01  0.000000E+00  3.296227E-02  4.293826E-02
  6.228188E+00  1.615170E+01  4.894962E+01 -6.485715E-01  1.171703E+00
 -6.485715E-01  5.758858E+01  1.229107E+00  1.171703E+00  1.229107E+00
  4.940884E+01
     21810  2.181000E+01        41
 -1.201993E+06  3.119871E+02 -1.203117E+06  2.919429E+05 -1.495060E+06
  0.000000E+00  3.044382E-03  0.000000E+00  0.000000E+00 -1.184395E+06
  6.942538E+02 -5.056177E+04 -1.544779E+06  1.494192E+06  0.000000E+00
 -2.940650E-02  0.000000E+00  0.000000E+00  5.568179E+03  0.000000E+00
  0.000000E+00  0.000000E+00  9.000000E+01  9.000000E+01  9.000000E+01
  0.000000E+00  5.179389E+01  0.000000E+00  4.006265E-02  4.851753E-02
  6.138975E+00  1.606132E+01  5.024975E+01 -2.394274E+00  4.380842E-01
 -2.394274E+00  5.484287E+01  7.451802E-01  4.380842E-01  7.451802E-01
  5.028904E+01
     21840  2.184000E+01        41
 -1.201992E+06  2.901525E+02 -1.203038E+06  2.919656E+05 -1.495003E+06
  0.000000E+00  3.128195E-03  0.000000E+00  0.000000E+00 -1.184445E+06
  6.484912E+02 -5.056545E+04 -1.544718E+06  1.494130E+06  0.000000E+00
 -3.023368E-02  0.000000E+00  0.000000E+00  5.568179E+03  0.000000E+00
  0.000000E+00  0.000000E+00  9.000000E+01  9.000000E+01  9.000000E+01
  0.000000E+00  5.164420E+01  0.000000E+00  4.314798E-02  5.617632E-02
  6.059401E+00  1.597693E+01  4.295690E+01 -3.298215E+00 -2.223357E+00
 -3.298215E+00  6.226720E+01  3.288498E+00 -2.223357E+00  3.288498E+00
  4.970849E+01
     21870  2.187000E+01        41
 -1.201992E+06  3.084804E+02 -1.203104E+06  2.921489E+05 -1.495253E+06
  0.000000E+00  3.020323E-03  0.000000E+00  0.000000E+00 -1.184159E+06
  5.833494E+02 -5.129232E+04 -1.545681E+06  1.494388E+06  0.000000E+00
 -2.920132E-02  0.000000E+00  0.000000E+00  5.568179E+03  0.000000E+00
  0.000000E+00  0.000000E+00  9.000000E+01  9.000000E+01  9.000000E+01
  0.000000E+00  5.248852E+01  0.000000E+00  4.853790E-02  5.689201E-02
  5.986639E+00  1.589889E+01  5.354959E+01 -4.857167E-01  1.224400E+00
 -4.857167E-01  5.066983E+01  1.648935E+00  1.224400E+00  1.648935E+00
  5.324614E+01
     21900  2.190000E+01        41
 -1.201992E+06  3.094752E+02 -1.203108E+06  2.914308E+05 -1.494539E+06
  0.000000E+00  3.150285E-03  0.000000E+00  0.000000E+00 -1.184955E+06
  3.843077E+02 -4.888981E+04 -1.542537E+06  1.493675E+06  0.000000E+00
 -3.044858E-02  0.000000E+00  0.000000E+00  5.568179E+03  0.000000E+00
  0.000000E+00  0.000000E+00  9.000000E+01  9.000000E+01  9.000000E+01
  0.000000E+00  5.014341E+01  0.000000E+00  4.837614E-02  5.699138E-02
  5.901729E+00  1.580784E+01  4.764548E+01  2.851305E+00  6.100511E-01
  2.851305E+00  5.114287E+01  1.662269E+00  6.100511E-01  1.662269E+00
  5.164187E+01
     21930  2.193000E+01        41
 -1.201993E+06  3.130966E+02 -1.203121E+06  2.919941E+05 -1.495116E+06
  0.000000E+00  3.054459E-03  0.000000E+00  0.000000E+00 -1.184310E+06
  1.693238E+02 -5.079601E+04 -1.544971E+06  1.494242E+06  0.000000E+00
 -2.952077E-02  0.000000E+00  0.000000E+00  5.568179E+03  0.000000E+00
  0.000000E+00  0.000000E+00  9.000000E+01  9.000000E+01  9.000000E+01
  0.000000E+00  5.204439E+01  0.000000E+00  4.579389E-02  5.440146E-02
  5.793936E+00  1.571060E+01  4.440067E+01  2.455543E+00  6.935294E-01
  2.455543E+00  6.105952E+01  3.692861E+00  6.935294E-01  3.692861E+00
  5.067297E+01
     21960  2.196000E+01        41
 -1.201992E+06  2.951216E+02 -1.203056E+06  2.923701E+05 -1.495426E+06
  0.000000E+00  3.111222E-03  0.000000E+00  0.000000E+00 -1.183856E+06
  3.075773E+01 -5.228105E+04 -1.546707E+06  1.494547E+06  0.000000E+00
 -3.006884E-02  0.000000E+00  0.000000E+00  5.568179E+03  0.000000E+00
  0.000000E+00  0.000000E+00  9.000000E+01  9.000000E+01  9.000000E+01
  0.000000E+00  5.337757E+01  0.000000E+00  4.207989E-02  5.233954E-02
  5.640535E+00  1.557715E+01  5.438261E+01 -2.768547E-01 -7.224581E-01
 -2.768547E-01  5.284720E+01 -4.547923E-01 -7.224581E-01 -4.547923E-01
  5.290291E+01
     21990  2.199000E+01        41
 -1.201992E+06  3.021382E+02 -1.203081E+06  2.900057E+05 -1.493087E+06
  0.000000E+00  2.884243E-03  0.000000E+00  0.000000E+00 -1.186524E+06
  2.140276E+00 -4.422733E+04 -1.536375E+06  1.492210E+06  0.000000E+00
 -2.792900E-02  0.000000E+00  0.000000E+00  5.568179E+03  0.000000E+00
  0.000000E+00  0.000000E+00  9.000000E+01  9.000000E+01  9.000000E+01
  0.000000E+00  4.552667E+01  0.000000E+00  4.351919E-02  5.235332E-02
  5.420499E+00  1.536883E+01  3.509918E+01 -1.428712E+00  3.328893E+00
 -1.428712E+00  4.980098E+01 -4.458763E+00  3.328893E+00 -4.458763E+00
  5.167984E+01
     22020  2.202000E+01        41
 -1.201993E+06  3.183151E+02 -1.203140E+06  2.917934E+05 -1.494933E+06
  0.000000E+00  3.198575E-03  0.000000E+00  0.000000E+00 -1.184511E+06
  1.615528E+01 -5.015032E+04 -1.544197E+06  1.494059E+06  0.000000E+00
 -3.093789E-02  0.000000E+00  0.000000E+00  5.568179E+03  0.000000E+00
  0.000000E+00  0.000000E+00  9.000000E+01  9.000000E+01  9.000000E+01
  0.000000E+00  5.145158E+01  0.000000E+00  4.247242E-02  5.411732E-02
  5.228855E+00  1.524081E+01  5.033364E+01 -6.789010E-01  4.002709E+00
 -6.789010E-01  4.541936E+01 -2.862398E+00  4.002709E+00 -2.862398E+00
  5.860173E+01
     22050  2.205000E+01        41
 -1.201992E+06  3.183696E+02 -1.203139E+06  2.909025E+05 -1.494042E+06
  0.000000E+00  2.751901E-03  0.000000E+00  0.000000E+00 -1.185458E+06
  3.367505E+01 -4.730879E+04 -1.540393E+06  1.493158E+06  0.000000E+00
 -2.663804E-02  0.000000E+00  0.000000E+00  5.568179E+03  0.000000E+00
  0.000000E+00  0.000000E+00  9.000000E+01  9.000000E+01  9.000000E+01
  0.000000E+00  4.866380E+01  0.000000E+00  3.979702E-02  5.380838E-02
  5.101805E+00  1.521520E+01  4.740123E+01  1.103057E+00 -1.498511E+00
  1.103057E+00  4.773470E+01 -1.259948E-01 -1.498511E+00 -1.259948E-01
  5.085547E+01
     22080  2.208000E+01        41
 -1.201993E+06  3.239085E+02 -1.203160E+06  2.896572E+05 -1.492817E+06
  0.000000E+00  2.925934E-03  0.000000E+00  0.000000E+00 -1.186791E+06
  8.914364E+01 -4.327079E+04 -1.535069E+06  1.491939E+06  0.000000E+00
 -2.832337E-02  0.000000E+00  0.000000E+00  5.568179E+03  0.000000E+00
  0.000000E+00  0.000000E+00  9.000000E+01  9.000000E+01  9.000000E+01
  0.000000E+00  4.474007E+01  0.000000E+00  4.356648E-02  5.258123E-02
  5.066866E+00  1.532838E+01  4.557929E+01  8.420104E-01  1.087147E+00
  8.420104E-01  4.114202E+01  6.332375E-01  1.087147E+00  6.332375E-01
  4.749891E+01
     22110  2.211000E+01        41
 -1.201992E+06  3.104234E+02 -1.203111E+06  2.919376E+05 -1.495048E+06
  0.000000E+00  3.130078E-03  0.000000E+00  0.000000E+00 -1.184319E+06
  7.908874E+01 -5.078185E+04 -1.544831E+06  1.494167E+06  0.000000E+00
 -3.026574E-02  0.000000E+00  0.000000E+00  5.568179E+03  0.000000E+00
  0.000000E+00  0.000000E+00  9.000000E+01  9.000000E+01  9.000000E+01
  0.000000E+00  5.201380E+01  0.000000E+00  4.725401E-02  5.704957E-02
  5.103821E+00  1.553654E+01  4.705881E+01 -1.494659E-01 -2.164252E+00
 -1.494659E-01  5.985597E+01  9.396692E-01 -2.164252E+00  9.396692E-01
  4.912661E+01
     22140  2.214000E+01        41
 -1.201992E+06  3.088623E+02 -1.203106E+06  2.906115E+05 -1.493717E+06
  0.000000E+00  3.053898E-03  0.000000E+00  0.000000E+00 -1.185755E+06
  3.323522E+01 -4.648691E+04 -1.539168E+06  1.492836E+06  0.000000E+00
 -2.955813E-02  0.000000E+00  0.000000E+00  5.568179E+03  0.000000E+00
  0.000000E+00  0.000000E+00  9.000000E+01  9.000000E+01  9.000000E+01
  0.000000E+00  4.779025E+01  0.000000E+00  5.199323E-02  6.395287E-02
  5.151733E+00  1.573528E+01  4.400043E+01 -3.814376E+00  2.217884E-01
 -3.814376E+00  4.873267E+01 -3.235147E+00  2.217884E-01 -3.235147E+00
  5.063766E+01
     22170  2.217000E+01        41
 -1.201992E+06  2.979223E+02 -1.203066E+06  2.899634E+05 -1.493029E+06
  0.000000E+00  3.125523E-03  0.000000E+00  0.000000E+00 -1.186551E+06
  7.327695E+01 -4.417886E+04 -1.536278E+06  1.492147E+06  0.000000E+00
 -3.026765E-02  0.000000E+00  0.000000E+00  5.568179E+03  0.000000E+00
  0.000000E+00  0.000000E+00  9.000000E+01  9.000000E+01  9.000000E+01
  0.000000E+00  4.544755E+01  0.000000E+00  5.730468E-02  6.728730E-02
  5.198389E+00  1.590332E+01  4.229408E+01  6.053006E-01  1.045140E-01
  6.053006E-01  5.067085E+01  2.294141E-01  1.045140E-01  2.294141E-01
  4.337774E+01
     22200  2.220000E+01        41
 -1.201992E+06  3.136281E+02 -1.203122E+06  2.910535E+05 -1.494176E+06
  0.000000E+00  3.265770E-03  0.000000E+00  0.000000E+00 -1.185299E+06
  7.202316E+01 -4.782097E+04 -1.541088E+06  1.493304E+06  0.000000E+00
 -3.159764E-02  0.000000E+00  0.000000E+00  5.568179E+03  0.000000E+00
  0.000000E+00  0.000000E+00  9.000000E+01  9.000000E+01  9.000000E+01
  0.000000E+00  4.913182E+01  0.000000E+00  5.519659E-02  6.710617E-02
  5.265983E+00  1.608557E+01  4.026859E+01 -5.618390E-01 -1.416643E+00
 -5.618390E-01  5.387031E+01 -2.098544E+00 -1.416643E+00 -2.098544E+00
  5.325655E+01
     22230  2.223000E+01        41
 -1.201992E+06  3.202761E+02 -1.203147E+06  2.911853E+05 -1.494332E+06
  0.000000E+00  3.042052E-03  0.000000E+00  0.000000E+00 -1.185208E+06
  7.809971E+01 -4.804663E+04 -1.541470E+06  1.493461E+06  0.000000E+00
 -2.939121E-02  0.000000E+00  0.000000E+00  5.568179E+03  0.000000E+00
  0.000000E+00  0.000000E+00  9.000000E+01  9.000000E+01  9.000000E+01
  0.000000E+00  4.940007E+01  0.000000E+00  5.405889E-02  6.566361E-02
  5.383669E+00  1.634801E+01  5.087466E+01 -1.391147E+00 -1.056322E+00
 -1.391147E+00  4.851520E+01 -2.007418E+00 -1.056322E+00 -2.007418E+00
  4.881034E+01
     22260  2.226000E+01        41
 -1.201992E+06  3.144080E+02 -1.203125E+06  2.910224E+05 -1.494148E+06
  0.000000E+00  3.011693E-03  0.000000E+00  0.000000E+00 -1.185379E+06
  1.033357E+02 -4.757445E+04 -1.540831E+06  1.493274E+06  0.000000E+00
 -2.910209E-02  0.000000E+00  0.000000E+00  5.568179E+03  0.000000E+00
  0.000000E+00  0.000000E+00  9.000000E+01  9.000000E+01  9.000000E+01
  0.000000E+00  4.889471E+01  0.000000E+00  5.252598E-02  6.315893E-02
  5.562618E+00  1.671338E+01  4.323810E+01 -4.394543E-01 -1.594579E+00
 -4.394543E-01  5.419581E+01 -9.341154E-01 -1.594579E+00 -9.341154E-01
  4.925022E+01
     22290  2.229000E+01        41
 -1.201993E+06  3.116788E+02 -1.203116E+06  2.908998E+05 -1.494016E+06
  0.000000E+00  3.072043E-03  0.000000E+00  0.000000E+00 -1.185525E+06
  1.341308E+02 -4.715864E+04 -1.540287E+06  1.493146E+06  0.000000E+00
 -2.969151E-02  0.000000E+00  0.000000E+00  5.568179E+03  0.000000E+00
  0.000000E+00  0.000000E+00  9.000000E+01  9.000000E+01  9.000000E+01
  0.000000E+00  4.846672E+01  0.000000E+00  5.021276E-02  6.134949E-02
  5.790870E+00  1.714465E+01  4.246010E+01  7.706387E-01  2.325718E+00
  7.706387E-01  5.322316E+01  1.306216E+00  2.325718E+00  1.306216E+00
  4.971689E+01
     22320  2.232000E+01        41
 -1.201993E+06  3.167813E+02 -1.203134E+06  2.922882E+05 -1.495423E+06
  0.000000E+00  3.142316E-03  0.000000E+00  0.000000E+00 -1.183949E+06
  1.484053E+02 -5.185201E+04 -1.546388E+06  1.494563E+06  0.000000E+00
 -3.038450E-02  0.000000E+00  0.000000E+00  5.568179E+03  0.000000E+00
  0.000000E+00  0.000000E+00  9.000000E+01  9.000000E+01  9.000000E+01
  0.000000E+00  5.310697E+01  0.000000E+00  5.027510E-02  5.960172E-02
  6.061563E+00  1.761461E+01  4.721915E+01  3.465063E-01  8.186868E-01
  3.465063E-01  6.232937E+01  2.610764E+00  8.186868E-01  2.610764E+00
  4.977237E+01
     22350  2.235000E+01        41
 -1.201993E+06  3.102312E+02 -1.203111E+06  2.905191E+05 -1.493630E+06
  0.000000E+00  2.942341E-03  0.000000E+00  0.000000E+00 -1.185964E+06
  1.690198E+02 -4.585423E+04 -1.538618E+06  1.492769E+06  0.000000E+00
 -2.845024E-02  0.000000E+00  0.000000E+00  5.568179E+03  0.000000E+00
  0.000000E+00  0.000000E+00  9.000000E+01  9.000000E+01  9.000000E+01
  0.000000E+00  4.717592E+01  0.000000E+00  5.232690E-02  5.934565E-02
  6.371696E+00  1.811060E+01  4.410348E+01  2.306715E+00  2.174018E+00
  2.306715E+00  4.962096E+01  3.719401E+00  2.174018E+00  3.719401E+00
  4.780331E+01
     22380  2.238000E+01        41
 -1.201993E+06  3.182928E+02 -1.203140E+06  2.918688E+05 -1.495009E+06
  0.000000E+00  3.201532E-03  0.000000E+00  0.000000E+00 -1.184455E+06
  1.841302E+02 -5.032351E+04 -1.544481E+06  1.494148E+06  0.000000E+00
 -3.095405E-02  0.000000E+00  0.000000E+00  5.568179E+03  0.000000E+00
  0.000000E+00  0.000000E+00  9.000000E+01  9.000000E+01  9.000000E+01
  0.000000E+00  5.161722E+01  0.000000E+00  5.265653E-02  6.126674E-02
  6.722052E+00  1.864197E+01  4.513184E+01  1.085214E+00 -2.974025E+00
  1.085214E+00  5.945460E+01 -8.744172E-01 -2.974025E+00 -8.744172E-01
  5.026523E+01
     22410  2.241000E+01        41
 -1.201992E+06  3.067358E+02 -1.203098E+06  2.914757E+05 -1.494573E+06
  0.000000E+00  2.919343E-03  0.000000E+00  0.000000E+00 -1.184892E+06
  1.919661E+02 -4.909396E+04 -1.542817E+06  1.493707E+06  0.000000E+00
 -2.823615E-02  0.000000E+00  0.000000E+00  5.568179E+03  0.000000E+00
  0.000000E+00  0.000000E+00  9.000000E+01  9.000000E+01  9.000000E+01
  0.000000E+00  5.032902E+01  0.000000E+00  5.120114E-02  6.488836E-02
  7.116334E+00  1.922962E+01  4.661239E+01  1.893448E+00 -2.686282E+00
  1.893448E+00  4.753121E+01 -5.191324E+00 -2.686282E+00 -5.191324E+00
  5.684347E+01
     22440  2.244000E+01        41
 -1.201992E+06  2.942579E+02 -1.203053E+06  2.907375E+05 -1.493790E+06
  0.000000E+00  2.903981E-03  0.000000E+00  0.000000E+00 -1.185760E+06
  1.964898E+02 -4.658208E+04 -1.539505E+06  1.492915E+06  0.000000E+00
 -2.810535E-02  0.000000E+00  0.000000E+00  5.568179E+03  0.000000E+00
  0.000000E+00  0.000000E+00  9.000000E+01  9.000000E+01  9.000000E+01
  0.000000E+00  4.777634E+01  0.000000E+00  5.083804E-02  6.189522E-02
  7.553168E+00  1.986917E+01  5.008794E+01  1.112318E+00 -1.707926E+00
  1.112318E+00  4.835987E+01  3.970661E-01 -1.707926E+00  3.970661E-01
  4.488122E+01
     22470  2.247000E+01        41
 -1.201993E+06  3.226028E+02 -1.203155E+06  2.915925E+05 -1.494748E+06
  0.000000E+00  3.053935E-03  0.000000E+00  0.000000E+00 -1.184753E+06
  1.933206E+02 -4.939638E+04 -1.543273E+06  1.493868E+06  0.000000E+00
 -2.952566E-02  0.000000E+00  0.000000E+00  5.568179E+03  0.000000E+00
  0.000000E+00  0.000000E+00  9.000000E+01  9.000000E+01  9.000000E+01
  0.000000E+00  5.073789E+01  0.000000E+00  4.479140E-02  5.547746E-02
  8.029320E+00  2.056199E+01  4.706347E+01 -2.531237E+00  2.943797E-01
 -2.531237E+00  5.070127E+01 -1.873697E+00  2.943797E-01 -1.873697E+00
  5.444893E+01
     22500  2.250000E+01        41
 -1.201992E+06  2.969692E+02 -1.203063E+06  2.923720E+05 -1.495435E+06
  0.000000E+00  3.229840E-03  0.000000E+00  0.000000E+00 -1.183946E+06
  1.568173E+02 -5.200320E+04 -1.546540E+06  1.494557E+06  0.000000E+00
 -3.116099E-02  0.000000E+00  0.000000E+00  5.568179E+03  0.000000E+00
  0.000000E+00  0.000000E+00  9.000000E+01  9.000000E+01  9.000000E+01
  0.000000E+00  5.311497E+01  0.000000E+00  3.872192E-02  5.083493E-02
  8.528547E+00  2.128468E+01  4.913771E+01 -1.050128E+00 -1.574481E+00
 -1.050128E+00  5.472973E+01  2.076235E+00 -1.574481E+00  2.076235E+00
  5.547748E+01
     22530  2.253000E+01        41
 -1.201993E+06  3.068243E+02 -1.203098E+06  2.912317E+05 -1.494330E+06
  0.000000E+00  2.855421E-03  0.000000E+00  0.000000E+00 -1.185156E+06
  7.321109E+01 -4.830085E+04 -1.541719E+06  1.493452E+06  0.000000E+00
 -2.761748E-02  0.000000E+00  0.000000E+00  5.568179E+03  0.000000E+00
  0.000000E+00  0.000000E+00  9.000000E+01  9.000000E+01  9.000000E+01
  0.000000E+00  4.955446E+01  0.000000E+00  3.713648E-02  4.374241E-02
  8.981950E+00  2.190672E+01  4.747319E+01  1.205666E+00  2.643750E+00
  1.205666E+00  4.778835E+01  1.777416E-02  2.643750E+00  1.777416E-02
  5.340184E+01
     22560  2.256000E+01        41
 -1.201993E+06  3.204684E+02 -1.203148E+06  2.919038E+05 -1.495052E+06
  0.000000E+00  2.990406E-03  0.000000E+00  0.000000E+00 -1.184351E+06
  1.338268E+02 -5.062024E+04 -1.544725E+06  1.494171E+06  0.000000E+00
 -2.891269E-02  0.000000E+00  0.000000E+00  5.568179E+03  0.000000E+00
  0.000000E+00  0.000000E+00  9.000000E+01  9.000000E+01  9.000000E+01
  0.000000E+00  5.192495E+01  0.000000E+00  3.205896E-02  3.975862E-02
  9.285697E+00  2.224500E+01  4.966972E+01 -2.822229E-01  1.265693E-01
 -2.822229E-01  5.278382E+01  1.948693E+00  1.265693E-01  1.948693E+00
  5.332131E+01
     22590  2.259000E+01        41
 -1.201992E+06  2.976778E+02 -1.203065E+06  2.923378E+05 -1.495403E+06
  0.000000E+00  3.042961E-03  0.000000E+00  0.000000E+00 -1.183990E+06
  3.483379E+02 -5.186825E+04 -1.546372E+06  1.494522E+06  0.000000E+00
 -2.940596E-02  0.000000E+00  0.000000E+00  5.568179E+03  0.000000E+00
  0.000000E+00  0.000000E+00  9.000000E+01  9.000000E+01  9.000000E+01
  0.000000E+00  5.298290E+01  0.000000E+00  2.798544E-02  3.988455E-02
  9.372305E+00  2.217781E+01  5.310702E+01  7.422132E-01  2.577024E+00
  7.422132E-01  5.434490E+01  7.239337E-01  2.577024E+00  7.239337E-01
  5.149677E+01
     22620  2.262000E+01        41
 -1.201993E+06  3.089453E+02 -1.203106E+06  2.914080E+05 -1.494514E+06
  0.000000E+00  3.009050E-03  0.000000E+00  0.000000E+00 -1.184987E+06
  4.123599E+02 -4.879864E+04 -1.542424E+06  1.493637E+06  0.000000E+00
 -2.907011E-02  0.000000E+00  0.000000E+00  5.568179E+03  0.000000E+00
  0.000000E+00  0.000000E+00  9.000000E+01  9.000000E+01  9.000000E+01
  0.000000E+00  5.004953E+01  0.000000E+00  2.911347E-02  3.822237E-02
  9.371653E+00  2.196245E+01  4.935660E+01  1.255203E-01  7.650035E-01
  1.255203E-01  5.331354E+01  1.942114E+00  7.650035E-01  1.942114E+00
  4.747843E+01
     22650  2.265000E+01        41
 -1.201992E+06  2.907890E+02 -1.203041E+06  2.918049E+05 -1.494845E+06
  0.000000E+00  3.069893E-03  0.000000E+00  0.000000E+00 -1.184586E+06
  4.015259E+02 -5.013212E+04 -1.544092E+06  1.493967E+06  0.000000E+00
 -2.963386E-02  0.000000E+00  0.000000E+00  5.568179E+03  0.000000E+00
  0.000000E+00  0.000000E+00  9.000000E+01  9.000000E+01  9.000000E+01
  0.000000E+00  5.122962E+01  0.000000E+00  3.088067E-02  4.097530E-02
  9.359399E+00  2.174798E+01  4.533959E+01 -1.182014E+00  5.588401E-01
 -1.182014E+00  5.612500E+01 -4.255992E+00  5.588401E-01 -4.255992E+00
  5.222427E+01
     22680  2.268000E+01        41
 -1.201992E+06  2.964107E+02 -1.203061E+06  2.926780E+05 -1.495739E+06
  0.000000E+00  3.059284E-03  0.000000E+00  0.000000E+00 -1.183630E+06
  3.804917E+02 -5.296084E+04 -1.547835E+06  1.494870E+06  0.000000E+00
 -2.956723E-02  0.000000E+00  0.000000E+00  5.568179E+03  0.000000E+00
  0.000000E+00  0.000000E+00  9.000000E+01  9.000000E+01  9.000000E+01
  0.000000E+00  5.404505E+01  0.000000E+00  3.414161E-02  3.995675E-02
  9.369129E+00  2.159051E+01  4.688324E+01  2.186879E+00 -5.244301E+00
  2.186879E+00  6.071042E+01 -2.676695E-01 -5.244301E+00 -2.676695E-01
  5.454150E+01
     22710  2.271000E+01        41
 -1.201993E+06  3.024650E+02 -1.203083E+06  2.912984E+05 -1.494382E+06
  0.000000E+00  3.070688E-03  0.000000E+00  0.000000E+00 -1.185149E+06
  3.342288E+02 -4.835986E+04 -1.541875E+06  1.493515E+06  0.000000E+00
 -2.966441E-02  0.000000E+00  0.000000E+00  5.568179E+03  0.000000E+00
  0.000000E+00  0.000000E+00  9.000000E+01  9.000000E+01  9.000000E+01
  0.000000E+00  4.957513E+01  0.000000E+00  3.605978E-02  4.367058E-02
  9.406286E+00  2.148979E+01  4.928625E+01  6.020892E-01 -6.760281E-01
  6.020892E-01  4.958383E+01 -6.905573E-01 -6.760281E-01 -6.905573E-01
  4.985532E+01
     22740  2.274000E+01        41
 -1.201993E+06  3.042753E+02 -1.203090E+06  2.924369E+05 -1.495526E+06
  0.000000E+00  2.918867E-03  0.000000E+00  0.000000E+00 -1.183884E+06
  2.900625E+02 -5.214045E+04 -1.546804E+06  1.494660E+06  0.000000E+00
 -2.821101E-02  0.000000E+00  0.000000E+00  5.568179E+03  0.000000E+00
  0.000000E+00  0.000000E+00  9.000000E+01  9.000000E+01  9.000000E+01
  0.000000E+00  5.329802E+01  0.000000E+00  3.558770E-02  4.505523E-02
  9.469003E+00  2.142489E+01  4.710427E+01 -1.224139E+00  2.403107E+00
 -1.224139E+00  5.995720E+01 -5.844170E-01  2.403107E+00 -5.844170E-01
  5.283260E+01
     22770  2.277000E+01        41
 -1.201993E+06  2.951621E+02 -1.203057E+06  2.923537E+05 -1.495410E+06
  0.000000E+00  3.210102E-03  0.000000E+00  0.000000E+00 -1.183968E+06
  2.676328E+02 -5.195297E+04 -1.546496E+06  1.494547E+06  0.000000E+00
 -3.102820E-02  0.000000E+00  0.000000E+00  5.568179E+03  0.000000E+00
  0.000000E+00  0.000000E+00  9.000000E+01  9.000000E+01  9.000000E+01
  0.000000E+00  5.305019E+01  0.000000E+00  3.700189E-02  4.397747E-02
  9.553693E+00  2.138464E+01  4.678405E+01  7.466696E-01  4.224094E+00
  7.466696E-01  5.195422E+01 -1.897437E+00  4.224094E+00 -1.897437E+00
  6.041232E+01
     22800  2.280000E+01        41
 -1.201993E+06  3.099699E+02 -1.203110E+06  2.918165E+05 -1.494927E+06
  0.000000E+00  2.823964E-03  0.000000E+00  0.000000E+00 -1.184542E+06
  2.407339E+02 -5.012489E+04 -1.544168E+06  1.494057E+06  0.000000E+00
 -2.727831E-02  0.000000E+00  0.000000E+00  5.568179E+03  0.000000E+00
  0.000000E+00  0.000000E+00  9.000000E+01  9.000000E+01  9.000000E+01
  0.000000E+00  5.136211E+01  0.000000E+00  3.437218E-02  4.458375E-02
  9.648175E+00  2.135214E+01  4.740065E+01  2.645095E+00  3.255167E+00
  2.645095E+00  5.574054E+01 -2.263655E+00  3.255167E+00 -2.263655E+00
  5.094515E+01
     22830  2.283000E+01        41
 -1.201993E+06  3.015515E+02 -1.203080E+06  2.930284E+05 -1.496108E+06
  0.000000E+00  3.118291E-03  0.000000E+00  0.000000E+00 -1.183169E+06
  1.739551E+02 -5.430157E+04 -1.549494E+06  1.495234E+06  0.000000E+00
 -3.010823E-02  0.000000E+00  0.000000E+00  5.568179E+03  0.000000E+00
  0.000000E+00  0.000000E+00  9.000000E+01  9.000000E+01  9.000000E+01
  0.000000E+00  5.540181E+01  0.000000E+00  3.481421E-02  4.425442E-02
  9.744833E+00  2.132793E+01  5.133310E+01 -8.695429E-01  5.923450E-01
 -8.695429E-01  5.754614E+01 -2.198806E+00  5.923450E-01 -2.198806E+00
  5.732620E+01
     22860  2.286000E+01        41
 -1.201993E+06  3.231477E+02 -1.203158E+06  2.928702E+05 -1.496028E+06
  0.000000E+00  2.906513E-03  0.000000E+00  0.000000E+00 -1.183339E+06
  1.345467E+02 -5.363519E+04 -1.548742E+06  1.495150E+06  0.000000E+00
 -2.806087E-02  0.000000E+00  0.000000E+00  5.568179E+03  0.000000E+00
  0.000000E+00  0.000000E+00  9.000000E+01  9.000000E+01  9.000000E+01
  0.000000E+00  5.490174E+01  0.000000E+00  3.603976E-02  4.613217E-02
  9.827976E+00  2.129300E+01  5.222504E+01  1.276356E+00 -2.212715E+00
  1.276356E+00  6.089899E+01 -2.843364E+00 -2.212715E+00 -2.843364E+00
  5.158120E+01
     22890  2.289000E+01        41
 -1.201993E+06  3.080766E+02 -1.203104E+06  2.919061E+05 -1.495010E+06
  0.000000E+00  2.900161E-03  0.000000E+00  0.000000E+00 -1.184398E+06
  1.106467E+02 -5.056729E+04 -1.544629E+06  1.494132E+06  0.000000E+00
 -2.803796E-02  0.000000E+00  0.000000E+00  5.568179E+03  0.000000E+00
  0.000000E+00  0.000000E+00  9.000000E+01  9.000000E+01  9.000000E+01
  0.000000E+00  5.178593E+01  0.000000E+00  3.977815E-02  5.305766E-02
  9.887275E+00  2.125565E+01  5.289970E+01  1.754938E-01  5.500873E+00
  1.754938E-01  4.795817E+01  2.497313E+00  5.500873E+00  2.497313E+00
  5.449990E+01
     22920  2.292000E+01        41
 -1.201993E+06  3.091089E+02 -1.203107E+06  2.926736E+05 -1.495781E+06
  0.000000E+00  3.072118E-03  0.000000E+00  0.000000E+00 -1.183550E+06
  1.197893E+02 -5.310356E+04 -1.547966E+06  1.494908E+06  0.000000E+00
 -2.969619E-02  0.000000E+00  0.000000E+00  5.568179E+03  0.000000E+00
  0.000000E+00  0.000000E+00  9.000000E+01  9.000000E+01  9.000000E+01
  0.000000E+00  5.428126E+01  0.000000E+00  4.737248E-02  5.463658E-02
  9.913923E+00  2.122398E+01  5.284108E+01 -1.917384E-02  1.499851E+00
 -1.917384E-02  5.976781E+01 -3.922435E-01  1.499851E+00 -3.922435E-01
  5.023489E+01
     22950  2.295000E+01        41
 -1.201993E+06  3.059980E+02 -1.203096E+06  2.916982E+05 -1.494794E+06
  0.000000E+00  2.815452E-03  0.000000E+00  0.000000E+00 -1.184692E+06
  1.090912E+02 -4.970141E+04 -1.543610E+06  1.493927E+06  0.000000E+00
 -2.722088E-02  0.000000E+00  0.000000E+00  5.568179E+03  0.000000E+00
  0.000000E+00  0.000000E+00  9.000000E+01  9.000000E+01  9.000000E+01
  0.000000E+00  5.092178E+01  0.000000E+00  4.993819E-02  6.076198E-02
  9.916542E+00  2.117690E+01  5.568574E+01  1.412727E+00 -1.755129E+00
  1.412727E+00  4.509481E+01  9.826506E-01 -1.755129E+00  9.826506E-01
  5.198478E+01
     22980  2.298000E+01        41
 -1.201993E+06  3.011439E+02 -1.203078E+06  2.932669E+05 -1.496345E+06
  0.000000E+00  3.028027E-03  0.000000E+00  0.000000E+00 -1.182916E+06
  7.683158E+01 -5.506002E+04 -1.550498E+06  1.495475E+06  0.000000E+00
 -2.925132E-02  0.000000E+00  0.000000E+00  5.568179E+03  0.000000E+00
  0.000000E+00  0.000000E+00  9.000000E+01  9.000000E+01  9.000000E+01
  0.000000E+00  5.614539E+01  0.000000E+00  5.531671E-02  6.269373E-02
  9.923415E+00  2.114077E+01  5.511226E+01 -2.461681E+00 -4.474938E-01
 -2.461681E+00  6.198633E+01 -1.037515E+00 -4.474938E-01 -1.037515E+00
  5.133757E+01
     23010  2.301000E+01        41
 -1.201993E+06  2.927580E+02 -1.203048E+06  2.908608E+05 -1.493909E+06
  0.000000E+00  2.935731E-03  0.000000E+00  0.000000E+00 -1.185645E+06
  5.180513E+01 -4.693411E+04 -1.539976E+06  1.493040E+06  0.000000E+00
 -2.837989E-02  0.000000E+00  0.000000E+00  5.568179E+03  0.000000E+00
  0.000000E+00  0.000000E+00  9.000000E+01  9.000000E+01  9.000000E+01
  0.000000E+00  4.811464E+01  0.000000E+00  5.717734E-02  6.789389E-02
  9.939715E+00  2.110681E+01  4.399541E+01 -1.403490E+00 -1.396763E+00
 -1.403490E+00  4.813125E+01  8.191741E-01 -1.396763E+00  8.191741E-01
  5.221726E+01
     23040  2.304000E+01        41
 -1.201993E+06  3.053964E+02 -1.203093E+06  2.928282E+05 -1.495922E+06
  0.000000E+00  2.991179E-03  0.000000E+00  0.000000E+00 -1.183433E+06
  4.077829E+01 -5.347743E+04 -1.548526E+06  1.495051E+06  0.000000E+00
 -2.891003E-02  0.000000E+00  0.000000E+00  5.568179E+03  0.000000E+00
  0.000000E+00  0.000000E+00  9.000000E+01  9.000000E+01  9.000000E+01
  0.000000E+00  5.462373E+01  0.000000E+00  5.519907E-02  6.746729E-02
  1.000098E+01  2.112712E+01  5.795834E+01 -3.858284E-01 -1.418396E+00
 -3.858284E-01  5.459502E+01  1.241406E+00 -1.418396E+00  1.241406E+00
  5.131782E+01
     23070  2.307000E+01        41
 -1.201993E+06  3.114758E+02 -1.203116E+06  2.923104E+05 -1.495426E+06
  0.000000E+00  3.080947E-03  0.000000E+00  0.000000E+00 -1.183953E+06
  2.225581E+01 -5.187555E+04 -1.546416E+06  1.494551E+06  0.000000E+00
 -2.978378E-02  0.000000E+00  0.000000E+00  5.568179E+03  0.000000E+00
  0.000000E+00  0.000000E+00  9.000000E+01  9.000000E+01  9.000000E+01
  0.000000E+00  5.309562E+01  0.000000E+00  5.420753E-02  6.343946E-02
  1.010674E+01  2.118541E+01  5.370419E+01 -1.364966E-01  4.642217E+00
 -1.364966E-01  5.274760E+01  1.873530E+00  4.642217E+00  1.873530E+00
  5.283508E+01
     23100  2.310000E+01        41
 -1.201993E+06  3.183283E+02 -1.203141E+06  2.912255E+05 -1.494366E+06
  0.000000E+00  2.740086E-03  0.000000E+00  0.000000E+00 -1.185138E+06
  2.086040E+01 -4.827030E+04 -1.541755E+06  1.493488E+06  0.000000E+00
 -2.647689E-02  0.000000E+00  0.000000E+00  5.568179E+03  0.000000E+00
  0.000000E+00  0.000000E+00  9.000000E+01  9.000000E+01  9.000000E+01
  0.000000E+00  4.960713E+01  0.000000E+00  5.025325E-02  5.896783E-02
  1.026099E+01  2.128779E+01  4.928575E+01 -4.057885E-01  1.008899E+00
 -4.057885E-01  5.231178E+01  1.143556E+00  1.008899E+00  1.143556E+00
  4.722384E+01
     23130  2.313000E+01        41
 -1.201993E+06  3.111254E+02 -1.203114E+06  2.934854E+05 -1.496599E+06
  0.000000E+00  3.170342E-03  0.000000E+00  0.000000E+00 -1.182664E+06
  4.166754E+01 -5.574514E+04 -1.551464E+06  1.495722E+06  0.000000E+00
 -3.062142E-02  0.000000E+00  0.000000E+00  5.568179E+03  0.000000E+00
  0.000000E+00  0.000000E+00  9.000000E+01  9.000000E+01  9.000000E+01
  0.000000E+00  5.688899E+01  0.000000E+00  4.601787E-02  5.848439E-02
  1.046071E+01  2.144003E+01  5.459710E+01 -1.038120E+00 -1.701069E-01
 -1.038120E+00  5.638067E+01  4.443339E+00 -1.701069E-01  4.443339E+00
  5.968921E+01
     23160  2.316000E+01        41
 -1.201993E+06  3.060352E+02 -1.203096E+06  2.917696E+05 -1.494866E+06
  0.000000E+00  2.786530E-03  0.000000E+00  0.000000E+00 -1.184619E+06
  7.895896E+01 -4.991802E+04 -1.543887E+06  1.493986E+06  0.000000E+00
 -2.693578E-02  0.000000E+00  0.000000E+00  5.568179E+03  0.000000E+00
  0.000000E+00  0.000000E+00  9.000000E+01  9.000000E+01  9.000000E+01
  0.000000E+00  5.113529E+01  0.000000E+00  4.841381E-02  5.801263E-02
  1.071237E+01  2.165871E+01  4.242518E+01  6.525964E-01  2.187127E+00
  6.525964E-01  5.591075E+01  7.867353E-01  2.187127E+00  7.867353E-01
  5.506993E+01
     23190  2.319000E+01        41
 -1.201993E+06  3.006840E+02 -1.203076E+06  2.922088E+05 -1.495285E+06
  0.000000E+00  3.108978E-03  0.000000E+00  0.000000E+00 -1.184087E+06
  1.681754E+02 -5.155323E+04 -1.545942E+06  1.494410E+06  0.000000E+00
 -3.002726E-02  0.000000E+00  0.000000E+00  5.568179E+03  0.000000E+00
  0.000000E+00  0.000000E+00  9.000000E+01  9.000000E+01  9.000000E+01
  0.000000E+00  5.269952E+01  0.000000E+00  5.186433E-02  6.080734E-02
  1.099614E+01  2.190720E+01  4.405334E+01  3.925831E-01 -3.020411E-01
  3.925831E-01  5.403153E+01 -9.260290E-02 -3.020411E-01 -9.260290E-02
  6.001368E+01
     23220  2.322000E+01        41
 -1.201993E+06  3.252449E+02 -1.203165E+06  2.931679E+05 -1.496333E+06
  0.000000E+00  3.078133E-03  0.000000E+00  0.000000E+00 -1.183025E+06
  3.202199E+02 -5.456534E+04 -1.550010E+06  1.495456E+06  0.000000E+00
 -2.969706E-02  0.000000E+00  0.000000E+00  5.568179E+03  0.000000E+00
  0.000000E+00  0.000000E+00  9.000000E+01  9.000000E+01  9.000000E+01
  0.000000E+00  5.582457E+01  0.000000E+00  5.654567E-02  6.546039E-02
  1.126822E+01  2.218193E+01  5.604768E+01  1.320690E+00 -1.493780E+00
  1.320690E+00  5.415236E+01  2.139919E+00 -1.493780E+00  2.139919E+00
  5.727366E+01
     23250  2.325000E+01        41
 -1.201993E+06  3.122242E+02 -1.203119E+06  2.909093E+05 -1.494028E+06
  0.000000E+00  2.939384E-03  0.000000E+00  0.000000E+00 -1.185503E+06
  3.863791E+02 -4.722854E+04 -1.540366E+06  1.493152E+06  0.000000E+00
 -2.842292E-02  0.000000E+00  0.000000E+00  5.568179E+03  0.000000E+00
  0.000000E+00  0.000000E+00  9.000000E+01  9.000000E+01  9.000000E+01
  0.000000E+00  4.853298E+01  0.000000E+00  6.290862E-02  7.565778E-02
  1.153223E+01  2.247992E+01  4.828031E+01 -8.636899E-01 -1.033310E+00
 -8.636899E-01  4.969517E+01 -1.965248E+00 -1.033310E+00 -1.965248E+00
  4.762347E+01
     23280  2.328000E+01        41
 -1.201993E+06  2.916743E+02 -1.203044E+06  2.927072E+05 -1.495751E+06
  0.000000E+00  3.396960E-03  0.000000E+00  0.000000E+00 -1.183525E+06
  3.455252E+02 -5.330786E+04 -1.548192E+06  1.494888E+06  0.000000E+00
 -3.278936E-02  0.000000E+00  0.000000E+00  5.568179E+03  0.000000E+00
  0.000000E+00  0.000000E+00  9.000000E+01  9.000000E+01  9.000000E+01
  0.000000E+00  5.435286E+01  0.000000E+00  6.957179E-02  8.095986E-02
  1.173342E+01  2.271133E+01  4.652312E+01  1.640551E+00 -3.064023E+00
  1.640551E+00  5.842993E+01 -1.081878E+00 -3.064023E+00 -1.081878E+00
  5.810552E+01
     23310  2.331000E+01        41
 -1.201993E+06  3.018075E+02 -1.203081E+06  2.907281E+05 -1.493809E+06
  0.000000E+00  3.021901E-03  0.000000E+00  0.000000E+00 -1.185709E+06
  2.029965E+02 -4.668177E+04 -1.539601E+06  1.492938E+06  0.000000E+00
 -2.920691E-02  0.000000E+00  0.000000E+00  5.568179E+03  0.000000E+00
  0.000000E+00  0.000000E+00  9.000000E+01  9.000000E+01  9.000000E+01
  0.000000E+00  4.792738E+01  0.000000E+00  6.777118E-02  7.916130E-02
  1.183941E+01  2.282540E+01  4.566525E+01 -1.908081E+00 -1.505061E+00
 -1.908081E+00  5.074385E+01 -2.947239E+00 -1.505061E+00 -2.947239E+00
  4.737302E+01
     23340  2.334000E+01        41
 -1.201993E+06  3.239845E+02 -1.203161E+06  2.920932E+05 -1.495254E+06
  0.000000E+00  3.015801E-03  0.000000E+00  0.000000E+00 -1.184172E+06
  9.536581E+01 -5.113074E+04 -1.545472E+06  1.494379E+06  0.000000E+00
 -2.915279E-02  0.000000E+00  0.000000E+00  5.568179E+03  0.000000E+00
  0.000000E+00  0.000000E+00  9.000000E+01  9.000000E+01  9.000000E+01
  0.000000E+00  5.245158E+01  0.000000E+00  6.085466E-02  7.420914E-02
  1.171128E+01  2.266639E+01  4.856099E+01 -2.125213E+00  1.467871E+00
 -2.125213E+00  5.496084E+01  3.322428E-01  1.467871E+00  3.322428E-01
  5.383291E+01
     23370  2.337000E+01        41
 -1.201993E+06  3.064698E+02 -1.203098E+06  2.924423E+05 -1.495540E+06
  0.000000E+00  3.241558E-03  0.000000E+00  0.000000E+00 -1.183799E+06
  2.354954E+02 -5.237711E+04 -1.547028E+06  1.494665E+06  0.000000E+00
 -3.128182E-02  0.000000E+00  0.000000E+00  5.568179E+03  0.000000E+00
  0.000000E+00  0.000000E+00  9.000000E+01  9.000000E+01  9.000000E+01
  0.000000E+00  5.354706E+01  0.000000E+00  5.805679E-02  6.790775E-02
  1.128102E+01  2.213575E+01  5.244512E+01  1.757510E-02  3.881693E+00
  1.757510E-02  5.261493E+01  4.300862E+00  3.881693E+00  4.300862E+00
  5.558114E+01
     23400  2.340000E+01        41
 -1.201993E+06  3.111896E+02 -1.203115E+06  2.913536E+05 -1.494468E+06
  0.000000E+00  2.864151E-03  0.000000E+00  0.000000E+00 -1.185062E+06
  2.616453E+02 -4.855584E+04 -1.542151E+06  1.493593E+06  0.000000E+00
 -2.766701E-02  0.000000E+00  0.000000E+00  5.568179E+03  0.000000E+00
  0.000000E+00  0.000000E+00  9.000000E+01  9.000000E+01  9.000000E+01
  0.000000E+00  4.983088E+01  0.000000E+00  5.193319E-02  6.263170E-02
  1.075172E+01  2.145858E+01  4.763376E+01 -1.842592E+00 -1.113177E-01
 -1.842592E+00  5.106824E+01 -9.825829E-01 -1.113177E-01 -9.825829E-01
  5.079064E+01
     23430  2.343000E+01        41
 -1.201993E+06  3.044159E+02 -1.203090E+06  2.922871E+05 -1.495377E+06
  0.000000E+00  2.998658E-03  0.000000E+00  0.000000E+00 -1.183989E+06
  2.252403E+02 -5.182373E+04 -1.546328E+06  1.494502E+06  0.000000E+00
 -2.902444E-02  0.000000E+00  0.000000E+00  5.568179E+03  0.000000E+00
  0.000000E+00  0.000000E+00  9.000000E+01  9.000000E+01  9.000000E+01
  0.000000E+00  5.298989E+01  0.000000E+00  4.813262E-02  6.075459E-02
  1.024620E+01  2.080723E+01  5.537793E+01  9.316470E-01 -4.028909E-01
  9.316470E-01  5.196141E+01 -2.545070E-01 -4.028909E-01 -2.545070E-01
  5.163032E+01
     23460  2.346000E+01        41
 -1.201993E+06  3.131333E+02 -1.203121E+06  2.913024E+05 -1.494424E+06
  0.000000E+00  2.813948E-03  0.000000E+00  0.000000E+00 -1.185103E+06
  2.016393E+02 -4.841648E+04 -1.541980E+06  1.493552E+06  0.000000E+00
 -2.719049E-02  0.000000E+00  0.000000E+00  5.568179E+03  0.000000E+00
  0.000000E+00  0.000000E+00  9.000000E+01  9.000000E+01  9.000000E+01
  0.000000E+00  4.970938E+01  0.000000E+00  4.682821E-02  5.820819E-02
  9.789617E+00  2.020012E+01  4.447524E+01  3.688187E+00 -1.353793E+00
  3.688187E+00  5.552099E+01 -1.107350E+00 -1.353793E+00 -1.107350E+00
  4.913190E+01
     23490  2.349000E+01        41
 -1.201993E+06  3.251831E+02 -1.203165E+06  2.919048E+05 -1.495070E+06
  0.000000E+00  3.007545E-03  0.000000E+00  0.000000E+00 -1.184388E+06
  1.842188E+02 -5.047512E+04 -1.544691E+06  1.494196E+06  0.000000E+00
 -2.907851E-02  0.000000E+00  0.000000E+00  5.568179E+03  0.000000E+00
  0.000000E+00  0.000000E+00  9.000000E+01  9.000000E+01  9.000000E+01
  0.000000E+00  5.181469E+01  0.000000E+00  4.744092E-02  5.790286E-02
  9.391129E+00  1.964785E+01  4.837745E+01  1.570784E-01 -3.330223E+00
  1.570784E-01  5.692815E+01 -2.533054E-01 -3.330223E+00 -2.533054E-01
  5.013847E+01
     23520  2.352000E+01        41
 -1.201993E+06  3.026005E+02 -1.203083E+06  2.918765E+05 -1.494960E+06
  0.000000E+00  2.999853E-03  0.000000E+00  0.000000E+00 -1.184476E+06
  1.768393E+02 -5.037227E+04 -1.544478E+06  1.494098E+06  0.000000E+00
 -2.902092E-02  0.000000E+00  0.000000E+00  5.568179E+03  0.000000E+00
  0.000000E+00  0.000000E+00  9.000000E+01  9.000000E+01  9.000000E+01
  0.000000E+00  5.155426E+01  0.000000E+00  5.016927E-02  6.155111E-02
  9.041203E+00  1.912837E+01  5.583121E+01 -1.907990E+00 -6.307641E+00
 -1.907990E+00  5.126217E+01  2.203414E+00 -6.307641E+00  2.203414E+00
  4.756939E+01
     23550  2.355000E+01        41
 -1.201993E+06  3.096534E+02 -1.203109E+06  2.907559E+05 -1.493865E+06
  0.000000E+00  2.875703E-03  0.000000E+00  0.000000E+00 -1.185737E+06
  1.696595E+02 -4.653801E+04 -1.539541E+06  1.492998E+06  0.000000E+00
 -2.783306E-02  0.000000E+00  0.000000E+00  5.568179E+03  0.000000E+00
  0.000000E+00  0.000000E+00  9.000000E+01  9.000000E+01  9.000000E+01
  0.000000E+00  4.784265E+01  0.000000E+00  5.107634E-02  6.200888E-02
  8.732245E+00  1.863300E+01  4.498242E+01  7.107765E-01  2.705726E+00
  7.107765E-01  4.952432E+01  1.385579E-01  2.705726E+00  1.385579E-01
  4.902121E+01
     23580  2.358000E+01        41
 -1.201993E+06  2.976973E+02 -1.203066E+06  2.924277E+05 -1.495494E+06
  0.000000E+00  3.332648E-03  0.000000E+00  0.000000E+00 -1.183847E+06
  1.658342E+02 -5.229592E+04 -1.546929E+06  1.494631E+06  0.000000E+00
 -3.220607E-02  0.000000E+00  0.000000E+00  5.568179E+03  0.000000E+00
  0.000000E+00  0.000000E+00  9.000000E+01  9.000000E+01  9.000000E+01
  0.000000E+00  5.340707E+01  0.000000E+00  5.184363E-02  6.154798E-02
  8.460146E+00  1.816625E+01  5.781649E+01  4.553793E+00 -1.331766E+00
  4.553793E+00  4.821720E+01 -4.211097E-01 -1.331766E+00 -4.211097E-01
  5.418753E+01
     23610  2.361000E+01        41
 -1.201993E+06  3.174262E+02 -1.203137E+06  2.911242E+05 -1.494261E+06
  0.000000E+00  2.912325E-03  0.000000E+00  0.000000E+00 -1.185305E+06
  1.859635E+02 -4.777842E+04 -1.541164E+06  1.493391E+06  0.000000E+00
 -2.815325E-02  0.000000E+00  0.000000E+00  5.568179E+03  0.000000E+00
  0.000000E+00  0.000000E+00  9.000000E+01  9.000000E+01  9.000000E+01
  0.000000E+00  4.911414E+01  0.000000E+00  4.841355E-02  5.869208E-02
  8.211476E+00  1.772216E+01  4.962646E+01  1.199497E+00  5.294954E-01
  1.199497E+00  5.056002E+01  5.008310E-01  5.294954E-01  5.008310E-01
  4.715594E+01
     23640  2.364000E+01        41
 -1.201993E+06  3.249345E+02 -1.203165E+06  2.911692E+05 -1.494334E+06
  0.000000E+00  3.014610E-03  0.000000E+00  0.000000E+00 -1.185211E+06
  2.103871E+02 -4.801054E+04 -1.541461E+06  1.493468E+06  0.000000E+00
 -2.913181E-02  0.000000E+00  0.000000E+00  5.568179E+03  0.000000E+00
  0.000000E+00  0.000000E+00  9.000000E+01  9.000000E+01  9.000000E+01
  0.000000E+00  4.939437E+01  0.000000E+00  4.699348E-02  5.674571E-02
  7.971865E+00  1.729962E+01  4.770707E+01 -1.925550E+00 -8.771645E-01
 -1.925550E+00  4.924481E+01 -1.390816E+00 -8.771645E-01 -1.390816E+00
  5.123122E+01
     23670  2.367000E+01        41
 -1.201993E+06  3.240985E+02 -1.203161E+06  2.923908E+05 -1.495552E+06
  0.000000E+00  3.111732E-03  0.000000E+00  0.000000E+00 -1.183860E+06
  2.392260E+02 -5.206791E+04 -1.546746E+06  1.494681E+06  0.000000E+00
 -3.003492E-02  0.000000E+00  0.000000E+00  5.568179E+03  0.000000E+00
  0.000000E+00  0.000000E+00  9.000000E+01  9.000000E+01  9.000000E+01
  0.000000E+00  5.336830E+01  0.000000E+00  4.358091E-02  5.407834E-02
  7.723159E+00  1.688226E+01  4.725947E+01 -1.355712E+00 -2.348943E+00
 -1.355712E+00  5.768446E+01  1.751624E+00 -2.348943E+00  1.751624E+00
  5.516098E+01
     23700  2.370000E+01        41
 -1.201992E+06  3.042040E+02 -1.203089E+06  2.913529E+05 -1.494442E+06
  0.000000E+00  3.045168E-03  0.000000E+00  0.000000E+00 -1.185092E+06
  2.865662E+02 -4.851522E+04 -1.542094E+06  1.493579E+06  0.000000E+00
 -2.941515E-02  0.000000E+00  0.000000E+00  5.568179E+03  0.000000E+00
  0.000000E+00  0.000000E+00  9.000000E+01  9.000000E+01  9.000000E+01
  0.000000E+00  4.974102E+01  0.000000E+00  4.142782E-02  5.111054E-02
  7.455362E+00  1.644930E+01  4.658247E+01  8.278699E-01 -8.437138E-01
  8.278699E-01  4.979082E+01 -7.507356E-01 -8.437138E-01 -7.507356E-01
  5.284978E+01
     23730  2.373000E+01        41
 -1.201993E+06  3.042722E+02 -1.203089E+06  2.914546E+05 -1.494544E+06
  0.000000E+00  3.091414E-03  0.000000E+00  0.000000E+00 -1.184924E+06
  3.485983E+02 -4.902095E+04 -1.542706E+06  1.493679E+06  0.000000E+00
 -2.988259E-02  0.000000E+00  0.000000E+00  5.568179E+03  0.000000E+00
  0.000000E+00  0.000000E+00  9.000000E+01  9.000000E+01  9.000000E+01
  0.000000E+00  5.023614E+01  0.000000E+00  3.749748E-02  4.965684E-02
  7.179858E+00  1.600855E+01  4.308759E+01  1.325116E+00 -2.868105E+00
  1.325116E+00  5.575850E+01  1.038998E+00 -2.868105E+00  1.038998E+00
  5.186233E+01
     23760  2.376000E+01        41
 -1.201993E+06  3.245369E+02 -1.203163E+06  2.907052E+05 -1.493868E+06
  0.000000E+00  2.996566E-03  0.000000E+00  0.000000E+00 -1.185702E+06
  3.809702E+02 -4.654283E+04 -1.539547E+06  1.492997E+06  0.000000E+00
 -2.897535E-02  0.000000E+00  0.000000E+00  5.568179E+03  0.000000E+00
  0.000000E+00  0.000000E+00  9.000000E+01  9.000000E+01  9.000000E+01
  0.000000E+00  4.794746E+01  0.000000E+00  3.787917E-02  4.755163E-02
  6.904415E+00  1.556401E+01  4.268334E+01 -2.061402E+00 -4.403161E-01
 -2.061402E+00  4.831129E+01  7.539145E-01 -4.403161E-01  7.539145E-01
  5.284775E+01
     23790  2.379000E+01        41
 -1.201993E+06  3.083549E+02 -1.203104E+06  2.915614E+05 -1.494666E+06
  0.000000E+00  3.072021E-03  0.000000E+00  0.000000E+00 -1.184792E+06
  3.687930E+02 -4.938901E+04 -1.543177E+06  1.493793E+06  0.000000E+00
 -2.972064E-02  0.000000E+00  0.000000E+00  5.568179E+03  0.000000E+00
  0.000000E+00  0.000000E+00  9.000000E+01  9.000000E+01  9.000000E+01
  0.000000E+00  5.062561E+01  0.000000E+00  3.820929E-02  4.682719E-02
  6.637532E+00  1.511988E+01  4.495078E+01 -2.798539E+00  3.727435E+00
 -2.798539E+00  5.378451E+01  3.474651E-01  3.727435E+00  3.474651E-01
  5.314153E+01
     23820  2.382000E+01        41
 -1.201993E+06  3.053324E+02 -1.203094E+06  2.908049E+05 -1.493898E+06
  0.000000E+00  3.174615E-03  0.000000E+00  0.000000E+00 -1.185609E+06
  2.969504E+02 -4.695778E+04 -1.539948E+06  1.493023E+06  0.000000E+00
 -3.071140E-02  0.000000E+00  0.000000E+00  5.568179E+03  0.000000E+00
  0.000000E+00  0.000000E+00  9.000000E+01  9.000000E+01  9.000000E+01
  0.000000E+00  4.822079E+01  0.000000E+00  3.846191E-02  4.711705E-02
  6.388562E+00  1.467243E+01  4.112512E+01 -1.930439E+00  5.303409E+00
 -1.930439E+00  5.242383E+01 -8.468693E-01  5.303409E+00 -8.468693E-01
  5.111342E+01
     23850  2.385000E+01        41
 -1.201993E+06  3.191031E+02 -1.203143E+06  2.902679E+05 -1.493411E+06
  0.000000E+00  2.977798E-03  0.000000E+00  0.000000E+00 -1.186187E+06
  2.084991E+02 -4.512165E+04 -1.537646E+06  1.492546E+06  0.000000E+00
 -2.879636E-02  0.000000E+00  0.000000E+00  5.568179E+03  0.000000E+00
  0.000000E+00  0.000000E+00  9.000000E+01  9.000000E+01  9.000000E+01
  0.000000E+00  4.651898E+01  0.000000E+00  4.037945E-02  4.617500E-02
  6.155106E+00  1.419812E+01  4.262008E+01 -8.063761E-02  2.923708E+00
 -8.063761E-02  5.281800E+01 -6.112837E-01  2.923708E+00 -6.112837E-01
  4.411886E+01
     23880  2.388000E+01        41
 -1.201992E+06  3.000992E+02 -1.203074E+06  2.915545E+05 -1.494628E+06
  0.000000E+00  3.196070E-03  0.000000E+00  0.000000E+00 -1.184794E+06
  1.324009E+02 -4.943377E+04 -1.543143E+06  1.493760E+06  0.000000E+00
 -3.091834E-02  0.000000E+00  0.000000E+00  5.568179E+03  0.000000E+00
  0.000000E+00  0.000000E+00  9.000000E+01  9.000000E+01  9.000000E+01
  0.000000E+00  5.061692E+01  0.000000E+00  3.855469E-02  4.842503E-02
  5.931189E+00  1.372298E+01  5.032039E+01 -1.034832E+00 -1.634644E+00
 -1.034832E+00  4.590404E+01 -2.830685E+00 -1.634644E+00 -2.830685E+00
  5.562632E+01
     23910  2.391000E+01        41
 -1.201993E+06  3.093134E+02 -1.203108E+06  2.903768E+05 -1.493484E+06
  0.000000E+00  3.120358E-03  0.000000E+00  0.000000E+00 -1.186073E+06
  1.474834E+02 -4.553372E+04 -1.538089E+06  1.492616E+06  0.000000E+00
 -3.018627E-02  0.000000E+00  0.000000E+00  5.568179E+03  0.000000E+00
  0.000000E+00  0.000000E+00  9.000000E+01  9.000000E+01  9.000000E+01
  0.000000E+00  4.685551E+01  0.000000E+00  3.994672E-02  4.786087E-02
  5.693339E+00  1.320801E+01  4.147481E+01  1.490866E+00 -2.933583E+00
  1.490866E+00  5.425824E+01 -2.199411E+00 -2.933583E+00 -2.199411E+00
  4.483348E+01
     23940  2.394000E+01        41
 -1.201992E+06  2.928044E+02 -1.203047E+06  2.903355E+05 -1.493383E+06
  0.000000E+00  3.113484E-03  0.000000E+00  0.000000E+00 -1.186203E+06
  2.198963E+02 -4.526242E+04 -1.537744E+06  1.492512E+06  0.000000E+00
 -3.013108E-02  0.000000E+00  0.000000E+00  5.568179E+03  0.000000E+00
  0.000000E+00  0.000000E+00  9.000000E+01  9.000000E+01  9.000000E+01
  0.000000E+00  4.647081E+01  0.000000E+00  3.924431E-02  5.216975E-02
  5.420213E+00  1.258537E+01  4.836149E+01  4.734737E+00  7.248716E-01
  4.734737E+00  4.374641E+01  2.397845E+00  7.248716E-01  2.397845E+00
  4.730454E+01
     23970  2.397000E+01        41
 -1.201993E+06  3.126080E+02 -1.203119E+06  2.914338E+05 -1.494553E+06
  0.000000E+00  3.251139E-03  0.000000E+00  0.000000E+00 -1.184916E+06
  3.167893E+02 -4.898437E+04 -1.542668E+06  1.493686E+06  0.000000E+00
 -3.142874E-02  0.000000E+00  0.000000E+00  5.568179E+03  0.000000E+00
  0.000000E+00  0.000000E+00  9.000000E+01  9.000000E+01  9.000000E+01
  0.000000E+00  5.025998E+01  0.000000E+00  4.243528E-02  5.290466E-02
  5.130037E+00  1.191180E+01  4.625030E+01  1.445121E+00 -1.323202E+00
  1.445121E+00  5.587190E+01  1.471734E+00 -1.323202E+00  1.471734E+00
  4.865774E+01
     24000  2.400000E+01        41
 -1.201992E+06  3.105865E+02 -1.203112E+06  2.903722E+05 -1.493484E+06
  0.000000E+00  3.000347E-03  0.000000E+00  0.000000E+00 -1.186123E+06
  3.720739E+02 -4.537852E+04 -1.537998E+06  1.492615E+06  0.000000E+00
 -2.904033E-02  0.000000E+00  0.000000E+00  5.568179E+03  0.000000E+00
  0.000000E+00  0.000000E+00  9.000000E+01  9.000000E+01  9.000000E+01
  0.000000E+00  4.670675E+01  0.000000E+00  4.756712E-02  5.673551E-02
  4.830317E+00  1.120151E+01  4.741938E+01  1.164145E+00 -1.523008E+00
  1.164145E+00  4.547825E+01  4.002619E+00 -1.523008E+00  4.002619E+00
  4.722263E+01
     24030  2.403000E+01        41
 -1.201992E+06  2.997421E+02 -1.203073E+06  2.908899E+05 -1.493962E+06
  0.000000E+00  3.188375E-03  0.000000E+00  0.000000E+00 -1.185574E+06
  3.746608E+02 -4.710426E+04 -1.540209E+06  1.493097E+06  0.000000E+00
 -3.080261E-02  0.000000E+00  0.000000E+00  5.568179E+03  0.000000E+00
  0.000000E+00  0.000000E+00  9.000000E+01  9.000000E+01  9.000000E+01
  0.000000E+00  4.832306E+01  0.000000E+00  5.037673E-02  5.972834E-02
  4.538053E+00  1.050615E+01  4.786956E+01 -3.429779E-01  3.025040E+00
 -3.429779E-01  5.277800E+01  2.332497E+00  3.025040E+00  2.332497E+00
  4.432164E+01
     24060  2.406000E+01        41
 -1.201992E+06  3.039121E+02 -1.203088E+06  2.912465E+05 -1.494334E+06
  0.000000E+00  3.154590E-03  0.000000E+00  0.000000E+00 -1.185182E+06
  3.852012E+02 -4.824989E+04 -1.541719E+06  1.493461E+06  0.000000E+00
 -3.053642E-02  0.000000E+00  0.000000E+00  5.568179E+03  0.000000E+00
  0.000000E+00  0.000000E+00  9.000000E+01  9.000000E+01  9.000000E+01
  0.000000E+00  4.947624E+01  0.000000E+00  5.382620E-02  6.265709E-02
  4.258087E+00  9.849239E+00  5.349452E+01 -4.785901E-01 -3.340014E-01
 -4.785901E-01  4.369593E+01  6.261821E-01 -3.340014E-01  6.261821E-01
  5.123826E+01
     24090  2.409000E+01        41
 -1.201992E+06  2.936361E+02 -1.203050E+06  2.915842E+05 -1.494634E+06
  0.000000E+00  3.092901E-03  0.000000E+00  0.000000E+00 -1.184825E+06
  3.686541E+02 -4.939240E+04 -1.543171E+06  1.493760E+06  0.000000E+00
 -2.990764E-02  0.000000E+00  0.000000E+00  5.568179E+03  0.000000E+00
  0.000000E+00  0.000000E+00  9.000000E+01  9.000000E+01  9.000000E+01
  0.000000E+00  5.052485E+01  0.000000E+00  5.494935E-02  6.459383E-02
  3.993264E+00  9.250372E+00  4.512685E+01 -4.821724E-01  1.793371E+00
 -4.821724E-01  5.384407E+01 -1.071232E+00  1.793371E+00 -1.071232E+00
  5.260362E+01
     24120  2.412000E+01        41
 -1.201992E+06  3.015842E+02 -1.203079E+06  2.907154E+05 -1.493795E+06
  0.000000E+00  2.985709E-03  0.000000E+00  0.000000E+00 -1.185771E+06
  3.450677E+02 -4.649723E+04 -1.539416E+06  1.492913E+06  0.000000E+00
 -2.886662E-02  0.000000E+00  0.000000E+00  5.568179E+03  0.000000E+00
  0.000000E+00  0.000000E+00  9.000000E+01  9.000000E+01  9.000000E+01
  0.000000E+00  4.774127E+01  0.000000E+00  5.512353E-02  6.467494E-02
  3.755195E+00  8.733228E+00  4.848610E+01  2.372092E+00  4.677550E+00
  2.372092E+00  4.581669E+01 -2.040419E-01  4.677550E+00 -2.040419E-01
  4.892104E+01
     24150  2.415000E+01        41
 -1.201993E+06  3.056129E+02 -1.203094E+06  2.913435E+05 -1.494438E+06
  0.000000E+00  2.979642E-03  0.000000E+00  0.000000E+00 -1.185031E+06
  3.313445E+02 -4.868969E+04 -1.542266E+06  1.493569E+06  0.000000E+00
 -2.881244E-02  0.000000E+00  0.000000E+00  5.568179E+03  0.000000E+00
  0.000000E+00  0.000000E+00  9.000000E+01  9.000000E+01  9.000000E+01
  0.000000E+00  4.992105E+01  0.000000E+00  5.195996E-02  6.228413E-02
  3.542451E+00  8.289494E+00  4.621410E+01  1.050953E+00  1.794769E-01
  1.050953E+00  5.315782E+01 -2.706850E+00  1.794769E-01 -2.706850E+00
  5.039125E+01
     24180  2.418000E+01        41
 -1.201992E+06  3.073366E+02 -1.203100E+06  2.911463E+05 -1.494246E+06
  0.000000E+00  3.197206E-03  0.000000E+00  0.000000E+00 -1.185293E+06
  3.145108E+02 -4.788955E+04 -1.541266E+06  1.493378E+06  0.000000E+00
 -3.089966E-02  0.000000E+00  0.000000E+00  5.568179E+03  0.000000E+00
  0.000000E+00  0.000000E+00  9.000000E+01  9.000000E+01  9.000000E+01
  0.000000E+00  4.914867E+01  0.000000E+00  4.833313E-02  5.868917E-02
  3.351901E+00  7.903871E+00  5.146826E+01 -2.074414E+00  2.184777E+00
 -2.074414E+00  4.399591E+01 -1.056065E+00  2.184777E+00 -1.056065E+00
  5.198183E+01
     24210  2.421000E+01        41
 -1.201992E+06  3.126889E+02 -1.203119E+06  2.912579E+05 -1.494377E+06
  0.000000E+00  2.913428E-03  0.000000E+00  0.000000E+00 -1.185145E+06
  2.707170E+02 -4.829591E+04 -1.541782E+06  1.493504E+06  0.000000E+00
 -2.817702E-02  0.000000E+00  0.000000E+00  5.568179E+03  0.000000E+00
  0.000000E+00  0.000000E+00  9.000000E+01  9.000000E+01  9.000000E+01
  0.000000E+00  4.958626E+01  0.000000E+00  4.574641E-02  5.418240E-02
  3.166996E+00  7.523344E+00  4.449361E+01 -3.674274E+00  1.726329E+00
 -3.674274E+00  5.549142E+01 -1.236178E+00  1.726329E+00 -1.236178E+00
  4.877375E+01
     24240  2.424000E+01        41
 -1.201992E+06  2.896550E+02 -1.203036E+06  2.924288E+05 -1.495465E+06
  0.000000E+00  3.231601E-03  0.000000E+00  0.000000E+00 -1.183867E+06
  2.854865E+02 -5.229468E+04 -1.546859E+06  1.494599E+06  0.000000E+00
 -3.121136E-02  0.000000E+00  0.000000E+00  5.568179E+03  0.000000E+00
  0.000000E+00  0.000000E+00  9.000000E+01  9.000000E+01  9.000000E+01
  0.000000E+00  5.334605E+01  0.000000E+00  4.359467E-02  5.094878E-02
  2.961194E+00  7.067957E+00  5.558558E+01  2.859461E-01 -3.821718E-01
  2.859461E-01  5.081722E+01 -7.779100E-01 -3.821718E-01 -7.779100E-01
  5.363535E+01
     24270  2.427000E+01        41
 -1.201992E+06  2.965968E+02 -1.203061E+06  2.915643E+05 -1.494625E+06
  0.000000E+00  2.866652E-03  0.000000E+00  0.000000E+00 -1.184822E+06
  4.245869E+02 -4.938259E+04 -1.543111E+06  1.493757E+06  0.000000E+00
 -2.771842E-02  0.000000E+00  0.000000E+00  5.568179E+03  0.000000E+00
  0.000000E+00  0.000000E+00  9.000000E+01  9.000000E+01  9.000000E+01
  0.000000E+00  5.053479E+01  0.000000E+00  4.045900E-02  5.137359E-02
  2.716179E+00  6.476551E+00  4.150059E+01 -8.948138E-01  2.794842E-01
 -8.948138E-01  5.869305E+01 -9.295214E-02  2.794842E-01 -9.295214E-02
  5.141072E+01
     24300  2.430000E+01        41
 -1.201993E+06  3.292221E+02 -1.203179E+06  2.923658E+05 -1.495545E+06
  0.000000E+00  3.214853E-03  0.000000E+00  0.000000E+00 -1.183910E+06
  5.442230E+02 -5.188714E+04 -1.546561E+06  1.494675E+06  0.000000E+00
 -3.103024E-02  0.000000E+00  0.000000E+00  5.568179E+03  0.000000E+00
  0.000000E+00  0.000000E+00  9.000000E+01  9.000000E+01  9.000000E+01
  0.000000E+00  5.321972E+01  0.000000E+00  4.079843E-02  5.141058E-02
  2.445256E+00  5.782838E+00  5.025905E+01 -8.404682E-01  1.417480E+00
 -8.404682E-01  5.532244E+01 -6.133426E-01  1.417480E+00 -6.133426E-01
  5.407766E+01
     24330  2.433000E+01        41
 -1.201992E+06  3.094496E+02 -1.203107E+06  2.917567E+05 -1.494864E+06
  0.000000E+00  3.052707E-03  0.000000E+00  0.000000E+00 -1.184630E+06
  5.858932E+02 -4.987042E+04 -1.543883E+06  1.493990E+06  0.000000E+00
 -2.949449E-02  0.000000E+00  0.000000E+00  5.568179E+03  0.000000E+00
  0.000000E+00  0.000000E+00  9.000000E+01  9.000000E+01  9.000000E+01
  0.000000E+00  5.110033E+01  0.000000E+00  4.482461E-02  5.305114E-02
  2.175168E+00  5.077817E+00  4.911961E+01  8.047836E-02  3.521555E-01
  8.047836E-02  5.042487E+01 -1.330134E+00  3.521555E-01 -1.330134E+00
  5.375651E+01
     24360  2.436000E+01        41
 -1.201992E+06  3.055700E+02 -1.203094E+06  2.913660E+05 -1.494460E+06
  0.000000E+00  3.134321E-03  0.000000E+00  0.000000E+00 -1.185008E+06
  5.789060E+02 -4.876570E+04 -1.542373E+06  1.493580E+06  0.000000E+00
 -3.031044E-02  0.000000E+00  0.000000E+00  5.568179E+03  0.000000E+00
  0.000000E+00  0.000000E+00  9.000000E+01  9.000000E+01  9.000000E+01
  0.000000E+00  4.998926E+01  0.000000E+00  4.796851E-02  6.034055E-02
  1.926667E+00  4.420798E+00  4.540489E+01 -1.047105E+00 -2.452580E+00
 -1.047105E+00  5.452725E+01 -4.118736E-01 -2.452580E+00 -4.118736E-01
  5.003564E+01
     24390  2.439000E+01        41
 -1.201992E+06  3.145847E+02 -1.203126E+06  2.915952E+05 -1.494721E+06
  0.000000E+00  3.159459E-03  0.000000E+00  0.000000E+00 -1.184734E+06
  5.709031E+02 -4.952210E+04 -1.543383E+06  1.493841E+06  0.000000E+00
 -3.055402E-02  0.000000E+00  0.000000E+00  5.568179E+03  0.000000E+00
  0.000000E+00  0.000000E+00  9.000000E+01  9.000000E+01  9.000000E+01
  0.000000E+00  5.079529E+01  0.000000E+00  4.989330E-02  5.889021E-02
  1.708728E+00  3.840925E+00  4.491072E+01 -1.388203E+00  1.782463E+00
 -1.388203E+00  5.563653E+01 -5.247596E-01  1.782463E+00 -5.247596E-01
  5.183861E+01
     24420  2.442000E+01        41
 -1.201992E+06  2.868153E+02 -1.203026E+06  2.909935E+05 -1.494019E+06
  0.000000E+00  3.051746E-03  0.000000E+00  0.000000E+00 -1.185513E+06
  5.457949E+02 -4.738270E+04 -1.540543E+06  1.493142E+06  0.000000E+00
 -2.950952E-02  0.000000E+00  0.000000E+00  5.568179E+03  0.000000E+00
  0.000000E+00  0.000000E+00  9.000000E+01  9.000000E+01  9.000000E+01
  0.000000E+00  4.850062E+01  0.000000E+00  4.813571E-02  5.787734E-02
  1.522065E+00  3.342340E+00  4.795280E+01  1.842719E+00  4.288219E+00
  1.842719E+00  4.814354E+01  1.561749E+00  4.288219E+00  1.561749E+00
  4.940553E+01
     24450  2.445000E+01        41
 -1.201992E+06  3.130814E+02 -1.203121E+06  2.921715E+05 -1.495292E+06
  0.000000E+00  3.081920E-03  0.000000E+00  0.000000E+00 -1.184131E+06
  5.660786E+02 -5.134145E+04 -1.545778E+06  1.494419E+06  0.000000E+00
 -2.978350E-02  0.000000E+00  0.000000E+00  5.568179E+03  0.000000E+00
  0.000000E+00  0.000000E+00  9.000000E+01  9.000000E+01  9.000000E+01
  0.000000E+00  5.256968E+01  0.000000E+00  4.652114E-02  5.454098E-02
  1.365034E+00  2.924295E+00  4.737661E+01  2.885838E+00 -1.851993E+00
  2.885838E+00  5.859475E+01 -8.323460E-01 -1.851993E+00 -8.323460E-01
  5.173769E+01
     24480  2.448000E+01        41
 -1.201992E+06  3.129443E+02 -1.203120E+06  2.919899E+05 -1.495110E+06
  0.000000E+00  2.987371E-03  0.000000E+00  0.000000E+00 -1.184356E+06
  5.813544E+02 -5.066795E+04 -1.544921E+06  1.494230E+06  0.000000E+00
 -2.884514E-02  0.000000E+00  0.000000E+00  5.568179E+03  0.000000E+00
  0.000000E+00  0.000000E+00  9.000000E+01  9.000000E+01  9.000000E+01
  0.000000E+00  5.190759E+01  0.000000E+00  4.276822E-02  5.366937E-02
  1.240426E+00  2.595099E+00  5.395645E+01  3.372224E-01 -1.155702E+00
  3.372224E-01  5.032195E+01  4.620890E-01 -1.155702E+00  4.620890E-01
  5.144436E+01
     24510  2.451000E+01        41
 -1.201993E+06  3.280481E+02 -1.203175E+06  2.923717E+05 -1.495547E+06
  0.000000E+00  2.825778E-03  0.000000E+00  0.000000E+00 -1.183881E+06
  5.985725E+02 -5.198525E+04 -1.546669E+06  1.494663E+06  0.000000E+00
 -2.730951E-02  0.000000E+00  0.000000E+00  5.568179E+03  0.000000E+00
  0.000000E+00  0.000000E+00  9.000000E+01  9.000000E+01  9.000000E+01
  0.000000E+00  5.330634E+01  0.000000E+00  4.174993E-02  5.102703E-02
  1.149214E+00  2.359181E+00  5.097909E+01  2.560196E+00 -2.744752E-01
  2.560196E+00  5.341412E+01  1.464747E+00 -2.744752E-01  1.464747E+00
  5.552582E+01
     24540  2.454000E+01        41
 -1.201993E+06  3.361680E+02 -1.203205E+06  2.922623E+05 -1.495467E+06
  0.000000E+00  2.863775E-03  0.000000E+00  0.000000E+00 -1.183987E+06
  5.839169E+02 -5.161007E+04 -1.546214E+06  1.494586E+06  0.000000E+00
 -2.767205E-02  0.000000E+00  0.000000E+00  5.568179E+03  0.000000E+00
  0.000000E+00  0.000000E+00  9.000000E+01  9.000000E+01  9.000000E+01
  0.000000E+00  5.299605E+01  0.000000E+00  4.199457E-02  5.195810E-02
  1.089626E+00  2.210626E+00  5.704630E+01  7.241908E-01 -2.621347E-01
  7.241908E-01  4.808236E+01  3.345913E-01 -2.621347E-01  3.345913E-01
  5.385949E+01
     24570  2.457000E+01        41
 -1.201992E+06  3.082570E+02 -1.203103E+06  2.923166E+05 -1.495420E+06
  0.000000E+00  3.091349E-03  0.000000E+00  0.000000E+00 -1.184008E+06
  5.261504E+02 -5.174251E+04 -1.546281E+06  1.494536E+06  0.000000E+00
 -2.983049E-02  0.000000E+00  0.000000E+00  5.568179E+03  0.000000E+00
  0.000000E+00  0.000000E+00  9.000000E+01  9.000000E+01  9.000000E+01
  0.000000E+00  5.293000E+01  0.000000E+00  4.420855E-02  5.669795E-02
  1.068668E+00  2.162738E+00  4.858489E+01 -8.844752E-01 -8.304697E-01
 -8.844752E-01  5.769349E+01  2.269556E-01 -8.304697E-01  2.269556E-01
  5.251163E+01
     24600  2.460000E+01        41
 -1.201993E+06  3.126017E+02 -1.203119E+06  2.927809E+05 -1.495900E+06
  0.000000E+00  3.049573E-03  0.000000E+00  0.000000E+00 -1.183409E+06
  3.872344E+02 -5.350615E+04 -1.548494E+06  1.495016E+06  0.000000E+00
 -2.943420E-02  0.000000E+00  0.000000E+00  5.568179E+03  0.000000E+00
  0.000000E+00  0.000000E+00  9.000000E+01  9.000000E+01  9.000000E+01
  0.000000E+00  5.469438E+01  0.000000E+00  4.846056E-02  6.014325E-02
  1.085516E+00  2.210932E+00  5.797341E+01 -1.091842E+00 -2.658895E-01
 -1.091842E+00  5.020565E+01  1.293338E+00 -2.658895E-01  1.293338E+00
  5.590407E+01
     24630  2.463000E+01        41
 -1.201992E+06  2.984030E+02 -1.203067E+06  2.920040E+05 -1.495071E+06
  0.000000E+00  2.868125E-03  0.000000E+00  0.000000E+00 -1.184318E+06
  2.327838E+02 -5.087535E+04 -1.544978E+06  1.494189E+06  0.000000E+00
 -2.770717E-02  0.000000E+00  0.000000E+00  5.568179E+03  0.000000E+00
  0.000000E+00  0.000000E+00  9.000000E+01  9.000000E+01  9.000000E+01
  0.000000E+00  5.201675E+01  0.000000E+00  5.331325E-02  6.330747E-02
  1.137477E+00  2.344442E+00  5.033812E+01 -2.990110E+00 -3.515487E+00
 -2.990110E+00  5.128088E+01 -1.442104E+00 -3.515487E+00 -1.442104E+00
  5.443126E+01
     24660  2.466000E+01        41
 -1.201993E+06  3.118506E+02 -1.203117E+06  2.924105E+05 -1.495527E+06
  0.000000E+00  3.126847E-03  0.000000E+00  0.000000E+00 -1.183809E+06
  1.386932E+02 -5.230736E+04 -1.546885E+06  1.494651E+06  0.000000E+00
 -3.018999E-02  0.000000E+00  0.000000E+00  5.568179E+03  0.000000E+00
  0.000000E+00  0.000000E+00  9.000000E+01  9.000000E+01  9.000000E+01
  0.000000E+00  5.351906E+01  0.000000E+00  5.359355E-02  6.588585E-02
  1.219714E+00  2.546466E+00  5.334297E+01 -3.267009E+00 -2.836468E+00
 -3.267009E+00  5.306563E+01 -2.590392E+00 -2.836468E+00 -2.590392E+00
  5.414857E+01
     24690  2.469000E+01        41
 -1.201992E+06  2.969413E+02 -1.203062E+06  2.926616E+05 -1.495724E+06
  0.000000E+00  3.230460E-03  0.000000E+00  0.000000E+00 -1.183594E+06
  9.032421E+01 -5.305556E+04 -1.547880E+06  1.494849E+06  0.000000E+00
 -3.119588E-02  0.000000E+00  0.000000E+00  5.568179E+03  0.000000E+00
  0.000000E+00  0.000000E+00  9.000000E+01  9.000000E+01  9.000000E+01
  0.000000E+00  5.414883E+01  0.000000E+00  5.170295E-02  6.505891E-02
  1.339826E+00  2.799766E+00  5.352855E+01  1.390789E+00 -9.767363E-01
  1.390789E+00  5.963863E+01  9.535011E-02 -9.767363E-01  9.535011E-02
  4.927931E+01
     24720  2.472000E+01        41
 -1.201992E+06  3.170008E+02 -1.203135E+06  2.918027E+05 -1.494938E+06
  0.000000E+00  2.884899E-03  0.000000E+00  0.000000E+00 -1.184537E+06
  6.843492E+01 -5.008359E+04 -1.544128E+06  1.494061E+06  0.000000E+00
 -2.790720E-02  0.000000E+00  0.000000E+00  5.568179E+03  0.000000E+00
  0.000000E+00  0.000000E+00  9.000000E+01  9.000000E+01  9.000000E+01
  0.000000E+00  5.137553E+01  0.000000E+00  4.865815E-02  5.653657E-02
  1.511060E+00  3.102815E+00  4.617383E+01 -1.384751E+00 -4.194223E+00
 -1.384751E+00  5.661180E+01 -1.524503E+00 -4.194223E+00 -1.524503E+00
  5.134097E+01
     24750  2.475000E+01        41
 -1.201992E+06  3.168488E+02 -1.203135E+06  2.931287E+05 -1.496263E+06
  0.000000E+00  2.977265E-03  0.000000E+00  0.000000E+00 -1.183058E+06
  5.724708E+01 -5.452191E+04 -1.549908E+06  1.495391E+06  0.000000E+00
 -2.875505E-02  0.000000E+00  0.000000E+00  5.568179E+03  0.000000E+00
  0.000000E+00  0.000000E+00  9.000000E+01  9.000000E+01  9.000000E+01
  0.000000E+00  5.572902E+01  0.000000E+00  4.302253E-02  5.350946E-02
  1.743853E+00  3.463986E+00  4.972115E+01  1.229663E-01 -2.021159E+00
  1.229663E-01  6.072869E+01  7.464366E-02 -2.021159E+00  7.464366E-02
  5.673722E+01
     24780  2.478000E+01        41
 -1.201993E+06  3.142749E+02 -1.203125E+06  2.925367E+05 -1.495662E+06
  0.000000E+00  2.826718E-03  0.000000E+00  0.000000E+00 -1.183712E+06
  3.232698E+01 -5.257765E+04 -1.547353E+06  1.494786E+06  0.000000E+00
 -2.729723E-02  0.000000E+00  0.000000E+00  5.568179E+03  0.000000E+00
  0.000000E+00  0.000000E+00  9.000000E+01  9.000000E+01  9.000000E+01
  0.000000E+00  5.380398E+01  0.000000E+00  4.007322E-02  4.803025E-02
  2.024195E+00  3.851783E+00  5.214231E+01  9.063382E-01  9.781908E-01
  9.063382E-01  5.389494E+01  5.324405E+00  9.781908E-01  5.324405E+00
  5.537470E+01
     24810  2.481000E+01        41
 -1.201992E+06  3.002161E+02 -1.203074E+06  2.933497E+05 -1.496424E+06
  0.000000E+00  3.100346E-03  0.000000E+00  0.000000E+00 -1.182845E+06
  1.231758E+01 -5.527751E+04 -1.550794E+06  1.495541E+06  0.000000E+00
 -2.993671E-02  0.000000E+00  0.000000E+00  5.568179E+03  0.000000E+00
  0.000000E+00  0.000000E+00  9.000000E+01  9.000000E+01  9.000000E+01
  0.000000E+00  5.635378E+01  0.000000E+00  3.543419E-02  4.244256E-02
  2.307462E+00  4.165754E+00  5.622022E+01  7.020456E-01 -2.042594E+00
  7.020456E-01  5.844923E+01  6.661125E+00 -2.042594E+00  6.661125E+00
  5.439189E+01
     24840  2.484000E+01        41
 -1.201992E+06  3.201998E+02 -1.203147E+06  2.931554E+05 -1.496302E+06
  0.000000E+00  2.999602E-03  0.000000E+00  0.000000E+00 -1.183056E+06
  7.361468E+01 -5.450370E+04 -1.549906E+06  1.495419E+06  0.000000E+00
 -2.898613E-02  0.000000E+00  0.000000E+00  5.568179E+03  0.000000E+00
  0.000000E+00  0.000000E+00  9.000000E+01  9.000000E+01  9.000000E+01
  0.000000E+00  5.573445E+01  0.000000E+00  3.163064E-02  3.923779E-02
  2.539731E+00  4.303492E+00  5.312048E+01  5.188163E-01  2.557989E+00
  5.188163E-01  5.707488E+01 -4.395151E-01  2.557989E+00 -4.395151E-01
  5.700800E+01
     24870  2.487000E+01        41
 -1.201993E+06  3.074196E+02 -1.203101E+06  2.919455E+05 -1.495046E+06
  0.000000E+00  3.015768E-03  0.000000E+00  0.000000E+00 -1.184355E+06
  2.362184E+02 -5.070368E+04 -1.544845E+06  1.494168E+06  0.000000E+00
 -2.913120E-02  0.000000E+00  0.000000E+00  5.568179E+03  0.000000E+00
  0.000000E+00  0.000000E+00  9.000000E+01  9.000000E+01  9.000000E+01
  0.000000E+00  5.191202E+01  0.000000E+00  3.012691E-02  3.875231E-02
  2.710810E+00  4.272125E+00  4.943399E+01  1.667228E+00  3.610261E+00
  1.667228E+00  5.159166E+01  3.599798E+00  3.610261E+00  3.599798E+00
  5.471041E+01
     24900  2.490000E+01        41
 -1.201992E+06  3.017500E+02 -1.203080E+06  2.932434E+05 -1.496323E+06
  0.000000E+00  3.061920E-03  0.000000E+00  0.000000E+00 -1.182920E+06
  5.946753E+02 -5.505828E+04 -1.550480E+06  1.495446E+06  0.000000E+00
 -2.958608E-02  0.000000E+00  0.000000E+00  5.568179E+03  0.000000E+00
  0.000000E+00  0.000000E+00  9.000000E+01  9.000000E+01  9.000000E+01
  0.000000E+00  5.613530E+01  0.000000E+00  3.069427E-02  3.860485E-02
  2.788359E+00  4.029551E+00  5.298899E+01  1.101621E+00  1.684315E+00
  1.101621E+00  5.617557E+01  1.858967E+00  1.684315E+00  1.858967E+00
  5.924134E+01
     24930  2.493000E+01        41
 -1.201993E+06  3.180972E+02 -1.203139E+06  2.918472E+05 -1.494987E+06
  0.000000E+00  2.945078E-03  0.000000E+00  0.000000E+00 -1.184468E+06
  8.291851E+02 -5.030329E+04 -1.544399E+06  1.494103E+06  0.000000E+00
 -2.846008E-02  0.000000E+00  0.000000E+00  5.568179E+03  0.000000E+00
  0.000000E+00  0.000000E+00  9.000000E+01  9.000000E+01  9.000000E+01
  0.000000E+00  5.158021E+01  0.000000E+00  2.921412E-02  4.280322E-02
  2.784997E+00  3.638945E+00  4.844886E+01 -1.267296E-01 -4.574859E+00
 -1.267296E-01  5.588076E+01 -2.830638E+00 -4.574859E+00 -2.830638E+00
  5.041100E+01
     24960  2.496000E+01        41
 -1.201992E+06  3.154264E+02 -1.203129E+06  2.932257E+05 -1.496355E+06
  0.000000E+00  3.191283E-03  0.000000E+00  0.000000E+00 -1.182965E+06
  9.691666E+02 -5.483040E+04 -1.550291E+06  1.495478E+06  0.000000E+00
 -3.083028E-02  0.000000E+00  0.000000E+00  5.568179E+03  0.000000E+00
  0.000000E+00  0.000000E+00  9.000000E+01  9.000000E+01  9.000000E+01
  0.000000E+00  5.599929E+01  0.000000E+00  3.571847E-02  4.135020E-02
  2.772122E+00  3.285136E+00  6.212447E+01  9.901114E-02 -4.908164E-01
  9.901114E-02  5.275121E+01 -1.044884E-01 -4.908164E-01 -1.044884E-01
  5.312219E+01
     24990  2.499000E+01        41
 -1.201993E+06  2.919425E+02 -1.203045E+06  2.913587E+05 -1.494404E+06
  0.000000E+00  3.108532E-03  0.000000E+00  0.000000E+00 -1.185031E+06
  1.168165E+03 -4.880896E+04 -1.542326E+06  1.493528E+06  0.000000E+00
 -3.006861E-02  0.000000E+00  0.000000E+00  5.568179E+03  0.000000E+00
  0.000000E+00  0.000000E+00  9.000000E+01  9.000000E+01  9.000000E+01
  0.000000E+00  4.992091E+01  0.000000E+00  3.646730E-02  4.909165E-02
  2.759552E+00  3.023276E+00  5.239859E+01  4.971484E-01 -1.802651E+00
  4.971484E-01  4.750398E+01 -3.692221E+00 -1.802651E+00 -3.692221E+00
  4.986015E+01
     25020  2.502000E+01        41
 -1.201992E+06  3.052409E+02 -1.203092E+06  2.912072E+05 -1.494299E+06
  0.000000E+00  2.943881E-03  0.000000E+00  0.000000E+00 -1.185218E+06
  1.276815E+03 -4.815428E+04 -1.541574E+06  1.493418E+06  0.000000E+00
 -2.848037E-02  0.000000E+00  0.000000E+00  5.568179E+03  0.000000E+00
  0.000000E+00  0.000000E+00  9.000000E+01  9.000000E+01  9.000000E+01
  0.000000E+00  4.937001E+01  0.000000E+00  3.564054E-02  4.710885E-02
  2.783940E+00  2.923988E+00  4.428683E+01 -1.887515E-01 -1.245331E+00
 -1.887515E-01  4.945362E+01  1.326753E+00 -1.245331E+00  1.326753E+00
  5.436959E+01
     25050  2.505000E+01        41
 -1.201993E+06  3.161567E+02 -1.203132E+06  2.923150E+05 -1.495447E+06
  0.000000E+00  3.037509E-03  0.000000E+00  0.000000E+00 -1.183972E+06
  1.309465E+03 -5.181490E+04 -1.546384E+06  1.494563E+06  0.000000E+00
 -2.936474E-02  0.000000E+00  0.000000E+00  5.568179E+03  0.000000E+00
  0.000000E+00  0.000000E+00  9.000000E+01  9.000000E+01  9.000000E+01
  0.000000E+00  5.303772E+01  0.000000E+00  3.363930E-02  4.418859E-02
  2.891280E+00  3.047795E+00  5.067869E+01 -1.192142E+00 -6.267455E-01
 -1.192142E+00  5.233821E+01  1.121418E+00 -6.267455E-01  1.121418E+00
  5.609627E+01
     25080  2.508000E+01        41
 -1.201993E+06  3.203742E+02 -1.203148E+06  2.918143E+05 -1.494962E+06
  0.000000E+00  2.853197E-03  0.000000E+00  0.000000E+00 -1.184503E+06
  1.291084E+03 -5.019167E+04 -1.544267E+06  1.494083E+06  0.000000E+00
 -2.760543E-02  0.000000E+00  0.000000E+00  5.568179E+03  0.000000E+00
  0.000000E+00  0.000000E+00  9.000000E+01  9.000000E+01  9.000000E+01
  0.000000E+00  5.147551E+01  0.000000E+00  3.398148E-02  4.194442E-02
  3.094417E+00  3.406871E+00  5.566909E+01 -3.165825E+00  1.473579E+00
 -3.165825E+00  5.181773E+01 -3.205254E+00  1.473579E+00 -3.205254E+00
  4.693970E+01
     25110  2.511000E+01        41
 -1.201993E+06  3.145864E+02 -1.203127E+06  2.919405E+05 -1.495067E+06
  0.000000E+00  3.035438E-03  0.000000E+00  0.000000E+00 -1.184355E+06
  1.195349E+03 -5.067643E+04 -1.544850E+06  1.494187E+06  0.000000E+00
 -2.931037E-02  0.000000E+00  0.000000E+00  5.568179E+03  0.000000E+00
  0.000000E+00  0.000000E+00  9.000000E+01  9.000000E+01  9.000000E+01
  0.000000E+00  5.191250E+01  0.000000E+00  3.650861E-02  4.626933E-02
  3.365512E+00  3.960651E+00  4.845500E+01 -1.620545E-01  1.453474E+00
 -1.620545E-01  5.911044E+01  2.963947E-01  1.453474E+00  2.963947E-01
  4.817204E+01
     25140  2.514000E+01        41
 -1.201993E+06  2.923123E+02 -1.203046E+06  2.916582E+05 -1.494705E+06
  0.000000E+00  3.078780E-03  0.000000E+00  0.000000E+00 -1.184624E+06
  8.768864E+02 -5.002188E+04 -1.543809E+06  1.493836E+06  0.000000E+00
 -2.977340E-02  0.000000E+00  0.000000E+00  5.568179E+03  0.000000E+00
  0.000000E+00  0.000000E+00  9.000000E+01  9.000000E+01  9.000000E+01
  0.000000E+00  5.112060E+01  0.000000E+00  4.036016E-02  5.204250E-02
  3.583510E+00  4.512372E+00  5.272385E+01 -5.405518E-01  2.231802E+00
 -5.405518E-01  5.319516E+01 -1.011501E+00  2.231802E+00 -1.011501E+00
  4.744280E+01
     25170  2.517000E+01        41
 -1.201993E+06  3.064469E+02 -1.203097E+06  2.910415E+05 -1.494139E+06
  0.000000E+00  2.989145E-03  0.000000E+00  0.000000E+00 -1.185328E+06
  1.090245E+03 -4.781391E+04 -1.541051E+06  1.493267E+06  0.000000E+00
 -2.889770E-02  0.000000E+00  0.000000E+00  5.568179E+03  0.000000E+00
  0.000000E+00  0.000000E+00  9.000000E+01  9.000000E+01  9.000000E+01
  0.000000E+00  4.904919E+01  0.000000E+00  4.636344E-02  5.388760E-02
  3.522952E+00  4.679114E+00  4.788795E+01 -2.056420E+00 -3.991984E+00
 -2.056420E+00  4.774431E+01  1.108322E-01 -3.991984E+00  1.108322E-01
  5.151530E+01
     25200  2.520000E+01        41
 -1.201993E+06  3.169232E+02 -1.203135E+06  2.916241E+05 -1.494759E+06
  0.000000E+00  3.014607E-03  0.000000E+00  0.000000E+00 -1.184729E+06
  1.251123E+03 -4.953749E+04 -1.543428E+06  1.493892E+06  0.000000E+00
 -2.912886E-02  0.000000E+00  0.000000E+00  5.568179E+03  0.000000E+00
  0.000000E+00  0.000000E+00  9.000000E+01  9.000000E+01  9.000000E+01
  0.000000E+00  5.081029E+01  0.000000E+00  4.860725E-02  5.470986E-02
  3.281334E+00  4.592675E+00  4.718531E+01 -7.309572E-01  1.407806E+00
 -7.309572E-01  5.289699E+01  3.088751E+00  1.407806E+00  3.088751E+00
  5.234857E+01
     25230  2.523000E+01        41
 -1.201993E+06  3.119270E+02 -1.203117E+06  2.917857E+05 -1.494903E+06
  0.000000E+00  3.188228E-03  0.000000E+00  0.000000E+00 -1.184577E+06
  1.237559E+03 -5.002861E+04 -1.544073E+06  1.494031E+06  0.000000E+00
 -3.079220E-02  0.000000E+00  0.000000E+00  5.568179E+03  0.000000E+00
  0.000000E+00  0.000000E+00  9.000000E+01  9.000000E+01  9.000000E+01
  0.000000E+00  5.125711E+01  0.000000E+00  4.677181E-02  5.733130E-02
  3.049342E+00  4.545784E+00  4.702865E+01  2.559401E+00  3.803881E+00
  2.559401E+00  5.111398E+01  2.133173E+00  3.803881E+00  2.133173E+00
  5.562868E+01
     25260  2.526000E+01        41
 -1.201993E+06  3.063662E+02 -1.203097E+06  2.923927E+05 -1.495490E+06
  0.000000E+00  3.028340E-03  0.000000E+00  0.000000E+00 -1.183908E+06
  1.185670E+03 -5.207387E+04 -1.546705E+06  1.494623E+06  0.000000E+00
 -2.922715E-02  0.000000E+00  0.000000E+00  5.568179E+03  0.000000E+00
  0.000000E+00  0.000000E+00  9.000000E+01  9.000000E+01  9.000000E+01
  0.000000E+00  5.322558E+01  0.000000E+00  4.319732E-02  5.254830E-02
  2.901077E+00  4.662457E+00  4.365632E+01  1.288367E-01 -1.621480E-01
  1.288367E-01  6.027525E+01 -1.132209E+00 -1.621480E-01 -1.132209E+00
  5.574516E+01
     25290  2.529000E+01        41
 -1.201993E+06  3.114460E+02 -1.203115E+06  2.925373E+05 -1.495652E+06
  0.000000E+00  3.023374E-03  0.000000E+00  0.000000E+00 -1.183765E+06
  1.151578E+03 -5.246644E+04 -1.547269E+06  1.494785E+06  0.000000E+00
 -2.917552E-02  0.000000E+00  0.000000E+00  5.568179E+03  0.000000E+00
  0.000000E+00  0.000000E+00  9.000000E+01  9.000000E+01  9.000000E+01
  0.000000E+00  5.364748E+01  0.000000E+00  3.686961E-02  4.519660E-02
  2.849263E+00  4.971625E+00  5.289430E+01  1.185125E+00 -8.754165E-02
  1.185125E+00  5.282580E+01  8.527216E-01 -8.754165E-02  8.527216E-01
  5.522232E+01
     25320  2.532000E+01        41
 -1.201993E+06  3.276150E+02 -1.203174E+06  2.926827E+05 -1.495856E+06
  0.000000E+00  2.773745E-03  0.000000E+00  0.000000E+00 -1.183601E+06
  1.147098E+03 -5.284301E+04 -1.547837E+06  1.494977E+06  0.000000E+00
 -2.675780E-02  0.000000E+00  0.000000E+00  5.568179E+03  0.000000E+00
  0.000000E+00  0.000000E+00  9.000000E+01  9.000000E+01  9.000000E+01
  0.000000E+00  5.413137E+01  0.000000E+00  3.259671E-02  4.197009E-02
  2.877745E+00  5.451292E+00  4.870408E+01 -7.720561E-01  7.883048E-01
 -7.720561E-01  5.996437E+01  5.126653E-01  7.883048E-01  5.126653E-01
  5.372566E+01
     25350  2.535000E+01        41
 -1.201993E+06  3.150377E+02 -1.203128E+06  2.929128E+05 -1.496041E+06
  0.000000E+00  3.055980E-03  0.000000E+00  0.000000E+00 -1.183330E+06
  1.095848E+03 -5.374541E+04 -1.548922E+06  1.495157E+06  0.000000E+00
 -2.951540E-02  0.000000E+00  0.000000E+00  5.568179E+03  0.000000E+00
  0.000000E+00  0.000000E+00  9.000000E+01  9.000000E+01  9.000000E+01
  0.000000E+00  5.492899E+01  0.000000E+00  3.319984E-02  4.359361E-02
  2.973329E+00  6.079303E+00  5.203903E+01 -7.284331E-02  1.458962E+00
 -7.284331E-02  5.319053E+01 -4.083845E+00  1.458962E+00 -4.083845E+00
  5.955743E+01
     25380  2.538000E+01        41
 -1.201992E+06  2.934761E+02 -1.203050E+06  2.917207E+05 -1.494771E+06
  0.000000E+00  2.897302E-03  0.000000E+00  0.000000E+00 -1.184685E+06
  1.064018E+03 -4.983340E+04 -1.543752E+06  1.493896E+06  0.000000E+00
 -2.799552E-02  0.000000E+00  0.000000E+00  5.568179E+03  0.000000E+00
  0.000000E+00  0.000000E+00  9.000000E+01  9.000000E+01  9.000000E+01
  0.000000E+00  5.093935E+01  0.000000E+00  3.375628E-02  4.759601E-02
  3.118869E+00  6.817933E+00  4.679597E+01 -5.666487E-01 -2.252902E+00
 -5.666487E-01  5.723279E+01 -3.059460E+00 -2.252902E+00 -3.059460E+00
  4.878929E+01
     25410  2.541000E+01        41
 -1.201992E+06  3.158152E+02 -1.203131E+06  2.914299E+05 -1.494561E+06
  0.000000E+00  2.875434E-03  0.000000E+00  0.000000E+00 -1.184979E+06
  1.029876E+03 -4.879047E+04 -1.542493E+06  1.493684E+06  0.000000E+00
 -2.780302E-02  0.000000E+00  0.000000E+00  5.568179E+03  0.000000E+00
  0.000000E+00  0.000000E+00  9.000000E+01  9.000000E+01  9.000000E+01
  0.000000E+00  5.007499E+01  0.000000E+00  3.841113E-02  5.017193E-02
  3.301816E+00  7.640378E+00  4.977791E+01 -9.303283E-01 -7.429817E-01
 -9.303283E-01  4.845580E+01 -5.440470E-01 -7.429817E-01 -5.440470E-01
  5.199126E+01
     25440  2.544000E+01        41
 -1.201992E+06  3.026805E+02 -1.203083E+06  2.920267E+05 -1.495110E+06
  0.000000E+00  3.090518E-03  0.000000E+00  0.000000E+00 -1.184296E+06
  1.020904E+03 -5.093101E+04 -1.545173E+06  1.494233E+06  0.000000E+00
 -2.985859E-02  0.000000E+00  0.000000E+00  5.568179E+03  0.000000E+00
  0.000000E+00  0.000000E+00  9.000000E+01  9.000000E+01  9.000000E+01
  0.000000E+00  5.208232E+01  0.000000E+00  4.393387E-02  5.517565E-02
  3.510800E+00  8.526877E+00  5.367418E+01 -1.850223E+00  1.821020E-01
 -1.850223E+00  5.493737E+01  6.554006E-01  1.821020E-01  6.554006E-01
  4.763542E+01
     25470  2.547000E+01        41
 -1.201992E+06  3.162176E+02 -1.203132E+06  2.906503E+05 -1.493782E+06
  0.000000E+00  3.067913E-03  0.000000E+00  0.000000E+00 -1.185815E+06
  1.021787E+03 -4.627834E+04 -1.539206E+06  1.492909E+06  0.000000E+00
 -2.964282E-02  0.000000E+00  0.000000E+00  5.568179E+03  0.000000E+00
  0.000000E+00  0.000000E+00  9.000000E+01  9.000000E+01  9.000000E+01
  0.000000E+00  4.761346E+01  0.000000E+00  4.978417E-02  5.901893E-02
  3.745587E+00  9.477451E+00  4.949797E+01  2.912871E+00  3.901011E-01
  2.912871E+00  4.542789E+01  1.108005E+00  3.901011E-01  1.108005E+00
  4.791453E+01
     25500  2.550000E+01        41
 -1.201992E+06  3.061350E+02 -1.203096E+06  2.904694E+05 -1.493565E+06
  0.000000E+00  3.048729E-03  0.000000E+00  0.000000E+00 -1.186008E+06
  1.037936E+03 -4.577204E+04 -1.538483E+06  1.492700E+06  0.000000E+00
 -2.950257E-02  0.000000E+00  0.000000E+00  5.568179E+03  0.000000E+00
  0.000000E+00  0.000000E+00  9.000000E+01  9.000000E+01  9.000000E+01
  0.000000E+00  4.704505E+01  0.000000E+00  5.216030E-02  6.276763E-02
  4.007080E+00  1.049407E+01  4.391637E+01  1.696308E+00  1.645345E+00
  1.696308E+00  5.383269E+01  6.550713E-01  1.645345E+00  6.550713E-01
  4.338608E+01
     25530  2.553000E+01        41
 -1.201993E+06  3.021837E+02 -1.203082E+06  2.901726E+05 -1.493254E+06
  0.000000E+00  3.218506E-03  0.000000E+00  0.000000E+00 -1.186342E+06
  1.018540E+03 -4.479740E+04 -1.537190E+06  1.492386E+06  0.000000E+00
 -3.110348E-02  0.000000E+00  0.000000E+00  5.568179E+03  0.000000E+00
  0.000000E+00  0.000000E+00  9.000000E+01  9.000000E+01  9.000000E+01
  0.000000E+00  4.606139E+01  0.000000E+00  5.111046E-02  6.161143E-02
  4.290272E+00  1.155628E+01  4.274081E+01 -1.573714E+00 -2.193433E-01
 -1.573714E+00  4.348583E+01 -4.086617E+00 -2.193433E-01 -4.086617E+00
  5.195753E+01
     25560  2.556000E+01        41
 -1.201992E+06  3.085341E+02 -1.203104E+06  2.909916E+05 -1.494096E+06
  0.000000E+00  3.139966E-03  0.000000E+00  0.000000E+00 -1.185449E+06
  9.764793E+02 -4.743126E+04 -1.540664E+06  1.493229E+06  0.000000E+00
 -3.034417E-02  0.000000E+00  0.000000E+00  5.568179E+03  0.000000E+00
  0.000000E+00  0.000000E+00  9.000000E+01  9.000000E+01  9.000000E+01
  0.000000E+00  4.869132E+01  0.000000E+00  4.947007E-02  5.804279E-02
  4.593026E+00  1.265093E+01  4.666499E+01 -5.090303E-01 -1.597902E+00
 -5.090303E-01  4.890483E+01  1.206057E+00 -1.597902E+00  1.206057E+00
  5.050413E+01
     25590  2.559000E+01        41
 -1.201992E+06  3.148494E+02 -1.203127E+06  2.914771E+05 -1.494604E+06
  0.000000E+00  2.992509E-03  0.000000E+00  0.000000E+00 -1.184899E+06
  9.590007E+02 -4.903433E+04 -1.542758E+06  1.493729E+06  0.000000E+00
 -2.894677E-02  0.000000E+00  0.000000E+00  5.568179E+03  0.000000E+00
  0.000000E+00  0.000000E+00  9.000000E+01  9.000000E+01  9.000000E+01
  0.000000E+00  5.030913E+01  0.000000E+00  4.869586E-02  5.892518E-02
  4.910664E+00  1.376002E+01  4.657878E+01 -1.068870E+00  2.115046E+00
 -1.068870E+00  5.002145E+01 -2.425071E+00  2.115046E+00 -2.425071E+00
  5.432718E+01
     25620  2.562000E+01        41
 -1.201992E+06  3.092142E+02 -1.203107E+06  2.908148E+05 -1.493921E+06
  0.000000E+00  3.033881E-03  0.000000E+00  0.000000E+00 -1.185666E+06
  9.814353E+02 -4.677421E+04 -1.539818E+06  1.493051E+06  0.000000E+00
 -2.934143E-02  0.000000E+00  0.000000E+00  5.568179E+03  0.000000E+00
  0.000000E+00  0.000000E+00  9.000000E+01  9.000000E+01  9.000000E+01
  0.000000E+00  4.805140E+01  0.000000E+00  4.959872E-02  6.373622E-02
  5.243066E+00  1.487867E+01  4.910392E+01 -1.846815E+00 -2.867121E+00
 -1.846815E+00  4.860230E+01  1.351377E-01 -2.867121E+00  1.351377E-01
  4.644799E+01
     25650  2.565000E+01        41
 -1.201992E+06  3.040967E+02 -1.203088E+06  2.905581E+05 -1.493646E+06
  0.000000E+00  2.988777E-03  0.000000E+00  0.000000E+00 -1.185970E+06
  1.012462E+03 -4.590052E+04 -1.538668E+06  1.492775E+06  0.000000E+00
 -2.889411E-02  0.000000E+00  0.000000E+00  5.568179E+03  0.000000E+00
  0.000000E+00  0.000000E+00  9.000000E+01  9.000000E+01  9.000000E+01
  0.000000E+00  4.715731E+01  0.000000E+00  5.493687E-02  6.619817E-02
  5.588958E+00  1.599579E+01  3.700214E+01 -5.424632E-02 -1.438431E+00
 -5.424632E-02  5.284804E+01  6.807327E+00 -1.438431E+00  6.807327E+00
  5.162174E+01
     25680  2.568000E+01        41
 -1.201992E+06  3.008348E+02 -1.203076E+06  2.913565E+05 -1.494433E+06
  0.000000E+00  2.940577E-03  0.000000E+00  0.000000E+00 -1.185061E+06
  1.060505E+03 -4.864936E+04 -1.542209E+06  1.493561E+06  0.000000E+00
 -2.844855E-02  0.000000E+00  0.000000E+00  5.568179E+03  0.000000E+00
  0.000000E+00  0.000000E+00  9.000000E+01  9.000000E+01  9.000000E+01
  0.000000E+00  4.982986E+01  0.000000E+00  5.825850E-02  6.937642E-02
  5.942740E+00  1.709662E+01  4.423253E+01  1.568648E+00 -3.505389E+00
  1.568648E+00  5.978526E+01 -4.642153E-01 -3.505389E+00 -4.642153E-01
  4.547178E+01
     25710  2.571000E+01        41
 -1.201993E+06  3.120572E+02 -1.203117E+06  2.907638E+05 -1.493881E+06
  0.000000E+00  3.073702E-03  0.000000E+00  0.000000E+00 -1.185691E+06
  1.077454E+03 -4.668210E+04 -1.539689E+06  1.493012E+06  0.000000E+00
 -2.973554E-02  0.000000E+00  0.000000E+00  5.568179E+03  0.000000E+00
  0.000000E+00  0.000000E+00  9.000000E+01  9.000000E+01  9.000000E+01
  0.000000E+00  4.797880E+01  0.000000E+00  6.282147E-02  7.416714E-02
  6.285741E+00  1.813740E+01  4.576194E+01 -8.780771E-01 -1.238623E+00
 -8.780771E-01  5.082517E+01  5.708756E+00 -1.238623E+00  5.708756E+00
  4.734927E+01
     25740  2.574000E+01        41
 -1.201992E+06  3.172192E+02 -1.203136E+06  2.914819E+05 -1.494618E+06
  0.000000E+00  3.025659E-03  0.000000E+00  0.000000E+00 -1.184867E+06
  1.072589E+03 -4.911662E+04 -1.542876E+06  1.493759E+06  0.000000E+00
 -2.927421E-02  0.000000E+00  0.000000E+00  5.568179E+03  0.000000E+00
  0.000000E+00  0.000000E+00  9.000000E+01  9.000000E+01  9.000000E+01
  0.000000E+00  5.040384E+01  0.000000E+00  6.667978E-02  7.469616E-02
  6.618872E+00  1.911650E+01  4.622370E+01 -2.707776E-01  2.384127E-01
 -2.707776E-01  5.308025E+01  2.094152E+00  2.384127E-01  2.094152E+00
  5.190758E+01
     25770  2.577000E+01        41
 -1.201992E+06  3.072047E+02 -1.203100E+06  2.911939E+05 -1.494293E+06
  0.000000E+00  3.015947E-03  0.000000E+00  0.000000E+00 -1.185238E+06
  1.061015E+03 -4.807356E+04 -1.541505E+06  1.493430E+06  0.000000E+00
 -2.912983E-02  0.000000E+00  0.000000E+00  5.568179E+03  0.000000E+00
  0.000000E+00  0.000000E+00  9.000000E+01  9.000000E+01  9.000000E+01
  0.000000E+00  4.930999E+01  0.000000E+00  6.718179E-02  7.727614E-02
  6.931703E+00  2.001190E+01  4.251993E+01  1.701197E+00 -6.202667E+00
  1.701197E+00  5.150425E+01  3.859632E-01 -6.202667E+00  3.859632E-01
  5.390580E+01
     25800  2.580000E+01        41
 -1.201993E+06  3.189185E+02 -1.203142E+06  2.912811E+05 -1.494423E+06
  0.000000E+00  3.123954E-03  0.000000E+00  0.000000E+00 -1.185110E+06
  1.019903E+03 -4.837393E+04 -1.541947E+06  1.493567E+06  0.000000E+00
 -3.022538E-02  0.000000E+00  0.000000E+00  5.568179E+03  0.000000E+00
  0.000000E+00  0.000000E+00  9.000000E+01  9.000000E+01  9.000000E+01
  0.000000E+00  4.968852E+01  0.000000E+00  6.263056E-02  7.413457E-02
  7.217898E+00  2.080964E+01  4.679092E+01 -1.598815E-01  7.748397E-01
 -1.598815E-01  5.212749E+01 -1.223061E+00  7.748397E-01 -1.223061E+00
  5.014715E+01
     25830  2.583000E+01        41
 -1.201992E+06  2.957268E+02 -1.203058E+06  2.911778E+05 -1.494236E+06
  0.000000E+00  3.139070E-03  0.000000E+00  0.000000E+00 -1.185265E+06
  9.845517E+02 -4.807360E+04 -1.541440E+06  1.493371E+06  0.000000E+00
 -3.033700E-02  0.000000E+00  0.000000E+00  5.568179E+03  0.000000E+00
  0.000000E+00  0.000000E+00  9.000000E+01  9.000000E+01  9.000000E+01
  0.000000E+00  4.923073E+01  0.000000E+00  5.811837E-02  6.683379E-02
  7.467703E+00  2.149917E+01  4.949391E+01 -1.467318E-01  5.383600E-01
 -1.467318E-01  4.842578E+01 -4.006258E+00  5.383600E-01 -4.006258E+00
  4.977250E+01
     25860  2.586000E+01        41
 -1.201992E+06  3.148382E+02 -1.203127E+06  2.916147E+05 -1.494742E+06
  0.000000E+00  3.062798E-03  0.000000E+00  0.000000E+00 -1.184769E+06
  9.943689E+02 -4.942574E+04 -1.543303E+06  1.493873E+06  0.000000E+00
 -2.960082E-02  0.000000E+00  0.000000E+00  5.568179E+03  0.000000E+00
  0.000000E+00  0.000000E+00  9.000000E+01  9.000000E+01  9.000000E+01
  0.000000E+00  5.069219E+01  0.000000E+00  4.835762E-02  5.938637E-02
  7.683146E+00  2.209811E+01  4.400572E+01 -5.184069E-01  1.616381E+00
 -5.184069E-01  5.786775E+01 -3.271868E+00  1.616381E+00 -3.271868E+00
  5.020309E+01
     25890  2.589000E+01        41
 -1.201992E+06  3.201310E+02 -1.203146E+06  2.915422E+05 -1.494688E+06
  0.000000E+00  3.073383E-03  0.000000E+00  0.000000E+00 -1.184809E+06
  1.024075E+03 -4.926749E+04 -1.543084E+06  1.493817E+06  0.000000E+00
 -2.970548E-02  0.000000E+00  0.000000E+00  5.568179E+03  0.000000E+00
  0.000000E+00  0.000000E+00  9.000000E+01  9.000000E+01  9.000000E+01
  0.000000E+00  5.057364E+01  0.000000E+00  4.163023E-02  5.141333E-02
  7.870259E+00  2.261414E+01  5.312804E+01 -6.436449E-02  8.765662E-01
 -6.436449E-02  4.907123E+01  1.042236E+00  8.765662E-01  1.042236E+00
  4.952164E+01
     25920  2.592000E+01        41
 -1.201993E+06  3.154563E+02 -1.203130E+06  2.909091E+05 -1.494039E+06
  0.000000E+00  3.085189E-03  0.000000E+00  0.000000E+00 -1.185512E+06
  1.157743E+03 -4.719748E+04 -1.540362E+06  1.493169E+06  0.000000E+00
 -2.978617E-02  0.000000E+00  0.000000E+00  5.568179E+03  0.000000E+00
  0.000000E+00  0.000000E+00  9.000000E+01  9.000000E+01  9.000000E+01
  0.000000E+00  4.850649E+01  0.000000E+00  3.458694E-02  4.630124E-02
  8.023550E+00  2.305340E+01  4.412228E+01  1.017006E+00  2.625938E+00
  1.017006E+00  5.636667E+01 -2.938819E+00  2.625938E+00 -2.938819E+00
  4.503051E+01
     25950  2.595000E+01        41
 -1.201992E+06  3.125219E+02 -1.203119E+06  2.910149E+05 -1.494134E+06
  0.000000E+00  2.922460E-03  0.000000E+00  0.000000E+00 -1.185415E+06
  1.263800E+03 -4.751005E+04 -1.540785E+06  1.493253E+06  0.000000E+00
 -2.824735E-02  0.000000E+00  0.000000E+00  5.568179E+03  0.000000E+00
  0.000000E+00  0.000000E+00  9.000000E+01  9.000000E+01  9.000000E+01
  0.000000E+00  4.878980E+01  0.000000E+00  2.974603E-02  3.978977E-02
  8.134321E+00  2.340300E+01  4.834242E+01 -2.425268E+00  2.433478E+00
 -2.425268E+00  4.759576E+01  1.678334E+00  2.433478E+00  1.678334E+00
  5.043121E+01
     25980  2.598000E+01        41
 -1.201993E+06  3.183767E+02 -1.203140E+06  2.916024E+05 -1.494743E+06
  0.000000E+00  3.098765E-03  0.000000E+00  0.000000E+00 -1.184713E+06
  1.248793E+03 -4.957547E+04 -1.543460E+06  1.493862E+06  0.000000E+00
 -2.996167E-02  0.000000E+00  0.000000E+00  5.568179E+03  0.000000E+00
  0.000000E+00  0.000000E+00  9.000000E+01  9.000000E+01  9.000000E+01
  0.000000E+00  5.085788E+01  0.000000E+00  2.904028E-02  3.840012E-02
  8.199628E+00  2.360746E+01  4.778498E+01  1.318864E+00 -7.932563E-01
  1.318864E+00  5.140178E+01 -1.355184E-01 -7.932563E-01 -1.355184E-01
  5.338688E+01
     26010  2.601000E+01        41
 -1.201992E+06  3.179875E+02 -1.203139E+06  2.902152E+05 -1.493354E+06
  0.000000E+00  2.924886E-03  0.000000E+00  0.000000E+00 -1.186303E+06
  1.175767E+03 -4.480680E+04 -1.537293E+06  1.492471E+06  0.000000E+00
 -2.829382E-02  0.000000E+00  0.000000E+00  5.568179E+03  0.000000E+00
  0.000000E+00  0.000000E+00  9.000000E+01  9.000000E+01  9.000000E+01
  0.000000E+00  4.617853E+01  0.000000E+00  2.616273E-02  3.937369E-02
  8.218799E+00  2.364885E+01  4.400478E+01  1.173858E+00  3.109607E-01
  1.173858E+00  4.392545E+01 -2.593658E+00  3.109607E-01 -2.593658E+00
  5.060537E+01
     26040  2.604000E+01        41
 -1.201992E+06  3.122025E+02 -1.203117E+06  2.911575E+05 -1.494275E+06
  0.000000E+00  2.955161E-03  0.000000E+00  0.000000E+00 -1.185274E+06
  1.097852E+03 -4.793093E+04 -1.541324E+06  1.493391E+06  0.000000E+00
 -2.859007E-02  0.000000E+00  0.000000E+00  5.568179E+03  0.000000E+00
  0.000000E+00  0.000000E+00  9.000000E+01  9.000000E+01  9.000000E+01
  0.000000E+00  4.920451E+01  0.000000E+00  2.787060E-02  3.695847E-02
  8.203212E+00  2.354711E+01  4.428745E+01 -1.821602E-01  4.827429E+00
 -1.821602E-01  5.455033E+01  3.207077E+00  4.827429E+00  3.207077E+00
  4.877576E+01
     26070  2.607000E+01        41
 -1.201992E+06  2.877193E+02 -1.203029E+06  2.920364E+05 -1.495065E+06
  0.000000E+00  3.150310E-03  0.000000E+00  0.000000E+00 -1.184333E+06
  1.024274E+03 -5.092723E+04 -1.545107E+06  1.494183E+06  0.000000E+00
 -3.048630E-02  0.000000E+00  0.000000E+00  5.568179E+03  0.000000E+00
  0.000000E+00  0.000000E+00  9.000000E+01  9.000000E+01  9.000000E+01
  0.000000E+00  5.197273E+01  0.000000E+00  3.010799E-02  3.804332E-02
  8.162602E+00  2.332591E+01  5.528769E+01 -5.022054E-01  3.927537E-01
 -5.022054E-01  5.402058E+01 -1.094931E+00  3.927537E-01 -1.094931E+00
  4.660993E+01
     26100  2.610000E+01        41
 -1.201993E+06  3.146622E+02 -1.203127E+06  2.907149E+05 -1.493842E+06
  0.000000E+00  2.959492E-03  0.000000E+00  0.000000E+00 -1.185741E+06
  9.744658E+02 -4.651065E+04 -1.539460E+06  1.492962E+06  0.000000E+00
 -2.861562E-02  0.000000E+00  0.000000E+00  5.568179E+03  0.000000E+00
  0.000000E+00  0.000000E+00  9.000000E+01  9.000000E+01  9.000000E+01
  0.000000E+00  4.783153E+01  0.000000E+00  3.087975E-02  4.150014E-02
  8.105241E+00  2.299930E+01  4.184461E+01  2.591637E-01 -1.943820E+00
  2.591637E-01  5.368445E+01  6.879849E-01 -1.943820E+00  6.879849E-01
  4.796552E+01
     26130  2.613000E+01        41
 -1.201993E+06  3.163251E+02 -1.203133E+06  2.910747E+05 -1.494207E+06
  0.000000E+00  3.027926E-03  0.000000E+00  0.000000E+00 -1.185269E+06
  9.972779E+02 -4.791623E+04 -1.541218E+06  1.493340E+06  0.000000E+00
 -2.927405E-02  0.000000E+00  0.000000E+00  5.568179E+03  0.000000E+00
  0.000000E+00  0.000000E+00  9.000000E+01  9.000000E+01  9.000000E+01
  0.000000E+00  4.922170E+01  0.000000E+00  3.485703E-02  4.289998E-02
  8.038255E+00  2.258027E+01  4.047223E+01  1.581969E+00  1.788280E+00
  1.581969E+00  5.500499E+01 -1.387190E+00  1.788280E+00 -1.387190E+00
  5.218789E+01
     26160  2.616000E+01        41
 -1.201993E+06  3.323543E+02 -1.203191E+06  2.925272E+05 -1.495718E+06
  0.000000E+00  3.116485E-03  0.000000E+00  0.000000E+00 -1.183689E+06
  1.065940E+03 -5.254181E+04 -1.547369E+06  1.494848E+06  0.000000E+00
 -3.009638E-02  0.000000E+00  0.000000E+00  5.568179E+03  0.000000E+00
  0.000000E+00  0.000000E+00  9.000000E+01  9.000000E+01  9.000000E+01
  0.000000E+00  5.387138E+01  0.000000E+00  3.654661E-02  4.622662E-02
  7.963082E+00  2.205654E+01  4.892916E+01  5.816703E-01 -2.418733E+00
  5.816703E-01  5.452787E+01  3.208518E+00 -2.418733E+00  3.208518E+00
  5.815712E+01
     26190  2.619000E+01        41
 -1.201993E+06  3.177502E+02 -1.203138E+06  2.911820E+05 -1.494320E+06
  0.000000E+00  2.845688E-03  0.000000E+00  0.000000E+00 -1.185189E+06
  1.007488E+03 -4.814420E+04 -1.541571E+06  1.493449E+06  0.000000E+00
 -2.754667E-02  0.000000E+00  0.000000E+00  5.568179E+03  0.000000E+00
  0.000000E+00  0.000000E+00  9.000000E+01  9.000000E+01  9.000000E+01
  0.000000E+00  4.945519E+01  0.000000E+00  3.900500E-02  5.270731E-02
  7.881489E+00  2.145201E+01  4.587403E+01 -1.435673E+00  3.574117E+00
 -1.435673E+00  4.987528E+01  6.823373E-01  3.574117E+00  6.823373E-01
  5.261626E+01
     26220  2.622000E+01        41
 -1.201992E+06  3.152416E+02 -1.203129E+06  2.920938E+05 -1.495222E+06
  0.000000E+00  3.161249E-03  0.000000E+00  0.000000E+00 -1.184168E+06
  7.779404E+02 -5.122145E+04 -1.545494E+06  1.494354E+06  0.000000E+00
 -3.054366E-02  0.000000E+00  0.000000E+00  5.568179E+03  0.000000E+00
  0.000000E+00  0.000000E+00  9.000000E+01  9.000000E+01  9.000000E+01
  0.000000E+00  5.246204E+01  0.000000E+00  4.499694E-02  5.141166E-02
  7.780249E+00  2.080769E+01  5.045776E+01 -2.763483E+00 -1.692735E+00
 -2.763483E+00  5.015221E+01  2.539666E+00 -1.692735E+00  2.539666E+00
  5.677615E+01
     26250  2.625000E+01        41
 -1.201992E+06  2.952974E+02 -1.203057E+06  2.920116E+05 -1.495068E+06
  0.000000E+00  3.017071E-03  0.000000E+00  0.000000E+00 -1.184358E+06
  7.010464E+02 -5.079157E+04 -1.544951E+06  1.494202E+06  0.000000E+00
 -2.917915E-02  0.000000E+00  0.000000E+00  5.568179E+03  0.000000E+00
  0.000000E+00  0.000000E+00  9.000000E+01  9.000000E+01  9.000000E+01
  0.000000E+00  5.190114E+01  0.000000E+00  4.420143E-02  5.567382E-02
  7.622651E+00  2.013345E+01  4.597241E+01  7.985060E-01 -3.847304E-01
  7.985060E-01  5.986888E+01  2.058594E+00 -3.847304E-01  2.058594E+00
  4.986213E+01
     26280  2.628000E+01        41
 -1.201992E+06  3.038226E+02 -1.203087E+06  2.928002E+05 -1.495888E+06
  0.000000E+00  3.257424E-03  0.000000E+00  0.000000E+00 -1.183455E+06
  8.029836E+02 -5.344073E+04 -1.548404E+06  1.495016E+06  0.000000E+00
 -3.146927E-02  0.000000E+00  0.000000E+00  5.568179E+03  0.000000E+00
  0.000000E+00  0.000000E+00  9.000000E+01  9.000000E+01  9.000000E+01
  0.000000E+00  5.455794E+01  0.000000E+00  4.395359E-02  5.344188E-02
  7.400202E+00  1.938095E+01  4.926625E+01  2.084086E-01  3.107624E+00
  2.084086E-01  5.948964E+01  1.655121E+00  3.107624E+00  1.655121E+00
  5.491793E+01
     26310  2.631000E+01        41
 -1.201992E+06  3.173639E+02 -1.203136E+06  2.921764E+05 -1.495313E+06
  0.000000E+00  2.879243E-03  0.000000E+00  0.000000E+00 -1.184137E+06
  1.111874E+03 -5.130496E+04 -1.545729E+06  1.494440E+06  0.000000E+00
 -2.784370E-02  0.000000E+00  0.000000E+00  5.568179E+03  0.000000E+00
  0.000000E+00  0.000000E+00  9.000000E+01  9.000000E+01  9.000000E+01
  0.000000E+00  5.255081E+01  0.000000E+00  4.259593E-02  5.132057E-02
  7.091298E+00  1.846341E+01  4.773515E+01 -1.647647E+00  1.176384E+00
 -1.647647E+00  6.258476E+01 -3.436350E+00  1.176384E+00 -3.436350E+00
  4.733252E+01
     26340  2.634000E+01        41
 -1.201993E+06  3.126215E+02 -1.203120E+06  2.922179E+05 -1.495337E+06
  0.000000E+00  3.144157E-03  0.000000E+00  0.000000E+00 -1.184122E+06
  1.180147E+03 -5.138923E+04 -1.545877E+06  1.494471E+06  0.000000E+00
 -3.038592E-02  0.000000E+00  0.000000E+00  5.568179E+03  0.000000E+00
  0.000000E+00  0.000000E+00  9.000000E+01  9.000000E+01  9.000000E+01
  0.000000E+00  5.259828E+01  0.000000E+00  4.134193E-02  5.156325E-02
  6.746969E+00  1.743747E+01  4.928828E+01  1.256687E-01 -8.458386E-01
  1.256687E-01  5.312657E+01  1.510514E+00 -8.458386E-01  1.510514E+00
  5.537998E+01
     26370  2.637000E+01        41
 -1.201993E+06  3.151360E+02 -1.203129E+06  2.923308E+05 -1.495460E+06
  0.000000E+00  3.039217E-03  0.000000E+00  0.000000E+00 -1.183961E+06
  1.182875E+03 -5.185241E+04 -1.546458E+06  1.494587E+06  0.000000E+00
 -2.933051E-02  0.000000E+00  0.000000E+00  5.568179E+03  0.000000E+00
  0.000000E+00  0.000000E+00  9.000000E+01  9.000000E+01  9.000000E+01
  0.000000E+00  5.307041E+01  0.000000E+00  3.985167E-02  5.026724E-02
  6.425013E+00  1.640231E+01  5.661937E+01  1.762456E+00 -3.018056E+00
  1.762456E+00  4.846576E+01 -1.843043E+00 -3.018056E+00 -1.843043E+00
  5.412608E+01
     26400  2.640000E+01        41
 -1.201993E+06  3.138088E+02 -1.203124E+06  2.913036E+05 -1.494427E+06
  0.000000E+00  3.079405E-03  0.000000E+00  0.000000E+00 -1.185126E+06
  1.159924E+03 -4.836757E+04 -1.541945E+06  1.493554E+06  0.000000E+00
 -2.975007E-02  0.000000E+00  0.000000E+00  5.568179E+03  0.000000E+00
  0.000000E+00  0.000000E+00  9.000000E+01  9.000000E+01  9.000000E+01
  0.000000E+00  4.964272E+01  0.000000E+00  3.819937E-02  4.807948E-02
  6.140432E+00  1.539577E+01  4.146194E+01  1.182738E+00 -2.147002E+00
  1.182738E+00  5.315064E+01  9.691436E-01 -2.147002E+00  9.691436E-01
  5.431558E+01
     26430  2.643000E+01        41
 -1.201993E+06  3.281561E+02 -1.203176E+06  2.920492E+05 -1.495225E+06
  0.000000E+00  2.801709E-03  0.000000E+00  0.000000E+00 -1.184242E+06
  1.182068E+03 -5.091609E+04 -1.545277E+06  1.494346E+06  0.000000E+00
 -2.710862E-02  0.000000E+00  0.000000E+00  5.568179E+03  0.000000E+00
  0.000000E+00  0.000000E+00  9.000000E+01  9.000000E+01  9.000000E+01
  0.000000E+00  5.224391E+01  0.000000E+00  3.467077E-02  4.555523E-02
  5.903309E+00  1.444331E+01  5.455381E+01  4.789486E-01 -4.252024E+00
  4.789486E-01  5.599168E+01 -1.505210E+00 -4.252024E+00 -1.505210E+00
  4.618624E+01
     26460  2.646000E+01        41
 -1.201993E+06  3.268058E+02 -1.203171E+06  2.921572E+05 -1.495328E+06
  0.000000E+00  2.948955E-03  0.000000E+00  0.000000E+00 -1.184111E+06
  1.193187E+03 -5.131865E+04 -1.545773E+06  1.494445E+06  0.000000E+00
 -2.851600E-02  0.000000E+00  0.000000E+00  5.568179E+03  0.000000E+00
  0.000000E+00  0.000000E+00  9.000000E+01  9.000000E+01  9.000000E+01
  0.000000E+00  5.262903E+01  0.000000E+00  3.479240E-02  4.340200E-02
  5.722963E+00  1.356678E+01  4.770334E+01 -8.618813E-01  2.724999E-01
 -8.618813E-01  5.580866E+01  1.547384E+00  2.724999E-01  1.547384E+00
  5.437507E+01
     26490  2.649000E+01        41
 -1.201993E+06  3.204171E+02 -1.203147E+06  2.917618E+05 -1.494909E+06
  0.000000E+00  2.822323E-03  0.000000E+00  0.000000E+00 -1.184548E+06
  1.093952E+03 -5.004985E+04 -1.544041E+06  1.494017E+06  0.000000E+00
 -2.729606E-02  0.000000E+00  0.000000E+00  5.568179E+03  0.000000E+00
  0.000000E+00  0.000000E+00  9.000000E+01  9.000000E+01  9.000000E+01
  0.000000E+00  5.134150E+01  0.000000E+00  3.479298E-02  4.498859E-02
  5.620408E+00  1.283265E+01  4.611192E+01 -8.666502E-01  1.432834E+00
 -8.666502E-01  5.483161E+01  3.252144E-01  1.432834E+00  3.252144E-01
  5.308097E+01
     26520  2.652000E+01        41
 -1.201993E+06  3.230493E+02 -1.203157E+06  2.928467E+05 -1.496004E+06
  0.000000E+00  3.041883E-03  0.000000E+00  0.000000E+00 -1.183283E+06
  7.679151E+02 -5.382001E+04 -1.548802E+06  1.495118E+06  0.000000E+00
 -2.940579E-02  0.000000E+00  0.000000E+00  5.568179E+03  0.000000E+00
  0.000000E+00  0.000000E+00  9.000000E+01  9.000000E+01  9.000000E+01
  0.000000E+00  5.506686E+01  0.000000E+00  3.540923E-02  4.633340E-02
  5.628311E+00  1.239049E+01  5.299598E+01  1.463747E+00  2.204110E-01
  1.463747E+00  5.489287E+01  8.232859E-01  2.204110E-01  8.232859E-01
  5.731175E+01
     26550  2.655000E+01        41
 -1.201993E+06  3.079517E+02 -1.203102E+06  2.918433E+05 -1.494946E+06
  0.000000E+00  2.853576E-03  0.000000E+00  0.000000E+00 -1.184396E+06
  2.842760E+02 -5.057649E+04 -1.544496E+06  1.494063E+06  0.000000E+00
 -2.758957E-02  0.000000E+00  0.000000E+00  5.568179E+03  0.000000E+00
  0.000000E+00  0.000000E+00  9.000000E+01  9.000000E+01  9.000000E+01
  0.000000E+00  5.178982E+01  0.000000E+00  3.794763E-02  4.672760E-02
  5.741492E+00  1.239788E+01  5.025375E+01  3.910844E-01 -6.157532E-01
  3.910844E-01  5.028951E+01  1.804506E+00 -6.157532E-01  1.804506E+00
  5.482620E+01
     26580  2.658000E+01        41
 -1.201992E+06  2.959230E+02 -1.203059E+06  2.927631E+05 -1.495822E+06
  0.000000E+00  3.093924E-03  0.000000E+00  0.000000E+00 -1.183415E+06
  1.137525E+02 -5.360328E+04 -1.548465E+06  1.494941E+06  0.000000E+00
 -2.986823E-02  0.000000E+00  0.000000E+00  5.568179E+03  0.000000E+00
  0.000000E+00  0.000000E+00  9.000000E+01  9.000000E+01  9.000000E+01
  0.000000E+00  5.467841E+01  0.000000E+00  4.312521E-02  4.951219E-02
  5.890942E+00  1.272197E+01  5.424554E+01 -2.031253E+00 -5.174118E+00
 -2.031253E+00  5.396260E+01  9.383010E-01 -5.174118E+00  9.383010E-01
  5.582709E+01
     26610  2.661000E+01        41
 -1.201993E+06  3.176519E+02 -1.203138E+06  2.931935E+05 -1.496331E+06
  0.000000E+00  3.124465E-03  0.000000E+00  0.000000E+00 -1.182968E+06
  1.417114E+02 -5.478704E+04 -1.550191E+06  1.495458E+06  0.000000E+00
 -3.015795E-02  0.000000E+00  0.000000E+00  5.568179E+03  0.000000E+00
  0.000000E+00  0.000000E+00  9.000000E+01  9.000000E+01  9.000000E+01
  0.000000E+00  5.599274E+01  0.000000E+00  4.277712E-02  5.266007E-02
  6.058314E+00  1.315542E+01  5.113162E+01 -9.812935E-01 -1.032411E-02
 -9.812935E-01  5.934234E+01 -7.883412E-01 -1.032411E-02 -7.883412E-01
  5.750426E+01
     26640  2.664000E+01        41
 -1.201992E+06  2.849267E+02 -1.203019E+06  2.915644E+05 -1.494584E+06
  0.000000E+00  3.052910E-03  0.000000E+00  0.000000E+00 -1.184830E+06
  2.090902E+02 -4.943879E+04 -1.543132E+06  1.493708E+06  0.000000E+00
 -2.949604E-02  0.000000E+00  0.000000E+00  5.568179E+03  0.000000E+00
  0.000000E+00  0.000000E+00  9.000000E+01  9.000000E+01  9.000000E+01
  0.000000E+00  5.051266E+01  0.000000E+00  4.603120E-02  5.688995E-02
  6.227885E+00  1.360342E+01  4.933039E+01  7.972258E-01 -3.758779E+00
  7.972258E-01  5.727330E+01  4.158197E+00 -3.758779E+00  4.158197E+00
  4.493431E+01
     26670  2.667000E+01        41
 -1.201993E+06  3.081107E+02 -1.203103E+06  2.925092E+05 -1.495613E+06
  0.000000E+00  3.070562E-03  0.000000E+00  0.000000E+00 -1.183758E+06
  2.516567E+02 -5.248881E+04 -1.547251E+06  1.494741E+06  0.000000E+00
 -2.967435E-02  0.000000E+00  0.000000E+00  5.568179E+03  0.000000E+00
  0.000000E+00  0.000000E+00  9.000000E+01  9.000000E+01  9.000000E+01
  0.000000E+00  5.366786E+01  0.000000E+00  4.969839E-02  5.685184E-02
  6.416269E+00  1.406581E+01  5.037013E+01  9.161850E-01 -1.726895E+00
  9.161850E-01  5.927962E+01 -2.626207E+00 -1.726895E+00 -2.626207E+00
  5.135383E+01
     26700  2.670000E+01        41
 -1.201992E+06  2.848415E+02 -1.203019E+06  2.917553E+05 -1.494774E+06
  0.000000E+00  3.231676E-03  0.000000E+00  0.000000E+00 -1.184648E+06
  2.536605E+02 -4.998523E+04 -1.543906E+06  1.493907E+06  0.000000E+00
 -3.119261E-02  0.000000E+00  0.000000E+00  5.568179E+03  0.000000E+00
  0.000000E+00  0.000000E+00  9.000000E+01  9.000000E+01  9.000000E+01
  0.000000E+00  5.104707E+01  0.000000E+00  4.754689E-02  6.162111E-02
  6.632099E+00  1.453676E+01  4.513286E+01 -1.892237E+00 -2.661426E+00
 -1.892237E+00  6.031084E+01 -2.118214E+00 -2.661426E+00 -2.118214E+00
  4.769751E+01
     26730  2.673000E+01        41
 -1.201993E+06  3.078359E+02 -1.203102E+06  2.921063E+05 -1.495209E+06
  0.000000E+00  3.062002E-03  0.000000E+00  0.000000E+00 -1.184233E+06
  2.366378E+02 -5.106775E+04 -1.545424E+06  1.494345E+06  0.000000E+00
 -2.960890E-02  0.000000E+00  0.000000E+00  5.568179E+03  0.000000E+00
  0.000000E+00  0.000000E+00  9.000000E+01  9.000000E+01  9.000000E+01
  0.000000E+00  5.227213E+01  0.000000E+00  4.873454E-02  5.886807E-02
  6.863305E+00  1.498938E+01  4.854680E+01 -1.043098E+00  1.176293E+00
 -1.043098E+00  5.638843E+01  1.958601E+00  1.176293E+00  1.958601E+00
  5.188116E+01
     26760  2.676000E+01        41
 -1.201993E+06  3.187790E+02 -1.203142E+06  2.928189E+05 -1.495961E+06
  0.000000E+00  2.997257E-03  0.000000E+00  0.000000E+00 -1.183452E+06
  2.344946E+02 -5.333138E+04 -1.548432E+06  1.495093E+06  0.000000E+00
 -2.896744E-02  0.000000E+00  0.000000E+00  5.568179E+03  0.000000E+00
  0.000000E+00  0.000000E+00  9.000000E+01  9.000000E+01  9.000000E+01
  0.000000E+00  5.457034E+01  0.000000E+00  4.652827E-02  5.902117E-02
  7.100660E+00  1.540960E+01  5.316602E+01  1.460388E+00  2.469636E+00
  1.460388E+00  5.818748E+01 -1.903261E+00  2.469636E+00 -1.903261E+00
  5.235753E+01
     26790  2.679000E+01        41
 -1.201993E+06  3.138144E+02 -1.203124E+06  2.920570E+05 -1.495181E+06
  0.000000E+00  2.818240E-03  0.000000E+00  0.000000E+00 -1.184277E+06
  2.303517E+02 -5.089006E+04 -1.545189E+06  1.494307E+06  0.000000E+00
 -2.724354E-02  0.000000E+00  0.000000E+00  5.568179E+03  0.000000E+00
  0.000000E+00  0.000000E+00  9.000000E+01  9.000000E+01  9.000000E+01
  0.000000E+00  5.214023E+01  0.000000E+00  4.824638E-02  5.947281E-02
  7.324328E+00  1.576705E+01  4.597471E+01  2.585763E+00  3.599274E+00
  2.585763E+00  5.544478E+01  1.130902E+00  3.599274E+00  1.130902E+00
  5.500121E+01
     26820  2.682000E+01        41
 -1.201993E+06  3.103641E+02 -1.203111E+06  2.933314E+05 -1.496443E+06
  0.000000E+00  3.124805E-03  0.000000E+00  0.000000E+00 -1.182849E+06
  2.616240E+02 -5.520059E+04 -1.550767E+06  1.495573E+06  0.000000E+00
 -3.015756E-02  0.000000E+00  0.000000E+00  5.568179E+03  0.000000E+00
  0.000000E+00  0.000000E+00  9.000000E+01  9.000000E+01  9.000000E+01
  0.000000E+00  5.634398E+01  0.000000E+00  5.052947E-02  6.354885E-02
  7.499314E+00  1.599563E+01  5.115170E+01 -8.137087E-01 -3.007272E+00
 -8.137087E-01  6.023328E+01  3.687551E+00 -3.007272E+00  3.687551E+00
  5.764697E+01
     26850  2.685000E+01        41
 -1.201993E+06  2.995164E+02 -1.203072E+06  2.909332E+05 -1.494005E+06
  0.000000E+00  3.026421E-03  0.000000E+00  0.000000E+00 -1.185561E+06
  2.928388E+02 -4.714373E+04 -1.540264E+06  1.493129E+06  0.000000E+00
 -2.926497E-02  0.000000E+00  0.000000E+00  5.568179E+03  0.000000E+00
  0.000000E+00  0.000000E+00  9.000000E+01  9.000000E+01  9.000000E+01
  0.000000E+00  4.836219E+01  0.000000E+00  5.696657E-02  6.668451E-02
  7.630836E+00  1.611824E+01  4.167430E+01 -5.653864E-01  5.109101E-01
 -5.653864E-01  5.723053E+01 -3.374264E+00  5.109101E-01 -3.374264E+00
  4.618174E+01
     26880  2.688000E+01        41
 -1.201992E+06  2.989387E+02 -1.203070E+06  2.914838E+05 -1.494553E+06
  0.000000E+00  3.257736E-03  0.000000E+00  0.000000E+00 -1.184963E+06
  3.362107E+02 -4.894138E+04 -1.542626E+06  1.493682E+06  0.000000E+00
 -3.152997E-02  0.000000E+00  0.000000E+00  5.568179E+03  0.000000E+00
  0.000000E+00  0.000000E+00  9.000000E+01  9.000000E+01  9.000000E+01
  0.000000E+00  5.012065E+01  0.000000E+00  5.878832E-02  6.577703E-02
  7.721844E+00  1.615775E+01  4.251973E+01 -8.114459E-02 -2.286286E+00
 -8.114459E-02  5.330647E+01 -9.543962E-01 -2.286286E+00 -9.543962E-01
  5.453576E+01
     26910  2.691000E+01        41
 -1.201993E+06  3.109796E+02 -1.203114E+06  2.919512E+05 -1.495065E+06
  0.000000E+00  2.985351E-03  0.000000E+00  0.000000E+00 -1.184364E+06
  3.225701E+02 -5.065208E+04 -1.544841E+06  1.494189E+06  0.000000E+00
 -2.887631E-02  0.000000E+00  0.000000E+00  5.568179E+03  0.000000E+00
  0.000000E+00  0.000000E+00  9.000000E+01  9.000000E+01  9.000000E+01
  0.000000E+00  5.188446E+01  0.000000E+00  5.135576E-02  6.517505E-02
  7.794207E+00  1.616808E+01  5.148912E+01  8.097213E-01 -3.127383E+00
  8.097213E-01  4.538138E+01  8.679852E-01 -3.127383E+00  8.679852E-01
  5.878289E+01
     26940  2.694000E+01        41
 -1.201993E+06  3.097288E+02 -1.203109E+06  2.910664E+05 -1.494175E+06
  0.000000E+00  3.083940E-03  0.000000E+00  0.000000E+00 -1.185347E+06
  2.749354E+02 -4.770999E+04 -1.541004E+06  1.493303E+06  0.000000E+00
 -2.981344E-02  0.000000E+00  0.000000E+00  5.568179E+03  0.000000E+00
  0.000000E+00  0.000000E+00  9.000000E+01  9.000000E+01  9.000000E+01
  0.000000E+00  4.899039E+01  0.000000E+00  4.738478E-02  5.559649E-02
  7.856389E+00  1.619411E+01  4.807149E+01 -4.426973E-01 -2.469291E+00
 -4.426973E-01  4.537242E+01 -3.613507E+00 -2.469291E+00 -3.613507E+00
  5.352726E+01
     26970  2.697000E+01        41
 -1.201993E+06  3.255088E+02 -1.203167E+06  2.912860E+05 -1.494453E+06
  0.000000E+00  2.915279E-03  0.000000E+00  0.000000E+00 -1.185019E+06
  2.622077E+02 -4.858401E+04 -1.542147E+06  1.493570E+06  0.000000E+00
 -2.821777E-02  0.000000E+00  0.000000E+00  5.568179E+03  0.000000E+00
  0.000000E+00  0.000000E+00  9.000000E+01  9.000000E+01  9.000000E+01
  0.000000E+00  4.995978E+01  0.000000E+00  4.014016E-02  5.158000E-02
  7.904469E+00  1.626504E+01  5.208483E+01  5.932823E-01 -1.325675E+00
  5.932823E-01  4.883753E+01  1.376378E+00 -1.325675E+00  1.376378E+00
  4.895697E+01
     27000  2.700000E+01        41
 -1.201993E+06  3.154372E+02 -1.203130E+06  2.916975E+05 -1.494828E+06
  0.000000E+00  3.019402E-03  0.000000E+00  0.000000E+00 -1.184613E+06
  2.519501E+02 -4.987214E+04 -1.543821E+06  1.493955E+06  0.000000E+00
 -2.920582E-02  0.000000E+00  0.000000E+00  5.568179E+03  0.000000E+00
  0.000000E+00  0.000000E+00  9.000000E+01  9.000000E+01  9.000000E+01
  0.000000E+00  5.115254E+01  0.000000E+00  3.731468E-02  4.778053E-02
  7.947202E+00  1.639347E+01  4.425565E+01 -1.128852E+00  1.195247E+00
 -1.128852E+00  5.656993E+01  1.962128E-01  1.195247E+00  1.962128E-01
  5.263203E+01
     27030  2.703000E+01        41
 -1.201993E+06  3.163702E+02 -1.203134E+06  2.914702E+05 -1.494604E+06
  0.000000E+00  2.830382E-03  0.000000E+00  0.000000E+00 -1.184891E+06
  2.497044E+02 -4.903302E+04 -1.542755E+06  1.493728E+06  0.000000E+00
 -2.732858E-02  0.000000E+00  0.000000E+00  5.568179E+03  0.000000E+00
  0.000000E+00  0.000000E+00  9.000000E+01  9.000000E+01  9.000000E+01
  0.000000E+00  5.033596E+01  0.000000E+00  3.440829E-02  4.543882E-02
  7.980731E+00  1.653082E+01  4.957976E+01 -1.544182E+00  1.006263E+00
 -1.544182E+00  5.552593E+01 -3.233630E+00  1.006263E+00 -3.233630E+00
  4.590219E+01
     27060  2.706000E+01        41
 -1.201993E+06  3.230399E+02 -1.203158E+06  2.922341E+05 -1.495392E+06
  0.000000E+00  3.027638E-03  0.000000E+00  0.000000E+00 -1.184039E+06
  2.317307E+02 -5.154060E+04 -1.546063E+06  1.494528E+06  0.000000E+00
 -2.930804E-02  0.000000E+00  0.000000E+00  5.568179E+03  0.000000E+00
  0.000000E+00  0.000000E+00  9.000000E+01  9.000000E+01  9.000000E+01
  0.000000E+00  5.284367E+01  0.000000E+00  3.573505E-02  4.566379E-02
  8.010670E+00  1.667315E+01  5.313487E+01  7.401871E-01  6.059050E-01
  7.401871E-01  5.364393E+01  1.396789E+00  6.059050E-01  1.396789E+00
  5.175222E+01
     27090  2.709000E+01        41
 -1.201993E+06  3.131097E+02 -1.203121E+06  2.918016E+05 -1.494923E+06
  0.000000E+00  2.881898E-03  0.000000E+00  0.000000E+00 -1.184586E+06
  1.862555E+02 -4.996689E+04 -1.543996E+06  1.494042E+06  0.000000E+00
 -2.784964E-02  0.000000E+00  0.000000E+00  5.568179E+03  0.000000E+00
  0.000000E+00  0.000000E+00  9.000000E+01  9.000000E+01  9.000000E+01
  0.000000E+00  5.123064E+01  0.000000E+00  3.888870E-02  4.880330E-02
  8.037887E+00  1.679917E+01  5.290579E+01 -7.423091E-01  1.731611E+00
 -7.423091E-01  5.410459E+01  1.904247E+00  1.731611E+00  1.904247E+00
  4.668154E+01
     27120  2.712000E+01        41
 -1.201992E+06  2.985250E+02 -1.203068E+06  2.931736E+05 -1.496242E+06
  0.000000E+00  3.239354E-03  0.000000E+00  0.000000E+00 -1.183055E+06
  1.400044E+02 -5.466479E+04 -1.550025E+06  1.495379E+06  0.000000E+00
 -3.129180E-02  0.000000E+00  0.000000E+00  5.568179E+03  0.000000E+00
  0.000000E+00  0.000000E+00  9.000000E+01  9.000000E+01  9.000000E+01
  0.000000E+00  5.573758E+01  0.000000E+00  4.450661E-02  5.208275E-02
  8.042628E+00  1.684691E+01  5.453609E+01  1.836245E-01  3.406038E+00
  1.836245E-01  5.652077E+01 -1.087251E+00  3.406038E+00 -1.087251E+00
  5.615587E+01
     27150  2.715000E+01        41
 -1.201993E+06  2.953128E+02 -1.203057E+06  2.911376E+05 -1.494195E+06
  0.000000E+00  3.013673E-03  0.000000E+00  0.000000E+00 -1.185306E+06
  1.171166E+02 -4.793341E+04 -1.541245E+06  1.493324E+06  0.000000E+00
 -2.913415E-02  0.000000E+00  0.000000E+00  5.568179E+03  0.000000E+00
  0.000000E+00  0.000000E+00  9.000000E+01  9.000000E+01  9.000000E+01
  0.000000E+00  4.911149E+01  0.000000E+00  4.561196E-02  5.811366E-02
  8.030323E+00  1.682731E+01  4.106904E+01  3.901801E-01 -3.036242E-01
  3.901801E-01  5.274790E+01  3.171063E+00 -3.036242E-01  3.171063E+00
  5.351753E+01
     27180  2.718000E+01        41
 -1.201993E+06  3.127688E+02 -1.203120E+06  2.913581E+05 -1.494478E+06
  0.000000E+00  3.154009E-03  0.000000E+00  0.000000E+00 -1.184999E+06
  8.656148E+01 -4.873015E+04 -1.542321E+06  1.493610E+06  0.000000E+00
 -3.049617E-02  0.000000E+00  0.000000E+00  5.568179E+03  0.000000E+00
  0.000000E+00  0.000000E+00  9.000000E+01  9.000000E+01  9.000000E+01
  0.000000E+00  5.001734E+01  0.000000E+00  4.482864E-02  5.483874E-02
  8.030270E+00  1.681065E+01  4.838979E+01 -1.818964E+00 -4.743978E-01
 -1.818964E+00  5.487337E+01 -1.797575E+00 -4.743978E-01 -1.797575E+00
  4.678886E+01
     27210  2.721000E+01        41
 -1.201993E+06  3.170751E+02 -1.203136E+06  2.918484E+05 -1.494984E+06
  0.000000E+00  3.099109E-03  0.000000E+00  0.000000E+00 -1.184436E+06
  7.358626E+01 -5.038567E+04 -1.544479E+06  1.494112E+06  0.000000E+00
 -2.994914E-02  0.000000E+00  0.000000E+00  5.568179E+03  0.000000E+00
  0.000000E+00  0.000000E+00  9.000000E+01  9.000000E+01  9.000000E+01
  0.000000E+00  5.167230E+01  0.000000E+00  4.174858E-02  4.948826E-02
  8.045757E+00  1.679957E+01  4.524349E+01  1.781959E+00 -2.368906E-01
  1.781959E+00  5.636703E+01 -8.951240E-01 -2.368906E-01 -8.951240E-01
  5.340637E+01
     27240  2.724000E+01        41
 -1.201993E+06  3.096121E+02 -1.203109E+06  2.912446E+05 -1.494353E+06
  0.000000E+00  3.032273E-03  0.000000E+00  0.000000E+00 -1.185133E+06
  9.391653E+01 -4.835044E+04 -1.541794E+06  1.493484E+06  0.000000E+00
 -2.931438E-02  0.000000E+00  0.000000E+00  5.568179E+03  0.000000E+00
  0.000000E+00  0.000000E+00  9.000000E+01  9.000000E+01  9.000000E+01
  0.000000E+00  4.962232E+01  0.000000E+00  3.688707E-02  4.978182E-02
  8.083246E+00  1.680246E+01  4.467732E+01 -1.744270E-01  1.659919E+00
 -1.744270E-01  5.911009E+01 -5.951898E+00  1.659919E+00 -5.951898E+00
  4.507956E+01
     27270  2.727000E+01        41
 -1.201993E+06  3.065537E+02 -1.203098E+06  2.907739E+05 -1.493872E+06
  0.000000E+00  3.034264E-03  0.000000E+00  0.000000E+00 -1.185677E+06
  1.601014E+02 -4.674161E+04 -1.539714E+06  1.493002E+06  0.000000E+00
 -2.938575E-02  0.000000E+00  0.000000E+00  5.568179E+03  0.000000E+00
  0.000000E+00  0.000000E+00  9.000000E+01  9.000000E+01  9.000000E+01
  0.000000E+00  4.802070E+01  0.000000E+00  3.746509E-02  4.773747E-02
  8.120209E+00  1.679220E+01  4.094006E+01 -1.769063E+00  3.940732E+00
 -1.769063E+00  5.221159E+01 -5.748138E-01  3.940732E+00 -5.748138E-01
  5.091045E+01
     27300  2.730000E+01        41
 -1.201992E+06  2.944511E+02 -1.203053E+06  2.906369E+05 -1.493690E+06
  0.000000E+00  3.209837E-03  0.000000E+00  0.000000E+00 -1.185825E+06
  2.863661E+02 -4.638619E+04 -1.539163E+06  1.492820E+06  0.000000E+00
 -3.103797E-02  0.000000E+00  0.000000E+00  5.568179E+03  0.000000E+00
  0.000000E+00  0.000000E+00  9.000000E+01  9.000000E+01  9.000000E+01
  0.000000E+00  4.758333E+01  0.000000E+00  4.051641E-02  4.910721E-02
  8.149160E+00  1.674832E+01  4.300345E+01  1.616380E+00 -8.799857E-01
  1.616380E+00  5.243465E+01  6.107107E-02 -8.799857E-01  6.107107E-02
  4.731189E+01
     27330  2.733000E+01        41
 -1.201993E+06  3.154155E+02 -1.203129E+06  2.896439E+05 -1.492773E+06
  0.000000E+00  2.892301E-03  0.000000E+00  0.000000E+00 -1.186897E+06
  4.169498E+02 -4.302347E+04 -1.534852E+06  1.491898E+06  0.000000E+00
 -2.797645E-02  0.000000E+00  0.000000E+00  5.568179E+03  0.000000E+00
  0.000000E+00  0.000000E+00  9.000000E+01  9.000000E+01  9.000000E+01
  0.000000E+00  4.442934E+01  0.000000E+00  4.328437E-02  5.527846E-02
  8.166896E+00  1.666784E+01  3.440219E+01  3.632921E+00  2.921377E+00
  3.632921E+00  4.232374E+01  2.295369E+00  2.921377E+00  2.295369E+00
  5.656210E+01
     27360  2.736000E+01        41
 -1.201992E+06  2.957701E+02 -1.203058E+06  2.903986E+05 -1.493457E+06
  0.000000E+00  3.122694E-03  0.000000E+00  0.000000E+00 -1.186025E+06
  5.105753E+02 -4.578244E+04 -1.538281E+06  1.492590E+06  0.000000E+00
 -3.020381E-02  0.000000E+00  0.000000E+00  5.568179E+03  0.000000E+00
  0.000000E+00  0.000000E+00  9.000000E+01  9.000000E+01  9.000000E+01
  0.000000E+00  4.699485E+01  0.000000E+00  4.805090E-02  6.172310E-02
  8.244821E+00  1.673045E+01  5.108575E+01  6.455381E-01  1.667571E+00
  6.455381E-01  4.166677E+01 -1.467677E+00  1.667571E+00 -1.467677E+00
  4.823204E+01
     27390  2.739000E+01        41
 -1.201993E+06  3.064147E+02 -1.203097E+06  2.892973E+05 -1.492394E+06
  0.000000E+00  3.113773E-03  0.000000E+00  0.000000E+00 -1.187311E+06
  7.780087E+02 -4.185439E+04 -1.533346E+06  1.491530E+06  0.000000E+00
 -3.010371E-02  0.000000E+00  0.000000E+00  5.568179E+03  0.000000E+00
  0.000000E+00  0.000000E+00  9.000000E+01  9.000000E+01  9.000000E+01
  0.000000E+00  4.320991E+01  0.000000E+00  5.711500E-02  6.245793E-02
  8.456809E+00  1.710860E+01  3.937296E+01 -9.227184E-01 -6.335755E+00
 -9.227184E-01  4.018884E+01  5.002219E+00 -6.335755E+00  5.002219E+00
  5.006792E+01
     27420  2.742000E+01        41
 -1.201992E+06  2.979792E+02 -1.203066E+06  2.908615E+05 -1.493927E+06
  0.000000E+00  3.269908E-03  0.000000E+00  0.000000E+00 -1.185595E+06
  8.935797E+02 -4.706391E+04 -1.540124E+06  1.493060E+06  0.000000E+00
 -3.158170E-02  0.000000E+00  0.000000E+00  5.568179E+03  0.000000E+00
  0.000000E+00  0.000000E+00  9.000000E+01  9.000000E+01  9.000000E+01
  0.000000E+00  4.825831E+01  0.000000E+00  5.719951E-02  6.758680E-02
  8.742007E+00  1.763882E+01  4.031144E+01  2.986244E-01 -2.722057E+00
  2.986244E-01  5.691940E+01  2.501699E+00 -2.722057E+00  2.501699E+00
  4.754409E+01
     27450  2.745000E+01        41
 -1.201993E+06  3.099674E+02 -1.203110E+06  2.905870E+05 -1.493697E+06
  0.000000E+00  3.161823E-03  0.000000E+00  0.000000E+00 -1.185848E+06
  9.263772E+02 -4.622298E+04 -1.539035E+06  1.492831E+06  0.000000E+00
 -3.055541E-02  0.000000E+00  0.000000E+00  5.568179E+03  0.000000E+00
  0.000000E+00  0.000000E+00  9.000000E+01  9.000000E+01  9.000000E+01
  0.000000E+00  4.751729E+01  0.000000E+00  5.793598E-02  6.738079E-02
  8.994189E+00  1.811048E+01  4.630798E+01 -1.504977E+00 -3.608722E-01
 -1.504977E+00  4.546219E+01  2.499460E+00 -3.608722E-01  2.499460E+00
  5.078169E+01
     27480  2.748000E+01        41
 -1.201992E+06  3.110807E+02 -1.203114E+06  2.902878E+05 -1.493401E+06
  0.000000E+00  3.025822E-03  0.000000E+00  0.000000E+00 -1.186228E+06
  1.015990E+03 -4.507545E+04 -1.537609E+06  1.492539E+06  0.000000E+00
 -2.926622E-02  0.000000E+00  0.000000E+00  5.568179E+03  0.000000E+00
  0.000000E+00  0.000000E+00  9.000000E+01  9.000000E+01  9.000000E+01
  0.000000E+00  4.639716E+01  0.000000E+00  5.458918E-02  6.685023E-02
  9.105820E+00  1.841245E+01  4.290472E+01 -2.130427E+00 -3.319118E-01
 -2.130427E+00  4.934843E+01  5.429184E+00 -3.319118E-01  5.429184E+00
  4.693833E+01
     27510  2.751000E+01        41
 -1.201993E+06  3.069748E+02 -1.203099E+06  2.912986E+05 -1.494398E+06
  0.000000E+00  3.032890E-03  0.000000E+00  0.000000E+00 -1.185105E+06
  1.141909E+03 -4.847843E+04 -1.542016E+06  1.493528E+06  0.000000E+00
 -2.931632E-02  0.000000E+00  0.000000E+00  5.568179E+03  0.000000E+00
  0.000000E+00  0.000000E+00  9.000000E+01  9.000000E+01  9.000000E+01
  0.000000E+00  4.970359E+01  0.000000E+00  5.289190E-02  6.477029E-02
  9.123223E+00  1.862497E+01  4.545737E+01 -1.361388E+00  5.947334E+00
 -1.361388E+00  4.949568E+01 -2.419460E+00  5.947334E+00 -2.419460E+00
  5.415772E+01
     27540  2.754000E+01        41
 -1.201993E+06  3.226972E+02 -1.203156E+06  2.915216E+05 -1.494678E+06
  0.000000E+00  3.049794E-03  0.000000E+00  0.000000E+00 -1.184823E+06
  1.088080E+03 -4.921000E+04 -1.543036E+06  1.493813E+06  0.000000E+00
 -2.948573E-02  0.000000E+00  0.000000E+00  5.568179E+03  0.000000E+00
  0.000000E+00  0.000000E+00  9.000000E+01  9.000000E+01  9.000000E+01
  0.000000E+00  5.053381E+01  0.000000E+00  5.115537E-02  6.229155E-02
  9.102741E+00  1.877841E+01  5.115898E+01 -2.066642E-02  9.172677E-01
 -2.066642E-02  5.233629E+01 -6.648800E-01  9.172677E-01 -6.648800E-01
  4.810616E+01
     27570  2.757000E+01        41
 -1.201993E+06  3.265952E+02 -1.203170E+06  2.912748E+05 -1.494445E+06
  0.000000E+00  2.829405E-03  0.000000E+00  0.000000E+00 -1.185045E+06
  7.333673E+02 -4.850740E+04 -1.542053E+06  1.493582E+06  0.000000E+00
 -2.733515E-02  0.000000E+00  0.000000E+00  5.568179E+03  0.000000E+00
  0.000000E+00  0.000000E+00  9.000000E+01  9.000000E+01  9.000000E+01
  0.000000E+00  4.988077E+01  0.000000E+00  4.875862E-02  6.069191E-02
  9.040135E+00  1.885035E+01  4.955812E+01  1.951860E+00  7.624823E-01
  1.951860E+00  5.304688E+01  4.264890E-01  7.624823E-01  4.264890E-01
  4.703731E+01
     27600  2.760000E+01        41
 -1.201994E+06  3.221166E+02 -1.203155E+06  2.921097E+05 -1.495264E+06
  0.000000E+00  3.029457E-03  0.000000E+00  0.000000E+00 -1.184071E+06
  2.867010E+02 -5.145196E+04 -1.545773E+06  1.494408E+06  0.000000E+00
 -2.926854E-02  0.000000E+00  0.000000E+00  5.568179E+03  0.000000E+00
  0.000000E+00  0.000000E+00  9.000000E+01  9.000000E+01  9.000000E+01
  0.000000E+00  5.274883E+01  0.000000E+00  4.789400E-02  5.876690E-02
  8.834778E+00  1.873715E+01  4.815066E+01 -8.003198E-01  9.218301E-02
 -8.003198E-01  5.750721E+01 -2.341559E+00  9.218301E-02 -2.341559E+00
  5.258863E+01
     27630  2.763000E+01        41
 -1.201993E+06  3.112947E+02 -1.203115E+06  2.913323E+05 -1.494447E+06
  0.000000E+00  2.995446E-03  0.000000E+00  0.000000E+00 -1.185070E+06
  6.180987E+02 -4.853897E+04 -1.542080E+06  1.493573E+06  0.000000E+00
 -2.896253E-02  0.000000E+00  0.000000E+00  5.568179E+03  0.000000E+00
  0.000000E+00  0.000000E+00  9.000000E+01  9.000000E+01  9.000000E+01
  0.000000E+00  4.980635E+01  0.000000E+00  4.729521E-02  6.059709E-02
  8.427954E+00  1.837804E+01  4.750906E+01 -1.154560E+00 -2.956124E+00
 -1.154560E+00  5.810857E+01 -5.469197E+00 -2.956124E+00 -5.469197E+00
  4.380143E+01
     27660  2.766000E+01        41
 -1.201993E+06  3.207066E+02 -1.203149E+06  2.914743E+05 -1.494623E+06
  0.000000E+00  3.095774E-03  0.000000E+00  0.000000E+00 -1.184845E+06
  6.730205E+02 -4.914781E+04 -1.542893E+06  1.493767E+06  0.000000E+00
 -2.994913E-02  0.000000E+00  0.000000E+00  5.568179E+03  0.000000E+00
  0.000000E+00  0.000000E+00  9.000000E+01  9.000000E+01  9.000000E+01
  0.000000E+00  5.046888E+01  0.000000E+00  4.802003E-02  5.684892E-02
  7.952877E+00  1.788745E+01  4.875504E+01  4.397388E+00 -3.072823E+00
  4.397388E+00  5.393703E+01 -1.257732E+00 -3.072823E+00 -1.257732E+00
  4.871459E+01
     27690  2.769000E+01        41
 -1.201992E+06  2.908803E+02 -1.203040E+06  2.907799E+05 -1.493820E+06
  0.000000E+00  3.065249E-03  0.000000E+00  0.000000E+00 -1.185702E+06
  6.311133E+02 -4.678892E+04 -1.539724E+06  1.492957E+06  0.000000E+00
 -2.962886E-02  0.000000E+00  0.000000E+00  5.568179E+03  0.000000E+00
  0.000000E+00  0.000000E+00  9.000000E+01  9.000000E+01  9.000000E+01
  0.000000E+00  4.794474E+01  0.000000E+00  4.415857E-02  5.481140E-02
  7.456890E+00  1.730908E+01  4.441012E+01  4.377881E-01  1.869732E-01
  4.377881E-01  4.804706E+01 -3.597786E+00  1.869732E-01 -3.597786E+00
  5.137705E+01
     27720  2.772000E+01        41
 -1.201992E+06  2.944417E+02 -1.203054E+06  2.921525E+05 -1.495206E+06
  0.000000E+00  3.290506E-03  0.000000E+00  0.000000E+00 -1.184207E+06
  5.823549E+02 -5.124933E+04 -1.545584E+06  1.494335E+06  0.000000E+00
 -3.179754E-02  0.000000E+00  0.000000E+00  5.568179E+03  0.000000E+00
  0.000000E+00  0.000000E+00  9.000000E+01  9.000000E+01  9.000000E+01
  0.000000E+00  5.234709E+01  0.000000E+00  3.903324E-02  5.061036E-02
  6.954903E+00  1.665034E+01  5.260288E+01 -3.168704E-01 -1.545071E-01
 -3.168704E-01  5.027629E+01  6.987963E-01 -1.545071E-01  6.987963E-01
  5.416208E+01
     27750  2.775000E+01        41
 -1.201992E+06  3.131756E+02 -1.203121E+06  2.917125E+05 -1.494834E+06
  0.000000E+00  2.960291E-03  0.000000E+00  0.000000E+00 -1.184676E+06
  5.389197E+02 -4.970384E+04 -1.543663E+06  1.493951E+06  0.000000E+00
 -2.864747E-02  0.000000E+00  0.000000E+00  5.568179E+03  0.000000E+00
  0.000000E+00  0.000000E+00  9.000000E+01  9.000000E+01  9.000000E+01
  0.000000E+00  5.096441E+01  0.000000E+00  3.626539E-02  4.530251E-02
  6.484093E+00  1.599968E+01  4.767872E+01 -2.526888E+00  1.939746E+00
 -2.526888E+00  4.963619E+01 -3.900962E+00  1.939746E+00 -3.900962E+00
  5.557831E+01
     27780  2.778000E+01        41
 -1.201993E+06  3.265282E+02 -1.203170E+06  2.905547E+05 -1.493725E+06
  0.000000E+00  2.968594E-03  0.000000E+00  0.000000E+00 -1.185890E+06
  5.177907E+02 -4.596929E+04 -1.538816E+06  1.492847E+06  0.000000E+00
 -2.868136E-02  0.000000E+00  0.000000E+00  5.568179E+03  0.000000E+00
  0.000000E+00  0.000000E+00  9.000000E+01  9.000000E+01  9.000000E+01
  0.000000E+00  4.739552E+01  0.000000E+00  3.659601E-02  4.683410E-02
  6.053610E+00  1.538252E+01  4.043501E+01 -1.861587E-01  3.844527E+00
 -1.861587E-01  4.966965E+01 -4.627253E+00  3.844527E+00 -4.627253E+00
  5.208189E+01
     27810  2.781000E+01        41
 -1.201992E+06  2.993252E+02 -1.203071E+06  2.912786E+05 -1.494350E+06
  0.000000E+00  2.991971E-03  0.000000E+00  0.000000E+00 -1.185110E+06
  5.103903E+02 -4.850261E+04 -1.541964E+06  1.493468E+06  0.000000E+00
 -2.894454E-02  0.000000E+00  0.000000E+00  5.568179E+03  0.000000E+00
  0.000000E+00  0.000000E+00  9.000000E+01  9.000000E+01  9.000000E+01
  0.000000E+00  4.968867E+01  0.000000E+00  4.280073E-02  5.279892E-02
  5.658803E+00  1.479459E+01  4.513303E+01  1.450146E+00  4.253185E-01
  1.450146E+00  5.021177E+01 -1.230730E+00  4.253185E-01 -1.230730E+00
  5.372121E+01
     27840  2.784000E+01        41
 -1.201992E+06  2.979679E+02 -1.203066E+06  2.914764E+05 -1.494542E+06
  0.000000E+00  3.260664E-03  0.000000E+00  0.000000E+00 -1.184899E+06
  5.180785E+02 -4.914309E+04 -1.542787E+06  1.493656E+06  0.000000E+00
 -3.156462E-02  0.000000E+00  0.000000E+00  5.568179E+03  0.000000E+00
  0.000000E+00  0.000000E+00  9.000000E+01  9.000000E+01  9.000000E+01
  0.000000E+00  5.030724E+01  0.000000E+00  4.990030E-02  6.014642E-02
  5.292604E+00  1.422632E+01  5.411056E+01 -2.852704E+00 -2.004189E+00
 -2.852704E+00  4.853297E+01 -4.453765E+00 -2.004189E+00 -4.453765E+00
  4.827819E+01
     27870  2.787000E+01        41
 -1.201992E+06  3.228190E+02 -1.203156E+06  2.902289E+05 -1.493385E+06
  0.000000E+00  2.749470E-03  0.000000E+00  0.000000E+00 -1.186253E+06
  4.868120E+02 -4.490317E+04 -1.537390E+06  1.492509E+06  0.000000E+00
 -2.662792E-02  0.000000E+00  0.000000E+00  5.568179E+03  0.000000E+00
  0.000000E+00  0.000000E+00  9.000000E+01  9.000000E+01  9.000000E+01
  0.000000E+00  4.632411E+01  0.000000E+00  5.760030E-02  6.757212E-02
  4.961362E+00  1.369652E+01  4.755558E+01 -1.152806E+00 -3.683653E+00
 -1.152806E+00  4.281889E+01 -2.301430E+00 -3.683653E+00 -2.301430E+00
  4.859786E+01
     27900  2.790000E+01        41
 -1.201991E+06  2.932417E+02 -1.203048E+06  2.923788E+05 -1.495427E+06
  0.000000E+00  3.084383E-03  0.000000E+00  0.000000E+00 -1.183888E+06
  3.226052E+02 -5.220455E+04 -1.546678E+06  1.494557E+06  0.000000E+00
 -2.977243E-02  0.000000E+00  0.000000E+00  5.568179E+03  0.000000E+00
  0.000000E+00  0.000000E+00  9.000000E+01  9.000000E+01  9.000000E+01
  0.000000E+00  5.328209E+01  0.000000E+00  6.324939E-02  7.465041E-02
  4.669444E+00  1.323261E+01  5.336714E+01 -6.579870E-01 -4.432600E+00
 -6.579870E-01  4.998650E+01  4.133525E+00 -4.432600E+00  4.133525E+00
  5.649261E+01
     27930  2.793000E+01        41
 -1.201992E+06  2.935037E+02 -1.203050E+06  2.911522E+05 -1.494202E+06
  0.000000E+00  2.825378E-03  0.000000E+00  0.000000E+00 -1.185250E+06
  2.302180E+02 -4.811657E+04 -1.541371E+06  1.493328E+06  0.000000E+00
 -2.729958E-02  0.000000E+00  0.000000E+00  5.568179E+03  0.000000E+00
  0.000000E+00  0.000000E+00  9.000000E+01  9.000000E+01  9.000000E+01
  0.000000E+00  4.927562E+01  0.000000E+00  6.798784E-02  8.217995E-02
  4.419542E+00  1.286740E+01  5.178614E+01  2.037943E-02  1.618529E+00
  2.037943E-02  4.645021E+01  1.847383E+00  1.618529E+00  1.847383E+00
  4.959050E+01
     27960  2.796000E+01        41
 -1.201992E+06  2.951512E+02 -1.203056E+06  2.916919E+05 -1.494748E+06
  0.000000E+00  3.150748E-03  0.000000E+00  0.000000E+00 -1.184644E+06
  2.435211E+02 -4.992220E+04 -1.543737E+06  1.493873E+06  0.000000E+00
 -3.045281E-02  0.000000E+00  0.000000E+00  5.568179E+03  0.000000E+00
  0.000000E+00  0.000000E+00  9.000000E+01  9.000000E+01  9.000000E+01
  0.000000E+00  5.105839E+01  0.000000E+00  6.772255E-02  8.109105E-02
  4.213325E+00  1.258431E+01  4.920814E+01 -1.640824E-01 -4.049526E-02
 -1.640824E-01  5.714674E+01  1.274690E+00 -4.049526E-02  1.274690E+00
  4.682028E+01
     27990  2.799000E+01        41
 -1.201993E+06  3.222858E+02 -1.203155E+06  2.924336E+05 -1.495588E+06
  0.000000E+00  3.064836E-03  0.000000E+00  0.000000E+00 -1.183785E+06
  2.881284E+02 -5.230876E+04 -1.547021E+06  1.494720E+06  0.000000E+00
 -2.959572E-02  0.000000E+00  0.000000E+00  5.568179E+03  0.000000E+00
  0.000000E+00  0.000000E+00  9.000000E+01  9.000000E+01  9.000000E+01
  0.000000E+00  5.359057E+01  0.000000E+00  6.266983E-02  7.277760E-02
  4.044009E+00  1.233346E+01  5.926953E+01  2.339085E+00  1.916993E+00
  2.339085E+00  5.624851E+01  5.457181E+00  1.916993E+00  5.457181E+00
  4.525368E+01
     28020  2.802000E+01        41
 -1.201992E+06  3.212702E+02 -1.203150E+06  2.929559E+05 -1.496106E+06
  0.000000E+00  2.949841E-03  0.000000E+00  0.000000E+00 -1.183275E+06
  3.415556E+02 -5.384346E+04 -1.549078E+06  1.495231E+06  0.000000E+00
 -2.846983E-02  0.000000E+00  0.000000E+00  5.568179E+03  0.000000E+00
  0.000000E+00  0.000000E+00  9.000000E+01  9.000000E+01  9.000000E+01
  0.000000E+00  5.508773E+01  0.000000E+00  5.417297E-02  6.573680E-02
  3.922633E+00  1.211144E+01  4.986061E+01  8.285878E-01 -1.771932E+00
  8.285878E-01  5.909384E+01 -3.097614E+00 -1.771932E+00 -3.097614E+00
  5.630874E+01
     28050  2.805000E+01        41
 -1.201993E+06  3.227850E+02 -1.203156E+06  2.925016E+05 -1.495658E+06
  0.000000E+00  2.880328E-03  0.000000E+00  0.000000E+00 -1.183721E+06
  3.813720E+02 -5.249905E+04 -1.547272E+06  1.494773E+06  0.000000E+00
 -2.779401E-02  0.000000E+00  0.000000E+00  5.568179E+03  0.000000E+00
  0.000000E+00  0.000000E+00  9.000000E+01  9.000000E+01  9.000000E+01
  0.000000E+00  5.377851E+01  0.000000E+00  4.731802E-02  6.051356E-02
  3.858087E+00  1.192822E+01  4.959970E+01  5.378344E-01  2.042033E+00
  5.378344E-01  5.730004E+01 -7.704818E-01  2.042033E+00 -7.704818E-01
  5.443578E+01
     28080  2.808000E+01        41
 -1.201992E+06  2.750686E+02 -1.202983E+06  2.925714E+05 -1.495554E+06
  0.000000E+00  3.308161E-03  0.000000E+00  0.000000E+00 -1.183698E+06
  4.052200E+02 -5.290842E+04 -1.547434E+06  1.494685E+06  0.000000E+00
 -3.193808E-02  0.000000E+00  0.000000E+00  5.568179E+03  0.000000E+00
  0.000000E+00  0.000000E+00  9.000000E+01  9.000000E+01  9.000000E+01
  0.000000E+00  5.384209E+01  0.000000E+00  4.388109E-02  5.132697E-02
  3.857689E+00  1.180971E+01  4.688562E+01  4.807193E-01  1.635122E+00
  4.807193E-01  5.923257E+01 -1.269214E+00  1.635122E+00 -1.269214E+00
  5.540807E+01
     28110  2.811000E+01        41
 -1.201993E+06  3.198366E+02 -1.203145E+06  2.934170E+05 -1.496562E+06
  0.000000E+00  3.070298E-03  0.000000E+00  0.000000E+00 -1.182707E+06
  4.979469E+02 -5.556256E+04 -1.551163E+06  1.495679E+06  0.000000E+00
 -2.963662E-02  0.000000E+00  0.000000E+00  5.568179E+03  0.000000E+00
  0.000000E+00  0.000000E+00  9.000000E+01  9.000000E+01  9.000000E+01
  0.000000E+00  5.676031E+01  0.000000E+00  3.491020E-02  4.232893E-02
  3.927770E+00  1.185139E+01  5.253940E+01  1.791953E+00 -4.734628E-02
  1.791953E+00  6.026883E+01  2.311115E-01 -4.734628E-02  2.311115E-01
  5.747270E+01
     28140  2.814000E+01        41
 -1.201992E+06  3.090196E+02 -1.203106E+06  2.936474E+05 -1.496753E+06
  0.000000E+00  2.912267E-03  0.000000E+00  0.000000E+00 -1.182469E+06
  4.837729E+02 -5.635482E+04 -1.552137E+06  1.495868E+06  0.000000E+00
 -2.807724E-02  0.000000E+00  0.000000E+00  5.568179E+03  0.000000E+00
  0.000000E+00  0.000000E+00  9.000000E+01  9.000000E+01  9.000000E+01
  0.000000E+00  5.746141E+01  0.000000E+00  2.823788E-02  3.773016E-02
  4.060128E+00  1.205960E+01  5.335701E+01 -1.847568E+00 -6.549881E-01
 -1.847568E+00  5.238377E+01 -1.308905E+00 -6.549881E-01 -1.308905E+00
  6.664347E+01
     28170  2.817000E+01        41
 -1.201992E+06  3.044282E+02 -1.203089E+06  2.927464E+05 -1.495836E+06
  0.000000E+00  2.777774E-03  0.000000E+00  0.000000E+00 -1.183411E+06
  3.688208E+02 -5.355648E+04 -1.548424E+06  1.494949E+06  0.000000E+00
 -2.681736E-02  0.000000E+00  0.000000E+00  5.568179E+03  0.000000E+00
  0.000000E+00  0.000000E+00  9.000000E+01  9.000000E+01  9.000000E+01
  0.000000E+00  5.468640E+01  0.000000E+00  2.723623E-02  3.778127E-02
  4.258516E+00  1.246694E+01  5.237310E+01  1.479903E-01  1.335714E+00
  1.479903E-01  6.129076E+01  4.709089E+00  1.335714E+00  4.709089E+00
  5.039535E+01
     28200  2.820000E+01        41
 -1.201992E+06  2.939487E+02 -1.203051E+06  2.928968E+05 -1.495948E+06
  0.000000E+00  3.068797E-03  0.000000E+00  0.000000E+00 -1.183234E+06
  2.891651E+02 -5.416132E+04 -1.549088E+06  1.495070E+06  0.000000E+00
 -2.967251E-02  0.000000E+00  0.000000E+00  5.568179E+03  0.000000E+00
  0.000000E+00  0.000000E+00  9.000000E+01  9.000000E+01  9.000000E+01
  0.000000E+00  5.520763E+01  0.000000E+00  3.127155E-02  4.006264E-02
  4.457543E+00  1.296921E+01  5.441626E+01 -2.491013E+00 -7.099254E+00
 -2.491013E+00  5.369104E+01 -9.361388E-02 -7.099254E+00 -9.361388E-02
  5.751557E+01
     28230  2.823000E+01        41
 -1.201992E+06  3.081594E+02 -1.203103E+06  2.922739E+05 -1.495376E+06
  0.000000E+00  2.766888E-03  0.000000E+00  0.000000E+00 -1.183988E+06
  1.272193E+03 -5.182086E+04 -1.546279E+06  1.494494E+06  0.000000E+00
 -2.675231E-02  0.000000E+00  0.000000E+00  5.568179E+03  0.000000E+00
  0.000000E+00  0.000000E+00  9.000000E+01  9.000000E+01  9.000000E+01
  0.000000E+00  5.298793E+01  0.000000E+00  3.528238E-02  4.260385E-02
  4.550974E+00  1.335105E+01  4.864515E+01  1.717940E+00  4.294905E+00
  1.717940E+00  5.991072E+01 -8.849454E-01  4.294905E+00 -8.849454E-01
  5.040792E+01
     28260  2.826000E+01        41
 -1.201992E+06  3.130775E+02 -1.203121E+06  2.913414E+05 -1.494462E+06
  0.000000E+00  2.869129E-03  0.000000E+00  0.000000E+00 -1.185078E+06
  1.423698E+03 -4.852114E+04 -1.542113E+06  1.493586E+06  0.000000E+00
 -2.772074E-02  0.000000E+00  0.000000E+00  5.568179E+03  0.000000E+00
  0.000000E+00  0.000000E+00  9.000000E+01  9.000000E+01  9.000000E+01
  0.000000E+00  4.978176E+01  0.000000E+00  3.587241E-02  4.684917E-02
  4.621026E+00  1.369963E+01  4.748352E+01 -3.680185E-01  9.608217E-01
 -3.680185E-01  4.448545E+01 -7.832493E-01  9.608217E-01 -7.832493E-01
  5.737630E+01
     28290  2.829000E+01        41
 -1.201992E+06  3.190709E+02 -1.203142E+06  2.923513E+05 -1.495494E+06
  0.000000E+00  2.927552E-03  0.000000E+00  0.000000E+00 -1.183898E+06
  1.381283E+03 -5.201542E+04 -1.546642E+06  1.494623E+06  0.000000E+00
 -2.829670E-02  0.000000E+00  0.000000E+00  5.568179E+03  0.000000E+00
  0.000000E+00  0.000000E+00  9.000000E+01  9.000000E+01  9.000000E+01
  0.000000E+00  5.325330E+01  0.000000E+00  3.849894E-02  4.618604E-02
  4.709350E+00  1.404036E+01  5.248208E+01 -1.460496E+00 -9.164296E-01
 -1.460496E+00  5.543009E+01  3.584126E-01 -9.164296E-01  3.584126E-01
  5.184772E+01
     28320  2.832000E+01        41
 -1.201993E+06  3.244913E+02 -1.203162E+06  2.910521E+05 -1.494214E+06
  0.000000E+00  2.940047E-03  0.000000E+00  0.000000E+00 -1.185343E+06
  1.264696E+03 -4.764297E+04 -1.540974E+06  1.493337E+06  0.000000E+00
 -2.840872E-02  0.000000E+00  0.000000E+00  5.568179E+03  0.000000E+00
  0.000000E+00  0.000000E+00  9.000000E+01  9.000000E+01  9.000000E+01
  0.000000E+00  4.900483E+01  0.000000E+00  3.546049E-02  4.728508E-02
  4.833936E+00  1.441341E+01  5.122466E+01 -1.130906E+00  1.897398E+00
 -1.130906E+00  4.447569E+01  1.726165E+00  1.897398E+00  1.726165E+00
  5.131414E+01
     28350  2.835000E+01        41
 -1.201992E+06  3.029650E+02 -1.203084E+06  2.921220E+05 -1.495206E+06
  0.000000E+00  3.092081E-03  0.000000E+00  0.000000E+00 -1.184225E+06
  1.111658E+03 -5.114571E+04 -1.545448E+06  1.494329E+06  0.000000E+00
 -2.987958E-02  0.000000E+00  0.000000E+00  5.568179E+03  0.000000E+00
  0.000000E+00  0.000000E+00  9.000000E+01  9.000000E+01  9.000000E+01
  0.000000E+00  5.229275E+01  0.000000E+00  3.521100E-02  4.223180E-02
  4.996959E+00  1.483051E+01  5.096033E+01  1.283832E+00 -1.244261E+00
  1.283832E+00  5.223371E+01  3.548471E-01 -1.244261E+00  3.548471E-01
  5.368421E+01
     28380  2.838000E+01        41
 -1.201992E+06  3.126604E+02 -1.203119E+06  2.921385E+05 -1.495258E+06
  0.000000E+00  3.242393E-03  0.000000E+00  0.000000E+00 -1.184141E+06
  8.539042E+02 -5.132107E+04 -1.545638E+06  1.494381E+06  0.000000E+00
 -3.131092E-02  0.000000E+00  0.000000E+00  5.568179E+03  0.000000E+00
  0.000000E+00  0.000000E+00  9.000000E+01  9.000000E+01  9.000000E+01
  0.000000E+00  5.253967E+01  0.000000E+00  3.361089E-02  4.239588E-02
  5.194114E+00  1.533333E+01  5.161735E+01 -1.989892E+00  2.305761E+00
 -1.989892E+00  5.660685E+01  2.501367E+00  2.305761E+00  2.501367E+00
  4.939480E+01
     28410  2.841000E+01        41
 -1.201992E+06  3.037556E+02 -1.203087E+06  2.912232E+05 -1.494310E+06
  0.000000E+00  2.808526E-03  0.000000E+00  0.000000E+00 -1.185174E+06
  8.369592E+02 -4.828421E+04 -1.541656E+06  1.493431E+06  0.000000E+00
 -2.716011E-02  0.000000E+00  0.000000E+00  5.568179E+03  0.000000E+00
  0.000000E+00  0.000000E+00  9.000000E+01  9.000000E+01  9.000000E+01
  0.000000E+00  4.949774E+01  0.000000E+00  3.088141E-02  4.397747E-02
  5.437224E+00  1.601658E+01  4.566094E+01 -3.491897E+00  2.534859E+00
 -3.491897E+00  5.642266E+01 -6.275344E-01  2.534859E+00 -6.275344E-01
  4.640961E+01
     28440  2.844000E+01        41
 -1.201992E+06  3.285217E+02 -1.203176E+06  2.932005E+05 -1.496377E+06
  0.000000E+00  3.105995E-03  0.000000E+00  0.000000E+00 -1.182949E+06
  9.873847E+02 -5.478654E+04 -1.550234E+06  1.495496E+06  0.000000E+00
 -3.001736E-02  0.000000E+00  0.000000E+00  5.568179E+03  0.000000E+00
  0.000000E+00  0.000000E+00  9.000000E+01  9.000000E+01  9.000000E+01
  0.000000E+00  5.604842E+01  0.000000E+00  3.356352E-02  4.144593E-02
  5.739362E+00  1.692006E+01  5.679452E+01 -2.221751E-01  2.248521E+00
 -2.221751E-01  5.492443E+01  1.795793E+00  2.248521E+00  1.795793E+00
  5.642633E+01
     28470  2.847000E+01        41
 -1.201992E+06  3.172830E+02 -1.203136E+06  2.916645E+05 -1.494801E+06
  0.000000E+00  2.804369E-03  0.000000E+00  0.000000E+00 -1.184651E+06
  9.447171E+02 -4.976193E+04 -1.543651E+06  1.493929E+06  0.000000E+00
 -2.711699E-02  0.000000E+00  0.000000E+00  5.568179E+03  0.000000E+00
  0.000000E+00  0.000000E+00  9.000000E+01  9.000000E+01  9.000000E+01
  0.000000E+00  5.104051E+01  0.000000E+00  3.414740E-02  4.563732E-02
  6.053106E+00  1.787022E+01  4.979538E+01  1.803859E+00 -1.053812E+00
  1.803859E+00  4.819770E+01 -6.139206E-01 -1.053812E+00 -6.139206E-01
  5.512846E+01
     28500  2.850000E+01        41
 -1.201992E+06  3.174826E+02 -1.203137E+06  2.921944E+05 -1.495331E+06
  0.000000E+00  3.211493E-03  0.000000E+00  0.000000E+00 -1.184083E+06
  7.748805E+02 -5.145744E+04 -1.545890E+06  1.494457E+06  0.000000E+00
 -3.100180E-02  0.000000E+00  0.000000E+00  5.568179E+03  0.000000E+00
  0.000000E+00  0.000000E+00  9.000000E+01  9.000000E+01  9.000000E+01
  0.000000E+00  5.270949E+01  0.000000E+00  3.863197E-02  4.903050E-02
  6.310858E+00  1.860835E+01  5.832240E+01  1.012607E+00  7.317920E-01
  1.012607E+00  5.122500E+01  4.124528E+00  7.317920E-01  4.124528E+00
  4.858107E+01
     28530  2.853000E+01        41
 -1.201993E+06  3.150872E+02 -1.203128E+06  2.912475E+05 -1.494376E+06
  0.000000E+00  2.895664E-03  0.000000E+00  0.000000E+00 -1.185125E+06
  6.697736E+02 -4.834695E+04 -1.541832E+06  1.493502E+06  0.000000E+00
 -2.801596E-02  0.000000E+00  0.000000E+00  5.568179E+03  0.000000E+00
  0.000000E+00  0.000000E+00  9.000000E+01  9.000000E+01  9.000000E+01
  0.000000E+00  4.964353E+01  0.000000E+00  4.236004E-02  5.163622E-02
  6.550961E+00  1.919080E+01  4.493871E+01 -7.791370E-01  1.955818E+00
 -7.791370E-01  5.476881E+01 -1.745138E+00  1.955818E+00 -1.745138E+00
  4.922307E+01
     28560  2.856000E+01        41
 -1.201992E+06  2.960421E+02 -1.203059E+06  2.918059E+05 -1.494865E+06
  0.000000E+00  2.987854E-03  0.000000E+00  0.000000E+00 -1.184541E+06
  6.179016E+02 -5.023531E+04 -1.544212E+06  1.493988E+06  0.000000E+00
 -2.883345E-02  0.000000E+00  0.000000E+00  5.568179E+03  0.000000E+00
  0.000000E+00  0.000000E+00  9.000000E+01  9.000000E+01  9.000000E+01
  0.000000E+00  5.136271E+01  0.000000E+00  4.251291E-02  5.382548E-02
  6.814820E+00  1.970528E+01  4.502399E+01 -3.024896E-01  5.981563E-01
 -3.024896E-01  5.442888E+01  2.291161E+00  5.981563E-01  2.291161E+00
  5.463525E+01
     28590  2.859000E+01        41
 -1.201992E+06  3.045899E+02 -1.203090E+06  2.920354E+05 -1.495125E+06
  0.000000E+00  3.061859E-03  0.000000E+00  0.000000E+00 -1.184331E+06
  5.967683E+02 -5.080247E+04 -1.545067E+06  1.494260E+06  0.000000E+00
 -2.960247E-02  0.000000E+00  0.000000E+00  5.568179E+03  0.000000E+00
  0.000000E+00  0.000000E+00  9.000000E+01  9.000000E+01  9.000000E+01
  0.000000E+00  5.198010E+01  0.000000E+00  4.234639E-02  5.289485E-02
  7.128174E+00  2.020310E+01  4.794524E+01  8.080129E-01  8.340493E-01
  8.080129E-01  5.280042E+01  6.800462E-01  8.340493E-01  6.800462E-01
  5.519463E+01
     28620  2.862000E+01        41
 -1.201993E+06  3.245199E+02 -1.203162E+06  2.918893E+05 -1.495052E+06
  0.000000E+00  2.912567E-03  0.000000E+00  0.000000E+00 -1.184463E+06
  5.707793E+02 -5.026466E+04 -1.544462E+06  1.494187E+06  0.000000E+00
 -2.813700E-02  0.000000E+00  0.000000E+00  5.568179E+03  0.000000E+00
  0.000000E+00  0.000000E+00  9.000000E+01  9.000000E+01  9.000000E+01
  0.000000E+00  5.159406E+01  0.000000E+00  4.112863E-02  4.977838E-02
  7.506878E+00  2.071597E+01  4.790825E+01  1.456211E+00 -3.017700E+00
  1.456211E+00  5.541327E+01 -3.134190E-01 -3.017700E+00 -3.134190E-01
  5.146066E+01
     28650  2.865000E+01        41
 -1.201993E+06  3.134513E+02 -1.203123E+06  2.926199E+05 -1.495743E+06
  0.000000E+00  3.038669E-03  0.000000E+00  0.000000E+00 -1.183634E+06
  4.972988E+02 -5.283040E+04 -1.547705E+06  1.494878E+06  0.000000E+00
 -2.935270E-02  0.000000E+00  0.000000E+00  5.568179E+03  0.000000E+00
  0.000000E+00  0.000000E+00  9.000000E+01  9.000000E+01  9.000000E+01
  0.000000E+00  5.403474E+01  0.000000E+00  4.068654E-02  4.913107E-02
  7.966336E+00  2.128198E+01  4.774092E+01  9.428805E-01 -2.351609E+00
  9.428805E-01  5.350411E+01 -6.136857E+00 -2.351609E+00 -6.136857E+00
  6.085920E+01
     28680  2.868000E+01        41
 -1.201992E+06  3.009001E+02 -1.203077E+06  2.913571E+05 -1.494434E+06
  0.000000E+00  3.087213E-03  0.000000E+00  0.000000E+00 -1.185023E+06
  4.030764E+02 -4.875071E+04 -1.542297E+06  1.493573E+06  0.000000E+00
 -2.983886E-02  0.000000E+00  0.000000E+00  5.568179E+03  0.000000E+00
  0.000000E+00  0.000000E+00  9.000000E+01  9.000000E+01  9.000000E+01
  0.000000E+00  4.994583E+01  0.000000E+00  4.276192E-02  5.004077E-02
  8.504059E+00  2.192861E+01  4.567979E+01  9.450077E-01 -1.088514E+00
  9.450077E-01  5.141926E+01 -4.008752E+00 -1.088514E+00 -4.008752E+00
  5.273845E+01
     28710  2.871000E+01        41
 -1.201994E+06  3.349552E+02 -1.203201E+06  2.910217E+05 -1.494223E+06
  0.000000E+00  3.011127E-03  0.000000E+00  0.000000E+00 -1.185288E+06
  2.946515E+02 -4.771045E+04 -1.540991E+06  1.493355E+06  0.000000E+00
 -2.909255E-02  0.000000E+00  0.000000E+00  5.568179E+03  0.000000E+00
  0.000000E+00  0.000000E+00  9.000000E+01  9.000000E+01  9.000000E+01
  0.000000E+00  4.916877E+01  0.000000E+00  3.936819E-02  4.930647E-02
  9.096798E+00  2.270179E+01  4.536098E+01 -2.164399E+00 -3.016571E-02
 -2.164399E+00  5.318175E+01 -3.491875E+00 -3.016571E-02 -3.491875E+00
  4.896358E+01
     28740  2.874000E+01        41
 -1.201992E+06  2.975808E+02 -1.203065E+06  2.924656E+05 -1.495530E+06
  0.000000E+00  3.078215E-03  0.000000E+00  0.000000E+00 -1.183789E+06
  8.214859E+02 -5.248561E+04 -1.547108E+06  1.494652E+06  0.000000E+00
 -2.978070E-02  0.000000E+00  0.000000E+00  5.568179E+03  0.000000E+00
  0.000000E+00  0.000000E+00  9.000000E+01  9.000000E+01  9.000000E+01
  0.000000E+00  5.357631E+01  0.000000E+00  3.846117E-02  4.966368E-02
  9.684612E+00  2.370979E+01  5.115725E+01 -1.826096E-01  1.417326E+00
 -1.826096E-01  5.540832E+01  2.299681E-01  1.417326E+00  2.299681E-01
  5.416335E+01
     28770  2.877000E+01        41
 -1.201993E+06  3.239504E+02 -1.203161E+06  2.907623E+05 -1.493923E+06
  0.000000E+00  3.037055E-03  0.000000E+00  0.000000E+00 -1.185623E+06
  1.054794E+03 -4.680134E+04 -1.539829E+06  1.493049E+06  0.000000E+00
 -2.936458E-02  0.000000E+00  0.000000E+00  5.568179E+03  0.000000E+00
  0.000000E+00  0.000000E+00  9.000000E+01  9.000000E+01  9.000000E+01
  0.000000E+00  4.818044E+01  0.000000E+00  4.143339E-02  5.142450E-02
  1.024331E+01  2.479762E+01  4.462759E+01 -1.884274E+00  1.034239E+00
 -1.884274E+00  5.278240E+01  1.077207E+00  1.034239E+00  1.077207E+00
  4.713133E+01
     28800  2.880000E+01        41
 -1.201993E+06  3.078313E+02 -1.203102E+06  2.904794E+05 -1.493582E+06
  0.000000E+00  2.894772E-03  0.000000E+00  0.000000E+00 -1.185961E+06
  1.016839E+03 -4.590268E+04 -1.538570E+06  1.492711E+06  0.000000E+00
 -2.800824E-02  0.000000E+00  0.000000E+00  5.568179E+03  0.000000E+00
  0.000000E+00  0.000000E+00  9.000000E+01  9.000000E+01  9.000000E+01
  0.000000E+00  4.718573E+01  0.000000E+00  4.601607E-02  5.565131E-02
  1.072940E+01  2.577577E+01  4.607903E+01 -3.914525E-02  2.846562E+00
 -3.914525E-02  5.051980E+01  1.040941E+00  2.846562E+00  1.040941E+00
  4.495836E+01
     28830  2.883000E+01        41
 -1.201992E+06  2.920273E+02 -1.203045E+06  2.908753E+05 -1.493920E+06
  0.000000E+00  3.095603E-03  0.000000E+00  0.000000E+00 -1.185530E+06
  9.417562E+02 -4.730430E+04 -1.540290E+06  1.493049E+06  0.000000E+00
 -2.993827E-02  0.000000E+00  0.000000E+00  5.568179E+03  0.000000E+00
  0.000000E+00  0.000000E+00  9.000000E+01  9.000000E+01  9.000000E+01
  0.000000E+00  4.845088E+01  0.000000E+00  4.583119E-02  5.561692E-02
  1.109735E+01  2.656136E+01  5.098799E+01 -1.129057E-01  7.465890E-01
 -1.129057E-01  4.656758E+01  3.868173E+00  7.465890E-01  3.868173E+00
  4.779708E+01
     28860  2.886000E+01        41
 -1.201993E+06  3.251180E+02 -1.203165E+06  2.907812E+05 -1.493946E+06
  0.000000E+00  2.891592E-03  0.000000E+00  0.000000E+00 -1.185615E+06
  1.075293E+03 -4.681528E+04 -1.539812E+06  1.493070E+06  0.000000E+00
 -2.798378E-02  0.000000E+00  0.000000E+00  5.568179E+03  0.000000E+00
  0.000000E+00  0.000000E+00  9.000000E+01  9.000000E+01  9.000000E+01
  0.000000E+00  4.820188E+01  0.000000E+00  4.463332E-02  5.543230E-02
  1.131067E+01  2.713582E+01  4.881907E+01  2.548564E+00  2.252138E+00
  2.548564E+00  4.757766E+01 -1.634349E+00  2.252138E+00 -1.634349E+00
  4.820889E+01
     28890  2.889000E+01        41
 -1.201993E+06  3.273482E+02 -1.203173E+06  2.911156E+05 -1.494288E+06
  0.000000E+00  3.003823E-03  0.000000E+00  0.000000E+00 -1.185205E+06
  9.387241E+02 -4.802834E+04 -1.541307E+06  1.493415E+06  0.000000E+00
 -2.907651E-02  0.000000E+00  0.000000E+00  5.568179E+03  0.000000E+00
  0.000000E+00  0.000000E+00  9.000000E+01  9.000000E+01  9.000000E+01
  0.000000E+00  4.941108E+01  0.000000E+00  4.724084E-02  6.047165E-02
  1.133649E+01  2.742569E+01  4.714075E+01 -2.312716E+00  2.868493E+00
 -2.312716E+00  5.053518E+01  3.239442E+00  2.868493E+00  3.239442E+00
  5.055732E+01
     28920  2.892000E+01        41
 -1.201993E+06  3.063418E+02 -1.203097E+06  2.902586E+05 -1.493356E+06
  0.000000E+00  2.858777E-03  0.000000E+00  0.000000E+00 -1.186203E+06
  8.565505E+02 -4.518235E+04 -1.537608E+06  1.492488E+06  0.000000E+00
 -2.768230E-02  0.000000E+00  0.000000E+00  5.568179E+03  0.000000E+00
  0.000000E+00  0.000000E+00  9.000000E+01  9.000000E+01  9.000000E+01
  0.000000E+00  4.647242E+01  0.000000E+00  5.495525E-02  6.571845E-02
  1.114585E+01  2.731808E+01  4.548329E+01 -5.767130E-01 -2.771967E+00
 -5.767130E-01  5.232464E+01 -1.038838E+00 -2.771967E+00 -1.038838E+00
  4.160933E+01
     28950  2.895000E+01        41
 -1.201993E+06  2.988829E+02 -1.203070E+06  2.903925E+05 -1.493462E+06
  0.000000E+00  3.177689E-03  0.000000E+00  0.000000E+00 -1.186070E+06
  1.007897E+03 -4.563963E+04 -1.538202E+06  1.492597E+06  0.000000E+00
 -3.074667E-02  0.000000E+00  0.000000E+00  5.568179E+03  0.000000E+00
  0.000000E+00  0.000000E+00  9.000000E+01  9.000000E+01  9.000000E+01
  0.000000E+00  4.686459E+01  0.000000E+00  6.055075E-02  7.283975E-02
  1.081923E+01  2.693236E+01  3.869484E+01 -1.022821E+00 -4.778649E-01
 -1.022821E+00  5.573983E+01  1.824213E-01 -4.778649E-01  1.824213E-01
  4.615910E+01
     28980  2.898000E+01        41
 -1.201993E+06  3.148455E+02 -1.203128E+06  2.908309E+05 -1.493959E+06
  0.000000E+00  3.221446E-03  0.000000E+00  0.000000E+00 -1.185553E+06
  1.139508E+03 -4.707834E+04 -1.540174E+06  1.493089E+06  0.000000E+00
 -3.116736E-02  0.000000E+00  0.000000E+00  5.568179E+03  0.000000E+00
  0.000000E+00  0.000000E+00  9.000000E+01  9.000000E+01  9.000000E+01
  0.000000E+00  4.838573E+01  0.000000E+00  6.360548E-02  7.569419E-02
  1.041638E+01  2.633677E+01  4.467742E+01 -4.707406E-01  3.412127E+00
 -4.707406E-01  5.232360E+01  3.684317E+00  3.412127E+00  3.684317E+00
  4.815618E+01
     29010  2.901000E+01        41
 -1.201993E+06  3.105554E+02 -1.203112E+06  2.902803E+05 -1.493392E+06
  0.000000E+00  3.050829E-03  0.000000E+00  0.000000E+00 -1.186279E+06
  1.180783E+03 -4.493159E+04 -1.537476E+06  1.492528E+06  0.000000E+00
 -2.953561E-02  0.000000E+00  0.000000E+00  5.568179E+03  0.000000E+00
  0.000000E+00  0.000000E+00  9.000000E+01  9.000000E+01  9.000000E+01
  0.000000E+00  4.624827E+01  0.000000E+00  6.424656E-02  7.886173E-02
  9.991773E+00  2.559329E+01  3.860014E+01  2.112003E+00 -2.132505E+00
  2.112003E+00  4.743009E+01  5.397614E+00 -2.132505E+00  5.397614E+00
  5.271459E+01
     29040  2.904000E+01        41
 -1.201993E+06  3.142269E+02 -1.203126E+06  2.913666E+05 -1.494492E+06
  0.000000E+00  3.124306E-03  0.000000E+00  0.000000E+00 -1.184975E+06
  1.104290E+03 -4.881704E+04 -1.542463E+06  1.493631E+06  0.000000E+00
 -3.024041E-02  0.000000E+00  0.000000E+00  5.568179E+03  0.000000E+00
  0.000000E+00  0.000000E+00  9.000000E+01  9.000000E+01  9.000000E+01
  0.000000E+00  5.008799E+01  0.000000E+00  6.848341E-02  7.922010E-02
  9.553896E+00  2.472226E+01  4.679482E+01  3.192256E-01 -3.085253E+00
  3.192256E-01  5.003448E+01 -1.317178E+00 -3.085253E+00 -1.317178E+00
  5.343468E+01
     29070  2.907000E+01        41
 -1.201992E+06  3.004839E+02 -1.203076E+06  2.911138E+05 -1.494189E+06
  0.000000E+00  3.301727E-03  0.000000E+00  0.000000E+00 -1.185304E+06
  8.765893E+02 -4.792027E+04 -1.541246E+06  1.493329E+06  0.000000E+00
 -3.191072E-02  0.000000E+00  0.000000E+00  5.568179E+03  0.000000E+00
  0.000000E+00  0.000000E+00  9.000000E+01  9.000000E+01  9.000000E+01
  0.000000E+00  4.911658E+01  0.000000E+00  6.790501E-02  7.693789E-02
  9.100523E+00  2.375878E+01  3.429254E+01 -3.381881E+00 -1.949826E+00
 -3.381881E+00  5.299438E+01  7.200480E+00 -1.949826E+00  7.200480E+00
  6.006283E+01
     29100  2.910000E+01        41
 -1.201993E+06  3.049526E+02 -1.203092E+06  2.907357E+05 -1.493828E+06
  0.000000E+00  3.010422E-03  0.000000E+00  0.000000E+00 -1.185694E+06
  4.572496E+02 -4.670968E+04 -1.539654E+06  1.492964E+06  0.000000E+00
 -2.916206E-02  0.000000E+00  0.000000E+00  5.568179E+03  0.000000E+00
  0.000000E+00  0.000000E+00  9.000000E+01  9.000000E+01  9.000000E+01
  0.000000E+00  4.797078E+01  0.000000E+00  6.288258E-02  7.411451E-02
  8.635502E+00  2.279269E+01  3.945072E+01 -6.812891E-01 -5.994904E+00
 -6.812891E-01  5.815403E+01 -4.748974E-01 -5.994904E+00 -4.748974E-01
  4.630759E+01
     29130  2.913000E+01        41
 -1.201993E+06  3.032731E+02 -1.203086E+06  2.912638E+05 -1.494349E+06
  0.000000E+00  3.265341E-03  0.000000E+00  0.000000E+00 -1.185105E+06
  1.557042E+02 -4.848171E+04 -1.541919E+06  1.493487E+06  0.000000E+00
 -3.159005E-02  0.000000E+00  0.000000E+00  5.568179E+03  0.000000E+00
  0.000000E+00  0.000000E+00  9.000000E+01  9.000000E+01  9.000000E+01
  0.000000E+00  4.970477E+01  0.000000E+00  5.917433E-02  6.783831E-02
  8.198255E+00  2.199701E+01  4.472241E+01 -1.305290E+00  7.045877E-01
 -1.305290E+00  5.213127E+01  3.435393E+00  7.045877E-01  3.435393E+00
  5.226061E+01
     29160  2.916000E+01        41
 -1.201992E+06  2.939042E+02 -1.203051E+06  2.904302E+05 -1.493482E+06
  0.000000E+00  2.935357E-03  0.000000E+00  0.000000E+00 -1.186006E+06
  8.352198E+01 -4.584039E+04 -1.538396E+06  1.492612E+06  0.000000E+00
 -2.839001E-02  0.000000E+00  0.000000E+00  5.568179E+03  0.000000E+00
  0.000000E+00  0.000000E+00  9.000000E+01  9.000000E+01  9.000000E+01
  0.000000E+00  4.704896E+01  0.000000E+00  4.871245E-02  6.329606E-02
  7.890664E+00  2.162130E+01  4.171959E+01  6.590279E-01 -2.043998E-01
  6.590279E-01  5.441501E+01 -1.555878E+00 -2.043998E-01 -1.555878E+00
  4.501227E+01
     29190  2.919000E+01        41
 -1.201992E+06  2.982289E+02 -1.203067E+06  2.911537E+05 -1.494221E+06
  0.000000E+00  3.118842E-03  0.000000E+00  0.000000E+00 -1.185277E+06
  2.203043E+02 -4.800069E+04 -1.541356E+06  1.493350E+06  0.000000E+00
 -3.018913E-02  0.000000E+00  0.000000E+00  5.568179E+03  0.000000E+00
  0.000000E+00  0.000000E+00  9.000000E+01  9.000000E+01  9.000000E+01
  0.000000E+00  4.919559E+01  0.000000E+00  4.130386E-02  5.325928E-02
  7.736878E+00  2.166361E+01  4.683836E+01  1.871410E+00 -4.888181E+00
  1.871410E+00  5.027517E+01 -5.451856E-01 -4.888181E+00 -5.451856E-01
  5.047325E+01
     29220  2.922000E+01        41
 -1.201992E+06  3.109506E+02 -1.203113E+06  2.911291E+05 -1.494242E+06
  0.000000E+00  2.841596E-03  0.000000E+00  0.000000E+00 -1.185290E+06
  2.594196E+02 -4.787251E+04 -1.541261E+06  1.493368E+06  0.000000E+00
 -2.750028E-02  0.000000E+00  0.000000E+00  5.568179E+03  0.000000E+00
  0.000000E+00  0.000000E+00  9.000000E+01  9.000000E+01  9.000000E+01
  0.000000E+00  4.915885E+01  0.000000E+00  3.488390E-02  4.363371E-02
  7.688091E+00  2.187456E+01  5.318869E+01 -2.278835E-02 -2.146518E+00
 -2.278835E-02  4.780155E+01 -1.696557E+00 -2.146518E+00 -1.696557E+00
  4.648632E+01
     29250  2.925000E+01        41
 -1.201993E+06  3.368662E+02 -1.203207E+06  2.914117E+05 -1.494619E+06
  0.000000E+00  2.902146E-03  0.000000E+00  0.000000E+00 -1.184934E+06
  2.694694E+02 -4.875318E+04 -1.542509E+06  1.493738E+06  0.000000E+00
 -2.806718E-02  0.000000E+00  0.000000E+00  5.568179E+03  0.000000E+00
  0.000000E+00  0.000000E+00  9.000000E+01  9.000000E+01  9.000000E+01
  0.000000E+00  5.020588E+01  0.000000E+00  2.969838E-02  4.025166E-02
  7.723499E+00  2.216185E+01  4.318387E+01  2.161741E+00 -1.597087E-01
  2.161741E+00  5.431804E+01  1.212982E+00 -1.597087E-01  1.212982E+00
  5.311574E+01
     29280  2.928000E+01        41
 -1.201993E+06  3.335712E+02 -1.203195E+06  2.918942E+05 -1.495090E+06
  0.000000E+00  2.893451E-03  0.000000E+00  0.000000E+00 -1.184364E+06
  2.744647E+02 -5.048893E+04 -1.544688E+06  1.494201E+06  0.000000E+00
 -2.796106E-02  0.000000E+00  0.000000E+00  5.568179E+03  0.000000E+00
  0.000000E+00  0.000000E+00  9.000000E+01  9.000000E+01  9.000000E+01
  0.000000E+00  5.188534E+01  0.000000E+00  2.985919E-02  3.909050E-02
  7.837583E+00  2.250025E+01  4.725602E+01 -7.091169E-01 -3.971193E+00
 -7.091169E-01  5.736974E+01 -4.318070E+00 -3.971193E+00 -4.318070E+00
  5.103026E+01
     29310  2.931000E+01        41
 -1.201992E+06  3.146045E+02 -1.203126E+06  2.916274E+05 -1.494753E+06
  0.000000E+00  2.965533E-03  0.000000E+00  0.000000E+00 -1.184701E+06
  2.891417E+02 -4.961104E+04 -1.543438E+06  1.493868E+06  0.000000E+00
 -2.867910E-02  0.000000E+00  0.000000E+00  5.568179E+03  0.000000E+00
  0.000000E+00  0.000000E+00  9.000000E+01  9.000000E+01  9.000000E+01
  0.000000E+00  5.088959E+01  0.000000E+00  3.447542E-02  4.031777E-02
  8.027846E+00  2.288750E+01  5.358798E+01 -2.568517E+00  2.490349E+00
 -2.568517E+00  5.227984E+01 -2.259244E+00  2.490349E+00 -2.259244E+00
  4.680094E+01
     29340  2.934000E+01        41
 -1.201993E+06  3.174407E+02 -1.203137E+06  2.912656E+05 -1.494402E+06
  0.000000E+00  2.866077E-03  0.000000E+00  0.000000E+00 -1.185048E+06
  3.041589E+02 -4.855422E+04 -1.542007E+06  1.493517E+06  0.000000E+00
 -2.771664E-02  0.000000E+00  0.000000E+00  5.568179E+03  0.000000E+00
  0.000000E+00  0.000000E+00  9.000000E+01  9.000000E+01  9.000000E+01
  0.000000E+00  4.987246E+01  0.000000E+00  3.511390E-02  4.688430E-02
  8.286494E+00  2.335486E+01  4.786059E+01  2.092022E-01 -9.556689E-01
  2.092022E-01  5.264339E+01  1.923547E+00 -9.556689E-01  1.923547E+00
  4.911340E+01
     29370  2.937000E+01        41
 -1.201992E+06  3.059197E+02 -1.203095E+06  2.929138E+05 -1.496008E+06
  0.000000E+00  3.237148E-03  0.000000E+00  0.000000E+00 -1.183229E+06
  5.904456E+02 -5.409657E+04 -1.549119E+06  1.495131E+06  0.000000E+00
 -3.125983E-02  0.000000E+00  0.000000E+00  5.568179E+03  0.000000E+00
  0.000000E+00  0.000000E+00  9.000000E+01  9.000000E+01  9.000000E+01
  0.000000E+00  5.522139E+01  0.000000E+00  3.706573E-02  4.654331E-02
  8.569311E+00  2.388586E+01  5.500150E+01  3.068674E+00 -1.135504E+00
  3.068674E+00  5.446887E+01 -8.268032E-01 -1.135504E+00 -8.268032E-01
  5.619381E+01
     29400  2.940000E+01        41
 -1.201992E+06  3.006723E+02 -1.203076E+06  2.906342E+05 -1.493710E+06
  0.000000E+00  2.953409E-03  0.000000E+00  0.000000E+00 -1.185799E+06
  1.870651E+03 -4.645925E+04 -1.539239E+06  1.492831E+06  0.000000E+00
 -2.855710E-02  0.000000E+00  0.000000E+00  5.568179E+03  0.000000E+00
  0.000000E+00  0.000000E+00  9.000000E+01  9.000000E+01  9.000000E+01
  0.000000E+00  4.766023E+01  0.000000E+00  3.648481E-02  4.675934E-02
  8.766962E+00  2.434386E+01  4.417666E+01  2.320828E+00  3.305155E-01
  2.320828E+00  4.836942E+01 -8.498930E-01  3.305155E-01 -8.498930E-01
  5.043461E+01
     29430  2.943000E+01        41
 -1.201992E+06  3.064422E+02 -1.203097E+06  2.915630E+05 -1.494660E+06
  0.000000E+00  3.157512E-03  0.000000E+00  0.000000E+00 -1.184783E+06
  2.322277E+03 -4.947692E+04 -1.543246E+06  1.493787E+06  0.000000E+00
 -3.052598E-02  0.000000E+00  0.000000E+00  5.568179E+03  0.000000E+00
  0.000000E+00  0.000000E+00  9.000000E+01  9.000000E+01  9.000000E+01
  0.000000E+00  5.065053E+01  0.000000E+00  3.385064E-02  4.162047E-02
  8.831424E+00  2.452469E+01  4.372459E+01 -2.658598E+00  1.430783E-01
 -2.658598E+00  5.511037E+01  5.137303E-01  1.430783E-01  5.137303E-01
  5.311662E+01
     29460  2.946000E+01        41
 -1.201993E+06  3.219386E+02 -1.203153E+06  2.920408E+05 -1.495194E+06
  0.000000E+00  3.007402E-03  0.000000E+00  0.000000E+00 -1.184153E+06
  1.902879E+03 -5.124633E+04 -1.545501E+06  1.494322E+06  0.000000E+00
 -2.905464E-02  0.000000E+00  0.000000E+00  5.568179E+03  0.000000E+00
  0.000000E+00  0.000000E+00  9.000000E+01  9.000000E+01  9.000000E+01
  0.000000E+00  5.250629E+01  0.000000E+00  2.701927E-02  3.831419E-02
  8.759256E+00  2.431178E+01  4.920412E+01 -1.183564E+00 -1.133029E+00
 -1.183564E+00  5.217266E+01  1.499147E-01 -1.133029E+00  1.499147E-01
  5.614208E+01
     29490  2.949000E+01        41
 -1.201992E+06  3.145367E+02 -1.203126E+06  2.920037E+05 -1.495129E+06
  0.000000E+00  2.988747E-03  0.000000E+00  0.000000E+00 -1.184249E+06
  1.061876E+03 -5.098951E+04 -1.545133E+06  1.494252E+06  0.000000E+00
 -2.885570E-02  0.000000E+00  0.000000E+00  5.568179E+03  0.000000E+00
  0.000000E+00  0.000000E+00  9.000000E+01  9.000000E+01  9.000000E+01
  0.000000E+00  5.222256E+01  0.000000E+00  2.718323E-02  3.592572E-02
  8.472977E+00  2.363674E+01  4.863664E+01 -2.186565E+00 -1.208809E+00
 -2.186565E+00  5.233758E+01 -4.613258E-01 -1.208809E+00 -4.613258E-01
  5.569346E+01
     29520  2.952000E+01        41
 -1.201992E+06  2.992371E+02 -1.203071E+06  2.926857E+05 -1.495757E+06
  0.000000E+00  3.041949E-03  0.000000E+00  0.000000E+00 -1.183529E+06
  9.011503E+02 -5.325459E+04 -1.548111E+06  1.494888E+06  0.000000E+00
 -2.937821E-02  0.000000E+00  0.000000E+00  5.568179E+03  0.000000E+00
  0.000000E+00  0.000000E+00  9.000000E+01  9.000000E+01  9.000000E+01
  0.000000E+00  5.434049E+01  0.000000E+00  3.234862E-02  3.820370E-02
  8.034674E+00  2.274817E+01  5.342347E+01  2.547554E-01 -9.384893E-01
  2.547554E-01  5.746359E+01 -3.302259E-01 -9.384893E-01 -3.302259E-01
  5.213440E+01
     29550  2.955000E+01        41
 -1.201992E+06  3.025846E+02 -1.203082E+06  2.920785E+05 -1.495161E+06
  0.000000E+00  3.016448E-03  0.000000E+00  0.000000E+00 -1.184241E+06
  4.973098E+02 -5.108313E+04 -1.545349E+06  1.494288E+06  0.000000E+00
 -2.913743E-02  0.000000E+00  0.000000E+00  5.568179E+03  0.000000E+00
  0.000000E+00  0.000000E+00  9.000000E+01  9.000000E+01  9.000000E+01
  0.000000E+00  5.224369E+01  0.000000E+00  3.259170E-02  4.267798E-02
  7.611059E+00  2.198099E+01  4.538762E+01 -2.189446E+00  9.380680E-01
 -2.189446E+00  5.962296E+01 -3.607831E+00  9.380680E-01 -3.607831E+00
  5.172051E+01
     29580  2.958000E+01        41
 -1.201992E+06  3.278954E+02 -1.203174E+06  2.925666E+05 -1.495741E+06
  0.000000E+00  2.865540E-03  0.000000E+00  0.000000E+00 -1.183640E+06
  2.984768E+02 -5.269980E+04 -1.547549E+06  1.494858E+06  0.000000E+00
 -2.768292E-02  0.000000E+00  0.000000E+00  5.568179E+03  0.000000E+00
  0.000000E+00  0.000000E+00  9.000000E+01  9.000000E+01  9.000000E+01
  0.000000E+00  5.401363E+01  0.000000E+00  3.556889E-02  4.619359E-02
  7.286790E+00  2.151560E+01  4.804948E+01  1.845321E+00 -4.448912E-01
  1.845321E+00  6.074337E+01  2.703723E-01 -4.448912E-01  2.703723E-01
  5.324804E+01
     29610  2.961000E+01        41
 -1.201992E+06  3.106897E+02 -1.203112E+06  2.930427E+05 -1.496155E+06
  0.000000E+00  3.105898E-03  0.000000E+00  0.000000E+00 -1.183166E+06
  2.435167E+02 -5.424637E+04 -1.549525E+06  1.495275E+06  0.000000E+00
 -3.003214E-02  0.000000E+00  0.000000E+00  5.568179E+03  0.000000E+00
  0.000000E+00  0.000000E+00  9.000000E+01  9.000000E+01  9.000000E+01
  0.000000E+00  5.541058E+01  0.000000E+00  4.140844E-02  4.982951E-02
  7.074373E+00  2.127462E+01  5.093109E+01  2.574332E-02  2.325937E+00
  2.574332E-02  5.866391E+01  3.139233E-01  2.325937E+00  3.139233E-01
  5.663674E+01
     29640  2.964000E+01        41
 -1.201992E+06  3.190013E+02 -1.203142E+06  2.916125E+05 -1.494755E+06
  0.000000E+00  2.921053E-03  0.000000E+00  0.000000E+00 -1.184762E+06
  2.343990E+02 -4.939662E+04 -1.543278E+06  1.493876E+06  0.000000E+00
 -2.823852E-02  0.000000E+00  0.000000E+00  5.568179E+03  0.000000E+00
  0.000000E+00  0.000000E+00  9.000000E+01  9.000000E+01  9.000000E+01
  0.000000E+00  5.071166E+01  0.000000E+00  4.206319E-02  5.089792E-02
  6.959373E+00  2.115328E+01  4.568862E+01 -2.770405E+00 -2.898964E+00
 -2.770405E+00  5.322227E+01  3.626902E-02 -2.898964E+00  3.626902E-02
  5.322409E+01
     29670  2.967000E+01        41
 -1.201992E+06  2.957679E+02 -1.203058E+06  2.932325E+05 -1.496291E+06
  0.000000E+00  3.131670E-03  0.000000E+00  0.000000E+00 -1.182996E+06
  2.361913E+02 -5.486165E+04 -1.550282E+06  1.495412E+06  0.000000E+00
 -3.022436E-02  0.000000E+00  0.000000E+00  5.568179E+03  0.000000E+00
  0.000000E+00  0.000000E+00  9.000000E+01  9.000000E+01  9.000000E+01
  0.000000E+00  5.590886E+01  0.000000E+00  3.920906E-02  5.080462E-02
  6.921447E+00  2.109092E+01  5.662976E+01 -1.232626E+00 -2.685238E+00
 -1.232626E+00  5.692347E+01  5.127160E-01 -2.685238E+00  5.127160E-01
  5.417335E+01
     29700  2.970000E+01        41
 -1.201992E+06  3.153745E+02 -1.203129E+06  2.924981E+05 -1.495627E+06
  0.000000E+00  2.961570E-03  0.000000E+00  0.000000E+00 -1.183773E+06
  2.387095E+02 -5.239085E+04 -1.547153E+06  1.494749E+06  0.000000E+00
 -2.860751E-02  0.000000E+00  0.000000E+00  5.568179E+03  0.000000E+00
  0.000000E+00  0.000000E+00  9.000000E+01  9.000000E+01  9.000000E+01
  0.000000E+00  5.362344E+01  0.000000E+00  3.739464E-02  4.504358E-02
  6.945409E+00  2.105809E+01  5.027302E+01 -2.044659E-01 -1.747185E+00
 -2.044659E-01  5.822240E+01  2.000967E+00 -1.747185E+00  2.000967E+00
  5.237490E+01
     29730  2.973000E+01        41
 -1.201992E+06  2.924802E+02 -1.203047E+06  2.918406E+05 -1.494887E+06
  0.000000E+00  2.977550E-03  0.000000E+00  0.000000E+00 -1.184573E+06
  2.638087E+02 -5.015605E+04 -1.544177E+06  1.494007E+06  0.000000E+00
 -2.877539E-02  0.000000E+00  0.000000E+00  5.568179E+03  0.000000E+00
  0.000000E+00  0.000000E+00  9.000000E+01  9.000000E+01  9.000000E+01
  0.000000E+00  5.126843E+01  0.000000E+00  3.475354E-02  4.272518E-02
  7.024963E+00  2.104760E+01  4.929084E+01  9.861792E-01 -2.394463E+00
  9.861792E-01  5.442812E+01 -7.835046E-01 -2.394463E+00 -7.835046E-01
  5.008633E+01
     29760  2.976000E+01        41
 -1.201992E+06  3.160348E+02 -1.203131E+06  2.932426E+05 -1.496374E+06
  0.000000E+00  2.979018E-03  0.000000E+00  0.000000E+00 -1.182956E+06
  2.967567E+02 -5.483691E+04 -1.550347E+06  1.495495E+06  0.000000E+00
 -2.878638E-02  0.000000E+00  0.000000E+00  5.568179E+03  0.000000E+00
  0.000000E+00  0.000000E+00  9.000000E+01  9.000000E+01  9.000000E+01
  0.000000E+00  5.602644E+01  0.000000E+00  2.980428E-02  4.062513E-02
  7.151117E+00  2.104123E+01  5.678684E+01  3.174081E-01  4.641076E-01
  3.174081E-01  5.593526E+01  1.796568E+00  4.641076E-01  1.796568E+00
  5.535722E+01
     29790  2.979000E+01        41
 -1.201993E+06  3.137354E+02 -1.203124E+06  2.909703E+05 -1.494094E+06
  0.000000E+00  2.618936E-03  0.000000E+00  0.000000E+00 -1.185476E+06
  3.350382E+02 -4.729642E+04 -1.540524E+06  1.493212E+06  0.000000E+00
 -2.532148E-02  0.000000E+00  0.000000E+00  5.568179E+03  0.000000E+00
  0.000000E+00  0.000000E+00  9.000000E+01  9.000000E+01  9.000000E+01
  0.000000E+00  4.861152E+01  0.000000E+00  3.097941E-02  4.162895E-02
  7.316553E+00  2.101805E+01  4.586692E+01  5.976404E-01  1.883502E-01
  5.976404E-01  4.664775E+01  3.209670E+00  1.883502E-01  3.209670E+00
  5.331990E+01
     29820  2.982000E+01        41
 -1.201993E+06  3.162454E+02 -1.203133E+06  2.934068E+05 -1.496539E+06
  0.000000E+00  3.224263E-03  0.000000E+00  0.000000E+00 -1.182760E+06
  3.746473E+02 -5.542743E+04 -1.551104E+06  1.495657E+06  0.000000E+00
 -3.112661E-02  0.000000E+00  0.000000E+00  5.568179E+03  0.000000E+00
  0.000000E+00  0.000000E+00  9.000000E+01  9.000000E+01  9.000000E+01
  0.000000E+00  5.660536E+01  0.000000E+00  3.244611E-02  4.278969E-02
  7.521886E+00  2.097162E+01  5.856809E+01  2.894943E+00 -1.939841E+00
  2.894943E+00  5.710573E+01 -1.988583E+00 -1.939841E+00 -1.988583E+00
  5.414227E+01
     29850  2.985000E+01        41
 -1.201992E+06  3.082365E+02 -1.203103E+06  2.923631E+05 -1.495466E+06
  0.000000E+00  2.849080E-03  0.000000E+00  0.000000E+00 -1.183937E+06
  3.869405E+02 -5.195480E+04 -1.546547E+06  1.494587E+06  0.000000E+00
 -2.752978E-02  0.000000E+00  0.000000E+00  5.568179E+03  0.000000E+00
  0.000000E+00  0.000000E+00  9.000000E+01  9.000000E+01  9.000000E+01
  0.000000E+00  5.314154E+01  0.000000E+00  3.387524E-02  4.407564E-02
  7.770650E+00  2.091255E+01  5.716446E+01  4.003797E-01  2.907269E+00
  4.003797E-01  4.748776E+01  2.788528E+00  2.907269E+00  2.788528E+00
  5.477240E+01
     29880  2.988000E+01        41
 -1.201993E+06  3.169050E+02 -1.203135E+06  2.925064E+05 -1.495641E+06
  0.000000E+00  2.997417E-03  0.000000E+00  0.000000E+00 -1.183772E+06
  3.845093E+02 -5.238630E+04 -1.547142E+06  1.494758E+06  0.000000E+00
 -2.897276E-02  0.000000E+00  0.000000E+00  5.568179E+03  0.000000E+00
  0.000000E+00  0.000000E+00  9.000000E+01  9.000000E+01  9.000000E+01
  0.000000E+00  5.362623E+01  0.000000E+00  3.836833E-02  4.692466E-02
  8.070849E+00  2.086476E+01  5.026839E+01 -7.296068E-01  4.755842E+00
 -7.296068E-01  5.310180E+01 -9.274269E-01  4.755842E+00 -9.274269E-01
  5.750852E+01
     29910  2.991000E+01        41
 -1.201992E+06  3.027239E+02 -1.203083E+06  2.930152E+05 -1.496099E+06
  0.000000E+00  2.935923E-03  0.000000E+00  0.000000E+00 -1.183180E+06
  3.889517E+02 -5.426568E+04 -1.549450E+06  1.495217E+06  0.000000E+00
 -2.839753E-02  0.000000E+00  0.000000E+00  5.568179E+03  0.000000E+00
  0.000000E+00  0.000000E+00  9.000000E+01  9.000000E+01  9.000000E+01
  0.000000E+00  5.536963E+01  0.000000E+00  4.234606E-02  5.303581E-02
  8.428116E+00  2.085772E+01  4.982024E+01 -1.752911E+00 -1.858827E+00
 -1.752911E+00  6.171282E+01 -6.598871E-02 -1.858827E+00 -6.598871E-02
  5.457582E+01
     29940  2.994000E+01        41
 -1.201993E+06  3.185443E+02 -1.203141E+06  2.917482E+05 -1.494889E+06
  0.000000E+00  3.046128E-03  0.000000E+00  0.000000E+00 -1.184592E+06
  4.090189E+02 -4.991649E+04 -1.543898E+06  1.494012E+06  0.000000E+00
 -2.941058E-02  0.000000E+00  0.000000E+00  5.568179E+03  0.000000E+00
  0.000000E+00  0.000000E+00  9.000000E+01  9.000000E+01  9.000000E+01
  0.000000E+00  5.121418E+01  0.000000E+00  4.315611E-02  5.530375E-02
  8.834703E+00  2.089964E+01  4.721722E+01  1.044375E+00  3.299759E+00
  1.044375E+00  5.430176E+01 -3.474985E-03  3.299759E+00 -3.474985E-03
  5.212355E+01
     29970  2.997000E+01        41
 -1.201993E+06  3.287386E+02 -1.203178E+06  2.931290E+05 -1.496307E+06
  0.000000E+00  2.957902E-03  0.000000E+00  0.000000E+00 -1.182959E+06
  2.501767E+02 -5.474013E+04 -1.550104E+06  1.495427E+06  0.000000E+00
 -2.857358E-02  0.000000E+00  0.000000E+00  5.568179E+03  0.000000E+00
  0.000000E+00  0.000000E+00  9.000000E+01  9.000000E+01  9.000000E+01
  0.000000E+00  5.602247E+01  0.000000E+00  4.498816E-02  5.381638E-02
  9.263870E+00  2.099790E+01  5.376685E+01  5.557983E-01 -1.079390E-01
  5.557983E-01  6.245140E+01  3.977224E+00 -1.079390E-01  3.977224E+00
  5.184917E+01
     30000  3.000000E+01        41
 -1.201994E+06  3.276123E+02 -1.203174E+06  2.926107E+05 -1.495785E+06
  0.000000E+00  3.069275E-03  0.000000E+00  0.000000E+00 -1.183494E+06
  6.744951E+01 -5.313810E+04 -1.547921E+06  1.494910E+06  0.000000E+00
 -2.968198E-02  0.000000E+00  0.000000E+00  5.568179E+03  0.000000E+00
  0.000000E+00  0.000000E+00  9.000000E+01  9.000000E+01  9.000000E+01
  0.000000E+00  5.444728E+01  0.000000E+00  4.634037E-02  5.402996E-02
  9.656927E+00  2.117673E+01  4.973559E+01 -1.459801E+00 -3.746485E+00
 -1.459801E+00  5.414029E+01 -2.618402E-01 -3.746485E+00 -2.618402E-01
  5.946596E+01
