#t	totalEnergy 	temperature  	pressure 	volume 		PtensXX 	PtensXY 	PtensXZ 	PtensYX 	PtensYY 	PtensYZ 	PtensZX 	PtensZY 	PtensZZ
0.0	-1.199313E+06	2.999914E+02	1.653834E+01	5.568179E+03
0.005	-1.199323E+06	5.549917E+02	2.230482E+01	5.568179E+03
0.01	-1.199319E+06	6.691066E+02	3.514570E+01	5.568179E+03
0.015	-1.199320E+06	7.568142E+02	4.582098E+01	5.568179E+03
0.02	-1.199322E+06	7.988342E+02	5.399198E+01	5.568179E+03
0.025	-1.199318E+06	6.714573E+02	5.948026E+01	5.568179E+03
0.03	-1.199319E+06	6.673216E+02	6.428435E+01	5.568179E+03
0.035	-1.199320E+06	6.790275E+02	6.644703E+01	5.568179E+03
0.04	-1.199319E+06	6.509690E+02	6.580196E+01	5.568179E+03
0.045	-1.199320E+06	6.784312E+02	6.276518E+01	5.568179E+03
0.05	-1.199319E+06	6.756637E+02	5.644066E+01	5.568179E+03
0.055	-1.199320E+06	6.912468E+02	5.156109E+01	5.568179E+03
0.06	-1.199320E+06	7.074192E+02	4.880183E+01	5.568179E+03
0.065	-1.199320E+06	6.791777E+02	4.671181E+01	5.568179E+03
0.07	-1.199319E+06	6.538828E+02	4.601455E+01	5.568179E+03
0.075	-1.199321E+06	7.172913E+02	4.477820E+01	5.568179E+03
0.08	-1.199321E+06	7.218567E+02	4.619862E+01	5.568179E+03
0.085	-1.199318E+06	6.905506E+02	5.057616E+01	5.568179E+03
0.09	-1.199323E+06	7.904793E+02	5.294293E+01	5.568179E+03
0.095	-1.199319E+06	7.165548E+02	5.540173E+01	5.568179E+03
0.1	-1.199320E+06	6.970723E+02	5.638941E+01	5.568179E+03
0.105	-1.199321E+06	6.833255E+02	5.662118E+01	5.568179E+03
0.11	-1.199318E+06	6.080047E+02	5.695595E+01	5.568179E+03
0.115	-1.199321E+06	6.708238E+02	5.599000E+01	5.568179E+03
0.12	-1.199319E+06	6.533196E+02	5.591256E+01	5.568179E+03
0.125	-1.199320E+06	6.573216E+02	5.396211E+01	5.568179E+03
0.13	-1.199321E+06	6.687370E+02	5.056024E+01	5.568179E+03
0.135	-1.199319E+06	6.164830E+02	4.708523E+01	5.568179E+03
0.14	-1.199320E+06	6.276150E+02	4.374789E+01	5.568179E+03
0.145	-1.199321E+06	6.515361E+02	4.319220E+01	5.568179E+03
0.15	-1.199319E+06	6.243411E+02	4.364371E+01	5.568179E+03
0.155	-1.199320E+06	6.649139E+02	4.316856E+01	5.568179E+03
0.16	-1.199320E+06	6.872205E+02	4.263042E+01	5.568179E+03
0.165	-1.199320E+06	6.765248E+02	4.206067E+01	5.568179E+03
0.17	-1.199320E+06	6.613660E+02	4.507451E+01	5.568179E+03
0.175	-1.199320E+06	6.484407E+02	4.826897E+01	5.568179E+03
0.18	-1.199320E+06	6.399064E+02	4.962870E+01	5.568179E+03
0.185	-1.199320E+06	6.565920E+02	5.101625E+01	5.568179E+03
0.19	-1.199319E+06	6.517967E+02	4.994726E+01	5.568179E+03
0.195	-1.199320E+06	6.870342E+02	5.000063E+01	5.568179E+03
0.2	-1.199320E+06	7.038023E+02	5.159914E+01	5.568179E+03
0.205	-1.199319E+06	6.901409E+02	5.035752E+01	5.568179E+03
0.21	-1.199321E+06	7.207335E+02	4.791046E+01	5.568179E+03
0.215	-1.199320E+06	7.086152E+02	4.359800E+01	5.568179E+03
0.22	-1.199320E+06	6.682478E+02	4.108177E+01	5.568179E+03
0.225	-1.199320E+06	6.750534E+02	4.302642E+01	5.568179E+03
0.23	-1.199320E+06	6.680670E+02	4.461467E+01	5.568179E+03
0.235	-1.199320E+06	6.380183E+02	4.558609E+01	5.568179E+03
0.24	-1.199321E+06	6.557693E+02	4.591510E+01	5.568179E+03
0.245	-1.199320E+06	6.478485E+02	4.623374E+01	5.568179E+03
0.25	-1.199319E+06	6.256577E+02	4.859666E+01	5.568179E+03
0.255	-1.199321E+06	6.371646E+02	5.106925E+01	5.568179E+03
0.26	-1.199319E+06	5.993671E+02	5.264543E+01	5.568179E+03
0.265	-1.199321E+06	6.389818E+02	5.211029E+01	5.568179E+03
0.27	-1.199321E+06	6.495505E+02	5.006868E+01	5.568179E+03
0.275	-1.199319E+06	6.242817E+02	4.811924E+01	5.568179E+03
0.28	-1.199322E+06	6.735864E+02	4.629331E+01	5.568179E+03
0.285	-1.199319E+06	6.028531E+02	4.541164E+01	5.568179E+03
0.29	-1.199320E+06	6.133753E+02	4.277365E+01	5.568179E+03
0.295	-1.199322E+06	6.679334E+02	3.968035E+01	5.568179E+03
0.3	-1.199319E+06	6.144019E+02	3.892207E+01	5.568179E+03
0.305	-1.199320E+06	6.364195E+02	3.988808E+01	5.568179E+03
0.31	-1.199321E+06	6.637220E+02	4.382958E+01	5.568179E+03
0.315	-1.199320E+06	6.333085E+02	4.877269E+01	5.568179E+03
0.32	-1.199321E+06	6.647908E+02	5.144017E+01	5.568179E+03
0.325	-1.199321E+06	6.646966E+02	5.325234E+01	5.568179E+03
0.33	-1.199319E+06	6.157507E+02	5.472745E+01	5.568179E+03
0.335	-1.199322E+06	6.717956E+02	5.561171E+01	5.568179E+03
0.34	-1.199321E+06	6.491467E+02	5.638468E+01	5.568179E+03
0.345	-1.199320E+06	6.178103E+02	5.424403E+01	5.568179E+03
0.35	-1.199322E+06	6.617810E+02	4.965243E+01	5.568179E+03
0.355	-1.199320E+06	6.142745E+02	4.506669E+01	5.568179E+03
0.36	-1.199321E+06	6.317368E+02	4.122104E+01	5.568179E+03
0.365	-1.199321E+06	6.108382E+02	4.009161E+01	5.568179E+03
0.37	-1.199320E+06	5.784011E+02	4.008917E+01	5.568179E+03
0.375	-1.199322E+06	6.407674E+02	3.969807E+01	5.568179E+03
0.38	-1.199321E+06	6.354038E+02	3.788389E+01	5.568179E+03
0.385	-1.199321E+06	6.173586E+02	3.730246E+01	5.568179E+03
0.39	-1.199321E+06	6.070100E+02	4.111998E+01	5.568179E+03
0.395	-1.199321E+06	6.089002E+02	4.489651E+01	5.568179E+03
0.4	-1.199321E+06	5.911196E+02	4.796656E+01	5.568179E+03
0.405	-1.199321E+06	6.181770E+02	4.977731E+01	5.568179E+03
0.41	-1.199322E+06	6.294141E+02	5.038716E+01	5.568179E+03
0.415	-1.199320E+06	6.058746E+02	5.239754E+01	5.568179E+03
0.42	-1.199323E+06	6.546998E+02	5.323514E+01	5.568179E+03
0.425	-1.199320E+06	5.931538E+02	5.264657E+01	5.568179E+03
0.43	-1.199321E+06	6.043427E+02	5.011981E+01	5.568179E+03
0.435	-1.199322E+06	6.391385E+02	4.607018E+01	5.568179E+03
0.44	-1.199320E+06	5.883099E+02	4.329822E+01	5.568179E+03
0.445	-1.199322E+06	6.356002E+02	4.110382E+01	5.568179E+03
0.45	-1.199321E+06	5.992091E+02	3.919768E+01	5.568179E+03
0.455	-1.199320E+06	5.436058E+02	3.717004E+01	5.568179E+03
0.46	-1.199322E+06	5.828367E+02	3.537773E+01	5.568179E+03
0.465	-1.199321E+06	5.899887E+02	3.537385E+01	5.568179E+03
0.47	-1.199321E+06	6.007491E+02	3.667981E+01	5.568179E+03
0.475	-1.199322E+06	6.196266E+02	3.936560E+01	5.568179E+03
0.48	-1.199322E+06	5.946004E+02	4.327379E+01	5.568179E+03
0.485	-1.199320E+06	5.536706E+02	4.681205E+01	5.568179E+03
0.49	-1.199322E+06	5.807185E+02	4.828320E+01	5.568179E+03
0.495	-1.199321E+06	5.678153E+02	4.858835E+01	5.568179E+03
0.5	-1.199321E+06	5.628229E+02	4.819520E+01	5.568179E+03
0.505	-1.199322E+06	5.676661E+02	4.690070E+01	5.568179E+03
0.51	-1.199321E+06	5.562227E+02	4.546761E+01	5.568179E+03
0.515	-1.199322E+06	5.943063E+02	4.317183E+01	5.568179E+03
0.52	-1.199322E+06	5.782133E+02	3.999466E+01	5.568179E+03
0.525	-1.199320E+06	5.524142E+02	3.867900E+01	5.568179E+03
0.53	-1.199323E+06	6.026119E+02	3.859888E+01	5.568179E+03
0.535	-1.199321E+06	5.720388E+02	3.902321E+01	5.568179E+03
0.54	-1.199321E+06	5.858982E+02	3.941001E+01	5.568179E+03
0.545	-1.199323E+06	6.192720E+02	3.897506E+01	5.568179E+03
0.55	-1.199321E+06	5.638929E+02	3.969166E+01	5.568179E+03
0.555	-1.199322E+06	5.423091E+02	4.257388E+01	5.568179E+03
0.56	-1.199322E+06	5.497362E+02	4.579667E+01	5.568179E+03
0.565	-1.199322E+06	5.567910E+02	4.800623E+01	5.568179E+03
0.57	-1.199322E+06	5.595467E+02	4.847536E+01	5.568179E+03
0.575	-1.199322E+06	5.490438E+02	4.737854E+01	5.568179E+03
0.58	-1.199322E+06	5.413577E+02	4.724860E+01	5.568179E+03
0.585	-1.199322E+06	5.617510E+02	4.717629E+01	5.568179E+03
0.59	-1.199323E+06	5.712166E+02	4.558450E+01	5.568179E+03
0.595	-1.199322E+06	5.563689E+02	4.376718E+01	5.568179E+03
0.6	-1.199322E+06	5.584838E+02	4.154742E+01	5.568179E+03
0.605	-1.199323E+06	5.729298E+02	3.981475E+01	5.568179E+03
0.61	-1.199322E+06	5.676768E+02	3.984070E+01	5.568179E+03
0.615	-1.199323E+06	5.615864E+02	4.049290E+01	5.568179E+03
0.62	-1.199322E+06	5.443192E+02	4.152893E+01	5.568179E+03
0.625	-1.199322E+06	5.233987E+02	4.241342E+01	5.568179E+03
0.63	-1.199322E+06	5.065808E+02	4.231217E+01	5.568179E+03
0.635	-1.199322E+06	5.191715E+02	4.266285E+01	5.568179E+03
0.64	-1.199323E+06	5.645584E+02	4.434476E+01	5.568179E+03
0.645	-1.199323E+06	5.705607E+02	4.525613E+01	5.568179E+03
0.65	-1.199322E+06	5.243808E+02	4.456690E+01	5.568179E+03
0.655	-1.199323E+06	5.087819E+02	4.271010E+01	5.568179E+03
0.66	-1.199322E+06	5.021690E+02	4.111593E+01	5.568179E+03
0.665	-1.199323E+06	5.265465E+02	4.173737E+01	5.568179E+03
0.67	-1.199324E+06	5.430924E+02	4.314714E+01	5.568179E+03
0.675	-1.199322E+06	4.946810E+02	4.329373E+01	5.568179E+03
0.68	-1.199323E+06	4.979529E+02	4.274644E+01	5.568179E+03
0.685	-1.199323E+06	5.235228E+02	4.199240E+01	5.568179E+03
0.69	-1.199323E+06	5.224614E+02	4.147266E+01	5.568179E+03
0.695	-1.199323E+06	5.274947E+02	4.171152E+01	5.568179E+03
0.7	-1.199323E+06	5.042686E+02	4.224556E+01	5.568179E+03
0.705	-1.199323E+06	4.956756E+02	4.243206E+01	5.568179E+03
0.71	-1.199323E+06	4.972119E+02	4.184986E+01	5.568179E+03
0.715	-1.199322E+06	4.792207E+02	4.132584E+01	5.568179E+03
0.72	-1.199324E+06	5.281670E+02	4.153281E+01	5.568179E+03
0.725	-1.199324E+06	5.311981E+02	4.289436E+01	5.568179E+03
0.73	-1.199323E+06	5.008091E+02	4.361704E+01	5.568179E+03
0.735	-1.199324E+06	4.952692E+02	4.274523E+01	5.568179E+03
0.74	-1.199323E+06	4.706967E+02	4.239835E+01	5.568179E+03
0.745	-1.199323E+06	4.896912E+02	4.288784E+01	5.568179E+03
0.75	-1.199324E+06	5.096152E+02	4.368067E+01	5.568179E+03
0.755	-1.199323E+06	4.901666E+02	4.473980E+01	5.568179E+03
0.76	-1.199323E+06	4.969622E+02	4.499229E+01	5.568179E+03
0.765	-1.199324E+06	5.108193E+02	4.496905E+01	5.568179E+03
0.77	-1.199323E+06	4.895837E+02	4.571739E+01	5.568179E+03
0.775	-1.199324E+06	5.123777E+02	4.617185E+01	5.568179E+03
0.78	-1.199324E+06	5.039706E+02	4.748331E+01	5.568179E+03
0.785	-1.199323E+06	4.707889E+02	4.892601E+01	5.568179E+03
0.79	-1.199324E+06	4.795787E+02	4.906328E+01	5.568179E+03
0.795	-1.199323E+06	4.438159E+02	4.932405E+01	5.568179E+03
0.8	-1.199324E+06	4.610564E+02	4.866772E+01	5.568179E+03
0.805	-1.199324E+06	4.743115E+02	4.817154E+01	5.568179E+03
0.81	-1.199324E+06	4.739849E+02	4.807055E+01	5.568179E+03
0.815	-1.199324E+06	4.679270E+02	4.731533E+01	5.568179E+03
0.82	-1.199324E+06	4.678697E+02	4.647303E+01	5.568179E+03
0.825	-1.199324E+06	4.698577E+02	4.550462E+01	5.568179E+03
0.83	-1.199323E+06	4.462240E+02	4.474025E+01	5.568179E+03
0.835	-1.199325E+06	4.672330E+02	4.471347E+01	5.568179E+03
0.84	-1.199323E+06	4.490577E+02	4.541686E+01	5.568179E+03
0.845	-1.199324E+06	4.612628E+02	4.556502E+01	5.568179E+03
0.85	-1.199325E+06	4.690776E+02	4.548603E+01	5.568179E+03
0.855	-1.199323E+06	4.254770E+02	4.623795E+01	5.568179E+03
0.86	-1.199325E+06	4.554485E+02	4.775084E+01	5.568179E+03
0.865	-1.199324E+06	4.352863E+02	5.034635E+01	5.568179E+03
0.87	-1.199324E+06	4.589762E+02	5.178415E+01	5.568179E+03
0.875	-1.199325E+06	4.902404E+02	5.120305E+01	5.568179E+03
0.88	-1.199324E+06	4.345550E+02	5.037338E+01	5.568179E+03
0.885	-1.199325E+06	4.337974E+02	4.981370E+01	5.568179E+03
0.89	-1.199325E+06	4.255029E+02	4.935166E+01	5.568179E+03
0.895	-1.199324E+06	3.992479E+02	4.863110E+01	5.568179E+03
0.9	-1.199325E+06	4.280398E+02	4.693005E+01	5.568179E+03
0.905	-1.199325E+06	4.490539E+02	4.499976E+01	5.568179E+03
0.91	-1.199325E+06	4.442489E+02	4.426078E+01	5.568179E+03
0.915	-1.199324E+06	4.329225E+02	4.484884E+01	5.568179E+03
0.92	-1.199325E+06	4.395030E+02	4.603255E+01	5.568179E+03
0.925	-1.199324E+06	4.079513E+02	4.782586E+01	5.568179E+03
0.93	-1.199325E+06	4.055089E+02	4.888615E+01	5.568179E+03
0.935	-1.199325E+06	4.079959E+02	5.013828E+01	5.568179E+03
0.94	-1.199325E+06	4.212325E+02	5.203897E+01	5.568179E+03
0.945	-1.199325E+06	4.413431E+02	5.342831E+01	5.568179E+03
0.95	-1.199325E+06	4.236867E+02	5.425941E+01	5.568179E+03
0.955	-1.199325E+06	4.041358E+02	5.430757E+01	5.568179E+03
0.96	-1.199325E+06	4.102403E+02	5.361011E+01	5.568179E+03
0.965	-1.199325E+06	3.999225E+02	5.284336E+01	5.568179E+03
0.97	-1.199326E+06	4.113026E+02	5.184827E+01	5.568179E+03
0.975	-1.199325E+06	4.048349E+02	5.122988E+01	5.568179E+03
0.98	-1.199325E+06	4.019045E+02	5.050763E+01	5.568179E+03
0.985	-1.199325E+06	4.100900E+02	4.960456E+01	5.568179E+03
0.99	-1.199325E+06	4.130709E+02	4.850462E+01	5.568179E+03
0.995	-1.199326E+06	4.095161E+02	4.824440E+01	5.568179E+03
1.0	-1.199325E+06	3.888523E+02	4.971337E+01	5.568179E+03
1.005	-1.199325E+06	3.997974E+02	5.073378E+01	5.568179E+03
1.01	-1.199326E+06	4.106840E+02	5.095428E+01	5.568179E+03
1.015	-1.199325E+06	3.957216E+02	5.080901E+01	5.568179E+03
1.02	-1.199325E+06	4.076904E+02	5.068752E+01	5.568179E+03
1.025	-1.199326E+06	4.214103E+02	5.192845E+01	5.568179E+03
1.03	-1.199325E+06	3.884949E+02	5.271343E+01	5.568179E+03
1.035	-1.199325E+06	3.638029E+02	5.228654E+01	5.568179E+03
1.04	-1.199326E+06	3.646465E+02	5.139076E+01	5.568179E+03
1.045	-1.199326E+06	3.735365E+02	5.023016E+01	5.568179E+03
1.05	-1.199326E+06	3.798286E+02	5.081400E+01	5.568179E+03
1.055	-1.199326E+06	3.870528E+02	5.167099E+01	5.568179E+03
1.06	-1.199326E+06	3.704792E+02	5.141211E+01	5.568179E+03
1.065	-1.199326E+06	3.679553E+02	5.086016E+01	5.568179E+03
1.07	-1.199326E+06	3.793653E+02	5.028618E+01	5.568179E+03
1.075	-1.199326E+06	3.716391E+02	5.054118E+01	5.568179E+03
1.08	-1.199326E+06	3.758517E+02	5.093631E+01	5.568179E+03
1.085	-1.199326E+06	3.745164E+02	5.093563E+01	5.568179E+03
1.09	-1.199325E+06	3.511741E+02	5.088154E+01	5.568179E+03
1.095	-1.199326E+06	3.612869E+02	5.048274E+01	5.568179E+03
1.1	-1.199326E+06	3.664099E+02	5.102392E+01	5.568179E+03
1.105	-1.199326E+06	3.746966E+02	5.206116E+01	5.568179E+03
1.11	-1.199326E+06	3.632564E+02	5.292001E+01	5.568179E+03
1.115	-1.199326E+06	3.522484E+02	5.322717E+01	5.568179E+03
1.12	-1.199326E+06	3.597071E+02	5.259811E+01	5.568179E+03
1.125	-1.199326E+06	3.495193E+02	5.194844E+01	5.568179E+03
1.13	-1.199326E+06	3.593462E+02	5.138908E+01	5.568179E+03
1.135	-1.199326E+06	3.495698E+02	5.117880E+01	5.568179E+03
1.14	-1.199326E+06	3.324309E+02	5.152531E+01	5.568179E+03
1.145	-1.199327E+06	3.493545E+02	5.183512E+01	5.568179E+03
1.15	-1.199326E+06	3.431338E+02	5.202757E+01	5.568179E+03
1.155	-1.199327E+06	3.690861E+02	5.192115E+01	5.568179E+03
1.16	-1.199327E+06	3.640829E+02	5.232422E+01	5.568179E+03
1.165	-1.199326E+06	3.460543E+02	5.300830E+01	5.568179E+03
1.17	-1.199326E+06	3.368654E+02	5.339783E+01	5.568179E+03
1.175	-1.199326E+06	3.410375E+02	5.287235E+01	5.568179E+03
1.18	-1.199327E+06	3.441758E+02	5.182653E+01	5.568179E+03
1.185	-1.199326E+06	3.159463E+02	5.140675E+01	5.568179E+03
1.19	-1.199327E+06	3.329850E+02	5.207845E+01	5.568179E+03
1.195	-1.199327E+06	3.379371E+02	5.356277E+01	5.568179E+03
1.2	-1.199326E+06	3.203427E+02	5.431383E+01	5.568179E+03
1.205	-1.199327E+06	3.371651E+02	5.347039E+01	5.568179E+03
1.21	-1.199326E+06	3.173336E+02	5.235364E+01	5.568179E+03
1.215	-1.199327E+06	3.210158E+02	5.211867E+01	5.568179E+03
1.22	-1.199327E+06	3.288841E+02	5.295098E+01	5.568179E+03
1.225	-1.199327E+06	3.206109E+02	5.360079E+01	5.568179E+03
1.23	-1.199327E+06	3.334722E+02	5.299251E+01	5.568179E+03
1.235	-1.199327E+06	3.225612E+02	5.182781E+01	5.568179E+03
1.24	-1.199327E+06	3.084418E+02	5.141954E+01	5.568179E+03
1.245	-1.199327E+06	3.149751E+02	5.214108E+01	5.568179E+03
1.25	-1.199327E+06	3.304751E+02	5.305636E+01	5.568179E+03
1.255	-1.199327E+06	3.194532E+02	5.368476E+01	5.568179E+03
1.26	-1.199327E+06	3.186930E+02	5.396260E+01	5.568179E+03
1.265	-1.199327E+06	3.210492E+02	5.465167E+01	5.568179E+03
1.27	-1.199327E+06	3.080132E+02	5.587231E+01	5.568179E+03
1.275	-1.199327E+06	2.974107E+02	5.681629E+01	5.568179E+03
1.28	-1.199327E+06	3.012303E+02	5.709957E+01	5.568179E+03
1.285	-1.199327E+06	3.093356E+02	5.672968E+01	5.568179E+03
1.29	-1.199327E+06	3.052573E+02	5.583199E+01	5.568179E+03
1.295	-1.199327E+06	2.983768E+02	5.475319E+01	5.568179E+03
1.3	-1.199327E+06	2.838193E+02	5.436165E+01	5.568179E+03
1.305	-1.199328E+06	3.055180E+02	5.407037E+01	5.568179E+03
1.31	-1.199328E+06	3.131111E+02	5.364100E+01	5.568179E+03
1.315	-1.199327E+06	3.031356E+02	5.317348E+01	5.568179E+03
1.32	-1.199328E+06	3.101549E+02	5.262248E+01	5.568179E+03
1.325	-1.199327E+06	3.006632E+02	5.309370E+01	5.568179E+03
1.33	-1.199328E+06	2.994742E+02	5.437383E+01	5.568179E+03
1.335	-1.199328E+06	2.966388E+02	5.512203E+01	5.568179E+03
1.34	-1.199327E+06	2.877228E+02	5.547642E+01	5.568179E+03
1.345	-1.199328E+06	2.801916E+02	5.542372E+01	5.568179E+03
1.35	-1.199327E+06	2.650299E+02	5.545404E+01	5.568179E+03
1.355	-1.199328E+06	2.738564E+02	5.636647E+01	5.568179E+03
1.36	-1.199327E+06	2.745386E+02	5.699184E+01	5.568179E+03
1.365	-1.199328E+06	2.895162E+02	5.660736E+01	5.568179E+03
1.37	-1.199328E+06	2.916358E+02	5.598574E+01	5.568179E+03
1.375	-1.199328E+06	2.878376E+02	5.457950E+01	5.568179E+03
1.38	-1.199328E+06	2.821324E+02	5.319002E+01	5.568179E+03
1.385	-1.199327E+06	2.650786E+02	5.241005E+01	5.568179E+03
1.39	-1.199328E+06	2.859901E+02	5.113767E+01	5.568179E+03
1.395	-1.199328E+06	2.734365E+02	4.971050E+01	5.568179E+03
1.4	-1.199327E+06	2.576370E+02	4.831861E+01	5.568179E+03
1.405	-1.199328E+06	2.782841E+02	4.785417E+01	5.568179E+03
1.41	-1.199328E+06	2.669863E+02	4.915393E+01	5.568179E+03
1.415	-1.199328E+06	2.698321E+02	5.065938E+01	5.568179E+03
1.42	-1.199328E+06	2.823017E+02	5.185069E+01	5.568179E+03
1.425	-1.199328E+06	2.771749E+02	5.285494E+01	5.568179E+03
1.43	-1.199328E+06	2.570612E+02	5.389402E+01	5.568179E+03
1.435	-1.199328E+06	2.549832E+02	5.491193E+01	5.568179E+03
1.44	-1.199328E+06	2.538089E+02	5.555395E+01	5.568179E+03
1.445	-1.199327E+06	2.405663E+02	5.565599E+01	5.568179E+03
1.45	-1.199328E+06	2.635400E+02	5.474622E+01	5.568179E+03
1.455	-1.199328E+06	2.642664E+02	5.343631E+01	5.568179E+03
1.46	-1.199328E+06	2.569459E+02	5.214195E+01	5.568179E+03
1.465	-1.199329E+06	2.758950E+02	5.098556E+01	5.568179E+03
1.47	-1.199328E+06	2.597656E+02	5.048505E+01	5.568179E+03
1.475	-1.199328E+06	2.606092E+02	4.965200E+01	5.568179E+03
1.48	-1.199328E+06	2.505690E+02	4.898248E+01	5.568179E+03
1.485	-1.199328E+06	2.429340E+02	4.917575E+01	5.568179E+03
1.49	-1.199329E+06	2.710806E+02	4.983237E+01	5.568179E+03
1.495	-1.199328E+06	2.626216E+02	5.134492E+01	5.568179E+03
1.5	-1.199328E+06	2.468381E+02	5.289018E+01	5.568179E+03
1.505	-1.199328E+06	2.444498E+02	5.387843E+01	5.568179E+03
1.51	-1.199328E+06	2.553690E+02	5.452297E+01	5.568179E+03
1.515	-1.199328E+06	2.529727E+02	5.494546E+01	5.568179E+03
1.52	-1.199328E+06	2.511540E+02	5.485035E+01	5.568179E+03
1.525	-1.199329E+06	2.447317E+02	5.407711E+01	5.568179E+03
1.53	-1.199328E+06	2.252795E+02	5.257311E+01	5.568179E+03
1.535	-1.199329E+06	2.319653E+02	5.036227E+01	5.568179E+03
1.54	-1.199329E+06	2.379832E+02	4.873879E+01	5.568179E+03
1.545	-1.199328E+06	2.401714E+02	4.822625E+01	5.568179E+03
1.55	-1.199329E+06	2.424740E+02	4.801541E+01	5.568179E+03
1.555	-1.199328E+06	2.352364E+02	4.822358E+01	5.568179E+03
1.56	-1.199328E+06	2.392108E+02	4.859621E+01	5.568179E+03
1.565	-1.199329E+06	2.508579E+02	4.924512E+01	5.568179E+03
1.57	-1.199328E+06	2.364422E+02	5.101990E+01	5.568179E+03
1.575	-1.199329E+06	2.369535E+02	5.245813E+01	5.568179E+03
1.58	-1.199329E+06	2.401895E+02	5.344599E+01	5.568179E+03
1.585	-1.199329E+06	2.299383E+02	5.412000E+01	5.568179E+03
1.59	-1.199329E+06	2.281632E+02	5.392638E+01	5.568179E+03
1.595	-1.199329E+06	2.214054E+02	5.378485E+01	5.568179E+03
1.6	-1.199329E+06	2.241724E+02	5.346996E+01	5.568179E+03
1.605	-1.199329E+06	2.265124E+02	5.279862E+01	5.568179E+03
1.61	-1.199328E+06	2.172190E+02	5.207415E+01	5.568179E+03
1.615	-1.199329E+06	2.268259E+02	5.118692E+01	5.568179E+03
1.62	-1.199329E+06	2.308465E+02	5.040803E+01	5.568179E+03
1.625	-1.199329E+06	2.201139E+02	4.981500E+01	5.568179E+03
1.63	-1.199329E+06	2.150718E+02	4.982916E+01	5.568179E+03
1.635	-1.199329E+06	2.253619E+02	5.033502E+01	5.568179E+03
1.64	-1.199329E+06	2.302901E+02	5.115877E+01	5.568179E+03
1.645	-1.199329E+06	2.219148E+02	5.234124E+01	5.568179E+03
1.65	-1.199329E+06	2.336699E+02	5.292606E+01	5.568179E+03
1.655	-1.199329E+06	2.096086E+02	5.363651E+01	5.568179E+03
1.66	-1.199329E+06	2.022169E+02	5.443771E+01	5.568179E+03
1.665	-1.199329E+06	2.220740E+02	5.432649E+01	5.568179E+03
1.67	-1.199329E+06	2.089078E+02	5.351223E+01	5.568179E+03
1.675	-1.199329E+06	2.145573E+02	5.175424E+01	5.568179E+03
1.68	-1.199329E+06	2.073649E+02	4.995698E+01	5.568179E+03
1.685	-1.199329E+06	2.038856E+02	4.892600E+01	5.568179E+03
1.69	-1.199329E+06	2.160623E+02	4.815887E+01	5.568179E+03
1.695	-1.199329E+06	2.078030E+02	4.733659E+01	5.568179E+03
1.7	-1.199329E+06	1.978908E+02	4.651376E+01	5.568179E+03
1.705	-1.199329E+06	1.941229E+02	4.654156E+01	5.568179E+03
1.71	-1.199329E+06	2.129401E+02	4.791048E+01	5.568179E+03
1.715	-1.199329E+06	2.139943E+02	4.975594E+01	5.568179E+03
1.72	-1.199329E+06	2.099805E+02	5.093543E+01	5.568179E+03
1.725	-1.199329E+06	2.146665E+02	5.170143E+01	5.568179E+03
1.73	-1.199329E+06	2.044916E+02	5.251000E+01	5.568179E+03
1.735	-1.199329E+06	2.096399E+02	5.334223E+01	5.568179E+03
1.74	-1.199329E+06	2.073773E+02	5.408001E+01	5.568179E+03
1.745	-1.199329E+06	2.038268E+02	5.379017E+01	5.568179E+03
1.75	-1.199330E+06	1.994109E+02	5.250743E+01	5.568179E+03
1.755	-1.199329E+06	1.860207E+02	5.103524E+01	5.568179E+03
1.76	-1.199329E+06	1.979470E+02	4.995611E+01	5.568179E+03
1.765	-1.199330E+06	2.108369E+02	4.965031E+01	5.568179E+03
1.77	-1.199329E+06	1.981240E+02	4.928901E+01	5.568179E+03
1.775	-1.199330E+06	1.999638E+02	4.845120E+01	5.568179E+03
1.78	-1.199329E+06	1.972602E+02	4.802030E+01	5.568179E+03
1.785	-1.199329E+06	1.889908E+02	4.812285E+01	5.568179E+03
1.79	-1.199329E+06	1.872584E+02	4.897859E+01	5.568179E+03
1.795	-1.199329E+06	1.836819E+02	5.041338E+01	5.568179E+03
1.8	-1.199329E+06	1.806139E+02	5.182104E+01	5.568179E+03
1.805	-1.199329E+06	1.923789E+02	5.297018E+01	5.568179E+03
1.81	-1.199330E+06	2.000940E+02	5.360343E+01	5.568179E+03
1.815	-1.199329E+06	1.911955E+02	5.382240E+01	5.568179E+03
1.82	-1.199329E+06	1.904369E+02	5.371929E+01	5.568179E+03
1.825	-1.199329E+06	1.917477E+02	5.333176E+01	5.568179E+03
1.83	-1.199329E+06	1.939023E+02	5.258496E+01	5.568179E+03
1.835	-1.199330E+06	1.979126E+02	5.123681E+01	5.568179E+03
1.84	-1.199329E+06	1.853962E+02	4.951949E+01	5.568179E+03
1.845	-1.199329E+06	1.790418E+02	4.814278E+01	5.568179E+03
1.85	-1.199330E+06	1.741119E+02	4.787762E+01	5.568179E+03
1.855	-1.199329E+06	1.677321E+02	4.847677E+01	5.568179E+03
1.86	-1.199330E+06	1.846052E+02	4.913871E+01	5.568179E+03
1.865	-1.199330E+06	1.918975E+02	4.955223E+01	5.568179E+03
1.87	-1.199329E+06	1.828016E+02	4.989137E+01	5.568179E+03
1.875	-1.199329E+06	1.777793E+02	5.090995E+01	5.568179E+03
1.88	-1.199330E+06	1.813273E+02	5.227662E+01	5.568179E+03
1.885	-1.199330E+06	1.815355E+02	5.320871E+01	5.568179E+03
1.89	-1.199330E+06	1.799403E+02	5.334639E+01	5.568179E+03
1.895	-1.199330E+06	1.806170E+02	5.267941E+01	5.568179E+03
1.9	-1.199330E+06	1.771944E+02	5.203881E+01	5.568179E+03
1.905	-1.199330E+06	1.665000E+02	5.154863E+01	5.568179E+03
1.91	-1.199329E+06	1.611885E+02	5.091778E+01	5.568179E+03
1.915	-1.199330E+06	1.719107E+02	5.015101E+01	5.568179E+03
1.92	-1.199330E+06	1.794421E+02	4.924072E+01	5.568179E+03
1.925	-1.199330E+06	1.746895E+02	4.875539E+01	5.568179E+03
1.93	-1.199330E+06	1.674046E+02	4.891432E+01	5.568179E+03
1.935	-1.199330E+06	1.693120E+02	4.924564E+01	5.568179E+03
1.94	-1.199330E+06	1.706583E+02	4.941865E+01	5.568179E+03
1.945	-1.199330E+06	1.704849E+02	4.912832E+01	5.568179E+03
1.95	-1.199330E+06	1.609184E+02	4.903995E+01	5.568179E+03
1.955	-1.199330E+06	1.604045E+02	4.951019E+01	5.568179E+03
1.96	-1.199330E+06	1.724524E+02	5.035164E+01	5.568179E+03
1.965	-1.199330E+06	1.662839E+02	5.133051E+01	5.568179E+03
1.97	-1.199330E+06	1.764385E+02	5.138803E+01	5.568179E+03
1.975	-1.199330E+06	1.691989E+02	5.092236E+01	5.568179E+03
1.98	-1.199330E+06	1.634183E+02	5.032521E+01	5.568179E+03
1.985	-1.199330E+06	1.719693E+02	4.975827E+01	5.568179E+03
1.99	-1.199330E+06	1.655037E+02	4.940824E+01	5.568179E+03
1.995	-1.199330E+06	1.648775E+02	4.845930E+01	5.568179E+03
2.0	-1.199330E+06	1.570368E+02	4.707495E+01	5.568179E+03
2.005	-1.199330E+06	1.513715E+02	4.602517E+01	5.568179E+03
2.01	-1.199330E+06	1.563466E+02	4.557379E+01	5.568179E+03
2.015	-1.199330E+06	1.603425E+02	4.581548E+01	5.568179E+03
2.02	-1.199330E+06	1.562715E+02	4.639453E+01	5.568179E+03
2.025	-1.199330E+06	1.491833E+02	4.687349E+01	5.568179E+03
2.03	-1.199330E+06	1.644921E+02	4.725968E+01	5.568179E+03
2.035	-1.199330E+06	1.631572E+02	4.805149E+01	5.568179E+03
2.04	-1.199330E+06	1.611175E+02	4.899787E+01	5.568179E+03
2.045	-1.199330E+06	1.645544E+02	4.980422E+01	5.568179E+03
2.05	-1.199330E+06	1.536702E+02	5.020993E+01	5.568179E+03
2.055	-1.199330E+06	1.592932E+02	4.960629E+01	5.568179E+03
2.06	-1.199330E+06	1.566329E+02	4.872137E+01	5.568179E+03
2.065	-1.199330E+06	1.557722E+02	4.826032E+01	5.568179E+03
2.07	-1.199330E+06	1.560534E+02	4.821698E+01	5.568179E+03
2.075	-1.199330E+06	1.466255E+02	4.846887E+01	5.568179E+03
2.08	-1.199330E+06	1.532589E+02	4.847777E+01	5.568179E+03
2.085	-1.199330E+06	1.571557E+02	4.814081E+01	5.568179E+03
2.09	-1.199330E+06	1.526559E+02	4.810474E+01	5.568179E+03
2.095	-1.199330E+06	1.475444E+02	4.877937E+01	5.568179E+03
2.1	-1.199330E+06	1.482077E+02	4.963935E+01	5.568179E+03
2.105	-1.199330E+06	1.489925E+02	5.024718E+01	5.568179E+03
2.11	-1.199330E+06	1.490960E+02	5.047312E+01	5.568179E+03
2.115	-1.199330E+06	1.532034E+02	5.029669E+01	5.568179E+03
2.12	-1.199330E+06	1.482247E+02	5.014049E+01	5.568179E+03
2.125	-1.199330E+06	1.508188E+02	5.003910E+01	5.568179E+03
2.13	-1.199330E+06	1.501299E+02	4.988352E+01	5.568179E+03
2.135	-1.199330E+06	1.488956E+02	4.956909E+01	5.568179E+03
2.14	-1.199330E+06	1.473768E+02	4.910807E+01	5.568179E+03
2.145	-1.199330E+06	1.438146E+02	4.871890E+01	5.568179E+03
2.15	-1.199330E+06	1.479102E+02	4.879437E+01	5.568179E+03
2.155	-1.199330E+06	1.444389E+02	4.922477E+01	5.568179E+03
2.16	-1.199330E+06	1.409061E+02	4.958186E+01	5.568179E+03
2.165	-1.199330E+06	1.419605E+02	4.986926E+01	5.568179E+03
2.17	-1.199330E+06	1.411090E+02	4.988261E+01	5.568179E+03
2.175	-1.199330E+06	1.417596E+02	4.997658E+01	5.568179E+03
2.18	-1.199330E+06	1.445606E+02	5.068500E+01	5.568179E+03
2.185	-1.199330E+06	1.453521E+02	5.137651E+01	5.568179E+03
2.19	-1.199330E+06	1.386263E+02	5.189096E+01	5.568179E+03
2.195	-1.199330E+06	1.409804E+02	5.213944E+01	5.568179E+03
2.2	-1.199330E+06	1.410768E+02	5.208613E+01	5.568179E+03
2.205	-1.199330E+06	1.443067E+02	5.216331E+01	5.568179E+03
2.21	-1.199330E+06	1.427929E+02	5.210555E+01	5.568179E+03
2.215	-1.199330E+06	1.336524E+02	5.146858E+01	5.568179E+03
2.22	-1.199330E+06	1.398340E+02	5.035797E+01	5.568179E+03
2.225	-1.199330E+06	1.397203E+02	4.921677E+01	5.568179E+03
2.23	-1.199330E+06	1.392236E+02	4.865559E+01	5.568179E+03
2.235	-1.199330E+06	1.376371E+02	4.886120E+01	5.568179E+03
2.24	-1.199330E+06	1.364995E+02	4.941064E+01	5.568179E+03
2.245	-1.199331E+06	1.373518E+02	5.002189E+01	5.568179E+03
2.25	-1.199330E+06	1.274904E+02	5.065543E+01	5.568179E+03
2.255	-1.199330E+06	1.300534E+02	5.162144E+01	5.568179E+03
2.26	-1.199330E+06	1.311388E+02	5.297062E+01	5.568179E+03
2.265	-1.199331E+06	1.368170E+02	5.379822E+01	5.568179E+03
2.27	-1.199331E+06	1.376965E+02	5.397589E+01	5.568179E+03
2.275	-1.199330E+06	1.336405E+02	5.359195E+01	5.568179E+03
2.28	-1.199331E+06	1.431828E+02	5.276181E+01	5.568179E+03
2.285	-1.199330E+06	1.376682E+02	5.212020E+01	5.568179E+03
2.29	-1.199331E+06	1.358603E+02	5.147104E+01	5.568179E+03
2.295	-1.199331E+06	1.340636E+02	5.087965E+01	5.568179E+03
2.3	-1.199331E+06	1.362059E+02	5.033569E+01	5.568179E+03
2.305	-1.199331E+06	1.368872E+02	4.976663E+01	5.568179E+03
2.31	-1.199330E+06	1.284483E+02	4.949466E+01	5.568179E+03
2.315	-1.199331E+06	1.324024E+02	4.971027E+01	5.568179E+03
2.32	-1.199330E+06	1.313129E+02	5.032960E+01	5.568179E+03
2.325	-1.199331E+06	1.322715E+02	5.072448E+01	5.568179E+03
2.33	-1.199330E+06	1.284948E+02	5.096736E+01	5.568179E+03
2.335	-1.199330E+06	1.261744E+02	5.123698E+01	5.568179E+03
2.34	-1.199331E+06	1.345081E+02	5.156668E+01	5.568179E+03
2.345	-1.199330E+06	1.250219E+02	5.231376E+01	5.568179E+03
2.35	-1.199331E+06	1.268176E+02	5.288874E+01	5.568179E+03
2.355	-1.199331E+06	1.369114E+02	5.302096E+01	5.568179E+03
2.36	-1.199331E+06	1.308155E+02	5.284739E+01	5.568179E+03
2.365	-1.199331E+06	1.280391E+02	5.224878E+01	5.568179E+03
2.37	-1.199331E+06	1.258128E+02	5.212402E+01	5.568179E+03
2.375	-1.199331E+06	1.256677E+02	5.252693E+01	5.568179E+03
2.38	-1.199331E+06	1.374325E+02	5.249070E+01	5.568179E+03
2.385	-1.199331E+06	1.349981E+02	5.202428E+01	5.568179E+03
2.39	-1.199331E+06	1.199106E+02	5.128800E+01	5.568179E+03
2.395	-1.199331E+06	1.216853E+02	5.084822E+01	5.568179E+03
2.4	-1.199331E+06	1.214415E+02	5.131071E+01	5.568179E+03
2.405	-1.199331E+06	1.193932E+02	5.188081E+01	5.568179E+03
2.41	-1.199331E+06	1.250988E+02	5.215541E+01	5.568179E+03
2.415	-1.199331E+06	1.230792E+02	5.254015E+01	5.568179E+03
2.42	-1.199331E+06	1.222734E+02	5.311032E+01	5.568179E+03
2.425	-1.199331E+06	1.283141E+02	5.376629E+01	5.568179E+03
2.43	-1.199331E+06	1.269305E+02	5.434615E+01	5.568179E+03
2.435	-1.199331E+06	1.239326E+02	5.447764E+01	5.568179E+03
2.44	-1.199331E+06	1.284479E+02	5.403732E+01	5.568179E+03
2.445	-1.199331E+06	1.213101E+02	5.365649E+01	5.568179E+03
2.45	-1.199331E+06	1.240136E+02	5.339765E+01	5.568179E+03
2.455	-1.199331E+06	1.286432E+02	5.320787E+01	5.568179E+03
2.46	-1.199330E+06	1.150971E+02	5.320783E+01	5.568179E+03
2.465	-1.199331E+06	1.185249E+02	5.300399E+01	5.568179E+03
2.47	-1.199331E+06	1.200709E+02	5.303710E+01	5.568179E+03
2.475	-1.199331E+06	1.142967E+02	5.342602E+01	5.568179E+03
2.48	-1.199331E+06	1.182363E+02	5.350898E+01	5.568179E+03
2.485	-1.199331E+06	1.191551E+02	5.345001E+01	5.568179E+03
2.49	-1.199331E+06	1.206640E+02	5.311212E+01	5.568179E+03
2.495	-1.199331E+06	1.216267E+02	5.229580E+01	5.568179E+03
2.5	-1.199331E+06	1.188344E+02	5.175416E+01	5.568179E+03
2.505	-1.199331E+06	1.159123E+02	5.186738E+01	5.568179E+03
2.51	-1.199331E+06	1.212230E+02	5.233844E+01	5.568179E+03
2.515	-1.199331E+06	1.159951E+02	5.307029E+01	5.568179E+03
2.52	-1.199331E+06	1.136280E+02	5.341946E+01	5.568179E+03
2.525	-1.199331E+06	1.180714E+02	5.339403E+01	5.568179E+03
2.53	-1.199331E+06	1.147294E+02	5.359820E+01	5.568179E+03
2.535	-1.199331E+06	1.207059E+02	5.378100E+01	5.568179E+03
2.54	-1.199331E+06	1.209374E+02	5.383338E+01	5.568179E+03
2.545	-1.199331E+06	1.176767E+02	5.355119E+01	5.568179E+03
2.55	-1.199331E+06	1.186771E+02	5.290269E+01	5.568179E+03
2.555	-1.199331E+06	1.119402E+02	5.266593E+01	5.568179E+03
2.56	-1.199331E+06	1.133645E+02	5.305801E+01	5.568179E+03
2.565	-1.199331E+06	1.185639E+02	5.375712E+01	5.568179E+03
2.57	-1.199331E+06	1.177202E+02	5.429880E+01	5.568179E+03
2.575	-1.199331E+06	1.199865E+02	5.425127E+01	5.568179E+03
2.58	-1.199331E+06	1.182456E+02	5.384358E+01	5.568179E+03
2.585	-1.199331E+06	1.102103E+02	5.354588E+01	5.568179E+03
2.59	-1.199331E+06	1.077542E+02	5.351240E+01	5.568179E+03
2.595	-1.199331E+06	1.099766E+02	5.358015E+01	5.568179E+03
2.6	-1.199331E+06	1.148841E+02	5.334240E+01	5.568179E+03
2.605	-1.199331E+06	1.152255E+02	5.283620E+01	5.568179E+03
2.61	-1.199331E+06	1.190581E+02	5.242053E+01	5.568179E+03
2.615	-1.199331E+06	1.128561E+02	5.242779E+01	5.568179E+03
2.62	-1.199331E+06	1.106652E+02	5.268933E+01	5.568179E+03
2.625	-1.199331E+06	1.143676E+02	5.299530E+01	5.568179E+03
2.63	-1.199331E+06	1.153907E+02	5.303899E+01	5.568179E+03
2.635	-1.199331E+06	1.144172E+02	5.302288E+01	5.568179E+03
2.64	-1.199331E+06	1.052738E+02	5.348408E+01	5.568179E+03
2.645	-1.199331E+06	1.090839E+02	5.410194E+01	5.568179E+03
2.65	-1.199331E+06	1.072470E+02	5.474950E+01	5.568179E+03
2.655	-1.199331E+06	1.118017E+02	5.487055E+01	5.568179E+03
2.66	-1.199331E+06	1.219308E+02	5.412544E+01	5.568179E+03
2.665	-1.199331E+06	1.094139E+02	5.330410E+01	5.568179E+03
2.67	-1.199331E+06	1.077544E+02	5.289582E+01	5.568179E+03
2.675	-1.199331E+06	1.099594E+02	5.309589E+01	5.568179E+03
2.68	-1.199331E+06	1.071577E+02	5.354685E+01	5.568179E+03
2.685	-1.199331E+06	1.120237E+02	5.366514E+01	5.568179E+03
2.69	-1.199331E+06	1.137824E+02	5.352152E+01	5.568179E+03
2.695	-1.199331E+06	1.083737E+02	5.361490E+01	5.568179E+03
2.7	-1.199331E+06	1.064583E+02	5.411699E+01	5.568179E+03
2.705	-1.199331E+06	1.103897E+02	5.469540E+01	5.568179E+03
2.71	-1.199331E+06	1.053559E+02	5.514910E+01	5.568179E+03
2.715	-1.199331E+06	1.066462E+02	5.505394E+01	5.568179E+03
2.72	-1.199331E+06	1.072812E+02	5.475570E+01	5.568179E+03
2.725	-1.199331E+06	1.021037E+02	5.503387E+01	5.568179E+03
2.73	-1.199331E+06	1.022131E+02	5.557125E+01	5.568179E+03
2.735	-1.199331E+06	1.060031E+02	5.597082E+01	5.568179E+03
2.74	-1.199331E+06	1.071790E+02	5.603560E+01	5.568179E+03
2.745	-1.199331E+06	1.077444E+02	5.563327E+01	5.568179E+03
2.75	-1.199331E+06	1.090561E+02	5.545411E+01	5.568179E+03
2.755	-1.199331E+06	1.051546E+02	5.568444E+01	5.568179E+03
2.76	-1.199331E+06	1.081599E+02	5.567130E+01	5.568179E+03
2.765	-1.199331E+06	1.068042E+02	5.530851E+01	5.568179E+03
2.77	-1.199331E+06	1.057997E+02	5.459258E+01	5.568179E+03
2.775	-1.199332E+06	1.086859E+02	5.392518E+01	5.568179E+03
2.78	-1.199331E+06	1.013362E+02	5.376514E+01	5.568179E+03
2.785	-1.199331E+06	1.026893E+02	5.385872E+01	5.568179E+03
2.79	-1.199331E+06	1.040843E+02	5.415804E+01	5.568179E+03
2.795	-1.199331E+06	1.078005E+02	5.431651E+01	5.568179E+03
2.8	-1.199331E+06	1.020490E+02	5.430237E+01	5.568179E+03
2.805	-1.199331E+06	9.933710E+01	5.439573E+01	5.568179E+03
2.81	-1.199332E+06	1.105463E+02	5.477193E+01	5.568179E+03
2.815	-1.199331E+06	1.110471E+02	5.536998E+01	5.568179E+03
2.82	-1.199331E+06	1.092801E+02	5.576950E+01	5.568179E+03
2.825	-1.199331E+06	1.052960E+02	5.595377E+01	5.568179E+03
2.83	-1.199331E+06	9.825968E+01	5.592633E+01	5.568179E+03
2.835	-1.199331E+06	1.002701E+02	5.572842E+01	5.568179E+03
2.84	-1.199331E+06	1.023563E+02	5.578793E+01	5.568179E+03
2.845	-1.199331E+06	1.040554E+02	5.572874E+01	5.568179E+03
2.85	-1.199331E+06	1.047011E+02	5.521831E+01	5.568179E+03
2.855	-1.199331E+06	1.004588E+02	5.465086E+01	5.568179E+03
2.86	-1.199331E+06	9.928753E+01	5.425384E+01	5.568179E+03
2.865	-1.199331E+06	1.018512E+02	5.425642E+01	5.568179E+03
2.87	-1.199331E+06	1.059432E+02	5.439297E+01	5.568179E+03
2.875	-1.199331E+06	1.022598E+02	5.413966E+01	5.568179E+03
2.88	-1.199331E+06	1.007156E+02	5.355132E+01	5.568179E+03
2.885	-1.199331E+06	1.042833E+02	5.315558E+01	5.568179E+03
2.89	-1.199331E+06	1.043398E+02	5.332256E+01	5.568179E+03
2.895	-1.199331E+06	1.054722E+02	5.383970E+01	5.568179E+03
2.9	-1.199331E+06	9.856560E+01	5.439966E+01	5.568179E+03
2.905	-1.199331E+06	9.941990E+01	5.465149E+01	5.568179E+03
2.91	-1.199331E+06	1.026984E+02	5.478425E+01	5.568179E+03
2.915	-1.199331E+06	1.010628E+02	5.521713E+01	5.568179E+03
2.92	-1.199331E+06	1.027908E+02	5.569567E+01	5.568179E+03
2.925	-1.199331E+06	1.013005E+02	5.576054E+01	5.568179E+03
2.93	-1.199331E+06	1.042619E+02	5.513335E+01	5.568179E+03
2.935	-1.199331E+06	1.042826E+02	5.409479E+01	5.568179E+03
2.94	-1.199331E+06	1.052412E+02	5.326407E+01	5.568179E+03
2.945	-1.199331E+06	1.045378E+02	5.290967E+01	5.568179E+03
2.95	-1.199331E+06	1.053342E+02	5.271414E+01	5.568179E+03
2.955	-1.199331E+06	1.027213E+02	5.250445E+01	5.568179E+03
2.96	-1.199331E+06	9.809061E+01	5.219853E+01	5.568179E+03
2.965	-1.199331E+06	1.002759E+02	5.199988E+01	5.568179E+03
2.97	-1.199331E+06	9.705719E+01	5.230360E+01	5.568179E+03
2.975	-1.199331E+06	1.029047E+02	5.290886E+01	5.568179E+03
2.98	-1.199331E+06	1.047762E+02	5.361998E+01	5.568179E+03
2.985	-1.199331E+06	9.909653E+01	5.427885E+01	5.568179E+03
2.99	-1.199331E+06	9.987526E+01	5.468442E+01	5.568179E+03
2.995	-1.199331E+06	1.015449E+02	5.478455E+01	5.568179E+03
3.0	-1.199331E+06	1.007008E+02	5.473811E+01	5.568179E+03
3.005	-1.199331E+06	9.683899E+01	5.464173E+01	5.568179E+03
3.01	-1.199331E+06	1.029462E+02	5.439271E+01	5.568179E+03
3.015	-1.199331E+06	9.859209E+01	5.413337E+01	5.568179E+03
3.02	-1.199331E+06	9.668786E+01	5.361485E+01	5.568179E+03
3.025	-1.199331E+06	1.072152E+02	5.302553E+01	5.568179E+03
3.03	-1.199331E+06	1.007181E+02	5.284463E+01	5.568179E+03
3.035	-1.199331E+06	9.568077E+01	5.269877E+01	5.568179E+03
3.04	-1.199331E+06	9.943104E+01	5.258067E+01	5.568179E+03
3.045	-1.199331E+06	1.010531E+02	5.251140E+01	5.568179E+03
3.05	-1.199331E+06	9.852797E+01	5.258627E+01	5.568179E+03
3.055	-1.199331E+06	9.814477E+01	5.328027E+01	5.568179E+03
3.06	-1.199331E+06	9.893208E+01	5.416993E+01	5.568179E+03
3.065	-1.199331E+06	9.709020E+01	5.475363E+01	5.568179E+03
3.07	-1.199331E+06	9.969847E+01	5.490553E+01	5.568179E+03
3.075	-1.199331E+06	9.886347E+01	5.459699E+01	5.568179E+03
3.08	-1.199331E+06	1.026336E+02	5.424136E+01	5.568179E+03
3.085	-1.199331E+06	1.029104E+02	5.395272E+01	5.568179E+03
3.09	-1.199331E+06	9.933705E+01	5.336802E+01	5.568179E+03
3.095	-1.199331E+06	1.028041E+02	5.249443E+01	5.568179E+03
3.1	-1.199331E+06	1.008971E+02	5.167521E+01	5.568179E+03
3.105	-1.199331E+06	9.534694E+01	5.148278E+01	5.568179E+03
3.11	-1.199331E+06	9.839590E+01	5.200390E+01	5.568179E+03
3.115	-1.199331E+06	1.027442E+02	5.277223E+01	5.568179E+03
3.12	-1.199331E+06	9.923750E+01	5.351210E+01	5.568179E+03
3.125	-1.199331E+06	1.007801E+02	5.411432E+01	5.568179E+03
3.13	-1.199331E+06	1.005444E+02	5.472472E+01	5.568179E+03
3.135	-1.199331E+06	1.001319E+02	5.503252E+01	5.568179E+03
3.14	-1.199331E+06	9.753585E+01	5.476501E+01	5.568179E+03
3.145	-1.199331E+06	8.871176E+01	5.414525E+01	5.568179E+03
3.15	-1.199331E+06	9.670216E+01	5.316019E+01	5.568179E+03
3.155	-1.199331E+06	1.001852E+02	5.221537E+01	5.568179E+03
3.16	-1.199331E+06	9.868440E+01	5.155360E+01	5.568179E+03
3.165	-1.199331E+06	1.006571E+02	5.119182E+01	5.568179E+03
3.17	-1.199331E+06	9.897454E+01	5.131164E+01	5.568179E+03
3.175	-1.199331E+06	1.005387E+02	5.173961E+01	5.568179E+03
3.18	-1.199331E+06	9.877276E+01	5.218468E+01	5.568179E+03
3.185	-1.199331E+06	9.936528E+01	5.249086E+01	5.568179E+03
3.19	-1.199331E+06	9.649768E+01	5.293176E+01	5.568179E+03
3.195	-1.199331E+06	9.581894E+01	5.351063E+01	5.568179E+03
3.2	-1.199331E+06	1.007653E+02	5.393410E+01	5.568179E+03
3.205	-1.199331E+06	1.003932E+02	5.401753E+01	5.568179E+03
3.21	-1.199331E+06	1.013023E+02	5.362751E+01	5.568179E+03
3.215	-1.199331E+06	9.680839E+01	5.319254E+01	5.568179E+03
3.22	-1.199331E+06	9.529377E+01	5.298778E+01	5.568179E+03
3.225	-1.199331E+06	1.015103E+02	5.271498E+01	5.568179E+03
3.23	-1.199331E+06	1.026825E+02	5.217682E+01	5.568179E+03
3.235	-1.199331E+06	1.030043E+02	5.119858E+01	5.568179E+03
3.24	-1.199331E+06	9.165843E+01	5.012488E+01	5.568179E+03
3.245	-1.199331E+06	9.180270E+01	4.958682E+01	5.568179E+03
3.25	-1.199331E+06	1.008552E+02	4.969638E+01	5.568179E+03
3.255	-1.199331E+06	9.797086E+01	4.993134E+01	5.568179E+03
3.26	-1.199331E+06	9.873838E+01	4.996037E+01	5.568179E+03
3.265	-1.199331E+06	1.018484E+02	5.005694E+01	5.568179E+03
3.27	-1.199331E+06	1.038378E+02	5.056827E+01	5.568179E+03
3.275	-1.199331E+06	9.909730E+01	5.152165E+01	5.568179E+03
3.28	-1.199331E+06	9.739381E+01	5.242176E+01	5.568179E+03
3.285	-1.199331E+06	9.944684E+01	5.286894E+01	5.568179E+03
3.29	-1.199331E+06	9.292479E+01	5.294242E+01	5.568179E+03
3.295	-1.199331E+06	9.409635E+01	5.271047E+01	5.568179E+03
3.3	-1.199331E+06	9.483900E+01	5.225071E+01	5.568179E+03
3.305	-1.199331E+06	9.385007E+01	5.141632E+01	5.568179E+03
3.31	-1.199331E+06	9.420009E+01	5.015339E+01	5.568179E+03
3.315	-1.199331E+06	9.692852E+01	4.876622E+01	5.568179E+03
3.32	-1.199331E+06	9.570964E+01	4.769226E+01	5.568179E+03
3.325	-1.199331E+06	9.207619E+01	4.712932E+01	5.568179E+03
3.33	-1.199331E+06	9.467496E+01	4.721990E+01	5.568179E+03
3.335	-1.199331E+06	9.749904E+01	4.785026E+01	5.568179E+03
3.34	-1.199331E+06	1.062923E+02	4.853298E+01	5.568179E+03
3.345	-1.199331E+06	1.035955E+02	4.929889E+01	5.568179E+03
3.35	-1.199331E+06	9.943641E+01	5.004253E+01	5.568179E+03
3.355	-1.199331E+06	9.983660E+01	5.079848E+01	5.568179E+03
3.36	-1.199331E+06	1.014626E+02	5.164080E+01	5.568179E+03
3.365	-1.199331E+06	1.004562E+02	5.219599E+01	5.568179E+03
3.37	-1.199331E+06	9.588072E+01	5.230798E+01	5.568179E+03
3.375	-1.199331E+06	9.890353E+01	5.199198E+01	5.568179E+03
3.38	-1.199331E+06	9.821051E+01	5.136261E+01	5.568179E+03
3.385	-1.199331E+06	1.028826E+02	5.070309E+01	5.568179E+03
3.39	-1.199331E+06	9.712003E+01	5.021937E+01	5.568179E+03
3.395	-1.199331E+06	9.514994E+01	4.960368E+01	5.568179E+03
3.4	-1.199331E+06	1.011265E+02	4.897723E+01	5.568179E+03
3.405	-1.199331E+06	9.724589E+01	4.851849E+01	5.568179E+03
3.41	-1.199331E+06	1.028558E+02	4.833477E+01	5.568179E+03
3.415	-1.199331E+06	9.731956E+01	4.886055E+01	5.568179E+03
3.42	-1.199331E+06	9.933324E+01	4.955956E+01	5.568179E+03
3.425	-1.199331E+06	1.035287E+02	5.012569E+01	5.568179E+03
3.43	-1.199331E+06	9.870643E+01	5.058230E+01	5.568179E+03
3.435	-1.199331E+06	9.994894E+01	5.099034E+01	5.568179E+03
3.44	-1.199331E+06	9.578983E+01	5.156013E+01	5.568179E+03
3.445	-1.199331E+06	9.834675E+01	5.190372E+01	5.568179E+03
3.45	-1.199331E+06	9.625604E+01	5.190828E+01	5.568179E+03
3.455	-1.199331E+06	9.677809E+01	5.149371E+01	5.568179E+03
3.46	-1.199331E+06	9.684274E+01	5.095136E+01	5.568179E+03
3.465	-1.199331E+06	1.005985E+02	5.062723E+01	5.568179E+03
3.47	-1.199331E+06	1.060059E+02	5.039097E+01	5.568179E+03
3.475	-1.199331E+06	9.829489E+01	5.003950E+01	5.568179E+03
3.48	-1.199331E+06	1.045518E+02	4.931942E+01	5.568179E+03
3.485	-1.199331E+06	1.041452E+02	4.865488E+01	5.568179E+03
3.49	-1.199331E+06	9.338871E+01	4.854981E+01	5.568179E+03
3.495	-1.199331E+06	1.008721E+02	4.896456E+01	5.568179E+03
3.5	-1.199331E+06	9.681078E+01	4.979090E+01	5.568179E+03
3.505	-1.199331E+06	9.729571E+01	5.038421E+01	5.568179E+03
3.51	-1.199331E+06	1.007409E+02	5.078594E+01	5.568179E+03
3.515	-1.199331E+06	1.021806E+02	5.119209E+01	5.568179E+03
3.52	-1.199331E+06	1.059128E+02	5.148439E+01	5.568179E+03
3.525	-1.199331E+06	1.041397E+02	5.164878E+01	5.568179E+03
3.53	-1.199331E+06	1.019668E+02	5.139301E+01	5.568179E+03
3.535	-1.199331E+06	1.010908E+02	5.070729E+01	5.568179E+03
3.54	-1.199331E+06	1.015520E+02	4.993805E+01	5.568179E+03
3.545	-1.199331E+06	9.826808E+01	4.948665E+01	5.568179E+03
3.55	-1.199331E+06	9.751623E+01	4.961286E+01	5.568179E+03
3.555	-1.199331E+06	1.036502E+02	5.013049E+01	5.568179E+03
3.56	-1.199331E+06	1.009070E+02	5.057539E+01	5.568179E+03
3.565	-1.199331E+06	9.656375E+01	5.057390E+01	5.568179E+03
3.57	-1.199331E+06	9.848701E+01	5.046514E+01	5.568179E+03
3.575	-1.199331E+06	1.022853E+02	5.059150E+01	5.568179E+03
3.58	-1.199331E+06	1.030518E+02	5.081031E+01	5.568179E+03
3.585	-1.199331E+06	1.029222E+02	5.096830E+01	5.568179E+03
3.59	-1.199331E+06	1.021509E+02	5.078078E+01	5.568179E+03
3.595	-1.199331E+06	1.019677E+02	5.024957E+01	5.568179E+03
3.6	-1.199331E+06	9.976549E+01	4.989838E+01	5.568179E+03
3.605	-1.199331E+06	1.002591E+02	4.961713E+01	5.568179E+03
3.61	-1.199331E+06	1.025262E+02	4.925103E+01	5.568179E+03
3.615	-1.199331E+06	1.010433E+02	4.885392E+01	5.568179E+03
3.62	-1.199331E+06	1.007701E+02	4.836880E+01	5.568179E+03
3.625	-1.199331E+06	1.031652E+02	4.823516E+01	5.568179E+03
3.63	-1.199331E+06	1.030474E+02	4.858808E+01	5.568179E+03
3.635	-1.199331E+06	1.004447E+02	4.915809E+01	5.568179E+03
3.64	-1.199331E+06	1.054400E+02	4.977142E+01	5.568179E+03
3.645	-1.199331E+06	1.083226E+02	5.014864E+01	5.568179E+03
3.65	-1.199331E+06	1.033612E+02	5.028108E+01	5.568179E+03
3.655	-1.199331E+06	1.032047E+02	5.046242E+01	5.568179E+03
3.66	-1.199331E+06	1.043379E+02	5.073020E+01	5.568179E+03
3.665	-1.199331E+06	1.052105E+02	5.087239E+01	5.568179E+03
3.67	-1.199331E+06	1.102107E+02	5.061862E+01	5.568179E+03
3.675	-1.199331E+06	1.068039E+02	5.008970E+01	5.568179E+03
3.68	-1.199331E+06	1.084294E+02	4.944034E+01	5.568179E+03
3.685	-1.199331E+06	1.084951E+02	4.895492E+01	5.568179E+03
3.69	-1.199331E+06	1.018113E+02	4.890355E+01	5.568179E+03
3.695	-1.199331E+06	1.000005E+02	4.912788E+01	5.568179E+03
3.7	-1.199331E+06	9.967515E+01	4.946263E+01	5.568179E+03
3.705	-1.199331E+06	1.051779E+02	4.989386E+01	5.568179E+03
3.71	-1.199331E+06	1.085453E+02	5.052366E+01	5.568179E+03
3.715	-1.199331E+06	1.085344E+02	5.136178E+01	5.568179E+03
3.72	-1.199331E+06	1.020205E+02	5.212835E+01	5.568179E+03
3.725	-1.199331E+06	1.014814E+02	5.232817E+01	5.568179E+03
3.73	-1.199331E+06	1.032754E+02	5.226452E+01	5.568179E+03
3.735	-1.199331E+06	1.011925E+02	5.231237E+01	5.568179E+03
3.74	-1.199331E+06	1.129984E+02	5.229564E+01	5.568179E+03
3.745	-1.199331E+06	1.119745E+02	5.237402E+01	5.568179E+03
3.75	-1.199331E+06	1.084073E+02	5.197795E+01	5.568179E+03
3.755	-1.199331E+06	1.101317E+02	5.097763E+01	5.568179E+03
3.76	-1.199331E+06	1.014011E+02	5.023166E+01	5.568179E+03
3.765	-1.199331E+06	1.027042E+02	4.991905E+01	5.568179E+03
3.77	-1.199331E+06	1.090769E+02	5.011144E+01	5.568179E+03
3.775	-1.199331E+06	1.081993E+02	5.051271E+01	5.568179E+03
3.78	-1.199331E+06	1.081935E+02	5.056452E+01	5.568179E+03
3.785	-1.199331E+06	1.037192E+02	5.073682E+01	5.568179E+03
3.79	-1.199331E+06	1.037435E+02	5.124515E+01	5.568179E+03
3.795	-1.199331E+06	1.145623E+02	5.182222E+01	5.568179E+03
3.8	-1.199331E+06	1.148961E+02	5.235176E+01	5.568179E+03
3.805	-1.199331E+06	1.111135E+02	5.230451E+01	5.568179E+03
3.81	-1.199331E+06	1.079825E+02	5.197083E+01	5.568179E+03
3.815	-1.199331E+06	1.057087E+02	5.212666E+01	5.568179E+03
3.82	-1.199331E+06	1.171945E+02	5.258598E+01	5.568179E+03
3.825	-1.199331E+06	1.131604E+02	5.330566E+01	5.568179E+03
3.83	-1.199331E+06	1.051006E+02	5.392197E+01	5.568179E+03
3.835	-1.199331E+06	1.081401E+02	5.411057E+01	5.568179E+03
3.84	-1.199331E+06	1.129150E+02	5.410137E+01	5.568179E+03
3.845	-1.199331E+06	1.093881E+02	5.389417E+01	5.568179E+03
3.85	-1.199331E+06	1.051422E+02	5.351621E+01	5.568179E+03
3.855	-1.199331E+06	1.117173E+02	5.324488E+01	5.568179E+03
3.86	-1.199331E+06	1.111959E+02	5.305015E+01	5.568179E+03
3.865	-1.199331E+06	1.161652E+02	5.252839E+01	5.568179E+03
3.87	-1.199331E+06	1.088300E+02	5.200398E+01	5.568179E+03
3.875	-1.199331E+06	1.041892E+02	5.170205E+01	5.568179E+03
3.88	-1.199331E+06	1.168737E+02	5.173761E+01	5.568179E+03
3.885	-1.199331E+06	1.080573E+02	5.225553E+01	5.568179E+03
3.89	-1.199331E+06	1.166470E+02	5.263141E+01	5.568179E+03
3.895	-1.199331E+06	1.243113E+02	5.301399E+01	5.568179E+03
3.9	-1.199331E+06	1.098674E+02	5.362417E+01	5.568179E+03
3.905	-1.199331E+06	1.137056E+02	5.421023E+01	5.568179E+03
3.91	-1.199331E+06	1.227309E+02	5.464173E+01	5.568179E+03
3.915	-1.199331E+06	1.178551E+02	5.446537E+01	5.568179E+03
3.92	-1.199331E+06	1.103141E+02	5.369240E+01	5.568179E+03
3.925	-1.199331E+06	1.114163E+02	5.305138E+01	5.568179E+03
3.93	-1.199331E+06	1.143738E+02	5.295449E+01	5.568179E+03
3.935	-1.199331E+06	1.183725E+02	5.297259E+01	5.568179E+03
3.94	-1.199331E+06	1.153240E+02	5.287193E+01	5.568179E+03
3.945	-1.199331E+06	1.117650E+02	5.254166E+01	5.568179E+03
3.95	-1.199331E+06	1.196091E+02	5.190355E+01	5.568179E+03
3.955	-1.199331E+06	1.136558E+02	5.166613E+01	5.568179E+03
3.96	-1.199331E+06	1.055563E+02	5.188945E+01	5.568179E+03
3.965	-1.199331E+06	1.143332E+02	5.210249E+01	5.568179E+03
3.97	-1.199331E+06	1.176654E+02	5.241050E+01	5.568179E+03
3.975	-1.199331E+06	1.209801E+02	5.256741E+01	5.568179E+03
3.98	-1.199331E+06	1.255664E+02	5.277509E+01	5.568179E+03
3.985	-1.199331E+06	1.184398E+02	5.358346E+01	5.568179E+03
3.99	-1.199331E+06	1.179653E+02	5.449470E+01	5.568179E+03
3.995	-1.199331E+06	1.242616E+02	5.536895E+01	5.568179E+03
4.0	-1.199331E+06	1.273501E+02	5.611928E+01	5.568179E+03
4.005	-1.199331E+06	1.238367E+02	5.631014E+01	5.568179E+03
4.01	-1.199331E+06	1.187399E+02	5.634994E+01	5.568179E+03
4.015	-1.199331E+06	1.172992E+02	5.642466E+01	5.568179E+03
4.02	-1.199331E+06	1.171229E+02	5.615542E+01	5.568179E+03
4.025	-1.199331E+06	1.213332E+02	5.554953E+01	5.568179E+03
4.03	-1.199331E+06	1.181065E+02	5.468969E+01	5.568179E+03
4.035	-1.199331E+06	1.158127E+02	5.384346E+01	5.568179E+03
4.04	-1.199331E+06	1.264435E+02	5.353675E+01	5.568179E+03
4.045	-1.199331E+06	1.193611E+02	5.375471E+01	5.568179E+03
4.05	-1.199331E+06	1.225407E+02	5.388350E+01	5.568179E+03
4.055	-1.199331E+06	1.270196E+02	5.376873E+01	5.568179E+03
4.06	-1.199331E+06	1.208748E+02	5.331762E+01	5.568179E+03
4.065	-1.199331E+06	1.240449E+02	5.303355E+01	5.568179E+03
4.07	-1.199331E+06	1.268320E+02	5.331342E+01	5.568179E+03
4.075	-1.199331E+06	1.213336E+02	5.374083E+01	5.568179E+03
4.08	-1.199331E+06	1.197844E+02	5.415712E+01	5.568179E+03
4.085	-1.199331E+06	1.270286E+02	5.434571E+01	5.568179E+03
4.09	-1.199331E+06	1.255937E+02	5.451295E+01	5.568179E+03
4.095	-1.199331E+06	1.209595E+02	5.501594E+01	5.568179E+03
4.1	-1.199331E+06	1.194932E+02	5.557898E+01	5.568179E+03
4.105	-1.199331E+06	1.159175E+02	5.596682E+01	5.568179E+03
4.11	-1.199331E+06	1.270408E+02	5.574070E+01	5.568179E+03
4.115	-1.199331E+06	1.264494E+02	5.511440E+01	5.568179E+03
4.12	-1.199331E+06	1.231428E+02	5.466705E+01	5.568179E+03
4.125	-1.199331E+06	1.341378E+02	5.447917E+01	5.568179E+03
4.13	-1.199331E+06	1.291822E+02	5.454503E+01	5.568179E+03
4.135	-1.199331E+06	1.299724E+02	5.439446E+01	5.568179E+03
4.14	-1.199331E+06	1.336766E+02	5.394215E+01	5.568179E+03
4.145	-1.199331E+06	1.239922E+02	5.367850E+01	5.568179E+03
4.15	-1.199331E+06	1.305439E+02	5.363716E+01	5.568179E+03
4.155	-1.199331E+06	1.380418E+02	5.393575E+01	5.568179E+03
4.16	-1.199331E+06	1.344897E+02	5.417354E+01	5.568179E+03
4.165	-1.199331E+06	1.338272E+02	5.404502E+01	5.568179E+03
4.17	-1.199331E+06	1.338946E+02	5.405789E+01	5.568179E+03
4.175	-1.199331E+06	1.257638E+02	5.419754E+01	5.568179E+03
4.18	-1.199331E+06	1.211867E+02	5.434366E+01	5.568179E+03
4.185	-1.199331E+06	1.296602E+02	5.465333E+01	5.568179E+03
4.19	-1.199331E+06	1.368010E+02	5.474437E+01	5.568179E+03
4.195	-1.199331E+06	1.351168E+02	5.443153E+01	5.568179E+03
4.2	-1.199331E+06	1.308507E+02	5.411979E+01	5.568179E+03
4.205	-1.199331E+06	1.336777E+02	5.409439E+01	5.568179E+03
4.21	-1.199331E+06	1.351596E+02	5.442525E+01	5.568179E+03
4.215	-1.199331E+06	1.295581E+02	5.476720E+01	5.568179E+03
4.22	-1.199331E+06	1.321889E+02	5.464427E+01	5.568179E+03
4.225	-1.199331E+06	1.316182E+02	5.429169E+01	5.568179E+03
4.23	-1.199331E+06	1.293513E+02	5.405756E+01	5.568179E+03
4.235	-1.199331E+06	1.364457E+02	5.406187E+01	5.568179E+03
4.24	-1.199331E+06	1.366370E+02	5.428922E+01	5.568179E+03
4.245	-1.199331E+06	1.307185E+02	5.433477E+01	5.568179E+03
4.25	-1.199331E+06	1.318041E+02	5.400253E+01	5.568179E+03
4.255	-1.199331E+06	1.278472E+02	5.383879E+01	5.568179E+03
4.26	-1.199331E+06	1.375476E+02	5.393284E+01	5.568179E+03
4.265	-1.199331E+06	1.425362E+02	5.419314E+01	5.568179E+03
4.27	-1.199331E+06	1.335518E+02	5.445027E+01	5.568179E+03
4.275	-1.199331E+06	1.404107E+02	5.436076E+01	5.568179E+03
4.28	-1.199331E+06	1.407688E+02	5.425291E+01	5.568179E+03
4.285	-1.199331E+06	1.349243E+02	5.447651E+01	5.568179E+03
4.29	-1.199331E+06	1.410037E+02	5.501449E+01	5.568179E+03
4.295	-1.199331E+06	1.464694E+02	5.581617E+01	5.568179E+03
4.3	-1.199331E+06	1.450077E+02	5.650277E+01	5.568179E+03
4.305	-1.199331E+06	1.424125E+02	5.679398E+01	5.568179E+03
4.31	-1.199331E+06	1.411796E+02	5.697496E+01	5.568179E+03
4.315	-1.199331E+06	1.376835E+02	5.709693E+01	5.568179E+03
4.32	-1.199331E+06	1.432162E+02	5.689345E+01	5.568179E+03
4.325	-1.199331E+06	1.420663E+02	5.640936E+01	5.568179E+03
4.33	-1.199331E+06	1.387016E+02	5.550984E+01	5.568179E+03
4.335	-1.199331E+06	1.403828E+02	5.459634E+01	5.568179E+03
4.34	-1.199331E+06	1.372432E+02	5.416252E+01	5.568179E+03
4.345	-1.199331E+06	1.455670E+02	5.394934E+01	5.568179E+03
4.35	-1.199331E+06	1.498448E+02	5.384492E+01	5.568179E+03
4.355	-1.199331E+06	1.393285E+02	5.368451E+01	5.568179E+03
4.36	-1.199331E+06	1.365323E+02	5.362171E+01	5.568179E+03
4.365	-1.199331E+06	1.427112E+02	5.416794E+01	5.568179E+03
4.37	-1.199331E+06	1.481928E+02	5.517771E+01	5.568179E+03
4.375	-1.199331E+06	1.514480E+02	5.638385E+01	5.568179E+03
4.38	-1.199331E+06	1.458782E+02	5.747237E+01	5.568179E+03
4.385	-1.199330E+06	1.356944E+02	5.806476E+01	5.568179E+03
4.39	-1.199331E+06	1.456706E+02	5.804518E+01	5.568179E+03
4.395	-1.199331E+06	1.501944E+02	5.774879E+01	5.568179E+03
4.4	-1.199330E+06	1.518197E+02	5.735906E+01	5.568179E+03
4.405	-1.199331E+06	1.604840E+02	5.659998E+01	5.568179E+03
4.41	-1.199331E+06	1.558673E+02	5.527974E+01	5.568179E+03
4.415	-1.199331E+06	1.496972E+02	5.366915E+01	5.568179E+03
4.42	-1.199330E+06	1.497450E+02	5.246444E+01	5.568179E+03
4.425	-1.199331E+06	1.533799E+02	5.209378E+01	5.568179E+03
4.43	-1.199330E+06	1.474155E+02	5.236569E+01	5.568179E+03
4.435	-1.199330E+06	1.535828E+02	5.265022E+01	5.568179E+03
4.44	-1.199331E+06	1.645960E+02	5.296320E+01	5.568179E+03
4.445	-1.199330E+06	1.563052E+02	5.348260E+01	5.568179E+03
4.45	-1.199330E+06	1.584904E+02	5.401045E+01	5.568179E+03
4.455	-1.199331E+06	1.580658E+02	5.469681E+01	5.568179E+03
4.46	-1.199330E+06	1.505572E+02	5.515199E+01	5.568179E+03
4.465	-1.199331E+06	1.547589E+02	5.516816E+01	5.568179E+03
4.47	-1.199330E+06	1.553029E+02	5.513121E+01	5.568179E+03
4.475	-1.199330E+06	1.582075E+02	5.478458E+01	5.568179E+03
4.48	-1.199331E+06	1.690643E+02	5.435529E+01	5.568179E+03
4.485	-1.199330E+06	1.598188E+02	5.422857E+01	5.568179E+03
4.49	-1.199330E+06	1.545190E+02	5.367183E+01	5.568179E+03
4.495	-1.199330E+06	1.596362E+02	5.301325E+01	5.568179E+03
4.5	-1.199330E+06	1.590497E+02	5.258904E+01	5.568179E+03
4.505	-1.199330E+06	1.671242E+02	5.200272E+01	5.568179E+03
4.51	-1.199330E+06	1.624751E+02	5.183856E+01	5.568179E+03
4.515	-1.199330E+06	1.596940E+02	5.172025E+01	5.568179E+03
4.52	-1.199330E+06	1.694928E+02	5.132012E+01	5.568179E+03
4.525	-1.199330E+06	1.632144E+02	5.144828E+01	5.568179E+03
4.53	-1.199330E+06	1.653129E+02	5.172162E+01	5.568179E+03
4.535	-1.199330E+06	1.679852E+02	5.211985E+01	5.568179E+03
4.54	-1.199330E+06	1.621496E+02	5.307701E+01	5.568179E+03
4.545	-1.199330E+06	1.581208E+02	5.382011E+01	5.568179E+03
4.55	-1.199330E+06	1.658633E+02	5.398640E+01	5.568179E+03
4.555	-1.199330E+06	1.733605E+02	5.410925E+01	5.568179E+03
4.56	-1.199330E+06	1.735530E+02	5.399781E+01	5.568179E+03
4.565	-1.199330E+06	1.805688E+02	5.363988E+01	5.568179E+03
4.57	-1.199330E+06	1.712112E+02	5.324487E+01	5.568179E+03
4.575	-1.199330E+06	1.725016E+02	5.200764E+01	5.568179E+03
4.58	-1.199330E+06	1.760235E+02	5.060176E+01	5.568179E+03
4.585	-1.199330E+06	1.655362E+02	4.981512E+01	5.568179E+03
4.59	-1.199330E+06	1.786050E+02	4.934307E+01	5.568179E+03
4.595	-1.199330E+06	1.787623E+02	4.962965E+01	5.568179E+03
4.6	-1.199330E+06	1.700781E+02	5.015353E+01	5.568179E+03
4.605	-1.199330E+06	1.856502E+02	5.042022E+01	5.568179E+03
4.61	-1.199330E+06	1.771257E+02	5.131084E+01	5.568179E+03
4.615	-1.199330E+06	1.714755E+02	5.233202E+01	5.568179E+03
4.62	-1.199330E+06	1.799244E+02	5.304308E+01	5.568179E+03
4.625	-1.199330E+06	1.833950E+02	5.335342E+01	5.568179E+03
4.63	-1.199330E+06	1.962693E+02	5.242442E+01	5.568179E+03
4.635	-1.199330E+06	1.887318E+02	5.114117E+01	5.568179E+03
4.64	-1.199329E+06	1.721974E+02	5.078144E+01	5.568179E+03
4.645	-1.199330E+06	1.821217E+02	5.100707E+01	5.568179E+03
4.65	-1.199330E+06	1.875702E+02	5.150981E+01	5.568179E+03
4.655	-1.199330E+06	1.809473E+02	5.183139E+01	5.568179E+03
4.66	-1.199330E+06	1.888282E+02	5.149519E+01	5.568179E+03
4.665	-1.199330E+06	1.856554E+02	5.125966E+01	5.568179E+03
4.67	-1.199329E+06	1.731891E+02	5.141589E+01	5.568179E+03
4.675	-1.199330E+06	1.848947E+02	5.156875E+01	5.568179E+03
4.68	-1.199330E+06	1.865009E+02	5.180715E+01	5.568179E+03
4.685	-1.199330E+06	1.805048E+02	5.164094E+01	5.568179E+03
4.69	-1.199330E+06	1.839646E+02	5.091971E+01	5.568179E+03
4.695	-1.199330E+06	1.836989E+02	5.057454E+01	5.568179E+03
4.7	-1.199330E+06	1.881430E+02	5.081621E+01	5.568179E+03
4.705	-1.199330E+06	1.976273E+02	5.092325E+01	5.568179E+03
4.71	-1.199330E+06	1.933635E+02	5.087469E+01	5.568179E+03
4.715	-1.199330E+06	2.014553E+02	5.026008E+01	5.568179E+03
4.72	-1.199330E+06	2.061703E+02	4.910444E+01	5.568179E+03
4.725	-1.199329E+06	1.896028E+02	4.846363E+01	5.568179E+03
4.73	-1.199330E+06	1.925958E+02	4.817785E+01	5.568179E+03
4.735	-1.199330E+06	1.947909E+02	4.805455E+01	5.568179E+03
4.74	-1.199329E+06	1.841289E+02	4.826654E+01	5.568179E+03
4.745	-1.199330E+06	2.041613E+02	4.816036E+01	5.568179E+03
4.75	-1.199330E+06	2.049466E+02	4.850648E+01	5.568179E+03
4.755	-1.199329E+06	1.984099E+02	4.941304E+01	5.568179E+03
4.76	-1.199330E+06	2.090710E+02	5.006379E+01	5.568179E+03
4.765	-1.199329E+06	2.062118E+02	5.072433E+01	5.568179E+03
4.77	-1.199329E+06	2.027375E+02	5.068360E+01	5.568179E+03
4.775	-1.199329E+06	1.993232E+02	4.991611E+01	5.568179E+03
4.78	-1.199329E+06	2.024568E+02	4.964821E+01	5.568179E+03
4.785	-1.199329E+06	2.095653E+02	4.931698E+01	5.568179E+03
4.79	-1.199329E+06	2.128005E+02	4.805238E+01	5.568179E+03
4.795	-1.199329E+06	2.074041E+02	4.641250E+01	5.568179E+03
4.8	-1.199329E+06	1.920652E+02	4.485714E+01	5.568179E+03
4.805	-1.199329E+06	2.038783E+02	4.404984E+01	5.568179E+03
4.81	-1.199329E+06	2.071518E+02	4.472001E+01	5.568179E+03
4.815	-1.199329E+06	2.111271E+02	4.548921E+01	5.568179E+03
4.82	-1.199329E+06	2.212319E+02	4.601937E+01	5.568179E+03
4.825	-1.199329E+06	2.051973E+02	4.677190E+01	5.568179E+03
4.83	-1.199329E+06	2.027493E+02	4.725280E+01	5.568179E+03
4.835	-1.199329E+06	2.131031E+02	4.826848E+01	5.568179E+03
4.84	-1.199329E+06	2.099519E+02	4.986403E+01	5.568179E+03
4.845	-1.199329E+06	2.205617E+02	5.071274E+01	5.568179E+03
4.85	-1.199329E+06	2.288489E+02	5.071197E+01	5.568179E+03
4.855	-1.199329E+06	2.244908E+02	4.984153E+01	5.568179E+03
4.86	-1.199329E+06	2.286722E+02	4.843310E+01	5.568179E+03
4.865	-1.199329E+06	2.255044E+02	4.759019E+01	5.568179E+03
4.87	-1.199329E+06	2.132324E+02	4.716890E+01	5.568179E+03
4.875	-1.199329E+06	2.192063E+02	4.631504E+01	5.568179E+03
4.88	-1.199329E+06	2.251092E+02	4.522586E+01	5.568179E+03
4.885	-1.199329E+06	2.303335E+02	4.442324E+01	5.568179E+03
4.89	-1.199329E+06	2.353252E+02	4.431575E+01	5.568179E+03
4.895	-1.199329E+06	2.280325E+02	4.483031E+01	5.568179E+03
4.9	-1.199328E+06	2.103931E+02	4.567054E+01	5.568179E+03
4.905	-1.199328E+06	2.109729E+02	4.656315E+01	5.568179E+03
4.91	-1.199329E+06	2.282968E+02	4.753088E+01	5.568179E+03
4.915	-1.199328E+06	2.351677E+02	4.880238E+01	5.568179E+03
4.92	-1.199329E+06	2.364603E+02	5.014691E+01	5.568179E+03
4.925	-1.199328E+06	2.194388E+02	5.107221E+01	5.568179E+03
4.93	-1.199328E+06	2.142651E+02	5.118026E+01	5.568179E+03
4.935	-1.199329E+06	2.386891E+02	5.044783E+01	5.568179E+03
4.94	-1.199328E+06	2.327632E+02	4.933567E+01	5.568179E+03
4.945	-1.199328E+06	2.307327E+02	4.835532E+01	5.568179E+03
4.95	-1.199328E+06	2.334986E+02	4.808817E+01	5.568179E+03
4.955	-1.199328E+06	2.319137E+02	4.793942E+01	5.568179E+03
4.96	-1.199329E+06	2.445367E+02	4.747884E+01	5.568179E+03
4.965	-1.199328E+06	2.388644E+02	4.731974E+01	5.568179E+03
4.97	-1.199328E+06	2.424198E+02	4.737928E+01	5.568179E+03
4.975	-1.199329E+06	2.461578E+02	4.808666E+01	5.568179E+03
4.98	-1.199328E+06	2.325326E+02	4.927115E+01	5.568179E+03
4.985	-1.199329E+06	2.503178E+02	4.943996E+01	5.568179E+03
4.99	-1.199328E+06	2.445428E+02	4.913609E+01	5.568179E+03
4.995	-1.199328E+06	2.350046E+02	4.884858E+01	5.568179E+03
5.0	-1.199329E+06	2.520738E+02	4.883493E+01	5.568179E+03
5.005	-1.199328E+06	2.451342E+02	4.970527E+01	5.568179E+03
5.01	-1.199328E+06	2.438164E+02	4.997659E+01	5.568179E+03
5.015	-1.199328E+06	2.482012E+02	4.903429E+01	5.568179E+03
5.02	-1.199328E+06	2.384641E+02	4.788102E+01	5.568179E+03
5.025	-1.199328E+06	2.511469E+02	4.657827E+01	5.568179E+03
5.03	-1.199328E+06	2.544607E+02	4.583968E+01	5.568179E+03
5.035	-1.199328E+06	2.380085E+02	4.594242E+01	5.568179E+03
5.04	-1.199328E+06	2.546109E+02	4.568825E+01	5.568179E+03
5.045	-1.199328E+06	2.743237E+02	4.539035E+01	5.568179E+03
5.05	-1.199328E+06	2.604844E+02	4.552344E+01	5.568179E+03
5.055	-1.199328E+06	2.559994E+02	4.562766E+01	5.568179E+03
5.06	-1.199328E+06	2.660877E+02	4.615039E+01	5.568179E+03
5.065	-1.199327E+06	2.528493E+02	4.713016E+01	5.568179E+03
5.07	-1.199328E+06	2.683562E+02	4.724541E+01	5.568179E+03
5.075	-1.199328E+06	2.718329E+02	4.726531E+01	5.568179E+03
5.08	-1.199327E+06	2.571356E+02	4.772550E+01	5.568179E+03
5.085	-1.199328E+06	2.830454E+02	4.818241E+01	5.568179E+03
5.09	-1.199328E+06	2.666406E+02	4.925377E+01	5.568179E+03
5.095	-1.199327E+06	2.624522E+02	4.949324E+01	5.568179E+03
5.1	-1.199328E+06	2.902197E+02	4.843184E+01	5.568179E+03
5.105	-1.199327E+06	2.753084E+02	4.785365E+01	5.568179E+03
5.11	-1.199328E+06	2.753703E+02	4.773270E+01	5.568179E+03
5.115	-1.199328E+06	2.829050E+02	4.767101E+01	5.568179E+03
5.12	-1.199327E+06	2.662040E+02	4.764075E+01	5.568179E+03
5.125	-1.199328E+06	2.730408E+02	4.689272E+01	5.568179E+03
5.13	-1.199328E+06	2.830843E+02	4.584345E+01	5.568179E+03
5.135	-1.199327E+06	2.673607E+02	4.559658E+01	5.568179E+03
5.14	-1.199327E+06	2.760825E+02	4.614639E+01	5.568179E+03
5.145	-1.199328E+06	2.894594E+02	4.711010E+01	5.568179E+03
5.15	-1.199327E+06	2.631337E+02	4.779640E+01	5.568179E+03
5.155	-1.199327E+06	2.701353E+02	4.735777E+01	5.568179E+03
5.16	-1.199328E+06	2.873192E+02	4.704435E+01	5.568179E+03
5.165	-1.199327E+06	2.886048E+02	4.745239E+01	5.568179E+03
5.17	-1.199328E+06	2.993730E+02	4.758094E+01	5.568179E+03
5.175	-1.199327E+06	2.817654E+02	4.764459E+01	5.568179E+03
5.18	-1.199327E+06	2.930769E+02	4.746461E+01	5.568179E+03
5.185	-1.199328E+06	2.973287E+02	4.723886E+01	5.568179E+03
5.19	-1.199327E+06	2.713743E+02	4.765447E+01	5.568179E+03
5.195	-1.199327E+06	2.918750E+02	4.863832E+01	5.568179E+03
5.2	-1.199327E+06	3.037065E+02	4.986105E+01	5.568179E+03
5.205	-1.199327E+06	3.098556E+02	5.026472E+01	5.568179E+03
5.21	-1.199327E+06	3.032957E+02	5.027933E+01	5.568179E+03
5.215	-1.199327E+06	3.071025E+02	4.994311E+01	5.568179E+03
5.22	-1.199327E+06	3.122732E+02	4.976065E+01	5.568179E+03
5.225	-1.199327E+06	3.082165E+02	5.029425E+01	5.568179E+03
5.23	-1.199327E+06	3.202047E+02	5.042890E+01	5.568179E+03
5.235	-1.199327E+06	3.094350E+02	5.010256E+01	5.568179E+03
5.24	-1.199327E+06	3.057494E+02	4.928580E+01	5.568179E+03
5.245	-1.199327E+06	2.870155E+02	4.894640E+01	5.568179E+03
5.25	-1.199327E+06	3.021939E+02	4.972413E+01	5.568179E+03
5.255	-1.199328E+06	3.178044E+02	5.076123E+01	5.568179E+03
5.26	-1.199326E+06	3.032134E+02	5.126584E+01	5.568179E+03
5.265	-1.199328E+06	3.360941E+02	5.118984E+01	5.568179E+03
5.27	-1.199327E+06	3.264546E+02	5.136403E+01	5.568179E+03
5.275	-1.199327E+06	3.296638E+02	5.125429E+01	5.568179E+03
5.28	-1.199328E+06	3.420624E+02	5.115020E+01	5.568179E+03
5.285	-1.199327E+06	3.146937E+02	5.099798E+01	5.568179E+03
5.29	-1.199327E+06	3.219670E+02	4.962524E+01	5.568179E+03
5.295	-1.199327E+06	3.263934E+02	4.818737E+01	5.568179E+03
5.3	-1.199327E+06	3.268467E+02	4.798437E+01	5.568179E+03
5.305	-1.199327E+06	3.275097E+02	4.874435E+01	5.568179E+03
5.31	-1.199327E+06	3.230882E+02	5.015444E+01	5.568179E+03
5.315	-1.199326E+06	3.104656E+02	5.186686E+01	5.568179E+03
5.32	-1.199327E+06	3.341868E+02	5.213198E+01	5.568179E+03
5.325	-1.199327E+06	3.504107E+02	5.196365E+01	5.568179E+03
5.33	-1.199326E+06	3.431365E+02	5.227166E+01	5.568179E+03
5.335	-1.199328E+06	3.795268E+02	5.135458E+01	5.568179E+03
5.34	-1.199327E+06	3.562988E+02	5.043994E+01	5.568179E+03
5.345	-1.199326E+06	3.247535E+02	4.944397E+01	5.568179E+03
5.35	-1.199327E+06	3.549240E+02	4.766500E+01	5.568179E+03
5.355	-1.199327E+06	3.474837E+02	4.768473E+01	5.568179E+03
5.36	-1.199326E+06	3.341510E+02	4.924599E+01	5.568179E+03
5.365	-1.199327E+06	3.552364E+02	5.033932E+01	5.568179E+03
5.37	-1.199327E+06	3.534890E+02	5.132015E+01	5.568179E+03
5.375	-1.199326E+06	3.415755E+02	5.170109E+01	5.568179E+03
5.38	-1.199327E+06	3.764440E+02	5.103950E+01	5.568179E+03
5.385	-1.199326E+06	3.543754E+02	5.138267E+01	5.568179E+03
5.39	-1.199326E+06	3.359387E+02	5.180338E+01	5.568179E+03
5.395	-1.199327E+06	3.739603E+02	5.145603E+01	5.568179E+03
5.4	-1.199326E+06	3.422894E+02	5.188666E+01	5.568179E+03
5.405	-1.199326E+06	3.548457E+02	5.156892E+01	5.568179E+03
5.41	-1.199327E+06	3.608783E+02	5.144612E+01	5.568179E+03
5.415	-1.199326E+06	3.469808E+02	5.239613E+01	5.568179E+03
5.42	-1.199327E+06	3.758330E+02	5.250676E+01	5.568179E+03
5.425	-1.199326E+06	3.699795E+02	5.195694E+01	5.568179E+03
5.43	-1.199326E+06	3.665577E+02	5.113324E+01	5.568179E+03
5.435	-1.199326E+06	3.892230E+02	4.933043E+01	5.568179E+03
5.44	-1.199327E+06	3.895710E+02	4.796754E+01	5.568179E+03
5.445	-1.199325E+06	3.468987E+02	4.819345E+01	5.568179E+03
5.45	-1.199326E+06	3.623520E+02	4.810745E+01	5.568179E+03
5.455	-1.199327E+06	3.859399E+02	4.826306E+01	5.568179E+03
5.46	-1.199325E+06	3.642813E+02	4.875153E+01	5.568179E+03
5.465	-1.199326E+06	3.854177E+02	4.917188E+01	5.568179E+03
5.47	-1.199326E+06	3.812817E+02	5.141427E+01	5.568179E+03
5.475	-1.199325E+06	3.745807E+02	5.360336E+01	5.568179E+03
5.48	-1.199326E+06	3.960865E+02	5.413879E+01	5.568179E+03
5.485	-1.199325E+06	3.853718E+02	5.452651E+01	5.568179E+03
5.49	-1.199325E+06	4.011717E+02	5.421756E+01	5.568179E+03
5.495	-1.199326E+06	4.216562E+02	5.348988E+01	5.568179E+03
5.5	-1.199325E+06	3.906987E+02	5.288852E+01	5.568179E+03
5.505	-1.199325E+06	3.791383E+02	5.084680E+01	5.568179E+03
5.51	-1.199326E+06	4.055040E+02	4.821695E+01	5.568179E+03
5.515	-1.199325E+06	3.873737E+02	4.703687E+01	5.568179E+03
5.52	-1.199325E+06	3.994335E+02	4.658045E+01	5.568179E+03
5.525	-1.199326E+06	4.171247E+02	4.753144E+01	5.568179E+03
5.53	-1.199325E+06	3.934191E+02	4.929466E+01	5.568179E+03
5.535	-1.199326E+06	4.128049E+02	5.003580E+01	5.568179E+03
5.54	-1.199326E+06	4.139272E+02	5.064679E+01	5.568179E+03
5.545	-1.199325E+06	3.928062E+02	5.100204E+01	5.568179E+03
5.55	-1.199326E+06	4.051625E+02	5.113070E+01	5.568179E+03
5.555	-1.199325E+06	4.079372E+02	5.208410E+01	5.568179E+03
5.56	-1.199325E+06	4.097742E+02	5.253018E+01	5.568179E+03
5.565	-1.199325E+06	4.173747E+02	5.156598E+01	5.568179E+03
5.57	-1.199325E+06	4.072324E+02	5.017077E+01	5.568179E+03
5.575	-1.199325E+06	4.079005E+02	4.895108E+01	5.568179E+03
5.58	-1.199325E+06	4.170305E+02	4.840852E+01	5.568179E+03
5.585	-1.199325E+06	4.203997E+02	4.843871E+01	5.568179E+03
5.59	-1.199325E+06	4.143790E+02	4.831028E+01	5.568179E+03
5.595	-1.199325E+06	4.409329E+02	4.742127E+01	5.568179E+03
5.6	-1.199325E+06	4.440173E+02	4.686864E+01	5.568179E+03
5.605	-1.199324E+06	4.230210E+02	4.768258E+01	5.568179E+03
5.61	-1.199325E+06	4.384384E+02	4.952182E+01	5.568179E+03
5.615	-1.199325E+06	4.386067E+02	5.185906E+01	5.568179E+03
5.62	-1.199325E+06	4.407886E+02	5.321317E+01	5.568179E+03
5.625	-1.199325E+06	4.372398E+02	5.355550E+01	5.568179E+03
5.63	-1.199324E+06	4.304413E+02	5.399943E+01	5.568179E+03
5.635	-1.199325E+06	4.623500E+02	5.461470E+01	5.568179E+03
5.64	-1.199325E+06	4.606066E+02	5.547986E+01	5.568179E+03
5.645	-1.199324E+06	4.460684E+02	5.517761E+01	5.568179E+03
5.65	-1.199325E+06	4.510272E+02	5.344883E+01	5.568179E+03
5.655	-1.199324E+06	4.444237E+02	5.244142E+01	5.568179E+03
5.66	-1.199325E+06	4.752533E+02	5.184414E+01	5.568179E+03
5.665	-1.199325E+06	4.681728E+02	5.189394E+01	5.568179E+03
5.67	-1.199324E+06	4.536224E+02	5.244796E+01	5.568179E+03
5.675	-1.199325E+06	4.637989E+02	5.236149E+01	5.568179E+03
5.68	-1.199324E+06	4.661781E+02	5.195119E+01	5.568179E+03
5.685	-1.199325E+06	4.797940E+02	5.233145E+01	5.568179E+03
5.69	-1.199324E+06	4.713977E+02	5.367304E+01	5.568179E+03
5.695	-1.199324E+06	4.670606E+02	5.488726E+01	5.568179E+03
5.7	-1.199324E+06	4.752048E+02	5.570335E+01	5.568179E+03
5.705	-1.199324E+06	4.891201E+02	5.558011E+01	5.568179E+03
5.71	-1.199324E+06	4.780712E+02	5.458978E+01	5.568179E+03
5.715	-1.199324E+06	4.533080E+02	5.310147E+01	5.568179E+03
5.72	-1.199324E+06	4.675924E+02	5.158388E+01	5.568179E+03
5.725	-1.199324E+06	4.814596E+02	5.103478E+01	5.568179E+03
5.73	-1.199324E+06	4.664269E+02	5.052034E+01	5.568179E+03
5.735	-1.199324E+06	4.516477E+02	4.947576E+01	5.568179E+03
5.74	-1.199324E+06	4.539021E+02	4.949286E+01	5.568179E+03
5.745	-1.199324E+06	4.802693E+02	5.067404E+01	5.568179E+03
5.75	-1.199324E+06	4.813299E+02	5.182896E+01	5.568179E+03
5.755	-1.199323E+06	4.412405E+02	5.258267E+01	5.568179E+03
5.76	-1.199324E+06	4.693151E+02	5.217473E+01	5.568179E+03
5.765	-1.199324E+06	4.826463E+02	5.207706E+01	5.568179E+03
5.77	-1.199323E+06	4.703932E+02	5.333449E+01	5.568179E+03
5.775	-1.199324E+06	4.903045E+02	5.456582E+01	5.568179E+03
5.78	-1.199323E+06	4.746814E+02	5.587589E+01	5.568179E+03
5.785	-1.199324E+06	4.964161E+02	5.660546E+01	5.568179E+03
5.79	-1.199324E+06	5.022040E+02	5.622217E+01	5.568179E+03
5.795	-1.199323E+06	4.747471E+02	5.567141E+01	5.568179E+03
5.8	-1.199324E+06	4.999387E+02	5.561213E+01	5.568179E+03
5.805	-1.199323E+06	5.170932E+02	5.590577E+01	5.568179E+03
5.81	-1.199324E+06	5.453754E+02	5.491245E+01	5.568179E+03
5.815	-1.199324E+06	5.395384E+02	5.218866E+01	5.568179E+03
5.82	-1.199323E+06	5.046940E+02	4.930015E+01	5.568179E+03
5.825	-1.199323E+06	4.901065E+02	4.842838E+01	5.568179E+03
5.83	-1.199323E+06	5.129201E+02	4.910199E+01	5.568179E+03
5.835	-1.199324E+06	5.366502E+02	5.029723E+01	5.568179E+03
5.84	-1.199323E+06	5.177746E+02	5.186771E+01	5.568179E+03
5.845	-1.199323E+06	5.281534E+02	5.298213E+01	5.568179E+03
5.85	-1.199324E+06	5.415011E+02	5.413108E+01	5.568179E+03
5.855	-1.199323E+06	5.120525E+02	5.541863E+01	5.568179E+03
5.86	-1.199323E+06	5.233392E+02	5.556270E+01	5.568179E+03
5.865	-1.199323E+06	5.265181E+02	5.488157E+01	5.568179E+03
5.87	-1.199323E+06	5.103933E+02	5.298928E+01	5.568179E+03
5.875	-1.199323E+06	5.055802E+02	5.047289E+01	5.568179E+03
5.88	-1.199323E+06	5.196479E+02	4.890820E+01	5.568179E+03
5.885	-1.199323E+06	5.465663E+02	4.812880E+01	5.568179E+03
5.89	-1.199323E+06	5.516288E+02	4.743143E+01	5.568179E+03
5.895	-1.199323E+06	5.411754E+02	4.657860E+01	5.568179E+03
5.9	-1.199322E+06	5.276047E+02	4.614737E+01	5.568179E+03
5.905	-1.199323E+06	5.369803E+02	4.686231E+01	5.568179E+03
5.91	-1.199323E+06	5.577074E+02	4.877047E+01	5.568179E+03
5.915	-1.199323E+06	5.734288E+02	5.063828E+01	5.568179E+03
5.92	-1.199322E+06	5.641040E+02	5.215967E+01	5.568179E+03
5.925	-1.199323E+06	5.823190E+02	5.302599E+01	5.568179E+03
5.93	-1.199323E+06	5.663837E+02	5.349380E+01	5.568179E+03
5.935	-1.199322E+06	5.462154E+02	5.360203E+01	5.568179E+03
5.94	-1.199323E+06	5.585472E+02	5.351068E+01	5.568179E+03
5.945	-1.199322E+06	5.435551E+02	5.366184E+01	5.568179E+03
5.95	-1.199323E+06	5.931131E+02	5.302597E+01	5.568179E+03
5.955	-1.199322E+06	5.882045E+02	5.216987E+01	5.568179E+03
5.96	-1.199322E+06	5.765493E+02	5.064208E+01	5.568179E+03
5.965	-1.199323E+06	5.701421E+02	4.928214E+01	5.568179E+03
5.97	-1.199321E+06	5.255625E+02	4.859158E+01	5.568179E+03
5.975	-1.199322E+06	5.387805E+02	4.732950E+01	5.568179E+03
5.98	-1.199322E+06	5.476038E+02	4.543100E+01	5.568179E+03
5.985	-1.199322E+06	5.525990E+02	4.318256E+01	5.568179E+03
5.99	-1.199322E+06	5.656763E+02	4.252471E+01	5.568179E+03
5.995	-1.199322E+06	5.614074E+02	4.337533E+01	5.568179E+03
6.0	-1.199322E+06	5.539050E+02	4.391905E+01	5.568179E+03
6.005	-1.199322E+06	5.404207E+02	4.422556E+01	5.568179E+03
6.01	-1.199322E+06	5.603993E+02	4.485254E+01	5.568179E+03
6.015	-1.199323E+06	6.118002E+02	4.709398E+01	5.568179E+03
6.02	-1.199321E+06	5.862642E+02	5.053952E+01	5.568179E+03
6.025	-1.199323E+06	6.009250E+02	5.216648E+01	5.568179E+03
6.03	-1.199322E+06	5.769861E+02	5.295933E+01	5.568179E+03
6.035	-1.199322E+06	5.658019E+02	5.180165E+01	5.568179E+03
6.04	-1.199322E+06	5.699272E+02	4.998203E+01	5.568179E+03
6.045	-1.199321E+06	5.739412E+02	4.918522E+01	5.568179E+03
6.05	-1.199323E+06	6.104904E+02	4.823334E+01	5.568179E+03
6.055	-1.199322E+06	5.963091E+02	4.784667E+01	5.568179E+03
6.06	-1.199322E+06	5.902045E+02	4.687830E+01	5.568179E+03
6.065	-1.199322E+06	5.981548E+02	4.580864E+01	5.568179E+03
6.07	-1.199321E+06	6.122057E+02	4.624278E+01	5.568179E+03
6.075	-1.199322E+06	6.512040E+02	4.758937E+01	5.568179E+03
6.08	-1.199322E+06	6.265200E+02	5.000655E+01	5.568179E+03
6.085	-1.199321E+06	5.945665E+02	5.227899E+01	5.568179E+03
6.09	-1.199322E+06	5.900804E+02	5.286732E+01	5.568179E+03
6.095	-1.199321E+06	5.614648E+02	5.320269E+01	5.568179E+03
6.1	-1.199322E+06	5.801232E+02	5.391078E+01	5.568179E+03
6.105	-1.199322E+06	6.091092E+02	5.417980E+01	5.568179E+03
6.11	-1.199322E+06	6.311341E+02	5.358229E+01	5.568179E+03
6.115	-1.199322E+06	6.327883E+02	5.175523E+01	5.568179E+03
6.12	-1.199321E+06	6.054963E+02	4.879228E+01	5.568179E+03
6.125	-1.199322E+06	6.127135E+02	4.716754E+01	5.568179E+03
6.13	-1.199321E+06	6.024851E+02	4.830851E+01	5.568179E+03
6.135	-1.199322E+06	6.305654E+02	4.939284E+01	5.568179E+03
6.14	-1.199321E+06	6.215210E+02	5.041307E+01	5.568179E+03
6.145	-1.199321E+06	6.066947E+02	5.104359E+01	5.568179E+03
6.15	-1.199322E+06	6.380319E+02	5.136448E+01	5.568179E+03
6.155	-1.199321E+06	6.473627E+02	5.323189E+01	5.568179E+03
6.16	-1.199322E+06	6.611152E+02	5.420044E+01	5.568179E+03
6.165	-1.199321E+06	6.157756E+02	5.370352E+01	5.568179E+03
6.17	-1.199321E+06	6.034396E+02	5.289579E+01	5.568179E+03
6.175	-1.199322E+06	6.271045E+02	5.183353E+01	5.568179E+03
6.18	-1.199321E+06	6.174452E+02	5.195296E+01	5.568179E+03
6.185	-1.199321E+06	6.398508E+02	5.286026E+01	5.568179E+03
6.19	-1.199321E+06	6.389573E+02	5.358516E+01	5.568179E+03
6.195	-1.199321E+06	6.250110E+02	5.336734E+01	5.568179E+03
6.2	-1.199321E+06	6.172060E+02	5.176962E+01	5.568179E+03
6.205	-1.199321E+06	6.448367E+02	5.058045E+01	5.568179E+03
6.21	-1.199322E+06	6.728330E+02	5.022496E+01	5.568179E+03
6.215	-1.199321E+06	6.463819E+02	5.028067E+01	5.568179E+03
6.22	-1.199320E+06	6.295839E+02	5.058895E+01	5.568179E+03
6.225	-1.199321E+06	6.472936E+02	4.986820E+01	5.568179E+03
6.23	-1.199321E+06	6.587655E+02	4.951525E+01	5.568179E+03
6.235	-1.199320E+06	6.041398E+02	5.102895E+01	5.568179E+03
6.24	-1.199320E+06	6.281695E+02	5.237982E+01	5.568179E+03
6.245	-1.199321E+06	6.787619E+02	5.408812E+01	5.568179E+03
6.25	-1.199320E+06	6.605448E+02	5.455395E+01	5.568179E+03
6.255	-1.199321E+06	6.754397E+02	5.240246E+01	5.568179E+03
6.26	-1.199320E+06	6.422490E+02	5.213115E+01	5.568179E+03
6.265	-1.199321E+06	6.564186E+02	5.187053E+01	5.568179E+03
6.27	-1.199321E+06	6.475495E+02	5.042720E+01	5.568179E+03
6.275	-1.199320E+06	5.971150E+02	4.955068E+01	5.568179E+03
6.28	-1.199320E+06	6.254400E+02	4.742976E+01	5.568179E+03
6.285	-1.199321E+06	6.703554E+02	4.519704E+01	5.568179E+03
6.29	-1.199320E+06	6.530241E+02	4.508925E+01	5.568179E+03
6.295	-1.199320E+06	6.544829E+02	4.516045E+01	5.568179E+03
6.3	-1.199321E+06	6.542548E+02	4.524201E+01	5.568179E+03
6.305	-1.199320E+06	6.150860E+02	4.609280E+01	5.568179E+03
6.31	-1.199320E+06	6.066663E+02	4.722194E+01	5.568179E+03
6.315	-1.199321E+06	6.561737E+02	4.801628E+01	5.568179E+03
6.32	-1.199320E+06	6.681220E+02	4.933343E+01	5.568179E+03
6.325	-1.199320E+06	6.706530E+02	5.074697E+01	5.568179E+03
6.33	-1.199320E+06	6.981627E+02	5.070358E+01	5.568179E+03
6.335	-1.199321E+06	7.050784E+02	5.011486E+01	5.568179E+03
6.34	-1.199320E+06	6.742481E+02	4.871581E+01	5.568179E+03
6.345	-1.199320E+06	6.457402E+02	4.621751E+01	5.568179E+03
6.35	-1.199319E+06	6.172975E+02	4.551371E+01	5.568179E+03
6.355	-1.199320E+06	6.626835E+02	4.517212E+01	5.568179E+03
6.36	-1.199321E+06	6.888870E+02	4.396327E+01	5.568179E+03
6.365	-1.199319E+06	6.442062E+02	4.253182E+01	5.568179E+03
6.37	-1.199320E+06	6.754301E+02	4.107150E+01	5.568179E+03
6.375	-1.199320E+06	6.963764E+02	4.246588E+01	5.568179E+03
6.38	-1.199320E+06	7.034982E+02	4.510742E+01	5.568179E+03
6.385	-1.199320E+06	6.998233E+02	4.642672E+01	5.568179E+03
6.39	-1.199320E+06	6.751123E+02	4.747827E+01	5.568179E+03
6.395	-1.199320E+06	6.616799E+02	4.783767E+01	5.568179E+03
6.4	-1.199319E+06	6.505587E+02	4.841505E+01	5.568179E+03
6.405	-1.199321E+06	6.992639E+02	4.863964E+01	5.568179E+03
6.41	-1.199319E+06	6.635392E+02	4.733182E+01	5.568179E+03
6.415	-1.199319E+06	6.526852E+02	4.554108E+01	5.568179E+03
6.42	-1.199320E+06	6.759425E+02	4.372253E+01	5.568179E+03
6.425	-1.199320E+06	6.654235E+02	4.072842E+01	5.568179E+03
6.43	-1.199320E+06	6.548518E+02	3.911568E+01	5.568179E+03
6.435	-1.199320E+06	6.550546E+02	3.989630E+01	5.568179E+03
6.44	-1.199320E+06	6.620222E+02	4.111278E+01	5.568179E+03
6.445	-1.199320E+06	6.798804E+02	4.238207E+01	5.568179E+03
6.45	-1.199320E+06	6.864459E+02	4.291601E+01	5.568179E+03
6.455	-1.199319E+06	6.624431E+02	4.263431E+01	5.568179E+03
6.46	-1.199320E+06	6.710025E+02	4.316755E+01	5.568179E+03
6.465	-1.199319E+06	6.596198E+02	4.466626E+01	5.568179E+03
6.47	-1.199320E+06	6.843243E+02	4.500721E+01	5.568179E+03
6.475	-1.199321E+06	6.948563E+02	4.493185E+01	5.568179E+03
6.48	-1.199319E+06	6.450491E+02	4.527603E+01	5.568179E+03
6.485	-1.199320E+06	6.779159E+02	4.559739E+01	5.568179E+03
6.49	-1.199320E+06	6.917537E+02	4.610682E+01	5.568179E+03
6.495	-1.199320E+06	6.825322E+02	4.588419E+01	5.568179E+03
6.5	-1.199319E+06	6.618912E+02	4.603378E+01	5.568179E+03
6.505	-1.199320E+06	6.594842E+02	4.560486E+01	5.568179E+03
6.51	-1.199320E+06	6.803686E+02	4.454238E+01	5.568179E+03
6.515	-1.199320E+06	6.722245E+02	4.386775E+01	5.568179E+03
6.52	-1.199320E+06	6.609135E+02	4.235907E+01	5.568179E+03
6.525	-1.199319E+06	6.513929E+02	4.097448E+01	5.568179E+03
6.53	-1.199320E+06	7.004344E+02	3.946603E+01	5.568179E+03
6.535	-1.199320E+06	6.950595E+02	3.855079E+01	5.568179E+03
6.54	-1.199319E+06	6.808046E+02	3.940827E+01	5.568179E+03
6.545	-1.199320E+06	6.852630E+02	4.063104E+01	5.568179E+03
6.55	-1.199319E+06	6.704970E+02	4.163041E+01	5.568179E+03
6.555	-1.199320E+06	6.684316E+02	4.269083E+01	5.568179E+03
6.56	-1.199319E+06	6.484996E+02	4.404649E+01	5.568179E+03
6.565	-1.199320E+06	6.653121E+02	4.588390E+01	5.568179E+03
6.57	-1.199320E+06	6.823070E+02	4.706436E+01	5.568179E+03
6.575	-1.199319E+06	6.707370E+02	4.676476E+01	5.568179E+03
6.58	-1.199320E+06	7.008966E+02	4.575254E+01	5.568179E+03
6.585	-1.199319E+06	6.820812E+02	4.452030E+01	5.568179E+03
6.59	-1.199320E+06	6.599188E+02	4.222538E+01	5.568179E+03
6.595	-1.199318E+06	6.351638E+02	4.094594E+01	5.568179E+03
6.6	-1.199320E+06	6.931513E+02	4.070344E+01	5.568179E+03
6.605	-1.199320E+06	6.954950E+02	4.116012E+01	5.568179E+03
6.61	-1.199319E+06	6.699922E+02	4.053243E+01	5.568179E+03
6.615	-1.199321E+06	6.886497E+02	3.893884E+01	5.568179E+03
6.62	-1.199319E+06	6.494723E+02	3.870247E+01	5.568179E+03
6.625	-1.199320E+06	6.565272E+02	3.929463E+01	5.568179E+03
6.63	-1.199319E+06	6.483389E+02	4.123678E+01	5.568179E+03
6.635	-1.199320E+06	6.708208E+02	4.211771E+01	5.568179E+03
6.64	-1.199321E+06	7.012912E+02	4.059916E+01	5.568179E+03
6.645	-1.199319E+06	6.523296E+02	3.958791E+01	5.568179E+03
6.65	-1.199319E+06	6.406499E+02	3.915639E+01	5.568179E+03
6.655	-1.199321E+06	6.704359E+02	3.876626E+01	5.568179E+03
6.66	-1.199320E+06	6.548986E+02	3.994964E+01	5.568179E+03
6.665	-1.199320E+06	6.571814E+02	4.067006E+01	5.568179E+03
6.67	-1.199320E+06	6.462369E+02	4.043905E+01	5.568179E+03
6.675	-1.199320E+06	6.415006E+02	4.122659E+01	5.568179E+03
6.68	-1.199320E+06	6.736330E+02	4.179736E+01	5.568179E+03
6.685	-1.199321E+06	6.832837E+02	4.137413E+01	5.568179E+03
6.69	-1.199320E+06	6.535649E+02	4.162035E+01	5.568179E+03
6.695	-1.199320E+06	6.557332E+02	4.100494E+01	5.568179E+03
6.7	-1.199321E+06	6.812394E+02	3.942047E+01	5.568179E+03
6.705	-1.199319E+06	6.403270E+02	4.032076E+01	5.568179E+03
6.71	-1.199321E+06	6.873587E+02	4.157524E+01	5.568179E+03
6.715	-1.199321E+06	7.052446E+02	4.214200E+01	5.568179E+03
6.72	-1.199320E+06	6.458494E+02	4.258011E+01	5.568179E+03
6.725	-1.199320E+06	6.431402E+02	4.221255E+01	5.568179E+03
6.73	-1.199322E+06	6.715894E+02	4.271552E+01	5.568179E+03
6.735	-1.199319E+06	6.183151E+02	4.522375E+01	5.568179E+03
6.74	-1.199321E+06	6.704751E+02	4.650959E+01	5.568179E+03
6.745	-1.199320E+06	6.766377E+02	4.788527E+01	5.568179E+03
6.75	-1.199320E+06	6.743250E+02	4.765094E+01	5.568179E+03
6.755	-1.199321E+06	6.889210E+02	4.623439E+01	5.568179E+03
6.76	-1.199320E+06	6.793020E+02	4.654895E+01	5.568179E+03
6.765	-1.199321E+06	6.871861E+02	4.771532E+01	5.568179E+03
6.77	-1.199321E+06	6.793880E+02	4.820250E+01	5.568179E+03
6.775	-1.199321E+06	6.569535E+02	4.772846E+01	5.568179E+03
6.78	-1.199320E+06	6.468206E+02	4.767017E+01	5.568179E+03
6.785	-1.199322E+06	6.561789E+02	4.734388E+01	5.568179E+03
6.79	-1.199320E+06	6.001410E+02	4.735003E+01	5.568179E+03
6.795	-1.199321E+06	6.033658E+02	4.779055E+01	5.568179E+03
6.8	-1.199321E+06	6.309038E+02	4.735230E+01	5.568179E+03
6.805	-1.199320E+06	6.180690E+02	4.652045E+01	5.568179E+03
6.81	-1.199321E+06	6.560056E+02	4.456827E+01	5.568179E+03
6.815	-1.199322E+06	6.673042E+02	4.198977E+01	5.568179E+03
6.82	-1.199320E+06	6.064444E+02	4.089662E+01	5.568179E+03
6.825	-1.199321E+06	6.175224E+02	3.962840E+01	5.568179E+03
6.83	-1.199321E+06	6.305952E+02	3.902828E+01	5.568179E+03
6.835	-1.199320E+06	6.078889E+02	3.998864E+01	5.568179E+03
6.84	-1.199321E+06	6.222991E+02	4.136100E+01	5.568179E+03
6.845	-1.199321E+06	6.224474E+02	4.368433E+01	5.568179E+03
6.85	-1.199321E+06	6.193499E+02	4.625220E+01	5.568179E+03
6.855	-1.199321E+06	6.320150E+02	4.826010E+01	5.568179E+03
6.86	-1.199322E+06	6.552375E+02	4.884024E+01	5.568179E+03
6.865	-1.199321E+06	6.234976E+02	4.898362E+01	5.568179E+03
6.87	-1.199320E+06	6.107963E+02	4.953905E+01	5.568179E+03
6.875	-1.199322E+06	6.496229E+02	4.943532E+01	5.568179E+03
6.88	-1.199321E+06	6.072071E+02	4.902531E+01	5.568179E+03
6.885	-1.199321E+06	6.097647E+02	4.798866E+01	5.568179E+03
6.89	-1.199322E+06	6.337225E+02	4.730372E+01	5.568179E+03
6.895	-1.199321E+06	6.206337E+02	4.788122E+01	5.568179E+03
6.9	-1.199322E+06	6.487508E+02	4.791835E+01	5.568179E+03
6.905	-1.199321E+06	6.190165E+02	4.707652E+01	5.568179E+03
6.91	-1.199322E+06	6.459147E+02	4.572355E+01	5.568179E+03
6.915	-1.199322E+06	6.350109E+02	4.430244E+01	5.568179E+03
6.92	-1.199321E+06	5.904958E+02	4.267149E+01	5.568179E+03
6.925	-1.199322E+06	5.814091E+02	4.282852E+01	5.568179E+03
6.93	-1.199322E+06	5.866945E+02	4.371631E+01	5.568179E+03
6.935	-1.199322E+06	5.956658E+02	4.458071E+01	5.568179E+03
6.94	-1.199321E+06	5.958909E+02	4.629382E+01	5.568179E+03
6.945	-1.199323E+06	6.444206E+02	4.784889E+01	5.568179E+03
6.95	-1.199322E+06	6.298774E+02	5.022316E+01	5.568179E+03
6.955	-1.199321E+06	6.080577E+02	5.261637E+01	5.568179E+03
6.96	-1.199323E+06	6.322273E+02	5.398373E+01	5.568179E+03
6.965	-1.199321E+06	5.843312E+02	5.445335E+01	5.568179E+03
6.97	-1.199322E+06	5.654979E+02	5.287613E+01	5.568179E+03
6.975	-1.199322E+06	5.787820E+02	5.065781E+01	5.568179E+03
6.98	-1.199322E+06	6.031510E+02	4.859488E+01	5.568179E+03
6.985	-1.199323E+06	6.203594E+02	4.626759E+01	5.568179E+03
6.99	-1.199322E+06	6.013645E+02	4.429872E+01	5.568179E+03
6.995	-1.199323E+06	5.814788E+02	4.274505E+01	5.568179E+03
7.0	-1.199322E+06	5.577616E+02	4.237665E+01	5.568179E+03
7.005	-1.199323E+06	5.930728E+02	4.334105E+01	5.568179E+03
7.01	-1.199323E+06	6.003458E+02	4.499700E+01	5.568179E+03
7.015	-1.199322E+06	5.607833E+02	4.683437E+01	5.568179E+03
7.02	-1.199322E+06	5.699189E+02	4.932798E+01	5.568179E+03
7.025	-1.199323E+06	6.186156E+02	5.164655E+01	5.568179E+03
7.03	-1.199323E+06	5.989516E+02	5.353121E+01	5.568179E+03
7.035	-1.199322E+06	5.675363E+02	5.554955E+01	5.568179E+03
7.04	-1.199323E+06	5.779546E+02	5.725006E+01	5.568179E+03
7.045	-1.199322E+06	5.628865E+02	5.805152E+01	5.568179E+03
7.05	-1.199323E+06	5.665052E+02	5.755720E+01	5.568179E+03
7.055	-1.199322E+06	5.543280E+02	5.620685E+01	5.568179E+03
7.06	-1.199323E+06	5.789715E+02	5.406101E+01	5.568179E+03
7.065	-1.199324E+06	5.854416E+02	5.218525E+01	5.568179E+03
7.07	-1.199321E+06	5.247586E+02	5.078864E+01	5.568179E+03
7.075	-1.199323E+06	5.481937E+02	4.910338E+01	5.568179E+03
7.08	-1.199323E+06	5.500130E+02	4.827627E+01	5.568179E+03
7.085	-1.199322E+06	5.596120E+02	4.854047E+01	5.568179E+03
7.09	-1.199324E+06	5.934307E+02	4.972541E+01	5.568179E+03
7.095	-1.199323E+06	5.528205E+02	5.090765E+01	5.568179E+03
7.1	-1.199323E+06	5.311336E+02	5.185311E+01	5.568179E+03
7.105	-1.199323E+06	5.393996E+02	5.266193E+01	5.568179E+03
7.11	-1.199323E+06	5.417230E+02	5.310695E+01	5.568179E+03
7.115	-1.199323E+06	5.504396E+02	5.358093E+01	5.568179E+03
7.12	-1.199323E+06	5.380340E+02	5.380536E+01	5.568179E+03
7.125	-1.199323E+06	5.345534E+02	5.370845E+01	5.568179E+03
7.13	-1.199323E+06	5.194269E+02	5.333820E+01	5.568179E+03
7.135	-1.199323E+06	5.190165E+02	5.227475E+01	5.568179E+03
7.14	-1.199324E+06	5.265429E+02	5.193815E+01	5.568179E+03
7.145	-1.199322E+06	5.032562E+02	5.216459E+01	5.568179E+03
7.15	-1.199324E+06	5.359514E+02	5.113849E+01	5.568179E+03
7.155	-1.199323E+06	5.095110E+02	5.035763E+01	5.568179E+03
7.16	-1.199323E+06	5.175831E+02	4.946333E+01	5.568179E+03
7.165	-1.199324E+06	5.414949E+02	4.977164E+01	5.568179E+03
7.17	-1.199324E+06	5.487230E+02	5.146056E+01	5.568179E+03
7.175	-1.199324E+06	5.498218E+02	5.313467E+01	5.568179E+03
7.18	-1.199323E+06	5.158828E+02	5.458794E+01	5.568179E+03
7.185	-1.199323E+06	4.968928E+02	5.525183E+01	5.568179E+03
7.19	-1.199324E+06	5.287317E+02	5.531290E+01	5.568179E+03
7.195	-1.199324E+06	5.277627E+02	5.594867E+01	5.568179E+03
7.2	-1.199324E+06	5.308643E+02	5.574088E+01	5.568179E+03
7.205	-1.199325E+06	5.583778E+02	5.481242E+01	5.568179E+03
7.21	-1.199324E+06	5.270788E+02	5.442669E+01	5.568179E+03
7.215	-1.199324E+06	5.156492E+02	5.272857E+01	5.568179E+03
7.22	-1.199324E+06	4.945736E+02	5.102411E+01	5.568179E+03
7.225	-1.199323E+06	4.587347E+02	5.020489E+01	5.568179E+03
7.23	-1.199324E+06	4.839906E+02	4.989338E+01	5.568179E+03
7.235	-1.199324E+06	4.990723E+02	5.102317E+01	5.568179E+03
7.24	-1.199324E+06	4.847002E+02	5.170623E+01	5.568179E+03
7.245	-1.199324E+06	4.839763E+02	5.133807E+01	5.568179E+03
7.25	-1.199324E+06	4.879447E+02	5.187524E+01	5.568179E+03
7.255	-1.199324E+06	4.976789E+02	5.305789E+01	5.568179E+03
7.26	-1.199325E+06	5.108217E+02	5.390767E+01	5.568179E+03
7.265	-1.199324E+06	4.917046E+02	5.403817E+01	5.568179E+03
7.27	-1.199324E+06	4.872564E+02	5.328000E+01	5.568179E+03
7.275	-1.199324E+06	4.889905E+02	5.308477E+01	5.568179E+03
7.28	-1.199325E+06	5.049963E+02	5.338828E+01	5.568179E+03
7.285	-1.199324E+06	4.911027E+02	5.371920E+01	5.568179E+03
7.29	-1.199324E+06	4.899120E+02	5.343230E+01	5.568179E+03
7.295	-1.199325E+06	4.949350E+02	5.219509E+01	5.568179E+03
7.3	-1.199324E+06	4.755645E+02	5.069197E+01	5.568179E+03
7.305	-1.199325E+06	4.779525E+02	5.010404E+01	5.568179E+03
7.31	-1.199324E+06	4.721308E+02	5.109889E+01	5.568179E+03
7.315	-1.199325E+06	4.842633E+02	5.210515E+01	5.568179E+03
7.32	-1.199325E+06	4.889660E+02	5.266412E+01	5.568179E+03
7.325	-1.199324E+06	4.644869E+02	5.306792E+01	5.568179E+03
7.33	-1.199325E+06	4.618811E+02	5.299860E+01	5.568179E+03
7.335	-1.199325E+06	4.635659E+02	5.324067E+01	5.568179E+03
7.34	-1.199324E+06	4.383580E+02	5.376358E+01	5.568179E+03
7.345	-1.199326E+06	4.735600E+02	5.328248E+01	5.568179E+03
7.35	-1.199325E+06	4.535408E+02	5.281184E+01	5.568179E+03
7.355	-1.199324E+06	4.371187E+02	5.116905E+01	5.568179E+03
7.36	-1.199325E+06	4.534518E+02	4.923968E+01	5.568179E+03
7.365	-1.199325E+06	4.355348E+02	4.878227E+01	5.568179E+03
7.37	-1.199325E+06	4.337847E+02	4.844510E+01	5.568179E+03
7.375	-1.199325E+06	4.210505E+02	4.858296E+01	5.568179E+03
7.38	-1.199325E+06	4.341968E+02	4.891114E+01	5.568179E+03
7.385	-1.199325E+06	4.339790E+02	4.902086E+01	5.568179E+03
7.39	-1.199325E+06	4.266948E+02	4.975421E+01	5.568179E+03
7.395	-1.199325E+06	4.510887E+02	5.134401E+01	5.568179E+03
7.4	-1.199325E+06	4.456450E+02	5.278995E+01	5.568179E+03
7.405	-1.199325E+06	4.444048E+02	5.340827E+01	5.568179E+03
7.41	-1.199325E+06	4.432756E+02	5.417900E+01	5.568179E+03
7.415	-1.199325E+06	4.540821E+02	5.481984E+01	5.568179E+03
7.42	-1.199326E+06	4.488444E+02	5.497518E+01	5.568179E+03
7.425	-1.199325E+06	4.082189E+02	5.504971E+01	5.568179E+03
7.43	-1.199325E+06	4.313924E+02	5.390486E+01	5.568179E+03
7.435	-1.199326E+06	4.492712E+02	5.202144E+01	5.568179E+03
7.44	-1.199325E+06	4.058149E+02	5.091914E+01	5.568179E+03
7.445	-1.199325E+06	4.059288E+02	5.049403E+01	5.568179E+03
7.45	-1.199326E+06	4.430248E+02	5.092908E+01	5.568179E+03
7.455	-1.199325E+06	4.231729E+02	5.192824E+01	5.568179E+03
7.46	-1.199325E+06	4.211523E+02	5.182350E+01	5.568179E+03
7.465	-1.199326E+06	4.474284E+02	5.126717E+01	5.568179E+03
7.47	-1.199326E+06	4.282763E+02	5.130300E+01	5.568179E+03
7.475	-1.199326E+06	4.027451E+02	5.123474E+01	5.568179E+03
7.48	-1.199325E+06	3.812521E+02	5.191099E+01	5.568179E+03
7.485	-1.199326E+06	3.952760E+02	5.308652E+01	5.568179E+03
7.49	-1.199326E+06	4.016997E+02	5.364081E+01	5.568179E+03
7.495	-1.199325E+06	3.910503E+02	5.397113E+01	5.568179E+03
7.5	-1.199326E+06	4.068609E+02	5.446528E+01	5.568179E+03
7.505	-1.199326E+06	4.038094E+02	5.489966E+01	5.568179E+03
7.51	-1.199326E+06	4.085814E+02	5.490585E+01	5.568179E+03
7.515	-1.199325E+06	3.957601E+02	5.466651E+01	5.568179E+03
7.52	-1.199326E+06	4.124312E+02	5.351761E+01	5.568179E+03
7.525	-1.199326E+06	4.093446E+02	5.204079E+01	5.568179E+03
7.53	-1.199326E+06	3.875122E+02	5.071158E+01	5.568179E+03
7.535	-1.199327E+06	4.078597E+02	4.956910E+01	5.568179E+03
7.54	-1.199326E+06	3.904968E+02	4.936149E+01	5.568179E+03
7.545	-1.199326E+06	3.938677E+02	4.930077E+01	5.568179E+03
7.55	-1.199326E+06	3.809797E+02	4.953696E+01	5.568179E+03
7.555	-1.199325E+06	3.516558E+02	5.066498E+01	5.568179E+03
7.56	-1.199327E+06	3.841154E+02	5.209324E+01	5.568179E+03
7.565	-1.199326E+06	3.911029E+02	5.376627E+01	5.568179E+03
7.57	-1.199326E+06	3.936050E+02	5.512249E+01	5.568179E+03
7.575	-1.199326E+06	3.905138E+02	5.575594E+01	5.568179E+03
7.58	-1.199327E+06	3.941092E+02	5.573098E+01	5.568179E+03
7.585	-1.199327E+06	3.793076E+02	5.572120E+01	5.568179E+03
7.59	-1.199326E+06	3.520319E+02	5.497012E+01	5.568179E+03
7.595	-1.199327E+06	3.796669E+02	5.343885E+01	5.568179E+03
7.6	-1.199326E+06	3.652117E+02	5.233482E+01	5.568179E+03
7.605	-1.199327E+06	3.784941E+02	5.044970E+01	5.568179E+03
7.61	-1.199327E+06	3.802753E+02	4.946008E+01	5.568179E+03
7.615	-1.199325E+06	3.446932E+02	4.982258E+01	5.568179E+03
7.62	-1.199327E+06	3.799433E+02	4.966856E+01	5.568179E+03
7.625	-1.199326E+06	3.587227E+02	5.054394E+01	5.568179E+03
7.63	-1.199327E+06	3.544101E+02	5.117108E+01	5.568179E+03
7.635	-1.199327E+06	3.669706E+02	5.151958E+01	5.568179E+03
7.64	-1.199326E+06	3.680703E+02	5.264894E+01	5.568179E+03
7.645	-1.199327E+06	3.801513E+02	5.327718E+01	5.568179E+03
7.65	-1.199326E+06	3.500690E+02	5.353494E+01	5.568179E+03
7.655	-1.199327E+06	3.634692E+02	5.316419E+01	5.568179E+03
7.66	-1.199327E+06	3.550128E+02	5.215701E+01	5.568179E+03
7.665	-1.199326E+06	3.251024E+02	5.109433E+01	5.568179E+03
7.67	-1.199327E+06	3.340393E+02	5.039079E+01	5.568179E+03
7.675	-1.199327E+06	3.440512E+02	4.970750E+01	5.568179E+03
7.68	-1.199327E+06	3.553979E+02	4.897332E+01	5.568179E+03
7.685	-1.199327E+06	3.433490E+02	4.868894E+01	5.568179E+03
7.69	-1.199327E+06	3.226680E+02	4.855975E+01	5.568179E+03
7.695	-1.199327E+06	3.135810E+02	4.938968E+01	5.568179E+03
7.7	-1.199327E+06	3.255443E+02	5.140234E+01	5.568179E+03
7.705	-1.199328E+06	3.440408E+02	5.292693E+01	5.568179E+03
7.71	-1.199327E+06	3.277835E+02	5.401145E+01	5.568179E+03
7.715	-1.199327E+06	3.305273E+02	5.508933E+01	5.568179E+03
7.72	-1.199328E+06	3.451576E+02	5.528329E+01	5.568179E+03
7.725	-1.199327E+06	3.281699E+02	5.521793E+01	5.568179E+03
7.73	-1.199327E+06	3.279269E+02	5.501588E+01	5.568179E+03
7.735	-1.199328E+06	3.293647E+02	5.392040E+01	5.568179E+03
7.74	-1.199327E+06	3.123100E+02	5.228748E+01	5.568179E+03
7.745	-1.199327E+06	3.126524E+02	5.038555E+01	5.568179E+03
7.75	-1.199327E+06	3.193022E+02	4.905958E+01	5.568179E+03
7.755	-1.199328E+06	3.268150E+02	4.900325E+01	5.568179E+03
7.76	-1.199328E+06	3.293084E+02	4.933508E+01	5.568179E+03
7.765	-1.199328E+06	3.344397E+02	4.946476E+01	5.568179E+03
7.77	-1.199328E+06	3.224303E+02	5.015219E+01	5.568179E+03
7.775	-1.199328E+06	3.216385E+02	5.082590E+01	5.568179E+03
7.78	-1.199328E+06	3.164275E+02	5.168246E+01	5.568179E+03
7.785	-1.199327E+06	3.184573E+02	5.282961E+01	5.568179E+03
7.79	-1.199328E+06	3.299334E+02	5.345652E+01	5.568179E+03
7.795	-1.199327E+06	2.980853E+02	5.378775E+01	5.568179E+03
7.8	-1.199328E+06	3.061658E+02	5.360059E+01	5.568179E+03
7.805	-1.199328E+06	3.110395E+02	5.328808E+01	5.568179E+03
7.81	-1.199328E+06	2.924917E+02	5.278757E+01	5.568179E+03
7.815	-1.199328E+06	2.963976E+02	5.230959E+01	5.568179E+03
7.82	-1.199328E+06	3.091558E+02	5.188305E+01	5.568179E+03
7.825	-1.199328E+06	3.199708E+02	5.100337E+01	5.568179E+03
7.83	-1.199328E+06	3.011916E+02	5.043951E+01	5.568179E+03
7.835	-1.199328E+06	2.884649E+02	5.025935E+01	5.568179E+03
7.84	-1.199328E+06	2.853684E+02	4.998837E+01	5.568179E+03
7.845	-1.199328E+06	2.847900E+02	4.999726E+01	5.568179E+03
7.85	-1.199328E+06	3.003175E+02	5.024681E+01	5.568179E+03
7.855	-1.199328E+06	3.062063E+02	5.044078E+01	5.568179E+03
7.86	-1.199328E+06	3.097702E+02	5.083159E+01	5.568179E+03
7.865	-1.199328E+06	3.047559E+02	5.118241E+01	5.568179E+03
7.87	-1.199328E+06	2.936547E+02	5.128196E+01	5.568179E+03
7.875	-1.199328E+06	2.893614E+02	5.154976E+01	5.568179E+03
7.88	-1.199328E+06	2.637045E+02	5.197074E+01	5.568179E+03
7.885	-1.199328E+06	2.656870E+02	5.245938E+01	5.568179E+03
7.89	-1.199329E+06	2.893332E+02	5.331823E+01	5.568179E+03
7.895	-1.199328E+06	2.794128E+02	5.394267E+01	5.568179E+03
7.9	-1.199328E+06	2.816700E+02	5.382409E+01	5.568179E+03
7.905	-1.199328E+06	2.861114E+02	5.337981E+01	5.568179E+03
7.91	-1.199328E+06	2.741422E+02	5.242149E+01	5.568179E+03
7.915	-1.199328E+06	2.739512E+02	5.097868E+01	5.568179E+03
7.92	-1.199329E+06	2.799620E+02	4.980567E+01	5.568179E+03
7.925	-1.199328E+06	2.728270E+02	4.913799E+01	5.568179E+03
7.93	-1.199329E+06	2.707679E+02	4.850957E+01	5.568179E+03
7.935	-1.199328E+06	2.653089E+02	4.797407E+01	5.568179E+03
7.94	-1.199328E+06	2.606156E+02	4.775107E+01	5.568179E+03
7.945	-1.199328E+06	2.589672E+02	4.795290E+01	5.568179E+03
7.95	-1.199328E+06	2.582909E+02	4.867499E+01	5.568179E+03
7.955	-1.199328E+06	2.610886E+02	4.985925E+01	5.568179E+03
7.96	-1.199329E+06	2.734649E+02	5.061758E+01	5.568179E+03
7.965	-1.199329E+06	2.744223E+02	5.093792E+01	5.568179E+03
7.97	-1.199328E+06	2.618020E+02	5.110645E+01	5.568179E+03
7.975	-1.199329E+06	2.667968E+02	5.062000E+01	5.568179E+03
7.98	-1.199329E+06	2.592682E+02	5.034721E+01	5.568179E+03
7.985	-1.199328E+06	2.528771E+02	5.046982E+01	5.568179E+03
7.99	-1.199329E+06	2.675837E+02	5.049578E+01	5.568179E+03
7.995	-1.199329E+06	2.616544E+02	5.074380E+01	5.568179E+03
8.0	-1.199329E+06	2.562835E+02	5.085355E+01	5.568179E+03
8.005	-1.199329E+06	2.700628E+02	5.073833E+01	5.568179E+03
8.01	-1.199329E+06	2.515121E+02	5.086715E+01	5.568179E+03
8.015	-1.199329E+06	2.466742E+02	5.084748E+01	5.568179E+03
8.02	-1.199329E+06	2.596318E+02	5.086467E+01	5.568179E+03
8.025	-1.199329E+06	2.442774E+02	5.108871E+01	5.568179E+03
8.03	-1.199329E+06	2.476129E+02	5.106573E+01	5.568179E+03
8.035	-1.199329E+06	2.510868E+02	5.151305E+01	5.568179E+03
8.04	-1.199329E+06	2.553611E+02	5.213008E+01	5.568179E+03
8.045	-1.199329E+06	2.551958E+02	5.230423E+01	5.568179E+03
8.05	-1.199329E+06	2.489218E+02	5.216815E+01	5.568179E+03
8.055	-1.199329E+06	2.388229E+02	5.164766E+01	5.568179E+03
8.06	-1.199329E+06	2.287263E+02	5.049584E+01	5.568179E+03
8.065	-1.199329E+06	2.271261E+02	4.915491E+01	5.568179E+03
8.07	-1.199329E+06	2.274300E+02	4.813399E+01	5.568179E+03
8.075	-1.199330E+06	2.497363E+02	4.715903E+01	5.568179E+03
8.08	-1.199330E+06	2.467731E+02	4.688147E+01	5.568179E+03
8.085	-1.199329E+06	2.186864E+02	4.758299E+01	5.568179E+03
8.09	-1.199330E+06	2.302634E+02	4.829182E+01	5.568179E+03
8.095	-1.199329E+06	2.174444E+02	4.955430E+01	5.568179E+03
8.1	-1.199330E+06	2.229159E+02	5.100048E+01	5.568179E+03
8.105	-1.199330E+06	2.318502E+02	5.238687E+01	5.568179E+03
8.11	-1.199329E+06	2.253198E+02	5.368619E+01	5.568179E+03
8.115	-1.199330E+06	2.456178E+02	5.400957E+01	5.568179E+03
8.12	-1.199330E+06	2.440654E+02	5.362207E+01	5.568179E+03
8.125	-1.199329E+06	2.360982E+02	5.290102E+01	5.568179E+03
8.13	-1.199330E+06	2.391255E+02	5.192015E+01	5.568179E+03
8.135	-1.199329E+06	2.250589E+02	5.093611E+01	5.568179E+03
8.14	-1.199329E+06	2.188530E+02	5.000891E+01	5.568179E+03
8.145	-1.199329E+06	2.206338E+02	4.943386E+01	5.568179E+03
8.15	-1.199330E+06	2.296343E+02	4.935964E+01	5.568179E+03
8.155	-1.199330E+06	2.296215E+02	4.973491E+01	5.568179E+03
8.16	-1.199329E+06	2.212470E+02	5.028473E+01	5.568179E+03
8.165	-1.199330E+06	2.176573E+02	5.103648E+01	5.568179E+03
8.17	-1.199329E+06	2.140872E+02	5.179870E+01	5.568179E+03
8.175	-1.199330E+06	2.171022E+02	5.210966E+01	5.568179E+03
8.18	-1.199329E+06	2.103920E+02	5.244966E+01	5.568179E+03
8.185	-1.199330E+06	2.213189E+02	5.236789E+01	5.568179E+03
8.19	-1.199330E+06	2.245017E+02	5.189840E+01	5.568179E+03
8.195	-1.199329E+06	2.071067E+02	5.161133E+01	5.568179E+03
8.2	-1.199330E+06	2.092895E+02	5.128211E+01	5.568179E+03
8.205	-1.199330E+06	2.085475E+02	5.114816E+01	5.568179E+03
8.21	-1.199330E+06	2.044798E+02	5.091717E+01	5.568179E+03
8.215	-1.199330E+06	2.104516E+02	5.040368E+01	5.568179E+03
8.22	-1.199330E+06	2.044049E+02	5.014811E+01	5.568179E+03
8.225	-1.199330E+06	2.067566E+02	4.976846E+01	5.568179E+03
8.23	-1.199330E+06	2.100195E+02	4.937246E+01	5.568179E+03
8.235	-1.199330E+06	2.092678E+02	4.903386E+01	5.568179E+03
8.24	-1.199330E+06	2.009215E+02	4.879308E+01	5.568179E+03
8.245	-1.199330E+06	1.979530E+02	4.925854E+01	5.568179E+03
8.25	-1.199330E+06	2.061601E+02	5.029186E+01	5.568179E+03
8.255	-1.199330E+06	2.074988E+02	5.122108E+01	5.568179E+03
8.26	-1.199330E+06	2.072575E+02	5.184373E+01	5.568179E+03
8.265	-1.199330E+06	2.030549E+02	5.221263E+01	5.568179E+03
8.27	-1.199330E+06	1.960713E+02	5.248118E+01	5.568179E+03
8.275	-1.199330E+06	2.029370E+02	5.277845E+01	5.568179E+03
8.28	-1.199330E+06	2.089560E+02	5.270198E+01	5.568179E+03
8.285	-1.199330E+06	2.084476E+02	5.174516E+01	5.568179E+03
8.29	-1.199330E+06	1.944136E+02	5.068439E+01	5.568179E+03
8.295	-1.199330E+06	1.993912E+02	4.979680E+01	5.568179E+03
8.3	-1.199330E+06	2.021045E+02	4.912419E+01	5.568179E+03
8.305	-1.199330E+06	1.876507E+02	4.890330E+01	5.568179E+03
8.31	-1.199330E+06	1.874475E+02	4.873899E+01	5.568179E+03
8.315	-1.199330E+06	1.959540E+02	4.875115E+01	5.568179E+03
8.32	-1.199330E+06	1.926191E+02	4.933394E+01	5.568179E+03
8.325	-1.199330E+06	1.910093E+02	5.000641E+01	5.568179E+03
8.33	-1.199330E+06	1.915349E+02	5.075976E+01	5.568179E+03
8.335	-1.199330E+06	1.839126E+02	5.156108E+01	5.568179E+03
8.34	-1.199330E+06	1.944795E+02	5.170766E+01	5.568179E+03
8.345	-1.199330E+06	1.935994E+02	5.140951E+01	5.568179E+03
8.35	-1.199330E+06	1.796241E+02	5.093541E+01	5.568179E+03
8.355	-1.199331E+06	1.877832E+02	5.035360E+01	5.568179E+03
8.36	-1.199330E+06	1.884230E+02	5.010184E+01	5.568179E+03
8.365	-1.199330E+06	1.847426E+02	4.979456E+01	5.568179E+03
8.37	-1.199330E+06	1.905141E+02	4.912679E+01	5.568179E+03
8.375	-1.199331E+06	1.882495E+02	4.852436E+01	5.568179E+03
8.38	-1.199330E+06	1.789864E+02	4.822464E+01	5.568179E+03
8.385	-1.199330E+06	1.739073E+02	4.846597E+01	5.568179E+03
8.39	-1.199330E+06	1.759268E+02	4.921497E+01	5.568179E+03
8.395	-1.199330E+06	1.829018E+02	4.995802E+01	5.568179E+03
8.4	-1.199330E+06	1.812531E+02	5.062917E+01	5.568179E+03
8.405	-1.199330E+06	1.835963E+02	5.115579E+01	5.568179E+03
8.41	-1.199331E+06	1.822570E+02	5.164039E+01	5.568179E+03
8.415	-1.199330E+06	1.685284E+02	5.225766E+01	5.568179E+03
8.42	-1.199330E+06	1.741523E+02	5.278463E+01	5.568179E+03
8.425	-1.199331E+06	1.813311E+02	5.305828E+01	5.568179E+03
8.43	-1.199331E+06	1.744021E+02	5.291313E+01	5.568179E+03
8.435	-1.199330E+06	1.702990E+02	5.265995E+01	5.568179E+03
8.44	-1.199331E+06	1.852766E+02	5.251466E+01	5.568179E+03
8.445	-1.199331E+06	1.863126E+02	5.222111E+01	5.568179E+03
8.45	-1.199331E+06	1.768112E+02	5.141129E+01	5.568179E+03
8.455	-1.199331E+06	1.678250E+02	5.062721E+01	5.568179E+03
8.46	-1.199330E+06	1.587334E+02	5.042515E+01	5.568179E+03
8.465	-1.199331E+06	1.684786E+02	5.061761E+01	5.568179E+03
8.47	-1.199331E+06	1.763360E+02	5.103957E+01	5.568179E+03
8.475	-1.199331E+06	1.773357E+02	5.133039E+01	5.568179E+03
8.48	-1.199331E+06	1.737380E+02	5.160091E+01	5.568179E+03
8.485	-1.199331E+06	1.681116E+02	5.211850E+01	5.568179E+03
8.49	-1.199331E+06	1.639444E+02	5.258035E+01	5.568179E+03
8.495	-1.199330E+06	1.594456E+02	5.290960E+01	5.568179E+03
8.5	-1.199331E+06	1.670402E+02	5.313246E+01	5.568179E+03
8.505	-1.199331E+06	1.667812E+02	5.311679E+01	5.568179E+03
8.51	-1.199331E+06	1.600900E+02	5.291824E+01	5.568179E+03
8.515	-1.199330E+06	1.604828E+02	5.279183E+01	5.568179E+03
8.52	-1.199331E+06	1.685166E+02	5.251945E+01	5.568179E+03
8.525	-1.199331E+06	1.612645E+02	5.206415E+01	5.568179E+03
8.53	-1.199330E+06	1.523467E+02	5.149959E+01	5.568179E+03
8.535	-1.199331E+06	1.621819E+02	5.092020E+01	5.568179E+03
8.54	-1.199331E+06	1.607495E+02	5.068441E+01	5.568179E+03
8.545	-1.199331E+06	1.601892E+02	5.087914E+01	5.568179E+03
8.55	-1.199331E+06	1.649301E+02	5.162202E+01	5.568179E+03
8.555	-1.199331E+06	1.610084E+02	5.269938E+01	5.568179E+03
8.56	-1.199331E+06	1.625445E+02	5.352809E+01	5.568179E+03
8.565	-1.199331E+06	1.557979E+02	5.406344E+01	5.568179E+03
8.57	-1.199331E+06	1.544219E+02	5.422242E+01	5.568179E+03
8.575	-1.199331E+06	1.562175E+02	5.421973E+01	5.568179E+03
8.58	-1.199331E+06	1.649118E+02	5.400189E+01	5.568179E+03
8.585	-1.199331E+06	1.555637E+02	5.357840E+01	5.568179E+03
8.59	-1.199331E+06	1.484638E+02	5.295706E+01	5.568179E+03
8.595	-1.199331E+06	1.650840E+02	5.240048E+01	5.568179E+03
8.6	-1.199331E+06	1.504904E+02	5.237006E+01	5.568179E+03
8.605	-1.199331E+06	1.484606E+02	5.236830E+01	5.568179E+03
8.61	-1.199331E+06	1.553351E+02	5.260092E+01	5.568179E+03
8.615	-1.199331E+06	1.434104E+02	5.289566E+01	5.568179E+03
8.62	-1.199331E+06	1.433939E+02	5.279314E+01	5.568179E+03
8.625	-1.199331E+06	1.467996E+02	5.288596E+01	5.568179E+03
8.63	-1.199331E+06	1.576213E+02	5.285095E+01	5.568179E+03
8.635	-1.199331E+06	1.505490E+02	5.275172E+01	5.568179E+03
8.64	-1.199331E+06	1.415378E+02	5.288411E+01	5.568179E+03
8.645	-1.199331E+06	1.448897E+02	5.297122E+01	5.568179E+03
8.65	-1.199331E+06	1.414504E+02	5.308281E+01	5.568179E+03
8.655	-1.199331E+06	1.459611E+02	5.318428E+01	5.568179E+03
8.66	-1.199331E+06	1.468711E+02	5.319903E+01	5.568179E+03
8.665	-1.199331E+06	1.517394E+02	5.305982E+01	5.568179E+03
8.67	-1.199331E+06	1.553808E+02	5.305700E+01	5.568179E+03
8.675	-1.199331E+06	1.470918E+02	5.331969E+01	5.568179E+03
8.68	-1.199331E+06	1.466310E+02	5.362303E+01	5.568179E+03
8.685	-1.199331E+06	1.461920E+02	5.396102E+01	5.568179E+03
8.69	-1.199331E+06	1.469835E+02	5.425299E+01	5.568179E+03
8.695	-1.199331E+06	1.514343E+02	5.450194E+01	5.568179E+03
8.7	-1.199331E+06	1.501563E+02	5.472620E+01	5.568179E+03
8.705	-1.199331E+06	1.470902E+02	5.501451E+01	5.568179E+03
8.71	-1.199331E+06	1.381542E+02	5.558660E+01	5.568179E+03
8.715	-1.199331E+06	1.446190E+02	5.602452E+01	5.568179E+03
8.72	-1.199331E+06	1.454190E+02	5.615782E+01	5.568179E+03
8.725	-1.199331E+06	1.459351E+02	5.589459E+01	5.568179E+03
8.73	-1.199331E+06	1.491415E+02	5.536749E+01	5.568179E+03
8.735	-1.199331E+06	1.378427E+02	5.496162E+01	5.568179E+03
8.74	-1.199331E+06	1.387860E+02	5.470210E+01	5.568179E+03
8.745	-1.199331E+06	1.403901E+02	5.453891E+01	5.568179E+03
8.75	-1.199331E+06	1.439706E+02	5.402113E+01	5.568179E+03
8.755	-1.199331E+06	1.438646E+02	5.322769E+01	5.568179E+03
8.76	-1.199331E+06	1.341249E+02	5.247578E+01	5.568179E+03
8.765	-1.199331E+06	1.365394E+02	5.188230E+01	5.568179E+03
8.77	-1.199331E+06	1.346864E+02	5.173461E+01	5.568179E+03
8.775	-1.199331E+06	1.336083E+02	5.170324E+01	5.568179E+03
8.78	-1.199331E+06	1.400018E+02	5.160126E+01	5.568179E+03
8.785	-1.199331E+06	1.420094E+02	5.149198E+01	5.568179E+03
8.79	-1.199331E+06	1.293992E+02	5.157290E+01	5.568179E+03
8.795	-1.199331E+06	1.238821E+02	5.223688E+01	5.568179E+03
8.8	-1.199331E+06	1.357565E+02	5.330778E+01	5.568179E+03
8.805	-1.199331E+06	1.350887E+02	5.430029E+01	5.568179E+03
8.81	-1.199331E+06	1.350716E+02	5.472416E+01	5.568179E+03
8.815	-1.199332E+06	1.348010E+02	5.461826E+01	5.568179E+03
8.82	-1.199331E+06	1.313297E+02	5.420244E+01	5.568179E+03
8.825	-1.199332E+06	1.329138E+02	5.354878E+01	5.568179E+03
8.83	-1.199331E+06	1.326078E+02	5.288904E+01	5.568179E+03
8.835	-1.199332E+06	1.327341E+02	5.213287E+01	5.568179E+03
8.84	-1.199331E+06	1.246458E+02	5.123059E+01	5.568179E+03
8.845	-1.199331E+06	1.234909E+02	5.051815E+01	5.568179E+03
8.85	-1.199332E+06	1.321567E+02	5.029282E+01	5.568179E+03
8.855	-1.199331E+06	1.311382E+02	5.064277E+01	5.568179E+03
8.86	-1.199332E+06	1.339281E+02	5.134713E+01	5.568179E+03
8.865	-1.199331E+06	1.262935E+02	5.228813E+01	5.568179E+03
8.87	-1.199331E+06	1.237894E+02	5.325286E+01	5.568179E+03
8.875	-1.199332E+06	1.340890E+02	5.423176E+01	5.568179E+03
8.88	-1.199331E+06	1.280438E+02	5.508690E+01	5.568179E+03
8.885	-1.199332E+06	1.281895E+02	5.537394E+01	5.568179E+03
8.89	-1.199332E+06	1.294773E+02	5.548418E+01	5.568179E+03
8.895	-1.199332E+06	1.301051E+02	5.538378E+01	5.568179E+03
8.9	-1.199332E+06	1.268776E+02	5.502491E+01	5.568179E+03
8.905	-1.199331E+06	1.253490E+02	5.468031E+01	5.568179E+03
8.91	-1.199332E+06	1.378658E+02	5.414291E+01	5.568179E+03
8.915	-1.199332E+06	1.303513E+02	5.356164E+01	5.568179E+03
8.92	-1.199332E+06	1.259099E+02	5.297309E+01	5.568179E+03
8.925	-1.199332E+06	1.269088E+02	5.258028E+01	5.568179E+03
8.93	-1.199332E+06	1.238968E+02	5.259144E+01	5.568179E+03
8.935	-1.199332E+06	1.313017E+02	5.285327E+01	5.568179E+03
8.94	-1.199332E+06	1.236737E+02	5.321382E+01	5.568179E+03
8.945	-1.199332E+06	1.213143E+02	5.347798E+01	5.568179E+03
8.95	-1.199332E+06	1.292664E+02	5.394212E+01	5.568179E+03
8.955	-1.199332E+06	1.247638E+02	5.452514E+01	5.568179E+03
8.96	-1.199332E+06	1.210394E+02	5.492284E+01	5.568179E+03
8.965	-1.199332E+06	1.202762E+02	5.525283E+01	5.568179E+03
8.97	-1.199332E+06	1.201434E+02	5.534564E+01	5.568179E+03
8.975	-1.199332E+06	1.196567E+02	5.534205E+01	5.568179E+03
8.98	-1.199332E+06	1.202137E+02	5.544663E+01	5.568179E+03
8.985	-1.199332E+06	1.253226E+02	5.550098E+01	5.568179E+03
8.99	-1.199332E+06	1.195399E+02	5.554755E+01	5.568179E+03
8.995	-1.199332E+06	1.171170E+02	5.531915E+01	5.568179E+03
9.0	-1.199332E+06	1.190799E+02	5.483545E+01	5.568179E+03
9.005	-1.199332E+06	1.173663E+02	5.439080E+01	5.568179E+03
9.01	-1.199332E+06	1.216939E+02	5.413701E+01	5.568179E+03
9.015	-1.199332E+06	1.205954E+02	5.429139E+01	5.568179E+03
9.02	-1.199332E+06	1.181147E+02	5.466373E+01	5.568179E+03
9.025	-1.199332E+06	1.161015E+02	5.526352E+01	5.568179E+03
9.03	-1.199332E+06	1.184360E+02	5.595259E+01	5.568179E+03
9.035	-1.199332E+06	1.317648E+02	5.633925E+01	5.568179E+03
9.04	-1.199332E+06	1.240157E+02	5.650019E+01	5.568179E+03
9.045	-1.199332E+06	1.165156E+02	5.622080E+01	5.568179E+03
9.05	-1.199332E+06	1.162850E+02	5.569581E+01	5.568179E+03
9.055	-1.199332E+06	1.160793E+02	5.495013E+01	5.568179E+03
9.06	-1.199332E+06	1.186387E+02	5.388920E+01	5.568179E+03
9.065	-1.199332E+06	1.138779E+02	5.309460E+01	5.568179E+03
9.07	-1.199332E+06	1.122899E+02	5.272730E+01	5.568179E+03
9.075	-1.199332E+06	1.153095E+02	5.264516E+01	5.568179E+03
9.08	-1.199332E+06	1.140935E+02	5.293391E+01	5.568179E+03
9.085	-1.199332E+06	1.184829E+02	5.339840E+01	5.568179E+03
9.09	-1.199332E+06	1.178255E+02	5.407326E+01	5.568179E+03
9.095	-1.199332E+06	1.182087E+02	5.491328E+01	5.568179E+03
9.1	-1.199332E+06	1.209806E+02	5.558161E+01	5.568179E+03
9.105	-1.199332E+06	1.105301E+02	5.597094E+01	5.568179E+03
9.11	-1.199332E+06	1.100631E+02	5.599672E+01	5.568179E+03
9.115	-1.199332E+06	1.153644E+02	5.566002E+01	5.568179E+03
9.12	-1.199332E+06	1.125833E+02	5.506436E+01	5.568179E+03
9.125	-1.199332E+06	1.087281E+02	5.438111E+01	5.568179E+03
9.13	-1.199332E+06	1.083633E+02	5.369646E+01	5.568179E+03
9.135	-1.199332E+06	1.135758E+02	5.303003E+01	5.568179E+03
9.14	-1.199332E+06	1.128398E+02	5.255559E+01	5.568179E+03
9.145	-1.199332E+06	1.144234E+02	5.234920E+01	5.568179E+03
9.15	-1.199332E+06	1.142012E+02	5.245389E+01	5.568179E+03
9.155	-1.199332E+06	1.099987E+02	5.274374E+01	5.568179E+03
9.16	-1.199332E+06	1.136059E+02	5.320668E+01	5.568179E+03
9.165	-1.199332E+06	1.145870E+02	5.370154E+01	5.568179E+03
9.17	-1.199332E+06	1.159954E+02	5.382466E+01	5.568179E+03
9.175	-1.199332E+06	1.110040E+02	5.398407E+01	5.568179E+03
9.18	-1.199332E+06	1.076602E+02	5.433985E+01	5.568179E+03
9.185	-1.199332E+06	1.125342E+02	5.456296E+01	5.568179E+03
9.19	-1.199332E+06	1.077762E+02	5.468115E+01	5.568179E+03
9.195	-1.199332E+06	1.088218E+02	5.449422E+01	5.568179E+03
9.2	-1.199332E+06	1.121654E+02	5.420862E+01	5.568179E+03
9.205	-1.199332E+06	1.147492E+02	5.399400E+01	5.568179E+03
9.21	-1.199332E+06	1.125974E+02	5.369134E+01	5.568179E+03
9.215	-1.199332E+06	1.043388E+02	5.342207E+01	5.568179E+03
9.22	-1.199332E+06	1.083482E+02	5.309503E+01	5.568179E+03
9.225	-1.199332E+06	1.065101E+02	5.279834E+01	5.568179E+03
9.23	-1.199332E+06	1.074364E+02	5.260255E+01	5.568179E+03
9.235	-1.199332E+06	1.073428E+02	5.264192E+01	5.568179E+03
9.24	-1.199332E+06	1.095570E+02	5.288004E+01	5.568179E+03
9.245	-1.199332E+06	1.176690E+02	5.313581E+01	5.568179E+03
9.25	-1.199332E+06	1.113499E+02	5.348768E+01	5.568179E+03
9.255	-1.199332E+06	1.102356E+02	5.382377E+01	5.568179E+03
9.26	-1.199332E+06	1.095175E+02	5.416302E+01	5.568179E+03
9.265	-1.199332E+06	1.074546E+02	5.448594E+01	5.568179E+03
9.27	-1.199332E+06	1.100072E+02	5.470068E+01	5.568179E+03
9.275	-1.199332E+06	1.076297E+02	5.469231E+01	5.568179E+03
9.28	-1.199332E+06	1.074002E+02	5.445507E+01	5.568179E+03
9.285	-1.199332E+06	1.078640E+02	5.429976E+01	5.568179E+03
9.29	-1.199332E+06	1.135295E+02	5.403149E+01	5.568179E+03
9.295	-1.199332E+06	1.133655E+02	5.355977E+01	5.568179E+03
9.3	-1.199332E+06	1.067179E+02	5.297798E+01	5.568179E+03
9.305	-1.199332E+06	1.048493E+02	5.233704E+01	5.568179E+03
9.31	-1.199332E+06	1.023378E+02	5.186607E+01	5.568179E+03
9.315	-1.199332E+06	1.067363E+02	5.138927E+01	5.568179E+03
9.32	-1.199332E+06	1.048004E+02	5.115277E+01	5.568179E+03
9.325	-1.199332E+06	1.023352E+02	5.122555E+01	5.568179E+03
9.33	-1.199332E+06	1.029442E+02	5.141900E+01	5.568179E+03
9.335	-1.199332E+06	1.022580E+02	5.188838E+01	5.568179E+03
9.34	-1.199332E+06	1.088172E+02	5.239723E+01	5.568179E+03
9.345	-1.199332E+06	1.054034E+02	5.287628E+01	5.568179E+03
9.35	-1.199332E+06	1.049241E+02	5.320526E+01	5.568179E+03
9.355	-1.199332E+06	1.058080E+02	5.315437E+01	5.568179E+03
9.36	-1.199332E+06	1.054809E+02	5.269676E+01	5.568179E+03
9.365	-1.199332E+06	1.034611E+02	5.199069E+01	5.568179E+03
9.37	-1.199332E+06	9.764177E+01	5.127704E+01	5.568179E+03
9.375	-1.199332E+06	1.068032E+02	5.063855E+01	5.568179E+03
9.38	-1.199332E+06	1.067650E+02	5.014796E+01	5.568179E+03
9.385	-1.199332E+06	9.983840E+01	4.983207E+01	5.568179E+03
9.39	-1.199332E+06	1.030554E+02	4.982389E+01	5.568179E+03
9.395	-1.199332E+06	1.056673E+02	5.015515E+01	5.568179E+03
9.4	-1.199332E+06	1.080980E+02	5.059668E+01	5.568179E+03
9.405	-1.199332E+06	1.054483E+02	5.104118E+01	5.568179E+03
9.41	-1.199332E+06	1.015219E+02	5.146440E+01	5.568179E+03
9.415	-1.199332E+06	1.021409E+02	5.185128E+01	5.568179E+03
9.42	-1.199332E+06	1.065844E+02	5.217052E+01	5.568179E+03
9.425	-1.199332E+06	1.049972E+02	5.240243E+01	5.568179E+03
9.43	-1.199332E+06	1.016078E+02	5.233887E+01	5.568179E+03
9.435	-1.199332E+06	1.039556E+02	5.189016E+01	5.568179E+03
9.44	-1.199332E+06	1.000560E+02	5.119307E+01	5.568179E+03
9.445	-1.199332E+06	1.021745E+02	5.026875E+01	5.568179E+03
9.45	-1.199332E+06	1.043000E+02	4.951323E+01	5.568179E+03
9.455	-1.199332E+06	1.002682E+02	4.925721E+01	5.568179E+03
9.46	-1.199332E+06	1.002265E+02	4.952347E+01	5.568179E+03
9.465	-1.199332E+06	1.000062E+02	5.016846E+01	5.568179E+03
9.47	-1.199332E+06	1.051530E+02	5.069735E+01	5.568179E+03
9.475	-1.199332E+06	1.035482E+02	5.102314E+01	5.568179E+03
9.48	-1.199332E+06	9.984877E+01	5.121079E+01	5.568179E+03
9.485	-1.199332E+06	1.032589E+02	5.129951E+01	5.568179E+03
9.49	-1.199332E+06	1.077829E+02	5.128836E+01	5.568179E+03
9.495	-1.199332E+06	1.073263E+02	5.098433E+01	5.568179E+03
9.5	-1.199332E+06	1.005031E+02	5.060606E+01	5.568179E+03
9.505	-1.199332E+06	1.018016E+02	5.049761E+01	5.568179E+03
9.51	-1.199332E+06	1.006954E+02	5.075457E+01	5.568179E+03
9.515	-1.199332E+06	9.943731E+01	5.120320E+01	5.568179E+03
9.52	-1.199332E+06	1.026258E+02	5.164673E+01	5.568179E+03
9.525	-1.199332E+06	1.014230E+02	5.195219E+01	5.568179E+03
9.53	-1.199332E+06	1.035328E+02	5.200132E+01	5.568179E+03
9.535	-1.199332E+06	1.032624E+02	5.192145E+01	5.568179E+03
9.54	-1.199332E+06	1.020878E+02	5.177650E+01	5.568179E+03
9.545	-1.199332E+06	1.026284E+02	5.170017E+01	5.568179E+03
9.55	-1.199332E+06	1.011153E+02	5.174225E+01	5.568179E+03
9.555	-1.199332E+06	9.989892E+01	5.168292E+01	5.568179E+03
9.56	-1.199332E+06	9.279598E+01	5.166939E+01	5.568179E+03
9.565	-1.199332E+06	9.421001E+01	5.185205E+01	5.568179E+03
9.57	-1.199332E+06	9.967560E+01	5.203786E+01	5.568179E+03
9.575	-1.199332E+06	9.790346E+01	5.205118E+01	5.568179E+03
9.58	-1.199332E+06	9.688167E+01	5.197270E+01	5.568179E+03
9.585	-1.199332E+06	9.678076E+01	5.191403E+01	5.568179E+03
9.59	-1.199332E+06	1.023572E+02	5.194181E+01	5.568179E+03
9.595	-1.199332E+06	1.041124E+02	5.199382E+01	5.568179E+03
9.6	-1.199332E+06	9.936920E+01	5.192038E+01	5.568179E+03
9.605	-1.199332E+06	1.087566E+02	5.175581E+01	5.568179E+03
9.61	-1.199332E+06	1.085834E+02	5.153824E+01	5.568179E+03
9.615	-1.199332E+06	9.589070E+01	5.133391E+01	5.568179E+03
9.62	-1.199332E+06	9.789278E+01	5.135177E+01	5.568179E+03
9.625	-1.199332E+06	1.053719E+02	5.137773E+01	5.568179E+03
9.63	-1.199332E+06	1.037499E+02	5.129080E+01	5.568179E+03
9.635	-1.199332E+06	9.667982E+01	5.118146E+01	5.568179E+03
9.64	-1.199332E+06	9.743562E+01	5.099483E+01	5.568179E+03
9.645	-1.199332E+06	9.700132E+01	5.105489E+01	5.568179E+03
9.65	-1.199332E+06	9.627892E+01	5.127648E+01	5.568179E+03
9.655	-1.199332E+06	1.000544E+02	5.138645E+01	5.568179E+03
9.66	-1.199332E+06	9.407214E+01	5.149244E+01	5.568179E+03
9.665	-1.199332E+06	9.918183E+01	5.130350E+01	5.568179E+03
9.67	-1.199332E+06	1.015433E+02	5.106444E+01	5.568179E+03
9.675	-1.199332E+06	9.837351E+01	5.086577E+01	5.568179E+03
9.68	-1.199332E+06	1.006449E+02	5.064072E+01	5.568179E+03
9.685	-1.199332E+06	1.026227E+02	5.073486E+01	5.568179E+03
9.69	-1.199332E+06	9.771103E+01	5.099388E+01	5.568179E+03
9.695	-1.199332E+06	9.537624E+01	5.107395E+01	5.568179E+03
9.7	-1.199332E+06	9.957785E+01	5.109588E+01	5.568179E+03
9.705	-1.199332E+06	9.648682E+01	5.104795E+01	5.568179E+03
9.71	-1.199332E+06	9.687129E+01	5.094865E+01	5.568179E+03
9.715	-1.199332E+06	9.349665E+01	5.114378E+01	5.568179E+03
9.72	-1.199332E+06	9.554808E+01	5.121030E+01	5.568179E+03
9.725	-1.199332E+06	1.040510E+02	5.100265E+01	5.568179E+03
9.73	-1.199332E+06	9.614791E+01	5.112342E+01	5.568179E+03
9.735	-1.199332E+06	1.031024E+02	5.137966E+01	5.568179E+03
9.74	-1.199332E+06	1.084976E+02	5.159977E+01	5.568179E+03
9.745	-1.199332E+06	9.766759E+01	5.170359E+01	5.568179E+03
9.75	-1.199332E+06	1.025851E+02	5.146688E+01	5.568179E+03
9.755	-1.199332E+06	1.054836E+02	5.124310E+01	5.568179E+03
9.76	-1.199332E+06	1.021418E+02	5.113464E+01	5.568179E+03
9.765	-1.199332E+06	9.891830E+01	5.098690E+01	5.568179E+03
9.77	-1.199332E+06	9.693488E+01	5.087850E+01	5.568179E+03
9.775	-1.199332E+06	9.493058E+01	5.088744E+01	5.568179E+03
9.78	-1.199332E+06	9.534192E+01	5.079575E+01	5.568179E+03
9.785	-1.199332E+06	9.722381E+01	5.068221E+01	5.568179E+03
9.79	-1.199332E+06	9.448926E+01	5.072376E+01	5.568179E+03
9.795	-1.199332E+06	1.009369E+02	5.066558E+01	5.568179E+03
9.8	-1.199332E+06	1.013112E+02	5.077198E+01	5.568179E+03
9.805	-1.199332E+06	9.541726E+01	5.113780E+01	5.568179E+03
9.81	-1.199332E+06	9.966486E+01	5.156535E+01	5.568179E+03
9.815	-1.199332E+06	9.875380E+01	5.222120E+01	5.568179E+03
9.82	-1.199332E+06	1.015484E+02	5.268871E+01	5.568179E+03
9.825	-1.199332E+06	1.008123E+02	5.283689E+01	5.568179E+03
9.83	-1.199332E+06	1.006006E+02	5.273622E+01	5.568179E+03
9.835	-1.199332E+06	9.931785E+01	5.220778E+01	5.568179E+03
9.84	-1.199332E+06	9.249984E+01	5.148783E+01	5.568179E+03
9.845	-1.199332E+06	9.355804E+01	5.089781E+01	5.568179E+03
9.85	-1.199332E+06	9.906264E+01	5.060103E+01	5.568179E+03
9.855	-1.199332E+06	1.016257E+02	5.075894E+01	5.568179E+03
9.86	-1.199332E+06	9.794642E+01	5.120398E+01	5.568179E+03
9.865	-1.199332E+06	1.008573E+02	5.173141E+01	5.568179E+03
9.87	-1.199332E+06	1.045131E+02	5.235814E+01	5.568179E+03
9.875	-1.199332E+06	9.990121E+01	5.281500E+01	5.568179E+03
9.88	-1.199332E+06	9.778991E+01	5.307941E+01	5.568179E+03
9.885	-1.199332E+06	9.838382E+01	5.321281E+01	5.568179E+03
9.89	-1.199332E+06	9.686103E+01	5.312183E+01	5.568179E+03
9.895	-1.199332E+06	9.337654E+01	5.304390E+01	5.568179E+03
9.9	-1.199332E+06	1.037290E+02	5.289786E+01	5.568179E+03
9.905	-1.199332E+06	1.036607E+02	5.277947E+01	5.568179E+03
9.91	-1.199332E+06	9.997228E+01	5.252490E+01	5.568179E+03
9.915	-1.199332E+06	1.028758E+02	5.209307E+01	5.568179E+03
9.92	-1.199332E+06	9.947083E+01	5.187091E+01	5.568179E+03
9.925	-1.199332E+06	1.032610E+02	5.164801E+01	5.568179E+03
9.93	-1.199332E+06	1.003807E+02	5.145158E+01	5.568179E+03
9.935	-1.199332E+06	9.842239E+01	5.146215E+01	5.568179E+03
9.94	-1.199332E+06	1.012595E+02	5.154082E+01	5.568179E+03
9.945	-1.199332E+06	1.015010E+02	5.160311E+01	5.568179E+03
9.95	-1.199332E+06	1.028368E+02	5.167840E+01	5.568179E+03
9.955	-1.199332E+06	9.608864E+01	5.174333E+01	5.568179E+03
9.96	-1.199332E+06	9.772050E+01	5.183780E+01	5.568179E+03
9.965	-1.199332E+06	9.756282E+01	5.222396E+01	5.568179E+03
9.97	-1.199332E+06	1.019493E+02	5.251140E+01	5.568179E+03
9.975	-1.199332E+06	1.109233E+02	5.265930E+01	5.568179E+03
9.98	-1.199332E+06	1.021469E+02	5.297451E+01	5.568179E+03
9.985	-1.199332E+06	1.043221E+02	5.316350E+01	5.568179E+03
9.99	-1.199332E+06	1.034059E+02	5.340166E+01	5.568179E+03
9.995	-1.199332E+06	9.278933E+01	5.358436E+01	5.568179E+03
10.0	-1.199332E+06	9.339312E+01	5.350281E+01	5.568179E+03
10.005	-1.199332E+06	9.134315E+01	5.351754E+01	5.568179E+03
10.01	-1.199332E+06	1.004022E+02	5.342063E+01	5.568179E+03
10.015	-1.199332E+06	1.049696E+02	5.330166E+01	5.568179E+03
10.02	-1.199332E+06	1.025402E+02	5.332043E+01	5.568179E+03
10.025	-1.199332E+06	1.051278E+02	5.329111E+01	5.568179E+03
10.03	-1.199332E+06	1.029857E+02	5.321290E+01	5.568179E+03
10.035	-1.199332E+06	1.014286E+02	5.316786E+01	5.568179E+03
10.04	-1.199332E+06	1.036941E+02	5.314326E+01	5.568179E+03
10.045	-1.199332E+06	1.030156E+02	5.311411E+01	5.568179E+03
10.05	-1.199332E+06	9.780919E+01	5.310712E+01	5.568179E+03
10.055	-1.199332E+06	1.000756E+02	5.295731E+01	5.568179E+03
10.06	-1.199332E+06	1.052557E+02	5.280549E+01	5.568179E+03
10.065	-1.199332E+06	9.921751E+01	5.297966E+01	5.568179E+03
10.07	-1.199332E+06	1.050579E+02	5.314823E+01	5.568179E+03
10.075	-1.199332E+06	1.047044E+02	5.342765E+01	5.568179E+03
10.08	-1.199332E+06	9.456472E+01	5.378806E+01	5.568179E+03
10.085	-1.199332E+06	1.046491E+02	5.385439E+01	5.568179E+03
10.09	-1.199332E+06	1.043747E+02	5.404131E+01	5.568179E+03
10.095	-1.199332E+06	1.020313E+02	5.413330E+01	5.568179E+03
10.1	-1.199332E+06	1.080103E+02	5.407372E+01	5.568179E+03
10.105	-1.199332E+06	1.002139E+02	5.427551E+01	5.568179E+03
10.11	-1.199332E+06	9.836962E+01	5.449202E+01	5.568179E+03
10.115	-1.199332E+06	1.038054E+02	5.484438E+01	5.568179E+03
10.12	-1.199332E+06	1.023883E+02	5.525253E+01	5.568179E+03
10.125	-1.199332E+06	1.047459E+02	5.525440E+01	5.568179E+03
10.13	-1.199332E+06	1.071026E+02	5.508462E+01	5.568179E+03
10.135	-1.199332E+06	1.041867E+02	5.470119E+01	5.568179E+03
10.14	-1.199332E+06	1.006196E+02	5.394287E+01	5.568179E+03
10.145	-1.199332E+06	1.007544E+02	5.321339E+01	5.568179E+03
10.15	-1.199332E+06	1.053060E+02	5.265829E+01	5.568179E+03
10.155	-1.199332E+06	1.029408E+02	5.238867E+01	5.568179E+03
10.16	-1.199332E+06	1.047951E+02	5.262811E+01	5.568179E+03
10.165	-1.199332E+06	1.073862E+02	5.331751E+01	5.568179E+03
10.17	-1.199332E+06	1.042029E+02	5.411825E+01	5.568179E+03
10.175	-1.199332E+06	1.005271E+02	5.484479E+01	5.568179E+03
10.18	-1.199332E+06	1.008100E+02	5.538088E+01	5.568179E+03
10.185	-1.199332E+06	1.081291E+02	5.566029E+01	5.568179E+03
10.19	-1.199332E+06	1.055989E+02	5.577980E+01	5.568179E+03
10.195	-1.199332E+06	1.030107E+02	5.560851E+01	5.568179E+03
10.2	-1.199332E+06	1.127295E+02	5.515900E+01	5.568179E+03
10.205	-1.199332E+06	1.111505E+02	5.461932E+01	5.568179E+03
10.21	-1.199332E+06	1.006224E+02	5.393490E+01	5.568179E+03
10.215	-1.199332E+06	9.553077E+01	5.340303E+01	5.568179E+03
10.22	-1.199332E+06	1.040710E+02	5.324806E+01	5.568179E+03
10.225	-1.199332E+06	1.080990E+02	5.326769E+01	5.568179E+03
10.23	-1.199332E+06	1.018033E+02	5.333232E+01	5.568179E+03
10.235	-1.199332E+06	1.044581E+02	5.357859E+01	5.568179E+03
10.24	-1.199332E+06	1.112163E+02	5.389033E+01	5.568179E+03
10.245	-1.199332E+06	1.106066E+02	5.400465E+01	5.568179E+03
10.25	-1.199332E+06	1.062196E+02	5.406747E+01	5.568179E+03
10.255	-1.199332E+06	1.029286E+02	5.408258E+01	5.568179E+03
10.26	-1.199332E+06	1.041143E+02	5.401099E+01	5.568179E+03
10.265	-1.199332E+06	1.034147E+02	5.406517E+01	5.568179E+03
10.27	-1.199332E+06	1.042462E+02	5.417301E+01	5.568179E+03
10.275	-1.199332E+06	1.094070E+02	5.442507E+01	5.568179E+03
10.28	-1.199332E+06	1.098427E+02	5.485662E+01	5.568179E+03
10.285	-1.199332E+06	1.120530E+02	5.507989E+01	5.568179E+03
10.29	-1.199332E+06	1.126636E+02	5.500959E+01	5.568179E+03
10.295	-1.199332E+06	1.079941E+02	5.468644E+01	5.568179E+03
10.3	-1.199332E+06	1.072195E+02	5.410606E+01	5.568179E+03
10.305	-1.199332E+06	1.016453E+02	5.355880E+01	5.568179E+03
10.31	-1.199332E+06	1.084309E+02	5.305917E+01	5.568179E+03
10.315	-1.199332E+06	1.134982E+02	5.264007E+01	5.568179E+03
10.32	-1.199332E+06	1.048951E+02	5.242663E+01	5.568179E+03
10.325	-1.199332E+06	1.031819E+02	5.260059E+01	5.568179E+03
10.33	-1.199332E+06	1.121556E+02	5.321489E+01	5.568179E+03
10.335	-1.199332E+06	1.193127E+02	5.398236E+01	5.568179E+03
10.34	-1.199332E+06	1.057912E+02	5.468909E+01	5.568179E+03
10.345	-1.199332E+06	1.056035E+02	5.498525E+01	5.568179E+03
10.35	-1.199332E+06	1.177952E+02	5.480709E+01	5.568179E+03
10.355	-1.199332E+06	1.089027E+02	5.443766E+01	5.568179E+03
10.36	-1.199332E+06	1.075769E+02	5.404877E+01	5.568179E+03
10.365	-1.199332E+06	1.082572E+02	5.397482E+01	5.568179E+03
10.37	-1.199332E+06	1.155259E+02	5.402388E+01	5.568179E+03
10.375	-1.199332E+06	1.152027E+02	5.421458E+01	5.568179E+03
10.38	-1.199332E+06	1.124239E+02	5.446250E+01	5.568179E+03
10.385	-1.199332E+06	1.193244E+02	5.459879E+01	5.568179E+03
10.39	-1.199332E+06	1.147561E+02	5.473635E+01	5.568179E+03
10.395	-1.199332E+06	1.083336E+02	5.484522E+01	5.568179E+03
10.4	-1.199332E+06	1.055498E+02	5.495186E+01	5.568179E+03
10.405	-1.199332E+06	1.103590E+02	5.491199E+01	5.568179E+03
10.41	-1.199332E+06	1.140244E+02	5.485529E+01	5.568179E+03
10.415	-1.199332E+06	1.101457E+02	5.496507E+01	5.568179E+03
10.42	-1.199332E+06	1.168483E+02	5.503285E+01	5.568179E+03
10.425	-1.199332E+06	1.135265E+02	5.514890E+01	5.568179E+03
10.43	-1.199332E+06	1.133084E+02	5.506051E+01	5.568179E+03
10.435	-1.199332E+06	1.156467E+02	5.472485E+01	5.568179E+03
10.44	-1.199332E+06	1.123018E+02	5.441508E+01	5.568179E+03
10.445	-1.199332E+06	1.178664E+02	5.401039E+01	5.568179E+03
10.45	-1.199332E+06	1.160798E+02	5.375051E+01	5.568179E+03
10.455	-1.199332E+06	1.131105E+02	5.377402E+01	5.568179E+03
10.46	-1.199332E+06	1.157296E+02	5.392125E+01	5.568179E+03
10.465	-1.199332E+06	1.153303E+02	5.432061E+01	5.568179E+03
10.47	-1.199332E+06	1.107348E+02	5.481195E+01	5.568179E+03
10.475	-1.199332E+06	1.094728E+02	5.511299E+01	5.568179E+03
10.48	-1.199332E+06	1.174025E+02	5.537505E+01	5.568179E+03
10.485	-1.199332E+06	1.199886E+02	5.554510E+01	5.568179E+03
10.49	-1.199332E+06	1.244121E+02	5.534536E+01	5.568179E+03
10.495	-1.199332E+06	1.255986E+02	5.495230E+01	5.568179E+03
10.5	-1.199332E+06	1.199701E+02	5.448766E+01	5.568179E+03
10.505	-1.199332E+06	1.177163E+02	5.409997E+01	5.568179E+03
10.51	-1.199332E+06	1.144241E+02	5.399089E+01	5.568179E+03
10.515	-1.199332E+06	1.202886E+02	5.398763E+01	5.568179E+03
10.52	-1.199332E+06	1.219830E+02	5.409663E+01	5.568179E+03
10.525	-1.199332E+06	1.160173E+02	5.429563E+01	5.568179E+03
10.53	-1.199332E+06	1.184178E+02	5.455727E+01	5.568179E+03
10.535	-1.199332E+06	1.176974E+02	5.484271E+01	5.568179E+03
10.54	-1.199332E+06	1.179553E+02	5.485469E+01	5.568179E+03
10.545	-1.199332E+06	1.190371E+02	5.478458E+01	5.568179E+03
10.55	-1.199332E+06	1.241059E+02	5.462763E+01	5.568179E+03
10.555	-1.199332E+06	1.197562E+02	5.447485E+01	5.568179E+03
10.56	-1.199331E+06	1.135865E+02	5.444420E+01	5.568179E+03
10.565	-1.199332E+06	1.251122E+02	5.427600E+01	5.568179E+03
10.57	-1.199332E+06	1.215639E+02	5.413556E+01	5.568179E+03
10.575	-1.199332E+06	1.184610E+02	5.396289E+01	5.568179E+03
10.58	-1.199332E+06	1.196063E+02	5.388640E+01	5.568179E+03
10.585	-1.199332E+06	1.159280E+02	5.400011E+01	5.568179E+03
10.59	-1.199332E+06	1.239178E+02	5.406266E+01	5.568179E+03
10.595	-1.199332E+06	1.287129E+02	5.414449E+01	5.568179E+03
10.6	-1.199332E+06	1.344849E+02	5.388104E+01	5.568179E+03
10.605	-1.199332E+06	1.297088E+02	5.332363E+01	5.568179E+03
10.61	-1.199331E+06	1.181352E+02	5.292545E+01	5.568179E+03
10.615	-1.199332E+06	1.233827E+02	5.279067E+01	5.568179E+03
10.62	-1.199332E+06	1.285957E+02	5.292419E+01	5.568179E+03
10.625	-1.199332E+06	1.255138E+02	5.301796E+01	5.568179E+03
10.63	-1.199332E+06	1.188602E+02	5.315499E+01	5.568179E+03
10.635	-1.199331E+06	1.220150E+02	5.345078E+01	5.568179E+03
10.64	-1.199332E+06	1.344807E+02	5.370460E+01	5.568179E+03
10.645	-1.199332E+06	1.364744E+02	5.401723E+01	5.568179E+03
10.65	-1.199332E+06	1.368944E+02	5.402202E+01	5.568179E+03
10.655	-1.199332E+06	1.338483E+02	5.351908E+01	5.568179E+03
10.66	-1.199331E+06	1.209378E+02	5.281382E+01	5.568179E+03
10.665	-1.199331E+06	1.189523E+02	5.195259E+01	5.568179E+03
10.67	-1.199332E+06	1.243340E+02	5.143746E+01	5.568179E+03
10.675	-1.199331E+06	1.239187E+02	5.155638E+01	5.568179E+03
10.68	-1.199332E+06	1.328139E+02	5.175241E+01	5.568179E+03
10.685	-1.199332E+06	1.299621E+02	5.211253E+01	5.568179E+03
10.69	-1.199331E+06	1.235278E+02	5.241099E+01	5.568179E+03
10.695	-1.199332E+06	1.297187E+02	5.252694E+01	5.568179E+03
10.7	-1.199332E+06	1.315529E+02	5.282460E+01	5.568179E+03
10.705	-1.199331E+06	1.297907E+02	5.316022E+01	5.568179E+03
10.71	-1.199331E+06	1.303054E+02	5.354149E+01	5.568179E+03
10.715	-1.199332E+06	1.388541E+02	5.379300E+01	5.568179E+03
10.72	-1.199332E+06	1.314587E+02	5.364590E+01	5.568179E+03
10.725	-1.199331E+06	1.250123E+02	5.319503E+01	5.568179E+03
10.73	-1.199332E+06	1.361219E+02	5.276657E+01	5.568179E+03
10.735	-1.199331E+06	1.353244E+02	5.236605E+01	5.568179E+03
10.74	-1.199332E+06	1.360766E+02	5.177023E+01	5.568179E+03
10.745	-1.199331E+06	1.313320E+02	5.149814E+01	5.568179E+03
10.75	-1.199331E+06	1.376378E+02	5.124846E+01	5.568179E+03
10.755	-1.199332E+06	1.529347E+02	5.065775E+01	5.568179E+03
10.76	-1.199331E+06	1.379387E+02	5.042641E+01	5.568179E+03
10.765	-1.199331E+06	1.330073E+02	5.048460E+01	5.568179E+03
10.77	-1.199331E+06	1.344388E+02	5.098069E+01	5.568179E+03
10.775	-1.199331E+06	1.338466E+02	5.197498E+01	5.568179E+03
10.78	-1.199332E+06	1.403148E+02	5.279814E+01	5.568179E+03
10.785	-1.199331E+06	1.365171E+02	5.338023E+01	5.568179E+03
10.79	-1.199331E+06	1.378373E+02	5.385205E+01	5.568179E+03
10.795	-1.199331E+06	1.393500E+02	5.413001E+01	5.568179E+03
10.8	-1.199332E+06	1.442851E+02	5.397056E+01	5.568179E+03
10.805	-1.199331E+06	1.390772E+02	5.349624E+01	5.568179E+03
10.81	-1.199331E+06	1.373688E+02	5.269384E+01	5.568179E+03
10.815	-1.199331E+06	1.442441E+02	5.190657E+01	5.568179E+03
10.82	-1.199331E+06	1.361247E+02	5.146818E+01	5.568179E+03
10.825	-1.199331E+06	1.392913E+02	5.091163E+01	5.568179E+03
10.83	-1.199331E+06	1.388424E+02	5.056507E+01	5.568179E+03
10.835	-1.199331E+06	1.293805E+02	5.069394E+01	5.568179E+03
10.84	-1.199331E+06	1.348637E+02	5.109959E+01	5.568179E+03
10.845	-1.199331E+06	1.445327E+02	5.187358E+01	5.568179E+03
10.85	-1.199331E+06	1.461183E+02	5.262037E+01	5.568179E+03
10.855	-1.199331E+06	1.478763E+02	5.279252E+01	5.568179E+03
10.86	-1.199331E+06	1.475161E+02	5.266584E+01	5.568179E+03
10.865	-1.199331E+06	1.447537E+02	5.261593E+01	5.568179E+03
10.87	-1.199331E+06	1.465287E+02	5.271465E+01	5.568179E+03
10.875	-1.199331E+06	1.450587E+02	5.296343E+01	5.568179E+03
10.88	-1.199331E+06	1.512333E+02	5.296976E+01	5.568179E+03
10.885	-1.199331E+06	1.551158E+02	5.273658E+01	5.568179E+03
10.89	-1.199331E+06	1.477821E+02	5.249807E+01	5.568179E+03
10.895	-1.199331E+06	1.432164E+02	5.218442E+01	5.568179E+03
10.9	-1.199331E+06	1.476164E+02	5.171644E+01	5.568179E+03
10.905	-1.199331E+06	1.534506E+02	5.119774E+01	5.568179E+03
10.91	-1.199331E+06	1.489287E+02	5.075601E+01	5.568179E+03
10.915	-1.199331E+06	1.460455E+02	5.048395E+01	5.568179E+03
10.92	-1.199331E+06	1.500665E+02	5.065574E+01	5.568179E+03
10.925	-1.199331E+06	1.555231E+02	5.099969E+01	5.568179E+03
10.93	-1.199331E+06	1.598987E+02	5.123426E+01	5.568179E+03
10.935	-1.199331E+06	1.488700E+02	5.155622E+01	5.568179E+03
10.94	-1.199331E+06	1.472383E+02	5.174464E+01	5.568179E+03
10.945	-1.199331E+06	1.597431E+02	5.173936E+01	5.568179E+03
10.95	-1.199331E+06	1.524342E+02	5.150415E+01	5.568179E+03
10.955	-1.199331E+06	1.563107E+02	5.083312E+01	5.568179E+03
10.96	-1.199331E+06	1.603492E+02	5.049873E+01	5.568179E+03
10.965	-1.199331E+06	1.574839E+02	5.053346E+01	5.568179E+03
10.97	-1.199331E+06	1.644599E+02	5.035599E+01	5.568179E+03
10.975	-1.199331E+06	1.639403E+02	5.015310E+01	5.568179E+03
10.98	-1.199331E+06	1.614825E+02	5.000463E+01	5.568179E+03
10.985	-1.199331E+06	1.485188E+02	5.016717E+01	5.568179E+03
10.99	-1.199331E+06	1.468937E+02	5.079460E+01	5.568179E+03
10.995	-1.199331E+06	1.581525E+02	5.144355E+01	5.568179E+03
11.0	-1.199331E+06	1.607435E+02	5.151192E+01	5.568179E+03
11.005	-1.199331E+06	1.704213E+02	5.118297E+01	5.568179E+03
11.01	-1.199331E+06	1.621334E+02	5.099551E+01	5.568179E+03
11.015	-1.199331E+06	1.649442E+02	5.052504E+01	5.568179E+03
11.02	-1.199331E+06	1.625977E+02	5.039234E+01	5.568179E+03
11.025	-1.199330E+06	1.545149E+02	5.030779E+01	5.568179E+03
11.03	-1.199331E+06	1.718946E+02	4.942294E+01	5.568179E+03
11.035	-1.199330E+06	1.541366E+02	4.890289E+01	5.568179E+03
11.04	-1.199331E+06	1.538066E+02	4.856983E+01	5.568179E+03
11.045	-1.199331E+06	1.636043E+02	4.846472E+01	5.568179E+03
11.05	-1.199330E+06	1.523596E+02	4.879798E+01	5.568179E+03
11.055	-1.199331E+06	1.593009E+02	4.883172E+01	5.568179E+03
11.06	-1.199330E+06	1.552731E+02	4.902829E+01	5.568179E+03
11.065	-1.199331E+06	1.647367E+02	4.945967E+01	5.568179E+03
11.07	-1.199331E+06	1.783990E+02	4.993490E+01	5.568179E+03
11.075	-1.199331E+06	1.757806E+02	5.030500E+01	5.568179E+03
11.08	-1.199330E+06	1.677213E+02	5.060462E+01	5.568179E+03
11.085	-1.199331E+06	1.730703E+02	5.082826E+01	5.568179E+03
11.09	-1.199331E+06	1.770104E+02	5.082719E+01	5.568179E+03
11.095	-1.199330E+06	1.663815E+02	5.088877E+01	5.568179E+03
11.1	-1.199331E+06	1.796384E+02	5.091056E+01	5.568179E+03
11.105	-1.199331E+06	1.903289E+02	5.097892E+01	5.568179E+03
11.11	-1.199330E+06	1.778953E+02	5.113350E+01	5.568179E+03
11.115	-1.199331E+06	1.816383E+02	5.080966E+01	5.568179E+03
11.12	-1.199330E+06	1.726420E+02	5.050821E+01	5.568179E+03
11.125	-1.199330E+06	1.646316E+02	5.031654E+01	5.568179E+03
11.13	-1.199331E+06	1.789243E+02	5.003247E+01	5.568179E+03
11.135	-1.199330E+06	1.720023E+02	5.027489E+01	5.568179E+03
11.14	-1.199330E+06	1.770559E+02	5.028730E+01	5.568179E+03
11.145	-1.199331E+06	1.906486E+02	4.989159E+01	5.568179E+03
11.15	-1.199330E+06	1.834127E+02	5.002267E+01	5.568179E+03
11.155	-1.199330E+06	1.855614E+02	5.031529E+01	5.568179E+03
11.16	-1.199330E+06	1.904406E+02	5.044357E+01	5.568179E+03
11.165	-1.199330E+06	1.781428E+02	5.049242E+01	5.568179E+03
11.17	-1.199330E+06	1.697653E+02	5.032899E+01	5.568179E+03
11.175	-1.199330E+06	1.758920E+02	5.037233E+01	5.568179E+03
11.18	-1.199331E+06	1.820080E+02	5.063633E+01	5.568179E+03
11.185	-1.199330E+06	1.729703E+02	5.077353E+01	5.568179E+03
11.19	-1.199330E+06	1.798741E+02	5.085621E+01	5.568179E+03
11.195	-1.199330E+06	1.888066E+02	5.084548E+01	5.568179E+03
11.2	-1.199330E+06	1.908438E+02	5.032322E+01	5.568179E+03
11.205	-1.199330E+06	1.883576E+02	4.967922E+01	5.568179E+03
11.21	-1.199330E+06	1.847399E+02	4.915773E+01	5.568179E+03
11.215	-1.199330E+06	1.980042E+02	4.848876E+01	5.568179E+03
11.22	-1.199330E+06	1.918178E+02	4.820811E+01	5.568179E+03
11.225	-1.199330E+06	1.850914E+02	4.833103E+01	5.568179E+03
11.23	-1.199330E+06	1.928130E+02	4.885602E+01	5.568179E+03
11.235	-1.199330E+06	1.984192E+02	4.976625E+01	5.568179E+03
11.24	-1.199330E+06	2.004460E+02	5.067013E+01	5.568179E+03
11.245	-1.199330E+06	1.979426E+02	5.139657E+01	5.568179E+03
11.25	-1.199330E+06	1.940641E+02	5.161656E+01	5.568179E+03
11.255	-1.199330E+06	1.974784E+02	5.130574E+01	5.568179E+03
11.26	-1.199330E+06	1.931578E+02	5.097733E+01	5.568179E+03
11.265	-1.199330E+06	1.964710E+02	5.048615E+01	5.568179E+03
11.27	-1.199330E+06	2.081035E+02	5.000591E+01	5.568179E+03
11.275	-1.199330E+06	2.104452E+02	4.950820E+01	5.568179E+03
11.28	-1.199330E+06	1.950019E+02	4.879413E+01	5.568179E+03
11.285	-1.199330E+06	1.904600E+02	4.822425E+01	5.568179E+03
11.29	-1.199330E+06	2.042595E+02	4.786096E+01	5.568179E+03
11.295	-1.199330E+06	2.025517E+02	4.759133E+01	5.568179E+03
11.3	-1.199329E+06	1.873479E+02	4.761676E+01	5.568179E+03
11.305	-1.199330E+06	2.048680E+02	4.765654E+01	5.568179E+03
11.31	-1.199330E+06	2.163992E+02	4.783918E+01	5.568179E+03
11.315	-1.199330E+06	1.974893E+02	4.827379E+01	5.568179E+03
11.32	-1.199330E+06	1.928253E+02	4.872882E+01	5.568179E+03
11.325	-1.199330E+06	2.056928E+02	4.914608E+01	5.568179E+03
11.33	-1.199330E+06	2.048391E+02	4.950229E+01	5.568179E+03
11.335	-1.199330E+06	2.084488E+02	4.985350E+01	5.568179E+03
11.34	-1.199330E+06	2.178623E+02	5.030609E+01	5.568179E+03
11.345	-1.199330E+06	2.165466E+02	5.037308E+01	5.568179E+03
11.35	-1.199330E+06	2.074352E+02	4.990570E+01	5.568179E+03
11.355	-1.199330E+06	2.033386E+02	4.958478E+01	5.568179E+03
11.36	-1.199330E+06	2.116842E+02	4.968103E+01	5.568179E+03
11.365	-1.199330E+06	2.255612E+02	4.997433E+01	5.568179E+03
11.37	-1.199330E+06	2.349591E+02	5.037528E+01	5.568179E+03
11.375	-1.199330E+06	2.252847E+02	5.054605E+01	5.568179E+03
11.38	-1.199330E+06	2.238646E+02	5.021105E+01	5.568179E+03
11.385	-1.199330E+06	2.240090E+02	5.016679E+01	5.568179E+03
11.39	-1.199329E+06	2.183699E+02	5.043037E+01	5.568179E+03
11.395	-1.199330E+06	2.226244E+02	5.086505E+01	5.568179E+03
11.4	-1.199329E+06	2.140844E+02	5.179615E+01	5.568179E+03
11.405	-1.199330E+06	2.252790E+02	5.240073E+01	5.568179E+03
11.41	-1.199329E+06	2.334410E+02	5.318278E+01	5.568179E+03
11.415	-1.199329E+06	2.397426E+02	5.409722E+01	5.568179E+03
11.42	-1.199330E+06	2.473724E+02	5.437058E+01	5.568179E+03
11.425	-1.199329E+06	2.202103E+02	5.467198E+01	5.568179E+03
11.43	-1.199329E+06	2.286332E+02	5.465967E+01	5.568179E+03
11.435	-1.199330E+06	2.450265E+02	5.421859E+01	5.568179E+03
11.44	-1.199329E+06	2.311727E+02	5.371665E+01	5.568179E+03
11.445	-1.199330E+06	2.293324E+02	5.280933E+01	5.568179E+03
11.45	-1.199329E+06	2.161482E+02	5.192053E+01	5.568179E+03
11.455	-1.199329E+06	2.193791E+02	5.132927E+01	5.568179E+03
11.46	-1.199330E+06	2.391519E+02	5.098333E+01	5.568179E+03
11.465	-1.199329E+06	2.381426E+02	5.075050E+01	5.568179E+03
11.47	-1.199329E+06	2.291798E+02	5.082522E+01	5.568179E+03
11.475	-1.199329E+06	2.228149E+02	5.152195E+01	5.568179E+03
11.48	-1.199329E+06	2.347906E+02	5.238719E+01	5.568179E+03
11.485	-1.199329E+06	2.395679E+02	5.346231E+01	5.568179E+03
11.49	-1.199329E+06	2.453360E+02	5.431101E+01	5.568179E+03
11.495	-1.199330E+06	2.614824E+02	5.473623E+01	5.568179E+03
11.5	-1.199329E+06	2.473172E+02	5.529920E+01	5.568179E+03
11.505	-1.199329E+06	2.310449E+02	5.531763E+01	5.568179E+03
11.51	-1.199329E+06	2.474109E+02	5.463905E+01	5.568179E+03
11.515	-1.199329E+06	2.547260E+02	5.386356E+01	5.568179E+03
11.52	-1.199329E+06	2.546347E+02	5.262526E+01	5.568179E+03
11.525	-1.199329E+06	2.469082E+02	5.180690E+01	5.568179E+03
11.53	-1.199329E+06	2.380240E+02	5.189471E+01	5.568179E+03
11.535	-1.199329E+06	2.526161E+02	5.203813E+01	5.568179E+03
11.54	-1.199329E+06	2.532706E+02	5.228315E+01	5.568179E+03
11.545	-1.199329E+06	2.578267E+02	5.216855E+01	5.568179E+03
11.55	-1.199329E+06	2.618059E+02	5.214477E+01	5.568179E+03
11.555	-1.199329E+06	2.584643E+02	5.291510E+01	5.568179E+03
11.56	-1.199329E+06	2.585998E+02	5.390902E+01	5.568179E+03
11.565	-1.199328E+06	2.565834E+02	5.463962E+01	5.568179E+03
11.57	-1.199329E+06	2.755968E+02	5.456695E+01	5.568179E+03
11.575	-1.199329E+06	2.545317E+02	5.414364E+01	5.568179E+03
11.58	-1.199329E+06	2.477085E+02	5.328214E+01	5.568179E+03
11.585	-1.199329E+06	2.640894E+02	5.259537E+01	5.568179E+03
11.59	-1.199328E+06	2.588344E+02	5.263052E+01	5.568179E+03
11.595	-1.199329E+06	2.806192E+02	5.224430E+01	5.568179E+03
11.6	-1.199329E+06	2.696112E+02	5.183886E+01	5.568179E+03
11.605	-1.199328E+06	2.557931E+02	5.128878E+01	5.568179E+03
11.61	-1.199329E+06	2.731244E+02	5.054467E+01	5.568179E+03
11.615	-1.199328E+06	2.598749E+02	5.074070E+01	5.568179E+03
11.62	-1.199329E+06	2.657140E+02	5.129579E+01	5.568179E+03
11.625	-1.199329E+06	2.836615E+02	5.214407E+01	5.568179E+03
11.63	-1.199328E+06	2.779678E+02	5.332612E+01	5.568179E+03
11.635	-1.199329E+06	2.825403E+02	5.402511E+01	5.568179E+03
11.64	-1.199329E+06	2.908966E+02	5.444262E+01	5.568179E+03
11.645	-1.199329E+06	2.826846E+02	5.461623E+01	5.568179E+03
11.65	-1.199328E+06	2.712208E+02	5.442662E+01	5.568179E+03
11.655	-1.199329E+06	2.879065E+02	5.413862E+01	5.568179E+03
11.66	-1.199328E+06	2.986158E+02	5.382297E+01	5.568179E+03
11.665	-1.199328E+06	3.001969E+02	5.272019E+01	5.568179E+03
11.67	-1.199328E+06	2.910290E+02	5.138515E+01	5.568179E+03
11.675	-1.199328E+06	2.778749E+02	5.077036E+01	5.568179E+03
11.68	-1.199328E+06	2.916645E+02	5.032395E+01	5.568179E+03
11.685	-1.199329E+06	2.935139E+02	5.000675E+01	5.568179E+03
11.69	-1.199328E+06	2.730849E+02	5.021022E+01	5.568179E+03
11.695	-1.199328E+06	2.853192E+02	5.077519E+01	5.568179E+03
11.7	-1.199329E+06	2.948721E+02	5.193346E+01	5.568179E+03
11.705	-1.199328E+06	2.823075E+02	5.323111E+01	5.568179E+03
11.71	-1.199329E+06	2.998081E+02	5.393915E+01	5.568179E+03
11.715	-1.199328E+06	2.938736E+02	5.447021E+01	5.568179E+03
11.72	-1.199328E+06	2.852550E+02	5.438289E+01	5.568179E+03
11.725	-1.199328E+06	2.926016E+02	5.390854E+01	5.568179E+03
11.73	-1.199328E+06	2.914251E+02	5.349864E+01	5.568179E+03
11.735	-1.199328E+06	3.057477E+02	5.265004E+01	5.568179E+03
11.74	-1.199328E+06	3.066944E+02	5.170194E+01	5.568179E+03
11.745	-1.199328E+06	2.977974E+02	5.098356E+01	5.568179E+03
11.75	-1.199328E+06	3.105394E+02	5.066212E+01	5.568179E+03
11.755	-1.199328E+06	3.153421E+02	5.099116E+01	5.568179E+03
11.76	-1.199328E+06	3.255205E+02	5.123758E+01	5.568179E+03
11.765	-1.199328E+06	3.174548E+02	5.141134E+01	5.568179E+03
11.77	-1.199328E+06	3.099210E+02	5.135994E+01	5.568179E+03
11.775	-1.199328E+06	3.246194E+02	5.130988E+01	5.568179E+03
11.78	-1.199327E+06	3.073802E+02	5.212699E+01	5.568179E+03
11.785	-1.199328E+06	3.247105E+02	5.291628E+01	5.568179E+03
11.79	-1.199328E+06	3.300420E+02	5.410147E+01	5.568179E+03
11.795	-1.199327E+06	3.088943E+02	5.560602E+01	5.568179E+03
11.8	-1.199328E+06	3.205399E+02	5.620732E+01	5.568179E+03
11.805	-1.199327E+06	3.156732E+02	5.624892E+01	5.568179E+03
11.81	-1.199328E+06	3.322620E+02	5.560047E+01	5.568179E+03
11.815	-1.199328E+06	3.252725E+02	5.476389E+01	5.568179E+03
11.82	-1.199327E+06	3.313766E+02	5.369615E+01	5.568179E+03
11.825	-1.199328E+06	3.531300E+02	5.230200E+01	5.568179E+03
11.83	-1.199327E+06	3.386076E+02	5.051368E+01	5.568179E+03
11.835	-1.199328E+06	3.398242E+02	4.914097E+01	5.568179E+03
11.84	-1.199327E+06	3.195715E+02	4.947058E+01	5.568179E+03
11.845	-1.199327E+06	3.167745E+02	4.964518E+01	5.568179E+03
11.85	-1.199328E+06	3.186622E+02	5.007823E+01	5.568179E+03
11.855	-1.199327E+06	3.144162E+02	5.136896E+01	5.568179E+03
11.86	-1.199328E+06	3.494712E+02	5.198536E+01	5.568179E+03
11.865	-1.199327E+06	3.473958E+02	5.304597E+01	5.568179E+03
11.87	-1.199327E+06	3.403969E+02	5.382799E+01	5.568179E+03
11.875	-1.199328E+06	3.529035E+02	5.385332E+01	5.568179E+03
11.88	-1.199327E+06	3.422624E+02	5.446644E+01	5.568179E+03
11.885	-1.199327E+06	3.422906E+02	5.450380E+01	5.568179E+03
11.89	-1.199327E+06	3.469912E+02	5.406604E+01	5.568179E+03
11.895	-1.199327E+06	3.325721E+02	5.417575E+01	5.568179E+03
11.9	-1.199327E+06	3.514642E+02	5.403062E+01	5.568179E+03
11.905	-1.199327E+06	3.621502E+02	5.384925E+01	5.568179E+03
11.91	-1.199327E+06	3.467131E+02	5.349593E+01	5.568179E+03
11.915	-1.199327E+06	3.311647E+02	5.299365E+01	5.568179E+03
11.92	-1.199327E+06	3.628819E+02	5.273964E+01	5.568179E+03
11.925	-1.199328E+06	3.872615E+02	5.307613E+01	5.568179E+03
11.93	-1.199326E+06	3.641797E+02	5.348806E+01	5.568179E+03
11.935	-1.199327E+06	3.798239E+02	5.320460E+01	5.568179E+03
11.94	-1.199327E+06	3.728061E+02	5.338891E+01	5.568179E+03
11.945	-1.199327E+06	3.600220E+02	5.349132E+01	5.568179E+03
11.95	-1.199327E+06	3.622675E+02	5.353312E+01	5.568179E+03
11.955	-1.199326E+06	3.443946E+02	5.470418E+01	5.568179E+03
11.96	-1.199327E+06	3.766465E+02	5.582098E+01	5.568179E+03
11.965	-1.199327E+06	3.761744E+02	5.651674E+01	5.568179E+03
11.97	-1.199327E+06	3.744047E+02	5.641965E+01	5.568179E+03
11.975	-1.199327E+06	3.845440E+02	5.568805E+01	5.568179E+03
11.98	-1.199327E+06	3.827735E+02	5.471808E+01	5.568179E+03
11.985	-1.199327E+06	3.781207E+02	5.400124E+01	5.568179E+03
11.99	-1.199326E+06	3.864228E+02	5.338924E+01	5.568179E+03
11.995	-1.199327E+06	4.094275E+02	5.282451E+01	5.568179E+03
12.0	-1.199326E+06	3.881102E+02	5.345921E+01	5.568179E+03
12.005	-1.199326E+06	3.836906E+02	5.404990E+01	5.568179E+03
12.01	-1.199327E+06	3.973721E+02	5.436900E+01	5.568179E+03
12.015	-1.199326E+06	3.851679E+02	5.550168E+01	5.568179E+03
12.02	-1.199327E+06	4.110125E+02	5.607913E+01	5.568179E+03
12.025	-1.199327E+06	4.066302E+02	5.631016E+01	5.568179E+03
12.03	-1.199325E+06	3.649164E+02	5.621356E+01	5.568179E+03
12.035	-1.199327E+06	4.016555E+02	5.452377E+01	5.568179E+03
12.04	-1.199326E+06	3.939128E+02	5.320216E+01	5.568179E+03
12.045	-1.199325E+06	3.653301E+02	5.222346E+01	5.568179E+03
12.05	-1.199327E+06	4.112210E+02	5.086858E+01	5.568179E+03
12.055	-1.199326E+06	4.008935E+02	5.075035E+01	5.568179E+03
12.06	-1.199325E+06	3.782270E+02	5.095570E+01	5.568179E+03
12.065	-1.199326E+06	4.158893E+02	5.143077E+01	5.568179E+03
12.07	-1.199326E+06	4.228011E+02	5.325957E+01	5.568179E+03
12.075	-1.199325E+06	4.279771E+02	5.471611E+01	5.568179E+03
12.08	-1.199326E+06	4.441280E+02	5.508656E+01	5.568179E+03
12.085	-1.199326E+06	4.272230E+02	5.511413E+01	5.568179E+03
12.09	-1.199325E+06	4.047954E+02	5.517092E+01	5.568179E+03
12.095	-1.199326E+06	4.221819E+02	5.549554E+01	5.568179E+03
12.1	-1.199326E+06	4.314607E+02	5.598051E+01	5.568179E+03
12.105	-1.199325E+06	4.199458E+02	5.502230E+01	5.568179E+03
12.11	-1.199326E+06	4.236397E+02	5.320343E+01	5.568179E+03
12.115	-1.199325E+06	3.819500E+02	5.261405E+01	5.568179E+03
12.12	-1.199325E+06	4.006086E+02	5.174786E+01	5.568179E+03
12.125	-1.199327E+06	4.656813E+02	5.138438E+01	5.568179E+03
12.13	-1.199324E+06	4.241934E+02	5.195869E+01	5.568179E+03
12.135	-1.199326E+06	4.545091E+02	5.065981E+01	5.568179E+03
12.14	-1.199326E+06	4.638359E+02	5.028239E+01	5.568179E+03
12.145	-1.199324E+06	4.344875E+02	5.056433E+01	5.568179E+03
12.15	-1.199327E+06	4.776937E+02	4.970584E+01	5.568179E+03
12.155	-1.199324E+06	4.333952E+02	5.020955E+01	5.568179E+03
12.16	-1.199325E+06	4.288404E+02	4.998361E+01	5.568179E+03
12.165	-1.199325E+06	4.248063E+02	4.991490E+01	5.568179E+03
12.17	-1.199324E+06	4.190662E+02	5.118630E+01	5.568179E+03
12.175	-1.199326E+06	4.613916E+02	5.179165E+01	5.568179E+03
12.18	-1.199324E+06	4.465577E+02	5.224880E+01	5.568179E+03
12.185	-1.199325E+06	4.580735E+02	5.222832E+01	5.568179E+03
12.19	-1.199325E+06	4.640193E+02	5.209977E+01	5.568179E+03
12.195	-1.199325E+06	4.650368E+02	5.170096E+01	5.568179E+03
12.2	-1.199325E+06	4.683660E+02	5.023246E+01	5.568179E+03
12.205	-1.199324E+06	4.380164E+02	4.888968E+01	5.568179E+03
12.21	-1.199325E+06	4.556864E+02	4.755101E+01	5.568179E+03
12.215	-1.199325E+06	4.760655E+02	4.680656E+01	5.568179E+03
12.22	-1.199324E+06	4.701343E+02	4.711240E+01	5.568179E+03
12.225	-1.199325E+06	4.812221E+02	4.742426E+01	5.568179E+03
12.23	-1.199324E+06	4.685956E+02	4.853652E+01	5.568179E+03
12.235	-1.199325E+06	4.870113E+02	4.986399E+01	5.568179E+03
12.24	-1.199325E+06	4.740060E+02	5.099703E+01	5.568179E+03
12.245	-1.199324E+06	4.467565E+02	5.183381E+01	5.568179E+03
12.25	-1.199325E+06	4.779302E+02	5.258009E+01	5.568179E+03
12.255	-1.199325E+06	5.049235E+02	5.362979E+01	5.568179E+03
12.26	-1.199324E+06	5.015583E+02	5.376587E+01	5.568179E+03
12.265	-1.199324E+06	4.965902E+02	5.294381E+01	5.568179E+03
12.27	-1.199324E+06	4.769226E+02	5.226134E+01	5.568179E+03
12.275	-1.199325E+06	4.786349E+02	5.124752E+01	5.568179E+03
12.28	-1.199324E+06	4.621196E+02	5.043193E+01	5.568179E+03
12.285	-1.199324E+06	4.813094E+02	4.983706E+01	5.568179E+03
12.29	-1.199325E+06	5.188043E+02	4.926885E+01	5.568179E+03
12.295	-1.199324E+06	4.988954E+02	4.879960E+01	5.568179E+03
12.3	-1.199324E+06	4.991004E+02	4.824495E+01	5.568179E+03
12.305	-1.199324E+06	4.929689E+02	4.819658E+01	5.568179E+03
12.31	-1.199324E+06	4.749749E+02	4.840616E+01	5.568179E+03
12.315	-1.199324E+06	4.550780E+02	4.922028E+01	5.568179E+03
12.32	-1.199323E+06	4.704370E+02	5.097017E+01	5.568179E+03
12.325	-1.199325E+06	5.454876E+02	5.263995E+01	5.568179E+03
12.33	-1.199324E+06	5.428216E+02	5.379230E+01	5.568179E+03
12.335	-1.199323E+06	5.193377E+02	5.371966E+01	5.568179E+03
12.34	-1.199324E+06	5.093484E+02	5.338975E+01	5.568179E+03
12.345	-1.199323E+06	5.105409E+02	5.353428E+01	5.568179E+03
12.35	-1.199324E+06	5.246025E+02	5.392312E+01	5.568179E+03
12.355	-1.199323E+06	5.031615E+02	5.443670E+01	5.568179E+03
12.36	-1.199324E+06	5.383761E+02	5.410048E+01	5.568179E+03
12.365	-1.199324E+06	5.404661E+02	5.326084E+01	5.568179E+03
12.37	-1.199323E+06	5.104669E+02	5.146749E+01	5.568179E+03
12.375	-1.199323E+06	5.157067E+02	4.959796E+01	5.568179E+03
12.38	-1.199324E+06	5.314296E+02	4.836695E+01	5.568179E+03
12.385	-1.199323E+06	5.099096E+02	4.815921E+01	5.568179E+03
12.39	-1.199323E+06	5.360676E+02	4.860352E+01	5.568179E+03
12.395	-1.199323E+06	5.482833E+02	4.920232E+01	5.568179E+03
12.4	-1.199323E+06	5.353291E+02	4.912734E+01	5.568179E+03
12.405	-1.199324E+06	5.460810E+02	4.942800E+01	5.568179E+03
12.41	-1.199323E+06	5.421335E+02	5.149288E+01	5.568179E+03
12.415	-1.199324E+06	5.625852E+02	5.296935E+01	5.568179E+03
12.42	-1.199323E+06	5.414157E+02	5.314627E+01	5.568179E+03
12.425	-1.199322E+06	5.058209E+02	5.252434E+01	5.568179E+03
12.43	-1.199323E+06	5.411469E+02	5.092717E+01	5.568179E+03
12.435	-1.199323E+06	5.620631E+02	5.049331E+01	5.568179E+03
12.44	-1.199323E+06	5.578358E+02	5.105658E+01	5.568179E+03
12.445	-1.199323E+06	5.616737E+02	5.059093E+01	5.568179E+03
12.45	-1.199322E+06	5.374081E+02	5.011998E+01	5.568179E+03
12.455	-1.199323E+06	5.405608E+02	4.962108E+01	5.568179E+03
12.46	-1.199323E+06	5.699791E+02	4.911355E+01	5.568179E+03
12.465	-1.199323E+06	5.768399E+02	4.959494E+01	5.568179E+03
12.47	-1.199323E+06	5.592722E+02	5.012923E+01	5.568179E+03
12.475	-1.199322E+06	5.468418E+02	4.951138E+01	5.568179E+03
12.48	-1.199323E+06	5.676334E+02	4.886790E+01	5.568179E+03
12.485	-1.199322E+06	5.648411E+02	4.844158E+01	5.568179E+03
12.49	-1.199323E+06	5.711999E+02	4.707061E+01	5.568179E+03
12.495	-1.199323E+06	5.721179E+02	4.681568E+01	5.568179E+03
12.5	-1.199322E+06	5.533863E+02	4.744029E+01	5.568179E+03
12.505	-1.199323E+06	5.627410E+02	4.755179E+01	5.568179E+03
12.51	-1.199322E+06	5.458734E+02	4.859160E+01	5.568179E+03
12.515	-1.199321E+06	5.288606E+02	4.953437E+01	5.568179E+03
12.52	-1.199323E+06	5.772417E+02	4.976696E+01	5.568179E+03
12.525	-1.199322E+06	5.553871E+02	5.129752E+01	5.568179E+03
12.53	-1.199322E+06	5.679305E+02	5.152817E+01	5.568179E+03
12.535	-1.199323E+06	6.006687E+02	5.043682E+01	5.568179E+03
12.54	-1.199321E+06	5.652386E+02	4.978327E+01	5.568179E+03
12.545	-1.199322E+06	5.835635E+02	4.808350E+01	5.568179E+03
12.55	-1.199322E+06	5.951514E+02	4.735104E+01	5.568179E+03
12.555	-1.199322E+06	6.045633E+02	4.777402E+01	5.568179E+03
12.56	-1.199322E+06	5.910704E+02	4.763973E+01	5.568179E+03
12.565	-1.199321E+06	5.710655E+02	4.763577E+01	5.568179E+03
12.57	-1.199323E+06	6.028578E+02	4.827821E+01	5.568179E+03
12.575	-1.199321E+06	5.978674E+02	4.943255E+01	5.568179E+03
12.58	-1.199323E+06	6.308947E+02	4.992030E+01	5.568179E+03
12.585	-1.199321E+06	6.082346E+02	5.016913E+01	5.568179E+03
12.59	-1.199322E+06	6.140838E+02	4.905686E+01	5.568179E+03
12.595	-1.199323E+06	6.223816E+02	4.762828E+01	5.568179E+03
12.6	-1.199320E+06	5.498464E+02	4.713546E+01	5.568179E+03
12.605	-1.199322E+06	5.862048E+02	4.579610E+01	5.568179E+03
12.61	-1.199322E+06	6.116490E+02	4.605701E+01	5.568179E+03
12.615	-1.199321E+06	6.101327E+02	4.732094E+01	5.568179E+03
12.62	-1.199323E+06	6.540709E+02	4.673413E+01	5.568179E+03
12.625	-1.199321E+06	6.208186E+02	4.673957E+01	5.568179E+03
12.63	-1.199321E+06	6.197294E+02	4.720129E+01	5.568179E+03
12.635	-1.199322E+06	6.363035E+02	4.760990E+01	5.568179E+03
12.64	-1.199320E+06	5.953002E+02	4.870356E+01	5.568179E+03
12.645	-1.199322E+06	6.148285E+02	4.833068E+01	5.568179E+03
12.65	-1.199321E+06	5.998198E+02	4.730746E+01	5.568179E+03
12.655	-1.199321E+06	6.059505E+02	4.667512E+01	5.568179E+03
12.66	-1.199322E+06	6.434789E+02	4.654412E+01	5.568179E+03
12.665	-1.199321E+06	6.352596E+02	4.662280E+01	5.568179E+03
12.67	-1.199321E+06	6.293252E+02	4.558369E+01	5.568179E+03
12.675	-1.199321E+06	6.250313E+02	4.410528E+01	5.568179E+03
12.68	-1.199321E+06	6.310539E+02	4.313789E+01	5.568179E+03
12.685	-1.199322E+06	6.435654E+02	4.235290E+01	5.568179E+03
12.69	-1.199320E+06	6.091210E+02	4.174435E+01	5.568179E+03
12.695	-1.199321E+06	6.125670E+02	4.082766E+01	5.568179E+03
12.7	-1.199320E+06	5.948462E+02	4.134096E+01	5.568179E+03
12.705	-1.199321E+06	6.302402E+02	4.286132E+01	5.568179E+03
12.71	-1.199321E+06	6.458956E+02	4.396834E+01	5.568179E+03
12.715	-1.199320E+06	6.178650E+02	4.398278E+01	5.568179E+03
12.72	-1.199322E+06	6.340196E+02	4.365101E+01	5.568179E+03
12.725	-1.199320E+06	5.922021E+02	4.389583E+01	5.568179E+03
12.73	-1.199320E+06	6.220875E+02	4.348530E+01	5.568179E+03
12.735	-1.199322E+06	6.875543E+02	4.238785E+01	5.568179E+03
12.74	-1.199319E+06	6.075009E+02	4.117006E+01	5.568179E+03
12.745	-1.199320E+06	6.010490E+02	4.030397E+01	5.568179E+03
12.75	-1.199321E+06	6.398881E+02	4.121016E+01	5.568179E+03
12.755	-1.199320E+06	6.432671E+02	4.143253E+01	5.568179E+03
12.76	-1.199321E+06	6.564896E+02	4.130837E+01	5.568179E+03
12.765	-1.199319E+06	6.218751E+02	4.265831E+01	5.568179E+03
12.77	-1.199321E+06	6.503720E+02	4.221135E+01	5.568179E+03
12.775	-1.199321E+06	6.322879E+02	4.225408E+01	5.568179E+03
12.78	-1.199319E+06	6.190638E+02	4.354193E+01	5.568179E+03
12.785	-1.199322E+06	7.042453E+02	4.349891E+01	5.568179E+03
12.79	-1.199319E+06	6.422555E+02	4.474877E+01	5.568179E+03
12.795	-1.199320E+06	6.192125E+02	4.554309E+01	5.568179E+03
12.8	-1.199321E+06	6.531403E+02	4.553661E+01	5.568179E+03
12.805	-1.199320E+06	6.522058E+02	4.626434E+01	5.568179E+03
12.81	-1.199320E+06	6.456498E+02	4.730981E+01	5.568179E+03
12.815	-1.199321E+06	6.700436E+02	4.772748E+01	5.568179E+03
12.82	-1.199321E+06	6.777632E+02	4.781418E+01	5.568179E+03
12.825	-1.199319E+06	6.449573E+02	4.822490E+01	5.568179E+03
12.83	-1.199321E+06	6.761580E+02	4.780633E+01	5.568179E+03
12.835	-1.199320E+06	6.740983E+02	4.816516E+01	5.568179E+03
12.84	-1.199319E+06	6.676959E+02	4.850146E+01	5.568179E+03
12.845	-1.199321E+06	7.155040E+02	4.602392E+01	5.568179E+03
12.85	-1.199320E+06	6.839488E+02	4.352287E+01	5.568179E+03
12.855	-1.199319E+06	6.408567E+02	4.190067E+01	5.568179E+03
12.86	-1.199321E+06	6.676858E+02	4.032422E+01	5.568179E+03
12.865	-1.199319E+06	6.301281E+02	4.133223E+01	5.568179E+03
12.87	-1.199320E+06	6.548680E+02	4.343989E+01	5.568179E+03
12.875	-1.199321E+06	7.002921E+02	4.566275E+01	5.568179E+03
12.88	-1.199320E+06	6.602983E+02	4.924431E+01	5.568179E+03
12.885	-1.199320E+06	6.744655E+02	5.165364E+01	5.568179E+03
12.89	-1.199322E+06	7.214748E+02	5.178197E+01	5.568179E+03
12.895	-1.199319E+06	6.571837E+02	5.190464E+01	5.568179E+03
12.9	-1.199320E+06	6.511874E+02	4.996895E+01	5.568179E+03
12.905	-1.199320E+06	6.504824E+02	4.727877E+01	5.568179E+03
12.91	-1.199319E+06	6.349008E+02	4.565146E+01	5.568179E+03
12.915	-1.199320E+06	6.607831E+02	4.333832E+01	5.568179E+03
12.92	-1.199320E+06	6.627911E+02	4.167001E+01	5.568179E+03
12.925	-1.199320E+06	6.698863E+02	4.115599E+01	5.568179E+03
12.93	-1.199320E+06	6.760552E+02	3.982490E+01	5.568179E+03
12.935	-1.199320E+06	6.755333E+02	3.886726E+01	5.568179E+03
12.94	-1.199320E+06	6.520548E+02	4.006848E+01	5.568179E+03
12.945	-1.199319E+06	6.613107E+02	4.083336E+01	5.568179E+03
12.95	-1.199321E+06	7.043304E+02	4.114418E+01	5.568179E+03
12.955	-1.199318E+06	6.453188E+02	4.333502E+01	5.568179E+03
12.96	-1.199321E+06	6.813421E+02	4.335499E+01	5.568179E+03
12.965	-1.199321E+06	6.648595E+02	4.359219E+01	5.568179E+03
12.97	-1.199318E+06	5.911677E+02	4.505110E+01	5.568179E+03
12.975	-1.199320E+06	6.441563E+02	4.505729E+01	5.568179E+03
12.98	-1.199321E+06	6.811857E+02	4.507705E+01	5.568179E+03
12.985	-1.199319E+06	6.627768E+02	4.409783E+01	5.568179E+03
12.99	-1.199321E+06	6.952563E+02	4.151763E+01	5.568179E+03
12.995	-1.199320E+06	6.700836E+02	4.103440E+01	5.568179E+03
13.0	-1.199319E+06	6.538426E+02	4.146095E+01	5.568179E+03
13.005	-1.199320E+06	6.797888E+02	4.139058E+01	5.568179E+03
13.01	-1.199320E+06	6.741507E+02	4.198985E+01	5.568179E+03
13.015	-1.199320E+06	6.687155E+02	4.296086E+01	5.568179E+03
13.02	-1.199320E+06	6.963352E+02	4.399144E+01	5.568179E+03
13.025	-1.199321E+06	7.005696E+02	4.586696E+01	5.568179E+03
13.03	-1.199319E+06	6.593321E+02	4.733226E+01	5.568179E+03
13.035	-1.199320E+06	6.641463E+02	4.725253E+01	5.568179E+03
13.04	-1.199321E+06	6.897164E+02	4.801982E+01	5.568179E+03
13.045	-1.199319E+06	6.792370E+02	4.938414E+01	5.568179E+03
13.05	-1.199321E+06	7.110903E+02	4.903450E+01	5.568179E+03
13.055	-1.199319E+06	6.728220E+02	4.942771E+01	5.568179E+03
13.06	-1.199320E+06	6.909775E+02	4.882368E+01	5.568179E+03
13.065	-1.199321E+06	7.120503E+02	4.683296E+01	5.568179E+03
13.07	-1.199319E+06	6.529544E+02	4.657213E+01	5.568179E+03
13.075	-1.199320E+06	6.794904E+02	4.659994E+01	5.568179E+03
13.08	-1.199321E+06	7.051384E+02	4.663673E+01	5.568179E+03
13.085	-1.199319E+06	6.682048E+02	4.743554E+01	5.568179E+03
13.09	-1.199320E+06	6.973828E+02	4.699014E+01	5.568179E+03
13.095	-1.199321E+06	7.212150E+02	4.651254E+01	5.568179E+03
13.1	-1.199320E+06	6.913797E+02	4.678147E+01	5.568179E+03
13.105	-1.199320E+06	6.605417E+02	4.660042E+01	5.568179E+03
13.11	-1.199320E+06	6.677183E+02	4.685430E+01	5.568179E+03
13.115	-1.199320E+06	6.508420E+02	4.763827E+01	5.568179E+03
13.12	-1.199319E+06	6.175165E+02	4.825768E+01	5.568179E+03
13.125	-1.199321E+06	6.732911E+02	4.863820E+01	5.568179E+03
13.13	-1.199320E+06	6.707575E+02	4.880634E+01	5.568179E+03
13.135	-1.199319E+06	6.400851E+02	4.817238E+01	5.568179E+03
13.14	-1.199321E+06	6.737368E+02	4.705498E+01	5.568179E+03
13.145	-1.199320E+06	6.628376E+02	4.618448E+01	5.568179E+03
13.15	-1.199320E+06	6.561473E+02	4.512648E+01	5.568179E+03
13.155	-1.199320E+06	6.539597E+02	4.388285E+01	5.568179E+03
13.16	-1.199320E+06	6.429744E+02	4.342408E+01	5.568179E+03
13.165	-1.199320E+06	6.638321E+02	4.419881E+01	5.568179E+03
13.17	-1.199320E+06	6.762872E+02	4.567981E+01	5.568179E+03
13.175	-1.199320E+06	6.661394E+02	4.729642E+01	5.568179E+03
13.18	-1.199320E+06	6.450778E+02	4.855326E+01	5.568179E+03
13.185	-1.199320E+06	6.430106E+02	5.014249E+01	5.568179E+03
13.19	-1.199320E+06	6.594086E+02	5.218412E+01	5.568179E+03
13.195	-1.199320E+06	6.835865E+02	5.199478E+01	5.568179E+03
13.2	-1.199320E+06	6.775453E+02	5.070917E+01	5.568179E+03
13.205	-1.199320E+06	6.543963E+02	5.018264E+01	5.568179E+03
13.21	-1.199321E+06	6.589995E+02	4.923642E+01	5.568179E+03
13.215	-1.199320E+06	6.436188E+02	4.891602E+01	5.568179E+03
13.22	-1.199320E+06	6.820758E+02	4.840655E+01	5.568179E+03
13.225	-1.199321E+06	7.341998E+02	4.725770E+01	5.568179E+03
13.23	-1.199321E+06	7.091113E+02	4.660646E+01	5.568179E+03
13.235	-1.199320E+06	6.579813E+02	4.577444E+01	5.568179E+03
13.24	-1.199321E+06	6.493835E+02	4.530926E+01	5.568179E+03
13.245	-1.199321E+06	6.259756E+02	4.662596E+01	5.568179E+03
13.25	-1.199319E+06	6.166401E+02	4.781926E+01	5.568179E+03
13.255	-1.199322E+06	6.875005E+02	4.763582E+01	5.568179E+03
13.26	-1.199320E+06	6.515069E+02	4.761163E+01	5.568179E+03
13.265	-1.199320E+06	6.263689E+02	4.770126E+01	5.568179E+03
13.27	-1.199321E+06	6.454240E+02	4.897327E+01	5.568179E+03
13.275	-1.199320E+06	6.444854E+02	5.007615E+01	5.568179E+03
13.28	-1.199321E+06	6.530727E+02	4.908306E+01	5.568179E+03
13.285	-1.199320E+06	6.203279E+02	4.768786E+01	5.568179E+03
13.29	-1.199321E+06	6.451519E+02	4.667542E+01	5.568179E+03
13.295	-1.199321E+06	6.258090E+02	4.777894E+01	5.568179E+03
13.3	-1.199320E+06	6.225112E+02	4.928741E+01	5.568179E+03
13.305	-1.199322E+06	6.718188E+02	4.934097E+01	5.568179E+03
13.31	-1.199320E+06	6.547814E+02	4.927884E+01	5.568179E+03
13.315	-1.199321E+06	6.655152E+02	4.907144E+01	5.568179E+03
13.32	-1.199321E+06	6.641138E+02	4.979986E+01	5.568179E+03
13.325	-1.199321E+06	6.426027E+02	5.191708E+01	5.568179E+03
13.33	-1.199321E+06	6.374120E+02	5.391703E+01	5.568179E+03
