#t	totalEnergy 	temperature  	pressure 	volume 		PtensXX 	PtensXY 	PtensXZ 	PtensYX 	PtensYY 	PtensYZ 	PtensZX 	PtensZY 	PtensZZ
0.0	-1.199313E+06	2.999936E+02	1.653835E+01	5.568179E+03
0.005	-1.199323E+06	5.372927E+02	2.231898E+01	5.568179E+03
0.01	-1.199320E+06	6.624014E+02	3.659500E+01	5.568179E+03
0.015	-1.199320E+06	7.479782E+02	4.828810E+01	5.568179E+03
0.02	-1.199322E+06	8.017319E+02	5.777681E+01	5.568179E+03
0.025	-1.199318E+06	6.915536E+02	6.413283E+01	5.568179E+03
0.03	-1.199319E+06	6.908510E+02	6.795143E+01	5.568179E+03
0.035	-1.199320E+06	7.153294E+02	6.894425E+01	5.568179E+03
0.04	-1.199319E+06	6.748962E+02	6.658137E+01	5.568179E+03
0.045	-1.199319E+06	6.736292E+02	6.188416E+01	5.568179E+03
0.05	-1.199320E+06	7.005638E+02	5.428032E+01	5.568179E+03
0.055	-1.199319E+06	6.791743E+02	4.787230E+01	5.568179E+03
0.06	-1.199320E+06	6.682844E+02	4.403617E+01	5.568179E+03
0.065	-1.199321E+06	6.693570E+02	4.218474E+01	5.568179E+03
0.07	-1.199319E+06	6.340603E+02	4.306754E+01	5.568179E+03
0.075	-1.199321E+06	6.993482E+02	4.376243E+01	5.568179E+03
0.08	-1.199321E+06	7.082797E+02	4.607588E+01	5.568179E+03
0.085	-1.199318E+06	6.776360E+02	5.028593E+01	5.568179E+03
0.09	-1.199322E+06	7.861586E+02	5.340984E+01	5.568179E+03
0.095	-1.199320E+06	7.301869E+02	5.705765E+01	5.568179E+03
0.1	-1.199320E+06	6.967682E+02	5.835460E+01	5.568179E+03
0.105	-1.199321E+06	6.851550E+02	5.779073E+01	5.568179E+03
0.11	-1.199317E+06	5.941263E+02	5.737168E+01	5.568179E+03
0.115	-1.199321E+06	6.746130E+02	5.565947E+01	5.568179E+03
0.12	-1.199320E+06	6.752134E+02	5.530774E+01	5.568179E+03
0.125	-1.199319E+06	6.662992E+02	5.342463E+01	5.568179E+03
0.13	-1.199321E+06	6.878381E+02	4.918630E+01	5.568179E+03
0.135	-1.199319E+06	6.072548E+02	4.498504E+01	5.568179E+03
0.14	-1.199319E+06	5.926313E+02	4.185458E+01	5.568179E+03
0.145	-1.199322E+06	6.721463E+02	4.231643E+01	5.568179E+03
0.15	-1.199319E+06	6.417267E+02	4.415156E+01	5.568179E+03
0.155	-1.199319E+06	6.444331E+02	4.469792E+01	5.568179E+03
0.16	-1.199321E+06	7.144923E+02	4.423390E+01	5.568179E+03
0.165	-1.199320E+06	6.752751E+02	4.387261E+01	5.568179E+03
0.17	-1.199319E+06	6.731790E+02	4.710034E+01	5.568179E+03
0.175	-1.199322E+06	7.211757E+02	5.033280E+01	5.568179E+03
0.18	-1.199318E+06	6.419982E+02	5.200149E+01	5.568179E+03
0.185	-1.199321E+06	6.593644E+02	5.252954E+01	5.568179E+03
0.19	-1.199320E+06	6.357239E+02	5.053714E+01	5.568179E+03
0.195	-1.199319E+06	6.146240E+02	4.980341E+01	5.568179E+03
0.2	-1.199321E+06	6.471179E+02	4.992467E+01	5.568179E+03
0.205	-1.199319E+06	6.487182E+02	4.819908E+01	5.568179E+03
0.21	-1.199321E+06	7.308540E+02	4.587089E+01	5.568179E+03
0.215	-1.199321E+06	7.127430E+02	4.187550E+01	5.568179E+03
0.22	-1.199319E+06	6.480267E+02	3.974788E+01	5.568179E+03
0.225	-1.199320E+06	6.555599E+02	4.240953E+01	5.568179E+03
0.23	-1.199321E+06	6.597343E+02	4.521946E+01	5.568179E+03
0.235	-1.199319E+06	6.314312E+02	4.762884E+01	5.568179E+03
0.24	-1.199321E+06	6.695953E+02	4.897715E+01	5.568179E+03
0.245	-1.199321E+06	6.721069E+02	4.997227E+01	5.568179E+03
0.25	-1.199319E+06	6.223898E+02	5.218028E+01	5.568179E+03
0.255	-1.199320E+06	6.367751E+02	5.382912E+01	5.568179E+03
0.26	-1.199320E+06	6.260921E+02	5.467639E+01	5.568179E+03
0.265	-1.199319E+06	6.270720E+02	5.403597E+01	5.568179E+03
0.27	-1.199321E+06	6.765034E+02	5.126258E+01	5.568179E+03
0.275	-1.199319E+06	6.458827E+02	4.847056E+01	5.568179E+03
0.28	-1.199321E+06	6.653612E+02	4.628498E+01	5.568179E+03
0.285	-1.199320E+06	6.388656E+02	4.540536E+01	5.568179E+03
0.29	-1.199320E+06	6.369769E+02	4.341769E+01	5.568179E+03
0.295	-1.199321E+06	6.347140E+02	4.153146E+01	5.568179E+03
0.3	-1.199320E+06	6.040604E+02	4.117064E+01	5.568179E+03
0.305	-1.199320E+06	6.328330E+02	4.188152E+01	5.568179E+03
0.31	-1.199321E+06	6.664999E+02	4.549605E+01	5.568179E+03
0.315	-1.199320E+06	6.566178E+02	5.042216E+01	5.568179E+03
0.32	-1.199320E+06	6.454733E+02	5.429356E+01	5.568179E+03
0.325	-1.199321E+06	6.413765E+02	5.709411E+01	5.568179E+03
0.33	-1.199320E+06	6.195657E+02	5.699884E+01	5.568179E+03
0.335	-1.199320E+06	6.387198E+02	5.660448E+01	5.568179E+03
0.34	-1.199321E+06	6.593288E+02	5.720907E+01	5.568179E+03
0.345	-1.199320E+06	6.439182E+02	5.484364E+01	5.568179E+03
0.35	-1.199321E+06	6.478235E+02	5.124045E+01	5.568179E+03
0.355	-1.199320E+06	6.080953E+02	4.664455E+01	5.568179E+03
0.36	-1.199320E+06	6.038464E+02	4.199259E+01	5.568179E+03
0.365	-1.199322E+06	6.308163E+02	4.160720E+01	5.568179E+03
0.37	-1.199320E+06	5.971002E+02	4.246722E+01	5.568179E+03
0.375	-1.199322E+06	6.404200E+02	4.192523E+01	5.568179E+03
0.38	-1.199321E+06	6.406093E+02	4.042549E+01	5.568179E+03
0.385	-1.199320E+06	5.973876E+02	3.929493E+01	5.568179E+03
0.39	-1.199321E+06	6.108685E+02	4.230016E+01	5.568179E+03
0.395	-1.199322E+06	6.230241E+02	4.654100E+01	5.568179E+03
0.4	-1.199320E+06	5.923341E+02	4.976465E+01	5.568179E+03
0.405	-1.199322E+06	6.316351E+02	5.094225E+01	5.568179E+03
0.41	-1.199320E+06	6.010922E+02	5.172146E+01	5.568179E+03
0.415	-1.199321E+06	6.066033E+02	5.383813E+01	5.568179E+03
0.42	-1.199322E+06	6.425768E+02	5.595401E+01	5.568179E+03
0.425	-1.199321E+06	6.071423E+02	5.692619E+01	5.568179E+03
0.43	-1.199321E+06	6.158417E+02	5.542916E+01	5.568179E+03
0.435	-1.199323E+06	6.569590E+02	5.170616E+01	5.568179E+03
0.44	-1.199320E+06	6.101875E+02	4.912090E+01	5.568179E+03
0.445	-1.199322E+06	6.378228E+02	4.617774E+01	5.568179E+03
0.45	-1.199323E+06	6.280254E+02	4.351860E+01	5.568179E+03
0.455	-1.199319E+06	5.258551E+02	4.191739E+01	5.568179E+03
0.46	-1.199322E+06	5.894394E+02	3.912897E+01	5.568179E+03
0.465	-1.199322E+06	5.960733E+02	3.840301E+01	5.568179E+03
0.47	-1.199320E+06	5.510093E+02	4.030419E+01	5.568179E+03
0.475	-1.199323E+06	6.363994E+02	4.383859E+01	5.568179E+03
0.48	-1.199322E+06	6.460175E+02	4.941913E+01	5.568179E+03
0.485	-1.199321E+06	5.939486E+02	5.353722E+01	5.568179E+03
0.49	-1.199323E+06	5.889673E+02	5.441757E+01	5.568179E+03
0.495	-1.199321E+06	5.323966E+02	5.415882E+01	5.568179E+03
0.5	-1.199321E+06	5.552598E+02	5.297622E+01	5.568179E+03
0.505	-1.199323E+06	6.220748E+02	5.104292E+01	5.568179E+03
0.51	-1.199321E+06	5.829884E+02	4.848305E+01	5.568179E+03
0.515	-1.199322E+06	5.822442E+02	4.408468E+01	5.568179E+03
0.52	-1.199322E+06	5.677564E+02	3.990516E+01	5.568179E+03
0.525	-1.199321E+06	5.261938E+02	3.885033E+01	5.568179E+03
0.53	-1.199322E+06	5.603922E+02	3.999137E+01	5.568179E+03
0.535	-1.199322E+06	5.692626E+02	4.162461E+01	5.568179E+03
0.54	-1.199321E+06	5.544240E+02	4.296634E+01	5.568179E+03
0.545	-1.199323E+06	5.933823E+02	4.326952E+01	5.568179E+03
0.55	-1.199322E+06	5.828071E+02	4.451614E+01	5.568179E+03
0.555	-1.199322E+06	5.506548E+02	4.728304E+01	5.568179E+03
0.56	-1.199322E+06	5.389076E+02	4.931245E+01	5.568179E+03
0.565	-1.199322E+06	5.397958E+02	5.050529E+01	5.568179E+03
0.57	-1.199322E+06	5.413420E+02	5.067273E+01	5.568179E+03
0.575	-1.199322E+06	5.524236E+02	4.879026E+01	5.568179E+03
0.58	-1.199322E+06	5.592459E+02	4.782468E+01	5.568179E+03
0.585	-1.199322E+06	5.699399E+02	4.787358E+01	5.568179E+03
0.59	-1.199323E+06	5.793575E+02	4.662249E+01	5.568179E+03
0.595	-1.199322E+06	5.577025E+02	4.464031E+01	5.568179E+03
0.6	-1.199323E+06	5.603371E+02	4.223580E+01	5.568179E+03
0.605	-1.199323E+06	5.657885E+02	4.092570E+01	5.568179E+03
0.61	-1.199323E+06	5.557381E+02	4.182439E+01	5.568179E+03
0.615	-1.199322E+06	5.373481E+02	4.385386E+01	5.568179E+03
0.62	-1.199323E+06	5.531799E+02	4.532080E+01	5.568179E+03
0.625	-1.199323E+06	5.345470E+02	4.611154E+01	5.568179E+03
0.63	-1.199322E+06	5.016936E+02	4.609598E+01	5.568179E+03
0.635	-1.199322E+06	5.290974E+02	4.620043E+01	5.568179E+03
0.64	-1.199324E+06	5.652037E+02	4.719877E+01	5.568179E+03
0.645	-1.199322E+06	5.390533E+02	4.757527E+01	5.568179E+03
0.65	-1.199323E+06	5.386454E+02	4.612218E+01	5.568179E+03
0.655	-1.199323E+06	5.354637E+02	4.415897E+01	5.568179E+03
0.66	-1.199322E+06	5.104492E+02	4.236663E+01	5.568179E+03
0.665	-1.199323E+06	5.245329E+02	4.219824E+01	5.568179E+03
0.67	-1.199323E+06	5.428751E+02	4.373557E+01	5.568179E+03
0.675	-1.199323E+06	5.327932E+02	4.404973E+01	5.568179E+03
0.68	-1.199323E+06	5.182009E+02	4.301063E+01	5.568179E+03
0.685	-1.199323E+06	5.059745E+02	4.170568E+01	5.568179E+03
0.69	-1.199323E+06	4.941293E+02	4.127033E+01	5.568179E+03
0.695	-1.199324E+06	5.132016E+02	4.248693E+01	5.568179E+03
0.7	-1.199323E+06	4.951298E+02	4.397821E+01	5.568179E+03
0.705	-1.199323E+06	4.928652E+02	4.455384E+01	5.568179E+03
0.71	-1.199324E+06	5.080931E+02	4.470536E+01	5.568179E+03
0.715	-1.199322E+06	4.698292E+02	4.488634E+01	5.568179E+03
0.72	-1.199324E+06	5.113464E+02	4.555753E+01	5.568179E+03
0.725	-1.199324E+06	5.341026E+02	4.732214E+01	5.568179E+03
0.73	-1.199323E+06	5.109435E+02	4.782694E+01	5.568179E+03
0.735	-1.199324E+06	4.984411E+02	4.646827E+01	5.568179E+03
0.74	-1.199323E+06	4.632257E+02	4.511941E+01	5.568179E+03
0.745	-1.199324E+06	4.981848E+02	4.404679E+01	5.568179E+03
0.75	-1.199324E+06	4.951701E+02	4.436704E+01	5.568179E+03
0.755	-1.199323E+06	4.692378E+02	4.500741E+01	5.568179E+03
0.76	-1.199324E+06	4.834839E+02	4.495204E+01	5.568179E+03
0.765	-1.199324E+06	4.783531E+02	4.517673E+01	5.568179E+03
0.77	-1.199323E+06	4.761380E+02	4.614837E+01	5.568179E+03
0.775	-1.199324E+06	5.243332E+02	4.812689E+01	5.568179E+03
0.78	-1.199325E+06	5.327367E+02	5.087923E+01	5.568179E+03
0.785	-1.199323E+06	4.840957E+02	5.245303E+01	5.568179E+03
0.79	-1.199324E+06	4.845879E+02	5.218996E+01	5.568179E+03
0.795	-1.199324E+06	4.852644E+02	5.095667E+01	5.568179E+03
0.8	-1.199323E+06	4.526827E+02	4.908684E+01	5.568179E+03
0.805	-1.199325E+06	4.814516E+02	4.775292E+01	5.568179E+03
0.81	-1.199324E+06	4.689282E+02	4.767942E+01	5.568179E+03
0.815	-1.199324E+06	4.579482E+02	4.650473E+01	5.568179E+03
0.82	-1.199325E+06	4.689708E+02	4.499031E+01	5.568179E+03
0.825	-1.199323E+06	4.382333E+02	4.439405E+01	5.568179E+03
0.83	-1.199324E+06	4.639608E+02	4.446721E+01	5.568179E+03
0.835	-1.199325E+06	4.740732E+02	4.619521E+01	5.568179E+03
0.84	-1.199324E+06	4.564803E+02	4.732701E+01	5.568179E+03
0.845	-1.199325E+06	4.605989E+02	4.730055E+01	5.568179E+03
0.85	-1.199324E+06	4.373592E+02	4.715543E+01	5.568179E+03
0.855	-1.199324E+06	4.205689E+02	4.717516E+01	5.568179E+03
0.86	-1.199325E+06	4.374737E+02	4.858898E+01	5.568179E+03
0.865	-1.199324E+06	4.200834E+02	5.046227E+01	5.568179E+03
0.87	-1.199324E+06	4.279526E+02	5.156948E+01	5.568179E+03
0.875	-1.199325E+06	4.531869E+02	5.158976E+01	5.568179E+03
0.88	-1.199324E+06	4.333985E+02	5.070196E+01	5.568179E+03
0.885	-1.199325E+06	4.539004E+02	5.027213E+01	5.568179E+03
0.89	-1.199325E+06	4.617208E+02	5.016737E+01	5.568179E+03
0.895	-1.199324E+06	4.278216E+02	4.928932E+01	5.568179E+03
0.9	-1.199325E+06	4.316261E+02	4.739133E+01	5.568179E+03
0.905	-1.199325E+06	4.533831E+02	4.482420E+01	5.568179E+03
0.91	-1.199325E+06	4.430323E+02	4.341796E+01	5.568179E+03
0.915	-1.199325E+06	4.473790E+02	4.345828E+01	5.568179E+03
0.92	-1.199325E+06	4.286048E+02	4.466741E+01	5.568179E+03
0.925	-1.199325E+06	4.182536E+02	4.642199E+01	5.568179E+03
0.93	-1.199326E+06	4.320500E+02	4.759761E+01	5.568179E+03
0.935	-1.199325E+06	4.106219E+02	4.869657E+01	5.568179E+03
0.94	-1.199325E+06	4.224778E+02	5.002994E+01	5.568179E+03
0.945	-1.199326E+06	4.426941E+02	5.168081E+01	5.568179E+03
0.95	-1.199324E+06	4.035829E+02	5.305504E+01	5.568179E+03
0.955	-1.199325E+06	4.188153E+02	5.256694E+01	5.568179E+03
0.96	-1.199326E+06	4.193766E+02	5.129045E+01	5.568179E+03
0.965	-1.199324E+06	3.821759E+02	5.004099E+01	5.568179E+03
0.97	-1.199326E+06	4.207457E+02	4.893935E+01	5.568179E+03
0.975	-1.199326E+06	4.179675E+02	4.848142E+01	5.568179E+03
0.98	-1.199324E+06	3.764183E+02	4.713713E+01	5.568179E+03
0.985	-1.199326E+06	3.964586E+02	4.518537E+01	5.568179E+03
0.99	-1.199325E+06	3.951676E+02	4.405756E+01	5.568179E+03
0.995	-1.199326E+06	4.052895E+02	4.394765E+01	5.568179E+03
1.0	-1.199326E+06	4.088382E+02	4.548382E+01	5.568179E+03
1.005	-1.199325E+06	4.042137E+02	4.668881E+01	5.568179E+03
1.01	-1.199326E+06	4.110041E+02	4.666239E+01	5.568179E+03
1.015	-1.199325E+06	3.883443E+02	4.644401E+01	5.568179E+03
1.02	-1.199325E+06	3.817519E+02	4.649545E+01	5.568179E+03
1.025	-1.199326E+06	4.046019E+02	4.780980E+01	5.568179E+03
1.03	-1.199326E+06	3.954303E+02	4.918822E+01	5.568179E+03
1.035	-1.199325E+06	3.622560E+02	4.976158E+01	5.568179E+03
1.04	-1.199326E+06	3.847365E+02	4.926206E+01	5.568179E+03
1.045	-1.199326E+06	3.919346E+02	4.850038E+01	5.568179E+03
1.05	-1.199326E+06	3.758373E+02	4.928846E+01	5.568179E+03
1.055	-1.199326E+06	3.803928E+02	5.002974E+01	5.568179E+03
1.06	-1.199326E+06	3.743160E+02	4.998599E+01	5.568179E+03
1.065	-1.199326E+06	3.794367E+02	4.965572E+01	5.568179E+03
1.07	-1.199326E+06	3.932927E+02	4.826780E+01	5.568179E+03
1.075	-1.199326E+06	3.894362E+02	4.799946E+01	5.568179E+03
1.08	-1.199326E+06	3.880973E+02	4.919555E+01	5.568179E+03
1.085	-1.199326E+06	3.771581E+02	4.957808E+01	5.568179E+03
1.09	-1.199326E+06	3.422398E+02	4.945809E+01	5.568179E+03
1.095	-1.199326E+06	3.310225E+02	4.892784E+01	5.568179E+03
1.1	-1.199326E+06	3.502236E+02	4.887710E+01	5.568179E+03
1.105	-1.199326E+06	3.588955E+02	5.022587E+01	5.568179E+03
1.11	-1.199326E+06	3.632468E+02	5.105939E+01	5.568179E+03
1.115	-1.199326E+06	3.555760E+02	5.134172E+01	5.568179E+03
1.12	-1.199326E+06	3.630545E+02	5.119541E+01	5.568179E+03
1.125	-1.199327E+06	3.731874E+02	5.036054E+01	5.568179E+03
1.13	-1.199326E+06	3.550144E+02	5.017765E+01	5.568179E+03
1.135	-1.199327E+06	3.546856E+02	5.055052E+01	5.568179E+03
1.14	-1.199327E+06	3.530133E+02	5.124363E+01	5.568179E+03
1.145	-1.199327E+06	3.432120E+02	5.227437E+01	5.568179E+03
1.15	-1.199326E+06	3.454951E+02	5.282637E+01	5.568179E+03
1.155	-1.199327E+06	3.646380E+02	5.285977E+01	5.568179E+03
1.16	-1.199327E+06	3.748691E+02	5.325020E+01	5.568179E+03
1.165	-1.199327E+06	3.578425E+02	5.416595E+01	5.568179E+03
1.17	-1.199327E+06	3.383140E+02	5.484947E+01	5.568179E+03
1.175	-1.199327E+06	3.426484E+02	5.435437E+01	5.568179E+03
1.18	-1.199327E+06	3.416386E+02	5.278468E+01	5.568179E+03
1.185	-1.199326E+06	3.211840E+02	5.160497E+01	5.568179E+03
1.19	-1.199327E+06	3.409896E+02	5.157802E+01	5.568179E+03
1.195	-1.199327E+06	3.466798E+02	5.199223E+01	5.568179E+03
1.2	-1.199327E+06	3.247702E+02	5.160837E+01	5.568179E+03
1.205	-1.199327E+06	3.217067E+02	5.043260E+01	5.568179E+03
1.21	-1.199327E+06	3.175778E+02	4.922877E+01	5.568179E+03
1.215	-1.199327E+06	3.227535E+02	4.926642E+01	5.568179E+03
1.22	-1.199327E+06	3.316329E+02	5.081080E+01	5.568179E+03
1.225	-1.199327E+06	3.238800E+02	5.212412E+01	5.568179E+03
1.23	-1.199328E+06	3.290226E+02	5.247844E+01	5.568179E+03
1.235	-1.199327E+06	3.172666E+02	5.246556E+01	5.568179E+03
1.24	-1.199327E+06	3.202951E+02	5.232592E+01	5.568179E+03
1.245	-1.199328E+06	3.213392E+02	5.302000E+01	5.568179E+03
1.25	-1.199327E+06	3.014972E+02	5.413405E+01	5.568179E+03
1.255	-1.199328E+06	3.241520E+02	5.406867E+01	5.568179E+03
1.26	-1.199327E+06	3.219998E+02	5.337420E+01	5.568179E+03
1.265	-1.199327E+06	3.159780E+02	5.276384E+01	5.568179E+03
1.27	-1.199328E+06	3.162008E+02	5.280653E+01	5.568179E+03
1.275	-1.199327E+06	3.044879E+02	5.313736E+01	5.568179E+03
1.28	-1.199327E+06	2.917061E+02	5.291826E+01	5.568179E+03
1.285	-1.199327E+06	2.816093E+02	5.223307E+01	5.568179E+03
1.29	-1.199328E+06	3.100305E+02	5.145011E+01	5.568179E+03
1.295	-1.199328E+06	3.077148E+02	5.134093E+01	5.568179E+03
1.3	-1.199327E+06	3.004912E+02	5.161699E+01	5.568179E+03
1.305	-1.199328E+06	3.028815E+02	5.200606E+01	5.568179E+03
1.31	-1.199327E+06	2.908890E+02	5.223769E+01	5.568179E+03
1.315	-1.199329E+06	3.130338E+02	5.203795E+01	5.568179E+03
1.32	-1.199327E+06	2.870140E+02	5.248677E+01	5.568179E+03
1.325	-1.199328E+06	2.870946E+02	5.313423E+01	5.568179E+03
1.33	-1.199328E+06	2.953480E+02	5.413043E+01	5.568179E+03
1.335	-1.199327E+06	2.737351E+02	5.498430E+01	5.568179E+03
1.34	-1.199328E+06	2.903255E+02	5.500703E+01	5.568179E+03
1.345	-1.199328E+06	2.764536E+02	5.517715E+01	5.568179E+03
1.35	-1.199328E+06	2.785283E+02	5.507683E+01	5.568179E+03
1.355	-1.199329E+06	2.935644E+02	5.535981E+01	5.568179E+03
1.36	-1.199328E+06	2.765809E+02	5.614244E+01	5.568179E+03
1.365	-1.199328E+06	2.989475E+02	5.597025E+01	5.568179E+03
1.37	-1.199328E+06	3.095459E+02	5.519536E+01	5.568179E+03
1.375	-1.199328E+06	2.905446E+02	5.413031E+01	5.568179E+03
1.38	-1.199328E+06	2.884050E+02	5.364482E+01	5.568179E+03
1.385	-1.199328E+06	2.966356E+02	5.412873E+01	5.568179E+03
1.39	-1.199328E+06	2.841456E+02	5.441374E+01	5.568179E+03
1.395	-1.199328E+06	2.584790E+02	5.400901E+01	5.568179E+03
1.4	-1.199328E+06	2.680310E+02	5.307082E+01	5.568179E+03
1.405	-1.199328E+06	2.686396E+02	5.273025E+01	5.568179E+03
1.41	-1.199328E+06	2.666212E+02	5.341944E+01	5.568179E+03
1.415	-1.199329E+06	2.731273E+02	5.427247E+01	5.568179E+03
1.42	-1.199328E+06	2.684972E+02	5.455971E+01	5.568179E+03
1.425	-1.199329E+06	2.720363E+02	5.393447E+01	5.568179E+03
1.43	-1.199328E+06	2.563308E+02	5.353889E+01	5.568179E+03
1.435	-1.199328E+06	2.554438E+02	5.400838E+01	5.568179E+03
1.44	-1.199329E+06	2.617097E+02	5.472779E+01	5.568179E+03
1.445	-1.199328E+06	2.484934E+02	5.499298E+01	5.568179E+03
1.45	-1.199329E+06	2.659347E+02	5.432827E+01	5.568179E+03
1.455	-1.199328E+06	2.585894E+02	5.352183E+01	5.568179E+03
1.46	-1.199328E+06	2.573638E+02	5.283019E+01	5.568179E+03
1.465	-1.199329E+06	2.707720E+02	5.276273E+01	5.568179E+03
1.47	-1.199328E+06	2.526558E+02	5.301607E+01	5.568179E+03
1.475	-1.199329E+06	2.541364E+02	5.217440E+01	5.568179E+03
1.48	-1.199329E+06	2.600041E+02	5.113488E+01	5.568179E+03
1.485	-1.199328E+06	2.384482E+02	5.071459E+01	5.568179E+03
1.49	-1.199329E+06	2.533366E+02	5.075245E+01	5.568179E+03
1.495	-1.199329E+06	2.555735E+02	5.221405E+01	5.568179E+03
1.5	-1.199329E+06	2.488066E+02	5.352341E+01	5.568179E+03
1.505	-1.199329E+06	2.518047E+02	5.369204E+01	5.568179E+03
1.51	-1.199329E+06	2.424875E+02	5.402195E+01	5.568179E+03
1.515	-1.199329E+06	2.497991E+02	5.452703E+01	5.568179E+03
1.52	-1.199329E+06	2.596204E+02	5.498099E+01	5.568179E+03
1.525	-1.199329E+06	2.422515E+02	5.520659E+01	5.568179E+03
1.53	-1.199329E+06	2.348311E+02	5.465936E+01	5.568179E+03
1.535	-1.199329E+06	2.475604E+02	5.345754E+01	5.568179E+03
1.54	-1.199329E+06	2.450381E+02	5.225354E+01	5.568179E+03
1.545	-1.199329E+06	2.318221E+02	5.147486E+01	5.568179E+03
1.55	-1.199329E+06	2.403236E+02	5.104330E+01	5.568179E+03
1.555	-1.199329E+06	2.333022E+02	5.111243E+01	5.568179E+03
1.56	-1.199329E+06	2.338927E+02	5.112382E+01	5.568179E+03
1.565	-1.199330E+06	2.432869E+02	5.129171E+01	5.568179E+03
1.57	-1.199329E+06	2.300468E+02	5.250373E+01	5.568179E+03
1.575	-1.199330E+06	2.391854E+02	5.400233E+01	5.568179E+03
1.58	-1.199329E+06	2.360855E+02	5.548984E+01	5.568179E+03
1.585	-1.199329E+06	2.302983E+02	5.639178E+01	5.568179E+03
1.59	-1.199330E+06	2.305280E+02	5.624700E+01	5.568179E+03
1.595	-1.199329E+06	2.182510E+02	5.571748E+01	5.568179E+03
1.6	-1.199329E+06	2.204491E+02	5.513603E+01	5.568179E+03
1.605	-1.199330E+06	2.239613E+02	5.463768E+01	5.568179E+03
1.61	-1.199329E+06	2.179478E+02	5.418433E+01	5.568179E+03
1.615	-1.199329E+06	2.236024E+02	5.323521E+01	5.568179E+03
1.62	-1.199330E+06	2.346021E+02	5.208543E+01	5.568179E+03
1.625	-1.199329E+06	2.242352E+02	5.177406E+01	5.568179E+03
1.63	-1.199330E+06	2.319885E+02	5.215481E+01	5.568179E+03
1.635	-1.199330E+06	2.287256E+02	5.309571E+01	5.568179E+03
1.64	-1.199330E+06	2.126752E+02	5.406227E+01	5.568179E+03
1.645	-1.199330E+06	2.176340E+02	5.453755E+01	5.568179E+03
1.65	-1.199330E+06	2.145423E+02	5.497254E+01	5.568179E+03
1.655	-1.199330E+06	2.141152E+02	5.547047E+01	5.568179E+03
1.66	-1.199330E+06	2.080601E+02	5.607485E+01	5.568179E+03
1.665	-1.199330E+06	2.086711E+02	5.645262E+01	5.568179E+03
1.67	-1.199330E+06	2.190983E+02	5.599798E+01	5.568179E+03
1.675	-1.199330E+06	2.131129E+02	5.477014E+01	5.568179E+03
1.68	-1.199330E+06	2.069972E+02	5.401311E+01	5.568179E+03
1.685	-1.199330E+06	2.103099E+02	5.424719E+01	5.568179E+03
1.69	-1.199330E+06	2.140326E+02	5.454186E+01	5.568179E+03
1.695	-1.199330E+06	1.983997E+02	5.460890E+01	5.568179E+03
1.7	-1.199330E+06	2.009308E+02	5.411739E+01	5.568179E+03
1.705	-1.199330E+06	2.144567E+02	5.385533E+01	5.568179E+03
1.71	-1.199330E+06	2.136640E+02	5.485577E+01	5.568179E+03
1.715	-1.199330E+06	2.166734E+02	5.618581E+01	5.568179E+03
1.72	-1.199330E+06	2.111728E+02	5.711755E+01	5.568179E+03
1.725	-1.199330E+06	2.139246E+02	5.721527E+01	5.568179E+03
1.73	-1.199330E+06	2.037625E+02	5.676820E+01	5.568179E+03
1.735	-1.199330E+06	1.959508E+02	5.673651E+01	5.568179E+03
1.74	-1.199330E+06	2.058863E+02	5.688139E+01	5.568179E+03
1.745	-1.199330E+06	1.974423E+02	5.660512E+01	5.568179E+03
1.75	-1.199330E+06	2.035338E+02	5.571657E+01	5.568179E+03
1.755	-1.199330E+06	2.010030E+02	5.445785E+01	5.568179E+03
1.76	-1.199330E+06	1.917610E+02	5.337919E+01	5.568179E+03
1.765	-1.199330E+06	1.907246E+02	5.309101E+01	5.568179E+03
1.77	-1.199330E+06	1.930026E+02	5.329084E+01	5.568179E+03
1.775	-1.199330E+06	2.027837E+02	5.332598E+01	5.568179E+03
1.78	-1.199330E+06	1.964940E+02	5.307126E+01	5.568179E+03
1.785	-1.199330E+06	1.956020E+02	5.261363E+01	5.568179E+03
1.79	-1.199330E+06	1.871995E+02	5.284237E+01	5.568179E+03
1.795	-1.199330E+06	1.922634E+02	5.384085E+01	5.568179E+03
1.8	-1.199330E+06	1.896123E+02	5.513312E+01	5.568179E+03
1.805	-1.199330E+06	1.792198E+02	5.598064E+01	5.568179E+03
1.81	-1.199330E+06	1.771686E+02	5.636462E+01	5.568179E+03
1.815	-1.199330E+06	1.727425E+02	5.674597E+01	5.568179E+03
1.82	-1.199331E+06	1.890129E+02	5.675849E+01	5.568179E+03
1.825	-1.199330E+06	1.805236E+02	5.638244E+01	5.568179E+03
1.83	-1.199330E+06	1.864449E+02	5.508178E+01	5.568179E+03
1.835	-1.199331E+06	1.989182E+02	5.299383E+01	5.568179E+03
1.84	-1.199330E+06	1.837223E+02	5.094007E+01	5.568179E+03
1.845	-1.199331E+06	1.864000E+02	4.958624E+01	5.568179E+03
1.85	-1.199330E+06	1.759094E+02	4.965072E+01	5.568179E+03
1.855	-1.199330E+06	1.722761E+02	5.042475E+01	5.568179E+03
1.86	-1.199331E+06	1.850169E+02	5.136182E+01	5.568179E+03
1.865	-1.199331E+06	1.908250E+02	5.253114E+01	5.568179E+03
1.87	-1.199331E+06	1.951472E+02	5.406664E+01	5.568179E+03
1.875	-1.199330E+06	1.870811E+02	5.627400E+01	5.568179E+03
1.88	-1.199331E+06	1.844496E+02	5.822818E+01	5.568179E+03
1.885	-1.199331E+06	1.824148E+02	5.906597E+01	5.568179E+03
1.89	-1.199331E+06	1.811971E+02	5.856683E+01	5.568179E+03
1.895	-1.199331E+06	1.795453E+02	5.708075E+01	5.568179E+03
1.9	-1.199330E+06	1.780033E+02	5.561824E+01	5.568179E+03
1.905	-1.199331E+06	1.826327E+02	5.419846E+01	5.568179E+03
1.91	-1.199330E+06	1.659558E+02	5.268117E+01	5.568179E+03
1.915	-1.199331E+06	1.647295E+02	5.105328E+01	5.568179E+03
1.92	-1.199331E+06	1.725314E+02	4.961965E+01	5.568179E+03
1.925	-1.199331E+06	1.723047E+02	4.924810E+01	5.568179E+03
1.93	-1.199331E+06	1.800251E+02	5.023212E+01	5.568179E+03
1.935	-1.199331E+06	1.771789E+02	5.168618E+01	5.568179E+03
1.94	-1.199331E+06	1.670847E+02	5.270095E+01	5.568179E+03
1.945	-1.199331E+06	1.685204E+02	5.319278E+01	5.568179E+03
1.95	-1.199331E+06	1.631172E+02	5.373091E+01	5.568179E+03
1.955	-1.199331E+06	1.639331E+02	5.442129E+01	5.568179E+03
1.96	-1.199331E+06	1.675274E+02	5.510094E+01	5.568179E+03
1.965	-1.199330E+06	1.575224E+02	5.543951E+01	5.568179E+03
1.97	-1.199331E+06	1.627009E+02	5.496367E+01	5.568179E+03
1.975	-1.199330E+06	1.606501E+02	5.422994E+01	5.568179E+03
1.98	-1.199331E+06	1.654966E+02	5.357014E+01	5.568179E+03
1.985	-1.199331E+06	1.744961E+02	5.307855E+01	5.568179E+03
1.99	-1.199331E+06	1.617020E+02	5.271073E+01	5.568179E+03
1.995	-1.199331E+06	1.600589E+02	5.200288E+01	5.568179E+03
2.0	-1.199331E+06	1.629865E+02	5.113825E+01	5.568179E+03
2.005	-1.199331E+06	1.621790E+02	5.061824E+01	5.568179E+03
2.01	-1.199331E+06	1.701433E+02	5.075578E+01	5.568179E+03
2.015	-1.199331E+06	1.704976E+02	5.157114E+01	5.568179E+03
2.02	-1.199331E+06	1.592855E+02	5.251028E+01	5.568179E+03
2.025	-1.199331E+06	1.575772E+02	5.306308E+01	5.568179E+03
2.03	-1.199331E+06	1.664563E+02	5.328153E+01	5.568179E+03
2.035	-1.199331E+06	1.552440E+02	5.377682E+01	5.568179E+03
2.04	-1.199331E+06	1.542644E+02	5.459160E+01	5.568179E+03
2.045	-1.199331E+06	1.587716E+02	5.535842E+01	5.568179E+03
2.05	-1.199331E+06	1.588510E+02	5.545895E+01	5.568179E+03
2.055	-1.199331E+06	1.663675E+02	5.452274E+01	5.568179E+03
2.06	-1.199331E+06	1.609762E+02	5.315945E+01	5.568179E+03
2.065	-1.199331E+06	1.528415E+02	5.226313E+01	5.568179E+03
2.07	-1.199331E+06	1.515608E+02	5.203287E+01	5.568179E+03
2.075	-1.199331E+06	1.534595E+02	5.196936E+01	5.568179E+03
2.08	-1.199331E+06	1.548648E+02	5.165790E+01	5.568179E+03
2.085	-1.199331E+06	1.573795E+02	5.104842E+01	5.568179E+03
2.09	-1.199331E+06	1.610065E+02	5.097410E+01	5.568179E+03
2.095	-1.199331E+06	1.514151E+02	5.212540E+01	5.568179E+03
2.1	-1.199331E+06	1.490828E+02	5.360496E+01	5.568179E+03
2.105	-1.199331E+06	1.480445E+02	5.473469E+01	5.568179E+03
2.11	-1.199331E+06	1.471912E+02	5.500227E+01	5.568179E+03
2.115	-1.199331E+06	1.464161E+02	5.469150E+01	5.568179E+03
2.12	-1.199331E+06	1.476688E+02	5.460605E+01	5.568179E+03
2.125	-1.199331E+06	1.517070E+02	5.425328E+01	5.568179E+03
2.13	-1.199331E+06	1.437195E+02	5.329429E+01	5.568179E+03
2.135	-1.199331E+06	1.410813E+02	5.208339E+01	5.568179E+03
2.14	-1.199331E+06	1.404539E+02	5.087517E+01	5.568179E+03
2.145	-1.199331E+06	1.416001E+02	5.018606E+01	5.568179E+03
2.15	-1.199331E+06	1.522391E+02	5.021594E+01	5.568179E+03
2.155	-1.199331E+06	1.513244E+02	5.049433E+01	5.568179E+03
2.16	-1.199331E+06	1.490793E+02	5.067552E+01	5.568179E+03
2.165	-1.199331E+06	1.459446E+02	5.091955E+01	5.568179E+03
2.17	-1.199331E+06	1.450002E+02	5.131994E+01	5.568179E+03
2.175	-1.199331E+06	1.488385E+02	5.222098E+01	5.568179E+03
2.18	-1.199331E+06	1.420862E+02	5.358409E+01	5.568179E+03
2.185	-1.199331E+06	1.409219E+02	5.463754E+01	5.568179E+03
2.19	-1.199331E+06	1.446361E+02	5.508460E+01	5.568179E+03
2.195	-1.199331E+06	1.428809E+02	5.484764E+01	5.568179E+03
2.2	-1.199331E+06	1.423222E+02	5.409324E+01	5.568179E+03
2.205	-1.199331E+06	1.379334E+02	5.339454E+01	5.568179E+03
2.21	-1.199331E+06	1.355686E+02	5.273182E+01	5.568179E+03
2.215	-1.199331E+06	1.340746E+02	5.181055E+01	5.568179E+03
2.22	-1.199331E+06	1.407596E+02	5.057924E+01	5.568179E+03
2.225	-1.199331E+06	1.424513E+02	4.962647E+01	5.568179E+03
2.23	-1.199331E+06	1.435390E+02	4.926496E+01	5.568179E+03
2.235	-1.199331E+06	1.410745E+02	4.947817E+01	5.568179E+03
2.24	-1.199331E+06	1.306971E+02	5.013870E+01	5.568179E+03
2.245	-1.199331E+06	1.368684E+02	5.071870E+01	5.568179E+03
2.25	-1.199331E+06	1.319937E+02	5.146058E+01	5.568179E+03
2.255	-1.199331E+06	1.300300E+02	5.267679E+01	5.568179E+03
2.26	-1.199331E+06	1.408795E+02	5.416455E+01	5.568179E+03
2.265	-1.199331E+06	1.395655E+02	5.525608E+01	5.568179E+03
2.27	-1.199331E+06	1.411514E+02	5.532250E+01	5.568179E+03
2.275	-1.199331E+06	1.408345E+02	5.455150E+01	5.568179E+03
2.28	-1.199331E+06	1.405621E+02	5.335830E+01	5.568179E+03
2.285	-1.199331E+06	1.398352E+02	5.236975E+01	5.568179E+03
2.29	-1.199331E+06	1.351560E+02	5.167134E+01	5.568179E+03
2.295	-1.199331E+06	1.345414E+02	5.074748E+01	5.568179E+03
2.3	-1.199331E+06	1.305989E+02	4.970422E+01	5.568179E+03
2.305	-1.199331E+06	1.325657E+02	4.869047E+01	5.568179E+03
2.31	-1.199331E+06	1.301305E+02	4.824110E+01	5.568179E+03
2.315	-1.199331E+06	1.283488E+02	4.885937E+01	5.568179E+03
2.32	-1.199331E+06	1.308114E+02	5.005683E+01	5.568179E+03
2.325	-1.199331E+06	1.348210E+02	5.099864E+01	5.568179E+03
2.33	-1.199331E+06	1.347713E+02	5.166492E+01	5.568179E+03
2.335	-1.199331E+06	1.251098E+02	5.227981E+01	5.568179E+03
2.34	-1.199331E+06	1.249580E+02	5.290065E+01	5.568179E+03
2.345	-1.199331E+06	1.272761E+02	5.343160E+01	5.568179E+03
2.35	-1.199331E+06	1.234125E+02	5.330590E+01	5.568179E+03
2.355	-1.199331E+06	1.273769E+02	5.248519E+01	5.568179E+03
2.36	-1.199331E+06	1.257100E+02	5.153663E+01	5.568179E+03
2.365	-1.199331E+06	1.273866E+02	5.049245E+01	5.568179E+03
2.37	-1.199331E+06	1.280792E+02	4.974873E+01	5.568179E+03
2.375	-1.199331E+06	1.243375E+02	4.942414E+01	5.568179E+03
2.38	-1.199331E+06	1.306503E+02	4.913848E+01	5.568179E+03
2.385	-1.199331E+06	1.289329E+02	4.899612E+01	5.568179E+03
2.39	-1.199331E+06	1.225945E+02	4.896208E+01	5.568179E+03
2.395	-1.199332E+06	1.289184E+02	4.926105E+01	5.568179E+03
2.4	-1.199331E+06	1.243771E+02	5.024306E+01	5.568179E+03
2.405	-1.199331E+06	1.195249E+02	5.123408E+01	5.568179E+03
2.41	-1.199332E+06	1.307329E+02	5.196837E+01	5.568179E+03
2.415	-1.199332E+06	1.291423E+02	5.263249E+01	5.568179E+03
2.42	-1.199331E+06	1.170086E+02	5.291409E+01	5.568179E+03
2.425	-1.199332E+06	1.211405E+02	5.291769E+01	5.568179E+03
2.43	-1.199331E+06	1.197827E+02	5.288779E+01	5.568179E+03
2.435	-1.199331E+06	1.195407E+02	5.231737E+01	5.568179E+03
2.44	-1.199332E+06	1.292989E+02	5.130525E+01	5.568179E+03
2.445	-1.199331E+06	1.258511E+02	5.050825E+01	5.568179E+03
2.45	-1.199331E+06	1.245755E+02	5.007357E+01	5.568179E+03
2.455	-1.199332E+06	1.277687E+02	4.994741E+01	5.568179E+03
2.46	-1.199331E+06	1.180440E+02	4.973475E+01	5.568179E+03
2.465	-1.199331E+06	1.182913E+02	4.911383E+01	5.568179E+03
2.47	-1.199331E+06	1.163576E+02	4.882375E+01	5.568179E+03
2.475	-1.199331E+06	1.128116E+02	4.918656E+01	5.568179E+03
2.48	-1.199331E+06	1.159005E+02	4.994776E+01	5.568179E+03
2.485	-1.199331E+06	1.129829E+02	5.092502E+01	5.568179E+03
2.49	-1.199331E+06	1.231846E+02	5.149057E+01	5.568179E+03
2.495	-1.199332E+06	1.259163E+02	5.148205E+01	5.568179E+03
2.5	-1.199331E+06	1.201888E+02	5.135655E+01	5.568179E+03
2.505	-1.199331E+06	1.187185E+02	5.159183E+01	5.568179E+03
2.51	-1.199331E+06	1.154862E+02	5.199794E+01	5.568179E+03
2.515	-1.199332E+06	1.167721E+02	5.215884E+01	5.568179E+03
2.52	-1.199331E+06	1.180966E+02	5.190687E+01	5.568179E+03
2.525	-1.199332E+06	1.195914E+02	5.133157E+01	5.568179E+03
2.53	-1.199331E+06	1.139445E+02	5.121909E+01	5.568179E+03
2.535	-1.199332E+06	1.174932E+02	5.154213E+01	5.568179E+03
2.54	-1.199332E+06	1.215587E+02	5.173379E+01	5.568179E+03
2.545	-1.199331E+06	1.136193E+02	5.153300E+01	5.568179E+03
2.55	-1.199332E+06	1.153474E+02	5.098264E+01	5.568179E+03
2.555	-1.199331E+06	1.106717E+02	5.088487E+01	5.568179E+03
2.56	-1.199331E+06	1.100055E+02	5.133281E+01	5.568179E+03
2.565	-1.199332E+06	1.175996E+02	5.197137E+01	5.568179E+03
2.57	-1.199331E+06	1.171873E+02	5.257116E+01	5.568179E+03
2.575	-1.199332E+06	1.204112E+02	5.272599E+01	5.568179E+03
2.58	-1.199331E+06	1.193857E+02	5.265668E+01	5.568179E+03
2.585	-1.199332E+06	1.189037E+02	5.262139E+01	5.568179E+03
2.59	-1.199332E+06	1.168845E+02	5.283761E+01	5.568179E+03
2.595	-1.199331E+06	1.117089E+02	5.314606E+01	5.568179E+03
2.6	-1.199332E+06	1.127926E+02	5.283388E+01	5.568179E+03
2.605	-1.199331E+06	1.098702E+02	5.208010E+01	5.568179E+03
2.61	-1.199331E+06	1.120922E+02	5.139303E+01	5.568179E+03
2.615	-1.199331E+06	1.141063E+02	5.103117E+01	5.568179E+03
2.62	-1.199332E+06	1.163083E+02	5.105600E+01	5.568179E+03
2.625	-1.199332E+06	1.131958E+02	5.122473E+01	5.568179E+03
2.63	-1.199331E+06	1.095260E+02	5.136068E+01	5.568179E+03
2.635	-1.199332E+06	1.097983E+02	5.163121E+01	5.568179E+03
2.64	-1.199331E+06	1.079421E+02	5.205802E+01	5.568179E+03
2.645	-1.199332E+06	1.119369E+02	5.275792E+01	5.568179E+03
2.65	-1.199331E+06	1.084670E+02	5.362696E+01	5.568179E+03
2.655	-1.199331E+06	1.089534E+02	5.376315E+01	5.568179E+03
2.66	-1.199332E+06	1.131843E+02	5.309670E+01	5.568179E+03
2.665	-1.199331E+06	1.104819E+02	5.223467E+01	5.568179E+03
2.67	-1.199332E+06	1.128760E+02	5.155855E+01	5.568179E+03
2.675	-1.199332E+06	1.064331E+02	5.134512E+01	5.568179E+03
2.68	-1.199331E+06	1.030170E+02	5.117964E+01	5.568179E+03
2.685	-1.199332E+06	1.052661E+02	5.093454E+01	5.568179E+03
2.69	-1.199332E+06	1.047367E+02	5.088448E+01	5.568179E+03
2.695	-1.199332E+06	1.082273E+02	5.127344E+01	5.568179E+03
2.7	-1.199332E+06	1.126982E+02	5.212698E+01	5.568179E+03
2.705	-1.199332E+06	1.118449E+02	5.296046E+01	5.568179E+03
2.71	-1.199331E+06	1.096780E+02	5.354377E+01	5.568179E+03
2.715	-1.199332E+06	1.124627E+02	5.402717E+01	5.568179E+03
2.72	-1.199332E+06	1.103934E+02	5.475199E+01	5.568179E+03
2.725	-1.199332E+06	1.072227E+02	5.573111E+01	5.568179E+03
2.73	-1.199332E+06	1.061388E+02	5.636730E+01	5.568179E+03
2.735	-1.199332E+06	1.069107E+02	5.616432E+01	5.568179E+03
2.74	-1.199331E+06	1.027529E+02	5.530386E+01	5.568179E+03
2.745	-1.199332E+06	1.044407E+02	5.425007E+01	5.568179E+03
2.75	-1.199332E+06	1.120024E+02	5.356750E+01	5.568179E+03
2.755	-1.199332E+06	1.128899E+02	5.326973E+01	5.568179E+03
2.76	-1.199332E+06	1.080497E+02	5.306971E+01	5.568179E+03
2.765	-1.199332E+06	1.096953E+02	5.289791E+01	5.568179E+03
2.77	-1.199332E+06	1.152510E+02	5.268127E+01	5.568179E+03
2.775	-1.199332E+06	1.085694E+02	5.258326E+01	5.568179E+03
2.78	-1.199332E+06	1.056190E+02	5.278501E+01	5.568179E+03
2.785	-1.199332E+06	1.043206E+02	5.339041E+01	5.568179E+03
2.79	-1.199332E+06	1.055744E+02	5.408544E+01	5.568179E+03
2.795	-1.199332E+06	1.102793E+02	5.438130E+01	5.568179E+03
2.8	-1.199332E+06	1.051950E+02	5.417747E+01	5.568179E+03
2.805	-1.199332E+06	1.059074E+02	5.378820E+01	5.568179E+03
2.81	-1.199332E+06	1.045347E+02	5.383118E+01	5.568179E+03
2.815	-1.199332E+06	1.043383E+02	5.409498E+01	5.568179E+03
2.82	-1.199332E+06	1.072323E+02	5.418076E+01	5.568179E+03
2.825	-1.199332E+06	1.055980E+02	5.396250E+01	5.568179E+03
2.83	-1.199332E+06	1.018081E+02	5.344997E+01	5.568179E+03
2.835	-1.199332E+06	1.010346E+02	5.312194E+01	5.568179E+03
2.84	-1.199332E+06	1.058546E+02	5.307618E+01	5.568179E+03
2.845	-1.199332E+06	9.783269E+01	5.302834E+01	5.568179E+03
2.85	-1.199332E+06	1.041633E+02	5.258784E+01	5.568179E+03
2.855	-1.199332E+06	1.094784E+02	5.198617E+01	5.568179E+03
2.86	-1.199331E+06	9.787651E+01	5.181686E+01	5.568179E+03
2.865	-1.199332E+06	9.942510E+01	5.218010E+01	5.568179E+03
2.87	-1.199332E+06	9.972293E+01	5.274056E+01	5.568179E+03
2.875	-1.199332E+06	1.029853E+02	5.297871E+01	5.568179E+03
2.88	-1.199332E+06	1.043916E+02	5.296922E+01	5.568179E+03
2.885	-1.199332E+06	1.049811E+02	5.308236E+01	5.568179E+03
2.89	-1.199332E+06	1.033614E+02	5.363521E+01	5.568179E+03
2.895	-1.199332E+06	9.866238E+01	5.437447E+01	5.568179E+03
2.9	-1.199332E+06	1.041364E+02	5.477353E+01	5.568179E+03
2.905	-1.199332E+06	1.038579E+02	5.469357E+01	5.568179E+03
2.91	-1.199332E+06	9.817722E+01	5.425900E+01	5.568179E+03
2.915	-1.199332E+06	9.890206E+01	5.392214E+01	5.568179E+03
2.92	-1.199332E+06	1.029475E+02	5.379214E+01	5.568179E+03
2.925	-1.199332E+06	1.093938E+02	5.356846E+01	5.568179E+03
2.93	-1.199332E+06	1.033467E+02	5.337828E+01	5.568179E+03
2.935	-1.199332E+06	1.035941E+02	5.316356E+01	5.568179E+03
2.94	-1.199332E+06	1.078282E+02	5.306544E+01	5.568179E+03
2.945	-1.199332E+06	1.020285E+02	5.327067E+01	5.568179E+03
2.95	-1.199332E+06	1.015830E+02	5.364308E+01	5.568179E+03
2.955	-1.199332E+06	1.043498E+02	5.405224E+01	5.568179E+03
2.96	-1.199332E+06	1.052503E+02	5.411548E+01	5.568179E+03
2.965	-1.199332E+06	1.011035E+02	5.384449E+01	5.568179E+03
2.97	-1.199332E+06	9.814299E+01	5.367836E+01	5.568179E+03
2.975	-1.199332E+06	1.032078E+02	5.384985E+01	5.568179E+03
2.98	-1.199332E+06	1.036592E+02	5.425623E+01	5.568179E+03
2.985	-1.199332E+06	1.025725E+02	5.455162E+01	5.568179E+03
2.99	-1.199332E+06	1.025175E+02	5.459839E+01	5.568179E+03
2.995	-1.199332E+06	1.025079E+02	5.432402E+01	5.568179E+03
3.0	-1.199332E+06	1.002078E+02	5.406654E+01	5.568179E+03
3.005	-1.199332E+06	9.680692E+01	5.422427E+01	5.568179E+03
3.01	-1.199332E+06	1.019737E+02	5.437925E+01	5.568179E+03
3.015	-1.199332E+06	9.930890E+01	5.437220E+01	5.568179E+03
3.02	-1.199332E+06	9.261865E+01	5.427796E+01	5.568179E+03
3.025	-1.199332E+06	9.899220E+01	5.441247E+01	5.568179E+03
3.03	-1.199332E+06	9.995973E+01	5.516881E+01	5.568179E+03
3.035	-1.199332E+06	9.405379E+01	5.586538E+01	5.568179E+03
3.04	-1.199332E+06	9.522471E+01	5.614484E+01	5.568179E+03
3.045	-1.199332E+06	9.971987E+01	5.634069E+01	5.568179E+03
3.05	-1.199332E+06	1.015633E+02	5.655109E+01	5.568179E+03
3.055	-1.199332E+06	1.038655E+02	5.691733E+01	5.568179E+03
3.06	-1.199332E+06	9.878895E+01	5.723092E+01	5.568179E+03
3.065	-1.199332E+06	9.862292E+01	5.697875E+01	5.568179E+03
3.07	-1.199332E+06	1.001601E+02	5.643326E+01	5.568179E+03
3.075	-1.199332E+06	1.027281E+02	5.588111E+01	5.568179E+03
3.08	-1.199332E+06	1.044460E+02	5.543172E+01	5.568179E+03
3.085	-1.199332E+06	9.776503E+01	5.518568E+01	5.568179E+03
3.09	-1.199332E+06	9.720696E+01	5.483814E+01	5.568179E+03
3.095	-1.199332E+06	1.007092E+02	5.434561E+01	5.568179E+03
3.1	-1.199332E+06	9.986835E+01	5.416493E+01	5.568179E+03
3.105	-1.199332E+06	9.865724E+01	5.460612E+01	5.568179E+03
3.11	-1.199332E+06	1.082138E+02	5.537204E+01	5.568179E+03
3.115	-1.199332E+06	1.054479E+02	5.620527E+01	5.568179E+03
3.12	-1.199332E+06	9.616487E+01	5.685035E+01	5.568179E+03
3.125	-1.199332E+06	9.995876E+01	5.732700E+01	5.568179E+03
3.13	-1.199332E+06	9.722384E+01	5.766866E+01	5.568179E+03
3.135	-1.199332E+06	9.671465E+01	5.739585E+01	5.568179E+03
3.14	-1.199332E+06	9.442345E+01	5.667438E+01	5.568179E+03
3.145	-1.199332E+06	9.053951E+01	5.582084E+01	5.568179E+03
3.15	-1.199332E+06	9.976647E+01	5.475020E+01	5.568179E+03
3.155	-1.199332E+06	9.977647E+01	5.378964E+01	5.568179E+03
3.16	-1.199332E+06	9.919778E+01	5.312474E+01	5.568179E+03
3.165	-1.199332E+06	9.928821E+01	5.292976E+01	5.568179E+03
3.17	-1.199332E+06	9.646555E+01	5.329932E+01	5.568179E+03
3.175	-1.199332E+06	9.687015E+01	5.395074E+01	5.568179E+03
3.18	-1.199332E+06	1.005166E+02	5.460672E+01	5.568179E+03
3.185	-1.199332E+06	9.930483E+01	5.521391E+01	5.568179E+03
3.19	-1.199332E+06	9.809924E+01	5.573092E+01	5.568179E+03
3.195	-1.199332E+06	1.003561E+02	5.627013E+01	5.568179E+03
3.2	-1.199332E+06	9.751100E+01	5.682596E+01	5.568179E+03
3.205	-1.199332E+06	1.002348E+02	5.688801E+01	5.568179E+03
3.21	-1.199332E+06	9.764465E+01	5.640566E+01	5.568179E+03
3.215	-1.199332E+06	9.288529E+01	5.571593E+01	5.568179E+03
3.22	-1.199332E+06	9.684509E+01	5.506218E+01	5.568179E+03
3.225	-1.199332E+06	9.693101E+01	5.465440E+01	5.568179E+03
3.23	-1.199332E+06	9.794946E+01	5.432384E+01	5.568179E+03
3.235	-1.199332E+06	1.005329E+02	5.398635E+01	5.568179E+03
3.24	-1.199332E+06	1.012314E+02	5.395035E+01	5.568179E+03
3.245	-1.199332E+06	1.029186E+02	5.421491E+01	5.568179E+03
3.25	-1.199332E+06	1.003432E+02	5.449812E+01	5.568179E+03
3.255	-1.199332E+06	9.488859E+01	5.464108E+01	5.568179E+03
3.26	-1.199332E+06	9.921866E+01	5.440979E+01	5.568179E+03
3.265	-1.199332E+06	1.053328E+02	5.410516E+01	5.568179E+03
3.27	-1.199332E+06	1.022418E+02	5.413702E+01	5.568179E+03
3.275	-1.199332E+06	9.703096E+01	5.428626E+01	5.568179E+03
3.28	-1.199332E+06	9.341971E+01	5.448628E+01	5.568179E+03
3.285	-1.199332E+06	9.712775E+01	5.455040E+01	5.568179E+03
3.29	-1.199332E+06	1.003342E+02	5.436155E+01	5.568179E+03
3.295	-1.199332E+06	9.571726E+01	5.432228E+01	5.568179E+03
3.3	-1.199332E+06	9.706557E+01	5.428760E+01	5.568179E+03
3.305	-1.199332E+06	1.017449E+02	5.389557E+01	5.568179E+03
3.31	-1.199332E+06	9.828848E+01	5.327785E+01	5.568179E+03
3.315	-1.199332E+06	9.988189E+01	5.256569E+01	5.568179E+03
3.32	-1.199332E+06	1.016649E+02	5.219426E+01	5.568179E+03
3.325	-1.199332E+06	9.531723E+01	5.237416E+01	5.568179E+03
3.33	-1.199332E+06	9.611866E+01	5.285718E+01	5.568179E+03
3.335	-1.199332E+06	9.793864E+01	5.357306E+01	5.568179E+03
3.34	-1.199332E+06	1.011510E+02	5.415129E+01	5.568179E+03
3.345	-1.199332E+06	1.041774E+02	5.448565E+01	5.568179E+03
3.35	-1.199332E+06	1.008620E+02	5.480539E+01	5.568179E+03
3.355	-1.199332E+06	1.000349E+02	5.520468E+01	5.568179E+03
3.36	-1.199332E+06	9.625785E+01	5.577088E+01	5.568179E+03
3.365	-1.199332E+06	9.599553E+01	5.603317E+01	5.568179E+03
3.37	-1.199332E+06	9.888084E+01	5.577796E+01	5.568179E+03
3.375	-1.199332E+06	9.969941E+01	5.520771E+01	5.568179E+03
3.38	-1.199332E+06	1.040001E+02	5.443930E+01	5.568179E+03
3.385	-1.199332E+06	9.852118E+01	5.393792E+01	5.568179E+03
3.39	-1.199332E+06	9.793566E+01	5.359984E+01	5.568179E+03
3.395	-1.199332E+06	9.811282E+01	5.323980E+01	5.568179E+03
3.4	-1.199332E+06	9.510812E+01	5.293140E+01	5.568179E+03
3.405	-1.199332E+06	9.613448E+01	5.281156E+01	5.568179E+03
3.41	-1.199332E+06	9.416032E+01	5.328258E+01	5.568179E+03
3.415	-1.199332E+06	1.009868E+02	5.415436E+01	5.568179E+03
3.42	-1.199332E+06	1.036718E+02	5.497906E+01	5.568179E+03
3.425	-1.199332E+06	1.023128E+02	5.535861E+01	5.568179E+03
3.43	-1.199332E+06	9.945548E+01	5.532726E+01	5.568179E+03
3.435	-1.199332E+06	9.561368E+01	5.525177E+01	5.568179E+03
3.44	-1.199332E+06	9.937328E+01	5.513248E+01	5.568179E+03
3.445	-1.199332E+06	9.421786E+01	5.485204E+01	5.568179E+03
3.45	-1.199332E+06	9.650196E+01	5.406774E+01	5.568179E+03
3.455	-1.199332E+06	9.760658E+01	5.309921E+01	5.568179E+03
3.46	-1.199332E+06	9.521888E+01	5.254705E+01	5.568179E+03
3.465	-1.199332E+06	1.017441E+02	5.254561E+01	5.568179E+03
3.47	-1.199332E+06	9.904779E+01	5.292175E+01	5.568179E+03
3.475	-1.199332E+06	1.003911E+02	5.309103E+01	5.568179E+03
3.48	-1.199332E+06	1.026378E+02	5.319339E+01	5.568179E+03
3.485	-1.199332E+06	1.027171E+02	5.358926E+01	5.568179E+03
3.49	-1.199332E+06	1.055691E+02	5.425237E+01	5.568179E+03
3.495	-1.199332E+06	1.057352E+02	5.509667E+01	5.568179E+03
3.5	-1.199332E+06	9.953461E+01	5.580028E+01	5.568179E+03
3.505	-1.199332E+06	9.677495E+01	5.616308E+01	5.568179E+03
3.51	-1.199332E+06	9.996921E+01	5.638360E+01	5.568179E+03
3.515	-1.199332E+06	1.000681E+02	5.650068E+01	5.568179E+03
3.52	-1.199332E+06	1.006812E+02	5.638191E+01	5.568179E+03
3.525	-1.199332E+06	9.695089E+01	5.603303E+01	5.568179E+03
3.53	-1.199332E+06	9.609059E+01	5.535635E+01	5.568179E+03
3.535	-1.199332E+06	1.012433E+02	5.453821E+01	5.568179E+03
3.54	-1.199332E+06	1.016698E+02	5.401983E+01	5.568179E+03
3.545	-1.199332E+06	1.067970E+02	5.380227E+01	5.568179E+03
3.55	-1.199332E+06	1.028676E+02	5.390403E+01	5.568179E+03
3.555	-1.199332E+06	9.527317E+01	5.412669E+01	5.568179E+03
3.56	-1.199332E+06	9.878928E+01	5.428131E+01	5.568179E+03
3.565	-1.199332E+06	1.028784E+02	5.449241E+01	5.568179E+03
3.57	-1.199332E+06	1.018842E+02	5.471971E+01	5.568179E+03
3.575	-1.199332E+06	1.034149E+02	5.504386E+01	5.568179E+03
3.58	-1.199332E+06	1.054664E+02	5.549047E+01	5.568179E+03
3.585	-1.199331E+06	9.887330E+01	5.567491E+01	5.568179E+03
3.59	-1.199332E+06	1.016530E+02	5.545161E+01	5.568179E+03
3.595	-1.199332E+06	1.010148E+02	5.510976E+01	5.568179E+03
3.6	-1.199332E+06	9.970768E+01	5.462901E+01	5.568179E+03
3.605	-1.199332E+06	1.029397E+02	5.404751E+01	5.568179E+03
3.61	-1.199332E+06	9.884269E+01	5.344740E+01	5.568179E+03
3.615	-1.199332E+06	1.052393E+02	5.259400E+01	5.568179E+03
3.62	-1.199332E+06	1.062820E+02	5.165948E+01	5.568179E+03
3.625	-1.199332E+06	9.884515E+01	5.119370E+01	5.568179E+03
3.63	-1.199332E+06	1.019139E+02	5.153544E+01	5.568179E+03
3.635	-1.199332E+06	1.064968E+02	5.247383E+01	5.568179E+03
3.64	-1.199332E+06	1.047655E+02	5.334209E+01	5.568179E+03
3.645	-1.199332E+06	1.012721E+02	5.358978E+01	5.568179E+03
3.65	-1.199332E+06	9.938758E+01	5.351095E+01	5.568179E+03
3.655	-1.199331E+06	9.434678E+01	5.372813E+01	5.568179E+03
3.66	-1.199332E+06	9.880603E+01	5.404746E+01	5.568179E+03
3.665	-1.199332E+06	1.052460E+02	5.417249E+01	5.568179E+03
3.67	-1.199331E+06	1.004496E+02	5.395182E+01	5.568179E+03
3.675	-1.199332E+06	1.044745E+02	5.346165E+01	5.568179E+03
3.68	-1.199332E+06	1.118524E+02	5.321874E+01	5.568179E+03
3.685	-1.199332E+06	1.121881E+02	5.296981E+01	5.568179E+03
3.69	-1.199331E+06	1.037287E+02	5.251860E+01	5.568179E+03
3.695	-1.199332E+06	1.063310E+02	5.199910E+01	5.568179E+03
3.7	-1.199332E+06	1.106063E+02	5.145966E+01	5.568179E+03
3.705	-1.199332E+06	1.043233E+02	5.130628E+01	5.568179E+03
3.71	-1.199332E+06	1.057121E+02	5.177881E+01	5.568179E+03
3.715	-1.199332E+06	1.075517E+02	5.240984E+01	5.568179E+03
3.72	-1.199332E+06	1.050378E+02	5.289431E+01	5.568179E+03
3.725	-1.199332E+06	1.059318E+02	5.331538E+01	5.568179E+03
3.73	-1.199332E+06	1.099820E+02	5.350205E+01	5.568179E+03
3.735	-1.199332E+06	1.029665E+02	5.357536E+01	5.568179E+03
3.74	-1.199331E+06	9.857463E+01	5.362675E+01	5.568179E+03
3.745	-1.199332E+06	1.104014E+02	5.337057E+01	5.568179E+03
3.75	-1.199332E+06	1.132889E+02	5.273993E+01	5.568179E+03
3.755	-1.199331E+06	1.069167E+02	5.183560E+01	5.568179E+03
3.76	-1.199331E+06	1.047452E+02	5.102763E+01	5.568179E+03
3.765	-1.199332E+06	1.029597E+02	5.060610E+01	5.568179E+03
3.77	-1.199331E+06	1.007256E+02	5.044833E+01	5.568179E+03
3.775	-1.199332E+06	1.025372E+02	5.029134E+01	5.568179E+03
3.78	-1.199332E+06	1.016615E+02	5.003251E+01	5.568179E+03
3.785	-1.199331E+06	1.006865E+02	4.988512E+01	5.568179E+03
3.79	-1.199332E+06	1.095684E+02	5.002166E+01	5.568179E+03
3.795	-1.199332E+06	1.091224E+02	5.050738E+01	5.568179E+03
3.8	-1.199331E+06	1.012729E+02	5.131076E+01	5.568179E+03
3.805	-1.199331E+06	1.085637E+02	5.206400E+01	5.568179E+03
3.81	-1.199332E+06	1.143950E+02	5.259424E+01	5.568179E+03
3.815	-1.199331E+06	1.080877E+02	5.301148E+01	5.568179E+03
3.82	-1.199331E+06	1.069887E+02	5.323590E+01	5.568179E+03
3.825	-1.199331E+06	1.069262E+02	5.332463E+01	5.568179E+03
3.83	-1.199331E+06	1.093170E+02	5.316701E+01	5.568179E+03
3.835	-1.199332E+06	1.168602E+02	5.255539E+01	5.568179E+03
3.84	-1.199331E+06	1.092611E+02	5.193912E+01	5.568179E+03
3.845	-1.199331E+06	1.097864E+02	5.148618E+01	5.568179E+03
3.85	-1.199332E+06	1.116041E+02	5.143195E+01	5.568179E+03
3.855	-1.199331E+06	1.076310E+02	5.173161E+01	5.568179E+03
3.86	-1.199332E+06	1.127219E+02	5.176088E+01	5.568179E+03
3.865	-1.199331E+06	1.114108E+02	5.158332E+01	5.568179E+03
3.87	-1.199331E+06	1.081013E+02	5.157322E+01	5.568179E+03
3.875	-1.199331E+06	1.112352E+02	5.177851E+01	5.568179E+03
3.88	-1.199331E+06	1.170950E+02	5.204224E+01	5.568179E+03
3.885	-1.199331E+06	1.169764E+02	5.212402E+01	5.568179E+03
3.89	-1.199331E+06	1.142865E+02	5.182913E+01	5.568179E+03
3.895	-1.199331E+06	1.118735E+02	5.166529E+01	5.568179E+03
3.9	-1.199331E+06	1.078762E+02	5.203828E+01	5.568179E+03
3.905	-1.199332E+06	1.136662E+02	5.246924E+01	5.568179E+03
3.91	-1.199331E+06	1.114843E+02	5.279049E+01	5.568179E+03
3.915	-1.199331E+06	1.110883E+02	5.260289E+01	5.568179E+03
3.92	-1.199332E+06	1.173851E+02	5.192556E+01	5.568179E+03
3.925	-1.199331E+06	1.078389E+02	5.160891E+01	5.568179E+03
3.93	-1.199331E+06	1.139544E+02	5.139661E+01	5.568179E+03
3.935	-1.199331E+06	1.177845E+02	5.121659E+01	5.568179E+03
3.94	-1.199331E+06	1.117280E+02	5.107062E+01	5.568179E+03
3.945	-1.199331E+06	1.180825E+02	5.062291E+01	5.568179E+03
3.95	-1.199331E+06	1.139143E+02	5.042329E+01	5.568179E+03
3.955	-1.199331E+06	1.086447E+02	5.065741E+01	5.568179E+03
3.96	-1.199331E+06	1.124082E+02	5.113124E+01	5.568179E+03
3.965	-1.199331E+06	1.132699E+02	5.182164E+01	5.568179E+03
3.97	-1.199331E+06	1.133979E+02	5.221801E+01	5.568179E+03
3.975	-1.199331E+06	1.166682E+02	5.214862E+01	5.568179E+03
3.98	-1.199331E+06	1.198814E+02	5.204922E+01	5.568179E+03
3.985	-1.199331E+06	1.209924E+02	5.197681E+01	5.568179E+03
3.99	-1.199331E+06	1.206194E+02	5.180919E+01	5.568179E+03
3.995	-1.199331E+06	1.133588E+02	5.163215E+01	5.568179E+03
4.0	-1.199331E+06	1.131327E+02	5.138024E+01	5.568179E+03
4.005	-1.199331E+06	1.209020E+02	5.118728E+01	5.568179E+03
4.01	-1.199331E+06	1.143643E+02	5.153523E+01	5.568179E+03
4.015	-1.199331E+06	1.193920E+02	5.211110E+01	5.568179E+03
4.02	-1.199331E+06	1.274324E+02	5.266255E+01	5.568179E+03
4.025	-1.199331E+06	1.247566E+02	5.306669E+01	5.568179E+03
4.03	-1.199331E+06	1.248589E+02	5.301521E+01	5.568179E+03
4.035	-1.199331E+06	1.212142E+02	5.305277E+01	5.568179E+03
4.04	-1.199331E+06	1.146861E+02	5.342166E+01	5.568179E+03
4.045	-1.199331E+06	1.177319E+02	5.338869E+01	5.568179E+03
4.05	-1.199331E+06	1.205295E+02	5.289832E+01	5.568179E+03
4.055	-1.199331E+06	1.190922E+02	5.209595E+01	5.568179E+03
4.06	-1.199331E+06	1.238383E+02	5.100051E+01	5.568179E+03
4.065	-1.199331E+06	1.239347E+02	5.042847E+01	5.568179E+03
4.07	-1.199331E+06	1.220353E+02	5.040712E+01	5.568179E+03
4.075	-1.199331E+06	1.211494E+02	5.029618E+01	5.568179E+03
4.08	-1.199331E+06	1.158950E+02	5.022182E+01	5.568179E+03
4.085	-1.199331E+06	1.172120E+02	5.017136E+01	5.568179E+03
4.09	-1.199331E+06	1.236141E+02	5.033239E+01	5.568179E+03
4.095	-1.199331E+06	1.246715E+02	5.114873E+01	5.568179E+03
4.1	-1.199331E+06	1.202480E+02	5.212297E+01	5.568179E+03
4.105	-1.199331E+06	1.241150E+02	5.271923E+01	5.568179E+03
4.11	-1.199331E+06	1.236961E+02	5.310935E+01	5.568179E+03
4.115	-1.199331E+06	1.186496E+02	5.332306E+01	5.568179E+03
4.12	-1.199331E+06	1.272194E+02	5.348969E+01	5.568179E+03
4.125	-1.199331E+06	1.274942E+02	5.365079E+01	5.568179E+03
4.13	-1.199331E+06	1.263687E+02	5.316609E+01	5.568179E+03
4.135	-1.199331E+06	1.315972E+02	5.209303E+01	5.568179E+03
4.14	-1.199331E+06	1.315623E+02	5.109446E+01	5.568179E+03
4.145	-1.199331E+06	1.277272E+02	5.051774E+01	5.568179E+03
4.15	-1.199331E+06	1.259149E+02	5.048285E+01	5.568179E+03
4.155	-1.199331E+06	1.312472E+02	5.076392E+01	5.568179E+03
4.16	-1.199331E+06	1.311394E+02	5.103429E+01	5.568179E+03
4.165	-1.199331E+06	1.266427E+02	5.129964E+01	5.568179E+03
4.17	-1.199331E+06	1.287741E+02	5.189103E+01	5.568179E+03
4.175	-1.199331E+06	1.339000E+02	5.260609E+01	5.568179E+03
4.18	-1.199331E+06	1.311771E+02	5.307524E+01	5.568179E+03
4.185	-1.199331E+06	1.288523E+02	5.319690E+01	5.568179E+03
4.19	-1.199331E+06	1.356898E+02	5.266685E+01	5.568179E+03
4.195	-1.199331E+06	1.305794E+02	5.186328E+01	5.568179E+03
4.2	-1.199331E+06	1.287171E+02	5.137493E+01	5.568179E+03
4.205	-1.199331E+06	1.321688E+02	5.133424E+01	5.568179E+03
4.21	-1.199331E+06	1.288704E+02	5.158491E+01	5.568179E+03
4.215	-1.199331E+06	1.294673E+02	5.161278E+01	5.568179E+03
4.22	-1.199331E+06	1.331689E+02	5.120741E+01	5.568179E+03
4.225	-1.199331E+06	1.313274E+02	5.097540E+01	5.568179E+03
4.23	-1.199331E+06	1.350613E+02	5.118651E+01	5.568179E+03
4.235	-1.199331E+06	1.416417E+02	5.164434E+01	5.568179E+03
4.24	-1.199331E+06	1.336990E+02	5.201702E+01	5.568179E+03
4.245	-1.199331E+06	1.340810E+02	5.172583E+01	5.568179E+03
4.25	-1.199331E+06	1.345621E+02	5.122829E+01	5.568179E+03
4.255	-1.199331E+06	1.336656E+02	5.105105E+01	5.568179E+03
4.26	-1.199331E+06	1.390957E+02	5.119762E+01	5.568179E+03
4.265	-1.199331E+06	1.341175E+02	5.169691E+01	5.568179E+03
4.27	-1.199331E+06	1.344213E+02	5.175259E+01	5.568179E+03
4.275	-1.199331E+06	1.353004E+02	5.131834E+01	5.568179E+03
4.28	-1.199331E+06	1.383869E+02	5.118850E+01	5.568179E+03
4.285	-1.199331E+06	1.480086E+02	5.130192E+01	5.568179E+03
4.29	-1.199331E+06	1.421711E+02	5.168980E+01	5.568179E+03
4.295	-1.199331E+06	1.416454E+02	5.207479E+01	5.568179E+03
4.3	-1.199331E+06	1.428737E+02	5.196843E+01	5.568179E+03
4.305	-1.199331E+06	1.431137E+02	5.163724E+01	5.568179E+03
4.31	-1.199331E+06	1.320216E+02	5.178176E+01	5.568179E+03
4.315	-1.199331E+06	1.341914E+02	5.233849E+01	5.568179E+03
4.32	-1.199331E+06	1.481886E+02	5.304979E+01	5.568179E+03
4.325	-1.199331E+06	1.417142E+02	5.350223E+01	5.568179E+03
4.33	-1.199331E+06	1.505350E+02	5.325155E+01	5.568179E+03
4.335	-1.199331E+06	1.458423E+02	5.306187E+01	5.568179E+03
4.34	-1.199330E+06	1.395257E+02	5.313754E+01	5.568179E+03
4.345	-1.199331E+06	1.528472E+02	5.327544E+01	5.568179E+03
4.35	-1.199331E+06	1.461348E+02	5.324152E+01	5.568179E+03
4.355	-1.199331E+06	1.436999E+02	5.260537E+01	5.568179E+03
4.36	-1.199331E+06	1.431956E+02	5.190335E+01	5.568179E+03
4.365	-1.199331E+06	1.400961E+02	5.151110E+01	5.568179E+03
4.37	-1.199331E+06	1.467905E+02	5.147859E+01	5.568179E+03
4.375	-1.199331E+06	1.456507E+02	5.204063E+01	5.568179E+03
4.38	-1.199331E+06	1.526824E+02	5.284837E+01	5.568179E+03
4.385	-1.199331E+06	1.524035E+02	5.355760E+01	5.568179E+03
4.39	-1.199331E+06	1.542472E+02	5.392371E+01	5.568179E+03
4.395	-1.199331E+06	1.483013E+02	5.450076E+01	5.568179E+03
4.4	-1.199330E+06	1.414722E+02	5.513640E+01	5.568179E+03
4.405	-1.199331E+06	1.522677E+02	5.522697E+01	5.568179E+03
4.41	-1.199330E+06	1.487067E+02	5.520750E+01	5.568179E+03
4.415	-1.199331E+06	1.591097E+02	5.477249E+01	5.568179E+03
4.42	-1.199331E+06	1.555486E+02	5.450414E+01	5.568179E+03
4.425	-1.199330E+06	1.467891E+02	5.473001E+01	5.568179E+03
4.43	-1.199331E+06	1.536651E+02	5.461370E+01	5.568179E+03
4.435	-1.199330E+06	1.511643E+02	5.436934E+01	5.568179E+03
4.44	-1.199331E+06	1.573935E+02	5.399477E+01	5.568179E+03
4.445	-1.199331E+06	1.568321E+02	5.343399E+01	5.568179E+03
4.45	-1.199331E+06	1.522680E+02	5.326120E+01	5.568179E+03
4.455	-1.199330E+06	1.456893E+02	5.347629E+01	5.568179E+03
4.46	-1.199330E+06	1.529470E+02	5.352001E+01	5.568179E+03
4.465	-1.199331E+06	1.616823E+02	5.357855E+01	5.568179E+03
4.47	-1.199330E+06	1.562685E+02	5.375678E+01	5.568179E+03
4.475	-1.199331E+06	1.592740E+02	5.397645E+01	5.568179E+03
4.48	-1.199330E+06	1.527537E+02	5.453418E+01	5.568179E+03
4.485	-1.199330E+06	1.562342E+02	5.484954E+01	5.568179E+03
4.49	-1.199331E+06	1.604535E+02	5.483188E+01	5.568179E+03
4.495	-1.199330E+06	1.566468E+02	5.491612E+01	5.568179E+03
4.5	-1.199330E+06	1.649602E+02	5.501134E+01	5.568179E+03
4.505	-1.199330E+06	1.663031E+02	5.539933E+01	5.568179E+03
4.51	-1.199330E+06	1.664300E+02	5.591609E+01	5.568179E+03
4.515	-1.199331E+06	1.742412E+02	5.574414E+01	5.568179E+03
4.52	-1.199330E+06	1.641702E+02	5.491747E+01	5.568179E+03
4.525	-1.199330E+06	1.644748E+02	5.361955E+01	5.568179E+03
4.53	-1.199330E+06	1.690460E+02	5.267144E+01	5.568179E+03
4.535	-1.199330E+06	1.669137E+02	5.261836E+01	5.568179E+03
4.54	-1.199330E+06	1.607204E+02	5.285076E+01	5.568179E+03
4.545	-1.199330E+06	1.557800E+02	5.289548E+01	5.568179E+03
4.55	-1.199330E+06	1.577119E+02	5.302460E+01	5.568179E+03
4.555	-1.199330E+06	1.600317E+02	5.344602E+01	5.568179E+03
4.56	-1.199331E+06	1.697119E+02	5.416626E+01	5.568179E+03
4.565	-1.199330E+06	1.666061E+02	5.520221E+01	5.568179E+03
4.57	-1.199330E+06	1.668804E+02	5.562093E+01	5.568179E+03
4.575	-1.199331E+06	1.787077E+02	5.535388E+01	5.568179E+03
4.58	-1.199330E+06	1.660091E+02	5.519751E+01	5.568179E+03
4.585	-1.199330E+06	1.721271E+02	5.479417E+01	5.568179E+03
4.59	-1.199331E+06	1.829293E+02	5.456740E+01	5.568179E+03
4.595	-1.199330E+06	1.737843E+02	5.438396E+01	5.568179E+03
4.6	-1.199331E+06	1.797203E+02	5.360563E+01	5.568179E+03
4.605	-1.199330E+06	1.714063E+02	5.314266E+01	5.568179E+03
4.61	-1.199330E+06	1.708685E+02	5.308700E+01	5.568179E+03
4.615	-1.199331E+06	1.830669E+02	5.334434E+01	5.568179E+03
4.62	-1.199330E+06	1.837215E+02	5.394593E+01	5.568179E+03
4.625	-1.199330E+06	1.802975E+02	5.446478E+01	5.568179E+03
4.63	-1.199330E+06	1.757224E+02	5.467554E+01	5.568179E+03
4.635	-1.199330E+06	1.795766E+02	5.476372E+01	5.568179E+03
4.64	-1.199330E+06	1.847331E+02	5.499618E+01	5.568179E+03
4.645	-1.199330E+06	1.811187E+02	5.495403E+01	5.568179E+03
4.65	-1.199330E+06	1.723489E+02	5.463031E+01	5.568179E+03
4.655	-1.199330E+06	1.735168E+02	5.415708E+01	5.568179E+03
4.66	-1.199330E+06	1.925413E+02	5.322505E+01	5.568179E+03
4.665	-1.199330E+06	1.887500E+02	5.252695E+01	5.568179E+03
4.67	-1.199330E+06	1.812878E+02	5.236167E+01	5.568179E+03
4.675	-1.199330E+06	1.846580E+02	5.252813E+01	5.568179E+03
4.68	-1.199330E+06	1.832082E+02	5.295305E+01	5.568179E+03
4.685	-1.199330E+06	1.919479E+02	5.300824E+01	5.568179E+03
4.69	-1.199330E+06	1.875438E+02	5.276977E+01	5.568179E+03
4.695	-1.199330E+06	1.816317E+02	5.282125E+01	5.568179E+03
4.7	-1.199330E+06	1.806373E+02	5.313661E+01	5.568179E+03
4.705	-1.199330E+06	1.843154E+02	5.358008E+01	5.568179E+03
4.71	-1.199330E+06	1.976625E+02	5.385580E+01	5.568179E+03
4.715	-1.199330E+06	1.879357E+02	5.367179E+01	5.568179E+03
4.72	-1.199330E+06	1.861269E+02	5.378981E+01	5.568179E+03
4.725	-1.199330E+06	1.969619E+02	5.468129E+01	5.568179E+03
4.73	-1.199330E+06	2.046111E+02	5.512035E+01	5.568179E+03
4.735	-1.199330E+06	1.886153E+02	5.503031E+01	5.568179E+03
4.74	-1.199330E+06	1.920914E+02	5.460610E+01	5.568179E+03
4.745	-1.199330E+06	2.063478E+02	5.407634E+01	5.568179E+03
4.75	-1.199330E+06	1.925898E+02	5.416201E+01	5.568179E+03
4.755	-1.199330E+06	2.053100E+02	5.425937E+01	5.568179E+03
4.76	-1.199330E+06	2.081656E+02	5.398691E+01	5.568179E+03
4.765	-1.199330E+06	1.902580E+02	5.363891E+01	5.568179E+03
4.77	-1.199330E+06	1.904987E+02	5.356100E+01	5.568179E+03
4.775	-1.199330E+06	2.036734E+02	5.409192E+01	5.568179E+03
4.78	-1.199330E+06	2.093141E+02	5.485482E+01	5.568179E+03
4.785	-1.199329E+06	2.008635E+02	5.521721E+01	5.568179E+03
4.79	-1.199330E+06	2.234722E+02	5.498044E+01	5.568179E+03
4.795	-1.199330E+06	2.202149E+02	5.451613E+01	5.568179E+03
4.8	-1.199330E+06	2.042115E+02	5.366124E+01	5.568179E+03
4.805	-1.199330E+06	2.090840E+02	5.321140E+01	5.568179E+03
4.81	-1.199330E+06	2.075801E+02	5.360261E+01	5.568179E+03
4.815	-1.199330E+06	2.099974E+02	5.390725E+01	5.568179E+03
4.82	-1.199330E+06	2.064171E+02	5.400516E+01	5.568179E+03
4.825	-1.199330E+06	2.123614E+02	5.364358E+01	5.568179E+03
4.83	-1.199330E+06	2.072002E+02	5.333231E+01	5.568179E+03
4.835	-1.199330E+06	2.039835E+02	5.365757E+01	5.568179E+03
4.84	-1.199330E+06	2.083331E+02	5.414971E+01	5.568179E+03
4.845	-1.199330E+06	2.073401E+02	5.426470E+01	5.568179E+03
4.85	-1.199330E+06	2.113716E+02	5.391503E+01	5.568179E+03
4.855	-1.199330E+06	2.089226E+02	5.351673E+01	5.568179E+03
4.86	-1.199330E+06	2.205444E+02	5.331854E+01	5.568179E+03
4.865	-1.199330E+06	2.208709E+02	5.328326E+01	5.568179E+03
4.87	-1.199329E+06	2.142602E+02	5.327420E+01	5.568179E+03
4.875	-1.199330E+06	2.295451E+02	5.329214E+01	5.568179E+03
4.88	-1.199330E+06	2.257783E+02	5.323162E+01	5.568179E+03
4.885	-1.199330E+06	2.189831E+02	5.322569E+01	5.568179E+03
4.89	-1.199330E+06	2.203648E+02	5.402347E+01	5.568179E+03
4.895	-1.199330E+06	2.182251E+02	5.525322E+01	5.568179E+03
4.9	-1.199330E+06	2.314874E+02	5.598411E+01	5.568179E+03
4.905	-1.199330E+06	2.300107E+02	5.617533E+01	5.568179E+03
4.91	-1.199329E+06	2.289711E+02	5.591093E+01	5.568179E+03
4.915	-1.199330E+06	2.408006E+02	5.599312E+01	5.568179E+03
4.92	-1.199330E+06	2.432495E+02	5.611205E+01	5.568179E+03
4.925	-1.199330E+06	2.384190E+02	5.538053E+01	5.568179E+03
4.93	-1.199330E+06	2.269680E+02	5.445506E+01	5.568179E+03
4.935	-1.199329E+06	2.217249E+02	5.386965E+01	5.568179E+03
4.94	-1.199330E+06	2.329197E+02	5.404773E+01	5.568179E+03
4.945	-1.199329E+06	2.259749E+02	5.527800E+01	5.568179E+03
4.95	-1.199330E+06	2.373732E+02	5.615850E+01	5.568179E+03
4.955	-1.199329E+06	2.396173E+02	5.621251E+01	5.568179E+03
4.96	-1.199330E+06	2.361136E+02	5.533443E+01	5.568179E+03
4.965	-1.199329E+06	2.197027E+02	5.409764E+01	5.568179E+03
4.97	-1.199329E+06	2.223984E+02	5.327357E+01	5.568179E+03
4.975	-1.199330E+06	2.386334E+02	5.316805E+01	5.568179E+03
4.98	-1.199329E+06	2.356705E+02	5.336156E+01	5.568179E+03
4.985	-1.199330E+06	2.552893E+02	5.327086E+01	5.568179E+03
4.99	-1.199329E+06	2.457650E+02	5.348340E+01	5.568179E+03
4.995	-1.199329E+06	2.444619E+02	5.367396E+01	5.568179E+03
5.0	-1.199330E+06	2.562425E+02	5.398711E+01	5.568179E+03
5.005	-1.199329E+06	2.283643E+02	5.453138E+01	5.568179E+03
5.01	-1.199330E+06	2.439808E+02	5.439999E+01	5.568179E+03
5.015	-1.199330E+06	2.495123E+02	5.469240E+01	5.568179E+03
5.02	-1.199329E+06	2.374264E+02	5.515529E+01	5.568179E+03
5.025	-1.199329E+06	2.505249E+02	5.526831E+01	5.568179E+03
5.03	-1.199329E+06	2.613224E+02	5.603743E+01	5.568179E+03
5.035	-1.199329E+06	2.611528E+02	5.683510E+01	5.568179E+03
5.04	-1.199329E+06	2.669319E+02	5.674625E+01	5.568179E+03
5.045	-1.199329E+06	2.734820E+02	5.604895E+01	5.568179E+03
5.05	-1.199329E+06	2.669278E+02	5.494997E+01	5.568179E+03
5.055	-1.199329E+06	2.733396E+02	5.381239E+01	5.568179E+03
5.06	-1.199329E+06	2.554074E+02	5.304467E+01	5.568179E+03
5.065	-1.199329E+06	2.438637E+02	5.215384E+01	5.568179E+03
5.07	-1.199329E+06	2.583607E+02	5.127325E+01	5.568179E+03
5.075	-1.199329E+06	2.490329E+02	5.110319E+01	5.568179E+03
5.08	-1.199329E+06	2.599240E+02	5.170241E+01	5.568179E+03
5.085	-1.199329E+06	2.667956E+02	5.262684E+01	5.568179E+03
5.09	-1.199329E+06	2.592562E+02	5.330272E+01	5.568179E+03
5.095	-1.199329E+06	2.762032E+02	5.378784E+01	5.568179E+03
5.1	-1.199329E+06	2.884459E+02	5.412225E+01	5.568179E+03
5.105	-1.199329E+06	2.719380E+02	5.458465E+01	5.568179E+03
5.11	-1.199329E+06	2.708609E+02	5.519096E+01	5.568179E+03
5.115	-1.199329E+06	2.790426E+02	5.534089E+01	5.568179E+03
5.12	-1.199328E+06	2.773797E+02	5.454245E+01	5.568179E+03
5.125	-1.199329E+06	2.933957E+02	5.294160E+01	5.568179E+03
5.13	-1.199329E+06	3.036302E+02	5.135086E+01	5.568179E+03
5.135	-1.199328E+06	2.871086E+02	5.014964E+01	5.568179E+03
5.14	-1.199328E+06	2.722733E+02	4.966818E+01	5.568179E+03
5.145	-1.199329E+06	2.837253E+02	4.957229E+01	5.568179E+03
5.15	-1.199328E+06	2.762805E+02	4.916087E+01	5.568179E+03
5.155	-1.199328E+06	2.721471E+02	4.895949E+01	5.568179E+03
5.16	-1.199328E+06	2.723797E+02	4.975317E+01	5.568179E+03
5.165	-1.199328E+06	2.941530E+02	5.041198E+01	5.568179E+03
5.17	-1.199329E+06	2.994438E+02	5.113952E+01	5.568179E+03
5.175	-1.199328E+06	2.813904E+02	5.192425E+01	5.568179E+03
5.18	-1.199329E+06	2.922773E+02	5.188102E+01	5.568179E+03
5.185	-1.199328E+06	2.815553E+02	5.182554E+01	5.568179E+03
5.19	-1.199328E+06	2.879720E+02	5.170266E+01	5.568179E+03
5.195	-1.199329E+06	2.937503E+02	5.186305E+01	5.568179E+03
5.2	-1.199328E+06	2.765751E+02	5.227371E+01	5.568179E+03
5.205	-1.199329E+06	2.980781E+02	5.223114E+01	5.568179E+03
5.21	-1.199328E+06	2.991899E+02	5.222764E+01	5.568179E+03
5.215	-1.199329E+06	3.096554E+02	5.156753E+01	5.568179E+03
5.22	-1.199328E+06	2.905555E+02	5.129319E+01	5.568179E+03
5.225	-1.199328E+06	2.905989E+02	5.163944E+01	5.568179E+03
5.23	-1.199328E+06	3.104115E+02	5.218813E+01	5.568179E+03
5.235	-1.199328E+06	3.131290E+02	5.288262E+01	5.568179E+03
5.24	-1.199328E+06	3.318983E+02	5.308657E+01	5.568179E+03
5.245	-1.199328E+06	3.110627E+02	5.388785E+01	5.568179E+03
5.25	-1.199328E+06	3.114188E+02	5.494465E+01	5.568179E+03
5.255	-1.199328E+06	3.257629E+02	5.524174E+01	5.568179E+03
5.26	-1.199328E+06	3.131195E+02	5.470633E+01	5.568179E+03
5.265	-1.199328E+06	3.113334E+02	5.360198E+01	5.568179E+03
5.27	-1.199327E+06	2.999293E+02	5.351649E+01	5.568179E+03
5.275	-1.199328E+06	3.287584E+02	5.420345E+01	5.568179E+03
5.28	-1.199328E+06	3.491785E+02	5.468192E+01	5.568179E+03
5.285	-1.199328E+06	3.361484E+02	5.451128E+01	5.568179E+03
5.29	-1.199327E+06	3.181101E+02	5.352982E+01	5.568179E+03
5.295	-1.199327E+06	3.258598E+02	5.273222E+01	5.568179E+03
5.3	-1.199328E+06	3.464236E+02	5.271275E+01	5.568179E+03
5.305	-1.199327E+06	3.275497E+02	5.256600E+01	5.568179E+03
5.31	-1.199327E+06	3.195324E+02	5.178950E+01	5.568179E+03
5.315	-1.199328E+06	3.255698E+02	5.090158E+01	5.568179E+03
5.32	-1.199327E+06	3.234692E+02	5.072017E+01	5.568179E+03
5.325	-1.199327E+06	3.234410E+02	5.178991E+01	5.568179E+03
5.33	-1.199327E+06	3.354974E+02	5.324147E+01	5.568179E+03
5.335	-1.199327E+06	3.402155E+02	5.417204E+01	5.568179E+03
5.34	-1.199328E+06	3.488446E+02	5.410363E+01	5.568179E+03
5.345	-1.199327E+06	3.397645E+02	5.353874E+01	5.568179E+03
5.35	-1.199327E+06	3.459331E+02	5.273670E+01	5.568179E+03
5.355	-1.199327E+06	3.346512E+02	5.237306E+01	5.568179E+03
5.36	-1.199327E+06	3.269109E+02	5.253297E+01	5.568179E+03
5.365	-1.199327E+06	3.533332E+02	5.285313E+01	5.568179E+03
5.37	-1.199327E+06	3.647663E+02	5.269429E+01	5.568179E+03
5.375	-1.199327E+06	3.567130E+02	5.183322E+01	5.568179E+03
5.38	-1.199327E+06	3.437596E+02	5.113212E+01	5.568179E+03
5.385	-1.199327E+06	3.581015E+02	5.115184E+01	5.568179E+03
5.39	-1.199327E+06	3.514041E+02	5.181640E+01	5.568179E+03
5.395	-1.199327E+06	3.451172E+02	5.164141E+01	5.568179E+03
5.4	-1.199327E+06	3.489727E+02	5.149625E+01	5.568179E+03
5.405	-1.199326E+06	3.572525E+02	5.236915E+01	5.568179E+03
5.41	-1.199327E+06	3.803407E+02	5.323880E+01	5.568179E+03
5.415	-1.199326E+06	3.591323E+02	5.467692E+01	5.568179E+03
5.42	-1.199327E+06	3.630883E+02	5.542888E+01	5.568179E+03
5.425	-1.199327E+06	3.631896E+02	5.486934E+01	5.568179E+03
5.43	-1.199326E+06	3.619962E+02	5.397316E+01	5.568179E+03
5.435	-1.199327E+06	3.909368E+02	5.226703E+01	5.568179E+03
5.44	-1.199326E+06	3.857139E+02	5.025273E+01	5.568179E+03
5.445	-1.199326E+06	3.637850E+02	4.868269E+01	5.568179E+03
5.45	-1.199326E+06	3.536766E+02	4.711221E+01	5.568179E+03
5.455	-1.199327E+06	3.641199E+02	4.598829E+01	5.568179E+03
5.46	-1.199326E+06	3.517711E+02	4.650396E+01	5.568179E+03
5.465	-1.199326E+06	3.789894E+02	4.791085E+01	5.568179E+03
5.47	-1.199327E+06	4.048852E+02	4.992422E+01	5.568179E+03
5.475	-1.199325E+06	3.608978E+02	5.219139E+01	5.568179E+03
5.48	-1.199326E+06	3.927278E+02	5.331475E+01	5.568179E+03
5.485	-1.199326E+06	4.112046E+02	5.449150E+01	5.568179E+03
5.49	-1.199325E+06	3.957253E+02	5.533967E+01	5.568179E+03
5.495	-1.199326E+06	4.047022E+02	5.500578E+01	5.568179E+03
5.5	-1.199326E+06	3.888441E+02	5.392828E+01	5.568179E+03
5.505	-1.199326E+06	3.789322E+02	5.174342E+01	5.568179E+03
5.51	-1.199325E+06	3.773918E+02	4.939330E+01	5.568179E+03
5.515	-1.199326E+06	3.918339E+02	4.768596E+01	5.568179E+03
5.52	-1.199325E+06	3.976592E+02	4.738429E+01	5.568179E+03
5.525	-1.199326E+06	4.189502E+02	4.816489E+01	5.568179E+03
5.53	-1.199326E+06	4.327916E+02	4.882009E+01	5.568179E+03
5.535	-1.199326E+06	4.282091E+02	4.891730E+01	5.568179E+03
5.54	-1.199325E+06	4.119442E+02	4.903198E+01	5.568179E+03
5.545	-1.199326E+06	4.073138E+02	4.934133E+01	5.568179E+03
5.55	-1.199325E+06	3.926973E+02	5.014793E+01	5.568179E+03
5.555	-1.199326E+06	4.012867E+02	5.062294E+01	5.568179E+03
5.56	-1.199325E+06	4.039461E+02	5.086405E+01	5.568179E+03
5.565	-1.199325E+06	4.089162E+02	5.088909E+01	5.568179E+03
5.57	-1.199325E+06	4.295305E+02	5.042440E+01	5.568179E+03
5.575	-1.199325E+06	4.342707E+02	4.965814E+01	5.568179E+03
5.58	-1.199325E+06	4.208767E+02	4.839584E+01	5.568179E+03
5.585	-1.199325E+06	4.258969E+02	4.689710E+01	5.568179E+03
5.59	-1.199325E+06	4.147764E+02	4.594272E+01	5.568179E+03
5.595	-1.199325E+06	4.031442E+02	4.483001E+01	5.568179E+03
5.6	-1.199325E+06	4.132405E+02	4.403509E+01	5.568179E+03
5.605	-1.199325E+06	4.266828E+02	4.475824E+01	5.568179E+03
5.61	-1.199325E+06	4.300707E+02	4.651065E+01	5.568179E+03
5.615	-1.199325E+06	4.407201E+02	4.817452E+01	5.568179E+03
5.62	-1.199325E+06	4.401958E+02	4.932989E+01	5.568179E+03
5.625	-1.199325E+06	4.377300E+02	4.935624E+01	5.568179E+03
5.63	-1.199324E+06	4.245861E+02	4.929157E+01	5.568179E+03
5.635	-1.199325E+06	4.547087E+02	4.977261E+01	5.568179E+03
5.64	-1.199325E+06	4.634211E+02	4.973580E+01	5.568179E+03
5.645	-1.199325E+06	4.657617E+02	4.805757E+01	5.568179E+03
5.65	-1.199325E+06	4.452355E+02	4.645088E+01	5.568179E+03
5.655	-1.199324E+06	4.286255E+02	4.487206E+01	5.568179E+03
5.66	-1.199326E+06	4.665413E+02	4.373951E+01	5.568179E+03
5.665	-1.199324E+06	4.264413E+02	4.532576E+01	5.568179E+03
5.67	-1.199324E+06	4.298095E+02	4.693864E+01	5.568179E+03
5.675	-1.199326E+06	4.911523E+02	4.778617E+01	5.568179E+03
5.68	-1.199324E+06	4.689234E+02	4.894170E+01	5.568179E+03
5.685	-1.199325E+06	4.861978E+02	4.888044E+01	5.568179E+03
5.69	-1.199325E+06	4.700478E+02	4.950003E+01	5.568179E+03
5.695	-1.199324E+06	4.568889E+02	5.046254E+01	5.568179E+03
5.7	-1.199325E+06	4.827367E+02	4.981784E+01	5.568179E+03
5.705	-1.199324E+06	4.609987E+02	4.923030E+01	5.568179E+03
5.71	-1.199325E+06	4.824697E+02	4.928549E+01	5.568179E+03
5.715	-1.199324E+06	4.799632E+02	4.934762E+01	5.568179E+03
5.72	-1.199324E+06	4.713284E+02	4.876507E+01	5.568179E+03
5.725	-1.199324E+06	4.670958E+02	4.840815E+01	5.568179E+03
5.73	-1.199324E+06	4.720202E+02	4.735540E+01	5.568179E+03
5.735	-1.199324E+06	4.713554E+02	4.570551E+01	5.568179E+03
5.74	-1.199324E+06	4.507017E+02	4.527339E+01	5.568179E+03
5.745	-1.199324E+06	4.711936E+02	4.468143E+01	5.568179E+03
5.75	-1.199324E+06	4.826614E+02	4.451700E+01	5.568179E+03
5.755	-1.199323E+06	4.665066E+02	4.588210E+01	5.568179E+03
5.76	-1.199324E+06	5.046839E+02	4.700680E+01	5.568179E+03
5.765	-1.199324E+06	5.131421E+02	4.881951E+01	5.568179E+03
5.77	-1.199323E+06	4.976427E+02	5.055153E+01	5.568179E+03
5.775	-1.199324E+06	5.026823E+02	5.141697E+01	5.568179E+03
5.78	-1.199323E+06	4.826588E+02	5.266663E+01	5.568179E+03
5.785	-1.199324E+06	5.070375E+02	5.234044E+01	5.568179E+03
5.79	-1.199324E+06	5.092233E+02	5.096395E+01	5.568179E+03
5.795	-1.199323E+06	4.675769E+02	5.040235E+01	5.568179E+03
5.8	-1.199324E+06	4.933893E+02	5.041266E+01	5.568179E+03
5.805	-1.199323E+06	5.028077E+02	5.059384E+01	5.568179E+03
5.81	-1.199324E+06	5.108083E+02	4.961533E+01	5.568179E+03
5.815	-1.199323E+06	5.082689E+02	4.826924E+01	5.568179E+03
5.82	-1.199323E+06	5.187107E+02	4.700831E+01	5.568179E+03
5.825	-1.199324E+06	5.337387E+02	4.616455E+01	5.568179E+03
5.83	-1.199322E+06	5.005101E+02	4.669090E+01	5.568179E+03
5.835	-1.199324E+06	5.350828E+02	4.764374E+01	5.568179E+03
5.84	-1.199324E+06	5.362779E+02	4.904144E+01	5.568179E+03
5.845	-1.199322E+06	5.022625E+02	5.018455E+01	5.568179E+03
5.85	-1.199325E+06	5.598086E+02	4.990940E+01	5.568179E+03
5.855	-1.199323E+06	5.099434E+02	5.032414E+01	5.568179E+03
5.86	-1.199322E+06	4.917819E+02	5.077619E+01	5.568179E+03
5.865	-1.199325E+06	5.718548E+02	5.097144E+01	5.568179E+03
5.87	-1.199322E+06	5.375049E+02	5.142756E+01	5.568179E+03
5.875	-1.199323E+06	5.240438E+02	5.005724E+01	5.568179E+03
5.88	-1.199323E+06	5.180192E+02	4.883946E+01	5.568179E+03
5.885	-1.199323E+06	5.219829E+02	4.769797E+01	5.568179E+03
5.89	-1.199323E+06	5.143496E+02	4.631651E+01	5.568179E+03
5.895	-1.199323E+06	5.196044E+02	4.530335E+01	5.568179E+03
5.9	-1.199323E+06	5.435927E+02	4.477778E+01	5.568179E+03
5.905	-1.199322E+06	5.482764E+02	4.556532E+01	5.568179E+03
5.91	-1.199323E+06	5.702314E+02	4.612797E+01	5.568179E+03
5.915	-1.199323E+06	5.481251E+02	4.606148E+01	5.568179E+03
5.92	-1.199322E+06	5.240008E+02	4.626476E+01	5.568179E+03
5.925	-1.199323E+06	5.734971E+02	4.653682E+01	5.568179E+03
5.93	-1.199323E+06	5.675687E+02	4.813295E+01	5.568179E+03
5.935	-1.199322E+06	5.455456E+02	4.999798E+01	5.568179E+03
5.94	-1.199324E+06	5.844036E+02	5.042333E+01	5.568179E+03
5.945	-1.199322E+06	5.531475E+02	5.021366E+01	5.568179E+03
5.95	-1.199323E+06	5.531730E+02	4.811558E+01	5.568179E+03
5.955	-1.199322E+06	5.371152E+02	4.642664E+01	5.568179E+03
5.96	-1.199322E+06	5.334031E+02	4.623974E+01	5.568179E+03
5.965	-1.199323E+06	5.598426E+02	4.605719E+01	5.568179E+03
5.97	-1.199321E+06	5.420853E+02	4.610912E+01	5.568179E+03
5.975	-1.199323E+06	5.789842E+02	4.549157E+01	5.568179E+03
5.98	-1.199322E+06	5.718994E+02	4.499683E+01	5.568179E+03
5.985	-1.199321E+06	5.677577E+02	4.511521E+01	5.568179E+03
5.99	-1.199323E+06	6.164150E+02	4.532796E+01	5.568179E+03
5.995	-1.199322E+06	5.966378E+02	4.602281E+01	5.568179E+03
6.0	-1.199322E+06	5.754409E+02	4.674862E+01	5.568179E+03
6.005	-1.199322E+06	5.830639E+02	4.745547E+01	5.568179E+03
6.01	-1.199322E+06	5.926292E+02	4.763469E+01	5.568179E+03
6.015	-1.199322E+06	5.940854E+02	4.758064E+01	5.568179E+03
6.02	-1.199321E+06	5.742520E+02	4.799929E+01	5.568179E+03
6.025	-1.199323E+06	5.962707E+02	4.770991E+01	5.568179E+03
6.03	-1.199321E+06	5.824770E+02	4.803065E+01	5.568179E+03
6.035	-1.199322E+06	5.905219E+02	4.835015E+01	5.568179E+03
6.04	-1.199322E+06	5.976244E+02	4.761467E+01	5.568179E+03
6.045	-1.199322E+06	5.777172E+02	4.662736E+01	5.568179E+03
6.05	-1.199322E+06	5.727261E+02	4.627624E+01	5.568179E+03
6.055	-1.199321E+06	5.734653E+02	4.747352E+01	5.568179E+03
6.06	-1.199322E+06	6.137806E+02	4.890887E+01	5.568179E+03
6.065	-1.199322E+06	6.123710E+02	4.914450E+01	5.568179E+03
6.07	-1.199321E+06	5.811208E+02	4.937365E+01	5.568179E+03
6.075	-1.199322E+06	6.219642E+02	5.082351E+01	5.568179E+03
6.08	-1.199323E+06	6.599255E+02	5.150833E+01	5.568179E+03
6.085	-1.199321E+06	5.966849E+02	5.049489E+01	5.568179E+03
6.09	-1.199321E+06	5.894003E+02	4.907638E+01	5.568179E+03
6.095	-1.199321E+06	6.104601E+02	4.948079E+01	5.568179E+03
6.1	-1.199322E+06	6.263182E+02	5.069669E+01	5.568179E+03
6.105	-1.199321E+06	6.137919E+02	5.065170E+01	5.568179E+03
6.11	-1.199321E+06	6.090518E+02	4.953936E+01	5.568179E+03
6.115	-1.199322E+06	6.082843E+02	4.816863E+01	5.568179E+03
6.12	-1.199321E+06	5.971266E+02	4.670694E+01	5.568179E+03
6.125	-1.199322E+06	6.315431E+02	4.612440E+01	5.568179E+03
6.13	-1.199322E+06	6.413510E+02	4.683843E+01	5.568179E+03
6.135	-1.199321E+06	6.249105E+02	4.763317E+01	5.568179E+03
6.14	-1.199321E+06	6.153584E+02	4.828225E+01	5.568179E+03
6.145	-1.199321E+06	6.202293E+02	4.846841E+01	5.568179E+03
6.15	-1.199322E+06	6.171244E+02	4.904002E+01	5.568179E+03
6.155	-1.199320E+06	5.952172E+02	5.080968E+01	5.568179E+03
6.16	-1.199322E+06	6.382827E+02	5.138929E+01	5.568179E+03
6.165	-1.199321E+06	6.472345E+02	5.056726E+01	5.568179E+03
6.17	-1.199321E+06	6.302546E+02	4.804971E+01	5.568179E+03
6.175	-1.199321E+06	6.079466E+02	4.568008E+01	5.568179E+03
6.18	-1.199320E+06	5.844772E+02	4.602858E+01	5.568179E+03
6.185	-1.199321E+06	6.157731E+02	4.746732E+01	5.568179E+03
6.19	-1.199321E+06	6.450093E+02	4.864893E+01	5.568179E+03
6.195	-1.199321E+06	6.382980E+02	4.926440E+01	5.568179E+03
6.2	-1.199320E+06	6.141527E+02	4.988868E+01	5.568179E+03
6.205	-1.199321E+06	6.398107E+02	5.093913E+01	5.568179E+03
6.21	-1.199321E+06	6.592129E+02	5.190869E+01	5.568179E+03
6.215	-1.199321E+06	6.521901E+02	5.300066E+01	5.568179E+03
6.22	-1.199321E+06	6.553017E+02	5.367515E+01	5.568179E+03
6.225	-1.199321E+06	6.616597E+02	5.355757E+01	5.568179E+03
6.23	-1.199321E+06	6.661680E+02	5.371198E+01	5.568179E+03
6.235	-1.199321E+06	6.690219E+02	5.295393E+01	5.568179E+03
6.24	-1.199321E+06	6.492613E+02	5.183012E+01	5.568179E+03
6.245	-1.199320E+06	6.382696E+02	5.180847E+01	5.568179E+03
6.25	-1.199321E+06	6.656984E+02	5.188242E+01	5.568179E+03
6.255	-1.199320E+06	6.534674E+02	5.263518E+01	5.568179E+03
6.26	-1.199321E+06	6.530769E+02	5.292690E+01	5.568179E+03
6.265	-1.199320E+06	6.353181E+02	5.188556E+01	5.568179E+03
6.27	-1.199320E+06	6.297902E+02	5.097178E+01	5.568179E+03
6.275	-1.199321E+06	6.484670E+02	5.109722E+01	5.568179E+03
6.28	-1.199320E+06	6.375983E+02	5.115567E+01	5.568179E+03
6.285	-1.199321E+06	6.426492E+02	5.031307E+01	5.568179E+03
6.29	-1.199320E+06	6.393682E+02	5.007343E+01	5.568179E+03
6.295	-1.199321E+06	6.920741E+02	4.980607E+01	5.568179E+03
6.3	-1.199321E+06	6.926455E+02	4.980976E+01	5.568179E+03
6.305	-1.199319E+06	6.471224E+02	4.972885E+01	5.568179E+03
6.31	-1.199322E+06	6.764557E+02	4.850562E+01	5.568179E+03
6.315	-1.199319E+06	6.302399E+02	4.870098E+01	5.568179E+03
6.32	-1.199321E+06	6.551298E+02	4.994255E+01	5.568179E+03
6.325	-1.199321E+06	6.708300E+02	5.117160E+01	5.568179E+03
6.33	-1.199320E+06	6.385295E+02	5.110392E+01	5.568179E+03
6.335	-1.199320E+06	6.470562E+02	5.048082E+01	5.568179E+03
6.34	-1.199320E+06	6.568954E+02	5.138252E+01	5.568179E+03
6.345	-1.199321E+06	6.777016E+02	5.242273E+01	5.568179E+03
6.35	-1.199320E+06	6.559556E+02	5.310696E+01	5.568179E+03
6.355	-1.199320E+06	6.724610E+02	5.302496E+01	5.568179E+03
6.36	-1.199321E+06	6.908098E+02	5.209886E+01	5.568179E+03
6.365	-1.199320E+06	6.626801E+02	5.114159E+01	5.568179E+03
6.37	-1.199320E+06	6.692128E+02	5.002053E+01	5.568179E+03
6.375	-1.199321E+06	6.767590E+02	4.841847E+01	5.568179E+03
6.38	-1.199320E+06	6.327740E+02	4.659863E+01	5.568179E+03
6.385	-1.199319E+06	6.276182E+02	4.560573E+01	5.568179E+03
6.39	-1.199321E+06	6.815857E+02	4.618176E+01	5.568179E+03
6.395	-1.199320E+06	6.854676E+02	4.829943E+01	5.568179E+03
6.4	-1.199321E+06	7.102519E+02	4.954145E+01	5.568179E+03
6.405	-1.199319E+06	6.745845E+02	5.082059E+01	5.568179E+03
6.41	-1.199320E+06	6.869441E+02	5.233865E+01	5.568179E+03
6.415	-1.199320E+06	7.007977E+02	5.332973E+01	5.568179E+03
6.42	-1.199320E+06	6.892012E+02	5.322906E+01	5.568179E+03
6.425	-1.199321E+06	7.082353E+02	5.209950E+01	5.568179E+03
6.43	-1.199319E+06	6.864934E+02	5.042320E+01	5.568179E+03
6.435	-1.199321E+06	7.049045E+02	4.793890E+01	5.568179E+03
6.44	-1.199319E+06	6.324451E+02	4.677507E+01	5.568179E+03
6.445	-1.199319E+06	6.502902E+02	4.521938E+01	5.568179E+03
6.45	-1.199322E+06	6.886915E+02	4.390178E+01	5.568179E+03
6.455	-1.199317E+06	5.872991E+02	4.412805E+01	5.568179E+03
6.46	-1.199321E+06	6.657574E+02	4.384009E+01	5.568179E+03
6.465	-1.199321E+06	6.926934E+02	4.490293E+01	5.568179E+03
6.47	-1.199319E+06	6.515335E+02	4.518513E+01	5.568179E+03
6.475	-1.199320E+06	6.615330E+02	4.475364E+01	5.568179E+03
6.48	-1.199319E+06	6.698250E+02	4.606062E+01	5.568179E+03
6.485	-1.199321E+06	7.032599E+02	4.789579E+01	5.568179E+03
6.49	-1.199318E+06	6.368580E+02	5.024970E+01	5.568179E+03
6.495	-1.199320E+06	6.655702E+02	5.140294E+01	5.568179E+03
6.5	-1.199320E+06	6.804639E+02	5.187490E+01	5.568179E+03
6.505	-1.199319E+06	6.576707E+02	5.137989E+01	5.568179E+03
6.51	-1.199321E+06	6.931665E+02	5.112466E+01	5.568179E+03
6.515	-1.199320E+06	6.582957E+02	5.212994E+01	5.568179E+03
6.52	-1.199319E+06	6.635362E+02	5.203313E+01	5.568179E+03
6.525	-1.199322E+06	7.285634E+02	5.225937E+01	5.568179E+03
6.53	-1.199319E+06	6.866032E+02	5.311477E+01	5.568179E+03
6.535	-1.199321E+06	7.125009E+02	5.201697E+01	5.568179E+03
6.54	-1.199319E+06	6.857996E+02	5.200845E+01	5.568179E+03
6.545	-1.199320E+06	6.901353E+02	5.139604E+01	5.568179E+03
6.55	-1.199320E+06	6.946205E+02	5.008120E+01	5.568179E+03
6.555	-1.199320E+06	6.611438E+02	5.013339E+01	5.568179E+03
6.56	-1.199320E+06	6.697929E+02	5.052967E+01	5.568179E+03
6.565	-1.199320E+06	6.798161E+02	5.091804E+01	5.568179E+03
6.57	-1.199319E+06	6.745916E+02	5.151016E+01	5.568179E+03
6.575	-1.199321E+06	7.104365E+02	5.070166E+01	5.568179E+03
6.58	-1.199319E+06	6.676105E+02	5.010951E+01	5.568179E+03
6.585	-1.199320E+06	6.479217E+02	4.983127E+01	5.568179E+03
6.59	-1.199320E+06	6.460675E+02	5.009028E+01	5.568179E+03
6.595	-1.199320E+06	6.659300E+02	5.042814E+01	5.568179E+03
6.6	-1.199320E+06	6.725961E+02	5.052640E+01	5.568179E+03
6.605	-1.199320E+06	6.589199E+02	5.087233E+01	5.568179E+03
6.61	-1.199320E+06	6.882702E+02	4.998596E+01	5.568179E+03
6.615	-1.199320E+06	6.842528E+02	4.984940E+01	5.568179E+03
6.62	-1.199320E+06	6.769421E+02	5.121766E+01	5.568179E+03
6.625	-1.199321E+06	7.039397E+02	5.059875E+01	5.568179E+03
6.63	-1.199319E+06	6.570446E+02	5.006328E+01	5.568179E+03
6.635	-1.199320E+06	6.748903E+02	5.005661E+01	5.568179E+03
6.64	-1.199322E+06	7.081214E+02	4.844439E+01	5.568179E+03
6.645	-1.199319E+06	6.309518E+02	4.753452E+01	5.568179E+03
6.65	-1.199320E+06	6.407022E+02	4.770376E+01	5.568179E+03
6.655	-1.199321E+06	6.757072E+02	4.804667E+01	5.568179E+03
6.66	-1.199320E+06	6.664850E+02	4.942620E+01	5.568179E+03
6.665	-1.199320E+06	6.669563E+02	5.080610E+01	5.568179E+03
6.67	-1.199320E+06	6.568322E+02	5.068264E+01	5.568179E+03
6.675	-1.199321E+06	6.731332E+02	5.137992E+01	5.568179E+03
6.68	-1.199321E+06	6.670932E+02	5.288695E+01	5.568179E+03
6.685	-1.199320E+06	6.415086E+02	5.285970E+01	5.568179E+03
6.69	-1.199321E+06	6.791566E+02	5.216739E+01	5.568179E+03
6.695	-1.199320E+06	6.720666E+02	5.070139E+01	5.568179E+03
6.7	-1.199321E+06	6.807966E+02	4.858513E+01	5.568179E+03
6.705	-1.199321E+06	6.479022E+02	4.868001E+01	5.568179E+03
6.71	-1.199319E+06	6.212207E+02	4.870310E+01	5.568179E+03
6.715	-1.199322E+06	6.755572E+02	4.860263E+01	5.568179E+03
6.72	-1.199320E+06	6.473128E+02	5.052269E+01	5.568179E+03
6.725	-1.199321E+06	6.794073E+02	5.164132E+01	5.568179E+03
6.73	-1.199322E+06	7.039887E+02	5.246342E+01	5.568179E+03
6.735	-1.199320E+06	6.571897E+02	5.358826E+01	5.568179E+03
6.74	-1.199321E+06	6.638228E+02	5.392007E+01	5.568179E+03
6.745	-1.199321E+06	6.897987E+02	5.322032E+01	5.568179E+03
6.75	-1.199321E+06	6.674101E+02	5.235138E+01	5.568179E+03
6.755	-1.199320E+06	6.242203E+02	5.228234E+01	5.568179E+03
6.76	-1.199321E+06	6.673392E+02	5.171168E+01	5.568179E+03
6.765	-1.199321E+06	6.772467E+02	5.099378E+01	5.568179E+03
6.77	-1.199320E+06	6.376694E+02	4.991167E+01	5.568179E+03
6.775	-1.199321E+06	6.603380E+02	4.847617E+01	5.568179E+03
6.78	-1.199321E+06	6.433406E+02	4.825397E+01	5.568179E+03
6.785	-1.199320E+06	6.242209E+02	4.764072E+01	5.568179E+03
6.79	-1.199321E+06	6.327961E+02	4.832314E+01	5.568179E+03
6.795	-1.199321E+06	6.388214E+02	5.103430E+01	5.568179E+03
6.8	-1.199321E+06	6.364724E+02	5.204436E+01	5.568179E+03
6.805	-1.199321E+06	6.172394E+02	5.300719E+01	5.568179E+03
6.81	-1.199321E+06	6.316873E+02	5.392442E+01	5.568179E+03
6.815	-1.199321E+06	6.501463E+02	5.258674E+01	5.568179E+03
6.82	-1.199321E+06	6.220947E+02	5.177295E+01	5.568179E+03
6.825	-1.199320E+06	6.328488E+02	5.097152E+01	5.568179E+03
6.83	-1.199322E+06	6.811360E+02	4.846432E+01	5.568179E+03
6.835	-1.199321E+06	6.600798E+02	4.635681E+01	5.568179E+03
6.84	-1.199320E+06	6.146655E+02	4.513361E+01	5.568179E+03
6.845	-1.199322E+06	6.539647E+02	4.451426E+01	5.568179E+03
6.85	-1.199322E+06	6.460422E+02	4.565694E+01	5.568179E+03
6.855	-1.199320E+06	6.140098E+02	4.643773E+01	5.568179E+03
6.86	-1.199322E+06	6.453703E+02	4.599064E+01	5.568179E+03
6.865	-1.199321E+06	6.350989E+02	4.700964E+01	5.568179E+03
6.87	-1.199321E+06	6.013045E+02	4.844409E+01	5.568179E+03
6.875	-1.199322E+06	6.152495E+02	4.906413E+01	5.568179E+03
6.88	-1.199322E+06	6.021872E+02	5.050651E+01	5.568179E+03
6.885	-1.199320E+06	5.859164E+02	5.072584E+01	5.568179E+03
6.89	-1.199322E+06	6.300512E+02	4.963533E+01	5.568179E+03
6.895	-1.199321E+06	6.159245E+02	5.072031E+01	5.568179E+03
6.9	-1.199321E+06	6.155965E+02	5.070401E+01	5.568179E+03
6.905	-1.199322E+06	6.321728E+02	4.855499E+01	5.568179E+03
6.91	-1.199321E+06	5.802985E+02	4.623809E+01	5.568179E+03
6.915	-1.199321E+06	5.883238E+02	4.389296E+01	5.568179E+03
6.92	-1.199323E+06	6.580492E+02	4.281029E+01	5.568179E+03
6.925	-1.199321E+06	6.357152E+02	4.278119E+01	5.568179E+03
6.93	-1.199321E+06	6.132091E+02	4.229755E+01	5.568179E+03
6.935	-1.199322E+06	6.126017E+02	4.206180E+01	5.568179E+03
6.94	-1.199322E+06	5.996333E+02	4.290017E+01	5.568179E+03
6.945	-1.199321E+06	6.059022E+02	4.433408E+01	5.568179E+03
6.95	-1.199323E+06	6.435937E+02	4.576623E+01	5.568179E+03
6.955	-1.199322E+06	6.189034E+02	4.796735E+01	5.568179E+03
6.96	-1.199321E+06	6.030480E+02	4.955824E+01	5.568179E+03
6.965	-1.199323E+06	6.278829E+02	5.020765E+01	5.568179E+03
6.97	-1.199322E+06	5.847076E+02	5.068274E+01	5.568179E+03
6.975	-1.199321E+06	5.500146E+02	4.992661E+01	5.568179E+03
6.98	-1.199322E+06	5.680344E+02	4.905292E+01	5.568179E+03
6.985	-1.199322E+06	5.715264E+02	4.944905E+01	5.568179E+03
6.99	-1.199322E+06	5.952342E+02	4.862308E+01	5.568179E+03
6.995	-1.199322E+06	5.915799E+02	4.693833E+01	5.568179E+03
7.0	-1.199321E+06	5.741367E+02	4.582698E+01	5.568179E+03
7.005	-1.199323E+06	6.118198E+02	4.425050E+01	5.568179E+03
7.01	-1.199322E+06	5.814579E+02	4.368202E+01	5.568179E+03
7.015	-1.199323E+06	5.807043E+02	4.374768E+01	5.568179E+03
7.02	-1.199322E+06	5.766714E+02	4.469329E+01	5.568179E+03
7.025	-1.199323E+06	5.880915E+02	4.600963E+01	5.568179E+03
7.03	-1.199322E+06	5.843122E+02	4.812029E+01	5.568179E+03
7.035	-1.199323E+06	5.968864E+02	5.039188E+01	5.568179E+03
7.04	-1.199323E+06	5.894952E+02	5.164037E+01	5.568179E+03
7.045	-1.199322E+06	5.507925E+02	5.279859E+01	5.568179E+03
7.05	-1.199322E+06	5.651438E+02	5.409199E+01	5.568179E+03
7.055	-1.199323E+06	5.913561E+02	5.416998E+01	5.568179E+03
7.06	-1.199323E+06	5.817293E+02	5.361541E+01	5.568179E+03
7.065	-1.199323E+06	5.587944E+02	5.235843E+01	5.568179E+03
7.07	-1.199322E+06	5.338497E+02	5.116902E+01	5.568179E+03
7.075	-1.199322E+06	5.587341E+02	5.137592E+01	5.568179E+03
7.08	-1.199323E+06	6.047506E+02	5.117055E+01	5.568179E+03
7.085	-1.199323E+06	5.851300E+02	5.026701E+01	5.568179E+03
7.09	-1.199322E+06	5.403836E+02	4.966227E+01	5.568179E+03
7.095	-1.199323E+06	5.427731E+02	4.934352E+01	5.568179E+03
7.1	-1.199323E+06	5.556250E+02	4.938039E+01	5.568179E+03
7.105	-1.199323E+06	5.529226E+02	4.961297E+01	5.568179E+03
7.11	-1.199323E+06	5.345723E+02	4.946876E+01	5.568179E+03
7.115	-1.199322E+06	5.097612E+02	4.983604E+01	5.568179E+03
7.12	-1.199322E+06	5.313312E+02	5.093338E+01	5.568179E+03
7.125	-1.199324E+06	5.808261E+02	5.148726E+01	5.568179E+03
7.13	-1.199323E+06	5.466089E+02	5.181755E+01	5.568179E+03
7.135	-1.199322E+06	5.213988E+02	5.153472E+01	5.568179E+03
7.14	-1.199323E+06	5.533789E+02	5.142380E+01	5.568179E+03
7.145	-1.199324E+06	5.608001E+02	5.199068E+01	5.568179E+03
7.15	-1.199323E+06	5.252289E+02	5.157988E+01	5.568179E+03
7.155	-1.199323E+06	5.336379E+02	4.977845E+01	5.568179E+03
7.16	-1.199323E+06	5.391015E+02	4.835551E+01	5.568179E+03
7.165	-1.199323E+06	5.290410E+02	4.780094E+01	5.568179E+03
7.17	-1.199323E+06	5.007841E+02	4.806880E+01	5.568179E+03
7.175	-1.199323E+06	4.925724E+02	4.809519E+01	5.568179E+03
7.18	-1.199324E+06	5.145283E+02	4.742419E+01	5.568179E+03
7.185	-1.199323E+06	5.145532E+02	4.788408E+01	5.568179E+03
7.19	-1.199324E+06	5.521569E+02	4.924356E+01	5.568179E+03
7.195	-1.199323E+06	5.336500E+02	5.105977E+01	5.568179E+03
7.2	-1.199324E+06	5.244333E+02	5.232962E+01	5.568179E+03
7.205	-1.199323E+06	5.042886E+02	5.277448E+01	5.568179E+03
7.21	-1.199324E+06	4.999314E+02	5.158997E+01	5.568179E+03
7.215	-1.199323E+06	4.817126E+02	5.021634E+01	5.568179E+03
7.22	-1.199323E+06	4.952007E+02	4.954558E+01	5.568179E+03
7.225	-1.199324E+06	5.278984E+02	4.898549E+01	5.568179E+03
7.23	-1.199323E+06	5.125880E+02	4.852398E+01	5.568179E+03
7.235	-1.199324E+06	5.224217E+02	4.803171E+01	5.568179E+03
7.24	-1.199324E+06	5.158013E+02	4.761332E+01	5.568179E+03
7.245	-1.199323E+06	5.011127E+02	4.752033E+01	5.568179E+03
7.25	-1.199325E+06	5.319402E+02	4.757196E+01	5.568179E+03
7.255	-1.199323E+06	4.975951E+02	4.831257E+01	5.568179E+03
7.26	-1.199324E+06	4.841131E+02	4.887853E+01	5.568179E+03
7.265	-1.199324E+06	4.734681E+02	4.948281E+01	5.568179E+03
7.27	-1.199324E+06	4.863992E+02	4.961373E+01	5.568179E+03
7.275	-1.199324E+06	4.931393E+02	4.935262E+01	5.568179E+03
7.28	-1.199324E+06	4.869403E+02	4.925983E+01	5.568179E+03
7.285	-1.199325E+06	5.122212E+02	4.815401E+01	5.568179E+03
7.29	-1.199324E+06	4.946882E+02	4.567857E+01	5.568179E+03
7.295	-1.199324E+06	4.587177E+02	4.308994E+01	5.568179E+03
7.3	-1.199324E+06	4.657337E+02	4.151686E+01	5.568179E+03
7.305	-1.199325E+06	4.749535E+02	4.180739E+01	5.568179E+03
7.31	-1.199324E+06	4.529382E+02	4.333377E+01	5.568179E+03
7.315	-1.199324E+06	4.585361E+02	4.525227E+01	5.568179E+03
7.32	-1.199325E+06	5.115093E+02	4.749996E+01	5.568179E+03
7.325	-1.199325E+06	5.127310E+02	4.925535E+01	5.568179E+03
7.33	-1.199324E+06	4.807026E+02	5.033945E+01	5.568179E+03
7.335	-1.199325E+06	4.683799E+02	5.150667E+01	5.568179E+03
7.34	-1.199324E+06	4.327173E+02	5.239019E+01	5.568179E+03
7.345	-1.199324E+06	4.439372E+02	5.235315E+01	5.568179E+03
7.35	-1.199324E+06	4.647944E+02	5.180665E+01	5.568179E+03
7.355	-1.199325E+06	4.830751E+02	5.011793E+01	5.568179E+03
7.36	-1.199325E+06	4.689672E+02	4.835355E+01	5.568179E+03
7.365	-1.199324E+06	4.406334E+02	4.749143E+01	5.568179E+03
7.37	-1.199324E+06	4.290786E+02	4.699147E+01	5.568179E+03
7.375	-1.199325E+06	4.558266E+02	4.612518E+01	5.568179E+03
7.38	-1.199325E+06	4.616389E+02	4.540726E+01	5.568179E+03
7.385	-1.199324E+06	4.323139E+02	4.497149E+01	5.568179E+03
7.39	-1.199325E+06	4.465109E+02	4.468085E+01	5.568179E+03
7.395	-1.199325E+06	4.311793E+02	4.564336E+01	5.568179E+03
7.4	-1.199325E+06	4.265967E+02	4.642161E+01	5.568179E+03
7.405	-1.199325E+06	4.277568E+02	4.667615E+01	5.568179E+03
7.41	-1.199324E+06	4.202185E+02	4.760115E+01	5.568179E+03
7.415	-1.199326E+06	4.542139E+02	4.826766E+01	5.568179E+03
7.42	-1.199325E+06	4.420934E+02	4.888324E+01	5.568179E+03
7.425	-1.199325E+06	4.195094E+02	4.954523E+01	5.568179E+03
7.43	-1.199325E+06	4.121673E+02	4.987420E+01	5.568179E+03
7.435	-1.199325E+06	4.283996E+02	4.991994E+01	5.568179E+03
7.44	-1.199325E+06	4.312679E+02	4.989275E+01	5.568179E+03
7.445	-1.199325E+06	4.279013E+02	4.947701E+01	5.568179E+03
7.45	-1.199325E+06	4.399822E+02	4.906504E+01	5.568179E+03
7.455	-1.199325E+06	4.331783E+02	4.872999E+01	5.568179E+03
7.46	-1.199325E+06	4.205295E+02	4.828227E+01	5.568179E+03
7.465	-1.199325E+06	4.008631E+02	4.835509E+01	5.568179E+03
7.47	-1.199325E+06	4.088497E+02	4.904191E+01	5.568179E+03
7.475	-1.199326E+06	4.340738E+02	4.979916E+01	5.568179E+03
7.48	-1.199325E+06	4.061793E+02	5.032668E+01	5.568179E+03
7.485	-1.199325E+06	4.075937E+02	5.018819E+01	5.568179E+03
7.49	-1.199326E+06	4.142199E+02	5.040613E+01	5.568179E+03
7.495	-1.199325E+06	3.969047E+02	5.086711E+01	5.568179E+03
7.5	-1.199326E+06	4.063544E+02	5.137786E+01	5.568179E+03
7.505	-1.199326E+06	4.107620E+02	5.259423E+01	5.568179E+03
7.51	-1.199326E+06	3.967183E+02	5.306582E+01	5.568179E+03
7.515	-1.199326E+06	3.990199E+02	5.258630E+01	5.568179E+03
7.52	-1.199326E+06	4.096871E+02	5.216776E+01	5.568179E+03
7.525	-1.199326E+06	4.084674E+02	5.162849E+01	5.568179E+03
7.53	-1.199326E+06	3.974877E+02	5.118770E+01	5.568179E+03
7.535	-1.199326E+06	3.872388E+02	5.069708E+01	5.568179E+03
7.54	-1.199326E+06	3.887941E+02	4.924379E+01	5.568179E+03
7.545	-1.199326E+06	3.723764E+02	4.793705E+01	5.568179E+03
7.55	-1.199326E+06	3.860890E+02	4.737062E+01	5.568179E+03
7.555	-1.199327E+06	4.053921E+02	4.743426E+01	5.568179E+03
7.56	-1.199326E+06	3.838361E+02	4.795441E+01	5.568179E+03
7.565	-1.199326E+06	3.775524E+02	4.808989E+01	5.568179E+03
7.57	-1.199326E+06	3.832907E+02	4.813867E+01	5.568179E+03
7.575	-1.199326E+06	3.697295E+02	4.908121E+01	5.568179E+03
7.58	-1.199326E+06	3.539996E+02	5.046907E+01	5.568179E+03
7.585	-1.199327E+06	3.753327E+02	5.128346E+01	5.568179E+03
7.59	-1.199326E+06	3.721821E+02	5.184504E+01	5.568179E+03
7.595	-1.199326E+06	3.576508E+02	5.151458E+01	5.568179E+03
7.6	-1.199327E+06	3.710824E+02	5.005417E+01	5.568179E+03
7.605	-1.199326E+06	3.499149E+02	4.922154E+01	5.568179E+03
7.61	-1.199326E+06	3.541195E+02	4.912707E+01	5.568179E+03
7.615	-1.199327E+06	3.814540E+02	4.966208E+01	5.568179E+03
7.62	-1.199326E+06	3.517179E+02	5.044370E+01	5.568179E+03
7.625	-1.199326E+06	3.486786E+02	5.047859E+01	5.568179E+03
7.63	-1.199327E+06	3.594069E+02	5.116908E+01	5.568179E+03
7.635	-1.199326E+06	3.599910E+02	5.221382E+01	5.568179E+03
7.64	-1.199327E+06	3.688973E+02	5.283230E+01	5.568179E+03
7.645	-1.199327E+06	3.694235E+02	5.342023E+01	5.568179E+03
7.65	-1.199327E+06	3.807363E+02	5.316050E+01	5.568179E+03
7.655	-1.199327E+06	3.630683E+02	5.239028E+01	5.568179E+03
7.66	-1.199327E+06	3.459023E+02	5.133298E+01	5.568179E+03
7.665	-1.199327E+06	3.371244E+02	5.042550E+01	5.568179E+03
7.67	-1.199327E+06	3.331464E+02	5.028702E+01	5.568179E+03
7.675	-1.199327E+06	3.584544E+02	5.048917E+01	5.568179E+03
7.68	-1.199327E+06	3.546071E+02	5.093733E+01	5.568179E+03
7.685	-1.199327E+06	3.477256E+02	5.094991E+01	5.568179E+03
7.69	-1.199327E+06	3.427808E+02	5.079009E+01	5.568179E+03
7.695	-1.199327E+06	3.378951E+02	5.126054E+01	5.568179E+03
7.7	-1.199327E+06	3.342579E+02	5.179129E+01	5.568179E+03
7.705	-1.199327E+06	3.321954E+02	5.180939E+01	5.568179E+03
7.71	-1.199327E+06	3.300903E+02	5.132804E+01	5.568179E+03
7.715	-1.199327E+06	3.217663E+02	5.029364E+01	5.568179E+03
7.72	-1.199327E+06	3.288091E+02	4.985085E+01	5.568179E+03
7.725	-1.199327E+06	3.323570E+02	4.994573E+01	5.568179E+03
7.73	-1.199327E+06	3.283923E+02	4.941288E+01	5.568179E+03
7.735	-1.199327E+06	3.282039E+02	4.892262E+01	5.568179E+03
7.74	-1.199327E+06	3.189841E+02	4.881111E+01	5.568179E+03
7.745	-1.199327E+06	3.193383E+02	4.887684E+01	5.568179E+03
7.75	-1.199327E+06	3.213552E+02	4.944926E+01	5.568179E+03
7.755	-1.199327E+06	3.206673E+02	5.004118E+01	5.568179E+03
7.76	-1.199328E+06	3.220875E+02	5.006087E+01	5.568179E+03
7.765	-1.199327E+06	3.119300E+02	5.022741E+01	5.568179E+03
7.77	-1.199328E+06	3.241479E+02	5.051342E+01	5.568179E+03
7.775	-1.199328E+06	3.369595E+02	5.092520E+01	5.568179E+03
7.78	-1.199327E+06	3.042933E+02	5.159977E+01	5.568179E+03
7.785	-1.199327E+06	2.951177E+02	5.162074E+01	5.568179E+03
7.79	-1.199328E+06	3.078500E+02	5.150227E+01	5.568179E+03
7.795	-1.199327E+06	2.912757E+02	5.210339E+01	5.568179E+03
7.8	-1.199328E+06	3.111196E+02	5.261927E+01	5.568179E+03
7.805	-1.199328E+06	3.187519E+02	5.298632E+01	5.568179E+03
7.81	-1.199327E+06	3.108034E+02	5.290467E+01	5.568179E+03
7.815	-1.199328E+06	3.255824E+02	5.180327E+01	5.568179E+03
7.82	-1.199328E+06	3.029191E+02	4.984487E+01	5.568179E+03
7.825	-1.199327E+06	2.828475E+02	4.779357E+01	5.568179E+03
7.83	-1.199328E+06	3.000197E+02	4.647133E+01	5.568179E+03
7.835	-1.199328E+06	3.038772E+02	4.630467E+01	5.568179E+03
7.84	-1.199328E+06	2.906225E+02	4.697664E+01	5.568179E+03
7.845	-1.199328E+06	2.955278E+02	4.757238E+01	5.568179E+03
7.85	-1.199329E+06	2.917916E+02	4.885151E+01	5.568179E+03
7.855	-1.199328E+06	2.823282E+02	5.093546E+01	5.568179E+03
7.86	-1.199329E+06	3.051226E+02	5.240717E+01	5.568179E+03
7.865	-1.199328E+06	2.798442E+02	5.383528E+01	5.568179E+03
7.87	-1.199328E+06	2.748029E+02	5.447214E+01	5.568179E+03
7.875	-1.199329E+06	3.000544E+02	5.393574E+01	5.568179E+03
7.88	-1.199328E+06	2.713152E+02	5.347344E+01	5.568179E+03
7.885	-1.199328E+06	2.817967E+02	5.247782E+01	5.568179E+03
7.89	-1.199329E+06	2.943716E+02	5.167840E+01	5.568179E+03
7.895	-1.199328E+06	2.641513E+02	5.133722E+01	5.568179E+03
7.9	-1.199329E+06	2.695885E+02	5.016964E+01	5.568179E+03
7.905	-1.199328E+06	2.683996E+02	4.989137E+01	5.568179E+03
7.91	-1.199328E+06	2.625725E+02	5.082159E+01	5.568179E+03
7.915	-1.199329E+06	2.732878E+02	5.153578E+01	5.568179E+03
7.92	-1.199328E+06	2.709389E+02	5.237500E+01	5.568179E+03
7.925	-1.199328E+06	2.776059E+02	5.278507E+01	5.568179E+03
7.93	-1.199329E+06	2.916254E+02	5.237919E+01	5.568179E+03
7.935	-1.199328E+06	2.716920E+02	5.242048E+01	5.568179E+03
7.94	-1.199329E+06	2.639151E+02	5.253673E+01	5.568179E+03
7.945	-1.199329E+06	2.680728E+02	5.220758E+01	5.568179E+03
7.95	-1.199329E+06	2.546112E+02	5.198800E+01	5.568179E+03
7.955	-1.199329E+06	2.608288E+02	5.183878E+01	5.568179E+03
7.96	-1.199329E+06	2.720866E+02	5.217127E+01	5.568179E+03
7.965	-1.199329E+06	2.579766E+02	5.350651E+01	5.568179E+03
7.97	-1.199329E+06	2.703083E+02	5.467276E+01	5.568179E+03
7.975	-1.199329E+06	2.749954E+02	5.528571E+01	5.568179E+03
7.98	-1.199329E+06	2.480646E+02	5.568957E+01	5.568179E+03
7.985	-1.199329E+06	2.500877E+02	5.588049E+01	5.568179E+03
7.99	-1.199329E+06	2.722279E+02	5.619496E+01	5.568179E+03
7.995	-1.199329E+06	2.628522E+02	5.655282E+01	5.568179E+03
8.0	-1.199329E+06	2.562002E+02	5.602253E+01	5.568179E+03
8.005	-1.199329E+06	2.539755E+02	5.504764E+01	5.568179E+03
8.01	-1.199329E+06	2.455143E+02	5.419639E+01	5.568179E+03
8.015	-1.199329E+06	2.548059E+02	5.316076E+01	5.568179E+03
8.02	-1.199329E+06	2.533024E+02	5.253823E+01	5.568179E+03
8.025	-1.199329E+06	2.453782E+02	5.226058E+01	5.568179E+03
8.03	-1.199329E+06	2.401380E+02	5.231817E+01	5.568179E+03
8.035	-1.199329E+06	2.453092E+02	5.279171E+01	5.568179E+03
8.04	-1.199329E+06	2.486239E+02	5.327752E+01	5.568179E+03
8.045	-1.199329E+06	2.523186E+02	5.390011E+01	5.568179E+03
8.05	-1.199329E+06	2.449498E+02	5.507848E+01	5.568179E+03
8.055	-1.199329E+06	2.398019E+02	5.638935E+01	5.568179E+03
8.06	-1.199330E+06	2.422618E+02	5.718285E+01	5.568179E+03
8.065	-1.199329E+06	2.331377E+02	5.706144E+01	5.568179E+03
8.07	-1.199330E+06	2.383317E+02	5.636439E+01	5.568179E+03
8.075	-1.199329E+06	2.356464E+02	5.617640E+01	5.568179E+03
8.08	-1.199329E+06	2.297475E+02	5.619388E+01	5.568179E+03
8.085	-1.199330E+06	2.279173E+02	5.583013E+01	5.568179E+03
8.09	-1.199329E+06	2.252936E+02	5.507785E+01	5.568179E+03
8.095	-1.199330E+06	2.241676E+02	5.434466E+01	5.568179E+03
8.1	-1.199329E+06	2.254122E+02	5.398396E+01	5.568179E+03
8.105	-1.199330E+06	2.325898E+02	5.388326E+01	5.568179E+03
8.11	-1.199329E+06	2.242011E+02	5.381121E+01	5.568179E+03
8.115	-1.199330E+06	2.236142E+02	5.300263E+01	5.568179E+03
8.12	-1.199330E+06	2.223394E+02	5.206237E+01	5.568179E+03
8.125	-1.199329E+06	2.066543E+02	5.213500E+01	5.568179E+03
8.13	-1.199330E+06	2.216154E+02	5.268300E+01	5.568179E+03
8.135	-1.199330E+06	2.282612E+02	5.362821E+01	5.568179E+03
8.14	-1.199329E+06	2.150518E+02	5.458538E+01	5.568179E+03
8.145	-1.199330E+06	2.311989E+02	5.473174E+01	5.568179E+03
8.15	-1.199330E+06	2.261109E+02	5.532387E+01	5.568179E+03
8.155	-1.199330E+06	2.155337E+02	5.637160E+01	5.568179E+03
8.16	-1.199330E+06	2.269863E+02	5.700522E+01	5.568179E+03
8.165	-1.199330E+06	2.133377E+02	5.760199E+01	5.568179E+03
8.17	-1.199330E+06	2.162563E+02	5.769418E+01	5.568179E+03
8.175	-1.199330E+06	2.273382E+02	5.749339E+01	5.568179E+03
8.18	-1.199330E+06	2.253792E+02	5.730294E+01	5.568179E+03
8.185	-1.199330E+06	2.248844E+02	5.675234E+01	5.568179E+03
8.19	-1.199330E+06	2.174638E+02	5.634055E+01	5.568179E+03
8.195	-1.199330E+06	2.093216E+02	5.616029E+01	5.568179E+03
8.2	-1.199330E+06	2.181762E+02	5.570298E+01	5.568179E+03
8.205	-1.199331E+06	2.340119E+02	5.497169E+01	5.568179E+03
8.21	-1.199330E+06	2.115059E+02	5.436622E+01	5.568179E+03
8.215	-1.199330E+06	2.025992E+02	5.398799E+01	5.568179E+03
8.22	-1.199331E+06	2.136411E+02	5.413493E+01	5.568179E+03
8.225	-1.199330E+06	2.002955E+02	5.434386E+01	5.568179E+03
8.23	-1.199330E+06	2.153719E+02	5.377441E+01	5.568179E+03
8.235	-1.199330E+06	2.125470E+02	5.357322E+01	5.568179E+03
8.24	-1.199330E+06	2.051490E+02	5.384018E+01	5.568179E+03
8.245	-1.199331E+06	2.132722E+02	5.436732E+01	5.568179E+03
8.25	-1.199330E+06	1.947437E+02	5.522339E+01	5.568179E+03
8.255	-1.199330E+06	1.970825E+02	5.527146E+01	5.568179E+03
8.26	-1.199330E+06	2.039187E+02	5.506124E+01	5.568179E+03
8.265	-1.199330E+06	2.000524E+02	5.479833E+01	5.568179E+03
8.27	-1.199331E+06	2.064986E+02	5.392540E+01	5.568179E+03
8.275	-1.199330E+06	1.935429E+02	5.315557E+01	5.568179E+03
8.28	-1.199330E+06	1.823835E+02	5.231958E+01	5.568179E+03
8.285	-1.199330E+06	1.862623E+02	5.138229E+01	5.568179E+03
8.29	-1.199330E+06	1.891144E+02	5.095961E+01	5.568179E+03
8.295	-1.199330E+06	1.834438E+02	5.098501E+01	5.568179E+03
8.3	-1.199330E+06	1.895555E+02	5.099117E+01	5.568179E+03
8.305	-1.199331E+06	2.002458E+02	5.112086E+01	5.568179E+03
8.31	-1.199330E+06	1.890333E+02	5.149678E+01	5.568179E+03
8.315	-1.199331E+06	1.877877E+02	5.168307E+01	5.568179E+03
8.32	-1.199331E+06	1.870483E+02	5.210204E+01	5.568179E+03
8.325	-1.199330E+06	1.892310E+02	5.267359E+01	5.568179E+03
8.33	-1.199331E+06	2.018202E+02	5.303759E+01	5.568179E+03
8.335	-1.199330E+06	1.903932E+02	5.359997E+01	5.568179E+03
8.34	-1.199331E+06	1.930597E+02	5.398315E+01	5.568179E+03
8.345	-1.199331E+06	1.958723E+02	5.432898E+01	5.568179E+03
8.35	-1.199330E+06	1.844191E+02	5.488738E+01	5.568179E+03
8.355	-1.199331E+06	1.945168E+02	5.511550E+01	5.568179E+03
8.36	-1.199331E+06	1.845129E+02	5.517711E+01	5.568179E+03
8.365	-1.199330E+06	1.755376E+02	5.494876E+01	5.568179E+03
8.37	-1.199331E+06	1.823735E+02	5.455624E+01	5.568179E+03
8.375	-1.199331E+06	1.808629E+02	5.447699E+01	5.568179E+03
8.38	-1.199331E+06	1.830683E+02	5.458385E+01	5.568179E+03
8.385	-1.199331E+06	1.912570E+02	5.469086E+01	5.568179E+03
8.39	-1.199331E+06	1.871383E+02	5.460560E+01	5.568179E+03
8.395	-1.199331E+06	1.830361E+02	5.401626E+01	5.568179E+03
8.4	-1.199331E+06	1.745260E+02	5.362501E+01	5.568179E+03
8.405	-1.199331E+06	1.763180E+02	5.368648E+01	5.568179E+03
8.41	-1.199331E+06	1.769935E+02	5.399304E+01	5.568179E+03
8.415	-1.199331E+06	1.747696E+02	5.429724E+01	5.568179E+03
8.42	-1.199331E+06	1.732832E+02	5.428919E+01	5.568179E+03
8.425	-1.199331E+06	1.664349E+02	5.431299E+01	5.568179E+03
8.43	-1.199331E+06	1.714361E+02	5.490029E+01	5.568179E+03
8.435	-1.199331E+06	1.744723E+02	5.585366E+01	5.568179E+03
8.44	-1.199331E+06	1.755986E+02	5.660620E+01	5.568179E+03
8.445	-1.199331E+06	1.672772E+02	5.734907E+01	5.568179E+03
8.45	-1.199331E+06	1.653779E+02	5.778430E+01	5.568179E+03
8.455	-1.199331E+06	1.799050E+02	5.786236E+01	5.568179E+03
8.46	-1.199331E+06	1.775351E+02	5.799278E+01	5.568179E+03
8.465	-1.199331E+06	1.760624E+02	5.759385E+01	5.568179E+03
8.47	-1.199331E+06	1.754975E+02	5.679822E+01	5.568179E+03
8.475	-1.199330E+06	1.671979E+02	5.575242E+01	5.568179E+03
8.48	-1.199331E+06	1.814428E+02	5.421827E+01	5.568179E+03
8.485	-1.199331E+06	1.731078E+02	5.328820E+01	5.568179E+03
8.49	-1.199331E+06	1.585282E+02	5.292541E+01	5.568179E+03
8.495	-1.199331E+06	1.633957E+02	5.288398E+01	5.568179E+03
8.5	-1.199330E+06	1.554565E+02	5.370913E+01	5.568179E+03
8.505	-1.199331E+06	1.659892E+02	5.471854E+01	5.568179E+03
8.51	-1.199331E+06	1.644407E+02	5.596946E+01	5.568179E+03
8.515	-1.199330E+06	1.542488E+02	5.729771E+01	5.568179E+03
8.52	-1.199331E+06	1.711947E+02	5.784912E+01	5.568179E+03
8.525	-1.199331E+06	1.731171E+02	5.783640E+01	5.568179E+03
8.53	-1.199331E+06	1.586209E+02	5.720216E+01	5.568179E+03
8.535	-1.199331E+06	1.577716E+02	5.595048E+01	5.568179E+03
8.54	-1.199331E+06	1.567356E+02	5.478326E+01	5.568179E+03
8.545	-1.199331E+06	1.561147E+02	5.376599E+01	5.568179E+03
8.55	-1.199331E+06	1.608042E+02	5.317661E+01	5.568179E+03
8.555	-1.199331E+06	1.630777E+02	5.329026E+01	5.568179E+03
8.56	-1.199331E+06	1.504369E+02	5.376504E+01	5.568179E+03
8.565	-1.199331E+06	1.520826E+02	5.415491E+01	5.568179E+03
8.57	-1.199331E+06	1.604237E+02	5.459617E+01	5.568179E+03
8.575	-1.199331E+06	1.580915E+02	5.506237E+01	5.568179E+03
8.58	-1.199331E+06	1.663835E+02	5.501787E+01	5.568179E+03
8.585	-1.199331E+06	1.568338E+02	5.456218E+01	5.568179E+03
8.59	-1.199331E+06	1.460982E+02	5.373138E+01	5.568179E+03
8.595	-1.199331E+06	1.513455E+02	5.307482E+01	5.568179E+03
8.6	-1.199331E+06	1.460399E+02	5.309328E+01	5.568179E+03
8.605	-1.199331E+06	1.480771E+02	5.319004E+01	5.568179E+03
8.61	-1.199331E+06	1.497604E+02	5.342502E+01	5.568179E+03
8.615	-1.199331E+06	1.515919E+02	5.373661E+01	5.568179E+03
8.62	-1.199331E+06	1.579976E+02	5.388043E+01	5.568179E+03
8.625	-1.199331E+06	1.490198E+02	5.422721E+01	5.568179E+03
8.63	-1.199331E+06	1.515369E+02	5.458102E+01	5.568179E+03
8.635	-1.199331E+06	1.604618E+02	5.475917E+01	5.568179E+03
8.64	-1.199331E+06	1.534857E+02	5.472158E+01	5.568179E+03
8.645	-1.199331E+06	1.435050E+02	5.464168E+01	5.568179E+03
8.65	-1.199331E+06	1.448917E+02	5.472437E+01	5.568179E+03
8.655	-1.199331E+06	1.508625E+02	5.471797E+01	5.568179E+03
8.66	-1.199331E+06	1.482393E+02	5.448240E+01	5.568179E+03
8.665	-1.199331E+06	1.445698E+02	5.395766E+01	5.568179E+03
8.67	-1.199331E+06	1.474339E+02	5.337554E+01	5.568179E+03
8.675	-1.199331E+06	1.471078E+02	5.308507E+01	5.568179E+03
8.68	-1.199331E+06	1.517318E+02	5.280050E+01	5.568179E+03
8.685	-1.199331E+06	1.607820E+02	5.246173E+01	5.568179E+03
8.69	-1.199331E+06	1.497043E+02	5.222836E+01	5.568179E+03
8.695	-1.199331E+06	1.382635E+02	5.197618E+01	5.568179E+03
8.7	-1.199331E+06	1.385201E+02	5.204747E+01	5.568179E+03
8.705	-1.199331E+06	1.416303E+02	5.230374E+01	5.568179E+03
8.71	-1.199331E+06	1.397319E+02	5.249158E+01	5.568179E+03
8.715	-1.199331E+06	1.357287E+02	5.296647E+01	5.568179E+03
8.72	-1.199331E+06	1.491454E+02	5.353494E+01	5.568179E+03
8.725	-1.199331E+06	1.448566E+02	5.403081E+01	5.568179E+03
8.73	-1.199331E+06	1.338772E+02	5.438684E+01	5.568179E+03
8.735	-1.199331E+06	1.343795E+02	5.466800E+01	5.568179E+03
8.74	-1.199331E+06	1.378082E+02	5.464098E+01	5.568179E+03
8.745	-1.199331E+06	1.420583E+02	5.421077E+01	5.568179E+03
8.75	-1.199331E+06	1.434997E+02	5.344353E+01	5.568179E+03
8.755	-1.199331E+06	1.432803E+02	5.226197E+01	5.568179E+03
8.76	-1.199331E+06	1.368593E+02	5.114818E+01	5.568179E+03
8.765	-1.199331E+06	1.334747E+02	5.038094E+01	5.568179E+03
8.77	-1.199331E+06	1.345437E+02	5.018051E+01	5.568179E+03
8.775	-1.199331E+06	1.360597E+02	5.055097E+01	5.568179E+03
8.78	-1.199331E+06	1.410834E+02	5.078252E+01	5.568179E+03
8.785	-1.199331E+06	1.357304E+02	5.101821E+01	5.568179E+03
8.79	-1.199331E+06	1.354175E+02	5.159462E+01	5.568179E+03
8.795	-1.199331E+06	1.393128E+02	5.217487E+01	5.568179E+03
8.8	-1.199331E+06	1.292165E+02	5.262264E+01	5.568179E+03
8.805	-1.199331E+06	1.278491E+02	5.284347E+01	5.568179E+03
8.81	-1.199331E+06	1.342319E+02	5.285379E+01	5.568179E+03
8.815	-1.199331E+06	1.308773E+02	5.291515E+01	5.568179E+03
8.82	-1.199331E+06	1.273471E+02	5.281280E+01	5.568179E+03
8.825	-1.199331E+06	1.329657E+02	5.229854E+01	5.568179E+03
8.83	-1.199331E+06	1.340817E+02	5.173707E+01	5.568179E+03
8.835	-1.199331E+06	1.342712E+02	5.113101E+01	5.568179E+03
8.84	-1.199331E+06	1.345045E+02	5.057849E+01	5.568179E+03
8.845	-1.199331E+06	1.303565E+02	5.040866E+01	5.568179E+03
8.85	-1.199331E+06	1.298074E+02	5.044436E+01	5.568179E+03
8.855	-1.199331E+06	1.256564E+02	5.054750E+01	5.568179E+03
8.86	-1.199331E+06	1.277539E+02	5.077401E+01	5.568179E+03
8.865	-1.199331E+06	1.331978E+02	5.135161E+01	5.568179E+03
8.87	-1.199331E+06	1.348300E+02	5.201693E+01	5.568179E+03
8.875	-1.199331E+06	1.316651E+02	5.231102E+01	5.568179E+03
8.88	-1.199331E+06	1.273245E+02	5.235505E+01	5.568179E+03
8.885	-1.199331E+06	1.295231E+02	5.228176E+01	5.568179E+03
8.89	-1.199331E+06	1.267546E+02	5.225146E+01	5.568179E+03
8.895	-1.199331E+06	1.266601E+02	5.243325E+01	5.568179E+03
8.9	-1.199331E+06	1.316997E+02	5.266837E+01	5.568179E+03
8.905	-1.199331E+06	1.263528E+02	5.269655E+01	5.568179E+03
8.91	-1.199331E+06	1.202317E+02	5.255052E+01	5.568179E+03
8.915	-1.199331E+06	1.221399E+02	5.223023E+01	5.568179E+03
8.92	-1.199331E+06	1.263150E+02	5.164564E+01	5.568179E+03
8.925	-1.199331E+06	1.252757E+02	5.115547E+01	5.568179E+03
8.93	-1.199331E+06	1.264755E+02	5.084032E+01	5.568179E+03
8.935	-1.199332E+06	1.321312E+02	5.048417E+01	5.568179E+03
8.94	-1.199331E+06	1.257496E+02	5.024514E+01	5.568179E+03
8.945	-1.199331E+06	1.233500E+02	5.028842E+01	5.568179E+03
8.95	-1.199332E+06	1.248179E+02	5.083503E+01	5.568179E+03
8.955	-1.199331E+06	1.209703E+02	5.171982E+01	5.568179E+03
8.96	-1.199331E+06	1.223635E+02	5.257868E+01	5.568179E+03
8.965	-1.199331E+06	1.264977E+02	5.313909E+01	5.568179E+03
8.97	-1.199332E+06	1.238937E+02	5.307261E+01	5.568179E+03
8.975	-1.199331E+06	1.120459E+02	5.267459E+01	5.568179E+03
8.98	-1.199331E+06	1.125882E+02	5.229193E+01	5.568179E+03
8.985	-1.199332E+06	1.170317E+02	5.195164E+01	5.568179E+03
8.99	-1.199331E+06	1.100374E+02	5.172415E+01	5.568179E+03
8.995	-1.199332E+06	1.200874E+02	5.147311E+01	5.568179E+03
9.0	-1.199332E+06	1.219928E+02	5.141673E+01	5.568179E+03
9.005	-1.199331E+06	1.168081E+02	5.156354E+01	5.568179E+03
9.01	-1.199332E+06	1.258747E+02	5.167939E+01	5.568179E+03
9.015	-1.199331E+06	1.219208E+02	5.174300E+01	5.568179E+03
9.02	-1.199331E+06	1.170526E+02	5.151125E+01	5.568179E+03
9.025	-1.199331E+06	1.166609E+02	5.124255E+01	5.568179E+03
9.03	-1.199332E+06	1.201540E+02	5.126875E+01	5.568179E+03
9.035	-1.199332E+06	1.175473E+02	5.169576E+01	5.568179E+03
9.04	-1.199331E+06	1.137811E+02	5.246709E+01	5.568179E+03
9.045	-1.199332E+06	1.190099E+02	5.310895E+01	5.568179E+03
9.05	-1.199331E+06	1.183964E+02	5.330870E+01	5.568179E+03
9.055	-1.199332E+06	1.194649E+02	5.319685E+01	5.568179E+03
9.06	-1.199332E+06	1.160442E+02	5.299617E+01	5.568179E+03
9.065	-1.199331E+06	1.140343E+02	5.275726E+01	5.568179E+03
9.07	-1.199332E+06	1.231527E+02	5.253671E+01	5.568179E+03
9.075	-1.199332E+06	1.176964E+02	5.225903E+01	5.568179E+03
9.08	-1.199332E+06	1.174947E+02	5.164678E+01	5.568179E+03
9.085	-1.199332E+06	1.158674E+02	5.130268E+01	5.568179E+03
9.09	-1.199331E+06	1.124890E+02	5.143260E+01	5.568179E+03
9.095	-1.199332E+06	1.223862E+02	5.159770E+01	5.568179E+03
9.1	-1.199332E+06	1.140196E+02	5.190105E+01	5.568179E+03
9.105	-1.199332E+06	1.112068E+02	5.182811E+01	5.568179E+03
9.11	-1.199332E+06	1.123208E+02	5.143864E+01	5.568179E+03
9.115	-1.199331E+06	1.050229E+02	5.132276E+01	5.568179E+03
9.12	-1.199332E+06	1.143473E+02	5.122164E+01	5.568179E+03
9.125	-1.199332E+06	1.148020E+02	5.108538E+01	5.568179E+03
9.13	-1.199331E+06	1.069064E+02	5.072433E+01	5.568179E+03
9.135	-1.199332E+06	1.090349E+02	5.002048E+01	5.568179E+03
9.14	-1.199332E+06	1.146827E+02	4.941916E+01	5.568179E+03
9.145	-1.199332E+06	1.183192E+02	4.916155E+01	5.568179E+03
9.15	-1.199332E+06	1.120269E+02	4.928964E+01	5.568179E+03
9.155	-1.199332E+06	1.132472E+02	4.969927E+01	5.568179E+03
9.16	-1.199332E+06	1.095597E+02	5.051694E+01	5.568179E+03
9.165	-1.199332E+06	1.095099E+02	5.137659E+01	5.568179E+03
9.17	-1.199332E+06	1.106458E+02	5.222977E+01	5.568179E+03
9.175	-1.199332E+06	1.068332E+02	5.317235E+01	5.568179E+03
9.18	-1.199332E+06	1.159508E+02	5.365126E+01	5.568179E+03
9.185	-1.199332E+06	1.152071E+02	5.366958E+01	5.568179E+03
9.19	-1.199332E+06	1.080254E+02	5.320442E+01	5.568179E+03
9.195	-1.199332E+06	1.126280E+02	5.223970E+01	5.568179E+03
9.2	-1.199332E+06	1.090691E+02	5.139994E+01	5.568179E+03
9.205	-1.199332E+06	1.080296E+02	5.074558E+01	5.568179E+03
9.21	-1.199332E+06	1.160839E+02	5.030013E+01	5.568179E+03
9.215	-1.199332E+06	1.141997E+02	5.008321E+01	5.568179E+03
9.22	-1.199332E+06	1.101616E+02	4.961461E+01	5.568179E+03
9.225	-1.199332E+06	1.064664E+02	4.925858E+01	5.568179E+03
9.23	-1.199332E+06	1.069413E+02	4.936738E+01	5.568179E+03
9.235	-1.199332E+06	1.088535E+02	4.973876E+01	5.568179E+03
9.24	-1.199332E+06	1.056155E+02	5.018240E+01	5.568179E+03
9.245	-1.199332E+06	1.075421E+02	5.056948E+01	5.568179E+03
9.25	-1.199332E+06	1.083448E+02	5.114315E+01	5.568179E+03
9.255	-1.199332E+06	1.110559E+02	5.186123E+01	5.568179E+03
9.26	-1.199332E+06	1.115125E+02	5.253501E+01	5.568179E+03
9.265	-1.199332E+06	1.033639E+02	5.304897E+01	5.568179E+03
9.27	-1.199332E+06	1.047879E+02	5.311893E+01	5.568179E+03
9.275	-1.199332E+06	1.058236E+02	5.292636E+01	5.568179E+03
9.28	-1.199332E+06	1.018980E+02	5.261340E+01	5.568179E+03
9.285	-1.199332E+06	1.045188E+02	5.219412E+01	5.568179E+03
9.29	-1.199332E+06	1.027254E+02	5.200313E+01	5.568179E+03
9.295	-1.199332E+06	1.041425E+02	5.167965E+01	5.568179E+03
9.3	-1.199332E+06	1.080301E+02	5.107931E+01	5.568179E+03
9.305	-1.199332E+06	1.093703E+02	5.068508E+01	5.568179E+03
9.31	-1.199332E+06	1.057178E+02	5.053189E+01	5.568179E+03
9.315	-1.199332E+06	1.046220E+02	5.063977E+01	5.568179E+03
9.32	-1.199332E+06	1.044051E+02	5.112246E+01	5.568179E+03
9.325	-1.199332E+06	1.068465E+02	5.155111E+01	5.568179E+03
9.33	-1.199332E+06	1.078728E+02	5.211284E+01	5.568179E+03
9.335	-1.199332E+06	1.041852E+02	5.296940E+01	5.568179E+03
9.34	-1.199332E+06	1.035153E+02	5.368733E+01	5.568179E+03
9.345	-1.199332E+06	1.040975E+02	5.439798E+01	5.568179E+03
9.35	-1.199332E+06	1.044663E+02	5.499020E+01	5.568179E+03
9.355	-1.199332E+06	1.077970E+02	5.500692E+01	5.568179E+03
9.36	-1.199332E+06	1.085679E+02	5.463141E+01	5.568179E+03
9.365	-1.199332E+06	1.096024E+02	5.409233E+01	5.568179E+03
9.37	-1.199332E+06	1.106107E+02	5.356377E+01	5.568179E+03
9.375	-1.199332E+06	1.024705E+02	5.326357E+01	5.568179E+03
9.38	-1.199332E+06	1.013115E+02	5.302224E+01	5.568179E+03
9.385	-1.199332E+06	1.095830E+02	5.271950E+01	5.568179E+03
9.39	-1.199332E+06	9.942953E+01	5.249610E+01	5.568179E+03
9.395	-1.199332E+06	9.234525E+01	5.246448E+01	5.568179E+03
9.4	-1.199332E+06	1.055645E+02	5.273404E+01	5.568179E+03
9.405	-1.199332E+06	1.036293E+02	5.309232E+01	5.568179E+03
9.41	-1.199332E+06	1.015317E+02	5.302194E+01	5.568179E+03
9.415	-1.199332E+06	1.079995E+02	5.272943E+01	5.568179E+03
9.42	-1.199332E+06	9.888090E+01	5.276213E+01	5.568179E+03
9.425	-1.199332E+06	9.931155E+01	5.306066E+01	5.568179E+03
9.43	-1.199332E+06	1.031600E+02	5.356196E+01	5.568179E+03
9.435	-1.199332E+06	1.004142E+02	5.404080E+01	5.568179E+03
9.44	-1.199332E+06	1.040044E+02	5.434607E+01	5.568179E+03
9.445	-1.199332E+06	1.005663E+02	5.468152E+01	5.568179E+03
9.45	-1.199332E+06	9.573690E+01	5.483181E+01	5.568179E+03
9.455	-1.199332E+06	9.625584E+01	5.458397E+01	5.568179E+03
9.46	-1.199332E+06	9.881325E+01	5.421851E+01	5.568179E+03
9.465	-1.199332E+06	9.848298E+01	5.408448E+01	5.568179E+03
9.47	-1.199332E+06	1.052054E+02	5.410013E+01	5.568179E+03
9.475	-1.199332E+06	1.120397E+02	5.417120E+01	5.568179E+03
9.48	-1.199332E+06	1.022657E+02	5.419772E+01	5.568179E+03
9.485	-1.199332E+06	1.003279E+02	5.411835E+01	5.568179E+03
9.49	-1.199332E+06	1.015782E+02	5.434756E+01	5.568179E+03
9.495	-1.199332E+06	1.024034E+02	5.472473E+01	5.568179E+03
9.5	-1.199332E+06	1.097668E+02	5.497226E+01	5.568179E+03
9.505	-1.199332E+06	1.082695E+02	5.509206E+01	5.568179E+03
9.51	-1.199332E+06	9.871138E+01	5.485239E+01	5.568179E+03
9.515	-1.199332E+06	9.014883E+01	5.469789E+01	5.568179E+03
9.52	-1.199332E+06	9.681363E+01	5.474616E+01	5.568179E+03
9.525	-1.199332E+06	1.047478E+02	5.449608E+01	5.568179E+03
9.53	-1.199332E+06	9.964523E+01	5.409165E+01	5.568179E+03
9.535	-1.199332E+06	1.032260E+02	5.364758E+01	5.568179E+03
9.54	-1.199332E+06	1.032044E+02	5.338104E+01	5.568179E+03
9.545	-1.199332E+06	9.528340E+01	5.349413E+01	5.568179E+03
9.55	-1.199332E+06	1.007017E+02	5.373845E+01	5.568179E+03
9.555	-1.199332E+06	1.030852E+02	5.414517E+01	5.568179E+03
9.56	-1.199332E+06	9.884464E+01	5.469002E+01	5.568179E+03
9.565	-1.199332E+06	1.014268E+02	5.515543E+01	5.568179E+03
9.57	-1.199332E+06	9.769976E+01	5.543665E+01	5.568179E+03
9.575	-1.199332E+06	1.019438E+02	5.524243E+01	5.568179E+03
9.58	-1.199332E+06	1.042106E+02	5.474451E+01	5.568179E+03
9.585	-1.199332E+06	1.012806E+02	5.408235E+01	5.568179E+03
9.59	-1.199332E+06	9.668553E+01	5.334342E+01	5.568179E+03
9.595	-1.199332E+06	9.132283E+01	5.265733E+01	5.568179E+03
9.6	-1.199332E+06	9.765045E+01	5.200773E+01	5.568179E+03
9.605	-1.199332E+06	9.820984E+01	5.174745E+01	5.568179E+03
9.61	-1.199332E+06	9.961293E+01	5.198556E+01	5.568179E+03
9.615	-1.199332E+06	9.695370E+01	5.257831E+01	5.568179E+03
9.62	-1.199332E+06	9.436008E+01	5.319840E+01	5.568179E+03
9.625	-1.199333E+06	1.000027E+02	5.366383E+01	5.568179E+03
9.63	-1.199332E+06	9.948370E+01	5.413178E+01	5.568179E+03
9.635	-1.199332E+06	1.033463E+02	5.461133E+01	5.568179E+03
9.64	-1.199332E+06	9.878434E+01	5.509198E+01	5.568179E+03
9.645	-1.199332E+06	9.998714E+01	5.525161E+01	5.568179E+03
9.65	-1.199332E+06	9.958418E+01	5.507604E+01	5.568179E+03
9.655	-1.199332E+06	9.590918E+01	5.467901E+01	5.568179E+03
9.66	-1.199332E+06	1.049787E+02	5.417129E+01	5.568179E+03
9.665	-1.199332E+06	1.009816E+02	5.379663E+01	5.568179E+03
9.67	-1.199332E+06	1.003144E+02	5.325737E+01	5.568179E+03
9.675	-1.199332E+06	9.686944E+01	5.259133E+01	5.568179E+03
9.68	-1.199332E+06	9.230648E+01	5.204940E+01	5.568179E+03
9.685	-1.199332E+06	9.941755E+01	5.185837E+01	5.568179E+03
9.69	-1.199332E+06	1.042103E+02	5.201988E+01	5.568179E+03
9.695	-1.199332E+06	1.000702E+02	5.234570E+01	5.568179E+03
9.7	-1.199332E+06	9.647400E+01	5.280386E+01	5.568179E+03
9.705	-1.199333E+06	1.022226E+02	5.336416E+01	5.568179E+03
9.71	-1.199332E+06	9.570738E+01	5.415329E+01	5.568179E+03
9.715	-1.199332E+06	9.965501E+01	5.479586E+01	5.568179E+03
9.72	-1.199333E+06	1.056155E+02	5.520047E+01	5.568179E+03
9.725	-1.199332E+06	9.451217E+01	5.550368E+01	5.568179E+03
9.73	-1.199332E+06	9.855740E+01	5.550704E+01	5.568179E+03
9.735	-1.199332E+06	9.915113E+01	5.549028E+01	5.568179E+03
9.74	-1.199332E+06	9.573665E+01	5.528110E+01	5.568179E+03
9.745	-1.199332E+06	9.685233E+01	5.486486E+01	5.568179E+03
9.75	-1.199332E+06	9.729203E+01	5.462589E+01	5.568179E+03
9.755	-1.199332E+06	9.887039E+01	5.440810E+01	5.568179E+03
9.76	-1.199332E+06	9.938086E+01	5.418845E+01	5.568179E+03
9.765	-1.199332E+06	1.030728E+02	5.408710E+01	5.568179E+03
9.77	-1.199332E+06	1.023989E+02	5.404853E+01	5.568179E+03
9.775	-1.199332E+06	9.843492E+01	5.424314E+01	5.568179E+03
9.78	-1.199332E+06	9.566497E+01	5.479722E+01	5.568179E+03
9.785	-1.199332E+06	1.000352E+02	5.531513E+01	5.568179E+03
9.79	-1.199332E+06	1.044568E+02	5.555582E+01	5.568179E+03
9.795	-1.199332E+06	9.941322E+01	5.561346E+01	5.568179E+03
9.8	-1.199332E+06	1.013730E+02	5.559793E+01	5.568179E+03
9.805	-1.199332E+06	1.019372E+02	5.575667E+01	5.568179E+03
9.81	-1.199332E+06	9.200277E+01	5.600524E+01	5.568179E+03
9.815	-1.199332E+06	9.034475E+01	5.610007E+01	5.568179E+03
9.82	-1.199332E+06	9.465805E+01	5.620466E+01	5.568179E+03
9.825	-1.199332E+06	9.518159E+01	5.637383E+01	5.568179E+03
9.83	-1.199332E+06	9.733644E+01	5.641414E+01	5.568179E+03
9.835	-1.199332E+06	9.753271E+01	5.637545E+01	5.568179E+03
9.84	-1.199332E+06	9.565495E+01	5.611974E+01	5.568179E+03
9.845	-1.199332E+06	9.964506E+01	5.545332E+01	5.568179E+03
9.85	-1.199332E+06	1.011172E+02	5.490745E+01	5.568179E+03
9.855	-1.199332E+06	1.020051E+02	5.465515E+01	5.568179E+03
9.86	-1.199333E+06	9.929427E+01	5.455393E+01	5.568179E+03
9.865	-1.199332E+06	8.964882E+01	5.482508E+01	5.568179E+03
9.87	-1.199332E+06	9.395472E+01	5.521352E+01	5.568179E+03
9.875	-1.199332E+06	9.864028E+01	5.574570E+01	5.568179E+03
9.88	-1.199332E+06	1.000366E+02	5.638167E+01	5.568179E+03
9.885	-1.199332E+06	1.004454E+02	5.673182E+01	5.568179E+03
9.89	-1.199332E+06	9.722418E+01	5.676605E+01	5.568179E+03
9.895	-1.199332E+06	9.960851E+01	5.659014E+01	5.568179E+03
9.9	-1.199332E+06	1.006628E+02	5.628074E+01	5.568179E+03
9.905	-1.199332E+06	1.023814E+02	5.593979E+01	5.568179E+03
9.91	-1.199332E+06	1.012014E+02	5.581042E+01	5.568179E+03
9.915	-1.199332E+06	1.032938E+02	5.590325E+01	5.568179E+03
9.92	-1.199332E+06	1.027169E+02	5.615035E+01	5.568179E+03
9.925	-1.199332E+06	9.883603E+01	5.617811E+01	5.568179E+03
9.93	-1.199333E+06	1.009144E+02	5.584322E+01	5.568179E+03
9.935	-1.199332E+06	9.485054E+01	5.553762E+01	5.568179E+03
9.94	-1.199332E+06	9.490401E+01	5.527032E+01	5.568179E+03
9.945	-1.199333E+06	1.001206E+02	5.510990E+01	5.568179E+03
9.95	-1.199332E+06	9.656205E+01	5.506112E+01	5.568179E+03
9.955	-1.199332E+06	9.902078E+01	5.479389E+01	5.568179E+03
9.96	-1.199333E+06	1.038848E+02	5.441265E+01	5.568179E+03
9.965	-1.199332E+06	1.008064E+02	5.422902E+01	5.568179E+03
9.97	-1.199332E+06	1.009472E+02	5.425847E+01	5.568179E+03
9.975	-1.199332E+06	1.026454E+02	5.443579E+01	5.568179E+03
9.98	-1.199332E+06	9.898488E+01	5.455978E+01	5.568179E+03
9.985	-1.199332E+06	1.012085E+02	5.445632E+01	5.568179E+03
9.99	-1.199332E+06	1.004929E+02	5.444285E+01	5.568179E+03
9.995	-1.199332E+06	9.254782E+01	5.467523E+01	5.568179E+03
10.0	-1.199332E+06	9.772741E+01	5.487373E+01	5.568179E+03
10.005	-1.199332E+06	9.932975E+01	5.496921E+01	5.568179E+03
10.01	-1.199332E+06	9.977364E+01	5.478153E+01	5.568179E+03
10.015	-1.199332E+06	1.008077E+02	5.429512E+01	5.568179E+03
10.02	-1.199332E+06	9.490489E+01	5.382931E+01	5.568179E+03
10.025	-1.199332E+06	9.576023E+01	5.366545E+01	5.568179E+03
10.03	-1.199332E+06	9.992448E+01	5.385082E+01	5.568179E+03
10.035	-1.199333E+06	1.055675E+02	5.416031E+01	5.568179E+03
10.04	-1.199332E+06	1.035310E+02	5.451222E+01	5.568179E+03
10.045	-1.199332E+06	1.040364E+02	5.467810E+01	5.568179E+03
10.05	-1.199332E+06	1.000985E+02	5.474385E+01	5.568179E+03
10.055	-1.199332E+06	1.024076E+02	5.455226E+01	5.568179E+03
10.06	-1.199332E+06	1.053932E+02	5.407991E+01	5.568179E+03
10.065	-1.199332E+06	9.892961E+01	5.358102E+01	5.568179E+03
10.07	-1.199332E+06	1.039433E+02	5.296305E+01	5.568179E+03
10.075	-1.199332E+06	1.025139E+02	5.261801E+01	5.568179E+03
10.08	-1.199332E+06	9.922190E+01	5.277327E+01	5.568179E+03
10.085	-1.199332E+06	1.042211E+02	5.319672E+01	5.568179E+03
10.09	-1.199332E+06	1.025498E+02	5.391716E+01	5.568179E+03
10.095	-1.199332E+06	1.032937E+02	5.458189E+01	5.568179E+03
10.1	-1.199332E+06	1.057752E+02	5.491247E+01	5.568179E+03
10.105	-1.199332E+06	9.889670E+01	5.523548E+01	5.568179E+03
10.11	-1.199332E+06	9.819935E+01	5.530908E+01	5.568179E+03
10.115	-1.199332E+06	1.042505E+02	5.499519E+01	5.568179E+03
10.12	-1.199332E+06	1.017097E+02	5.467013E+01	5.568179E+03
10.125	-1.199332E+06	1.035616E+02	5.412926E+01	5.568179E+03
10.13	-1.199332E+06	1.010081E+02	5.356698E+01	5.568179E+03
10.135	-1.199332E+06	9.381772E+01	5.321001E+01	5.568179E+03
10.14	-1.199332E+06	9.635626E+01	5.284850E+01	5.568179E+03
10.145	-1.199332E+06	9.748954E+01	5.287921E+01	5.568179E+03
10.15	-1.199332E+06	1.045377E+02	5.324255E+01	5.568179E+03
10.155	-1.199332E+06	1.101103E+02	5.367790E+01	5.568179E+03
10.16	-1.199332E+06	1.051289E+02	5.435112E+01	5.568179E+03
10.165	-1.199332E+06	1.037790E+02	5.497275E+01	5.568179E+03
10.17	-1.199332E+06	1.118863E+02	5.524657E+01	5.568179E+03
10.175	-1.199332E+06	1.085392E+02	5.537919E+01	5.568179E+03
10.18	-1.199332E+06	1.034841E+02	5.513402E+01	5.568179E+03
10.185	-1.199332E+06	1.085935E+02	5.460210E+01	5.568179E+03
10.19	-1.199332E+06	1.066337E+02	5.428044E+01	5.568179E+03
10.195	-1.199332E+06	1.087797E+02	5.393961E+01	5.568179E+03
10.2	-1.199332E+06	1.079149E+02	5.363616E+01	5.568179E+03
10.205	-1.199332E+06	9.935614E+01	5.342111E+01	5.568179E+03
10.21	-1.199332E+06	1.042842E+02	5.320875E+01	5.568179E+03
10.215	-1.199332E+06	1.076469E+02	5.343145E+01	5.568179E+03
10.22	-1.199332E+06	1.015798E+02	5.389034E+01	5.568179E+03
10.225	-1.199332E+06	1.058530E+02	5.412333E+01	5.568179E+03
10.23	-1.199332E+06	1.103498E+02	5.411861E+01	5.568179E+03
10.235	-1.199332E+06	1.079274E+02	5.372200E+01	5.568179E+03
10.24	-1.199332E+06	1.071872E+02	5.311104E+01	5.568179E+03
10.245	-1.199332E+06	1.022128E+02	5.271219E+01	5.568179E+03
10.25	-1.199332E+06	1.061461E+02	5.248655E+01	5.568179E+03
10.255	-1.199332E+06	1.080015E+02	5.243476E+01	5.568179E+03
10.26	-1.199332E+06	1.055627E+02	5.242539E+01	5.568179E+03
10.265	-1.199332E+06	1.038280E+02	5.256300E+01	5.568179E+03
10.27	-1.199332E+06	1.028466E+02	5.293139E+01	5.568179E+03
10.275	-1.199332E+06	1.094778E+02	5.321256E+01	5.568179E+03
10.28	-1.199332E+06	1.060423E+02	5.344330E+01	5.568179E+03
10.285	-1.199332E+06	1.085940E+02	5.351826E+01	5.568179E+03
10.29	-1.199332E+06	1.073517E+02	5.363344E+01	5.568179E+03
10.295	-1.199332E+06	1.021520E+02	5.372189E+01	5.568179E+03
10.3	-1.199332E+06	1.112181E+02	5.339767E+01	5.568179E+03
10.305	-1.199332E+06	1.071080E+02	5.297708E+01	5.568179E+03
10.31	-1.199332E+06	1.041579E+02	5.254326E+01	5.568179E+03
10.315	-1.199332E+06	1.103448E+02	5.222720E+01	5.568179E+03
10.32	-1.199332E+06	1.078369E+02	5.224039E+01	5.568179E+03
10.325	-1.199332E+06	1.106532E+02	5.222434E+01	5.568179E+03
10.33	-1.199332E+06	1.128129E+02	5.217211E+01	5.568179E+03
10.335	-1.199332E+06	1.115568E+02	5.217334E+01	5.568179E+03
10.34	-1.199332E+06	1.073111E+02	5.238855E+01	5.568179E+03
10.345	-1.199332E+06	1.041077E+02	5.293717E+01	5.568179E+03
10.35	-1.199332E+06	1.079195E+02	5.351725E+01	5.568179E+03
10.355	-1.199332E+06	1.058303E+02	5.396733E+01	5.568179E+03
10.36	-1.199332E+06	1.086357E+02	5.414076E+01	5.568179E+03
10.365	-1.199332E+06	1.115818E+02	5.400222E+01	5.568179E+03
10.37	-1.199332E+06	1.130627E+02	5.366252E+01	5.568179E+03
10.375	-1.199332E+06	1.211661E+02	5.344426E+01	5.568179E+03
10.38	-1.199332E+06	1.119827E+02	5.356317E+01	5.568179E+03
10.385	-1.199332E+06	1.132905E+02	5.339617E+01	5.568179E+03
10.39	-1.199332E+06	1.126464E+02	5.308941E+01	5.568179E+03
10.395	-1.199332E+06	1.072501E+02	5.263864E+01	5.568179E+03
10.4	-1.199332E+06	1.182884E+02	5.190907E+01	5.568179E+03
10.405	-1.199332E+06	1.104279E+02	5.159518E+01	5.568179E+03
10.41	-1.199332E+06	1.110795E+02	5.146996E+01	5.568179E+03
10.415	-1.199332E+06	1.154052E+02	5.153583E+01	5.568179E+03
10.42	-1.199332E+06	1.089000E+02	5.191593E+01	5.568179E+03
10.425	-1.199332E+06	1.164841E+02	5.224683E+01	5.568179E+03
10.43	-1.199332E+06	1.171127E+02	5.290939E+01	5.568179E+03
10.435	-1.199332E+06	1.089739E+02	5.380596E+01	5.568179E+03
10.44	-1.199332E+06	1.046884E+02	5.444109E+01	5.568179E+03
10.445	-1.199332E+06	1.168648E+02	5.471223E+01	5.568179E+03
10.45	-1.199332E+06	1.196621E+02	5.464265E+01	5.568179E+03
10.455	-1.199332E+06	1.193430E+02	5.413213E+01	5.568179E+03
10.46	-1.199332E+06	1.172239E+02	5.361775E+01	5.568179E+03
10.465	-1.199332E+06	1.065343E+02	5.335040E+01	5.568179E+03
10.47	-1.199332E+06	1.183710E+02	5.295067E+01	5.568179E+03
10.475	-1.199332E+06	1.214657E+02	5.260826E+01	5.568179E+03
10.48	-1.199332E+06	1.144699E+02	5.237279E+01	5.568179E+03
10.485	-1.199332E+06	1.214492E+02	5.199003E+01	5.568179E+03
10.49	-1.199332E+06	1.118073E+02	5.168355E+01	5.568179E+03
10.495	-1.199332E+06	1.083877E+02	5.141156E+01	5.568179E+03
10.5	-1.199332E+06	1.234660E+02	5.115418E+01	5.568179E+03
10.505	-1.199332E+06	1.170659E+02	5.114744E+01	5.568179E+03
10.51	-1.199331E+06	1.082224E+02	5.133230E+01	5.568179E+03
10.515	-1.199332E+06	1.214143E+02	5.162563E+01	5.568179E+03
10.52	-1.199332E+06	1.196659E+02	5.205053E+01	5.568179E+03
10.525	-1.199332E+06	1.151532E+02	5.221870E+01	5.568179E+03
10.53	-1.199332E+06	1.248504E+02	5.203441E+01	5.568179E+03
10.535	-1.199332E+06	1.189795E+02	5.177672E+01	5.568179E+03
10.54	-1.199332E+06	1.168329E+02	5.130122E+01	5.568179E+03
10.545	-1.199332E+06	1.197555E+02	5.097956E+01	5.568179E+03
10.55	-1.199332E+06	1.140319E+02	5.094517E+01	5.568179E+03
10.555	-1.199332E+06	1.185313E+02	5.069543E+01	5.568179E+03
10.56	-1.199332E+06	1.206571E+02	5.051399E+01	5.568179E+03
10.565	-1.199332E+06	1.189312E+02	5.067243E+01	5.568179E+03
10.57	-1.199332E+06	1.216274E+02	5.118138E+01	5.568179E+03
10.575	-1.199332E+06	1.179901E+02	5.198475E+01	5.568179E+03
10.58	-1.199332E+06	1.191436E+02	5.242426E+01	5.568179E+03
10.585	-1.199332E+06	1.227704E+02	5.235698E+01	5.568179E+03
10.59	-1.199332E+06	1.217015E+02	5.228803E+01	5.568179E+03
10.595	-1.199332E+06	1.247147E+02	5.221215E+01	5.568179E+03
10.6	-1.199332E+06	1.286635E+02	5.194200E+01	5.568179E+03
10.605	-1.199332E+06	1.273174E+02	5.153639E+01	5.568179E+03
10.61	-1.199332E+06	1.256297E+02	5.079896E+01	5.568179E+03
10.615	-1.199332E+06	1.230746E+02	4.986685E+01	5.568179E+03
10.62	-1.199332E+06	1.224880E+02	4.946842E+01	5.568179E+03
10.625	-1.199332E+06	1.259585E+02	4.970850E+01	5.568179E+03
10.63	-1.199332E+06	1.283244E+02	5.026737E+01	5.568179E+03
10.635	-1.199332E+06	1.242568E+02	5.113720E+01	5.568179E+03
10.64	-1.199332E+06	1.306661E+02	5.190909E+01	5.568179E+03
10.645	-1.199332E+06	1.374442E+02	5.251714E+01	5.568179E+03
10.65	-1.199332E+06	1.277383E+02	5.319083E+01	5.568179E+03
10.655	-1.199332E+06	1.231426E+02	5.348632E+01	5.568179E+03
10.66	-1.199331E+06	1.221311E+02	5.345332E+01	5.568179E+03
10.665	-1.199332E+06	1.278098E+02	5.311695E+01	5.568179E+03
10.67	-1.199332E+06	1.325929E+02	5.222599E+01	5.568179E+03
10.675	-1.199331E+06	1.251678E+02	5.120275E+01	5.568179E+03
10.68	-1.199332E+06	1.323606E+02	5.045965E+01	5.568179E+03
10.685	-1.199332E+06	1.365320E+02	5.012072E+01	5.568179E+03
10.69	-1.199331E+06	1.321278E+02	4.998202E+01	5.568179E+03
10.695	-1.199331E+06	1.313711E+02	5.005239E+01	5.568179E+03
10.7	-1.199331E+06	1.311173E+02	5.028272E+01	5.568179E+03
10.705	-1.199331E+06	1.321418E+02	5.030002E+01	5.568179E+03
10.71	-1.199331E+06	1.272806E+02	5.026822E+01	5.568179E+03
10.715	-1.199331E+06	1.267366E+02	5.041072E+01	5.568179E+03
10.72	-1.199331E+06	1.291530E+02	5.083224E+01	5.568179E+03
10.725	-1.199331E+06	1.327292E+02	5.147919E+01	5.568179E+03
10.73	-1.199332E+06	1.347976E+02	5.200734E+01	5.568179E+03
10.735	-1.199331E+06	1.262836E+02	5.240700E+01	5.568179E+03
10.74	-1.199331E+06	1.280883E+02	5.280266E+01	5.568179E+03
10.745	-1.199332E+06	1.356903E+02	5.309696E+01	5.568179E+03
10.75	-1.199331E+06	1.326521E+02	5.313632E+01	5.568179E+03
10.755	-1.199331E+06	1.350357E+02	5.276035E+01	5.568179E+03
10.76	-1.199331E+06	1.367337E+02	5.219121E+01	5.568179E+03
10.765	-1.199331E+06	1.351101E+02	5.162425E+01	5.568179E+03
10.77	-1.199331E+06	1.339673E+02	5.115147E+01	5.568179E+03
10.775	-1.199331E+06	1.348488E+02	5.074655E+01	5.568179E+03
10.78	-1.199331E+06	1.402590E+02	5.024708E+01	5.568179E+03
10.785	-1.199331E+06	1.429708E+02	4.980693E+01	5.568179E+03
10.79	-1.199331E+06	1.430701E+02	4.962057E+01	5.568179E+03
10.795	-1.199331E+06	1.382496E+02	4.980515E+01	5.568179E+03
10.8	-1.199331E+06	1.306549E+02	5.024461E+01	5.568179E+03
10.805	-1.199331E+06	1.399041E+02	5.064576E+01	5.568179E+03
10.81	-1.199331E+06	1.450428E+02	5.115511E+01	5.568179E+03
10.815	-1.199331E+06	1.344077E+02	5.177217E+01	5.568179E+03
10.82	-1.199331E+06	1.366690E+02	5.232050E+01	5.568179E+03
10.825	-1.199331E+06	1.347392E+02	5.277587E+01	5.568179E+03
10.83	-1.199331E+06	1.389195E+02	5.264714E+01	5.568179E+03
10.835	-1.199331E+06	1.395668E+02	5.224483E+01	5.568179E+03
10.84	-1.199331E+06	1.403165E+02	5.186102E+01	5.568179E+03
10.845	-1.199331E+06	1.488240E+02	5.163089E+01	5.568179E+03
10.85	-1.199331E+06	1.461942E+02	5.174025E+01	5.568179E+03
10.855	-1.199332E+06	1.531771E+02	5.185425E+01	5.568179E+03
10.86	-1.199331E+06	1.470700E+02	5.219363E+01	5.568179E+03
10.865	-1.199331E+06	1.432312E+02	5.243090E+01	5.568179E+03
10.87	-1.199331E+06	1.455942E+02	5.251085E+01	5.568179E+03
10.875	-1.199331E+06	1.438231E+02	5.268104E+01	5.568179E+03
10.88	-1.199332E+06	1.543009E+02	5.253464E+01	5.568179E+03
10.885	-1.199331E+06	1.433797E+02	5.263569E+01	5.568179E+03
10.89	-1.199331E+06	1.460575E+02	5.297744E+01	5.568179E+03
10.895	-1.199331E+06	1.541107E+02	5.332341E+01	5.568179E+03
10.9	-1.199331E+06	1.489073E+02	5.365354E+01	5.568179E+03
10.905	-1.199331E+06	1.550938E+02	5.351956E+01	5.568179E+03
10.91	-1.199331E+06	1.519030E+02	5.320517E+01	5.568179E+03
10.915	-1.199331E+06	1.541113E+02	5.311614E+01	5.568179E+03
10.92	-1.199331E+06	1.591751E+02	5.314217E+01	5.568179E+03
10.925	-1.199331E+06	1.577472E+02	5.312418E+01	5.568179E+03
10.93	-1.199331E+06	1.512188E+02	5.317700E+01	5.568179E+03
10.935	-1.199331E+06	1.504549E+02	5.316865E+01	5.568179E+03
10.94	-1.199331E+06	1.571401E+02	5.303394E+01	5.568179E+03
10.945	-1.199331E+06	1.487412E+02	5.315080E+01	5.568179E+03
10.95	-1.199331E+06	1.508343E+02	5.322662E+01	5.568179E+03
10.955	-1.199331E+06	1.541392E+02	5.311986E+01	5.568179E+03
10.96	-1.199331E+06	1.468787E+02	5.297955E+01	5.568179E+03
10.965	-1.199331E+06	1.531269E+02	5.239706E+01	5.568179E+03
10.97	-1.199331E+06	1.495017E+02	5.176945E+01	5.568179E+03
10.975	-1.199331E+06	1.455821E+02	5.146482E+01	5.568179E+03
10.98	-1.199331E+06	1.595651E+02	5.127320E+01	5.568179E+03
10.985	-1.199331E+06	1.547317E+02	5.160503E+01	5.568179E+03
10.99	-1.199331E+06	1.545922E+02	5.205905E+01	5.568179E+03
10.995	-1.199331E+06	1.609958E+02	5.210682E+01	5.568179E+03
11.0	-1.199331E+06	1.598464E+02	5.216614E+01	5.568179E+03
11.005	-1.199331E+06	1.640774E+02	5.258123E+01	5.568179E+03
11.01	-1.199331E+06	1.639831E+02	5.304085E+01	5.568179E+03
11.015	-1.199331E+06	1.618272E+02	5.344378E+01	5.568179E+03
11.02	-1.199331E+06	1.590003E+02	5.378419E+01	5.568179E+03
11.025	-1.199331E+06	1.589497E+02	5.387209E+01	5.568179E+03
11.03	-1.199331E+06	1.616335E+02	5.399920E+01	5.568179E+03
11.035	-1.199331E+06	1.573483E+02	5.417652E+01	5.568179E+03
11.04	-1.199331E+06	1.653380E+02	5.425718E+01	5.568179E+03
11.045	-1.199331E+06	1.574754E+02	5.448245E+01	5.568179E+03
11.05	-1.199331E+06	1.548024E+02	5.409408E+01	5.568179E+03
11.055	-1.199331E+06	1.679930E+02	5.337566E+01	5.568179E+03
11.06	-1.199331E+06	1.707136E+02	5.304533E+01	5.568179E+03
11.065	-1.199331E+06	1.816752E+02	5.276762E+01	5.568179E+03
11.07	-1.199331E+06	1.837272E+02	5.273906E+01	5.568179E+03
11.075	-1.199331E+06	1.829407E+02	5.264359E+01	5.568179E+03
11.08	-1.199331E+06	1.786328E+02	5.216082E+01	5.568179E+03
11.085	-1.199330E+06	1.606761E+02	5.204613E+01	5.568179E+03
11.09	-1.199331E+06	1.676567E+02	5.249433E+01	5.568179E+03
11.095	-1.199331E+06	1.689621E+02	5.334270E+01	5.568179E+03
11.1	-1.199331E+06	1.689170E+02	5.413914E+01	5.568179E+03
11.105	-1.199331E+06	1.709616E+02	5.465364E+01	5.568179E+03
11.11	-1.199330E+06	1.684800E+02	5.503845E+01	5.568179E+03
11.115	-1.199331E+06	1.754874E+02	5.532883E+01	5.568179E+03
11.12	-1.199331E+06	1.718314E+02	5.556508E+01	5.568179E+03
11.125	-1.199331E+06	1.748958E+02	5.556019E+01	5.568179E+03
11.13	-1.199331E+06	1.726434E+02	5.541440E+01	5.568179E+03
11.135	-1.199330E+06	1.741982E+02	5.503290E+01	5.568179E+03
11.14	-1.199331E+06	1.884421E+02	5.441179E+01	5.568179E+03
11.145	-1.199330E+06	1.842654E+02	5.384626E+01	5.568179E+03
11.15	-1.199331E+06	1.825744E+02	5.314697E+01	5.568179E+03
11.155	-1.199330E+06	1.789933E+02	5.253065E+01	5.568179E+03
11.16	-1.199330E+06	1.763263E+02	5.220867E+01	5.568179E+03
11.165	-1.199330E+06	1.750364E+02	5.238070E+01	5.568179E+03
11.17	-1.199330E+06	1.825350E+02	5.317692E+01	5.568179E+03
11.175	-1.199330E+06	1.957079E+02	5.436845E+01	5.568179E+03
11.18	-1.199331E+06	2.039006E+02	5.540093E+01	5.568179E+03
11.185	-1.199330E+06	1.949351E+02	5.621767E+01	5.568179E+03
11.19	-1.199330E+06	1.855210E+02	5.677893E+01	5.568179E+03
11.195	-1.199330E+06	1.849598E+02	5.710310E+01	5.568179E+03
11.2	-1.199330E+06	1.873177E+02	5.730605E+01	5.568179E+03
11.205	-1.199330E+06	1.929181E+02	5.726229E+01	5.568179E+03
11.21	-1.199330E+06	1.908421E+02	5.669845E+01	5.568179E+03
11.215	-1.199330E+06	1.887816E+02	5.555647E+01	5.568179E+03
11.22	-1.199330E+06	1.845577E+02	5.434193E+01	5.568179E+03
11.225	-1.199330E+06	1.806069E+02	5.347336E+01	5.568179E+03
11.23	-1.199330E+06	1.899766E+02	5.311353E+01	5.568179E+03
11.235	-1.199330E+06	1.902508E+02	5.327864E+01	5.568179E+03
11.24	-1.199330E+06	2.000898E+02	5.338284E+01	5.568179E+03
11.245	-1.199330E+06	1.973884E+02	5.339300E+01	5.568179E+03
11.25	-1.199330E+06	1.859874E+02	5.344629E+01	5.568179E+03
11.255	-1.199331E+06	2.017352E+02	5.357955E+01	5.568179E+03
11.26	-1.199330E+06	1.851091E+02	5.414252E+01	5.568179E+03
11.265	-1.199330E+06	1.918323E+02	5.435295E+01	5.568179E+03
11.27	-1.199330E+06	2.051464E+02	5.418210E+01	5.568179E+03
11.275	-1.199330E+06	1.935120E+02	5.370755E+01	5.568179E+03
11.28	-1.199330E+06	1.956892E+02	5.321948E+01	5.568179E+03
11.285	-1.199330E+06	1.906309E+02	5.350314E+01	5.568179E+03
11.29	-1.199330E+06	2.058500E+02	5.384176E+01	5.568179E+03
11.295	-1.199330E+06	2.022081E+02	5.442280E+01	5.568179E+03
11.3	-1.199330E+06	1.998441E+02	5.490956E+01	5.568179E+03
11.305	-1.199330E+06	2.119641E+02	5.490901E+01	5.568179E+03
11.31	-1.199330E+06	2.093829E+02	5.483246E+01	5.568179E+03
11.315	-1.199330E+06	2.172565E+02	5.450883E+01	5.568179E+03
11.32	-1.199330E+06	2.055783E+02	5.430900E+01	5.568179E+03
11.325	-1.199330E+06	2.100736E+02	5.400314E+01	5.568179E+03
11.33	-1.199330E+06	2.224504E+02	5.361139E+01	5.568179E+03
11.335	-1.199330E+06	2.128307E+02	5.340425E+01	5.568179E+03
11.34	-1.199330E+06	2.103131E+02	5.343336E+01	5.568179E+03
11.345	-1.199330E+06	2.060932E+02	5.393355E+01	5.568179E+03
11.35	-1.199330E+06	2.148258E+02	5.404369E+01	5.568179E+03
11.355	-1.199330E+06	2.184890E+02	5.383433E+01	5.568179E+03
11.36	-1.199330E+06	2.059427E+02	5.390812E+01	5.568179E+03
11.365	-1.199330E+06	2.152761E+02	5.394524E+01	5.568179E+03
11.37	-1.199330E+06	2.179355E+02	5.429522E+01	5.568179E+03
11.375	-1.199330E+06	2.102936E+02	5.438541E+01	5.568179E+03
11.38	-1.199330E+06	2.161787E+02	5.392676E+01	5.568179E+03
11.385	-1.199330E+06	2.221204E+02	5.379986E+01	5.568179E+03
11.39	-1.199330E+06	2.313767E+02	5.361703E+01	5.568179E+03
11.395	-1.199330E+06	2.295652E+02	5.350960E+01	5.568179E+03
11.4	-1.199330E+06	2.276355E+02	5.364507E+01	5.568179E+03
11.405	-1.199330E+06	2.247894E+02	5.376002E+01	5.568179E+03
11.41	-1.199329E+06	2.194852E+02	5.392131E+01	5.568179E+03
11.415	-1.199330E+06	2.249753E+02	5.409475E+01	5.568179E+03
11.42	-1.199330E+06	2.329812E+02	5.430497E+01	5.568179E+03
11.425	-1.199330E+06	2.337472E+02	5.441280E+01	5.568179E+03
11.43	-1.199330E+06	2.297898E+02	5.405361E+01	5.568179E+03
11.435	-1.199329E+06	2.213896E+02	5.338869E+01	5.568179E+03
11.44	-1.199329E+06	2.212046E+02	5.265322E+01	5.568179E+03
11.445	-1.199329E+06	2.212773E+02	5.221355E+01	5.568179E+03
11.45	-1.199329E+06	2.281379E+02	5.232710E+01	5.568179E+03
11.455	-1.199329E+06	2.368314E+02	5.261312E+01	5.568179E+03
11.46	-1.199329E+06	2.383331E+02	5.272392E+01	5.568179E+03
11.465	-1.199329E+06	2.383387E+02	5.276788E+01	5.568179E+03
11.47	-1.199329E+06	2.404122E+02	5.280049E+01	5.568179E+03
11.475	-1.199329E+06	2.436244E+02	5.307738E+01	5.568179E+03
11.48	-1.199329E+06	2.300475E+02	5.351805E+01	5.568179E+03
11.485	-1.199329E+06	2.328014E+02	5.353831E+01	5.568179E+03
11.49	-1.199329E+06	2.382910E+02	5.377430E+01	5.568179E+03
11.495	-1.199329E+06	2.480613E+02	5.379794E+01	5.568179E+03
11.5	-1.199329E+06	2.516122E+02	5.350747E+01	5.568179E+03
11.505	-1.199329E+06	2.345131E+02	5.376264E+01	5.568179E+03
11.51	-1.199329E+06	2.495783E+02	5.378770E+01	5.568179E+03
11.515	-1.199329E+06	2.413272E+02	5.380234E+01	5.568179E+03
11.52	-1.199329E+06	2.382880E+02	5.378790E+01	5.568179E+03
11.525	-1.199329E+06	2.479263E+02	5.369149E+01	5.568179E+03
11.53	-1.199328E+06	2.322782E+02	5.424911E+01	5.568179E+03
11.535	-1.199329E+06	2.546466E+02	5.479928E+01	5.568179E+03
11.54	-1.199329E+06	2.576371E+02	5.511542E+01	5.568179E+03
11.545	-1.199329E+06	2.594825E+02	5.505123E+01	5.568179E+03
11.55	-1.199329E+06	2.624633E+02	5.480857E+01	5.568179E+03
11.555	-1.199328E+06	2.602889E+02	5.462244E+01	5.568179E+03
11.56	-1.199329E+06	2.738985E+02	5.459961E+01	5.568179E+03
11.565	-1.199328E+06	2.511680E+02	5.497960E+01	5.568179E+03
11.57	-1.199329E+06	2.620513E+02	5.509767E+01	5.568179E+03
11.575	-1.199329E+06	2.544978E+02	5.512853E+01	5.568179E+03
11.58	-1.199328E+06	2.479271E+02	5.443336E+01	5.568179E+03
11.585	-1.199329E+06	2.785354E+02	5.373071E+01	5.568179E+03
11.59	-1.199328E+06	2.669578E+02	5.384786E+01	5.568179E+03
11.595	-1.199329E+06	2.715286E+02	5.332443E+01	5.568179E+03
11.6	-1.199329E+06	2.653556E+02	5.276487E+01	5.568179E+03
11.605	-1.199329E+06	2.646943E+02	5.198034E+01	5.568179E+03
11.61	-1.199329E+06	2.733443E+02	5.141141E+01	5.568179E+03
11.615	-1.199328E+06	2.660446E+02	5.214541E+01	5.568179E+03
11.62	-1.199329E+06	2.887132E+02	5.251477E+01	5.568179E+03
11.625	-1.199328E+06	2.769366E+02	5.263687E+01	5.568179E+03
11.63	-1.199328E+06	2.663999E+02	5.267299E+01	5.568179E+03
11.635	-1.199329E+06	2.785866E+02	5.239051E+01	5.568179E+03
11.64	-1.199329E+06	2.832487E+02	5.253388E+01	5.568179E+03
11.645	-1.199328E+06	2.779642E+02	5.283422E+01	5.568179E+03
11.65	-1.199328E+06	2.816159E+02	5.277653E+01	5.568179E+03
11.655	-1.199329E+06	2.872287E+02	5.302129E+01	5.568179E+03
11.66	-1.199328E+06	2.744490E+02	5.331472E+01	5.568179E+03
11.665	-1.199328E+06	2.727309E+02	5.339474E+01	5.568179E+03
11.67	-1.199328E+06	2.813210E+02	5.383628E+01	5.568179E+03
11.675	-1.199328E+06	2.834433E+02	5.410572E+01	5.568179E+03
11.68	-1.199328E+06	2.961328E+02	5.366878E+01	5.568179E+03
11.685	-1.199328E+06	2.951166E+02	5.338937E+01	5.568179E+03
11.69	-1.199328E+06	2.871176E+02	5.288939E+01	5.568179E+03
11.695	-1.199328E+06	2.916193E+02	5.220253E+01	5.568179E+03
11.7	-1.199328E+06	2.897496E+02	5.234552E+01	5.568179E+03
11.705	-1.199328E+06	2.932273E+02	5.231328E+01	5.568179E+03
11.71	-1.199328E+06	3.047365E+02	5.171622E+01	5.568179E+03
11.715	-1.199328E+06	2.869935E+02	5.166183E+01	5.568179E+03
11.72	-1.199328E+06	2.898288E+02	5.148917E+01	5.568179E+03
11.725	-1.199329E+06	3.130582E+02	5.113397E+01	5.568179E+03
11.73	-1.199327E+06	2.821187E+02	5.186583E+01	5.568179E+03
11.735	-1.199328E+06	3.072928E+02	5.213115E+01	5.568179E+03
11.74	-1.199328E+06	3.141271E+02	5.231816E+01	5.568179E+03
11.745	-1.199327E+06	2.834521E+02	5.301472E+01	5.568179E+03
11.75	-1.199328E+06	3.028358E+02	5.354968E+01	5.568179E+03
11.755	-1.199328E+06	3.132459E+02	5.464401E+01	5.568179E+03
11.76	-1.199328E+06	3.218819E+02	5.561588E+01	5.568179E+03
11.765	-1.199328E+06	3.322000E+02	5.542178E+01	5.568179E+03
11.77	-1.199327E+06	3.218227E+02	5.469732E+01	5.568179E+03
11.775	-1.199327E+06	3.186105E+02	5.387409E+01	5.568179E+03
11.78	-1.199328E+06	3.311223E+02	5.275025E+01	5.568179E+03
11.785	-1.199327E+06	3.234200E+02	5.205430E+01	5.568179E+03
11.79	-1.199327E+06	3.209706E+02	5.171189E+01	5.568179E+03
11.795	-1.199328E+06	3.237761E+02	5.083887E+01	5.568179E+03
11.8	-1.199327E+06	3.079628E+02	5.050191E+01	5.568179E+03
11.805	-1.199327E+06	3.123274E+02	5.090830E+01	5.568179E+03
11.81	-1.199328E+06	3.304668E+02	5.082181E+01	5.568179E+03
11.815	-1.199327E+06	3.257372E+02	5.122843E+01	5.568179E+03
11.82	-1.199327E+06	3.326615E+02	5.166151E+01	5.568179E+03
11.825	-1.199328E+06	3.516351E+02	5.115012E+01	5.568179E+03
11.83	-1.199327E+06	3.274259E+02	5.135901E+01	5.568179E+03
11.835	-1.199327E+06	3.372425E+02	5.153566E+01	5.568179E+03
11.84	-1.199327E+06	3.254127E+02	5.162628E+01	5.568179E+03
11.845	-1.199326E+06	3.045412E+02	5.179569E+01	5.568179E+03
11.85	-1.199327E+06	3.317460E+02	5.131484E+01	5.568179E+03
11.855	-1.199327E+06	3.389642E+02	5.104929E+01	5.568179E+03
11.86	-1.199327E+06	3.417451E+02	5.120776E+01	5.568179E+03
11.865	-1.199327E+06	3.467323E+02	5.127111E+01	5.568179E+03
11.87	-1.199327E+06	3.581310E+02	5.111403E+01	5.568179E+03
11.875	-1.199327E+06	3.494242E+02	5.079220E+01	5.568179E+03
11.88	-1.199326E+06	3.367849E+02	5.025606E+01	5.568179E+03
11.885	-1.199327E+06	3.560460E+02	5.025067E+01	5.568179E+03
11.89	-1.199327E+06	3.536423E+02	5.115775E+01	5.568179E+03
11.895	-1.199327E+06	3.620888E+02	5.132224E+01	5.568179E+03
11.9	-1.199327E+06	3.556421E+02	5.053102E+01	5.568179E+03
11.905	-1.199326E+06	3.442718E+02	4.940284E+01	5.568179E+03
11.91	-1.199327E+06	3.635464E+02	4.839149E+01	5.568179E+03
11.915	-1.199327E+06	3.561088E+02	4.835642E+01	5.568179E+03
11.92	-1.199326E+06	3.550317E+02	4.884912E+01	5.568179E+03
11.925	-1.199327E+06	3.725007E+02	4.887081E+01	5.568179E+03
11.93	-1.199326E+06	3.636334E+02	4.855832E+01	5.568179E+03
11.935	-1.199327E+06	3.701267E+02	4.830136E+01	5.568179E+03
11.94	-1.199327E+06	3.725476E+02	4.831490E+01	5.568179E+03
11.945	-1.199326E+06	3.586332E+02	4.864894E+01	5.568179E+03
11.95	-1.199326E+06	3.593807E+02	4.948994E+01	5.568179E+03
11.955	-1.199327E+06	3.814935E+02	4.956794E+01	5.568179E+03
11.96	-1.199326E+06	3.735071E+02	4.892646E+01	5.568179E+03
11.965	-1.199326E+06	3.575193E+02	4.883629E+01	5.568179E+03
11.97	-1.199327E+06	3.877092E+02	4.865009E+01	5.568179E+03
11.975	-1.199326E+06	3.751486E+02	4.901371E+01	5.568179E+03
11.98	-1.199326E+06	3.526861E+02	4.953168E+01	5.568179E+03
11.985	-1.199326E+06	3.722763E+02	4.937126E+01	5.568179E+03
11.99	-1.199326E+06	3.811522E+02	4.973685E+01	5.568179E+03
11.995	-1.199326E+06	3.975002E+02	5.030763E+01	5.568179E+03
12.0	-1.199326E+06	4.129751E+02	5.074338E+01	5.568179E+03
12.005	-1.199326E+06	3.953898E+02	5.130265E+01	5.568179E+03
12.01	-1.199326E+06	3.895293E+02	5.144811E+01	5.568179E+03
12.015	-1.199327E+06	4.200530E+02	5.110255E+01	5.568179E+03
12.02	-1.199326E+06	4.043045E+02	5.092748E+01	5.568179E+03
12.025	-1.199326E+06	3.980567E+02	5.080050E+01	5.568179E+03
12.03	-1.199326E+06	4.073082E+02	5.096143E+01	5.568179E+03
12.035	-1.199325E+06	3.812244E+02	5.128320E+01	5.568179E+03
12.04	-1.199325E+06	3.856915E+02	5.144244E+01	5.568179E+03
12.045	-1.199326E+06	4.240421E+02	5.133375E+01	5.568179E+03
12.05	-1.199326E+06	4.317888E+02	5.096668E+01	5.568179E+03
12.055	-1.199325E+06	4.091818E+02	5.107448E+01	5.568179E+03
12.06	-1.199325E+06	4.027897E+02	5.150999E+01	5.568179E+03
12.065	-1.199325E+06	3.946723E+02	5.215229E+01	5.568179E+03
12.07	-1.199325E+06	4.051237E+02	5.253419E+01	5.568179E+03
12.075	-1.199326E+06	4.372647E+02	5.207695E+01	5.568179E+03
12.08	-1.199325E+06	4.200918E+02	5.160937E+01	5.568179E+03
12.085	-1.199325E+06	4.058281E+02	5.108501E+01	5.568179E+03
12.09	-1.199325E+06	3.987479E+02	5.087377E+01	5.568179E+03
12.095	-1.199325E+06	4.344606E+02	5.038761E+01	5.568179E+03
12.1	-1.199325E+06	4.576424E+02	4.960753E+01	5.568179E+03
12.105	-1.199325E+06	4.402661E+02	4.958905E+01	5.568179E+03
12.11	-1.199325E+06	4.301829E+02	5.030342E+01	5.568179E+03
12.115	-1.199325E+06	4.286072E+02	5.112766E+01	5.568179E+03
12.12	-1.199325E+06	4.328390E+02	5.140358E+01	5.568179E+03
12.125	-1.199325E+06	4.333917E+02	5.073860E+01	5.568179E+03
12.13	-1.199325E+06	4.320545E+02	5.022190E+01	5.568179E+03
12.135	-1.199325E+06	4.284484E+02	5.054080E+01	5.568179E+03
12.14	-1.199325E+06	4.287099E+02	5.095393E+01	5.568179E+03
12.145	-1.199325E+06	4.303364E+02	5.103071E+01	5.568179E+03
12.15	-1.199325E+06	4.343669E+02	4.997437E+01	5.568179E+03
12.155	-1.199324E+06	4.147427E+02	4.860579E+01	5.568179E+03
12.16	-1.199325E+06	4.232314E+02	4.792093E+01	5.568179E+03
12.165	-1.199325E+06	4.446612E+02	4.797220E+01	5.568179E+03
12.17	-1.199325E+06	4.506438E+02	4.817335E+01	5.568179E+03
12.175	-1.199324E+06	4.437051E+02	4.861982E+01	5.568179E+03
12.18	-1.199324E+06	4.475714E+02	4.938141E+01	5.568179E+03
12.185	-1.199325E+06	4.726538E+02	5.013236E+01	5.568179E+03
12.19	-1.199325E+06	4.805680E+02	5.090248E+01	5.568179E+03
12.195	-1.199324E+06	4.761209E+02	5.133688E+01	5.568179E+03
12.2	-1.199324E+06	4.812457E+02	5.141368E+01	5.568179E+03
12.205	-1.199324E+06	4.751369E+02	5.072796E+01	5.568179E+03
12.21	-1.199325E+06	4.849953E+02	4.924149E+01	5.568179E+03
12.215	-1.199324E+06	4.571749E+02	4.893244E+01	5.568179E+03
12.22	-1.199323E+06	4.471112E+02	4.906492E+01	5.568179E+03
12.225	-1.199326E+06	4.974393E+02	4.879438E+01	5.568179E+03
12.23	-1.199323E+06	4.548464E+02	4.932057E+01	5.568179E+03
12.235	-1.199324E+06	4.683733E+02	4.832574E+01	5.568179E+03
12.24	-1.199325E+06	4.955085E+02	4.696149E+01	5.568179E+03
12.245	-1.199323E+06	4.593500E+02	4.685593E+01	5.568179E+03
12.25	-1.199324E+06	4.698771E+02	4.616193E+01	5.568179E+03
12.255	-1.199324E+06	4.808993E+02	4.549482E+01	5.568179E+03
12.26	-1.199323E+06	4.673751E+02	4.544548E+01	5.568179E+03
12.265	-1.199323E+06	4.727647E+02	4.501985E+01	5.568179E+03
12.27	-1.199324E+06	4.985193E+02	4.468621E+01	5.568179E+03
12.275	-1.199323E+06	4.733603E+02	4.611171E+01	5.568179E+03
12.28	-1.199323E+06	4.867399E+02	4.759523E+01	5.568179E+03
12.285	-1.199325E+06	5.197177E+02	4.808022E+01	5.568179E+03
12.29	-1.199322E+06	4.560104E+02	4.886389E+01	5.568179E+03
12.295	-1.199323E+06	4.767294E+02	4.882986E+01	5.568179E+03
12.3	-1.199325E+06	5.202521E+02	4.900242E+01	5.568179E+03
12.305	-1.199322E+06	4.790563E+02	5.014671E+01	5.568179E+03
12.31	-1.199324E+06	5.155896E+02	4.967336E+01	5.568179E+03
12.315	-1.199324E+06	5.349806E+02	4.893349E+01	5.568179E+03
12.32	-1.199323E+06	4.958289E+02	4.870496E+01	5.568179E+03
12.325	-1.199323E+06	5.218279E+02	4.763034E+01	5.568179E+03
12.33	-1.199324E+06	5.391500E+02	4.790651E+01	5.568179E+03
12.335	-1.199322E+06	5.008850E+02	4.925079E+01	5.568179E+03
12.34	-1.199323E+06	5.312592E+02	4.880162E+01	5.568179E+03
12.345	-1.199324E+06	5.459910E+02	4.858754E+01	5.568179E+03
12.35	-1.199322E+06	4.919359E+02	4.867076E+01	5.568179E+03
12.355	-1.199323E+06	5.092434E+02	4.767881E+01	5.568179E+03
12.36	-1.199323E+06	5.254080E+02	4.816445E+01	5.568179E+03
12.365	-1.199322E+06	5.158319E+02	4.888866E+01	5.568179E+03
12.37	-1.199323E+06	5.563028E+02	4.809005E+01	5.568179E+03
12.375	-1.199323E+06	5.577680E+02	4.822292E+01	5.568179E+03
12.38	-1.199322E+06	5.268585E+02	4.876267E+01	5.568179E+03
12.385	-1.199323E+06	5.346892E+02	4.862365E+01	5.568179E+03
12.39	-1.199323E+06	5.274458E+02	4.948441E+01	5.568179E+03
12.395	-1.199322E+06	5.131652E+02	5.007582E+01	5.568179E+03
12.4	-1.199323E+06	5.544029E+02	4.947782E+01	5.568179E+03
12.405	-1.199323E+06	5.603943E+02	4.955041E+01	5.568179E+03
12.41	-1.199322E+06	5.550912E+02	4.912920E+01	5.568179E+03
12.415	-1.199323E+06	5.688225E+02	4.848351E+01	5.568179E+03
12.42	-1.199322E+06	5.303159E+02	4.861148E+01	5.568179E+03
12.425	-1.199323E+06	5.492700E+02	4.697334E+01	5.568179E+03
12.43	-1.199323E+06	5.629036E+02	4.503991E+01	5.568179E+03
12.435	-1.199321E+06	5.120243E+02	4.511062E+01	5.568179E+03
12.44	-1.199323E+06	5.378587E+02	4.499867E+01	5.568179E+03
12.445	-1.199322E+06	5.256184E+02	4.571084E+01	5.568179E+03
12.45	-1.199321E+06	5.143617E+02	4.735632E+01	5.568179E+03
12.455	-1.199323E+06	5.730660E+02	4.724871E+01	5.568179E+03
12.46	-1.199322E+06	5.785553E+02	4.670831E+01	5.568179E+03
12.465	-1.199322E+06	5.608853E+02	4.613931E+01	5.568179E+03
12.47	-1.199323E+06	5.770272E+02	4.529399E+01	5.568179E+03
12.475	-1.199322E+06	5.659480E+02	4.629334E+01	5.568179E+03
12.48	-1.199322E+06	5.388640E+02	4.715120E+01	5.568179E+03
12.485	-1.199322E+06	5.547456E+02	4.657145E+01	5.568179E+03
12.49	-1.199322E+06	5.466227E+02	4.771111E+01	5.568179E+03
12.495	-1.199322E+06	5.472751E+02	4.982197E+01	5.568179E+03
12.5	-1.199322E+06	5.657651E+02	5.141761E+01	5.568179E+03
12.505	-1.199322E+06	5.752707E+02	5.273850E+01	5.568179E+03
12.51	-1.199322E+06	5.929144E+02	5.319151E+01	5.568179E+03
12.515	-1.199322E+06	5.873385E+02	5.291393E+01	5.568179E+03
12.52	-1.199322E+06	5.966065E+02	5.260066E+01	5.568179E+03
12.525	-1.199321E+06	5.840630E+02	5.221575E+01	5.568179E+03
12.53	-1.199322E+06	5.968444E+02	5.076823E+01	5.568179E+03
12.535	-1.199322E+06	5.993816E+02	4.921768E+01	5.568179E+03
12.54	-1.199321E+06	5.590764E+02	4.782379E+01	5.568179E+03
12.545	-1.199323E+06	5.767410E+02	4.639602E+01	5.568179E+03
12.55	-1.199320E+06	5.463433E+02	4.761156E+01	5.568179E+03
12.555	-1.199322E+06	5.985314E+02	4.861063E+01	5.568179E+03
12.56	-1.199322E+06	6.071675E+02	4.890285E+01	5.568179E+03
12.565	-1.199321E+06	5.842670E+02	5.001496E+01	5.568179E+03
12.57	-1.199322E+06	6.093464E+02	5.131376E+01	5.568179E+03
12.575	-1.199322E+06	6.291870E+02	5.207532E+01	5.568179E+03
12.58	-1.199321E+06	6.043032E+02	5.245654E+01	5.568179E+03
12.585	-1.199320E+06	5.830839E+02	5.218869E+01	5.568179E+03
12.59	-1.199322E+06	6.272366E+02	5.133946E+01	5.568179E+03
12.595	-1.199321E+06	6.211182E+02	5.101311E+01	5.568179E+03
12.6	-1.199322E+06	6.351428E+02	4.999540E+01	5.568179E+03
12.605	-1.199322E+06	6.269507E+02	4.886611E+01	5.568179E+03
12.61	-1.199321E+06	5.860555E+02	4.804153E+01	5.568179E+03
12.615	-1.199321E+06	5.955652E+02	4.633773E+01	5.568179E+03
12.62	-1.199321E+06	5.893470E+02	4.490671E+01	5.568179E+03
12.625	-1.199321E+06	5.654851E+02	4.515344E+01	5.568179E+03
12.63	-1.199320E+06	5.815627E+02	4.639560E+01	5.568179E+03
12.635	-1.199322E+06	6.376933E+02	4.780698E+01	5.568179E+03
12.64	-1.199320E+06	5.986472E+02	4.982335E+01	5.568179E+03
12.645	-1.199320E+06	6.043921E+02	5.065181E+01	5.568179E+03
12.65	-1.199322E+06	6.474289E+02	5.082102E+01	5.568179E+03
12.655	-1.199320E+06	5.945103E+02	5.083083E+01	5.568179E+03
12.66	-1.199321E+06	6.117617E+02	4.935632E+01	5.568179E+03
12.665	-1.199321E+06	6.206738E+02	4.832578E+01	5.568179E+03
12.67	-1.199320E+06	5.963288E+02	4.741697E+01	5.568179E+03
12.675	-1.199322E+06	6.307742E+02	4.618270E+01	5.568179E+03
12.68	-1.199321E+06	6.315948E+02	4.624999E+01	5.568179E+03
12.685	-1.199321E+06	6.212104E+02	4.563975E+01	5.568179E+03
12.69	-1.199321E+06	6.292207E+02	4.382067E+01	5.568179E+03
12.695	-1.199321E+06	6.147756E+02	4.390325E+01	5.568179E+03
12.7	-1.199321E+06	6.126707E+02	4.522952E+01	5.568179E+03
12.705	-1.199321E+06	6.384983E+02	4.610707E+01	5.568179E+03
12.71	-1.199321E+06	6.437696E+02	4.829163E+01	5.568179E+03
12.715	-1.199320E+06	6.332674E+02	5.066361E+01	5.568179E+03
12.72	-1.199322E+06	6.688958E+02	5.140509E+01	5.568179E+03
12.725	-1.199320E+06	6.523173E+02	5.267437E+01	5.568179E+03
12.73	-1.199321E+06	6.666845E+02	5.269633E+01	5.568179E+03
12.735	-1.199321E+06	6.679547E+02	5.174787E+01	5.568179E+03
12.74	-1.199320E+06	6.458567E+02	5.102683E+01	5.568179E+03
12.745	-1.199321E+06	6.556944E+02	4.870291E+01	5.568179E+03
12.75	-1.199321E+06	6.336818E+02	4.614040E+01	5.568179E+03
12.755	-1.199320E+06	6.148312E+02	4.493352E+01	5.568179E+03
12.76	-1.199321E+06	6.619172E+02	4.412398E+01	5.568179E+03
12.765	-1.199321E+06	6.463795E+02	4.424794E+01	5.568179E+03
12.77	-1.199319E+06	6.017111E+02	4.536539E+01	5.568179E+03
12.775	-1.199321E+06	6.462639E+02	4.723827E+01	5.568179E+03
12.78	-1.199321E+06	6.826669E+02	5.006198E+01	5.568179E+03
12.785	-1.199321E+06	6.736403E+02	5.149706E+01	5.568179E+03
12.79	-1.199319E+06	6.354624E+02	5.243712E+01	5.568179E+03
12.795	-1.199321E+06	6.587061E+02	5.371393E+01	5.568179E+03
12.8	-1.199320E+06	6.590229E+02	5.410935E+01	5.568179E+03
12.805	-1.199320E+06	6.617190E+02	5.308605E+01	5.568179E+03
12.81	-1.199321E+06	6.679887E+02	5.153052E+01	5.568179E+03
12.815	-1.199319E+06	6.359158E+02	4.978859E+01	5.568179E+03
12.82	-1.199321E+06	6.722530E+02	4.756543E+01	5.568179E+03
12.825	-1.199321E+06	6.614044E+02	4.703799E+01	5.568179E+03
12.83	-1.199320E+06	6.372483E+02	4.775067E+01	5.568179E+03
12.835	-1.199321E+06	6.519763E+02	4.955565E+01	5.568179E+03
12.84	-1.199320E+06	6.484512E+02	5.229733E+01	5.568179E+03
12.845	-1.199320E+06	6.682743E+02	5.325588E+01	5.568179E+03
12.85	-1.199320E+06	6.738526E+02	5.345650E+01	5.568179E+03
12.855	-1.199320E+06	6.566629E+02	5.350028E+01	5.568179E+03
12.86	-1.199320E+06	6.468607E+02	5.330531E+01	5.568179E+03
12.865	-1.199320E+06	6.569206E+02	5.349598E+01	5.568179E+03
12.87	-1.199321E+06	6.783287E+02	5.226683E+01	5.568179E+03
12.875	-1.199320E+06	6.716795E+02	5.006101E+01	5.568179E+03
12.88	-1.199320E+06	6.728358E+02	4.855985E+01	5.568179E+03
12.885	-1.199320E+06	6.702900E+02	4.839773E+01	5.568179E+03
12.89	-1.199320E+06	6.944231E+02	4.921979E+01	5.568179E+03
12.895	-1.199321E+06	7.366406E+02	5.022823E+01	5.568179E+03
12.9	-1.199320E+06	6.824834E+02	5.040662E+01	5.568179E+03
12.905	-1.199319E+06	6.315078E+02	4.979706E+01	5.568179E+03
12.91	-1.199321E+06	6.897836E+02	5.062278E+01	5.568179E+03
12.915	-1.199320E+06	6.914118E+02	5.265430E+01	5.568179E+03
12.92	-1.199320E+06	6.860968E+02	5.281780E+01	5.568179E+03
12.925	-1.199320E+06	6.910597E+02	5.256653E+01	5.568179E+03
12.93	-1.199319E+06	6.644711E+02	5.255353E+01	5.568179E+03
12.935	-1.199320E+06	6.627661E+02	5.228533E+01	5.568179E+03
12.94	-1.199320E+06	6.690826E+02	5.276986E+01	5.568179E+03
12.945	-1.199319E+06	6.647717E+02	5.226980E+01	5.568179E+03
12.95	-1.199321E+06	6.936362E+02	4.997165E+01	5.568179E+03
12.955	-1.199320E+06	6.807515E+02	4.835698E+01	5.568179E+03
12.96	-1.199319E+06	6.541615E+02	4.664219E+01	5.568179E+03
12.965	-1.199320E+06	6.726419E+02	4.515428E+01	5.568179E+03
12.97	-1.199320E+06	6.681724E+02	4.525437E+01	5.568179E+03
12.975	-1.199320E+06	6.602897E+02	4.490546E+01	5.568179E+03
12.98	-1.199321E+06	6.729306E+02	4.428339E+01	5.568179E+03
12.985	-1.199319E+06	6.298099E+02	4.527484E+01	5.568179E+03
12.99	-1.199319E+06	6.580059E+02	4.691800E+01	5.568179E+03
12.995	-1.199321E+06	7.073401E+02	4.915953E+01	5.568179E+03
13.0	-1.199318E+06	6.499560E+02	5.163411E+01	5.568179E+03
13.005	-1.199320E+06	6.864060E+02	5.164468E+01	5.568179E+03
13.01	-1.199320E+06	6.907255E+02	5.188654E+01	5.568179E+03
13.015	-1.199320E+06	6.854369E+02	5.216316E+01	5.568179E+03
13.02	-1.199320E+06	6.793754E+02	5.162523E+01	5.568179E+03
13.025	-1.199319E+06	6.661426E+02	5.142494E+01	5.568179E+03
13.03	-1.199320E+06	6.845382E+02	5.191329E+01	5.568179E+03
13.035	-1.199320E+06	7.128127E+02	5.219277E+01	5.568179E+03
13.04	-1.199320E+06	7.147817E+02	5.130218E+01	5.568179E+03
13.045	-1.199319E+06	6.740107E+02	4.978701E+01	5.568179E+03
13.05	-1.199320E+06	7.075966E+02	4.797343E+01	5.568179E+03
13.055	-1.199321E+06	6.909791E+02	4.849455E+01	5.568179E+03
13.06	-1.199318E+06	6.272579E+02	4.956388E+01	5.568179E+03
13.065	-1.199321E+06	6.896617E+02	4.860962E+01	5.568179E+03
13.07	-1.199320E+06	6.804892E+02	4.923413E+01	5.568179E+03
13.075	-1.199319E+06	6.651105E+02	4.993248E+01	5.568179E+03
13.08	-1.199321E+06	6.793828E+02	4.997498E+01	5.568179E+03
13.085	-1.199319E+06	6.366524E+02	5.115049E+01	5.568179E+03
13.09	-1.199320E+06	6.693707E+02	5.053339E+01	5.568179E+03
13.095	-1.199321E+06	6.890720E+02	4.969536E+01	5.568179E+03
13.1	-1.199319E+06	6.541978E+02	5.085603E+01	5.568179E+03
13.105	-1.199320E+06	6.754029E+02	5.117931E+01	5.568179E+03
13.11	-1.199320E+06	6.683549E+02	5.127675E+01	5.568179E+03
13.115	-1.199320E+06	6.544480E+02	5.092658E+01	5.568179E+03
13.12	-1.199320E+06	6.622379E+02	4.906808E+01	5.568179E+03
13.125	-1.199319E+06	6.434696E+02	4.816897E+01	5.568179E+03
13.13	-1.199319E+06	6.672738E+02	4.795545E+01	5.568179E+03
13.135	-1.199321E+06	7.169964E+02	4.743926E+01	5.568179E+03
13.14	-1.199319E+06	6.685028E+02	4.773489E+01	5.568179E+03
13.145	-1.199319E+06	6.539500E+02	4.770746E+01	5.568179E+03
13.15	-1.199321E+06	6.912269E+02	4.781026E+01	5.568179E+03
13.155	-1.199319E+06	6.455420E+02	4.910255E+01	5.568179E+03
13.16	-1.199320E+06	6.586646E+02	4.973101E+01	5.568179E+03
13.165	-1.199321E+06	7.032324E+02	4.965221E+01	5.568179E+03
13.17	-1.199319E+06	6.654145E+02	5.000499E+01	5.568179E+03
13.175	-1.199320E+06	6.621467E+02	4.928992E+01	5.568179E+03
13.18	-1.199320E+06	6.539338E+02	4.788167E+01	5.568179E+03
13.185	-1.199319E+06	6.288781E+02	4.725504E+01	5.568179E+03
13.19	-1.199320E+06	6.669425E+02	4.730916E+01	5.568179E+03
13.195	-1.199321E+06	7.155321E+02	4.850998E+01	5.568179E+03
13.2	-1.199320E+06	6.944949E+02	5.014187E+01	5.568179E+03
13.205	-1.199320E+06	6.548524E+02	5.004474E+01	5.568179E+03
13.21	-1.199320E+06	6.518126E+02	4.918495E+01	5.568179E+03
13.215	-1.199320E+06	6.440344E+02	4.909262E+01	5.568179E+03
13.22	-1.199321E+06	6.645016E+02	4.868386E+01	5.568179E+03
13.225	-1.199320E+06	6.680885E+02	4.855426E+01	5.568179E+03
13.23	-1.199321E+06	6.602830E+02	4.836558E+01	5.568179E+03
13.235	-1.199319E+06	6.396283E+02	4.826629E+01	5.568179E+03
13.24	-1.199321E+06	6.766512E+02	4.877011E+01	5.568179E+03
13.245	-1.199320E+06	6.673575E+02	5.007145E+01	5.568179E+03
13.25	-1.199320E+06	6.636196E+02	5.067175E+01	5.568179E+03
13.255	-1.199321E+06	6.911733E+02	5.056404E+01	5.568179E+03
13.26	-1.199320E+06	6.850868E+02	4.935576E+01	5.568179E+03
13.265	-1.199321E+06	6.650748E+02	4.878600E+01	5.568179E+03
13.27	-1.199320E+06	6.390414E+02	5.023572E+01	5.568179E+03
13.275	-1.199321E+06	6.732270E+02	5.047828E+01	5.568179E+03
13.28	-1.199321E+06	6.695526E+02	5.074857E+01	5.568179E+03
13.285	-1.199320E+06	6.431582E+02	5.073288E+01	5.568179E+03
13.29	-1.199320E+06	6.230964E+02	5.027057E+01	5.568179E+03
13.295	-1.199320E+06	6.287588E+02	5.132118E+01	5.568179E+03
13.3	-1.199321E+06	6.791521E+02	5.202734E+01	5.568179E+03
13.305	-1.199320E+06	6.564235E+02	5.167220E+01	5.568179E+03
13.31	-1.199320E+06	6.446710E+02	5.056924E+01	5.568179E+03
13.315	-1.199322E+06	6.540549E+02	4.888489E+01	5.568179E+03
13.32	-1.199320E+06	6.064143E+02	4.810583E+01	5.568179E+03
13.325	-1.199321E+06	6.288750E+02	4.795623E+01	5.568179E+03
13.33	-1.199321E+06	6.663539E+02	4.779449E+01	5.568179E+03
