#t	totalEnergy 	temperature  	pressure 	volume 		PtensXX 	PtensXY 	PtensXZ 	PtensYX 	PtensYY 	PtensYZ 	PtensZX 	PtensZY 	PtensZZ
0.0	-1.199272E+06	3.000000E+02	1.689496E+01	5.568179E+03
0.005	-1.199281E+06	5.485956E+02	2.200179E+01	5.568179E+03
0.01	-1.199278E+06	6.673393E+02	3.551566E+01	5.568179E+03
0.015	-1.199278E+06	7.374603E+02	4.690954E+01	5.568179E+03
0.02	-1.199281E+06	7.988401E+02	5.606106E+01	5.568179E+03
0.025	-1.199276E+06	6.844691E+02	6.292522E+01	5.568179E+03
0.03	-1.199278E+06	7.057693E+02	6.790699E+01	5.568179E+03
0.035	-1.199279E+06	7.277628E+02	6.976804E+01	5.568179E+03
0.04	-1.199278E+06	6.906346E+02	6.817662E+01	5.568179E+03
0.045	-1.199279E+06	7.000310E+02	6.339945E+01	5.568179E+03
0.05	-1.199278E+06	6.856171E+02	5.501123E+01	5.568179E+03
0.055	-1.199278E+06	6.642357E+02	4.824790E+01	5.568179E+03
0.06	-1.199279E+06	6.875342E+02	4.392157E+01	5.568179E+03
0.065	-1.199278E+06	6.321668E+02	4.192228E+01	5.568179E+03
0.07	-1.199277E+06	6.229370E+02	4.205004E+01	5.568179E+03
0.075	-1.199280E+06	7.262648E+02	4.253343E+01	5.568179E+03
0.08	-1.199279E+06	7.159890E+02	4.598413E+01	5.568179E+03
0.085	-1.199277E+06	7.024653E+02	5.114319E+01	5.568179E+03
0.09	-1.199281E+06	7.956270E+02	5.493009E+01	5.568179E+03
0.095	-1.199278E+06	7.337469E+02	5.843984E+01	5.568179E+03
0.1	-1.199279E+06	7.213189E+02	5.885038E+01	5.568179E+03
0.105	-1.199279E+06	6.955977E+02	5.772499E+01	5.568179E+03
0.11	-1.199277E+06	6.287840E+02	5.694129E+01	5.568179E+03
0.115	-1.199280E+06	6.842177E+02	5.533688E+01	5.568179E+03
0.12	-1.199278E+06	6.433940E+02	5.433546E+01	5.568179E+03
0.125	-1.199278E+06	6.451317E+02	5.167311E+01	5.568179E+03
0.13	-1.199279E+06	6.663597E+02	4.804926E+01	5.568179E+03
0.135	-1.199278E+06	6.223282E+02	4.423675E+01	5.568179E+03
0.14	-1.199277E+06	6.004690E+02	4.132331E+01	5.568179E+03
0.145	-1.199279E+06	6.626824E+02	4.148490E+01	5.568179E+03
0.15	-1.199279E+06	6.656175E+02	4.283045E+01	5.568179E+03
0.155	-1.199278E+06	6.465822E+02	4.347761E+01	5.568179E+03
0.16	-1.199279E+06	6.820496E+02	4.303071E+01	5.568179E+03
0.165	-1.199279E+06	6.477997E+02	4.259826E+01	5.568179E+03
0.17	-1.199278E+06	6.254575E+02	4.573905E+01	5.568179E+03
0.175	-1.199280E+06	6.760998E+02	4.976337E+01	5.568179E+03
0.18	-1.199278E+06	6.605316E+02	5.290567E+01	5.568179E+03
0.185	-1.199279E+06	6.790865E+02	5.462425E+01	5.568179E+03
0.19	-1.199279E+06	6.552300E+02	5.313207E+01	5.568179E+03
0.195	-1.199278E+06	6.385403E+02	5.211679E+01	5.568179E+03
0.2	-1.199279E+06	6.700145E+02	5.183514E+01	5.568179E+03
0.205	-1.199278E+06	6.594676E+02	4.981642E+01	5.568179E+03
0.21	-1.199280E+06	6.988761E+02	4.698291E+01	5.568179E+03
0.215	-1.199279E+06	6.936987E+02	4.293680E+01	5.568179E+03
0.22	-1.199279E+06	6.701046E+02	4.138940E+01	5.568179E+03
0.225	-1.199279E+06	6.617614E+02	4.443791E+01	5.568179E+03
0.23	-1.199279E+06	6.632902E+02	4.680755E+01	5.568179E+03
0.235	-1.199278E+06	6.558403E+02	4.877184E+01	5.568179E+03
0.24	-1.199280E+06	6.843735E+02	4.963506E+01	5.568179E+03
0.245	-1.199279E+06	6.637933E+02	5.013850E+01	5.568179E+03
0.25	-1.199278E+06	6.372958E+02	5.260595E+01	5.568179E+03
0.255	-1.199280E+06	6.405992E+02	5.465885E+01	5.568179E+03
0.26	-1.199278E+06	5.970307E+02	5.565223E+01	5.568179E+03
0.265	-1.199279E+06	6.194684E+02	5.515002E+01	5.568179E+03
0.27	-1.199279E+06	6.394194E+02	5.315451E+01	5.568179E+03
0.275	-1.199279E+06	6.576585E+02	5.041602E+01	5.568179E+03
0.28	-1.199280E+06	6.843156E+02	4.808840E+01	5.568179E+03
0.285	-1.199279E+06	6.437440E+02	4.643635E+01	5.568179E+03
0.29	-1.199279E+06	6.370385E+02	4.399464E+01	5.568179E+03
0.295	-1.199280E+06	6.574148E+02	4.182800E+01	5.568179E+03
0.3	-1.199279E+06	6.356083E+02	4.144329E+01	5.568179E+03
0.305	-1.199279E+06	6.126343E+02	4.259497E+01	5.568179E+03
0.31	-1.199280E+06	6.454651E+02	4.561640E+01	5.568179E+03
0.315	-1.199279E+06	6.312814E+02	5.059235E+01	5.568179E+03
0.32	-1.199279E+06	6.646466E+02	5.459634E+01	5.568179E+03
0.325	-1.199281E+06	7.113881E+02	5.730543E+01	5.568179E+03
0.33	-1.199277E+06	6.192853E+02	5.893938E+01	5.568179E+03
0.335	-1.199280E+06	6.399804E+02	5.872340E+01	5.568179E+03
0.34	-1.199280E+06	6.354597E+02	5.848801E+01	5.568179E+03
0.345	-1.199278E+06	5.804328E+02	5.664322E+01	5.568179E+03
0.35	-1.199281E+06	6.417469E+02	5.277410E+01	5.568179E+03
0.355	-1.199279E+06	6.365302E+02	4.888725E+01	5.568179E+03
0.36	-1.199279E+06	6.362430E+02	4.538405E+01	5.568179E+03
0.365	-1.199281E+06	6.395407E+02	4.418519E+01	5.568179E+03
0.37	-1.199278E+06	5.793665E+02	4.469307E+01	5.568179E+03
0.375	-1.199280E+06	6.174699E+02	4.416755E+01	5.568179E+03
0.38	-1.199281E+06	6.522188E+02	4.256160E+01	5.568179E+03
0.385	-1.199279E+06	6.270936E+02	4.228993E+01	5.568179E+03
0.39	-1.199280E+06	6.404685E+02	4.564251E+01	5.568179E+03
0.395	-1.199280E+06	6.381331E+02	5.063218E+01	5.568179E+03
0.4	-1.199279E+06	6.105020E+02	5.431362E+01	5.568179E+03
0.405	-1.199281E+06	6.302942E+02	5.524101E+01	5.568179E+03
0.41	-1.199280E+06	5.874452E+02	5.469166E+01	5.568179E+03
0.415	-1.199279E+06	5.676747E+02	5.481992E+01	5.568179E+03
0.42	-1.199281E+06	6.165794E+02	5.538810E+01	5.568179E+03
0.425	-1.199279E+06	5.816221E+02	5.572022E+01	5.568179E+03
0.43	-1.199280E+06	6.012258E+02	5.384581E+01	5.568179E+03
0.435	-1.199281E+06	6.225727E+02	4.996102E+01	5.568179E+03
0.44	-1.199279E+06	5.923429E+02	4.646661E+01	5.568179E+03
0.445	-1.199280E+06	6.018633E+02	4.467834E+01	5.568179E+03
0.45	-1.199280E+06	5.950360E+02	4.416789E+01	5.568179E+03
0.455	-1.199280E+06	5.750388E+02	4.348201E+01	5.568179E+03
0.46	-1.199281E+06	5.986592E+02	4.262716E+01	5.568179E+03
0.465	-1.199281E+06	5.997021E+02	4.330380E+01	5.568179E+03
0.47	-1.199280E+06	5.871964E+02	4.559110E+01	5.568179E+03
0.475	-1.199281E+06	6.200651E+02	4.918366E+01	5.568179E+03
0.48	-1.199281E+06	6.249317E+02	5.322588E+01	5.568179E+03
0.485	-1.199280E+06	5.977659E+02	5.588634E+01	5.568179E+03
0.49	-1.199281E+06	6.013082E+02	5.619045E+01	5.568179E+03
0.495	-1.199280E+06	5.653042E+02	5.548311E+01	5.568179E+03
0.5	-1.199280E+06	5.701515E+02	5.466328E+01	5.568179E+03
0.505	-1.199281E+06	5.689286E+02	5.381480E+01	5.568179E+03
0.51	-1.199280E+06	5.529403E+02	5.248948E+01	5.568179E+03
0.515	-1.199281E+06	5.958790E+02	5.035965E+01	5.568179E+03
0.52	-1.199281E+06	5.982271E+02	4.789395E+01	5.568179E+03
0.525	-1.199280E+06	5.828196E+02	4.691481E+01	5.568179E+03
0.53	-1.199281E+06	6.049850E+02	4.735598E+01	5.568179E+03
0.535	-1.199281E+06	6.001172E+02	4.753285E+01	5.568179E+03
0.54	-1.199281E+06	6.002558E+02	4.699440E+01	5.568179E+03
0.545	-1.199281E+06	5.911063E+02	4.564983E+01	5.568179E+03
0.55	-1.199280E+06	5.648554E+02	4.537152E+01	5.568179E+03
0.555	-1.199281E+06	5.706278E+02	4.753707E+01	5.568179E+03
0.56	-1.199281E+06	5.540566E+02	4.962536E+01	5.568179E+03
0.565	-1.199280E+06	5.263907E+02	5.110913E+01	5.568179E+03
0.57	-1.199281E+06	5.574710E+02	5.182870E+01	5.568179E+03
0.575	-1.199281E+06	5.603236E+02	5.090444E+01	5.568179E+03
0.58	-1.199280E+06	5.359640E+02	5.013677E+01	5.568179E+03
0.585	-1.199281E+06	5.618749E+02	4.926910E+01	5.568179E+03
0.59	-1.199282E+06	5.783429E+02	4.744379E+01	5.568179E+03
0.595	-1.199281E+06	5.516337E+02	4.558907E+01	5.568179E+03
0.6	-1.199281E+06	5.692531E+02	4.293919E+01	5.568179E+03
0.605	-1.199282E+06	5.800822E+02	4.084247E+01	5.568179E+03
0.61	-1.199281E+06	5.599668E+02	4.106614E+01	5.568179E+03
0.615	-1.199281E+06	5.430114E+02	4.278071E+01	5.568179E+03
0.62	-1.199281E+06	5.298805E+02	4.566265E+01	5.568179E+03
0.625	-1.199282E+06	5.496970E+02	4.856763E+01	5.568179E+03
0.63	-1.199281E+06	5.507555E+02	4.975595E+01	5.568179E+03
0.635	-1.199282E+06	5.504121E+02	5.039518E+01	5.568179E+03
0.64	-1.199282E+06	5.418544E+02	5.141390E+01	5.568179E+03
0.645	-1.199281E+06	5.360780E+02	5.113816E+01	5.568179E+03
0.65	-1.199282E+06	5.537008E+02	5.003635E+01	5.568179E+03
0.655	-1.199281E+06	5.284666E+02	4.828961E+01	5.568179E+03
0.66	-1.199281E+06	5.189970E+02	4.582638E+01	5.568179E+03
0.665	-1.199282E+06	5.485748E+02	4.564093E+01	5.568179E+03
0.67	-1.199282E+06	5.514199E+02	4.651843E+01	5.568179E+03
0.675	-1.199282E+06	5.498581E+02	4.563967E+01	5.568179E+03
0.68	-1.199281E+06	5.191517E+02	4.455892E+01	5.568179E+03
0.685	-1.199282E+06	5.273823E+02	4.272503E+01	5.568179E+03
0.69	-1.199282E+06	5.224963E+02	4.174656E+01	5.568179E+03
0.695	-1.199282E+06	4.989171E+02	4.275934E+01	5.568179E+03
0.7	-1.199282E+06	4.868963E+02	4.371390E+01	5.568179E+03
0.705	-1.199283E+06	5.074270E+02	4.403550E+01	5.568179E+03
0.71	-1.199282E+06	5.020931E+02	4.429110E+01	5.568179E+03
0.715	-1.199281E+06	4.926765E+02	4.473801E+01	5.568179E+03
0.72	-1.199283E+06	5.299369E+02	4.625885E+01	5.568179E+03
0.725	-1.199282E+06	5.152341E+02	4.832578E+01	5.568179E+03
0.73	-1.199282E+06	4.999888E+02	4.907232E+01	5.568179E+03
0.735	-1.199283E+06	5.113034E+02	4.847358E+01	5.568179E+03
0.74	-1.199282E+06	4.950830E+02	4.749721E+01	5.568179E+03
0.745	-1.199283E+06	4.971750E+02	4.667041E+01	5.568179E+03
0.75	-1.199283E+06	5.000742E+02	4.629057E+01	5.568179E+03
0.755	-1.199283E+06	4.850596E+02	4.583026E+01	5.568179E+03
0.76	-1.199283E+06	4.761624E+02	4.467699E+01	5.568179E+03
0.765	-1.199283E+06	4.652487E+02	4.403840E+01	5.568179E+03
0.77	-1.199282E+06	4.864592E+02	4.496999E+01	5.568179E+03
0.775	-1.199284E+06	5.389864E+02	4.687313E+01	5.568179E+03
0.78	-1.199283E+06	5.273705E+02	4.945737E+01	5.568179E+03
0.785	-1.199282E+06	4.755316E+02	5.184443E+01	5.568179E+03
0.79	-1.199283E+06	4.943362E+02	5.312957E+01	5.568179E+03
0.795	-1.199284E+06	4.891108E+02	5.374469E+01	5.568179E+03
0.8	-1.199282E+06	4.494970E+02	5.279086E+01	5.568179E+03
0.805	-1.199284E+06	4.593400E+02	5.141266E+01	5.568179E+03
0.81	-1.199283E+06	4.431618E+02	5.159627E+01	5.568179E+03
0.815	-1.199283E+06	4.644174E+02	5.038370E+01	5.568179E+03
0.82	-1.199284E+06	4.851588E+02	4.790439E+01	5.568179E+03
0.825	-1.199282E+06	4.418966E+02	4.615924E+01	5.568179E+03
0.83	-1.199284E+06	4.662412E+02	4.470337E+01	5.568179E+03
0.835	-1.199284E+06	4.556310E+02	4.562483E+01	5.568179E+03
0.84	-1.199283E+06	4.416833E+02	4.735243E+01	5.568179E+03
0.845	-1.199284E+06	4.855370E+02	4.751341E+01	5.568179E+03
0.85	-1.199284E+06	4.553248E+02	4.730143E+01	5.568179E+03
0.855	-1.199283E+06	4.205762E+02	4.710776E+01	5.568179E+03
0.86	-1.199284E+06	4.272790E+02	4.818163E+01	5.568179E+03
0.865	-1.199283E+06	4.240433E+02	5.063064E+01	5.568179E+03
0.87	-1.199284E+06	4.529141E+02	5.220101E+01	5.568179E+03
0.875	-1.199285E+06	4.793121E+02	5.160933E+01	5.568179E+03
0.88	-1.199284E+06	4.395601E+02	5.003478E+01	5.568179E+03
0.885	-1.199283E+06	4.235099E+02	4.909306E+01	5.568179E+03
0.89	-1.199285E+06	4.478232E+02	4.912990E+01	5.568179E+03
0.895	-1.199283E+06	4.022676E+02	4.975392E+01	5.568179E+03
0.9	-1.199284E+06	4.112175E+02	4.880309E+01	5.568179E+03
0.905	-1.199285E+06	4.648327E+02	4.714084E+01	5.568179E+03
0.91	-1.199283E+06	4.305344E+02	4.721112E+01	5.568179E+03
0.915	-1.199285E+06	4.474291E+02	4.756692E+01	5.568179E+03
0.92	-1.199284E+06	4.335480E+02	4.866211E+01	5.568179E+03
0.925	-1.199284E+06	4.270461E+02	4.938423E+01	5.568179E+03
0.93	-1.199285E+06	4.631367E+02	4.887942E+01	5.568179E+03
0.935	-1.199284E+06	4.243751E+02	4.891157E+01	5.568179E+03
0.94	-1.199284E+06	4.063984E+02	4.940674E+01	5.568179E+03
0.945	-1.199285E+06	4.136791E+02	5.075701E+01	5.568179E+03
0.95	-1.199284E+06	4.035900E+02	5.226919E+01	5.568179E+03
0.955	-1.199284E+06	3.962357E+02	5.252333E+01	5.568179E+03
0.96	-1.199284E+06	3.906926E+02	5.207216E+01	5.568179E+03
0.965	-1.199285E+06	3.979552E+02	5.124181E+01	5.568179E+03
0.97	-1.199284E+06	4.087578E+02	5.089295E+01	5.568179E+03
0.975	-1.199285E+06	4.322194E+02	5.089115E+01	5.568179E+03
0.98	-1.199284E+06	4.111887E+02	5.015911E+01	5.568179E+03
0.985	-1.199285E+06	4.021794E+02	4.842874E+01	5.568179E+03
0.99	-1.199285E+06	4.043004E+02	4.614025E+01	5.568179E+03
0.995	-1.199285E+06	3.986895E+02	4.469605E+01	5.568179E+03
1.0	-1.199285E+06	3.962893E+02	4.551237E+01	5.568179E+03
1.005	-1.199285E+06	4.197838E+02	4.707242E+01	5.568179E+03
1.01	-1.199285E+06	4.297519E+02	4.832286E+01	5.568179E+03
1.015	-1.199285E+06	3.985769E+02	4.850896E+01	5.568179E+03
1.02	-1.199284E+06	3.843409E+02	4.857539E+01	5.568179E+03
1.025	-1.199285E+06	4.041667E+02	5.029972E+01	5.568179E+03
1.03	-1.199285E+06	3.831791E+02	5.197256E+01	5.568179E+03
1.035	-1.199285E+06	3.779082E+02	5.262044E+01	5.568179E+03
1.04	-1.199285E+06	3.840353E+02	5.245040E+01	5.568179E+03
1.045	-1.199285E+06	3.667570E+02	5.143636E+01	5.568179E+03
1.05	-1.199285E+06	3.595550E+02	5.204702E+01	5.568179E+03
1.055	-1.199285E+06	3.822342E+02	5.297494E+01	5.568179E+03
1.06	-1.199285E+06	3.876201E+02	5.252152E+01	5.568179E+03
1.065	-1.199285E+06	3.782073E+02	5.161654E+01	5.568179E+03
1.07	-1.199285E+06	3.813121E+02	5.022600E+01	5.568179E+03
1.075	-1.199284E+06	3.676809E+02	4.983620E+01	5.568179E+03
1.08	-1.199285E+06	3.797651E+02	5.000292E+01	5.568179E+03
1.085	-1.199285E+06	3.623386E+02	4.997782E+01	5.568179E+03
1.09	-1.199284E+06	3.408409E+02	5.058093E+01	5.568179E+03
1.095	-1.199286E+06	3.765607E+02	5.107189E+01	5.568179E+03
1.1	-1.199285E+06	3.686402E+02	5.168734E+01	5.568179E+03
1.105	-1.199285E+06	3.503445E+02	5.258606E+01	5.568179E+03
1.11	-1.199285E+06	3.664725E+02	5.312836E+01	5.568179E+03
1.115	-1.199285E+06	3.641271E+02	5.379153E+01	5.568179E+03
1.12	-1.199286E+06	3.828626E+02	5.356824E+01	5.568179E+03
1.125	-1.199285E+06	3.675396E+02	5.266881E+01	5.568179E+03
1.13	-1.199285E+06	3.462665E+02	5.192688E+01	5.568179E+03
1.135	-1.199286E+06	3.585228E+02	5.143769E+01	5.568179E+03
1.14	-1.199285E+06	3.485129E+02	5.162024E+01	5.568179E+03
1.145	-1.199285E+06	3.462805E+02	5.163524E+01	5.568179E+03
1.15	-1.199286E+06	3.569088E+02	5.117347E+01	5.568179E+03
1.155	-1.199286E+06	3.563390E+02	5.079651E+01	5.568179E+03
1.16	-1.199286E+06	3.555416E+02	5.098865E+01	5.568179E+03
1.165	-1.199286E+06	3.447140E+02	5.252583E+01	5.568179E+03
1.17	-1.199286E+06	3.446977E+02	5.437453E+01	5.568179E+03
1.175	-1.199286E+06	3.458461E+02	5.542764E+01	5.568179E+03
1.18	-1.199286E+06	3.471514E+02	5.502185E+01	5.568179E+03
1.185	-1.199286E+06	3.370802E+02	5.373462E+01	5.568179E+03
1.19	-1.199286E+06	3.300862E+02	5.307049E+01	5.568179E+03
1.195	-1.199286E+06	3.136632E+02	5.284669E+01	5.568179E+03
1.2	-1.199286E+06	3.139826E+02	5.206343E+01	5.568179E+03
1.205	-1.199286E+06	3.189544E+02	5.074852E+01	5.568179E+03
1.21	-1.199285E+06	3.073931E+02	4.901382E+01	5.568179E+03
1.215	-1.199286E+06	3.268856E+02	4.839543E+01	5.568179E+03
1.22	-1.199286E+06	3.301857E+02	4.966957E+01	5.568179E+03
1.225	-1.199286E+06	3.177880E+02	5.088694E+01	5.568179E+03
1.23	-1.199286E+06	3.170584E+02	5.187109E+01	5.568179E+03
1.235	-1.199286E+06	3.259787E+02	5.234886E+01	5.568179E+03
1.24	-1.199286E+06	3.243213E+02	5.291807E+01	5.568179E+03
1.245	-1.199286E+06	3.239473E+02	5.447270E+01	5.568179E+03
1.25	-1.199286E+06	3.352827E+02	5.553154E+01	5.568179E+03
1.255	-1.199287E+06	3.381352E+02	5.553453E+01	5.568179E+03
1.26	-1.199286E+06	3.177213E+02	5.487042E+01	5.568179E+03
1.265	-1.199286E+06	3.061234E+02	5.416201E+01	5.568179E+03
1.27	-1.199286E+06	3.080854E+02	5.442649E+01	5.568179E+03
1.275	-1.199286E+06	3.131369E+02	5.478365E+01	5.568179E+03
1.28	-1.199287E+06	3.100188E+02	5.473391E+01	5.568179E+03
1.285	-1.199286E+06	3.003295E+02	5.437895E+01	5.568179E+03
1.29	-1.199287E+06	3.083834E+02	5.337409E+01	5.568179E+03
1.295	-1.199286E+06	2.928192E+02	5.306675E+01	5.568179E+03
1.3	-1.199287E+06	2.978615E+02	5.310252E+01	5.568179E+03
1.305	-1.199287E+06	3.020869E+02	5.272302E+01	5.568179E+03
1.31	-1.199286E+06	2.904061E+02	5.229499E+01	5.568179E+03
1.315	-1.199287E+06	3.154427E+02	5.188648E+01	5.568179E+03
1.32	-1.199287E+06	3.149671E+02	5.195730E+01	5.568179E+03
1.325	-1.199287E+06	3.025377E+02	5.287545E+01	5.568179E+03
1.33	-1.199287E+06	2.980971E+02	5.460234E+01	5.568179E+03
1.335	-1.199287E+06	2.898286E+02	5.629135E+01	5.568179E+03
1.34	-1.199287E+06	2.844617E+02	5.735314E+01	5.568179E+03
1.345	-1.199286E+06	2.579299E+02	5.797814E+01	5.568179E+03
1.35	-1.199287E+06	2.768921E+02	5.820371E+01	5.568179E+03
1.355	-1.199287E+06	2.916752E+02	5.855187E+01	5.568179E+03
1.36	-1.199286E+06	2.715671E+02	5.801180E+01	5.568179E+03
1.365	-1.199287E+06	2.863939E+02	5.606118E+01	5.568179E+03
1.37	-1.199287E+06	2.720946E+02	5.416748E+01	5.568179E+03
1.375	-1.199287E+06	2.761998E+02	5.216990E+01	5.568179E+03
1.38	-1.199287E+06	2.830708E+02	5.134965E+01	5.568179E+03
1.385	-1.199287E+06	2.798459E+02	5.200952E+01	5.568179E+03
1.39	-1.199287E+06	2.811980E+02	5.231501E+01	5.568179E+03
1.395	-1.199287E+06	2.693803E+02	5.220278E+01	5.568179E+03
1.4	-1.199287E+06	2.683400E+02	5.208591E+01	5.568179E+03
1.405	-1.199287E+06	2.702451E+02	5.209674E+01	5.568179E+03
1.41	-1.199287E+06	2.774911E+02	5.294408E+01	5.568179E+03
1.415	-1.199287E+06	2.741517E+02	5.438285E+01	5.568179E+03
1.42	-1.199287E+06	2.746928E+02	5.493811E+01	5.568179E+03
1.425	-1.199288E+06	2.661481E+02	5.487794E+01	5.568179E+03
1.43	-1.199287E+06	2.380636E+02	5.501306E+01	5.568179E+03
1.435	-1.199287E+06	2.548907E+02	5.530591E+01	5.568179E+03
1.44	-1.199288E+06	2.637768E+02	5.630978E+01	5.568179E+03
1.445	-1.199287E+06	2.569170E+02	5.670883E+01	5.568179E+03
1.45	-1.199288E+06	2.637882E+02	5.559489E+01	5.568179E+03
1.455	-1.199287E+06	2.450557E+02	5.464037E+01	5.568179E+03
1.46	-1.199287E+06	2.650309E+02	5.389454E+01	5.568179E+03
1.465	-1.199288E+06	2.842581E+02	5.329660E+01	5.568179E+03
1.47	-1.199287E+06	2.503755E+02	5.287946E+01	5.568179E+03
1.475	-1.199288E+06	2.681065E+02	5.157215E+01	5.568179E+03
1.48	-1.199288E+06	2.591573E+02	5.067478E+01	5.568179E+03
1.485	-1.199287E+06	2.484992E+02	5.051420E+01	5.568179E+03
1.49	-1.199288E+06	2.592218E+02	5.130542E+01	5.568179E+03
1.495	-1.199287E+06	2.495242E+02	5.319178E+01	5.568179E+03
1.5	-1.199288E+06	2.456039E+02	5.485138E+01	5.568179E+03
1.505	-1.199287E+06	2.377312E+02	5.593318E+01	5.568179E+03
1.51	-1.199288E+06	2.546416E+02	5.637033E+01	5.568179E+03
1.515	-1.199288E+06	2.448553E+02	5.657724E+01	5.568179E+03
1.52	-1.199288E+06	2.481029E+02	5.638135E+01	5.568179E+03
1.525	-1.199288E+06	2.479419E+02	5.608885E+01	5.568179E+03
1.53	-1.199287E+06	2.319182E+02	5.531202E+01	5.568179E+03
1.535	-1.199289E+06	2.539128E+02	5.344154E+01	5.568179E+03
1.54	-1.199288E+06	2.315304E+02	5.217600E+01	5.568179E+03
1.545	-1.199288E+06	2.341117E+02	5.184984E+01	5.568179E+03
1.55	-1.199289E+06	2.438404E+02	5.236464E+01	5.568179E+03
1.555	-1.199287E+06	2.193995E+02	5.329802E+01	5.568179E+03
1.56	-1.199288E+06	2.477484E+02	5.352502E+01	5.568179E+03
1.565	-1.199288E+06	2.459161E+02	5.393476E+01	5.568179E+03
1.57	-1.199288E+06	2.357213E+02	5.455707E+01	5.568179E+03
1.575	-1.199289E+06	2.455636E+02	5.499131E+01	5.568179E+03
1.58	-1.199288E+06	2.291112E+02	5.545402E+01	5.568179E+03
1.585	-1.199288E+06	2.339829E+02	5.506067E+01	5.568179E+03
1.59	-1.199288E+06	2.247138E+02	5.418698E+01	5.568179E+03
1.595	-1.199288E+06	2.223033E+02	5.353736E+01	5.568179E+03
1.6	-1.199288E+06	2.240397E+02	5.344212E+01	5.568179E+03
1.605	-1.199288E+06	2.177853E+02	5.379152E+01	5.568179E+03
1.61	-1.199288E+06	2.105808E+02	5.442361E+01	5.568179E+03
1.615	-1.199288E+06	2.177585E+02	5.460603E+01	5.568179E+03
1.62	-1.199289E+06	2.247161E+02	5.406637E+01	5.568179E+03
1.625	-1.199288E+06	2.082335E+02	5.388228E+01	5.568179E+03
1.63	-1.199288E+06	2.276035E+02	5.408559E+01	5.568179E+03
1.635	-1.199289E+06	2.389199E+02	5.431320E+01	5.568179E+03
1.64	-1.199288E+06	2.182026E+02	5.434566E+01	5.568179E+03
1.645	-1.199289E+06	2.249187E+02	5.405885E+01	5.568179E+03
1.65	-1.199288E+06	2.264239E+02	5.424669E+01	5.568179E+03
1.655	-1.199289E+06	2.260890E+02	5.492984E+01	5.568179E+03
1.66	-1.199288E+06	2.149816E+02	5.594419E+01	5.568179E+03
1.665	-1.199289E+06	2.167646E+02	5.651996E+01	5.568179E+03
1.67	-1.199289E+06	2.162624E+02	5.609559E+01	5.568179E+03
1.675	-1.199289E+06	2.109058E+02	5.498187E+01	5.568179E+03
1.68	-1.199289E+06	2.113756E+02	5.422216E+01	5.568179E+03
1.685	-1.199289E+06	2.076479E+02	5.397779E+01	5.568179E+03
1.69	-1.199289E+06	2.073119E+02	5.391196E+01	5.568179E+03
1.695	-1.199289E+06	2.001771E+02	5.397692E+01	5.568179E+03
1.7	-1.199289E+06	1.937226E+02	5.362911E+01	5.568179E+03
1.705	-1.199289E+06	2.036378E+02	5.333071E+01	5.568179E+03
1.71	-1.199288E+06	2.043107E+02	5.398931E+01	5.568179E+03
1.715	-1.199289E+06	2.196716E+02	5.436722E+01	5.568179E+03
1.72	-1.199289E+06	2.045932E+02	5.437978E+01	5.568179E+03
1.725	-1.199289E+06	1.985683E+02	5.440694E+01	5.568179E+03
1.73	-1.199289E+06	2.120960E+02	5.463138E+01	5.568179E+03
1.735	-1.199289E+06	2.056584E+02	5.542936E+01	5.568179E+03
1.74	-1.199289E+06	2.106460E+02	5.621767E+01	5.568179E+03
1.745	-1.199289E+06	2.056945E+02	5.626060E+01	5.568179E+03
1.75	-1.199289E+06	1.962129E+02	5.539946E+01	5.568179E+03
1.755	-1.199289E+06	1.862516E+02	5.444257E+01	5.568179E+03
1.76	-1.199289E+06	1.870696E+02	5.406288E+01	5.568179E+03
1.765	-1.199289E+06	2.042007E+02	5.421685E+01	5.568179E+03
1.77	-1.199289E+06	1.987027E+02	5.479645E+01	5.568179E+03
1.775	-1.199289E+06	2.011005E+02	5.493607E+01	5.568179E+03
1.78	-1.199289E+06	2.004027E+02	5.455023E+01	5.568179E+03
1.785	-1.199289E+06	1.938123E+02	5.413777E+01	5.568179E+03
1.79	-1.199289E+06	1.950870E+02	5.388852E+01	5.568179E+03
1.795	-1.199289E+06	1.911334E+02	5.423325E+01	5.568179E+03
1.8	-1.199289E+06	1.954526E+02	5.473850E+01	5.568179E+03
1.805	-1.199289E+06	1.901182E+02	5.500660E+01	5.568179E+03
1.81	-1.199289E+06	1.868548E+02	5.495499E+01	5.568179E+03
1.815	-1.199289E+06	1.786394E+02	5.482278E+01	5.568179E+03
1.82	-1.199289E+06	1.729071E+02	5.511198E+01	5.568179E+03
1.825	-1.199289E+06	1.769339E+02	5.552068E+01	5.568179E+03
1.83	-1.199289E+06	1.832489E+02	5.519251E+01	5.568179E+03
1.835	-1.199289E+06	1.851185E+02	5.423419E+01	5.568179E+03
1.84	-1.199289E+06	1.757183E+02	5.316914E+01	5.568179E+03
1.845	-1.199289E+06	1.805195E+02	5.262925E+01	5.568179E+03
1.85	-1.199289E+06	1.896550E+02	5.293763E+01	5.568179E+03
1.855	-1.199289E+06	1.852052E+02	5.322221E+01	5.568179E+03
1.86	-1.199289E+06	1.832914E+02	5.320807E+01	5.568179E+03
1.865	-1.199289E+06	1.860110E+02	5.318823E+01	5.568179E+03
1.87	-1.199289E+06	1.827656E+02	5.349901E+01	5.568179E+03
1.875	-1.199289E+06	1.840608E+02	5.460540E+01	5.568179E+03
1.88	-1.199289E+06	1.816771E+02	5.598143E+01	5.568179E+03
1.885	-1.199289E+06	1.876319E+02	5.668158E+01	5.568179E+03
1.89	-1.199289E+06	1.810352E+02	5.679951E+01	5.568179E+03
1.895	-1.199289E+06	1.707284E+02	5.628578E+01	5.568179E+03
1.9	-1.199289E+06	1.779091E+02	5.551168E+01	5.568179E+03
1.905	-1.199289E+06	1.689148E+02	5.486367E+01	5.568179E+03
1.91	-1.199289E+06	1.676130E+02	5.387004E+01	5.568179E+03
1.915	-1.199289E+06	1.730939E+02	5.284588E+01	5.568179E+03
1.92	-1.199289E+06	1.700253E+02	5.199452E+01	5.568179E+03
1.925	-1.199289E+06	1.733948E+02	5.155432E+01	5.568179E+03
1.93	-1.199289E+06	1.647750E+02	5.206630E+01	5.568179E+03
1.935	-1.199289E+06	1.624913E+02	5.281044E+01	5.568179E+03
1.94	-1.199289E+06	1.673113E+02	5.334500E+01	5.568179E+03
1.945	-1.199290E+06	1.741436E+02	5.359028E+01	5.568179E+03
1.95	-1.199289E+06	1.605518E+02	5.384787E+01	5.568179E+03
1.955	-1.199289E+06	1.671691E+02	5.437833E+01	5.568179E+03
1.96	-1.199290E+06	1.722927E+02	5.520321E+01	5.568179E+03
1.965	-1.199289E+06	1.482035E+02	5.572652E+01	5.568179E+03
1.97	-1.199289E+06	1.605706E+02	5.540987E+01	5.568179E+03
1.975	-1.199289E+06	1.624825E+02	5.498213E+01	5.568179E+03
1.98	-1.199289E+06	1.604050E+02	5.449403E+01	5.568179E+03
1.985	-1.199290E+06	1.644104E+02	5.416164E+01	5.568179E+03
1.99	-1.199289E+06	1.551110E+02	5.420733E+01	5.568179E+03
1.995	-1.199290E+06	1.697415E+02	5.381902E+01	5.568179E+03
2.0	-1.199290E+06	1.693368E+02	5.325013E+01	5.568179E+03
2.005	-1.199289E+06	1.563415E+02	5.277607E+01	5.568179E+03
2.01	-1.199290E+06	1.604578E+02	5.245361E+01	5.568179E+03
2.015	-1.199290E+06	1.635153E+02	5.276666E+01	5.568179E+03
2.02	-1.199289E+06	1.605317E+02	5.318359E+01	5.568179E+03
2.025	-1.199290E+06	1.638744E+02	5.300998E+01	5.568179E+03
2.03	-1.199290E+06	1.628561E+02	5.279197E+01	5.568179E+03
2.035	-1.199289E+06	1.580437E+02	5.291772E+01	5.568179E+03
2.04	-1.199290E+06	1.650911E+02	5.359214E+01	5.568179E+03
2.045	-1.199290E+06	1.552982E+02	5.499664E+01	5.568179E+03
2.05	-1.199289E+06	1.550706E+02	5.586796E+01	5.568179E+03
2.055	-1.199290E+06	1.661634E+02	5.560069E+01	5.568179E+03
2.06	-1.199289E+06	1.499296E+02	5.501107E+01	5.568179E+03
2.065	-1.199290E+06	1.572969E+02	5.423787E+01	5.568179E+03
2.07	-1.199290E+06	1.621965E+02	5.368120E+01	5.568179E+03
2.075	-1.199289E+06	1.472780E+02	5.321151E+01	5.568179E+03
2.08	-1.199290E+06	1.548275E+02	5.227651E+01	5.568179E+03
2.085	-1.199290E+06	1.527400E+02	5.148927E+01	5.568179E+03
2.09	-1.199290E+06	1.457681E+02	5.126117E+01	5.568179E+03
2.095	-1.199290E+06	1.528727E+02	5.171438E+01	5.568179E+03
2.1	-1.199290E+06	1.532441E+02	5.263863E+01	5.568179E+03
2.105	-1.199290E+06	1.507439E+02	5.320125E+01	5.568179E+03
2.11	-1.199290E+06	1.526989E+02	5.320738E+01	5.568179E+03
2.115	-1.199290E+06	1.479011E+02	5.305910E+01	5.568179E+03
2.12	-1.199290E+06	1.520616E+02	5.286639E+01	5.568179E+03
2.125	-1.199290E+06	1.550627E+02	5.261379E+01	5.568179E+03
2.13	-1.199289E+06	1.361117E+02	5.222949E+01	5.568179E+03
2.135	-1.199290E+06	1.353076E+02	5.166485E+01	5.568179E+03
2.14	-1.199290E+06	1.400363E+02	5.132744E+01	5.568179E+03
2.145	-1.199290E+06	1.354047E+02	5.146143E+01	5.568179E+03
2.15	-1.199290E+06	1.444888E+02	5.218921E+01	5.568179E+03
2.155	-1.199290E+06	1.437491E+02	5.325034E+01	5.568179E+03
2.16	-1.199290E+06	1.390201E+02	5.392544E+01	5.568179E+03
2.165	-1.199290E+06	1.469865E+02	5.400739E+01	5.568179E+03
2.17	-1.199290E+06	1.489391E+02	5.376333E+01	5.568179E+03
2.175	-1.199290E+06	1.486434E+02	5.351205E+01	5.568179E+03
2.18	-1.199290E+06	1.536608E+02	5.332031E+01	5.568179E+03
2.185	-1.199290E+06	1.500731E+02	5.301414E+01	5.568179E+03
2.19	-1.199290E+06	1.461305E+02	5.238408E+01	5.568179E+03
2.195	-1.199290E+06	1.475571E+02	5.170854E+01	5.568179E+03
2.2	-1.199290E+06	1.398430E+02	5.152128E+01	5.568179E+03
2.205	-1.199290E+06	1.363891E+02	5.177089E+01	5.568179E+03
2.21	-1.199290E+06	1.334784E+02	5.243810E+01	5.568179E+03
2.215	-1.199290E+06	1.360218E+02	5.321535E+01	5.568179E+03
2.22	-1.199290E+06	1.439602E+02	5.347467E+01	5.568179E+03
2.225	-1.199290E+06	1.377143E+02	5.343045E+01	5.568179E+03
2.23	-1.199290E+06	1.383440E+02	5.350284E+01	5.568179E+03
2.235	-1.199290E+06	1.432442E+02	5.377796E+01	5.568179E+03
2.24	-1.199290E+06	1.427183E+02	5.396126E+01	5.568179E+03
2.245	-1.199290E+06	1.409091E+02	5.351102E+01	5.568179E+03
2.25	-1.199290E+06	1.317571E+02	5.275347E+01	5.568179E+03
2.255	-1.199290E+06	1.288688E+02	5.243202E+01	5.568179E+03
2.26	-1.199290E+06	1.354812E+02	5.248198E+01	5.568179E+03
2.265	-1.199290E+06	1.359698E+02	5.263126E+01	5.568179E+03
2.27	-1.199290E+06	1.297502E+02	5.269587E+01	5.568179E+03
2.275	-1.199290E+06	1.321263E+02	5.239303E+01	5.568179E+03
2.28	-1.199290E+06	1.344362E+02	5.213350E+01	5.568179E+03
2.285	-1.199290E+06	1.270721E+02	5.226704E+01	5.568179E+03
2.29	-1.199290E+06	1.298979E+02	5.241206E+01	5.568179E+03
2.295	-1.199290E+06	1.293340E+02	5.254231E+01	5.568179E+03
2.3	-1.199290E+06	1.331854E+02	5.231443E+01	5.568179E+03
2.305	-1.199290E+06	1.321043E+02	5.192124E+01	5.568179E+03
2.31	-1.199290E+06	1.255144E+02	5.177026E+01	5.568179E+03
2.315	-1.199290E+06	1.277303E+02	5.176506E+01	5.568179E+03
2.32	-1.199290E+06	1.303496E+02	5.197846E+01	5.568179E+03
2.325	-1.199290E+06	1.324802E+02	5.205786E+01	5.568179E+03
2.33	-1.199290E+06	1.275586E+02	5.184456E+01	5.568179E+03
2.335	-1.199290E+06	1.242722E+02	5.176260E+01	5.568179E+03
2.34	-1.199290E+06	1.312582E+02	5.196055E+01	5.568179E+03
2.345	-1.199290E+06	1.332547E+02	5.236588E+01	5.568179E+03
2.35	-1.199290E+06	1.241411E+02	5.282969E+01	5.568179E+03
2.355	-1.199290E+06	1.309868E+02	5.296421E+01	5.568179E+03
2.36	-1.199290E+06	1.360489E+02	5.282003E+01	5.568179E+03
2.365	-1.199290E+06	1.274419E+02	5.257729E+01	5.568179E+03
2.37	-1.199290E+06	1.259566E+02	5.237513E+01	5.568179E+03
2.375	-1.199290E+06	1.236766E+02	5.234330E+01	5.568179E+03
2.38	-1.199290E+06	1.246622E+02	5.225551E+01	5.568179E+03
2.385	-1.199290E+06	1.211257E+02	5.204793E+01	5.568179E+03
2.39	-1.199290E+06	1.221135E+02	5.169413E+01	5.568179E+03
2.395	-1.199290E+06	1.277069E+02	5.154442E+01	5.568179E+03
2.4	-1.199290E+06	1.271329E+02	5.168276E+01	5.568179E+03
2.405	-1.199290E+06	1.264478E+02	5.172479E+01	5.568179E+03
2.41	-1.199290E+06	1.227874E+02	5.186271E+01	5.568179E+03
2.415	-1.199290E+06	1.241953E+02	5.205031E+01	5.568179E+03
2.42	-1.199290E+06	1.192366E+02	5.232141E+01	5.568179E+03
2.425	-1.199290E+06	1.193303E+02	5.279622E+01	5.568179E+03
2.43	-1.199290E+06	1.248272E+02	5.314239E+01	5.568179E+03
2.435	-1.199290E+06	1.220535E+02	5.316509E+01	5.568179E+03
2.44	-1.199290E+06	1.216343E+02	5.286233E+01	5.568179E+03
2.445	-1.199290E+06	1.127406E+02	5.246454E+01	5.568179E+03
2.45	-1.199290E+06	1.148323E+02	5.225520E+01	5.568179E+03
2.455	-1.199290E+06	1.236143E+02	5.227840E+01	5.568179E+03
2.46	-1.199290E+06	1.182290E+02	5.215778E+01	5.568179E+03
2.465	-1.199290E+06	1.179075E+02	5.169485E+01	5.568179E+03
2.47	-1.199290E+06	1.096870E+02	5.136895E+01	5.568179E+03
2.475	-1.199290E+06	1.130212E+02	5.138920E+01	5.568179E+03
2.48	-1.199290E+06	1.193336E+02	5.185487E+01	5.568179E+03
2.485	-1.199290E+06	1.222355E+02	5.210545E+01	5.568179E+03
2.49	-1.199290E+06	1.221243E+02	5.185472E+01	5.568179E+03
2.495	-1.199290E+06	1.207482E+02	5.135906E+01	5.568179E+03
2.5	-1.199290E+06	1.203786E+02	5.090783E+01	5.568179E+03
2.505	-1.199290E+06	1.132926E+02	5.101936E+01	5.568179E+03
2.51	-1.199290E+06	1.157224E+02	5.127063E+01	5.568179E+03
2.515	-1.199290E+06	1.125331E+02	5.131287E+01	5.568179E+03
2.52	-1.199290E+06	1.087483E+02	5.143779E+01	5.568179E+03
2.525	-1.199290E+06	1.209258E+02	5.173160E+01	5.568179E+03
2.53	-1.199290E+06	1.234606E+02	5.225147E+01	5.568179E+03
2.535	-1.199290E+06	1.207416E+02	5.277772E+01	5.568179E+03
2.54	-1.199290E+06	1.215390E+02	5.293908E+01	5.568179E+03
2.545	-1.199290E+06	1.179951E+02	5.259318E+01	5.568179E+03
2.55	-1.199290E+06	1.107870E+02	5.201161E+01	5.568179E+03
2.555	-1.199290E+06	1.127417E+02	5.163076E+01	5.568179E+03
2.56	-1.199290E+06	1.206498E+02	5.161301E+01	5.568179E+03
2.565	-1.199290E+06	1.181737E+02	5.171591E+01	5.568179E+03
2.57	-1.199290E+06	1.118879E+02	5.155995E+01	5.568179E+03
2.575	-1.199290E+06	1.132882E+02	5.117344E+01	5.568179E+03
2.58	-1.199290E+06	1.108479E+02	5.106656E+01	5.568179E+03
2.585	-1.199290E+06	1.121380E+02	5.134253E+01	5.568179E+03
2.59	-1.199290E+06	1.140056E+02	5.191781E+01	5.568179E+03
2.595	-1.199290E+06	1.096374E+02	5.257696E+01	5.568179E+03
2.6	-1.199290E+06	1.130155E+02	5.288066E+01	5.568179E+03
2.605	-1.199290E+06	1.083887E+02	5.290919E+01	5.568179E+03
2.61	-1.199290E+06	1.091537E+02	5.280977E+01	5.568179E+03
2.615	-1.199290E+06	1.145014E+02	5.271376E+01	5.568179E+03
2.62	-1.199290E+06	1.106607E+02	5.251646E+01	5.568179E+03
2.625	-1.199290E+06	1.146807E+02	5.192562E+01	5.568179E+03
2.63	-1.199290E+06	1.100102E+02	5.102639E+01	5.568179E+03
2.635	-1.199290E+06	1.059986E+02	5.002993E+01	5.568179E+03
2.64	-1.199290E+06	1.075230E+02	4.967271E+01	5.568179E+03
2.645	-1.199290E+06	1.091853E+02	5.004188E+01	5.568179E+03
2.65	-1.199290E+06	1.116280E+02	5.042346E+01	5.568179E+03
2.655	-1.199290E+06	1.130691E+02	5.043530E+01	5.568179E+03
2.66	-1.199290E+06	1.188807E+02	5.016347E+01	5.568179E+03
2.665	-1.199290E+06	1.130756E+02	5.028531E+01	5.568179E+03
2.67	-1.199290E+06	1.069966E+02	5.098974E+01	5.568179E+03
2.675	-1.199290E+06	1.081222E+02	5.182302E+01	5.568179E+03
2.68	-1.199290E+06	1.023136E+02	5.246640E+01	5.568179E+03
2.685	-1.199290E+06	1.075342E+02	5.264380E+01	5.568179E+03
2.69	-1.199290E+06	1.066888E+02	5.279279E+01	5.568179E+03
2.695	-1.199290E+06	1.088807E+02	5.312478E+01	5.568179E+03
2.7	-1.199290E+06	1.156769E+02	5.343072E+01	5.568179E+03
2.705	-1.199290E+06	1.061488E+02	5.359376E+01	5.568179E+03
2.71	-1.199290E+06	1.072445E+02	5.310346E+01	5.568179E+03
2.715	-1.199290E+06	1.033849E+02	5.225739E+01	5.568179E+03
2.72	-1.199290E+06	1.030459E+02	5.173719E+01	5.568179E+03
2.725	-1.199291E+06	1.113531E+02	5.170172E+01	5.568179E+03
2.73	-1.199290E+06	1.065820E+02	5.185512E+01	5.568179E+03
2.735	-1.199290E+06	1.047921E+02	5.180518E+01	5.568179E+03
2.74	-1.199290E+06	1.069256E+02	5.161558E+01	5.568179E+03
2.745	-1.199290E+06	1.072950E+02	5.158402E+01	5.568179E+03
2.75	-1.199290E+06	1.061868E+02	5.209216E+01	5.568179E+03
2.755	-1.199290E+06	1.085516E+02	5.304618E+01	5.568179E+03
2.76	-1.199290E+06	1.049309E+02	5.403472E+01	5.568179E+03
2.765	-1.199290E+06	1.025491E+02	5.458801E+01	5.568179E+03
2.77	-1.199290E+06	1.087408E+02	5.449744E+01	5.568179E+03
2.775	-1.199290E+06	1.092992E+02	5.422198E+01	5.568179E+03
2.78	-1.199290E+06	1.077301E+02	5.401280E+01	5.568179E+03
2.785	-1.199290E+06	1.020879E+02	5.386590E+01	5.568179E+03
2.79	-1.199290E+06	1.016190E+02	5.365162E+01	5.568179E+03
2.795	-1.199290E+06	1.077002E+02	5.307936E+01	5.568179E+03
2.8	-1.199290E+06	1.053368E+02	5.237580E+01	5.568179E+03
2.805	-1.199290E+06	1.023471E+02	5.200347E+01	5.568179E+03
2.81	-1.199290E+06	1.087077E+02	5.209413E+01	5.568179E+03
2.815	-1.199290E+06	1.079646E+02	5.261324E+01	5.568179E+03
2.82	-1.199290E+06	1.021395E+02	5.316903E+01	5.568179E+03
2.825	-1.199290E+06	1.080866E+02	5.339157E+01	5.568179E+03
2.83	-1.199290E+06	1.052822E+02	5.358300E+01	5.568179E+03
2.835	-1.199290E+06	1.044998E+02	5.396718E+01	5.568179E+03
2.84	-1.199290E+06	1.064160E+02	5.439124E+01	5.568179E+03
2.845	-1.199290E+06	9.658893E+01	5.451322E+01	5.568179E+03
2.85	-1.199290E+06	1.002367E+02	5.401865E+01	5.568179E+03
2.855	-1.199290E+06	1.005320E+02	5.337978E+01	5.568179E+03
2.86	-1.199290E+06	1.018497E+02	5.322086E+01	5.568179E+03
2.865	-1.199290E+06	1.036341E+02	5.368908E+01	5.568179E+03
2.87	-1.199290E+06	1.004776E+02	5.421652E+01	5.568179E+03
2.875	-1.199290E+06	9.855392E+01	5.431277E+01	5.568179E+03
2.88	-1.199290E+06	9.725779E+01	5.399656E+01	5.568179E+03
2.885	-1.199290E+06	1.032734E+02	5.373367E+01	5.568179E+03
2.89	-1.199290E+06	1.009046E+02	5.411116E+01	5.568179E+03
2.895	-1.199290E+06	1.034998E+02	5.470428E+01	5.568179E+03
2.9	-1.199290E+06	1.055188E+02	5.503716E+01	5.568179E+03
2.905	-1.199290E+06	9.718574E+01	5.504458E+01	5.568179E+03
2.91	-1.199290E+06	9.920074E+01	5.489872E+01	5.568179E+03
2.915	-1.199290E+06	9.630616E+01	5.526103E+01	5.568179E+03
2.92	-1.199290E+06	9.841031E+01	5.581291E+01	5.568179E+03
2.925	-1.199290E+06	1.061379E+02	5.587154E+01	5.568179E+03
2.93	-1.199290E+06	1.008519E+02	5.543933E+01	5.568179E+03
2.935	-1.199290E+06	1.002439E+02	5.460267E+01	5.568179E+03
2.94	-1.199290E+06	1.048063E+02	5.377215E+01	5.568179E+03
2.945	-1.199290E+06	1.078929E+02	5.324051E+01	5.568179E+03
2.95	-1.199290E+06	1.038776E+02	5.286471E+01	5.568179E+03
2.955	-1.199290E+06	9.800227E+01	5.253396E+01	5.568179E+03
2.96	-1.199290E+06	9.775036E+01	5.237730E+01	5.568179E+03
2.965	-1.199290E+06	1.019173E+02	5.249458E+01	5.568179E+03
2.97	-1.199290E+06	1.073941E+02	5.289108E+01	5.568179E+03
2.975	-1.199290E+06	1.011710E+02	5.371159E+01	5.568179E+03
2.98	-1.199290E+06	9.613864E+01	5.469752E+01	5.568179E+03
2.985	-1.199290E+06	1.026083E+02	5.543848E+01	5.568179E+03
2.99	-1.199290E+06	9.613354E+01	5.586604E+01	5.568179E+03
2.995	-1.199290E+06	9.429075E+01	5.581203E+01	5.568179E+03
3.0	-1.199290E+06	9.724417E+01	5.556585E+01	5.568179E+03
3.005	-1.199290E+06	8.889899E+01	5.541667E+01	5.568179E+03
3.01	-1.199290E+06	9.361774E+01	5.503636E+01	5.568179E+03
3.015	-1.199290E+06	1.040487E+02	5.442789E+01	5.568179E+03
3.02	-1.199290E+06	1.043391E+02	5.378639E+01	5.568179E+03
3.025	-1.199290E+06	1.041348E+02	5.323473E+01	5.568179E+03
3.03	-1.199290E+06	9.951854E+01	5.310037E+01	5.568179E+03
3.035	-1.199290E+06	9.209403E+01	5.320274E+01	5.568179E+03
3.04	-1.199290E+06	9.191640E+01	5.311023E+01	5.568179E+03
3.045	-1.199290E+06	9.002660E+01	5.307920E+01	5.568179E+03
3.05	-1.199290E+06	9.120061E+01	5.343350E+01	5.568179E+03
3.055	-1.199290E+06	1.030108E+02	5.427274E+01	5.568179E+03
3.06	-1.199290E+06	1.024093E+02	5.547274E+01	5.568179E+03
3.065	-1.199290E+06	9.737721E+01	5.631179E+01	5.568179E+03
3.07	-1.199290E+06	9.992482E+01	5.653856E+01	5.568179E+03
3.075	-1.199290E+06	9.815483E+01	5.654281E+01	5.568179E+03
3.08	-1.199290E+06	1.019762E+02	5.631809E+01	5.568179E+03
3.085	-1.199290E+06	1.001115E+02	5.594066E+01	5.568179E+03
3.09	-1.199290E+06	9.614282E+01	5.533286E+01	5.568179E+03
3.095	-1.199290E+06	1.023812E+02	5.430285E+01	5.568179E+03
3.1	-1.199290E+06	1.043665E+02	5.332721E+01	5.568179E+03
3.105	-1.199290E+06	9.707717E+01	5.295746E+01	5.568179E+03
3.11	-1.199290E+06	9.512461E+01	5.304567E+01	5.568179E+03
3.115	-1.199290E+06	9.806766E+01	5.333466E+01	5.568179E+03
3.12	-1.199290E+06	9.289239E+01	5.368254E+01	5.568179E+03
3.125	-1.199290E+06	9.440701E+01	5.390717E+01	5.568179E+03
3.13	-1.199290E+06	9.631376E+01	5.438443E+01	5.568179E+03
3.135	-1.199290E+06	9.417705E+01	5.512960E+01	5.568179E+03
3.14	-1.199290E+06	1.003678E+02	5.564804E+01	5.568179E+03
3.145	-1.199290E+06	9.853913E+01	5.590366E+01	5.568179E+03
3.15	-1.199290E+06	9.564882E+01	5.583131E+01	5.568179E+03
3.155	-1.199290E+06	9.802482E+01	5.541804E+01	5.568179E+03
3.16	-1.199290E+06	9.404994E+01	5.504105E+01	5.568179E+03
3.165	-1.199290E+06	9.932507E+01	5.465164E+01	5.568179E+03
3.17	-1.199290E+06	9.801672E+01	5.418535E+01	5.568179E+03
3.175	-1.199290E+06	9.047930E+01	5.385121E+01	5.568179E+03
3.18	-1.199290E+06	9.608793E+01	5.369535E+01	5.568179E+03
3.185	-1.199290E+06	9.944784E+01	5.367361E+01	5.568179E+03
3.19	-1.199290E+06	9.634279E+01	5.404261E+01	5.568179E+03
3.195	-1.199290E+06	9.414033E+01	5.476464E+01	5.568179E+03
3.2	-1.199290E+06	9.836891E+01	5.531345E+01	5.568179E+03
3.205	-1.199290E+06	9.212143E+01	5.583113E+01	5.568179E+03
3.21	-1.199290E+06	9.130602E+01	5.621254E+01	5.568179E+03
3.215	-1.199290E+06	1.013753E+02	5.648943E+01	5.568179E+03
3.22	-1.199290E+06	9.515657E+01	5.703471E+01	5.568179E+03
3.225	-1.199290E+06	9.735725E+01	5.710752E+01	5.568179E+03
3.23	-1.199290E+06	9.611972E+01	5.673278E+01	5.568179E+03
3.235	-1.199290E+06	9.263287E+01	5.627397E+01	5.568179E+03
3.24	-1.199290E+06	9.987327E+01	5.574930E+01	5.568179E+03
3.245	-1.199290E+06	9.914370E+01	5.558968E+01	5.568179E+03
3.25	-1.199290E+06	9.748784E+01	5.545420E+01	5.568179E+03
3.255	-1.199290E+06	9.926787E+01	5.493461E+01	5.568179E+03
3.26	-1.199290E+06	9.968279E+01	5.428169E+01	5.568179E+03
3.265	-1.199290E+06	9.662224E+01	5.373991E+01	5.568179E+03
3.27	-1.199290E+06	1.015323E+02	5.363742E+01	5.568179E+03
3.275	-1.199290E+06	9.976934E+01	5.416891E+01	5.568179E+03
3.28	-1.199290E+06	9.188357E+01	5.477018E+01	5.568179E+03
3.285	-1.199290E+06	9.903536E+01	5.519234E+01	5.568179E+03
3.29	-1.199290E+06	1.005280E+02	5.583355E+01	5.568179E+03
3.295	-1.199290E+06	9.611737E+01	5.657931E+01	5.568179E+03
3.3	-1.199290E+06	9.753988E+01	5.720882E+01	5.568179E+03
3.305	-1.199290E+06	9.256793E+01	5.752874E+01	5.568179E+03
3.31	-1.199290E+06	9.004262E+01	5.702886E+01	5.568179E+03
3.315	-1.199290E+06	9.501873E+01	5.605342E+01	5.568179E+03
3.32	-1.199290E+06	9.329722E+01	5.529291E+01	5.568179E+03
3.325	-1.199290E+06	9.635850E+01	5.470885E+01	5.568179E+03
3.33	-1.199290E+06	9.816061E+01	5.458662E+01	5.568179E+03
3.335	-1.199290E+06	9.486708E+01	5.477631E+01	5.568179E+03
3.34	-1.199290E+06	9.962638E+01	5.475188E+01	5.568179E+03
3.345	-1.199290E+06	9.782227E+01	5.483610E+01	5.568179E+03
3.35	-1.199290E+06	9.762175E+01	5.505653E+01	5.568179E+03
3.355	-1.199290E+06	9.747414E+01	5.544762E+01	5.568179E+03
3.36	-1.199290E+06	9.448360E+01	5.603654E+01	5.568179E+03
3.365	-1.199290E+06	9.433412E+01	5.639464E+01	5.568179E+03
3.37	-1.199290E+06	9.336504E+01	5.649572E+01	5.568179E+03
3.375	-1.199290E+06	9.575768E+01	5.659924E+01	5.568179E+03
3.38	-1.199290E+06	9.854121E+01	5.658907E+01	5.568179E+03
3.385	-1.199290E+06	1.003903E+02	5.634693E+01	5.568179E+03
3.39	-1.199290E+06	9.417210E+01	5.611697E+01	5.568179E+03
3.395	-1.199290E+06	9.630734E+01	5.578349E+01	5.568179E+03
3.4	-1.199290E+06	1.017962E+02	5.539582E+01	5.568179E+03
3.405	-1.199290E+06	9.734389E+01	5.526911E+01	5.568179E+03
3.41	-1.199290E+06	1.003127E+02	5.535306E+01	5.568179E+03
3.415	-1.199290E+06	9.807083E+01	5.570344E+01	5.568179E+03
3.42	-1.199290E+06	9.839810E+01	5.604715E+01	5.568179E+03
3.425	-1.199290E+06	1.004774E+02	5.594239E+01	5.568179E+03
3.43	-1.199290E+06	9.563303E+01	5.565903E+01	5.568179E+03
3.435	-1.199290E+06	9.762914E+01	5.566383E+01	5.568179E+03
3.44	-1.199290E+06	9.960207E+01	5.579948E+01	5.568179E+03
3.445	-1.199290E+06	9.949665E+01	5.585770E+01	5.568179E+03
3.45	-1.199290E+06	9.788060E+01	5.572546E+01	5.568179E+03
3.455	-1.199290E+06	9.686223E+01	5.540510E+01	5.568179E+03
3.46	-1.199290E+06	9.673118E+01	5.549070E+01	5.568179E+03
3.465	-1.199290E+06	9.959785E+01	5.590208E+01	5.568179E+03
3.47	-1.199290E+06	9.855035E+01	5.617802E+01	5.568179E+03
3.475	-1.199290E+06	9.895949E+01	5.608760E+01	5.568179E+03
3.48	-1.199290E+06	1.042375E+02	5.535984E+01	5.568179E+03
3.485	-1.199290E+06	1.002767E+02	5.447650E+01	5.568179E+03
3.49	-1.199290E+06	9.519340E+01	5.409586E+01	5.568179E+03
3.495	-1.199290E+06	9.468384E+01	5.413165E+01	5.568179E+03
3.5	-1.199290E+06	9.359055E+01	5.435479E+01	5.568179E+03
3.505	-1.199290E+06	1.005532E+02	5.452105E+01	5.568179E+03
3.51	-1.199291E+06	1.039410E+02	5.468487E+01	5.568179E+03
3.515	-1.199290E+06	9.910037E+01	5.518919E+01	5.568179E+03
3.52	-1.199290E+06	9.914645E+01	5.600100E+01	5.568179E+03
3.525	-1.199290E+06	1.029357E+02	5.671199E+01	5.568179E+03
3.53	-1.199290E+06	1.017135E+02	5.696916E+01	5.568179E+03
3.535	-1.199290E+06	1.004520E+02	5.679952E+01	5.568179E+03
3.54	-1.199290E+06	9.769550E+01	5.655325E+01	5.568179E+03
3.545	-1.199290E+06	9.942202E+01	5.636812E+01	5.568179E+03
3.55	-1.199290E+06	9.876227E+01	5.631012E+01	5.568179E+03
3.555	-1.199290E+06	9.773691E+01	5.605876E+01	5.568179E+03
3.56	-1.199291E+06	1.007528E+02	5.548123E+01	5.568179E+03
3.565	-1.199290E+06	9.945869E+01	5.494706E+01	5.568179E+03
3.57	-1.199291E+06	1.001968E+02	5.455038E+01	5.568179E+03
3.575	-1.199290E+06	9.539100E+01	5.444377E+01	5.568179E+03
3.58	-1.199290E+06	9.418695E+01	5.454920E+01	5.568179E+03
3.585	-1.199290E+06	1.020927E+02	5.470534E+01	5.568179E+03
3.59	-1.199290E+06	1.041834E+02	5.487919E+01	5.568179E+03
3.595	-1.199290E+06	1.048826E+02	5.473841E+01	5.568179E+03
3.6	-1.199290E+06	1.039752E+02	5.450310E+01	5.568179E+03
3.605	-1.199290E+06	1.006781E+02	5.449917E+01	5.568179E+03
3.61	-1.199290E+06	1.028437E+02	5.445111E+01	5.568179E+03
3.615	-1.199290E+06	9.941881E+01	5.431563E+01	5.568179E+03
3.62	-1.199290E+06	9.473750E+01	5.418775E+01	5.568179E+03
3.625	-1.199290E+06	9.766352E+01	5.428462E+01	5.568179E+03
3.63	-1.199290E+06	1.011243E+02	5.475521E+01	5.568179E+03
3.635	-1.199291E+06	1.035464E+02	5.534922E+01	5.568179E+03
3.64	-1.199290E+06	1.017010E+02	5.566755E+01	5.568179E+03
3.645	-1.199291E+06	9.864101E+01	5.538188E+01	5.568179E+03
3.65	-1.199290E+06	9.561654E+01	5.484832E+01	5.568179E+03
3.655	-1.199290E+06	1.035522E+02	5.444107E+01	5.568179E+03
3.66	-1.199291E+06	1.091397E+02	5.423469E+01	5.568179E+03
3.665	-1.199290E+06	1.024237E+02	5.403097E+01	5.568179E+03
3.67	-1.199291E+06	1.056876E+02	5.353894E+01	5.568179E+03
3.675	-1.199290E+06	1.053493E+02	5.327354E+01	5.568179E+03
3.68	-1.199291E+06	1.060657E+02	5.335241E+01	5.568179E+03
3.685	-1.199291E+06	1.055039E+02	5.361243E+01	5.568179E+03
3.69	-1.199290E+06	1.005864E+02	5.403399E+01	5.568179E+03
3.695	-1.199291E+06	1.072815E+02	5.431204E+01	5.568179E+03
3.7	-1.199290E+06	1.073944E+02	5.449432E+01	5.568179E+03
3.705	-1.199290E+06	1.038972E+02	5.458022E+01	5.568179E+03
3.71	-1.199290E+06	1.017645E+02	5.466029E+01	5.568179E+03
3.715	-1.199290E+06	9.985939E+01	5.489940E+01	5.568179E+03
3.72	-1.199291E+06	1.056161E+02	5.488158E+01	5.568179E+03
3.725	-1.199291E+06	1.091745E+02	5.449314E+01	5.568179E+03
3.73	-1.199290E+06	1.034141E+02	5.422584E+01	5.568179E+03
3.735	-1.199290E+06	9.976529E+01	5.427743E+01	5.568179E+03
3.74	-1.199290E+06	1.050583E+02	5.456165E+01	5.568179E+03
3.745	-1.199291E+06	1.086750E+02	5.471912E+01	5.568179E+03
3.75	-1.199290E+06	1.063846E+02	5.440113E+01	5.568179E+03
3.755	-1.199291E+06	1.038622E+02	5.392330E+01	5.568179E+03
3.76	-1.199290E+06	1.034211E+02	5.358427E+01	5.568179E+03
3.765	-1.199291E+06	1.068376E+02	5.336144E+01	5.568179E+03
3.77	-1.199291E+06	1.055705E+02	5.334957E+01	5.568179E+03
3.775	-1.199290E+06	9.907411E+01	5.333241E+01	5.568179E+03
3.78	-1.199290E+06	1.005214E+02	5.317085E+01	5.568179E+03
3.785	-1.199290E+06	1.059650E+02	5.308594E+01	5.568179E+03
3.79	-1.199290E+06	1.094029E+02	5.299557E+01	5.568179E+03
3.795	-1.199290E+06	1.060917E+02	5.294704E+01	5.568179E+03
3.8	-1.199290E+06	1.008676E+02	5.312876E+01	5.568179E+03
3.805	-1.199290E+06	1.076359E+02	5.338123E+01	5.568179E+03
3.81	-1.199290E+06	1.118495E+02	5.354295E+01	5.568179E+03
3.815	-1.199290E+06	1.106934E+02	5.364297E+01	5.568179E+03
3.82	-1.199291E+06	1.129337E+02	5.383335E+01	5.568179E+03
3.825	-1.199291E+06	1.126109E+02	5.415520E+01	5.568179E+03
3.83	-1.199290E+06	1.082581E+02	5.448639E+01	5.568179E+03
3.835	-1.199290E+06	1.089832E+02	5.454808E+01	5.568179E+03
3.84	-1.199290E+06	1.079772E+02	5.441457E+01	5.568179E+03
3.845	-1.199290E+06	1.078735E+02	5.457712E+01	5.568179E+03
3.85	-1.199290E+06	1.103906E+02	5.514845E+01	5.568179E+03
3.855	-1.199290E+06	1.084006E+02	5.569423E+01	5.568179E+03
3.86	-1.199290E+06	1.068295E+02	5.583501E+01	5.568179E+03
3.865	-1.199290E+06	1.059131E+02	5.553281E+01	5.568179E+03
3.87	-1.199290E+06	1.087850E+02	5.508445E+01	5.568179E+03
3.875	-1.199290E+06	1.167178E+02	5.471189E+01	5.568179E+03
3.88	-1.199290E+06	1.152327E+02	5.424710E+01	5.568179E+03
3.885	-1.199290E+06	1.149344E+02	5.361430E+01	5.568179E+03
3.89	-1.199290E+06	1.126884E+02	5.306222E+01	5.568179E+03
3.895	-1.199290E+06	1.096518E+02	5.272168E+01	5.568179E+03
3.9	-1.199290E+06	1.100966E+02	5.287054E+01	5.568179E+03
3.905	-1.199290E+06	1.116087E+02	5.333191E+01	5.568179E+03
3.91	-1.199291E+06	1.158251E+02	5.345881E+01	5.568179E+03
3.915	-1.199290E+06	1.117400E+02	5.321993E+01	5.568179E+03
3.92	-1.199290E+06	1.111772E+02	5.290422E+01	5.568179E+03
3.925	-1.199290E+06	1.078197E+02	5.293479E+01	5.568179E+03
3.93	-1.199290E+06	1.071012E+02	5.332738E+01	5.568179E+03
3.935	-1.199290E+06	1.125570E+02	5.372223E+01	5.568179E+03
3.94	-1.199290E+06	1.151156E+02	5.387563E+01	5.568179E+03
3.945	-1.199290E+06	1.158370E+02	5.368816E+01	5.568179E+03
3.95	-1.199290E+06	1.072246E+02	5.333310E+01	5.568179E+03
3.955	-1.199290E+06	1.110998E+02	5.291573E+01	5.568179E+03
3.96	-1.199290E+06	1.147195E+02	5.257975E+01	5.568179E+03
3.965	-1.199290E+06	1.108696E+02	5.209339E+01	5.568179E+03
3.97	-1.199290E+06	1.109275E+02	5.146051E+01	5.568179E+03
3.975	-1.199290E+06	1.099436E+02	5.117584E+01	5.568179E+03
3.98	-1.199290E+06	1.155269E+02	5.128898E+01	5.568179E+03
3.985	-1.199290E+06	1.213903E+02	5.168481E+01	5.568179E+03
3.99	-1.199290E+06	1.189143E+02	5.223247E+01	5.568179E+03
3.995	-1.199290E+06	1.153772E+02	5.262126E+01	5.568179E+03
4.0	-1.199290E+06	1.200493E+02	5.283605E+01	5.568179E+03
4.005	-1.199290E+06	1.224068E+02	5.319932E+01	5.568179E+03
4.01	-1.199290E+06	1.226766E+02	5.369447E+01	5.568179E+03
4.015	-1.199290E+06	1.204978E+02	5.428564E+01	5.568179E+03
4.02	-1.199290E+06	1.127328E+02	5.476719E+01	5.568179E+03
4.025	-1.199290E+06	1.186712E+02	5.446015E+01	5.568179E+03
4.03	-1.199290E+06	1.167730E+02	5.365109E+01	5.568179E+03
4.035	-1.199290E+06	1.184481E+02	5.279508E+01	5.568179E+03
4.04	-1.199290E+06	1.239838E+02	5.213570E+01	5.568179E+03
4.045	-1.199290E+06	1.185498E+02	5.177942E+01	5.568179E+03
4.05	-1.199290E+06	1.231785E+02	5.126303E+01	5.568179E+03
4.055	-1.199290E+06	1.193985E+02	5.051111E+01	5.568179E+03
4.06	-1.199290E+06	1.140588E+02	4.993689E+01	5.568179E+03
4.065	-1.199290E+06	1.187357E+02	5.012311E+01	5.568179E+03
4.07	-1.199290E+06	1.264749E+02	5.092640E+01	5.568179E+03
4.075	-1.199290E+06	1.258826E+02	5.161136E+01	5.568179E+03
4.08	-1.199290E+06	1.160383E+02	5.187390E+01	5.568179E+03
4.085	-1.199290E+06	1.207582E+02	5.185004E+01	5.568179E+03
4.09	-1.199290E+06	1.240442E+02	5.200194E+01	5.568179E+03
4.095	-1.199290E+06	1.213941E+02	5.225940E+01	5.568179E+03
4.1	-1.199290E+06	1.205142E+02	5.226495E+01	5.568179E+03
4.105	-1.199290E+06	1.210068E+02	5.180486E+01	5.568179E+03
4.11	-1.199290E+06	1.260528E+02	5.097309E+01	5.568179E+03
4.115	-1.199290E+06	1.226391E+02	5.037749E+01	5.568179E+03
4.12	-1.199290E+06	1.243848E+02	5.000998E+01	5.568179E+03
4.125	-1.199290E+06	1.206610E+02	4.982297E+01	5.568179E+03
4.13	-1.199290E+06	1.139293E+02	4.964923E+01	5.568179E+03
4.135	-1.199290E+06	1.226158E+02	4.914055E+01	5.568179E+03
4.14	-1.199290E+06	1.248136E+02	4.879274E+01	5.568179E+03
4.145	-1.199290E+06	1.265181E+02	4.887213E+01	5.568179E+03
4.15	-1.199290E+06	1.321572E+02	4.940579E+01	5.568179E+03
4.155	-1.199290E+06	1.278229E+02	5.043719E+01	5.568179E+03
4.16	-1.199290E+06	1.251166E+02	5.143212E+01	5.568179E+03
4.165	-1.199290E+06	1.312847E+02	5.210453E+01	5.568179E+03
4.17	-1.199290E+06	1.282101E+02	5.266137E+01	5.568179E+03
4.175	-1.199290E+06	1.269009E+02	5.299148E+01	5.568179E+03
4.18	-1.199290E+06	1.324895E+02	5.291895E+01	5.568179E+03
4.185	-1.199290E+06	1.242207E+02	5.231889E+01	5.568179E+03
4.19	-1.199290E+06	1.217232E+02	5.124679E+01	5.568179E+03
4.195	-1.199290E+06	1.288599E+02	5.015341E+01	5.568179E+03
4.2	-1.199290E+06	1.311840E+02	4.926503E+01	5.568179E+03
4.205	-1.199290E+06	1.328175E+02	4.876977E+01	5.568179E+03
4.21	-1.199290E+06	1.298866E+02	4.885557E+01	5.568179E+03
4.215	-1.199290E+06	1.291722E+02	4.911861E+01	5.568179E+03
4.22	-1.199290E+06	1.322203E+02	4.916004E+01	5.568179E+03
4.225	-1.199290E+06	1.358261E+02	4.916485E+01	5.568179E+03
4.23	-1.199290E+06	1.363505E+02	4.965827E+01	5.568179E+03
4.235	-1.199290E+06	1.330376E+02	5.072590E+01	5.568179E+03
4.24	-1.199290E+06	1.347885E+02	5.195957E+01	5.568179E+03
4.245	-1.199290E+06	1.345353E+02	5.290331E+01	5.568179E+03
4.25	-1.199290E+06	1.361301E+02	5.311509E+01	5.568179E+03
4.255	-1.199290E+06	1.329515E+02	5.295839E+01	5.568179E+03
4.26	-1.199290E+06	1.303118E+02	5.271442E+01	5.568179E+03
4.265	-1.199290E+06	1.368459E+02	5.216309E+01	5.568179E+03
4.27	-1.199290E+06	1.367502E+02	5.149232E+01	5.568179E+03
4.275	-1.199290E+06	1.390705E+02	5.053351E+01	5.568179E+03
4.28	-1.199290E+06	1.387428E+02	4.963031E+01	5.568179E+03
4.285	-1.199290E+06	1.320178E+02	4.966661E+01	5.568179E+03
4.29	-1.199290E+06	1.395169E+02	5.028690E+01	5.568179E+03
4.295	-1.199290E+06	1.428747E+02	5.107480E+01	5.568179E+03
4.3	-1.199290E+06	1.428369E+02	5.175217E+01	5.568179E+03
4.305	-1.199290E+06	1.463686E+02	5.200048E+01	5.568179E+03
4.31	-1.199290E+06	1.468091E+02	5.212158E+01	5.568179E+03
4.315	-1.199290E+06	1.388616E+02	5.234120E+01	5.568179E+03
4.32	-1.199290E+06	1.333468E+02	5.238520E+01	5.568179E+03
4.325	-1.199290E+06	1.379039E+02	5.227040E+01	5.568179E+03
4.33	-1.199290E+06	1.409695E+02	5.218640E+01	5.568179E+03
4.335	-1.199290E+06	1.455976E+02	5.196607E+01	5.568179E+03
4.34	-1.199290E+06	1.453568E+02	5.182353E+01	5.568179E+03
4.345	-1.199289E+06	1.400112E+02	5.190399E+01	5.568179E+03
4.35	-1.199290E+06	1.445897E+02	5.165707E+01	5.568179E+03
4.355	-1.199290E+06	1.446350E+02	5.117186E+01	5.568179E+03
4.36	-1.199289E+06	1.390559E+02	5.086451E+01	5.568179E+03
4.365	-1.199290E+06	1.452346E+02	5.076061E+01	5.568179E+03
4.37	-1.199290E+06	1.482239E+02	5.101968E+01	5.568179E+03
4.375	-1.199289E+06	1.384610E+02	5.150200E+01	5.568179E+03
4.38	-1.199290E+06	1.432496E+02	5.183472E+01	5.568179E+03
4.385	-1.199289E+06	1.477585E+02	5.225824E+01	5.568179E+03
4.39	-1.199289E+06	1.488784E+02	5.242302E+01	5.568179E+03
4.395	-1.199290E+06	1.506452E+02	5.229875E+01	5.568179E+03
4.4	-1.199289E+06	1.421777E+02	5.251024E+01	5.568179E+03
4.405	-1.199289E+06	1.390315E+02	5.259251E+01	5.568179E+03
4.41	-1.199290E+06	1.456652E+02	5.234086E+01	5.568179E+03
4.415	-1.199290E+06	1.511673E+02	5.205922E+01	5.568179E+03
4.42	-1.199290E+06	1.554390E+02	5.166553E+01	5.568179E+03
4.425	-1.199290E+06	1.561448E+02	5.149379E+01	5.568179E+03
4.43	-1.199289E+06	1.492048E+02	5.148781E+01	5.568179E+03
4.435	-1.199290E+06	1.534817E+02	5.120493E+01	5.568179E+03
4.44	-1.199289E+06	1.549919E+02	5.086981E+01	5.568179E+03
4.445	-1.199289E+06	1.559998E+02	5.050221E+01	5.568179E+03
4.45	-1.199290E+06	1.618928E+02	5.072402E+01	5.568179E+03
4.455	-1.199289E+06	1.555769E+02	5.172394E+01	5.568179E+03
4.46	-1.199289E+06	1.541799E+02	5.264756E+01	5.568179E+03
4.465	-1.199289E+06	1.543223E+02	5.351286E+01	5.568179E+03
4.47	-1.199289E+06	1.571090E+02	5.393301E+01	5.568179E+03
4.475	-1.199289E+06	1.525294E+02	5.396316E+01	5.568179E+03
4.48	-1.199289E+06	1.590877E+02	5.396974E+01	5.568179E+03
4.485	-1.199289E+06	1.641893E+02	5.352598E+01	5.568179E+03
4.49	-1.199289E+06	1.532240E+02	5.254207E+01	5.568179E+03
4.495	-1.199289E+06	1.604568E+02	5.135955E+01	5.568179E+03
4.5	-1.199289E+06	1.547510E+02	5.054200E+01	5.568179E+03
4.505	-1.199289E+06	1.626037E+02	5.013364E+01	5.568179E+03
4.51	-1.199289E+06	1.618076E+02	5.008334E+01	5.568179E+03
4.515	-1.199289E+06	1.446948E+02	4.998540E+01	5.568179E+03
4.52	-1.199289E+06	1.612349E+02	5.008774E+01	5.568179E+03
4.525	-1.199289E+06	1.679869E+02	5.090164E+01	5.568179E+03
4.53	-1.199289E+06	1.747933E+02	5.156509E+01	5.568179E+03
4.535	-1.199289E+06	1.615385E+02	5.251430E+01	5.568179E+03
4.54	-1.199289E+06	1.615830E+02	5.351429E+01	5.568179E+03
4.545	-1.199290E+06	1.684007E+02	5.417315E+01	5.568179E+03
4.55	-1.199289E+06	1.459213E+02	5.497193E+01	5.568179E+03
4.555	-1.199289E+06	1.629978E+02	5.525509E+01	5.568179E+03
4.56	-1.199289E+06	1.800689E+02	5.533937E+01	5.568179E+03
4.565	-1.199289E+06	1.806390E+02	5.513611E+01	5.568179E+03
4.57	-1.199289E+06	1.658129E+02	5.429605E+01	5.568179E+03
4.575	-1.199289E+06	1.632001E+02	5.329046E+01	5.568179E+03
4.58	-1.199289E+06	1.707522E+02	5.230490E+01	5.568179E+03
4.585	-1.199289E+06	1.687078E+02	5.134586E+01	5.568179E+03
4.59	-1.199289E+06	1.811455E+02	5.076519E+01	5.568179E+03
4.595	-1.199289E+06	1.697445E+02	5.072906E+01	5.568179E+03
4.6	-1.199289E+06	1.693779E+02	5.051501E+01	5.568179E+03
4.605	-1.199289E+06	1.695139E+02	5.058932E+01	5.568179E+03
4.61	-1.199289E+06	1.660702E+02	5.132763E+01	5.568179E+03
4.615	-1.199289E+06	1.903712E+02	5.246263E+01	5.568179E+03
4.62	-1.199289E+06	1.791162E+02	5.412046E+01	5.568179E+03
4.625	-1.199289E+06	1.664429E+02	5.535206E+01	5.568179E+03
4.63	-1.199289E+06	1.791650E+02	5.576699E+01	5.568179E+03
4.635	-1.199289E+06	1.838924E+02	5.586797E+01	5.568179E+03
4.64	-1.199289E+06	1.807368E+02	5.576931E+01	5.568179E+03
4.645	-1.199289E+06	1.791144E+02	5.546631E+01	5.568179E+03
4.65	-1.199289E+06	1.825050E+02	5.501587E+01	5.568179E+03
4.655	-1.199289E+06	1.762402E+02	5.429066E+01	5.568179E+03
4.66	-1.199289E+06	1.768008E+02	5.308797E+01	5.568179E+03
4.665	-1.199289E+06	1.701442E+02	5.265573E+01	5.568179E+03
4.67	-1.199289E+06	1.813478E+02	5.301259E+01	5.568179E+03
4.675	-1.199289E+06	1.946941E+02	5.333621E+01	5.568179E+03
4.68	-1.199288E+06	1.768534E+02	5.396153E+01	5.568179E+03
4.685	-1.199289E+06	1.931120E+02	5.409477E+01	5.568179E+03
4.69	-1.199289E+06	2.010583E+02	5.416184E+01	5.568179E+03
4.695	-1.199289E+06	1.871356E+02	5.472098E+01	5.568179E+03
4.7	-1.199289E+06	1.879641E+02	5.500821E+01	5.568179E+03
4.705	-1.199289E+06	1.935047E+02	5.538339E+01	5.568179E+03
4.71	-1.199289E+06	1.891339E+02	5.576172E+01	5.568179E+03
4.715	-1.199289E+06	1.817017E+02	5.553879E+01	5.568179E+03
4.72	-1.199289E+06	1.794092E+02	5.557797E+01	5.568179E+03
4.725	-1.199289E+06	1.829612E+02	5.581745E+01	5.568179E+03
4.73	-1.199289E+06	1.925469E+02	5.574749E+01	5.568179E+03
4.735	-1.199289E+06	1.968216E+02	5.546428E+01	5.568179E+03
4.74	-1.199289E+06	1.966257E+02	5.437244E+01	5.568179E+03
4.745	-1.199289E+06	1.979296E+02	5.304498E+01	5.568179E+03
4.75	-1.199289E+06	1.862982E+02	5.254473E+01	5.568179E+03
4.755	-1.199288E+06	1.866502E+02	5.257047E+01	5.568179E+03
4.76	-1.199289E+06	2.083534E+02	5.318020E+01	5.568179E+03
4.765	-1.199289E+06	2.025560E+02	5.413239E+01	5.568179E+03
4.77	-1.199288E+06	1.871458E+02	5.486274E+01	5.568179E+03
4.775	-1.199289E+06	1.991779E+02	5.566423E+01	5.568179E+03
4.78	-1.199288E+06	2.010066E+02	5.646238E+01	5.568179E+03
4.785	-1.199288E+06	2.023197E+02	5.678101E+01	5.568179E+03
4.79	-1.199288E+06	2.017458E+02	5.659348E+01	5.568179E+03
4.795	-1.199288E+06	2.001038E+02	5.567994E+01	5.568179E+03
4.8	-1.199289E+06	2.092329E+02	5.451707E+01	5.568179E+03
4.805	-1.199288E+06	2.131276E+02	5.380957E+01	5.568179E+03
4.81	-1.199289E+06	2.154772E+02	5.356385E+01	5.568179E+03
4.815	-1.199288E+06	2.089286E+02	5.368408E+01	5.568179E+03
4.82	-1.199289E+06	2.154109E+02	5.364511E+01	5.568179E+03
4.825	-1.199289E+06	2.100603E+02	5.365126E+01	5.568179E+03
4.83	-1.199288E+06	2.057770E+02	5.394479E+01	5.568179E+03
4.835	-1.199289E+06	2.249300E+02	5.487973E+01	5.568179E+03
4.84	-1.199288E+06	2.238800E+02	5.628208E+01	5.568179E+03
4.845	-1.199288E+06	2.264632E+02	5.689403E+01	5.568179E+03
4.85	-1.199288E+06	2.221467E+02	5.686009E+01	5.568179E+03
4.855	-1.199288E+06	2.013235E+02	5.635531E+01	5.568179E+03
4.86	-1.199288E+06	2.027932E+02	5.544243E+01	5.568179E+03
4.865	-1.199288E+06	2.116449E+02	5.497840E+01	5.568179E+03
4.87	-1.199288E+06	2.118447E+02	5.450656E+01	5.568179E+03
4.875	-1.199288E+06	2.044904E+02	5.387567E+01	5.568179E+03
4.88	-1.199288E+06	2.203199E+02	5.353598E+01	5.568179E+03
4.885	-1.199288E+06	2.270399E+02	5.365781E+01	5.568179E+03
4.89	-1.199288E+06	2.304037E+02	5.391940E+01	5.568179E+03
4.895	-1.199288E+06	2.346839E+02	5.415824E+01	5.568179E+03
4.9	-1.199288E+06	2.261264E+02	5.416921E+01	5.568179E+03
4.905	-1.199288E+06	2.343829E+02	5.360832E+01	5.568179E+03
4.91	-1.199288E+06	2.254224E+02	5.331331E+01	5.568179E+03
4.915	-1.199288E+06	2.239530E+02	5.346573E+01	5.568179E+03
4.92	-1.199288E+06	2.210527E+02	5.390158E+01	5.568179E+03
4.925	-1.199288E+06	2.191354E+02	5.426555E+01	5.568179E+03
4.93	-1.199288E+06	2.317489E+02	5.431731E+01	5.568179E+03
4.935	-1.199288E+06	2.332758E+02	5.443779E+01	5.568179E+03
4.94	-1.199288E+06	2.406248E+02	5.468307E+01	5.568179E+03
4.945	-1.199288E+06	2.300315E+02	5.495212E+01	5.568179E+03
4.95	-1.199288E+06	2.325201E+02	5.490226E+01	5.568179E+03
4.955	-1.199288E+06	2.353424E+02	5.484258E+01	5.568179E+03
4.96	-1.199287E+06	2.322022E+02	5.474468E+01	5.568179E+03
4.965	-1.199288E+06	2.473948E+02	5.472684E+01	5.568179E+03
4.97	-1.199288E+06	2.491285E+02	5.489095E+01	5.568179E+03
4.975	-1.199288E+06	2.397765E+02	5.471405E+01	5.568179E+03
4.98	-1.199287E+06	2.333143E+02	5.466482E+01	5.568179E+03
4.985	-1.199288E+06	2.367226E+02	5.467573E+01	5.568179E+03
4.99	-1.199288E+06	2.356065E+02	5.433536E+01	5.568179E+03
4.995	-1.199287E+06	2.324822E+02	5.430030E+01	5.568179E+03
5.0	-1.199288E+06	2.466157E+02	5.464811E+01	5.568179E+03
5.005	-1.199287E+06	2.424964E+02	5.506600E+01	5.568179E+03
5.01	-1.199288E+06	2.427685E+02	5.555259E+01	5.568179E+03
5.015	-1.199288E+06	2.445603E+02	5.594122E+01	5.568179E+03
5.02	-1.199287E+06	2.427507E+02	5.572185E+01	5.568179E+03
5.025	-1.199288E+06	2.563234E+02	5.551293E+01	5.568179E+03
5.03	-1.199287E+06	2.550840E+02	5.568420E+01	5.568179E+03
5.035	-1.199287E+06	2.624302E+02	5.529493E+01	5.568179E+03
5.04	-1.199288E+06	2.749892E+02	5.466256E+01	5.568179E+03
5.045	-1.199287E+06	2.601085E+02	5.398130E+01	5.568179E+03
5.05	-1.199287E+06	2.604571E+02	5.311304E+01	5.568179E+03
5.055	-1.199287E+06	2.614470E+02	5.310954E+01	5.568179E+03
5.06	-1.199287E+06	2.534828E+02	5.345777E+01	5.568179E+03
5.065	-1.199287E+06	2.576476E+02	5.374470E+01	5.568179E+03
5.07	-1.199287E+06	2.634494E+02	5.412979E+01	5.568179E+03
5.075	-1.199287E+06	2.576115E+02	5.437386E+01	5.568179E+03
5.08	-1.199287E+06	2.499769E+02	5.514258E+01	5.568179E+03
5.085	-1.199287E+06	2.543508E+02	5.601021E+01	5.568179E+03
5.09	-1.199287E+06	2.567726E+02	5.645794E+01	5.568179E+03
5.095	-1.199287E+06	2.732211E+02	5.641409E+01	5.568179E+03
5.1	-1.199287E+06	2.761290E+02	5.563811E+01	5.568179E+03
5.105	-1.199287E+06	2.564492E+02	5.501746E+01	5.568179E+03
5.11	-1.199287E+06	2.481056E+02	5.518364E+01	5.568179E+03
5.115	-1.199287E+06	2.636516E+02	5.545071E+01	5.568179E+03
5.12	-1.199287E+06	2.800747E+02	5.569040E+01	5.568179E+03
5.125	-1.199287E+06	2.786573E+02	5.533897E+01	5.568179E+03
5.13	-1.199287E+06	2.777340E+02	5.430194E+01	5.568179E+03
5.135	-1.199287E+06	2.758637E+02	5.369946E+01	5.568179E+03
5.14	-1.199287E+06	2.752790E+02	5.361578E+01	5.568179E+03
5.145	-1.199287E+06	2.832917E+02	5.374888E+01	5.568179E+03
5.15	-1.199287E+06	2.857872E+02	5.412840E+01	5.568179E+03
5.155	-1.199287E+06	2.886191E+02	5.484970E+01	5.568179E+03
5.16	-1.199287E+06	2.922875E+02	5.607337E+01	5.568179E+03
5.165	-1.199287E+06	3.069637E+02	5.723995E+01	5.568179E+03
5.17	-1.199287E+06	3.018626E+02	5.791461E+01	5.568179E+03
5.175	-1.199287E+06	2.960093E+02	5.785926E+01	5.568179E+03
5.18	-1.199287E+06	2.936954E+02	5.764616E+01	5.568179E+03
5.185	-1.199286E+06	2.934467E+02	5.739002E+01	5.568179E+03
5.19	-1.199287E+06	3.063690E+02	5.670073E+01	5.568179E+03
5.195	-1.199286E+06	2.737227E+02	5.629746E+01	5.568179E+03
5.2	-1.199286E+06	2.710479E+02	5.554542E+01	5.568179E+03
5.205	-1.199287E+06	2.969793E+02	5.430200E+01	5.568179E+03
5.21	-1.199286E+06	2.996069E+02	5.323205E+01	5.568179E+03
5.215	-1.199287E+06	3.027386E+02	5.246576E+01	5.568179E+03
5.22	-1.199286E+06	2.989231E+02	5.229852E+01	5.568179E+03
5.225	-1.199286E+06	3.006685E+02	5.243608E+01	5.568179E+03
5.23	-1.199286E+06	3.152202E+02	5.212795E+01	5.568179E+03
5.235	-1.199286E+06	3.111372E+02	5.213689E+01	5.568179E+03
5.24	-1.199286E+06	2.964147E+02	5.291918E+01	5.568179E+03
5.245	-1.199286E+06	3.060483E+02	5.346959E+01	5.568179E+03
5.25	-1.199286E+06	3.026670E+02	5.414562E+01	5.568179E+03
5.255	-1.199286E+06	2.980024E+02	5.498545E+01	5.568179E+03
5.26	-1.199287E+06	3.231190E+02	5.537742E+01	5.568179E+03
5.265	-1.199286E+06	3.067556E+02	5.604552E+01	5.568179E+03
5.27	-1.199286E+06	3.044686E+02	5.654150E+01	5.568179E+03
5.275	-1.199286E+06	3.226033E+02	5.706112E+01	5.568179E+03
5.28	-1.199286E+06	3.097859E+02	5.792346E+01	5.568179E+03
5.285	-1.199286E+06	3.259261E+02	5.765426E+01	5.568179E+03
5.29	-1.199286E+06	3.365144E+02	5.644453E+01	5.568179E+03
5.295	-1.199286E+06	3.326785E+02	5.493453E+01	5.568179E+03
5.3	-1.199286E+06	3.348710E+02	5.332969E+01	5.568179E+03
5.305	-1.199286E+06	3.348456E+02	5.223348E+01	5.568179E+03
5.31	-1.199286E+06	3.251810E+02	5.198464E+01	5.568179E+03
5.315	-1.199286E+06	3.312619E+02	5.193263E+01	5.568179E+03
5.32	-1.199286E+06	3.460177E+02	5.165925E+01	5.568179E+03
5.325	-1.199285E+06	3.235970E+02	5.187426E+01	5.568179E+03
5.33	-1.199286E+06	3.371942E+02	5.214401E+01	5.568179E+03
5.335	-1.199286E+06	3.344598E+02	5.279976E+01	5.568179E+03
5.34	-1.199285E+06	3.223326E+02	5.356773E+01	5.568179E+03
5.345	-1.199286E+06	3.426617E+02	5.376030E+01	5.568179E+03
5.35	-1.199286E+06	3.377846E+02	5.419581E+01	5.568179E+03
5.355	-1.199286E+06	3.399255E+02	5.494780E+01	5.568179E+03
5.36	-1.199286E+06	3.612239E+02	5.549430E+01	5.568179E+03
5.365	-1.199286E+06	3.691467E+02	5.569493E+01	5.568179E+03
5.37	-1.199286E+06	3.725755E+02	5.535977E+01	5.568179E+03
5.375	-1.199285E+06	3.585788E+02	5.472788E+01	5.568179E+03
5.38	-1.199285E+06	3.567110E+02	5.431153E+01	5.568179E+03
5.385	-1.199286E+06	3.722497E+02	5.411089E+01	5.568179E+03
5.39	-1.199285E+06	3.387348E+02	5.361866E+01	5.568179E+03
5.395	-1.199285E+06	3.387425E+02	5.259000E+01	5.568179E+03
5.4	-1.199286E+06	3.560724E+02	5.202074E+01	5.568179E+03
5.405	-1.199285E+06	3.565864E+02	5.209089E+01	5.568179E+03
5.41	-1.199286E+06	3.634097E+02	5.268179E+01	5.568179E+03
5.415	-1.199285E+06	3.644437E+02	5.333030E+01	5.568179E+03
5.42	-1.199286E+06	3.667308E+02	5.348236E+01	5.568179E+03
5.425	-1.199285E+06	3.702290E+02	5.339886E+01	5.568179E+03
5.43	-1.199286E+06	3.893502E+02	5.336132E+01	5.568179E+03
5.435	-1.199286E+06	3.903358E+02	5.348020E+01	5.568179E+03
5.44	-1.199285E+06	3.776361E+02	5.315776E+01	5.568179E+03
5.445	-1.199286E+06	3.843316E+02	5.209092E+01	5.568179E+03
5.45	-1.199285E+06	3.538844E+02	5.093515E+01	5.568179E+03
5.455	-1.199286E+06	3.646925E+02	4.945344E+01	5.568179E+03
5.46	-1.199285E+06	3.629380E+02	4.887082E+01	5.568179E+03
5.465	-1.199285E+06	3.584764E+02	4.918523E+01	5.568179E+03
5.47	-1.199286E+06	3.900532E+02	5.003051E+01	5.568179E+03
5.475	-1.199285E+06	3.886661E+02	5.154433E+01	5.568179E+03
5.48	-1.199286E+06	4.151736E+02	5.243239E+01	5.568179E+03
5.485	-1.199285E+06	4.085781E+02	5.367205E+01	5.568179E+03
5.49	-1.199285E+06	4.068289E+02	5.489519E+01	5.568179E+03
5.495	-1.199285E+06	4.010457E+02	5.534223E+01	5.568179E+03
5.5	-1.199284E+06	3.635872E+02	5.512907E+01	5.568179E+03
5.505	-1.199285E+06	3.880004E+02	5.360367E+01	5.568179E+03
5.51	-1.199285E+06	4.076038E+02	5.156726E+01	5.568179E+03
5.515	-1.199285E+06	4.181097E+02	4.954548E+01	5.568179E+03
5.52	-1.199285E+06	4.135983E+02	4.825825E+01	5.568179E+03
5.525	-1.199284E+06	3.924386E+02	4.795530E+01	5.568179E+03
5.53	-1.199285E+06	4.094051E+02	4.758542E+01	5.568179E+03
5.535	-1.199285E+06	4.187328E+02	4.725327E+01	5.568179E+03
5.54	-1.199284E+06	4.077864E+02	4.710717E+01	5.568179E+03
5.545	-1.199285E+06	4.071803E+02	4.771812E+01	5.568179E+03
5.55	-1.199284E+06	4.107440E+02	4.949536E+01	5.568179E+03
5.555	-1.199285E+06	4.177265E+02	5.091979E+01	5.568179E+03
5.56	-1.199284E+06	3.980318E+02	5.193970E+01	5.568179E+03
5.565	-1.199284E+06	4.008858E+02	5.301365E+01	5.568179E+03
5.57	-1.199284E+06	4.040567E+02	5.360388E+01	5.568179E+03
5.575	-1.199284E+06	4.120071E+02	5.309564E+01	5.568179E+03
5.58	-1.199284E+06	4.136669E+02	5.279637E+01	5.568179E+03
5.585	-1.199284E+06	4.184671E+02	5.210730E+01	5.568179E+03
5.59	-1.199285E+06	4.341948E+02	5.049311E+01	5.568179E+03
5.595	-1.199284E+06	4.200056E+02	4.947344E+01	5.568179E+03
5.6	-1.199284E+06	4.201468E+02	4.859873E+01	5.568179E+03
5.605	-1.199285E+06	4.594315E+02	4.745309E+01	5.568179E+03
5.61	-1.199284E+06	4.460548E+02	4.661402E+01	5.568179E+03
5.615	-1.199284E+06	4.191189E+02	4.574710E+01	5.568179E+03
5.62	-1.199284E+06	4.324207E+02	4.573868E+01	5.568179E+03
5.625	-1.199284E+06	4.404011E+02	4.675764E+01	5.568179E+03
5.63	-1.199284E+06	4.504080E+02	4.784295E+01	5.568179E+03
5.635	-1.199284E+06	4.622426E+02	4.909135E+01	5.568179E+03
5.64	-1.199284E+06	4.447553E+02	5.007017E+01	5.568179E+03
5.645	-1.199283E+06	4.287062E+02	5.054896E+01	5.568179E+03
5.65	-1.199284E+06	4.355869E+02	5.051429E+01	5.568179E+03
5.655	-1.199283E+06	4.303747E+02	5.090580E+01	5.568179E+03
5.66	-1.199284E+06	4.583534E+02	5.136990E+01	5.568179E+03
5.665	-1.199284E+06	4.671227E+02	5.100438E+01	5.568179E+03
5.67	-1.199284E+06	4.536219E+02	5.067335E+01	5.568179E+03
5.675	-1.199283E+06	4.611215E+02	5.053654E+01	5.568179E+03
5.68	-1.199284E+06	4.855296E+02	4.999268E+01	5.568179E+03
5.685	-1.199283E+06	4.754826E+02	5.034147E+01	5.568179E+03
5.69	-1.199283E+06	4.749911E+02	5.078108E+01	5.568179E+03
5.695	-1.199285E+06	4.955041E+02	5.062354E+01	5.568179E+03
5.7	-1.199282E+06	4.445984E+02	5.116600E+01	5.568179E+03
5.705	-1.199284E+06	4.891777E+02	5.070054E+01	5.568179E+03
5.71	-1.199284E+06	5.078914E+02	5.105628E+01	5.568179E+03
5.715	-1.199283E+06	4.585913E+02	5.221185E+01	5.568179E+03
5.72	-1.199283E+06	4.623826E+02	5.224136E+01	5.568179E+03
5.725	-1.199283E+06	4.845790E+02	5.221521E+01	5.568179E+03
5.73	-1.199284E+06	4.944320E+02	5.128329E+01	5.568179E+03
5.735	-1.199283E+06	4.831232E+02	4.917079E+01	5.568179E+03
5.74	-1.199284E+06	5.033852E+02	4.745379E+01	5.568179E+03
5.745	-1.199283E+06	4.824875E+02	4.677338E+01	5.568179E+03
5.75	-1.199282E+06	4.822159E+02	4.561563E+01	5.568179E+03
5.755	-1.199284E+06	5.136641E+02	4.433082E+01	5.568179E+03
5.76	-1.199282E+06	4.584986E+02	4.475588E+01	5.568179E+03
5.765	-1.199283E+06	4.899638E+02	4.497882E+01	5.568179E+03
5.77	-1.199283E+06	4.910985E+02	4.590409E+01	5.568179E+03
5.775	-1.199282E+06	4.646270E+02	4.740013E+01	5.568179E+03
5.78	-1.199283E+06	5.056399E+02	4.773445E+01	5.568179E+03
5.785	-1.199283E+06	5.063561E+02	4.878645E+01	5.568179E+03
5.79	-1.199282E+06	4.989747E+02	5.077577E+01	5.568179E+03
5.795	-1.199283E+06	5.120606E+02	5.251424E+01	5.568179E+03
5.8	-1.199283E+06	5.125735E+02	5.411099E+01	5.568179E+03
5.805	-1.199282E+06	4.941020E+02	5.454261E+01	5.568179E+03
5.81	-1.199283E+06	5.044153E+02	5.284278E+01	5.568179E+03
5.815	-1.199283E+06	5.001619E+02	5.099912E+01	5.568179E+03
5.82	-1.199282E+06	4.829896E+02	4.914364E+01	5.568179E+03
5.825	-1.199283E+06	4.979210E+02	4.690039E+01	5.568179E+03
5.83	-1.199282E+06	4.952579E+02	4.596519E+01	5.568179E+03
5.835	-1.199282E+06	5.057720E+02	4.568504E+01	5.568179E+03
5.84	-1.199283E+06	5.259395E+02	4.529818E+01	5.568179E+03
5.845	-1.199282E+06	5.044197E+02	4.613241E+01	5.568179E+03
5.85	-1.199282E+06	5.190395E+02	4.823550E+01	5.568179E+03
5.855	-1.199283E+06	5.629445E+02	5.099080E+01	5.568179E+03
5.86	-1.199282E+06	5.613907E+02	5.379792E+01	5.568179E+03
5.865	-1.199282E+06	5.472618E+02	5.513818E+01	5.568179E+03
5.87	-1.199282E+06	5.299964E+02	5.467628E+01	5.568179E+03
5.875	-1.199282E+06	5.296554E+02	5.426079E+01	5.568179E+03
5.88	-1.199282E+06	5.377865E+02	5.479164E+01	5.568179E+03
5.885	-1.199282E+06	5.577662E+02	5.447955E+01	5.568179E+03
5.89	-1.199281E+06	5.360108E+02	5.381093E+01	5.568179E+03
5.895	-1.199282E+06	5.562225E+02	5.197621E+01	5.568179E+03
5.9	-1.199282E+06	5.519493E+02	4.953580E+01	5.568179E+03
5.905	-1.199280E+06	5.027485E+02	4.872858E+01	5.568179E+03
5.91	-1.199282E+06	5.415989E+02	4.792281E+01	5.568179E+03
5.915	-1.199282E+06	5.730373E+02	4.708313E+01	5.568179E+03
5.92	-1.199281E+06	5.500219E+02	4.692508E+01	5.568179E+03
5.925	-1.199281E+06	5.577593E+02	4.641079E+01	5.568179E+03
5.93	-1.199281E+06	5.692588E+02	4.710526E+01	5.568179E+03
5.935	-1.199281E+06	5.612725E+02	4.905143E+01	5.568179E+03
5.94	-1.199281E+06	5.531767E+02	4.954397E+01	5.568179E+03
5.945	-1.199281E+06	5.684099E+02	4.877602E+01	5.568179E+03
5.95	-1.199281E+06	5.583260E+02	4.900284E+01	5.568179E+03
5.955	-1.199281E+06	5.682352E+02	4.965728E+01	5.568179E+03
5.96	-1.199281E+06	5.759062E+02	5.034442E+01	5.568179E+03
5.965	-1.199280E+06	5.568257E+02	5.127045E+01	5.568179E+03
5.97	-1.199281E+06	5.797088E+02	5.081361E+01	5.568179E+03
5.975	-1.199281E+06	5.771998E+02	4.960739E+01	5.568179E+03
5.98	-1.199280E+06	5.599593E+02	4.957341E+01	5.568179E+03
5.985	-1.199281E+06	6.093438E+02	4.883211E+01	5.568179E+03
5.99	-1.199281E+06	6.197996E+02	4.724475E+01	5.568179E+03
5.995	-1.199280E+06	5.670811E+02	4.595127E+01	5.568179E+03
6.0	-1.199281E+06	5.671207E+02	4.379133E+01	5.568179E+03
6.005	-1.199281E+06	5.727626E+02	4.232578E+01	5.568179E+03
6.01	-1.199280E+06	5.515753E+02	4.265946E+01	5.568179E+03
6.015	-1.199281E+06	5.885694E+02	4.333716E+01	5.568179E+03
6.02	-1.199281E+06	6.052327E+02	4.520630E+01	5.568179E+03
6.025	-1.199280E+06	5.842141E+02	4.790601E+01	5.568179E+03
6.03	-1.199280E+06	5.891115E+02	4.960548E+01	5.568179E+03
6.035	-1.199281E+06	6.072187E+02	5.056466E+01	5.568179E+03
6.04	-1.199280E+06	5.857999E+02	5.083251E+01	5.568179E+03
6.045	-1.199280E+06	5.803764E+02	4.931117E+01	5.568179E+03
6.05	-1.199280E+06	5.812021E+02	4.728671E+01	5.568179E+03
6.055	-1.199280E+06	5.890788E+02	4.553596E+01	5.568179E+03
6.06	-1.199281E+06	6.208763E+02	4.312105E+01	5.568179E+03
6.065	-1.199280E+06	5.933716E+02	4.093148E+01	5.568179E+03
6.07	-1.199279E+06	5.739830E+02	4.026828E+01	5.568179E+03
6.075	-1.199281E+06	6.314359E+02	4.096454E+01	5.568179E+03
6.08	-1.199281E+06	6.371059E+02	4.220801E+01	5.568179E+03
6.085	-1.199279E+06	5.900978E+02	4.329123E+01	5.568179E+03
6.09	-1.199280E+06	5.987535E+02	4.372249E+01	5.568179E+03
6.095	-1.199280E+06	6.020752E+02	4.556656E+01	5.568179E+03
6.1	-1.199280E+06	6.121858E+02	4.837494E+01	5.568179E+03
6.105	-1.199279E+06	5.907648E+02	5.006314E+01	5.568179E+03
6.11	-1.199280E+06	6.048633E+02	5.028299E+01	5.568179E+03
6.115	-1.199280E+06	6.276836E+02	4.955602E+01	5.568179E+03
6.12	-1.199280E+06	6.466665E+02	4.780675E+01	5.568179E+03
6.125	-1.199280E+06	6.391566E+02	4.661111E+01	5.568179E+03
6.13	-1.199280E+06	6.123021E+02	4.597228E+01	5.568179E+03
6.135	-1.199280E+06	6.047400E+02	4.538696E+01	5.568179E+03
6.14	-1.199280E+06	6.174899E+02	4.458643E+01	5.568179E+03
6.145	-1.199280E+06	6.258308E+02	4.376794E+01	5.568179E+03
6.15	-1.199280E+06	6.368085E+02	4.425198E+01	5.568179E+03
6.155	-1.199280E+06	6.506915E+02	4.503411E+01	5.568179E+03
6.16	-1.199280E+06	6.222900E+02	4.514516E+01	5.568179E+03
6.165	-1.199279E+06	6.116237E+02	4.456290E+01	5.568179E+03
6.17	-1.199281E+06	6.318721E+02	4.299844E+01	5.568179E+03
6.175	-1.199278E+06	5.856230E+02	4.318780E+01	5.568179E+03
6.18	-1.199280E+06	6.236025E+02	4.478573E+01	5.568179E+03
6.185	-1.199279E+06	6.508866E+02	4.675422E+01	5.568179E+03
6.19	-1.199280E+06	6.733090E+02	4.886330E+01	5.568179E+03
6.195	-1.199280E+06	6.761927E+02	5.049627E+01	5.568179E+03
6.2	-1.199279E+06	6.732604E+02	5.118654E+01	5.568179E+03
6.205	-1.199280E+06	6.743260E+02	5.236801E+01	5.568179E+03
6.21	-1.199279E+06	6.574474E+02	5.273343E+01	5.568179E+03
6.215	-1.199280E+06	6.472386E+02	5.212694E+01	5.568179E+03
6.22	-1.199279E+06	5.979082E+02	5.339875E+01	5.568179E+03
6.225	-1.199279E+06	6.366971E+02	5.442864E+01	5.568179E+03
6.23	-1.199281E+06	6.972658E+02	5.454381E+01	5.568179E+03
6.235	-1.199278E+06	6.446622E+02	5.463775E+01	5.568179E+03
6.24	-1.199280E+06	6.832514E+02	5.296222E+01	5.568179E+03
6.245	-1.199280E+06	6.811717E+02	5.159240E+01	5.568179E+03
6.25	-1.199278E+06	6.322042E+02	5.013694E+01	5.568179E+03
6.255	-1.199280E+06	6.556225E+02	4.781118E+01	5.568179E+03
6.26	-1.199279E+06	6.426194E+02	4.723824E+01	5.568179E+03
6.265	-1.199279E+06	6.469925E+02	4.737964E+01	5.568179E+03
6.27	-1.199280E+06	6.594084E+02	4.729982E+01	5.568179E+03
6.275	-1.199278E+06	6.382283E+02	4.779047E+01	5.568179E+03
6.28	-1.199280E+06	6.706038E+02	4.795173E+01	5.568179E+03
6.285	-1.199279E+06	6.608697E+02	4.720159E+01	5.568179E+03
6.29	-1.199279E+06	6.388400E+02	4.607076E+01	5.568179E+03
6.295	-1.199278E+06	6.212460E+02	4.666022E+01	5.568179E+03
6.3	-1.199279E+06	6.545386E+02	4.706018E+01	5.568179E+03
6.305	-1.199280E+06	6.628440E+02	4.739072E+01	5.568179E+03
6.31	-1.199278E+06	6.498769E+02	4.924868E+01	5.568179E+03
6.315	-1.199280E+06	7.021424E+02	5.102216E+01	5.568179E+03
6.32	-1.199279E+06	6.563237E+02	5.334539E+01	5.568179E+03
6.325	-1.199278E+06	6.348433E+02	5.425078E+01	5.568179E+03
6.33	-1.199280E+06	6.977270E+02	5.335365E+01	5.568179E+03
6.335	-1.199278E+06	6.767648E+02	5.337383E+01	5.568179E+03
6.34	-1.199279E+06	7.056390E+02	5.191698E+01	5.568179E+03
6.345	-1.199280E+06	6.953021E+02	4.956706E+01	5.568179E+03
6.35	-1.199277E+06	6.339689E+02	4.821096E+01	5.568179E+03
6.355	-1.199280E+06	6.703522E+02	4.677151E+01	5.568179E+03
6.36	-1.199278E+06	6.650121E+02	4.574288E+01	5.568179E+03
6.365	-1.199279E+06	6.625391E+02	4.443191E+01	5.568179E+03
6.37	-1.199278E+06	6.317135E+02	4.413905E+01	5.568179E+03
6.375	-1.199279E+06	6.681171E+02	4.473202E+01	5.568179E+03
6.38	-1.199280E+06	6.986443E+02	4.651689E+01	5.568179E+03
6.385	-1.199277E+06	6.459439E+02	4.901541E+01	5.568179E+03
6.39	-1.199280E+06	7.033775E+02	4.930760E+01	5.568179E+03
6.395	-1.199279E+06	6.728576E+02	5.013813E+01	5.568179E+03
6.4	-1.199278E+06	6.580821E+02	5.145495E+01	5.568179E+03
6.405	-1.199280E+06	6.889067E+02	5.274776E+01	5.568179E+03
6.41	-1.199278E+06	6.461421E+02	5.420153E+01	5.568179E+03
6.415	-1.199279E+06	6.696845E+02	5.388891E+01	5.568179E+03
6.42	-1.199278E+06	6.677007E+02	5.345769E+01	5.568179E+03
6.425	-1.199279E+06	6.937079E+02	5.234523E+01	5.568179E+03
6.43	-1.199279E+06	6.919827E+02	5.043703E+01	5.568179E+03
6.435	-1.199278E+06	6.515069E+02	4.877625E+01	5.568179E+03
6.44	-1.199280E+06	6.715044E+02	4.706014E+01	5.568179E+03
6.445	-1.199278E+06	6.350971E+02	4.633646E+01	5.568179E+03
6.45	-1.199279E+06	6.743971E+02	4.552511E+01	5.568179E+03
6.455	-1.199279E+06	7.048587E+02	4.530432E+01	5.568179E+03
6.46	-1.199279E+06	6.884694E+02	4.551401E+01	5.568179E+03
6.465	-1.199279E+06	6.712215E+02	4.498221E+01	5.568179E+03
6.47	-1.199278E+06	6.517961E+02	4.485445E+01	5.568179E+03
6.475	-1.199279E+06	6.680267E+02	4.577845E+01	5.568179E+03
6.48	-1.199279E+06	6.740730E+02	4.738339E+01	5.568179E+03
6.485	-1.199279E+06	6.769083E+02	5.006587E+01	5.568179E+03
6.49	-1.199279E+06	6.738484E+02	5.273209E+01	5.568179E+03
6.495	-1.199279E+06	6.455536E+02	5.460812E+01	5.568179E+03
6.5	-1.199279E+06	6.463549E+02	5.545765E+01	5.568179E+03
6.505	-1.199279E+06	6.858651E+02	5.514395E+01	5.568179E+03
6.51	-1.199279E+06	7.310728E+02	5.483965E+01	5.568179E+03
6.515	-1.199279E+06	7.179789E+02	5.421806E+01	5.568179E+03
6.52	-1.199278E+06	6.778802E+02	5.261895E+01	5.568179E+03
6.525	-1.199279E+06	6.935226E+02	5.077414E+01	5.568179E+03
6.53	-1.199279E+06	7.211501E+02	4.928869E+01	5.568179E+03
6.535	-1.199279E+06	6.959931E+02	4.943077E+01	5.568179E+03
6.54	-1.199279E+06	6.790803E+02	5.027130E+01	5.568179E+03
6.545	-1.199279E+06	6.693599E+02	5.097483E+01	5.568179E+03
6.55	-1.199279E+06	6.802745E+02	5.136234E+01	5.568179E+03
6.555	-1.199280E+06	7.051756E+02	5.078006E+01	5.568179E+03
6.56	-1.199278E+06	6.654860E+02	5.031558E+01	5.568179E+03
6.565	-1.199279E+06	6.874797E+02	4.984023E+01	5.568179E+03
6.57	-1.199280E+06	7.082726E+02	5.035327E+01	5.568179E+03
6.575	-1.199278E+06	6.660958E+02	5.189709E+01	5.568179E+03
6.58	-1.199279E+06	6.854335E+02	5.290425E+01	5.568179E+03
6.585	-1.199279E+06	6.842606E+02	5.376897E+01	5.568179E+03
6.59	-1.199279E+06	6.698161E+02	5.403400E+01	5.568179E+03
6.595	-1.199279E+06	6.796053E+02	5.361355E+01	5.568179E+03
6.6	-1.199279E+06	6.917561E+02	5.220421E+01	5.568179E+03
6.605	-1.199280E+06	7.183067E+02	4.986457E+01	5.568179E+03
6.61	-1.199279E+06	7.018350E+02	4.765266E+01	5.568179E+03
6.615	-1.199279E+06	6.909775E+02	4.492303E+01	5.568179E+03
6.62	-1.199280E+06	6.673947E+02	4.311450E+01	5.568179E+03
6.625	-1.199278E+06	6.239790E+02	4.338733E+01	5.568179E+03
6.63	-1.199280E+06	6.635141E+02	4.491677E+01	5.568179E+03
6.635	-1.199279E+06	6.819553E+02	4.725939E+01	5.568179E+03
6.64	-1.199279E+06	6.657414E+02	4.856876E+01	5.568179E+03
6.645	-1.199280E+06	6.678156E+02	4.917692E+01	5.568179E+03
6.65	-1.199278E+06	6.029863E+02	5.043480E+01	5.568179E+03
6.655	-1.199279E+06	6.182934E+02	5.076782E+01	5.568179E+03
6.66	-1.199280E+06	6.768524E+02	5.151816E+01	5.568179E+03
6.665	-1.199279E+06	6.748023E+02	5.180803E+01	5.568179E+03
6.67	-1.199279E+06	6.818439E+02	5.009439E+01	5.568179E+03
6.675	-1.199279E+06	6.655456E+02	4.909551E+01	5.568179E+03
6.68	-1.199279E+06	6.502240E+02	4.852784E+01	5.568179E+03
6.685	-1.199279E+06	6.544896E+02	4.819606E+01	5.568179E+03
6.69	-1.199279E+06	6.596608E+02	4.806633E+01	5.568179E+03
6.695	-1.199280E+06	6.583728E+02	4.712942E+01	5.568179E+03
6.7	-1.199279E+06	6.268585E+02	4.735420E+01	5.568179E+03
6.705	-1.199279E+06	6.556411E+02	4.900427E+01	5.568179E+03
6.71	-1.199280E+06	6.762572E+02	5.085982E+01	5.568179E+03
6.715	-1.199279E+06	6.613131E+02	5.166480E+01	5.568179E+03
6.72	-1.199280E+06	6.691424E+02	5.034802E+01	5.568179E+03
6.725	-1.199278E+06	6.421851E+02	4.924759E+01	5.568179E+03
6.73	-1.199280E+06	6.820232E+02	4.890340E+01	5.568179E+03
6.735	-1.199279E+06	6.663912E+02	4.962978E+01	5.568179E+03
6.74	-1.199279E+06	6.587740E+02	5.100261E+01	5.568179E+03
6.745	-1.199281E+06	7.051733E+02	5.210462E+01	5.568179E+03
6.75	-1.199280E+06	6.826242E+02	5.289670E+01	5.568179E+03
6.755	-1.199279E+06	6.603315E+02	5.316019E+01	5.568179E+03
6.76	-1.199279E+06	6.643383E+02	5.358755E+01	5.568179E+03
6.765	-1.199280E+06	6.737714E+02	5.409890E+01	5.568179E+03
6.77	-1.199279E+06	6.483901E+02	5.411489E+01	5.568179E+03
6.775	-1.199279E+06	6.471622E+02	5.376411E+01	5.568179E+03
6.78	-1.199281E+06	6.905570E+02	5.296852E+01	5.568179E+03
6.785	-1.199279E+06	6.588568E+02	5.263953E+01	5.568179E+03
6.79	-1.199280E+06	6.660546E+02	5.269999E+01	5.568179E+03
6.795	-1.199280E+06	6.787013E+02	5.251608E+01	5.568179E+03
6.8	-1.199280E+06	6.547124E+02	5.174121E+01	5.568179E+03
6.805	-1.199280E+06	6.515732E+02	5.051317E+01	5.568179E+03
6.81	-1.199280E+06	6.395915E+02	4.907018E+01	5.568179E+03
6.815	-1.199280E+06	6.063354E+02	4.848237E+01	5.568179E+03
6.82	-1.199279E+06	5.818492E+02	4.882142E+01	5.568179E+03
6.825	-1.199280E+06	6.229085E+02	4.908617E+01	5.568179E+03
6.83	-1.199280E+06	6.500933E+02	4.996467E+01	5.568179E+03
6.835	-1.199280E+06	6.423291E+02	4.963114E+01	5.568179E+03
6.84	-1.199280E+06	6.284574E+02	4.837622E+01	5.568179E+03
6.845	-1.199279E+06	5.917527E+02	4.959025E+01	5.568179E+03
6.85	-1.199280E+06	6.167803E+02	5.101425E+01	5.568179E+03
6.855	-1.199280E+06	6.591181E+02	5.173718E+01	5.568179E+03
6.86	-1.199280E+06	6.556634E+02	5.295295E+01	5.568179E+03
6.865	-1.199280E+06	6.420674E+02	5.330656E+01	5.568179E+03
6.87	-1.199280E+06	6.275332E+02	5.397963E+01	5.568179E+03
6.875	-1.199279E+06	6.029712E+02	5.565401E+01	5.568179E+03
6.88	-1.199280E+06	6.350281E+02	5.604849E+01	5.568179E+03
6.885	-1.199280E+06	6.406000E+02	5.538837E+01	5.568179E+03
6.89	-1.199280E+06	6.105381E+02	5.327399E+01	5.568179E+03
6.895	-1.199280E+06	6.069642E+02	5.082791E+01	5.568179E+03
6.9	-1.199280E+06	6.005702E+02	4.923186E+01	5.568179E+03
6.905	-1.199280E+06	6.152855E+02	4.741803E+01	5.568179E+03
6.91	-1.199280E+06	6.378082E+02	4.653758E+01	5.568179E+03
6.915	-1.199281E+06	6.341314E+02	4.672582E+01	5.568179E+03
6.92	-1.199280E+06	6.136314E+02	4.768589E+01	5.568179E+03
6.925	-1.199281E+06	6.370605E+02	4.927037E+01	5.568179E+03
6.93	-1.199281E+06	6.271925E+02	5.098552E+01	5.568179E+03
6.935	-1.199280E+06	5.916254E+02	5.217841E+01	5.568179E+03
6.94	-1.199281E+06	6.140766E+02	5.194738E+01	5.568179E+03
6.945	-1.199280E+06	6.051707E+02	5.077069E+01	5.568179E+03
6.95	-1.199280E+06	5.918666E+02	4.992208E+01	5.568179E+03
6.955	-1.199281E+06	5.757151E+02	4.996347E+01	5.568179E+03
6.96	-1.199280E+06	5.605069E+02	5.040612E+01	5.568179E+03
6.965	-1.199281E+06	6.007144E+02	5.077661E+01	5.568179E+03
6.97	-1.199280E+06	5.897623E+02	5.057014E+01	5.568179E+03
6.975	-1.199281E+06	5.762121E+02	4.986084E+01	5.568179E+03
6.98	-1.199280E+06	5.685428E+02	5.056536E+01	5.568179E+03
6.985	-1.199281E+06	6.001986E+02	5.131723E+01	5.568179E+03
6.99	-1.199280E+06	5.850070E+02	5.182194E+01	5.568179E+03
6.995	-1.199281E+06	5.954731E+02	5.079834E+01	5.568179E+03
7.0	-1.199281E+06	5.979251E+02	4.881996E+01	5.568179E+03
7.005	-1.199280E+06	5.811461E+02	4.767073E+01	5.568179E+03
7.01	-1.199282E+06	6.073796E+02	4.694889E+01	5.568179E+03
7.015	-1.199281E+06	5.935707E+02	4.648103E+01	5.568179E+03
7.02	-1.199281E+06	5.841172E+02	4.599436E+01	5.568179E+03
7.025	-1.199281E+06	5.626242E+02	4.634367E+01	5.568179E+03
7.03	-1.199281E+06	5.717327E+02	4.669413E+01	5.568179E+03
7.035	-1.199282E+06	6.099238E+02	4.777823E+01	5.568179E+03
7.04	-1.199281E+06	6.041516E+02	4.983604E+01	5.568179E+03
7.045	-1.199281E+06	6.015825E+02	5.084420E+01	5.568179E+03
7.05	-1.199282E+06	5.822789E+02	5.242102E+01	5.568179E+03
7.055	-1.199280E+06	5.536784E+02	5.388758E+01	5.568179E+03
7.06	-1.199282E+06	5.773810E+02	5.368277E+01	5.568179E+03
7.065	-1.199281E+06	5.443647E+02	5.401772E+01	5.568179E+03
7.07	-1.199281E+06	5.658361E+02	5.301100E+01	5.568179E+03
7.075	-1.199282E+06	5.871590E+02	5.147406E+01	5.568179E+03
7.08	-1.199280E+06	5.552407E+02	5.109022E+01	5.568179E+03
7.085	-1.199282E+06	5.942284E+02	4.947831E+01	5.568179E+03
7.09	-1.199282E+06	5.677161E+02	4.808459E+01	5.568179E+03
7.095	-1.199281E+06	5.292233E+02	4.803500E+01	5.568179E+03
7.1	-1.199282E+06	5.643551E+02	4.764435E+01	5.568179E+03
7.105	-1.199282E+06	5.663492E+02	4.716571E+01	5.568179E+03
7.11	-1.199282E+06	5.463285E+02	4.745468E+01	5.568179E+03
7.115	-1.199281E+06	5.359047E+02	4.784737E+01	5.568179E+03
7.12	-1.199282E+06	5.447035E+02	4.789957E+01	5.568179E+03
7.125	-1.199281E+06	5.056237E+02	4.878246E+01	5.568179E+03
7.13	-1.199281E+06	5.046923E+02	4.983641E+01	5.568179E+03
7.135	-1.199283E+06	5.652569E+02	5.098003E+01	5.568179E+03
7.14	-1.199282E+06	5.622858E+02	5.243648E+01	5.568179E+03
7.145	-1.199281E+06	5.501951E+02	5.253550E+01	5.568179E+03
7.15	-1.199283E+06	5.587460E+02	5.216303E+01	5.568179E+03
7.155	-1.199281E+06	5.080996E+02	5.194706E+01	5.568179E+03
7.16	-1.199282E+06	5.267354E+02	5.003901E+01	5.568179E+03
7.165	-1.199282E+06	5.347728E+02	4.940127E+01	5.568179E+03
7.17	-1.199282E+06	5.318284E+02	4.966568E+01	5.568179E+03
7.175	-1.199283E+06	5.475549E+02	4.906615E+01	5.568179E+03
7.18	-1.199281E+06	5.154537E+02	4.966392E+01	5.568179E+03
7.185	-1.199282E+06	5.467464E+02	5.020435E+01	5.568179E+03
7.19	-1.199283E+06	5.554049E+02	4.980936E+01	5.568179E+03
7.195	-1.199281E+06	4.983872E+02	4.988743E+01	5.568179E+03
7.2	-1.199282E+06	5.032532E+02	5.024659E+01	5.568179E+03
7.205	-1.199282E+06	5.156256E+02	5.089884E+01	5.568179E+03
7.21	-1.199282E+06	5.095673E+02	5.209477E+01	5.568179E+03
7.215	-1.199282E+06	5.057340E+02	5.264198E+01	5.568179E+03
7.22	-1.199283E+06	5.078482E+02	5.225299E+01	5.568179E+03
7.225	-1.199282E+06	4.828652E+02	5.249437E+01	5.568179E+03
7.23	-1.199282E+06	4.790891E+02	5.247705E+01	5.568179E+03
7.235	-1.199283E+06	4.963196E+02	5.221263E+01	5.568179E+03
7.24	-1.199282E+06	4.784993E+02	5.270956E+01	5.568179E+03
7.245	-1.199283E+06	4.896370E+02	5.224127E+01	5.568179E+03
7.25	-1.199283E+06	5.006520E+02	5.109821E+01	5.568179E+03
7.255	-1.199282E+06	4.779736E+02	5.057566E+01	5.568179E+03
7.26	-1.199283E+06	4.960167E+02	5.004872E+01	5.568179E+03
7.265	-1.199282E+06	4.943447E+02	5.033487E+01	5.568179E+03
7.27	-1.199283E+06	5.076505E+02	5.078716E+01	5.568179E+03
7.275	-1.199283E+06	4.992173E+02	5.106434E+01	5.568179E+03
7.28	-1.199282E+06	4.708470E+02	5.162982E+01	5.568179E+03
7.285	-1.199283E+06	4.821373E+02	5.248216E+01	5.568179E+03
7.29	-1.199283E+06	4.911021E+02	5.289459E+01	5.568179E+03
7.295	-1.199283E+06	4.886827E+02	5.214891E+01	5.568179E+03
7.3	-1.199283E+06	4.884750E+02	5.128003E+01	5.568179E+03
7.305	-1.199283E+06	4.916693E+02	5.023392E+01	5.568179E+03
7.31	-1.199283E+06	4.664523E+02	4.871057E+01	5.568179E+03
7.315	-1.199283E+06	4.535416E+02	4.744941E+01	5.568179E+03
7.32	-1.199283E+06	4.670931E+02	4.690910E+01	5.568179E+03
7.325	-1.199283E+06	4.639045E+02	4.723312E+01	5.568179E+03
7.33	-1.199283E+06	4.467895E+02	4.782480E+01	5.568179E+03
7.335	-1.199284E+06	4.735088E+02	4.832119E+01	5.568179E+03
7.34	-1.199284E+06	4.770879E+02	5.008246E+01	5.568179E+03
7.345	-1.199283E+06	4.463047E+02	5.215591E+01	5.568179E+03
7.35	-1.199284E+06	4.641538E+02	5.325355E+01	5.568179E+03
7.355	-1.199283E+06	4.615005E+02	5.448995E+01	5.568179E+03
7.36	-1.199283E+06	4.701760E+02	5.506261E+01	5.568179E+03
7.365	-1.199284E+06	5.009919E+02	5.453155E+01	5.568179E+03
7.37	-1.199283E+06	4.627867E+02	5.342543E+01	5.568179E+03
7.375	-1.199283E+06	4.551605E+02	5.097456E+01	5.568179E+03
7.38	-1.199284E+06	4.618300E+02	4.828438E+01	5.568179E+03
7.385	-1.199283E+06	4.398271E+02	4.677020E+01	5.568179E+03
7.39	-1.199284E+06	4.531013E+02	4.658361E+01	5.568179E+03
7.395	-1.199284E+06	4.626548E+02	4.722788E+01	5.568179E+03
7.4	-1.199284E+06	4.537903E+02	4.812063E+01	5.568179E+03
7.405	-1.199283E+06	4.395617E+02	4.922704E+01	5.568179E+03
7.41	-1.199284E+06	4.305307E+02	4.985508E+01	5.568179E+03
7.415	-1.199283E+06	4.027379E+02	5.074343E+01	5.568179E+03
7.42	-1.199284E+06	4.261587E+02	5.144262E+01	5.568179E+03
7.425	-1.199284E+06	4.556437E+02	5.124816E+01	5.568179E+03
7.43	-1.199283E+06	4.216444E+02	5.101965E+01	5.568179E+03
7.435	-1.199284E+06	4.167987E+02	5.007665E+01	5.568179E+03
7.44	-1.199284E+06	4.237588E+02	4.895605E+01	5.568179E+03
7.445	-1.199283E+06	4.008967E+02	4.872945E+01	5.568179E+03
7.45	-1.199284E+06	4.093351E+02	4.828313E+01	5.568179E+03
7.455	-1.199284E+06	4.155315E+02	4.752849E+01	5.568179E+03
7.46	-1.199284E+06	4.116131E+02	4.614389E+01	5.568179E+03
7.465	-1.199284E+06	4.094269E+02	4.464931E+01	5.568179E+03
7.47	-1.199284E+06	4.047843E+02	4.453168E+01	5.568179E+03
7.475	-1.199284E+06	4.029516E+02	4.557876E+01	5.568179E+03
7.48	-1.199284E+06	4.028550E+02	4.698310E+01	5.568179E+03
7.485	-1.199284E+06	4.111842E+02	4.818334E+01	5.568179E+03
7.49	-1.199284E+06	4.166433E+02	4.922337E+01	5.568179E+03
7.495	-1.199284E+06	4.139642E+02	5.038235E+01	5.568179E+03
7.5	-1.199285E+06	4.149113E+02	5.142654E+01	5.568179E+03
7.505	-1.199284E+06	4.009249E+02	5.272176E+01	5.568179E+03
7.51	-1.199284E+06	3.975988E+02	5.393934E+01	5.568179E+03
7.515	-1.199285E+06	4.098263E+02	5.393771E+01	5.568179E+03
7.52	-1.199284E+06	3.949917E+02	5.325455E+01	5.568179E+03
7.525	-1.199285E+06	3.936438E+02	5.230250E+01	5.568179E+03
7.53	-1.199285E+06	3.869956E+02	5.128055E+01	5.568179E+03
7.535	-1.199284E+06	3.766404E+02	5.052660E+01	5.568179E+03
7.54	-1.199285E+06	3.898741E+02	4.976649E+01	5.568179E+03
7.545	-1.199285E+06	3.849317E+02	4.874846E+01	5.568179E+03
7.55	-1.199285E+06	3.817440E+02	4.777071E+01	5.568179E+03
7.555	-1.199285E+06	3.855952E+02	4.763420E+01	5.568179E+03
7.56	-1.199285E+06	3.719179E+02	4.854608E+01	5.568179E+03
7.565	-1.199285E+06	3.767478E+02	4.986857E+01	5.568179E+03
7.57	-1.199285E+06	3.814698E+02	5.162888E+01	5.568179E+03
7.575	-1.199285E+06	3.911607E+02	5.310602E+01	5.568179E+03
7.58	-1.199285E+06	3.978707E+02	5.415506E+01	5.568179E+03
7.585	-1.199285E+06	3.825576E+02	5.513634E+01	5.568179E+03
7.59	-1.199285E+06	3.796831E+02	5.519973E+01	5.568179E+03
7.595	-1.199285E+06	3.733799E+02	5.469038E+01	5.568179E+03
7.6	-1.199285E+06	3.656542E+02	5.390172E+01	5.568179E+03
7.605	-1.199285E+06	3.710117E+02	5.264983E+01	5.568179E+03
7.61	-1.199285E+06	3.759054E+02	5.198558E+01	5.568179E+03
7.615	-1.199285E+06	3.887053E+02	5.163882E+01	5.568179E+03
7.62	-1.199285E+06	3.727563E+02	5.067959E+01	5.568179E+03
7.625	-1.199284E+06	3.433121E+02	4.948521E+01	5.568179E+03
7.63	-1.199286E+06	3.627172E+02	4.901555E+01	5.568179E+03
7.635	-1.199285E+06	3.613589E+02	4.947447E+01	5.568179E+03
7.64	-1.199285E+06	3.595560E+02	4.989575E+01	5.568179E+03
7.645	-1.199285E+06	3.578184E+02	5.040603E+01	5.568179E+03
7.65	-1.199285E+06	3.306097E+02	5.039665E+01	5.568179E+03
7.655	-1.199285E+06	3.412063E+02	5.007285E+01	5.568179E+03
7.66	-1.199286E+06	3.396889E+02	5.078145E+01	5.568179E+03
7.665	-1.199285E+06	3.200941E+02	5.154062E+01	5.568179E+03
7.67	-1.199285E+06	3.283313E+02	5.222037E+01	5.568179E+03
7.675	-1.199285E+06	3.334509E+02	5.310883E+01	5.568179E+03
7.68	-1.199286E+06	3.528335E+02	5.326498E+01	5.568179E+03
7.685	-1.199285E+06	3.468108E+02	5.294244E+01	5.568179E+03
7.69	-1.199285E+06	3.369286E+02	5.258015E+01	5.568179E+03
7.695	-1.199285E+06	3.336204E+02	5.293441E+01	5.568179E+03
7.7	-1.199285E+06	3.356953E+02	5.363256E+01	5.568179E+03
7.705	-1.199286E+06	3.469450E+02	5.401403E+01	5.568179E+03
7.71	-1.199285E+06	3.291964E+02	5.396577E+01	5.568179E+03
7.715	-1.199286E+06	3.275720E+02	5.342822E+01	5.568179E+03
7.72	-1.199286E+06	3.271672E+02	5.357679E+01	5.568179E+03
7.725	-1.199286E+06	3.267888E+02	5.402856E+01	5.568179E+03
7.73	-1.199286E+06	3.375100E+02	5.417237E+01	5.568179E+03
7.735	-1.199286E+06	3.221564E+02	5.427178E+01	5.568179E+03
7.74	-1.199286E+06	3.257470E+02	5.365876E+01	5.568179E+03
7.745	-1.199286E+06	3.211810E+02	5.344426E+01	5.568179E+03
7.75	-1.199286E+06	3.316306E+02	5.356371E+01	5.568179E+03
7.755	-1.199286E+06	3.278715E+02	5.318208E+01	5.568179E+03
7.76	-1.199285E+06	3.043423E+02	5.275486E+01	5.568179E+03
7.765	-1.199286E+06	3.177600E+02	5.159282E+01	5.568179E+03
7.77	-1.199286E+06	3.108924E+02	5.056829E+01	5.568179E+03
7.775	-1.199286E+06	3.132912E+02	5.027676E+01	5.568179E+03
7.78	-1.199286E+06	3.201999E+02	4.984737E+01	5.568179E+03
7.785	-1.199286E+06	3.073287E+02	4.998478E+01	5.568179E+03
7.79	-1.199286E+06	3.074514E+02	5.075476E+01	5.568179E+03
7.795	-1.199286E+06	3.083244E+02	5.163700E+01	5.568179E+03
7.8	-1.199286E+06	3.027213E+02	5.301459E+01	5.568179E+03
7.805	-1.199286E+06	2.893888E+02	5.432970E+01	5.568179E+03
7.81	-1.199286E+06	2.956673E+02	5.478595E+01	5.568179E+03
7.815	-1.199286E+06	2.938737E+02	5.489918E+01	5.568179E+03
7.82	-1.199286E+06	3.038163E+02	5.446084E+01	5.568179E+03
7.825	-1.199287E+06	3.171016E+02	5.377912E+01	5.568179E+03
7.83	-1.199286E+06	3.048869E+02	5.323666E+01	5.568179E+03
7.835	-1.199286E+06	3.027961E+02	5.232460E+01	5.568179E+03
7.84	-1.199287E+06	3.133898E+02	5.125837E+01	5.568179E+03
7.845	-1.199287E+06	3.008573E+02	5.012980E+01	5.568179E+03
7.85	-1.199286E+06	2.840966E+02	4.901223E+01	5.568179E+03
7.855	-1.199287E+06	2.958362E+02	4.894631E+01	5.568179E+03
7.86	-1.199287E+06	3.029025E+02	4.995827E+01	5.568179E+03
7.865	-1.199287E+06	2.944906E+02	5.085377E+01	5.568179E+03
7.87	-1.199287E+06	2.943887E+02	5.119791E+01	5.568179E+03
7.875	-1.199286E+06	2.774450E+02	5.163814E+01	5.568179E+03
7.88	-1.199287E+06	2.767549E+02	5.203559E+01	5.568179E+03
7.885	-1.199287E+06	2.818310E+02	5.250093E+01	5.568179E+03
7.89	-1.199287E+06	2.710986E+02	5.300989E+01	5.568179E+03
7.895	-1.199287E+06	2.800726E+02	5.303331E+01	5.568179E+03
7.9	-1.199287E+06	2.851413E+02	5.261902E+01	5.568179E+03
7.905	-1.199287E+06	2.774099E+02	5.175322E+01	5.568179E+03
7.91	-1.199287E+06	2.835379E+02	5.106877E+01	5.568179E+03
7.915	-1.199287E+06	2.779459E+02	5.092995E+01	5.568179E+03
7.92	-1.199287E+06	2.681980E+02	5.023091E+01	5.568179E+03
7.925	-1.199287E+06	2.641464E+02	4.917065E+01	5.568179E+03
7.93	-1.199287E+06	2.639206E+02	4.819935E+01	5.568179E+03
7.935	-1.199287E+06	2.632013E+02	4.763588E+01	5.568179E+03
7.94	-1.199287E+06	2.552327E+02	4.788877E+01	5.568179E+03
7.945	-1.199287E+06	2.511149E+02	4.845972E+01	5.568179E+03
7.95	-1.199287E+06	2.631993E+02	4.902324E+01	5.568179E+03
7.955	-1.199287E+06	2.663832E+02	4.952579E+01	5.568179E+03
7.96	-1.199287E+06	2.583425E+02	5.002803E+01	5.568179E+03
7.965	-1.199287E+06	2.626042E+02	5.069019E+01	5.568179E+03
7.97	-1.199287E+06	2.579057E+02	5.107717E+01	5.568179E+03
7.975	-1.199287E+06	2.624865E+02	5.089653E+01	5.568179E+03
7.98	-1.199287E+06	2.664891E+02	5.075314E+01	5.568179E+03
7.985	-1.199287E+06	2.638705E+02	5.092446E+01	5.568179E+03
7.99	-1.199288E+06	2.591783E+02	5.132250E+01	5.568179E+03
7.995	-1.199287E+06	2.366240E+02	5.171179E+01	5.568179E+03
8.0	-1.199287E+06	2.345178E+02	5.219499E+01	5.568179E+03
8.005	-1.199288E+06	2.610374E+02	5.270229E+01	5.568179E+03
8.01	-1.199288E+06	2.603104E+02	5.294358E+01	5.568179E+03
8.015	-1.199288E+06	2.544338E+02	5.295143E+01	5.568179E+03
8.02	-1.199288E+06	2.536569E+02	5.291279E+01	5.568179E+03
8.025	-1.199287E+06	2.487034E+02	5.275343E+01	5.568179E+03
8.03	-1.199288E+06	2.607639E+02	5.247865E+01	5.568179E+03
8.035	-1.199288E+06	2.627767E+02	5.230159E+01	5.568179E+03
8.04	-1.199287E+06	2.475490E+02	5.215276E+01	5.568179E+03
8.045	-1.199288E+06	2.503806E+02	5.222777E+01	5.568179E+03
8.05	-1.199288E+06	2.489633E+02	5.283133E+01	5.568179E+03
8.055	-1.199288E+06	2.378351E+02	5.355263E+01	5.568179E+03
8.06	-1.199288E+06	2.404462E+02	5.399133E+01	5.568179E+03
8.065	-1.199288E+06	2.385117E+02	5.421353E+01	5.568179E+03
8.07	-1.199288E+06	2.338136E+02	5.421715E+01	5.568179E+03
8.075	-1.199288E+06	2.284933E+02	5.417212E+01	5.568179E+03
8.08	-1.199288E+06	2.309009E+02	5.397177E+01	5.568179E+03
8.085	-1.199288E+06	2.296532E+02	5.340477E+01	5.568179E+03
8.09	-1.199288E+06	2.328469E+02	5.241049E+01	5.568179E+03
8.095	-1.199288E+06	2.342042E+02	5.146028E+01	5.568179E+03
8.1	-1.199288E+06	2.174574E+02	5.121736E+01	5.568179E+03
8.105	-1.199288E+06	2.088272E+02	5.184392E+01	5.568179E+03
8.11	-1.199288E+06	2.191960E+02	5.279917E+01	5.568179E+03
8.115	-1.199288E+06	2.257242E+02	5.335680E+01	5.568179E+03
8.12	-1.199288E+06	2.195352E+02	5.342578E+01	5.568179E+03
8.125	-1.199288E+06	2.156197E+02	5.343086E+01	5.568179E+03
8.13	-1.199288E+06	2.179824E+02	5.373831E+01	5.568179E+03
8.135	-1.199288E+06	2.225156E+02	5.411467E+01	5.568179E+03
8.14	-1.199288E+06	2.237668E+02	5.400595E+01	5.568179E+03
8.145	-1.199288E+06	2.198146E+02	5.378951E+01	5.568179E+03
8.15	-1.199288E+06	2.294695E+02	5.387182E+01	5.568179E+03
8.155	-1.199289E+06	2.331114E+02	5.383709E+01	5.568179E+03
8.16	-1.199288E+06	2.195105E+02	5.392829E+01	5.568179E+03
8.165	-1.199288E+06	2.288193E+02	5.408899E+01	5.568179E+03
8.17	-1.199289E+06	2.298696E+02	5.408697E+01	5.568179E+03
8.175	-1.199288E+06	2.090837E+02	5.433114E+01	5.568179E+03
8.18	-1.199288E+06	2.188065E+02	5.487591E+01	5.568179E+03
8.185	-1.199289E+06	2.330983E+02	5.558671E+01	5.568179E+03
8.19	-1.199288E+06	2.240389E+02	5.618027E+01	5.568179E+03
8.195	-1.199288E+06	2.149053E+02	5.632508E+01	5.568179E+03
8.2	-1.199289E+06	2.170258E+02	5.604533E+01	5.568179E+03
8.205	-1.199288E+06	2.145443E+02	5.558987E+01	5.568179E+03
8.21	-1.199289E+06	2.163640E+02	5.496827E+01	5.568179E+03
8.215	-1.199289E+06	2.096076E+02	5.450215E+01	5.568179E+03
8.22	-1.199288E+06	1.931511E+02	5.418763E+01	5.568179E+03
8.225	-1.199288E+06	1.910471E+02	5.404000E+01	5.568179E+03
8.23	-1.199289E+06	2.064418E+02	5.386586E+01	5.568179E+03
8.235	-1.199289E+06	2.003608E+02	5.330659E+01	5.568179E+03
8.24	-1.199289E+06	2.017942E+02	5.246135E+01	5.568179E+03
8.245	-1.199289E+06	2.102727E+02	5.174325E+01	5.568179E+03
8.25	-1.199288E+06	1.955502E+02	5.119255E+01	5.568179E+03
8.255	-1.199289E+06	2.016145E+02	5.079289E+01	5.568179E+03
8.26	-1.199289E+06	2.014265E+02	5.109658E+01	5.568179E+03
8.265	-1.199289E+06	1.985802E+02	5.208967E+01	5.568179E+03
8.27	-1.199289E+06	2.091940E+02	5.339680E+01	5.568179E+03
8.275	-1.199289E+06	1.941718E+02	5.439383E+01	5.568179E+03
8.28	-1.199289E+06	1.889812E+02	5.456393E+01	5.568179E+03
8.285	-1.199289E+06	2.012959E+02	5.425736E+01	5.568179E+03
8.29	-1.199289E+06	1.940353E+02	5.375611E+01	5.568179E+03
8.295	-1.199289E+06	1.935908E+02	5.308714E+01	5.568179E+03
8.3	-1.199289E+06	1.904120E+02	5.256833E+01	5.568179E+03
8.305	-1.199289E+06	1.889977E+02	5.207716E+01	5.568179E+03
8.31	-1.199289E+06	1.900885E+02	5.160537E+01	5.568179E+03
8.315	-1.199289E+06	1.925009E+02	5.129369E+01	5.568179E+03
8.32	-1.199289E+06	1.953086E+02	5.141498E+01	5.568179E+03
8.325	-1.199289E+06	1.894169E+02	5.190867E+01	5.568179E+03
8.33	-1.199289E+06	1.962301E+02	5.240641E+01	5.568179E+03
8.335	-1.199289E+06	1.923554E+02	5.294386E+01	5.568179E+03
8.34	-1.199289E+06	1.813435E+02	5.297702E+01	5.568179E+03
8.345	-1.199289E+06	1.722910E+02	5.295270E+01	5.568179E+03
8.35	-1.199289E+06	1.769112E+02	5.357571E+01	5.568179E+03
8.355	-1.199289E+06	1.866375E+02	5.437055E+01	5.568179E+03
8.36	-1.199289E+06	1.821184E+02	5.474134E+01	5.568179E+03
8.365	-1.199289E+06	1.842847E+02	5.455268E+01	5.568179E+03
8.37	-1.199289E+06	1.848375E+02	5.404776E+01	5.568179E+03
8.375	-1.199289E+06	1.853731E+02	5.348166E+01	5.568179E+03
8.38	-1.199289E+06	1.844129E+02	5.312717E+01	5.568179E+03
8.385	-1.199289E+06	1.811149E+02	5.273793E+01	5.568179E+03
8.39	-1.199289E+06	1.830022E+02	5.229075E+01	5.568179E+03
8.395	-1.199289E+06	1.769990E+02	5.197795E+01	5.568179E+03
8.4	-1.199289E+06	1.775216E+02	5.168593E+01	5.568179E+03
8.405	-1.199289E+06	1.766123E+02	5.165524E+01	5.568179E+03
8.41	-1.199289E+06	1.697431E+02	5.180848E+01	5.568179E+03
8.415	-1.199289E+06	1.694361E+02	5.198631E+01	5.568179E+03
8.42	-1.199289E+06	1.732098E+02	5.207960E+01	5.568179E+03
8.425	-1.199289E+06	1.760251E+02	5.205226E+01	5.568179E+03
8.43	-1.199289E+06	1.677107E+02	5.239623E+01	5.568179E+03
8.435	-1.199289E+06	1.741856E+02	5.302100E+01	5.568179E+03
8.44	-1.199290E+06	1.840127E+02	5.354035E+01	5.568179E+03
8.445	-1.199289E+06	1.715073E+02	5.370928E+01	5.568179E+03
8.45	-1.199289E+06	1.672481E+02	5.362319E+01	5.568179E+03
8.455	-1.199289E+06	1.754151E+02	5.369655E+01	5.568179E+03
8.46	-1.199289E+06	1.750616E+02	5.379097E+01	5.568179E+03
8.465	-1.199289E+06	1.722827E+02	5.362791E+01	5.568179E+03
8.47	-1.199289E+06	1.725571E+02	5.318019E+01	5.568179E+03
8.475	-1.199289E+06	1.640826E+02	5.276919E+01	5.568179E+03
8.48	-1.199289E+06	1.634286E+02	5.253668E+01	5.568179E+03
8.485	-1.199290E+06	1.695056E+02	5.234786E+01	5.568179E+03
8.49	-1.199289E+06	1.602557E+02	5.245796E+01	5.568179E+03
8.495	-1.199289E+06	1.692706E+02	5.281740E+01	5.568179E+03
8.5	-1.199289E+06	1.695411E+02	5.334837E+01	5.568179E+03
8.505	-1.199289E+06	1.619806E+02	5.375088E+01	5.568179E+03
8.51	-1.199289E+06	1.660520E+02	5.399645E+01	5.568179E+03
8.515	-1.199289E+06	1.583161E+02	5.443411E+01	5.568179E+03
8.52	-1.199289E+06	1.597904E+02	5.485034E+01	5.568179E+03
8.525	-1.199289E+06	1.669481E+02	5.504090E+01	5.568179E+03
8.53	-1.199289E+06	1.646506E+02	5.495912E+01	5.568179E+03
8.535	-1.199289E+06	1.613351E+02	5.475723E+01	5.568179E+03
8.54	-1.199289E+06	1.595872E+02	5.450862E+01	5.568179E+03
8.545	-1.199290E+06	1.617971E+02	5.398662E+01	5.568179E+03
8.55	-1.199289E+06	1.542778E+02	5.324626E+01	5.568179E+03
8.555	-1.199289E+06	1.524894E+02	5.230076E+01	5.568179E+03
8.56	-1.199290E+06	1.488054E+02	5.157805E+01	5.568179E+03
8.565	-1.199289E+06	1.467351E+02	5.132959E+01	5.568179E+03
8.57	-1.199290E+06	1.573006E+02	5.173194E+01	5.568179E+03
8.575	-1.199289E+06	1.585433E+02	5.273012E+01	5.568179E+03
8.58	-1.199289E+06	1.586145E+02	5.342905E+01	5.568179E+03
8.585	-1.199289E+06	1.545675E+02	5.385622E+01	5.568179E+03
8.59	-1.199289E+06	1.474986E+02	5.429648E+01	5.568179E+03
8.595	-1.199290E+06	1.547082E+02	5.449307E+01	5.568179E+03
8.6	-1.199289E+06	1.488098E+02	5.472963E+01	5.568179E+03
8.605	-1.199289E+06	1.463678E+02	5.471538E+01	5.568179E+03
8.61	-1.199290E+06	1.560936E+02	5.433510E+01	5.568179E+03
8.615	-1.199290E+06	1.585889E+02	5.388474E+01	5.568179E+03
8.62	-1.199290E+06	1.526007E+02	5.355306E+01	5.568179E+03
8.625	-1.199289E+06	1.470496E+02	5.368030E+01	5.568179E+03
8.63	-1.199290E+06	1.544160E+02	5.395241E+01	5.568179E+03
8.635	-1.199289E+06	1.495577E+02	5.426905E+01	5.568179E+03
8.64	-1.199290E+06	1.555991E+02	5.462535E+01	5.568179E+03
8.645	-1.199290E+06	1.546703E+02	5.511951E+01	5.568179E+03
8.65	-1.199289E+06	1.447344E+02	5.577020E+01	5.568179E+03
8.655	-1.199290E+06	1.504207E+02	5.636772E+01	5.568179E+03
8.66	-1.199290E+06	1.421035E+02	5.680917E+01	5.568179E+03
8.665	-1.199289E+06	1.385841E+02	5.699252E+01	5.568179E+03
8.67	-1.199290E+06	1.496000E+02	5.696817E+01	5.568179E+03
8.675	-1.199290E+06	1.452300E+02	5.668114E+01	5.568179E+03
8.68	-1.199289E+06	1.382467E+02	5.593631E+01	5.568179E+03
8.685	-1.199290E+06	1.408460E+02	5.488149E+01	5.568179E+03
8.69	-1.199290E+06	1.400020E+02	5.378175E+01	5.568179E+03
8.695	-1.199290E+06	1.444138E+02	5.268356E+01	5.568179E+03
8.7	-1.199290E+06	1.474017E+02	5.199799E+01	5.568179E+03
8.705	-1.199290E+06	1.406741E+02	5.194906E+01	5.568179E+03
8.71	-1.199290E+06	1.388556E+02	5.233252E+01	5.568179E+03
8.715	-1.199290E+06	1.310779E+02	5.318145E+01	5.568179E+03
8.72	-1.199290E+06	1.353662E+02	5.411350E+01	5.568179E+03
8.725	-1.199290E+06	1.454533E+02	5.499140E+01	5.568179E+03
8.73	-1.199290E+06	1.414992E+02	5.587886E+01	5.568179E+03
8.735	-1.199290E+06	1.385666E+02	5.644193E+01	5.568179E+03
8.74	-1.199290E+06	1.362810E+02	5.677042E+01	5.568179E+03
8.745	-1.199290E+06	1.471802E+02	5.692070E+01	5.568179E+03
8.75	-1.199290E+06	1.486334E+02	5.666678E+01	5.568179E+03
8.755	-1.199290E+06	1.356039E+02	5.591686E+01	5.568179E+03
8.76	-1.199290E+06	1.353175E+02	5.507943E+01	5.568179E+03
8.765	-1.199290E+06	1.350337E+02	5.428951E+01	5.568179E+03
8.77	-1.199290E+06	1.353509E+02	5.332013E+01	5.568179E+03
8.775	-1.199290E+06	1.340330E+02	5.241467E+01	5.568179E+03
8.78	-1.199290E+06	1.351836E+02	5.164273E+01	5.568179E+03
8.785	-1.199290E+06	1.431117E+02	5.130831E+01	5.568179E+03
8.79	-1.199290E+06	1.371941E+02	5.173238E+01	5.568179E+03
8.795	-1.199290E+06	1.298739E+02	5.225043E+01	5.568179E+03
8.8	-1.199290E+06	1.293353E+02	5.267320E+01	5.568179E+03
8.805	-1.199290E+06	1.272536E+02	5.321806E+01	5.568179E+03
8.81	-1.199290E+06	1.319210E+02	5.388478E+01	5.568179E+03
8.815	-1.199290E+06	1.376652E+02	5.479916E+01	5.568179E+03
8.82	-1.199290E+06	1.338909E+02	5.557785E+01	5.568179E+03
8.825	-1.199290E+06	1.343747E+02	5.563986E+01	5.568179E+03
8.83	-1.199290E+06	1.336579E+02	5.501949E+01	5.568179E+03
8.835	-1.199290E+06	1.253249E+02	5.405273E+01	5.568179E+03
8.84	-1.199290E+06	1.321004E+02	5.283461E+01	5.568179E+03
8.845	-1.199290E+06	1.336045E+02	5.165379E+01	5.568179E+03
8.85	-1.199290E+06	1.245155E+02	5.055556E+01	5.568179E+03
8.855	-1.199290E+06	1.254563E+02	4.951482E+01	5.568179E+03
8.86	-1.199290E+06	1.331699E+02	4.904596E+01	5.568179E+03
8.865	-1.199290E+06	1.279669E+02	4.930992E+01	5.568179E+03
8.87	-1.199290E+06	1.269684E+02	4.989773E+01	5.568179E+03
8.875	-1.199290E+06	1.292086E+02	5.096964E+01	5.568179E+03
8.88	-1.199290E+06	1.272793E+02	5.208337E+01	5.568179E+03
8.885	-1.199290E+06	1.279162E+02	5.278098E+01	5.568179E+03
8.89	-1.199290E+06	1.218983E+02	5.341677E+01	5.568179E+03
8.895	-1.199290E+06	1.277645E+02	5.356399E+01	5.568179E+03
8.9	-1.199290E+06	1.323796E+02	5.338603E+01	5.568179E+03
8.905	-1.199290E+06	1.273225E+02	5.323644E+01	5.568179E+03
8.91	-1.199290E+06	1.214010E+02	5.275560E+01	5.568179E+03
8.915	-1.199290E+06	1.212159E+02	5.219511E+01	5.568179E+03
8.92	-1.199290E+06	1.250051E+02	5.198836E+01	5.568179E+03
8.925	-1.199290E+06	1.219061E+02	5.199269E+01	5.568179E+03
8.93	-1.199290E+06	1.185241E+02	5.229637E+01	5.568179E+03
8.935	-1.199290E+06	1.184751E+02	5.278451E+01	5.568179E+03
8.94	-1.199290E+06	1.267762E+02	5.283255E+01	5.568179E+03
8.945	-1.199290E+06	1.282882E+02	5.259773E+01	5.568179E+03
8.95	-1.199290E+06	1.211601E+02	5.241604E+01	5.568179E+03
8.955	-1.199290E+06	1.262422E+02	5.219202E+01	5.568179E+03
8.96	-1.199290E+06	1.292971E+02	5.204221E+01	5.568179E+03
8.965	-1.199290E+06	1.188568E+02	5.187448E+01	5.568179E+03
8.97	-1.199290E+06	1.108688E+02	5.162507E+01	5.568179E+03
8.975	-1.199290E+06	1.122434E+02	5.185672E+01	5.568179E+03
8.98	-1.199290E+06	1.174233E+02	5.262545E+01	5.568179E+03
8.985	-1.199290E+06	1.218205E+02	5.334409E+01	5.568179E+03
8.99	-1.199290E+06	1.229238E+02	5.370760E+01	5.568179E+03
8.995	-1.199290E+06	1.155303E+02	5.366896E+01	5.568179E+03
9.0	-1.199290E+06	1.208946E+02	5.322187E+01	5.568179E+03
9.005	-1.199290E+06	1.188316E+02	5.303524E+01	5.568179E+03
9.01	-1.199290E+06	1.175962E+02	5.306068E+01	5.568179E+03
9.015	-1.199290E+06	1.222853E+02	5.295883E+01	5.568179E+03
9.02	-1.199290E+06	1.203902E+02	5.293077E+01	5.568179E+03
9.025	-1.199290E+06	1.236464E+02	5.286943E+01	5.568179E+03
9.03	-1.199290E+06	1.217054E+02	5.285373E+01	5.568179E+03
9.035	-1.199290E+06	1.156676E+02	5.316100E+01	5.568179E+03
9.04	-1.199290E+06	1.165503E+02	5.354599E+01	5.568179E+03
9.045	-1.199290E+06	1.159585E+02	5.410537E+01	5.568179E+03
9.05	-1.199290E+06	1.213961E+02	5.485943E+01	5.568179E+03
9.055	-1.199290E+06	1.253237E+02	5.515597E+01	5.568179E+03
9.06	-1.199290E+06	1.174759E+02	5.503294E+01	5.568179E+03
9.065	-1.199290E+06	1.145868E+02	5.483789E+01	5.568179E+03
9.07	-1.199290E+06	1.231004E+02	5.429208E+01	5.568179E+03
9.075	-1.199290E+06	1.203667E+02	5.358914E+01	5.568179E+03
9.08	-1.199290E+06	1.152268E+02	5.291943E+01	5.568179E+03
9.085	-1.199290E+06	1.172851E+02	5.234740E+01	5.568179E+03
9.09	-1.199290E+06	1.126062E+02	5.228073E+01	5.568179E+03
9.095	-1.199290E+06	1.115622E+02	5.245881E+01	5.568179E+03
9.1	-1.199290E+06	1.109036E+02	5.270197E+01	5.568179E+03
9.105	-1.199290E+06	1.058395E+02	5.319772E+01	5.568179E+03
9.11	-1.199290E+06	1.090276E+02	5.378340E+01	5.568179E+03
9.115	-1.199290E+06	1.131209E+02	5.438829E+01	5.568179E+03
9.12	-1.199290E+06	1.092139E+02	5.472487E+01	5.568179E+03
9.125	-1.199290E+06	1.065136E+02	5.453562E+01	5.568179E+03
9.13	-1.199290E+06	1.081598E+02	5.419968E+01	5.568179E+03
9.135	-1.199290E+06	1.118352E+02	5.376504E+01	5.568179E+03
9.14	-1.199290E+06	1.145182E+02	5.315516E+01	5.568179E+03
9.145	-1.199290E+06	1.113845E+02	5.269810E+01	5.568179E+03
9.15	-1.199290E+06	1.144879E+02	5.221707E+01	5.568179E+03
9.155	-1.199290E+06	1.088112E+02	5.164247E+01	5.568179E+03
9.16	-1.199290E+06	1.033816E+02	5.115351E+01	5.568179E+03
9.165	-1.199290E+06	1.093756E+02	5.106066E+01	5.568179E+03
9.17	-1.199290E+06	1.127537E+02	5.162269E+01	5.568179E+03
9.175	-1.199290E+06	1.131155E+02	5.257701E+01	5.568179E+03
9.18	-1.199290E+06	1.087528E+02	5.358276E+01	5.568179E+03
9.185	-1.199290E+06	1.134738E+02	5.421885E+01	5.568179E+03
9.19	-1.199290E+06	1.116974E+02	5.449437E+01	5.568179E+03
9.195	-1.199290E+06	1.065890E+02	5.458858E+01	5.568179E+03
9.2	-1.199290E+06	1.114104E+02	5.462131E+01	5.568179E+03
9.205	-1.199290E+06	1.064166E+02	5.469376E+01	5.568179E+03
9.21	-1.199290E+06	1.137956E+02	5.437456E+01	5.568179E+03
9.215	-1.199290E+06	1.131587E+02	5.375618E+01	5.568179E+03
9.22	-1.199290E+06	1.025251E+02	5.305807E+01	5.568179E+03
9.225	-1.199291E+06	1.096371E+02	5.249268E+01	5.568179E+03
9.23	-1.199290E+06	1.102663E+02	5.222906E+01	5.568179E+03
9.235	-1.199290E+06	1.081957E+02	5.182443E+01	5.568179E+03
9.24	-1.199291E+06	1.097859E+02	5.141092E+01	5.568179E+03
9.245	-1.199291E+06	1.079233E+02	5.126802E+01	5.568179E+03
9.25	-1.199291E+06	1.083129E+02	5.136554E+01	5.568179E+03
9.255	-1.199291E+06	1.104556E+02	5.183602E+01	5.568179E+03
9.26	-1.199291E+06	1.059395E+02	5.253219E+01	5.568179E+03
9.265	-1.199290E+06	1.033566E+02	5.311042E+01	5.568179E+03
9.27	-1.199291E+06	1.087572E+02	5.342797E+01	5.568179E+03
9.275	-1.199290E+06	1.067082E+02	5.349420E+01	5.568179E+03
9.28	-1.199291E+06	1.132021E+02	5.329657E+01	5.568179E+03
9.285	-1.199291E+06	1.126320E+02	5.304282E+01	5.568179E+03
9.29	-1.199290E+06	1.040645E+02	5.263157E+01	5.568179E+03
9.295	-1.199291E+06	1.048865E+02	5.206129E+01	5.568179E+03
9.3	-1.199291E+06	1.022368E+02	5.177446E+01	5.568179E+03
9.305	-1.199291E+06	1.045767E+02	5.167569E+01	5.568179E+03
9.31	-1.199291E+06	1.036626E+02	5.160772E+01	5.568179E+03
9.315	-1.199291E+06	1.037132E+02	5.170475E+01	5.568179E+03
9.32	-1.199291E+06	1.060513E+02	5.187172E+01	5.568179E+03
9.325	-1.199291E+06	1.051593E+02	5.188240E+01	5.568179E+03
9.33	-1.199291E+06	1.062102E+02	5.190301E+01	5.568179E+03
9.335	-1.199291E+06	1.067654E+02	5.189754E+01	5.568179E+03
9.34	-1.199291E+06	1.021760E+02	5.201703E+01	5.568179E+03
9.345	-1.199291E+06	9.859703E+01	5.245059E+01	5.568179E+03
9.35	-1.199291E+06	1.042647E+02	5.271913E+01	5.568179E+03
9.355	-1.199291E+06	1.083974E+02	5.275278E+01	5.568179E+03
9.36	-1.199291E+06	1.027731E+02	5.292472E+01	5.568179E+03
9.365	-1.199291E+06	1.037277E+02	5.302209E+01	5.568179E+03
9.37	-1.199291E+06	1.052142E+02	5.307976E+01	5.568179E+03
9.375	-1.199291E+06	9.909175E+01	5.304542E+01	5.568179E+03
9.38	-1.199291E+06	9.863288E+01	5.250181E+01	5.568179E+03
9.385	-1.199291E+06	9.863311E+01	5.204532E+01	5.568179E+03
9.39	-1.199290E+06	9.685698E+01	5.196198E+01	5.568179E+03
9.395	-1.199291E+06	1.050056E+02	5.187616E+01	5.568179E+03
9.4	-1.199291E+06	1.033962E+02	5.196073E+01	5.568179E+03
9.405	-1.199291E+06	9.745844E+01	5.190608E+01	5.568179E+03
9.41	-1.199291E+06	1.034475E+02	5.175324E+01	5.568179E+03
9.415	-1.199291E+06	1.007379E+02	5.211418E+01	5.568179E+03
9.42	-1.199291E+06	1.039956E+02	5.256597E+01	5.568179E+03
9.425	-1.199291E+06	1.052604E+02	5.294882E+01	5.568179E+03
9.43	-1.199291E+06	1.030974E+02	5.308301E+01	5.568179E+03
9.435	-1.199291E+06	1.058386E+02	5.271100E+01	5.568179E+03
9.44	-1.199291E+06	9.974729E+01	5.244497E+01	5.568179E+03
9.445	-1.199290E+06	9.782537E+01	5.263695E+01	5.568179E+03
9.45	-1.199291E+06	1.034407E+02	5.306997E+01	5.568179E+03
9.455	-1.199291E+06	1.081822E+02	5.342194E+01	5.568179E+03
9.46	-1.199290E+06	1.013474E+02	5.367661E+01	5.568179E+03
9.465	-1.199290E+06	9.603806E+01	5.393122E+01	5.568179E+03
9.47	-1.199291E+06	1.002091E+02	5.421717E+01	5.568179E+03
9.475	-1.199290E+06	9.707114E+01	5.458140E+01	5.568179E+03
9.48	-1.199291E+06	1.014247E+02	5.463426E+01	5.568179E+03
9.485	-1.199291E+06	1.014606E+02	5.451745E+01	5.568179E+03
9.49	-1.199290E+06	9.803102E+01	5.442918E+01	5.568179E+03
9.495	-1.199291E+06	1.112509E+02	5.400270E+01	5.568179E+03
9.5	-1.199291E+06	1.063582E+02	5.353553E+01	5.568179E+03
9.505	-1.199290E+06	9.658138E+01	5.315661E+01	5.568179E+03
9.51	-1.199291E+06	9.901956E+01	5.289006E+01	5.568179E+03
9.515	-1.199291E+06	9.817317E+01	5.294732E+01	5.568179E+03
9.52	-1.199291E+06	1.018349E+02	5.307491E+01	5.568179E+03
9.525	-1.199290E+06	9.872767E+01	5.328459E+01	5.568179E+03
9.53	-1.199290E+06	9.764999E+01	5.362965E+01	5.568179E+03
9.535	-1.199290E+06	1.006338E+02	5.399222E+01	5.568179E+03
9.54	-1.199290E+06	1.018060E+02	5.425702E+01	5.568179E+03
9.545	-1.199291E+06	1.037782E+02	5.431348E+01	5.568179E+03
9.55	-1.199290E+06	9.467290E+01	5.424523E+01	5.568179E+03
9.555	-1.199291E+06	1.006738E+02	5.403973E+01	5.568179E+03
9.56	-1.199291E+06	1.040614E+02	5.397888E+01	5.568179E+03
9.565	-1.199290E+06	9.576939E+01	5.407150E+01	5.568179E+03
9.57	-1.199291E+06	1.006981E+02	5.413531E+01	5.568179E+03
9.575	-1.199290E+06	9.779433E+01	5.439138E+01	5.568179E+03
9.58	-1.199290E+06	9.655182E+01	5.470906E+01	5.568179E+03
9.585	-1.199291E+06	1.011734E+02	5.496503E+01	5.568179E+03
9.59	-1.199290E+06	9.725233E+01	5.517119E+01	5.568179E+03
9.595	-1.199290E+06	9.651923E+01	5.515771E+01	5.568179E+03
9.6	-1.199291E+06	1.022121E+02	5.476038E+01	5.568179E+03
9.605	-1.199291E+06	1.048367E+02	5.410500E+01	5.568179E+03
9.61	-1.199291E+06	1.016886E+02	5.349429E+01	5.568179E+03
9.615	-1.199290E+06	9.685157E+01	5.293439E+01	5.568179E+03
9.62	-1.199290E+06	9.328204E+01	5.259524E+01	5.568179E+03
9.625	-1.199291E+06	9.563007E+01	5.259330E+01	5.568179E+03
9.63	-1.199291E+06	9.790124E+01	5.276690E+01	5.568179E+03
9.635	-1.199291E+06	9.813516E+01	5.313793E+01	5.568179E+03
9.64	-1.199290E+06	9.841176E+01	5.371600E+01	5.568179E+03
9.645	-1.199291E+06	1.014619E+02	5.437641E+01	5.568179E+03
9.65	-1.199290E+06	1.026350E+02	5.504334E+01	5.568179E+03
9.655	-1.199290E+06	1.005668E+02	5.540453E+01	5.568179E+03
9.66	-1.199290E+06	9.578622E+01	5.536695E+01	5.568179E+03
9.665	-1.199290E+06	9.160894E+01	5.521521E+01	5.568179E+03
9.67	-1.199291E+06	1.018217E+02	5.491836E+01	5.568179E+03
9.675	-1.199291E+06	1.048361E+02	5.444243E+01	5.568179E+03
9.68	-1.199290E+06	9.692430E+01	5.393549E+01	5.568179E+03
9.685	-1.199290E+06	9.826022E+01	5.350540E+01	5.568179E+03
9.69	-1.199291E+06	1.024351E+02	5.326511E+01	5.568179E+03
9.695	-1.199290E+06	9.874024E+01	5.325769E+01	5.568179E+03
9.7	-1.199290E+06	9.841003E+01	5.329675E+01	5.568179E+03
9.705	-1.199291E+06	1.027799E+02	5.330317E+01	5.568179E+03
9.71	-1.199290E+06	9.719703E+01	5.332581E+01	5.568179E+03
9.715	-1.199290E+06	9.736404E+01	5.330337E+01	5.568179E+03
9.72	-1.199291E+06	1.043167E+02	5.336211E+01	5.568179E+03
9.725	-1.199290E+06	9.883132E+01	5.349581E+01	5.568179E+03
9.73	-1.199290E+06	9.771623E+01	5.346197E+01	5.568179E+03
9.735	-1.199290E+06	9.353144E+01	5.351417E+01	5.568179E+03
9.74	-1.199290E+06	9.338770E+01	5.368211E+01	5.568179E+03
9.745	-1.199291E+06	1.021245E+02	5.390063E+01	5.568179E+03
9.75	-1.199290E+06	1.005613E+02	5.423491E+01	5.568179E+03
9.755	-1.199290E+06	9.493642E+01	5.444578E+01	5.568179E+03
9.76	-1.199290E+06	9.769308E+01	5.448944E+01	5.568179E+03
9.765	-1.199290E+06	1.012545E+02	5.454570E+01	5.568179E+03
9.77	-1.199290E+06	9.736275E+01	5.454335E+01	5.568179E+03
9.775	-1.199290E+06	9.403861E+01	5.445194E+01	5.568179E+03
9.78	-1.199290E+06	9.685644E+01	5.431415E+01	5.568179E+03
9.785	-1.199290E+06	9.928021E+01	5.393351E+01	5.568179E+03
9.79	-1.199290E+06	9.607253E+01	5.338063E+01	5.568179E+03
9.795	-1.199290E+06	9.463089E+01	5.297316E+01	5.568179E+03
9.8	-1.199290E+06	9.815153E+01	5.278919E+01	5.568179E+03
9.805	-1.199290E+06	1.019076E+02	5.291206E+01	5.568179E+03
9.81	-1.199290E+06	9.936800E+01	5.320500E+01	5.568179E+03
9.815	-1.199290E+06	9.639110E+01	5.335316E+01	5.568179E+03
9.82	-1.199290E+06	9.836204E+01	5.357560E+01	5.568179E+03
9.825	-1.199290E+06	1.006686E+02	5.386800E+01	5.568179E+03
9.83	-1.199290E+06	1.007597E+02	5.394480E+01	5.568179E+03
9.835	-1.199290E+06	9.579418E+01	5.398921E+01	5.568179E+03
9.84	-1.199290E+06	9.646066E+01	5.395626E+01	5.568179E+03
9.845	-1.199290E+06	9.590983E+01	5.394752E+01	5.568179E+03
9.85	-1.199290E+06	9.571681E+01	5.417667E+01	5.568179E+03
9.855	-1.199290E+06	9.950338E+01	5.459789E+01	5.568179E+03
9.86	-1.199290E+06	9.809233E+01	5.509062E+01	5.568179E+03
9.865	-1.199290E+06	9.922542E+01	5.545387E+01	5.568179E+03
9.87	-1.199290E+06	9.747312E+01	5.557361E+01	5.568179E+03
9.875	-1.199290E+06	9.827284E+01	5.536761E+01	5.568179E+03
9.88	-1.199290E+06	1.009631E+02	5.508415E+01	5.568179E+03
9.885	-1.199290E+06	1.001076E+02	5.484391E+01	5.568179E+03
9.89	-1.199290E+06	9.866486E+01	5.461342E+01	5.568179E+03
9.895	-1.199290E+06	9.731470E+01	5.453159E+01	5.568179E+03
9.9	-1.199290E+06	1.031430E+02	5.434573E+01	5.568179E+03
9.905	-1.199290E+06	1.013272E+02	5.410807E+01	5.568179E+03
9.91	-1.199290E+06	9.638749E+01	5.411847E+01	5.568179E+03
9.915	-1.199290E+06	1.040727E+02	5.438984E+01	5.568179E+03
9.92	-1.199290E+06	1.045150E+02	5.486731E+01	5.568179E+03
9.925	-1.199290E+06	1.010304E+02	5.510526E+01	5.568179E+03
9.93	-1.199290E+06	9.755219E+01	5.512724E+01	5.568179E+03
9.935	-1.199290E+06	9.661030E+01	5.519130E+01	5.568179E+03
9.94	-1.199290E+06	9.592917E+01	5.514843E+01	5.568179E+03
9.945	-1.199290E+06	9.328288E+01	5.504641E+01	5.568179E+03
9.95	-1.199290E+06	9.530998E+01	5.501108E+01	5.568179E+03
9.955	-1.199290E+06	9.804301E+01	5.496785E+01	5.568179E+03
9.96	-1.199290E+06	9.952796E+01	5.503753E+01	5.568179E+03
9.965	-1.199290E+06	9.862425E+01	5.530527E+01	5.568179E+03
9.97	-1.199290E+06	1.015043E+02	5.542340E+01	5.568179E+03
9.975	-1.199290E+06	9.990411E+01	5.538037E+01	5.568179E+03
9.98	-1.199290E+06	9.674890E+01	5.522835E+01	5.568179E+03
9.985	-1.199290E+06	9.898537E+01	5.495600E+01	5.568179E+03
9.99	-1.199290E+06	9.577416E+01	5.478346E+01	5.568179E+03
9.995	-1.199290E+06	9.437324E+01	5.468153E+01	5.568179E+03
10.0	-1.199290E+06	9.930606E+01	5.460137E+01	5.568179E+03
10.005	-1.199290E+06	9.710469E+01	5.459452E+01	5.568179E+03
10.01	-1.199290E+06	9.608093E+01	5.457103E+01	5.568179E+03
10.015	-1.199290E+06	1.019110E+02	5.460982E+01	5.568179E+03
10.02	-1.199290E+06	1.012577E+02	5.489058E+01	5.568179E+03
10.025	-1.199290E+06	1.002696E+02	5.534385E+01	5.568179E+03
10.03	-1.199290E+06	1.000213E+02	5.585046E+01	5.568179E+03
10.035	-1.199290E+06	1.000640E+02	5.610475E+01	5.568179E+03
10.04	-1.199290E+06	9.845804E+01	5.602457E+01	5.568179E+03
10.045	-1.199290E+06	9.618314E+01	5.592786E+01	5.568179E+03
10.05	-1.199290E+06	1.025041E+02	5.580613E+01	5.568179E+03
10.055	-1.199290E+06	1.003172E+02	5.555981E+01	5.568179E+03
10.06	-1.199290E+06	9.579814E+01	5.509941E+01	5.568179E+03
10.065	-1.199290E+06	9.592578E+01	5.449608E+01	5.568179E+03
10.07	-1.199290E+06	9.443369E+01	5.409099E+01	5.568179E+03
10.075	-1.199290E+06	1.018179E+02	5.399549E+01	5.568179E+03
10.08	-1.199290E+06	1.012175E+02	5.407723E+01	5.568179E+03
10.085	-1.199290E+06	9.783092E+01	5.411601E+01	5.568179E+03
10.09	-1.199290E+06	1.052449E+02	5.413458E+01	5.568179E+03
10.095	-1.199290E+06	1.071703E+02	5.416553E+01	5.568179E+03
10.1	-1.199290E+06	1.035486E+02	5.417393E+01	5.568179E+03
10.105	-1.199290E+06	1.015114E+02	5.433660E+01	5.568179E+03
10.11	-1.199290E+06	1.013267E+02	5.470600E+01	5.568179E+03
10.115	-1.199290E+06	1.025549E+02	5.513890E+01	5.568179E+03
10.12	-1.199290E+06	1.043627E+02	5.554389E+01	5.568179E+03
10.125	-1.199290E+06	1.060747E+02	5.591541E+01	5.568179E+03
10.13	-1.199290E+06	1.089866E+02	5.604437E+01	5.568179E+03
10.135	-1.199290E+06	1.058930E+02	5.582999E+01	5.568179E+03
10.14	-1.199290E+06	9.925146E+01	5.536190E+01	5.568179E+03
10.145	-1.199290E+06	1.017866E+02	5.463579E+01	5.568179E+03
10.15	-1.199290E+06	1.035820E+02	5.393165E+01	5.568179E+03
10.155	-1.199290E+06	9.816025E+01	5.353352E+01	5.568179E+03
10.16	-1.199290E+06	1.031424E+02	5.336547E+01	5.568179E+03
10.165	-1.199290E+06	1.063204E+02	5.345927E+01	5.568179E+03
10.17	-1.199290E+06	1.005363E+02	5.367107E+01	5.568179E+03
10.175	-1.199290E+06	1.047405E+02	5.393113E+01	5.568179E+03
10.18	-1.199290E+06	1.086800E+02	5.433033E+01	5.568179E+03
10.185	-1.199290E+06	1.030339E+02	5.461803E+01	5.568179E+03
10.19	-1.199290E+06	1.013251E+02	5.470608E+01	5.568179E+03
10.195	-1.199290E+06	9.812409E+01	5.470310E+01	5.568179E+03
10.2	-1.199290E+06	9.851203E+01	5.454728E+01	5.568179E+03
10.205	-1.199290E+06	1.078026E+02	5.429627E+01	5.568179E+03
10.21	-1.199290E+06	1.058685E+02	5.398110E+01	5.568179E+03
10.215	-1.199290E+06	9.941783E+01	5.350531E+01	5.568179E+03
10.22	-1.199290E+06	9.878013E+01	5.316702E+01	5.568179E+03
10.225	-1.199290E+06	1.021094E+02	5.304870E+01	5.568179E+03
10.23	-1.199290E+06	1.029916E+02	5.292996E+01	5.568179E+03
10.235	-1.199290E+06	1.042278E+02	5.294761E+01	5.568179E+03
10.24	-1.199290E+06	1.057411E+02	5.316636E+01	5.568179E+03
10.245	-1.199290E+06	1.037175E+02	5.331748E+01	5.568179E+03
10.25	-1.199290E+06	1.054980E+02	5.340359E+01	5.568179E+03
10.255	-1.199290E+06	1.071968E+02	5.337038E+01	5.568179E+03
10.26	-1.199290E+06	1.119794E+02	5.304545E+01	5.568179E+03
10.265	-1.199290E+06	1.056412E+02	5.297022E+01	5.568179E+03
10.27	-1.199290E+06	1.032201E+02	5.301830E+01	5.568179E+03
10.275	-1.199290E+06	1.105575E+02	5.291896E+01	5.568179E+03
10.28	-1.199290E+06	1.016257E+02	5.303336E+01	5.568179E+03
10.285	-1.199290E+06	1.042484E+02	5.318395E+01	5.568179E+03
10.29	-1.199290E+06	1.063749E+02	5.370173E+01	5.568179E+03
10.295	-1.199290E+06	1.078168E+02	5.457347E+01	5.568179E+03
10.3	-1.199290E+06	1.144181E+02	5.518612E+01	5.568179E+03
10.305	-1.199290E+06	1.077349E+02	5.555131E+01	5.568179E+03
10.31	-1.199290E+06	1.064110E+02	5.564303E+01	5.568179E+03
10.315	-1.199290E+06	1.095263E+02	5.546800E+01	5.568179E+03
10.32	-1.199290E+06	1.129218E+02	5.514041E+01	5.568179E+03
10.325	-1.199290E+06	1.130591E+02	5.464122E+01	5.568179E+03
10.33	-1.199290E+06	1.137992E+02	5.392011E+01	5.568179E+03
10.335	-1.199290E+06	1.119476E+02	5.330744E+01	5.568179E+03
10.34	-1.199290E+06	1.101834E+02	5.291052E+01	5.568179E+03
10.345	-1.199290E+06	1.158255E+02	5.255770E+01	5.568179E+03
10.35	-1.199290E+06	1.057210E+02	5.259771E+01	5.568179E+03
10.355	-1.199290E+06	1.042450E+02	5.283160E+01	5.568179E+03
10.36	-1.199290E+06	1.115159E+02	5.306532E+01	5.568179E+03
10.365	-1.199290E+06	1.068786E+02	5.337309E+01	5.568179E+03
10.37	-1.199290E+06	1.131741E+02	5.335664E+01	5.568179E+03
10.375	-1.199290E+06	1.168300E+02	5.330359E+01	5.568179E+03
10.38	-1.199290E+06	1.109100E+02	5.341781E+01	5.568179E+03
10.385	-1.199290E+06	1.123898E+02	5.341603E+01	5.568179E+03
10.39	-1.199290E+06	1.095735E+02	5.360933E+01	5.568179E+03
10.395	-1.199290E+06	1.065658E+02	5.387802E+01	5.568179E+03
10.4	-1.199290E+06	1.121414E+02	5.402923E+01	5.568179E+03
10.405	-1.199290E+06	1.090847E+02	5.437712E+01	5.568179E+03
10.41	-1.199290E+06	1.107468E+02	5.459769E+01	5.568179E+03
10.415	-1.199290E+06	1.137929E+02	5.466611E+01	5.568179E+03
10.42	-1.199290E+06	1.122288E+02	5.465102E+01	5.568179E+03
10.425	-1.199290E+06	1.129495E+02	5.429514E+01	5.568179E+03
10.43	-1.199290E+06	1.125296E+02	5.382843E+01	5.568179E+03
10.435	-1.199290E+06	1.111243E+02	5.350736E+01	5.568179E+03
10.44	-1.199290E+06	1.106692E+02	5.323703E+01	5.568179E+03
10.445	-1.199290E+06	1.137753E+02	5.296719E+01	5.568179E+03
10.45	-1.199290E+06	1.161016E+02	5.279798E+01	5.568179E+03
10.455	-1.199290E+06	1.179257E+02	5.280009E+01	5.568179E+03
10.46	-1.199290E+06	1.178159E+02	5.306688E+01	5.568179E+03
10.465	-1.199290E+06	1.101643E+02	5.373079E+01	5.568179E+03
10.47	-1.199290E+06	1.155570E+02	5.438283E+01	5.568179E+03
10.475	-1.199290E+06	1.191653E+02	5.484111E+01	5.568179E+03
10.48	-1.199290E+06	1.104947E+02	5.525832E+01	5.568179E+03
10.485	-1.199290E+06	1.128340E+02	5.547783E+01	5.568179E+03
10.49	-1.199290E+06	1.188390E+02	5.567549E+01	5.568179E+03
10.495	-1.199290E+06	1.138784E+02	5.583573E+01	5.568179E+03
10.5	-1.199290E+06	1.176956E+02	5.558037E+01	5.568179E+03
10.505	-1.199290E+06	1.196520E+02	5.529263E+01	5.568179E+03
10.51	-1.199290E+06	1.164736E+02	5.497455E+01	5.568179E+03
10.515	-1.199290E+06	1.209407E+02	5.456957E+01	5.568179E+03
10.52	-1.199290E+06	1.184254E+02	5.450931E+01	5.568179E+03
10.525	-1.199290E+06	1.202516E+02	5.429371E+01	5.568179E+03
10.53	-1.199290E+06	1.241762E+02	5.367505E+01	5.568179E+03
10.535	-1.199290E+06	1.167760E+02	5.299608E+01	5.568179E+03
10.54	-1.199290E+06	1.118494E+02	5.218200E+01	5.568179E+03
10.545	-1.199290E+06	1.208276E+02	5.146733E+01	5.568179E+03
10.55	-1.199290E+06	1.215693E+02	5.131069E+01	5.568179E+03
10.555	-1.199290E+06	1.178564E+02	5.147083E+01	5.568179E+03
10.56	-1.199290E+06	1.198067E+02	5.207087E+01	5.568179E+03
10.565	-1.199290E+06	1.168679E+02	5.323473E+01	5.568179E+03
10.57	-1.199290E+06	1.228300E+02	5.438473E+01	5.568179E+03
10.575	-1.199290E+06	1.244688E+02	5.544561E+01	5.568179E+03
10.58	-1.199290E+06	1.186850E+02	5.620423E+01	5.568179E+03
10.585	-1.199290E+06	1.254364E+02	5.620263E+01	5.568179E+03
10.59	-1.199290E+06	1.216945E+02	5.585673E+01	5.568179E+03
10.595	-1.199290E+06	1.258062E+02	5.526494E+01	5.568179E+03
10.6	-1.199290E+06	1.308591E+02	5.448257E+01	5.568179E+03
10.605	-1.199290E+06	1.220414E+02	5.374351E+01	5.568179E+03
10.61	-1.199290E+06	1.147769E+02	5.300571E+01	5.568179E+03
10.615	-1.199290E+06	1.216617E+02	5.224064E+01	5.568179E+03
10.62	-1.199290E+06	1.247923E+02	5.183864E+01	5.568179E+03
10.625	-1.199290E+06	1.169078E+02	5.177417E+01	5.568179E+03
10.63	-1.199290E+06	1.249203E+02	5.174858E+01	5.568179E+03
10.635	-1.199290E+06	1.183396E+02	5.204859E+01	5.568179E+03
10.64	-1.199290E+06	1.130450E+02	5.221605E+01	5.568179E+03
10.645	-1.199290E+06	1.292309E+02	5.226774E+01	5.568179E+03
10.65	-1.199290E+06	1.268433E+02	5.263508E+01	5.568179E+03
10.655	-1.199290E+06	1.276838E+02	5.269275E+01	5.568179E+03
10.66	-1.199290E+06	1.315340E+02	5.253609E+01	5.568179E+03
10.665	-1.199290E+06	1.229815E+02	5.228026E+01	5.568179E+03
10.67	-1.199290E+06	1.260383E+02	5.174471E+01	5.568179E+03
10.675	-1.199290E+06	1.277354E+02	5.149799E+01	5.568179E+03
10.68	-1.199290E+06	1.253855E+02	5.145772E+01	5.568179E+03
10.685	-1.199290E+06	1.269651E+02	5.147296E+01	5.568179E+03
10.69	-1.199290E+06	1.249494E+02	5.166234E+01	5.568179E+03
10.695	-1.199290E+06	1.243928E+02	5.168431E+01	5.568179E+03
10.7	-1.199290E+06	1.297371E+02	5.154390E+01	5.568179E+03
10.705	-1.199290E+06	1.299000E+02	5.151296E+01	5.568179E+03
10.71	-1.199290E+06	1.308317E+02	5.160090E+01	5.568179E+03
10.715	-1.199290E+06	1.382436E+02	5.178688E+01	5.568179E+03
10.72	-1.199290E+06	1.363064E+02	5.195074E+01	5.568179E+03
10.725	-1.199290E+06	1.325041E+02	5.197659E+01	5.568179E+03
10.73	-1.199290E+06	1.407445E+02	5.191586E+01	5.568179E+03
10.735	-1.199290E+06	1.346929E+02	5.184539E+01	5.568179E+03
10.74	-1.199290E+06	1.270488E+02	5.159189E+01	5.568179E+03
10.745	-1.199290E+06	1.334865E+02	5.126550E+01	5.568179E+03
10.75	-1.199290E+06	1.341903E+02	5.098971E+01	5.568179E+03
10.755	-1.199290E+06	1.331164E+02	5.054332E+01	5.568179E+03
10.76	-1.199290E+06	1.315046E+02	5.036880E+01	5.568179E+03
10.765	-1.199290E+06	1.333101E+02	5.081474E+01	5.568179E+03
10.77	-1.199290E+06	1.402565E+02	5.136586E+01	5.568179E+03
10.775	-1.199290E+06	1.317638E+02	5.200245E+01	5.568179E+03
10.78	-1.199290E+06	1.315731E+02	5.269082E+01	5.568179E+03
10.785	-1.199290E+06	1.382150E+02	5.317582E+01	5.568179E+03
10.79	-1.199290E+06	1.333963E+02	5.362129E+01	5.568179E+03
10.795	-1.199290E+06	1.372212E+02	5.371620E+01	5.568179E+03
10.8	-1.199290E+06	1.403317E+02	5.328202E+01	5.568179E+03
10.805	-1.199290E+06	1.371915E+02	5.264702E+01	5.568179E+03
10.81	-1.199290E+06	1.408460E+02	5.168355E+01	5.568179E+03
10.815	-1.199290E+06	1.434927E+02	5.081046E+01	5.568179E+03
10.82	-1.199290E+06	1.419360E+02	5.044644E+01	5.568179E+03
10.825	-1.199290E+06	1.427469E+02	5.004872E+01	5.568179E+03
10.83	-1.199289E+06	1.354440E+02	4.985320E+01	5.568179E+03
10.835	-1.199289E+06	1.327570E+02	5.008185E+01	5.568179E+03
10.84	-1.199290E+06	1.476427E+02	5.049294E+01	5.568179E+03
10.845	-1.199290E+06	1.509076E+02	5.135094E+01	5.568179E+03
10.85	-1.199289E+06	1.438244E+02	5.212268E+01	5.568179E+03
10.855	-1.199290E+06	1.408360E+02	5.236458E+01	5.568179E+03
10.86	-1.199289E+06	1.393601E+02	5.262408E+01	5.568179E+03
10.865	-1.199290E+06	1.441509E+02	5.290611E+01	5.568179E+03
10.87	-1.199289E+06	1.448053E+02	5.323432E+01	5.568179E+03
10.875	-1.199289E+06	1.430524E+02	5.365197E+01	5.568179E+03
10.88	-1.199290E+06	1.483934E+02	5.362913E+01	5.568179E+03
10.885	-1.199289E+06	1.458161E+02	5.315511E+01	5.568179E+03
10.89	-1.199289E+06	1.419015E+02	5.257186E+01	5.568179E+03
10.895	-1.199289E+06	1.459591E+02	5.209044E+01	5.568179E+03
10.9	-1.199290E+06	1.513360E+02	5.176661E+01	5.568179E+03
10.905	-1.199289E+06	1.460414E+02	5.144009E+01	5.568179E+03
10.91	-1.199289E+06	1.442945E+02	5.113940E+01	5.568179E+03
10.915	-1.199290E+06	1.535805E+02	5.120452E+01	5.568179E+03
10.92	-1.199289E+06	1.520502E+02	5.157571E+01	5.568179E+03
10.925	-1.199289E+06	1.545901E+02	5.186174E+01	5.568179E+03
10.93	-1.199290E+06	1.550371E+02	5.217504E+01	5.568179E+03
10.935	-1.199289E+06	1.493174E+02	5.257481E+01	5.568179E+03
10.94	-1.199290E+06	1.565295E+02	5.288839E+01	5.568179E+03
10.945	-1.199289E+06	1.534983E+02	5.314161E+01	5.568179E+03
10.95	-1.199289E+06	1.465530E+02	5.328039E+01	5.568179E+03
10.955	-1.199289E+06	1.479335E+02	5.341668E+01	5.568179E+03
10.96	-1.199289E+06	1.485706E+02	5.367649E+01	5.568179E+03
10.965	-1.199289E+06	1.521783E+02	5.383955E+01	5.568179E+03
10.97	-1.199289E+06	1.645034E+02	5.358892E+01	5.568179E+03
10.975	-1.199289E+06	1.733964E+02	5.295179E+01	5.568179E+03
10.98	-1.199290E+06	1.760911E+02	5.212639E+01	5.568179E+03
10.985	-1.199289E+06	1.659658E+02	5.143441E+01	5.568179E+03
10.99	-1.199289E+06	1.598243E+02	5.106098E+01	5.568179E+03
10.995	-1.199289E+06	1.548090E+02	5.112842E+01	5.568179E+03
11.0	-1.199289E+06	1.589899E+02	5.118709E+01	5.568179E+03
11.005	-1.199289E+06	1.651696E+02	5.122595E+01	5.568179E+03
11.01	-1.199289E+06	1.598310E+02	5.162851E+01	5.568179E+03
11.015	-1.199289E+06	1.629266E+02	5.207425E+01	5.568179E+03
11.02	-1.199289E+06	1.638636E+02	5.238481E+01	5.568179E+03
11.025	-1.199289E+06	1.498301E+02	5.257435E+01	5.568179E+03
11.03	-1.199289E+06	1.611027E+02	5.247385E+01	5.568179E+03
11.035	-1.199289E+06	1.675594E+02	5.249946E+01	5.568179E+03
11.04	-1.199289E+06	1.653208E+02	5.240650E+01	5.568179E+03
11.045	-1.199289E+06	1.741854E+02	5.192902E+01	5.568179E+03
11.05	-1.199289E+06	1.665229E+02	5.139472E+01	5.568179E+03
11.055	-1.199289E+06	1.581609E+02	5.075532E+01	5.568179E+03
11.06	-1.199289E+06	1.625285E+02	5.036061E+01	5.568179E+03
11.065	-1.199289E+06	1.637590E+02	5.055201E+01	5.568179E+03
11.07	-1.199289E+06	1.681889E+02	5.092153E+01	5.568179E+03
11.075	-1.199289E+06	1.778187E+02	5.106988E+01	5.568179E+03
11.08	-1.199289E+06	1.696057E+02	5.107876E+01	5.568179E+03
11.085	-1.199289E+06	1.625126E+02	5.094193E+01	5.568179E+03
11.09	-1.199289E+06	1.745745E+02	5.066744E+01	5.568179E+03
11.095	-1.199289E+06	1.575617E+02	5.064975E+01	5.568179E+03
11.1	-1.199289E+06	1.541395E+02	5.046163E+01	5.568179E+03
11.105	-1.199289E+06	1.659628E+02	5.036882E+01	5.568179E+03
11.11	-1.199288E+06	1.600507E+02	5.087269E+01	5.568179E+03
11.115	-1.199289E+06	1.804715E+02	5.135142E+01	5.568179E+03
11.12	-1.199289E+06	1.865993E+02	5.203910E+01	5.568179E+03
11.125	-1.199289E+06	1.757849E+02	5.258777E+01	5.568179E+03
11.13	-1.199289E+06	1.816379E+02	5.246458E+01	5.568179E+03
11.135	-1.199289E+06	1.796324E+02	5.215365E+01	5.568179E+03
11.14	-1.199289E+06	1.774672E+02	5.158473E+01	5.568179E+03
11.145	-1.199289E+06	1.829640E+02	5.079270E+01	5.568179E+03
11.15	-1.199289E+06	1.812371E+02	5.025089E+01	5.568179E+03
11.155	-1.199289E+06	1.779498E+02	4.979794E+01	5.568179E+03
11.16	-1.199289E+06	1.831255E+02	4.948740E+01	5.568179E+03
11.165	-1.199289E+06	1.774566E+02	4.980014E+01	5.568179E+03
11.17	-1.199288E+06	1.777659E+02	5.029988E+01	5.568179E+03
11.175	-1.199289E+06	1.893850E+02	5.083560E+01	5.568179E+03
11.18	-1.199289E+06	1.887895E+02	5.164571E+01	5.568179E+03
11.185	-1.199289E+06	1.864429E+02	5.195369E+01	5.568179E+03
11.19	-1.199289E+06	1.814582E+02	5.163659E+01	5.568179E+03
11.195	-1.199288E+06	1.780702E+02	5.137783E+01	5.568179E+03
11.2	-1.199289E+06	1.840152E+02	5.116169E+01	5.568179E+03
11.205	-1.199289E+06	1.889541E+02	5.101973E+01	5.568179E+03
11.21	-1.199288E+06	1.828249E+02	5.103366E+01	5.568179E+03
11.215	-1.199288E+06	1.898660E+02	5.091901E+01	5.568179E+03
11.22	-1.199289E+06	2.025026E+02	5.105424E+01	5.568179E+03
11.225	-1.199288E+06	1.924814E+02	5.144544E+01	5.568179E+03
11.23	-1.199288E+06	1.911879E+02	5.145023E+01	5.568179E+03
11.235	-1.199289E+06	1.946377E+02	5.146281E+01	5.568179E+03
11.24	-1.199288E+06	1.841825E+02	5.156617E+01	5.568179E+03
11.245	-1.199288E+06	1.803308E+02	5.146398E+01	5.568179E+03
11.25	-1.199288E+06	1.876349E+02	5.159661E+01	5.568179E+03
11.255	-1.199289E+06	1.917864E+02	5.199328E+01	5.568179E+03
11.26	-1.199288E+06	1.836935E+02	5.242540E+01	5.568179E+03
11.265	-1.199288E+06	1.925594E+02	5.264224E+01	5.568179E+03
11.27	-1.199288E+06	2.023877E+02	5.244373E+01	5.568179E+03
11.275	-1.199288E+06	2.041528E+02	5.212573E+01	5.568179E+03
11.28	-1.199288E+06	2.032380E+02	5.218942E+01	5.568179E+03
11.285	-1.199288E+06	2.058914E+02	5.217458E+01	5.568179E+03
11.29	-1.199288E+06	2.036652E+02	5.175040E+01	5.568179E+03
11.295	-1.199288E+06	1.973179E+02	5.139198E+01	5.568179E+03
11.3	-1.199288E+06	1.997714E+02	5.134888E+01	5.568179E+03
11.305	-1.199288E+06	1.980011E+02	5.160792E+01	5.568179E+03
11.31	-1.199288E+06	2.047591E+02	5.208991E+01	5.568179E+03
11.315	-1.199288E+06	2.099801E+02	5.259301E+01	5.568179E+03
11.32	-1.199288E+06	1.987166E+02	5.289381E+01	5.568179E+03
11.325	-1.199288E+06	1.961273E+02	5.314890E+01	5.568179E+03
11.33	-1.199288E+06	2.089264E+02	5.369301E+01	5.568179E+03
11.335	-1.199288E+06	2.201330E+02	5.428624E+01	5.568179E+03
11.34	-1.199288E+06	2.236280E+02	5.447786E+01	5.568179E+03
11.345	-1.199288E+06	2.195139E+02	5.433095E+01	5.568179E+03
11.35	-1.199288E+06	2.174771E+02	5.361179E+01	5.568179E+03
11.355	-1.199288E+06	2.067817E+02	5.255814E+01	5.568179E+03
11.36	-1.199288E+06	2.021004E+02	5.167635E+01	5.568179E+03
11.365	-1.199288E+06	2.140727E+02	5.109451E+01	5.568179E+03
11.37	-1.199288E+06	2.195216E+02	5.094831E+01	5.568179E+03
11.375	-1.199288E+06	2.167504E+02	5.110308E+01	5.568179E+03
11.38	-1.199288E+06	2.188736E+02	5.164064E+01	5.568179E+03
11.385	-1.199288E+06	2.191830E+02	5.267463E+01	5.568179E+03
11.39	-1.199288E+06	2.171508E+02	5.396751E+01	5.568179E+03
11.395	-1.199288E+06	2.158809E+02	5.553687E+01	5.568179E+03
11.4	-1.199288E+06	2.225934E+02	5.687773E+01	5.568179E+03
11.405	-1.199288E+06	2.356271E+02	5.744621E+01	5.568179E+03
11.41	-1.199288E+06	2.273635E+02	5.763792E+01	5.568179E+03
11.415	-1.199288E+06	2.332103E+02	5.729688E+01	5.568179E+03
11.42	-1.199288E+06	2.310980E+02	5.670401E+01	5.568179E+03
11.425	-1.199288E+06	2.184115E+02	5.600450E+01	5.568179E+03
11.43	-1.199288E+06	2.253622E+02	5.501773E+01	5.568179E+03
11.435	-1.199288E+06	2.261014E+02	5.428589E+01	5.568179E+03
11.44	-1.199288E+06	2.323320E+02	5.371219E+01	5.568179E+03
11.445	-1.199288E+06	2.381763E+02	5.305633E+01	5.568179E+03
11.45	-1.199288E+06	2.324618E+02	5.256358E+01	5.568179E+03
11.455	-1.199288E+06	2.192143E+02	5.236249E+01	5.568179E+03
11.46	-1.199288E+06	2.322185E+02	5.218030E+01	5.568179E+03
11.465	-1.199288E+06	2.421961E+02	5.247124E+01	5.568179E+03
11.47	-1.199288E+06	2.385646E+02	5.305250E+01	5.568179E+03
11.475	-1.199288E+06	2.510382E+02	5.339900E+01	5.568179E+03
11.48	-1.199288E+06	2.376415E+02	5.419809E+01	5.568179E+03
11.485	-1.199288E+06	2.386696E+02	5.501369E+01	5.568179E+03
11.49	-1.199288E+06	2.428524E+02	5.561659E+01	5.568179E+03
11.495	-1.199288E+06	2.352991E+02	5.629934E+01	5.568179E+03
11.5	-1.199288E+06	2.536464E+02	5.646388E+01	5.568179E+03
11.505	-1.199288E+06	2.563837E+02	5.629918E+01	5.568179E+03
11.51	-1.199288E+06	2.339515E+02	5.602679E+01	5.568179E+03
11.515	-1.199288E+06	2.363938E+02	5.528335E+01	5.568179E+03
11.52	-1.199288E+06	2.554641E+02	5.455407E+01	5.568179E+03
11.525	-1.199288E+06	2.475803E+02	5.423169E+01	5.568179E+03
11.53	-1.199288E+06	2.503892E+02	5.378604E+01	5.568179E+03
11.535	-1.199288E+06	2.601012E+02	5.348882E+01	5.568179E+03
11.54	-1.199287E+06	2.516712E+02	5.356466E+01	5.568179E+03
11.545	-1.199288E+06	2.594635E+02	5.362978E+01	5.568179E+03
11.55	-1.199288E+06	2.662255E+02	5.371709E+01	5.568179E+03
11.555	-1.199288E+06	2.523563E+02	5.364948E+01	5.568179E+03
11.56	-1.199287E+06	2.456940E+02	5.347944E+01	5.568179E+03
11.565	-1.199288E+06	2.453524E+02	5.367376E+01	5.568179E+03
11.57	-1.199287E+06	2.446887E+02	5.376749E+01	5.568179E+03
11.575	-1.199288E+06	2.606076E+02	5.344206E+01	5.568179E+03
11.58	-1.199288E+06	2.600389E+02	5.330287E+01	5.568179E+03
11.585	-1.199288E+06	2.569472E+02	5.333096E+01	5.568179E+03
11.59	-1.199288E+06	2.626483E+02	5.370797E+01	5.568179E+03
11.595	-1.199288E+06	2.711263E+02	5.437100E+01	5.568179E+03
11.6	-1.199288E+06	2.845784E+02	5.463023E+01	5.568179E+03
11.605	-1.199287E+06	2.781537E+02	5.444098E+01	5.568179E+03
11.61	-1.199288E+06	2.745154E+02	5.410867E+01	5.568179E+03
11.615	-1.199287E+06	2.676877E+02	5.405096E+01	5.568179E+03
11.62	-1.199287E+06	2.665090E+02	5.409912E+01	5.568179E+03
11.625	-1.199288E+06	2.800385E+02	5.399703E+01	5.568179E+03
11.63	-1.199287E+06	2.751363E+02	5.371680E+01	5.568179E+03
11.635	-1.199288E+06	2.854518E+02	5.292156E+01	5.568179E+03
11.64	-1.199287E+06	2.758167E+02	5.240451E+01	5.568179E+03
11.645	-1.199287E+06	2.740870E+02	5.199343E+01	5.568179E+03
11.65	-1.199287E+06	2.693989E+02	5.158645E+01	5.568179E+03
11.655	-1.199287E+06	2.579397E+02	5.128892E+01	5.568179E+03
11.66	-1.199288E+06	2.790968E+02	5.076254E+01	5.568179E+03
11.665	-1.199287E+06	2.886540E+02	5.078281E+01	5.568179E+03
11.67	-1.199287E+06	2.982614E+02	5.137768E+01	5.568179E+03
11.675	-1.199287E+06	2.954265E+02	5.173915E+01	5.568179E+03
11.68	-1.199287E+06	2.764482E+02	5.191730E+01	5.568179E+03
11.685	-1.199287E+06	2.772615E+02	5.196423E+01	5.568179E+03
11.69	-1.199287E+06	2.734822E+02	5.217431E+01	5.568179E+03
11.695	-1.199287E+06	2.786787E+02	5.317305E+01	5.568179E+03
11.7	-1.199287E+06	2.858607E+02	5.461823E+01	5.568179E+03
11.705	-1.199287E+06	3.061275E+02	5.544227E+01	5.568179E+03
11.71	-1.199287E+06	3.129479E+02	5.596873E+01	5.568179E+03
11.715	-1.199287E+06	3.012164E+02	5.622098E+01	5.568179E+03
11.72	-1.199287E+06	3.008412E+02	5.587338E+01	5.568179E+03
11.725	-1.199287E+06	2.929375E+02	5.559258E+01	5.568179E+03
11.73	-1.199287E+06	2.970414E+02	5.517370E+01	5.568179E+03
11.735	-1.199287E+06	3.088957E+02	5.455244E+01	5.568179E+03
11.74	-1.199287E+06	3.225196E+02	5.405961E+01	5.568179E+03
11.745	-1.199287E+06	3.086196E+02	5.356105E+01	5.568179E+03
11.75	-1.199287E+06	2.980639E+02	5.311728E+01	5.568179E+03
11.755	-1.199287E+06	2.990038E+02	5.330013E+01	5.568179E+03
11.76	-1.199286E+06	3.052628E+02	5.324744E+01	5.568179E+03
11.765	-1.199287E+06	3.231923E+02	5.284612E+01	5.568179E+03
11.77	-1.199286E+06	3.192184E+02	5.314283E+01	5.568179E+03
11.775	-1.199287E+06	3.283086E+02	5.342975E+01	5.568179E+03
11.78	-1.199287E+06	3.206291E+02	5.383342E+01	5.568179E+03
11.785	-1.199286E+06	3.130222E+02	5.431614E+01	5.568179E+03
11.79	-1.199286E+06	3.187214E+02	5.432147E+01	5.568179E+03
11.795	-1.199286E+06	3.210744E+02	5.394661E+01	5.568179E+03
11.8	-1.199286E+06	3.182667E+02	5.341380E+01	5.568179E+03
11.805	-1.199286E+06	3.215475E+02	5.278874E+01	5.568179E+03
11.81	-1.199286E+06	3.228959E+02	5.281309E+01	5.568179E+03
11.815	-1.199286E+06	3.227064E+02	5.355161E+01	5.568179E+03
11.82	-1.199286E+06	3.238561E+02	5.399347E+01	5.568179E+03
11.825	-1.199286E+06	3.287393E+02	5.402530E+01	5.568179E+03
11.83	-1.199286E+06	3.234730E+02	5.419887E+01	5.568179E+03
11.835	-1.199286E+06	3.237812E+02	5.429388E+01	5.568179E+03
11.84	-1.199286E+06	3.412713E+02	5.440770E+01	5.568179E+03
11.845	-1.199286E+06	3.377870E+02	5.440605E+01	5.568179E+03
11.85	-1.199286E+06	3.320849E+02	5.340292E+01	5.568179E+03
11.855	-1.199286E+06	3.395695E+02	5.220688E+01	5.568179E+03
11.86	-1.199286E+06	3.307183E+02	5.164631E+01	5.568179E+03
11.865	-1.199285E+06	3.182913E+02	5.107712E+01	5.568179E+03
11.87	-1.199286E+06	3.396576E+02	5.093229E+01	5.568179E+03
11.875	-1.199286E+06	3.596431E+02	5.163122E+01	5.568179E+03
11.88	-1.199286E+06	3.507771E+02	5.209666E+01	5.568179E+03
11.885	-1.199285E+06	3.344977E+02	5.267734E+01	5.568179E+03
11.89	-1.199286E+06	3.410986E+02	5.379100E+01	5.568179E+03
11.895	-1.199285E+06	3.523085E+02	5.444763E+01	5.568179E+03
11.9	-1.199286E+06	3.626237E+02	5.427441E+01	5.568179E+03
11.905	-1.199285E+06	3.524876E+02	5.363951E+01	5.568179E+03
11.91	-1.199286E+06	3.537844E+02	5.255841E+01	5.568179E+03
11.915	-1.199286E+06	3.517841E+02	5.188715E+01	5.568179E+03
11.92	-1.199285E+06	3.345791E+02	5.119623E+01	5.568179E+03
11.925	-1.199286E+06	3.440786E+02	4.981728E+01	5.568179E+03
11.93	-1.199285E+06	3.553486E+02	4.927512E+01	5.568179E+03
11.935	-1.199286E+06	3.736636E+02	4.933373E+01	5.568179E+03
11.94	-1.199286E+06	3.805029E+02	4.933933E+01	5.568179E+03
11.945	-1.199285E+06	3.639951E+02	4.975194E+01	5.568179E+03
11.95	-1.199285E+06	3.815598E+02	4.986496E+01	5.568179E+03
11.955	-1.199285E+06	3.866870E+02	4.993834E+01	5.568179E+03
11.96	-1.199285E+06	3.746386E+02	5.009884E+01	5.568179E+03
11.965	-1.199285E+06	3.851153E+02	4.975923E+01	5.568179E+03
11.97	-1.199285E+06	3.914833E+02	4.962658E+01	5.568179E+03
11.975	-1.199285E+06	3.885041E+02	5.011604E+01	5.568179E+03
11.98	-1.199285E+06	3.772704E+02	5.082393E+01	5.568179E+03
11.985	-1.199285E+06	3.897677E+02	5.097925E+01	5.568179E+03
11.99	-1.199285E+06	3.897149E+02	5.039624E+01	5.568179E+03
11.995	-1.199284E+06	3.687315E+02	4.919790E+01	5.568179E+03
12.0	-1.199285E+06	3.821311E+02	4.812451E+01	5.568179E+03
12.005	-1.199285E+06	3.851346E+02	4.849377E+01	5.568179E+03
12.01	-1.199285E+06	4.117194E+02	4.853929E+01	5.568179E+03
12.015	-1.199285E+06	4.047539E+02	4.774752E+01	5.568179E+03
12.02	-1.199284E+06	3.719485E+02	4.698894E+01	5.568179E+03
12.025	-1.199285E+06	3.908997E+02	4.645353E+01	5.568179E+03
12.03	-1.199285E+06	3.979843E+02	4.704545E+01	5.568179E+03
12.035	-1.199284E+06	4.073102E+02	4.828797E+01	5.568179E+03
12.04	-1.199285E+06	4.261605E+02	4.909023E+01	5.568179E+03
12.045	-1.199284E+06	3.996110E+02	4.978813E+01	5.568179E+03
12.05	-1.199284E+06	3.824392E+02	5.032707E+01	5.568179E+03
12.055	-1.199284E+06	3.719895E+02	5.055641E+01	5.568179E+03
12.06	-1.199284E+06	3.873951E+02	5.070318E+01	5.568179E+03
12.065	-1.199285E+06	4.188613E+02	5.071232E+01	5.568179E+03
12.07	-1.199285E+06	4.270417E+02	4.960123E+01	5.568179E+03
12.075	-1.199284E+06	4.121708E+02	4.831031E+01	5.568179E+03
12.08	-1.199284E+06	4.055708E+02	4.758516E+01	5.568179E+03
12.085	-1.199284E+06	4.221806E+02	4.677022E+01	5.568179E+03
12.09	-1.199285E+06	4.374201E+02	4.599351E+01	5.568179E+03
12.095	-1.199284E+06	4.262167E+02	4.554892E+01	5.568179E+03
12.1	-1.199284E+06	4.123726E+02	4.550222E+01	5.568179E+03
12.105	-1.199284E+06	3.958484E+02	4.657515E+01	5.568179E+03
12.11	-1.199284E+06	4.140726E+02	4.870929E+01	5.568179E+03
12.115	-1.199285E+06	4.523972E+02	5.117555E+01	5.568179E+03
12.12	-1.199284E+06	4.492129E+02	5.295327E+01	5.568179E+03
12.125	-1.199284E+06	4.411043E+02	5.361020E+01	5.568179E+03
12.13	-1.199284E+06	4.306014E+02	5.423675E+01	5.568179E+03
12.135	-1.199284E+06	4.370851E+02	5.470378E+01	5.568179E+03
12.14	-1.199284E+06	4.422835E+02	5.473255E+01	5.568179E+03
12.145	-1.199284E+06	4.392625E+02	5.409204E+01	5.568179E+03
12.15	-1.199284E+06	4.309970E+02	5.314259E+01	5.568179E+03
12.155	-1.199284E+06	4.352556E+02	5.197245E+01	5.568179E+03
12.16	-1.199284E+06	4.414070E+02	5.097676E+01	5.568179E+03
12.165	-1.199284E+06	4.474837E+02	5.059153E+01	5.568179E+03
12.17	-1.199283E+06	4.470652E+02	5.084037E+01	5.568179E+03
12.175	-1.199284E+06	4.726950E+02	5.124048E+01	5.568179E+03
12.18	-1.199284E+06	4.935667E+02	5.175319E+01	5.568179E+03
12.185	-1.199284E+06	4.885102E+02	5.226089E+01	5.568179E+03
12.19	-1.199284E+06	4.787523E+02	5.256225E+01	5.568179E+03
12.195	-1.199284E+06	4.651253E+02	5.273573E+01	5.568179E+03
12.2	-1.199283E+06	4.341261E+02	5.302863E+01	5.568179E+03
12.205	-1.199282E+06	4.264795E+02	5.383826E+01	5.568179E+03
12.21	-1.199284E+06	4.797711E+02	5.449194E+01	5.568179E+03
12.215	-1.199283E+06	4.655127E+02	5.461826E+01	5.568179E+03
12.22	-1.199282E+06	4.548862E+02	5.422743E+01	5.568179E+03
12.225	-1.199284E+06	5.073249E+02	5.357936E+01	5.568179E+03
12.23	-1.199283E+06	5.007829E+02	5.251565E+01	5.568179E+03
12.235	-1.199283E+06	4.615530E+02	5.091784E+01	5.568179E+03
12.24	-1.199283E+06	4.607397E+02	4.940260E+01	5.568179E+03
12.245	-1.199283E+06	4.842511E+02	4.886101E+01	5.568179E+03
12.25	-1.199283E+06	4.965041E+02	4.907739E+01	5.568179E+03
12.255	-1.199283E+06	4.775447E+02	4.945225E+01	5.568179E+03
12.26	-1.199283E+06	4.709955E+02	5.061051E+01	5.568179E+03
12.265	-1.199283E+06	4.819494E+02	5.188498E+01	5.568179E+03
12.27	-1.199283E+06	5.037107E+02	5.187317E+01	5.568179E+03
12.275	-1.199283E+06	5.025312E+02	5.199682E+01	5.568179E+03
12.28	-1.199282E+06	4.898777E+02	5.190404E+01	5.568179E+03
12.285	-1.199283E+06	5.013612E+02	5.073964E+01	5.568179E+03
12.29	-1.199282E+06	4.645001E+02	5.010144E+01	5.568179E+03
12.295	-1.199283E+06	4.764267E+02	4.805113E+01	5.568179E+03
12.3	-1.199283E+06	4.756405E+02	4.628121E+01	5.568179E+03
12.305	-1.199282E+06	4.697334E+02	4.629965E+01	5.568179E+03
12.31	-1.199283E+06	5.151974E+02	4.542871E+01	5.568179E+03
12.315	-1.199282E+06	5.071448E+02	4.510137E+01	5.568179E+03
12.32	-1.199282E+06	5.001325E+02	4.499554E+01	5.568179E+03
12.325	-1.199283E+06	5.027978E+02	4.370897E+01	5.568179E+03
12.33	-1.199281E+06	4.671391E+02	4.510159E+01	5.568179E+03
12.335	-1.199282E+06	4.953675E+02	4.851205E+01	5.568179E+03
12.34	-1.199283E+06	5.548144E+02	5.028061E+01	5.568179E+03
12.345	-1.199282E+06	5.397581E+02	5.110638E+01	5.568179E+03
12.35	-1.199281E+06	5.036675E+02	5.050058E+01	5.568179E+03
12.355	-1.199283E+06	5.195976E+02	4.946449E+01	5.568179E+03
12.36	-1.199282E+06	5.090491E+02	5.097685E+01	5.568179E+03
12.365	-1.199282E+06	5.301722E+02	5.144920E+01	5.568179E+03
12.37	-1.199283E+06	5.391255E+02	5.061190E+01	5.568179E+03
12.375	-1.199282E+06	5.210498E+02	5.088658E+01	5.568179E+03
12.38	-1.199283E+06	5.597873E+02	4.984369E+01	5.568179E+03
12.385	-1.199283E+06	5.719925E+02	4.845239E+01	5.568179E+03
12.39	-1.199281E+06	5.288246E+02	4.814191E+01	5.568179E+03
12.395	-1.199283E+06	5.590024E+02	4.642002E+01	5.568179E+03
12.4	-1.199283E+06	5.542981E+02	4.473451E+01	5.568179E+03
12.405	-1.199281E+06	4.974341E+02	4.419042E+01	5.568179E+03
12.41	-1.199282E+06	5.394257E+02	4.352559E+01	5.568179E+03
12.415	-1.199283E+06	5.748143E+02	4.397455E+01	5.568179E+03
12.42	-1.199281E+06	5.410205E+02	4.575306E+01	5.568179E+03
12.425	-1.199282E+06	5.592187E+02	4.733171E+01	5.568179E+03
12.43	-1.199283E+06	5.746269E+02	4.879683E+01	5.568179E+03
12.435	-1.199282E+06	5.466871E+02	4.963166E+01	5.568179E+03
12.44	-1.199281E+06	5.473641E+02	4.963604E+01	5.568179E+03
12.445	-1.199283E+06	5.724776E+02	4.979298E+01	5.568179E+03
12.45	-1.199281E+06	5.506891E+02	4.958352E+01	5.568179E+03
12.455	-1.199282E+06	5.610151E+02	4.744467E+01	5.568179E+03
12.46	-1.199282E+06	5.370178E+02	4.512440E+01	5.568179E+03
12.465	-1.199281E+06	5.215036E+02	4.287331E+01	5.568179E+03
12.47	-1.199283E+06	5.758020E+02	4.056491E+01	5.568179E+03
12.475	-1.199281E+06	5.507926E+02	3.963273E+01	5.568179E+03
12.48	-1.199281E+06	5.334663E+02	3.888063E+01	5.568179E+03
12.485	-1.199282E+06	5.574036E+02	3.835821E+01	5.568179E+03
12.49	-1.199281E+06	5.558908E+02	3.914057E+01	5.568179E+03
12.495	-1.199281E+06	5.759997E+02	4.045900E+01	5.568179E+03
12.5	-1.199282E+06	5.974472E+02	4.182993E+01	5.568179E+03
12.505	-1.199281E+06	5.599069E+02	4.292325E+01	5.568179E+03
12.51	-1.199281E+06	5.461781E+02	4.315026E+01	5.568179E+03
12.515	-1.199282E+06	5.706501E+02	4.339779E+01	5.568179E+03
12.52	-1.199282E+06	5.685464E+02	4.359595E+01	5.568179E+03
12.525	-1.199280E+06	5.506360E+02	4.422137E+01	5.568179E+03
12.53	-1.199282E+06	5.893864E+02	4.471269E+01	5.568179E+03
12.535	-1.199281E+06	5.585551E+02	4.498793E+01	5.568179E+03
12.54	-1.199281E+06	5.569626E+02	4.478951E+01	5.568179E+03
12.545	-1.199282E+06	5.944653E+02	4.446100E+01	5.568179E+03
12.55	-1.199281E+06	5.889884E+02	4.502703E+01	5.568179E+03
12.555	-1.199282E+06	6.283861E+02	4.517291E+01	5.568179E+03
12.56	-1.199282E+06	6.198202E+02	4.496312E+01	5.568179E+03
12.565	-1.199280E+06	5.760607E+02	4.563984E+01	5.568179E+03
12.57	-1.199281E+06	6.096320E+02	4.699681E+01	5.568179E+03
12.575	-1.199282E+06	6.588916E+02	4.864730E+01	5.568179E+03
12.58	-1.199281E+06	6.488280E+02	4.996966E+01	5.568179E+03
12.585	-1.199281E+06	6.123927E+02	4.994560E+01	5.568179E+03
12.59	-1.199281E+06	6.037611E+02	4.852317E+01	5.568179E+03
12.595	-1.199281E+06	5.835572E+02	4.733312E+01	5.568179E+03
12.6	-1.199280E+06	5.925294E+02	4.604333E+01	5.568179E+03
12.605	-1.199281E+06	6.294396E+02	4.496692E+01	5.568179E+03
12.61	-1.199281E+06	6.339035E+02	4.494209E+01	5.568179E+03
12.615	-1.199281E+06	6.068237E+02	4.445432E+01	5.568179E+03
12.62	-1.199280E+06	5.956064E+02	4.460416E+01	5.568179E+03
12.625	-1.199281E+06	6.498078E+02	4.610789E+01	5.568179E+03
12.63	-1.199281E+06	6.574365E+02	4.703446E+01	5.568179E+03
12.635	-1.199280E+06	6.213216E+02	4.702670E+01	5.568179E+03
12.64	-1.199280E+06	6.199608E+02	4.708477E+01	5.568179E+03
12.645	-1.199280E+06	6.326998E+02	4.770942E+01	5.568179E+03
12.65	-1.199281E+06	6.469917E+02	4.782285E+01	5.568179E+03
12.655	-1.199280E+06	6.192506E+02	4.711856E+01	5.568179E+03
12.66	-1.199280E+06	6.129140E+02	4.628059E+01	5.568179E+03
12.665	-1.199280E+06	6.122305E+02	4.586140E+01	5.568179E+03
12.67	-1.199280E+06	5.965865E+02	4.556667E+01	5.568179E+03
12.675	-1.199280E+06	5.890974E+02	4.479776E+01	5.568179E+03
12.68	-1.199280E+06	5.860580E+02	4.400425E+01	5.568179E+03
12.685	-1.199281E+06	6.273035E+02	4.437258E+01	5.568179E+03
12.69	-1.199280E+06	6.336291E+02	4.567240E+01	5.568179E+03
12.695	-1.199280E+06	6.229657E+02	4.702475E+01	5.568179E+03
12.7	-1.199280E+06	6.467583E+02	4.896329E+01	5.568179E+03
12.705	-1.199281E+06	6.750697E+02	5.001407E+01	5.568179E+03
12.71	-1.199280E+06	6.473023E+02	4.984222E+01	5.568179E+03
12.715	-1.199280E+06	6.360437E+02	4.939579E+01	5.568179E+03
12.72	-1.199280E+06	6.480981E+02	4.830335E+01	5.568179E+03
12.725	-1.199280E+06	6.295319E+02	4.685492E+01	5.568179E+03
12.73	-1.199279E+06	5.930600E+02	4.639748E+01	5.568179E+03
12.735	-1.199280E+06	6.534527E+02	4.580051E+01	5.568179E+03
12.74	-1.199281E+06	6.894600E+02	4.577268E+01	5.568179E+03
12.745	-1.199279E+06	6.468805E+02	4.630796E+01	5.568179E+03
12.75	-1.199280E+06	6.433395E+02	4.592013E+01	5.568179E+03
12.755	-1.199280E+06	6.405911E+02	4.586633E+01	5.568179E+03
12.76	-1.199280E+06	6.357160E+02	4.631048E+01	5.568179E+03
12.765	-1.199280E+06	6.346566E+02	4.660369E+01	5.568179E+03
12.77	-1.199280E+06	6.495318E+02	4.666325E+01	5.568179E+03
12.775	-1.199280E+06	6.629267E+02	4.623031E+01	5.568179E+03
12.78	-1.199279E+06	6.352718E+02	4.552003E+01	5.568179E+03
12.785	-1.199279E+06	6.361639E+02	4.498759E+01	5.568179E+03
12.79	-1.199280E+06	6.716618E+02	4.468653E+01	5.568179E+03
12.795	-1.199280E+06	6.995242E+02	4.432802E+01	5.568179E+03
12.8	-1.199279E+06	6.792793E+02	4.436493E+01	5.568179E+03
12.805	-1.199280E+06	6.669446E+02	4.448600E+01	5.568179E+03
12.81	-1.199280E+06	6.521083E+02	4.428862E+01	5.568179E+03
12.815	-1.199279E+06	6.126483E+02	4.443673E+01	5.568179E+03
12.82	-1.199279E+06	6.238811E+02	4.495994E+01	5.568179E+03
12.825	-1.199280E+06	6.719214E+02	4.563124E+01	5.568179E+03
12.83	-1.199279E+06	6.555576E+02	4.687310E+01	5.568179E+03
12.835	-1.199280E+06	6.770748E+02	4.760146E+01	5.568179E+03
12.84	-1.199279E+06	6.685048E+02	4.845297E+01	5.568179E+03
12.845	-1.199279E+06	6.666816E+02	4.852650E+01	5.568179E+03
12.85	-1.199280E+06	6.922287E+02	4.815658E+01	5.568179E+03
12.855	-1.199279E+06	6.829187E+02	4.881671E+01	5.568179E+03
12.86	-1.199280E+06	7.119354E+02	4.788392E+01	5.568179E+03
12.865	-1.199279E+06	6.911340E+02	4.541999E+01	5.568179E+03
12.87	-1.199279E+06	6.526824E+02	4.284396E+01	5.568179E+03
12.875	-1.199279E+06	6.406246E+02	4.039751E+01	5.568179E+03
12.88	-1.199279E+06	6.542880E+02	3.926663E+01	5.568179E+03
12.885	-1.199280E+06	6.798382E+02	3.947844E+01	5.568179E+03
12.89	-1.199278E+06	6.499504E+02	3.973286E+01	5.568179E+03
12.895	-1.199280E+06	6.932480E+02	4.032443E+01	5.568179E+03
12.9	-1.199279E+06	6.783053E+02	4.264976E+01	5.568179E+03
12.905	-1.199278E+06	6.499092E+02	4.423638E+01	5.568179E+03
12.91	-1.199280E+06	6.910887E+02	4.504826E+01	5.568179E+03
12.915	-1.199279E+06	6.783305E+02	4.583977E+01	5.568179E+03
12.92	-1.199279E+06	6.444832E+02	4.565276E+01	5.568179E+03
12.925	-1.199279E+06	6.435123E+02	4.466557E+01	5.568179E+03
12.93	-1.199279E+06	6.390782E+02	4.345234E+01	5.568179E+03
12.935	-1.199280E+06	6.584495E+02	4.153319E+01	5.568179E+03
12.94	-1.199278E+06	6.562254E+02	3.977352E+01	5.568179E+03
12.945	-1.199280E+06	6.910517E+02	3.811095E+01	5.568179E+03
12.95	-1.199279E+06	6.529390E+02	3.666138E+01	5.568179E+03
12.955	-1.199278E+06	6.101518E+02	3.566087E+01	5.568179E+03
12.96	-1.199279E+06	6.532712E+02	3.625989E+01	5.568179E+03
12.965	-1.199279E+06	6.712443E+02	3.879903E+01	5.568179E+03
12.97	-1.199279E+06	6.934265E+02	4.152343E+01	5.568179E+03
12.975	-1.199279E+06	7.045680E+02	4.447586E+01	5.568179E+03
12.98	-1.199279E+06	7.119015E+02	4.695508E+01	5.568179E+03
12.985	-1.199279E+06	6.976534E+02	4.875238E+01	5.568179E+03
12.99	-1.199279E+06	6.842678E+02	4.981886E+01	5.568179E+03
12.995	-1.199279E+06	6.864896E+02	5.040749E+01	5.568179E+03
13.0	-1.199279E+06	6.718779E+02	5.121541E+01	5.568179E+03
13.005	-1.199280E+06	6.894115E+02	5.110539E+01	5.568179E+03
13.01	-1.199279E+06	6.784351E+02	5.052747E+01	5.568179E+03
13.015	-1.199280E+06	6.857781E+02	4.873130E+01	5.568179E+03
13.02	-1.199279E+06	6.660506E+02	4.654069E+01	5.568179E+03
13.025	-1.199279E+06	6.704764E+02	4.586095E+01	5.568179E+03
13.03	-1.199280E+06	6.978060E+02	4.532547E+01	5.568179E+03
13.035	-1.199279E+06	6.749773E+02	4.398256E+01	5.568179E+03
13.04	-1.199279E+06	6.872076E+02	4.324534E+01	5.568179E+03
13.045	-1.199280E+06	6.945096E+02	4.294151E+01	5.568179E+03
13.05	-1.199279E+06	6.681244E+02	4.381249E+01	5.568179E+03
13.055	-1.199278E+06	6.576451E+02	4.735190E+01	5.568179E+03
13.06	-1.199281E+06	7.254940E+02	4.947975E+01	5.568179E+03
13.065	-1.199279E+06	6.786162E+02	5.016054E+01	5.568179E+03
13.07	-1.199278E+06	6.620490E+02	5.087578E+01	5.568179E+03
13.075	-1.199281E+06	7.160350E+02	5.103001E+01	5.568179E+03
13.08	-1.199279E+06	6.660373E+02	5.103813E+01	5.568179E+03
13.085	-1.199279E+06	6.577423E+02	5.029686E+01	5.568179E+03
13.09	-1.199279E+06	6.800904E+02	4.894902E+01	5.568179E+03
13.095	-1.199280E+06	6.801637E+02	4.759428E+01	5.568179E+03
13.1	-1.199278E+06	6.537209E+02	4.703531E+01	5.568179E+03
13.105	-1.199280E+06	7.033998E+02	4.661835E+01	5.568179E+03
13.11	-1.199280E+06	6.984660E+02	4.755324E+01	5.568179E+03
13.115	-1.199278E+06	6.550981E+02	4.892208E+01	5.568179E+03
13.12	-1.199280E+06	6.925714E+02	4.926630E+01	5.568179E+03
13.125	-1.199279E+06	6.798579E+02	5.029902E+01	5.568179E+03
13.13	-1.199279E+06	6.944491E+02	5.095875E+01	5.568179E+03
13.135	-1.199280E+06	6.990855E+02	5.133291E+01	5.568179E+03
13.14	-1.199279E+06	6.790902E+02	5.155433E+01	5.568179E+03
13.145	-1.199279E+06	6.672774E+02	5.127163E+01	5.568179E+03
13.15	-1.199279E+06	6.509977E+02	5.103934E+01	5.568179E+03
13.155	-1.199280E+06	6.451109E+02	5.051284E+01	5.568179E+03
13.16	-1.199279E+06	6.206712E+02	4.976679E+01	5.568179E+03
13.165	-1.199279E+06	6.445700E+02	4.982855E+01	5.568179E+03
13.17	-1.199280E+06	6.782779E+02	5.101109E+01	5.568179E+03
13.175	-1.199279E+06	6.839073E+02	5.108618E+01	5.568179E+03
13.18	-1.199280E+06	6.852860E+02	5.047338E+01	5.568179E+03
13.185	-1.199279E+06	6.531822E+02	5.074368E+01	5.568179E+03
13.19	-1.199280E+06	6.744217E+02	5.048298E+01	5.568179E+03
13.195	-1.199279E+06	6.559619E+02	5.071844E+01	5.568179E+03
13.2	-1.199280E+06	6.680862E+02	5.096104E+01	5.568179E+03
13.205	-1.199280E+06	6.578773E+02	5.117834E+01	5.568179E+03
13.21	-1.199280E+06	6.350809E+02	5.129435E+01	5.568179E+03
13.215	-1.199279E+06	6.314265E+02	5.140119E+01	5.568179E+03
13.22	-1.199280E+06	6.492134E+02	5.110400E+01	5.568179E+03
13.225	-1.199280E+06	6.687537E+02	5.055429E+01	5.568179E+03
13.23	-1.199279E+06	6.707114E+02	5.019829E+01	5.568179E+03
13.235	-1.199280E+06	7.017120E+02	4.892773E+01	5.568179E+03
13.24	-1.199280E+06	6.803995E+02	4.731030E+01	5.568179E+03
13.245	-1.199279E+06	6.136809E+02	4.666394E+01	5.568179E+03
13.25	-1.199280E+06	6.371829E+02	4.659859E+01	5.568179E+03
13.255	-1.199280E+06	6.561924E+02	4.780753E+01	5.568179E+03
13.26	-1.199280E+06	6.717615E+02	4.888626E+01	5.568179E+03
13.265	-1.199281E+06	6.903839E+02	4.835618E+01	5.568179E+03
13.27	-1.199279E+06	6.429012E+02	4.854043E+01	5.568179E+03
13.275	-1.199280E+06	6.528924E+02	4.980153E+01	5.568179E+03
13.28	-1.199280E+06	6.603637E+02	5.117693E+01	5.568179E+03
13.285	-1.199280E+06	6.543250E+02	5.197408E+01	5.568179E+03
13.29	-1.199279E+06	6.383472E+02	5.255629E+01	5.568179E+03
13.295	-1.199281E+06	6.874925E+02	5.229658E+01	5.568179E+03
13.3	-1.199280E+06	6.828194E+02	5.171233E+01	5.568179E+03
13.305	-1.199279E+06	6.301214E+02	5.082809E+01	5.568179E+03
13.31	-1.199280E+06	6.586223E+02	4.961940E+01	5.568179E+03
13.315	-1.199281E+06	6.679132E+02	4.842201E+01	5.568179E+03
13.32	-1.199279E+06	6.261329E+02	4.687489E+01	5.568179E+03
13.325	-1.199280E+06	6.345550E+02	4.538129E+01	5.568179E+03
13.33	-1.199280E+06	6.335645E+02	4.455998E+01	5.568179E+03
