t	totalEnergy 	temperature  	pressure 	volume 		PtensXX 	PtensXY 	PtensXZ 	PtensYX 	PtensYY 	PtensYZ 	PtensZX 	PtensZY 	PtensZZ
0,0	-1,199320E+06	2,999994E+02	1,647897E+01	5,568179E+03
0,005	-1,199330E+06	5,727064E+02	2,379197E+01	5,568179E+03
0,01	-1,199327E+06	7,084807E+02	3,857904E+01	5,568179E+03
0,015	-1,199326E+06	7,378670E+02	5,039715E+01	5,568179E+03
0,02	-1,199329E+06	7,877416E+02	5,804582E+01	5,568179E+03
0,025	-1,199324E+06	6,471019E+02	6,288614E+01	5,568179E+03
0,03	-1,199327E+06	6,711119E+02	6,704107E+01	5,568179E+03
0,035	-1,199327E+06	6,991662E+02	6,926573E+01	5,568179E+03
0,04	-1,199326E+06	6,859938E+02	6,802178E+01	5,568179E+03
0,045	-1,199328E+06	7,280447E+02	6,344068E+01	5,568179E+03
0,05	-1,199327E+06	7,104928E+02	5,496336E+01	5,568179E+03
0,055	-1,199327E+06	6,817020E+02	4,836630E+01	5,568179E+03
0,06	-1,199327E+06	6,735574E+02	4,470123E+01	5,568179E+03
0,065	-1,199327E+06	6,319392E+02	4,248586E+01	5,568179E+03
0,07	-1,199325E+06	6,018236E+02	4,315986E+01	5,568179E+03
0,075	-1,199328E+06	7,219994E+02	4,356588E+01	5,568179E+03
0,08	-1,199328E+06	7,445655E+02	4,568947E+01	5,568179E+03
0,085	-1,199325E+06	6,878425E+02	4,973400E+01	5,568179E+03
0,09	-1,199329E+06	7,774081E+02	5,185093E+01	5,568179E+03
0,095	-1,199326E+06	7,126722E+02	5,466935E+01	5,568179E+03
0,1	-1,199327E+06	6,840263E+02	5,589383E+01	5,568179E+03
0,105	-1,199328E+06	6,839446E+02	5,570027E+01	5,568179E+03
0,11	-1,199325E+06	6,256248E+02	5,611677E+01	5,568179E+03
0,115	-1,199327E+06	6,638353E+02	5,556968E+01	5,568179E+03
0,12	-1,199327E+06	6,696983E+02	5,508031E+01	5,568179E+03
0,125	-1,199327E+06	6,760811E+02	5,311140E+01	5,568179E+03
0,13	-1,199328E+06	6,697992E+02	4,942163E+01	5,568179E+03
0,135	-1,199326E+06	6,043617E+02	4,479835E+01	5,568179E+03
0,14	-1,199326E+06	5,834325E+02	4,107839E+01	5,568179E+03
0,145	-1,199327E+06	6,349344E+02	4,123953E+01	5,568179E+03
0,15	-1,199327E+06	6,567461E+02	4,284175E+01	5,568179E+03
0,155	-1,199326E+06	6,603290E+02	4,407929E+01	5,568179E+03
0,16	-1,199328E+06	7,015011E+02	4,418950E+01	5,568179E+03
0,165	-1,199327E+06	6,926383E+02	4,374064E+01	5,568179E+03
0,17	-1,199326E+06	6,579478E+02	4,668596E+01	5,568179E+03
0,175	-1,199327E+06	6,732737E+02	4,975887E+01	5,568179E+03
0,18	-1,199328E+06	6,719759E+02	5,102211E+01	5,568179E+03
0,185	-1,199327E+06	6,354094E+02	5,227640E+01	5,568179E+03
0,19	-1,199327E+06	6,295739E+02	5,046403E+01	5,568179E+03
0,195	-1,199327E+06	6,608040E+02	4,972081E+01	5,568179E+03
0,2	-1,199327E+06	6,624625E+02	5,124317E+01	5,568179E+03
0,205	-1,199327E+06	6,591133E+02	4,987563E+01	5,568179E+03
0,21	-1,199328E+06	7,033664E+02	4,740162E+01	5,568179E+03
0,215	-1,199327E+06	6,902405E+02	4,415600E+01	5,568179E+03
0,22	-1,199327E+06	6,736646E+02	4,192182E+01	5,568179E+03
0,225	-1,199327E+06	6,674964E+02	4,454199E+01	5,568179E+03
0,23	-1,199327E+06	6,539572E+02	4,804538E+01	5,568179E+03
0,235	-1,199327E+06	6,636859E+02	5,000767E+01	5,568179E+03
0,24	-1,199328E+06	6,926198E+02	5,089620E+01	5,568179E+03
0,245	-1,199327E+06	6,615677E+02	5,171525E+01	5,568179E+03
0,25	-1,199327E+06	6,601754E+02	5,276816E+01	5,568179E+03
0,255	-1,199327E+06	6,468294E+02	5,416241E+01	5,568179E+03
0,26	-1,199326E+06	6,145937E+02	5,482162E+01	5,568179E+03
0,265	-1,199328E+06	6,534436E+02	5,303276E+01	5,568179E+03
0,27	-1,199327E+06	6,453675E+02	5,043800E+01	5,568179E+03
0,275	-1,199326E+06	6,382575E+02	4,797124E+01	5,568179E+03
0,28	-1,199328E+06	6,777092E+02	4,556944E+01	5,568179E+03
0,285	-1,199326E+06	6,246319E+02	4,416825E+01	5,568179E+03
0,29	-1,199327E+06	6,252187E+02	4,198866E+01	5,568179E+03
0,295	-1,199329E+06	6,658109E+02	4,004756E+01	5,568179E+03
0,3	-1,199326E+06	6,116565E+02	4,073768E+01	5,568179E+03
0,305	-1,199327E+06	6,170863E+02	4,260166E+01	5,568179E+03
0,31	-1,199328E+06	6,638232E+02	4,609039E+01	5,568179E+03
0,315	-1,199326E+06	6,183598E+02	5,110399E+01	5,568179E+03
0,32	-1,199327E+06	6,344397E+02	5,440555E+01	5,568179E+03
0,325	-1,199329E+06	6,621814E+02	5,633749E+01	5,568179E+03
0,33	-1,199326E+06	5,961630E+02	5,707885E+01	5,568179E+03
0,335	-1,199328E+06	6,333292E+02	5,620111E+01	5,568179E+03
0,34	-1,199328E+06	6,227904E+02	5,580310E+01	5,568179E+03
0,345	-1,199326E+06	5,968137E+02	5,399739E+01	5,568179E+03
0,35	-1,199330E+06	6,675503E+02	5,015499E+01	5,568179E+03
0,355	-1,199326E+06	6,049253E+02	4,680855E+01	5,568179E+03
0,36	-1,199327E+06	6,045279E+02	4,399671E+01	5,568179E+03
0,365	-1,199328E+06	6,276068E+02	4,420905E+01	5,568179E+03
0,37	-1,199327E+06	6,312866E+02	4,572602E+01	5,568179E+03
0,375	-1,199328E+06	6,678687E+02	4,527856E+01	5,568179E+03
0,38	-1,199328E+06	6,551748E+02	4,362920E+01	5,568179E+03
0,385	-1,199328E+06	6,204813E+02	4,370043E+01	5,568179E+03
0,39	-1,199327E+06	5,834591E+02	4,708494E+01	5,568179E+03
0,395	-1,199329E+06	6,310194E+02	5,099642E+01	5,568179E+03
0,4	-1,199328E+06	6,231994E+02	5,416699E+01	5,568179E+03
0,405	-1,199328E+06	6,113224E+02	5,432564E+01	5,568179E+03
0,41	-1,199328E+06	6,094537E+02	5,375075E+01	5,568179E+03
0,415	-1,199327E+06	5,986343E+02	5,546966E+01	5,568179E+03
0,42	-1,199330E+06	6,457801E+02	5,663954E+01	5,568179E+03
0,425	-1,199327E+06	5,910668E+02	5,683808E+01	5,568179E+03
0,43	-1,199328E+06	6,262129E+02	5,477073E+01	5,568179E+03
0,435	-1,199329E+06	6,416987E+02	5,159229E+01	5,568179E+03
0,44	-1,199327E+06	5,905717E+02	4,922401E+01	5,568179E+03
0,445	-1,199329E+06	6,254183E+02	4,697474E+01	5,568179E+03
0,45	-1,199328E+06	5,841266E+02	4,496032E+01	5,568179E+03
0,455	-1,199327E+06	5,492937E+02	4,264686E+01	5,568179E+03
0,46	-1,199329E+06	5,809645E+02	4,055307E+01	5,568179E+03
0,465	-1,199328E+06	5,829885E+02	3,987889E+01	5,568179E+03
0,47	-1,199328E+06	5,606882E+02	4,127776E+01	5,568179E+03
0,475	-1,199328E+06	5,804890E+02	4,504979E+01	5,568179E+03
0,48	-1,199330E+06	6,224257E+02	4,971725E+01	5,568179E+03
0,485	-1,199327E+06	5,894672E+02	5,393603E+01	5,568179E+03
0,49	-1,199329E+06	6,063557E+02	5,554467E+01	5,568179E+03
0,495	-1,199328E+06	5,680093E+02	5,624481E+01	5,568179E+03
0,5	-1,199328E+06	5,629785E+02	5,644291E+01	5,568179E+03
0,505	-1,199330E+06	6,078287E+02	5,441901E+01	5,568179E+03
0,51	-1,199327E+06	5,577606E+02	5,192502E+01	5,568179E+03
0,515	-1,199329E+06	5,836324E+02	4,853384E+01	5,568179E+03
0,52	-1,199329E+06	5,861274E+02	4,500184E+01	5,568179E+03
0,525	-1,199327E+06	5,284815E+02	4,446281E+01	5,568179E+03
0,53	-1,199329E+06	5,653031E+02	4,482219E+01	5,568179E+03
0,535	-1,199329E+06	5,775594E+02	4,513489E+01	5,568179E+03
0,54	-1,199329E+06	5,947303E+02	4,557130E+01	5,568179E+03
0,545	-1,199329E+06	6,102499E+02	4,567520E+01	5,568179E+03
0,55	-1,199329E+06	5,850582E+02	4,670615E+01	5,568179E+03
0,555	-1,199329E+06	5,575944E+02	4,893964E+01	5,568179E+03
0,56	-1,199329E+06	5,448462E+02	5,049550E+01	5,568179E+03
0,565	-1,199329E+06	5,484329E+02	5,130890E+01	5,568179E+03
0,57	-1,199329E+06	5,434406E+02	5,181343E+01	5,568179E+03
0,575	-1,199329E+06	5,521148E+02	5,116879E+01	5,568179E+03
0,58	-1,199329E+06	5,355669E+02	5,141420E+01	5,568179E+03
0,585	-1,199329E+06	5,653113E+02	5,155441E+01	5,568179E+03
0,59	-1,199330E+06	5,834240E+02	5,024319E+01	5,568179E+03
0,595	-1,199329E+06	5,600297E+02	4,807540E+01	5,568179E+03
0,6	-1,199329E+06	5,643518E+02	4,489995E+01	5,568179E+03
0,605	-1,199329E+06	5,616782E+02	4,233866E+01	5,568179E+03
0,61	-1,199329E+06	5,483132E+02	4,203652E+01	5,568179E+03
0,615	-1,199329E+06	5,285403E+02	4,314222E+01	5,568179E+03
0,62	-1,199329E+06	5,388254E+02	4,464466E+01	5,568179E+03
0,625	-1,199329E+06	5,310077E+02	4,626610E+01	5,568179E+03
0,63	-1,199329E+06	5,211327E+02	4,659798E+01	5,568179E+03
0,635	-1,199330E+06	5,503119E+02	4,644865E+01	5,568179E+03
0,64	-1,199329E+06	5,430890E+02	4,727034E+01	5,568179E+03
0,645	-1,199329E+06	5,324939E+02	4,744756E+01	5,568179E+03
0,65	-1,199330E+06	5,493575E+02	4,684411E+01	5,568179E+03
0,655	-1,199329E+06	5,135854E+02	4,613792E+01	5,568179E+03
0,66	-1,199330E+06	5,254371E+02	4,471441E+01	5,568179E+03
0,665	-1,199330E+06	5,363776E+02	4,541923E+01	5,568179E+03
0,67	-1,199330E+06	5,411967E+02	4,646869E+01	5,568179E+03
0,675	-1,199330E+06	5,288457E+02	4,593323E+01	5,568179E+03
0,68	-1,199329E+06	5,166088E+02	4,522277E+01	5,568179E+03
0,685	-1,199330E+06	5,291159E+02	4,413595E+01	5,568179E+03
0,69	-1,199329E+06	5,134602E+02	4,427163E+01	5,568179E+03
0,695	-1,199330E+06	5,413900E+02	4,503715E+01	5,568179E+03
0,7	-1,199330E+06	5,220981E+02	4,570023E+01	5,568179E+03
0,705	-1,199329E+06	4,955005E+02	4,625210E+01	5,568179E+03
0,71	-1,199331E+06	4,959830E+02	4,567825E+01	5,568179E+03
0,715	-1,199329E+06	4,538098E+02	4,530164E+01	5,568179E+03
0,72	-1,199330E+06	4,998699E+02	4,608191E+01	5,568179E+03
0,725	-1,199331E+06	5,283037E+02	4,755676E+01	5,568179E+03
0,73	-1,199330E+06	5,081310E+02	4,794743E+01	5,568179E+03
0,735	-1,199330E+06	4,978820E+02	4,664293E+01	5,568179E+03
0,74	-1,199330E+06	4,940841E+02	4,502885E+01	5,568179E+03
0,745	-1,199331E+06	5,104655E+02	4,431209E+01	5,568179E+03
0,75	-1,199330E+06	4,851921E+02	4,420092E+01	5,568179E+03
0,755	-1,199330E+06	4,602002E+02	4,408520E+01	5,568179E+03
0,76	-1,199331E+06	4,874739E+02	4,410207E+01	5,568179E+03
0,765	-1,199331E+06	4,864325E+02	4,442840E+01	5,568179E+03
0,77	-1,199330E+06	4,754660E+02	4,537877E+01	5,568179E+03
0,775	-1,199331E+06	4,998642E+02	4,717052E+01	5,568179E+03
0,78	-1,199331E+06	5,155025E+02	4,947107E+01	5,568179E+03
0,785	-1,199330E+06	5,118901E+02	5,149090E+01	5,568179E+03
0,79	-1,199331E+06	5,208243E+02	5,225972E+01	5,568179E+03
0,795	-1,199331E+06	4,947191E+02	5,156656E+01	5,568179E+03
0,8	-1,199330E+06	4,512071E+02	4,964032E+01	5,568179E+03
0,805	-1,199330E+06	4,381340E+02	4,816278E+01	5,568179E+03
0,81	-1,199330E+06	4,433449E+02	4,761751E+01	5,568179E+03
0,815	-1,199331E+06	4,607690E+02	4,659531E+01	5,568179E+03
0,82	-1,199331E+06	4,600924E+02	4,525401E+01	5,568179E+03
0,825	-1,199331E+06	4,625567E+02	4,384807E+01	5,568179E+03
0,83	-1,199331E+06	4,832379E+02	4,324101E+01	5,568179E+03
0,835	-1,199331E+06	4,834505E+02	4,403311E+01	5,568179E+03
0,84	-1,199331E+06	4,715637E+02	4,469640E+01	5,568179E+03
0,845	-1,199331E+06	4,659683E+02	4,459227E+01	5,568179E+03
0,85	-1,199331E+06	4,424204E+02	4,436761E+01	5,568179E+03
0,855	-1,199331E+06	4,329529E+02	4,484574E+01	5,568179E+03
0,86	-1,199331E+06	4,384511E+02	4,647740E+01	5,568179E+03
0,865	-1,199330E+06	4,243563E+02	4,853829E+01	5,568179E+03
0,87	-1,199331E+06	4,509275E+02	4,989250E+01	5,568179E+03
0,875	-1,199332E+06	4,638920E+02	4,989300E+01	5,568179E+03
0,88	-1,199330E+06	4,317345E+02	4,900303E+01	5,568179E+03
0,885	-1,199331E+06	4,501616E+02	4,805573E+01	5,568179E+03
0,89	-1,199331E+06	4,477953E+02	4,707521E+01	5,568179E+03
0,895	-1,199331E+06	4,266403E+02	4,535980E+01	5,568179E+03
0,9	-1,199331E+06	4,263199E+02	4,298924E+01	5,568179E+03
0,905	-1,199332E+06	4,420745E+02	4,057472E+01	5,568179E+03
0,91	-1,199331E+06	4,350184E+02	3,968923E+01	5,568179E+03
0,915	-1,199331E+06	4,226101E+02	4,035729E+01	5,568179E+03
0,92	-1,199332E+06	4,272749E+02	4,183362E+01	5,568179E+03
0,925	-1,199331E+06	4,222299E+02	4,382760E+01	5,568179E+03
0,93	-1,199332E+06	4,432962E+02	4,536030E+01	5,568179E+03
0,935	-1,199332E+06	4,268518E+02	4,697533E+01	5,568179E+03
0,94	-1,199331E+06	4,196296E+02	4,902640E+01	5,568179E+03
0,945	-1,199333E+06	4,503472E+02	5,084694E+01	5,568179E+03
0,95	-1,199331E+06	4,077359E+02	5,192541E+01	5,568179E+03
0,955	-1,199332E+06	4,051564E+02	5,177883E+01	5,568179E+03
0,96	-1,199332E+06	4,217574E+02	5,114565E+01	5,568179E+03
0,965	-1,199332E+06	4,129425E+02	4,999305E+01	5,568179E+03
0,97	-1,199332E+06	4,146011E+02	4,895802E+01	5,568179E+03
0,975	-1,199331E+06	4,037124E+02	4,827570E+01	5,568179E+03
0,98	-1,199332E+06	4,190538E+02	4,622310E+01	5,568179E+03
0,985	-1,199332E+06	4,022776E+02	4,373206E+01	5,568179E+03
0,99	-1,199332E+06	3,956395E+02	4,142355E+01	5,568179E+03
0,995	-1,199332E+06	4,072270E+02	4,051380E+01	5,568179E+03
1,0	-1,199331E+06	3,859568E+02	4,174184E+01	5,568179E+03
1,005	-1,199332E+06	3,997660E+02	4,277701E+01	5,568179E+03
1,01	-1,199332E+06	4,046962E+02	4,374994E+01	5,568179E+03
1,015	-1,199332E+06	4,038025E+02	4,438870E+01	5,568179E+03
1,02	-1,199332E+06	3,918147E+02	4,519089E+01	5,568179E+03
1,025	-1,199332E+06	3,890761E+02	4,712218E+01	5,568179E+03
1,03	-1,199332E+06	3,904079E+02	4,811116E+01	5,568179E+03
1,035	-1,199332E+06	3,629086E+02	4,806209E+01	5,568179E+03
1,04	-1,199332E+06	3,708403E+02	4,742924E+01	5,568179E+03
1,045	-1,199332E+06	3,771631E+02	4,685878E+01	5,568179E+03
1,05	-1,199332E+06	3,786096E+02	4,717624E+01	5,568179E+03
1,055	-1,199332E+06	3,838173E+02	4,695479E+01	5,568179E+03
1,06	-1,199332E+06	3,797618E+02	4,633024E+01	5,568179E+03
1,065	-1,199333E+06	3,803119E+02	4,575300E+01	5,568179E+03
1,07	-1,199332E+06	3,645760E+02	4,517932E+01	5,568179E+03
1,075	-1,199332E+06	3,884339E+02	4,553329E+01	5,568179E+03
1,08	-1,199333E+06	3,968831E+02	4,652171E+01	5,568179E+03
1,085	-1,199332E+06	3,653664E+02	4,715836E+01	5,568179E+03
1,09	-1,199333E+06	3,578246E+02	4,742255E+01	5,568179E+03
1,095	-1,199332E+06	3,462010E+02	4,784670E+01	5,568179E+03
1,1	-1,199333E+06	3,528050E+02	4,871967E+01	5,568179E+03
1,105	-1,199333E+06	3,598901E+02	5,007512E+01	5,568179E+03
1,11	-1,199332E+06	3,678559E+02	5,081346E+01	5,568179E+03
1,115	-1,199333E+06	3,777602E+02	5,031375E+01	5,568179E+03
1,12	-1,199332E+06	3,617305E+02	4,911823E+01	5,568179E+03
1,125	-1,199333E+06	3,611967E+02	4,749490E+01	5,568179E+03
1,13	-1,199333E+06	3,589589E+02	4,653065E+01	5,568179E+03
1,135	-1,199333E+06	3,509999E+02	4,666394E+01	5,568179E+03
1,14	-1,199333E+06	3,413655E+02	4,723261E+01	5,568179E+03
1,145	-1,199333E+06	3,381708E+02	4,744047E+01	5,568179E+03
1,15	-1,199333E+06	3,370553E+02	4,731669E+01	5,568179E+03
1,155	-1,199333E+06	3,409206E+02	4,740749E+01	5,568179E+03
1,16	-1,199334E+06	3,658031E+02	4,834204E+01	5,568179E+03
1,165	-1,199333E+06	3,583993E+02	5,029026E+01	5,568179E+03
1,17	-1,199333E+06	3,476510E+02	5,120119E+01	5,568179E+03
1,175	-1,199333E+06	3,455977E+02	5,090148E+01	5,568179E+03
1,18	-1,199333E+06	3,357143E+02	5,021287E+01	5,568179E+03
1,185	-1,199333E+06	3,323311E+02	4,908362E+01	5,568179E+03
1,19	-1,199333E+06	3,297839E+02	4,901717E+01	5,568179E+03
1,195	-1,199334E+06	3,419140E+02	4,944122E+01	5,568179E+03
1,2	-1,199333E+06	3,419338E+02	4,890870E+01	5,568179E+03
1,205	-1,199333E+06	3,243630E+02	4,751162E+01	5,568179E+03
1,21	-1,199333E+06	3,076457E+02	4,593615E+01	5,568179E+03
1,215	-1,199334E+06	3,236029E+02	4,596716E+01	5,568179E+03
1,22	-1,199334E+06	3,267061E+02	4,790041E+01	5,568179E+03
1,225	-1,199333E+06	3,254054E+02	4,950924E+01	5,568179E+03
1,23	-1,199334E+06	3,406873E+02	5,029779E+01	5,568179E+03
1,235	-1,199334E+06	3,270865E+02	5,055168E+01	5,568179E+03
1,24	-1,199333E+06	3,206816E+02	5,078497E+01	5,568179E+03
1,245	-1,199334E+06	3,291356E+02	5,186326E+01	5,568179E+03
1,25	-1,199334E+06	3,278198E+02	5,262198E+01	5,568179E+03
1,255	-1,199334E+06	3,202679E+02	5,191656E+01	5,568179E+03
1,26	-1,199334E+06	3,051467E+02	5,064005E+01	5,568179E+03
1,265	-1,199334E+06	2,914599E+02	5,018419E+01	5,568179E+03
1,27	-1,199334E+06	3,000410E+02	5,084272E+01	5,568179E+03
1,275	-1,199334E+06	3,122567E+02	5,205948E+01	5,568179E+03
1,28	-1,199334E+06	3,055335E+02	5,259922E+01	5,568179E+03
1,285	-1,199334E+06	3,159854E+02	5,198279E+01	5,568179E+03
1,29	-1,199334E+06	3,088685E+02	5,133714E+01	5,568179E+03
1,295	-1,199334E+06	2,925631E+02	5,070798E+01	5,568179E+03
1,3	-1,199334E+06	3,029545E+02	5,066601E+01	5,568179E+03
1,305	-1,199334E+06	3,028416E+02	5,167165E+01	5,568179E+03
1,31	-1,199334E+06	3,098644E+02	5,177470E+01	5,568179E+03
1,315	-1,199334E+06	3,035359E+02	5,133300E+01	5,568179E+03
1,32	-1,199334E+06	2,871904E+02	5,158023E+01	5,568179E+03
1,325	-1,199334E+06	2,987046E+02	5,215166E+01	5,568179E+03
1,33	-1,199334E+06	2,958500E+02	5,333458E+01	5,568179E+03
1,335	-1,199334E+06	2,911727E+02	5,419639E+01	5,568179E+03
1,34	-1,199335E+06	3,000391E+02	5,402835E+01	5,568179E+03
1,345	-1,199334E+06	2,919819E+02	5,353524E+01	5,568179E+03
1,35	-1,199334E+06	2,784686E+02	5,288954E+01	5,568179E+03
1,355	-1,199334E+06	2,800063E+02	5,261127E+01	5,568179E+03
1,36	-1,199334E+06	2,742533E+02	5,279019E+01	5,568179E+03
1,365	-1,199334E+06	2,778303E+02	5,231582E+01	5,568179E+03
1,37	-1,199335E+06	2,981235E+02	5,109394E+01	5,568179E+03
1,375	-1,199334E+06	2,771926E+02	5,016118E+01	5,568179E+03
1,38	-1,199335E+06	2,824202E+02	4,985499E+01	5,568179E+03
1,385	-1,199335E+06	2,833018E+02	5,047953E+01	5,568179E+03
1,39	-1,199334E+06	2,610980E+02	5,134487E+01	5,568179E+03
1,395	-1,199334E+06	2,653579E+02	5,176620E+01	5,568179E+03
1,4	-1,199335E+06	2,778156E+02	5,169326E+01	5,568179E+03
1,405	-1,199335E+06	2,837477E+02	5,188319E+01	5,568179E+03
1,41	-1,199335E+06	2,861763E+02	5,249699E+01	5,568179E+03
1,415	-1,199335E+06	2,768906E+02	5,267815E+01	5,568179E+03
1,42	-1,199335E+06	2,611394E+02	5,234287E+01	5,568179E+03
1,425	-1,199335E+06	2,603491E+02	5,128178E+01	5,568179E+03
1,43	-1,199335E+06	2,658420E+02	5,019979E+01	5,568179E+03
1,435	-1,199335E+06	2,537331E+02	5,044449E+01	5,568179E+03
1,44	-1,199335E+06	2,636581E+02	5,104786E+01	5,568179E+03
1,445	-1,199335E+06	2,684545E+02	5,167703E+01	5,568179E+03
1,45	-1,199335E+06	2,685295E+02	5,197202E+01	5,568179E+03
1,455	-1,199335E+06	2,618676E+02	5,166562E+01	5,568179E+03
1,46	-1,199335E+06	2,532682E+02	5,158994E+01	5,568179E+03
1,465	-1,199335E+06	2,672324E+02	5,155876E+01	5,568179E+03
1,47	-1,199335E+06	2,508722E+02	5,173823E+01	5,568179E+03
1,475	-1,199335E+06	2,560448E+02	5,162715E+01	5,568179E+03
1,48	-1,199336E+06	2,699446E+02	5,074372E+01	5,568179E+03
1,485	-1,199335E+06	2,475634E+02	4,995329E+01	5,568179E+03
1,49	-1,199335E+06	2,522511E+02	4,983540E+01	5,568179E+03
1,495	-1,199335E+06	2,498954E+02	5,035855E+01	5,568179E+03
1,5	-1,199335E+06	2,396100E+02	5,081000E+01	5,568179E+03
1,505	-1,199335E+06	2,458133E+02	5,067744E+01	5,568179E+03
1,51	-1,199335E+06	2,416365E+02	5,030677E+01	5,568179E+03
1,515	-1,199335E+06	2,423687E+02	5,043419E+01	5,568179E+03
1,52	-1,199335E+06	2,452258E+02	5,109319E+01	5,568179E+03
1,525	-1,199335E+06	2,409806E+02	5,159493E+01	5,568179E+03
1,53	-1,199335E+06	2,377202E+02	5,190624E+01	5,568179E+03
1,535	-1,199335E+06	2,476899E+02	5,167459E+01	5,568179E+03
1,54	-1,199335E+06	2,523705E+02	5,122772E+01	5,568179E+03
1,545	-1,199335E+06	2,477701E+02	5,167048E+01	5,568179E+03
1,55	-1,199336E+06	2,470633E+02	5,236762E+01	5,568179E+03
1,555	-1,199335E+06	2,285842E+02	5,261213E+01	5,568179E+03
1,56	-1,199335E+06	2,275141E+02	5,246416E+01	5,568179E+03
1,565	-1,199335E+06	2,351232E+02	5,240995E+01	5,568179E+03
1,57	-1,199335E+06	2,380437E+02	5,287690E+01	5,568179E+03
1,575	-1,199336E+06	2,470942E+02	5,366848E+01	5,568179E+03
1,58	-1,199335E+06	2,340209E+02	5,444934E+01	5,568179E+03
1,585	-1,199336E+06	2,365846E+02	5,453251E+01	5,568179E+03
1,59	-1,199336E+06	2,352945E+02	5,408625E+01	5,568179E+03
1,595	-1,199335E+06	2,259529E+02	5,364838E+01	5,568179E+03
1,6	-1,199336E+06	2,391968E+02	5,325788E+01	5,568179E+03
1,605	-1,199336E+06	2,302302E+02	5,314797E+01	5,568179E+03
1,61	-1,199335E+06	2,099668E+02	5,316793E+01	5,568179E+03
1,615	-1,199335E+06	2,126231E+02	5,310187E+01	5,568179E+03
1,62	-1,199335E+06	2,198088E+02	5,324592E+01	5,568179E+03
1,625	-1,199335E+06	2,276034E+02	5,356142E+01	5,568179E+03
1,63	-1,199336E+06	2,374852E+02	5,405659E+01	5,568179E+03
1,635	-1,199335E+06	2,194392E+02	5,463056E+01	5,568179E+03
1,64	-1,199335E+06	2,055571E+02	5,451081E+01	5,568179E+03
1,645	-1,199336E+06	2,072037E+02	5,423553E+01	5,568179E+03
1,65	-1,199335E+06	2,097333E+02	5,428198E+01	5,568179E+03
1,655	-1,199336E+06	2,193945E+02	5,419115E+01	5,568179E+03
1,66	-1,199336E+06	2,155383E+02	5,410406E+01	5,568179E+03
1,665	-1,199336E+06	2,087791E+02	5,396076E+01	5,568179E+03
1,67	-1,199336E+06	2,124165E+02	5,348059E+01	5,568179E+03
1,675	-1,199336E+06	2,152097E+02	5,304618E+01	5,568179E+03
1,68	-1,199336E+06	2,105149E+02	5,297197E+01	5,568179E+03
1,685	-1,199336E+06	2,077356E+02	5,311196E+01	5,568179E+03
1,69	-1,199336E+06	2,067218E+02	5,357310E+01	5,568179E+03
1,695	-1,199336E+06	2,122004E+02	5,383277E+01	5,568179E+03
1,7	-1,199336E+06	2,128172E+02	5,354079E+01	5,568179E+03
1,705	-1,199336E+06	2,022877E+02	5,342610E+01	5,568179E+03
1,71	-1,199336E+06	2,053390E+02	5,384409E+01	5,568179E+03
1,715	-1,199336E+06	2,107319E+02	5,467646E+01	5,568179E+03
1,72	-1,199336E+06	2,088526E+02	5,539473E+01	5,568179E+03
1,725	-1,199336E+06	2,180986E+02	5,529899E+01	5,568179E+03
1,73	-1,199336E+06	2,117169E+02	5,519991E+01	5,568179E+03
1,735	-1,199336E+06	2,069442E+02	5,550974E+01	5,568179E+03
1,74	-1,199336E+06	2,131995E+02	5,568609E+01	5,568179E+03
1,745	-1,199336E+06	1,979968E+02	5,575381E+01	5,568179E+03
1,75	-1,199336E+06	2,056567E+02	5,511577E+01	5,568179E+03
1,755	-1,199336E+06	2,029145E+02	5,404584E+01	5,568179E+03
1,76	-1,199335E+06	1,882109E+02	5,328159E+01	5,568179E+03
1,765	-1,199336E+06	1,978474E+02	5,282659E+01	5,568179E+03
1,77	-1,199336E+06	1,925430E+02	5,267350E+01	5,568179E+03
1,775	-1,199336E+06	1,860765E+02	5,237929E+01	5,568179E+03
1,78	-1,199336E+06	1,920308E+02	5,206414E+01	5,568179E+03
1,785	-1,199336E+06	1,906978E+02	5,235474E+01	5,568179E+03
1,79	-1,199336E+06	1,934035E+02	5,320595E+01	5,568179E+03
1,795	-1,199336E+06	1,994082E+02	5,435760E+01	5,568179E+03
1,8	-1,199336E+06	1,900788E+02	5,543550E+01	5,568179E+03
1,805	-1,199336E+06	1,803265E+02	5,603975E+01	5,568179E+03
1,81	-1,199336E+06	1,856050E+02	5,608376E+01	5,568179E+03
1,815	-1,199336E+06	1,742695E+02	5,579232E+01	5,568179E+03
1,82	-1,199336E+06	1,704377E+02	5,538413E+01	5,568179E+03
1,825	-1,199336E+06	1,895480E+02	5,507959E+01	5,568179E+03
1,83	-1,199336E+06	1,869214E+02	5,463311E+01	5,568179E+03
1,835	-1,199336E+06	1,883926E+02	5,338749E+01	5,568179E+03
1,84	-1,199336E+06	1,923239E+02	5,206505E+01	5,568179E+03
1,845	-1,199336E+06	1,910380E+02	5,157659E+01	5,568179E+03
1,85	-1,199336E+06	1,921125E+02	5,163821E+01	5,568179E+03
1,855	-1,199336E+06	1,788024E+02	5,190098E+01	5,568179E+03
1,86	-1,199336E+06	1,796568E+02	5,212957E+01	5,568179E+03
1,865	-1,199336E+06	1,872592E+02	5,231174E+01	5,568179E+03
1,87	-1,199336E+06	1,752160E+02	5,306162E+01	5,568179E+03
1,875	-1,199336E+06	1,821307E+02	5,442746E+01	5,568179E+03
1,88	-1,199336E+06	1,877493E+02	5,580885E+01	5,568179E+03
1,885	-1,199336E+06	1,849808E+02	5,659521E+01	5,568179E+03
1,89	-1,199336E+06	1,869393E+02	5,649289E+01	5,568179E+03
1,895	-1,199336E+06	1,774937E+02	5,588413E+01	5,568179E+03
1,9	-1,199336E+06	1,690098E+02	5,530511E+01	5,568179E+03
1,905	-1,199336E+06	1,695974E+02	5,468758E+01	5,568179E+03
1,91	-1,199337E+06	1,757580E+02	5,385515E+01	5,568179E+03
1,915	-1,199336E+06	1,686974E+02	5,288520E+01	5,568179E+03
1,92	-1,199336E+06	1,655817E+02	5,176174E+01	5,568179E+03
1,925	-1,199336E+06	1,689368E+02	5,145973E+01	5,568179E+03
1,93	-1,199336E+06	1,700905E+02	5,216580E+01	5,568179E+03
1,935	-1,199336E+06	1,741894E+02	5,288889E+01	5,568179E+03
1,94	-1,199336E+06	1,711731E+02	5,341834E+01	5,568179E+03
1,945	-1,199336E+06	1,721866E+02	5,358346E+01	5,568179E+03
1,95	-1,199337E+06	1,671976E+02	5,371418E+01	5,568179E+03
1,955	-1,199336E+06	1,564327E+02	5,431790E+01	5,568179E+03
1,96	-1,199337E+06	1,632964E+02	5,492111E+01	5,568179E+03
1,965	-1,199336E+06	1,614428E+02	5,535459E+01	5,568179E+03
1,97	-1,199336E+06	1,619937E+02	5,541616E+01	5,568179E+03
1,975	-1,199337E+06	1,710843E+02	5,498260E+01	5,568179E+03
1,98	-1,199337E+06	1,752340E+02	5,441551E+01	5,568179E+03
1,985	-1,199337E+06	1,719206E+02	5,396477E+01	5,568179E+03
1,99	-1,199336E+06	1,598809E+02	5,362770E+01	5,568179E+03
1,995	-1,199337E+06	1,631491E+02	5,312559E+01	5,568179E+03
2,0	-1,199337E+06	1,612822E+02	5,224086E+01	5,568179E+03
2,005	-1,199336E+06	1,502383E+02	5,124186E+01	5,568179E+03
2,01	-1,199337E+06	1,565643E+02	5,081948E+01	5,568179E+03
2,015	-1,199337E+06	1,652986E+02	5,089370E+01	5,568179E+03
2,02	-1,199337E+06	1,594031E+02	5,100574E+01	5,568179E+03
2,025	-1,199337E+06	1,570864E+02	5,099322E+01	5,568179E+03
2,03	-1,199337E+06	1,570670E+02	5,092019E+01	5,568179E+03
2,035	-1,199337E+06	1,557578E+02	5,141390E+01	5,568179E+03
2,04	-1,199337E+06	1,577816E+02	5,265334E+01	5,568179E+03
2,045	-1,199337E+06	1,606217E+02	5,374956E+01	5,568179E+03
2,05	-1,199337E+06	1,623161E+02	5,421953E+01	5,568179E+03
2,055	-1,199337E+06	1,616028E+02	5,388314E+01	5,568179E+03
2,06	-1,199337E+06	1,598780E+02	5,333387E+01	5,568179E+03
2,065	-1,199337E+06	1,564938E+02	5,333732E+01	5,568179E+03
2,07	-1,199337E+06	1,529019E+02	5,332626E+01	5,568179E+03
2,075	-1,199337E+06	1,537300E+02	5,321955E+01	5,568179E+03
2,08	-1,199337E+06	1,520512E+02	5,310221E+01	5,568179E+03
2,085	-1,199337E+06	1,547775E+02	5,265565E+01	5,568179E+03
2,09	-1,199337E+06	1,539767E+02	5,266718E+01	5,568179E+03
2,095	-1,199337E+06	1,513622E+02	5,302267E+01	5,568179E+03
2,1	-1,199337E+06	1,502391E+02	5,316082E+01	5,568179E+03
2,105	-1,199337E+06	1,448194E+02	5,324571E+01	5,568179E+03
2,11	-1,199337E+06	1,551574E+02	5,272923E+01	5,568179E+03
2,115	-1,199337E+06	1,547120E+02	5,196490E+01	5,568179E+03
2,12	-1,199337E+06	1,410446E+02	5,169407E+01	5,568179E+03
2,125	-1,199337E+06	1,435347E+02	5,155214E+01	5,568179E+03
2,13	-1,199337E+06	1,465182E+02	5,126037E+01	5,568179E+03
2,135	-1,199337E+06	1,429982E+02	5,093378E+01	5,568179E+03
2,14	-1,199337E+06	1,405001E+02	5,085406E+01	5,568179E+03
2,145	-1,199337E+06	1,467330E+02	5,130764E+01	5,568179E+03
2,15	-1,199337E+06	1,509111E+02	5,218747E+01	5,568179E+03
2,155	-1,199337E+06	1,405833E+02	5,304237E+01	5,568179E+03
2,16	-1,199337E+06	1,409613E+02	5,368606E+01	5,568179E+03
2,165	-1,199337E+06	1,495558E+02	5,396757E+01	5,568179E+03
2,17	-1,199337E+06	1,468602E+02	5,355894E+01	5,568179E+03
2,175	-1,199337E+06	1,446834E+02	5,317649E+01	5,568179E+03
2,18	-1,199337E+06	1,451214E+02	5,323810E+01	5,568179E+03
2,185	-1,199337E+06	1,455709E+02	5,299542E+01	5,568179E+03
2,19	-1,199337E+06	1,420114E+02	5,239285E+01	5,568179E+03
2,195	-1,199337E+06	1,395824E+02	5,154949E+01	5,568179E+03
2,2	-1,199337E+06	1,360996E+02	5,095774E+01	5,568179E+03
2,205	-1,199337E+06	1,351031E+02	5,125673E+01	5,568179E+03
2,21	-1,199337E+06	1,453581E+02	5,176698E+01	5,568179E+03
2,215	-1,199337E+06	1,441471E+02	5,204200E+01	5,568179E+03
2,22	-1,199337E+06	1,384841E+02	5,214848E+01	5,568179E+03
2,225	-1,199337E+06	1,439300E+02	5,215929E+01	5,568179E+03
2,23	-1,199337E+06	1,434851E+02	5,256678E+01	5,568179E+03
2,235	-1,199337E+06	1,405703E+02	5,304977E+01	5,568179E+03
2,24	-1,199337E+06	1,377735E+02	5,319079E+01	5,568179E+03
2,245	-1,199337E+06	1,388000E+02	5,310392E+01	5,568179E+03
2,25	-1,199337E+06	1,328949E+02	5,291737E+01	5,568179E+03
2,255	-1,199337E+06	1,340627E+02	5,287457E+01	5,568179E+03
2,26	-1,199337E+06	1,333010E+02	5,321434E+01	5,568179E+03
2,265	-1,199337E+06	1,287224E+02	5,340139E+01	5,568179E+03
2,27	-1,199337E+06	1,354683E+02	5,313617E+01	5,568179E+03
2,275	-1,199337E+06	1,375607E+02	5,253492E+01	5,568179E+03
2,28	-1,199337E+06	1,411357E+02	5,181200E+01	5,568179E+03
2,285	-1,199337E+06	1,407318E+02	5,137470E+01	5,568179E+03
2,29	-1,199337E+06	1,311093E+02	5,106276E+01	5,568179E+03
2,295	-1,199337E+06	1,294015E+02	5,059070E+01	5,568179E+03
2,3	-1,199337E+06	1,332903E+02	4,993025E+01	5,568179E+03
2,305	-1,199337E+06	1,285436E+02	4,916877E+01	5,568179E+03
2,31	-1,199337E+06	1,158841E+02	4,876650E+01	5,568179E+03
2,315	-1,199337E+06	1,211590E+02	4,898606E+01	5,568179E+03
2,32	-1,199337E+06	1,335630E+02	4,949921E+01	5,568179E+03
2,325	-1,199337E+06	1,349110E+02	4,976383E+01	5,568179E+03
2,33	-1,199337E+06	1,347846E+02	4,977285E+01	5,568179E+03
2,335	-1,199337E+06	1,313553E+02	4,992556E+01	5,568179E+03
2,34	-1,199337E+06	1,314765E+02	5,039361E+01	5,568179E+03
2,345	-1,199337E+06	1,241877E+02	5,124795E+01	5,568179E+03
2,35	-1,199337E+06	1,211473E+02	5,190648E+01	5,568179E+03
2,355	-1,199337E+06	1,333047E+02	5,211285E+01	5,568179E+03
2,36	-1,199337E+06	1,307341E+02	5,218754E+01	5,568179E+03
2,365	-1,199337E+06	1,295363E+02	5,178055E+01	5,568179E+03
2,37	-1,199338E+06	1,324406E+02	5,129048E+01	5,568179E+03
2,375	-1,199337E+06	1,274025E+02	5,104133E+01	5,568179E+03
2,38	-1,199338E+06	1,348064E+02	5,025662E+01	5,568179E+03
2,385	-1,199337E+06	1,296913E+02	4,921718E+01	5,568179E+03
2,39	-1,199337E+06	1,187098E+02	4,847708E+01	5,568179E+03
2,395	-1,199338E+06	1,317382E+02	4,829770E+01	5,568179E+03
2,4	-1,199337E+06	1,307637E+02	4,887537E+01	5,568179E+03
2,405	-1,199337E+06	1,199142E+02	4,942228E+01	5,568179E+03
2,41	-1,199338E+06	1,323617E+02	4,961895E+01	5,568179E+03
2,415	-1,199337E+06	1,284598E+02	5,002941E+01	5,568179E+03
2,42	-1,199337E+06	1,172375E+02	5,040950E+01	5,568179E+03
2,425	-1,199338E+06	1,209699E+02	5,065832E+01	5,568179E+03
2,43	-1,199338E+06	1,196486E+02	5,090133E+01	5,568179E+03
2,435	-1,199337E+06	1,139760E+02	5,077841E+01	5,568179E+03
2,44	-1,199337E+06	1,151738E+02	5,042282E+01	5,568179E+03
2,445	-1,199337E+06	1,173627E+02	5,036910E+01	5,568179E+03
2,45	-1,199337E+06	1,234230E+02	5,046520E+01	5,568179E+03
2,455	-1,199338E+06	1,235189E+02	5,075662E+01	5,568179E+03
2,46	-1,199337E+06	1,138097E+02	5,126724E+01	5,568179E+03
2,465	-1,199337E+06	1,199269E+02	5,131900E+01	5,568179E+03
2,47	-1,199338E+06	1,234921E+02	5,111710E+01	5,568179E+03
2,475	-1,199337E+06	1,130366E+02	5,095790E+01	5,568179E+03
2,48	-1,199338E+06	1,181185E+02	5,045468E+01	5,568179E+03
2,485	-1,199338E+06	1,175090E+02	5,010628E+01	5,568179E+03
2,49	-1,199337E+06	1,156775E+02	4,981360E+01	5,568179E+03
2,495	-1,199338E+06	1,236212E+02	4,925825E+01	5,568179E+03
2,5	-1,199337E+06	1,206533E+02	4,918364E+01	5,568179E+03
2,505	-1,199337E+06	1,164188E+02	4,963921E+01	5,568179E+03
2,51	-1,199338E+06	1,149026E+02	5,037549E+01	5,568179E+03
2,515	-1,199337E+06	1,145710E+02	5,135512E+01	5,568179E+03
2,52	-1,199338E+06	1,219709E+02	5,192783E+01	5,568179E+03
2,525	-1,199338E+06	1,246441E+02	5,200230E+01	5,568179E+03
2,53	-1,199337E+06	1,201313E+02	5,226484E+01	5,568179E+03
2,535	-1,199338E+06	1,252510E+02	5,246716E+01	5,568179E+03
2,54	-1,199338E+06	1,261689E+02	5,227031E+01	5,568179E+03
2,545	-1,199337E+06	1,140244E+02	5,180942E+01	5,568179E+03
2,55	-1,199338E+06	1,106164E+02	5,079628E+01	5,568179E+03
2,555	-1,199338E+06	1,088079E+02	5,002398E+01	5,568179E+03
2,56	-1,199337E+06	1,063804E+02	5,021806E+01	5,568179E+03
2,565	-1,199338E+06	1,189636E+02	5,049282E+01	5,568179E+03
2,57	-1,199338E+06	1,229288E+02	5,054609E+01	5,568179E+03
2,575	-1,199337E+06	1,159229E+02	5,022953E+01	5,568179E+03
2,58	-1,199338E+06	1,150635E+02	4,965534E+01	5,568179E+03
2,585	-1,199337E+06	1,132240E+02	4,969987E+01	5,568179E+03
2,59	-1,199338E+06	1,111363E+02	5,016544E+01	5,568179E+03
2,595	-1,199338E+06	1,058753E+02	5,061309E+01	5,568179E+03
2,6	-1,199337E+06	1,041568E+02	5,101135E+01	5,568179E+03
2,605	-1,199338E+06	1,140236E+02	5,108295E+01	5,568179E+03
2,61	-1,199338E+06	1,173157E+02	5,105054E+01	5,568179E+03
2,615	-1,199338E+06	1,123707E+02	5,126108E+01	5,568179E+03
2,62	-1,199338E+06	1,121883E+02	5,138010E+01	5,568179E+03
2,625	-1,199338E+06	1,136385E+02	5,105334E+01	5,568179E+03
2,63	-1,199338E+06	1,071115E+02	5,046710E+01	5,568179E+03
2,635	-1,199338E+06	1,042708E+02	4,985329E+01	5,568179E+03
2,64	-1,199338E+06	1,083280E+02	4,953516E+01	5,568179E+03
2,645	-1,199338E+06	1,064911E+02	4,974248E+01	5,568179E+03
2,65	-1,199338E+06	1,071072E+02	5,014186E+01	5,568179E+03
2,655	-1,199338E+06	1,114302E+02	5,044460E+01	5,568179E+03
2,66	-1,199338E+06	1,125219E+02	5,042366E+01	5,568179E+03
2,665	-1,199338E+06	1,107731E+02	5,020584E+01	5,568179E+03
2,67	-1,199338E+06	1,090920E+02	5,047559E+01	5,568179E+03
2,675	-1,199338E+06	1,128608E+02	5,108409E+01	5,568179E+03
2,68	-1,199338E+06	1,122955E+02	5,141919E+01	5,568179E+03
2,685	-1,199337E+06	1,042443E+02	5,142487E+01	5,568179E+03
2,69	-1,199338E+06	1,068019E+02	5,122622E+01	5,568179E+03
2,695	-1,199338E+06	1,127489E+02	5,133047E+01	5,568179E+03
2,7	-1,199338E+06	1,126272E+02	5,184481E+01	5,568179E+03
2,705	-1,199338E+06	1,087951E+02	5,228230E+01	5,568179E+03
2,71	-1,199338E+06	1,109427E+02	5,231663E+01	5,568179E+03
2,715	-1,199338E+06	1,147716E+02	5,196349E+01	5,568179E+03
2,72	-1,199338E+06	1,109556E+02	5,170974E+01	5,568179E+03
2,725	-1,199338E+06	1,118478E+02	5,191705E+01	5,568179E+03
2,73	-1,199338E+06	1,096797E+02	5,229487E+01	5,568179E+03
2,735	-1,199338E+06	1,027537E+02	5,234236E+01	5,568179E+03
2,74	-1,199338E+06	1,054893E+02	5,191359E+01	5,568179E+03
2,745	-1,199338E+06	1,071663E+02	5,146223E+01	5,568179E+03
2,75	-1,199338E+06	1,062405E+02	5,147916E+01	5,568179E+03
2,755	-1,199338E+06	1,055237E+02	5,198726E+01	5,568179E+03
2,76	-1,199338E+06	1,067515E+02	5,261202E+01	5,568179E+03
2,765	-1,199338E+06	1,076317E+02	5,279412E+01	5,568179E+03
2,77	-1,199338E+06	1,041396E+02	5,243709E+01	5,568179E+03
2,775	-1,199338E+06	1,050379E+02	5,200941E+01	5,568179E+03
2,78	-1,199338E+06	1,042954E+02	5,184108E+01	5,568179E+03
2,785	-1,199338E+06	1,040093E+02	5,178960E+01	5,568179E+03
2,79	-1,199338E+06	1,042568E+02	5,165736E+01	5,568179E+03
2,795	-1,199338E+06	1,038354E+02	5,126348E+01	5,568179E+03
2,8	-1,199338E+06	1,006668E+02	5,093146E+01	5,568179E+03
2,805	-1,199338E+06	1,039727E+02	5,115273E+01	5,568179E+03
2,81	-1,199338E+06	1,111244E+02	5,186194E+01	5,568179E+03
2,815	-1,199338E+06	1,094847E+02	5,256535E+01	5,568179E+03
2,82	-1,199338E+06	1,031822E+02	5,300216E+01	5,568179E+03
2,825	-1,199338E+06	1,032344E+02	5,318705E+01	5,568179E+03
2,83	-1,199338E+06	1,027394E+02	5,323014E+01	5,568179E+03
2,835	-1,199338E+06	1,012496E+02	5,316990E+01	5,568179E+03
2,84	-1,199338E+06	1,015927E+02	5,296889E+01	5,568179E+03
2,845	-1,199338E+06	9,704528E+01	5,253893E+01	5,568179E+03
2,85	-1,199338E+06	9,874325E+01	5,185502E+01	5,568179E+03
2,855	-1,199338E+06	1,043586E+02	5,115763E+01	5,568179E+03
2,86	-1,199338E+06	1,015171E+02	5,093746E+01	5,568179E+03
2,865	-1,199338E+06	1,014304E+02	5,137585E+01	5,568179E+03
2,87	-1,199338E+06	1,030949E+02	5,196177E+01	5,568179E+03
2,875	-1,199338E+06	1,054236E+02	5,211785E+01	5,568179E+03
2,88	-1,199338E+06	1,016566E+02	5,199137E+01	5,568179E+03
2,885	-1,199338E+06	1,044718E+02	5,205335E+01	5,568179E+03
2,89	-1,199338E+06	1,040537E+02	5,278436E+01	5,568179E+03
2,895	-1,199338E+06	9,770990E+01	5,388756E+01	5,568179E+03
2,9	-1,199338E+06	1,035237E+02	5,471057E+01	5,568179E+03
2,905	-1,199338E+06	1,039154E+02	5,514848E+01	5,568179E+03
2,91	-1,199338E+06	1,027605E+02	5,518819E+01	5,568179E+03
2,915	-1,199338E+06	1,058210E+02	5,508714E+01	5,568179E+03
2,92	-1,199338E+06	1,027225E+02	5,500306E+01	5,568179E+03
2,925	-1,199338E+06	1,021045E+02	5,443586E+01	5,568179E+03
2,93	-1,199338E+06	1,038616E+02	5,329381E+01	5,568179E+03
2,935	-1,199338E+06	9,819265E+01	5,221097E+01	5,568179E+03
2,94	-1,199338E+06	9,968765E+01	5,152327E+01	5,568179E+03
2,945	-1,199338E+06	1,061102E+02	5,140057E+01	5,568179E+03
2,95	-1,199338E+06	9,986885E+01	5,176227E+01	5,568179E+03
2,955	-1,199338E+06	1,008875E+02	5,192929E+01	5,568179E+03
2,96	-1,199338E+06	1,006514E+02	5,197452E+01	5,568179E+03
2,965	-1,199338E+06	9,694271E+01	5,214112E+01	5,568179E+03
2,97	-1,199338E+06	9,715585E+01	5,247380E+01	5,568179E+03
2,975	-1,199338E+06	1,000416E+02	5,319064E+01	5,568179E+03
2,98	-1,199338E+06	1,010233E+02	5,405401E+01	5,568179E+03
2,985	-1,199338E+06	9,679326E+01	5,474076E+01	5,568179E+03
2,99	-1,199338E+06	9,968290E+01	5,529481E+01	5,568179E+03
2,995	-1,199338E+06	1,024951E+02	5,560333E+01	5,568179E+03
3,0	-1,199338E+06	9,915101E+01	5,562922E+01	5,568179E+03
3,005	-1,199338E+06	9,961177E+01	5,549414E+01	5,568179E+03
3,01	-1,199338E+06	1,021265E+02	5,502905E+01	5,568179E+03
3,015	-1,199338E+06	9,952880E+01	5,419760E+01	5,568179E+03
3,02	-1,199338E+06	9,973704E+01	5,325101E+01	5,568179E+03
3,025	-1,199338E+06	1,058668E+02	5,256017E+01	5,568179E+03
3,03	-1,199338E+06	1,028841E+02	5,237271E+01	5,568179E+03
3,035	-1,199338E+06	9,394689E+01	5,248563E+01	5,568179E+03
3,04	-1,199338E+06	1,005445E+02	5,262856E+01	5,568179E+03
3,045	-1,199338E+06	9,879639E+01	5,296632E+01	5,568179E+03
3,05	-1,199338E+06	9,608185E+01	5,357766E+01	5,568179E+03
3,055	-1,199338E+06	1,029001E+02	5,464919E+01	5,568179E+03
3,06	-1,199338E+06	9,483609E+01	5,596299E+01	5,568179E+03
3,065	-1,199338E+06	9,372020E+01	5,673614E+01	5,568179E+03
3,07	-1,199338E+06	9,707625E+01	5,698169E+01	5,568179E+03
3,075	-1,199338E+06	9,742292E+01	5,682697E+01	5,568179E+03
3,08	-1,199338E+06	1,088173E+02	5,630842E+01	5,568179E+03
3,085	-1,199338E+06	1,015306E+02	5,572112E+01	5,568179E+03
3,09	-1,199338E+06	9,704065E+01	5,471464E+01	5,568179E+03
3,095	-1,199338E+06	1,024893E+02	5,342945E+01	5,568179E+03
3,1	-1,199338E+06	9,473409E+01	5,255699E+01	5,568179E+03
3,105	-1,199338E+06	9,556844E+01	5,227826E+01	5,568179E+03
3,11	-1,199338E+06	9,858297E+01	5,268700E+01	5,568179E+03
3,115	-1,199338E+06	9,926776E+01	5,339090E+01	5,568179E+03
3,12	-1,199338E+06	9,621138E+01	5,397921E+01	5,568179E+03
3,125	-1,199338E+06	9,647664E+01	5,459082E+01	5,568179E+03
3,13	-1,199338E+06	9,835239E+01	5,545007E+01	5,568179E+03
3,135	-1,199338E+06	9,784124E+01	5,630682E+01	5,568179E+03
3,14	-1,199338E+06	1,050541E+02	5,675623E+01	5,568179E+03
3,145	-1,199338E+06	9,671096E+01	5,666756E+01	5,568179E+03
3,15	-1,199338E+06	9,451051E+01	5,591790E+01	5,568179E+03
3,155	-1,199338E+06	9,840815E+01	5,509427E+01	5,568179E+03
3,16	-1,199338E+06	9,582590E+01	5,441600E+01	5,568179E+03
3,165	-1,199338E+06	1,024708E+02	5,373152E+01	5,568179E+03
3,17	-1,199338E+06	9,437554E+01	5,347348E+01	5,568179E+03
3,175	-1,199338E+06	9,396016E+01	5,331750E+01	5,568179E+03
3,18	-1,199338E+06	1,019884E+02	5,315372E+01	5,568179E+03
3,185	-1,199338E+06	9,280597E+01	5,322221E+01	5,568179E+03
3,19	-1,199338E+06	9,542004E+01	5,343994E+01	5,568179E+03
3,195	-1,199338E+06	9,876045E+01	5,412069E+01	5,568179E+03
3,2	-1,199338E+06	9,812725E+01	5,502777E+01	5,568179E+03
3,205	-1,199338E+06	1,038169E+02	5,572022E+01	5,568179E+03
3,21	-1,199338E+06	1,023630E+02	5,599085E+01	5,568179E+03
3,215	-1,199338E+06	9,546519E+01	5,601575E+01	5,568179E+03
3,22	-1,199338E+06	9,347150E+01	5,613584E+01	5,568179E+03
3,225	-1,199338E+06	9,663075E+01	5,611058E+01	5,568179E+03
3,23	-1,199338E+06	9,644470E+01	5,579879E+01	5,568179E+03
3,235	-1,199338E+06	1,018220E+02	5,502536E+01	5,568179E+03
3,24	-1,199338E+06	1,038155E+02	5,403880E+01	5,568179E+03
3,245	-1,199338E+06	9,561720E+01	5,347838E+01	5,568179E+03
3,25	-1,199338E+06	1,003450E+02	5,310874E+01	5,568179E+03
3,255	-1,199338E+06	1,006593E+02	5,273567E+01	5,568179E+03
3,26	-1,199338E+06	9,681819E+01	5,226567E+01	5,568179E+03
3,265	-1,199338E+06	9,873499E+01	5,187398E+01	5,568179E+03
3,27	-1,199338E+06	9,482698E+01	5,220007E+01	5,568179E+03
3,275	-1,199338E+06	9,500364E+01	5,303535E+01	5,568179E+03
3,28	-1,199338E+06	9,573000E+01	5,390027E+01	5,568179E+03
3,285	-1,199338E+06	9,978306E+01	5,446349E+01	5,568179E+03
3,29	-1,199338E+06	9,817888E+01	5,460275E+01	5,568179E+03
3,295	-1,199338E+06	9,423407E+01	5,454148E+01	5,568179E+03
3,3	-1,199338E+06	9,879584E+01	5,437201E+01	5,568179E+03
3,305	-1,199338E+06	9,514177E+01	5,399817E+01	5,568179E+03
3,31	-1,199338E+06	9,858656E+01	5,323237E+01	5,568179E+03
3,315	-1,199338E+06	1,024623E+02	5,225005E+01	5,568179E+03
3,32	-1,199338E+06	9,600333E+01	5,133772E+01	5,568179E+03
3,325	-1,199338E+06	9,128853E+01	5,083952E+01	5,568179E+03
3,33	-1,199338E+06	9,204546E+01	5,107891E+01	5,568179E+03
3,335	-1,199338E+06	9,699731E+01	5,170809E+01	5,568179E+03
3,34	-1,199338E+06	9,927071E+01	5,226563E+01	5,568179E+03
3,345	-1,199338E+06	9,864260E+01	5,268955E+01	5,568179E+03
3,35	-1,199338E+06	9,773558E+01	5,314470E+01	5,568179E+03
3,355	-1,199338E+06	1,011117E+02	5,378067E+01	5,568179E+03
3,36	-1,199338E+06	9,777270E+01	5,454943E+01	5,568179E+03
3,365	-1,199338E+06	9,533773E+01	5,506403E+01	5,568179E+03
3,37	-1,199338E+06	9,929112E+01	5,518955E+01	5,568179E+03
3,375	-1,199338E+06	9,374712E+01	5,501146E+01	5,568179E+03
3,38	-1,199338E+06	9,233772E+01	5,449144E+01	5,568179E+03
3,385	-1,199338E+06	9,850857E+01	5,389458E+01	5,568179E+03
3,39	-1,199338E+06	1,018733E+02	5,324343E+01	5,568179E+03
3,395	-1,199338E+06	1,035075E+02	5,232405E+01	5,568179E+03
3,4	-1,199338E+06	1,026065E+02	5,140906E+01	5,568179E+03
3,405	-1,199338E+06	9,893701E+01	5,081930E+01	5,568179E+03
3,41	-1,199338E+06	9,613806E+01	5,073946E+01	5,568179E+03
3,415	-1,199338E+06	9,318600E+01	5,136144E+01	5,568179E+03
3,42	-1,199338E+06	9,580557E+01	5,237025E+01	5,568179E+03
3,425	-1,199338E+06	1,049594E+02	5,325828E+01	5,568179E+03
3,43	-1,199338E+06	1,029509E+02	5,407469E+01	5,568179E+03
3,435	-1,199338E+06	9,947826E+01	5,504189E+01	5,568179E+03
3,44	-1,199338E+06	1,088229E+02	5,601202E+01	5,568179E+03
3,445	-1,199338E+06	1,058176E+02	5,660461E+01	5,568179E+03
3,45	-1,199338E+06	9,572626E+01	5,633514E+01	5,568179E+03
3,455	-1,199338E+06	9,561431E+01	5,550645E+01	5,568179E+03
3,46	-1,199338E+06	9,600320E+01	5,484824E+01	5,568179E+03
3,465	-1,199338E+06	9,743038E+01	5,447467E+01	5,568179E+03
3,47	-1,199338E+06	9,964075E+01	5,422578E+01	5,568179E+03
3,475	-1,199338E+06	9,985205E+01	5,371153E+01	5,568179E+03
3,48	-1,199338E+06	1,028135E+02	5,283935E+01	5,568179E+03
3,485	-1,199338E+06	1,006248E+02	5,209844E+01	5,568179E+03
3,49	-1,199338E+06	9,835019E+01	5,176229E+01	5,568179E+03
3,495	-1,199338E+06	9,700441E+01	5,202529E+01	5,568179E+03
3,5	-1,199338E+06	9,642455E+01	5,259201E+01	5,568179E+03
3,505	-1,199338E+06	9,888018E+01	5,299943E+01	5,568179E+03
3,51	-1,199338E+06	9,896396E+01	5,339743E+01	5,568179E+03
3,515	-1,199338E+06	1,022465E+02	5,402785E+01	5,568179E+03
3,52	-1,199338E+06	9,847691E+01	5,498194E+01	5,568179E+03
3,525	-1,199338E+06	9,536702E+01	5,572588E+01	5,568179E+03
3,53	-1,199338E+06	1,004402E+02	5,585545E+01	5,568179E+03
3,535	-1,199338E+06	1,014597E+02	5,550901E+01	5,568179E+03
3,54	-1,199338E+06	1,007635E+02	5,481303E+01	5,568179E+03
3,545	-1,199338E+06	9,591213E+01	5,421345E+01	5,568179E+03
3,55	-1,199338E+06	9,487426E+01	5,381470E+01	5,568179E+03
3,555	-1,199338E+06	9,661651E+01	5,339644E+01	5,568179E+03
3,56	-1,199338E+06	9,858146E+01	5,302213E+01	5,568179E+03
3,565	-1,199338E+06	1,074721E+02	5,261430E+01	5,568179E+03
3,57	-1,199338E+06	1,094157E+02	5,227822E+01	5,568179E+03
3,575	-1,199338E+06	1,035938E+02	5,224923E+01	5,568179E+03
3,58	-1,199338E+06	1,009699E+02	5,230611E+01	5,568179E+03
3,585	-1,199338E+06	9,977111E+01	5,234542E+01	5,568179E+03
3,59	-1,199338E+06	1,002139E+02	5,239518E+01	5,568179E+03
3,595	-1,199338E+06	9,622062E+01	5,246174E+01	5,568179E+03
3,6	-1,199338E+06	1,024722E+02	5,261869E+01	5,568179E+03
3,605	-1,199338E+06	1,032326E+02	5,292433E+01	5,568179E+03
3,61	-1,199338E+06	1,016449E+02	5,302582E+01	5,568179E+03
3,615	-1,199338E+06	1,066638E+02	5,285578E+01	5,568179E+03
3,62	-1,199338E+06	1,005291E+02	5,245302E+01	5,568179E+03
3,625	-1,199338E+06	1,031287E+02	5,188328E+01	5,568179E+03
3,63	-1,199338E+06	1,034237E+02	5,172792E+01	5,568179E+03
3,635	-1,199338E+06	9,855093E+01	5,170325E+01	5,568179E+03
3,64	-1,199338E+06	1,008466E+02	5,148164E+01	5,568179E+03
3,645	-1,199338E+06	9,802713E+01	5,134980E+01	5,568179E+03
3,65	-1,199338E+06	1,060875E+02	5,105413E+01	5,568179E+03
3,655	-1,199338E+06	1,071334E+02	5,096085E+01	5,568179E+03
3,66	-1,199338E+06	1,024026E+02	5,125388E+01	5,568179E+03
3,665	-1,199338E+06	1,030910E+02	5,148756E+01	5,568179E+03
3,67	-1,199338E+06	1,058786E+02	5,148946E+01	5,568179E+03
3,675	-1,199338E+06	1,069967E+02	5,119396E+01	5,568179E+03
3,68	-1,199338E+06	1,029066E+02	5,074582E+01	5,568179E+03
3,685	-1,199338E+06	1,050926E+02	5,047023E+01	5,568179E+03
3,69	-1,199338E+06	1,015791E+02	5,027714E+01	5,568179E+03
3,695	-1,199338E+06	1,010153E+02	4,974053E+01	5,568179E+03
3,7	-1,199338E+06	1,061800E+02	4,906390E+01	5,568179E+03
3,705	-1,199338E+06	1,032537E+02	4,866720E+01	5,568179E+03
3,71	-1,199338E+06	1,069846E+02	4,870562E+01	5,568179E+03
3,715	-1,199338E+06	1,018455E+02	4,933327E+01	5,568179E+03
3,72	-1,199338E+06	1,004258E+02	4,994377E+01	5,568179E+03
3,725	-1,199338E+06	1,086736E+02	5,016625E+01	5,568179E+03
3,73	-1,199338E+06	9,970881E+01	5,050094E+01	5,568179E+03
3,735	-1,199338E+06	9,825494E+01	5,115578E+01	5,568179E+03
3,74	-1,199338E+06	1,093295E+02	5,198529E+01	5,568179E+03
3,745	-1,199338E+06	1,079328E+02	5,264506E+01	5,568179E+03
3,75	-1,199338E+06	1,110964E+02	5,253947E+01	5,568179E+03
3,755	-1,199338E+06	1,135869E+02	5,180443E+01	5,568179E+03
3,76	-1,199337E+06	1,026288E+02	5,108850E+01	5,568179E+03
3,765	-1,199338E+06	1,020686E+02	5,052171E+01	5,568179E+03
3,77	-1,199338E+06	1,039200E+02	5,022665E+01	5,568179E+03
3,775	-1,199338E+06	1,021630E+02	4,997925E+01	5,568179E+03
3,78	-1,199338E+06	1,085107E+02	4,937399E+01	5,568179E+03
3,785	-1,199338E+06	1,089141E+02	4,882851E+01	5,568179E+03
3,79	-1,199338E+06	1,079305E+02	4,856886E+01	5,568179E+03
3,795	-1,199338E+06	1,123257E+02	4,854152E+01	5,568179E+03
3,8	-1,199338E+06	1,088656E+02	4,893356E+01	5,568179E+03
3,805	-1,199338E+06	1,085161E+02	4,936513E+01	5,568179E+03
3,81	-1,199338E+06	1,110717E+02	4,980736E+01	5,568179E+03
3,815	-1,199338E+06	1,100364E+02	5,065939E+01	5,568179E+03
3,82	-1,199338E+06	1,109250E+02	5,166137E+01	5,568179E+03
3,825	-1,199338E+06	1,069314E+02	5,257249E+01	5,568179E+03
3,83	-1,199337E+06	9,672139E+01	5,327175E+01	5,568179E+03
3,835	-1,199338E+06	1,020031E+02	5,325270E+01	5,568179E+03
3,84	-1,199338E+06	1,062475E+02	5,275893E+01	5,568179E+03
3,845	-1,199337E+06	1,049385E+02	5,218173E+01	5,568179E+03
3,85	-1,199338E+06	1,116045E+02	5,152751E+01	5,568179E+03
3,855	-1,199338E+06	1,108999E+02	5,102329E+01	5,568179E+03
3,86	-1,199338E+06	1,100920E+02	5,039474E+01	5,568179E+03
3,865	-1,199338E+06	1,135318E+02	4,952291E+01	5,568179E+03
3,87	-1,199337E+06	1,081186E+02	4,896642E+01	5,568179E+03
3,875	-1,199337E+06	1,089975E+02	4,880837E+01	5,568179E+03
3,88	-1,199338E+06	1,149023E+02	4,894051E+01	5,568179E+03
3,885	-1,199337E+06	1,071602E+02	4,931709E+01	5,568179E+03
3,89	-1,199338E+06	1,092831E+02	4,951043E+01	5,568179E+03
3,895	-1,199338E+06	1,143379E+02	4,987476E+01	5,568179E+03
3,9	-1,199337E+06	1,088876E+02	5,087783E+01	5,568179E+03
3,905	-1,199338E+06	1,145677E+02	5,200682E+01	5,568179E+03
3,91	-1,199338E+06	1,127692E+02	5,291482E+01	5,568179E+03
3,915	-1,199337E+06	1,125108E+02	5,324033E+01	5,568179E+03
3,92	-1,199338E+06	1,197902E+02	5,301323E+01	5,568179E+03
3,925	-1,199337E+06	1,193667E+02	5,270349E+01	5,568179E+03
3,93	-1,199338E+06	1,198747E+02	5,229095E+01	5,568179E+03
3,935	-1,199338E+06	1,168940E+02	5,163622E+01	5,568179E+03
3,94	-1,199337E+06	1,083051E+02	5,075272E+01	5,568179E+03
3,945	-1,199337E+06	1,073908E+02	4,980603E+01	5,568179E+03
3,95	-1,199337E+06	1,108228E+02	4,922161E+01	5,568179E+03
3,955	-1,199337E+06	1,114363E+02	4,908018E+01	5,568179E+03
3,96	-1,199337E+06	1,148855E+02	4,912865E+01	5,568179E+03
3,965	-1,199338E+06	1,193857E+02	4,925596E+01	5,568179E+03
3,97	-1,199338E+06	1,208947E+02	4,946235E+01	5,568179E+03
3,975	-1,199337E+06	1,189408E+02	4,985675E+01	5,568179E+03
3,98	-1,199338E+06	1,159450E+02	5,044305E+01	5,568179E+03
3,985	-1,199337E+06	1,131820E+02	5,115224E+01	5,568179E+03
3,99	-1,199337E+06	1,128269E+02	5,175424E+01	5,568179E+03
3,995	-1,199337E+06	1,140000E+02	5,190144E+01	5,568179E+03
4,0	-1,199337E+06	1,130318E+02	5,172139E+01	5,568179E+03
4,005	-1,199337E+06	1,154744E+02	5,148116E+01	5,568179E+03
4,01	-1,199337E+06	1,195419E+02	5,141220E+01	5,568179E+03
4,015	-1,199337E+06	1,199688E+02	5,174859E+01	5,568179E+03
4,02	-1,199337E+06	1,191472E+02	5,224049E+01	5,568179E+03
4,025	-1,199337E+06	1,212888E+02	5,237365E+01	5,568179E+03
4,03	-1,199337E+06	1,235956E+02	5,205206E+01	5,568179E+03
4,035	-1,199337E+06	1,204237E+02	5,175358E+01	5,568179E+03
4,04	-1,199337E+06	1,239249E+02	5,182343E+01	5,568179E+03
4,045	-1,199337E+06	1,220771E+02	5,214959E+01	5,568179E+03
4,05	-1,199337E+06	1,168577E+02	5,229455E+01	5,568179E+03
4,055	-1,199338E+06	1,245332E+02	5,179625E+01	5,568179E+03
4,06	-1,199337E+06	1,193127E+02	5,105108E+01	5,568179E+03
4,065	-1,199337E+06	1,188488E+02	5,081969E+01	5,568179E+03
4,07	-1,199337E+06	1,243411E+02	5,128408E+01	5,568179E+03
4,075	-1,199337E+06	1,238476E+02	5,184734E+01	5,568179E+03
4,08	-1,199337E+06	1,231509E+02	5,201913E+01	5,568179E+03
4,085	-1,199337E+06	1,229872E+02	5,182732E+01	5,568179E+03
4,09	-1,199337E+06	1,241508E+02	5,177025E+01	5,568179E+03
4,095	-1,199337E+06	1,244016E+02	5,206599E+01	5,568179E+03
4,1	-1,199337E+06	1,269960E+02	5,230785E+01	5,568179E+03
4,105	-1,199337E+06	1,231436E+02	5,236825E+01	5,568179E+03
4,11	-1,199337E+06	1,240873E+02	5,214557E+01	5,568179E+03
4,115	-1,199337E+06	1,223051E+02	5,219395E+01	5,568179E+03
4,12	-1,199337E+06	1,206491E+02	5,281237E+01	5,568179E+03
4,125	-1,199337E+06	1,300492E+02	5,326794E+01	5,568179E+03
4,13	-1,199337E+06	1,225900E+02	5,335554E+01	5,568179E+03
4,135	-1,199337E+06	1,184389E+02	5,301719E+01	5,568179E+03
4,14	-1,199337E+06	1,299149E+02	5,244986E+01	5,568179E+03
4,145	-1,199337E+06	1,277045E+02	5,213400E+01	5,568179E+03
4,15	-1,199337E+06	1,271156E+02	5,176707E+01	5,568179E+03
4,155	-1,199337E+06	1,269713E+02	5,138216E+01	5,568179E+03
4,16	-1,199337E+06	1,217334E+02	5,117926E+01	5,568179E+03
4,165	-1,199337E+06	1,292093E+02	5,090328E+01	5,568179E+03
4,17	-1,199337E+06	1,306482E+02	5,078355E+01	5,568179E+03
4,175	-1,199337E+06	1,316378E+02	5,086043E+01	5,568179E+03
4,18	-1,199337E+06	1,379097E+02	5,097939E+01	5,568179E+03
4,185	-1,199337E+06	1,350086E+02	5,120763E+01	5,568179E+03
4,19	-1,199337E+06	1,323246E+02	5,119086E+01	5,568179E+03
4,195	-1,199337E+06	1,261166E+02	5,091773E+01	5,568179E+03
4,2	-1,199337E+06	1,262754E+02	5,094393E+01	5,568179E+03
4,205	-1,199337E+06	1,245422E+02	5,174011E+01	5,568179E+03
4,21	-1,199337E+06	1,290022E+02	5,278386E+01	5,568179E+03
4,215	-1,199337E+06	1,373238E+02	5,353168E+01	5,568179E+03
4,22	-1,199337E+06	1,401002E+02	5,361913E+01	5,568179E+03
4,225	-1,199337E+06	1,395829E+02	5,299799E+01	5,568179E+03
4,23	-1,199337E+06	1,310216E+02	5,236278E+01	5,568179E+03
4,235	-1,199337E+06	1,326681E+02	5,170685E+01	5,568179E+03
4,24	-1,199337E+06	1,269753E+02	5,104375E+01	5,568179E+03
4,245	-1,199337E+06	1,264988E+02	5,029733E+01	5,568179E+03
4,25	-1,199337E+06	1,306976E+02	4,928009E+01	5,568179E+03
4,255	-1,199337E+06	1,310457E+02	4,871154E+01	5,568179E+03
4,26	-1,199337E+06	1,380435E+02	4,895592E+01	5,568179E+03
4,265	-1,199337E+06	1,347094E+02	4,952384E+01	5,568179E+03
4,27	-1,199337E+06	1,352431E+02	5,013613E+01	5,568179E+03
4,275	-1,199337E+06	1,398408E+02	5,068612E+01	5,568179E+03
4,28	-1,199337E+06	1,381334E+02	5,130684E+01	5,568179E+03
4,285	-1,199337E+06	1,348954E+02	5,238028E+01	5,568179E+03
4,29	-1,199337E+06	1,332432E+02	5,359020E+01	5,568179E+03
4,295	-1,199337E+06	1,398037E+02	5,435044E+01	5,568179E+03
4,3	-1,199337E+06	1,454758E+02	5,457374E+01	5,568179E+03
4,305	-1,199337E+06	1,456715E+02	5,429060E+01	5,568179E+03
4,31	-1,199337E+06	1,420604E+02	5,377849E+01	5,568179E+03
4,315	-1,199337E+06	1,436971E+02	5,332210E+01	5,568179E+03
4,32	-1,199337E+06	1,383988E+02	5,280865E+01	5,568179E+03
4,325	-1,199337E+06	1,369793E+02	5,206313E+01	5,568179E+03
4,33	-1,199337E+06	1,473212E+02	5,143398E+01	5,568179E+03
4,335	-1,199337E+06	1,419101E+02	5,109949E+01	5,568179E+03
4,34	-1,199337E+06	1,339222E+02	5,108299E+01	5,568179E+03
4,345	-1,199337E+06	1,431941E+02	5,154159E+01	5,568179E+03
4,35	-1,199337E+06	1,502819E+02	5,205008E+01	5,568179E+03
4,355	-1,199337E+06	1,524540E+02	5,222443E+01	5,568179E+03
4,36	-1,199337E+06	1,488600E+02	5,241411E+01	5,568179E+03
4,365	-1,199337E+06	1,410356E+02	5,269199E+01	5,568179E+03
4,37	-1,199337E+06	1,448445E+02	5,331708E+01	5,568179E+03
4,375	-1,199337E+06	1,467280E+02	5,451009E+01	5,568179E+03
4,38	-1,199337E+06	1,443820E+02	5,539017E+01	5,568179E+03
4,385	-1,199337E+06	1,508750E+02	5,541089E+01	5,568179E+03
4,39	-1,199337E+06	1,400438E+02	5,499558E+01	5,568179E+03
4,395	-1,199337E+06	1,401154E+02	5,443810E+01	5,568179E+03
4,4	-1,199337E+06	1,517768E+02	5,414266E+01	5,568179E+03
4,405	-1,199337E+06	1,560767E+02	5,372534E+01	5,568179E+03
4,41	-1,199337E+06	1,548327E+02	5,273565E+01	5,568179E+03
4,415	-1,199337E+06	1,489124E+02	5,171659E+01	5,568179E+03
4,42	-1,199337E+06	1,541496E+02	5,134568E+01	5,568179E+03
4,425	-1,199337E+06	1,565207E+02	5,171299E+01	5,568179E+03
4,43	-1,199337E+06	1,523804E+02	5,224618E+01	5,568179E+03
4,435	-1,199337E+06	1,474817E+02	5,256084E+01	5,568179E+03
4,44	-1,199337E+06	1,461444E+02	5,262505E+01	5,568179E+03
4,445	-1,199337E+06	1,523647E+02	5,302867E+01	5,568179E+03
4,45	-1,199337E+06	1,566917E+02	5,395740E+01	5,568179E+03
4,455	-1,199337E+06	1,614464E+02	5,465389E+01	5,568179E+03
4,46	-1,199337E+06	1,537843E+02	5,510293E+01	5,568179E+03
4,465	-1,199337E+06	1,536480E+02	5,508613E+01	5,568179E+03
4,47	-1,199337E+06	1,671333E+02	5,455780E+01	5,568179E+03
4,475	-1,199337E+06	1,582132E+02	5,409469E+01	5,568179E+03
4,48	-1,199337E+06	1,560572E+02	5,339622E+01	5,568179E+03
4,485	-1,199337E+06	1,600435E+02	5,281667E+01	5,568179E+03
4,49	-1,199337E+06	1,621907E+02	5,229747E+01	5,568179E+03
4,495	-1,199337E+06	1,634908E+02	5,137914E+01	5,568179E+03
4,5	-1,199337E+06	1,593466E+02	5,081558E+01	5,568179E+03
4,505	-1,199337E+06	1,618661E+02	5,089391E+01	5,568179E+03
4,51	-1,199337E+06	1,568026E+02	5,138384E+01	5,568179E+03
4,515	-1,199336E+06	1,572328E+02	5,203699E+01	5,568179E+03
4,52	-1,199337E+06	1,649598E+02	5,247609E+01	5,568179E+03
4,525	-1,199337E+06	1,609909E+02	5,284536E+01	5,568179E+03
4,53	-1,199336E+06	1,589613E+02	5,360230E+01	5,568179E+03
4,535	-1,199337E+06	1,653659E+02	5,453878E+01	5,568179E+03
4,54	-1,199337E+06	1,680460E+02	5,506862E+01	5,568179E+03
4,545	-1,199337E+06	1,668890E+02	5,515604E+01	5,568179E+03
4,55	-1,199337E+06	1,637998E+02	5,485568E+01	5,568179E+03
4,555	-1,199337E+06	1,653387E+02	5,422983E+01	5,568179E+03
4,56	-1,199337E+06	1,690225E+02	5,398229E+01	5,568179E+03
4,565	-1,199337E+06	1,733749E+02	5,393509E+01	5,568179E+03
4,57	-1,199336E+06	1,707961E+02	5,353399E+01	5,568179E+03
4,575	-1,199336E+06	1,677541E+02	5,291835E+01	5,568179E+03
4,58	-1,199337E+06	1,731056E+02	5,220033E+01	5,568179E+03
4,585	-1,199336E+06	1,700663E+02	5,209055E+01	5,568179E+03
4,59	-1,199336E+06	1,703057E+02	5,290746E+01	5,568179E+03
4,595	-1,199336E+06	1,737377E+02	5,375167E+01	5,568179E+03
4,6	-1,199336E+06	1,767809E+02	5,417555E+01	5,568179E+03
4,605	-1,199337E+06	1,870846E+02	5,426780E+01	5,568179E+03
4,61	-1,199336E+06	1,803302E+02	5,423386E+01	5,568179E+03
4,615	-1,199336E+06	1,768350E+02	5,416719E+01	5,568179E+03
4,62	-1,199336E+06	1,784953E+02	5,401728E+01	5,568179E+03
4,625	-1,199336E+06	1,744164E+02	5,363051E+01	5,568179E+03
4,63	-1,199336E+06	1,799956E+02	5,289853E+01	5,568179E+03
4,635	-1,199336E+06	1,791088E+02	5,217274E+01	5,568179E+03
4,64	-1,199336E+06	1,769515E+02	5,208636E+01	5,568179E+03
4,645	-1,199336E+06	1,838426E+02	5,264711E+01	5,568179E+03
4,65	-1,199336E+06	1,788834E+02	5,321245E+01	5,568179E+03
4,655	-1,199336E+06	1,776489E+02	5,339548E+01	5,568179E+03
4,66	-1,199336E+06	1,806585E+02	5,324408E+01	5,568179E+03
4,665	-1,199336E+06	1,711031E+02	5,308834E+01	5,568179E+03
4,67	-1,199336E+06	1,760791E+02	5,322859E+01	5,568179E+03
4,675	-1,199336E+06	1,827056E+02	5,353055E+01	5,568179E+03
4,68	-1,199336E+06	1,766173E+02	5,350825E+01	5,568179E+03
4,685	-1,199336E+06	1,795109E+02	5,307725E+01	5,568179E+03
4,69	-1,199336E+06	1,813526E+02	5,257198E+01	5,568179E+03
4,695	-1,199336E+06	1,837909E+02	5,225847E+01	5,568179E+03
4,7	-1,199336E+06	1,844833E+02	5,239431E+01	5,568179E+03
4,705	-1,199336E+06	1,819890E+02	5,257113E+01	5,568179E+03
4,71	-1,199336E+06	1,931485E+02	5,229293E+01	5,568179E+03
4,715	-1,199336E+06	2,000508E+02	5,165217E+01	5,568179E+03
4,72	-1,199336E+06	1,918599E+02	5,113312E+01	5,568179E+03
4,725	-1,199336E+06	1,910961E+02	5,149810E+01	5,568179E+03
4,73	-1,199336E+06	1,897282E+02	5,273371E+01	5,568179E+03
4,735	-1,199336E+06	1,961236E+02	5,395340E+01	5,568179E+03
4,74	-1,199336E+06	2,039909E+02	5,481678E+01	5,568179E+03
4,745	-1,199336E+06	2,051320E+02	5,524854E+01	5,568179E+03
4,75	-1,199336E+06	1,951556E+02	5,571335E+01	5,568179E+03
4,755	-1,199336E+06	1,936800E+02	5,624497E+01	5,568179E+03
4,76	-1,199336E+06	2,024404E+02	5,637360E+01	5,568179E+03
4,765	-1,199336E+06	1,986545E+02	5,576998E+01	5,568179E+03
4,77	-1,199336E+06	1,982737E+02	5,417186E+01	5,568179E+03
4,775	-1,199336E+06	1,905585E+02	5,253648E+01	5,568179E+03
4,78	-1,199336E+06	1,990587E+02	5,135803E+01	5,568179E+03
4,785	-1,199336E+06	2,128926E+02	5,031417E+01	5,568179E+03
4,79	-1,199336E+06	1,962877E+02	4,925063E+01	5,568179E+03
4,795	-1,199336E+06	2,043548E+02	4,811592E+01	5,568179E+03
4,8	-1,199336E+06	2,070214E+02	4,779807E+01	5,568179E+03
4,805	-1,199336E+06	2,030689E+02	4,835642E+01	5,568179E+03
4,81	-1,199336E+06	2,038702E+02	4,940310E+01	5,568179E+03
4,815	-1,199335E+06	1,859650E+02	5,099761E+01	5,568179E+03
4,82	-1,199336E+06	2,061627E+02	5,248464E+01	5,568179E+03
4,825	-1,199336E+06	2,082480E+02	5,375934E+01	5,568179E+03
4,83	-1,199335E+06	1,912843E+02	5,462106E+01	5,568179E+03
4,835	-1,199336E+06	1,956349E+02	5,540200E+01	5,568179E+03
4,84	-1,199335E+06	2,123405E+02	5,625259E+01	5,568179E+03
4,845	-1,199336E+06	2,309189E+02	5,646497E+01	5,568179E+03
4,85	-1,199335E+06	2,223164E+02	5,564101E+01	5,568179E+03
4,855	-1,199336E+06	2,214598E+02	5,405226E+01	5,568179E+03
4,86	-1,199335E+06	2,135894E+02	5,311455E+01	5,568179E+03
4,865	-1,199335E+06	2,172537E+02	5,262475E+01	5,568179E+03
4,87	-1,199336E+06	2,222449E+02	5,214248E+01	5,568179E+03
4,875	-1,199335E+06	2,125710E+02	5,177619E+01	5,568179E+03
4,88	-1,199336E+06	2,235459E+02	5,117352E+01	5,568179E+03
4,885	-1,199335E+06	2,245831E+02	5,147419E+01	5,568179E+03
4,89	-1,199335E+06	2,248460E+02	5,303754E+01	5,568179E+03
4,895	-1,199336E+06	2,455308E+02	5,427285E+01	5,568179E+03
4,9	-1,199335E+06	2,242905E+02	5,511967E+01	5,568179E+03
4,905	-1,199335E+06	2,152051E+02	5,536027E+01	5,568179E+03
4,91	-1,199336E+06	2,381044E+02	5,517685E+01	5,568179E+03
4,915	-1,199336E+06	2,450456E+02	5,539620E+01	5,568179E+03
4,92	-1,199335E+06	2,329800E+02	5,552983E+01	5,568179E+03
4,925	-1,199335E+06	2,202619E+02	5,528377E+01	5,568179E+03
4,93	-1,199335E+06	2,221412E+02	5,490667E+01	5,568179E+03
4,935	-1,199335E+06	2,266175E+02	5,418596E+01	5,568179E+03
4,94	-1,199335E+06	2,364850E+02	5,351849E+01	5,568179E+03
4,945	-1,199335E+06	2,303060E+02	5,380460E+01	5,568179E+03
4,95	-1,199335E+06	2,260452E+02	5,396444E+01	5,568179E+03
4,955	-1,199336E+06	2,454059E+02	5,356793E+01	5,568179E+03
4,96	-1,199335E+06	2,406866E+02	5,329943E+01	5,568179E+03
4,965	-1,199335E+06	2,392194E+02	5,235809E+01	5,568179E+03
4,97	-1,199335E+06	2,316938E+02	5,181989E+01	5,568179E+03
4,975	-1,199335E+06	2,209830E+02	5,226218E+01	5,568179E+03
4,98	-1,199335E+06	2,429368E+02	5,246606E+01	5,568179E+03
4,985	-1,199335E+06	2,495023E+02	5,284721E+01	5,568179E+03
4,99	-1,199335E+06	2,450042E+02	5,312064E+01	5,568179E+03
4,995	-1,199335E+06	2,503909E+02	5,296203E+01	5,568179E+03
5,0	-1,199335E+06	2,465232E+02	5,347492E+01	5,568179E+03
5,005	-1,199335E+06	2,457673E+02	5,419009E+01	5,568179E+03
5,01	-1,199335E+06	2,460719E+02	5,414934E+01	5,568179E+03
5,015	-1,199335E+06	2,390139E+02	5,367492E+01	5,568179E+03
5,02	-1,199335E+06	2,419158E+02	5,291580E+01	5,568179E+03
5,025	-1,199335E+06	2,607133E+02	5,237533E+01	5,568179E+03
5,03	-1,199335E+06	2,574024E+02	5,301153E+01	5,568179E+03
5,035	-1,199335E+06	2,603144E+02	5,375179E+01	5,568179E+03
5,04	-1,199335E+06	2,745734E+02	5,395394E+01	5,568179E+03
5,045	-1,199335E+06	2,604358E+02	5,402738E+01	5,568179E+03
5,05	-1,199335E+06	2,508714E+02	5,349575E+01	5,568179E+03
5,055	-1,199335E+06	2,505668E+02	5,303493E+01	5,568179E+03
5,06	-1,199335E+06	2,441812E+02	5,291664E+01	5,568179E+03
5,065	-1,199335E+06	2,584117E+02	5,219949E+01	5,568179E+03
5,07	-1,199335E+06	2,690111E+02	5,124615E+01	5,568179E+03
5,075	-1,199334E+06	2,569071E+02	5,018707E+01	5,568179E+03
5,08	-1,199335E+06	2,670675E+02	4,934007E+01	5,568179E+03
5,085	-1,199335E+06	2,758699E+02	4,961711E+01	5,568179E+03
5,09	-1,199335E+06	2,717981E+02	4,982899E+01	5,568179E+03
5,095	-1,199335E+06	2,761816E+02	4,937769E+01	5,568179E+03
5,1	-1,199335E+06	2,784506E+02	4,933954E+01	5,568179E+03
5,105	-1,199334E+06	2,712785E+02	4,975722E+01	5,568179E+03
5,11	-1,199335E+06	2,800657E+02	5,052024E+01	5,568179E+03
5,115	-1,199335E+06	2,798563E+02	5,193850E+01	5,568179E+03
5,12	-1,199334E+06	2,723665E+02	5,262927E+01	5,568179E+03
5,125	-1,199335E+06	2,862969E+02	5,215755E+01	5,568179E+03
5,13	-1,199334E+06	2,726903E+02	5,197388E+01	5,568179E+03
5,135	-1,199334E+06	2,685938E+02	5,165932E+01	5,568179E+03
5,14	-1,199334E+06	2,781106E+02	5,147525E+01	5,568179E+03
5,145	-1,199334E+06	2,697145E+02	5,153402E+01	5,568179E+03
5,15	-1,199334E+06	2,844730E+02	5,050415E+01	5,568179E+03
5,155	-1,199334E+06	2,860450E+02	4,921095E+01	5,568179E+03
5,16	-1,199334E+06	2,795375E+02	4,830543E+01	5,568179E+03
5,165	-1,199334E+06	2,972505E+02	4,775798E+01	5,568179E+03
5,17	-1,199334E+06	2,994146E+02	4,791515E+01	5,568179E+03
5,175	-1,199334E+06	2,962999E+02	4,797406E+01	5,568179E+03
5,18	-1,199334E+06	2,927237E+02	4,772541E+01	5,568179E+03
5,185	-1,199334E+06	2,710786E+02	4,776676E+01	5,568179E+03
5,19	-1,199334E+06	2,673051E+02	4,881572E+01	5,568179E+03
5,195	-1,199334E+06	2,932763E+02	5,080284E+01	5,568179E+03
5,2	-1,199334E+06	2,942468E+02	5,261124E+01	5,568179E+03
5,205	-1,199333E+06	2,898756E+02	5,343400E+01	5,568179E+03
5,21	-1,199334E+06	3,127945E+02	5,313958E+01	5,568179E+03
5,215	-1,199334E+06	3,133272E+02	5,267702E+01	5,568179E+03
5,22	-1,199333E+06	3,034426E+02	5,252323E+01	5,568179E+03
5,225	-1,199334E+06	3,191278E+02	5,221464E+01	5,568179E+03
5,23	-1,199334E+06	3,115202E+02	5,193677E+01	5,568179E+03
5,235	-1,199334E+06	3,058547E+02	5,104123E+01	5,568179E+03
5,24	-1,199334E+06	3,012136E+02	5,036182E+01	5,568179E+03
5,245	-1,199333E+06	2,966298E+02	5,074061E+01	5,568179E+03
5,25	-1,199334E+06	3,184870E+02	5,094421E+01	5,568179E+03
5,255	-1,199334E+06	3,222582E+02	5,123632E+01	5,568179E+03
5,26	-1,199333E+06	3,316366E+02	5,109327E+01	5,568179E+03
5,265	-1,199334E+06	3,473491E+02	4,984203E+01	5,568179E+03
5,27	-1,199333E+06	3,162539E+02	4,920317E+01	5,568179E+03
5,275	-1,199333E+06	3,038556E+02	4,920462E+01	5,568179E+03
5,28	-1,199334E+06	3,174879E+02	4,946218E+01	5,568179E+03
5,285	-1,199333E+06	3,173096E+02	5,010288E+01	5,568179E+03
5,29	-1,199333E+06	3,176508E+02	5,006735E+01	5,568179E+03
5,295	-1,199333E+06	3,247755E+02	4,983602E+01	5,568179E+03
5,3	-1,199334E+06	3,420487E+02	5,024201E+01	5,568179E+03
5,305	-1,199333E+06	3,278996E+02	5,083238E+01	5,568179E+03
5,31	-1,199333E+06	3,197382E+02	5,120832E+01	5,568179E+03
5,315	-1,199333E+06	3,291929E+02	5,136449E+01	5,568179E+03
5,32	-1,199333E+06	3,194997E+02	5,087952E+01	5,568179E+03
5,325	-1,199333E+06	3,362817E+02	4,991573E+01	5,568179E+03
5,33	-1,199333E+06	3,277260E+02	4,949937E+01	5,568179E+03
5,335	-1,199333E+06	3,261832E+02	4,887041E+01	5,568179E+03
5,34	-1,199333E+06	3,365663E+02	4,841316E+01	5,568179E+03
5,345	-1,199332E+06	3,229345E+02	4,809759E+01	5,568179E+03
5,35	-1,199333E+06	3,472643E+02	4,724462E+01	5,568179E+03
5,355	-1,199333E+06	3,420942E+02	4,770380E+01	5,568179E+03
5,36	-1,199333E+06	3,326767E+02	4,883138E+01	5,568179E+03
5,365	-1,199333E+06	3,472282E+02	4,951020E+01	5,568179E+03
5,37	-1,199332E+06	3,389290E+02	5,042370E+01	5,568179E+03
5,375	-1,199333E+06	3,555153E+02	5,040958E+01	5,568179E+03
5,38	-1,199333E+06	3,582089E+02	4,977521E+01	5,568179E+03
5,385	-1,199333E+06	3,626887E+02	4,971202E+01	5,568179E+03
5,39	-1,199333E+06	3,782213E+02	4,987539E+01	5,568179E+03
5,395	-1,199333E+06	3,644591E+02	4,980179E+01	5,568179E+03
5,4	-1,199332E+06	3,590108E+02	4,957162E+01	5,568179E+03
5,405	-1,199332E+06	3,601829E+02	4,960521E+01	5,568179E+03
5,41	-1,199333E+06	3,662368E+02	4,981497E+01	5,568179E+03
5,415	-1,199333E+06	3,668766E+02	5,013547E+01	5,568179E+03
5,42	-1,199332E+06	3,542172E+02	5,039039E+01	5,568179E+03
5,425	-1,199333E+06	3,617030E+02	4,990399E+01	5,568179E+03
5,43	-1,199332E+06	3,555591E+02	4,899068E+01	5,568179E+03
5,435	-1,199332E+06	3,701111E+02	4,766344E+01	5,568179E+03
5,44	-1,199333E+06	3,936726E+02	4,632402E+01	5,568179E+03
5,445	-1,199332E+06	3,689660E+02	4,563482E+01	5,568179E+03
5,45	-1,199332E+06	3,804039E+02	4,466698E+01	5,568179E+03
5,455	-1,199332E+06	3,847079E+02	4,369577E+01	5,568179E+03
5,46	-1,199332E+06	3,547832E+02	4,344996E+01	5,568179E+03
5,465	-1,199332E+06	3,475289E+02	4,418242E+01	5,568179E+03
5,47	-1,199332E+06	3,704105E+02	4,609237E+01	5,568179E+03
5,475	-1,199332E+06	3,985514E+02	4,810416E+01	5,568179E+03
5,48	-1,199332E+06	3,998658E+02	4,917308E+01	5,568179E+03
5,485	-1,199332E+06	3,880603E+02	4,931771E+01	5,568179E+03
5,49	-1,199332E+06	3,807634E+02	4,904406E+01	5,568179E+03
5,495	-1,199332E+06	3,899431E+02	4,881071E+01	5,568179E+03
5,5	-1,199332E+06	3,975057E+02	4,860077E+01	5,568179E+03
5,505	-1,199331E+06	3,757670E+02	4,774599E+01	5,568179E+03
5,51	-1,199331E+06	3,765461E+02	4,602600E+01	5,568179E+03
5,515	-1,199332E+06	4,075502E+02	4,440477E+01	5,568179E+03
5,52	-1,199332E+06	4,150090E+02	4,316880E+01	5,568179E+03
5,525	-1,199332E+06	4,216935E+02	4,259797E+01	5,568179E+03
5,53	-1,199332E+06	4,246195E+02	4,316690E+01	5,568179E+03
5,535	-1,199331E+06	4,050766E+02	4,358089E+01	5,568179E+03
5,54	-1,199332E+06	4,079247E+02	4,292705E+01	5,568179E+03
5,545	-1,199332E+06	3,937376E+02	4,295703E+01	5,568179E+03
5,55	-1,199331E+06	3,910223E+02	4,439271E+01	5,568179E+03
5,555	-1,199332E+06	4,276263E+02	4,619968E+01	5,568179E+03
5,56	-1,199331E+06	4,288569E+02	4,780637E+01	5,568179E+03
5,565	-1,199332E+06	4,363806E+02	4,848105E+01	5,568179E+03
5,57	-1,199332E+06	4,222164E+02	4,835723E+01	5,568179E+03
5,575	-1,199331E+06	4,009197E+02	4,830668E+01	5,568179E+03
5,58	-1,199332E+06	4,058025E+02	4,841091E+01	5,568179E+03
5,585	-1,199331E+06	4,126730E+02	4,819605E+01	5,568179E+03
5,59	-1,199332E+06	4,278252E+02	4,765747E+01	5,568179E+03
5,595	-1,199331E+06	4,158895E+02	4,642909E+01	5,568179E+03
5,6	-1,199331E+06	4,284025E+02	4,497881E+01	5,568179E+03
5,605	-1,199331E+06	4,511863E+02	4,507048E+01	5,568179E+03
5,61	-1,199332E+06	4,611930E+02	4,549010E+01	5,568179E+03
5,615	-1,199332E+06	4,586153E+02	4,529352E+01	5,568179E+03
5,62	-1,199331E+06	4,335870E+02	4,481944E+01	5,568179E+03
5,625	-1,199331E+06	4,189752E+02	4,433765E+01	5,568179E+03
5,63	-1,199332E+06	4,399640E+02	4,473094E+01	5,568179E+03
5,635	-1,199331E+06	4,468471E+02	4,574082E+01	5,568179E+03
5,64	-1,199332E+06	4,502466E+02	4,590734E+01	5,568179E+03
5,645	-1,199331E+06	4,312797E+02	4,578863E+01	5,568179E+03
5,65	-1,199331E+06	4,184375E+02	4,617294E+01	5,568179E+03
5,655	-1,199331E+06	4,416933E+02	4,717030E+01	5,568179E+03
5,66	-1,199331E+06	4,660844E+02	4,834117E+01	5,568179E+03
5,665	-1,199331E+06	4,760531E+02	4,908408E+01	5,568179E+03
5,67	-1,199331E+06	4,781969E+02	4,926772E+01	5,568179E+03
5,675	-1,199331E+06	4,732445E+02	4,904461E+01	5,568179E+03
5,68	-1,199331E+06	4,649100E+02	4,859512E+01	5,568179E+03
5,685	-1,199331E+06	4,521663E+02	4,819904E+01	5,568179E+03
5,69	-1,199331E+06	4,639010E+02	4,766410E+01	5,568179E+03
5,695	-1,199331E+06	4,638187E+02	4,718322E+01	5,568179E+03
5,7	-1,199331E+06	4,654231E+02	4,639106E+01	5,568179E+03
5,705	-1,199331E+06	4,749010E+02	4,527860E+01	5,568179E+03
5,71	-1,199330E+06	4,570910E+02	4,438229E+01	5,568179E+03
5,715	-1,199331E+06	4,730141E+02	4,374730E+01	5,568179E+03
5,72	-1,199330E+06	4,602154E+02	4,454264E+01	5,568179E+03
5,725	-1,199330E+06	4,673042E+02	4,532082E+01	5,568179E+03
5,73	-1,199331E+06	4,816923E+02	4,513676E+01	5,568179E+03
5,735	-1,199330E+06	4,581046E+02	4,496280E+01	5,568179E+03
5,74	-1,199331E+06	4,864438E+02	4,487507E+01	5,568179E+03
5,745	-1,199331E+06	4,799586E+02	4,556741E+01	5,568179E+03
5,75	-1,199330E+06	4,552643E+02	4,641975E+01	5,568179E+03
5,755	-1,199331E+06	4,883402E+02	4,670164E+01	5,568179E+03
5,76	-1,199330E+06	4,961438E+02	4,723378E+01	5,568179E+03
5,765	-1,199330E+06	4,953011E+02	4,785564E+01	5,568179E+03
5,77	-1,199330E+06	5,115930E+02	4,870125E+01	5,568179E+03
5,775	-1,199330E+06	4,999405E+02	4,981441E+01	5,568179E+03
5,78	-1,199330E+06	4,957498E+02	5,006471E+01	5,568179E+03
5,785	-1,199330E+06	5,144190E+02	4,932437E+01	5,568179E+03
5,79	-1,199330E+06	5,091732E+02	4,852657E+01	5,568179E+03
5,795	-1,199330E+06	5,012548E+02	4,785628E+01	5,568179E+03
5,8	-1,199330E+06	4,940469E+02	4,690481E+01	5,568179E+03
5,805	-1,199330E+06	4,876644E+02	4,623213E+01	5,568179E+03
5,81	-1,199330E+06	4,960276E+02	4,581599E+01	5,568179E+03
5,815	-1,199330E+06	4,995541E+02	4,518163E+01	5,568179E+03
5,82	-1,199330E+06	5,062591E+02	4,533402E+01	5,568179E+03
5,825	-1,199329E+06	5,071884E+02	4,601847E+01	5,568179E+03
5,83	-1,199330E+06	5,343578E+02	4,596616E+01	5,568179E+03
5,835	-1,199330E+06	5,315092E+02	4,653965E+01	5,568179E+03
5,84	-1,199329E+06	5,245796E+02	4,709860E+01	5,568179E+03
5,845	-1,199331E+06	5,444707E+02	4,691938E+01	5,568179E+03
5,85	-1,199329E+06	5,085101E+02	4,737146E+01	5,568179E+03
5,855	-1,199330E+06	5,270104E+02	4,744067E+01	5,568179E+03
5,86	-1,199330E+06	5,264418E+02	4,749087E+01	5,568179E+03
5,865	-1,199329E+06	5,160482E+02	4,733744E+01	5,568179E+03
5,87	-1,199330E+06	5,355939E+02	4,727853E+01	5,568179E+03
5,875	-1,199329E+06	5,193641E+02	4,838124E+01	5,568179E+03
5,88	-1,199329E+06	5,204348E+02	4,973008E+01	5,568179E+03
5,885	-1,199330E+06	5,366137E+02	5,135050E+01	5,568179E+03
5,89	-1,199329E+06	5,445724E+02	5,225540E+01	5,568179E+03
5,895	-1,199330E+06	5,593190E+02	5,139724E+01	5,568179E+03
5,9	-1,199329E+06	5,511902E+02	5,056177E+01	5,568179E+03
5,905	-1,199330E+06	5,783822E+02	4,911817E+01	5,568179E+03
5,91	-1,199329E+06	5,741502E+02	4,796392E+01	5,568179E+03
5,915	-1,199329E+06	5,557011E+02	4,747708E+01	5,568179E+03
5,92	-1,199330E+06	5,623041E+02	4,673013E+01	5,568179E+03
5,925	-1,199329E+06	5,375004E+02	4,709568E+01	5,568179E+03
5,93	-1,199329E+06	5,461365E+02	4,739012E+01	5,568179E+03
5,935	-1,199329E+06	5,412132E+02	4,780261E+01	5,568179E+03
5,94	-1,199329E+06	5,484749E+02	4,878861E+01	5,568179E+03
5,945	-1,199329E+06	5,341758E+02	5,013828E+01	5,568179E+03
5,95	-1,199329E+06	5,441537E+02	5,062801E+01	5,568179E+03
5,955	-1,199329E+06	5,654546E+02	4,986910E+01	5,568179E+03
5,96	-1,199329E+06	5,522608E+02	4,991674E+01	5,568179E+03
5,965	-1,199329E+06	5,672592E+02	5,026112E+01	5,568179E+03
5,97	-1,199329E+06	5,845473E+02	4,962811E+01	5,568179E+03
5,975	-1,199328E+06	5,708385E+02	4,906966E+01	5,568179E+03
5,98	-1,199329E+06	5,828471E+02	4,769603E+01	5,568179E+03
5,985	-1,199329E+06	5,840003E+02	4,626800E+01	5,568179E+03
5,99	-1,199328E+06	5,410084E+02	4,675629E+01	5,568179E+03
5,995	-1,199329E+06	5,699981E+02	4,708717E+01	5,568179E+03
6,0	-1,199329E+06	5,935254E+02	4,726858E+01	5,568179E+03
6,005	-1,199328E+06	5,551097E+02	4,781645E+01	5,568179E+03
6,01	-1,199328E+06	5,601893E+02	4,830898E+01	5,568179E+03
6,015	-1,199329E+06	6,081533E+02	4,963741E+01	5,568179E+03
6,02	-1,199329E+06	6,128423E+02	5,088562E+01	5,568179E+03
6,025	-1,199328E+06	5,756672E+02	5,048900E+01	5,568179E+03
6,03	-1,199329E+06	5,897128E+02	4,991414E+01	5,568179E+03
6,035	-1,199329E+06	6,023580E+02	5,038466E+01	5,568179E+03
6,04	-1,199328E+06	5,968355E+02	4,989198E+01	5,568179E+03
6,045	-1,199328E+06	6,012616E+02	4,849076E+01	5,568179E+03
6,05	-1,199329E+06	6,152803E+02	4,771675E+01	5,568179E+03
6,055	-1,199328E+06	6,004541E+02	4,786254E+01	5,568179E+03
6,06	-1,199328E+06	6,013602E+02	4,846519E+01	5,568179E+03
6,065	-1,199328E+06	6,171085E+02	4,916154E+01	5,568179E+03
6,07	-1,199328E+06	6,105233E+02	4,925649E+01	5,568179E+03
6,075	-1,199328E+06	5,976128E+02	4,887046E+01	5,568179E+03
6,08	-1,199328E+06	5,754893E+02	4,913562E+01	5,568179E+03
6,085	-1,199328E+06	5,957972E+02	4,999442E+01	5,568179E+03
6,09	-1,199329E+06	6,377882E+02	5,017673E+01	5,568179E+03
6,095	-1,199328E+06	6,072240E+02	4,923260E+01	5,568179E+03
6,1	-1,199328E+06	5,816607E+02	4,784539E+01	5,568179E+03
6,105	-1,199328E+06	5,784980E+02	4,745406E+01	5,568179E+03
6,11	-1,199328E+06	6,054112E+02	4,755902E+01	5,568179E+03
6,115	-1,199328E+06	6,236878E+02	4,739173E+01	5,568179E+03
6,12	-1,199327E+06	6,055155E+02	4,724347E+01	5,568179E+03
6,125	-1,199328E+06	6,238041E+02	4,774120E+01	5,568179E+03
6,13	-1,199327E+06	6,120243E+02	4,954993E+01	5,568179E+03
6,135	-1,199328E+06	6,125048E+02	5,140727E+01	5,568179E+03
6,14	-1,199328E+06	6,255104E+02	5,278742E+01	5,568179E+03
6,145	-1,199328E+06	6,132652E+02	5,324536E+01	5,568179E+03
6,15	-1,199327E+06	6,114715E+02	5,240196E+01	5,568179E+03
6,155	-1,199328E+06	6,370650E+02	5,130293E+01	5,568179E+03
6,16	-1,199328E+06	6,402627E+02	5,047862E+01	5,568179E+03
6,165	-1,199328E+06	6,293580E+02	4,931424E+01	5,568179E+03
6,17	-1,199327E+06	5,974574E+02	4,847566E+01	5,568179E+03
6,175	-1,199328E+06	6,199500E+02	4,804273E+01	5,568179E+03
6,18	-1,199328E+06	6,543401E+02	4,919593E+01	5,568179E+03
6,185	-1,199328E+06	6,644295E+02	5,110874E+01	5,568179E+03
6,19	-1,199327E+06	6,425144E+02	5,206986E+01	5,568179E+03
6,195	-1,199328E+06	6,508641E+02	5,241312E+01	5,568179E+03
6,2	-1,199327E+06	6,409783E+02	5,282501E+01	5,568179E+03
6,205	-1,199327E+06	6,325523E+02	5,267136E+01	5,568179E+03
6,21	-1,199328E+06	6,641893E+02	5,225196E+01	5,568179E+03
6,215	-1,199327E+06	6,153364E+02	5,253343E+01	5,568179E+03
6,22	-1,199327E+06	6,073570E+02	5,245759E+01	5,568179E+03
6,225	-1,199328E+06	6,311692E+02	5,297744E+01	5,568179E+03
6,23	-1,199327E+06	6,323117E+02	5,426662E+01	5,568179E+03
6,235	-1,199328E+06	6,617739E+02	5,495850E+01	5,568179E+03
6,24	-1,199326E+06	6,478387E+02	5,621249E+01	5,568179E+03
6,245	-1,199328E+06	6,775933E+02	5,631146E+01	5,568179E+03
6,25	-1,199327E+06	6,792154E+02	5,454699E+01	5,568179E+03
6,255	-1,199327E+06	6,717230E+02	5,136782E+01	5,568179E+03
6,26	-1,199327E+06	6,360529E+02	4,774016E+01	5,568179E+03
6,265	-1,199327E+06	6,192527E+02	4,478043E+01	5,568179E+03
6,27	-1,199327E+06	6,373870E+02	4,412676E+01	5,568179E+03
6,275	-1,199327E+06	6,464175E+02	4,500688E+01	5,568179E+03
6,28	-1,199327E+06	6,419423E+02	4,655377E+01	5,568179E+03
6,285	-1,199327E+06	6,416931E+02	4,892062E+01	5,568179E+03
6,29	-1,199327E+06	6,717831E+02	5,178260E+01	5,568179E+03
6,295	-1,199328E+06	7,135354E+02	5,456482E+01	5,568179E+03
6,3	-1,199326E+06	6,769260E+02	5,647736E+01	5,568179E+03
6,305	-1,199326E+06	6,592848E+02	5,654241E+01	5,568179E+03
6,31	-1,199327E+06	6,759407E+02	5,552945E+01	5,568179E+03
6,315	-1,199326E+06	6,536841E+02	5,406444E+01	5,568179E+03
6,32	-1,199326E+06	6,348593E+02	5,187216E+01	5,568179E+03
6,325	-1,199327E+06	6,494288E+02	4,960991E+01	5,568179E+03
6,33	-1,199327E+06	6,400396E+02	4,886725E+01	5,568179E+03
6,335	-1,199326E+06	6,368813E+02	4,851925E+01	5,568179E+03
6,34	-1,199327E+06	6,735067E+02	4,749502E+01	5,568179E+03
6,345	-1,199326E+06	6,582915E+02	4,736810E+01	5,568179E+03
6,35	-1,199327E+06	6,744671E+02	4,770340E+01	5,568179E+03
6,355	-1,199327E+06	6,986862E+02	4,855685E+01	5,568179E+03
6,36	-1,199327E+06	6,932380E+02	4,877195E+01	5,568179E+03
6,365	-1,199327E+06	6,900489E+02	4,724883E+01	5,568179E+03
6,37	-1,199326E+06	6,605175E+02	4,635960E+01	5,568179E+03
6,375	-1,199327E+06	6,474702E+02	4,612061E+01	5,568179E+03
6,38	-1,199326E+06	6,225239E+02	4,568591E+01	5,568179E+03
6,385	-1,199326E+06	6,273753E+02	4,551972E+01	5,568179E+03
6,39	-1,199327E+06	6,783931E+02	4,552193E+01	5,568179E+03
6,395	-1,199327E+06	6,796876E+02	4,573965E+01	5,568179E+03
6,4	-1,199327E+06	6,727368E+02	4,703562E+01	5,568179E+03
6,405	-1,199326E+06	6,695528E+02	4,933703E+01	5,568179E+03
6,41	-1,199327E+06	6,889780E+02	5,076020E+01	5,568179E+03
6,415	-1,199327E+06	6,725113E+02	5,093198E+01	5,568179E+03
6,42	-1,199326E+06	6,729927E+02	4,970875E+01	5,568179E+03
6,425	-1,199328E+06	7,184437E+02	4,880495E+01	5,568179E+03
6,43	-1,199326E+06	6,826967E+02	4,943948E+01	5,568179E+03
6,435	-1,199326E+06	6,798457E+02	4,938166E+01	5,568179E+03
6,44	-1,199328E+06	7,103109E+02	4,800837E+01	5,568179E+03
6,445	-1,199326E+06	6,648189E+02	4,692777E+01	5,568179E+03
6,45	-1,199327E+06	6,753868E+02	4,648553E+01	5,568179E+03
6,455	-1,199326E+06	6,568198E+02	4,689784E+01	5,568179E+03
6,46	-1,199327E+06	6,619125E+02	4,564151E+01	5,568179E+03
6,465	-1,199327E+06	6,668794E+02	4,395293E+01	5,568179E+03
6,47	-1,199326E+06	6,616525E+02	4,328653E+01	5,568179E+03
6,475	-1,199327E+06	6,979612E+02	4,297983E+01	5,568179E+03
6,48	-1,199326E+06	6,762051E+02	4,457879E+01	5,568179E+03
6,485	-1,199326E+06	6,874796E+02	4,587833E+01	5,568179E+03
6,49	-1,199327E+06	7,044330E+02	4,680207E+01	5,568179E+03
6,495	-1,199326E+06	6,703706E+02	4,906258E+01	5,568179E+03
6,5	-1,199327E+06	7,029912E+02	5,014118E+01	5,568179E+03
6,505	-1,199326E+06	6,925754E+02	5,108617E+01	5,568179E+03
6,51	-1,199327E+06	7,046175E+02	5,183805E+01	5,568179E+03
6,515	-1,199327E+06	7,019653E+02	5,201723E+01	5,568179E+03
6,52	-1,199327E+06	6,921414E+02	5,206481E+01	5,568179E+03
6,525	-1,199326E+06	6,679016E+02	5,187785E+01	5,568179E+03
6,53	-1,199326E+06	6,569868E+02	5,059780E+01	5,568179E+03
6,535	-1,199327E+06	6,990286E+02	4,915963E+01	5,568179E+03
6,54	-1,199327E+06	6,842503E+02	4,840642E+01	5,568179E+03
6,545	-1,199326E+06	6,341556E+02	4,758885E+01	5,568179E+03
6,55	-1,199326E+06	6,357339E+02	4,704037E+01	5,568179E+03
6,555	-1,199327E+06	6,661727E+02	4,630094E+01	5,568179E+03
6,56	-1,199327E+06	6,922628E+02	4,550178E+01	5,568179E+03
6,565	-1,199326E+06	6,997088E+02	4,666867E+01	5,568179E+03
6,57	-1,199327E+06	7,145613E+02	4,756782E+01	5,568179E+03
6,575	-1,199326E+06	6,754734E+02	4,776565E+01	5,568179E+03
6,58	-1,199326E+06	6,569418E+02	4,864049E+01	5,568179E+03
6,585	-1,199327E+06	6,743907E+02	4,975891E+01	5,568179E+03
6,59	-1,199327E+06	6,858474E+02	5,101055E+01	5,568179E+03
6,595	-1,199327E+06	6,899816E+02	5,134445E+01	5,568179E+03
6,6	-1,199326E+06	6,476765E+02	5,065354E+01	5,568179E+03
6,605	-1,199325E+06	6,244173E+02	5,059974E+01	5,568179E+03
6,61	-1,199327E+06	6,667239E+02	5,067489E+01	5,568179E+03
6,615	-1,199326E+06	6,526395E+02	5,063987E+01	5,568179E+03
6,62	-1,199327E+06	6,817420E+02	5,032412E+01	5,568179E+03
6,625	-1,199327E+06	6,912123E+02	5,041501E+01	5,568179E+03
6,63	-1,199327E+06	6,810326E+02	4,968482E+01	5,568179E+03
6,635	-1,199327E+06	6,811119E+02	4,841259E+01	5,568179E+03
6,64	-1,199327E+06	6,902393E+02	4,753739E+01	5,568179E+03
6,645	-1,199327E+06	6,948114E+02	4,659141E+01	5,568179E+03
6,65	-1,199327E+06	6,816173E+02	4,576449E+01	5,568179E+03
6,655	-1,199327E+06	6,700564E+02	4,539987E+01	5,568179E+03
6,66	-1,199327E+06	6,580240E+02	4,471259E+01	5,568179E+03
6,665	-1,199326E+06	6,508466E+02	4,412335E+01	5,568179E+03
6,67	-1,199327E+06	6,577989E+02	4,428631E+01	5,568179E+03
6,675	-1,199327E+06	6,428982E+02	4,440334E+01	5,568179E+03
6,68	-1,199326E+06	6,325009E+02	4,485763E+01	5,568179E+03
6,685	-1,199327E+06	6,421900E+02	4,526877E+01	5,568179E+03
6,69	-1,199327E+06	6,560678E+02	4,454055E+01	5,568179E+03
6,695	-1,199327E+06	6,784894E+02	4,405564E+01	5,568179E+03
6,7	-1,199327E+06	6,976459E+02	4,360825E+01	5,568179E+03
6,705	-1,199327E+06	6,724263E+02	4,264823E+01	5,568179E+03
6,71	-1,199327E+06	6,467512E+02	4,284913E+01	5,568179E+03
6,715	-1,199327E+06	6,521955E+02	4,403042E+01	5,568179E+03
6,72	-1,199327E+06	6,669404E+02	4,432790E+01	5,568179E+03
6,725	-1,199327E+06	6,807410E+02	4,450866E+01	5,568179E+03
6,73	-1,199328E+06	7,089037E+02	4,427823E+01	5,568179E+03
6,735	-1,199327E+06	6,745348E+02	4,390992E+01	5,568179E+03
6,74	-1,199326E+06	6,408062E+02	4,451331E+01	5,568179E+03
6,745	-1,199327E+06	6,563289E+02	4,540816E+01	5,568179E+03
6,75	-1,199327E+06	6,606732E+02	4,624003E+01	5,568179E+03
6,755	-1,199327E+06	6,496149E+02	4,760221E+01	5,568179E+03
6,76	-1,199327E+06	6,643127E+02	4,851804E+01	5,568179E+03
6,765	-1,199327E+06	6,647026E+02	4,874503E+01	5,568179E+03
6,77	-1,199327E+06	6,451056E+02	4,815734E+01	5,568179E+03
6,775	-1,199327E+06	6,541080E+02	4,645792E+01	5,568179E+03
6,78	-1,199327E+06	6,406599E+02	4,480684E+01	5,568179E+03
6,785	-1,199326E+06	6,288974E+02	4,339414E+01	5,568179E+03
6,79	-1,199328E+06	6,595385E+02	4,202290E+01	5,568179E+03
6,795	-1,199327E+06	6,663036E+02	4,226214E+01	5,568179E+03
6,8	-1,199327E+06	6,602496E+02	4,342225E+01	5,568179E+03
6,805	-1,199326E+06	6,325843E+02	4,407125E+01	5,568179E+03
6,81	-1,199327E+06	6,526697E+02	4,413279E+01	5,568179E+03
6,815	-1,199327E+06	6,555941E+02	4,417986E+01	5,568179E+03
6,82	-1,199327E+06	6,506347E+02	4,444125E+01	5,568179E+03
6,825	-1,199327E+06	6,520691E+02	4,553912E+01	5,568179E+03
6,83	-1,199327E+06	6,396173E+02	4,628023E+01	5,568179E+03
6,835	-1,199328E+06	6,539736E+02	4,623963E+01	5,568179E+03
6,84	-1,199327E+06	6,529952E+02	4,736007E+01	5,568179E+03
6,845	-1,199328E+06	6,547462E+02	4,864062E+01	5,568179E+03
6,85	-1,199328E+06	6,413825E+02	4,859280E+01	5,568179E+03
6,855	-1,199327E+06	5,930701E+02	4,796782E+01	5,568179E+03
6,86	-1,199327E+06	5,876098E+02	4,660227E+01	5,568179E+03
6,865	-1,199327E+06	6,216152E+02	4,522396E+01	5,568179E+03
6,87	-1,199328E+06	6,354892E+02	4,499310E+01	5,568179E+03
6,875	-1,199327E+06	6,092727E+02	4,500769E+01	5,568179E+03
6,88	-1,199327E+06	6,072606E+02	4,562026E+01	5,568179E+03
6,885	-1,199328E+06	6,589391E+02	4,700523E+01	5,568179E+03
6,89	-1,199329E+06	6,928128E+02	4,767932E+01	5,568179E+03
6,895	-1,199327E+06	6,377863E+02	4,841440E+01	5,568179E+03
6,9	-1,199327E+06	6,086391E+02	4,889659E+01	5,568179E+03
6,905	-1,199328E+06	6,418986E+02	4,786086E+01	5,568179E+03
6,91	-1,199328E+06	6,206982E+02	4,669530E+01	5,568179E+03
6,915	-1,199327E+06	5,831755E+02	4,600928E+01	5,568179E+03
6,92	-1,199329E+06	6,283765E+02	4,437047E+01	5,568179E+03
6,925	-1,199328E+06	5,989363E+02	4,301911E+01	5,568179E+03
6,93	-1,199327E+06	5,681580E+02	4,210904E+01	5,568179E+03
6,935	-1,199329E+06	6,254322E+02	4,192404E+01	5,568179E+03
6,94	-1,199328E+06	6,265605E+02	4,291752E+01	5,568179E+03
6,945	-1,199327E+06	6,049423E+02	4,328165E+01	5,568179E+03
6,95	-1,199329E+06	6,329405E+02	4,272938E+01	5,568179E+03
6,955	-1,199328E+06	6,045462E+02	4,279802E+01	5,568179E+03
6,96	-1,199328E+06	5,947254E+02	4,360482E+01	5,568179E+03
6,965	-1,199328E+06	6,180300E+02	4,478668E+01	5,568179E+03
6,97	-1,199328E+06	6,069610E+02	4,494657E+01	5,568179E+03
6,975	-1,199327E+06	5,657673E+02	4,420305E+01	5,568179E+03
6,98	-1,199328E+06	5,860865E+02	4,325195E+01	5,568179E+03
6,985	-1,199329E+06	5,888551E+02	4,327859E+01	5,568179E+03
6,99	-1,199328E+06	5,621258E+02	4,418332E+01	5,568179E+03
6,995	-1,199328E+06	5,798954E+02	4,442247E+01	5,568179E+03
7,0	-1,199328E+06	5,747459E+02	4,434424E+01	5,568179E+03
7,005	-1,199328E+06	5,720037E+02	4,450682E+01	5,568179E+03
7,01	-1,199329E+06	5,865371E+02	4,471569E+01	5,568179E+03
7,015	-1,199327E+06	5,584676E+02	4,538659E+01	5,568179E+03
7,02	-1,199329E+06	6,029680E+02	4,552366E+01	5,568179E+03
7,025	-1,199329E+06	6,320553E+02	4,507772E+01	5,568179E+03
7,03	-1,199328E+06	6,092311E+02	4,401266E+01	5,568179E+03
7,035	-1,199329E+06	6,178899E+02	4,281113E+01	5,568179E+03
7,04	-1,199328E+06	5,829239E+02	4,286166E+01	5,568179E+03
7,045	-1,199328E+06	5,570411E+02	4,313666E+01	5,568179E+03
7,05	-1,199328E+06	5,720103E+02	4,445316E+01	5,568179E+03
7,055	-1,199329E+06	6,135985E+02	4,601182E+01	5,568179E+03
7,06	-1,199329E+06	5,928437E+02	4,707709E+01	5,568179E+03
7,065	-1,199328E+06	5,656190E+02	4,874970E+01	5,568179E+03
7,07	-1,199329E+06	5,828134E+02	5,030659E+01	5,568179E+03
7,075	-1,199329E+06	5,791424E+02	5,115707E+01	5,568179E+03
7,08	-1,199328E+06	5,519427E+02	5,152816E+01	5,568179E+03
7,085	-1,199329E+06	5,658690E+02	5,065215E+01	5,568179E+03
7,09	-1,199329E+06	5,740820E+02	4,923556E+01	5,568179E+03
7,095	-1,199329E+06	5,498823E+02	4,780429E+01	5,568179E+03
7,1	-1,199329E+06	5,468598E+02	4,671793E+01	5,568179E+03
7,105	-1,199329E+06	5,459105E+02	4,573637E+01	5,568179E+03
7,11	-1,199329E+06	5,374632E+02	4,437908E+01	5,568179E+03
7,115	-1,199329E+06	5,289564E+02	4,386159E+01	5,568179E+03
7,12	-1,199329E+06	5,418754E+02	4,431273E+01	5,568179E+03
7,125	-1,199330E+06	5,708918E+02	4,452521E+01	5,568179E+03
7,13	-1,199328E+06	5,357035E+02	4,485536E+01	5,568179E+03
7,135	-1,199330E+06	5,448980E+02	4,502783E+01	5,568179E+03
7,14	-1,199329E+06	5,403137E+02	4,618577E+01	5,568179E+03
7,145	-1,199329E+06	5,284938E+02	4,755991E+01	5,568179E+03
7,15	-1,199329E+06	5,194249E+02	4,892955E+01	5,568179E+03
7,155	-1,199329E+06	5,335213E+02	5,009275E+01	5,568179E+03
7,16	-1,199331E+06	5,671722E+02	5,008855E+01	5,568179E+03
7,165	-1,199328E+06	5,075495E+02	5,006709E+01	5,568179E+03
7,17	-1,199330E+06	5,188344E+02	4,923066E+01	5,568179E+03
7,175	-1,199330E+06	5,313412E+02	4,858660E+01	5,568179E+03
7,18	-1,199329E+06	4,992714E+02	4,849424E+01	5,568179E+03
7,185	-1,199330E+06	5,357438E+02	4,723659E+01	5,568179E+03
7,19	-1,199330E+06	5,216825E+02	4,612264E+01	5,568179E+03
7,195	-1,199329E+06	5,037462E+02	4,540037E+01	5,568179E+03
7,2	-1,199330E+06	5,185614E+02	4,536616E+01	5,568179E+03
7,205	-1,199330E+06	5,202375E+02	4,642826E+01	5,568179E+03
7,21	-1,199330E+06	5,317437E+02	4,709179E+01	5,568179E+03
7,215	-1,199330E+06	5,352862E+02	4,673155E+01	5,568179E+03
7,22	-1,199330E+06	5,237454E+02	4,557302E+01	5,568179E+03
7,225	-1,199330E+06	5,019979E+02	4,439200E+01	5,568179E+03
7,23	-1,199330E+06	4,955802E+02	4,427174E+01	5,568179E+03
7,235	-1,199331E+06	5,163523E+02	4,479124E+01	5,568179E+03
7,24	-1,199330E+06	4,958606E+02	4,516237E+01	5,568179E+03
7,245	-1,199330E+06	4,807014E+02	4,493314E+01	5,568179E+03
7,25	-1,199330E+06	4,843363E+02	4,559326E+01	5,568179E+03
7,255	-1,199330E+06	5,056126E+02	4,663619E+01	5,568179E+03
7,26	-1,199331E+06	4,976353E+02	4,725735E+01	5,568179E+03
7,265	-1,199329E+06	4,585082E+02	4,831787E+01	5,568179E+03
7,27	-1,199330E+06	4,915721E+02	4,901681E+01	5,568179E+03
7,275	-1,199331E+06	5,085393E+02	4,967046E+01	5,568179E+03
7,28	-1,199330E+06	4,894456E+02	4,973334E+01	5,568179E+03
7,285	-1,199331E+06	5,092155E+02	4,838250E+01	5,568179E+03
7,29	-1,199330E+06	4,902611E+02	4,730933E+01	5,568179E+03
7,295	-1,199330E+06	4,659151E+02	4,657255E+01	5,568179E+03
7,3	-1,199331E+06	4,859177E+02	4,607784E+01	5,568179E+03
7,305	-1,199330E+06	4,777772E+02	4,631953E+01	5,568179E+03
7,31	-1,199331E+06	4,794614E+02	4,622844E+01	5,568179E+03
7,315	-1,199331E+06	4,695580E+02	4,659974E+01	5,568179E+03
7,32	-1,199330E+06	4,451077E+02	4,785751E+01	5,568179E+03
7,325	-1,199331E+06	4,697939E+02	4,863675E+01	5,568179E+03
7,33	-1,199331E+06	4,787365E+02	4,902450E+01	5,568179E+03
7,335	-1,199331E+06	4,778020E+02	4,898688E+01	5,568179E+03
7,34	-1,199330E+06	4,613110E+02	4,866282E+01	5,568179E+03
7,345	-1,199331E+06	4,737176E+02	4,824987E+01	5,568179E+03
7,35	-1,199331E+06	4,702247E+02	4,846561E+01	5,568179E+03
7,355	-1,199331E+06	4,547237E+02	4,859703E+01	5,568179E+03
7,36	-1,199332E+06	4,732739E+02	4,863415E+01	5,568179E+03
7,365	-1,199331E+06	4,579423E+02	4,959618E+01	5,568179E+03
7,37	-1,199331E+06	4,593541E+02	5,050466E+01	5,568179E+03
7,375	-1,199331E+06	4,623436E+02	5,156088E+01	5,568179E+03
7,38	-1,199331E+06	4,487988E+02	5,197610E+01	5,568179E+03
7,385	-1,199332E+06	4,687198E+02	5,062987E+01	5,568179E+03
7,39	-1,199331E+06	4,297689E+02	4,976642E+01	5,568179E+03
7,395	-1,199331E+06	4,150128E+02	4,956977E+01	5,568179E+03
7,4	-1,199332E+06	4,567028E+02	4,944355E+01	5,568179E+03
7,405	-1,199331E+06	4,337290E+02	4,965825E+01	5,568179E+03
7,41	-1,199331E+06	4,395953E+02	4,914274E+01	5,568179E+03
7,415	-1,199332E+06	4,552339E+02	4,933216E+01	5,568179E+03
7,42	-1,199331E+06	4,386645E+02	5,063443E+01	5,568179E+03
7,425	-1,199332E+06	4,441671E+02	5,137351E+01	5,568179E+03
7,43	-1,199332E+06	4,381767E+02	5,178941E+01	5,568179E+03
7,435	-1,199332E+06	4,247977E+02	5,169032E+01	5,568179E+03
7,44	-1,199332E+06	4,189054E+02	5,130110E+01	5,568179E+03
7,445	-1,199332E+06	4,236181E+02	5,103842E+01	5,568179E+03
7,45	-1,199332E+06	4,124790E+02	5,064764E+01	5,568179E+03
7,455	-1,199332E+06	3,929393E+02	5,021293E+01	5,568179E+03
7,46	-1,199332E+06	4,027308E+02	4,990181E+01	5,568179E+03
7,465	-1,199332E+06	4,155407E+02	5,010803E+01	5,568179E+03
7,47	-1,199332E+06	4,320806E+02	5,057068E+01	5,568179E+03
7,475	-1,199333E+06	4,355459E+02	5,050110E+01	5,568179E+03
7,48	-1,199332E+06	3,928832E+02	4,997217E+01	5,568179E+03
7,485	-1,199333E+06	4,076696E+02	4,923886E+01	5,568179E+03
7,49	-1,199332E+06	4,179256E+02	4,959665E+01	5,568179E+03
7,495	-1,199332E+06	4,179214E+02	4,995529E+01	5,568179E+03
7,5	-1,199332E+06	4,102578E+02	4,982990E+01	5,568179E+03
7,505	-1,199332E+06	3,969100E+02	4,974881E+01	5,568179E+03
7,51	-1,199333E+06	4,011797E+02	4,972098E+01	5,568179E+03
7,515	-1,199332E+06	3,913342E+02	5,052681E+01	5,568179E+03
7,52	-1,199333E+06	4,027490E+02	5,173425E+01	5,568179E+03
7,525	-1,199333E+06	4,068979E+02	5,228198E+01	5,568179E+03
7,53	-1,199333E+06	3,870400E+02	5,224671E+01	5,568179E+03
7,535	-1,199332E+06	3,810887E+02	5,216274E+01	5,568179E+03
7,54	-1,199333E+06	4,085070E+02	5,197810E+01	5,568179E+03
7,545	-1,199333E+06	4,108362E+02	5,192076E+01	5,568179E+03
7,55	-1,199333E+06	3,875379E+02	5,131629E+01	5,568179E+03
7,555	-1,199333E+06	3,807657E+02	5,019059E+01	5,568179E+03
7,56	-1,199332E+06	3,642965E+02	4,987054E+01	5,568179E+03
7,565	-1,199333E+06	3,858504E+02	4,952053E+01	5,568179E+03
7,57	-1,199334E+06	4,018674E+02	4,927584E+01	5,568179E+03
7,575	-1,199332E+06	3,730008E+02	4,967113E+01	5,568179E+03
7,58	-1,199333E+06	3,824984E+02	4,955840E+01	5,568179E+03
7,585	-1,199333E+06	3,763938E+02	4,971872E+01	5,568179E+03
7,59	-1,199333E+06	3,581262E+02	5,057804E+01	5,568179E+03
7,595	-1,199334E+06	3,746979E+02	5,130161E+01	5,568179E+03
7,6	-1,199333E+06	3,735810E+02	5,196550E+01	5,568179E+03
7,605	-1,199333E+06	3,645924E+02	5,231463E+01	5,568179E+03
7,61	-1,199334E+06	3,849844E+02	5,200515E+01	5,568179E+03
7,615	-1,199334E+06	3,723655E+02	5,186733E+01	5,568179E+03
7,62	-1,199332E+06	3,213185E+02	5,206227E+01	5,568179E+03
7,625	-1,199333E+06	3,418860E+02	5,225589E+01	5,568179E+03
7,63	-1,199334E+06	3,673686E+02	5,296186E+01	5,568179E+03
7,635	-1,199333E+06	3,444091E+02	5,334240E+01	5,568179E+03
7,64	-1,199334E+06	3,588158E+02	5,274409E+01	5,568179E+03
7,645	-1,199334E+06	3,651822E+02	5,228665E+01	5,568179E+03
7,65	-1,199333E+06	3,535160E+02	5,186935E+01	5,568179E+03
7,655	-1,199334E+06	3,741980E+02	5,073529E+01	5,568179E+03
7,66	-1,199333E+06	3,539999E+02	4,988670E+01	5,568179E+03
7,665	-1,199333E+06	3,407515E+02	4,892024E+01	5,568179E+03
7,67	-1,199334E+06	3,492614E+02	4,792250E+01	5,568179E+03
7,675	-1,199333E+06	3,204253E+02	4,807978E+01	5,568179E+03
7,68	-1,199333E+06	3,321549E+02	4,860687E+01	5,568179E+03
7,685	-1,199335E+06	3,721383E+02	4,929475E+01	5,568179E+03
7,69	-1,199333E+06	3,285281E+02	5,092199E+01	5,568179E+03
7,695	-1,199333E+06	3,352218E+02	5,209619E+01	5,568179E+03
7,7	-1,199335E+06	3,676763E+02	5,311247E+01	5,568179E+03
7,705	-1,199333E+06	3,248441E+02	5,472993E+01	5,568179E+03
7,71	-1,199334E+06	3,268279E+02	5,561844E+01	5,568179E+03
7,715	-1,199334E+06	3,395923E+02	5,611991E+01	5,568179E+03
7,72	-1,199334E+06	3,186688E+02	5,635085E+01	5,568179E+03
7,725	-1,199334E+06	3,152611E+02	5,561451E+01	5,568179E+03
7,73	-1,199335E+06	3,380565E+02	5,438050E+01	5,568179E+03
7,735	-1,199334E+06	3,175555E+02	5,313894E+01	5,568179E+03
7,74	-1,199334E+06	3,261593E+02	5,097798E+01	5,568179E+03
7,745	-1,199335E+06	3,410623E+02	4,935776E+01	5,568179E+03
7,75	-1,199333E+06	3,074248E+02	4,894603E+01	5,568179E+03
7,755	-1,199335E+06	3,307885E+02	4,823467E+01	5,568179E+03
7,76	-1,199334E+06	3,126336E+02	4,839931E+01	5,568179E+03
7,765	-1,199334E+06	3,026195E+02	4,858177E+01	5,568179E+03
7,77	-1,199335E+06	3,231112E+02	4,896102E+01	5,568179E+03
7,775	-1,199334E+06	3,080417E+02	5,067640E+01	5,568179E+03
7,78	-1,199335E+06	3,079848E+02	5,213865E+01	5,568179E+03
7,785	-1,199334E+06	2,998619E+02	5,337278E+01	5,568179E+03
7,79	-1,199335E+06	3,046504E+02	5,449351E+01	5,568179E+03
7,795	-1,199335E+06	3,080415E+02	5,516679E+01	5,568179E+03
7,8	-1,199335E+06	3,079024E+02	5,554366E+01	5,568179E+03
7,805	-1,199335E+06	2,984375E+02	5,559469E+01	5,568179E+03
7,81	-1,199334E+06	2,854699E+02	5,520808E+01	5,568179E+03
7,815	-1,199335E+06	3,113087E+02	5,435568E+01	5,568179E+03
7,82	-1,199334E+06	3,111721E+02	5,355455E+01	5,568179E+03
7,825	-1,199335E+06	3,220750E+02	5,240566E+01	5,568179E+03
7,83	-1,199335E+06	3,134003E+02	5,115607E+01	5,568179E+03
7,835	-1,199334E+06	2,922536E+02	4,983230E+01	5,568179E+03
7,84	-1,199335E+06	2,954507E+02	4,849050E+01	5,568179E+03
7,845	-1,199335E+06	2,759427E+02	4,806645E+01	5,568179E+03
7,85	-1,199334E+06	2,644249E+02	4,855179E+01	5,568179E+03
7,855	-1,199335E+06	2,742744E+02	4,978170E+01	5,568179E+03
7,86	-1,199335E+06	2,955619E+02	5,149409E+01	5,568179E+03
7,865	-1,199335E+06	2,996739E+02	5,291885E+01	5,568179E+03
7,87	-1,199335E+06	2,924693E+02	5,390850E+01	5,568179E+03
7,875	-1,199335E+06	2,922634E+02	5,484910E+01	5,568179E+03
7,88	-1,199335E+06	2,950230E+02	5,527999E+01	5,568179E+03
7,885	-1,199335E+06	2,816569E+02	5,546245E+01	5,568179E+03
7,89	-1,199335E+06	2,750088E+02	5,529218E+01	5,568179E+03
7,895	-1,199335E+06	2,806070E+02	5,439293E+01	5,568179E+03
7,9	-1,199335E+06	2,785262E+02	5,355643E+01	5,568179E+03
7,905	-1,199335E+06	2,778598E+02	5,272592E+01	5,568179E+03
7,91	-1,199335E+06	2,720281E+02	5,165592E+01	5,568179E+03
7,915	-1,199335E+06	2,637289E+02	5,124023E+01	5,568179E+03
7,92	-1,199335E+06	2,777885E+02	5,114286E+01	5,568179E+03
7,925	-1,199335E+06	2,736385E+02	5,087737E+01	5,568179E+03
7,93	-1,199335E+06	2,677895E+02	5,089261E+01	5,568179E+03
7,935	-1,199335E+06	2,784228E+02	5,119413E+01	5,568179E+03
7,94	-1,199335E+06	2,759657E+02	5,137181E+01	5,568179E+03
7,945	-1,199335E+06	2,625662E+02	5,169800E+01	5,568179E+03
7,95	-1,199335E+06	2,644092E+02	5,205846E+01	5,568179E+03
7,955	-1,199336E+06	2,693924E+02	5,183896E+01	5,568179E+03
7,96	-1,199335E+06	2,453589E+02	5,176005E+01	5,568179E+03
7,965	-1,199335E+06	2,551679E+02	5,209399E+01	5,568179E+03
7,97	-1,199336E+06	2,773296E+02	5,252714E+01	5,568179E+03
7,975	-1,199335E+06	2,515904E+02	5,316737E+01	5,568179E+03
7,98	-1,199336E+06	2,601337E+02	5,333234E+01	5,568179E+03
7,985	-1,199336E+06	2,564109E+02	5,313193E+01	5,568179E+03
7,99	-1,199335E+06	2,459118E+02	5,268367E+01	5,568179E+03
7,995	-1,199336E+06	2,569538E+02	5,234607E+01	5,568179E+03
8,0	-1,199335E+06	2,551432E+02	5,244976E+01	5,568179E+03
8,005	-1,199336E+06	2,556555E+02	5,264891E+01	5,568179E+03
8,01	-1,199335E+06	2,510580E+02	5,270503E+01	5,568179E+03
8,015	-1,199336E+06	2,590995E+02	5,237241E+01	5,568179E+03
8,02	-1,199335E+06	2,527126E+02	5,226976E+01	5,568179E+03
8,025	-1,199336E+06	2,538206E+02	5,222188E+01	5,568179E+03
8,03	-1,199336E+06	2,568269E+02	5,208146E+01	5,568179E+03
8,035	-1,199336E+06	2,481408E+02	5,179121E+01	5,568179E+03
8,04	-1,199336E+06	2,414151E+02	5,094914E+01	5,568179E+03
8,045	-1,199336E+06	2,311739E+02	5,001349E+01	5,568179E+03
8,05	-1,199336E+06	2,339892E+02	4,948716E+01	5,568179E+03
8,055	-1,199336E+06	2,406028E+02	4,936818E+01	5,568179E+03
8,06	-1,199336E+06	2,394219E+02	4,972227E+01	5,568179E+03
8,065	-1,199336E+06	2,360396E+02	5,019921E+01	5,568179E+03
8,07	-1,199336E+06	2,301988E+02	5,057503E+01	5,568179E+03
8,075	-1,199336E+06	2,293869E+02	5,145503E+01	5,568179E+03
8,08	-1,199336E+06	2,422383E+02	5,254799E+01	5,568179E+03
8,085	-1,199336E+06	2,539232E+02	5,320456E+01	5,568179E+03
8,09	-1,199336E+06	2,374301E+02	5,351339E+01	5,568179E+03
8,095	-1,199336E+06	2,319121E+02	5,292913E+01	5,568179E+03
8,1	-1,199336E+06	2,298212E+02	5,190586E+01	5,568179E+03
8,105	-1,199335E+06	2,204174E+02	5,113355E+01	5,568179E+03
8,11	-1,199336E+06	2,390022E+02	5,014208E+01	5,568179E+03
8,115	-1,199336E+06	2,373675E+02	4,928271E+01	5,568179E+03
8,12	-1,199336E+06	2,183781E+02	4,844565E+01	5,568179E+03
8,125	-1,199336E+06	2,250805E+02	4,755256E+01	5,568179E+03
8,13	-1,199336E+06	2,260964E+02	4,775292E+01	5,568179E+03
8,135	-1,199336E+06	2,217720E+02	4,847155E+01	5,568179E+03
8,14	-1,199336E+06	2,206666E+02	4,884241E+01	5,568179E+03
8,145	-1,199336E+06	2,241440E+02	4,925975E+01	5,568179E+03
8,15	-1,199336E+06	2,155963E+02	4,963055E+01	5,568179E+03
8,155	-1,199336E+06	2,274548E+02	4,984008E+01	5,568179E+03
8,16	-1,199336E+06	2,394918E+02	5,077181E+01	5,568179E+03
8,165	-1,199336E+06	2,259401E+02	5,153145E+01	5,568179E+03
8,17	-1,199336E+06	2,133643E+02	5,166302E+01	5,568179E+03
8,175	-1,199336E+06	2,027232E+02	5,187761E+01	5,568179E+03
8,18	-1,199336E+06	2,035482E+02	5,142304E+01	5,568179E+03
8,185	-1,199336E+06	2,152491E+02	5,067848E+01	5,568179E+03
8,19	-1,199336E+06	2,070140E+02	5,031360E+01	5,568179E+03
8,195	-1,199336E+06	2,147082E+02	4,908838E+01	5,568179E+03
8,2	-1,199336E+06	2,181081E+02	4,758871E+01	5,568179E+03
8,205	-1,199336E+06	2,035275E+02	4,635779E+01	5,568179E+03
8,21	-1,199336E+06	2,109915E+02	4,511568E+01	5,568179E+03
8,215	-1,199336E+06	2,100503E+02	4,475719E+01	5,568179E+03
8,22	-1,199336E+06	2,076912E+02	4,505026E+01	5,568179E+03
8,225	-1,199336E+06	2,097116E+02	4,576064E+01	5,568179E+03
8,23	-1,199336E+06	2,015095E+02	4,729137E+01	5,568179E+03
8,235	-1,199336E+06	2,081443E+02	4,888304E+01	5,568179E+03
8,24	-1,199336E+06	2,101206E+02	4,996819E+01	5,568179E+03
8,245	-1,199336E+06	2,035329E+02	5,058376E+01	5,568179E+03
8,25	-1,199336E+06	1,926268E+02	5,070432E+01	5,568179E+03
8,255	-1,199337E+06	2,001826E+02	5,024002E+01	5,568179E+03
8,26	-1,199337E+06	2,006521E+02	4,995248E+01	5,568179E+03
8,265	-1,199336E+06	1,958526E+02	4,972306E+01	5,568179E+03
8,27	-1,199337E+06	2,112283E+02	4,891573E+01	5,568179E+03
8,275	-1,199336E+06	1,943845E+02	4,817005E+01	5,568179E+03
8,28	-1,199336E+06	1,901180E+02	4,719261E+01	5,568179E+03
8,285	-1,199337E+06	1,960461E+02	4,625627E+01	5,568179E+03
8,29	-1,199336E+06	1,903479E+02	4,608626E+01	5,568179E+03
8,295	-1,199337E+06	2,026413E+02	4,599137E+01	5,568179E+03
8,3	-1,199336E+06	1,946463E+02	4,616538E+01	5,568179E+03
8,305	-1,199336E+06	1,925761E+02	4,679890E+01	5,568179E+03
8,31	-1,199337E+06	1,988683E+02	4,728808E+01	5,568179E+03
8,315	-1,199337E+06	1,968876E+02	4,771452E+01	5,568179E+03
8,32	-1,199336E+06	1,825041E+02	4,873088E+01	5,568179E+03
8,325	-1,199336E+06	1,842058E+02	4,973597E+01	5,568179E+03
8,33	-1,199337E+06	1,959013E+02	5,049800E+01	5,568179E+03
8,335	-1,199336E+06	1,823262E+02	5,112386E+01	5,568179E+03
8,34	-1,199337E+06	1,879955E+02	5,074292E+01	5,568179E+03
8,345	-1,199337E+06	1,876948E+02	5,033141E+01	5,568179E+03
8,35	-1,199336E+06	1,812864E+02	5,029285E+01	5,568179E+03
8,355	-1,199337E+06	1,931976E+02	4,980615E+01	5,568179E+03
8,36	-1,199337E+06	1,797861E+02	4,975165E+01	5,568179E+03
8,365	-1,199336E+06	1,748153E+02	4,981388E+01	5,568179E+03
8,37	-1,199337E+06	1,887893E+02	4,942518E+01	5,568179E+03
8,375	-1,199337E+06	1,795870E+02	4,938926E+01	5,568179E+03
8,38	-1,199337E+06	1,720457E+02	4,934238E+01	5,568179E+03
8,385	-1,199337E+06	1,849258E+02	4,912711E+01	5,568179E+03
8,39	-1,199337E+06	1,847079E+02	4,941943E+01	5,568179E+03
8,395	-1,199337E+06	1,821000E+02	4,974766E+01	5,568179E+03
8,4	-1,199337E+06	1,882914E+02	4,978819E+01	5,568179E+03
8,405	-1,199337E+06	1,766766E+02	4,996488E+01	5,568179E+03
8,41	-1,199337E+06	1,708097E+02	5,015109E+01	5,568179E+03
8,415	-1,199337E+06	1,793741E+02	5,034513E+01	5,568179E+03
8,42	-1,199337E+06	1,676495E+02	5,086312E+01	5,568179E+03
8,425	-1,199337E+06	1,644724E+02	5,118203E+01	5,568179E+03
8,43	-1,199337E+06	1,761207E+02	5,138669E+01	5,568179E+03
8,435	-1,199337E+06	1,730793E+02	5,178793E+01	5,568179E+03
8,44	-1,199337E+06	1,758448E+02	5,156202E+01	5,568179E+03
8,445	-1,199337E+06	1,894860E+02	5,075303E+01	5,568179E+03
8,45	-1,199337E+06	1,758981E+02	5,018254E+01	5,568179E+03
8,455	-1,199337E+06	1,660775E+02	4,938184E+01	5,568179E+03
8,46	-1,199337E+06	1,707743E+02	4,860727E+01	5,568179E+03
8,465	-1,199337E+06	1,636261E+02	4,849365E+01	5,568179E+03
8,47	-1,199337E+06	1,678291E+02	4,820794E+01	5,568179E+03
8,475	-1,199337E+06	1,664142E+02	4,802496E+01	5,568179E+03
8,48	-1,199337E+06	1,606367E+02	4,834772E+01	5,568179E+03
8,485	-1,199337E+06	1,669945E+02	4,840239E+01	5,568179E+03
8,49	-1,199337E+06	1,625860E+02	4,853270E+01	5,568179E+03
8,495	-1,199337E+06	1,542451E+02	4,907886E+01	5,568179E+03
8,5	-1,199337E+06	1,670401E+02	4,927055E+01	5,568179E+03
8,505	-1,199337E+06	1,681981E+02	4,934497E+01	5,568179E+03
8,51	-1,199337E+06	1,626233E+02	4,937725E+01	5,568179E+03
8,515	-1,199337E+06	1,699416E+02	4,899231E+01	5,568179E+03
8,52	-1,199337E+06	1,623298E+02	4,879275E+01	5,568179E+03
8,525	-1,199337E+06	1,516346E+02	4,885381E+01	5,568179E+03
8,53	-1,199337E+06	1,569784E+02	4,889631E+01	5,568179E+03
8,535	-1,199337E+06	1,653509E+02	4,918285E+01	5,568179E+03
8,54	-1,199337E+06	1,601552E+02	4,950532E+01	5,568179E+03
8,545	-1,199337E+06	1,670346E+02	4,951867E+01	5,568179E+03
8,55	-1,199337E+06	1,588880E+02	4,986907E+01	5,568179E+03
8,555	-1,199337E+06	1,499689E+02	5,017108E+01	5,568179E+03
8,56	-1,199338E+06	1,661472E+02	5,004441E+01	5,568179E+03
8,565	-1,199337E+06	1,532628E+02	5,011196E+01	5,568179E+03
8,57	-1,199337E+06	1,568109E+02	4,989657E+01	5,568179E+03
8,575	-1,199338E+06	1,669379E+02	4,957995E+01	5,568179E+03
8,58	-1,199337E+06	1,513298E+02	4,938557E+01	5,568179E+03
8,585	-1,199337E+06	1,502778E+02	4,895218E+01	5,568179E+03
8,59	-1,199337E+06	1,527461E+02	4,859454E+01	5,568179E+03
8,595	-1,199337E+06	1,518477E+02	4,851983E+01	5,568179E+03
8,6	-1,199337E+06	1,486753E+02	4,869971E+01	5,568179E+03
8,605	-1,199338E+06	1,534683E+02	4,894685E+01	5,568179E+03
8,61	-1,199337E+06	1,478193E+02	4,949300E+01	5,568179E+03
8,615	-1,199337E+06	1,467759E+02	5,019898E+01	5,568179E+03
8,62	-1,199338E+06	1,596637E+02	5,083142E+01	5,568179E+03
8,625	-1,199337E+06	1,457529E+02	5,164503E+01	5,568179E+03
8,63	-1,199338E+06	1,473576E+02	5,205218E+01	5,568179E+03
8,635	-1,199338E+06	1,510769E+02	5,221912E+01	5,568179E+03
8,64	-1,199337E+06	1,390903E+02	5,218662E+01	5,568179E+03
8,645	-1,199338E+06	1,427130E+02	5,159059E+01	5,568179E+03
8,65	-1,199337E+06	1,418651E+02	5,133991E+01	5,568179E+03
8,655	-1,199338E+06	1,478929E+02	5,127472E+01	5,568179E+03
8,66	-1,199338E+06	1,520249E+02	5,094506E+01	5,568179E+03
8,665	-1,199338E+06	1,508261E+02	5,078524E+01	5,568179E+03
8,67	-1,199338E+06	1,485287E+02	5,079715E+01	5,568179E+03
8,675	-1,199338E+06	1,491558E+02	5,080573E+01	5,568179E+03
8,68	-1,199338E+06	1,436453E+02	5,114116E+01	5,568179E+03
8,685	-1,199337E+06	1,381460E+02	5,151848E+01	5,568179E+03
8,69	-1,199338E+06	1,467172E+02	5,169960E+01	5,568179E+03
8,695	-1,199338E+06	1,428577E+02	5,206915E+01	5,568179E+03
8,7	-1,199338E+06	1,399010E+02	5,222803E+01	5,568179E+03
8,705	-1,199338E+06	1,407188E+02	5,234524E+01	5,568179E+03
8,71	-1,199338E+06	1,361002E+02	5,302233E+01	5,568179E+03
8,715	-1,199338E+06	1,411203E+02	5,361281E+01	5,568179E+03
8,72	-1,199338E+06	1,459006E+02	5,370373E+01	5,568179E+03
8,725	-1,199337E+06	1,397250E+02	5,346679E+01	5,568179E+03
8,73	-1,199338E+06	1,423745E+02	5,280880E+01	5,568179E+03
8,735	-1,199338E+06	1,419944E+02	5,228163E+01	5,568179E+03
8,74	-1,199338E+06	1,341740E+02	5,186159E+01	5,568179E+03
8,745	-1,199338E+06	1,380230E+02	5,099669E+01	5,568179E+03
8,75	-1,199338E+06	1,388727E+02	5,013262E+01	5,568179E+03
8,755	-1,199338E+06	1,368849E+02	4,948135E+01	5,568179E+03
8,76	-1,199338E+06	1,390733E+02	4,908277E+01	5,568179E+03
8,765	-1,199338E+06	1,363776E+02	4,942045E+01	5,568179E+03
8,77	-1,199338E+06	1,313659E+02	5,020676E+01	5,568179E+03
8,775	-1,199338E+06	1,296024E+02	5,089767E+01	5,568179E+03
8,78	-1,199338E+06	1,317599E+02	5,165752E+01	5,568179E+03
8,785	-1,199338E+06	1,292885E+02	5,231831E+01	5,568179E+03
8,79	-1,199338E+06	1,328779E+02	5,273406E+01	5,568179E+03
8,795	-1,199338E+06	1,351038E+02	5,325991E+01	5,568179E+03
8,8	-1,199338E+06	1,390500E+02	5,336560E+01	5,568179E+03
8,805	-1,199338E+06	1,408669E+02	5,299384E+01	5,568179E+03
8,81	-1,199338E+06	1,349405E+02	5,249812E+01	5,568179E+03
8,815	-1,199338E+06	1,362673E+02	5,172551E+01	5,568179E+03
8,82	-1,199338E+06	1,324631E+02	5,111014E+01	5,568179E+03
8,825	-1,199338E+06	1,233534E+02	5,074351E+01	5,568179E+03
8,83	-1,199338E+06	1,305952E+02	5,033509E+01	5,568179E+03
8,835	-1,199338E+06	1,282828E+02	5,046842E+01	5,568179E+03
8,84	-1,199338E+06	1,288402E+02	5,086719E+01	5,568179E+03
8,845	-1,199338E+06	1,348487E+02	5,134259E+01	5,568179E+03
8,85	-1,199338E+06	1,331343E+02	5,196516E+01	5,568179E+03
8,855	-1,199338E+06	1,339602E+02	5,213057E+01	5,568179E+03
8,86	-1,199338E+06	1,369423E+02	5,208196E+01	5,568179E+03
8,865	-1,199338E+06	1,289118E+02	5,226187E+01	5,568179E+03
8,87	-1,199338E+06	1,324088E+02	5,220294E+01	5,568179E+03
8,875	-1,199338E+06	1,327860E+02	5,222926E+01	5,568179E+03
8,88	-1,199338E+06	1,234781E+02	5,231495E+01	5,568179E+03
8,885	-1,199338E+06	1,315252E+02	5,207724E+01	5,568179E+03
8,89	-1,199338E+06	1,278710E+02	5,217166E+01	5,568179E+03
8,895	-1,199338E+06	1,184089E+02	5,238611E+01	5,568179E+03
8,9	-1,199338E+06	1,241764E+02	5,246231E+01	5,568179E+03
8,905	-1,199338E+06	1,291053E+02	5,265233E+01	5,568179E+03
8,91	-1,199338E+06	1,267916E+02	5,252371E+01	5,568179E+03
8,915	-1,199338E+06	1,271578E+02	5,202946E+01	5,568179E+03
8,92	-1,199338E+06	1,270527E+02	5,159209E+01	5,568179E+03
8,925	-1,199338E+06	1,209334E+02	5,140317E+01	5,568179E+03
8,93	-1,199338E+06	1,246305E+02	5,166129E+01	5,568179E+03
8,935	-1,199338E+06	1,181066E+02	5,236832E+01	5,568179E+03
8,94	-1,199338E+06	1,202686E+02	5,285354E+01	5,568179E+03
8,945	-1,199338E+06	1,280411E+02	5,320178E+01	5,568179E+03
8,95	-1,199338E+06	1,114329E+02	5,389625E+01	5,568179E+03
8,955	-1,199338E+06	1,266097E+02	5,432430E+01	5,568179E+03
8,96	-1,199338E+06	1,315408E+02	5,448794E+01	5,568179E+03
8,965	-1,199338E+06	1,153184E+02	5,426739E+01	5,568179E+03
8,97	-1,199338E+06	1,302500E+02	5,355577E+01	5,568179E+03
8,975	-1,199338E+06	1,307414E+02	5,318094E+01	5,568179E+03
8,98	-1,199338E+06	1,191344E+02	5,288107E+01	5,568179E+03
8,985	-1,199338E+06	1,217325E+02	5,221227E+01	5,568179E+03
8,99	-1,199338E+06	1,165405E+02	5,189299E+01	5,568179E+03
8,995	-1,199338E+06	1,063173E+02	5,226222E+01	5,568179E+03
9,0	-1,199338E+06	1,177314E+02	5,282690E+01	5,568179E+03
9,005	-1,199338E+06	1,223922E+02	5,382512E+01	5,568179E+03
9,01	-1,199338E+06	1,179260E+02	5,481881E+01	5,568179E+03
9,015	-1,199338E+06	1,278348E+02	5,512031E+01	5,568179E+03
9,02	-1,199338E+06	1,203374E+02	5,542317E+01	5,568179E+03
9,025	-1,199338E+06	1,147745E+02	5,534210E+01	5,568179E+03
9,03	-1,199339E+06	1,213045E+02	5,467647E+01	5,568179E+03
9,035	-1,199338E+06	1,079984E+02	5,431289E+01	5,568179E+03
9,04	-1,199338E+06	1,159805E+02	5,358616E+01	5,568179E+03
9,045	-1,199339E+06	1,234568E+02	5,275685E+01	5,568179E+03
9,05	-1,199338E+06	1,124097E+02	5,244092E+01	5,568179E+03
9,055	-1,199338E+06	1,172995E+02	5,197842E+01	5,568179E+03
9,06	-1,199338E+06	1,155992E+02	5,190325E+01	5,568179E+03
9,065	-1,199338E+06	1,088868E+02	5,248072E+01	5,568179E+03
9,07	-1,199339E+06	1,183742E+02	5,304867E+01	5,568179E+03
9,075	-1,199339E+06	1,166682E+02	5,404737E+01	5,568179E+03
9,08	-1,199338E+06	1,105312E+02	5,511424E+01	5,568179E+03
9,085	-1,199339E+06	1,199795E+02	5,545682E+01	5,568179E+03
9,09	-1,199338E+06	1,173679E+02	5,563075E+01	5,568179E+03
9,095	-1,199338E+06	1,104278E+02	5,549055E+01	5,568179E+03
9,1	-1,199339E+06	1,240723E+02	5,474818E+01	5,568179E+03
9,105	-1,199338E+06	1,190341E+02	5,416412E+01	5,568179E+03
9,11	-1,199338E+06	1,119577E+02	5,341845E+01	5,568179E+03
9,115	-1,199339E+06	1,208348E+02	5,258479E+01	5,568179E+03
9,12	-1,199338E+06	1,105622E+02	5,246780E+01	5,568179E+03
9,125	-1,199338E+06	1,067773E+02	5,248425E+01	5,568179E+03
9,13	-1,199338E+06	1,145993E+02	5,259007E+01	5,568179E+03
9,135	-1,199338E+06	1,131974E+02	5,293261E+01	5,568179E+03
9,14	-1,199338E+06	1,117242E+02	5,298655E+01	5,568179E+03
9,145	-1,199338E+06	1,117030E+02	5,318416E+01	5,568179E+03
9,15	-1,199338E+06	1,077487E+02	5,373020E+01	5,568179E+03
9,155	-1,199338E+06	1,126241E+02	5,388520E+01	5,568179E+03
9,16	-1,199339E+06	1,146795E+02	5,385634E+01	5,568179E+03
9,165	-1,199338E+06	1,070266E+02	5,398137E+01	5,568179E+03
9,17	-1,199339E+06	1,126572E+02	5,400338E+01	5,568179E+03
9,175	-1,199339E+06	1,136100E+02	5,419002E+01	5,568179E+03
9,18	-1,199338E+06	1,062928E+02	5,444022E+01	5,568179E+03
9,185	-1,199339E+06	1,102293E+02	5,425991E+01	5,568179E+03
9,19	-1,199338E+06	1,068497E+02	5,401509E+01	5,568179E+03
9,195	-1,199338E+06	1,077704E+02	5,389683E+01	5,568179E+03
9,2	-1,199339E+06	1,123341E+02	5,369552E+01	5,568179E+03
9,205	-1,199338E+06	1,071590E+02	5,352335E+01	5,568179E+03
9,21	-1,199338E+06	1,108117E+02	5,327418E+01	5,568179E+03
9,215	-1,199339E+06	1,157535E+02	5,287201E+01	5,568179E+03
9,22	-1,199338E+06	1,081837E+02	5,276157E+01	5,568179E+03
9,225	-1,199338E+06	1,036186E+02	5,286615E+01	5,568179E+03
9,23	-1,199339E+06	1,069462E+02	5,296107E+01	5,568179E+03
9,235	-1,199338E+06	1,020953E+02	5,342333E+01	5,568179E+03
9,24	-1,199338E+06	1,057061E+02	5,398059E+01	5,568179E+03
9,245	-1,199339E+06	1,149134E+02	5,437837E+01	5,568179E+03
9,25	-1,199338E+06	1,081861E+02	5,480557E+01	5,568179E+03
9,255	-1,199339E+06	1,058333E+02	5,492037E+01	5,568179E+03
9,26	-1,199339E+06	1,057665E+02	5,485924E+01	5,568179E+03
9,265	-1,199338E+06	1,021148E+02	5,474294E+01	5,568179E+03
9,27	-1,199338E+06	1,029281E+02	5,433845E+01	5,568179E+03
9,275	-1,199339E+06	1,064154E+02	5,397014E+01	5,568179E+03
9,28	-1,199338E+06	1,090677E+02	5,379524E+01	5,568179E+03
9,285	-1,199339E+06	1,131585E+02	5,361991E+01	5,568179E+03
9,29	-1,199339E+06	1,089965E+02	5,352493E+01	5,568179E+03
9,295	-1,199338E+06	1,005854E+02	5,350003E+01	5,568179E+03
9,3	-1,199338E+06	1,027609E+02	5,355411E+01	5,568179E+03
9,305	-1,199339E+06	1,060779E+02	5,380548E+01	5,568179E+03
9,31	-1,199338E+06	1,018588E+02	5,430784E+01	5,568179E+03
9,315	-1,199338E+06	1,009719E+02	5,497470E+01	5,568179E+03
9,32	-1,199339E+06	1,060991E+02	5,550943E+01	5,568179E+03
9,325	-1,199338E+06	1,024900E+02	5,575829E+01	5,568179E+03
9,33	-1,199339E+06	1,073720E+02	5,554512E+01	5,568179E+03
9,335	-1,199339E+06	1,107874E+02	5,517130E+01	5,568179E+03
9,34	-1,199338E+06	1,064864E+02	5,484198E+01	5,568179E+03
9,345	-1,199339E+06	1,065167E+02	5,438255E+01	5,568179E+03
9,35	-1,199339E+06	1,057599E+02	5,392700E+01	5,568179E+03
9,355	-1,199339E+06	1,062319E+02	5,354678E+01	5,568179E+03
9,36	-1,199339E+06	1,020229E+02	5,342405E+01	5,568179E+03
9,365	-1,199339E+06	1,032700E+02	5,368998E+01	5,568179E+03
9,37	-1,199339E+06	1,018993E+02	5,418628E+01	5,568179E+03
9,375	-1,199339E+06	1,017813E+02	5,454987E+01	5,568179E+03
9,38	-1,199339E+06	1,065915E+02	5,474341E+01	5,568179E+03
9,385	-1,199339E+06	1,059108E+02	5,480382E+01	5,568179E+03
9,39	-1,199339E+06	1,050516E+02	5,466538E+01	5,568179E+03
9,395	-1,199339E+06	1,012525E+02	5,454021E+01	5,568179E+03
9,4	-1,199339E+06	1,018627E+02	5,439179E+01	5,568179E+03
9,405	-1,199339E+06	1,015750E+02	5,417765E+01	5,568179E+03
9,41	-1,199338E+06	9,726635E+01	5,404409E+01	5,568179E+03
9,415	-1,199339E+06	1,038052E+02	5,394573E+01	5,568179E+03
9,42	-1,199339E+06	1,080386E+02	5,389823E+01	5,568179E+03
9,425	-1,199339E+06	1,055162E+02	5,375680E+01	5,568179E+03
9,43	-1,199339E+06	1,015713E+02	5,342469E+01	5,568179E+03
9,435	-1,199339E+06	1,007722E+02	5,313056E+01	5,568179E+03
9,44	-1,199339E+06	1,028537E+02	5,308956E+01	5,568179E+03
9,445	-1,199339E+06	1,026385E+02	5,329607E+01	5,568179E+03
9,45	-1,199339E+06	1,004506E+02	5,357165E+01	5,568179E+03
9,455	-1,199338E+06	9,616250E+01	5,380714E+01	5,568179E+03
9,46	-1,199339E+06	9,890308E+01	5,386953E+01	5,568179E+03
9,465	-1,199339E+06	1,025873E+02	5,376174E+01	5,568179E+03
9,47	-1,199339E+06	1,005947E+02	5,367739E+01	5,568179E+03
9,475	-1,199339E+06	1,024640E+02	5,371488E+01	5,568179E+03
9,48	-1,199339E+06	1,066255E+02	5,384201E+01	5,568179E+03
9,485	-1,199339E+06	1,027469E+02	5,392166E+01	5,568179E+03
9,49	-1,199338E+06	9,986996E+01	5,377992E+01	5,568179E+03
9,495	-1,199339E+06	1,023450E+02	5,351928E+01	5,568179E+03
9,5	-1,199339E+06	9,994272E+01	5,333883E+01	5,568179E+03
9,505	-1,199339E+06	9,678872E+01	5,322503E+01	5,568179E+03
9,51	-1,199339E+06	9,819370E+01	5,294480E+01	5,568179E+03
9,515	-1,199339E+06	9,780327E+01	5,244513E+01	5,568179E+03
9,52	-1,199339E+06	9,443237E+01	5,203455E+01	5,568179E+03
9,525	-1,199338E+06	9,435993E+01	5,197620E+01	5,568179E+03
9,53	-1,199339E+06	1,024340E+02	5,240937E+01	5,568179E+03
9,535	-1,199339E+06	1,012839E+02	5,325268E+01	5,568179E+03
9,54	-1,199339E+06	1,035677E+02	5,399744E+01	5,568179E+03
9,545	-1,199339E+06	1,070861E+02	5,458873E+01	5,568179E+03
9,55	-1,199339E+06	1,017611E+02	5,501306E+01	5,568179E+03
9,555	-1,199339E+06	1,031587E+02	5,521051E+01	5,568179E+03
9,56	-1,199339E+06	1,047037E+02	5,523367E+01	5,568179E+03
9,565	-1,199339E+06	1,035979E+02	5,463744E+01	5,568179E+03
9,57	-1,199339E+06	1,001125E+02	5,353393E+01	5,568179E+03
9,575	-1,199338E+06	9,075537E+01	5,259246E+01	5,568179E+03
9,58	-1,199339E+06	9,669360E+01	5,188373E+01	5,568179E+03
9,585	-1,199339E+06	9,993718E+01	5,157237E+01	5,568179E+03
9,59	-1,199338E+06	9,640575E+01	5,166547E+01	5,568179E+03
9,595	-1,199339E+06	1,012097E+02	5,193642E+01	5,568179E+03
9,6	-1,199338E+06	9,910303E+01	5,236831E+01	5,568179E+03
9,605	-1,199339E+06	1,012437E+02	5,277878E+01	5,568179E+03
9,61	-1,199339E+06	1,019384E+02	5,315614E+01	5,568179E+03
9,615	-1,199338E+06	9,660651E+01	5,347986E+01	5,568179E+03
9,62	-1,199339E+06	9,831649E+01	5,360470E+01	5,568179E+03
9,625	-1,199339E+06	9,626627E+01	5,348530E+01	5,568179E+03
9,63	-1,199339E+06	9,780212E+01	5,312208E+01	5,568179E+03
9,635	-1,199338E+06	9,645860E+01	5,280577E+01	5,568179E+03
9,64	-1,199339E+06	1,015212E+02	5,238625E+01	5,568179E+03
9,645	-1,199339E+06	1,002906E+02	5,207743E+01	5,568179E+03
9,65	-1,199338E+06	9,081779E+01	5,207566E+01	5,568179E+03
9,655	-1,199339E+06	1,034194E+02	5,206087E+01	5,568179E+03
9,66	-1,199338E+06	9,891452E+01	5,239721E+01	5,568179E+03
9,665	-1,199338E+06	9,703780E+01	5,268433E+01	5,568179E+03
9,67	-1,199339E+06	9,895376E+01	5,288519E+01	5,568179E+03
9,675	-1,199338E+06	9,264532E+01	5,330258E+01	5,568179E+03
9,68	-1,199339E+06	1,034849E+02	5,332754E+01	5,568179E+03
9,685	-1,199339E+06	9,963791E+01	5,305293E+01	5,568179E+03
9,69	-1,199338E+06	9,677252E+01	5,248249E+01	5,568179E+03
9,695	-1,199339E+06	1,044115E+02	5,166543E+01	5,568179E+03
9,7	-1,199339E+06	9,771821E+01	5,112803E+01	5,568179E+03
9,705	-1,199339E+06	9,662477E+01	5,074836E+01	5,568179E+03
9,71	-1,199339E+06	9,680439E+01	5,063570E+01	5,568179E+03
9,715	-1,199338E+06	9,693700E+01	5,097061E+01	5,568179E+03
9,72	-1,199338E+06	9,606816E+01	5,153882E+01	5,568179E+03
9,725	-1,199338E+06	9,748073E+01	5,204916E+01	5,568179E+03
9,73	-1,199339E+06	1,009620E+02	5,231451E+01	5,568179E+03
9,735	-1,199339E+06	1,013882E+02	5,235222E+01	5,568179E+03
9,74	-1,199339E+06	1,009767E+02	5,227238E+01	5,568179E+03
9,745	-1,199338E+06	9,688782E+01	5,228922E+01	5,568179E+03
9,75	-1,199339E+06	9,991725E+01	5,235911E+01	5,568179E+03
9,755	-1,199339E+06	1,004861E+02	5,223566E+01	5,568179E+03
9,76	-1,199338E+06	9,133639E+01	5,199424E+01	5,568179E+03
9,765	-1,199339E+06	1,011757E+02	5,172820E+01	5,568179E+03
9,77	-1,199339E+06	1,100162E+02	5,158258E+01	5,568179E+03
9,775	-1,199338E+06	9,890074E+01	5,161918E+01	5,568179E+03
9,78	-1,199338E+06	9,888349E+01	5,156806E+01	5,568179E+03
9,785	-1,199339E+06	9,941856E+01	5,150583E+01	5,568179E+03
9,79	-1,199338E+06	8,877335E+01	5,149783E+01	5,568179E+03
9,795	-1,199339E+06	9,558025E+01	5,140630E+01	5,568179E+03
9,8	-1,199339E+06	9,951187E+01	5,156154E+01	5,568179E+03
9,805	-1,199338E+06	9,499192E+01	5,179429E+01	5,568179E+03
9,81	-1,199339E+06	9,804244E+01	5,174448E+01	5,568179E+03
9,815	-1,199338E+06	9,456688E+01	5,167260E+01	5,568179E+03
9,82	-1,199339E+06	9,611006E+01	5,153530E+01	5,568179E+03
9,825	-1,199339E+06	9,499365E+01	5,156272E+01	5,568179E+03
9,83	-1,199338E+06	9,615038E+01	5,189676E+01	5,568179E+03
9,835	-1,199339E+06	1,050526E+02	5,220247E+01	5,568179E+03
9,84	-1,199338E+06	1,012043E+02	5,252474E+01	5,568179E+03
9,845	-1,199339E+06	9,814378E+01	5,281039E+01	5,568179E+03
9,85	-1,199338E+06	9,145226E+01	5,291392E+01	5,568179E+03
9,855	-1,199338E+06	9,023832E+01	5,280988E+01	5,568179E+03
9,86	-1,199338E+06	9,365570E+01	5,268435E+01	5,568179E+03
9,865	-1,199339E+06	1,018797E+02	5,245579E+01	5,568179E+03
9,87	-1,199339E+06	1,063106E+02	5,215683E+01	5,568179E+03
9,875	-1,199338E+06	9,796304E+01	5,186060E+01	5,568179E+03
9,88	-1,199339E+06	1,006010E+02	5,147567E+01	5,568179E+03
9,885	-1,199339E+06	9,902693E+01	5,137297E+01	5,568179E+03
9,89	-1,199338E+06	9,589357E+01	5,153205E+01	5,568179E+03
9,895	-1,199339E+06	1,055408E+02	5,165719E+01	5,568179E+03
9,9	-1,199339E+06	9,774693E+01	5,182868E+01	5,568179E+03
9,905	-1,199339E+06	9,613731E+01	5,180914E+01	5,568179E+03
9,91	-1,199339E+06	1,024849E+02	5,171661E+01	5,568179E+03
9,915	-1,199338E+06	9,400027E+01	5,180727E+01	5,568179E+03
9,92	-1,199339E+06	9,833322E+01	5,187262E+01	5,568179E+03
9,925	-1,199339E+06	1,010949E+02	5,201264E+01	5,568179E+03
9,93	-1,199339E+06	9,920002E+01	5,219887E+01	5,568179E+03
9,935	-1,199339E+06	9,873199E+01	5,238544E+01	5,568179E+03
9,94	-1,199338E+06	9,660111E+01	5,251625E+01	5,568179E+03
9,945	-1,199339E+06	9,493678E+01	5,265407E+01	5,568179E+03
9,95	-1,199338E+06	9,448308E+01	5,272534E+01	5,568179E+03
9,955	-1,199339E+06	1,016107E+02	5,246357E+01	5,568179E+03
9,96	-1,199339E+06	1,009577E+02	5,205577E+01	5,568179E+03
9,965	-1,199338E+06	1,013706E+02	5,137202E+01	5,568179E+03
9,97	-1,199339E+06	1,007213E+02	5,054448E+01	5,568179E+03
9,975	-1,199338E+06	8,837254E+01	4,996941E+01	5,568179E+03
9,98	-1,199339E+06	9,395693E+01	4,946986E+01	5,568179E+03
9,985	-1,199339E+06	9,844201E+01	4,937190E+01	5,568179E+03
9,99	-1,199338E+06	9,558934E+01	4,974789E+01	5,568179E+03
9,995	-1,199339E+06	1,042873E+02	5,030190E+01	5,568179E+03
10,0	-1,199339E+06	1,029214E+02	5,096845E+01	5,568179E+03
10,005	-1,199339E+06	1,007669E+02	5,125920E+01	5,568179E+03
10,01	-1,199339E+06	1,008932E+02	5,131412E+01	5,568179E+03
10,015	-1,199338E+06	1,005915E+02	5,149315E+01	5,568179E+03
10,02	-1,199339E+06	1,037371E+02	5,171928E+01	5,568179E+03
10,025	-1,199339E+06	1,019607E+02	5,192411E+01	5,568179E+03
10,03	-1,199338E+06	9,697259E+01	5,185527E+01	5,568179E+03
10,035	-1,199338E+06	9,885195E+01	5,144460E+01	5,568179E+03
10,04	-1,199339E+06	1,028868E+02	5,093563E+01	5,568179E+03
10,045	-1,199338E+06	1,029993E+02	5,041831E+01	5,568179E+03
10,05	-1,199338E+06	9,943039E+01	5,004509E+01	5,568179E+03
10,055	-1,199338E+06	1,014314E+02	4,972968E+01	5,568179E+03
10,06	-1,199339E+06	9,958131E+01	4,949095E+01	5,568179E+03
10,065	-1,199338E+06	9,375859E+01	4,940172E+01	5,568179E+03
10,07	-1,199339E+06	1,014287E+02	4,941198E+01	5,568179E+03
10,075	-1,199339E+06	1,046916E+02	4,979929E+01	5,568179E+03
10,08	-1,199338E+06	9,916333E+01	5,043810E+01	5,568179E+03
10,085	-1,199338E+06	9,981377E+01	5,115723E+01	5,568179E+03
10,09	-1,199338E+06	1,023371E+02	5,196126E+01	5,568179E+03
10,095	-1,199338E+06	1,047057E+02	5,249764E+01	5,568179E+03
10,1	-1,199338E+06	1,049285E+02	5,272873E+01	5,568179E+03
10,105	-1,199338E+06	1,035362E+02	5,268854E+01	5,568179E+03
10,11	-1,199338E+06	1,013554E+02	5,228911E+01	5,568179E+03
10,115	-1,199338E+06	9,592975E+01	5,179265E+01	5,568179E+03
10,12	-1,199338E+06	1,014207E+02	5,125838E+01	5,568179E+03
10,125	-1,199338E+06	1,015464E+02	5,083644E+01	5,568179E+03
10,13	-1,199338E+06	1,010886E+02	5,063812E+01	5,568179E+03
10,135	-1,199339E+06	1,040366E+02	5,069034E+01	5,568179E+03
10,14	-1,199338E+06	9,845982E+01	5,083960E+01	5,568179E+03
10,145	-1,199339E+06	1,074259E+02	5,076232E+01	5,568179E+03
10,15	-1,199338E+06	1,041768E+02	5,083316E+01	5,568179E+03
10,155	-1,199338E+06	9,896921E+01	5,102833E+01	5,568179E+03
10,16	-1,199339E+06	1,052928E+02	5,129231E+01	5,568179E+03
10,165	-1,199338E+06	9,947558E+01	5,170474E+01	5,568179E+03
10,17	-1,199338E+06	1,014894E+02	5,182695E+01	5,568179E+03
10,175	-1,199338E+06	9,951435E+01	5,177926E+01	5,568179E+03
10,18	-1,199338E+06	9,909382E+01	5,180155E+01	5,568179E+03
10,185	-1,199339E+06	1,066764E+02	5,209675E+01	5,568179E+03
10,19	-1,199338E+06	1,040012E+02	5,265191E+01	5,568179E+03
10,195	-1,199338E+06	1,063905E+02	5,299353E+01	5,568179E+03
10,2	-1,199338E+06	1,025132E+02	5,301643E+01	5,568179E+03
10,205	-1,199338E+06	1,002418E+02	5,270273E+01	5,568179E+03
10,21	-1,199338E+06	1,019618E+02	5,243441E+01	5,568179E+03
10,215	-1,199338E+06	1,047603E+02	5,235917E+01	5,568179E+03
10,22	-1,199339E+06	1,099360E+02	5,225186E+01	5,568179E+03
10,225	-1,199338E+06	1,045089E+02	5,207528E+01	5,568179E+03
10,23	-1,199338E+06	1,084090E+02	5,159984E+01	5,568179E+03
10,235	-1,199339E+06	1,119259E+02	5,107137E+01	5,568179E+03
10,24	-1,199338E+06	9,963206E+01	5,091117E+01	5,568179E+03
10,245	-1,199338E+06	1,034618E+02	5,106543E+01	5,568179E+03
10,25	-1,199338E+06	1,040290E+02	5,167592E+01	5,568179E+03
10,255	-1,199338E+06	1,046403E+02	5,236416E+01	5,568179E+03
10,26	-1,199339E+06	1,073849E+02	5,289542E+01	5,568179E+03
10,265	-1,199338E+06	1,015783E+02	5,322695E+01	5,568179E+03
10,27	-1,199338E+06	1,056187E+02	5,318423E+01	5,568179E+03
10,275	-1,199338E+06	1,092985E+02	5,310486E+01	5,568179E+03
10,28	-1,199338E+06	1,116442E+02	5,288196E+01	5,568179E+03
10,285	-1,199338E+06	1,075503E+02	5,245006E+01	5,568179E+03
10,29	-1,199338E+06	1,039146E+02	5,197656E+01	5,568179E+03
10,295	-1,199338E+06	1,058420E+02	5,153944E+01	5,568179E+03
10,3	-1,199338E+06	1,056318E+02	5,138672E+01	5,568179E+03
10,305	-1,199338E+06	1,135139E+02	5,148443E+01	5,568179E+03
10,31	-1,199338E+06	1,119692E+02	5,170984E+01	5,568179E+03
10,315	-1,199338E+06	1,032078E+02	5,194944E+01	5,568179E+03
10,32	-1,199338E+06	1,049830E+02	5,221799E+01	5,568179E+03
10,325	-1,199338E+06	1,073156E+02	5,269938E+01	5,568179E+03
10,33	-1,199338E+06	1,069092E+02	5,311233E+01	5,568179E+03
10,335	-1,199338E+06	1,081449E+02	5,303758E+01	5,568179E+03
10,34	-1,199338E+06	1,159419E+02	5,242740E+01	5,568179E+03
10,345	-1,199338E+06	1,103724E+02	5,162826E+01	5,568179E+03
10,35	-1,199338E+06	1,021857E+02	5,092534E+01	5,568179E+03
10,355	-1,199338E+06	1,047245E+02	5,052363E+01	5,568179E+03
10,36	-1,199338E+06	1,050836E+02	5,042753E+01	5,568179E+03
10,365	-1,199338E+06	1,080436E+02	5,055591E+01	5,568179E+03
10,37	-1,199338E+06	1,144733E+02	5,105521E+01	5,568179E+03
10,375	-1,199338E+06	1,142708E+02	5,192676E+01	5,568179E+03
10,38	-1,199338E+06	1,148579E+02	5,285755E+01	5,568179E+03
10,385	-1,199338E+06	1,124546E+02	5,370212E+01	5,568179E+03
10,39	-1,199338E+06	1,070168E+02	5,425729E+01	5,568179E+03
10,395	-1,199338E+06	1,113558E+02	5,435413E+01	5,568179E+03
10,4	-1,199338E+06	1,133444E+02	5,419918E+01	5,568179E+03
10,405	-1,199338E+06	1,108689E+02	5,384836E+01	5,568179E+03
10,41	-1,199338E+06	1,164197E+02	5,327009E+01	5,568179E+03
10,415	-1,199338E+06	1,148823E+02	5,261629E+01	5,568179E+03
10,42	-1,199338E+06	1,155229E+02	5,191024E+01	5,568179E+03
10,425	-1,199338E+06	1,215869E+02	5,129704E+01	5,568179E+03
10,43	-1,199338E+06	1,185985E+02	5,096234E+01	5,568179E+03
10,435	-1,199338E+06	1,139141E+02	5,107926E+01	5,568179E+03
10,44	-1,199338E+06	1,157446E+02	5,158971E+01	5,568179E+03
10,445	-1,199338E+06	1,135580E+02	5,215921E+01	5,568179E+03
10,45	-1,199338E+06	1,106964E+02	5,248891E+01	5,568179E+03
10,455	-1,199338E+06	1,086363E+02	5,278237E+01	5,568179E+03
10,46	-1,199338E+06	1,084782E+02	5,333178E+01	5,568179E+03
10,465	-1,199338E+06	1,134060E+02	5,391817E+01	5,568179E+03
10,47	-1,199338E+06	1,167838E+02	5,435816E+01	5,568179E+03
10,475	-1,199338E+06	1,123579E+02	5,471285E+01	5,568179E+03
10,48	-1,199338E+06	1,159175E+02	5,473089E+01	5,568179E+03
10,485	-1,199338E+06	1,218119E+02	5,458281E+01	5,568179E+03
10,49	-1,199338E+06	1,193476E+02	5,445969E+01	5,568179E+03
10,495	-1,199338E+06	1,207445E+02	5,422016E+01	5,568179E+03
10,5	-1,199338E+06	1,181295E+02	5,398005E+01	5,568179E+03
10,505	-1,199338E+06	1,105496E+02	5,342884E+01	5,568179E+03
10,51	-1,199338E+06	1,106856E+02	5,259006E+01	5,568179E+03
10,515	-1,199338E+06	1,131237E+02	5,218950E+01	5,568179E+03
10,52	-1,199338E+06	1,234958E+02	5,202411E+01	5,568179E+03
10,525	-1,199338E+06	1,239427E+02	5,194906E+01	5,568179E+03
10,53	-1,199338E+06	1,180509E+02	5,205408E+01	5,568179E+03
10,535	-1,199338E+06	1,247094E+02	5,230778E+01	5,568179E+03
10,54	-1,199338E+06	1,198898E+02	5,314329E+01	5,568179E+03
10,545	-1,199338E+06	1,156021E+02	5,424609E+01	5,568179E+03
10,55	-1,199338E+06	1,140342E+02	5,520163E+01	5,568179E+03
10,555	-1,199338E+06	1,206534E+02	5,581374E+01	5,568179E+03
10,56	-1,199338E+06	1,233132E+02	5,598219E+01	5,568179E+03
10,565	-1,199338E+06	1,145077E+02	5,575752E+01	5,568179E+03
10,57	-1,199338E+06	1,169209E+02	5,524019E+01	5,568179E+03
10,575	-1,199338E+06	1,243558E+02	5,443143E+01	5,568179E+03
10,58	-1,199338E+06	1,242043E+02	5,327023E+01	5,568179E+03
10,585	-1,199338E+06	1,210423E+02	5,213933E+01	5,568179E+03
10,59	-1,199338E+06	1,227382E+02	5,158036E+01	5,568179E+03
10,595	-1,199338E+06	1,230448E+02	5,158765E+01	5,568179E+03
10,6	-1,199338E+06	1,135099E+02	5,192134E+01	5,568179E+03
10,605	-1,199338E+06	1,209465E+02	5,233903E+01	5,568179E+03
10,61	-1,199338E+06	1,329344E+02	5,285542E+01	5,568179E+03
10,615	-1,199338E+06	1,273640E+02	5,344153E+01	5,568179E+03
10,62	-1,199338E+06	1,273494E+02	5,390166E+01	5,568179E+03
10,625	-1,199338E+06	1,298097E+02	5,441007E+01	5,568179E+03
10,63	-1,199338E+06	1,302370E+02	5,493526E+01	5,568179E+03
10,635	-1,199338E+06	1,340649E+02	5,505192E+01	5,568179E+03
10,64	-1,199338E+06	1,240472E+02	5,479201E+01	5,568179E+03
10,645	-1,199338E+06	1,228654E+02	5,429926E+01	5,568179E+03
10,65	-1,199338E+06	1,256494E+02	5,386903E+01	5,568179E+03
10,655	-1,199338E+06	1,184110E+02	5,358065E+01	5,568179E+03
10,66	-1,199338E+06	1,257972E+02	5,314608E+01	5,568179E+03
10,665	-1,199338E+06	1,292538E+02	5,276272E+01	5,568179E+03
10,67	-1,199338E+06	1,252173E+02	5,262441E+01	5,568179E+03
10,675	-1,199338E+06	1,294229E+02	5,287262E+01	5,568179E+03
10,68	-1,199338E+06	1,327284E+02	5,331219E+01	5,568179E+03
10,685	-1,199338E+06	1,302972E+02	5,345740E+01	5,568179E+03
10,69	-1,199338E+06	1,280154E+02	5,327071E+01	5,568179E+03
10,695	-1,199338E+06	1,321476E+02	5,287693E+01	5,568179E+03
10,7	-1,199338E+06	1,296914E+02	5,266450E+01	5,568179E+03
10,705	-1,199338E+06	1,283223E+02	5,267430E+01	5,568179E+03
10,71	-1,199338E+06	1,295460E+02	5,273308E+01	5,568179E+03
10,715	-1,199338E+06	1,217664E+02	5,301829E+01	5,568179E+03
10,72	-1,199338E+06	1,260824E+02	5,320455E+01	5,568179E+03
10,725	-1,199338E+06	1,356179E+02	5,328155E+01	5,568179E+03
10,73	-1,199338E+06	1,341172E+02	5,353598E+01	5,568179E+03
10,735	-1,199338E+06	1,364574E+02	5,373624E+01	5,568179E+03
10,74	-1,199338E+06	1,332198E+02	5,388587E+01	5,568179E+03
10,745	-1,199338E+06	1,300793E+02	5,384764E+01	5,568179E+03
10,75	-1,199338E+06	1,371882E+02	5,351932E+01	5,568179E+03
10,755	-1,199338E+06	1,343576E+02	5,324811E+01	5,568179E+03
10,76	-1,199338E+06	1,345218E+02	5,316800E+01	5,568179E+03
10,765	-1,199338E+06	1,381071E+02	5,324919E+01	5,568179E+03
10,77	-1,199338E+06	1,327136E+02	5,322699E+01	5,568179E+03
10,775	-1,199338E+06	1,322011E+02	5,291178E+01	5,568179E+03
10,78	-1,199338E+06	1,321478E+02	5,267771E+01	5,568179E+03
10,785	-1,199338E+06	1,373176E+02	5,287690E+01	5,568179E+03
10,79	-1,199338E+06	1,429795E+02	5,358622E+01	5,568179E+03
10,795	-1,199338E+06	1,427454E+02	5,425138E+01	5,568179E+03
10,8	-1,199338E+06	1,367322E+02	5,456025E+01	5,568179E+03
10,805	-1,199338E+06	1,304537E+02	5,476711E+01	5,568179E+03
10,81	-1,199338E+06	1,386121E+02	5,476959E+01	5,568179E+03
10,815	-1,199338E+06	1,378355E+02	5,468298E+01	5,568179E+03
10,82	-1,199338E+06	1,400210E+02	5,438627E+01	5,568179E+03
10,825	-1,199338E+06	1,431286E+02	5,368670E+01	5,568179E+03
10,83	-1,199338E+06	1,332033E+02	5,297570E+01	5,568179E+03
10,835	-1,199338E+06	1,375611E+02	5,254297E+01	5,568179E+03
10,84	-1,199338E+06	1,444892E+02	5,251994E+01	5,568179E+03
10,845	-1,199338E+06	1,455110E+02	5,283587E+01	5,568179E+03
10,85	-1,199338E+06	1,423023E+02	5,321247E+01	5,568179E+03
10,855	-1,199338E+06	1,409017E+02	5,352165E+01	5,568179E+03
10,86	-1,199338E+06	1,449930E+02	5,390991E+01	5,568179E+03
10,865	-1,199338E+06	1,453294E+02	5,421031E+01	5,568179E+03
10,87	-1,199338E+06	1,456123E+02	5,410407E+01	5,568179E+03
10,875	-1,199338E+06	1,388856E+02	5,367272E+01	5,568179E+03
10,88	-1,199338E+06	1,419622E+02	5,278056E+01	5,568179E+03
10,885	-1,199338E+06	1,458759E+02	5,183787E+01	5,568179E+03
10,89	-1,199338E+06	1,435182E+02	5,150729E+01	5,568179E+03
10,895	-1,199338E+06	1,524414E+02	5,171620E+01	5,568179E+03
10,9	-1,199338E+06	1,477147E+02	5,237861E+01	5,568179E+03
10,905	-1,199338E+06	1,389245E+02	5,321095E+01	5,568179E+03
10,91	-1,199338E+06	1,446091E+02	5,397749E+01	5,568179E+03
10,915	-1,199338E+06	1,511286E+02	5,475655E+01	5,568179E+03
10,92	-1,199338E+06	1,511800E+02	5,533353E+01	5,568179E+03
10,925	-1,199338E+06	1,503154E+02	5,564327E+01	5,568179E+03
10,93	-1,199338E+06	1,525447E+02	5,584823E+01	5,568179E+03
10,935	-1,199338E+06	1,453613E+02	5,579576E+01	5,568179E+03
10,94	-1,199338E+06	1,456110E+02	5,518190E+01	5,568179E+03
10,945	-1,199338E+06	1,523502E+02	5,411371E+01	5,568179E+03
10,95	-1,199338E+06	1,512537E+02	5,299931E+01	5,568179E+03
10,955	-1,199338E+06	1,541208E+02	5,218727E+01	5,568179E+03
10,96	-1,199338E+06	1,563917E+02	5,179990E+01	5,568179E+03
10,965	-1,199338E+06	1,564626E+02	5,157972E+01	5,568179E+03
10,97	-1,199338E+06	1,553277E+02	5,132370E+01	5,568179E+03
10,975	-1,199338E+06	1,544177E+02	5,133038E+01	5,568179E+03
10,98	-1,199338E+06	1,581377E+02	5,185732E+01	5,568179E+03
10,985	-1,199338E+06	1,603665E+02	5,274267E+01	5,568179E+03
10,99	-1,199338E+06	1,582840E+02	5,353619E+01	5,568179E+03
10,995	-1,199337E+06	1,541585E+02	5,382397E+01	5,568179E+03
11,0	-1,199338E+06	1,549524E+02	5,356053E+01	5,568179E+03
11,005	-1,199337E+06	1,530177E+02	5,322056E+01	5,568179E+03
11,01	-1,199338E+06	1,555583E+02	5,311103E+01	5,568179E+03
11,015	-1,199337E+06	1,595621E+02	5,311625E+01	5,568179E+03
11,02	-1,199338E+06	1,662894E+02	5,301530E+01	5,568179E+03
11,025	-1,199338E+06	1,669274E+02	5,277068E+01	5,568179E+03
11,03	-1,199337E+06	1,576507E+02	5,230671E+01	5,568179E+03
11,035	-1,199338E+06	1,619618E+02	5,176160E+01	5,568179E+03
11,04	-1,199338E+06	1,601867E+02	5,139077E+01	5,568179E+03
11,045	-1,199337E+06	1,573803E+02	5,092085E+01	5,568179E+03
11,05	-1,199337E+06	1,625685E+02	5,037272E+01	5,568179E+03
11,055	-1,199338E+06	1,740010E+02	4,975214E+01	5,568179E+03
11,06	-1,199338E+06	1,760523E+02	4,939496E+01	5,568179E+03
11,065	-1,199337E+06	1,728155E+02	4,952453E+01	5,568179E+03
11,07	-1,199338E+06	1,761502E+02	4,987054E+01	5,568179E+03
11,075	-1,199338E+06	1,734200E+02	5,022992E+01	5,568179E+03
11,08	-1,199337E+06	1,661099E+02	5,078136E+01	5,568179E+03
11,085	-1,199337E+06	1,669818E+02	5,172208E+01	5,568179E+03
11,09	-1,199337E+06	1,665660E+02	5,266418E+01	5,568179E+03
11,095	-1,199337E+06	1,623011E+02	5,322245E+01	5,568179E+03
11,1	-1,199337E+06	1,687414E+02	5,350331E+01	5,568179E+03
11,105	-1,199337E+06	1,704445E+02	5,341628E+01	5,568179E+03
11,11	-1,199337E+06	1,722932E+02	5,266130E+01	5,568179E+03
11,115	-1,199337E+06	1,711331E+02	5,177953E+01	5,568179E+03
11,12	-1,199337E+06	1,685872E+02	5,097485E+01	5,568179E+03
11,125	-1,199337E+06	1,755098E+02	5,027138E+01	5,568179E+03
11,13	-1,199337E+06	1,748829E+02	4,999421E+01	5,568179E+03
11,135	-1,199337E+06	1,835174E+02	4,966580E+01	5,568179E+03
11,14	-1,199337E+06	1,790889E+02	4,965698E+01	5,568179E+03
11,145	-1,199337E+06	1,698587E+02	5,020954E+01	5,568179E+03
11,15	-1,199337E+06	1,776073E+02	5,071430E+01	5,568179E+03
11,155	-1,199337E+06	1,724661E+02	5,099420E+01	5,568179E+03
11,16	-1,199337E+06	1,796150E+02	5,070481E+01	5,568179E+03
11,165	-1,199337E+06	1,914835E+02	5,004550E+01	5,568179E+03
11,17	-1,199337E+06	1,870842E+02	4,948607E+01	5,568179E+03
11,175	-1,199337E+06	1,799733E+02	4,916453E+01	5,568179E+03
11,18	-1,199336E+06	1,733017E+02	4,932686E+01	5,568179E+03
11,185	-1,199337E+06	1,912852E+02	4,954715E+01	5,568179E+03
11,19	-1,199337E+06	1,848213E+02	4,971792E+01	5,568179E+03
11,195	-1,199337E+06	1,816289E+02	4,977779E+01	5,568179E+03
11,2	-1,199337E+06	1,855660E+02	5,048185E+01	5,568179E+03
11,205	-1,199337E+06	1,751748E+02	5,146751E+01	5,568179E+03
11,21	-1,199337E+06	1,815821E+02	5,177341E+01	5,568179E+03
11,215	-1,199337E+06	1,829740E+02	5,191137E+01	5,568179E+03
11,22	-1,199337E+06	1,896381E+02	5,138995E+01	5,568179E+03
11,225	-1,199337E+06	1,941081E+02	5,064274E+01	5,568179E+03
11,23	-1,199336E+06	1,850150E+02	5,027182E+01	5,568179E+03
11,235	-1,199337E+06	1,931115E+02	4,941832E+01	5,568179E+03
11,24	-1,199337E+06	1,941330E+02	4,900083E+01	5,568179E+03
11,245	-1,199337E+06	1,976199E+02	4,914819E+01	5,568179E+03
11,25	-1,199337E+06	2,000203E+02	4,925637E+01	5,568179E+03
11,255	-1,199336E+06	1,941686E+02	4,993994E+01	5,568179E+03
11,26	-1,199337E+06	2,013125E+02	5,078609E+01	5,568179E+03
11,265	-1,199337E+06	2,046487E+02	5,124725E+01	5,568179E+03
11,27	-1,199336E+06	1,966218E+02	5,175871E+01	5,568179E+03
11,275	-1,199336E+06	2,003248E+02	5,189946E+01	5,568179E+03
11,28	-1,199337E+06	2,078159E+02	5,157172E+01	5,568179E+03
11,285	-1,199336E+06	2,026437E+02	5,117390E+01	5,568179E+03
11,29	-1,199337E+06	2,020444E+02	5,032143E+01	5,568179E+03
11,295	-1,199337E+06	1,993583E+02	4,953045E+01	5,568179E+03
11,3	-1,199336E+06	1,910653E+02	4,925008E+01	5,568179E+03
11,305	-1,199337E+06	2,053792E+02	4,916630E+01	5,568179E+03
11,31	-1,199337E+06	2,105255E+02	4,963319E+01	5,568179E+03
11,315	-1,199336E+06	2,073162E+02	5,006689E+01	5,568179E+03
11,32	-1,199337E+06	2,139165E+02	4,998221E+01	5,568179E+03
11,325	-1,199336E+06	2,121538E+02	4,985662E+01	5,568179E+03
11,33	-1,199336E+06	2,052361E+02	4,943605E+01	5,568179E+03
11,335	-1,199336E+06	2,036925E+02	4,852411E+01	5,568179E+03
11,34	-1,199337E+06	2,057156E+02	4,772794E+01	5,568179E+03
11,345	-1,199336E+06	1,945497E+02	4,748336E+01	5,568179E+03
11,35	-1,199336E+06	2,087489E+02	4,740792E+01	5,568179E+03
11,355	-1,199337E+06	2,169344E+02	4,752101E+01	5,568179E+03
11,36	-1,199336E+06	2,113176E+02	4,772451E+01	5,568179E+03
11,365	-1,199337E+06	2,245618E+02	4,825657E+01	5,568179E+03
11,37	-1,199336E+06	2,118526E+02	4,954276E+01	5,568179E+03
11,375	-1,199336E+06	2,251421E+02	5,037874E+01	5,568179E+03
11,38	-1,199336E+06	2,245261E+02	5,086242E+01	5,568179E+03
11,385	-1,199336E+06	2,084250E+02	5,146319E+01	5,568179E+03
11,39	-1,199337E+06	2,240911E+02	5,173893E+01	5,568179E+03
11,395	-1,199336E+06	2,183106E+02	5,169637E+01	5,568179E+03
11,4	-1,199336E+06	2,134182E+02	5,134863E+01	5,568179E+03
11,405	-1,199336E+06	2,183824E+02	5,079004E+01	5,568179E+03
11,41	-1,199336E+06	2,247099E+02	5,043304E+01	5,568179E+03
11,415	-1,199336E+06	2,154369E+02	5,060001E+01	5,568179E+03
11,42	-1,199336E+06	2,216789E+02	5,056690E+01	5,568179E+03
11,425	-1,199336E+06	2,418386E+02	5,039451E+01	5,568179E+03
11,43	-1,199336E+06	2,250358E+02	5,011773E+01	5,568179E+03
11,435	-1,199336E+06	2,203405E+02	4,936933E+01	5,568179E+03
11,44	-1,199336E+06	2,246075E+02	4,921306E+01	5,568179E+03
11,445	-1,199336E+06	2,250537E+02	4,943751E+01	5,568179E+03
11,45	-1,199336E+06	2,350678E+02	4,941177E+01	5,568179E+03
11,455	-1,199336E+06	2,322864E+02	4,954400E+01	5,568179E+03
11,46	-1,199336E+06	2,269287E+02	4,958600E+01	5,568179E+03
11,465	-1,199336E+06	2,393757E+02	4,974397E+01	5,568179E+03
11,47	-1,199336E+06	2,411681E+02	5,029310E+01	5,568179E+03
11,475	-1,199336E+06	2,426116E+02	5,019836E+01	5,568179E+03
11,48	-1,199336E+06	2,366147E+02	5,016313E+01	5,568179E+03
11,485	-1,199336E+06	2,408007E+02	5,037528E+01	5,568179E+03
11,49	-1,199336E+06	2,476771E+02	5,055078E+01	5,568179E+03
11,495	-1,199336E+06	2,460436E+02	5,090710E+01	5,568179E+03
11,5	-1,199336E+06	2,508497E+02	5,081244E+01	5,568179E+03
11,505	-1,199336E+06	2,448803E+02	5,051844E+01	5,568179E+03
11,51	-1,199336E+06	2,432847E+02	5,034597E+01	5,568179E+03
11,515	-1,199336E+06	2,471186E+02	5,005194E+01	5,568179E+03
11,52	-1,199336E+06	2,486306E+02	4,951992E+01	5,568179E+03
11,525	-1,199336E+06	2,479229E+02	4,885679E+01	5,568179E+03
11,53	-1,199335E+06	2,442774E+02	4,859959E+01	5,568179E+03
11,535	-1,199336E+06	2,597837E+02	4,873281E+01	5,568179E+03
11,54	-1,199336E+06	2,623890E+02	4,892698E+01	5,568179E+03
11,545	-1,199335E+06	2,560122E+02	4,909308E+01	5,568179E+03
11,55	-1,199336E+06	2,751035E+02	4,900099E+01	5,568179E+03
11,555	-1,199336E+06	2,621060E+02	4,901075E+01	5,568179E+03
11,56	-1,199335E+06	2,422741E+02	4,916978E+01	5,568179E+03
11,565	-1,199336E+06	2,519734E+02	4,954222E+01	5,568179E+03
11,57	-1,199336E+06	2,633728E+02	5,009146E+01	5,568179E+03
11,575	-1,199335E+06	2,511573E+02	5,040113E+01	5,568179E+03
11,58	-1,199335E+06	2,552621E+02	5,040750E+01	5,568179E+03
11,585	-1,199336E+06	2,654408E+02	5,047688E+01	5,568179E+03
11,59	-1,199335E+06	2,655350E+02	5,012607E+01	5,568179E+03
11,595	-1,199335E+06	2,661895E+02	4,929398E+01	5,568179E+03
11,6	-1,199335E+06	2,703336E+02	4,846802E+01	5,568179E+03
11,605	-1,199336E+06	2,770399E+02	4,774659E+01	5,568179E+03
11,61	-1,199335E+06	2,716369E+02	4,748232E+01	5,568179E+03
11,615	-1,199335E+06	2,692502E+02	4,774371E+01	5,568179E+03
11,62	-1,199335E+06	2,639506E+02	4,811346E+01	5,568179E+03
11,625	-1,199335E+06	2,621495E+02	4,845178E+01	5,568179E+03
11,63	-1,199335E+06	2,647969E+02	4,911567E+01	5,568179E+03
11,635	-1,199335E+06	2,705776E+02	4,993726E+01	5,568179E+03
11,64	-1,199336E+06	2,930090E+02	5,073558E+01	5,568179E+03
11,645	-1,199335E+06	2,858772E+02	5,125121E+01	5,568179E+03
11,65	-1,199335E+06	2,775597E+02	5,068767E+01	5,568179E+03
11,655	-1,199335E+06	2,753487E+02	5,009737E+01	5,568179E+03
11,66	-1,199335E+06	2,662501E+02	4,991895E+01	5,568179E+03
11,665	-1,199335E+06	2,726586E+02	4,941578E+01	5,568179E+03
11,67	-1,199335E+06	2,675035E+02	4,950776E+01	5,568179E+03
11,675	-1,199336E+06	3,018384E+02	4,967808E+01	5,568179E+03
11,68	-1,199336E+06	3,103036E+02	4,983499E+01	5,568179E+03
11,685	-1,199335E+06	2,911575E+02	5,028636E+01	5,568179E+03
11,69	-1,199336E+06	3,070618E+02	5,035295E+01	5,568179E+03
11,695	-1,199335E+06	2,994313E+02	5,045342E+01	5,568179E+03
11,7	-1,199335E+06	2,966051E+02	5,054603E+01	5,568179E+03
11,705	-1,199335E+06	2,989661E+02	5,030969E+01	5,568179E+03
11,71	-1,199335E+06	2,921649E+02	5,015089E+01	5,568179E+03
11,715	-1,199335E+06	2,864441E+02	5,029097E+01	5,568179E+03
11,72	-1,199335E+06	2,883762E+02	5,023947E+01	5,568179E+03
11,725	-1,199335E+06	2,820576E+02	5,028385E+01	5,568179E+03
11,73	-1,199335E+06	2,862294E+02	5,083881E+01	5,568179E+03
11,735	-1,199335E+06	2,980265E+02	5,159703E+01	5,568179E+03
11,74	-1,199335E+06	3,079870E+02	5,203700E+01	5,568179E+03
11,745	-1,199334E+06	3,038587E+02	5,240417E+01	5,568179E+03
11,75	-1,199335E+06	3,146739E+02	5,224192E+01	5,568179E+03
11,755	-1,199335E+06	3,090588E+02	5,162857E+01	5,568179E+03
11,76	-1,199334E+06	2,906865E+02	5,079873E+01	5,568179E+03
11,765	-1,199335E+06	3,132939E+02	4,946146E+01	5,568179E+03
11,77	-1,199334E+06	3,010099E+02	4,887733E+01	5,568179E+03
11,775	-1,199334E+06	3,111374E+02	4,880770E+01	5,568179E+03
11,78	-1,199335E+06	3,443392E+02	4,896236E+01	5,568179E+03
11,785	-1,199334E+06	3,129743E+02	4,968328E+01	5,568179E+03
11,79	-1,199335E+06	3,240595E+02	4,945418E+01	5,568179E+03
11,795	-1,199335E+06	3,204385E+02	4,894602E+01	5,568179E+03
11,8	-1,199334E+06	2,994014E+02	4,894946E+01	5,568179E+03
11,805	-1,199335E+06	3,266353E+02	4,903359E+01	5,568179E+03
11,81	-1,199334E+06	3,275414E+02	4,970340E+01	5,568179E+03
11,815	-1,199334E+06	3,204916E+02	5,049173E+01	5,568179E+03
11,82	-1,199335E+06	3,430292E+02	5,071629E+01	5,568179E+03
11,825	-1,199335E+06	3,486013E+02	5,034237E+01	5,568179E+03
11,83	-1,199334E+06	3,155306E+02	4,936683E+01	5,568179E+03
11,835	-1,199334E+06	3,157565E+02	4,827457E+01	5,568179E+03
11,84	-1,199335E+06	3,431755E+02	4,814377E+01	5,568179E+03
11,845	-1,199334E+06	3,361114E+02	4,905961E+01	5,568179E+03
11,85	-1,199334E+06	3,475271E+02	4,986401E+01	5,568179E+03
11,855	-1,199335E+06	3,414989E+02	5,069814E+01	5,568179E+03
11,86	-1,199333E+06	3,065328E+02	5,149259E+01	5,568179E+03
11,865	-1,199334E+06	3,269210E+02	5,157495E+01	5,568179E+03
11,87	-1,199334E+06	3,458970E+02	5,170176E+01	5,568179E+03
11,875	-1,199334E+06	3,482134E+02	5,157854E+01	5,568179E+03
11,88	-1,199334E+06	3,546892E+02	5,087160E+01	5,568179E+03
11,885	-1,199334E+06	3,402966E+02	5,049486E+01	5,568179E+03
11,89	-1,199334E+06	3,470948E+02	5,027138E+01	5,568179E+03
11,895	-1,199335E+06	3,654443E+02	5,006461E+01	5,568179E+03
11,9	-1,199333E+06	3,460441E+02	5,040253E+01	5,568179E+03
11,905	-1,199334E+06	3,585071E+02	5,069836E+01	5,568179E+03
11,91	-1,199334E+06	3,741523E+02	5,098743E+01	5,568179E+03
11,915	-1,199334E+06	3,554765E+02	5,165860E+01	5,568179E+03
11,92	-1,199334E+06	3,604064E+02	5,215150E+01	5,568179E+03
11,925	-1,199334E+06	3,744537E+02	5,226485E+01	5,568179E+03
11,93	-1,199333E+06	3,361585E+02	5,271252E+01	5,568179E+03
11,935	-1,199333E+06	3,422189E+02	5,259269E+01	5,568179E+03
11,94	-1,199334E+06	3,734979E+02	5,211249E+01	5,568179E+03
11,945	-1,199333E+06	3,688546E+02	5,203675E+01	5,568179E+03
11,95	-1,199334E+06	3,700868E+02	5,164450E+01	5,568179E+03
11,955	-1,199334E+06	3,629280E+02	5,145197E+01	5,568179E+03
11,96	-1,199333E+06	3,539763E+02	5,151611E+01	5,568179E+03
11,965	-1,199334E+06	3,820482E+02	5,105426E+01	5,568179E+03
11,97	-1,199334E+06	3,926353E+02	5,083600E+01	5,568179E+03
11,975	-1,199333E+06	3,581299E+02	5,067693E+01	5,568179E+03
11,98	-1,199334E+06	3,750097E+02	4,977576E+01	5,568179E+03
11,985	-1,199334E+06	3,848236E+02	4,976783E+01	5,568179E+03
11,99	-1,199333E+06	3,684224E+02	5,059985E+01	5,568179E+03
11,995	-1,199334E+06	3,899392E+02	5,136375E+01	5,568179E+03
12,0	-1,199333E+06	3,877765E+02	5,291152E+01	5,568179E+03
12,005	-1,199334E+06	4,064167E+02	5,369341E+01	5,568179E+03
12,01	-1,199333E+06	3,883796E+02	5,411229E+01	5,568179E+03
12,015	-1,199333E+06	3,873091E+02	5,490635E+01	5,568179E+03
12,02	-1,199333E+06	4,020354E+02	5,535612E+01	5,568179E+03
12,025	-1,199333E+06	4,021489E+02	5,535972E+01	5,568179E+03
12,03	-1,199334E+06	4,199854E+02	5,499653E+01	5,568179E+03
12,035	-1,199332E+06	3,848137E+02	5,441737E+01	5,568179E+03
12,04	-1,199333E+06	3,871144E+02	5,356257E+01	5,568179E+03
12,045	-1,199333E+06	3,821870E+02	5,364708E+01	5,568179E+03
12,05	-1,199333E+06	4,016828E+02	5,342546E+01	5,568179E+03
12,055	-1,199334E+06	4,286168E+02	5,263162E+01	5,568179E+03
12,06	-1,199332E+06	3,964940E+02	5,248705E+01	5,568179E+03
12,065	-1,199334E+06	4,226551E+02	5,173288E+01	5,568179E+03
12,07	-1,199332E+06	4,017453E+02	5,154162E+01	5,568179E+03
12,075	-1,199333E+06	4,037755E+02	5,166907E+01	5,568179E+03
12,08	-1,199333E+06	4,258854E+02	5,169444E+01	5,568179E+03
12,085	-1,199333E+06	4,192298E+02	5,149688E+01	5,568179E+03
12,09	-1,199333E+06	4,190142E+02	5,049100E+01	5,568179E+03
12,095	-1,199332E+06	4,030379E+02	4,962873E+01	5,568179E+03
12,1	-1,199333E+06	4,029204E+02	4,909254E+01	5,568179E+03
12,105	-1,199332E+06	4,189580E+02	4,877399E+01	5,568179E+03
12,11	-1,199333E+06	4,358908E+02	4,857752E+01	5,568179E+03
12,115	-1,199332E+06	4,284515E+02	4,877780E+01	5,568179E+03
12,12	-1,199332E+06	4,248783E+02	4,973710E+01	5,568179E+03
12,125	-1,199332E+06	4,206785E+02	5,085702E+01	5,568179E+03
12,13	-1,199333E+06	4,406494E+02	5,136638E+01	5,568179E+03
12,135	-1,199332E+06	4,297797E+02	5,164151E+01	5,568179E+03
12,14	-1,199332E+06	4,333690E+02	5,115205E+01	5,568179E+03
12,145	-1,199333E+06	4,641451E+02	5,088659E+01	5,568179E+03
12,15	-1,199332E+06	4,523313E+02	5,087992E+01	5,568179E+03
12,155	-1,199332E+06	4,363025E+02	5,023885E+01	5,568179E+03
12,16	-1,199332E+06	4,239636E+02	4,948657E+01	5,568179E+03
12,165	-1,199332E+06	4,309453E+02	4,822878E+01	5,568179E+03
12,17	-1,199333E+06	4,534858E+02	4,771812E+01	5,568179E+03
12,175	-1,199332E+06	4,382877E+02	4,834325E+01	5,568179E+03
12,18	-1,199332E+06	4,528273E+02	4,825446E+01	5,568179E+03
12,185	-1,199332E+06	4,614960E+02	4,913764E+01	5,568179E+03
12,19	-1,199332E+06	4,689477E+02	5,050094E+01	5,568179E+03
12,195	-1,199332E+06	4,717198E+02	5,143151E+01	5,568179E+03
12,2	-1,199331E+06	4,553079E+02	5,187827E+01	5,568179E+03
12,205	-1,199332E+06	4,719628E+02	5,092808E+01	5,568179E+03
12,21	-1,199332E+06	4,691508E+02	5,055205E+01	5,568179E+03
12,215	-1,199331E+06	4,601373E+02	5,085173E+01	5,568179E+03
12,22	-1,199333E+06	4,898591E+02	5,034210E+01	5,568179E+03
12,225	-1,199331E+06	4,589712E+02	5,040336E+01	5,568179E+03
12,23	-1,199331E+06	4,644912E+02	4,999787E+01	5,568179E+03
12,235	-1,199333E+06	5,057872E+02	4,965632E+01	5,568179E+03
12,24	-1,199331E+06	4,715696E+02	5,075784E+01	5,568179E+03
12,245	-1,199332E+06	4,805313E+02	5,075378E+01	5,568179E+03
12,25	-1,199331E+06	4,570036E+02	5,040658E+01	5,568179E+03
12,255	-1,199332E+06	4,636631E+02	4,940147E+01	5,568179E+03
12,26	-1,199331E+06	4,516917E+02	4,864751E+01	5,568179E+03
12,265	-1,199331E+06	4,622108E+02	4,891104E+01	5,568179E+03
12,27	-1,199333E+06	5,209460E+02	4,878743E+01	5,568179E+03
12,275	-1,199331E+06	4,888927E+02	4,870261E+01	5,568179E+03
12,28	-1,199332E+06	5,015059E+02	4,819765E+01	5,568179E+03
12,285	-1,199331E+06	5,015551E+02	4,841582E+01	5,568179E+03
12,29	-1,199331E+06	5,036887E+02	4,921285E+01	5,568179E+03
12,295	-1,199332E+06	4,890338E+02	4,963857E+01	5,568179E+03
12,3	-1,199330E+06	4,366695E+02	5,007382E+01	5,568179E+03
12,305	-1,199332E+06	4,982999E+02	4,964625E+01	5,568179E+03
12,31	-1,199332E+06	5,153161E+02	4,960785E+01	5,568179E+03
12,315	-1,199331E+06	5,005796E+02	5,004008E+01	5,568179E+03
12,32	-1,199331E+06	5,057041E+02	5,026583E+01	5,568179E+03
12,325	-1,199331E+06	5,024975E+02	5,058828E+01	5,568179E+03
12,33	-1,199331E+06	4,980805E+02	5,105238E+01	5,568179E+03
12,335	-1,199331E+06	5,192366E+02	5,135856E+01	5,568179E+03
12,34	-1,199331E+06	5,357828E+02	5,129168E+01	5,568179E+03
12,345	-1,199331E+06	5,239383E+02	5,087165E+01	5,568179E+03
12,35	-1,199331E+06	5,253798E+02	5,024547E+01	5,568179E+03
12,355	-1,199331E+06	5,100644E+02	4,977589E+01	5,568179E+03
12,36	-1,199331E+06	5,003429E+02	4,909337E+01	5,568179E+03
12,365	-1,199331E+06	4,981247E+02	4,841027E+01	5,568179E+03
12,37	-1,199331E+06	5,214605E+02	4,846186E+01	5,568179E+03
12,375	-1,199331E+06	5,419396E+02	4,942158E+01	5,568179E+03
12,38	-1,199331E+06	5,433420E+02	4,971023E+01	5,568179E+03
12,385	-1,199331E+06	5,305162E+02	4,944738E+01	5,568179E+03
12,39	-1,199330E+06	4,984584E+02	4,921640E+01	5,568179E+03
12,395	-1,199331E+06	5,323782E+02	4,795270E+01	5,568179E+03
12,4	-1,199330E+06	5,202426E+02	4,777950E+01	5,568179E+03
12,405	-1,199330E+06	5,138345E+02	4,832143E+01	5,568179E+03
12,41	-1,199331E+06	5,489865E+02	4,850794E+01	5,568179E+03
12,415	-1,199331E+06	5,547915E+02	4,879160E+01	5,568179E+03
12,42	-1,199330E+06	5,358833E+02	4,834285E+01	5,568179E+03
12,425	-1,199331E+06	5,449446E+02	4,754681E+01	5,568179E+03
12,43	-1,199330E+06	5,416140E+02	4,841768E+01	5,568179E+03
12,435	-1,199330E+06	5,372001E+02	4,981071E+01	5,568179E+03
12,44	-1,199330E+06	5,383047E+02	5,105815E+01	5,568179E+03
12,445	-1,199330E+06	5,566857E+02	5,199716E+01	5,568179E+03
12,45	-1,199331E+06	5,745141E+02	5,235175E+01	5,568179E+03
12,455	-1,199330E+06	5,769386E+02	5,307686E+01	5,568179E+03
12,46	-1,199331E+06	5,969424E+02	5,337577E+01	5,568179E+03
12,465	-1,199330E+06	5,636904E+02	5,272510E+01	5,568179E+03
12,47	-1,199330E+06	5,313457E+02	5,099184E+01	5,568179E+03
12,475	-1,199330E+06	5,398305E+02	4,926217E+01	5,568179E+03
12,48	-1,199330E+06	5,456896E+02	4,839719E+01	5,568179E+03
12,485	-1,199331E+06	5,606064E+02	4,774933E+01	5,568179E+03
12,49	-1,199329E+06	5,317274E+02	4,825024E+01	5,568179E+03
12,495	-1,199330E+06	5,730921E+02	4,855007E+01	5,568179E+03
12,5	-1,199330E+06	5,914372E+02	4,895553E+01	5,568179E+03
12,505	-1,199330E+06	5,747849E+02	4,945363E+01	5,568179E+03
12,51	-1,199330E+06	5,867682E+02	4,942752E+01	5,568179E+03
12,515	-1,199330E+06	5,798030E+02	4,964203E+01	5,568179E+03
12,52	-1,199330E+06	5,653613E+02	4,982320E+01	5,568179E+03
12,525	-1,199330E+06	5,719565E+02	4,917350E+01	5,568179E+03
12,53	-1,199330E+06	5,729531E+02	4,843411E+01	5,568179E+03
12,535	-1,199329E+06	5,655228E+02	4,823909E+01	5,568179E+03
12,54	-1,199330E+06	5,742366E+02	4,807909E+01	5,568179E+03
12,545	-1,199329E+06	5,716410E+02	4,925618E+01	5,568179E+03
12,55	-1,199330E+06	5,968796E+02	5,078706E+01	5,568179E+03
12,555	-1,199330E+06	6,136939E+02	5,021287E+01	5,568179E+03
12,56	-1,199330E+06	5,857996E+02	4,939331E+01	5,568179E+03
12,565	-1,199329E+06	5,788707E+02	4,985324E+01	5,568179E+03
12,57	-1,199331E+06	6,418613E+02	4,927195E+01	5,568179E+03
12,575	-1,199329E+06	5,789785E+02	4,947053E+01	5,568179E+03
12,58	-1,199328E+06	5,478313E+02	4,954086E+01	5,568179E+03
12,585	-1,199331E+06	6,167748E+02	4,848476E+01	5,568179E+03
12,59	-1,199329E+06	6,061887E+02	4,816158E+01	5,568179E+03
12,595	-1,199329E+06	6,116333E+02	4,712843E+01	5,568179E+03
12,6	-1,199330E+06	6,457323E+02	4,681320E+01	5,568179E+03
12,605	-1,199329E+06	6,034994E+02	4,800096E+01	5,568179E+03
12,61	-1,199329E+06	5,931856E+02	4,785892E+01	5,568179E+03
12,615	-1,199330E+06	6,147885E+02	4,722966E+01	5,568179E+03
12,62	-1,199329E+06	5,830216E+02	4,735208E+01	5,568179E+03
12,625	-1,199329E+06	5,924577E+02	4,728403E+01	5,568179E+03
12,63	-1,199330E+06	6,209349E+02	4,799623E+01	5,568179E+03
12,635	-1,199329E+06	6,080387E+02	4,953160E+01	5,568179E+03
12,64	-1,199329E+06	6,272118E+02	4,971105E+01	5,568179E+03
12,645	-1,199330E+06	6,655938E+02	4,873176E+01	5,568179E+03
12,65	-1,199330E+06	6,318264E+02	4,830752E+01	5,568179E+03
12,655	-1,199328E+06	5,924140E+02	4,807736E+01	5,568179E+03
12,66	-1,199331E+06	6,540771E+02	4,728511E+01	5,568179E+03
12,665	-1,199329E+06	6,218559E+02	4,741048E+01	5,568179E+03
12,67	-1,199329E+06	6,162642E+02	4,675151E+01	5,568179E+03
12,675	-1,199330E+06	6,303851E+02	4,600168E+01	5,568179E+03
12,68	-1,199328E+06	5,711776E+02	4,665349E+01	5,568179E+03
12,685	-1,199330E+06	6,220312E+02	4,703592E+01	5,568179E+03
12,69	-1,199330E+06	6,629538E+02	4,801921E+01	5,568179E+03
12,695	-1,199329E+06	6,473972E+02	4,848848E+01	5,568179E+03
12,7	-1,199329E+06	6,439170E+02	4,688588E+01	5,568179E+03
12,705	-1,199329E+06	6,334497E+02	4,491525E+01	5,568179E+03
12,71	-1,199329E+06	6,170240E+02	4,386833E+01	5,568179E+03
12,715	-1,199329E+06	6,403561E+02	4,307396E+01	5,568179E+03
12,72	-1,199329E+06	6,354967E+02	4,311159E+01	5,568179E+03
12,725	-1,199328E+06	6,045599E+02	4,432909E+01	5,568179E+03
12,73	-1,199329E+06	6,403184E+02	4,559335E+01	5,568179E+03
12,735	-1,199330E+06	6,754803E+02	4,714712E+01	5,568179E+03
12,74	-1,199329E+06	6,462362E+02	4,868085E+01	5,568179E+03
12,745	-1,199329E+06	6,341948E+02	4,830656E+01	5,568179E+03
12,75	-1,199329E+06	6,288182E+02	4,781539E+01	5,568179E+03
12,755	-1,199329E+06	6,394029E+02	4,896430E+01	5,568179E+03
12,76	-1,199330E+06	6,846642E+02	4,898756E+01	5,568179E+03
12,765	-1,199330E+06	6,806602E+02	4,813792E+01	5,568179E+03
12,77	-1,199328E+06	6,291021E+02	4,790559E+01	5,568179E+03
12,775	-1,199329E+06	6,338020E+02	4,645711E+01	5,568179E+03
12,78	-1,199330E+06	6,717196E+02	4,570288E+01	5,568179E+03
12,785	-1,199328E+06	6,560405E+02	4,747279E+01	5,568179E+03
12,79	-1,199330E+06	6,731444E+02	4,757236E+01	5,568179E+03
12,795	-1,199329E+06	6,502928E+02	4,701245E+01	5,568179E+03
12,8	-1,199328E+06	6,189990E+02	4,719919E+01	5,568179E+03
12,805	-1,199330E+06	6,751129E+02	4,565917E+01	5,568179E+03
12,81	-1,199329E+06	6,573124E+02	4,479093E+01	5,568179E+03
12,815	-1,199329E+06	6,585560E+02	4,430433E+01	5,568179E+03
12,82	-1,199329E+06	6,607682E+02	4,309783E+01	5,568179E+03
12,825	-1,199328E+06	6,360552E+02	4,345060E+01	5,568179E+03
12,83	-1,199329E+06	6,479508E+02	4,458832E+01	5,568179E+03
12,835	-1,199329E+06	6,551190E+02	4,533081E+01	5,568179E+03
12,84	-1,199329E+06	6,623610E+02	4,731761E+01	5,568179E+03
12,845	-1,199328E+06	6,554688E+02	4,978878E+01	5,568179E+03
12,85	-1,199329E+06	6,778416E+02	5,115603E+01	5,568179E+03
12,855	-1,199329E+06	6,750294E+02	5,281189E+01	5,568179E+03
12,86	-1,199328E+06	6,612618E+02	5,292242E+01	5,568179E+03
12,865	-1,199330E+06	6,900677E+02	5,092495E+01	5,568179E+03
12,87	-1,199329E+06	6,699799E+02	4,988502E+01	5,568179E+03
12,875	-1,199328E+06	6,560356E+02	4,859708E+01	5,568179E+03
12,88	-1,199329E+06	6,823106E+02	4,658003E+01	5,568179E+03
12,885	-1,199329E+06	6,663259E+02	4,519845E+01	5,568179E+03
12,89	-1,199329E+06	6,761050E+02	4,389499E+01	5,568179E+03
12,895	-1,199329E+06	6,918131E+02	4,380661E+01	5,568179E+03
12,9	-1,199328E+06	6,708634E+02	4,436612E+01	5,568179E+03
12,905	-1,199329E+06	6,934246E+02	4,368031E+01	5,568179E+03
12,91	-1,199329E+06	6,752768E+02	4,369049E+01	5,568179E+03
12,915	-1,199329E+06	6,509739E+02	4,435637E+01	5,568179E+03
12,92	-1,199329E+06	6,398800E+02	4,526805E+01	5,568179E+03
12,925	-1,199329E+06	6,462524E+02	4,646884E+01	5,568179E+03
12,93	-1,199329E+06	6,600625E+02	4,703125E+01	5,568179E+03
12,935	-1,199329E+06	6,905262E+02	4,604833E+01	5,568179E+03
12,94	-1,199329E+06	6,971537E+02	4,503277E+01	5,568179E+03
12,945	-1,199328E+06	6,580217E+02	4,455506E+01	5,568179E+03
12,95	-1,199329E+06	6,373266E+02	4,364326E+01	5,568179E+03
12,955	-1,199329E+06	6,169459E+02	4,400993E+01	5,568179E+03
12,96	-1,199328E+06	6,344305E+02	4,466481E+01	5,568179E+03
12,965	-1,199330E+06	6,915862E+02	4,469321E+01	5,568179E+03
12,97	-1,199329E+06	6,957987E+02	4,614078E+01	5,568179E+03
12,975	-1,199329E+06	7,050103E+02	4,660155E+01	5,568179E+03
12,98	-1,199329E+06	6,918655E+02	4,641780E+01	5,568179E+03
12,985	-1,199329E+06	6,745761E+02	4,671655E+01	5,568179E+03
12,99	-1,199329E+06	6,586256E+02	4,513267E+01	5,568179E+03
12,995	-1,199328E+06	6,401170E+02	4,339726E+01	5,568179E+03
13,0	-1,199329E+06	6,607617E+02	4,304990E+01	5,568179E+03
13,005	-1,199329E+06	6,897005E+02	4,277874E+01	5,568179E+03
13,01	-1,199330E+06	7,145614E+02	4,343542E+01	5,568179E+03
13,015	-1,199329E+06	7,036453E+02	4,515324E+01	5,568179E+03
13,02	-1,199330E+06	6,916689E+02	4,660946E+01	5,568179E+03
13,025	-1,199329E+06	6,587316E+02	4,871578E+01	5,568179E+03
13,03	-1,199329E+06	6,717196E+02	5,041151E+01	5,568179E+03
13,035	-1,199330E+06	7,010475E+02	5,114971E+01	5,568179E+03
13,04	-1,199329E+06	6,820248E+02	5,201061E+01	5,568179E+03
13,045	-1,199329E+06	6,724765E+02	5,195062E+01	5,568179E+03
13,05	-1,199329E+06	6,689158E+02	5,080317E+01	5,568179E+03
13,055	-1,199329E+06	6,676440E+02	4,938762E+01	5,568179E+03
13,06	-1,199330E+06	7,220037E+02	4,773328E+01	5,568179E+03
13,065	-1,199330E+06	7,302121E+02	4,663026E+01	5,568179E+03
13,07	-1,199329E+06	6,672095E+02	4,542802E+01	5,568179E+03
13,075	-1,199329E+06	6,282912E+02	4,394701E+01	5,568179E+03
13,08	-1,199330E+06	6,516564E+02	4,400864E+01	5,568179E+03
13,085	-1,199329E+06	6,594891E+02	4,633913E+01	5,568179E+03
13,09	-1,199330E+06	7,158984E+02	4,802746E+01	5,568179E+03
13,095	-1,199330E+06	7,004172E+02	4,938633E+01	5,568179E+03
13,1	-1,199329E+06	6,638753E+02	5,048591E+01	5,568179E+03
13,105	-1,199330E+06	6,917196E+02	5,017550E+01	5,568179E+03
13,11	-1,199329E+06	6,636382E+02	5,039899E+01	5,568179E+03
13,115	-1,199329E+06	6,702459E+02	5,025453E+01	5,568179E+03
13,12	-1,199331E+06	7,080496E+02	4,822649E+01	5,568179E+03
13,125	-1,199329E+06	6,547458E+02	4,620899E+01	5,568179E+03
13,13	-1,199329E+06	6,188015E+02	4,386866E+01	5,568179E+03
13,135	-1,199330E+06	6,629264E+02	4,180530E+01	5,568179E+03
13,14	-1,199329E+06	6,602101E+02	4,304882E+01	5,568179E+03
13,145	-1,199330E+06	6,939682E+02	4,446180E+01	5,568179E+03
13,15	-1,199330E+06	6,895093E+02	4,513808E+01	5,568179E+03
13,155	-1,199329E+06	6,432442E+02	4,704443E+01	5,568179E+03
13,16	-1,199331E+06	6,803555E+02	4,820867E+01	5,568179E+03
13,165	-1,199329E+06	6,514330E+02	4,910784E+01	5,568179E+03
13,17	-1,199330E+06	6,617923E+02	4,979531E+01	5,568179E+03
13,175	-1,199331E+06	6,786979E+02	4,986744E+01	5,568179E+03
13,18	-1,199329E+06	6,302601E+02	5,003144E+01	5,568179E+03
13,185	-1,199330E+06	6,559640E+02	4,997004E+01	5,568179E+03
13,19	-1,199330E+06	6,937784E+02	4,938586E+01	5,568179E+03
13,195	-1,199332E+06	7,133286E+02	4,886024E+01	5,568179E+03
13,2	-1,199328E+06	6,319097E+02	5,019134E+01	5,568179E+03
13,205	-1,199332E+06	6,986177E+02	5,085022E+01	5,568179E+03
13,21	-1,199330E+06	6,718097E+02	5,228373E+01	5,568179E+03
13,215	-1,199329E+06	6,439462E+02	5,240983E+01	5,568179E+03
13,22	-1,199332E+06	7,146510E+02	5,143522E+01	5,568179E+03
13,225	-1,199329E+06	6,540633E+02	5,241316E+01	5,568179E+03
13,23	-1,199331E+06	7,058335E+02	5,197114E+01	5,568179E+03
13,235	-1,199331E+06	7,018220E+02	5,157932E+01	5,568179E+03
13,24	-1,199329E+06	6,309997E+02	5,068349E+01	5,568179E+03
13,245	-1,199331E+06	6,509752E+02	4,794206E+01	5,568179E+03
13,25	-1,199331E+06	6,407634E+02	4,641843E+01	5,568179E+03
13,255	-1,199329E+06	6,048555E+02	4,630773E+01	5,568179E+03
13,26	-1,199331E+06	6,400996E+02	4,679167E+01	5,568179E+03
13,265	-1,199331E+06	6,527899E+02	4,848224E+01	5,568179E+03
13,27	-1,199330E+06	6,299342E+02	5,008818E+01	5,568179E+03
13,275	-1,199330E+06	6,448960E+02	5,133237E+01	5,568179E+03
13,28	-1,199331E+06	6,553732E+02	5,230855E+01	5,568179E+03
13,285	-1,199330E+06	6,430892E+02	5,208089E+01	5,568179E+03
13,29	-1,199331E+06	6,608781E+02	5,089706E+01	5,568179E+03
13,295	-1,199331E+06	6,701088E+02	5,059990E+01	5,568179E+03
13,3	-1,199330E+06	6,408902E+02	5,130355E+01	5,568179E+03
13,305	-1,199330E+06	6,377226E+02	5,164451E+01	5,568179E+03
13,31	-1,199330E+06	6,347701E+02	5,237375E+01	5,568179E+03
13,315	-1,199330E+06	6,452377E+02	5,226600E+01	5,568179E+03
13,32	-1,199331E+06	6,797805E+02	5,196897E+01	5,568179E+03
13,325	-1,199330E+06	6,448497E+02	5,335260E+01	5,568179E+03
13,33	-1,199331E+06	6,563718E+02	5,288778E+01	5,568179E+03
