#t	totalEnergy 	temperature  	pressure 	volume 		PtensXX 	PtensXY 	PtensXZ 	PtensYX 	PtensYY 	PtensYZ 	PtensZX 	PtensZY 	PtensZZ
0.0	-1.199285E+06	2.999996E+02	1.677610E+01	5.568179E+03
0.005	-1.199295E+06	5.448857E+02	2.407795E+01	5.568179E+03
0.01	-1.199293E+06	6.749695E+02	3.897321E+01	5.568179E+03
0.015	-1.199291E+06	7.348264E+02	5.108535E+01	5.568179E+03
0.02	-1.199295E+06	8.125736E+02	5.982092E+01	5.568179E+03
0.025	-1.199290E+06	6.895852E+02	6.536307E+01	5.568179E+03
0.03	-1.199292E+06	7.026947E+02	6.885575E+01	5.568179E+03
0.035	-1.199293E+06	7.060639E+02	6.981475E+01	5.568179E+03
0.04	-1.199291E+06	6.616822E+02	6.755341E+01	5.568179E+03
0.045	-1.199293E+06	6.987655E+02	6.256314E+01	5.568179E+03
0.05	-1.199291E+06	6.682358E+02	5.512597E+01	5.568179E+03
0.055	-1.199292E+06	6.746156E+02	4.946329E+01	5.568179E+03
0.06	-1.199293E+06	6.947648E+02	4.645262E+01	5.568179E+03
0.065	-1.199292E+06	6.646455E+02	4.468691E+01	5.568179E+03
0.07	-1.199292E+06	6.509653E+02	4.482073E+01	5.568179E+03
0.075	-1.199293E+06	7.157823E+02	4.455612E+01	5.568179E+03
0.08	-1.199294E+06	7.223031E+02	4.623389E+01	5.568179E+03
0.085	-1.199290E+06	6.591529E+02	5.071616E+01	5.568179E+03
0.09	-1.199294E+06	7.638916E+02	5.342846E+01	5.568179E+03
0.095	-1.199292E+06	7.346636E+02	5.677531E+01	5.568179E+03
0.1	-1.199291E+06	6.852545E+02	5.875952E+01	5.568179E+03
0.105	-1.199294E+06	7.071691E+02	5.833663E+01	5.568179E+03
0.11	-1.199290E+06	6.191482E+02	5.904503E+01	5.568179E+03
0.115	-1.199293E+06	6.723814E+02	5.847024E+01	5.568179E+03
0.12	-1.199293E+06	6.842492E+02	5.723076E+01	5.568179E+03
0.125	-1.199292E+06	6.585411E+02	5.515923E+01	5.568179E+03
0.13	-1.199293E+06	6.583412E+02	5.150792E+01	5.568179E+03
0.135	-1.199292E+06	6.187281E+02	4.731859E+01	5.568179E+03
0.14	-1.199292E+06	6.163237E+02	4.407924E+01	5.568179E+03
0.145	-1.199293E+06	6.692905E+02	4.311417E+01	5.568179E+03
0.15	-1.199292E+06	6.637741E+02	4.358938E+01	5.568179E+03
0.155	-1.199292E+06	6.806337E+02	4.326271E+01	5.568179E+03
0.16	-1.199293E+06	7.054801E+02	4.172755E+01	5.568179E+03
0.165	-1.199292E+06	6.660939E+02	4.111249E+01	5.568179E+03
0.17	-1.199292E+06	6.505500E+02	4.479807E+01	5.568179E+03
0.175	-1.199293E+06	6.736792E+02	4.850327E+01	5.568179E+03
0.18	-1.199291E+06	6.321662E+02	5.088018E+01	5.568179E+03
0.185	-1.199293E+06	6.564317E+02	5.283148E+01	5.568179E+03
0.19	-1.199291E+06	6.340888E+02	5.247389E+01	5.568179E+03
0.195	-1.199293E+06	6.649039E+02	5.249900E+01	5.568179E+03
0.2	-1.199293E+06	6.705809E+02	5.318035E+01	5.568179E+03
0.205	-1.199291E+06	6.529832E+02	5.079213E+01	5.568179E+03
0.21	-1.199294E+06	7.228679E+02	4.700913E+01	5.568179E+03
0.215	-1.199292E+06	6.684787E+02	4.242435E+01	5.568179E+03
0.22	-1.199292E+06	6.473582E+02	3.962360E+01	5.568179E+03
0.225	-1.199293E+06	6.723478E+02	4.193326E+01	5.568179E+03
0.23	-1.199292E+06	6.569316E+02	4.478392E+01	5.568179E+03
0.235	-1.199293E+06	6.701943E+02	4.651791E+01	5.568179E+03
0.24	-1.199293E+06	6.918666E+02	4.763029E+01	5.568179E+03
0.245	-1.199292E+06	6.714214E+02	4.877061E+01	5.568179E+03
0.25	-1.199292E+06	6.628784E+02	5.100088E+01	5.568179E+03
0.255	-1.199293E+06	6.657708E+02	5.270176E+01	5.568179E+03
0.26	-1.199292E+06	6.064593E+02	5.334055E+01	5.568179E+03
0.265	-1.199292E+06	6.323579E+02	5.233217E+01	5.568179E+03
0.27	-1.199293E+06	6.802020E+02	5.012150E+01	5.568179E+03
0.275	-1.199292E+06	6.675801E+02	4.756996E+01	5.568179E+03
0.28	-1.199294E+06	6.944149E+02	4.504621E+01	5.568179E+03
0.285	-1.199292E+06	6.444877E+02	4.421447E+01	5.568179E+03
0.29	-1.199293E+06	6.314759E+02	4.257280E+01	5.568179E+03
0.295	-1.199294E+06	6.432315E+02	4.032170E+01	5.568179E+03
0.3	-1.199292E+06	6.049919E+02	3.977747E+01	5.568179E+03
0.305	-1.199292E+06	6.233755E+02	4.133527E+01	5.568179E+03
0.31	-1.199294E+06	6.829259E+02	4.563027E+01	5.568179E+03
0.315	-1.199293E+06	6.489393E+02	5.071499E+01	5.568179E+03
0.32	-1.199292E+06	6.134496E+02	5.375109E+01	5.568179E+03
0.325	-1.199294E+06	6.470127E+02	5.542048E+01	5.568179E+03
0.33	-1.199292E+06	6.085428E+02	5.664966E+01	5.568179E+03
0.335	-1.199293E+06	6.409266E+02	5.697224E+01	5.568179E+03
0.34	-1.199293E+06	6.448654E+02	5.692002E+01	5.568179E+03
0.345	-1.199292E+06	6.205870E+02	5.442228E+01	5.568179E+03
0.35	-1.199294E+06	6.449943E+02	4.983494E+01	5.568179E+03
0.355	-1.199292E+06	5.951093E+02	4.492210E+01	5.568179E+03
0.36	-1.199293E+06	6.127422E+02	4.113434E+01	5.568179E+03
0.365	-1.199294E+06	6.162917E+02	4.047672E+01	5.568179E+03
0.37	-1.199291E+06	5.747621E+02	4.056504E+01	5.568179E+03
0.375	-1.199294E+06	6.579741E+02	3.939653E+01	5.568179E+03
0.38	-1.199294E+06	6.711499E+02	3.788226E+01	5.568179E+03
0.385	-1.199293E+06	6.297002E+02	3.806132E+01	5.568179E+03
0.39	-1.199292E+06	6.014101E+02	4.241667E+01	5.568179E+03
0.395	-1.199294E+06	6.235894E+02	4.750019E+01	5.568179E+03
0.4	-1.199293E+06	6.168567E+02	5.171432E+01	5.568179E+03
0.405	-1.199293E+06	6.218402E+02	5.384245E+01	5.568179E+03
0.41	-1.199294E+06	6.359145E+02	5.513473E+01	5.568179E+03
0.415	-1.199293E+06	6.353606E+02	5.746593E+01	5.568179E+03
0.42	-1.199294E+06	6.445391E+02	5.758231E+01	5.568179E+03
0.425	-1.199293E+06	5.864961E+02	5.558378E+01	5.568179E+03
0.43	-1.199293E+06	5.936082E+02	5.183881E+01	5.568179E+03
0.435	-1.199294E+06	6.230976E+02	4.673067E+01	5.568179E+03
0.44	-1.199293E+06	5.949598E+02	4.337361E+01	5.568179E+03
0.445	-1.199293E+06	6.086151E+02	4.139229E+01	5.568179E+03
0.45	-1.199294E+06	6.168913E+02	3.923173E+01	5.568179E+03
0.455	-1.199293E+06	5.611138E+02	3.800842E+01	5.568179E+03
0.46	-1.199294E+06	5.719421E+02	3.664490E+01	5.568179E+03
0.465	-1.199294E+06	5.883486E+02	3.662850E+01	5.568179E+03
0.47	-1.199293E+06	5.629641E+02	3.975286E+01	5.568179E+03
0.475	-1.199294E+06	6.004673E+02	4.410837E+01	5.568179E+03
0.48	-1.199295E+06	6.280944E+02	4.905983E+01	5.568179E+03
0.485	-1.199293E+06	5.703184E+02	5.322732E+01	5.568179E+03
0.49	-1.199294E+06	5.837664E+02	5.405686E+01	5.568179E+03
0.495	-1.199294E+06	5.835124E+02	5.364901E+01	5.568179E+03
0.5	-1.199294E+06	5.857510E+02	5.236669E+01	5.568179E+03
0.505	-1.199295E+06	5.983031E+02	4.930323E+01	5.568179E+03
0.51	-1.199293E+06	5.644786E+02	4.589039E+01	5.568179E+03
0.515	-1.199294E+06	5.742547E+02	4.215787E+01	5.568179E+03
0.52	-1.199293E+06	5.653426E+02	3.932308E+01	5.568179E+03
0.525	-1.199294E+06	5.944978E+02	3.920681E+01	5.568179E+03
0.53	-1.199295E+06	6.143779E+02	4.162600E+01	5.568179E+03
0.535	-1.199293E+06	5.850170E+02	4.378007E+01	5.568179E+03
0.54	-1.199295E+06	6.102792E+02	4.425996E+01	5.568179E+03
0.545	-1.199294E+06	5.754595E+02	4.440057E+01	5.568179E+03
0.55	-1.199294E+06	5.469457E+02	4.477061E+01	5.568179E+03
0.555	-1.199295E+06	5.490312E+02	4.727294E+01	5.568179E+03
0.56	-1.199294E+06	5.427074E+02	5.003824E+01	5.568179E+03
0.565	-1.199295E+06	5.772847E+02	5.066627E+01	5.568179E+03
0.57	-1.199294E+06	5.652855E+02	4.965248E+01	5.568179E+03
0.575	-1.199294E+06	5.384603E+02	4.685017E+01	5.568179E+03
0.58	-1.199294E+06	5.473113E+02	4.538769E+01	5.568179E+03
0.585	-1.199295E+06	5.682497E+02	4.538425E+01	5.568179E+03
0.59	-1.199294E+06	5.645593E+02	4.455971E+01	5.568179E+03
0.595	-1.199294E+06	5.681512E+02	4.312213E+01	5.568179E+03
0.6	-1.199295E+06	5.786233E+02	4.063162E+01	5.568179E+03
0.605	-1.199294E+06	5.502069E+02	3.895940E+01	5.568179E+03
0.61	-1.199295E+06	5.492276E+02	3.993753E+01	5.568179E+03
0.615	-1.199295E+06	5.332708E+02	4.161477E+01	5.568179E+03
0.62	-1.199294E+06	5.089262E+02	4.289849E+01	5.568179E+03
0.625	-1.199295E+06	5.326087E+02	4.429735E+01	5.568179E+03
0.63	-1.199295E+06	5.359147E+02	4.511815E+01	5.568179E+03
0.635	-1.199295E+06	5.374916E+02	4.515763E+01	5.568179E+03
0.64	-1.199295E+06	5.384926E+02	4.550839E+01	5.568179E+03
0.645	-1.199295E+06	5.207056E+02	4.524066E+01	5.568179E+03
0.65	-1.199295E+06	5.225798E+02	4.371255E+01	5.568179E+03
0.655	-1.199295E+06	5.155323E+02	4.237200E+01	5.568179E+03
0.66	-1.199295E+06	5.299406E+02	4.112797E+01	5.568179E+03
0.665	-1.199295E+06	5.388351E+02	4.110199E+01	5.568179E+03
0.67	-1.199295E+06	5.327535E+02	4.221146E+01	5.568179E+03
0.675	-1.199296E+06	5.365695E+02	4.220109E+01	5.568179E+03
0.68	-1.199295E+06	5.211386E+02	4.149638E+01	5.568179E+03
0.685	-1.199295E+06	4.988570E+02	4.070254E+01	5.568179E+03
0.69	-1.199295E+06	4.802696E+02	4.117219E+01	5.568179E+03
0.695	-1.199296E+06	5.141792E+02	4.333436E+01	5.568179E+03
0.7	-1.199296E+06	5.315089E+02	4.520465E+01	5.568179E+03
0.705	-1.199295E+06	5.075779E+02	4.647305E+01	5.568179E+03
0.71	-1.199296E+06	5.105778E+02	4.719435E+01	5.568179E+03
0.715	-1.199295E+06	5.023827E+02	4.741533E+01	5.568179E+03
0.72	-1.199296E+06	5.324975E+02	4.788558E+01	5.568179E+03
0.725	-1.199296E+06	5.228234E+02	4.863556E+01	5.568179E+03
0.73	-1.199295E+06	5.013317E+02	4.844172E+01	5.568179E+03
0.735	-1.199296E+06	5.166179E+02	4.668797E+01	5.568179E+03
0.74	-1.199296E+06	5.017418E+02	4.458643E+01	5.568179E+03
0.745	-1.199296E+06	4.996937E+02	4.397003E+01	5.568179E+03
0.75	-1.199297E+06	4.961333E+02	4.440435E+01	5.568179E+03
0.755	-1.199295E+06	4.600624E+02	4.471544E+01	5.568179E+03
0.76	-1.199296E+06	4.788442E+02	4.482513E+01	5.568179E+03
0.765	-1.199296E+06	4.891308E+02	4.565016E+01	5.568179E+03
0.77	-1.199296E+06	5.107029E+02	4.698131E+01	5.568179E+03
0.775	-1.199297E+06	5.356600E+02	4.882322E+01	5.568179E+03
0.78	-1.199296E+06	4.983172E+02	5.095421E+01	5.568179E+03
0.785	-1.199296E+06	4.737029E+02	5.245808E+01	5.568179E+03
0.79	-1.199297E+06	4.857879E+02	5.283885E+01	5.568179E+03
0.795	-1.199296E+06	4.786064E+02	5.169972E+01	5.568179E+03
0.8	-1.199296E+06	4.642960E+02	4.978654E+01	5.568179E+03
0.805	-1.199296E+06	4.618854E+02	4.824033E+01	5.568179E+03
0.81	-1.199297E+06	4.738562E+02	4.696819E+01	5.568179E+03
0.815	-1.199296E+06	4.586322E+02	4.563723E+01	5.568179E+03
0.82	-1.199297E+06	4.589423E+02	4.379519E+01	5.568179E+03
0.825	-1.199297E+06	4.447032E+02	4.279585E+01	5.568179E+03
0.83	-1.199296E+06	4.350310E+02	4.323161E+01	5.568179E+03
0.835	-1.199297E+06	4.666058E+02	4.463711E+01	5.568179E+03
0.84	-1.199297E+06	4.665925E+02	4.676189E+01	5.568179E+03
0.845	-1.199297E+06	4.655947E+02	4.808406E+01	5.568179E+03
0.85	-1.199297E+06	4.619432E+02	4.855253E+01	5.568179E+03
0.855	-1.199297E+06	4.519656E+02	4.986990E+01	5.568179E+03
0.86	-1.199297E+06	4.511170E+02	5.197032E+01	5.568179E+03
0.865	-1.199297E+06	4.425882E+02	5.376973E+01	5.568179E+03
0.87	-1.199298E+06	4.686056E+02	5.424732E+01	5.568179E+03
0.875	-1.199298E+06	4.518084E+02	5.284403E+01	5.568179E+03
0.88	-1.199296E+06	4.035863E+02	5.109598E+01	5.568179E+03
0.885	-1.199298E+06	4.484012E+02	5.015498E+01	5.568179E+03
0.89	-1.199298E+06	4.485852E+02	4.972772E+01	5.568179E+03
0.895	-1.199297E+06	4.118701E+02	4.846448E+01	5.568179E+03
0.9	-1.199298E+06	4.307572E+02	4.639171E+01	5.568179E+03
0.905	-1.199298E+06	4.394116E+02	4.542069E+01	5.568179E+03
0.91	-1.199298E+06	4.500865E+02	4.584576E+01	5.568179E+03
0.915	-1.199298E+06	4.351356E+02	4.737978E+01	5.568179E+03
0.92	-1.199297E+06	4.261157E+02	4.945848E+01	5.568179E+03
0.925	-1.199298E+06	4.508599E+02	5.081004E+01	5.568179E+03
0.93	-1.199298E+06	4.400512E+02	5.123744E+01	5.568179E+03
0.935	-1.199297E+06	4.127202E+02	5.213084E+01	5.568179E+03
0.94	-1.199298E+06	4.262789E+02	5.328706E+01	5.568179E+03
0.945	-1.199298E+06	4.254799E+02	5.426236E+01	5.568179E+03
0.95	-1.199298E+06	4.007576E+02	5.488142E+01	5.568179E+03
0.955	-1.199298E+06	3.964338E+02	5.429505E+01	5.568179E+03
0.96	-1.199299E+06	4.160833E+02	5.323822E+01	5.568179E+03
0.965	-1.199298E+06	4.117667E+02	5.260548E+01	5.568179E+03
0.97	-1.199299E+06	4.405730E+02	5.120142E+01	5.568179E+03
0.975	-1.199299E+06	4.267550E+02	5.020655E+01	5.568179E+03
0.98	-1.199297E+06	3.906015E+02	4.943225E+01	5.568179E+03
0.985	-1.199299E+06	4.112498E+02	4.766032E+01	5.568179E+03
0.99	-1.199298E+06	3.829532E+02	4.672735E+01	5.568179E+03
0.995	-1.199298E+06	3.879243E+02	4.682552E+01	5.568179E+03
1.0	-1.199299E+06	4.003327E+02	4.808341E+01	5.568179E+03
1.005	-1.199298E+06	3.840631E+02	4.970935E+01	5.568179E+03
1.01	-1.199299E+06	3.934621E+02	5.031049E+01	5.568179E+03
1.015	-1.199298E+06	3.759011E+02	5.091109E+01	5.568179E+03
1.02	-1.199299E+06	4.011105E+02	5.163057E+01	5.568179E+03
1.025	-1.199299E+06	4.030898E+02	5.242737E+01	5.568179E+03
1.03	-1.199298E+06	3.652049E+02	5.252474E+01	5.568179E+03
1.035	-1.199299E+06	3.647235E+02	5.205063E+01	5.568179E+03
1.04	-1.199299E+06	3.795648E+02	5.139513E+01	5.568179E+03
1.045	-1.199299E+06	3.847561E+02	5.081734E+01	5.568179E+03
1.05	-1.199299E+06	3.889637E+02	5.150375E+01	5.568179E+03
1.055	-1.199299E+06	3.928104E+02	5.249319E+01	5.568179E+03
1.06	-1.199299E+06	3.898458E+02	5.248171E+01	5.568179E+03
1.065	-1.199299E+06	3.589574E+02	5.156880E+01	5.568179E+03
1.07	-1.199299E+06	3.575525E+02	5.040319E+01	5.568179E+03
1.075	-1.199299E+06	3.891426E+02	5.064786E+01	5.568179E+03
1.08	-1.199299E+06	3.865312E+02	5.159004E+01	5.568179E+03
1.085	-1.199299E+06	3.774804E+02	5.162012E+01	5.568179E+03
1.09	-1.199299E+06	3.550809E+02	5.161786E+01	5.568179E+03
1.095	-1.199299E+06	3.581565E+02	5.128579E+01	5.568179E+03
1.1	-1.199299E+06	3.552462E+02	5.164481E+01	5.568179E+03
1.105	-1.199299E+06	3.580135E+02	5.278001E+01	5.568179E+03
1.11	-1.199300E+06	3.654847E+02	5.364415E+01	5.568179E+03
1.115	-1.199299E+06	3.475995E+02	5.407742E+01	5.568179E+03
1.12	-1.199300E+06	3.685897E+02	5.308558E+01	5.568179E+03
1.125	-1.199299E+06	3.671769E+02	5.196692E+01	5.568179E+03
1.13	-1.199299E+06	3.653466E+02	5.130101E+01	5.568179E+03
1.135	-1.199300E+06	3.691037E+02	5.040596E+01	5.568179E+03
1.14	-1.199299E+06	3.237030E+02	5.006506E+01	5.568179E+03
1.145	-1.199299E+06	3.329164E+02	4.989198E+01	5.568179E+03
1.15	-1.199300E+06	3.525834E+02	4.993876E+01	5.568179E+03
1.155	-1.199299E+06	3.452331E+02	5.061979E+01	5.568179E+03
1.16	-1.199300E+06	3.650471E+02	5.206826E+01	5.568179E+03
1.165	-1.199300E+06	3.705371E+02	5.404280E+01	5.568179E+03
1.17	-1.199300E+06	3.556468E+02	5.499929E+01	5.568179E+03
1.175	-1.199300E+06	3.381503E+02	5.487475E+01	5.568179E+03
1.18	-1.199300E+06	3.366918E+02	5.392607E+01	5.568179E+03
1.185	-1.199300E+06	3.212641E+02	5.274901E+01	5.568179E+03
1.19	-1.199300E+06	3.124962E+02	5.201045E+01	5.568179E+03
1.195	-1.199300E+06	3.176161E+02	5.121471E+01	5.568179E+03
1.2	-1.199300E+06	3.095476E+02	5.056255E+01	5.568179E+03
1.205	-1.199300E+06	3.137673E+02	4.992736E+01	5.568179E+03
1.21	-1.199300E+06	3.229247E+02	4.954522E+01	5.568179E+03
1.215	-1.199300E+06	3.198718E+02	5.075226E+01	5.568179E+03
1.22	-1.199300E+06	3.304208E+02	5.235247E+01	5.568179E+03
1.225	-1.199300E+06	3.297896E+02	5.356148E+01	5.568179E+03
1.23	-1.199300E+06	3.181763E+02	5.441021E+01	5.568179E+03
1.235	-1.199300E+06	3.315855E+02	5.404987E+01	5.568179E+03
1.24	-1.199300E+06	3.224084E+02	5.398123E+01	5.568179E+03
1.245	-1.199300E+06	3.165971E+02	5.433938E+01	5.568179E+03
1.25	-1.199300E+06	3.261871E+02	5.427332E+01	5.568179E+03
1.255	-1.199300E+06	3.273940E+02	5.414182E+01	5.568179E+03
1.26	-1.199300E+06	3.181144E+02	5.364599E+01	5.568179E+03
1.265	-1.199300E+06	3.140243E+02	5.370440E+01	5.568179E+03
1.27	-1.199300E+06	3.157865E+02	5.498802E+01	5.568179E+03
1.275	-1.199300E+06	3.010196E+02	5.601692E+01	5.568179E+03
1.28	-1.199300E+06	3.071546E+02	5.588387E+01	5.568179E+03
1.285	-1.199300E+06	3.002091E+02	5.531064E+01	5.568179E+03
1.29	-1.199300E+06	2.970724E+02	5.456153E+01	5.568179E+03
1.295	-1.199301E+06	3.125073E+02	5.427970E+01	5.568179E+03
1.3	-1.199301E+06	3.088921E+02	5.434578E+01	5.568179E+03
1.305	-1.199300E+06	2.898986E+02	5.371721E+01	5.568179E+03
1.31	-1.199300E+06	2.862943E+02	5.286521E+01	5.568179E+03
1.315	-1.199301E+06	2.962852E+02	5.272472E+01	5.568179E+03
1.32	-1.199300E+06	2.911531E+02	5.334589E+01	5.568179E+03
1.325	-1.199301E+06	3.039493E+02	5.450176E+01	5.568179E+03
1.33	-1.199301E+06	2.978923E+02	5.595308E+01	5.568179E+03
1.335	-1.199300E+06	2.825941E+02	5.675240E+01	5.568179E+03
1.34	-1.199301E+06	2.828670E+02	5.713772E+01	5.568179E+03
1.345	-1.199300E+06	2.707087E+02	5.765965E+01	5.568179E+03
1.35	-1.199301E+06	2.832988E+02	5.774141E+01	5.568179E+03
1.355	-1.199301E+06	2.748688E+02	5.778394E+01	5.568179E+03
1.36	-1.199301E+06	2.814008E+02	5.723586E+01	5.568179E+03
1.365	-1.199301E+06	3.016562E+02	5.586840E+01	5.568179E+03
1.37	-1.199301E+06	2.943356E+02	5.408892E+01	5.568179E+03
1.375	-1.199301E+06	2.849183E+02	5.269468E+01	5.568179E+03
1.38	-1.199301E+06	2.840623E+02	5.281204E+01	5.568179E+03
1.385	-1.199301E+06	2.766878E+02	5.411478E+01	5.568179E+03
1.39	-1.199301E+06	2.760193E+02	5.546931E+01	5.568179E+03
1.395	-1.199301E+06	2.706187E+02	5.596278E+01	5.568179E+03
1.4	-1.199301E+06	2.592999E+02	5.540745E+01	5.568179E+03
1.405	-1.199301E+06	2.584164E+02	5.554496E+01	5.568179E+03
1.41	-1.199301E+06	2.711069E+02	5.652589E+01	5.568179E+03
1.415	-1.199301E+06	2.777548E+02	5.710768E+01	5.568179E+03
1.42	-1.199301E+06	2.758060E+02	5.690032E+01	5.568179E+03
1.425	-1.199301E+06	2.724489E+02	5.573930E+01	5.568179E+03
1.43	-1.199301E+06	2.697809E+02	5.470927E+01	5.568179E+03
1.435	-1.199301E+06	2.544768E+02	5.477023E+01	5.568179E+03
1.44	-1.199301E+06	2.506277E+02	5.499007E+01	5.568179E+03
1.445	-1.199301E+06	2.482882E+02	5.491790E+01	5.568179E+03
1.45	-1.199301E+06	2.498740E+02	5.445445E+01	5.568179E+03
1.455	-1.199301E+06	2.461418E+02	5.428100E+01	5.568179E+03
1.46	-1.199302E+06	2.694685E+02	5.436792E+01	5.568179E+03
1.465	-1.199302E+06	2.714596E+02	5.472808E+01	5.568179E+03
1.47	-1.199301E+06	2.569996E+02	5.495402E+01	5.568179E+03
1.475	-1.199302E+06	2.687863E+02	5.422135E+01	5.568179E+03
1.48	-1.199301E+06	2.432682E+02	5.355507E+01	5.568179E+03
1.485	-1.199301E+06	2.411295E+02	5.321524E+01	5.568179E+03
1.49	-1.199302E+06	2.652352E+02	5.355570E+01	5.568179E+03
1.495	-1.199301E+06	2.514518E+02	5.473510E+01	5.568179E+03
1.5	-1.199302E+06	2.541323E+02	5.496957E+01	5.568179E+03
1.505	-1.199301E+06	2.454362E+02	5.454929E+01	5.568179E+03
1.51	-1.199301E+06	2.331516E+02	5.433671E+01	5.568179E+03
1.515	-1.199302E+06	2.468983E+02	5.447820E+01	5.568179E+03
1.52	-1.199302E+06	2.478186E+02	5.537913E+01	5.568179E+03
1.525	-1.199302E+06	2.429357E+02	5.616702E+01	5.568179E+03
1.53	-1.199301E+06	2.385453E+02	5.623921E+01	5.568179E+03
1.535	-1.199302E+06	2.572727E+02	5.554696E+01	5.568179E+03
1.54	-1.199301E+06	2.455475E+02	5.512101E+01	5.568179E+03
1.545	-1.199302E+06	2.409430E+02	5.508852E+01	5.568179E+03
1.55	-1.199302E+06	2.364089E+02	5.510969E+01	5.568179E+03
1.555	-1.199301E+06	2.184661E+02	5.475711E+01	5.568179E+03
1.56	-1.199302E+06	2.325185E+02	5.380252E+01	5.568179E+03
1.565	-1.199301E+06	2.129575E+02	5.365806E+01	5.568179E+03
1.57	-1.199302E+06	2.245595E+02	5.428705E+01	5.568179E+03
1.575	-1.199302E+06	2.434955E+02	5.536206E+01	5.568179E+03
1.58	-1.199301E+06	2.372463E+02	5.620078E+01	5.568179E+03
1.585	-1.199302E+06	2.491479E+02	5.601805E+01	5.568179E+03
1.59	-1.199302E+06	2.352576E+02	5.547232E+01	5.568179E+03
1.595	-1.199302E+06	2.265233E+02	5.497615E+01	5.568179E+03
1.6	-1.199302E+06	2.289031E+02	5.494876E+01	5.568179E+03
1.605	-1.199302E+06	2.246429E+02	5.547062E+01	5.568179E+03
1.61	-1.199302E+06	2.157966E+02	5.554471E+01	5.568179E+03
1.615	-1.199301E+06	2.047180E+02	5.485167E+01	5.568179E+03
1.62	-1.199302E+06	2.150313E+02	5.435860E+01	5.568179E+03
1.625	-1.199302E+06	2.221863E+02	5.472979E+01	5.568179E+03
1.63	-1.199302E+06	2.297855E+02	5.529967E+01	5.568179E+03
1.635	-1.199302E+06	2.232181E+02	5.550633E+01	5.568179E+03
1.64	-1.199302E+06	2.170289E+02	5.514092E+01	5.568179E+03
1.645	-1.199302E+06	2.157409E+02	5.480224E+01	5.568179E+03
1.65	-1.199302E+06	2.232178E+02	5.490489E+01	5.568179E+03
1.655	-1.199302E+06	2.324466E+02	5.495621E+01	5.568179E+03
1.66	-1.199302E+06	2.058153E+02	5.494332E+01	5.568179E+03
1.665	-1.199302E+06	2.019678E+02	5.482305E+01	5.568179E+03
1.67	-1.199302E+06	2.132490E+02	5.450067E+01	5.568179E+03
1.675	-1.199302E+06	2.055006E+02	5.409575E+01	5.568179E+03
1.68	-1.199302E+06	2.111415E+02	5.395805E+01	5.568179E+03
1.685	-1.199302E+06	2.145710E+02	5.427463E+01	5.568179E+03
1.69	-1.199302E+06	2.159631E+02	5.449503E+01	5.568179E+03
1.695	-1.199302E+06	2.069306E+02	5.456407E+01	5.568179E+03
1.7	-1.199302E+06	2.020393E+02	5.434255E+01	5.568179E+03
1.705	-1.199302E+06	2.000670E+02	5.411213E+01	5.568179E+03
1.71	-1.199302E+06	2.041968E+02	5.460974E+01	5.568179E+03
1.715	-1.199303E+06	2.142011E+02	5.550039E+01	5.568179E+03
1.72	-1.199302E+06	2.028322E+02	5.587058E+01	5.568179E+03
1.725	-1.199302E+06	2.113782E+02	5.552022E+01	5.568179E+03
1.73	-1.199303E+06	2.144892E+02	5.560745E+01	5.568179E+03
1.735	-1.199302E+06	2.067326E+02	5.618640E+01	5.568179E+03
1.74	-1.199303E+06	2.064396E+02	5.632098E+01	5.568179E+03
1.745	-1.199302E+06	1.848620E+02	5.599125E+01	5.568179E+03
1.75	-1.199303E+06	1.917163E+02	5.476421E+01	5.568179E+03
1.755	-1.199302E+06	1.866452E+02	5.361374E+01	5.568179E+03
1.76	-1.199302E+06	1.911508E+02	5.320127E+01	5.568179E+03
1.765	-1.199303E+06	2.038463E+02	5.324853E+01	5.568179E+03
1.77	-1.199302E+06	1.834649E+02	5.383178E+01	5.568179E+03
1.775	-1.199302E+06	1.940025E+02	5.389428E+01	5.568179E+03
1.78	-1.199302E+06	1.997429E+02	5.341423E+01	5.568179E+03
1.785	-1.199302E+06	1.900435E+02	5.352172E+01	5.568179E+03
1.79	-1.199302E+06	1.952558E+02	5.431672E+01	5.568179E+03
1.795	-1.199302E+06	1.928896E+02	5.551752E+01	5.568179E+03
1.8	-1.199302E+06	1.880300E+02	5.682398E+01	5.568179E+03
1.805	-1.199303E+06	1.859598E+02	5.744168E+01	5.568179E+03
1.81	-1.199302E+06	1.771296E+02	5.747491E+01	5.568179E+03
1.815	-1.199302E+06	1.796427E+02	5.752214E+01	5.568179E+03
1.82	-1.199302E+06	1.901050E+02	5.734327E+01	5.568179E+03
1.825	-1.199303E+06	2.028260E+02	5.667033E+01	5.568179E+03
1.83	-1.199302E+06	1.964774E+02	5.573962E+01	5.568179E+03
1.835	-1.199302E+06	1.902652E+02	5.424281E+01	5.568179E+03
1.84	-1.199303E+06	1.856871E+02	5.292060E+01	5.568179E+03
1.845	-1.199302E+06	1.733501E+02	5.257337E+01	5.568179E+03
1.85	-1.199303E+06	1.799767E+02	5.269108E+01	5.568179E+03
1.855	-1.199302E+06	1.780280E+02	5.356801E+01	5.568179E+03
1.86	-1.199302E+06	1.828263E+02	5.464805E+01	5.568179E+03
1.865	-1.199303E+06	1.943709E+02	5.525306E+01	5.568179E+03
1.87	-1.199302E+06	1.764424E+02	5.636328E+01	5.568179E+03
1.875	-1.199303E+06	1.805083E+02	5.765654E+01	5.568179E+03
1.88	-1.199302E+06	1.756909E+02	5.845788E+01	5.568179E+03
1.885	-1.199302E+06	1.685233E+02	5.851772E+01	5.568179E+03
1.89	-1.199303E+06	1.767735E+02	5.778385E+01	5.568179E+03
1.895	-1.199302E+06	1.703216E+02	5.685182E+01	5.568179E+03
1.9	-1.199303E+06	1.772545E+02	5.609738E+01	5.568179E+03
1.905	-1.199303E+06	1.785936E+02	5.529988E+01	5.568179E+03
1.91	-1.199303E+06	1.757811E+02	5.408555E+01	5.568179E+03
1.915	-1.199303E+06	1.727911E+02	5.293310E+01	5.568179E+03
1.92	-1.199302E+06	1.637484E+02	5.237765E+01	5.568179E+03
1.925	-1.199303E+06	1.646188E+02	5.289420E+01	5.568179E+03
1.93	-1.199302E+06	1.663837E+02	5.438126E+01	5.568179E+03
1.935	-1.199303E+06	1.781865E+02	5.541500E+01	5.568179E+03
1.94	-1.199303E+06	1.726063E+02	5.573248E+01	5.568179E+03
1.945	-1.199302E+06	1.594611E+02	5.587727E+01	5.568179E+03
1.95	-1.199303E+06	1.719123E+02	5.603191E+01	5.568179E+03
1.955	-1.199303E+06	1.699345E+02	5.654373E+01	5.568179E+03
1.96	-1.199303E+06	1.655405E+02	5.693051E+01	5.568179E+03
1.965	-1.199303E+06	1.608337E+02	5.676974E+01	5.568179E+03
1.97	-1.199303E+06	1.615674E+02	5.614809E+01	5.568179E+03
1.975	-1.199303E+06	1.662156E+02	5.546251E+01	5.568179E+03
1.98	-1.199302E+06	1.639719E+02	5.505858E+01	5.568179E+03
1.985	-1.199303E+06	1.695915E+02	5.500169E+01	5.568179E+03
1.99	-1.199303E+06	1.650568E+02	5.504032E+01	5.568179E+03
1.995	-1.199303E+06	1.639706E+02	5.448888E+01	5.568179E+03
2.0	-1.199303E+06	1.580775E+02	5.381300E+01	5.568179E+03
2.005	-1.199303E+06	1.543671E+02	5.341373E+01	5.568179E+03
2.01	-1.199303E+06	1.682283E+02	5.314806E+01	5.568179E+03
2.015	-1.199303E+06	1.638042E+02	5.329875E+01	5.568179E+03
2.02	-1.199303E+06	1.595080E+02	5.338093E+01	5.568179E+03
2.025	-1.199303E+06	1.597785E+02	5.326271E+01	5.568179E+03
2.03	-1.199303E+06	1.510575E+02	5.328728E+01	5.568179E+03
2.035	-1.199303E+06	1.530724E+02	5.365940E+01	5.568179E+03
2.04	-1.199303E+06	1.584270E+02	5.475060E+01	5.568179E+03
2.045	-1.199303E+06	1.592291E+02	5.566970E+01	5.568179E+03
2.05	-1.199303E+06	1.597766E+02	5.567337E+01	5.568179E+03
2.055	-1.199303E+06	1.596673E+02	5.508640E+01	5.568179E+03
2.06	-1.199303E+06	1.542119E+02	5.435011E+01	5.568179E+03
2.065	-1.199303E+06	1.542316E+02	5.405799E+01	5.568179E+03
2.07	-1.199303E+06	1.575289E+02	5.404680E+01	5.568179E+03
2.075	-1.199303E+06	1.557427E+02	5.377611E+01	5.568179E+03
2.08	-1.199303E+06	1.555373E+02	5.330524E+01	5.568179E+03
2.085	-1.199303E+06	1.638602E+02	5.279416E+01	5.568179E+03
2.09	-1.199303E+06	1.604723E+02	5.282251E+01	5.568179E+03
2.095	-1.199303E+06	1.475526E+02	5.324069E+01	5.568179E+03
2.1	-1.199303E+06	1.416177E+02	5.349882E+01	5.568179E+03
2.105	-1.199303E+06	1.432236E+02	5.360405E+01	5.568179E+03
2.11	-1.199303E+06	1.566860E+02	5.333783E+01	5.568179E+03
2.115	-1.199303E+06	1.510792E+02	5.321212E+01	5.568179E+03
2.12	-1.199303E+06	1.470163E+02	5.328924E+01	5.568179E+03
2.125	-1.199303E+06	1.501273E+02	5.309658E+01	5.568179E+03
2.13	-1.199303E+06	1.399396E+02	5.266578E+01	5.568179E+03
2.135	-1.199303E+06	1.409888E+02	5.199158E+01	5.568179E+03
2.14	-1.199303E+06	1.394389E+02	5.158408E+01	5.568179E+03
2.145	-1.199303E+06	1.481196E+02	5.167851E+01	5.568179E+03
2.15	-1.199303E+06	1.429529E+02	5.225963E+01	5.568179E+03
2.155	-1.199303E+06	1.324347E+02	5.269395E+01	5.568179E+03
2.16	-1.199303E+06	1.421285E+02	5.270116E+01	5.568179E+03
2.165	-1.199303E+06	1.378880E+02	5.261580E+01	5.568179E+03
2.17	-1.199303E+06	1.392549E+02	5.242083E+01	5.568179E+03
2.175	-1.199303E+06	1.516900E+02	5.275906E+01	5.568179E+03
2.18	-1.199303E+06	1.560814E+02	5.340611E+01	5.568179E+03
2.185	-1.199303E+06	1.512995E+02	5.350866E+01	5.568179E+03
2.19	-1.199303E+06	1.447698E+02	5.317284E+01	5.568179E+03
2.195	-1.199303E+06	1.453729E+02	5.253808E+01	5.568179E+03
2.2	-1.199303E+06	1.393893E+02	5.217541E+01	5.568179E+03
2.205	-1.199303E+06	1.369811E+02	5.240027E+01	5.568179E+03
2.21	-1.199303E+06	1.377772E+02	5.262004E+01	5.568179E+03
2.215	-1.199303E+06	1.380372E+02	5.244831E+01	5.568179E+03
2.22	-1.199303E+06	1.402578E+02	5.179917E+01	5.568179E+03
2.225	-1.199303E+06	1.396054E+02	5.133782E+01	5.568179E+03
2.23	-1.199303E+06	1.434374E+02	5.167093E+01	5.568179E+03
2.235	-1.199303E+06	1.437365E+02	5.225980E+01	5.568179E+03
2.24	-1.199303E+06	1.406185E+02	5.272878E+01	5.568179E+03
2.245	-1.199303E+06	1.432056E+02	5.287148E+01	5.568179E+03
2.25	-1.199303E+06	1.374897E+02	5.276815E+01	5.568179E+03
2.255	-1.199303E+06	1.388104E+02	5.303898E+01	5.568179E+03
2.26	-1.199303E+06	1.370060E+02	5.373555E+01	5.568179E+03
2.265	-1.199303E+06	1.335583E+02	5.402140E+01	5.568179E+03
2.27	-1.199303E+06	1.350499E+02	5.357685E+01	5.568179E+03
2.275	-1.199303E+06	1.311966E+02	5.263056E+01	5.568179E+03
2.28	-1.199303E+06	1.330579E+02	5.174614E+01	5.568179E+03
2.285	-1.199303E+06	1.333372E+02	5.160104E+01	5.568179E+03
2.29	-1.199303E+06	1.274804E+02	5.169739E+01	5.568179E+03
2.295	-1.199303E+06	1.341352E+02	5.129485E+01	5.568179E+03
2.3	-1.199303E+06	1.303009E+02	5.073441E+01	5.568179E+03
2.305	-1.199303E+06	1.251511E+02	5.020996E+01	5.568179E+03
2.31	-1.199304E+06	1.282911E+02	5.003366E+01	5.568179E+03
2.315	-1.199303E+06	1.252105E+02	5.044916E+01	5.568179E+03
2.32	-1.199303E+06	1.261768E+02	5.088618E+01	5.568179E+03
2.325	-1.199304E+06	1.321417E+02	5.109479E+01	5.568179E+03
2.33	-1.199303E+06	1.294057E+02	5.150518E+01	5.568179E+03
2.335	-1.199303E+06	1.306291E+02	5.211975E+01	5.568179E+03
2.34	-1.199304E+06	1.337769E+02	5.286771E+01	5.568179E+03
2.345	-1.199303E+06	1.251003E+02	5.357184E+01	5.568179E+03
2.35	-1.199303E+06	1.276850E+02	5.359504E+01	5.568179E+03
2.355	-1.199304E+06	1.358922E+02	5.318901E+01	5.568179E+03
2.36	-1.199303E+06	1.301302E+02	5.274697E+01	5.568179E+03
2.365	-1.199303E+06	1.301955E+02	5.220869E+01	5.568179E+03
2.37	-1.199304E+06	1.362293E+02	5.201089E+01	5.568179E+03
2.375	-1.199303E+06	1.221354E+02	5.196548E+01	5.568179E+03
2.38	-1.199303E+06	1.213448E+02	5.141207E+01	5.568179E+03
2.385	-1.199304E+06	1.237404E+02	5.109758E+01	5.568179E+03
2.39	-1.199303E+06	1.214527E+02	5.134965E+01	5.568179E+03
2.395	-1.199304E+06	1.351767E+02	5.186880E+01	5.568179E+03
2.4	-1.199303E+06	1.233839E+02	5.270642E+01	5.568179E+03
2.405	-1.199304E+06	1.249837E+02	5.286718E+01	5.568179E+03
2.41	-1.199304E+06	1.267186E+02	5.250666E+01	5.568179E+03
2.415	-1.199303E+06	1.112581E+02	5.232164E+01	5.568179E+03
2.42	-1.199304E+06	1.217479E+02	5.229691E+01	5.568179E+03
2.425	-1.199304E+06	1.268797E+02	5.246930E+01	5.568179E+03
2.43	-1.199304E+06	1.212647E+02	5.235971E+01	5.568179E+03
2.435	-1.199304E+06	1.201471E+02	5.189922E+01	5.568179E+03
2.44	-1.199304E+06	1.196369E+02	5.143696E+01	5.568179E+03
2.445	-1.199304E+06	1.203950E+02	5.143598E+01	5.568179E+03
2.45	-1.199304E+06	1.225346E+02	5.191947E+01	5.568179E+03
2.455	-1.199304E+06	1.239249E+02	5.235595E+01	5.568179E+03
2.46	-1.199303E+06	1.167267E+02	5.267787E+01	5.568179E+03
2.465	-1.199304E+06	1.265279E+02	5.249034E+01	5.568179E+03
2.47	-1.199304E+06	1.281132E+02	5.208086E+01	5.568179E+03
2.475	-1.199303E+06	1.131046E+02	5.197738E+01	5.568179E+03
2.48	-1.199304E+06	1.214744E+02	5.178447E+01	5.568179E+03
2.485	-1.199304E+06	1.170752E+02	5.157945E+01	5.568179E+03
2.49	-1.199303E+06	1.138425E+02	5.107524E+01	5.568179E+03
2.495	-1.199304E+06	1.245779E+02	5.036851E+01	5.568179E+03
2.5	-1.199304E+06	1.208627E+02	5.025322E+01	5.568179E+03
2.505	-1.199304E+06	1.277722E+02	5.047350E+01	5.568179E+03
2.51	-1.199304E+06	1.202160E+02	5.091118E+01	5.568179E+03
2.515	-1.199304E+06	1.102413E+02	5.122042E+01	5.568179E+03
2.52	-1.199304E+06	1.138657E+02	5.111159E+01	5.568179E+03
2.525	-1.199304E+06	1.091959E+02	5.105704E+01	5.568179E+03
2.53	-1.199304E+06	1.160164E+02	5.114236E+01	5.568179E+03
2.535	-1.199304E+06	1.139823E+02	5.123473E+01	5.568179E+03
2.54	-1.199304E+06	1.097313E+02	5.102093E+01	5.568179E+03
2.545	-1.199304E+06	1.128914E+02	5.051154E+01	5.568179E+03
2.55	-1.199304E+06	1.092507E+02	4.995820E+01	5.568179E+03
2.555	-1.199304E+06	1.126308E+02	4.980793E+01	5.568179E+03
2.56	-1.199304E+06	1.110336E+02	5.051094E+01	5.568179E+03
2.565	-1.199304E+06	1.140381E+02	5.126973E+01	5.568179E+03
2.57	-1.199304E+06	1.160675E+02	5.156371E+01	5.568179E+03
2.575	-1.199304E+06	1.174740E+02	5.141054E+01	5.568179E+03
2.58	-1.199304E+06	1.238440E+02	5.112794E+01	5.568179E+03
2.585	-1.199304E+06	1.137070E+02	5.148234E+01	5.568179E+03
2.59	-1.199304E+06	1.132928E+02	5.199672E+01	5.568179E+03
2.595	-1.199304E+06	1.117616E+02	5.229011E+01	5.568179E+03
2.6	-1.199304E+06	1.115118E+02	5.220706E+01	5.568179E+03
2.605	-1.199304E+06	1.170767E+02	5.164599E+01	5.568179E+03
2.61	-1.199304E+06	1.104249E+02	5.134324E+01	5.568179E+03
2.615	-1.199304E+06	1.170819E+02	5.139032E+01	5.568179E+03
2.62	-1.199304E+06	1.142600E+02	5.142521E+01	5.568179E+03
2.625	-1.199304E+06	1.083955E+02	5.109316E+01	5.568179E+03
2.63	-1.199304E+06	1.131259E+02	5.062557E+01	5.568179E+03
2.635	-1.199304E+06	1.136874E+02	5.050722E+01	5.568179E+03
2.64	-1.199304E+06	1.167799E+02	5.083712E+01	5.568179E+03
2.645	-1.199304E+06	1.090243E+02	5.152446E+01	5.568179E+03
2.65	-1.199304E+06	1.091857E+02	5.173209E+01	5.568179E+03
2.655	-1.199304E+06	1.166940E+02	5.138653E+01	5.568179E+03
2.66	-1.199304E+06	1.120587E+02	5.090117E+01	5.568179E+03
2.665	-1.199304E+06	1.100614E+02	5.043196E+01	5.568179E+03
2.67	-1.199304E+06	1.048861E+02	5.082943E+01	5.568179E+03
2.675	-1.199304E+06	1.031853E+02	5.168638E+01	5.568179E+03
2.68	-1.199304E+06	1.099971E+02	5.214274E+01	5.568179E+03
2.685	-1.199304E+06	1.108169E+02	5.228782E+01	5.568179E+03
2.69	-1.199304E+06	1.125349E+02	5.211734E+01	5.568179E+03
2.695	-1.199304E+06	1.091342E+02	5.219762E+01	5.568179E+03
2.7	-1.199304E+06	1.053179E+02	5.263051E+01	5.568179E+03
2.705	-1.199304E+06	1.032304E+02	5.277512E+01	5.568179E+03
2.71	-1.199304E+06	1.047055E+02	5.241961E+01	5.568179E+03
2.715	-1.199304E+06	1.094972E+02	5.187209E+01	5.568179E+03
2.72	-1.199304E+06	1.043185E+02	5.170935E+01	5.568179E+03
2.725	-1.199304E+06	1.047796E+02	5.201503E+01	5.568179E+03
2.73	-1.199304E+06	1.045218E+02	5.250005E+01	5.568179E+03
2.735	-1.199304E+06	1.038320E+02	5.257205E+01	5.568179E+03
2.74	-1.199304E+06	1.072599E+02	5.216225E+01	5.568179E+03
2.745	-1.199304E+06	1.011442E+02	5.201061E+01	5.568179E+03
2.75	-1.199304E+06	1.075913E+02	5.225397E+01	5.568179E+03
2.755	-1.199304E+06	1.062345E+02	5.280675E+01	5.568179E+03
2.76	-1.199304E+06	1.016945E+02	5.330774E+01	5.568179E+03
2.765	-1.199304E+06	1.170589E+02	5.333579E+01	5.568179E+03
2.77	-1.199304E+06	1.171464E+02	5.318867E+01	5.568179E+03
2.775	-1.199304E+06	1.139071E+02	5.307010E+01	5.568179E+03
2.78	-1.199304E+06	1.123694E+02	5.308572E+01	5.568179E+03
2.785	-1.199304E+06	1.012522E+02	5.322923E+01	5.568179E+03
2.79	-1.199304E+06	1.063294E+02	5.302495E+01	5.568179E+03
2.795	-1.199304E+06	1.066366E+02	5.254117E+01	5.568179E+03
2.8	-1.199304E+06	1.061728E+02	5.219099E+01	5.568179E+03
2.805	-1.199304E+06	1.108152E+02	5.224846E+01	5.568179E+03
2.81	-1.199304E+06	1.081644E+02	5.253578E+01	5.568179E+03
2.815	-1.199304E+06	1.025607E+02	5.273837E+01	5.568179E+03
2.82	-1.199304E+06	9.963431E+01	5.270951E+01	5.568179E+03
2.825	-1.199304E+06	1.062873E+02	5.251172E+01	5.568179E+03
2.83	-1.199304E+06	1.019246E+02	5.258479E+01	5.568179E+03
2.835	-1.199304E+06	1.031099E+02	5.270960E+01	5.568179E+03
2.84	-1.199304E+06	1.058083E+02	5.272343E+01	5.568179E+03
2.845	-1.199304E+06	9.512154E+01	5.252006E+01	5.568179E+03
2.85	-1.199304E+06	9.732916E+01	5.186875E+01	5.568179E+03
2.855	-1.199304E+06	9.757935E+01	5.159259E+01	5.568179E+03
2.86	-1.199304E+06	9.913633E+01	5.206482E+01	5.568179E+03
2.865	-1.199305E+06	1.088589E+02	5.280552E+01	5.568179E+03
2.87	-1.199304E+06	1.007568E+02	5.346670E+01	5.568179E+03
2.875	-1.199304E+06	9.799635E+01	5.344563E+01	5.568179E+03
2.88	-1.199304E+06	1.029243E+02	5.306080E+01	5.568179E+03
2.885	-1.199304E+06	1.031735E+02	5.318338E+01	5.568179E+03
2.89	-1.199304E+06	1.056287E+02	5.382397E+01	5.568179E+03
2.895	-1.199304E+06	1.043724E+02	5.456994E+01	5.568179E+03
2.9	-1.199304E+06	1.057511E+02	5.487038E+01	5.568179E+03
2.905	-1.199304E+06	1.061585E+02	5.468143E+01	5.568179E+03
2.91	-1.199304E+06	9.889323E+01	5.453057E+01	5.568179E+03
2.915	-1.199304E+06	9.916587E+01	5.472196E+01	5.568179E+03
2.92	-1.199304E+06	1.002551E+02	5.510567E+01	5.568179E+03
2.925	-1.199304E+06	1.080207E+02	5.498622E+01	5.568179E+03
2.93	-1.199304E+06	1.077438E+02	5.432977E+01	5.568179E+03
2.935	-1.199304E+06	1.009305E+02	5.364154E+01	5.568179E+03
2.94	-1.199305E+06	1.087845E+02	5.323177E+01	5.568179E+03
2.945	-1.199304E+06	1.022038E+02	5.331440E+01	5.568179E+03
2.95	-1.199304E+06	9.835804E+01	5.343592E+01	5.568179E+03
2.955	-1.199304E+06	1.047204E+02	5.331340E+01	5.568179E+03
2.96	-1.199304E+06	1.015534E+02	5.302254E+01	5.568179E+03
2.965	-1.199304E+06	1.001088E+02	5.275294E+01	5.568179E+03
2.97	-1.199304E+06	9.505136E+01	5.306325E+01	5.568179E+03
2.975	-1.199304E+06	1.010891E+02	5.378491E+01	5.568179E+03
2.98	-1.199304E+06	1.019172E+02	5.449746E+01	5.568179E+03
2.985	-1.199304E+06	9.864445E+01	5.491704E+01	5.568179E+03
2.99	-1.199305E+06	1.008864E+02	5.499856E+01	5.568179E+03
2.995	-1.199304E+06	9.470864E+01	5.496947E+01	5.568179E+03
3.0	-1.199304E+06	1.002758E+02	5.494618E+01	5.568179E+03
3.005	-1.199304E+06	9.695882E+01	5.501369E+01	5.568179E+03
3.01	-1.199304E+06	9.772200E+01	5.458199E+01	5.568179E+03
3.015	-1.199305E+06	1.002827E+02	5.374693E+01	5.568179E+03
3.02	-1.199304E+06	9.193191E+01	5.311827E+01	5.568179E+03
3.025	-1.199304E+06	9.865547E+01	5.297389E+01	5.568179E+03
3.03	-1.199304E+06	1.001089E+02	5.347802E+01	5.568179E+03
3.035	-1.199304E+06	1.024364E+02	5.385640E+01	5.568179E+03
3.04	-1.199305E+06	1.066209E+02	5.382071E+01	5.568179E+03
3.045	-1.199304E+06	9.419585E+01	5.386498E+01	5.568179E+03
3.05	-1.199304E+06	9.424823E+01	5.423066E+01	5.568179E+03
3.055	-1.199304E+06	9.880280E+01	5.520546E+01	5.568179E+03
3.06	-1.199304E+06	9.854662E+01	5.609880E+01	5.568179E+03
3.065	-1.199305E+06	9.972997E+01	5.630613E+01	5.568179E+03
3.07	-1.199305E+06	9.884782E+01	5.598450E+01	5.568179E+03
3.075	-1.199305E+06	9.931452E+01	5.543611E+01	5.568179E+03
3.08	-1.199305E+06	9.801960E+01	5.518173E+01	5.568179E+03
3.085	-1.199304E+06	9.617372E+01	5.503143E+01	5.568179E+03
3.09	-1.199305E+06	1.045078E+02	5.454700E+01	5.568179E+03
3.095	-1.199305E+06	1.041644E+02	5.383998E+01	5.568179E+03
3.1	-1.199305E+06	1.012705E+02	5.320601E+01	5.568179E+03
3.105	-1.199305E+06	9.983336E+01	5.327905E+01	5.568179E+03
3.11	-1.199304E+06	9.487175E+01	5.388130E+01	5.568179E+03
3.115	-1.199305E+06	9.849825E+01	5.434010E+01	5.568179E+03
3.12	-1.199304E+06	9.504185E+01	5.456809E+01	5.568179E+03
3.125	-1.199305E+06	9.644819E+01	5.452313E+01	5.568179E+03
3.13	-1.199305E+06	9.776906E+01	5.464962E+01	5.568179E+03
3.135	-1.199305E+06	9.572293E+01	5.491238E+01	5.568179E+03
3.14	-1.199305E+06	9.469596E+01	5.501220E+01	5.568179E+03
3.145	-1.199304E+06	9.455950E+01	5.495827E+01	5.568179E+03
3.15	-1.199305E+06	1.040233E+02	5.464886E+01	5.568179E+03
3.155	-1.199304E+06	9.728623E+01	5.434342E+01	5.568179E+03
3.16	-1.199305E+06	9.519909E+01	5.417049E+01	5.568179E+03
3.165	-1.199305E+06	9.776125E+01	5.439912E+01	5.568179E+03
3.17	-1.199304E+06	9.177653E+01	5.479222E+01	5.568179E+03
3.175	-1.199305E+06	9.856377E+01	5.486642E+01	5.568179E+03
3.18	-1.199304E+06	9.874883E+01	5.496839E+01	5.568179E+03
3.185	-1.199305E+06	1.016398E+02	5.490910E+01	5.568179E+03
3.19	-1.199305E+06	1.011739E+02	5.485422E+01	5.568179E+03
3.195	-1.199304E+06	9.386980E+01	5.516418E+01	5.568179E+03
3.2	-1.199305E+06	1.018784E+02	5.535242E+01	5.568179E+03
3.205	-1.199305E+06	1.016115E+02	5.540619E+01	5.568179E+03
3.21	-1.199305E+06	9.748670E+01	5.538891E+01	5.568179E+03
3.215	-1.199304E+06	9.644517E+01	5.552307E+01	5.568179E+03
3.22	-1.199304E+06	9.843861E+01	5.608698E+01	5.568179E+03
3.225	-1.199304E+06	9.980841E+01	5.660326E+01	5.568179E+03
3.23	-1.199305E+06	1.004833E+02	5.654302E+01	5.568179E+03
3.235	-1.199304E+06	9.639935E+01	5.615909E+01	5.568179E+03
3.24	-1.199304E+06	9.186469E+01	5.582875E+01	5.568179E+03
3.245	-1.199305E+06	9.982944E+01	5.576826E+01	5.568179E+03
3.25	-1.199304E+06	9.819034E+01	5.591990E+01	5.568179E+03
3.255	-1.199304E+06	9.664400E+01	5.563189E+01	5.568179E+03
3.26	-1.199305E+06	1.009373E+02	5.482895E+01	5.568179E+03
3.265	-1.199304E+06	9.480445E+01	5.424069E+01	5.568179E+03
3.27	-1.199304E+06	9.363124E+01	5.432104E+01	5.568179E+03
3.275	-1.199305E+06	9.318590E+01	5.492833E+01	5.568179E+03
3.28	-1.199304E+06	9.277043E+01	5.548285E+01	5.568179E+03
3.285	-1.199305E+06	9.824048E+01	5.555485E+01	5.568179E+03
3.29	-1.199305E+06	1.002940E+02	5.538475E+01	5.568179E+03
3.295	-1.199304E+06	9.979568E+01	5.548768E+01	5.568179E+03
3.3	-1.199305E+06	9.904934E+01	5.573563E+01	5.568179E+03
3.305	-1.199304E+06	9.710171E+01	5.572970E+01	5.568179E+03
3.31	-1.199304E+06	9.454648E+01	5.538772E+01	5.568179E+03
3.315	-1.199305E+06	9.676689E+01	5.473026E+01	5.568179E+03
3.32	-1.199305E+06	9.682045E+01	5.430352E+01	5.568179E+03
3.325	-1.199304E+06	9.585280E+01	5.439908E+01	5.568179E+03
3.33	-1.199305E+06	9.961936E+01	5.466054E+01	5.568179E+03
3.335	-1.199304E+06	1.002185E+02	5.490702E+01	5.568179E+03
3.34	-1.199304E+06	1.012942E+02	5.501963E+01	5.568179E+03
3.345	-1.199304E+06	1.002815E+02	5.513693E+01	5.568179E+03
3.35	-1.199304E+06	9.827033E+01	5.551852E+01	5.568179E+03
3.355	-1.199305E+06	1.010943E+02	5.612013E+01	5.568179E+03
3.36	-1.199304E+06	9.903526E+01	5.669367E+01	5.568179E+03
3.365	-1.199304E+06	9.454507E+01	5.696734E+01	5.568179E+03
3.37	-1.199304E+06	9.410046E+01	5.693982E+01	5.568179E+03
3.375	-1.199304E+06	9.277533E+01	5.665043E+01	5.568179E+03
3.38	-1.199304E+06	9.691617E+01	5.629451E+01	5.568179E+03
3.385	-1.199305E+06	1.028173E+02	5.608941E+01	5.568179E+03
3.39	-1.199304E+06	9.831192E+01	5.579627E+01	5.568179E+03
3.395	-1.199304E+06	1.005420E+02	5.530320E+01	5.568179E+03
3.4	-1.199304E+06	1.003720E+02	5.479858E+01	5.568179E+03
3.405	-1.199304E+06	9.553682E+01	5.436441E+01	5.568179E+03
3.41	-1.199304E+06	9.420996E+01	5.445893E+01	5.568179E+03
3.415	-1.199304E+06	9.484431E+01	5.495577E+01	5.568179E+03
3.42	-1.199304E+06	9.994183E+01	5.528165E+01	5.568179E+03
3.425	-1.199304E+06	9.998187E+01	5.543504E+01	5.568179E+03
3.43	-1.199304E+06	1.013458E+02	5.543570E+01	5.568179E+03
3.435	-1.199304E+06	1.026091E+02	5.568320E+01	5.568179E+03
3.44	-1.199304E+06	9.507958E+01	5.629967E+01	5.568179E+03
3.445	-1.199304E+06	9.820288E+01	5.664830E+01	5.568179E+03
3.45	-1.199304E+06	9.944317E+01	5.660149E+01	5.568179E+03
3.455	-1.199304E+06	9.660662E+01	5.621076E+01	5.568179E+03
3.46	-1.199304E+06	9.727532E+01	5.593620E+01	5.568179E+03
3.465	-1.199304E+06	1.005044E+02	5.603036E+01	5.568179E+03
3.47	-1.199304E+06	1.027003E+02	5.603601E+01	5.568179E+03
3.475	-1.199304E+06	9.891198E+01	5.577510E+01	5.568179E+03
3.48	-1.199304E+06	1.012843E+02	5.505690E+01	5.568179E+03
3.485	-1.199304E+06	9.679568E+01	5.437552E+01	5.568179E+03
3.49	-1.199304E+06	9.394338E+01	5.435870E+01	5.568179E+03
3.495	-1.199305E+06	1.031421E+02	5.457923E+01	5.568179E+03
3.5	-1.199304E+06	1.012904E+02	5.464479E+01	5.568179E+03
3.505	-1.199304E+06	9.673954E+01	5.468177E+01	5.568179E+03
3.51	-1.199304E+06	1.043288E+02	5.493265E+01	5.568179E+03
3.515	-1.199304E+06	1.044871E+02	5.559164E+01	5.568179E+03
3.52	-1.199304E+06	1.006460E+02	5.626721E+01	5.568179E+03
3.525	-1.199304E+06	9.877345E+01	5.658268E+01	5.568179E+03
3.53	-1.199304E+06	9.805473E+01	5.658373E+01	5.568179E+03
3.535	-1.199304E+06	9.459281E+01	5.635765E+01	5.568179E+03
3.54	-1.199304E+06	9.301416E+01	5.607864E+01	5.568179E+03
3.545	-1.199304E+06	1.010174E+02	5.607622E+01	5.568179E+03
3.55	-1.199304E+06	1.007794E+02	5.624040E+01	5.568179E+03
3.555	-1.199304E+06	1.000656E+02	5.610574E+01	5.568179E+03
3.56	-1.199304E+06	1.008188E+02	5.583337E+01	5.568179E+03
3.565	-1.199304E+06	1.013159E+02	5.542764E+01	5.568179E+03
3.57	-1.199304E+06	1.076506E+02	5.498274E+01	5.568179E+03
3.575	-1.199304E+06	9.512660E+01	5.503037E+01	5.568179E+03
3.58	-1.199304E+06	9.747188E+01	5.503556E+01	5.568179E+03
3.585	-1.199305E+06	1.079765E+02	5.487267E+01	5.568179E+03
3.59	-1.199304E+06	1.008113E+02	5.456131E+01	5.568179E+03
3.595	-1.199304E+06	1.058035E+02	5.394890E+01	5.568179E+03
3.6	-1.199304E+06	1.039773E+02	5.381411E+01	5.568179E+03
3.605	-1.199304E+06	9.975075E+01	5.388173E+01	5.568179E+03
3.61	-1.199304E+06	1.000469E+02	5.383438E+01	5.568179E+03
3.615	-1.199304E+06	1.000079E+02	5.381039E+01	5.568179E+03
3.62	-1.199304E+06	9.938829E+01	5.367622E+01	5.568179E+03
3.625	-1.199304E+06	1.009420E+02	5.379508E+01	5.568179E+03
3.63	-1.199304E+06	1.047817E+02	5.431240E+01	5.568179E+03
3.635	-1.199304E+06	9.897879E+01	5.474393E+01	5.568179E+03
3.64	-1.199304E+06	1.000932E+02	5.454002E+01	5.568179E+03
3.645	-1.199304E+06	1.009102E+02	5.384722E+01	5.568179E+03
3.65	-1.199304E+06	9.808436E+01	5.325973E+01	5.568179E+03
3.655	-1.199304E+06	1.091060E+02	5.302491E+01	5.568179E+03
3.66	-1.199304E+06	1.069047E+02	5.310740E+01	5.568179E+03
3.665	-1.199304E+06	1.029374E+02	5.298101E+01	5.568179E+03
3.67	-1.199304E+06	1.081118E+02	5.258465E+01	5.568179E+03
3.675	-1.199304E+06	9.867345E+01	5.253541E+01	5.568179E+03
3.68	-1.199304E+06	1.008973E+02	5.290846E+01	5.568179E+03
3.685	-1.199304E+06	1.047268E+02	5.357634E+01	5.568179E+03
3.69	-1.199304E+06	9.971474E+01	5.407795E+01	5.568179E+03
3.695	-1.199304E+06	1.038512E+02	5.413967E+01	5.568179E+03
3.7	-1.199304E+06	1.033616E+02	5.409319E+01	5.568179E+03
3.705	-1.199304E+06	1.059975E+02	5.409386E+01	5.568179E+03
3.71	-1.199304E+06	1.056675E+02	5.431110E+01	5.568179E+03
3.715	-1.199304E+06	1.054256E+02	5.444876E+01	5.568179E+03
3.72	-1.199304E+06	1.051692E+02	5.441082E+01	5.568179E+03
3.725	-1.199304E+06	1.049750E+02	5.424475E+01	5.568179E+03
3.73	-1.199304E+06	1.068961E+02	5.395072E+01	5.568179E+03
3.735	-1.199304E+06	1.018512E+02	5.393990E+01	5.568179E+03
3.74	-1.199304E+06	1.092894E+02	5.401900E+01	5.568179E+03
3.745	-1.199304E+06	1.124504E+02	5.384307E+01	5.568179E+03
3.75	-1.199304E+06	1.043638E+02	5.354159E+01	5.568179E+03
3.755	-1.199304E+06	1.090092E+02	5.319803E+01	5.568179E+03
3.76	-1.199304E+06	1.073623E+02	5.305771E+01	5.568179E+03
3.765	-1.199304E+06	1.046309E+02	5.334009E+01	5.568179E+03
3.77	-1.199304E+06	1.021973E+02	5.389589E+01	5.568179E+03
3.775	-1.199304E+06	1.073193E+02	5.410182E+01	5.568179E+03
3.78	-1.199304E+06	1.089191E+02	5.390165E+01	5.568179E+03
3.785	-1.199304E+06	1.058689E+02	5.351143E+01	5.568179E+03
3.79	-1.199304E+06	1.125792E+02	5.313741E+01	5.568179E+03
3.795	-1.199304E+06	1.024398E+02	5.322143E+01	5.568179E+03
3.8	-1.199304E+06	1.088025E+02	5.327992E+01	5.568179E+03
3.805	-1.199304E+06	1.146794E+02	5.325057E+01	5.568179E+03
3.81	-1.199304E+06	1.050455E+02	5.323080E+01	5.568179E+03
3.815	-1.199304E+06	1.100442E+02	5.319778E+01	5.568179E+03
3.82	-1.199304E+06	1.144772E+02	5.354701E+01	5.568179E+03
3.825	-1.199304E+06	1.074683E+02	5.394209E+01	5.568179E+03
3.83	-1.199304E+06	1.003068E+02	5.395333E+01	5.568179E+03
3.835	-1.199304E+06	1.046638E+02	5.373427E+01	5.568179E+03
3.84	-1.199304E+06	1.057386E+02	5.349300E+01	5.568179E+03
3.845	-1.199304E+06	1.080766E+02	5.343574E+01	5.568179E+03
3.85	-1.199304E+06	1.091309E+02	5.380039E+01	5.568179E+03
3.855	-1.199304E+06	1.071021E+02	5.410857E+01	5.568179E+03
3.86	-1.199304E+06	1.112088E+02	5.391032E+01	5.568179E+03
3.865	-1.199304E+06	1.024315E+02	5.351356E+01	5.568179E+03
3.87	-1.199304E+06	1.020360E+02	5.305612E+01	5.568179E+03
3.875	-1.199304E+06	1.106808E+02	5.283499E+01	5.568179E+03
3.88	-1.199304E+06	1.068918E+02	5.297754E+01	5.568179E+03
3.885	-1.199304E+06	1.111282E+02	5.301310E+01	5.568179E+03
3.89	-1.199304E+06	1.216798E+02	5.293912E+01	5.568179E+03
3.895	-1.199304E+06	1.209161E+02	5.301704E+01	5.568179E+03
3.9	-1.199304E+06	1.127766E+02	5.324801E+01	5.568179E+03
3.905	-1.199304E+06	1.143856E+02	5.349603E+01	5.568179E+03
3.91	-1.199304E+06	1.123959E+02	5.352208E+01	5.568179E+03
3.915	-1.199304E+06	1.183516E+02	5.290627E+01	5.568179E+03
3.92	-1.199304E+06	1.184610E+02	5.221764E+01	5.568179E+03
3.925	-1.199304E+06	1.146776E+02	5.201947E+01	5.568179E+03
3.93	-1.199304E+06	1.207614E+02	5.208095E+01	5.568179E+03
3.935	-1.199304E+06	1.087553E+02	5.211814E+01	5.568179E+03
3.94	-1.199304E+06	1.064376E+02	5.171480E+01	5.568179E+03
3.945	-1.199304E+06	1.123725E+02	5.105922E+01	5.568179E+03
3.95	-1.199304E+06	1.145775E+02	5.060923E+01	5.568179E+03
3.955	-1.199304E+06	1.189954E+02	5.049176E+01	5.568179E+03
3.96	-1.199304E+06	1.175743E+02	5.042460E+01	5.568179E+03
3.965	-1.199304E+06	1.138794E+02	5.023056E+01	5.568179E+03
3.97	-1.199303E+06	1.068953E+02	5.008359E+01	5.568179E+03
3.975	-1.199304E+06	1.101518E+02	5.000406E+01	5.568179E+03
3.98	-1.199304E+06	1.117153E+02	5.032609E+01	5.568179E+03
3.985	-1.199303E+06	1.141612E+02	5.108315E+01	5.568179E+03
3.99	-1.199304E+06	1.194454E+02	5.195007E+01	5.568179E+03
3.995	-1.199303E+06	1.158255E+02	5.259049E+01	5.568179E+03
4.0	-1.199304E+06	1.200218E+02	5.275598E+01	5.568179E+03
4.005	-1.199304E+06	1.157404E+02	5.269775E+01	5.568179E+03
4.01	-1.199303E+06	1.097558E+02	5.260480E+01	5.568179E+03
4.015	-1.199304E+06	1.143682E+02	5.269266E+01	5.568179E+03
4.02	-1.199303E+06	1.159641E+02	5.273138E+01	5.568179E+03
4.025	-1.199304E+06	1.301076E+02	5.209743E+01	5.568179E+03
4.03	-1.199304E+06	1.288148E+02	5.126508E+01	5.568179E+03
4.035	-1.199303E+06	1.227654E+02	5.054038E+01	5.568179E+03
4.04	-1.199304E+06	1.243470E+02	5.016880E+01	5.568179E+03
4.045	-1.199303E+06	1.126091E+02	5.029981E+01	5.568179E+03
4.05	-1.199304E+06	1.192590E+02	5.008481E+01	5.568179E+03
4.055	-1.199304E+06	1.238970E+02	4.961808E+01	5.568179E+03
4.06	-1.199303E+06	1.185097E+02	4.936984E+01	5.568179E+03
4.065	-1.199304E+06	1.298724E+02	4.958304E+01	5.568179E+03
4.07	-1.199304E+06	1.287124E+02	5.045194E+01	5.568179E+03
4.075	-1.199303E+06	1.222057E+02	5.124575E+01	5.568179E+03
4.08	-1.199303E+06	1.213699E+02	5.165927E+01	5.568179E+03
4.085	-1.199303E+06	1.233445E+02	5.186067E+01	5.568179E+03
4.09	-1.199304E+06	1.246047E+02	5.212086E+01	5.568179E+03
4.095	-1.199303E+06	1.198319E+02	5.250395E+01	5.568179E+03
4.1	-1.199303E+06	1.232348E+02	5.246769E+01	5.568179E+03
4.105	-1.199303E+06	1.212532E+02	5.186109E+01	5.568179E+03
4.11	-1.199303E+06	1.195374E+02	5.073466E+01	5.568179E+03
4.115	-1.199303E+06	1.197555E+02	4.985051E+01	5.568179E+03
4.12	-1.199303E+06	1.175009E+02	4.964807E+01	5.568179E+03
4.125	-1.199303E+06	1.232107E+02	4.939426E+01	5.568179E+03
4.13	-1.199303E+06	1.182353E+02	4.904473E+01	5.568179E+03
4.135	-1.199303E+06	1.232625E+02	4.845483E+01	5.568179E+03
4.14	-1.199303E+06	1.341038E+02	4.793523E+01	5.568179E+03
4.145	-1.199303E+06	1.320766E+02	4.817051E+01	5.568179E+03
4.15	-1.199303E+06	1.312158E+02	4.884127E+01	5.568179E+03
4.155	-1.199303E+06	1.247904E+02	4.984677E+01	5.568179E+03
4.16	-1.199303E+06	1.295031E+02	5.093702E+01	5.568179E+03
4.165	-1.199303E+06	1.334708E+02	5.167974E+01	5.568179E+03
4.17	-1.199303E+06	1.250945E+02	5.220980E+01	5.568179E+03
4.175	-1.199303E+06	1.350295E+02	5.242805E+01	5.568179E+03
4.18	-1.199303E+06	1.346764E+02	5.236765E+01	5.568179E+03
4.185	-1.199303E+06	1.260989E+02	5.202684E+01	5.568179E+03
4.19	-1.199303E+06	1.215831E+02	5.143202E+01	5.568179E+03
4.195	-1.199303E+06	1.221389E+02	5.066799E+01	5.568179E+03
4.2	-1.199303E+06	1.268612E+02	4.999576E+01	5.568179E+03
4.205	-1.199303E+06	1.294262E+02	4.974231E+01	5.568179E+03
4.21	-1.199303E+06	1.351297E+02	4.985140E+01	5.568179E+03
4.215	-1.199303E+06	1.389497E+02	4.991437E+01	5.568179E+03
4.22	-1.199303E+06	1.385461E+02	4.957709E+01	5.568179E+03
4.225	-1.199303E+06	1.338041E+02	4.916529E+01	5.568179E+03
4.23	-1.199303E+06	1.302506E+02	4.942290E+01	5.568179E+03
4.235	-1.199303E+06	1.318970E+02	5.031877E+01	5.568179E+03
4.24	-1.199303E+06	1.260365E+02	5.111250E+01	5.568179E+03
4.245	-1.199303E+06	1.319150E+02	5.135748E+01	5.568179E+03
4.25	-1.199303E+06	1.361981E+02	5.127646E+01	5.568179E+03
4.255	-1.199303E+06	1.296212E+02	5.107442E+01	5.568179E+03
4.26	-1.199303E+06	1.320601E+02	5.098840E+01	5.568179E+03
4.265	-1.199303E+06	1.282268E+02	5.106706E+01	5.568179E+03
4.27	-1.199303E+06	1.362484E+02	5.072123E+01	5.568179E+03
4.275	-1.199303E+06	1.449436E+02	5.014530E+01	5.568179E+03
4.28	-1.199303E+06	1.359345E+02	5.018869E+01	5.568179E+03
4.285	-1.199303E+06	1.393078E+02	5.086704E+01	5.568179E+03
4.29	-1.199303E+06	1.388182E+02	5.184321E+01	5.568179E+03
4.295	-1.199303E+06	1.441418E+02	5.241381E+01	5.568179E+03
4.3	-1.199303E+06	1.428497E+02	5.246590E+01	5.568179E+03
4.305	-1.199303E+06	1.391200E+02	5.261026E+01	5.568179E+03
4.31	-1.199303E+06	1.415617E+02	5.303540E+01	5.568179E+03
4.315	-1.199303E+06	1.422158E+02	5.331075E+01	5.568179E+03
4.32	-1.199303E+06	1.412182E+02	5.329654E+01	5.568179E+03
4.325	-1.199303E+06	1.382851E+02	5.303033E+01	5.568179E+03
4.33	-1.199303E+06	1.515625E+02	5.240766E+01	5.568179E+03
4.335	-1.199303E+06	1.466883E+02	5.197183E+01	5.568179E+03
4.34	-1.199303E+06	1.416944E+02	5.161522E+01	5.568179E+03
4.345	-1.199303E+06	1.516338E+02	5.117429E+01	5.568179E+03
4.35	-1.199303E+06	1.454349E+02	5.085778E+01	5.568179E+03
4.355	-1.199303E+06	1.459079E+02	5.035789E+01	5.568179E+03
4.36	-1.199303E+06	1.432956E+02	5.006209E+01	5.568179E+03
4.365	-1.199303E+06	1.398997E+02	5.016714E+01	5.568179E+03
4.37	-1.199303E+06	1.409652E+02	5.052597E+01	5.568179E+03
4.375	-1.199303E+06	1.429608E+02	5.130553E+01	5.568179E+03
4.38	-1.199303E+06	1.533096E+02	5.217107E+01	5.568179E+03
4.385	-1.199303E+06	1.559388E+02	5.261922E+01	5.568179E+03
4.39	-1.199303E+06	1.477958E+02	5.275687E+01	5.568179E+03
4.395	-1.199303E+06	1.440949E+02	5.293203E+01	5.568179E+03
4.4	-1.199303E+06	1.435285E+02	5.303169E+01	5.568179E+03
4.405	-1.199303E+06	1.421348E+02	5.276160E+01	5.568179E+03
4.41	-1.199303E+06	1.416546E+02	5.222448E+01	5.568179E+03
4.415	-1.199303E+06	1.523115E+02	5.136241E+01	5.568179E+03
4.42	-1.199303E+06	1.552839E+02	5.078289E+01	5.568179E+03
4.425	-1.199303E+06	1.531697E+02	5.087349E+01	5.568179E+03
4.43	-1.199303E+06	1.527082E+02	5.098470E+01	5.568179E+03
4.435	-1.199303E+06	1.510234E+02	5.092536E+01	5.568179E+03
4.44	-1.199303E+06	1.489531E+02	5.062507E+01	5.568179E+03
4.445	-1.199303E+06	1.487466E+02	5.027580E+01	5.568179E+03
4.45	-1.199303E+06	1.528454E+02	5.078331E+01	5.568179E+03
4.455	-1.199303E+06	1.543388E+02	5.180913E+01	5.568179E+03
4.46	-1.199303E+06	1.584916E+02	5.263266E+01	5.568179E+03
4.465	-1.199303E+06	1.624850E+02	5.328761E+01	5.568179E+03
4.47	-1.199303E+06	1.591723E+02	5.373153E+01	5.568179E+03
4.475	-1.199303E+06	1.586355E+02	5.410833E+01	5.568179E+03
4.48	-1.199303E+06	1.638556E+02	5.420149E+01	5.568179E+03
4.485	-1.199303E+06	1.670556E+02	5.366928E+01	5.568179E+03
4.49	-1.199303E+06	1.704252E+02	5.249043E+01	5.568179E+03
4.495	-1.199303E+06	1.708612E+02	5.099376E+01	5.568179E+03
4.5	-1.199303E+06	1.614357E+02	5.004786E+01	5.568179E+03
4.505	-1.199303E+06	1.521756E+02	4.984924E+01	5.568179E+03
4.51	-1.199303E+06	1.541740E+02	4.987569E+01	5.568179E+03
4.515	-1.199303E+06	1.604257E+02	4.997299E+01	5.568179E+03
4.52	-1.199303E+06	1.741998E+02	5.016668E+01	5.568179E+03
4.525	-1.199302E+06	1.587727E+02	5.102505E+01	5.568179E+03
4.53	-1.199302E+06	1.566987E+02	5.225783E+01	5.568179E+03
4.535	-1.199303E+06	1.718517E+02	5.368577E+01	5.568179E+03
4.54	-1.199303E+06	1.718163E+02	5.511649E+01	5.568179E+03
4.545	-1.199303E+06	1.702545E+02	5.578893E+01	5.568179E+03
4.55	-1.199302E+06	1.567489E+02	5.569303E+01	5.568179E+03
4.555	-1.199303E+06	1.566690E+02	5.512019E+01	5.568179E+03
4.56	-1.199303E+06	1.677488E+02	5.447226E+01	5.568179E+03
4.565	-1.199303E+06	1.680161E+02	5.366558E+01	5.568179E+03
4.57	-1.199303E+06	1.672346E+02	5.256865E+01	5.568179E+03
4.575	-1.199303E+06	1.670074E+02	5.151754E+01	5.568179E+03
4.58	-1.199303E+06	1.699586E+02	5.057068E+01	5.568179E+03
4.585	-1.199303E+06	1.714796E+02	5.029741E+01	5.568179E+03
4.59	-1.199303E+06	1.757535E+02	5.089218E+01	5.568179E+03
4.595	-1.199303E+06	1.788527E+02	5.175493E+01	5.568179E+03
4.6	-1.199302E+06	1.745417E+02	5.249328E+01	5.568179E+03
4.605	-1.199303E+06	1.803275E+02	5.278936E+01	5.568179E+03
4.61	-1.199303E+06	1.730798E+02	5.346818E+01	5.568179E+03
4.615	-1.199303E+06	1.714039E+02	5.474352E+01	5.568179E+03
4.62	-1.199303E+06	1.772734E+02	5.590509E+01	5.568179E+03
4.625	-1.199302E+06	1.751615E+02	5.677713E+01	5.568179E+03
4.63	-1.199303E+06	1.888510E+02	5.688281E+01	5.568179E+03
4.635	-1.199303E+06	1.882336E+02	5.636294E+01	5.568179E+03
4.64	-1.199302E+06	1.803146E+02	5.587610E+01	5.568179E+03
4.645	-1.199303E+06	1.938421E+02	5.531605E+01	5.568179E+03
4.65	-1.199303E+06	1.897965E+02	5.444754E+01	5.568179E+03
4.655	-1.199303E+06	1.754749E+02	5.297469E+01	5.568179E+03
4.66	-1.199302E+06	1.660253E+02	5.150963E+01	5.568179E+03
4.665	-1.199302E+06	1.737339E+02	5.112589E+01	5.568179E+03
4.67	-1.199303E+06	1.838628E+02	5.185641E+01	5.568179E+03
4.675	-1.199302E+06	1.758097E+02	5.289881E+01	5.568179E+03
4.68	-1.199302E+06	1.671440E+02	5.376301E+01	5.568179E+03
4.685	-1.199302E+06	1.785516E+02	5.448246E+01	5.568179E+03
4.69	-1.199302E+06	1.926073E+02	5.527707E+01	5.568179E+03
4.695	-1.199302E+06	1.950942E+02	5.606218E+01	5.568179E+03
4.7	-1.199302E+06	1.905930E+02	5.665904E+01	5.568179E+03
4.705	-1.199302E+06	1.982904E+02	5.697607E+01	5.568179E+03
4.71	-1.199303E+06	2.081199E+02	5.687892E+01	5.568179E+03
4.715	-1.199302E+06	1.983773E+02	5.632911E+01	5.568179E+03
4.72	-1.199302E+06	1.914249E+02	5.568446E+01	5.568179E+03
4.725	-1.199302E+06	1.864720E+02	5.539418E+01	5.568179E+03
4.73	-1.199302E+06	1.884793E+02	5.536075E+01	5.568179E+03
4.735	-1.199302E+06	1.937510E+02	5.546827E+01	5.568179E+03
4.74	-1.199302E+06	2.014334E+02	5.524801E+01	5.568179E+03
4.745	-1.199303E+06	2.025284E+02	5.488693E+01	5.568179E+03
4.75	-1.199302E+06	1.870040E+02	5.515322E+01	5.568179E+03
4.755	-1.199303E+06	2.043319E+02	5.552867E+01	5.568179E+03
4.76	-1.199302E+06	1.945062E+02	5.604415E+01	5.568179E+03
4.765	-1.199302E+06	1.828290E+02	5.634466E+01	5.568179E+03
4.77	-1.199302E+06	2.024731E+02	5.604576E+01	5.568179E+03
4.775	-1.199302E+06	1.984192E+02	5.567475E+01	5.568179E+03
4.78	-1.199302E+06	2.072504E+02	5.522749E+01	5.568179E+03
4.785	-1.199302E+06	2.048078E+02	5.485228E+01	5.568179E+03
4.79	-1.199302E+06	1.987490E+02	5.420329E+01	5.568179E+03
4.795	-1.199302E+06	1.997928E+02	5.328639E+01	5.568179E+03
4.8	-1.199302E+06	2.088916E+02	5.265953E+01	5.568179E+03
4.805	-1.199302E+06	2.235414E+02	5.284064E+01	5.568179E+03
4.81	-1.199302E+06	2.006769E+02	5.375141E+01	5.568179E+03
4.815	-1.199302E+06	2.033231E+02	5.434435E+01	5.568179E+03
4.82	-1.199302E+06	2.085406E+02	5.459991E+01	5.568179E+03
4.825	-1.199302E+06	1.895857E+02	5.453465E+01	5.568179E+03
4.83	-1.199302E+06	1.924864E+02	5.479193E+01	5.568179E+03
4.835	-1.199302E+06	1.904530E+02	5.631408E+01	5.568179E+03
4.84	-1.199302E+06	2.113485E+02	5.762449E+01	5.568179E+03
4.845	-1.199302E+06	2.169940E+02	5.829751E+01	5.568179E+03
4.85	-1.199302E+06	2.158269E+02	5.828134E+01	5.568179E+03
4.855	-1.199302E+06	2.298813E+02	5.741298E+01	5.568179E+03
4.86	-1.199302E+06	2.241982E+02	5.662218E+01	5.568179E+03
4.865	-1.199302E+06	2.244480E+02	5.585144E+01	5.568179E+03
4.87	-1.199302E+06	2.167143E+02	5.490725E+01	5.568179E+03
4.875	-1.199302E+06	2.190768E+02	5.384834E+01	5.568179E+03
4.88	-1.199302E+06	2.241430E+02	5.289317E+01	5.568179E+03
4.885	-1.199302E+06	2.176180E+02	5.248401E+01	5.568179E+03
4.89	-1.199302E+06	2.225657E+02	5.281480E+01	5.568179E+03
4.895	-1.199302E+06	2.315749E+02	5.360102E+01	5.568179E+03
4.9	-1.199302E+06	2.339189E+02	5.433202E+01	5.568179E+03
4.905	-1.199302E+06	2.307903E+02	5.495698E+01	5.568179E+03
4.91	-1.199302E+06	2.340149E+02	5.576732E+01	5.568179E+03
4.915	-1.199302E+06	2.403234E+02	5.672684E+01	5.568179E+03
4.92	-1.199302E+06	2.318339E+02	5.762292E+01	5.568179E+03
4.925	-1.199301E+06	2.238274E+02	5.815542E+01	5.568179E+03
4.93	-1.199302E+06	2.311378E+02	5.815869E+01	5.568179E+03
4.935	-1.199301E+06	2.259381E+02	5.761598E+01	5.568179E+03
4.94	-1.199301E+06	2.236704E+02	5.663996E+01	5.568179E+03
4.945	-1.199301E+06	2.240481E+02	5.589398E+01	5.568179E+03
4.95	-1.199301E+06	2.238242E+02	5.529500E+01	5.568179E+03
4.955	-1.199302E+06	2.448887E+02	5.438855E+01	5.568179E+03
4.96	-1.199301E+06	2.261767E+02	5.333503E+01	5.568179E+03
4.965	-1.199301E+06	2.229628E+02	5.194491E+01	5.568179E+03
4.97	-1.199302E+06	2.390157E+02	5.153729E+01	5.568179E+03
4.975	-1.199301E+06	2.338336E+02	5.220997E+01	5.568179E+03
4.98	-1.199302E+06	2.386853E+02	5.280891E+01	5.568179E+03
4.985	-1.199301E+06	2.301640E+02	5.355374E+01	5.568179E+03
4.99	-1.199302E+06	2.503310E+02	5.393962E+01	5.568179E+03
4.995	-1.199301E+06	2.403055E+02	5.458868E+01	5.568179E+03
5.0	-1.199301E+06	2.331813E+02	5.540821E+01	5.568179E+03
5.005	-1.199302E+06	2.560662E+02	5.590761E+01	5.568179E+03
5.01	-1.199301E+06	2.444874E+02	5.626998E+01	5.568179E+03
5.015	-1.199301E+06	2.453347E+02	5.580523E+01	5.568179E+03
5.02	-1.199301E+06	2.510245E+02	5.530507E+01	5.568179E+03
5.025	-1.199301E+06	2.697566E+02	5.506225E+01	5.568179E+03
5.03	-1.199301E+06	2.636554E+02	5.482358E+01	5.568179E+03
5.035	-1.199301E+06	2.501066E+02	5.446403E+01	5.568179E+03
5.04	-1.199301E+06	2.601455E+02	5.387026E+01	5.568179E+03
5.045	-1.199301E+06	2.562985E+02	5.338208E+01	5.568179E+03
5.05	-1.199301E+06	2.602649E+02	5.314265E+01	5.568179E+03
5.055	-1.199301E+06	2.688362E+02	5.352544E+01	5.568179E+03
5.06	-1.199301E+06	2.613090E+02	5.419125E+01	5.568179E+03
5.065	-1.199301E+06	2.629518E+02	5.424968E+01	5.568179E+03
5.07	-1.199301E+06	2.560250E+02	5.397648E+01	5.568179E+03
5.075	-1.199301E+06	2.452439E+02	5.371386E+01	5.568179E+03
5.08	-1.199301E+06	2.564119E+02	5.370775E+01	5.568179E+03
5.085	-1.199301E+06	2.528800E+02	5.397884E+01	5.568179E+03
5.09	-1.199301E+06	2.569391E+02	5.390242E+01	5.568179E+03
5.095	-1.199301E+06	2.714537E+02	5.350094E+01	5.568179E+03
5.1	-1.199301E+06	2.719990E+02	5.304902E+01	5.568179E+03
5.105	-1.199301E+06	2.833847E+02	5.322783E+01	5.568179E+03
5.11	-1.199301E+06	2.771161E+02	5.406399E+01	5.568179E+03
5.115	-1.199301E+06	2.671313E+02	5.451358E+01	5.568179E+03
5.12	-1.199301E+06	2.671738E+02	5.457576E+01	5.568179E+03
5.125	-1.199300E+06	2.785889E+02	5.419431E+01	5.568179E+03
5.13	-1.199301E+06	2.936046E+02	5.418300E+01	5.568179E+03
5.135	-1.199300E+06	2.862987E+02	5.535589E+01	5.568179E+03
5.14	-1.199301E+06	3.067566E+02	5.611915E+01	5.568179E+03
5.145	-1.199300E+06	2.934130E+02	5.619229E+01	5.568179E+03
5.15	-1.199300E+06	2.741526E+02	5.556866E+01	5.568179E+03
5.155	-1.199301E+06	2.815293E+02	5.456624E+01	5.568179E+03
5.16	-1.199300E+06	2.722621E+02	5.431419E+01	5.568179E+03
5.165	-1.199300E+06	2.862588E+02	5.445466E+01	5.568179E+03
5.17	-1.199300E+06	2.839681E+02	5.453372E+01	5.568179E+03
5.175	-1.199300E+06	2.755630E+02	5.443624E+01	5.568179E+03
5.18	-1.199300E+06	2.947935E+02	5.423117E+01	5.568179E+03
5.185	-1.199300E+06	3.040595E+02	5.433043E+01	5.568179E+03
5.19	-1.199300E+06	3.030455E+02	5.494824E+01	5.568179E+03
5.195	-1.199300E+06	2.914532E+02	5.579729E+01	5.568179E+03
5.2	-1.199301E+06	2.950250E+02	5.577637E+01	5.568179E+03
5.205	-1.199300E+06	2.825378E+02	5.522804E+01	5.568179E+03
5.21	-1.199300E+06	2.933684E+02	5.454455E+01	5.568179E+03
5.215	-1.199301E+06	3.143659E+02	5.418955E+01	5.568179E+03
5.22	-1.199299E+06	2.849155E+02	5.485574E+01	5.568179E+03
5.225	-1.199300E+06	2.992087E+02	5.543330E+01	5.568179E+03
5.23	-1.199300E+06	3.168625E+02	5.576748E+01	5.568179E+03
5.235	-1.199300E+06	3.069036E+02	5.573029E+01	5.568179E+03
5.24	-1.199300E+06	3.136664E+02	5.511261E+01	5.568179E+03
5.245	-1.199300E+06	3.084113E+02	5.524189E+01	5.568179E+03
5.25	-1.199300E+06	2.998682E+02	5.567020E+01	5.568179E+03
5.255	-1.199300E+06	3.146263E+02	5.539550E+01	5.568179E+03
5.26	-1.199300E+06	3.135655E+02	5.495009E+01	5.568179E+03
5.265	-1.199300E+06	3.103868E+02	5.408365E+01	5.568179E+03
5.27	-1.199300E+06	3.255199E+02	5.369190E+01	5.568179E+03
5.275	-1.199300E+06	3.205217E+02	5.443237E+01	5.568179E+03
5.28	-1.199300E+06	3.189115E+02	5.453500E+01	5.568179E+03
5.285	-1.199300E+06	3.306632E+02	5.367768E+01	5.568179E+03
5.29	-1.199299E+06	3.105436E+02	5.277874E+01	5.568179E+03
5.295	-1.199299E+06	3.077417E+02	5.215212E+01	5.568179E+03
5.3	-1.199300E+06	3.345408E+02	5.246861E+01	5.568179E+03
5.305	-1.199300E+06	3.308897E+02	5.329962E+01	5.568179E+03
5.31	-1.199300E+06	3.272639E+02	5.360677E+01	5.568179E+03
5.315	-1.199300E+06	3.339265E+02	5.358863E+01	5.568179E+03
5.32	-1.199299E+06	3.215698E+02	5.362583E+01	5.568179E+03
5.325	-1.199300E+06	3.310909E+02	5.386299E+01	5.568179E+03
5.33	-1.199300E+06	3.419734E+02	5.461957E+01	5.568179E+03
5.335	-1.199299E+06	3.315959E+02	5.513225E+01	5.568179E+03
5.34	-1.199300E+06	3.420604E+02	5.431435E+01	5.568179E+03
5.345	-1.199300E+06	3.418403E+02	5.319251E+01	5.568179E+03
5.35	-1.199299E+06	3.355644E+02	5.298387E+01	5.568179E+03
5.355	-1.199299E+06	3.445404E+02	5.357183E+01	5.568179E+03
5.36	-1.199299E+06	3.584692E+02	5.451490E+01	5.568179E+03
5.365	-1.199300E+06	3.683185E+02	5.500453E+01	5.568179E+03
5.37	-1.199299E+06	3.592328E+02	5.486826E+01	5.568179E+03
5.375	-1.199299E+06	3.579077E+02	5.471845E+01	5.568179E+03
5.38	-1.199299E+06	3.463711E+02	5.533578E+01	5.568179E+03
5.385	-1.199299E+06	3.408712E+02	5.598083E+01	5.568179E+03
5.39	-1.199299E+06	3.462517E+02	5.593081E+01	5.568179E+03
5.395	-1.199299E+06	3.534017E+02	5.524375E+01	5.568179E+03
5.4	-1.199299E+06	3.654833E+02	5.395437E+01	5.568179E+03
5.405	-1.199299E+06	3.618645E+02	5.280364E+01	5.568179E+03
5.41	-1.199299E+06	3.530845E+02	5.199330E+01	5.568179E+03
5.415	-1.199299E+06	3.539921E+02	5.139824E+01	5.568179E+03
5.42	-1.199299E+06	3.599406E+02	5.130366E+01	5.568179E+03
5.425	-1.199299E+06	3.454981E+02	5.104863E+01	5.568179E+03
5.43	-1.199299E+06	3.502283E+02	5.006117E+01	5.568179E+03
5.435	-1.199299E+06	3.645869E+02	5.008799E+01	5.568179E+03
5.44	-1.199299E+06	3.795289E+02	5.128903E+01	5.568179E+03
5.445	-1.199299E+06	3.957541E+02	5.237582E+01	5.568179E+03
5.45	-1.199299E+06	3.927961E+02	5.294768E+01	5.568179E+03
5.455	-1.199299E+06	3.813943E+02	5.219475E+01	5.568179E+03
5.46	-1.199298E+06	3.715809E+02	5.120923E+01	5.568179E+03
5.465	-1.199299E+06	3.872312E+02	5.171378E+01	5.568179E+03
5.47	-1.199298E+06	3.625874E+02	5.290664E+01	5.568179E+03
5.475	-1.199299E+06	3.769243E+02	5.320019E+01	5.568179E+03
5.48	-1.199299E+06	3.852182E+02	5.366236E+01	5.568179E+03
5.485	-1.199298E+06	3.770996E+02	5.382988E+01	5.568179E+03
5.49	-1.199299E+06	4.189668E+02	5.365849E+01	5.568179E+03
5.495	-1.199298E+06	3.884171E+02	5.422410E+01	5.568179E+03
5.5	-1.199298E+06	3.787984E+02	5.324923E+01	5.568179E+03
5.505	-1.199299E+06	3.947876E+02	5.111686E+01	5.568179E+03
5.51	-1.199298E+06	3.735310E+02	4.939121E+01	5.568179E+03
5.515	-1.199298E+06	3.841048E+02	4.815245E+01	5.568179E+03
5.52	-1.199298E+06	4.005269E+02	4.833279E+01	5.568179E+03
5.525	-1.199298E+06	4.172173E+02	4.935961E+01	5.568179E+03
5.53	-1.199298E+06	4.222365E+02	4.977444E+01	5.568179E+03
5.535	-1.199298E+06	4.088643E+02	4.983245E+01	5.568179E+03
5.54	-1.199298E+06	4.005347E+02	5.035312E+01	5.568179E+03
5.545	-1.199298E+06	3.981192E+02	5.146060E+01	5.568179E+03
5.55	-1.199298E+06	4.024041E+02	5.300591E+01	5.568179E+03
5.555	-1.199298E+06	4.095869E+02	5.416314E+01	5.568179E+03
5.56	-1.199298E+06	4.317106E+02	5.432881E+01	5.568179E+03
5.565	-1.199298E+06	4.271035E+02	5.369088E+01	5.568179E+03
5.57	-1.199297E+06	4.042330E+02	5.220696E+01	5.568179E+03
5.575	-1.199299E+06	4.306467E+02	5.099066E+01	5.568179E+03
5.58	-1.199298E+06	4.099526E+02	5.114239E+01	5.568179E+03
5.585	-1.199297E+06	4.085619E+02	5.065970E+01	5.568179E+03
5.59	-1.199298E+06	4.398918E+02	5.003325E+01	5.568179E+03
5.595	-1.199297E+06	4.417618E+02	4.970007E+01	5.568179E+03
5.6	-1.199298E+06	4.571734E+02	4.905020E+01	5.568179E+03
5.605	-1.199297E+06	4.234622E+02	4.976084E+01	5.568179E+03
5.61	-1.199297E+06	4.125746E+02	5.000083E+01	5.568179E+03
5.615	-1.199298E+06	4.426800E+02	4.949817E+01	5.568179E+03
5.62	-1.199297E+06	4.191593E+02	5.014433E+01	5.568179E+03
5.625	-1.199297E+06	4.411113E+02	5.024015E+01	5.568179E+03
5.63	-1.199298E+06	4.705855E+02	5.060467E+01	5.568179E+03
5.635	-1.199297E+06	4.431699E+02	5.129895E+01	5.568179E+03
5.64	-1.199297E+06	4.525213E+02	5.024090E+01	5.568179E+03
5.645	-1.199298E+06	4.641558E+02	4.880571E+01	5.568179E+03
5.65	-1.199297E+06	4.348409E+02	4.762178E+01	5.568179E+03
5.655	-1.199297E+06	4.395811E+02	4.672834E+01	5.568179E+03
5.66	-1.199298E+06	4.727426E+02	4.765946E+01	5.568179E+03
5.665	-1.199297E+06	4.610734E+02	4.943710E+01	5.568179E+03
5.67	-1.199297E+06	4.549350E+02	5.006768E+01	5.568179E+03
5.675	-1.199298E+06	4.649159E+02	5.050540E+01	5.568179E+03
5.68	-1.199297E+06	4.557576E+02	5.137970E+01	5.568179E+03
5.685	-1.199298E+06	4.787966E+02	5.154295E+01	5.568179E+03
5.69	-1.199297E+06	4.413946E+02	5.199712E+01	5.568179E+03
5.695	-1.199296E+06	4.426002E+02	5.201898E+01	5.568179E+03
5.7	-1.199298E+06	5.025141E+02	5.120309E+01	5.568179E+03
5.705	-1.199297E+06	4.780743E+02	5.093032E+01	5.568179E+03
5.71	-1.199296E+06	4.565869E+02	5.127891E+01	5.568179E+03
5.715	-1.199298E+06	4.795042E+02	5.189905E+01	5.568179E+03
5.72	-1.199296E+06	4.623394E+02	5.256868E+01	5.568179E+03
5.725	-1.199297E+06	4.960112E+02	5.162758E+01	5.568179E+03
5.73	-1.199297E+06	5.212475E+02	4.969216E+01	5.568179E+03
5.735	-1.199297E+06	5.032029E+02	4.824063E+01	5.568179E+03
5.74	-1.199297E+06	4.834348E+02	4.757007E+01	5.568179E+03
5.745	-1.199297E+06	4.729249E+02	4.755348E+01	5.568179E+03
5.75	-1.199296E+06	4.708892E+02	4.807480E+01	5.568179E+03
5.755	-1.199297E+06	4.822357E+02	4.855591E+01	5.568179E+03
5.76	-1.199296E+06	4.882567E+02	4.896583E+01	5.568179E+03
5.765	-1.199296E+06	4.920650E+02	5.002422E+01	5.568179E+03
5.77	-1.199296E+06	5.001514E+02	5.120378E+01	5.568179E+03
5.775	-1.199296E+06	5.016061E+02	5.178022E+01	5.568179E+03
5.78	-1.199296E+06	5.006425E+02	5.195429E+01	5.568179E+03
5.785	-1.199296E+06	5.133984E+02	5.091767E+01	5.568179E+03
5.79	-1.199296E+06	5.104380E+02	4.955760E+01	5.568179E+03
5.795	-1.199296E+06	5.147199E+02	4.832463E+01	5.568179E+03
5.8	-1.199296E+06	5.011037E+02	4.669852E+01	5.568179E+03
5.805	-1.199295E+06	4.831364E+02	4.524797E+01	5.568179E+03
5.81	-1.199296E+06	5.106374E+02	4.357701E+01	5.568179E+03
5.815	-1.199296E+06	5.227509E+02	4.219472E+01	5.568179E+03
5.82	-1.199296E+06	5.221396E+02	4.248330E+01	5.568179E+03
5.825	-1.199295E+06	5.092474E+02	4.408012E+01	5.568179E+03
5.83	-1.199296E+06	5.268600E+02	4.561887E+01	5.568179E+03
5.835	-1.199296E+06	5.423587E+02	4.728704E+01	5.568179E+03
5.84	-1.199296E+06	5.403499E+02	4.879144E+01	5.568179E+03
5.845	-1.199295E+06	5.240027E+02	5.024745E+01	5.568179E+03
5.85	-1.199296E+06	5.360430E+02	5.099016E+01	5.568179E+03
5.855	-1.199296E+06	5.350909E+02	5.100147E+01	5.568179E+03
5.86	-1.199295E+06	5.334914E+02	5.039415E+01	5.568179E+03
5.865	-1.199296E+06	5.449134E+02	4.911369E+01	5.568179E+03
5.87	-1.199295E+06	5.388725E+02	4.799481E+01	5.568179E+03
5.875	-1.199296E+06	5.618131E+02	4.670844E+01	5.568179E+03
5.88	-1.199296E+06	5.717443E+02	4.531502E+01	5.568179E+03
5.885	-1.199295E+06	5.477666E+02	4.368897E+01	5.568179E+03
5.89	-1.199295E+06	5.225604E+02	4.150353E+01	5.568179E+03
5.895	-1.199295E+06	5.175877E+02	3.933653E+01	5.568179E+03
5.9	-1.199295E+06	5.065754E+02	3.874527E+01	5.568179E+03
5.905	-1.199295E+06	5.438149E+02	4.030738E+01	5.568179E+03
5.91	-1.199296E+06	5.695891E+02	4.265375E+01	5.568179E+03
5.915	-1.199294E+06	5.355679E+02	4.430797E+01	5.568179E+03
5.92	-1.199295E+06	5.347608E+02	4.532968E+01	5.568179E+03
5.925	-1.199295E+06	5.396281E+02	4.590791E+01	5.568179E+03
5.93	-1.199295E+06	5.260821E+02	4.684332E+01	5.568179E+03
5.935	-1.199294E+06	5.189530E+02	4.847848E+01	5.568179E+03
5.94	-1.199296E+06	5.703363E+02	4.843622E+01	5.568179E+03
5.945	-1.199294E+06	5.514657E+02	4.778866E+01	5.568179E+03
5.95	-1.199295E+06	5.794438E+02	4.557450E+01	5.568179E+03
5.955	-1.199296E+06	5.905044E+02	4.296503E+01	5.568179E+03
5.96	-1.199293E+06	5.307009E+02	4.311350E+01	5.568179E+03
5.965	-1.199295E+06	5.594550E+02	4.375762E+01	5.568179E+03
5.97	-1.199294E+06	5.785813E+02	4.429038E+01	5.568179E+03
5.975	-1.199295E+06	6.091934E+02	4.489197E+01	5.568179E+03
5.98	-1.199295E+06	6.201499E+02	4.483575E+01	5.568179E+03
5.985	-1.199295E+06	6.194783E+02	4.501871E+01	5.568179E+03
5.99	-1.199294E+06	5.893942E+02	4.646589E+01	5.568179E+03
5.995	-1.199294E+06	5.640657E+02	4.733845E+01	5.568179E+03
6.0	-1.199295E+06	5.829530E+02	4.724885E+01	5.568179E+03
6.005	-1.199294E+06	5.639533E+02	4.694743E+01	5.568179E+03
6.01	-1.199294E+06	5.708434E+02	4.671334E+01	5.568179E+03
6.015	-1.199295E+06	6.199353E+02	4.732216E+01	5.568179E+03
6.02	-1.199294E+06	5.899449E+02	4.810348E+01	5.568179E+03
6.025	-1.199294E+06	5.866416E+02	4.780576E+01	5.568179E+03
6.03	-1.199295E+06	6.204423E+02	4.661035E+01	5.568179E+03
6.035	-1.199294E+06	5.888435E+02	4.501317E+01	5.568179E+03
6.04	-1.199294E+06	5.845395E+02	4.363276E+01	5.568179E+03
6.045	-1.199294E+06	5.837259E+02	4.333943E+01	5.568179E+03
6.05	-1.199294E+06	5.852360E+02	4.382543E+01	5.568179E+03
6.055	-1.199294E+06	6.104377E+02	4.443818E+01	5.568179E+03
6.06	-1.199294E+06	6.037986E+02	4.524617E+01	5.568179E+03
6.065	-1.199294E+06	5.929951E+02	4.627361E+01	5.568179E+03
6.07	-1.199294E+06	5.974964E+02	4.704243E+01	5.568179E+03
6.075	-1.199294E+06	5.846078E+02	4.826139E+01	5.568179E+03
6.08	-1.199293E+06	5.959356E+02	4.993456E+01	5.568179E+03
6.085	-1.199295E+06	6.314740E+02	4.996061E+01	5.568179E+03
6.09	-1.199293E+06	6.157669E+02	4.862139E+01	5.568179E+03
6.095	-1.199294E+06	6.332557E+02	4.687382E+01	5.568179E+03
6.1	-1.199295E+06	6.629277E+02	4.545896E+01	5.568179E+03
6.105	-1.199294E+06	6.367907E+02	4.492701E+01	5.568179E+03
6.11	-1.199293E+06	6.172802E+02	4.382427E+01	5.568179E+03
6.115	-1.199295E+06	6.426843E+02	4.153372E+01	5.568179E+03
6.12	-1.199293E+06	5.928127E+02	4.129122E+01	5.568179E+03
6.125	-1.199293E+06	5.927837E+02	4.315750E+01	5.568179E+03
6.13	-1.199296E+06	6.477311E+02	4.601861E+01	5.568179E+03
6.135	-1.199292E+06	5.925016E+02	4.998743E+01	5.568179E+03
6.14	-1.199295E+06	6.272187E+02	5.180503E+01	5.568179E+03
6.145	-1.199294E+06	6.091654E+02	5.264985E+01	5.568179E+03
6.15	-1.199292E+06	5.797769E+02	5.325033E+01	5.568179E+03
6.155	-1.199295E+06	6.486607E+02	5.231478E+01	5.568179E+03
6.16	-1.199294E+06	6.429987E+02	5.053034E+01	5.568179E+03
6.165	-1.199293E+06	6.280852E+02	4.740226E+01	5.568179E+03
6.17	-1.199295E+06	6.569355E+02	4.314510E+01	5.568179E+03
6.175	-1.199293E+06	6.333827E+02	4.081621E+01	5.568179E+03
6.18	-1.199295E+06	6.724021E+02	4.060426E+01	5.568179E+03
6.185	-1.199294E+06	6.427770E+02	4.200880E+01	5.568179E+03
6.19	-1.199293E+06	6.169677E+02	4.288186E+01	5.568179E+03
6.195	-1.199295E+06	6.358723E+02	4.276347E+01	5.568179E+03
6.2	-1.199293E+06	6.167691E+02	4.416652E+01	5.568179E+03
6.205	-1.199294E+06	6.466674E+02	4.722546E+01	5.568179E+03
6.21	-1.199294E+06	6.637573E+02	5.014584E+01	5.568179E+03
6.215	-1.199293E+06	6.479149E+02	5.237364E+01	5.568179E+03
6.22	-1.199294E+06	6.835499E+02	5.370767E+01	5.568179E+03
6.225	-1.199294E+06	7.045622E+02	5.417730E+01	5.568179E+03
6.23	-1.199294E+06	6.895677E+02	5.363368E+01	5.568179E+03
6.235	-1.199292E+06	6.232298E+02	5.294058E+01	5.568179E+03
6.24	-1.199294E+06	6.539015E+02	5.143150E+01	5.568179E+03
6.245	-1.199294E+06	6.359207E+02	5.018968E+01	5.568179E+03
6.25	-1.199292E+06	6.273847E+02	4.903962E+01	5.568179E+03
6.255	-1.199295E+06	7.216553E+02	4.722742E+01	5.568179E+03
6.26	-1.199293E+06	6.791995E+02	4.688436E+01	5.568179E+03
6.265	-1.199293E+06	6.378142E+02	4.686056E+01	5.568179E+03
6.27	-1.199294E+06	6.673198E+02	4.645883E+01	5.568179E+03
6.275	-1.199294E+06	6.813197E+02	4.606431E+01	5.568179E+03
6.28	-1.199294E+06	6.715830E+02	4.452796E+01	5.568179E+03
6.285	-1.199293E+06	6.302907E+02	4.403501E+01	5.568179E+03
6.29	-1.199294E+06	6.539274E+02	4.557987E+01	5.568179E+03
6.295	-1.199294E+06	6.521377E+02	4.719000E+01	5.568179E+03
6.3	-1.199293E+06	6.397105E+02	4.792326E+01	5.568179E+03
6.305	-1.199293E+06	6.491147E+02	4.919316E+01	5.568179E+03
6.31	-1.199294E+06	6.622850E+02	4.931364E+01	5.568179E+03
6.315	-1.199293E+06	6.451593E+02	4.834527E+01	5.568179E+03
6.32	-1.199293E+06	6.571528E+02	4.807254E+01	5.568179E+03
6.325	-1.199294E+06	6.775815E+02	4.690201E+01	5.568179E+03
6.33	-1.199294E+06	6.559849E+02	4.415519E+01	5.568179E+03
6.335	-1.199293E+06	6.263064E+02	4.137266E+01	5.568179E+03
6.34	-1.199293E+06	6.208408E+02	3.995310E+01	5.568179E+03
6.345	-1.199294E+06	6.687160E+02	4.034291E+01	5.568179E+03
6.35	-1.199294E+06	6.737026E+02	4.188022E+01	5.568179E+03
6.355	-1.199292E+06	6.358655E+02	4.403023E+01	5.568179E+03
6.36	-1.199295E+06	6.971943E+02	4.592263E+01	5.568179E+03
6.365	-1.199293E+06	6.777449E+02	4.775323E+01	5.568179E+03
6.37	-1.199293E+06	6.831033E+02	4.932788E+01	5.568179E+03
6.375	-1.199295E+06	7.177125E+02	5.114728E+01	5.568179E+03
6.38	-1.199293E+06	6.772326E+02	5.203977E+01	5.568179E+03
6.385	-1.199294E+06	6.853051E+02	5.099276E+01	5.568179E+03
6.39	-1.199293E+06	6.738756E+02	4.934344E+01	5.568179E+03
6.395	-1.199294E+06	6.864555E+02	4.752476E+01	5.568179E+03
6.4	-1.199294E+06	6.861377E+02	4.658363E+01	5.568179E+03
6.405	-1.199293E+06	6.771837E+02	4.635093E+01	5.568179E+03
6.41	-1.199294E+06	7.098093E+02	4.617123E+01	5.568179E+03
6.415	-1.199293E+06	6.903323E+02	4.590680E+01	5.568179E+03
6.42	-1.199294E+06	7.061847E+02	4.508985E+01	5.568179E+03
6.425	-1.199294E+06	7.023459E+02	4.557949E+01	5.568179E+03
6.43	-1.199293E+06	6.740376E+02	4.730921E+01	5.568179E+03
6.435	-1.199293E+06	6.619253E+02	4.827683E+01	5.568179E+03
6.44	-1.199293E+06	6.558449E+02	4.873309E+01	5.568179E+03
6.445	-1.199294E+06	6.699237E+02	4.878372E+01	5.568179E+03
6.45	-1.199292E+06	6.435510E+02	4.877027E+01	5.568179E+03
6.455	-1.199294E+06	6.789031E+02	4.873580E+01	5.568179E+03
6.46	-1.199293E+06	6.778264E+02	4.838359E+01	5.568179E+03
6.465	-1.199293E+06	6.604754E+02	4.652014E+01	5.568179E+03
6.47	-1.199293E+06	6.714235E+02	4.469771E+01	5.568179E+03
6.475	-1.199294E+06	6.857801E+02	4.300975E+01	5.568179E+03
6.48	-1.199293E+06	6.664032E+02	4.096603E+01	5.568179E+03
6.485	-1.199293E+06	6.661532E+02	4.089875E+01	5.568179E+03
6.49	-1.199294E+06	6.998134E+02	4.291656E+01	5.568179E+03
6.495	-1.199293E+06	6.687680E+02	4.478625E+01	5.568179E+03
6.5	-1.199293E+06	6.595345E+02	4.532075E+01	5.568179E+03
6.505	-1.199293E+06	6.518661E+02	4.591890E+01	5.568179E+03
6.51	-1.199292E+06	6.611344E+02	4.839704E+01	5.568179E+03
6.515	-1.199295E+06	7.181797E+02	5.154088E+01	5.568179E+03
6.52	-1.199292E+06	6.850296E+02	5.416553E+01	5.568179E+03
6.525	-1.199294E+06	7.191844E+02	5.500368E+01	5.568179E+03
6.53	-1.199294E+06	7.153030E+02	5.445701E+01	5.568179E+03
6.535	-1.199292E+06	6.860566E+02	5.393985E+01	5.568179E+03
6.54	-1.199294E+06	7.265482E+02	5.413040E+01	5.568179E+03
6.545	-1.199293E+06	7.070218E+02	5.374745E+01	5.568179E+03
6.55	-1.199293E+06	6.948919E+02	5.212832E+01	5.568179E+03
6.555	-1.199293E+06	6.915685E+02	5.031921E+01	5.568179E+03
6.56	-1.199294E+06	7.240664E+02	4.870944E+01	5.568179E+03
6.565	-1.199293E+06	7.276100E+02	4.926594E+01	5.568179E+03
6.57	-1.199294E+06	7.136675E+02	5.071054E+01	5.568179E+03
6.575	-1.199293E+06	6.816564E+02	5.223105E+01	5.568179E+03
6.58	-1.199293E+06	6.703868E+02	5.373553E+01	5.568179E+03
6.585	-1.199294E+06	6.717949E+02	5.466220E+01	5.568179E+03
6.59	-1.199292E+06	6.299512E+02	5.597844E+01	5.568179E+03
6.595	-1.199294E+06	6.842998E+02	5.605828E+01	5.568179E+03
6.6	-1.199294E+06	6.982455E+02	5.503850E+01	5.568179E+03
6.605	-1.199292E+06	6.328690E+02	5.384028E+01	5.568179E+03
6.61	-1.199294E+06	6.679329E+02	5.112785E+01	5.568179E+03
6.615	-1.199292E+06	6.579961E+02	4.923036E+01	5.568179E+03
6.62	-1.199294E+06	6.733017E+02	4.796300E+01	5.568179E+03
6.625	-1.199293E+06	6.660167E+02	4.673599E+01	5.568179E+03
6.63	-1.199293E+06	6.705092E+02	4.534073E+01	5.568179E+03
6.635	-1.199293E+06	6.574436E+02	4.397031E+01	5.568179E+03
6.64	-1.199293E+06	6.420167E+02	4.295563E+01	5.568179E+03
6.645	-1.199293E+06	6.632554E+02	4.347454E+01	5.568179E+03
6.65	-1.199293E+06	6.805946E+02	4.497040E+01	5.568179E+03
6.655	-1.199294E+06	6.917241E+02	4.589914E+01	5.568179E+03
6.66	-1.199293E+06	6.444194E+02	4.737650E+01	5.568179E+03
6.665	-1.199293E+06	6.404285E+02	4.896983E+01	5.568179E+03
6.67	-1.199294E+06	6.828023E+02	5.037327E+01	5.568179E+03
6.675	-1.199294E+06	6.763642E+02	5.228025E+01	5.568179E+03
6.68	-1.199293E+06	6.209952E+02	5.356488E+01	5.568179E+03
6.685	-1.199292E+06	6.136897E+02	5.362831E+01	5.568179E+03
6.69	-1.199294E+06	6.809199E+02	5.361556E+01	5.568179E+03
6.695	-1.199294E+06	6.872562E+02	5.258999E+01	5.568179E+03
6.7	-1.199293E+06	6.720006E+02	5.057581E+01	5.568179E+03
6.705	-1.199294E+06	6.835698E+02	4.996003E+01	5.568179E+03
6.71	-1.199292E+06	6.611943E+02	4.928193E+01	5.568179E+03
6.715	-1.199294E+06	6.975094E+02	4.711871E+01	5.568179E+03
6.72	-1.199293E+06	6.522149E+02	4.669048E+01	5.568179E+03
6.725	-1.199293E+06	6.389248E+02	4.614426E+01	5.568179E+03
6.73	-1.199294E+06	6.781489E+02	4.606521E+01	5.568179E+03
6.735	-1.199292E+06	6.468284E+02	4.934439E+01	5.568179E+03
6.74	-1.199294E+06	6.783330E+02	5.206603E+01	5.568179E+03
6.745	-1.199294E+06	6.669175E+02	5.317909E+01	5.568179E+03
6.75	-1.199293E+06	6.237825E+02	5.389900E+01	5.568179E+03
6.755	-1.199293E+06	6.367389E+02	5.421617E+01	5.568179E+03
6.76	-1.199294E+06	6.872812E+02	5.381424E+01	5.568179E+03
6.765	-1.199295E+06	7.013178E+02	5.310498E+01	5.568179E+03
6.77	-1.199293E+06	6.484784E+02	5.200191E+01	5.568179E+03
6.775	-1.199294E+06	6.671950E+02	4.953687E+01	5.568179E+03
6.78	-1.199294E+06	6.624547E+02	4.803429E+01	5.568179E+03
6.785	-1.199293E+06	6.347624E+02	4.725198E+01	5.568179E+03
6.79	-1.199294E+06	6.389655E+02	4.678213E+01	5.568179E+03
6.795	-1.199293E+06	6.324860E+02	4.790742E+01	5.568179E+03
6.8	-1.199294E+06	6.622466E+02	4.874415E+01	5.568179E+03
6.805	-1.199294E+06	6.753895E+02	4.897962E+01	5.568179E+03
6.81	-1.199293E+06	6.429398E+02	4.944984E+01	5.568179E+03
6.815	-1.199294E+06	6.556743E+02	4.965770E+01	5.568179E+03
6.82	-1.199294E+06	6.450692E+02	5.060663E+01	5.568179E+03
6.825	-1.199293E+06	6.143231E+02	5.179440E+01	5.568179E+03
6.83	-1.199294E+06	6.364842E+02	5.131705E+01	5.568179E+03
6.835	-1.199294E+06	6.352743E+02	4.950232E+01	5.568179E+03
6.84	-1.199294E+06	6.359364E+02	4.808331E+01	5.568179E+03
6.845	-1.199294E+06	6.292408E+02	4.862388E+01	5.568179E+03
6.85	-1.199294E+06	6.318219E+02	4.895630E+01	5.568179E+03
6.855	-1.199294E+06	6.232269E+02	4.857040E+01	5.568179E+03
6.86	-1.199293E+06	6.043147E+02	4.832339E+01	5.568179E+03
6.865	-1.199294E+06	6.339691E+02	4.823050E+01	5.568179E+03
6.87	-1.199294E+06	6.463441E+02	4.955741E+01	5.568179E+03
6.875	-1.199293E+06	6.327175E+02	5.099843E+01	5.568179E+03
6.88	-1.199295E+06	6.520609E+02	5.114104E+01	5.568179E+03
6.885	-1.199293E+06	6.085369E+02	5.156565E+01	5.568179E+03
6.89	-1.199295E+06	6.294216E+02	5.108128E+01	5.568179E+03
6.895	-1.199294E+06	6.332702E+02	5.193795E+01	5.568179E+03
6.9	-1.199294E+06	6.122056E+02	5.376330E+01	5.568179E+03
6.905	-1.199295E+06	6.231159E+02	5.414526E+01	5.568179E+03
6.91	-1.199294E+06	6.122468E+02	5.383007E+01	5.568179E+03
6.915	-1.199294E+06	5.927724E+02	5.215678E+01	5.568179E+03
6.92	-1.199294E+06	5.795415E+02	4.982251E+01	5.568179E+03
6.925	-1.199295E+06	6.004196E+02	4.865000E+01	5.568179E+03
6.93	-1.199295E+06	6.042841E+02	4.804144E+01	5.568179E+03
6.935	-1.199293E+06	5.803629E+02	4.720472E+01	5.568179E+03
6.94	-1.199296E+06	6.541735E+02	4.637634E+01	5.568179E+03
6.945	-1.199295E+06	6.384487E+02	4.671126E+01	5.568179E+03
6.95	-1.199294E+06	6.137464E+02	4.679587E+01	5.568179E+03
6.955	-1.199295E+06	6.227677E+02	4.773245E+01	5.568179E+03
6.96	-1.199294E+06	5.820185E+02	4.970175E+01	5.568179E+03
6.965	-1.199295E+06	5.889080E+02	5.061271E+01	5.568179E+03
6.97	-1.199294E+06	5.812695E+02	5.171006E+01	5.568179E+03
6.975	-1.199295E+06	5.960358E+02	5.249626E+01	5.568179E+03
6.98	-1.199295E+06	6.035204E+02	5.279390E+01	5.568179E+03
6.985	-1.199294E+06	5.594281E+02	5.384221E+01	5.568179E+03
6.99	-1.199294E+06	5.514266E+02	5.495053E+01	5.568179E+03
6.995	-1.199296E+06	6.114650E+02	5.476884E+01	5.568179E+03
7.0	-1.199295E+06	6.134387E+02	5.387393E+01	5.568179E+03
7.005	-1.199294E+06	5.921533E+02	5.246700E+01	5.568179E+03
7.01	-1.199296E+06	6.132123E+02	5.125991E+01	5.568179E+03
7.015	-1.199295E+06	5.953446E+02	5.116735E+01	5.568179E+03
7.02	-1.199295E+06	5.884144E+02	5.065352E+01	5.568179E+03
7.025	-1.199296E+06	5.934817E+02	4.899633E+01	5.568179E+03
7.03	-1.199295E+06	5.583980E+02	4.804571E+01	5.568179E+03
7.035	-1.199296E+06	5.732326E+02	4.820857E+01	5.568179E+03
7.04	-1.199295E+06	5.805526E+02	4.942263E+01	5.568179E+03
7.045	-1.199295E+06	5.731945E+02	5.108913E+01	5.568179E+03
7.05	-1.199295E+06	5.701763E+02	5.168913E+01	5.568179E+03
7.055	-1.199296E+06	5.726208E+02	5.176273E+01	5.568179E+03
7.06	-1.199295E+06	5.462218E+02	5.301725E+01	5.568179E+03
7.065	-1.199295E+06	5.334536E+02	5.393382E+01	5.568179E+03
7.07	-1.199296E+06	5.639276E+02	5.472628E+01	5.568179E+03
7.075	-1.199296E+06	5.607211E+02	5.563679E+01	5.568179E+03
7.08	-1.199295E+06	5.556923E+02	5.443521E+01	5.568179E+03
7.085	-1.199296E+06	5.743739E+02	5.266525E+01	5.568179E+03
7.09	-1.199295E+06	5.602329E+02	5.147699E+01	5.568179E+03
7.095	-1.199296E+06	5.509581E+02	4.959151E+01	5.568179E+03
7.1	-1.199295E+06	5.192168E+02	4.870229E+01	5.568179E+03
7.105	-1.199296E+06	5.423659E+02	4.805605E+01	5.568179E+03
7.11	-1.199296E+06	5.516259E+02	4.733777E+01	5.568179E+03
7.115	-1.199295E+06	5.299473E+02	4.780947E+01	5.568179E+03
7.12	-1.199296E+06	5.482405E+02	4.907437E+01	5.568179E+03
7.125	-1.199296E+06	5.398522E+02	5.136109E+01	5.568179E+03
7.13	-1.199296E+06	5.196513E+02	5.410928E+01	5.568179E+03
7.135	-1.199296E+06	5.352244E+02	5.587580E+01	5.568179E+03
7.14	-1.199296E+06	5.601363E+02	5.697109E+01	5.568179E+03
7.145	-1.199296E+06	5.670508E+02	5.763774E+01	5.568179E+03
7.15	-1.199297E+06	5.798985E+02	5.712011E+01	5.568179E+03
7.155	-1.199296E+06	5.392951E+02	5.609240E+01	5.568179E+03
7.16	-1.199296E+06	5.038916E+02	5.449949E+01	5.568179E+03
7.165	-1.199297E+06	5.244875E+02	5.238446E+01	5.568179E+03
7.17	-1.199296E+06	5.294493E+02	5.176459E+01	5.568179E+03
7.175	-1.199297E+06	5.531171E+02	5.225876E+01	5.568179E+03
7.18	-1.199297E+06	5.476510E+02	5.189733E+01	5.568179E+03
7.185	-1.199296E+06	5.019365E+02	5.084175E+01	5.568179E+03
7.19	-1.199296E+06	4.795264E+02	5.041927E+01	5.568179E+03
7.195	-1.199296E+06	5.182825E+02	5.086046E+01	5.568179E+03
7.2	-1.199297E+06	5.393606E+02	5.220502E+01	5.568179E+03
7.205	-1.199296E+06	4.989676E+02	5.345108E+01	5.568179E+03
7.21	-1.199297E+06	5.059136E+02	5.306268E+01	5.568179E+03
7.215	-1.199297E+06	5.087868E+02	5.254011E+01	5.568179E+03
7.22	-1.199296E+06	4.996626E+02	5.259404E+01	5.568179E+03
7.225	-1.199297E+06	5.123081E+02	5.247584E+01	5.568179E+03
7.23	-1.199296E+06	4.709288E+02	5.279030E+01	5.568179E+03
7.235	-1.199296E+06	4.724349E+02	5.216311E+01	5.568179E+03
7.24	-1.199297E+06	4.933143E+02	5.079363E+01	5.568179E+03
7.245	-1.199296E+06	4.788431E+02	5.021297E+01	5.568179E+03
7.25	-1.199297E+06	4.958376E+02	4.948934E+01	5.568179E+03
7.255	-1.199297E+06	5.085122E+02	4.839402E+01	5.568179E+03
7.26	-1.199297E+06	4.857396E+02	4.782354E+01	5.568179E+03
7.265	-1.199296E+06	4.595494E+02	4.796875E+01	5.568179E+03
7.27	-1.199297E+06	4.926469E+02	4.797967E+01	5.568179E+03
7.275	-1.199297E+06	4.823410E+02	4.853695E+01	5.568179E+03
7.28	-1.199297E+06	4.808968E+02	4.993770E+01	5.568179E+03
7.285	-1.199297E+06	4.880071E+02	5.218511E+01	5.568179E+03
7.29	-1.199297E+06	4.805032E+02	5.377733E+01	5.568179E+03
7.295	-1.199297E+06	4.650448E+02	5.358814E+01	5.568179E+03
7.3	-1.199297E+06	4.622452E+02	5.250804E+01	5.568179E+03
7.305	-1.199297E+06	4.710994E+02	5.213278E+01	5.568179E+03
7.31	-1.199298E+06	4.772938E+02	5.227344E+01	5.568179E+03
7.315	-1.199297E+06	4.618415E+02	5.286518E+01	5.568179E+03
7.32	-1.199297E+06	4.723188E+02	5.367670E+01	5.568179E+03
7.325	-1.199298E+06	4.992037E+02	5.383140E+01	5.568179E+03
7.33	-1.199297E+06	4.767499E+02	5.347819E+01	5.568179E+03
7.335	-1.199297E+06	4.759184E+02	5.328598E+01	5.568179E+03
7.34	-1.199298E+06	4.899978E+02	5.370117E+01	5.568179E+03
7.345	-1.199297E+06	4.748037E+02	5.375815E+01	5.568179E+03
7.35	-1.199297E+06	4.712947E+02	5.293618E+01	5.568179E+03
7.355	-1.199298E+06	4.727424E+02	5.198666E+01	5.568179E+03
7.36	-1.199297E+06	4.595606E+02	5.160159E+01	5.568179E+03
7.365	-1.199298E+06	4.518466E+02	5.190638E+01	5.568179E+03
7.37	-1.199297E+06	4.283056E+02	5.252094E+01	5.568179E+03
7.375	-1.199297E+06	4.217904E+02	5.258530E+01	5.568179E+03
7.38	-1.199298E+06	4.509169E+02	5.222891E+01	5.568179E+03
7.385	-1.199298E+06	4.646745E+02	5.211340E+01	5.568179E+03
7.39	-1.199297E+06	4.452319E+02	5.215828E+01	5.568179E+03
7.395	-1.199298E+06	4.401841E+02	5.184474E+01	5.568179E+03
7.4	-1.199298E+06	4.322600E+02	5.130160E+01	5.568179E+03
7.405	-1.199297E+06	4.170798E+02	5.010494E+01	5.568179E+03
7.41	-1.199298E+06	4.357942E+02	4.832292E+01	5.568179E+03
7.415	-1.199297E+06	4.189543E+02	4.781904E+01	5.568179E+03
7.42	-1.199297E+06	4.214479E+02	4.795930E+01	5.568179E+03
7.425	-1.199298E+06	4.365008E+02	4.871892E+01	5.568179E+03
7.43	-1.199297E+06	4.208772E+02	5.016623E+01	5.568179E+03
7.435	-1.199298E+06	4.353211E+02	5.076784E+01	5.568179E+03
7.44	-1.199298E+06	4.217209E+02	5.156828E+01	5.568179E+03
7.445	-1.199298E+06	4.259817E+02	5.264378E+01	5.568179E+03
7.45	-1.199298E+06	4.178556E+02	5.354445E+01	5.568179E+03
7.455	-1.199298E+06	3.957283E+02	5.363013E+01	5.568179E+03
7.46	-1.199298E+06	3.999884E+02	5.296178E+01	5.568179E+03
7.465	-1.199298E+06	4.060755E+02	5.206479E+01	5.568179E+03
7.47	-1.199298E+06	4.259235E+02	5.050406E+01	5.568179E+03
7.475	-1.199298E+06	4.288888E+02	4.932511E+01	5.568179E+03
7.48	-1.199298E+06	4.121985E+02	4.886732E+01	5.568179E+03
7.485	-1.199298E+06	3.944938E+02	4.865177E+01	5.568179E+03
7.49	-1.199298E+06	4.024456E+02	4.842103E+01	5.568179E+03
7.495	-1.199298E+06	4.096669E+02	4.821916E+01	5.568179E+03
7.5	-1.199298E+06	4.001469E+02	4.871680E+01	5.568179E+03
7.505	-1.199298E+06	3.848974E+02	4.978575E+01	5.568179E+03
7.51	-1.199298E+06	3.682668E+02	5.094840E+01	5.568179E+03
7.515	-1.199299E+06	4.002025E+02	5.184547E+01	5.568179E+03
7.52	-1.199299E+06	4.121690E+02	5.220860E+01	5.568179E+03
7.525	-1.199298E+06	3.918415E+02	5.236034E+01	5.568179E+03
7.53	-1.199299E+06	4.003829E+02	5.274103E+01	5.568179E+03
7.535	-1.199298E+06	3.887356E+02	5.303101E+01	5.568179E+03
7.54	-1.199299E+06	3.824343E+02	5.262531E+01	5.568179E+03
7.545	-1.199299E+06	3.793093E+02	5.152772E+01	5.568179E+03
7.55	-1.199298E+06	3.732780E+02	5.034225E+01	5.568179E+03
7.555	-1.199299E+06	3.839685E+02	5.013611E+01	5.568179E+03
7.56	-1.199298E+06	3.838262E+02	5.056683E+01	5.568179E+03
7.565	-1.199299E+06	3.965067E+02	5.002372E+01	5.568179E+03
7.57	-1.199299E+06	3.904180E+02	4.879905E+01	5.568179E+03
7.575	-1.199298E+06	3.687789E+02	4.775909E+01	5.568179E+03
7.58	-1.199299E+06	3.735882E+02	4.757164E+01	5.568179E+03
7.585	-1.199299E+06	3.778633E+02	4.884288E+01	5.568179E+03
7.59	-1.199299E+06	3.819499E+02	4.979849E+01	5.568179E+03
7.595	-1.199299E+06	3.605582E+02	4.965565E+01	5.568179E+03
7.6	-1.199299E+06	3.612822E+02	4.903317E+01	5.568179E+03
7.605	-1.199299E+06	3.683476E+02	4.901668E+01	5.568179E+03
7.61	-1.199299E+06	3.701685E+02	4.974820E+01	5.568179E+03
7.615	-1.199299E+06	3.631389E+02	5.057754E+01	5.568179E+03
7.62	-1.199298E+06	3.440678E+02	5.129326E+01	5.568179E+03
7.625	-1.199300E+06	3.547080E+02	5.113695E+01	5.568179E+03
7.63	-1.199299E+06	3.343125E+02	5.072545E+01	5.568179E+03
7.635	-1.199299E+06	3.384757E+02	5.035685E+01	5.568179E+03
7.64	-1.199300E+06	3.685330E+02	5.008198E+01	5.568179E+03
7.645	-1.199299E+06	3.640919E+02	4.979306E+01	5.568179E+03
7.65	-1.199299E+06	3.441845E+02	4.862595E+01	5.568179E+03
7.655	-1.199299E+06	3.390544E+02	4.694295E+01	5.568179E+03
7.66	-1.199299E+06	3.333905E+02	4.639595E+01	5.568179E+03
7.665	-1.199299E+06	3.500487E+02	4.699348E+01	5.568179E+03
7.67	-1.199300E+06	3.635259E+02	4.818026E+01	5.568179E+03
7.675	-1.199299E+06	3.321807E+02	4.940786E+01	5.568179E+03
7.68	-1.199300E+06	3.482085E+02	4.951357E+01	5.568179E+03
7.685	-1.199300E+06	3.439386E+02	4.962077E+01	5.568179E+03
7.69	-1.199299E+06	3.258690E+02	5.007436E+01	5.568179E+03
7.695	-1.199300E+06	3.425940E+02	5.026795E+01	5.568179E+03
7.7	-1.199299E+06	3.252264E+02	5.067945E+01	5.568179E+03
7.705	-1.199300E+06	3.248750E+02	5.055786E+01	5.568179E+03
7.71	-1.199300E+06	3.399511E+02	4.933464E+01	5.568179E+03
7.715	-1.199300E+06	3.442442E+02	4.826902E+01	5.568179E+03
7.72	-1.199300E+06	3.370711E+02	4.801819E+01	5.568179E+03
7.725	-1.199300E+06	3.316729E+02	4.804855E+01	5.568179E+03
7.73	-1.199300E+06	3.261941E+02	4.862227E+01	5.568179E+03
7.735	-1.199300E+06	3.181845E+02	4.880857E+01	5.568179E+03
7.74	-1.199300E+06	3.277673E+02	4.801990E+01	5.568179E+03
7.745	-1.199299E+06	3.080300E+02	4.818800E+01	5.568179E+03
7.75	-1.199300E+06	3.146098E+02	4.892750E+01	5.568179E+03
7.755	-1.199301E+06	3.373343E+02	4.948865E+01	5.568179E+03
7.76	-1.199300E+06	3.108779E+02	5.004842E+01	5.568179E+03
7.765	-1.199300E+06	3.068329E+02	4.965125E+01	5.568179E+03
7.77	-1.199300E+06	2.963634E+02	4.920030E+01	5.568179E+03
7.775	-1.199300E+06	2.926090E+02	4.913432E+01	5.568179E+03
7.78	-1.199300E+06	3.131572E+02	4.899764E+01	5.568179E+03
7.785	-1.199300E+06	3.049011E+02	4.901891E+01	5.568179E+03
7.79	-1.199300E+06	3.065681E+02	4.877910E+01	5.568179E+03
7.795	-1.199300E+06	3.189410E+02	4.858705E+01	5.568179E+03
7.8	-1.199300E+06	3.092538E+02	4.866630E+01	5.568179E+03
7.805	-1.199300E+06	2.852530E+02	4.901297E+01	5.568179E+03
7.81	-1.199300E+06	2.901106E+02	4.940489E+01	5.568179E+03
7.815	-1.199301E+06	3.065304E+02	4.917123E+01	5.568179E+03
7.82	-1.199300E+06	2.889387E+02	4.890456E+01	5.568179E+03
7.825	-1.199301E+06	2.968047E+02	4.874246E+01	5.568179E+03
7.83	-1.199300E+06	2.949685E+02	4.920113E+01	5.568179E+03
7.835	-1.199300E+06	2.856699E+02	5.014121E+01	5.568179E+03
7.84	-1.199300E+06	2.852903E+02	5.048691E+01	5.568179E+03
7.845	-1.199300E+06	2.889882E+02	5.033088E+01	5.568179E+03
7.85	-1.199301E+06	2.951277E+02	4.988973E+01	5.568179E+03
7.855	-1.199301E+06	2.951640E+02	4.928449E+01	5.568179E+03
7.86	-1.199301E+06	2.847259E+02	4.929008E+01	5.568179E+03
7.865	-1.199300E+06	2.662905E+02	4.939861E+01	5.568179E+03
7.87	-1.199301E+06	2.830260E+02	4.880779E+01	5.568179E+03
7.875	-1.199301E+06	2.818744E+02	4.816440E+01	5.568179E+03
7.88	-1.199300E+06	2.768838E+02	4.771860E+01	5.568179E+03
7.885	-1.199301E+06	3.010583E+02	4.832464E+01	5.568179E+03
7.89	-1.199301E+06	3.067264E+02	4.949634E+01	5.568179E+03
7.895	-1.199300E+06	2.832872E+02	5.004488E+01	5.568179E+03
7.9	-1.199301E+06	2.762669E+02	5.012652E+01	5.568179E+03
7.905	-1.199301E+06	2.733333E+02	5.032945E+01	5.568179E+03
7.91	-1.199301E+06	2.728301E+02	5.082107E+01	5.568179E+03
7.915	-1.199301E+06	2.625981E+02	5.148922E+01	5.568179E+03
7.92	-1.199301E+06	2.577126E+02	5.208126E+01	5.568179E+03
7.925	-1.199301E+06	2.695638E+02	5.252861E+01	5.568179E+03
7.93	-1.199301E+06	2.738071E+02	5.246648E+01	5.568179E+03
7.935	-1.199301E+06	2.566128E+02	5.220790E+01	5.568179E+03
7.94	-1.199301E+06	2.662486E+02	5.195393E+01	5.568179E+03
7.945	-1.199301E+06	2.758455E+02	5.139806E+01	5.568179E+03
7.95	-1.199301E+06	2.554318E+02	5.038208E+01	5.568179E+03
7.955	-1.199301E+06	2.470864E+02	4.927643E+01	5.568179E+03
7.96	-1.199301E+06	2.634271E+02	4.850646E+01	5.568179E+03
7.965	-1.199301E+06	2.575498E+02	4.828519E+01	5.568179E+03
7.97	-1.199301E+06	2.472209E+02	4.844693E+01	5.568179E+03
7.975	-1.199301E+06	2.536217E+02	4.900313E+01	5.568179E+03
7.98	-1.199301E+06	2.588321E+02	4.973106E+01	5.568179E+03
7.985	-1.199301E+06	2.487270E+02	5.011738E+01	5.568179E+03
7.99	-1.199301E+06	2.412209E+02	5.057095E+01	5.568179E+03
7.995	-1.199301E+06	2.546232E+02	5.142178E+01	5.568179E+03
8.0	-1.199301E+06	2.602561E+02	5.208291E+01	5.568179E+03
8.005	-1.199301E+06	2.558338E+02	5.230502E+01	5.568179E+03
8.01	-1.199301E+06	2.464975E+02	5.225173E+01	5.568179E+03
8.015	-1.199302E+06	2.557875E+02	5.152025E+01	5.568179E+03
8.02	-1.199302E+06	2.583018E+02	5.087359E+01	5.568179E+03
8.025	-1.199301E+06	2.512637E+02	5.064412E+01	5.568179E+03
8.03	-1.199302E+06	2.559669E+02	5.003928E+01	5.568179E+03
8.035	-1.199301E+06	2.369397E+02	4.954292E+01	5.568179E+03
8.04	-1.199301E+06	2.307730E+02	4.906413E+01	5.568179E+03
8.045	-1.199302E+06	2.405916E+02	4.844995E+01	5.568179E+03
8.05	-1.199301E+06	2.282379E+02	4.870608E+01	5.568179E+03
8.055	-1.199302E+06	2.326256E+02	4.934531E+01	5.568179E+03
8.06	-1.199302E+06	2.383507E+02	4.989150E+01	5.568179E+03
8.065	-1.199302E+06	2.473661E+02	5.026254E+01	5.568179E+03
8.07	-1.199302E+06	2.407098E+02	5.044124E+01	5.568179E+03
8.075	-1.199302E+06	2.333288E+02	5.088835E+01	5.568179E+03
8.08	-1.199302E+06	2.342390E+02	5.169572E+01	5.568179E+03
8.085	-1.199301E+06	2.172466E+02	5.227461E+01	5.568179E+03
8.09	-1.199302E+06	2.306608E+02	5.212003E+01	5.568179E+03
8.095	-1.199302E+06	2.373142E+02	5.171908E+01	5.568179E+03
8.1	-1.199302E+06	2.224843E+02	5.131471E+01	5.568179E+03
8.105	-1.199302E+06	2.296314E+02	5.111145E+01	5.568179E+03
8.11	-1.199302E+06	2.245703E+02	5.152128E+01	5.568179E+03
8.115	-1.199302E+06	2.320038E+02	5.129821E+01	5.568179E+03
8.12	-1.199302E+06	2.233572E+02	5.032964E+01	5.568179E+03
8.125	-1.199302E+06	2.111755E+02	4.962067E+01	5.568179E+03
8.13	-1.199302E+06	2.209062E+02	4.970281E+01	5.568179E+03
8.135	-1.199302E+06	2.220089E+02	5.060018E+01	5.568179E+03
8.14	-1.199302E+06	2.197090E+02	5.165296E+01	5.568179E+03
8.145	-1.199302E+06	2.188949E+02	5.236866E+01	5.568179E+03
8.15	-1.199302E+06	2.216732E+02	5.274634E+01	5.568179E+03
8.155	-1.199302E+06	2.205273E+02	5.311850E+01	5.568179E+03
8.16	-1.199302E+06	2.128602E+02	5.347676E+01	5.568179E+03
8.165	-1.199302E+06	2.186661E+02	5.360390E+01	5.568179E+03
8.17	-1.199302E+06	2.166098E+02	5.353557E+01	5.568179E+03
8.175	-1.199302E+06	2.152398E+02	5.273748E+01	5.568179E+03
8.18	-1.199302E+06	2.119059E+02	5.176212E+01	5.568179E+03
8.185	-1.199302E+06	2.044888E+02	5.131169E+01	5.568179E+03
8.19	-1.199303E+06	2.160094E+02	5.115461E+01	5.568179E+03
8.195	-1.199302E+06	2.132756E+02	5.130045E+01	5.568179E+03
8.2	-1.199302E+06	2.193930E+02	5.112965E+01	5.568179E+03
8.205	-1.199303E+06	2.190658E+02	5.093823E+01	5.568179E+03
8.21	-1.199302E+06	2.077365E+02	5.129108E+01	5.568179E+03
8.215	-1.199303E+06	2.117683E+02	5.235358E+01	5.568179E+03
8.22	-1.199303E+06	2.096936E+02	5.382233E+01	5.568179E+03
8.225	-1.199303E+06	2.061168E+02	5.474874E+01	5.568179E+03
8.23	-1.199303E+06	1.983458E+02	5.506733E+01	5.568179E+03
8.235	-1.199302E+06	1.950530E+02	5.492261E+01	5.568179E+03
8.24	-1.199303E+06	2.086606E+02	5.434779E+01	5.568179E+03
8.245	-1.199303E+06	2.028270E+02	5.383923E+01	5.568179E+03
8.25	-1.199303E+06	1.916103E+02	5.324891E+01	5.568179E+03
8.255	-1.199303E+06	1.910833E+02	5.255659E+01	5.568179E+03
8.26	-1.199303E+06	1.954476E+02	5.205954E+01	5.568179E+03
8.265	-1.199303E+06	1.999937E+02	5.197306E+01	5.568179E+03
8.27	-1.199303E+06	2.033090E+02	5.233346E+01	5.568179E+03
8.275	-1.199303E+06	2.066661E+02	5.274016E+01	5.568179E+03
8.28	-1.199302E+06	1.848429E+02	5.324750E+01	5.568179E+03
8.285	-1.199303E+06	1.872063E+02	5.344347E+01	5.568179E+03
8.29	-1.199303E+06	1.923064E+02	5.356381E+01	5.568179E+03
8.295	-1.199302E+06	1.852165E+02	5.394026E+01	5.568179E+03
8.3	-1.199303E+06	1.962138E+02	5.426879E+01	5.568179E+03
8.305	-1.199303E+06	1.875213E+02	5.480214E+01	5.568179E+03
8.31	-1.199303E+06	1.844949E+02	5.509512E+01	5.568179E+03
8.315	-1.199303E+06	1.950185E+02	5.485295E+01	5.568179E+03
8.32	-1.199303E+06	1.910097E+02	5.438950E+01	5.568179E+03
8.325	-1.199303E+06	1.813197E+02	5.394518E+01	5.568179E+03
8.33	-1.199303E+06	1.828724E+02	5.367565E+01	5.568179E+03
8.335	-1.199303E+06	1.863135E+02	5.359480E+01	5.568179E+03
8.34	-1.199303E+06	1.865210E+02	5.332291E+01	5.568179E+03
8.345	-1.199303E+06	1.925474E+02	5.264958E+01	5.568179E+03
8.35	-1.199303E+06	1.845992E+02	5.229330E+01	5.568179E+03
8.355	-1.199303E+06	1.738958E+02	5.232420E+01	5.568179E+03
8.36	-1.199303E+06	1.765884E+02	5.242906E+01	5.568179E+03
8.365	-1.199303E+06	1.858659E+02	5.271752E+01	5.568179E+03
8.37	-1.199303E+06	1.794636E+02	5.299230E+01	5.568179E+03
8.375	-1.199303E+06	1.719501E+02	5.350989E+01	5.568179E+03
8.38	-1.199303E+06	1.667321E+02	5.493397E+01	5.568179E+03
8.385	-1.199303E+06	1.828780E+02	5.601448E+01	5.568179E+03
8.39	-1.199304E+06	1.907310E+02	5.642437E+01	5.568179E+03
8.395	-1.199303E+06	1.707354E+02	5.647606E+01	5.568179E+03
8.4	-1.199303E+06	1.789533E+02	5.553849E+01	5.568179E+03
8.405	-1.199303E+06	1.833098E+02	5.472633E+01	5.568179E+03
8.41	-1.199303E+06	1.714875E+02	5.423829E+01	5.568179E+03
8.415	-1.199303E+06	1.728974E+02	5.330171E+01	5.568179E+03
8.42	-1.199303E+06	1.739666E+02	5.271110E+01	5.568179E+03
8.425	-1.199303E+06	1.684611E+02	5.253770E+01	5.568179E+03
8.43	-1.199303E+06	1.763157E+02	5.255941E+01	5.568179E+03
8.435	-1.199303E+06	1.734640E+02	5.358099E+01	5.568179E+03
8.44	-1.199303E+06	1.605279E+02	5.488554E+01	5.568179E+03
8.445	-1.199303E+06	1.606093E+02	5.578630E+01	5.568179E+03
8.45	-1.199303E+06	1.650511E+02	5.652067E+01	5.568179E+03
8.455	-1.199304E+06	1.784411E+02	5.657328E+01	5.568179E+03
8.46	-1.199304E+06	1.780013E+02	5.628920E+01	5.568179E+03
8.465	-1.199303E+06	1.567268E+02	5.624192E+01	5.568179E+03
8.47	-1.199303E+06	1.619988E+02	5.565653E+01	5.568179E+03
8.475	-1.199304E+06	1.672048E+02	5.464849E+01	5.568179E+03
8.48	-1.199303E+06	1.541915E+02	5.383684E+01	5.568179E+03
8.485	-1.199304E+06	1.600915E+02	5.313168E+01	5.568179E+03
8.49	-1.199304E+06	1.713850E+02	5.311808E+01	5.568179E+03
8.495	-1.199304E+06	1.683358E+02	5.376498E+01	5.568179E+03
8.5	-1.199304E+06	1.647648E+02	5.402772E+01	5.568179E+03
8.505	-1.199304E+06	1.638001E+02	5.391252E+01	5.568179E+03
8.51	-1.199303E+06	1.530044E+02	5.386862E+01	5.568179E+03
8.515	-1.199304E+06	1.622006E+02	5.397084E+01	5.568179E+03
8.52	-1.199304E+06	1.687105E+02	5.467879E+01	5.568179E+03
8.525	-1.199303E+06	1.638732E+02	5.524831E+01	5.568179E+03
8.53	-1.199304E+06	1.681085E+02	5.497855E+01	5.568179E+03
8.535	-1.199303E+06	1.524087E+02	5.464694E+01	5.568179E+03
8.54	-1.199304E+06	1.559932E+02	5.419236E+01	5.568179E+03
8.545	-1.199304E+06	1.631668E+02	5.390559E+01	5.568179E+03
8.55	-1.199303E+06	1.414745E+02	5.415966E+01	5.568179E+03
8.555	-1.199304E+06	1.462245E+02	5.419709E+01	5.568179E+03
8.56	-1.199304E+06	1.593688E+02	5.403909E+01	5.568179E+03
8.565	-1.199304E+06	1.627046E+02	5.379787E+01	5.568179E+03
8.57	-1.199304E+06	1.691858E+02	5.335088E+01	5.568179E+03
8.575	-1.199304E+06	1.513808E+02	5.317418E+01	5.568179E+03
8.58	-1.199303E+06	1.365324E+02	5.317446E+01	5.568179E+03
8.585	-1.199304E+06	1.442288E+02	5.305892E+01	5.568179E+03
8.59	-1.199304E+06	1.495284E+02	5.287562E+01	5.568179E+03
8.595	-1.199304E+06	1.437411E+02	5.292403E+01	5.568179E+03
8.6	-1.199304E+06	1.505822E+02	5.325339E+01	5.568179E+03
8.605	-1.199304E+06	1.571081E+02	5.382437E+01	5.568179E+03
8.61	-1.199304E+06	1.513356E+02	5.435341E+01	5.568179E+03
8.615	-1.199304E+06	1.550327E+02	5.434181E+01	5.568179E+03
8.62	-1.199304E+06	1.458495E+02	5.425438E+01	5.568179E+03
8.625	-1.199304E+06	1.454566E+02	5.426109E+01	5.568179E+03
8.63	-1.199304E+06	1.557418E+02	5.414176E+01	5.568179E+03
8.635	-1.199304E+06	1.380430E+02	5.406956E+01	5.568179E+03
8.64	-1.199304E+06	1.371902E+02	5.384081E+01	5.568179E+03
8.645	-1.199304E+06	1.420180E+02	5.370111E+01	5.568179E+03
8.65	-1.199304E+06	1.465033E+02	5.380912E+01	5.568179E+03
8.655	-1.199304E+06	1.585874E+02	5.399486E+01	5.568179E+03
8.66	-1.199304E+06	1.460636E+02	5.429770E+01	5.568179E+03
8.665	-1.199304E+06	1.417097E+02	5.444161E+01	5.568179E+03
8.67	-1.199304E+06	1.445088E+02	5.436664E+01	5.568179E+03
8.675	-1.199304E+06	1.408630E+02	5.428548E+01	5.568179E+03
8.68	-1.199304E+06	1.429726E+02	5.452513E+01	5.568179E+03
8.685	-1.199304E+06	1.432782E+02	5.502057E+01	5.568179E+03
8.69	-1.199304E+06	1.357939E+02	5.528128E+01	5.568179E+03
8.695	-1.199304E+06	1.356556E+02	5.510939E+01	5.568179E+03
8.7	-1.199304E+06	1.493358E+02	5.455566E+01	5.568179E+03
8.705	-1.199304E+06	1.436278E+02	5.423464E+01	5.568179E+03
8.71	-1.199304E+06	1.400330E+02	5.434042E+01	5.568179E+03
8.715	-1.199304E+06	1.484816E+02	5.432647E+01	5.568179E+03
8.72	-1.199304E+06	1.412325E+02	5.405488E+01	5.568179E+03
8.725	-1.199304E+06	1.357515E+02	5.362835E+01	5.568179E+03
8.73	-1.199304E+06	1.370156E+02	5.340761E+01	5.568179E+03
8.735	-1.199304E+06	1.371843E+02	5.379746E+01	5.568179E+03
8.74	-1.199304E+06	1.371332E+02	5.457535E+01	5.568179E+03
8.745	-1.199304E+06	1.304201E+02	5.544181E+01	5.568179E+03
8.75	-1.199304E+06	1.268247E+02	5.607787E+01	5.568179E+03
8.755	-1.199304E+06	1.403998E+02	5.630860E+01	5.568179E+03
8.76	-1.199304E+06	1.472212E+02	5.645278E+01	5.568179E+03
8.765	-1.199304E+06	1.441957E+02	5.640708E+01	5.568179E+03
8.77	-1.199304E+06	1.334995E+02	5.602926E+01	5.568179E+03
8.775	-1.199304E+06	1.257797E+02	5.528035E+01	5.568179E+03
8.78	-1.199304E+06	1.335008E+02	5.423360E+01	5.568179E+03
8.785	-1.199304E+06	1.346330E+02	5.339154E+01	5.568179E+03
8.79	-1.199304E+06	1.360038E+02	5.300335E+01	5.568179E+03
8.795	-1.199304E+06	1.314185E+02	5.315602E+01	5.568179E+03
8.8	-1.199304E+06	1.262656E+02	5.362517E+01	5.568179E+03
8.805	-1.199304E+06	1.296174E+02	5.413799E+01	5.568179E+03
8.81	-1.199304E+06	1.244956E+02	5.459995E+01	5.568179E+03
8.815	-1.199304E+06	1.305813E+02	5.497291E+01	5.568179E+03
8.82	-1.199304E+06	1.339798E+02	5.569111E+01	5.568179E+03
8.825	-1.199304E+06	1.339821E+02	5.640601E+01	5.568179E+03
8.83	-1.199304E+06	1.414267E+02	5.652161E+01	5.568179E+03
8.835	-1.199304E+06	1.339866E+02	5.616620E+01	5.568179E+03
8.84	-1.199304E+06	1.281316E+02	5.543281E+01	5.568179E+03
8.845	-1.199304E+06	1.263918E+02	5.486981E+01	5.568179E+03
8.85	-1.199304E+06	1.264535E+02	5.461892E+01	5.568179E+03
8.855	-1.199304E+06	1.308122E+02	5.424691E+01	5.568179E+03
8.86	-1.199304E+06	1.256595E+02	5.380325E+01	5.568179E+03
8.865	-1.199304E+06	1.244843E+02	5.329292E+01	5.568179E+03
8.87	-1.199304E+06	1.296190E+02	5.299855E+01	5.568179E+03
8.875	-1.199304E+06	1.260090E+02	5.317074E+01	5.568179E+03
8.88	-1.199304E+06	1.213395E+02	5.325406E+01	5.568179E+03
8.885	-1.199304E+06	1.234603E+02	5.298857E+01	5.568179E+03
8.89	-1.199304E+06	1.210547E+02	5.259872E+01	5.568179E+03
8.895	-1.199304E+06	1.185850E+02	5.239551E+01	5.568179E+03
8.9	-1.199304E+06	1.247406E+02	5.270891E+01	5.568179E+03
8.905	-1.199304E+06	1.275108E+02	5.325049E+01	5.568179E+03
8.91	-1.199304E+06	1.204885E+02	5.355823E+01	5.568179E+03
8.915	-1.199304E+06	1.229185E+02	5.352958E+01	5.568179E+03
8.92	-1.199304E+06	1.314486E+02	5.333391E+01	5.568179E+03
8.925	-1.199304E+06	1.238618E+02	5.332326E+01	5.568179E+03
8.93	-1.199304E+06	1.202840E+02	5.350414E+01	5.568179E+03
8.935	-1.199304E+06	1.174408E+02	5.371505E+01	5.568179E+03
8.94	-1.199304E+06	1.212389E+02	5.352848E+01	5.568179E+03
8.945	-1.199304E+06	1.221167E+02	5.328303E+01	5.568179E+03
8.95	-1.199304E+06	1.125103E+02	5.335161E+01	5.568179E+03
8.955	-1.199304E+06	1.200220E+02	5.350340E+01	5.568179E+03
8.96	-1.199304E+06	1.254205E+02	5.392210E+01	5.568179E+03
8.965	-1.199304E+06	1.282762E+02	5.397321E+01	5.568179E+03
8.97	-1.199304E+06	1.314717E+02	5.341126E+01	5.568179E+03
8.975	-1.199304E+06	1.216177E+02	5.300011E+01	5.568179E+03
8.98	-1.199304E+06	1.234872E+02	5.262374E+01	5.568179E+03
8.985	-1.199304E+06	1.196825E+02	5.251003E+01	5.568179E+03
8.99	-1.199304E+06	1.138580E+02	5.268242E+01	5.568179E+03
8.995	-1.199304E+06	1.170498E+02	5.267942E+01	5.568179E+03
9.0	-1.199304E+06	1.183101E+02	5.257728E+01	5.568179E+03
9.005	-1.199304E+06	1.201828E+02	5.244082E+01	5.568179E+03
9.01	-1.199304E+06	1.234613E+02	5.234937E+01	5.568179E+03
9.015	-1.199304E+06	1.214234E+02	5.263724E+01	5.568179E+03
9.02	-1.199304E+06	1.200246E+02	5.300311E+01	5.568179E+03
9.025	-1.199304E+06	1.152596E+02	5.312581E+01	5.568179E+03
9.03	-1.199304E+06	1.125413E+02	5.321406E+01	5.568179E+03
9.035	-1.199304E+06	1.128896E+02	5.350262E+01	5.568179E+03
9.04	-1.199304E+06	1.109227E+02	5.381875E+01	5.568179E+03
9.045	-1.199304E+06	1.070360E+02	5.391837E+01	5.568179E+03
9.05	-1.199304E+06	1.109839E+02	5.356565E+01	5.568179E+03
9.055	-1.199304E+06	1.218338E+02	5.268679E+01	5.568179E+03
9.06	-1.199304E+06	1.144290E+02	5.190900E+01	5.568179E+03
9.065	-1.199304E+06	1.154925E+02	5.145823E+01	5.568179E+03
9.07	-1.199304E+06	1.154749E+02	5.141469E+01	5.568179E+03
9.075	-1.199304E+06	1.131266E+02	5.165587E+01	5.568179E+03
9.08	-1.199304E+06	1.211362E+02	5.190107E+01	5.568179E+03
9.085	-1.199304E+06	1.165441E+02	5.243669E+01	5.568179E+03
9.09	-1.199304E+06	1.146105E+02	5.339940E+01	5.568179E+03
9.095	-1.199304E+06	1.126995E+02	5.453294E+01	5.568179E+03
9.1	-1.199304E+06	1.119206E+02	5.539838E+01	5.568179E+03
9.105	-1.199304E+06	1.181004E+02	5.556990E+01	5.568179E+03
9.11	-1.199304E+06	1.174300E+02	5.501798E+01	5.568179E+03
9.115	-1.199304E+06	1.142717E+02	5.428690E+01	5.568179E+03
9.12	-1.199304E+06	1.108288E+02	5.361545E+01	5.568179E+03
9.125	-1.199304E+06	1.118531E+02	5.284311E+01	5.568179E+03
9.13	-1.199304E+06	1.076811E+02	5.221371E+01	5.568179E+03
9.135	-1.199304E+06	1.096572E+02	5.163373E+01	5.568179E+03
9.14	-1.199304E+06	1.154893E+02	5.126589E+01	5.568179E+03
9.145	-1.199304E+06	1.117550E+02	5.146238E+01	5.568179E+03
9.15	-1.199304E+06	1.173570E+02	5.178167E+01	5.568179E+03
9.155	-1.199304E+06	1.069516E+02	5.236875E+01	5.568179E+03
9.16	-1.199304E+06	1.054262E+02	5.300738E+01	5.568179E+03
9.165	-1.199304E+06	1.173112E+02	5.337606E+01	5.568179E+03
9.17	-1.199304E+06	1.101146E+02	5.364672E+01	5.568179E+03
9.175	-1.199304E+06	1.055818E+02	5.369321E+01	5.568179E+03
9.18	-1.199304E+06	1.044831E+02	5.383267E+01	5.568179E+03
9.185	-1.199304E+06	1.084067E+02	5.400120E+01	5.568179E+03
9.19	-1.199304E+06	1.179391E+02	5.378499E+01	5.568179E+03
9.195	-1.199304E+06	1.179442E+02	5.327941E+01	5.568179E+03
9.2	-1.199304E+06	1.112082E+02	5.255038E+01	5.568179E+03
9.205	-1.199304E+06	1.050353E+02	5.195879E+01	5.568179E+03
9.21	-1.199304E+06	1.028162E+02	5.174300E+01	5.568179E+03
9.215	-1.199304E+06	1.077638E+02	5.162399E+01	5.568179E+03
9.22	-1.199304E+06	1.084264E+02	5.154932E+01	5.568179E+03
9.225	-1.199304E+06	1.043836E+02	5.149924E+01	5.568179E+03
9.23	-1.199304E+06	1.083077E+02	5.165620E+01	5.568179E+03
9.235	-1.199304E+06	1.104262E+02	5.211385E+01	5.568179E+03
9.24	-1.199304E+06	1.095546E+02	5.234052E+01	5.568179E+03
9.245	-1.199304E+06	1.033310E+02	5.240784E+01	5.568179E+03
9.25	-1.199304E+06	1.086479E+02	5.252407E+01	5.568179E+03
9.255	-1.199304E+06	1.090449E+02	5.280123E+01	5.568179E+03
9.26	-1.199304E+06	1.005284E+02	5.310103E+01	5.568179E+03
9.265	-1.199304E+06	1.041694E+02	5.304903E+01	5.568179E+03
9.27	-1.199304E+06	9.879569E+01	5.283442E+01	5.568179E+03
9.275	-1.199304E+06	1.041132E+02	5.249454E+01	5.568179E+03
9.28	-1.199304E+06	1.125286E+02	5.232054E+01	5.568179E+03
9.285	-1.199304E+06	1.066742E+02	5.248791E+01	5.568179E+03
9.29	-1.199304E+06	1.057061E+02	5.261961E+01	5.568179E+03
9.295	-1.199304E+06	1.055022E+02	5.259222E+01	5.568179E+03
9.3	-1.199304E+06	1.093130E+02	5.232159E+01	5.568179E+03
9.305	-1.199304E+06	1.047317E+02	5.201731E+01	5.568179E+03
9.31	-1.199304E+06	1.033399E+02	5.188605E+01	5.568179E+03
9.315	-1.199304E+06	1.040064E+02	5.195691E+01	5.568179E+03
9.32	-1.199304E+06	1.020839E+02	5.188574E+01	5.568179E+03
9.325	-1.199304E+06	1.115430E+02	5.143758E+01	5.568179E+03
9.33	-1.199304E+06	1.043003E+02	5.110706E+01	5.568179E+03
9.335	-1.199304E+06	1.004842E+02	5.105134E+01	5.568179E+03
9.34	-1.199304E+06	1.039791E+02	5.143443E+01	5.568179E+03
9.345	-1.199304E+06	1.002839E+02	5.207998E+01	5.568179E+03
9.35	-1.199304E+06	1.045158E+02	5.238986E+01	5.568179E+03
9.355	-1.199304E+06	1.039115E+02	5.248154E+01	5.568179E+03
9.36	-1.199304E+06	1.045876E+02	5.245897E+01	5.568179E+03
9.365	-1.199304E+06	1.061138E+02	5.243666E+01	5.568179E+03
9.37	-1.199304E+06	1.006096E+02	5.266214E+01	5.568179E+03
9.375	-1.199304E+06	9.716610E+01	5.292908E+01	5.568179E+03
9.38	-1.199304E+06	1.025978E+02	5.288467E+01	5.568179E+03
9.385	-1.199304E+06	1.073556E+02	5.257500E+01	5.568179E+03
9.39	-1.199304E+06	1.023835E+02	5.237558E+01	5.568179E+03
9.395	-1.199304E+06	1.050967E+02	5.241308E+01	5.568179E+03
9.4	-1.199304E+06	1.020650E+02	5.266271E+01	5.568179E+03
9.405	-1.199304E+06	1.014064E+02	5.268258E+01	5.568179E+03
9.41	-1.199304E+06	1.051458E+02	5.230392E+01	5.568179E+03
9.415	-1.199304E+06	1.022809E+02	5.181475E+01	5.568179E+03
9.42	-1.199304E+06	1.007260E+02	5.140865E+01	5.568179E+03
9.425	-1.199304E+06	1.001727E+02	5.128411E+01	5.568179E+03
9.43	-1.199304E+06	1.014519E+02	5.130878E+01	5.568179E+03
9.435	-1.199304E+06	1.021555E+02	5.114648E+01	5.568179E+03
9.44	-1.199304E+06	9.645007E+01	5.090203E+01	5.568179E+03
9.445	-1.199304E+06	9.019167E+01	5.079094E+01	5.568179E+03
9.45	-1.199304E+06	9.870580E+01	5.082585E+01	5.568179E+03
9.455	-1.199304E+06	1.035221E+02	5.119081E+01	5.568179E+03
9.46	-1.199304E+06	9.943353E+01	5.170972E+01	5.568179E+03
9.465	-1.199304E+06	1.029014E+02	5.200348E+01	5.568179E+03
9.47	-1.199304E+06	1.010043E+02	5.230636E+01	5.568179E+03
9.475	-1.199304E+06	1.006061E+02	5.274520E+01	5.568179E+03
9.48	-1.199304E+06	1.035868E+02	5.305456E+01	5.568179E+03
9.485	-1.199304E+06	9.788566E+01	5.306557E+01	5.568179E+03
9.49	-1.199304E+06	9.516239E+01	5.274945E+01	5.568179E+03
9.495	-1.199304E+06	9.896421E+01	5.224884E+01	5.568179E+03
9.5	-1.199304E+06	9.705200E+01	5.176507E+01	5.568179E+03
9.505	-1.199304E+06	9.263688E+01	5.132525E+01	5.568179E+03
9.51	-1.199304E+06	9.928032E+01	5.086066E+01	5.568179E+03
9.515	-1.199304E+06	1.024011E+02	5.050180E+01	5.568179E+03
9.52	-1.199304E+06	1.016554E+02	5.027568E+01	5.568179E+03
9.525	-1.199304E+06	1.042037E+02	5.031572E+01	5.568179E+03
9.53	-1.199304E+06	1.020229E+02	5.087335E+01	5.568179E+03
9.535	-1.199304E+06	9.751794E+01	5.168327E+01	5.568179E+03
9.54	-1.199304E+06	9.976369E+01	5.233046E+01	5.568179E+03
9.545	-1.199304E+06	1.014439E+02	5.270016E+01	5.568179E+03
9.55	-1.199304E+06	9.756607E+01	5.276839E+01	5.568179E+03
9.555	-1.199304E+06	9.473241E+01	5.284576E+01	5.568179E+03
9.56	-1.199304E+06	9.379487E+01	5.319746E+01	5.568179E+03
9.565	-1.199304E+06	9.912037E+01	5.343400E+01	5.568179E+03
9.57	-1.199304E+06	1.010725E+02	5.326755E+01	5.568179E+03
9.575	-1.199304E+06	1.040853E+02	5.272597E+01	5.568179E+03
9.58	-1.199304E+06	1.074913E+02	5.211119E+01	5.568179E+03
9.585	-1.199304E+06	1.044518E+02	5.178654E+01	5.568179E+03
9.59	-1.199304E+06	1.045307E+02	5.176578E+01	5.568179E+03
9.595	-1.199304E+06	9.729469E+01	5.191644E+01	5.568179E+03
9.6	-1.199304E+06	1.017810E+02	5.182843E+01	5.568179E+03
9.605	-1.199304E+06	1.003318E+02	5.163870E+01	5.568179E+03
9.61	-1.199304E+06	9.350542E+01	5.158360E+01	5.568179E+03
9.615	-1.199304E+06	9.900842E+01	5.184868E+01	5.568179E+03
9.62	-1.199304E+06	9.428555E+01	5.257268E+01	5.568179E+03
9.625	-1.199304E+06	1.014052E+02	5.312123E+01	5.568179E+03
9.63	-1.199304E+06	1.018609E+02	5.338960E+01	5.568179E+03
9.635	-1.199304E+06	9.521515E+01	5.345484E+01	5.568179E+03
9.64	-1.199304E+06	9.746998E+01	5.337722E+01	5.568179E+03
9.645	-1.199304E+06	9.443208E+01	5.336532E+01	5.568179E+03
9.65	-1.199304E+06	9.549276E+01	5.321684E+01	5.568179E+03
9.655	-1.199304E+06	9.671692E+01	5.285569E+01	5.568179E+03
9.66	-1.199304E+06	9.821238E+01	5.237746E+01	5.568179E+03
9.665	-1.199304E+06	9.891712E+01	5.202517E+01	5.568179E+03
9.67	-1.199304E+06	9.712044E+01	5.196308E+01	5.568179E+03
9.675	-1.199304E+06	9.798290E+01	5.213184E+01	5.568179E+03
9.68	-1.199304E+06	9.849219E+01	5.236227E+01	5.568179E+03
9.685	-1.199304E+06	9.620975E+01	5.239880E+01	5.568179E+03
9.69	-1.199304E+06	9.416462E+01	5.244399E+01	5.568179E+03
9.695	-1.199304E+06	9.660802E+01	5.285463E+01	5.568179E+03
9.7	-1.199304E+06	1.015896E+02	5.330453E+01	5.568179E+03
9.705	-1.199304E+06	9.605203E+01	5.350416E+01	5.568179E+03
9.71	-1.199304E+06	9.130647E+01	5.336801E+01	5.568179E+03
9.715	-1.199305E+06	9.977223E+01	5.293505E+01	5.568179E+03
9.72	-1.199304E+06	9.668541E+01	5.266697E+01	5.568179E+03
9.725	-1.199304E+06	9.815904E+01	5.250158E+01	5.568179E+03
9.73	-1.199305E+06	1.039419E+02	5.239428E+01	5.568179E+03
9.735	-1.199304E+06	9.630359E+01	5.239009E+01	5.568179E+03
9.74	-1.199304E+06	9.518397E+01	5.229919E+01	5.568179E+03
9.745	-1.199304E+06	9.886260E+01	5.247488E+01	5.568179E+03
9.75	-1.199305E+06	1.053832E+02	5.297086E+01	5.568179E+03
9.755	-1.199304E+06	1.009520E+02	5.355982E+01	5.568179E+03
9.76	-1.199304E+06	9.563327E+01	5.396101E+01	5.568179E+03
9.765	-1.199305E+06	1.026130E+02	5.394682E+01	5.568179E+03
9.77	-1.199304E+06	9.570815E+01	5.379375E+01	5.568179E+03
9.775	-1.199304E+06	9.548421E+01	5.367069E+01	5.568179E+03
9.78	-1.199305E+06	1.013576E+02	5.370185E+01	5.568179E+03
9.785	-1.199304E+06	9.890312E+01	5.374596E+01	5.568179E+03
9.79	-1.199305E+06	1.014661E+02	5.357722E+01	5.568179E+03
9.795	-1.199305E+06	1.022684E+02	5.331450E+01	5.568179E+03
9.8	-1.199304E+06	9.918496E+01	5.307657E+01	5.568179E+03
9.805	-1.199305E+06	9.966523E+01	5.304885E+01	5.568179E+03
9.81	-1.199304E+06	9.747929E+01	5.333399E+01	5.568179E+03
9.815	-1.199304E+06	9.512218E+01	5.374482E+01	5.568179E+03
9.82	-1.199305E+06	9.687514E+01	5.396635E+01	5.568179E+03
9.825	-1.199304E+06	9.657605E+01	5.382845E+01	5.568179E+03
9.83	-1.199304E+06	9.563308E+01	5.355872E+01	5.568179E+03
9.835	-1.199304E+06	9.568623E+01	5.336529E+01	5.568179E+03
9.84	-1.199305E+06	9.810483E+01	5.320591E+01	5.568179E+03
9.845	-1.199305E+06	9.587179E+01	5.297056E+01	5.568179E+03
9.85	-1.199304E+06	9.442600E+01	5.256543E+01	5.568179E+03
9.855	-1.199305E+06	9.636657E+01	5.243182E+01	5.568179E+03
9.86	-1.199305E+06	9.654607E+01	5.270597E+01	5.568179E+03
9.865	-1.199305E+06	9.797405E+01	5.296135E+01	5.568179E+03
9.87	-1.199304E+06	9.248811E+01	5.319305E+01	5.568179E+03
9.875	-1.199304E+06	9.770641E+01	5.312149E+01	5.568179E+03
9.88	-1.199305E+06	1.064904E+02	5.277379E+01	5.568179E+03
9.885	-1.199304E+06	9.756467E+01	5.278571E+01	5.568179E+03
9.89	-1.199304E+06	9.653841E+01	5.305129E+01	5.568179E+03
9.895	-1.199305E+06	1.000199E+02	5.341048E+01	5.568179E+03
9.9	-1.199304E+06	9.608655E+01	5.373451E+01	5.568179E+03
9.905	-1.199305E+06	9.838363E+01	5.371787E+01	5.568179E+03
9.91	-1.199305E+06	1.017658E+02	5.371660E+01	5.568179E+03
9.915	-1.199304E+06	9.964256E+01	5.398322E+01	5.568179E+03
9.92	-1.199304E+06	9.715618E+01	5.424901E+01	5.568179E+03
9.925	-1.199305E+06	9.944024E+01	5.437372E+01	5.568179E+03
9.93	-1.199305E+06	1.022333E+02	5.430650E+01	5.568179E+03
9.935	-1.199305E+06	9.982533E+01	5.411096E+01	5.568179E+03
9.94	-1.199304E+06	9.862150E+01	5.408809E+01	5.568179E+03
9.945	-1.199305E+06	1.006958E+02	5.424038E+01	5.568179E+03
9.95	-1.199305E+06	9.944096E+01	5.408930E+01	5.568179E+03
9.955	-1.199305E+06	9.599905E+01	5.360396E+01	5.568179E+03
9.96	-1.199305E+06	9.572249E+01	5.313118E+01	5.568179E+03
9.965	-1.199305E+06	9.995392E+01	5.278544E+01	5.568179E+03
9.97	-1.199305E+06	9.983136E+01	5.285842E+01	5.568179E+03
9.975	-1.199305E+06	1.013516E+02	5.322854E+01	5.568179E+03
9.98	-1.199305E+06	1.066936E+02	5.342464E+01	5.568179E+03
9.985	-1.199305E+06	1.020273E+02	5.345747E+01	5.568179E+03
9.99	-1.199305E+06	9.832956E+01	5.333512E+01	5.568179E+03
9.995	-1.199305E+06	9.596374E+01	5.331626E+01	5.568179E+03
10.0	-1.199305E+06	9.325808E+01	5.379033E+01	5.568179E+03
10.005	-1.199305E+06	9.498140E+01	5.439406E+01	5.568179E+03
10.01	-1.199305E+06	1.048122E+02	5.460283E+01	5.568179E+03
10.015	-1.199305E+06	1.098431E+02	5.442305E+01	5.568179E+03
10.02	-1.199305E+06	9.825366E+01	5.401532E+01	5.568179E+03
10.025	-1.199305E+06	9.520964E+01	5.370611E+01	5.568179E+03
10.03	-1.199305E+06	9.527556E+01	5.372475E+01	5.568179E+03
10.035	-1.199305E+06	9.747004E+01	5.361761E+01	5.568179E+03
10.04	-1.199305E+06	9.863593E+01	5.338523E+01	5.568179E+03
10.045	-1.199304E+06	9.532072E+01	5.328312E+01	5.568179E+03
10.05	-1.199305E+06	1.044423E+02	5.331580E+01	5.568179E+03
10.055	-1.199305E+06	1.024651E+02	5.366352E+01	5.568179E+03
10.06	-1.199305E+06	9.628498E+01	5.404947E+01	5.568179E+03
10.065	-1.199305E+06	9.916888E+01	5.424067E+01	5.568179E+03
10.07	-1.199305E+06	9.801932E+01	5.433793E+01	5.568179E+03
10.075	-1.199304E+06	9.508634E+01	5.470308E+01	5.568179E+03
10.08	-1.199305E+06	1.005070E+02	5.551337E+01	5.568179E+03
10.085	-1.199305E+06	1.072705E+02	5.614268E+01	5.568179E+03
10.09	-1.199304E+06	1.005733E+02	5.630609E+01	5.568179E+03
10.095	-1.199305E+06	9.998943E+01	5.607730E+01	5.568179E+03
10.1	-1.199305E+06	1.011551E+02	5.570076E+01	5.568179E+03
10.105	-1.199305E+06	1.066596E+02	5.535111E+01	5.568179E+03
10.11	-1.199305E+06	1.074486E+02	5.494277E+01	5.568179E+03
10.115	-1.199304E+06	9.887565E+01	5.462053E+01	5.568179E+03
10.12	-1.199305E+06	1.048546E+02	5.441153E+01	5.568179E+03
10.125	-1.199305E+06	1.088237E+02	5.419733E+01	5.568179E+03
10.13	-1.199305E+06	1.038375E+02	5.420905E+01	5.568179E+03
10.135	-1.199305E+06	9.929139E+01	5.451785E+01	5.568179E+03
10.14	-1.199305E+06	1.002580E+02	5.478132E+01	5.568179E+03
10.145	-1.199305E+06	9.723945E+01	5.488560E+01	5.568179E+03
10.15	-1.199304E+06	9.876156E+01	5.484491E+01	5.568179E+03
10.155	-1.199305E+06	1.086358E+02	5.494519E+01	5.568179E+03
10.16	-1.199304E+06	1.054063E+02	5.537962E+01	5.568179E+03
10.165	-1.199305E+06	1.039229E+02	5.574943E+01	5.568179E+03
10.17	-1.199305E+06	1.021662E+02	5.591638E+01	5.568179E+03
10.175	-1.199304E+06	1.005192E+02	5.580768E+01	5.568179E+03
10.18	-1.199304E+06	1.027626E+02	5.551114E+01	5.568179E+03
10.185	-1.199304E+06	1.045016E+02	5.528223E+01	5.568179E+03
10.19	-1.199305E+06	1.087307E+02	5.516778E+01	5.568179E+03
10.195	-1.199304E+06	1.047026E+02	5.529397E+01	5.568179E+03
10.2	-1.199304E+06	1.022700E+02	5.544907E+01	5.568179E+03
10.205	-1.199304E+06	1.051719E+02	5.546840E+01	5.568179E+03
10.21	-1.199305E+06	1.057023E+02	5.553818E+01	5.568179E+03
10.215	-1.199305E+06	1.031325E+02	5.574100E+01	5.568179E+03
10.22	-1.199305E+06	1.019367E+02	5.611178E+01	5.568179E+03
10.225	-1.199304E+06	1.009424E+02	5.651978E+01	5.568179E+03
10.23	-1.199304E+06	1.055960E+02	5.644564E+01	5.568179E+03
10.235	-1.199305E+06	1.122709E+02	5.579816E+01	5.568179E+03
10.24	-1.199304E+06	1.077184E+02	5.523579E+01	5.568179E+03
10.245	-1.199305E+06	1.078997E+02	5.508351E+01	5.568179E+03
10.25	-1.199305E+06	1.070968E+02	5.515014E+01	5.568179E+03
10.255	-1.199304E+06	1.013662E+02	5.501610E+01	5.568179E+03
10.26	-1.199304E+06	1.007207E+02	5.443836E+01	5.568179E+03
10.265	-1.199304E+06	1.018648E+02	5.383081E+01	5.568179E+03
10.27	-1.199304E+06	1.039157E+02	5.378991E+01	5.568179E+03
10.275	-1.199304E+06	1.061326E+02	5.429473E+01	5.568179E+03
10.28	-1.199305E+06	1.171915E+02	5.473703E+01	5.568179E+03
10.285	-1.199304E+06	1.111320E+02	5.491559E+01	5.568179E+03
10.29	-1.199304E+06	1.008249E+02	5.481727E+01	5.568179E+03
10.295	-1.199304E+06	1.016748E+02	5.484634E+01	5.568179E+03
10.3	-1.199304E+06	9.986084E+01	5.518929E+01	5.568179E+03
10.305	-1.199305E+06	1.087098E+02	5.527157E+01	5.568179E+03
10.31	-1.199304E+06	1.094431E+02	5.506238E+01	5.568179E+03
10.315	-1.199304E+06	1.039756E+02	5.449215E+01	5.568179E+03
10.32	-1.199304E+06	1.062785E+02	5.373464E+01	5.568179E+03
10.325	-1.199304E+06	1.075526E+02	5.341538E+01	5.568179E+03
10.33	-1.199304E+06	1.105930E+02	5.340350E+01	5.568179E+03
10.335	-1.199304E+06	1.123446E+02	5.355691E+01	5.568179E+03
10.34	-1.199304E+06	1.108746E+02	5.396658E+01	5.568179E+03
10.345	-1.199304E+06	1.105539E+02	5.441616E+01	5.568179E+03
10.35	-1.199304E+06	1.110983E+02	5.491108E+01	5.568179E+03
10.355	-1.199304E+06	1.099448E+02	5.546768E+01	5.568179E+03
10.36	-1.199304E+06	1.100132E+02	5.567290E+01	5.568179E+03
10.365	-1.199304E+06	1.122962E+02	5.546194E+01	5.568179E+03
10.37	-1.199304E+06	1.104368E+02	5.505604E+01	5.568179E+03
10.375	-1.199304E+06	1.133239E+02	5.435678E+01	5.568179E+03
10.38	-1.199304E+06	1.163027E+02	5.381359E+01	5.568179E+03
10.385	-1.199304E+06	1.114744E+02	5.377542E+01	5.568179E+03
10.39	-1.199304E+06	1.128897E+02	5.375707E+01	5.568179E+03
10.395	-1.199304E+06	1.139448E+02	5.376300E+01	5.568179E+03
10.4	-1.199304E+06	1.104962E+02	5.383038E+01	5.568179E+03
10.405	-1.199304E+06	1.159009E+02	5.383270E+01	5.568179E+03
10.41	-1.199304E+06	1.136477E+02	5.427198E+01	5.568179E+03
10.415	-1.199304E+06	1.118956E+02	5.473422E+01	5.568179E+03
10.42	-1.199304E+06	1.165185E+02	5.459630E+01	5.568179E+03
10.425	-1.199304E+06	1.120016E+02	5.420461E+01	5.568179E+03
10.43	-1.199304E+06	1.075847E+02	5.376840E+01	5.568179E+03
10.435	-1.199304E+06	1.127323E+02	5.351477E+01	5.568179E+03
10.44	-1.199304E+06	1.074694E+02	5.375332E+01	5.568179E+03
10.445	-1.199304E+06	1.077493E+02	5.388727E+01	5.568179E+03
10.45	-1.199305E+06	1.187621E+02	5.371823E+01	5.568179E+03
10.455	-1.199304E+06	1.108822E+02	5.373984E+01	5.568179E+03
10.46	-1.199304E+06	1.121925E+02	5.392088E+01	5.568179E+03
10.465	-1.199304E+06	1.236614E+02	5.442864E+01	5.568179E+03
10.47	-1.199304E+06	1.201053E+02	5.508162E+01	5.568179E+03
10.475	-1.199304E+06	1.182463E+02	5.509028E+01	5.568179E+03
10.48	-1.199304E+06	1.124409E+02	5.464612E+01	5.568179E+03
10.485	-1.199304E+06	1.100529E+02	5.416139E+01	5.568179E+03
10.49	-1.199304E+06	1.160250E+02	5.372477E+01	5.568179E+03
10.495	-1.199304E+06	1.169516E+02	5.345187E+01	5.568179E+03
10.5	-1.199304E+06	1.151768E+02	5.325201E+01	5.568179E+03
10.505	-1.199304E+06	1.192677E+02	5.316146E+01	5.568179E+03
10.51	-1.199304E+06	1.204185E+02	5.349983E+01	5.568179E+03
10.515	-1.199304E+06	1.133415E+02	5.424031E+01	5.568179E+03
10.52	-1.199304E+06	1.207776E+02	5.496089E+01	5.568179E+03
10.525	-1.199304E+06	1.204795E+02	5.552888E+01	5.568179E+03
10.53	-1.199304E+06	1.131081E+02	5.554839E+01	5.568179E+03
10.535	-1.199304E+06	1.197974E+02	5.507759E+01	5.568179E+03
10.54	-1.199304E+06	1.244346E+02	5.454629E+01	5.568179E+03
10.545	-1.199304E+06	1.234559E+02	5.392044E+01	5.568179E+03
10.55	-1.199304E+06	1.206435E+02	5.354062E+01	5.568179E+03
10.555	-1.199304E+06	1.192077E+02	5.341384E+01	5.568179E+03
10.56	-1.199304E+06	1.215757E+02	5.307028E+01	5.568179E+03
10.565	-1.199304E+06	1.177693E+02	5.280612E+01	5.568179E+03
10.57	-1.199304E+06	1.173919E+02	5.295749E+01	5.568179E+03
10.575	-1.199304E+06	1.259062E+02	5.344774E+01	5.568179E+03
10.58	-1.199304E+06	1.235349E+02	5.403193E+01	5.568179E+03
10.585	-1.199304E+06	1.171456E+02	5.439151E+01	5.568179E+03
10.59	-1.199304E+06	1.240428E+02	5.457305E+01	5.568179E+03
10.595	-1.199304E+06	1.287589E+02	5.464804E+01	5.568179E+03
10.6	-1.199304E+06	1.245422E+02	5.464296E+01	5.568179E+03
10.605	-1.199304E+06	1.197466E+02	5.483436E+01	5.568179E+03
10.61	-1.199304E+06	1.217893E+02	5.510836E+01	5.568179E+03
10.615	-1.199304E+06	1.284859E+02	5.502340E+01	5.568179E+03
10.62	-1.199304E+06	1.253750E+02	5.455389E+01	5.568179E+03
10.625	-1.199304E+06	1.253465E+02	5.410572E+01	5.568179E+03
10.63	-1.199304E+06	1.259369E+02	5.412052E+01	5.568179E+03
10.635	-1.199304E+06	1.190212E+02	5.439963E+01	5.568179E+03
10.64	-1.199304E+06	1.275964E+02	5.438702E+01	5.568179E+03
10.645	-1.199304E+06	1.319660E+02	5.407274E+01	5.568179E+03
10.65	-1.199304E+06	1.272243E+02	5.376137E+01	5.568179E+03
10.655	-1.199304E+06	1.215944E+02	5.385395E+01	5.568179E+03
10.66	-1.199304E+06	1.219577E+02	5.407965E+01	5.568179E+03
10.665	-1.199304E+06	1.263977E+02	5.414994E+01	5.568179E+03
10.67	-1.199304E+06	1.269846E+02	5.401008E+01	5.568179E+03
10.675	-1.199304E+06	1.311669E+02	5.358967E+01	5.568179E+03
10.68	-1.199304E+06	1.273981E+02	5.345744E+01	5.568179E+03
10.685	-1.199304E+06	1.262505E+02	5.355615E+01	5.568179E+03
10.69	-1.199304E+06	1.322985E+02	5.345895E+01	5.568179E+03
10.695	-1.199304E+06	1.302898E+02	5.321007E+01	5.568179E+03
10.7	-1.199304E+06	1.289792E+02	5.266953E+01	5.568179E+03
10.705	-1.199304E+06	1.266963E+02	5.229616E+01	5.568179E+03
10.71	-1.199304E+06	1.252119E+02	5.257588E+01	5.568179E+03
10.715	-1.199304E+06	1.276584E+02	5.310369E+01	5.568179E+03
10.72	-1.199304E+06	1.281648E+02	5.373699E+01	5.568179E+03
10.725	-1.199304E+06	1.317704E+02	5.434684E+01	5.568179E+03
10.73	-1.199304E+06	1.371864E+02	5.470555E+01	5.568179E+03
10.735	-1.199304E+06	1.362609E+02	5.520324E+01	5.568179E+03
10.74	-1.199304E+06	1.358292E+02	5.574167E+01	5.568179E+03
10.745	-1.199304E+06	1.409107E+02	5.575334E+01	5.568179E+03
10.75	-1.199304E+06	1.404576E+02	5.521016E+01	5.568179E+03
10.755	-1.199303E+06	1.361904E+02	5.414746E+01	5.568179E+03
10.76	-1.199304E+06	1.343828E+02	5.306370E+01	5.568179E+03
10.765	-1.199303E+06	1.332359E+02	5.274539E+01	5.568179E+03
10.77	-1.199304E+06	1.431342E+02	5.269904E+01	5.568179E+03
10.775	-1.199304E+06	1.486170E+02	5.240984E+01	5.568179E+03
10.78	-1.199304E+06	1.366811E+02	5.201333E+01	5.568179E+03
10.785	-1.199303E+06	1.297808E+02	5.145659E+01	5.568179E+03
10.79	-1.199304E+06	1.352126E+02	5.127529E+01	5.568179E+03
10.795	-1.199304E+06	1.399768E+02	5.179484E+01	5.568179E+03
10.8	-1.199304E+06	1.491347E+02	5.224422E+01	5.568179E+03
10.805	-1.199304E+06	1.503685E+02	5.253869E+01	5.568179E+03
10.81	-1.199303E+06	1.417322E+02	5.271642E+01	5.568179E+03
10.815	-1.199304E+06	1.408001E+02	5.253215E+01	5.568179E+03
10.82	-1.199304E+06	1.367713E+02	5.256174E+01	5.568179E+03
10.825	-1.199303E+06	1.341202E+02	5.275517E+01	5.568179E+03
10.83	-1.199304E+06	1.440428E+02	5.243690E+01	5.568179E+03
10.835	-1.199303E+06	1.415609E+02	5.185689E+01	5.568179E+03
10.84	-1.199303E+06	1.340497E+02	5.102231E+01	5.568179E+03
10.845	-1.199304E+06	1.407960E+02	5.008468E+01	5.568179E+03
10.85	-1.199303E+06	1.382416E+02	5.000958E+01	5.568179E+03
10.855	-1.199303E+06	1.415555E+02	5.016178E+01	5.568179E+03
10.86	-1.199304E+06	1.522954E+02	4.984822E+01	5.568179E+03
10.865	-1.199303E+06	1.493388E+02	4.960806E+01	5.568179E+03
10.87	-1.199303E+06	1.452209E+02	4.932293E+01	5.568179E+03
10.875	-1.199303E+06	1.403669E+02	4.944216E+01	5.568179E+03
10.88	-1.199303E+06	1.385233E+02	5.039347E+01	5.568179E+03
10.885	-1.199303E+06	1.458995E+02	5.108021E+01	5.568179E+03
10.89	-1.199303E+06	1.451806E+02	5.114795E+01	5.568179E+03
10.895	-1.199303E+06	1.323426E+02	5.129268E+01	5.568179E+03
10.9	-1.199303E+06	1.423120E+02	5.152230E+01	5.568179E+03
10.905	-1.199303E+06	1.525471E+02	5.207888E+01	5.568179E+03
10.91	-1.199303E+06	1.500878E+02	5.277254E+01	5.568179E+03
10.915	-1.199303E+06	1.613611E+02	5.275145E+01	5.568179E+03
10.92	-1.199303E+06	1.577362E+02	5.228295E+01	5.568179E+03
10.925	-1.199303E+06	1.502234E+02	5.180085E+01	5.568179E+03
10.93	-1.199304E+06	1.621456E+02	5.153181E+01	5.568179E+03
10.935	-1.199303E+06	1.641116E+02	5.185816E+01	5.568179E+03
10.94	-1.199303E+06	1.545294E+02	5.234375E+01	5.568179E+03
10.945	-1.199303E+06	1.533194E+02	5.250516E+01	5.568179E+03
10.95	-1.199303E+06	1.551382E+02	5.264572E+01	5.568179E+03
10.955	-1.199303E+06	1.580327E+02	5.279789E+01	5.568179E+03
10.96	-1.199303E+06	1.640400E+02	5.282111E+01	5.568179E+03
10.965	-1.199303E+06	1.601183E+02	5.263661E+01	5.568179E+03
10.97	-1.199303E+06	1.588723E+02	5.193856E+01	5.568179E+03
10.975	-1.199303E+06	1.595467E+02	5.105840E+01	5.568179E+03
10.98	-1.199303E+06	1.552378E+02	5.053719E+01	5.568179E+03
10.985	-1.199303E+06	1.603434E+02	5.038571E+01	5.568179E+03
10.99	-1.199303E+06	1.619376E+02	5.071476E+01	5.568179E+03
10.995	-1.199303E+06	1.653426E+02	5.136049E+01	5.568179E+03
11.0	-1.199303E+06	1.696810E+02	5.191494E+01	5.568179E+03
11.005	-1.199303E+06	1.642309E+02	5.207485E+01	5.568179E+03
11.01	-1.199303E+06	1.601927E+02	5.205557E+01	5.568179E+03
11.015	-1.199303E+06	1.548519E+02	5.236758E+01	5.568179E+03
11.02	-1.199303E+06	1.523617E+02	5.287883E+01	5.568179E+03
11.025	-1.199303E+06	1.583382E+02	5.331956E+01	5.568179E+03
11.03	-1.199303E+06	1.653178E+02	5.333053E+01	5.568179E+03
11.035	-1.199303E+06	1.641248E+02	5.286739E+01	5.568179E+03
11.04	-1.199303E+06	1.584839E+02	5.258031E+01	5.568179E+03
11.045	-1.199303E+06	1.600323E+02	5.269634E+01	5.568179E+03
11.05	-1.199303E+06	1.689825E+02	5.282975E+01	5.568179E+03
11.055	-1.199303E+06	1.733013E+02	5.279859E+01	5.568179E+03
11.06	-1.199303E+06	1.708864E+02	5.248760E+01	5.568179E+03
11.065	-1.199303E+06	1.691755E+02	5.213207E+01	5.568179E+03
11.07	-1.199303E+06	1.684734E+02	5.222950E+01	5.568179E+03
11.075	-1.199303E+06	1.690046E+02	5.238053E+01	5.568179E+03
11.08	-1.199303E+06	1.714100E+02	5.197153E+01	5.568179E+03
11.085	-1.199303E+06	1.720528E+02	5.119528E+01	5.568179E+03
11.09	-1.199303E+06	1.739149E+02	5.044933E+01	5.568179E+03
11.095	-1.199303E+06	1.825521E+02	4.999513E+01	5.568179E+03
11.1	-1.199303E+06	1.758070E+02	5.007465E+01	5.568179E+03
11.105	-1.199303E+06	1.718537E+02	5.030862E+01	5.568179E+03
11.11	-1.199303E+06	1.754193E+02	5.043619E+01	5.568179E+03
11.115	-1.199302E+06	1.594628E+02	5.085382E+01	5.568179E+03
11.12	-1.199303E+06	1.637771E+02	5.152263E+01	5.568179E+03
11.125	-1.199303E+06	1.713587E+02	5.244418E+01	5.568179E+03
11.13	-1.199302E+06	1.665886E+02	5.318729E+01	5.568179E+03
11.135	-1.199303E+06	1.818094E+02	5.295688E+01	5.568179E+03
11.14	-1.199303E+06	1.857327E+02	5.221502E+01	5.568179E+03
11.145	-1.199302E+06	1.779110E+02	5.134707E+01	5.568179E+03
11.15	-1.199303E+06	1.894361E+02	5.027693E+01	5.568179E+03
11.155	-1.199303E+06	1.883787E+02	4.973286E+01	5.568179E+03
11.16	-1.199303E+06	1.796075E+02	4.970622E+01	5.568179E+03
11.165	-1.199302E+06	1.762010E+02	4.990703E+01	5.568179E+03
11.17	-1.199303E+06	1.833805E+02	5.047482E+01	5.568179E+03
11.175	-1.199303E+06	1.873227E+02	5.100582E+01	5.568179E+03
11.18	-1.199302E+06	1.800356E+02	5.132259E+01	5.568179E+03
11.185	-1.199303E+06	1.849354E+02	5.211940E+01	5.568179E+03
11.19	-1.199303E+06	1.927074E+02	5.322597E+01	5.568179E+03
11.195	-1.199303E+06	1.954857E+02	5.390531E+01	5.568179E+03
11.2	-1.199302E+06	1.926546E+02	5.412734E+01	5.568179E+03
11.205	-1.199302E+06	1.976717E+02	5.369146E+01	5.568179E+03
11.21	-1.199303E+06	2.019519E+02	5.304673E+01	5.568179E+03
11.215	-1.199302E+06	1.831151E+02	5.260279E+01	5.568179E+03
11.22	-1.199302E+06	1.913920E+02	5.188169E+01	5.568179E+03
11.225	-1.199303E+06	1.996521E+02	5.128255E+01	5.568179E+03
11.23	-1.199302E+06	1.894608E+02	5.083247E+01	5.568179E+03
11.235	-1.199303E+06	1.911280E+02	5.050999E+01	5.568179E+03
11.24	-1.199302E+06	1.821754E+02	5.071937E+01	5.568179E+03
11.245	-1.199302E+06	1.987994E+02	5.072048E+01	5.568179E+03
11.25	-1.199303E+06	2.076393E+02	5.055300E+01	5.568179E+03
11.255	-1.199302E+06	1.953738E+02	5.041536E+01	5.568179E+03
11.26	-1.199302E+06	2.054107E+02	5.029211E+01	5.568179E+03
11.265	-1.199302E+06	2.068202E+02	5.034771E+01	5.568179E+03
11.27	-1.199302E+06	1.990708E+02	4.994749E+01	5.568179E+03
11.275	-1.199302E+06	1.896002E+02	4.945654E+01	5.568179E+03
11.28	-1.199302E+06	1.852259E+02	4.969382E+01	5.568179E+03
11.285	-1.199302E+06	1.935784E+02	5.044126E+01	5.568179E+03
11.29	-1.199302E+06	1.973495E+02	5.140911E+01	5.568179E+03
11.295	-1.199302E+06	2.038620E+02	5.202950E+01	5.568179E+03
11.3	-1.199302E+06	2.089444E+02	5.199305E+01	5.568179E+03
11.305	-1.199302E+06	2.053023E+02	5.150525E+01	5.568179E+03
11.31	-1.199302E+06	1.976162E+02	5.100122E+01	5.568179E+03
11.315	-1.199302E+06	2.078562E+02	5.107429E+01	5.568179E+03
11.32	-1.199302E+06	2.262183E+02	5.146133E+01	5.568179E+03
11.325	-1.199302E+06	2.187280E+02	5.167040E+01	5.568179E+03
11.33	-1.199302E+06	2.051521E+02	5.187272E+01	5.568179E+03
11.335	-1.199302E+06	2.014039E+02	5.243070E+01	5.568179E+03
11.34	-1.199302E+06	2.064021E+02	5.327253E+01	5.568179E+03
11.345	-1.199302E+06	2.122530E+02	5.394484E+01	5.568179E+03
11.35	-1.199302E+06	2.094646E+02	5.418856E+01	5.568179E+03
11.355	-1.199302E+06	2.139007E+02	5.399376E+01	5.568179E+03
11.36	-1.199302E+06	2.178860E+02	5.352078E+01	5.568179E+03
11.365	-1.199302E+06	2.163354E+02	5.289809E+01	5.568179E+03
11.37	-1.199302E+06	2.224006E+02	5.245769E+01	5.568179E+03
11.375	-1.199302E+06	2.332862E+02	5.222466E+01	5.568179E+03
11.38	-1.199302E+06	2.302378E+02	5.209075E+01	5.568179E+03
11.385	-1.199302E+06	2.362850E+02	5.190255E+01	5.568179E+03
11.39	-1.199302E+06	2.196528E+02	5.175590E+01	5.568179E+03
11.395	-1.199301E+06	2.062397E+02	5.172081E+01	5.568179E+03
11.4	-1.199302E+06	2.263328E+02	5.217889E+01	5.568179E+03
11.405	-1.199302E+06	2.399822E+02	5.292297E+01	5.568179E+03
11.41	-1.199302E+06	2.354632E+02	5.340980E+01	5.568179E+03
11.415	-1.199302E+06	2.282918E+02	5.348253E+01	5.568179E+03
11.42	-1.199302E+06	2.257711E+02	5.336733E+01	5.568179E+03
11.425	-1.199302E+06	2.242475E+02	5.371606E+01	5.568179E+03
11.43	-1.199301E+06	2.187101E+02	5.422195E+01	5.568179E+03
11.435	-1.199302E+06	2.302967E+02	5.379683E+01	5.568179E+03
11.44	-1.199302E+06	2.328733E+02	5.264285E+01	5.568179E+03
11.445	-1.199301E+06	2.267475E+02	5.135363E+01	5.568179E+03
11.45	-1.199302E+06	2.307618E+02	5.064738E+01	5.568179E+03
11.455	-1.199301E+06	2.219855E+02	5.092245E+01	5.568179E+03
11.46	-1.199301E+06	2.216935E+02	5.131539E+01	5.568179E+03
11.465	-1.199302E+06	2.337598E+02	5.174597E+01	5.568179E+03
11.47	-1.199301E+06	2.237404E+02	5.273416E+01	5.568179E+03
11.475	-1.199302E+06	2.482556E+02	5.359245E+01	5.568179E+03
11.48	-1.199302E+06	2.581175E+02	5.465458E+01	5.568179E+03
11.485	-1.199301E+06	2.400079E+02	5.576109E+01	5.568179E+03
11.49	-1.199302E+06	2.530698E+02	5.612434E+01	5.568179E+03
11.495	-1.199301E+06	2.493813E+02	5.625155E+01	5.568179E+03
11.5	-1.199301E+06	2.379136E+02	5.596105E+01	5.568179E+03
11.505	-1.199301E+06	2.368303E+02	5.519131E+01	5.568179E+03
11.51	-1.199301E+06	2.339805E+02	5.487000E+01	5.568179E+03
11.515	-1.199301E+06	2.435627E+02	5.476843E+01	5.568179E+03
11.52	-1.199302E+06	2.715103E+02	5.420412E+01	5.568179E+03
11.525	-1.199302E+06	2.753707E+02	5.384625E+01	5.568179E+03
11.53	-1.199301E+06	2.435574E+02	5.387299E+01	5.568179E+03
11.535	-1.199301E+06	2.534283E+02	5.397799E+01	5.568179E+03
11.54	-1.199302E+06	2.617865E+02	5.458775E+01	5.568179E+03
11.545	-1.199301E+06	2.504028E+02	5.476522E+01	5.568179E+03
11.55	-1.199302E+06	2.718908E+02	5.432290E+01	5.568179E+03
11.555	-1.199301E+06	2.580947E+02	5.445794E+01	5.568179E+03
11.56	-1.199301E+06	2.580952E+02	5.395265E+01	5.568179E+03
11.565	-1.199301E+06	2.631371E+02	5.342493E+01	5.568179E+03
11.57	-1.199301E+06	2.574892E+02	5.368022E+01	5.568179E+03
11.575	-1.199301E+06	2.703453E+02	5.359408E+01	5.568179E+03
11.58	-1.199301E+06	2.602748E+02	5.373584E+01	5.568179E+03
11.585	-1.199301E+06	2.557822E+02	5.415628E+01	5.568179E+03
11.59	-1.199301E+06	2.726965E+02	5.434211E+01	5.568179E+03
11.595	-1.199301E+06	2.749850E+02	5.473608E+01	5.568179E+03
11.6	-1.199301E+06	2.619266E+02	5.491191E+01	5.568179E+03
11.605	-1.199301E+06	2.605237E+02	5.428418E+01	5.568179E+03
11.61	-1.199301E+06	2.582497E+02	5.358567E+01	5.568179E+03
11.615	-1.199301E+06	2.524617E+02	5.338444E+01	5.568179E+03
11.62	-1.199301E+06	2.770910E+02	5.345924E+01	5.568179E+03
11.625	-1.199301E+06	2.779259E+02	5.400756E+01	5.568179E+03
11.63	-1.199301E+06	2.830120E+02	5.400777E+01	5.568179E+03
11.635	-1.199301E+06	2.853557E+02	5.362040E+01	5.568179E+03
11.64	-1.199301E+06	2.752288E+02	5.409040E+01	5.568179E+03
11.645	-1.199301E+06	2.896816E+02	5.513147E+01	5.568179E+03
11.65	-1.199301E+06	3.005328E+02	5.600728E+01	5.568179E+03
11.655	-1.199301E+06	2.982510E+02	5.609809E+01	5.568179E+03
11.66	-1.199301E+06	2.834012E+02	5.528169E+01	5.568179E+03
11.665	-1.199301E+06	2.791067E+02	5.468100E+01	5.568179E+03
11.67	-1.199301E+06	2.804587E+02	5.489017E+01	5.568179E+03
11.675	-1.199301E+06	2.851028E+02	5.465282E+01	5.568179E+03
11.68	-1.199301E+06	2.898109E+02	5.352865E+01	5.568179E+03
11.685	-1.199300E+06	2.755172E+02	5.203861E+01	5.568179E+03
11.69	-1.199301E+06	2.820414E+02	5.086955E+01	5.568179E+03
11.695	-1.199301E+06	2.961737E+02	5.104568E+01	5.568179E+03
11.7	-1.199300E+06	3.002554E+02	5.203798E+01	5.568179E+03
11.705	-1.199301E+06	3.133855E+02	5.292408E+01	5.568179E+03
11.71	-1.199300E+06	3.051581E+02	5.373535E+01	5.568179E+03
11.715	-1.199300E+06	3.004863E+02	5.422742E+01	5.568179E+03
11.72	-1.199301E+06	3.011541E+02	5.491036E+01	5.568179E+03
11.725	-1.199300E+06	3.022370E+02	5.579971E+01	5.568179E+03
11.73	-1.199301E+06	3.112068E+02	5.600885E+01	5.568179E+03
11.735	-1.199300E+06	3.004879E+02	5.582289E+01	5.568179E+03
11.74	-1.199301E+06	3.056623E+02	5.515733E+01	5.568179E+03
11.745	-1.199300E+06	3.075906E+02	5.403603E+01	5.568179E+03
11.75	-1.199300E+06	3.049367E+02	5.262012E+01	5.568179E+03
11.755	-1.199300E+06	2.988870E+02	5.124678E+01	5.568179E+03
11.76	-1.199300E+06	2.911715E+02	5.053797E+01	5.568179E+03
11.765	-1.199300E+06	3.032868E+02	5.080450E+01	5.568179E+03
11.77	-1.199301E+06	3.239947E+02	5.154616E+01	5.568179E+03
11.775	-1.199300E+06	3.171023E+02	5.214759E+01	5.568179E+03
11.78	-1.199300E+06	3.201957E+02	5.253922E+01	5.568179E+03
11.785	-1.199300E+06	3.162409E+02	5.323382E+01	5.568179E+03
11.79	-1.199300E+06	3.280848E+02	5.374664E+01	5.568179E+03
11.795	-1.199301E+06	3.626502E+02	5.384439E+01	5.568179E+03
11.8	-1.199300E+06	3.465474E+02	5.367912E+01	5.568179E+03
11.805	-1.199300E+06	3.296882E+02	5.304721E+01	5.568179E+03
11.81	-1.199300E+06	3.233783E+02	5.279252E+01	5.568179E+03
11.815	-1.199300E+06	3.134355E+02	5.301577E+01	5.568179E+03
11.82	-1.199299E+06	3.150920E+02	5.397588E+01	5.568179E+03
11.825	-1.199300E+06	3.466971E+02	5.536420E+01	5.568179E+03
11.83	-1.199300E+06	3.542792E+02	5.628808E+01	5.568179E+03
11.835	-1.199299E+06	3.334180E+02	5.684413E+01	5.568179E+03
11.84	-1.199300E+06	3.433667E+02	5.712385E+01	5.568179E+03
11.845	-1.199300E+06	3.459946E+02	5.726813E+01	5.568179E+03
11.85	-1.199300E+06	3.509006E+02	5.653856E+01	5.568179E+03
11.855	-1.199300E+06	3.526928E+02	5.496919E+01	5.568179E+03
11.86	-1.199299E+06	3.313491E+02	5.367383E+01	5.568179E+03
11.865	-1.199300E+06	3.438370E+02	5.250756E+01	5.568179E+03
11.87	-1.199300E+06	3.511924E+02	5.184616E+01	5.568179E+03
11.875	-1.199300E+06	3.575128E+02	5.157706E+01	5.568179E+03
11.88	-1.199300E+06	3.649385E+02	5.126209E+01	5.568179E+03
11.885	-1.199299E+06	3.445645E+02	5.162717E+01	5.568179E+03
11.89	-1.199299E+06	3.287806E+02	5.250488E+01	5.568179E+03
11.895	-1.199299E+06	3.416560E+02	5.348244E+01	5.568179E+03
11.9	-1.199300E+06	3.704851E+02	5.462867E+01	5.568179E+03
11.905	-1.199299E+06	3.573493E+02	5.495849E+01	5.568179E+03
11.91	-1.199299E+06	3.609029E+02	5.411391E+01	5.568179E+03
11.915	-1.199299E+06	3.581021E+02	5.352296E+01	5.568179E+03
11.92	-1.199299E+06	3.494863E+02	5.292831E+01	5.568179E+03
11.925	-1.199299E+06	3.583139E+02	5.287261E+01	5.568179E+03
11.93	-1.199299E+06	3.600661E+02	5.351620E+01	5.568179E+03
11.935	-1.199299E+06	3.782340E+02	5.383038E+01	5.568179E+03
11.94	-1.199299E+06	3.806172E+02	5.456882E+01	5.568179E+03
11.945	-1.199298E+06	3.596588E+02	5.545130E+01	5.568179E+03
11.95	-1.199300E+06	3.867299E+02	5.584875E+01	5.568179E+03
11.955	-1.199299E+06	3.835299E+02	5.644522E+01	5.568179E+03
11.96	-1.199299E+06	3.746136E+02	5.566620E+01	5.568179E+03
11.965	-1.199299E+06	3.851532E+02	5.396632E+01	5.568179E+03
11.97	-1.199299E+06	3.854833E+02	5.227722E+01	5.568179E+03
11.975	-1.199299E+06	3.769140E+02	5.079261E+01	5.568179E+03
11.98	-1.199299E+06	3.753323E+02	5.077728E+01	5.568179E+03
11.985	-1.199299E+06	3.854977E+02	5.127180E+01	5.568179E+03
11.99	-1.199299E+06	3.804187E+02	5.169699E+01	5.568179E+03
11.995	-1.199299E+06	3.889316E+02	5.254980E+01	5.568179E+03
12.0	-1.199299E+06	4.064630E+02	5.318956E+01	5.568179E+03
12.005	-1.199298E+06	3.844167E+02	5.395797E+01	5.568179E+03
12.01	-1.199299E+06	3.993253E+02	5.468444E+01	5.568179E+03
12.015	-1.199299E+06	4.112288E+02	5.502636E+01	5.568179E+03
12.02	-1.199298E+06	3.982385E+02	5.504976E+01	5.568179E+03
12.025	-1.199299E+06	4.019305E+02	5.509747E+01	5.568179E+03
12.03	-1.199298E+06	4.098062E+02	5.538680E+01	5.568179E+03
12.035	-1.199299E+06	4.225338E+02	5.562510E+01	5.568179E+03
12.04	-1.199298E+06	4.001455E+02	5.607480E+01	5.568179E+03
12.045	-1.199298E+06	4.057420E+02	5.610824E+01	5.568179E+03
12.05	-1.199299E+06	4.354528E+02	5.593421E+01	5.568179E+03
12.055	-1.199298E+06	4.260235E+02	5.566052E+01	5.568179E+03
12.06	-1.199298E+06	4.178069E+02	5.444441E+01	5.568179E+03
12.065	-1.199298E+06	4.142509E+02	5.332097E+01	5.568179E+03
12.07	-1.199298E+06	4.128369E+02	5.245637E+01	5.568179E+03
12.075	-1.199298E+06	4.136690E+02	5.162060E+01	5.568179E+03
12.08	-1.199298E+06	4.218968E+02	5.163536E+01	5.568179E+03
12.085	-1.199299E+06	4.408431E+02	5.103417E+01	5.568179E+03
12.09	-1.199298E+06	4.117516E+02	4.965817E+01	5.568179E+03
12.095	-1.199297E+06	4.031138E+02	4.925523E+01	5.568179E+03
12.1	-1.199299E+06	4.405883E+02	5.006609E+01	5.568179E+03
12.105	-1.199298E+06	4.393016E+02	5.141414E+01	5.568179E+03
12.11	-1.199298E+06	4.258476E+02	5.287686E+01	5.568179E+03
12.115	-1.199297E+06	4.320553E+02	5.448228E+01	5.568179E+03
12.12	-1.199299E+06	4.631487E+02	5.535094E+01	5.568179E+03
12.125	-1.199298E+06	4.395032E+02	5.574662E+01	5.568179E+03
12.13	-1.199297E+06	4.112621E+02	5.563993E+01	5.568179E+03
12.135	-1.199298E+06	4.395973E+02	5.482913E+01	5.568179E+03
12.14	-1.199298E+06	4.366820E+02	5.415806E+01	5.568179E+03
12.145	-1.199297E+06	4.284844E+02	5.272247E+01	5.568179E+03
12.15	-1.199298E+06	4.446806E+02	5.063804E+01	5.568179E+03
12.155	-1.199298E+06	4.399644E+02	4.929773E+01	5.568179E+03
12.16	-1.199298E+06	4.355214E+02	4.855280E+01	5.568179E+03
12.165	-1.199297E+06	4.270183E+02	4.916033E+01	5.568179E+03
12.17	-1.199298E+06	4.610520E+02	5.033988E+01	5.568179E+03
12.175	-1.199298E+06	4.738470E+02	5.100070E+01	5.568179E+03
12.18	-1.199297E+06	4.500031E+02	5.168280E+01	5.568179E+03
12.185	-1.199297E+06	4.652255E+02	5.217432E+01	5.568179E+03
12.19	-1.199298E+06	4.871676E+02	5.257034E+01	5.568179E+03
12.195	-1.199297E+06	4.798027E+02	5.353487E+01	5.568179E+03
12.2	-1.199297E+06	4.748677E+02	5.394622E+01	5.568179E+03
12.205	-1.199297E+06	4.789705E+02	5.381969E+01	5.568179E+03
12.21	-1.199297E+06	4.818796E+02	5.378967E+01	5.568179E+03
12.215	-1.199297E+06	4.720651E+02	5.272628E+01	5.568179E+03
12.22	-1.199297E+06	4.573259E+02	5.136611E+01	5.568179E+03
12.225	-1.199297E+06	4.561528E+02	5.070289E+01	5.568179E+03
12.23	-1.199297E+06	4.828042E+02	4.939995E+01	5.568179E+03
12.235	-1.199297E+06	4.948931E+02	4.792146E+01	5.568179E+03
12.24	-1.199297E+06	4.791257E+02	4.721479E+01	5.568179E+03
12.245	-1.199297E+06	4.801612E+02	4.642654E+01	5.568179E+03
12.25	-1.199297E+06	4.606720E+02	4.609923E+01	5.568179E+03
12.255	-1.199296E+06	4.406108E+02	4.655590E+01	5.568179E+03
12.26	-1.199297E+06	4.783727E+02	4.676218E+01	5.568179E+03
12.265	-1.199298E+06	5.166419E+02	4.702970E+01	5.568179E+03
12.27	-1.199296E+06	5.040277E+02	4.829700E+01	5.568179E+03
12.275	-1.199297E+06	5.104714E+02	4.956071E+01	5.568179E+03
12.28	-1.199297E+06	5.054158E+02	5.059273E+01	5.568179E+03
12.285	-1.199296E+06	4.882343E+02	5.151758E+01	5.568179E+03
12.29	-1.199296E+06	4.932239E+02	5.178814E+01	5.568179E+03
12.295	-1.199297E+06	5.104437E+02	5.193467E+01	5.568179E+03
12.3	-1.199296E+06	5.093375E+02	5.232170E+01	5.568179E+03
12.305	-1.199297E+06	5.062805E+02	5.185512E+01	5.568179E+03
12.31	-1.199296E+06	4.822972E+02	5.213078E+01	5.568179E+03
12.315	-1.199297E+06	5.095971E+02	5.280133E+01	5.568179E+03
12.32	-1.199297E+06	5.260611E+02	5.237095E+01	5.568179E+03
12.325	-1.199296E+06	5.181979E+02	5.161832E+01	5.568179E+03
12.33	-1.199297E+06	5.438152E+02	5.065525E+01	5.568179E+03
12.335	-1.199296E+06	5.254193E+02	4.998883E+01	5.568179E+03
12.34	-1.199295E+06	5.088823E+02	5.008026E+01	5.568179E+03
12.345	-1.199297E+06	5.545585E+02	4.947736E+01	5.568179E+03
12.35	-1.199296E+06	5.485837E+02	4.856132E+01	5.568179E+03
12.355	-1.199296E+06	5.347165E+02	4.783731E+01	5.568179E+03
12.36	-1.199296E+06	5.186814E+02	4.774177E+01	5.568179E+03
12.365	-1.199297E+06	5.362583E+02	4.816254E+01	5.568179E+03
12.37	-1.199296E+06	5.238449E+02	4.892101E+01	5.568179E+03
12.375	-1.199296E+06	5.160560E+02	4.881018E+01	5.568179E+03
12.38	-1.199296E+06	5.254808E+02	4.883378E+01	5.568179E+03
12.385	-1.199295E+06	5.069067E+02	4.915070E+01	5.568179E+03
12.39	-1.199296E+06	5.282855E+02	4.869251E+01	5.568179E+03
12.395	-1.199296E+06	5.463738E+02	4.903995E+01	5.568179E+03
12.4	-1.199295E+06	5.310794E+02	4.912107E+01	5.568179E+03
12.405	-1.199296E+06	5.393939E+02	4.802388E+01	5.568179E+03
12.41	-1.199295E+06	5.303294E+02	4.813467E+01	5.568179E+03
12.415	-1.199296E+06	5.458964E+02	4.849291E+01	5.568179E+03
12.42	-1.199296E+06	5.637369E+02	4.931055E+01	5.568179E+03
12.425	-1.199295E+06	5.527547E+02	5.107916E+01	5.568179E+03
12.43	-1.199297E+06	5.981232E+02	5.128526E+01	5.568179E+03
12.435	-1.199296E+06	5.717432E+02	5.128635E+01	5.568179E+03
12.44	-1.199295E+06	5.340062E+02	5.125830E+01	5.568179E+03
12.445	-1.199295E+06	5.507654E+02	5.101133E+01	5.568179E+03
12.45	-1.199296E+06	5.753493E+02	5.118797E+01	5.568179E+03
12.455	-1.199295E+06	5.704768E+02	5.068548E+01	5.568179E+03
12.46	-1.199295E+06	5.619174E+02	4.987477E+01	5.568179E+03
12.465	-1.199295E+06	5.563543E+02	4.994442E+01	5.568179E+03
12.47	-1.199295E+06	5.599283E+02	5.019949E+01	5.568179E+03
12.475	-1.199295E+06	5.782435E+02	5.039590E+01	5.568179E+03
12.48	-1.199296E+06	5.889078E+02	5.045261E+01	5.568179E+03
12.485	-1.199295E+06	5.729271E+02	5.025287E+01	5.568179E+03
12.49	-1.199296E+06	6.050987E+02	4.948926E+01	5.568179E+03
12.495	-1.199295E+06	6.066676E+02	4.953118E+01	5.568179E+03
12.5	-1.199295E+06	5.948315E+02	4.959293E+01	5.568179E+03
12.505	-1.199295E+06	5.804740E+02	4.842611E+01	5.568179E+03
12.51	-1.199295E+06	5.558517E+02	4.647398E+01	5.568179E+03
12.515	-1.199295E+06	5.488420E+02	4.453110E+01	5.568179E+03
12.52	-1.199295E+06	5.782717E+02	4.328658E+01	5.568179E+03
12.525	-1.199295E+06	6.115361E+02	4.319907E+01	5.568179E+03
12.53	-1.199295E+06	6.084088E+02	4.359104E+01	5.568179E+03
12.535	-1.199295E+06	5.922885E+02	4.331200E+01	5.568179E+03
12.54	-1.199295E+06	5.764060E+02	4.317860E+01	5.568179E+03
12.545	-1.199294E+06	5.629385E+02	4.347843E+01	5.568179E+03
12.55	-1.199295E+06	5.606751E+02	4.416183E+01	5.568179E+03
12.555	-1.199294E+06	5.630323E+02	4.631083E+01	5.568179E+03
12.56	-1.199295E+06	6.040672E+02	4.867861E+01	5.568179E+03
12.565	-1.199294E+06	6.079262E+02	5.023235E+01	5.568179E+03
12.57	-1.199295E+06	6.198534E+02	5.060540E+01	5.568179E+03
12.575	-1.199295E+06	6.206730E+02	5.024352E+01	5.568179E+03
12.58	-1.199294E+06	6.065726E+02	4.996452E+01	5.568179E+03
12.585	-1.199295E+06	6.354796E+02	5.045093E+01	5.568179E+03
12.59	-1.199295E+06	6.208676E+02	5.129045E+01	5.568179E+03
12.595	-1.199294E+06	5.972790E+02	5.052448E+01	5.568179E+03
12.6	-1.199295E+06	6.055517E+02	4.903893E+01	5.568179E+03
12.605	-1.199295E+06	6.129383E+02	4.781521E+01	5.568179E+03
12.61	-1.199294E+06	6.059059E+02	4.692167E+01	5.568179E+03
12.615	-1.199294E+06	6.226283E+02	4.699871E+01	5.568179E+03
12.62	-1.199295E+06	6.478800E+02	4.696765E+01	5.568179E+03
12.625	-1.199294E+06	6.193812E+02	4.645900E+01	5.568179E+03
12.63	-1.199294E+06	6.210868E+02	4.628472E+01	5.568179E+03
12.635	-1.199295E+06	6.410784E+02	4.656701E+01	5.568179E+03
12.64	-1.199294E+06	6.316934E+02	4.703707E+01	5.568179E+03
12.645	-1.199294E+06	6.361911E+02	4.731447E+01	5.568179E+03
12.65	-1.199294E+06	6.315922E+02	4.750374E+01	5.568179E+03
12.655	-1.199294E+06	6.067997E+02	4.776252E+01	5.568179E+03
12.66	-1.199294E+06	6.128961E+02	4.793308E+01	5.568179E+03
12.665	-1.199294E+06	6.165478E+02	4.794592E+01	5.568179E+03
12.67	-1.199294E+06	6.454955E+02	4.684227E+01	5.568179E+03
12.675	-1.199294E+06	6.499685E+02	4.491079E+01	5.568179E+03
12.68	-1.199294E+06	6.159573E+02	4.290606E+01	5.568179E+03
12.685	-1.199294E+06	6.064633E+02	4.210372E+01	5.568179E+03
12.69	-1.199294E+06	5.962938E+02	4.333307E+01	5.568179E+03
12.695	-1.199294E+06	6.133393E+02	4.536312E+01	5.568179E+03
12.7	-1.199294E+06	6.401783E+02	4.719236E+01	5.568179E+03
12.705	-1.199294E+06	6.683608E+02	4.813110E+01	5.568179E+03
12.71	-1.199294E+06	6.846875E+02	4.851910E+01	5.568179E+03
12.715	-1.199293E+06	6.564906E+02	4.905486E+01	5.568179E+03
12.72	-1.199294E+06	6.443049E+02	4.850913E+01	5.568179E+03
12.725	-1.199294E+06	6.344326E+02	4.679967E+01	5.568179E+03
12.73	-1.199294E+06	6.460359E+02	4.472492E+01	5.568179E+03
12.735	-1.199294E+06	6.609993E+02	4.299765E+01	5.568179E+03
12.74	-1.199293E+06	6.366744E+02	4.244656E+01	5.568179E+03
12.745	-1.199294E+06	6.638659E+02	4.305750E+01	5.568179E+03
12.75	-1.199294E+06	6.625168E+02	4.459406E+01	5.568179E+03
12.755	-1.199293E+06	6.421637E+02	4.643871E+01	5.568179E+03
12.76	-1.199294E+06	6.654222E+02	4.838307E+01	5.568179E+03
12.765	-1.199294E+06	6.680455E+02	4.924867E+01	5.568179E+03
12.77	-1.199294E+06	6.445909E+02	4.893711E+01	5.568179E+03
12.775	-1.199293E+06	6.251475E+02	4.918683E+01	5.568179E+03
12.78	-1.199294E+06	6.487036E+02	4.847226E+01	5.568179E+03
12.785	-1.199294E+06	6.464531E+02	4.682764E+01	5.568179E+03
12.79	-1.199293E+06	6.192224E+02	4.534847E+01	5.568179E+03
12.795	-1.199294E+06	6.481064E+02	4.329224E+01	5.568179E+03
12.8	-1.199294E+06	6.486776E+02	4.270919E+01	5.568179E+03
12.805	-1.199293E+06	6.391200E+02	4.339942E+01	5.568179E+03
12.81	-1.199294E+06	6.700770E+02	4.385136E+01	5.568179E+03
12.815	-1.199293E+06	6.540413E+02	4.481377E+01	5.568179E+03
12.82	-1.199294E+06	6.722371E+02	4.484788E+01	5.568179E+03
12.825	-1.199294E+06	6.799403E+02	4.537820E+01	5.568179E+03
12.83	-1.199293E+06	6.734694E+02	4.725843E+01	5.568179E+03
12.835	-1.199294E+06	6.858447E+02	4.846139E+01	5.568179E+03
12.84	-1.199293E+06	6.841982E+02	4.911247E+01	5.568179E+03
12.845	-1.199294E+06	6.801577E+02	4.914067E+01	5.568179E+03
12.85	-1.199293E+06	6.447711E+02	4.883052E+01	5.568179E+03
12.855	-1.199293E+06	6.446062E+02	4.937588E+01	5.568179E+03
12.86	-1.199294E+06	6.750936E+02	5.075698E+01	5.568179E+03
12.865	-1.199293E+06	6.800109E+02	5.184161E+01	5.568179E+03
12.87	-1.199294E+06	6.946418E+02	5.167936E+01	5.568179E+03
12.875	-1.199293E+06	6.681283E+02	5.099419E+01	5.568179E+03
12.88	-1.199293E+06	6.714234E+02	4.992163E+01	5.568179E+03
12.885	-1.199294E+06	6.979563E+02	4.873363E+01	5.568179E+03
12.89	-1.199292E+06	6.520673E+02	4.803262E+01	5.568179E+03
12.895	-1.199293E+06	6.681292E+02	4.665955E+01	5.568179E+03
12.9	-1.199294E+06	6.877905E+02	4.591138E+01	5.568179E+03
12.905	-1.199293E+06	6.743679E+02	4.624791E+01	5.568179E+03
12.91	-1.199294E+06	7.005338E+02	4.634113E+01	5.568179E+03
12.915	-1.199294E+06	6.826554E+02	4.645292E+01	5.568179E+03
12.92	-1.199292E+06	6.233550E+02	4.610219E+01	5.568179E+03
12.925	-1.199293E+06	6.497144E+02	4.534745E+01	5.568179E+03
12.93	-1.199294E+06	6.928868E+02	4.608248E+01	5.568179E+03
12.935	-1.199293E+06	6.958289E+02	4.686468E+01	5.568179E+03
12.94	-1.199293E+06	6.782774E+02	4.683316E+01	5.568179E+03
12.945	-1.199293E+06	6.591123E+02	4.643010E+01	5.568179E+03
12.95	-1.199293E+06	6.259223E+02	4.516513E+01	5.568179E+03
12.955	-1.199292E+06	6.048721E+02	4.409021E+01	5.568179E+03
12.96	-1.199293E+06	6.611816E+02	4.403834E+01	5.568179E+03
12.965	-1.199294E+06	6.981899E+02	4.525213E+01	5.568179E+03
12.97	-1.199293E+06	6.739087E+02	4.669185E+01	5.568179E+03
12.975	-1.199293E+06	6.645069E+02	4.834133E+01	5.568179E+03
12.98	-1.199293E+06	6.865379E+02	5.017071E+01	5.568179E+03
12.985	-1.199293E+06	6.736704E+02	5.013502E+01	5.568179E+03
12.99	-1.199293E+06	6.770095E+02	4.843480E+01	5.568179E+03
12.995	-1.199293E+06	6.812940E+02	4.761026E+01	5.568179E+03
13.0	-1.199293E+06	6.664297E+02	4.687666E+01	5.568179E+03
13.005	-1.199293E+06	6.389229E+02	4.532218E+01	5.568179E+03
13.01	-1.199292E+06	6.230959E+02	4.366114E+01	5.568179E+03
13.015	-1.199293E+06	6.756555E+02	4.270678E+01	5.568179E+03
13.02	-1.199294E+06	6.977024E+02	4.424936E+01	5.568179E+03
13.025	-1.199293E+06	6.730027E+02	4.724756E+01	5.568179E+03
13.03	-1.199293E+06	6.870728E+02	4.926933E+01	5.568179E+03
13.035	-1.199293E+06	6.929638E+02	4.972179E+01	5.568179E+03
13.04	-1.199293E+06	6.899275E+02	4.919793E+01	5.568179E+03
13.045	-1.199293E+06	6.882665E+02	4.893216E+01	5.568179E+03
13.05	-1.199294E+06	6.993884E+02	4.870707E+01	5.568179E+03
13.055	-1.199293E+06	7.028000E+02	4.821196E+01	5.568179E+03
13.06	-1.199293E+06	7.049689E+02	4.743363E+01	5.568179E+03
13.065	-1.199293E+06	7.072339E+02	4.675623E+01	5.568179E+03
13.07	-1.199294E+06	7.173771E+02	4.614067E+01	5.568179E+03
13.075	-1.199293E+06	6.868738E+02	4.555582E+01	5.568179E+03
13.08	-1.199293E+06	6.624967E+02	4.471371E+01	5.568179E+03
13.085	-1.199293E+06	6.591868E+02	4.526963E+01	5.568179E+03
13.09	-1.199294E+06	6.812925E+02	4.631722E+01	5.568179E+03
13.095	-1.199293E+06	6.342610E+02	4.674274E+01	5.568179E+03
13.1	-1.199292E+06	6.205616E+02	4.587312E+01	5.568179E+03
13.105	-1.199294E+06	6.696987E+02	4.492250E+01	5.568179E+03
13.11	-1.199293E+06	6.676054E+02	4.560736E+01	5.568179E+03
13.115	-1.199294E+06	6.968253E+02	4.491042E+01	5.568179E+03
13.12	-1.199293E+06	6.822166E+02	4.327608E+01	5.568179E+03
13.125	-1.199293E+06	6.573501E+02	4.215493E+01	5.568179E+03
13.13	-1.199294E+06	6.729046E+02	4.186471E+01	5.568179E+03
13.135	-1.199293E+06	6.610705E+02	4.361671E+01	5.568179E+03
13.14	-1.199294E+06	6.794651E+02	4.555880E+01	5.568179E+03
13.145	-1.199294E+06	6.658271E+02	4.715428E+01	5.568179E+03
13.15	-1.199293E+06	6.378583E+02	4.886504E+01	5.568179E+03
13.155	-1.199293E+06	6.605250E+02	5.066151E+01	5.568179E+03
13.16	-1.199294E+06	6.915246E+02	5.273361E+01	5.568179E+03
13.165	-1.199294E+06	7.135043E+02	5.404520E+01	5.568179E+03
13.17	-1.199294E+06	7.123313E+02	5.330370E+01	5.568179E+03
13.175	-1.199294E+06	7.067520E+02	5.073980E+01	5.568179E+03
13.18	-1.199294E+06	6.719972E+02	4.808992E+01	5.568179E+03
13.185	-1.199292E+06	6.125395E+02	4.655993E+01	5.568179E+03
13.19	-1.199294E+06	6.419318E+02	4.572217E+01	5.568179E+03
13.195	-1.199293E+06	6.600312E+02	4.607278E+01	5.568179E+03
13.2	-1.199294E+06	6.999389E+02	4.657764E+01	5.568179E+03
13.205	-1.199294E+06	6.825991E+02	4.714349E+01	5.568179E+03
13.21	-1.199292E+06	6.422830E+02	4.799585E+01	5.568179E+03
13.215	-1.199295E+06	6.935323E+02	4.906450E+01	5.568179E+03
13.22	-1.199294E+06	6.904303E+02	5.000132E+01	5.568179E+03
13.225	-1.199294E+06	6.603708E+02	4.952177E+01	5.568179E+03
13.23	-1.199293E+06	6.336433E+02	4.874350E+01	5.568179E+03
13.235	-1.199294E+06	6.307415E+02	4.791013E+01	5.568179E+03
13.24	-1.199294E+06	6.419707E+02	4.799862E+01	5.568179E+03
13.245	-1.199294E+06	6.389640E+02	5.036823E+01	5.568179E+03
13.25	-1.199294E+06	6.424814E+02	5.248431E+01	5.568179E+03
13.255	-1.199294E+06	6.595940E+02	5.303181E+01	5.568179E+03
13.26	-1.199294E+06	6.555925E+02	5.270073E+01	5.568179E+03
13.265	-1.199294E+06	6.621081E+02	5.105825E+01	5.568179E+03
13.27	-1.199294E+06	6.509190E+02	4.953652E+01	5.568179E+03
13.275	-1.199294E+06	6.215438E+02	4.823772E+01	5.568179E+03
13.28	-1.199294E+06	6.389006E+02	4.687430E+01	5.568179E+03
13.285	-1.199295E+06	6.687543E+02	4.656894E+01	5.568179E+03
13.29	-1.199294E+06	6.801303E+02	4.707976E+01	5.568179E+03
13.295	-1.199295E+06	6.811812E+02	4.795151E+01	5.568179E+03
13.3	-1.199294E+06	6.451502E+02	4.932379E+01	5.568179E+03
13.305	-1.199294E+06	6.227065E+02	5.128077E+01	5.568179E+03
13.31	-1.199295E+06	6.394680E+02	5.292087E+01	5.568179E+03
13.315	-1.199294E+06	6.374727E+02	5.383740E+01	5.568179E+03
13.32	-1.199294E+06	6.366679E+02	5.419934E+01	5.568179E+03
13.325	-1.199294E+06	6.799838E+02	5.349923E+01	5.568179E+03
13.33	-1.199296E+06	7.001665E+02	5.218448E+01	5.568179E+03
