t	totalEnergy 	temperature  	pressure 	volume 		PtensXX 	PtensXY 	PtensXZ 	PtensYX 	PtensYY 	PtensYZ 	PtensZX 	PtensZY 	PtensZZ
0,0	-1,199265E+06	2,999971E+02	1,695437E+01	5,568179E+03
0,005	-1,199273E+06	5,266276E+02	2,352711E+01	5,568179E+03
0,01	-1,199271E+06	6,684481E+02	3,776336E+01	5,568179E+03
0,015	-1,199272E+06	7,647208E+02	4,994461E+01	5,568179E+03
0,02	-1,199272E+06	7,799922E+02	5,993400E+01	5,568179E+03
0,025	-1,199270E+06	6,976546E+02	6,619912E+01	5,568179E+03
0,03	-1,199271E+06	6,900770E+02	7,072851E+01	5,568179E+03
0,035	-1,199271E+06	6,835508E+02	7,183666E+01	5,568179E+03
0,04	-1,199271E+06	6,795875E+02	6,942042E+01	5,568179E+03
0,045	-1,199271E+06	6,799374E+02	6,534217E+01	5,568179E+03
0,05	-1,199272E+06	7,060167E+02	5,709393E+01	5,568179E+03
0,055	-1,199270E+06	6,556765E+02	5,033623E+01	5,568179E+03
0,06	-1,199271E+06	6,634865E+02	4,630725E+01	5,568179E+03
0,065	-1,199272E+06	6,512869E+02	4,358522E+01	5,568179E+03
0,07	-1,199269E+06	6,137009E+02	4,332385E+01	5,568179E+03
0,075	-1,199273E+06	7,246697E+02	4,335901E+01	5,568179E+03
0,08	-1,199271E+06	7,164067E+02	4,532849E+01	5,568179E+03
0,085	-1,199270E+06	6,920016E+02	4,935379E+01	5,568179E+03
0,09	-1,199273E+06	7,572284E+02	5,348822E+01	5,568179E+03
0,095	-1,199270E+06	7,060783E+02	5,765476E+01	5,568179E+03
0,1	-1,199271E+06	7,001015E+02	5,976874E+01	5,568179E+03
0,105	-1,199272E+06	6,821756E+02	6,011085E+01	5,568179E+03
0,11	-1,199269E+06	6,271788E+02	5,938724E+01	5,568179E+03
0,115	-1,199273E+06	6,914532E+02	5,773161E+01	5,568179E+03
0,12	-1,199271E+06	6,546798E+02	5,680974E+01	5,568179E+03
0,125	-1,199271E+06	6,522345E+02	5,392906E+01	5,568179E+03
0,13	-1,199273E+06	6,865660E+02	4,990868E+01	5,568179E+03
0,135	-1,199271E+06	6,241603E+02	4,537680E+01	5,568179E+03
0,14	-1,199270E+06	6,046577E+02	4,170098E+01	5,568179E+03
0,145	-1,199273E+06	6,790368E+02	4,215114E+01	5,568179E+03
0,15	-1,199271E+06	6,517522E+02	4,436657E+01	5,568179E+03
0,155	-1,199271E+06	6,734670E+02	4,508582E+01	5,568179E+03
0,16	-1,199273E+06	7,028942E+02	4,529128E+01	5,568179E+03
0,165	-1,199271E+06	6,491191E+02	4,542067E+01	5,568179E+03
0,17	-1,199271E+06	6,434420E+02	4,832745E+01	5,568179E+03
0,175	-1,199272E+06	6,591437E+02	5,263931E+01	5,568179E+03
0,18	-1,199271E+06	6,512857E+02	5,541600E+01	5,568179E+03
0,185	-1,199272E+06	6,588610E+02	5,688284E+01	5,568179E+03
0,19	-1,199272E+06	6,626811E+02	5,528144E+01	5,568179E+03
0,195	-1,199271E+06	6,632597E+02	5,342067E+01	5,568179E+03
0,2	-1,199272E+06	6,880762E+02	5,161588E+01	5,568179E+03
0,205	-1,199272E+06	6,752365E+02	4,832725E+01	5,568179E+03
0,21	-1,199271E+06	6,664721E+02	4,519766E+01	5,568179E+03
0,215	-1,199273E+06	6,985642E+02	4,129381E+01	5,568179E+03
0,22	-1,199271E+06	6,435150E+02	4,054923E+01	5,568179E+03
0,225	-1,199271E+06	6,386625E+02	4,353987E+01	5,568179E+03
0,23	-1,199273E+06	6,860187E+02	4,606810E+01	5,568179E+03
0,235	-1,199271E+06	6,650767E+02	4,822671E+01	5,568179E+03
0,24	-1,199273E+06	6,998880E+02	4,896708E+01	5,568179E+03
0,245	-1,199272E+06	6,730320E+02	4,999415E+01	5,568179E+03
0,25	-1,199271E+06	6,367796E+02	5,228055E+01	5,568179E+03
0,255	-1,199272E+06	6,339927E+02	5,465323E+01	5,568179E+03
0,26	-1,199271E+06	6,022466E+02	5,676371E+01	5,568179E+03
0,265	-1,199272E+06	6,460032E+02	5,661332E+01	5,568179E+03
0,27	-1,199272E+06	6,480980E+02	5,424754E+01	5,568179E+03
0,275	-1,199271E+06	6,453005E+02	5,082120E+01	5,568179E+03
0,28	-1,199273E+06	6,640541E+02	4,881971E+01	5,568179E+03
0,285	-1,199271E+06	6,345591E+02	4,832061E+01	5,568179E+03
0,29	-1,199272E+06	6,427995E+02	4,640841E+01	5,568179E+03
0,295	-1,199272E+06	6,428157E+02	4,457943E+01	5,568179E+03
0,3	-1,199272E+06	6,163802E+02	4,434260E+01	5,568179E+03
0,305	-1,199271E+06	6,035616E+02	4,603789E+01	5,568179E+03
0,31	-1,199273E+06	6,511602E+02	4,978926E+01	5,568179E+03
0,315	-1,199272E+06	6,444245E+02	5,407033E+01	5,568179E+03
0,32	-1,199272E+06	6,529078E+02	5,664465E+01	5,568179E+03
0,325	-1,199273E+06	6,664336E+02	5,813169E+01	5,568179E+03
0,33	-1,199270E+06	5,918601E+02	5,843065E+01	5,568179E+03
0,335	-1,199273E+06	6,491998E+02	5,707010E+01	5,568179E+03
0,34	-1,199272E+06	6,289898E+02	5,638296E+01	5,568179E+03
0,345	-1,199271E+06	6,007128E+02	5,364372E+01	5,568179E+03
0,35	-1,199273E+06	6,384865E+02	4,913891E+01	5,568179E+03
0,355	-1,199271E+06	6,152131E+02	4,526050E+01	5,568179E+03
0,36	-1,199272E+06	6,369751E+02	4,279600E+01	5,568179E+03
0,365	-1,199273E+06	6,417142E+02	4,331461E+01	5,568179E+03
0,37	-1,199272E+06	6,162294E+02	4,516212E+01	5,568179E+03
0,375	-1,199273E+06	6,496208E+02	4,578876E+01	5,568179E+03
0,38	-1,199273E+06	6,539531E+02	4,553502E+01	5,568179E+03
0,385	-1,199272E+06	6,212507E+02	4,678167E+01	5,568179E+03
0,39	-1,199272E+06	6,120135E+02	5,059977E+01	5,568179E+03
0,395	-1,199273E+06	6,260939E+02	5,486489E+01	5,568179E+03
0,4	-1,199272E+06	6,142053E+02	5,789805E+01	5,568179E+03
0,405	-1,199273E+06	6,317202E+02	5,812235E+01	5,568179E+03
0,41	-1,199272E+06	6,045293E+02	5,713743E+01	5,568179E+03
0,415	-1,199272E+06	6,165112E+02	5,668254E+01	5,568179E+03
0,42	-1,199274E+06	6,714545E+02	5,620520E+01	5,568179E+03
0,425	-1,199271E+06	6,026985E+02	5,529378E+01	5,568179E+03
0,43	-1,199273E+06	6,223948E+02	5,165891E+01	5,568179E+03
0,435	-1,199273E+06	6,133846E+02	4,715038E+01	5,568179E+03
0,44	-1,199272E+06	5,704395E+02	4,401326E+01	5,568179E+03
0,445	-1,199274E+06	6,170322E+02	4,284679E+01	5,568179E+03
0,45	-1,199273E+06	5,919044E+02	4,346978E+01	5,568179E+03
0,455	-1,199272E+06	5,654526E+02	4,284986E+01	5,568179E+03
0,46	-1,199273E+06	5,943024E+02	4,131310E+01	5,568179E+03
0,465	-1,199273E+06	5,885464E+02	4,163263E+01	5,568179E+03
0,47	-1,199272E+06	5,780795E+02	4,381828E+01	5,568179E+03
0,475	-1,199273E+06	6,106463E+02	4,720137E+01	5,568179E+03
0,48	-1,199274E+06	6,185533E+02	5,102827E+01	5,568179E+03
0,485	-1,199272E+06	5,738755E+02	5,374783E+01	5,568179E+03
0,49	-1,199274E+06	5,864227E+02	5,363704E+01	5,568179E+03
0,495	-1,199272E+06	5,446054E+02	5,309533E+01	5,568179E+03
0,5	-1,199273E+06	5,826481E+02	5,289275E+01	5,568179E+03
0,505	-1,199274E+06	6,013810E+02	5,251400E+01	5,568179E+03
0,51	-1,199272E+06	5,615976E+02	5,087117E+01	5,568179E+03
0,515	-1,199274E+06	5,937456E+02	4,717390E+01	5,568179E+03
0,52	-1,199273E+06	5,813635E+02	4,397153E+01	5,568179E+03
0,525	-1,199273E+06	5,758553E+02	4,359222E+01	5,568179E+03
0,53	-1,199274E+06	6,021104E+02	4,450913E+01	5,568179E+03
0,535	-1,199274E+06	6,064337E+02	4,520715E+01	5,568179E+03
0,54	-1,199274E+06	5,890352E+02	4,590151E+01	5,568179E+03
0,545	-1,199273E+06	5,715733E+02	4,617322E+01	5,568179E+03
0,55	-1,199274E+06	5,707871E+02	4,779070E+01	5,568179E+03
0,555	-1,199273E+06	5,729629E+02	5,124825E+01	5,568179E+03
0,56	-1,199274E+06	5,838751E+02	5,366622E+01	5,568179E+03
0,565	-1,199273E+06	5,409764E+02	5,530966E+01	5,568179E+03
0,57	-1,199273E+06	5,467065E+02	5,529127E+01	5,568179E+03
0,575	-1,199275E+06	5,627821E+02	5,328842E+01	5,568179E+03
0,58	-1,199272E+06	5,144353E+02	5,164798E+01	5,568179E+03
0,585	-1,199274E+06	5,519272E+02	5,006647E+01	5,568179E+03
0,59	-1,199274E+06	5,437448E+02	4,853889E+01	5,568179E+03
0,595	-1,199273E+06	5,367343E+02	4,661663E+01	5,568179E+03
0,6	-1,199275E+06	5,909225E+02	4,460236E+01	5,568179E+03
0,605	-1,199274E+06	5,642213E+02	4,383577E+01	5,568179E+03
0,61	-1,199274E+06	5,386965E+02	4,440496E+01	5,568179E+03
0,615	-1,199273E+06	5,270739E+02	4,651004E+01	5,568179E+03
0,62	-1,199274E+06	5,585044E+02	4,827555E+01	5,568179E+03
0,625	-1,199274E+06	5,549578E+02	4,923787E+01	5,568179E+03
0,63	-1,199273E+06	5,258507E+02	4,874006E+01	5,568179E+03
0,635	-1,199274E+06	5,327094E+02	4,777954E+01	5,568179E+03
0,64	-1,199274E+06	5,284132E+02	4,804350E+01	5,568179E+03
0,645	-1,199275E+06	5,455127E+02	4,704697E+01	5,568179E+03
0,65	-1,199274E+06	5,277173E+02	4,523486E+01	5,568179E+03
0,655	-1,199273E+06	5,020080E+02	4,327846E+01	5,568179E+03
0,66	-1,199275E+06	5,392848E+02	4,148552E+01	5,568179E+03
0,665	-1,199275E+06	5,557858E+02	4,259832E+01	5,568179E+03
0,67	-1,199274E+06	5,414042E+02	4,462367E+01	5,568179E+03
0,675	-1,199274E+06	5,370929E+02	4,515065E+01	5,568179E+03
0,68	-1,199275E+06	5,358453E+02	4,462868E+01	5,568179E+03
0,685	-1,199274E+06	5,061002E+02	4,347551E+01	5,568179E+03
0,69	-1,199275E+06	5,216654E+02	4,324909E+01	5,568179E+03
0,695	-1,199275E+06	5,332835E+02	4,464035E+01	5,568179E+03
0,7	-1,199274E+06	5,217406E+02	4,517099E+01	5,568179E+03
0,705	-1,199275E+06	5,260606E+02	4,417435E+01	5,568179E+03
0,71	-1,199275E+06	5,004661E+02	4,257435E+01	5,568179E+03
0,715	-1,199274E+06	4,712116E+02	4,160574E+01	5,568179E+03
0,72	-1,199275E+06	5,066322E+02	4,191496E+01	5,568179E+03
0,725	-1,199275E+06	4,957820E+02	4,305883E+01	5,568179E+03
0,73	-1,199274E+06	4,893448E+02	4,334297E+01	5,568179E+03
0,735	-1,199276E+06	5,157179E+02	4,222150E+01	5,568179E+03
0,74	-1,199274E+06	4,696422E+02	4,148489E+01	5,568179E+03
0,745	-1,199274E+06	4,870628E+02	4,153768E+01	5,568179E+03
0,75	-1,199276E+06	5,372660E+02	4,230292E+01	5,568179E+03
0,755	-1,199275E+06	4,992227E+02	4,314044E+01	5,568179E+03
0,76	-1,199275E+06	4,787529E+02	4,278765E+01	5,568179E+03
0,765	-1,199275E+06	4,872429E+02	4,252964E+01	5,568179E+03
0,77	-1,199275E+06	4,773632E+02	4,359588E+01	5,568179E+03
0,775	-1,199275E+06	4,887530E+02	4,532322E+01	5,568179E+03
0,78	-1,199275E+06	4,895121E+02	4,779681E+01	5,568179E+03
0,785	-1,199275E+06	4,881075E+02	4,956042E+01	5,568179E+03
0,79	-1,199275E+06	4,995299E+02	4,981020E+01	5,568179E+03
0,795	-1,199276E+06	4,978060E+02	4,910831E+01	5,568179E+03
0,8	-1,199274E+06	4,550130E+02	4,759578E+01	5,568179E+03
0,805	-1,199275E+06	4,619776E+02	4,630098E+01	5,568179E+03
0,81	-1,199275E+06	4,473938E+02	4,611723E+01	5,568179E+03
0,815	-1,199274E+06	4,346395E+02	4,528275E+01	5,568179E+03
0,82	-1,199276E+06	4,844294E+02	4,364707E+01	5,568179E+03
0,825	-1,199275E+06	4,747756E+02	4,240764E+01	5,568179E+03
0,83	-1,199275E+06	4,750890E+02	4,213577E+01	5,568179E+03
0,835	-1,199276E+06	4,777047E+02	4,353566E+01	5,568179E+03
0,84	-1,199275E+06	4,728189E+02	4,470029E+01	5,568179E+03
0,845	-1,199276E+06	4,790772E+02	4,494007E+01	5,568179E+03
0,85	-1,199275E+06	4,207060E+02	4,557611E+01	5,568179E+03
0,855	-1,199275E+06	4,198096E+02	4,697470E+01	5,568179E+03
0,86	-1,199276E+06	4,488028E+02	4,987291E+01	5,568179E+03
0,865	-1,199275E+06	4,421109E+02	5,239229E+01	5,568179E+03
0,87	-1,199276E+06	4,516431E+02	5,301793E+01	5,568179E+03
0,875	-1,199276E+06	4,533743E+02	5,190445E+01	5,568179E+03
0,88	-1,199276E+06	4,346104E+02	5,006278E+01	5,568179E+03
0,885	-1,199275E+06	4,330665E+02	4,886627E+01	5,568179E+03
0,89	-1,199277E+06	4,647805E+02	4,778620E+01	5,568179E+03
0,895	-1,199275E+06	4,331170E+02	4,675400E+01	5,568179E+03
0,9	-1,199276E+06	4,444407E+02	4,434973E+01	5,568179E+03
0,905	-1,199277E+06	4,634790E+02	4,189778E+01	5,568179E+03
0,91	-1,199275E+06	4,255575E+02	4,170507E+01	5,568179E+03
0,915	-1,199277E+06	4,520516E+02	4,218407E+01	5,568179E+03
0,92	-1,199276E+06	4,301721E+02	4,395870E+01	5,568179E+03
0,925	-1,199276E+06	4,302120E+02	4,616929E+01	5,568179E+03
0,93	-1,199277E+06	4,537441E+02	4,724183E+01	5,568179E+03
0,935	-1,199276E+06	4,250894E+02	4,808605E+01	5,568179E+03
0,94	-1,199277E+06	4,379096E+02	4,881388E+01	5,568179E+03
0,945	-1,199276E+06	4,307506E+02	4,953633E+01	5,568179E+03
0,95	-1,199276E+06	4,102074E+02	4,997639E+01	5,568179E+03
0,955	-1,199276E+06	3,965246E+02	5,024046E+01	5,568179E+03
0,96	-1,199276E+06	4,027270E+02	4,976732E+01	5,568179E+03
0,965	-1,199277E+06	4,099672E+02	4,879133E+01	5,568179E+03
0,97	-1,199276E+06	4,021245E+02	4,807675E+01	5,568179E+03
0,975	-1,199277E+06	4,211354E+02	4,662340E+01	5,568179E+03
0,98	-1,199277E+06	4,011565E+02	4,462201E+01	5,568179E+03
0,985	-1,199277E+06	3,816027E+02	4,207400E+01	5,568179E+03
0,99	-1,199277E+06	3,827194E+02	3,988357E+01	5,568179E+03
0,995	-1,199277E+06	4,006903E+02	3,960913E+01	5,568179E+03
1,0	-1,199277E+06	4,102109E+02	4,082600E+01	5,568179E+03
1,005	-1,199276E+06	3,843541E+02	4,223970E+01	5,568179E+03
1,01	-1,199276E+06	3,870313E+02	4,363180E+01	5,568179E+03
1,015	-1,199277E+06	4,088551E+02	4,480037E+01	5,568179E+03
1,02	-1,199277E+06	3,956880E+02	4,628652E+01	5,568179E+03
1,025	-1,199277E+06	4,001610E+02	4,871043E+01	5,568179E+03
1,03	-1,199277E+06	3,956933E+02	5,047328E+01	5,568179E+03
1,035	-1,199276E+06	3,673966E+02	5,096762E+01	5,568179E+03
1,04	-1,199277E+06	3,817208E+02	5,035221E+01	5,568179E+03
1,045	-1,199277E+06	3,724448E+02	4,919142E+01	5,568179E+03
1,05	-1,199277E+06	3,736348E+02	4,869334E+01	5,568179E+03
1,055	-1,199277E+06	3,735418E+02	4,903369E+01	5,568179E+03
1,06	-1,199277E+06	3,830792E+02	4,860328E+01	5,568179E+03
1,065	-1,199278E+06	4,058674E+02	4,718884E+01	5,568179E+03
1,07	-1,199277E+06	3,774664E+02	4,587989E+01	5,568179E+03
1,075	-1,199277E+06	3,764698E+02	4,517205E+01	5,568179E+03
1,08	-1,199277E+06	3,870905E+02	4,592447E+01	5,568179E+03
1,085	-1,199277E+06	3,810123E+02	4,722034E+01	5,568179E+03
1,09	-1,199278E+06	3,777233E+02	4,780240E+01	5,568179E+03
1,095	-1,199277E+06	3,505956E+02	4,822569E+01	5,568179E+03
1,1	-1,199277E+06	3,582175E+02	4,872428E+01	5,568179E+03
1,105	-1,199277E+06	3,482409E+02	4,984548E+01	5,568179E+03
1,11	-1,199277E+06	3,418863E+02	5,130807E+01	5,568179E+03
1,115	-1,199277E+06	3,470444E+02	5,262825E+01	5,568179E+03
1,12	-1,199277E+06	3,639085E+02	5,280760E+01	5,568179E+03
1,125	-1,199278E+06	3,826959E+02	5,207891E+01	5,568179E+03
1,13	-1,199277E+06	3,518888E+02	5,119407E+01	5,568179E+03
1,135	-1,199278E+06	3,558916E+02	4,987471E+01	5,568179E+03
1,14	-1,199278E+06	3,401516E+02	4,947887E+01	5,568179E+03
1,145	-1,199277E+06	3,231951E+02	4,947721E+01	5,568179E+03
1,15	-1,199279E+06	3,691050E+02	4,919031E+01	5,568179E+03
1,155	-1,199277E+06	3,561732E+02	4,962745E+01	5,568179E+03
1,16	-1,199278E+06	3,659165E+02	5,006437E+01	5,568179E+03
1,165	-1,199278E+06	3,601591E+02	5,148711E+01	5,568179E+03
1,17	-1,199277E+06	3,336728E+02	5,300072E+01	5,568179E+03
1,175	-1,199278E+06	3,554436E+02	5,301796E+01	5,568179E+03
1,18	-1,199278E+06	3,459097E+02	5,211145E+01	5,568179E+03
1,185	-1,199278E+06	3,376436E+02	5,085863E+01	5,568179E+03
1,19	-1,199278E+06	3,448556E+02	5,051536E+01	5,568179E+03
1,195	-1,199278E+06	3,327932E+02	5,050819E+01	5,568179E+03
1,2	-1,199279E+06	3,294355E+02	4,985592E+01	5,568179E+03
1,205	-1,199278E+06	3,072200E+02	4,890618E+01	5,568179E+03
1,21	-1,199279E+06	3,079716E+02	4,787164E+01	5,568179E+03
1,215	-1,199278E+06	3,099193E+02	4,897065E+01	5,568179E+03
1,22	-1,199279E+06	3,432703E+02	5,106262E+01	5,568179E+03
1,225	-1,199279E+06	3,427067E+02	5,239251E+01	5,568179E+03
1,23	-1,199278E+06	3,168890E+02	5,252616E+01	5,568179E+03
1,235	-1,199279E+06	3,327779E+02	5,117833E+01	5,568179E+03
1,24	-1,199278E+06	3,225686E+02	5,050621E+01	5,568179E+03
1,245	-1,199279E+06	3,260951E+02	5,025653E+01	5,568179E+03
1,25	-1,199279E+06	3,202046E+02	4,968466E+01	5,568179E+03
1,255	-1,199278E+06	3,121181E+02	4,919401E+01	5,568179E+03
1,26	-1,199279E+06	3,217836E+02	4,831631E+01	5,568179E+03
1,265	-1,199278E+06	3,037326E+02	4,773099E+01	5,568179E+03
1,27	-1,199279E+06	3,025784E+02	4,821640E+01	5,568179E+03
1,275	-1,199279E+06	3,030374E+02	4,925660E+01	5,568179E+03
1,28	-1,199279E+06	3,111346E+02	4,967541E+01	5,568179E+03
1,285	-1,199279E+06	3,172573E+02	4,978622E+01	5,568179E+03
1,29	-1,199279E+06	3,133329E+02	4,951888E+01	5,568179E+03
1,295	-1,199279E+06	3,130726E+02	4,880654E+01	5,568179E+03
1,3	-1,199279E+06	2,999938E+02	4,930449E+01	5,568179E+03
1,305	-1,199279E+06	2,910577E+02	5,039633E+01	5,568179E+03
1,31	-1,199279E+06	2,967589E+02	5,087727E+01	5,568179E+03
1,315	-1,199279E+06	3,044628E+02	5,136550E+01	5,568179E+03
1,32	-1,199279E+06	3,096123E+02	5,161287E+01	5,568179E+03
1,325	-1,199279E+06	3,000439E+02	5,200386E+01	5,568179E+03
1,33	-1,199279E+06	2,825033E+02	5,311562E+01	5,568179E+03
1,335	-1,199279E+06	2,809645E+02	5,380580E+01	5,568179E+03
1,34	-1,199279E+06	2,851105E+02	5,383279E+01	5,568179E+03
1,345	-1,199279E+06	2,830540E+02	5,334862E+01	5,568179E+03
1,35	-1,199279E+06	2,829773E+02	5,238391E+01	5,568179E+03
1,355	-1,199279E+06	2,824009E+02	5,203234E+01	5,568179E+03
1,36	-1,199279E+06	2,790883E+02	5,208332E+01	5,568179E+03
1,365	-1,199279E+06	2,817395E+02	5,136475E+01	5,568179E+03
1,37	-1,199279E+06	2,794160E+02	5,020763E+01	5,568179E+03
1,375	-1,199279E+06	2,712036E+02	4,976581E+01	5,568179E+03
1,38	-1,199279E+06	2,889789E+02	5,045932E+01	5,568179E+03
1,385	-1,199280E+06	2,967514E+02	5,200865E+01	5,568179E+03
1,39	-1,199279E+06	2,805725E+02	5,322593E+01	5,568179E+03
1,395	-1,199280E+06	2,812219E+02	5,293479E+01	5,568179E+03
1,4	-1,199279E+06	2,545633E+02	5,236113E+01	5,568179E+03
1,405	-1,199279E+06	2,605980E+02	5,231623E+01	5,568179E+03
1,41	-1,199280E+06	2,743264E+02	5,305817E+01	5,568179E+03
1,415	-1,199279E+06	2,554438E+02	5,426798E+01	5,568179E+03
1,42	-1,199279E+06	2,743900E+02	5,468505E+01	5,568179E+03
1,425	-1,199280E+06	2,799640E+02	5,418745E+01	5,568179E+03
1,43	-1,199279E+06	2,606901E+02	5,353202E+01	5,568179E+03
1,435	-1,199279E+06	2,702978E+02	5,331232E+01	5,568179E+03
1,44	-1,199280E+06	2,796601E+02	5,342638E+01	5,568179E+03
1,445	-1,199279E+06	2,671711E+02	5,331491E+01	5,568179E+03
1,45	-1,199280E+06	2,816746E+02	5,228080E+01	5,568179E+03
1,455	-1,199280E+06	2,792635E+02	5,089814E+01	5,568179E+03
1,46	-1,199279E+06	2,505421E+02	4,997609E+01	5,568179E+03
1,465	-1,199280E+06	2,584856E+02	4,949395E+01	5,568179E+03
1,47	-1,199280E+06	2,523457E+02	4,973512E+01	5,568179E+03
1,475	-1,199279E+06	2,476133E+02	5,000516E+01	5,568179E+03
1,48	-1,199280E+06	2,647104E+02	4,988425E+01	5,568179E+03
1,485	-1,199279E+06	2,402194E+02	5,040051E+01	5,568179E+03
1,49	-1,199280E+06	2,462656E+02	5,138129E+01	5,568179E+03
1,495	-1,199280E+06	2,540960E+02	5,316918E+01	5,568179E+03
1,5	-1,199280E+06	2,483444E+02	5,517951E+01	5,568179E+03
1,505	-1,199280E+06	2,552856E+02	5,619983E+01	5,568179E+03
1,51	-1,199280E+06	2,565961E+02	5,632042E+01	5,568179E+03
1,515	-1,199280E+06	2,553079E+02	5,579157E+01	5,568179E+03
1,52	-1,199280E+06	2,539750E+02	5,469051E+01	5,568179E+03
1,525	-1,199280E+06	2,382581E+02	5,327172E+01	5,568179E+03
1,53	-1,199280E+06	2,242840E+02	5,162658E+01	5,568179E+03
1,535	-1,199280E+06	2,354126E+02	4,970062E+01	5,568179E+03
1,54	-1,199280E+06	2,354269E+02	4,825351E+01	5,568179E+03
1,545	-1,199280E+06	2,207676E+02	4,826409E+01	5,568179E+03
1,55	-1,199280E+06	2,393674E+02	4,923644E+01	5,568179E+03
1,555	-1,199280E+06	2,357061E+02	5,074390E+01	5,568179E+03
1,56	-1,199280E+06	2,368222E+02	5,175600E+01	5,568179E+03
1,565	-1,199280E+06	2,415855E+02	5,224164E+01	5,568179E+03
1,57	-1,199280E+06	2,321089E+02	5,329008E+01	5,568179E+03
1,575	-1,199280E+06	2,441002E+02	5,441686E+01	5,568179E+03
1,58	-1,199280E+06	2,471863E+02	5,501194E+01	5,568179E+03
1,585	-1,199280E+06	2,347777E+02	5,489790E+01	5,568179E+03
1,59	-1,199280E+06	2,372696E+02	5,386680E+01	5,568179E+03
1,595	-1,199280E+06	2,370179E+02	5,294669E+01	5,568179E+03
1,6	-1,199280E+06	2,183780E+02	5,284954E+01	5,568179E+03
1,605	-1,199280E+06	2,218521E+02	5,281944E+01	5,568179E+03
1,61	-1,199280E+06	2,219360E+02	5,300850E+01	5,568179E+03
1,615	-1,199280E+06	2,141805E+02	5,305111E+01	5,568179E+03
1,62	-1,199280E+06	2,191320E+02	5,271500E+01	5,568179E+03
1,625	-1,199280E+06	2,146420E+02	5,310509E+01	5,568179E+03
1,63	-1,199280E+06	2,170166E+02	5,390384E+01	5,568179E+03
1,635	-1,199280E+06	2,156693E+02	5,432012E+01	5,568179E+03
1,64	-1,199280E+06	2,258570E+02	5,424281E+01	5,568179E+03
1,645	-1,199281E+06	2,290144E+02	5,382200E+01	5,568179E+03
1,65	-1,199280E+06	2,224390E+02	5,325782E+01	5,568179E+03
1,655	-1,199281E+06	2,272970E+02	5,304922E+01	5,568179E+03
1,66	-1,199280E+06	2,108265E+02	5,288584E+01	5,568179E+03
1,665	-1,199280E+06	2,077387E+02	5,222930E+01	5,568179E+03
1,67	-1,199281E+06	2,103781E+02	5,167720E+01	5,568179E+03
1,675	-1,199280E+06	2,005597E+02	5,102708E+01	5,568179E+03
1,68	-1,199281E+06	2,033512E+02	5,077582E+01	5,568179E+03
1,685	-1,199280E+06	1,973603E+02	5,176351E+01	5,568179E+03
1,69	-1,199281E+06	2,093383E+02	5,247875E+01	5,568179E+03
1,695	-1,199281E+06	2,098571E+02	5,266760E+01	5,568179E+03
1,7	-1,199280E+06	1,965006E+02	5,261692E+01	5,568179E+03
1,705	-1,199281E+06	2,025587E+02	5,255443E+01	5,568179E+03
1,71	-1,199281E+06	2,027403E+02	5,351763E+01	5,568179E+03
1,715	-1,199281E+06	2,064690E+02	5,487743E+01	5,568179E+03
1,72	-1,199281E+06	2,152825E+02	5,560393E+01	5,568179E+03
1,725	-1,199281E+06	2,135712E+02	5,548670E+01	5,568179E+03
1,73	-1,199281E+06	2,075884E+02	5,467260E+01	5,568179E+03
1,735	-1,199280E+06	2,006327E+02	5,414618E+01	5,568179E+03
1,74	-1,199281E+06	2,090542E+02	5,397752E+01	5,568179E+03
1,745	-1,199281E+06	2,086834E+02	5,368411E+01	5,568179E+03
1,75	-1,199281E+06	2,056922E+02	5,274900E+01	5,568179E+03
1,755	-1,199281E+06	1,981286E+02	5,148300E+01	5,568179E+03
1,76	-1,199281E+06	1,937571E+02	5,086368E+01	5,568179E+03
1,765	-1,199281E+06	2,008001E+02	5,086949E+01	5,568179E+03
1,77	-1,199281E+06	1,873496E+02	5,137642E+01	5,568179E+03
1,775	-1,199281E+06	1,867631E+02	5,194539E+01	5,568179E+03
1,78	-1,199281E+06	2,027245E+02	5,202519E+01	5,568179E+03
1,785	-1,199281E+06	1,934318E+02	5,228240E+01	5,568179E+03
1,79	-1,199281E+06	1,898554E+02	5,287864E+01	5,568179E+03
1,795	-1,199281E+06	1,935232E+02	5,347917E+01	5,568179E+03
1,8	-1,199281E+06	1,757106E+02	5,425678E+01	5,568179E+03
1,805	-1,199281E+06	1,781695E+02	5,459310E+01	5,568179E+03
1,81	-1,199281E+06	1,910412E+02	5,424457E+01	5,568179E+03
1,815	-1,199281E+06	1,807045E+02	5,387484E+01	5,568179E+03
1,82	-1,199281E+06	1,899338E+02	5,335459E+01	5,568179E+03
1,825	-1,199281E+06	1,853177E+02	5,280940E+01	5,568179E+03
1,83	-1,199281E+06	1,718282E+02	5,205300E+01	5,568179E+03
1,835	-1,199281E+06	1,840285E+02	5,095021E+01	5,568179E+03
1,84	-1,199281E+06	1,913628E+02	5,026788E+01	5,568179E+03
1,845	-1,199281E+06	1,929373E+02	5,027017E+01	5,568179E+03
1,85	-1,199281E+06	1,936900E+02	5,081766E+01	5,568179E+03
1,855	-1,199281E+06	1,880646E+02	5,145350E+01	5,568179E+03
1,86	-1,199281E+06	1,846106E+02	5,174524E+01	5,568179E+03
1,865	-1,199281E+06	1,847749E+02	5,185706E+01	5,568179E+03
1,87	-1,199281E+06	1,845327E+02	5,203879E+01	5,568179E+03
1,875	-1,199281E+06	1,800763E+02	5,263516E+01	5,568179E+03
1,88	-1,199281E+06	1,821933E+02	5,340541E+01	5,568179E+03
1,885	-1,199281E+06	1,933329E+02	5,356552E+01	5,568179E+03
1,89	-1,199281E+06	1,847456E+02	5,279666E+01	5,568179E+03
1,895	-1,199281E+06	1,733557E+02	5,146971E+01	5,568179E+03
1,9	-1,199281E+06	1,708120E+02	5,072674E+01	5,568179E+03
1,905	-1,199281E+06	1,669570E+02	5,055139E+01	5,568179E+03
1,91	-1,199281E+06	1,755380E+02	5,022498E+01	5,568179E+03
1,915	-1,199281E+06	1,703458E+02	5,004514E+01	5,568179E+03
1,92	-1,199281E+06	1,777485E+02	4,961001E+01	5,568179E+03
1,925	-1,199282E+06	1,784618E+02	4,950819E+01	5,568179E+03
1,93	-1,199281E+06	1,665534E+02	5,007373E+01	5,568179E+03
1,935	-1,199282E+06	1,772712E+02	5,027437E+01	5,568179E+03
1,94	-1,199281E+06	1,639163E+02	5,023317E+01	5,568179E+03
1,945	-1,199281E+06	1,656101E+02	4,979311E+01	5,568179E+03
1,95	-1,199281E+06	1,590050E+02	4,961559E+01	5,568179E+03
1,955	-1,199281E+06	1,576795E+02	4,991278E+01	5,568179E+03
1,96	-1,199282E+06	1,745995E+02	5,016777E+01	5,568179E+03
1,965	-1,199281E+06	1,577640E+02	5,038049E+01	5,568179E+03
1,97	-1,199282E+06	1,700807E+02	5,006408E+01	5,568179E+03
1,975	-1,199282E+06	1,744141E+02	4,969637E+01	5,568179E+03
1,98	-1,199281E+06	1,685681E+02	4,938271E+01	5,568179E+03
1,985	-1,199282E+06	1,733502E+02	4,938199E+01	5,568179E+03
1,99	-1,199281E+06	1,612990E+02	4,987268E+01	5,568179E+03
1,995	-1,199282E+06	1,734660E+02	4,959615E+01	5,568179E+03
2,0	-1,199281E+06	1,604187E+02	4,882201E+01	5,568179E+03
2,005	-1,199281E+06	1,546486E+02	4,779197E+01	5,568179E+03
2,01	-1,199282E+06	1,638093E+02	4,723983E+01	5,568179E+03
2,015	-1,199281E+06	1,530737E+02	4,756390E+01	5,568179E+03
2,02	-1,199282E+06	1,637427E+02	4,756583E+01	5,568179E+03
2,025	-1,199282E+06	1,563832E+02	4,748255E+01	5,568179E+03
2,03	-1,199282E+06	1,503761E+02	4,732802E+01	5,568179E+03
2,035	-1,199282E+06	1,508074E+02	4,757819E+01	5,568179E+03
2,04	-1,199282E+06	1,543695E+02	4,871423E+01	5,568179E+03
2,045	-1,199282E+06	1,700998E+02	4,974394E+01	5,568179E+03
2,05	-1,199282E+06	1,615603E+02	5,022113E+01	5,568179E+03
2,055	-1,199282E+06	1,592663E+02	4,990702E+01	5,568179E+03
2,06	-1,199282E+06	1,632745E+02	4,930706E+01	5,568179E+03
2,065	-1,199282E+06	1,601392E+02	4,917281E+01	5,568179E+03
2,07	-1,199282E+06	1,556578E+02	4,913650E+01	5,568179E+03
2,075	-1,199281E+06	1,436929E+02	4,892439E+01	5,568179E+03
2,08	-1,199282E+06	1,545580E+02	4,838455E+01	5,568179E+03
2,085	-1,199282E+06	1,528196E+02	4,771286E+01	5,568179E+03
2,09	-1,199281E+06	1,417615E+02	4,730213E+01	5,568179E+03
2,095	-1,199282E+06	1,525356E+02	4,759663E+01	5,568179E+03
2,1	-1,199282E+06	1,483739E+02	4,854367E+01	5,568179E+03
2,105	-1,199282E+06	1,522004E+02	4,925358E+01	5,568179E+03
2,11	-1,199282E+06	1,599059E+02	4,970821E+01	5,568179E+03
2,115	-1,199282E+06	1,533494E+02	4,983678E+01	5,568179E+03
2,12	-1,199282E+06	1,486906E+02	4,977928E+01	5,568179E+03
2,125	-1,199282E+06	1,463028E+02	5,014456E+01	5,568179E+03
2,13	-1,199282E+06	1,519344E+02	5,028103E+01	5,568179E+03
2,135	-1,199282E+06	1,484410E+02	5,001142E+01	5,568179E+03
2,14	-1,199282E+06	1,393117E+02	4,977597E+01	5,568179E+03
2,145	-1,199282E+06	1,377501E+02	4,958506E+01	5,568179E+03
2,15	-1,199282E+06	1,427391E+02	4,987214E+01	5,568179E+03
2,155	-1,199282E+06	1,507518E+02	5,060250E+01	5,568179E+03
2,16	-1,199282E+06	1,507328E+02	5,112937E+01	5,568179E+03
2,165	-1,199282E+06	1,424170E+02	5,117395E+01	5,568179E+03
2,17	-1,199282E+06	1,396419E+02	5,065205E+01	5,568179E+03
2,175	-1,199282E+06	1,433198E+02	5,011217E+01	5,568179E+03
2,18	-1,199282E+06	1,497180E+02	4,986533E+01	5,568179E+03
2,185	-1,199282E+06	1,498742E+02	4,940270E+01	5,568179E+03
2,19	-1,199282E+06	1,480744E+02	4,847056E+01	5,568179E+03
2,195	-1,199282E+06	1,383305E+02	4,751755E+01	5,568179E+03
2,2	-1,199282E+06	1,320122E+02	4,708356E+01	5,568179E+03
2,205	-1,199282E+06	1,379229E+02	4,752958E+01	5,568179E+03
2,21	-1,199282E+06	1,405982E+02	4,848546E+01	5,568179E+03
2,215	-1,199282E+06	1,391746E+02	4,936831E+01	5,568179E+03
2,22	-1,199282E+06	1,463224E+02	4,994473E+01	5,568179E+03
2,225	-1,199282E+06	1,448167E+02	5,021800E+01	5,568179E+03
2,23	-1,199282E+06	1,372762E+02	5,051184E+01	5,568179E+03
2,235	-1,199282E+06	1,377236E+02	5,101122E+01	5,568179E+03
2,24	-1,199282E+06	1,409932E+02	5,112281E+01	5,568179E+03
2,245	-1,199282E+06	1,391670E+02	5,062574E+01	5,568179E+03
2,25	-1,199282E+06	1,357032E+02	4,995188E+01	5,568179E+03
2,255	-1,199282E+06	1,372225E+02	4,946459E+01	5,568179E+03
2,26	-1,199282E+06	1,354305E+02	4,925701E+01	5,568179E+03
2,265	-1,199282E+06	1,283798E+02	4,921847E+01	5,568179E+03
2,27	-1,199282E+06	1,307681E+02	4,896624E+01	5,568179E+03
2,275	-1,199282E+06	1,366432E+02	4,836787E+01	5,568179E+03
2,28	-1,199282E+06	1,312371E+02	4,793509E+01	5,568179E+03
2,285	-1,199282E+06	1,349506E+02	4,777417E+01	5,568179E+03
2,29	-1,199282E+06	1,282733E+02	4,798695E+01	5,568179E+03
2,295	-1,199282E+06	1,219072E+02	4,838150E+01	5,568179E+03
2,3	-1,199282E+06	1,337322E+02	4,855186E+01	5,568179E+03
2,305	-1,199282E+06	1,298956E+02	4,869930E+01	5,568179E+03
2,31	-1,199282E+06	1,283786E+02	4,899585E+01	5,568179E+03
2,315	-1,199282E+06	1,402618E+02	4,948711E+01	5,568179E+03
2,32	-1,199282E+06	1,353422E+02	5,020492E+01	5,568179E+03
2,325	-1,199282E+06	1,311420E+02	5,075677E+01	5,568179E+03
2,33	-1,199282E+06	1,325280E+02	5,099057E+01	5,568179E+03
2,335	-1,199282E+06	1,364001E+02	5,096011E+01	5,568179E+03
2,34	-1,199282E+06	1,342154E+02	5,104443E+01	5,568179E+03
2,345	-1,199282E+06	1,328193E+02	5,134659E+01	5,568179E+03
2,35	-1,199282E+06	1,277508E+02	5,146143E+01	5,568179E+03
2,355	-1,199282E+06	1,218346E+02	5,104716E+01	5,568179E+03
2,36	-1,199282E+06	1,264909E+02	5,047619E+01	5,568179E+03
2,365	-1,199282E+06	1,211673E+02	5,036959E+01	5,568179E+03
2,37	-1,199282E+06	1,271892E+02	5,051180E+01	5,568179E+03
2,375	-1,199282E+06	1,329292E+02	5,096891E+01	5,568179E+03
2,38	-1,199282E+06	1,318296E+02	5,125044E+01	5,568179E+03
2,385	-1,199282E+06	1,325928E+02	5,096077E+01	5,568179E+03
2,39	-1,199282E+06	1,222604E+02	5,080775E+01	5,568179E+03
2,395	-1,199282E+06	1,213673E+02	5,082169E+01	5,568179E+03
2,4	-1,199282E+06	1,215209E+02	5,087416E+01	5,568179E+03
2,405	-1,199282E+06	1,119044E+02	5,099790E+01	5,568179E+03
2,41	-1,199282E+06	1,175281E+02	5,091955E+01	5,568179E+03
2,415	-1,199282E+06	1,206102E+02	5,104159E+01	5,568179E+03
2,42	-1,199282E+06	1,151913E+02	5,156501E+01	5,568179E+03
2,425	-1,199282E+06	1,210722E+02	5,219771E+01	5,568179E+03
2,43	-1,199282E+06	1,252665E+02	5,286927E+01	5,568179E+03
2,435	-1,199282E+06	1,288395E+02	5,311672E+01	5,568179E+03
2,44	-1,199282E+06	1,266026E+02	5,293044E+01	5,568179E+03
2,445	-1,199282E+06	1,148718E+02	5,270954E+01	5,568179E+03
2,45	-1,199282E+06	1,137894E+02	5,258189E+01	5,568179E+03
2,455	-1,199282E+06	1,215627E+02	5,267367E+01	5,568179E+03
2,46	-1,199282E+06	1,262513E+02	5,252960E+01	5,568179E+03
2,465	-1,199282E+06	1,235302E+02	5,188160E+01	5,568179E+03
2,47	-1,199282E+06	1,203744E+02	5,119658E+01	5,568179E+03
2,475	-1,199283E+06	1,207120E+02	5,071641E+01	5,568179E+03
2,48	-1,199282E+06	1,136684E+02	5,065051E+01	5,568179E+03
2,485	-1,199282E+06	1,102154E+02	5,082219E+01	5,568179E+03
2,49	-1,199282E+06	1,161630E+02	5,080359E+01	5,568179E+03
2,495	-1,199282E+06	1,193338E+02	5,084137E+01	5,568179E+03
2,5	-1,199282E+06	1,235443E+02	5,127335E+01	5,568179E+03
2,505	-1,199282E+06	1,220619E+02	5,213184E+01	5,568179E+03
2,51	-1,199282E+06	1,233960E+02	5,305095E+01	5,568179E+03
2,515	-1,199283E+06	1,207397E+02	5,363966E+01	5,568179E+03
2,52	-1,199282E+06	1,135224E+02	5,375956E+01	5,568179E+03
2,525	-1,199283E+06	1,206186E+02	5,366887E+01	5,568179E+03
2,53	-1,199282E+06	1,183638E+02	5,378496E+01	5,568179E+03
2,535	-1,199282E+06	1,203433E+02	5,385596E+01	5,568179E+03
2,54	-1,199283E+06	1,212686E+02	5,364848E+01	5,568179E+03
2,545	-1,199282E+06	1,145657E+02	5,288838E+01	5,568179E+03
2,55	-1,199283E+06	1,160869E+02	5,173198E+01	5,568179E+03
2,555	-1,199282E+06	1,093107E+02	5,102546E+01	5,568179E+03
2,56	-1,199283E+06	1,174168E+02	5,086657E+01	5,568179E+03
2,565	-1,199283E+06	1,168072E+02	5,126445E+01	5,568179E+03
2,57	-1,199282E+06	1,116122E+02	5,152789E+01	5,568179E+03
2,575	-1,199283E+06	1,189105E+02	5,116685E+01	5,568179E+03
2,58	-1,199282E+06	1,058458E+02	5,088577E+01	5,568179E+03
2,585	-1,199283E+06	1,108780E+02	5,090227E+01	5,568179E+03
2,59	-1,199283E+06	1,162978E+02	5,155195E+01	5,568179E+03
2,595	-1,199282E+06	1,107395E+02	5,223277E+01	5,568179E+03
2,6	-1,199283E+06	1,134114E+02	5,226684E+01	5,568179E+03
2,605	-1,199282E+06	1,058395E+02	5,223053E+01	5,568179E+03
2,61	-1,199283E+06	1,091615E+02	5,219408E+01	5,568179E+03
2,615	-1,199283E+06	1,111918E+02	5,246134E+01	5,568179E+03
2,62	-1,199283E+06	1,101105E+02	5,297286E+01	5,568179E+03
2,625	-1,199283E+06	1,158470E+02	5,308082E+01	5,568179E+03
2,63	-1,199283E+06	1,137917E+02	5,285395E+01	5,568179E+03
2,635	-1,199283E+06	1,152116E+02	5,244319E+01	5,568179E+03
2,64	-1,199283E+06	1,119622E+02	5,214440E+01	5,568179E+03
2,645	-1,199283E+06	1,062676E+02	5,208870E+01	5,568179E+03
2,65	-1,199283E+06	1,039432E+02	5,218985E+01	5,568179E+03
2,655	-1,199283E+06	1,071216E+02	5,231752E+01	5,568179E+03
2,66	-1,199283E+06	1,155690E+02	5,224385E+01	5,568179E+03
2,665	-1,199283E+06	1,090320E+02	5,231307E+01	5,568179E+03
2,67	-1,199283E+06	1,115718E+02	5,269808E+01	5,568179E+03
2,675	-1,199283E+06	1,125037E+02	5,339483E+01	5,568179E+03
2,68	-1,199283E+06	1,045908E+02	5,412810E+01	5,568179E+03
2,685	-1,199283E+06	1,119156E+02	5,435708E+01	5,568179E+03
2,69	-1,199283E+06	1,074878E+02	5,435442E+01	5,568179E+03
2,695	-1,199283E+06	1,042374E+02	5,459025E+01	5,568179E+03
2,7	-1,199283E+06	1,136831E+02	5,504882E+01	5,568179E+03
2,705	-1,199283E+06	1,085335E+02	5,531486E+01	5,568179E+03
2,71	-1,199283E+06	1,061409E+02	5,499630E+01	5,568179E+03
2,715	-1,199283E+06	1,103701E+02	5,438091E+01	5,568179E+03
2,72	-1,199283E+06	1,093355E+02	5,396884E+01	5,568179E+03
2,725	-1,199283E+06	1,070619E+02	5,404202E+01	5,568179E+03
2,73	-1,199283E+06	1,051313E+02	5,433147E+01	5,568179E+03
2,735	-1,199283E+06	1,042320E+02	5,432240E+01	5,568179E+03
2,74	-1,199283E+06	1,040767E+02	5,396381E+01	5,568179E+03
2,745	-1,199283E+06	1,052404E+02	5,348181E+01	5,568179E+03
2,75	-1,199283E+06	1,044714E+02	5,337944E+01	5,568179E+03
2,755	-1,199283E+06	1,063433E+02	5,371940E+01	5,568179E+03
2,76	-1,199283E+06	1,064685E+02	5,399226E+01	5,568179E+03
2,765	-1,199283E+06	1,041346E+02	5,392501E+01	5,568179E+03
2,77	-1,199283E+06	1,042649E+02	5,360498E+01	5,568179E+03
2,775	-1,199283E+06	1,044935E+02	5,328338E+01	5,568179E+03
2,78	-1,199283E+06	1,015124E+02	5,329129E+01	5,568179E+03
2,785	-1,199283E+06	9,681419E+01	5,355763E+01	5,568179E+03
2,79	-1,199283E+06	1,025177E+02	5,358791E+01	5,568179E+03
2,795	-1,199283E+06	1,077173E+02	5,331938E+01	5,568179E+03
2,8	-1,199283E+06	1,030508E+02	5,284645E+01	5,568179E+03
2,805	-1,199283E+06	1,079953E+02	5,247838E+01	5,568179E+03
2,81	-1,199283E+06	1,097130E+02	5,266205E+01	5,568179E+03
2,815	-1,199283E+06	1,008502E+02	5,307517E+01	5,568179E+03
2,82	-1,199283E+06	1,022611E+02	5,342616E+01	5,568179E+03
2,825	-1,199283E+06	1,083678E+02	5,366528E+01	5,568179E+03
2,83	-1,199283E+06	1,108363E+02	5,358135E+01	5,568179E+03
2,835	-1,199283E+06	1,059649E+02	5,337990E+01	5,568179E+03
2,84	-1,199283E+06	1,031950E+02	5,324311E+01	5,568179E+03
2,845	-1,199283E+06	1,053418E+02	5,302311E+01	5,568179E+03
2,85	-1,199283E+06	1,035519E+02	5,258012E+01	5,568179E+03
2,855	-1,199283E+06	1,034336E+02	5,216208E+01	5,568179E+03
2,86	-1,199283E+06	1,029973E+02	5,219829E+01	5,568179E+03
2,865	-1,199283E+06	1,063959E+02	5,258639E+01	5,568179E+03
2,87	-1,199283E+06	1,023059E+02	5,314543E+01	5,568179E+03
2,875	-1,199283E+06	1,000544E+02	5,339197E+01	5,568179E+03
2,88	-1,199283E+06	1,024946E+02	5,323391E+01	5,568179E+03
2,885	-1,199283E+06	9,580899E+01	5,322020E+01	5,568179E+03
2,89	-1,199283E+06	1,012717E+02	5,330545E+01	5,568179E+03
2,895	-1,199283E+06	9,661019E+01	5,363398E+01	5,568179E+03
2,9	-1,199283E+06	9,619256E+01	5,383159E+01	5,568179E+03
2,905	-1,199283E+06	1,009840E+02	5,358001E+01	5,568179E+03
2,91	-1,199283E+06	9,566116E+01	5,337552E+01	5,568179E+03
2,915	-1,199283E+06	1,015177E+02	5,332843E+01	5,568179E+03
2,92	-1,199283E+06	1,031906E+02	5,341818E+01	5,568179E+03
2,925	-1,199283E+06	9,991064E+01	5,344583E+01	5,568179E+03
2,93	-1,199283E+06	1,029647E+02	5,307453E+01	5,568179E+03
2,935	-1,199283E+06	1,030827E+02	5,247770E+01	5,568179E+03
2,94	-1,199283E+06	9,756870E+01	5,202787E+01	5,568179E+03
2,945	-1,199283E+06	9,671559E+01	5,176768E+01	5,568179E+03
2,95	-1,199283E+06	1,005087E+02	5,176558E+01	5,568179E+03
2,955	-1,199283E+06	9,843797E+01	5,199272E+01	5,568179E+03
2,96	-1,199283E+06	1,035025E+02	5,207399E+01	5,568179E+03
2,965	-1,199283E+06	1,008675E+02	5,248000E+01	5,568179E+03
2,97	-1,199283E+06	1,007821E+02	5,331835E+01	5,568179E+03
2,975	-1,199283E+06	1,047243E+02	5,423208E+01	5,568179E+03
2,98	-1,199283E+06	9,639518E+01	5,515983E+01	5,568179E+03
2,985	-1,199283E+06	1,004396E+02	5,560433E+01	5,568179E+03
2,99	-1,199283E+06	9,892316E+01	5,554844E+01	5,568179E+03
2,995	-1,199283E+06	9,591120E+01	5,522864E+01	5,568179E+03
3,0	-1,199283E+06	1,057459E+02	5,470094E+01	5,568179E+03
3,005	-1,199283E+06	1,012370E+02	5,408242E+01	5,568179E+03
3,01	-1,199283E+06	9,350019E+01	5,342829E+01	5,568179E+03
3,015	-1,199283E+06	9,739741E+01	5,279835E+01	5,568179E+03
3,02	-1,199283E+06	9,862633E+01	5,235502E+01	5,568179E+03
3,025	-1,199283E+06	1,007693E+02	5,240711E+01	5,568179E+03
3,03	-1,199283E+06	1,062165E+02	5,276804E+01	5,568179E+03
3,035	-1,199283E+06	9,971785E+01	5,317865E+01	5,568179E+03
3,04	-1,199283E+06	9,078330E+01	5,365458E+01	5,568179E+03
3,045	-1,199283E+06	9,758335E+01	5,388740E+01	5,568179E+03
3,05	-1,199283E+06	9,531736E+01	5,429831E+01	5,568179E+03
3,055	-1,199283E+06	9,838545E+01	5,482401E+01	5,568179E+03
3,06	-1,199283E+06	9,919318E+01	5,496202E+01	5,568179E+03
3,065	-1,199283E+06	8,909788E+01	5,492807E+01	5,568179E+03
3,07	-1,199283E+06	9,977443E+01	5,450183E+01	5,568179E+03
3,075	-1,199283E+06	1,049676E+02	5,387653E+01	5,568179E+03
3,08	-1,199283E+06	9,866239E+01	5,350657E+01	5,568179E+03
3,085	-1,199283E+06	9,984512E+01	5,309106E+01	5,568179E+03
3,09	-1,199283E+06	9,910991E+01	5,250650E+01	5,568179E+03
3,095	-1,199283E+06	9,721362E+01	5,179182E+01	5,568179E+03
3,1	-1,199283E+06	9,660292E+01	5,097838E+01	5,568179E+03
3,105	-1,199283E+06	9,777190E+01	5,062945E+01	5,568179E+03
3,11	-1,199283E+06	9,785116E+01	5,094852E+01	5,568179E+03
3,115	-1,199283E+06	1,006074E+02	5,126583E+01	5,568179E+03
3,12	-1,199283E+06	9,805020E+01	5,146681E+01	5,568179E+03
3,125	-1,199283E+06	9,975390E+01	5,165266E+01	5,568179E+03
3,13	-1,199283E+06	1,054512E+02	5,187858E+01	5,568179E+03
3,135	-1,199283E+06	9,620806E+01	5,237483E+01	5,568179E+03
3,14	-1,199283E+06	9,239975E+01	5,275388E+01	5,568179E+03
3,145	-1,199283E+06	9,876324E+01	5,276226E+01	5,568179E+03
3,15	-1,199283E+06	9,751912E+01	5,264510E+01	5,568179E+03
3,155	-1,199283E+06	1,009925E+02	5,230672E+01	5,568179E+03
3,16	-1,199283E+06	1,009115E+02	5,200364E+01	5,568179E+03
3,165	-1,199283E+06	9,605054E+01	5,194762E+01	5,568179E+03
3,17	-1,199283E+06	9,626463E+01	5,192052E+01	5,568179E+03
3,175	-1,199283E+06	9,678728E+01	5,179826E+01	5,568179E+03
3,18	-1,199283E+06	9,944564E+01	5,146701E+01	5,568179E+03
3,185	-1,199283E+06	9,837414E+01	5,104889E+01	5,568179E+03
3,19	-1,199283E+06	9,267202E+01	5,098090E+01	5,568179E+03
3,195	-1,199283E+06	9,179721E+01	5,129547E+01	5,568179E+03
3,2	-1,199283E+06	9,872960E+01	5,148971E+01	5,568179E+03
3,205	-1,199283E+06	1,049429E+02	5,148556E+01	5,568179E+03
3,21	-1,199283E+06	9,860469E+01	5,137114E+01	5,568179E+03
3,215	-1,199283E+06	9,915105E+01	5,107465E+01	5,568179E+03
3,22	-1,199283E+06	9,954917E+01	5,115713E+01	5,568179E+03
3,225	-1,199283E+06	9,511240E+01	5,135832E+01	5,568179E+03
3,23	-1,199283E+06	1,012176E+02	5,108133E+01	5,568179E+03
3,235	-1,199283E+06	1,004507E+02	5,070712E+01	5,568179E+03
3,24	-1,199283E+06	9,597486E+01	5,035652E+01	5,568179E+03
3,245	-1,199283E+06	9,775740E+01	5,050290E+01	5,568179E+03
3,25	-1,199283E+06	9,795204E+01	5,129502E+01	5,568179E+03
3,255	-1,199283E+06	1,012551E+02	5,166601E+01	5,568179E+03
3,26	-1,199283E+06	1,004968E+02	5,154521E+01	5,568179E+03
3,265	-1,199283E+06	9,508659E+01	5,145627E+01	5,568179E+03
3,27	-1,199283E+06	9,773923E+01	5,159998E+01	5,568179E+03
3,275	-1,199283E+06	9,824833E+01	5,211871E+01	5,568179E+03
3,28	-1,199283E+06	9,731401E+01	5,239320E+01	5,568179E+03
3,285	-1,199283E+06	1,003709E+02	5,208322E+01	5,568179E+03
3,29	-1,199283E+06	9,872880E+01	5,155449E+01	5,568179E+03
3,295	-1,199283E+06	9,824917E+01	5,103254E+01	5,568179E+03
3,3	-1,199283E+06	9,870487E+01	5,083636E+01	5,568179E+03
3,305	-1,199283E+06	9,664197E+01	5,090547E+01	5,568179E+03
3,31	-1,199283E+06	9,320479E+01	5,085172E+01	5,568179E+03
3,315	-1,199283E+06	9,250007E+01	5,060871E+01	5,568179E+03
3,32	-1,199283E+06	9,604607E+01	5,055594E+01	5,568179E+03
3,325	-1,199283E+06	9,949575E+01	5,102787E+01	5,568179E+03
3,33	-1,199283E+06	1,037732E+02	5,182621E+01	5,568179E+03
3,335	-1,199283E+06	1,034384E+02	5,254103E+01	5,568179E+03
3,34	-1,199283E+06	1,008517E+02	5,280215E+01	5,568179E+03
3,345	-1,199283E+06	1,014411E+02	5,257915E+01	5,568179E+03
3,35	-1,199283E+06	9,551833E+01	5,237957E+01	5,568179E+03
3,355	-1,199283E+06	9,760467E+01	5,241722E+01	5,568179E+03
3,36	-1,199283E+06	1,011930E+02	5,259851E+01	5,568179E+03
3,365	-1,199283E+06	9,430130E+01	5,266503E+01	5,568179E+03
3,37	-1,199283E+06	1,031436E+02	5,214422E+01	5,568179E+03
3,375	-1,199283E+06	1,064392E+02	5,138649E+01	5,568179E+03
3,38	-1,199283E+06	1,019012E+02	5,075540E+01	5,568179E+03
3,385	-1,199283E+06	1,038086E+02	5,021673E+01	5,568179E+03
3,39	-1,199283E+06	9,721941E+01	4,986023E+01	5,568179E+03
3,395	-1,199283E+06	9,826238E+01	4,938142E+01	5,568179E+03
3,4	-1,199283E+06	1,011601E+02	4,872904E+01	5,568179E+03
3,405	-1,199283E+06	9,552488E+01	4,842500E+01	5,568179E+03
3,41	-1,199283E+06	9,837820E+01	4,884795E+01	5,568179E+03
3,415	-1,199283E+06	1,013182E+02	4,988456E+01	5,568179E+03
3,42	-1,199283E+06	1,054181E+02	5,096952E+01	5,568179E+03
3,425	-1,199283E+06	1,030117E+02	5,175861E+01	5,568179E+03
3,43	-1,199283E+06	1,023944E+02	5,206142E+01	5,568179E+03
3,435	-1,199283E+06	1,046701E+02	5,229034E+01	5,568179E+03
3,44	-1,199283E+06	9,793234E+01	5,270284E+01	5,568179E+03
3,445	-1,199283E+06	9,954390E+01	5,277743E+01	5,568179E+03
3,45	-1,199283E+06	1,005160E+02	5,241751E+01	5,568179E+03
3,455	-1,199283E+06	1,003176E+02	5,153354E+01	5,568179E+03
3,46	-1,199283E+06	1,051117E+02	5,049948E+01	5,568179E+03
3,465	-1,199283E+06	1,039199E+02	5,003541E+01	5,568179E+03
3,47	-1,199283E+06	1,027256E+02	4,979915E+01	5,568179E+03
3,475	-1,199283E+06	9,808687E+01	4,953199E+01	5,568179E+03
3,48	-1,199283E+06	9,877605E+01	4,934104E+01	5,568179E+03
3,485	-1,199283E+06	1,086085E+02	4,912094E+01	5,568179E+03
3,49	-1,199283E+06	1,059671E+02	4,905863E+01	5,568179E+03
3,495	-1,199283E+06	9,957621E+01	4,937799E+01	5,568179E+03
3,5	-1,199283E+06	1,017074E+02	4,990724E+01	5,568179E+03
3,505	-1,199283E+06	1,072444E+02	5,028104E+01	5,568179E+03
3,51	-1,199283E+06	1,070404E+02	5,043024E+01	5,568179E+03
3,515	-1,199283E+06	1,026140E+02	5,059338E+01	5,568179E+03
3,52	-1,199283E+06	1,057621E+02	5,107568E+01	5,568179E+03
3,525	-1,199283E+06	1,046468E+02	5,175492E+01	5,568179E+03
3,53	-1,199283E+06	1,016836E+02	5,193441E+01	5,568179E+03
3,535	-1,199283E+06	1,015621E+02	5,167549E+01	5,568179E+03
3,54	-1,199283E+06	9,637417E+01	5,137072E+01	5,568179E+03
3,545	-1,199283E+06	9,797797E+01	5,109208E+01	5,568179E+03
3,55	-1,199283E+06	1,033669E+02	5,117233E+01	5,568179E+03
3,555	-1,199283E+06	1,046204E+02	5,137543E+01	5,568179E+03
3,56	-1,199283E+06	1,074080E+02	5,126232E+01	5,568179E+03
3,565	-1,199283E+06	1,017983E+02	5,108285E+01	5,568179E+03
3,57	-1,199283E+06	1,008602E+02	5,096604E+01	5,568179E+03
3,575	-1,199283E+06	1,079289E+02	5,116106E+01	5,568179E+03
3,58	-1,199283E+06	1,062358E+02	5,172826E+01	5,568179E+03
3,585	-1,199283E+06	1,035104E+02	5,211413E+01	5,568179E+03
3,59	-1,199283E+06	1,043774E+02	5,219380E+01	5,568179E+03
3,595	-1,199283E+06	1,029478E+02	5,215654E+01	5,568179E+03
3,6	-1,199283E+06	1,047389E+02	5,211215E+01	5,568179E+03
3,605	-1,199283E+06	1,063213E+02	5,219896E+01	5,568179E+03
3,61	-1,199283E+06	1,048822E+02	5,216653E+01	5,568179E+03
3,615	-1,199283E+06	1,037508E+02	5,192875E+01	5,568179E+03
3,62	-1,199283E+06	1,015844E+02	5,180308E+01	5,568179E+03
3,625	-1,199283E+06	1,041230E+02	5,189646E+01	5,568179E+03
3,63	-1,199283E+06	1,052174E+02	5,231437E+01	5,568179E+03
3,635	-1,199283E+06	1,058642E+02	5,284794E+01	5,568179E+03
3,64	-1,199284E+06	1,056108E+02	5,315916E+01	5,568179E+03
3,645	-1,199283E+06	1,000380E+02	5,310261E+01	5,568179E+03
3,65	-1,199283E+06	1,003117E+02	5,271675E+01	5,568179E+03
3,655	-1,199283E+06	1,045146E+02	5,240404E+01	5,568179E+03
3,66	-1,199284E+06	1,166654E+02	5,209222E+01	5,568179E+03
3,665	-1,199283E+06	1,159046E+02	5,171934E+01	5,568179E+03
3,67	-1,199283E+06	1,113771E+02	5,125596E+01	5,568179E+03
3,675	-1,199284E+06	1,106535E+02	5,075050E+01	5,568179E+03
3,68	-1,199283E+06	1,043676E+02	5,071693E+01	5,568179E+03
3,685	-1,199284E+06	1,140182E+02	5,116965E+01	5,568179E+03
3,69	-1,199284E+06	1,127130E+02	5,183225E+01	5,568179E+03
3,695	-1,199283E+06	1,036953E+02	5,241427E+01	5,568179E+03
3,7	-1,199284E+06	1,019861E+02	5,269264E+01	5,568179E+03
3,705	-1,199283E+06	9,762997E+01	5,279467E+01	5,568179E+03
3,71	-1,199284E+06	1,044150E+02	5,302576E+01	5,568179E+03
3,715	-1,199284E+06	1,006403E+02	5,342704E+01	5,568179E+03
3,72	-1,199284E+06	9,945390E+01	5,358607E+01	5,568179E+03
3,725	-1,199284E+06	1,054589E+02	5,348313E+01	5,568179E+03
3,73	-1,199284E+06	1,079301E+02	5,313076E+01	5,568179E+03
3,735	-1,199284E+06	1,124830E+02	5,273913E+01	5,568179E+03
3,74	-1,199284E+06	1,119532E+02	5,261752E+01	5,568179E+03
3,745	-1,199284E+06	1,141264E+02	5,238774E+01	5,568179E+03
3,75	-1,199284E+06	1,080314E+02	5,188888E+01	5,568179E+03
3,755	-1,199283E+06	1,015505E+02	5,121097E+01	5,568179E+03
3,76	-1,199284E+06	1,007875E+02	5,073323E+01	5,568179E+03
3,765	-1,199283E+06	9,902301E+01	5,083922E+01	5,568179E+03
3,77	-1,199284E+06	1,078037E+02	5,124815E+01	5,568179E+03
3,775	-1,199284E+06	1,083727E+02	5,173232E+01	5,568179E+03
3,78	-1,199284E+06	1,074683E+02	5,215094E+01	5,568179E+03
3,785	-1,199284E+06	1,101225E+02	5,251576E+01	5,568179E+03
3,79	-1,199283E+06	1,068709E+02	5,284999E+01	5,568179E+03
3,795	-1,199284E+06	1,110462E+02	5,314026E+01	5,568179E+03
3,8	-1,199284E+06	1,131574E+02	5,353809E+01	5,568179E+03
3,805	-1,199284E+06	1,150654E+02	5,365881E+01	5,568179E+03
3,81	-1,199284E+06	1,111022E+02	5,351963E+01	5,568179E+03
3,815	-1,199284E+06	1,115362E+02	5,332691E+01	5,568179E+03
3,82	-1,199284E+06	1,162240E+02	5,310884E+01	5,568179E+03
3,825	-1,199284E+06	1,107524E+02	5,300522E+01	5,568179E+03
3,83	-1,199284E+06	1,072382E+02	5,285490E+01	5,568179E+03
3,835	-1,199284E+06	1,106280E+02	5,264069E+01	5,568179E+03
3,84	-1,199284E+06	1,100156E+02	5,256202E+01	5,568179E+03
3,845	-1,199284E+06	1,039319E+02	5,265922E+01	5,568179E+03
3,85	-1,199283E+06	1,051804E+02	5,312423E+01	5,568179E+03
3,855	-1,199284E+06	1,129926E+02	5,379551E+01	5,568179E+03
3,86	-1,199284E+06	1,134173E+02	5,412792E+01	5,568179E+03
3,865	-1,199283E+06	1,135691E+02	5,416273E+01	5,568179E+03
3,87	-1,199283E+06	1,140993E+02	5,420649E+01	5,568179E+03
3,875	-1,199284E+06	1,162471E+02	5,432757E+01	5,568179E+03
3,88	-1,199283E+06	1,109367E+02	5,478350E+01	5,568179E+03
3,885	-1,199283E+06	1,103391E+02	5,507855E+01	5,568179E+03
3,89	-1,199284E+06	1,180428E+02	5,488247E+01	5,568179E+03
3,895	-1,199283E+06	1,123008E+02	5,479335E+01	5,568179E+03
3,9	-1,199284E+06	1,126745E+02	5,484065E+01	5,568179E+03
3,905	-1,199284E+06	1,146558E+02	5,515457E+01	5,568179E+03
3,91	-1,199283E+06	1,131089E+02	5,560839E+01	5,568179E+03
3,915	-1,199284E+06	1,212932E+02	5,556802E+01	5,568179E+03
3,92	-1,199284E+06	1,193367E+02	5,533452E+01	5,568179E+03
3,925	-1,199284E+06	1,174588E+02	5,530070E+01	5,568179E+03
3,93	-1,199284E+06	1,172910E+02	5,540574E+01	5,568179E+03
3,935	-1,199283E+06	1,107243E+02	5,544258E+01	5,568179E+03
3,94	-1,199284E+06	1,149493E+02	5,507431E+01	5,568179E+03
3,945	-1,199284E+06	1,181754E+02	5,418115E+01	5,568179E+03
3,95	-1,199283E+06	1,121975E+02	5,322621E+01	5,568179E+03
3,955	-1,199283E+06	1,156966E+02	5,286503E+01	5,568179E+03
3,96	-1,199284E+06	1,254758E+02	5,307561E+01	5,568179E+03
3,965	-1,199283E+06	1,187007E+02	5,349528E+01	5,568179E+03
3,97	-1,199283E+06	1,130149E+02	5,369585E+01	5,568179E+03
3,975	-1,199284E+06	1,277978E+02	5,377051E+01	5,568179E+03
3,98	-1,199283E+06	1,188728E+02	5,441006E+01	5,568179E+03
3,985	-1,199283E+06	1,159296E+02	5,522528E+01	5,568179E+03
3,99	-1,199284E+06	1,269122E+02	5,607248E+01	5,568179E+03
3,995	-1,199283E+06	1,210143E+02	5,663949E+01	5,568179E+03
4,0	-1,199283E+06	1,200986E+02	5,631830E+01	5,568179E+03
4,005	-1,199283E+06	1,116297E+02	5,588808E+01	5,568179E+03
4,01	-1,199283E+06	1,152311E+02	5,548499E+01	5,568179E+03
4,015	-1,199284E+06	1,238050E+02	5,496683E+01	5,568179E+03
4,02	-1,199283E+06	1,145361E+02	5,453317E+01	5,568179E+03
4,025	-1,199283E+06	1,272734E+02	5,370084E+01	5,568179E+03
4,03	-1,199283E+06	1,286941E+02	5,271667E+01	5,568179E+03
4,035	-1,199283E+06	1,182358E+02	5,204589E+01	5,568179E+03
4,04	-1,199283E+06	1,203637E+02	5,202029E+01	5,568179E+03
4,045	-1,199283E+06	1,212491E+02	5,265133E+01	5,568179E+03
4,05	-1,199283E+06	1,245724E+02	5,331939E+01	5,568179E+03
4,055	-1,199283E+06	1,213072E+02	5,381093E+01	5,568179E+03
4,06	-1,199283E+06	1,291464E+02	5,400287E+01	5,568179E+03
4,065	-1,199283E+06	1,296366E+02	5,439735E+01	5,568179E+03
4,07	-1,199283E+06	1,278462E+02	5,511599E+01	5,568179E+03
4,075	-1,199283E+06	1,240845E+02	5,575980E+01	5,568179E+03
4,08	-1,199283E+06	1,171268E+02	5,609263E+01	5,568179E+03
4,085	-1,199283E+06	1,292969E+02	5,578901E+01	5,568179E+03
4,09	-1,199283E+06	1,173417E+02	5,547055E+01	5,568179E+03
4,095	-1,199283E+06	1,171181E+02	5,536957E+01	5,568179E+03
4,1	-1,199283E+06	1,327443E+02	5,508324E+01	5,568179E+03
4,105	-1,199283E+06	1,213022E+02	5,432366E+01	5,568179E+03
4,11	-1,199283E+06	1,221445E+02	5,303292E+01	5,568179E+03
4,115	-1,199283E+06	1,262261E+02	5,202317E+01	5,568179E+03
4,12	-1,199283E+06	1,273373E+02	5,163899E+01	5,568179E+03
4,125	-1,199283E+06	1,260110E+02	5,168586E+01	5,568179E+03
4,13	-1,199283E+06	1,234079E+02	5,203481E+01	5,568179E+03
4,135	-1,199283E+06	1,270136E+02	5,244374E+01	5,568179E+03
4,14	-1,199283E+06	1,268627E+02	5,274604E+01	5,568179E+03
4,145	-1,199283E+06	1,242986E+02	5,330453E+01	5,568179E+03
4,15	-1,199283E+06	1,237394E+02	5,433502E+01	5,568179E+03
4,155	-1,199283E+06	1,287957E+02	5,548074E+01	5,568179E+03
4,16	-1,199283E+06	1,316454E+02	5,645027E+01	5,568179E+03
4,165	-1,199283E+06	1,326095E+02	5,698681E+01	5,568179E+03
4,17	-1,199283E+06	1,361755E+02	5,712907E+01	5,568179E+03
4,175	-1,199283E+06	1,356596E+02	5,709789E+01	5,568179E+03
4,18	-1,199283E+06	1,358992E+02	5,678954E+01	5,568179E+03
4,185	-1,199283E+06	1,280854E+02	5,631633E+01	5,568179E+03
4,19	-1,199283E+06	1,288858E+02	5,554549E+01	5,568179E+03
4,195	-1,199283E+06	1,388862E+02	5,447219E+01	5,568179E+03
4,2	-1,199283E+06	1,384485E+02	5,353205E+01	5,568179E+03
4,205	-1,199283E+06	1,316732E+02	5,298141E+01	5,568179E+03
4,21	-1,199283E+06	1,296384E+02	5,281256E+01	5,568179E+03
4,215	-1,199283E+06	1,327250E+02	5,285754E+01	5,568179E+03
4,22	-1,199283E+06	1,285438E+02	5,306572E+01	5,568179E+03
4,225	-1,199283E+06	1,341743E+02	5,338531E+01	5,568179E+03
4,23	-1,199283E+06	1,435141E+02	5,393439E+01	5,568179E+03
4,235	-1,199283E+06	1,356981E+02	5,487432E+01	5,568179E+03
4,24	-1,199283E+06	1,344848E+02	5,561253E+01	5,568179E+03
4,245	-1,199283E+06	1,372306E+02	5,579718E+01	5,568179E+03
4,25	-1,199283E+06	1,376684E+02	5,551703E+01	5,568179E+03
4,255	-1,199283E+06	1,360407E+02	5,485468E+01	5,568179E+03
4,26	-1,199283E+06	1,346233E+02	5,431209E+01	5,568179E+03
4,265	-1,199283E+06	1,347335E+02	5,411454E+01	5,568179E+03
4,27	-1,199283E+06	1,339526E+02	5,375834E+01	5,568179E+03
4,275	-1,199283E+06	1,379357E+02	5,326077E+01	5,568179E+03
4,28	-1,199283E+06	1,402192E+02	5,319809E+01	5,568179E+03
4,285	-1,199283E+06	1,432079E+02	5,368326E+01	5,568179E+03
4,29	-1,199283E+06	1,436170E+02	5,469140E+01	5,568179E+03
4,295	-1,199282E+06	1,365721E+02	5,583408E+01	5,568179E+03
4,3	-1,199282E+06	1,422505E+02	5,626863E+01	5,568179E+03
4,305	-1,199283E+06	1,498761E+02	5,612501E+01	5,568179E+03
4,31	-1,199282E+06	1,422716E+02	5,576632E+01	5,568179E+03
4,315	-1,199283E+06	1,510626E+02	5,490940E+01	5,568179E+03
4,32	-1,199282E+06	1,510294E+02	5,397409E+01	5,568179E+03
4,325	-1,199282E+06	1,442585E+02	5,287094E+01	5,568179E+03
4,33	-1,199283E+06	1,528154E+02	5,173083E+01	5,568179E+03
4,335	-1,199282E+06	1,445919E+02	5,151157E+01	5,568179E+03
4,34	-1,199282E+06	1,471208E+02	5,197005E+01	5,568179E+03
4,345	-1,199282E+06	1,519301E+02	5,303211E+01	5,568179E+03
4,35	-1,199282E+06	1,497452E+02	5,430186E+01	5,568179E+03
4,355	-1,199283E+06	1,541636E+02	5,499825E+01	5,568179E+03
4,36	-1,199282E+06	1,444912E+02	5,539113E+01	5,568179E+03
4,365	-1,199282E+06	1,427159E+02	5,555329E+01	5,568179E+03
4,37	-1,199282E+06	1,465846E+02	5,550773E+01	5,568179E+03
4,375	-1,199282E+06	1,507144E+02	5,536711E+01	5,568179E+03
4,38	-1,199282E+06	1,553783E+02	5,524640E+01	5,568179E+03
4,385	-1,199282E+06	1,511416E+02	5,512696E+01	5,568179E+03
4,39	-1,199282E+06	1,549188E+02	5,481927E+01	5,568179E+03
4,395	-1,199282E+06	1,551746E+02	5,469259E+01	5,568179E+03
4,4	-1,199282E+06	1,590954E+02	5,462226E+01	5,568179E+03
4,405	-1,199282E+06	1,595341E+02	5,440809E+01	5,568179E+03
4,41	-1,199282E+06	1,472632E+02	5,396071E+01	5,568179E+03
4,415	-1,199282E+06	1,476376E+02	5,325595E+01	5,568179E+03
4,42	-1,199282E+06	1,515594E+02	5,298308E+01	5,568179E+03
4,425	-1,199282E+06	1,601082E+02	5,302751E+01	5,568179E+03
4,43	-1,199282E+06	1,533435E+02	5,319609E+01	5,568179E+03
4,435	-1,199282E+06	1,449504E+02	5,354792E+01	5,568179E+03
4,44	-1,199282E+06	1,542666E+02	5,382412E+01	5,568179E+03
4,445	-1,199282E+06	1,509340E+02	5,435682E+01	5,568179E+03
4,45	-1,199282E+06	1,537004E+02	5,530878E+01	5,568179E+03
4,455	-1,199282E+06	1,629330E+02	5,627291E+01	5,568179E+03
4,46	-1,199282E+06	1,600791E+02	5,680951E+01	5,568179E+03
4,465	-1,199282E+06	1,643810E+02	5,661866E+01	5,568179E+03
4,47	-1,199282E+06	1,672085E+02	5,586986E+01	5,568179E+03
4,475	-1,199282E+06	1,627859E+02	5,504498E+01	5,568179E+03
4,48	-1,199282E+06	1,650196E+02	5,431518E+01	5,568179E+03
4,485	-1,199282E+06	1,692603E+02	5,342799E+01	5,568179E+03
4,49	-1,199282E+06	1,658217E+02	5,240673E+01	5,568179E+03
4,495	-1,199282E+06	1,613480E+02	5,136064E+01	5,568179E+03
4,5	-1,199282E+06	1,559110E+02	5,080448E+01	5,568179E+03
4,505	-1,199282E+06	1,555164E+02	5,123986E+01	5,568179E+03
4,51	-1,199282E+06	1,683910E+02	5,218224E+01	5,568179E+03
4,515	-1,199282E+06	1,725878E+02	5,310242E+01	5,568179E+03
4,52	-1,199282E+06	1,678443E+02	5,374943E+01	5,568179E+03
4,525	-1,199282E+06	1,683645E+02	5,406346E+01	5,568179E+03
4,53	-1,199282E+06	1,677693E+02	5,440463E+01	5,568179E+03
4,535	-1,199282E+06	1,672394E+02	5,493156E+01	5,568179E+03
4,54	-1,199282E+06	1,592165E+02	5,524228E+01	5,568179E+03
4,545	-1,199282E+06	1,600371E+02	5,491003E+01	5,568179E+03
4,55	-1,199282E+06	1,622575E+02	5,442371E+01	5,568179E+03
4,555	-1,199282E+06	1,694223E+02	5,395279E+01	5,568179E+03
4,56	-1,199282E+06	1,783331E+02	5,355750E+01	5,568179E+03
4,565	-1,199282E+06	1,729672E+02	5,330457E+01	5,568179E+03
4,57	-1,199282E+06	1,702282E+02	5,271985E+01	5,568179E+03
4,575	-1,199282E+06	1,713127E+02	5,180604E+01	5,568179E+03
4,58	-1,199282E+06	1,682565E+02	5,102587E+01	5,568179E+03
4,585	-1,199282E+06	1,793706E+02	5,058008E+01	5,568179E+03
4,59	-1,199282E+06	1,749559E+02	5,071422E+01	5,568179E+03
4,595	-1,199282E+06	1,690864E+02	5,094032E+01	5,568179E+03
4,6	-1,199282E+06	1,795628E+02	5,104208E+01	5,568179E+03
4,605	-1,199282E+06	1,828002E+02	5,116437E+01	5,568179E+03
4,61	-1,199282E+06	1,824559E+02	5,128783E+01	5,568179E+03
4,615	-1,199282E+06	1,846207E+02	5,164789E+01	5,568179E+03
4,62	-1,199282E+06	1,867419E+02	5,195169E+01	5,568179E+03
4,625	-1,199282E+06	1,807096E+02	5,208019E+01	5,568179E+03
4,63	-1,199282E+06	1,885938E+02	5,202890E+01	5,568179E+03
4,635	-1,199282E+06	1,924457E+02	5,184375E+01	5,568179E+03
4,64	-1,199281E+06	1,833628E+02	5,176436E+01	5,568179E+03
4,645	-1,199282E+06	1,899757E+02	5,171391E+01	5,568179E+03
4,65	-1,199282E+06	1,756698E+02	5,188109E+01	5,568179E+03
4,655	-1,199282E+06	1,797327E+02	5,183691E+01	5,568179E+03
4,66	-1,199282E+06	1,941029E+02	5,141953E+01	5,568179E+03
4,665	-1,199282E+06	1,887549E+02	5,101581E+01	5,568179E+03
4,67	-1,199282E+06	2,018599E+02	5,072670E+01	5,568179E+03
4,675	-1,199282E+06	1,964526E+02	5,084654E+01	5,568179E+03
4,68	-1,199281E+06	1,876315E+02	5,114213E+01	5,568179E+03
4,685	-1,199282E+06	1,955295E+02	5,142680E+01	5,568179E+03
4,69	-1,199282E+06	1,980094E+02	5,161335E+01	5,568179E+03
4,695	-1,199281E+06	1,871999E+02	5,195787E+01	5,568179E+03
4,7	-1,199282E+06	1,869215E+02	5,252305E+01	5,568179E+03
4,705	-1,199282E+06	1,920589E+02	5,309993E+01	5,568179E+03
4,71	-1,199281E+06	1,878804E+02	5,349351E+01	5,568179E+03
4,715	-1,199282E+06	2,009145E+02	5,299738E+01	5,568179E+03
4,72	-1,199282E+06	1,967167E+02	5,234356E+01	5,568179E+03
4,725	-1,199281E+06	1,935493E+02	5,228820E+01	5,568179E+03
4,73	-1,199282E+06	2,062611E+02	5,266084E+01	5,568179E+03
4,735	-1,199281E+06	2,025872E+02	5,302463E+01	5,568179E+03
4,74	-1,199282E+06	2,032951E+02	5,237301E+01	5,568179E+03
4,745	-1,199282E+06	2,024142E+02	5,122322E+01	5,568179E+03
4,75	-1,199281E+06	1,915349E+02	5,090207E+01	5,568179E+03
4,755	-1,199282E+06	2,000431E+02	5,098886E+01	5,568179E+03
4,76	-1,199282E+06	2,032255E+02	5,116794E+01	5,568179E+03
4,765	-1,199281E+06	1,916108E+02	5,112479E+01	5,568179E+03
4,77	-1,199281E+06	2,031997E+02	5,050452E+01	5,568179E+03
4,775	-1,199282E+06	2,127539E+02	5,003943E+01	5,568179E+03
4,78	-1,199281E+06	2,027826E+02	4,990356E+01	5,568179E+03
4,785	-1,199281E+06	2,080422E+02	4,995688E+01	5,568179E+03
4,79	-1,199282E+06	2,201455E+02	5,022114E+01	5,568179E+03
4,795	-1,199282E+06	2,223679E+02	5,029381E+01	5,568179E+03
4,8	-1,199281E+06	2,081731E+02	5,039457E+01	5,568179E+03
4,805	-1,199282E+06	2,114741E+02	5,078910E+01	5,568179E+03
4,81	-1,199282E+06	2,167995E+02	5,192202E+01	5,568179E+03
4,815	-1,199281E+06	2,160879E+02	5,323797E+01	5,568179E+03
4,82	-1,199282E+06	2,218263E+02	5,385050E+01	5,568179E+03
4,825	-1,199281E+06	2,124635E+02	5,390106E+01	5,568179E+03
4,83	-1,199282E+06	2,124512E+02	5,363263E+01	5,568179E+03
4,835	-1,199281E+06	2,106102E+02	5,379777E+01	5,568179E+03
4,84	-1,199281E+06	2,246965E+02	5,394951E+01	5,568179E+03
4,845	-1,199282E+06	2,361438E+02	5,343355E+01	5,568179E+03
4,85	-1,199281E+06	2,200395E+02	5,274073E+01	5,568179E+03
4,855	-1,199281E+06	2,199166E+02	5,164219E+01	5,568179E+03
4,86	-1,199282E+06	2,270514E+02	5,053587E+01	5,568179E+03
4,865	-1,199281E+06	2,200438E+02	5,034940E+01	5,568179E+03
4,87	-1,199282E+06	2,254300E+02	5,019810E+01	5,568179E+03
4,875	-1,199281E+06	2,202201E+02	5,018678E+01	5,568179E+03
4,88	-1,199282E+06	2,303699E+02	5,023796E+01	5,568179E+03
4,885	-1,199281E+06	2,246044E+02	5,011409E+01	5,568179E+03
4,89	-1,199281E+06	2,113910E+02	5,064004E+01	5,568179E+03
4,895	-1,199281E+06	2,213792E+02	5,152353E+01	5,568179E+03
4,9	-1,199281E+06	2,324298E+02	5,174458E+01	5,568179E+03
4,905	-1,199281E+06	2,323490E+02	5,146693E+01	5,568179E+03
4,91	-1,199281E+06	2,227822E+02	5,098022E+01	5,568179E+03
4,915	-1,199281E+06	2,324436E+02	5,084727E+01	5,568179E+03
4,92	-1,199282E+06	2,383859E+02	5,119235E+01	5,568179E+03
4,925	-1,199281E+06	2,202451E+02	5,098256E+01	5,568179E+03
4,93	-1,199281E+06	2,270085E+02	5,020532E+01	5,568179E+03
4,935	-1,199281E+06	2,351760E+02	4,991088E+01	5,568179E+03
4,94	-1,199281E+06	2,351480E+02	5,031292E+01	5,568179E+03
4,945	-1,199281E+06	2,430455E+02	5,126583E+01	5,568179E+03
4,95	-1,199281E+06	2,476886E+02	5,215087E+01	5,568179E+03
4,955	-1,199281E+06	2,592337E+02	5,200089E+01	5,568179E+03
4,96	-1,199281E+06	2,401686E+02	5,132364E+01	5,568179E+03
4,965	-1,199281E+06	2,398627E+02	5,064172E+01	5,568179E+03
4,97	-1,199281E+06	2,630953E+02	5,030413E+01	5,568179E+03
4,975	-1,199281E+06	2,566705E+02	4,999504E+01	5,568179E+03
4,98	-1,199281E+06	2,433832E+02	4,939624E+01	5,568179E+03
4,985	-1,199281E+06	2,430203E+02	4,911839E+01	5,568179E+03
4,99	-1,199281E+06	2,474277E+02	4,945169E+01	5,568179E+03
4,995	-1,199281E+06	2,439801E+02	5,041679E+01	5,568179E+03
5,0	-1,199281E+06	2,455209E+02	5,164434E+01	5,568179E+03
5,005	-1,199281E+06	2,440396E+02	5,279252E+01	5,568179E+03
5,01	-1,199280E+06	2,340794E+02	5,366350E+01	5,568179E+03
5,015	-1,199281E+06	2,574672E+02	5,372633E+01	5,568179E+03
5,02	-1,199281E+06	2,542734E+02	5,345123E+01	5,568179E+03
5,025	-1,199281E+06	2,547580E+02	5,253460E+01	5,568179E+03
5,03	-1,199281E+06	2,584629E+02	5,151398E+01	5,568179E+03
5,035	-1,199280E+06	2,508779E+02	5,088080E+01	5,568179E+03
5,04	-1,199281E+06	2,703336E+02	4,980244E+01	5,568179E+03
5,045	-1,199281E+06	2,757146E+02	4,836216E+01	5,568179E+03
5,05	-1,199281E+06	2,592651E+02	4,695657E+01	5,568179E+03
5,055	-1,199280E+06	2,499590E+02	4,602605E+01	5,568179E+03
5,06	-1,199281E+06	2,612344E+02	4,592752E+01	5,568179E+03
5,065	-1,199280E+06	2,606623E+02	4,618604E+01	5,568179E+03
5,07	-1,199280E+06	2,678014E+02	4,590824E+01	5,568179E+03
5,075	-1,199281E+06	2,746270E+02	4,609899E+01	5,568179E+03
5,08	-1,199280E+06	2,669839E+02	4,744965E+01	5,568179E+03
5,085	-1,199281E+06	2,772220E+02	4,899858E+01	5,568179E+03
5,09	-1,199280E+06	2,753766E+02	5,056914E+01	5,568179E+03
5,095	-1,199280E+06	2,766409E+02	5,165858E+01	5,568179E+03
5,1	-1,199281E+06	2,902883E+02	5,191536E+01	5,568179E+03
5,105	-1,199280E+06	2,809497E+02	5,202704E+01	5,568179E+03
5,11	-1,199280E+06	2,891581E+02	5,189259E+01	5,568179E+03
5,115	-1,199281E+06	2,982550E+02	5,132495E+01	5,568179E+03
5,12	-1,199280E+06	2,811746E+02	5,040457E+01	5,568179E+03
5,125	-1,199280E+06	3,013032E+02	4,885520E+01	5,568179E+03
5,13	-1,199281E+06	3,066391E+02	4,727388E+01	5,568179E+03
5,135	-1,199280E+06	2,763760E+02	4,616675E+01	5,568179E+03
5,14	-1,199280E+06	2,715167E+02	4,586901E+01	5,568179E+03
5,145	-1,199280E+06	2,910952E+02	4,648107E+01	5,568179E+03
5,15	-1,199280E+06	3,041872E+02	4,729790E+01	5,568179E+03
5,155	-1,199280E+06	2,869288E+02	4,832527E+01	5,568179E+03
5,16	-1,199280E+06	2,881978E+02	4,988274E+01	5,568179E+03
5,165	-1,199280E+06	2,934049E+02	5,212399E+01	5,568179E+03
5,17	-1,199279E+06	3,002297E+02	5,411826E+01	5,568179E+03
5,175	-1,199280E+06	3,099149E+02	5,510908E+01	5,568179E+03
5,18	-1,199279E+06	2,895542E+02	5,512745E+01	5,568179E+03
5,185	-1,199280E+06	2,968706E+02	5,385521E+01	5,568179E+03
5,19	-1,199279E+06	2,988655E+02	5,257639E+01	5,568179E+03
5,195	-1,199279E+06	3,040603E+02	5,171286E+01	5,568179E+03
5,2	-1,199280E+06	3,148518E+02	5,058990E+01	5,568179E+03
5,205	-1,199279E+06	2,970163E+02	4,930562E+01	5,568179E+03
5,21	-1,199279E+06	2,999184E+02	4,766655E+01	5,568179E+03
5,215	-1,199279E+06	3,057202E+02	4,699215E+01	5,568179E+03
5,22	-1,199279E+06	3,114755E+02	4,808821E+01	5,568179E+03
5,225	-1,199280E+06	3,182220E+02	4,975606E+01	5,568179E+03
5,23	-1,199279E+06	3,032146E+02	5,153179E+01	5,568179E+03
5,235	-1,199279E+06	3,110464E+02	5,276847E+01	5,568179E+03
5,24	-1,199279E+06	3,130683E+02	5,379671E+01	5,568179E+03
5,245	-1,199279E+06	3,089645E+02	5,513360E+01	5,568179E+03
5,25	-1,199279E+06	3,157935E+02	5,627219E+01	5,568179E+03
5,255	-1,199279E+06	3,120070E+02	5,717999E+01	5,568179E+03
5,26	-1,199279E+06	3,179795E+02	5,713403E+01	5,568179E+03
5,265	-1,199279E+06	3,248591E+02	5,595268E+01	5,568179E+03
5,27	-1,199279E+06	3,099558E+02	5,495785E+01	5,568179E+03
5,275	-1,199279E+06	3,229416E+02	5,405098E+01	5,568179E+03
5,28	-1,199279E+06	3,422856E+02	5,312680E+01	5,568179E+03
5,285	-1,199278E+06	3,164864E+02	5,223010E+01	5,568179E+03
5,29	-1,199279E+06	3,144345E+02	5,048389E+01	5,568179E+03
5,295	-1,199279E+06	3,244312E+02	4,902224E+01	5,568179E+03
5,3	-1,199278E+06	3,075255E+02	4,901677E+01	5,568179E+03
5,305	-1,199279E+06	3,181361E+02	4,940950E+01	5,568179E+03
5,31	-1,199278E+06	3,194279E+02	5,022294E+01	5,568179E+03
5,315	-1,199279E+06	3,283836E+02	5,084102E+01	5,568179E+03
5,32	-1,199278E+06	3,305378E+02	5,107080E+01	5,568179E+03
5,325	-1,199278E+06	3,443184E+02	5,139679E+01	5,568179E+03
5,33	-1,199279E+06	3,609561E+02	5,145227E+01	5,568179E+03
5,335	-1,199278E+06	3,376971E+02	5,120056E+01	5,568179E+03
5,34	-1,199278E+06	3,301549E+02	5,089739E+01	5,568179E+03
5,345	-1,199278E+06	3,376609E+02	5,037650E+01	5,568179E+03
5,35	-1,199278E+06	3,500465E+02	4,958041E+01	5,568179E+03
5,355	-1,199278E+06	3,603689E+02	4,954583E+01	5,568179E+03
5,36	-1,199278E+06	3,585700E+02	5,006968E+01	5,568179E+03
5,365	-1,199278E+06	3,582614E+02	4,996818E+01	5,568179E+03
5,37	-1,199278E+06	3,519807E+02	4,948310E+01	5,568179E+03
5,375	-1,199278E+06	3,609717E+02	4,870257E+01	5,568179E+03
5,38	-1,199278E+06	3,609519E+02	4,843404E+01	5,568179E+03
5,385	-1,199278E+06	3,539441E+02	4,949751E+01	5,568179E+03
5,39	-1,199279E+06	3,780990E+02	5,081986E+01	5,568179E+03
5,395	-1,199278E+06	3,662201E+02	5,181423E+01	5,568179E+03
5,4	-1,199278E+06	3,434070E+02	5,222686E+01	5,568179E+03
5,405	-1,199278E+06	3,542754E+02	5,218914E+01	5,568179E+03
5,41	-1,199278E+06	3,597841E+02	5,258281E+01	5,568179E+03
5,415	-1,199278E+06	3,729144E+02	5,277946E+01	5,568179E+03
5,42	-1,199278E+06	3,829137E+02	5,206774E+01	5,568179E+03
5,425	-1,199278E+06	3,727245E+02	5,093296E+01	5,568179E+03
5,43	-1,199278E+06	3,857915E+02	4,942995E+01	5,568179E+03
5,435	-1,199278E+06	3,927116E+02	4,804516E+01	5,568179E+03
5,44	-1,199278E+06	3,800661E+02	4,747406E+01	5,568179E+03
5,445	-1,199277E+06	3,705562E+02	4,795498E+01	5,568179E+03
5,45	-1,199278E+06	3,876467E+02	4,880414E+01	5,568179E+03
5,455	-1,199278E+06	3,934941E+02	4,985372E+01	5,568179E+03
5,46	-1,199277E+06	3,793107E+02	5,147514E+01	5,568179E+03
5,465	-1,199278E+06	4,048495E+02	5,305538E+01	5,568179E+03
5,47	-1,199278E+06	4,055327E+02	5,460947E+01	5,568179E+03
5,475	-1,199277E+06	3,849399E+02	5,549851E+01	5,568179E+03
5,48	-1,199278E+06	3,913539E+02	5,535182E+01	5,568179E+03
5,485	-1,199277E+06	3,792553E+02	5,460105E+01	5,568179E+03
5,49	-1,199278E+06	3,969125E+02	5,270659E+01	5,568179E+03
5,495	-1,199277E+06	3,936028E+02	5,112900E+01	5,568179E+03
5,5	-1,199277E+06	3,934742E+02	4,980808E+01	5,568179E+03
5,505	-1,199278E+06	4,168051E+02	4,834877E+01	5,568179E+03
5,51	-1,199277E+06	4,016518E+02	4,699108E+01	5,568179E+03
5,515	-1,199277E+06	3,768177E+02	4,556194E+01	5,568179E+03
5,52	-1,199277E+06	3,941105E+02	4,576140E+01	5,568179E+03
5,525	-1,199278E+06	4,206859E+02	4,733974E+01	5,568179E+03
5,53	-1,199277E+06	4,073585E+02	4,873623E+01	5,568179E+03
5,535	-1,199277E+06	3,922692E+02	5,032480E+01	5,568179E+03
5,54	-1,199277E+06	4,154244E+02	5,194428E+01	5,568179E+03
5,545	-1,199277E+06	4,198942E+02	5,410632E+01	5,568179E+03
5,55	-1,199277E+06	4,317595E+02	5,618417E+01	5,568179E+03
5,555	-1,199277E+06	4,343196E+02	5,689882E+01	5,568179E+03
5,56	-1,199276E+06	4,081559E+02	5,663914E+01	5,568179E+03
5,565	-1,199277E+06	4,343129E+02	5,527112E+01	5,568179E+03
5,57	-1,199277E+06	4,361536E+02	5,337364E+01	5,568179E+03
5,575	-1,199276E+06	4,117218E+02	5,090462E+01	5,568179E+03
5,58	-1,199277E+06	4,187795E+02	4,800350E+01	5,568179E+03
5,585	-1,199277E+06	4,248531E+02	4,571151E+01	5,568179E+03
5,59	-1,199277E+06	4,276535E+02	4,416535E+01	5,568179E+03
5,595	-1,199277E+06	4,451653E+02	4,308306E+01	5,568179E+03
5,6	-1,199277E+06	4,485432E+02	4,284873E+01	5,568179E+03
5,605	-1,199277E+06	4,493577E+02	4,340850E+01	5,568179E+03
5,61	-1,199276E+06	4,337974E+02	4,450261E+01	5,568179E+03
5,615	-1,199277E+06	4,534269E+02	4,578854E+01	5,568179E+03
5,62	-1,199277E+06	4,410537E+02	4,755317E+01	5,568179E+03
5,625	-1,199276E+06	4,381710E+02	4,876266E+01	5,568179E+03
5,63	-1,199277E+06	4,556160E+02	4,993837E+01	5,568179E+03
5,635	-1,199276E+06	4,427547E+02	5,100496E+01	5,568179E+03
5,64	-1,199277E+06	4,403156E+02	5,092104E+01	5,568179E+03
5,645	-1,199276E+06	4,239620E+02	5,077225E+01	5,568179E+03
5,65	-1,199277E+06	4,466488E+02	5,052535E+01	5,568179E+03
5,655	-1,199277E+06	4,652902E+02	4,985081E+01	5,568179E+03
5,66	-1,199276E+06	4,530350E+02	4,899253E+01	5,568179E+03
5,665	-1,199277E+06	4,550674E+02	4,857992E+01	5,568179E+03
5,67	-1,199277E+06	4,622288E+02	4,810486E+01	5,568179E+03
5,675	-1,199277E+06	4,743266E+02	4,766403E+01	5,568179E+03
5,68	-1,199276E+06	4,805338E+02	4,787020E+01	5,568179E+03
5,685	-1,199277E+06	5,002956E+02	4,772142E+01	5,568179E+03
5,69	-1,199277E+06	4,987219E+02	4,865795E+01	5,568179E+03
5,695	-1,199275E+06	4,617878E+02	5,049602E+01	5,568179E+03
5,7	-1,199277E+06	4,798998E+02	5,036387E+01	5,568179E+03
5,705	-1,199276E+06	4,560358E+02	5,061853E+01	5,568179E+03
5,71	-1,199276E+06	4,598475E+02	5,131955E+01	5,568179E+03
5,715	-1,199277E+06	4,947913E+02	5,223248E+01	5,568179E+03
5,72	-1,199276E+06	4,891174E+02	5,429903E+01	5,568179E+03
5,725	-1,199276E+06	5,007048E+02	5,480639E+01	5,568179E+03
5,73	-1,199277E+06	5,006065E+02	5,321564E+01	5,568179E+03
5,735	-1,199276E+06	4,801641E+02	5,180601E+01	5,568179E+03
5,74	-1,199276E+06	5,019697E+02	5,066077E+01	5,568179E+03
5,745	-1,199277E+06	5,195258E+02	5,008853E+01	5,568179E+03
5,75	-1,199276E+06	4,951739E+02	5,034316E+01	5,568179E+03
5,755	-1,199276E+06	4,928638E+02	4,989986E+01	5,568179E+03
5,76	-1,199277E+06	5,064374E+02	4,964798E+01	5,568179E+03
5,765	-1,199276E+06	4,824323E+02	5,127349E+01	5,568179E+03
5,77	-1,199276E+06	5,132691E+02	5,326191E+01	5,568179E+03
5,775	-1,199277E+06	5,394869E+02	5,520807E+01	5,568179E+03
5,78	-1,199276E+06	5,006776E+02	5,597823E+01	5,568179E+03
5,785	-1,199276E+06	4,851127E+02	5,471795E+01	5,568179E+03
5,79	-1,199276E+06	4,819586E+02	5,413477E+01	5,568179E+03
5,795	-1,199275E+06	4,732939E+02	5,453924E+01	5,568179E+03
5,8	-1,199277E+06	5,089539E+02	5,424384E+01	5,568179E+03
5,805	-1,199276E+06	5,152681E+02	5,442997E+01	5,568179E+03
5,81	-1,199276E+06	5,105473E+02	5,385903E+01	5,568179E+03
5,815	-1,199276E+06	5,155879E+02	5,175864E+01	5,568179E+03
5,82	-1,199275E+06	4,950280E+02	5,072142E+01	5,568179E+03
5,825	-1,199276E+06	5,128748E+02	5,017942E+01	5,568179E+03
5,83	-1,199276E+06	5,198902E+02	5,040081E+01	5,568179E+03
5,835	-1,199275E+06	4,960621E+02	5,199523E+01	5,568179E+03
5,84	-1,199276E+06	5,181152E+02	5,262229E+01	5,568179E+03
5,845	-1,199276E+06	5,149102E+02	5,349158E+01	5,568179E+03
5,85	-1,199276E+06	5,293372E+02	5,457521E+01	5,568179E+03
5,855	-1,199276E+06	5,315507E+02	5,509938E+01	5,568179E+03
5,86	-1,199275E+06	5,328998E+02	5,555159E+01	5,568179E+03
5,865	-1,199276E+06	5,535182E+02	5,492658E+01	5,568179E+03
5,87	-1,199275E+06	5,302664E+02	5,326142E+01	5,568179E+03
5,875	-1,199276E+06	5,337696E+02	5,192071E+01	5,568179E+03
5,88	-1,199275E+06	5,132241E+02	5,165216E+01	5,568179E+03
5,885	-1,199276E+06	5,371319E+02	5,097359E+01	5,568179E+03
5,89	-1,199276E+06	5,523529E+02	5,026316E+01	5,568179E+03
5,895	-1,199275E+06	5,233204E+02	4,875203E+01	5,568179E+03
5,9	-1,199276E+06	5,445542E+02	4,668227E+01	5,568179E+03
5,905	-1,199275E+06	5,456396E+02	4,763880E+01	5,568179E+03
5,91	-1,199276E+06	5,688642E+02	4,919421E+01	5,568179E+03
5,915	-1,199275E+06	5,511319E+02	5,040020E+01	5,568179E+03
5,92	-1,199275E+06	5,431533E+02	5,157741E+01	5,568179E+03
5,925	-1,199276E+06	5,598929E+02	5,172921E+01	5,568179E+03
5,93	-1,199275E+06	5,546180E+02	5,258576E+01	5,568179E+03
5,935	-1,199276E+06	5,714461E+02	5,431036E+01	5,568179E+03
5,94	-1,199275E+06	5,519229E+02	5,580747E+01	5,568179E+03
5,945	-1,199275E+06	5,622749E+02	5,640954E+01	5,568179E+03
5,95	-1,199276E+06	5,775952E+02	5,563211E+01	5,568179E+03
5,955	-1,199274E+06	5,365154E+02	5,441187E+01	5,568179E+03
5,96	-1,199275E+06	5,597453E+02	5,297500E+01	5,568179E+03
5,965	-1,199275E+06	5,787778E+02	5,173077E+01	5,568179E+03
5,97	-1,199275E+06	5,765267E+02	5,005668E+01	5,568179E+03
5,975	-1,199274E+06	5,549867E+02	4,800268E+01	5,568179E+03
5,98	-1,199275E+06	5,740382E+02	4,653714E+01	5,568179E+03
5,985	-1,199275E+06	5,776758E+02	4,620013E+01	5,568179E+03
5,99	-1,199275E+06	5,892496E+02	4,683910E+01	5,568179E+03
5,995	-1,199275E+06	5,815520E+02	4,828040E+01	5,568179E+03
6,0	-1,199275E+06	5,650439E+02	4,905496E+01	5,568179E+03
6,005	-1,199274E+06	5,588653E+02	5,030928E+01	5,568179E+03
6,01	-1,199274E+06	5,781805E+02	5,145135E+01	5,568179E+03
6,015	-1,199275E+06	5,933987E+02	5,243367E+01	5,568179E+03
6,02	-1,199274E+06	5,782383E+02	5,363690E+01	5,568179E+03
6,025	-1,199275E+06	5,868917E+02	5,344266E+01	5,568179E+03
6,03	-1,199274E+06	5,850042E+02	5,309676E+01	5,568179E+03
6,035	-1,199274E+06	5,945701E+02	5,208083E+01	5,568179E+03
6,04	-1,199275E+06	6,232285E+02	4,946102E+01	5,568179E+03
6,045	-1,199275E+06	6,140331E+02	4,697092E+01	5,568179E+03
6,05	-1,199274E+06	5,761603E+02	4,464880E+01	5,568179E+03
6,055	-1,199274E+06	5,731053E+02	4,286759E+01	5,568179E+03
6,06	-1,199274E+06	5,757060E+02	4,364726E+01	5,568179E+03
6,065	-1,199275E+06	6,139792E+02	4,484355E+01	5,568179E+03
6,07	-1,199274E+06	6,152272E+02	4,674268E+01	5,568179E+03
6,075	-1,199275E+06	6,331527E+02	4,926701E+01	5,568179E+03
6,08	-1,199274E+06	6,045042E+02	5,082056E+01	5,568179E+03
6,085	-1,199274E+06	6,016364E+02	5,128920E+01	5,568179E+03
6,09	-1,199275E+06	6,308230E+02	5,167891E+01	5,568179E+03
6,095	-1,199273E+06	5,828646E+02	5,248033E+01	5,568179E+03
6,1	-1,199275E+06	6,050774E+02	5,280552E+01	5,568179E+03
6,105	-1,199273E+06	5,812280E+02	5,372508E+01	5,568179E+03
6,11	-1,199273E+06	5,898381E+02	5,399847E+01	5,568179E+03
6,115	-1,199275E+06	6,457079E+02	5,286673E+01	5,568179E+03
6,12	-1,199273E+06	5,944280E+02	5,112046E+01	5,568179E+03
6,125	-1,199274E+06	6,017106E+02	4,876967E+01	5,568179E+03
6,13	-1,199273E+06	5,965246E+02	4,795539E+01	5,568179E+03
6,135	-1,199273E+06	5,973659E+02	4,739875E+01	5,568179E+03
6,14	-1,199274E+06	6,154226E+02	4,610513E+01	5,568179E+03
6,145	-1,199274E+06	6,286046E+02	4,460188E+01	5,568179E+03
6,15	-1,199274E+06	6,146944E+02	4,358722E+01	5,568179E+03
6,155	-1,199273E+06	5,961584E+02	4,327719E+01	5,568179E+03
6,16	-1,199274E+06	6,056989E+02	4,406115E+01	5,568179E+03
6,165	-1,199273E+06	6,025939E+02	4,553232E+01	5,568179E+03
6,17	-1,199273E+06	6,023665E+02	4,610449E+01	5,568179E+03
6,175	-1,199274E+06	6,133978E+02	4,583373E+01	5,568179E+03
6,18	-1,199273E+06	6,112614E+02	4,531853E+01	5,568179E+03
6,185	-1,199274E+06	6,198556E+02	4,522750E+01	5,568179E+03
6,19	-1,199273E+06	6,327121E+02	4,694695E+01	5,568179E+03
6,195	-1,199274E+06	6,618290E+02	4,867594E+01	5,568179E+03
6,2	-1,199273E+06	6,508337E+02	4,910895E+01	5,568179E+03
6,205	-1,199273E+06	6,331937E+02	4,900447E+01	5,568179E+03
6,21	-1,199273E+06	6,584990E+02	4,847272E+01	5,568179E+03
6,215	-1,199274E+06	6,668579E+02	4,831996E+01	5,568179E+03
6,22	-1,199273E+06	6,319755E+02	4,807656E+01	5,568179E+03
6,225	-1,199273E+06	6,274956E+02	4,658486E+01	5,568179E+03
6,23	-1,199273E+06	6,287916E+02	4,588422E+01	5,568179E+03
6,235	-1,199273E+06	6,360293E+02	4,521037E+01	5,568179E+03
6,24	-1,199273E+06	6,395694E+02	4,489802E+01	5,568179E+03
6,245	-1,199272E+06	6,206605E+02	4,592315E+01	5,568179E+03
6,25	-1,199273E+06	6,251835E+02	4,597259E+01	5,568179E+03
6,255	-1,199273E+06	6,234434E+02	4,599589E+01	5,568179E+03
6,26	-1,199272E+06	6,163379E+02	4,674155E+01	5,568179E+03
6,265	-1,199273E+06	6,448669E+02	4,735937E+01	5,568179E+03
6,27	-1,199273E+06	6,525400E+02	4,919148E+01	5,568179E+03
6,275	-1,199273E+06	6,550958E+02	5,075475E+01	5,568179E+03
6,28	-1,199273E+06	6,613086E+02	5,054243E+01	5,568179E+03
6,285	-1,199273E+06	6,543473E+02	4,982233E+01	5,568179E+03
6,29	-1,199272E+06	6,286636E+02	4,915611E+01	5,568179E+03
6,295	-1,199273E+06	6,515902E+02	4,835792E+01	5,568179E+03
6,3	-1,199273E+06	6,427925E+02	4,872842E+01	5,568179E+03
6,305	-1,199272E+06	6,037267E+02	4,950406E+01	5,568179E+03
6,31	-1,199273E+06	6,404667E+02	4,912469E+01	5,568179E+03
6,315	-1,199273E+06	6,420932E+02	4,897425E+01	5,568179E+03
6,32	-1,199272E+06	6,415776E+02	4,963764E+01	5,568179E+03
6,325	-1,199274E+06	6,904432E+02	5,024437E+01	5,568179E+03
6,33	-1,199272E+06	6,688908E+02	5,068759E+01	5,568179E+03
6,335	-1,199273E+06	6,603224E+02	4,998319E+01	5,568179E+03
6,34	-1,199273E+06	6,708245E+02	4,813234E+01	5,568179E+03
6,345	-1,199273E+06	6,665543E+02	4,657815E+01	5,568179E+03
6,35	-1,199272E+06	6,445039E+02	4,547241E+01	5,568179E+03
6,355	-1,199273E+06	6,357155E+02	4,461202E+01	5,568179E+03
6,36	-1,199272E+06	6,169701E+02	4,606924E+01	5,568179E+03
6,365	-1,199272E+06	6,439780E+02	4,802000E+01	5,568179E+03
6,37	-1,199273E+06	6,754868E+02	4,918067E+01	5,568179E+03
6,375	-1,199273E+06	6,682118E+02	5,107523E+01	5,568179E+03
6,38	-1,199272E+06	6,599703E+02	5,264860E+01	5,568179E+03
6,385	-1,199273E+06	6,654516E+02	5,353529E+01	5,568179E+03
6,39	-1,199272E+06	6,576864E+02	5,451481E+01	5,568179E+03
6,395	-1,199273E+06	6,956602E+02	5,392782E+01	5,568179E+03
6,4	-1,199273E+06	6,813312E+02	5,324144E+01	5,568179E+03
6,405	-1,199272E+06	6,518749E+02	5,263989E+01	5,568179E+03
6,41	-1,199273E+06	6,634861E+02	5,119046E+01	5,568179E+03
6,415	-1,199273E+06	6,616299E+02	4,982500E+01	5,568179E+03
6,42	-1,199272E+06	6,350239E+02	4,871402E+01	5,568179E+03
6,425	-1,199272E+06	6,633639E+02	4,850505E+01	5,568179E+03
6,43	-1,199273E+06	7,055631E+02	4,990910E+01	5,568179E+03
6,435	-1,199273E+06	6,977139E+02	5,117530E+01	5,568179E+03
6,44	-1,199272E+06	6,850847E+02	5,177241E+01	5,568179E+03
6,445	-1,199273E+06	6,822651E+02	5,155694E+01	5,568179E+03
6,45	-1,199272E+06	6,547128E+02	5,087942E+01	5,568179E+03
6,455	-1,199272E+06	6,452096E+02	5,035216E+01	5,568179E+03
6,46	-1,199273E+06	6,500931E+02	4,968018E+01	5,568179E+03
6,465	-1,199272E+06	6,351543E+02	4,877212E+01	5,568179E+03
6,47	-1,199273E+06	6,502066E+02	4,762726E+01	5,568179E+03
6,475	-1,199273E+06	6,584645E+02	4,688357E+01	5,568179E+03
6,48	-1,199272E+06	6,434855E+02	4,661120E+01	5,568179E+03
6,485	-1,199272E+06	6,513237E+02	4,659229E+01	5,568179E+03
6,49	-1,199274E+06	6,768335E+02	4,702740E+01	5,568179E+03
6,495	-1,199272E+06	6,333728E+02	4,736993E+01	5,568179E+03
6,5	-1,199272E+06	6,279071E+02	4,709675E+01	5,568179E+03
6,505	-1,199273E+06	6,703165E+02	4,715955E+01	5,568179E+03
6,51	-1,199273E+06	6,650285E+02	4,688696E+01	5,568179E+03
6,515	-1,199271E+06	6,339469E+02	4,694045E+01	5,568179E+03
6,52	-1,199274E+06	6,805264E+02	4,702504E+01	5,568179E+03
6,525	-1,199272E+06	6,677248E+02	4,729243E+01	5,568179E+03
6,53	-1,199273E+06	6,748186E+02	4,724211E+01	5,568179E+03
6,535	-1,199272E+06	6,819896E+02	4,758656E+01	5,568179E+03
6,54	-1,199273E+06	7,003033E+02	4,810334E+01	5,568179E+03
6,545	-1,199272E+06	6,815726E+02	4,858909E+01	5,568179E+03
6,55	-1,199272E+06	6,614883E+02	4,865643E+01	5,568179E+03
6,555	-1,199273E+06	6,603902E+02	4,838117E+01	5,568179E+03
6,56	-1,199272E+06	6,465306E+02	4,786603E+01	5,568179E+03
6,565	-1,199273E+06	6,739070E+02	4,794380E+01	5,568179E+03
6,57	-1,199273E+06	6,825173E+02	4,901624E+01	5,568179E+03
6,575	-1,199272E+06	6,530401E+02	4,914977E+01	5,568179E+03
6,58	-1,199272E+06	6,355717E+02	4,837798E+01	5,568179E+03
6,585	-1,199272E+06	6,289721E+02	4,795175E+01	5,568179E+03
6,59	-1,199272E+06	6,458673E+02	4,754617E+01	5,568179E+03
6,595	-1,199272E+06	6,661981E+02	4,729665E+01	5,568179E+03
6,6	-1,199273E+06	6,897309E+02	4,779720E+01	5,568179E+03
6,605	-1,199273E+06	6,979304E+02	4,785227E+01	5,568179E+03
6,61	-1,199272E+06	6,550432E+02	4,623331E+01	5,568179E+03
6,615	-1,199273E+06	6,423209E+02	4,422713E+01	5,568179E+03
6,62	-1,199272E+06	6,346385E+02	4,347127E+01	5,568179E+03
6,625	-1,199273E+06	6,480478E+02	4,337153E+01	5,568179E+03
6,63	-1,199273E+06	6,477522E+02	4,441474E+01	5,568179E+03
6,635	-1,199273E+06	6,510012E+02	4,572482E+01	5,568179E+03
6,64	-1,199273E+06	6,465479E+02	4,716411E+01	5,568179E+03
6,645	-1,199272E+06	6,370311E+02	5,019333E+01	5,568179E+03
6,65	-1,199274E+06	6,772888E+02	5,341843E+01	5,568179E+03
6,655	-1,199272E+06	6,609802E+02	5,582426E+01	5,568179E+03
6,66	-1,199273E+06	6,667822E+02	5,677158E+01	5,568179E+03
6,665	-1,199273E+06	6,880787E+02	5,538009E+01	5,568179E+03
6,67	-1,199273E+06	6,544631E+02	5,279789E+01	5,568179E+03
6,675	-1,199273E+06	6,311348E+02	5,043624E+01	5,568179E+03
6,68	-1,199273E+06	6,286653E+02	4,837977E+01	5,568179E+03
6,685	-1,199273E+06	6,577677E+02	4,743233E+01	5,568179E+03
6,69	-1,199273E+06	6,732722E+02	4,662432E+01	5,568179E+03
6,695	-1,199273E+06	6,776353E+02	4,490614E+01	5,568179E+03
6,7	-1,199273E+06	6,372594E+02	4,476045E+01	5,568179E+03
6,705	-1,199273E+06	6,276388E+02	4,469417E+01	5,568179E+03
6,71	-1,199274E+06	6,449377E+02	4,473619E+01	5,568179E+03
6,715	-1,199273E+06	6,278607E+02	4,580284E+01	5,568179E+03
6,72	-1,199273E+06	6,485341E+02	4,581064E+01	5,568179E+03
6,725	-1,199273E+06	6,446611E+02	4,634469E+01	5,568179E+03
6,73	-1,199273E+06	6,449094E+02	4,717208E+01	5,568179E+03
6,735	-1,199273E+06	6,402755E+02	4,802605E+01	5,568179E+03
6,74	-1,199272E+06	6,131066E+02	4,958846E+01	5,568179E+03
6,745	-1,199274E+06	6,519407E+02	5,004424E+01	5,568179E+03
6,75	-1,199274E+06	6,597578E+02	5,000749E+01	5,568179E+03
6,755	-1,199273E+06	6,321982E+02	4,970091E+01	5,568179E+03
6,76	-1,199274E+06	6,549605E+02	4,868946E+01	5,568179E+03
6,765	-1,199273E+06	6,354749E+02	4,916549E+01	5,568179E+03
6,77	-1,199273E+06	6,378038E+02	4,974807E+01	5,568179E+03
6,775	-1,199274E+06	6,591187E+02	4,909873E+01	5,568179E+03
6,78	-1,199273E+06	6,165517E+02	4,767268E+01	5,568179E+03
6,785	-1,199273E+06	6,218008E+02	4,638299E+01	5,568179E+03
6,79	-1,199273E+06	6,353602E+02	4,726432E+01	5,568179E+03
6,795	-1,199273E+06	6,365093E+02	4,835616E+01	5,568179E+03
6,8	-1,199274E+06	6,402796E+02	4,913530E+01	5,568179E+03
6,805	-1,199273E+06	6,175120E+02	5,020879E+01	5,568179E+03
6,81	-1,199274E+06	6,276844E+02	5,019573E+01	5,568179E+03
6,815	-1,199273E+06	6,156494E+02	5,131166E+01	5,568179E+03
6,82	-1,199274E+06	6,254411E+02	5,286380E+01	5,568179E+03
6,825	-1,199274E+06	6,384533E+02	5,372330E+01	5,568179E+03
6,83	-1,199273E+06	6,108305E+02	5,393958E+01	5,568179E+03
6,835	-1,199274E+06	6,282330E+02	5,158458E+01	5,568179E+03
6,84	-1,199274E+06	6,103505E+02	4,945277E+01	5,568179E+03
6,845	-1,199273E+06	6,010525E+02	4,843141E+01	5,568179E+03
6,85	-1,199275E+06	6,296909E+02	4,708219E+01	5,568179E+03
6,855	-1,199272E+06	5,789302E+02	4,733257E+01	5,568179E+03
6,86	-1,199275E+06	6,147715E+02	4,745481E+01	5,568179E+03
6,865	-1,199274E+06	5,957689E+02	4,790676E+01	5,568179E+03
6,87	-1,199273E+06	5,874106E+02	4,956013E+01	5,568179E+03
6,875	-1,199276E+06	6,671518E+02	5,065544E+01	5,568179E+03
6,88	-1,199274E+06	6,086119E+02	5,106435E+01	5,568179E+03
6,885	-1,199273E+06	5,585757E+02	5,074014E+01	5,568179E+03
6,89	-1,199274E+06	5,856946E+02	4,981333E+01	5,568179E+03
6,895	-1,199274E+06	6,049070E+02	4,937419E+01	5,568179E+03
6,9	-1,199275E+06	6,266657E+02	4,988848E+01	5,568179E+03
6,905	-1,199274E+06	6,141445E+02	5,000550E+01	5,568179E+03
6,91	-1,199274E+06	6,044081E+02	4,948620E+01	5,568179E+03
6,915	-1,199273E+06	5,866222E+02	4,931019E+01	5,568179E+03
6,92	-1,199275E+06	6,088691E+02	4,744821E+01	5,568179E+03
6,925	-1,199274E+06	6,046482E+02	4,629260E+01	5,568179E+03
6,93	-1,199274E+06	6,018438E+02	4,714530E+01	5,568179E+03
6,935	-1,199276E+06	6,362270E+02	4,699027E+01	5,568179E+03
6,94	-1,199274E+06	5,940283E+02	4,709522E+01	5,568179E+03
6,945	-1,199274E+06	5,937909E+02	4,698399E+01	5,568179E+03
6,95	-1,199275E+06	5,978323E+02	4,699549E+01	5,568179E+03
6,955	-1,199274E+06	5,849389E+02	4,886150E+01	5,568179E+03
6,96	-1,199275E+06	6,014575E+02	5,034231E+01	5,568179E+03
6,965	-1,199275E+06	5,983320E+02	5,008323E+01	5,568179E+03
6,97	-1,199273E+06	5,514109E+02	4,971189E+01	5,568179E+03
6,975	-1,199275E+06	5,792055E+02	4,862602E+01	5,568179E+03
6,98	-1,199275E+06	5,773849E+02	4,785233E+01	5,568179E+03
6,985	-1,199274E+06	5,626020E+02	4,706180E+01	5,568179E+03
6,99	-1,199275E+06	5,715152E+02	4,533638E+01	5,568179E+03
6,995	-1,199275E+06	5,730207E+02	4,336140E+01	5,568179E+03
7,0	-1,199275E+06	5,360252E+02	4,207879E+01	5,568179E+03
7,005	-1,199274E+06	5,369317E+02	4,207839E+01	5,568179E+03
7,01	-1,199276E+06	5,750674E+02	4,397696E+01	5,568179E+03
7,015	-1,199275E+06	5,661837E+02	4,682224E+01	5,568179E+03
7,02	-1,199275E+06	5,601279E+02	4,902673E+01	5,568179E+03
7,025	-1,199275E+06	5,692879E+02	5,101870E+01	5,568179E+03
7,03	-1,199275E+06	5,619866E+02	5,212570E+01	5,568179E+03
7,035	-1,199275E+06	5,796636E+02	5,207915E+01	5,568179E+03
7,04	-1,199275E+06	5,852869E+02	5,296999E+01	5,568179E+03
7,045	-1,199275E+06	5,714645E+02	5,378272E+01	5,568179E+03
7,05	-1,199276E+06	5,795482E+02	5,302896E+01	5,568179E+03
7,055	-1,199274E+06	5,250697E+02	5,243515E+01	5,568179E+03
7,06	-1,199275E+06	5,332356E+02	5,077297E+01	5,568179E+03
7,065	-1,199276E+06	5,512311E+02	4,892888E+01	5,568179E+03
7,07	-1,199274E+06	5,258571E+02	4,856437E+01	5,568179E+03
7,075	-1,199276E+06	5,772910E+02	4,800616E+01	5,568179E+03
7,08	-1,199275E+06	5,755461E+02	4,755876E+01	5,568179E+03
7,085	-1,199275E+06	5,606830E+02	4,677088E+01	5,568179E+03
7,09	-1,199276E+06	5,599329E+02	4,543687E+01	5,568179E+03
7,095	-1,199275E+06	5,360584E+02	4,513133E+01	5,568179E+03
7,1	-1,199276E+06	5,498100E+02	4,546601E+01	5,568179E+03
7,105	-1,199275E+06	5,410578E+02	4,571271E+01	5,568179E+03
7,11	-1,199276E+06	5,468919E+02	4,583247E+01	5,568179E+03
7,115	-1,199275E+06	5,136558E+02	4,692638E+01	5,568179E+03
7,12	-1,199275E+06	5,178003E+02	4,823319E+01	5,568179E+03
7,125	-1,199276E+06	5,366232E+02	4,925934E+01	5,568179E+03
7,13	-1,199275E+06	5,126335E+02	5,017449E+01	5,568179E+03
7,135	-1,199276E+06	5,407306E+02	5,015039E+01	5,568179E+03
7,14	-1,199275E+06	5,297826E+02	4,992646E+01	5,568179E+03
7,145	-1,199275E+06	5,307552E+02	4,862715E+01	5,568179E+03
7,15	-1,199277E+06	5,363679E+02	4,631166E+01	5,568179E+03
7,155	-1,199275E+06	4,944310E+02	4,473423E+01	5,568179E+03
7,16	-1,199276E+06	5,173052E+02	4,303818E+01	5,568179E+03
7,165	-1,199276E+06	5,263575E+02	4,195943E+01	5,568179E+03
7,17	-1,199276E+06	5,133725E+02	4,267783E+01	5,568179E+03
7,175	-1,199276E+06	5,168775E+02	4,434156E+01	5,568179E+03
7,18	-1,199276E+06	5,209542E+02	4,605698E+01	5,568179E+03
7,185	-1,199275E+06	4,869717E+02	4,776025E+01	5,568179E+03
7,19	-1,199276E+06	4,960744E+02	4,904580E+01	5,568179E+03
7,195	-1,199277E+06	5,191627E+02	5,008858E+01	5,568179E+03
7,2	-1,199275E+06	4,922478E+02	5,076043E+01	5,568179E+03
7,205	-1,199277E+06	5,240465E+02	5,016047E+01	5,568179E+03
7,21	-1,199276E+06	5,160013E+02	4,916815E+01	5,568179E+03
7,215	-1,199276E+06	4,950037E+02	4,781442E+01	5,568179E+03
7,22	-1,199276E+06	4,965482E+02	4,660810E+01	5,568179E+03
7,225	-1,199276E+06	4,971579E+02	4,515276E+01	5,568179E+03
7,23	-1,199277E+06	4,841425E+02	4,373547E+01	5,568179E+03
7,235	-1,199275E+06	4,650738E+02	4,344711E+01	5,568179E+03
7,24	-1,199278E+06	5,053263E+02	4,319602E+01	5,568179E+03
7,245	-1,199275E+06	4,597829E+02	4,413197E+01	5,568179E+03
7,25	-1,199276E+06	4,752705E+02	4,512451E+01	5,568179E+03
7,255	-1,199277E+06	5,090405E+02	4,577454E+01	5,568179E+03
7,26	-1,199276E+06	4,783208E+02	4,721980E+01	5,568179E+03
7,265	-1,199277E+06	4,962470E+02	4,817997E+01	5,568179E+03
7,27	-1,199277E+06	4,794440E+02	4,901999E+01	5,568179E+03
7,275	-1,199276E+06	4,641850E+02	4,968670E+01	5,568179E+03
7,28	-1,199277E+06	4,869495E+02	4,951383E+01	5,568179E+03
7,285	-1,199277E+06	4,962036E+02	4,977543E+01	5,568179E+03
7,29	-1,199277E+06	4,732428E+02	5,023852E+01	5,568179E+03
7,295	-1,199276E+06	4,603368E+02	5,002693E+01	5,568179E+03
7,3	-1,199277E+06	4,856431E+02	4,995657E+01	5,568179E+03
7,305	-1,199276E+06	4,684004E+02	4,997177E+01	5,568179E+03
7,31	-1,199277E+06	4,648170E+02	4,947670E+01	5,568179E+03
7,315	-1,199277E+06	4,656734E+02	4,994218E+01	5,568179E+03
7,32	-1,199276E+06	4,469146E+02	5,053938E+01	5,568179E+03
7,325	-1,199277E+06	4,600857E+02	4,999116E+01	5,568179E+03
7,33	-1,199277E+06	4,549686E+02	4,973494E+01	5,568179E+03
7,335	-1,199277E+06	4,528059E+02	4,969845E+01	5,568179E+03
7,34	-1,199276E+06	4,426125E+02	5,000122E+01	5,568179E+03
7,345	-1,199277E+06	4,660220E+02	5,061762E+01	5,568179E+03
7,35	-1,199277E+06	4,718948E+02	5,107213E+01	5,568179E+03
7,355	-1,199277E+06	4,413615E+02	5,112097E+01	5,568179E+03
7,36	-1,199277E+06	4,303450E+02	5,138817E+01	5,568179E+03
7,365	-1,199277E+06	4,448022E+02	5,143160E+01	5,568179E+03
7,37	-1,199277E+06	4,408400E+02	5,103124E+01	5,568179E+03
7,375	-1,199276E+06	4,230337E+02	5,065060E+01	5,568179E+03
7,38	-1,199278E+06	4,616460E+02	4,960678E+01	5,568179E+03
7,385	-1,199277E+06	4,378787E+02	4,887705E+01	5,568179E+03
7,39	-1,199276E+06	4,258151E+02	4,892099E+01	5,568179E+03
7,395	-1,199278E+06	4,620201E+02	4,942313E+01	5,568179E+03
7,4	-1,199277E+06	4,284269E+02	5,020984E+01	5,568179E+03
7,405	-1,199277E+06	4,241021E+02	5,093232E+01	5,568179E+03
7,41	-1,199277E+06	4,372016E+02	5,176435E+01	5,568179E+03
7,415	-1,199278E+06	4,460388E+02	5,197345E+01	5,568179E+03
7,42	-1,199277E+06	4,227668E+02	5,167678E+01	5,568179E+03
7,425	-1,199277E+06	3,998798E+02	5,109134E+01	5,568179E+03
7,43	-1,199278E+06	4,281899E+02	5,082962E+01	5,568179E+03
7,435	-1,199277E+06	4,216289E+02	5,088420E+01	5,568179E+03
7,44	-1,199278E+06	4,276049E+02	4,996195E+01	5,568179E+03
7,445	-1,199278E+06	4,093155E+02	4,922367E+01	5,568179E+03
7,45	-1,199277E+06	3,855484E+02	4,839731E+01	5,568179E+03
7,455	-1,199278E+06	4,053656E+02	4,758832E+01	5,568179E+03
7,46	-1,199277E+06	3,830774E+02	4,821599E+01	5,568179E+03
7,465	-1,199278E+06	4,113051E+02	4,828055E+01	5,568179E+03
7,47	-1,199278E+06	4,212712E+02	4,850647E+01	5,568179E+03
7,475	-1,199277E+06	3,922898E+02	4,916060E+01	5,568179E+03
7,48	-1,199278E+06	4,145412E+02	4,924832E+01	5,568179E+03
7,485	-1,199277E+06	3,912618E+02	5,032047E+01	5,568179E+03
7,49	-1,199277E+06	3,862022E+02	5,067836E+01	5,568179E+03
7,495	-1,199278E+06	3,981667E+02	5,004919E+01	5,568179E+03
7,5	-1,199278E+06	3,945732E+02	4,980754E+01	5,568179E+03
7,505	-1,199278E+06	4,051993E+02	4,937663E+01	5,568179E+03
7,51	-1,199278E+06	3,985817E+02	4,933430E+01	5,568179E+03
7,515	-1,199278E+06	3,970713E+02	4,955926E+01	5,568179E+03
7,52	-1,199278E+06	3,871869E+02	4,967677E+01	5,568179E+03
7,525	-1,199278E+06	3,990772E+02	4,964527E+01	5,568179E+03
7,53	-1,199278E+06	4,034598E+02	4,928196E+01	5,568179E+03
7,535	-1,199277E+06	3,677985E+02	4,893346E+01	5,568179E+03
7,54	-1,199278E+06	3,835081E+02	4,860782E+01	5,568179E+03
7,545	-1,199278E+06	3,914866E+02	4,868743E+01	5,568179E+03
7,55	-1,199278E+06	3,811411E+02	4,876556E+01	5,568179E+03
7,555	-1,199279E+06	3,984657E+02	4,852022E+01	5,568179E+03
7,56	-1,199278E+06	3,788842E+02	4,897821E+01	5,568179E+03
7,565	-1,199278E+06	3,777058E+02	4,953982E+01	5,568179E+03
7,57	-1,199279E+06	3,855029E+02	4,973066E+01	5,568179E+03
7,575	-1,199278E+06	3,536644E+02	5,033100E+01	5,568179E+03
7,58	-1,199278E+06	3,659351E+02	5,107978E+01	5,568179E+03
7,585	-1,199279E+06	3,785532E+02	5,185188E+01	5,568179E+03
7,59	-1,199278E+06	3,641035E+02	5,231648E+01	5,568179E+03
7,595	-1,199279E+06	3,650150E+02	5,201659E+01	5,568179E+03
7,6	-1,199278E+06	3,389554E+02	5,198681E+01	5,568179E+03
7,605	-1,199278E+06	3,461825E+02	5,220713E+01	5,568179E+03
7,61	-1,199279E+06	3,865267E+02	5,184586E+01	5,568179E+03
7,615	-1,199279E+06	3,795844E+02	5,134950E+01	5,568179E+03
7,62	-1,199278E+06	3,458505E+02	5,092736E+01	5,568179E+03
7,625	-1,199279E+06	3,571815E+02	5,020689E+01	5,568179E+03
7,63	-1,199279E+06	3,668215E+02	4,980303E+01	5,568179E+03
7,635	-1,199278E+06	3,488018E+02	4,917337E+01	5,568179E+03
7,64	-1,199279E+06	3,546905E+02	4,858757E+01	5,568179E+03
7,645	-1,199279E+06	3,399978E+02	4,945949E+01	5,568179E+03
7,65	-1,199278E+06	3,207725E+02	5,065556E+01	5,568179E+03
7,655	-1,199279E+06	3,445786E+02	5,184224E+01	5,568179E+03
7,66	-1,199279E+06	3,408068E+02	5,348852E+01	5,568179E+03
7,665	-1,199279E+06	3,462949E+02	5,383707E+01	5,568179E+03
7,67	-1,199279E+06	3,461171E+02	5,340025E+01	5,568179E+03
7,675	-1,199279E+06	3,350120E+02	5,313152E+01	5,568179E+03
7,68	-1,199279E+06	3,436186E+02	5,271750E+01	5,568179E+03
7,685	-1,199279E+06	3,347943E+02	5,251888E+01	5,568179E+03
7,69	-1,199279E+06	3,162655E+02	5,225027E+01	5,568179E+03
7,695	-1,199279E+06	3,329919E+02	5,128632E+01	5,568179E+03
7,7	-1,199280E+06	3,396676E+02	5,037341E+01	5,568179E+03
7,705	-1,199278E+06	3,048729E+02	5,001176E+01	5,568179E+03
7,71	-1,199280E+06	3,280210E+02	4,930187E+01	5,568179E+03
7,715	-1,199279E+06	3,278461E+02	4,927316E+01	5,568179E+03
7,72	-1,199279E+06	3,223811E+02	4,951131E+01	5,568179E+03
7,725	-1,199280E+06	3,340072E+02	4,930848E+01	5,568179E+03
7,73	-1,199279E+06	3,146286E+02	4,965939E+01	5,568179E+03
7,735	-1,199280E+06	3,213472E+02	5,031364E+01	5,568179E+03
7,74	-1,199280E+06	3,286763E+02	5,075731E+01	5,568179E+03
7,745	-1,199280E+06	3,122550E+02	5,126882E+01	5,568179E+03
7,75	-1,199279E+06	2,915390E+02	5,164149E+01	5,568179E+03
7,755	-1,199280E+06	3,074190E+02	5,154289E+01	5,568179E+03
7,76	-1,199280E+06	3,168239E+02	5,220989E+01	5,568179E+03
7,765	-1,199279E+06	3,222717E+02	5,292309E+01	5,568179E+03
7,77	-1,199280E+06	3,462280E+02	5,297500E+01	5,568179E+03
7,775	-1,199280E+06	3,296937E+02	5,324194E+01	5,568179E+03
7,78	-1,199280E+06	3,137928E+02	5,267633E+01	5,568179E+03
7,785	-1,199280E+06	3,112644E+02	5,180134E+01	5,568179E+03
7,79	-1,199279E+06	2,896959E+02	5,168876E+01	5,568179E+03
7,795	-1,199280E+06	3,035813E+02	5,068546E+01	5,568179E+03
7,8	-1,199280E+06	3,040233E+02	4,961383E+01	5,568179E+03
7,805	-1,199280E+06	2,952377E+02	4,887014E+01	5,568179E+03
7,81	-1,199280E+06	2,901451E+02	4,804332E+01	5,568179E+03
7,815	-1,199280E+06	2,699346E+02	4,852275E+01	5,568179E+03
7,82	-1,199280E+06	2,862671E+02	4,984158E+01	5,568179E+03
7,825	-1,199281E+06	3,062446E+02	5,103347E+01	5,568179E+03
7,83	-1,199280E+06	2,946506E+02	5,196440E+01	5,568179E+03
7,835	-1,199280E+06	2,966266E+02	5,218351E+01	5,568179E+03
7,84	-1,199280E+06	2,996152E+02	5,190583E+01	5,568179E+03
7,845	-1,199280E+06	2,845013E+02	5,157483E+01	5,568179E+03
7,85	-1,199280E+06	2,850739E+02	5,139165E+01	5,568179E+03
7,855	-1,199281E+06	3,003088E+02	5,127777E+01	5,568179E+03
7,86	-1,199280E+06	2,882380E+02	5,128170E+01	5,568179E+03
7,865	-1,199280E+06	2,815881E+02	5,158593E+01	5,568179E+03
7,87	-1,199280E+06	2,932214E+02	5,222668E+01	5,568179E+03
7,875	-1,199281E+06	3,001826E+02	5,276238E+01	5,568179E+03
7,88	-1,199280E+06	2,924775E+02	5,287392E+01	5,568179E+03
7,885	-1,199280E+06	2,877871E+02	5,237730E+01	5,568179E+03
7,89	-1,199280E+06	2,843986E+02	5,150307E+01	5,568179E+03
7,895	-1,199281E+06	2,827857E+02	5,063277E+01	5,568179E+03
7,9	-1,199280E+06	2,722042E+02	4,989466E+01	5,568179E+03
7,905	-1,199280E+06	2,651426E+02	4,928305E+01	5,568179E+03
7,91	-1,199281E+06	2,685641E+02	4,893257E+01	5,568179E+03
7,915	-1,199280E+06	2,702099E+02	4,905003E+01	5,568179E+03
7,92	-1,199281E+06	2,792179E+02	4,976022E+01	5,568179E+03
7,925	-1,199280E+06	2,641906E+02	5,066345E+01	5,568179E+03
7,93	-1,199280E+06	2,650030E+02	5,100475E+01	5,568179E+03
7,935	-1,199281E+06	2,796745E+02	5,158451E+01	5,568179E+03
7,94	-1,199280E+06	2,583990E+02	5,226971E+01	5,568179E+03
7,945	-1,199281E+06	2,535434E+02	5,237831E+01	5,568179E+03
7,95	-1,199281E+06	2,622202E+02	5,295947E+01	5,568179E+03
7,955	-1,199281E+06	2,631591E+02	5,357470E+01	5,568179E+03
7,96	-1,199281E+06	2,619412E+02	5,369800E+01	5,568179E+03
7,965	-1,199281E+06	2,478172E+02	5,393003E+01	5,568179E+03
7,97	-1,199281E+06	2,505923E+02	5,396532E+01	5,568179E+03
7,975	-1,199281E+06	2,621328E+02	5,400774E+01	5,568179E+03
7,98	-1,199281E+06	2,591576E+02	5,409503E+01	5,568179E+03
7,985	-1,199281E+06	2,460860E+02	5,362194E+01	5,568179E+03
7,99	-1,199281E+06	2,499577E+02	5,292383E+01	5,568179E+03
7,995	-1,199281E+06	2,536219E+02	5,256015E+01	5,568179E+03
8,0	-1,199281E+06	2,495061E+02	5,215520E+01	5,568179E+03
8,005	-1,199281E+06	2,639559E+02	5,186204E+01	5,568179E+03
8,01	-1,199281E+06	2,519139E+02	5,223932E+01	5,568179E+03
8,015	-1,199281E+06	2,468458E+02	5,245149E+01	5,568179E+03
8,02	-1,199282E+06	2,593386E+02	5,249746E+01	5,568179E+03
8,025	-1,199281E+06	2,360167E+02	5,283094E+01	5,568179E+03
8,03	-1,199281E+06	2,477649E+02	5,305276E+01	5,568179E+03
8,035	-1,199282E+06	2,574037E+02	5,405679E+01	5,568179E+03
8,04	-1,199281E+06	2,442453E+02	5,513820E+01	5,568179E+03
8,045	-1,199282E+06	2,407555E+02	5,531495E+01	5,568179E+03
8,05	-1,199281E+06	2,225308E+02	5,551264E+01	5,568179E+03
8,055	-1,199281E+06	2,221591E+02	5,550597E+01	5,568179E+03
8,06	-1,199281E+06	2,321553E+02	5,537367E+01	5,568179E+03
8,065	-1,199282E+06	2,483988E+02	5,557333E+01	5,568179E+03
8,07	-1,199282E+06	2,557737E+02	5,544447E+01	5,568179E+03
8,075	-1,199281E+06	2,433265E+02	5,456166E+01	5,568179E+03
8,08	-1,199282E+06	2,347787E+02	5,345617E+01	5,568179E+03
8,085	-1,199281E+06	2,296177E+02	5,260761E+01	5,568179E+03
8,09	-1,199282E+06	2,441769E+02	5,217308E+01	5,568179E+03
8,095	-1,199282E+06	2,399034E+02	5,223317E+01	5,568179E+03
8,1	-1,199281E+06	2,309166E+02	5,198540E+01	5,568179E+03
8,105	-1,199282E+06	2,429175E+02	5,145204E+01	5,568179E+03
8,11	-1,199281E+06	2,199618E+02	5,148428E+01	5,568179E+03
8,115	-1,199281E+06	2,152952E+02	5,184930E+01	5,568179E+03
8,12	-1,199282E+06	2,336580E+02	5,282808E+01	5,568179E+03
8,125	-1,199281E+06	2,233421E+02	5,410693E+01	5,568179E+03
8,13	-1,199282E+06	2,332846E+02	5,469479E+01	5,568179E+03
8,135	-1,199282E+06	2,199970E+02	5,535991E+01	5,568179E+03
8,14	-1,199281E+06	2,137929E+02	5,568497E+01	5,568179E+03
8,145	-1,199282E+06	2,299231E+02	5,545117E+01	5,568179E+03
8,15	-1,199282E+06	2,187827E+02	5,498421E+01	5,568179E+03
8,155	-1,199282E+06	2,177876E+02	5,403945E+01	5,568179E+03
8,16	-1,199282E+06	2,205438E+02	5,331733E+01	5,568179E+03
8,165	-1,199282E+06	2,201361E+02	5,281281E+01	5,568179E+03
8,17	-1,199282E+06	2,155079E+02	5,260048E+01	5,568179E+03
8,175	-1,199282E+06	2,126538E+02	5,268642E+01	5,568179E+03
8,18	-1,199282E+06	2,151354E+02	5,253615E+01	5,568179E+03
8,185	-1,199281E+06	2,018731E+02	5,288534E+01	5,568179E+03
8,19	-1,199282E+06	2,170435E+02	5,342362E+01	5,568179E+03
8,195	-1,199282E+06	2,198589E+02	5,360529E+01	5,568179E+03
8,2	-1,199282E+06	2,063296E+02	5,348920E+01	5,568179E+03
8,205	-1,199282E+06	2,168191E+02	5,306328E+01	5,568179E+03
8,21	-1,199282E+06	2,072099E+02	5,278838E+01	5,568179E+03
8,215	-1,199282E+06	2,086352E+02	5,255845E+01	5,568179E+03
8,22	-1,199282E+06	2,094564E+02	5,243639E+01	5,568179E+03
8,225	-1,199282E+06	1,960253E+02	5,242829E+01	5,568179E+03
8,23	-1,199282E+06	1,983155E+02	5,258164E+01	5,568179E+03
8,235	-1,199282E+06	1,970413E+02	5,296339E+01	5,568179E+03
8,24	-1,199282E+06	1,949076E+02	5,314421E+01	5,568179E+03
8,245	-1,199282E+06	2,009627E+02	5,337555E+01	5,568179E+03
8,25	-1,199282E+06	1,961501E+02	5,400266E+01	5,568179E+03
8,255	-1,199282E+06	2,030485E+02	5,442976E+01	5,568179E+03
8,26	-1,199282E+06	2,077443E+02	5,487899E+01	5,568179E+03
8,265	-1,199282E+06	2,018587E+02	5,495237E+01	5,568179E+03
8,27	-1,199282E+06	1,918279E+02	5,446257E+01	5,568179E+03
8,275	-1,199282E+06	2,022014E+02	5,388646E+01	5,568179E+03
8,28	-1,199282E+06	2,022112E+02	5,328961E+01	5,568179E+03
8,285	-1,199282E+06	1,973237E+02	5,286917E+01	5,568179E+03
8,29	-1,199282E+06	1,986958E+02	5,291967E+01	5,568179E+03
8,295	-1,199282E+06	1,938070E+02	5,303959E+01	5,568179E+03
8,3	-1,199282E+06	1,969871E+02	5,332360E+01	5,568179E+03
8,305	-1,199282E+06	2,007262E+02	5,378356E+01	5,568179E+03
8,31	-1,199282E+06	1,888521E+02	5,403138E+01	5,568179E+03
8,315	-1,199282E+06	1,850223E+02	5,411477E+01	5,568179E+03
8,32	-1,199282E+06	1,896145E+02	5,413767E+01	5,568179E+03
8,325	-1,199282E+06	1,928327E+02	5,426913E+01	5,568179E+03
8,33	-1,199282E+06	1,994901E+02	5,456902E+01	5,568179E+03
8,335	-1,199282E+06	1,992356E+02	5,472699E+01	5,568179E+03
8,34	-1,199282E+06	1,906421E+02	5,448871E+01	5,568179E+03
8,345	-1,199282E+06	1,875679E+02	5,400829E+01	5,568179E+03
8,35	-1,199282E+06	1,902201E+02	5,352848E+01	5,568179E+03
8,355	-1,199282E+06	1,882249E+02	5,303931E+01	5,568179E+03
8,36	-1,199283E+06	1,851198E+02	5,241781E+01	5,568179E+03
8,365	-1,199282E+06	1,734177E+02	5,187931E+01	5,568179E+03
8,37	-1,199282E+06	1,743532E+02	5,132905E+01	5,568179E+03
8,375	-1,199283E+06	1,769550E+02	5,096750E+01	5,568179E+03
8,38	-1,199282E+06	1,640011E+02	5,104175E+01	5,568179E+03
8,385	-1,199282E+06	1,738973E+02	5,116803E+01	5,568179E+03
8,39	-1,199283E+06	1,907260E+02	5,164812E+01	5,568179E+03
8,395	-1,199282E+06	1,817264E+02	5,240931E+01	5,568179E+03
8,4	-1,199283E+06	1,776363E+02	5,267687E+01	5,568179E+03
8,405	-1,199282E+06	1,727382E+02	5,294623E+01	5,568179E+03
8,41	-1,199282E+06	1,700958E+02	5,324877E+01	5,568179E+03
8,415	-1,199283E+06	1,740741E+02	5,337516E+01	5,568179E+03
8,42	-1,199282E+06	1,738651E+02	5,373398E+01	5,568179E+03
8,425	-1,199282E+06	1,786870E+02	5,397014E+01	5,568179E+03
8,43	-1,199283E+06	1,814369E+02	5,393839E+01	5,568179E+03
8,435	-1,199282E+06	1,740214E+02	5,393219E+01	5,568179E+03
8,44	-1,199283E+06	1,727953E+02	5,376199E+01	5,568179E+03
8,445	-1,199283E+06	1,755716E+02	5,357763E+01	5,568179E+03
8,45	-1,199282E+06	1,689925E+02	5,350606E+01	5,568179E+03
8,455	-1,199282E+06	1,728772E+02	5,325762E+01	5,568179E+03
8,46	-1,199283E+06	1,823895E+02	5,287432E+01	5,568179E+03
8,465	-1,199282E+06	1,605499E+02	5,293286E+01	5,568179E+03
8,47	-1,199283E+06	1,660467E+02	5,330458E+01	5,568179E+03
8,475	-1,199283E+06	1,774677E+02	5,374727E+01	5,568179E+03
8,48	-1,199283E+06	1,711585E+02	5,403986E+01	5,568179E+03
8,485	-1,199283E+06	1,719154E+02	5,414361E+01	5,568179E+03
8,49	-1,199283E+06	1,720979E+02	5,425415E+01	5,568179E+03
8,495	-1,199283E+06	1,640666E+02	5,455474E+01	5,568179E+03
8,5	-1,199283E+06	1,575181E+02	5,480515E+01	5,568179E+03
8,505	-1,199283E+06	1,577483E+02	5,496544E+01	5,568179E+03
8,51	-1,199283E+06	1,549260E+02	5,519509E+01	5,568179E+03
8,515	-1,199283E+06	1,669401E+02	5,518947E+01	5,568179E+03
8,52	-1,199283E+06	1,739707E+02	5,555101E+01	5,568179E+03
8,525	-1,199283E+06	1,619197E+02	5,626618E+01	5,568179E+03
8,53	-1,199283E+06	1,674012E+02	5,636359E+01	5,568179E+03
8,535	-1,199283E+06	1,590766E+02	5,626450E+01	5,568179E+03
8,54	-1,199283E+06	1,636348E+02	5,584414E+01	5,568179E+03
8,545	-1,199283E+06	1,702230E+02	5,525653E+01	5,568179E+03
8,55	-1,199283E+06	1,543380E+02	5,492681E+01	5,568179E+03
8,555	-1,199283E+06	1,575232E+02	5,439631E+01	5,568179E+03
8,56	-1,199283E+06	1,585137E+02	5,414558E+01	5,568179E+03
8,565	-1,199283E+06	1,562585E+02	5,433601E+01	5,568179E+03
8,57	-1,199283E+06	1,642481E+02	5,442804E+01	5,568179E+03
8,575	-1,199283E+06	1,576312E+02	5,474523E+01	5,568179E+03
8,58	-1,199283E+06	1,611038E+02	5,520260E+01	5,568179E+03
8,585	-1,199283E+06	1,675461E+02	5,552178E+01	5,568179E+03
8,59	-1,199283E+06	1,584708E+02	5,580964E+01	5,568179E+03
8,595	-1,199283E+06	1,529481E+02	5,607720E+01	5,568179E+03
8,6	-1,199283E+06	1,552025E+02	5,638062E+01	5,568179E+03
8,605	-1,199283E+06	1,570070E+02	5,676846E+01	5,568179E+03
8,61	-1,199283E+06	1,502477E+02	5,715226E+01	5,568179E+03
8,615	-1,199283E+06	1,643673E+02	5,701407E+01	5,568179E+03
8,62	-1,199283E+06	1,535146E+02	5,673482E+01	5,568179E+03
8,625	-1,199283E+06	1,408398E+02	5,608964E+01	5,568179E+03
8,63	-1,199283E+06	1,588986E+02	5,520945E+01	5,568179E+03
8,635	-1,199283E+06	1,558376E+02	5,485064E+01	5,568179E+03
8,64	-1,199283E+06	1,572200E+02	5,429623E+01	5,568179E+03
8,645	-1,199283E+06	1,570488E+02	5,379188E+01	5,568179E+03
8,65	-1,199283E+06	1,491814E+02	5,365929E+01	5,568179E+03
8,655	-1,199283E+06	1,515818E+02	5,338910E+01	5,568179E+03
8,66	-1,199283E+06	1,355302E+02	5,377514E+01	5,568179E+03
8,665	-1,199283E+06	1,419281E+02	5,461722E+01	5,568179E+03
8,67	-1,199283E+06	1,550428E+02	5,504345E+01	5,568179E+03
8,675	-1,199283E+06	1,479982E+02	5,504447E+01	5,568179E+03
8,68	-1,199283E+06	1,484525E+02	5,484464E+01	5,568179E+03
8,685	-1,199283E+06	1,498327E+02	5,477629E+01	5,568179E+03
8,69	-1,199283E+06	1,407993E+02	5,512285E+01	5,568179E+03
8,695	-1,199283E+06	1,420139E+02	5,544012E+01	5,568179E+03
8,7	-1,199283E+06	1,480523E+02	5,540800E+01	5,568179E+03
8,705	-1,199283E+06	1,338496E+02	5,550751E+01	5,568179E+03
8,71	-1,199283E+06	1,341467E+02	5,570935E+01	5,568179E+03
8,715	-1,199284E+06	1,493648E+02	5,595235E+01	5,568179E+03
8,72	-1,199283E+06	1,425052E+02	5,614604E+01	5,568179E+03
8,725	-1,199283E+06	1,441568E+02	5,571550E+01	5,568179E+03
8,73	-1,199283E+06	1,478308E+02	5,525072E+01	5,568179E+03
8,735	-1,199283E+06	1,446586E+02	5,504405E+01	5,568179E+03
8,74	-1,199284E+06	1,578234E+02	5,456879E+01	5,568179E+03
8,745	-1,199283E+06	1,467382E+02	5,432453E+01	5,568179E+03
8,75	-1,199283E+06	1,353123E+02	5,405597E+01	5,568179E+03
8,755	-1,199284E+06	1,416001E+02	5,369218E+01	5,568179E+03
8,76	-1,199283E+06	1,363103E+02	5,399092E+01	5,568179E+03
8,765	-1,199283E+06	1,418727E+02	5,446001E+01	5,568179E+03
8,77	-1,199283E+06	1,428528E+02	5,495641E+01	5,568179E+03
8,775	-1,199283E+06	1,319116E+02	5,576054E+01	5,568179E+03
8,78	-1,199283E+06	1,326242E+02	5,624502E+01	5,568179E+03
8,785	-1,199283E+06	1,443273E+02	5,617623E+01	5,568179E+03
8,79	-1,199283E+06	1,456979E+02	5,604217E+01	5,568179E+03
8,795	-1,199283E+06	1,369833E+02	5,556877E+01	5,568179E+03
8,8	-1,199284E+06	1,314532E+02	5,483717E+01	5,568179E+03
8,805	-1,199283E+06	1,236877E+02	5,457969E+01	5,568179E+03
8,81	-1,199284E+06	1,417669E+02	5,424887E+01	5,568179E+03
8,815	-1,199284E+06	1,454619E+02	5,379512E+01	5,568179E+03
8,82	-1,199283E+06	1,205737E+02	5,370028E+01	5,568179E+03
8,825	-1,199284E+06	1,340749E+02	5,368510E+01	5,568179E+03
8,83	-1,199284E+06	1,362738E+02	5,397139E+01	5,568179E+03
8,835	-1,199283E+06	1,276978E+02	5,421223E+01	5,568179E+03
8,84	-1,199284E+06	1,357408E+02	5,405994E+01	5,568179E+03
8,845	-1,199283E+06	1,346991E+02	5,397645E+01	5,568179E+03
8,85	-1,199284E+06	1,334890E+02	5,385452E+01	5,568179E+03
8,855	-1,199284E+06	1,327195E+02	5,350021E+01	5,568179E+03
8,86	-1,199284E+06	1,325837E+02	5,317397E+01	5,568179E+03
8,865	-1,199284E+06	1,313319E+02	5,291377E+01	5,568179E+03
8,87	-1,199284E+06	1,315888E+02	5,261736E+01	5,568179E+03
8,875	-1,199284E+06	1,306058E+02	5,266265E+01	5,568179E+03
8,88	-1,199284E+06	1,296436E+02	5,298086E+01	5,568179E+03
8,885	-1,199284E+06	1,305095E+02	5,337922E+01	5,568179E+03
8,89	-1,199284E+06	1,280573E+02	5,401645E+01	5,568179E+03
8,895	-1,199284E+06	1,281017E+02	5,448583E+01	5,568179E+03
8,9	-1,199284E+06	1,251706E+02	5,463827E+01	5,568179E+03
8,905	-1,199283E+06	1,204776E+02	5,490324E+01	5,568179E+03
8,91	-1,199284E+06	1,296213E+02	5,489166E+01	5,568179E+03
8,915	-1,199284E+06	1,320838E+02	5,439278E+01	5,568179E+03
8,92	-1,199283E+06	1,217480E+02	5,369417E+01	5,568179E+03
8,925	-1,199284E+06	1,273622E+02	5,266347E+01	5,568179E+03
8,93	-1,199284E+06	1,290272E+02	5,179291E+01	5,568179E+03
8,935	-1,199283E+06	1,231141E+02	5,142546E+01	5,568179E+03
8,94	-1,199284E+06	1,294018E+02	5,137970E+01	5,568179E+03
8,945	-1,199284E+06	1,289839E+02	5,156035E+01	5,568179E+03
8,95	-1,199284E+06	1,228924E+02	5,162377E+01	5,568179E+03
8,955	-1,199283E+06	1,174238E+02	5,196751E+01	5,568179E+03
8,96	-1,199283E+06	1,205503E+02	5,281063E+01	5,568179E+03
8,965	-1,199284E+06	1,278650E+02	5,364879E+01	5,568179E+03
8,97	-1,199284E+06	1,250703E+02	5,435117E+01	5,568179E+03
8,975	-1,199284E+06	1,251553E+02	5,471120E+01	5,568179E+03
8,98	-1,199284E+06	1,205786E+02	5,466352E+01	5,568179E+03
8,985	-1,199284E+06	1,186703E+02	5,432309E+01	5,568179E+03
8,99	-1,199284E+06	1,277305E+02	5,378791E+01	5,568179E+03
8,995	-1,199284E+06	1,236879E+02	5,333402E+01	5,568179E+03
9,0	-1,199284E+06	1,212826E+02	5,297308E+01	5,568179E+03
9,005	-1,199284E+06	1,289116E+02	5,259968E+01	5,568179E+03
9,01	-1,199284E+06	1,262371E+02	5,216595E+01	5,568179E+03
9,015	-1,199283E+06	1,188257E+02	5,188579E+01	5,568179E+03
9,02	-1,199284E+06	1,200554E+02	5,186277E+01	5,568179E+03
9,025	-1,199284E+06	1,214267E+02	5,187488E+01	5,568179E+03
9,03	-1,199284E+06	1,228294E+02	5,202182E+01	5,568179E+03
9,035	-1,199284E+06	1,239901E+02	5,236616E+01	5,568179E+03
9,04	-1,199284E+06	1,180681E+02	5,284629E+01	5,568179E+03
9,045	-1,199284E+06	1,160708E+02	5,351056E+01	5,568179E+03
9,05	-1,199284E+06	1,216203E+02	5,408051E+01	5,568179E+03
9,055	-1,199284E+06	1,163250E+02	5,455015E+01	5,568179E+03
9,06	-1,199284E+06	1,154779E+02	5,482492E+01	5,568179E+03
9,065	-1,199284E+06	1,210938E+02	5,497078E+01	5,568179E+03
9,07	-1,199284E+06	1,220302E+02	5,522093E+01	5,568179E+03
9,075	-1,199284E+06	1,243341E+02	5,518405E+01	5,568179E+03
9,08	-1,199284E+06	1,251775E+02	5,476451E+01	5,568179E+03
9,085	-1,199284E+06	1,161179E+02	5,432694E+01	5,568179E+03
9,09	-1,199284E+06	1,182789E+02	5,371876E+01	5,568179E+03
9,095	-1,199284E+06	1,164052E+02	5,326528E+01	5,568179E+03
9,1	-1,199284E+06	1,126813E+02	5,318767E+01	5,568179E+03
9,105	-1,199284E+06	1,228391E+02	5,320349E+01	5,568179E+03
9,11	-1,199284E+06	1,176800E+02	5,334173E+01	5,568179E+03
9,115	-1,199284E+06	1,136333E+02	5,344267E+01	5,568179E+03
9,12	-1,199284E+06	1,156710E+02	5,375244E+01	5,568179E+03
9,125	-1,199284E+06	1,178550E+02	5,433629E+01	5,568179E+03
9,13	-1,199284E+06	1,201766E+02	5,485883E+01	5,568179E+03
9,135	-1,199284E+06	1,218653E+02	5,514036E+01	5,568179E+03
9,14	-1,199284E+06	1,219658E+02	5,515176E+01	5,568179E+03
9,145	-1,199284E+06	1,168758E+02	5,508746E+01	5,568179E+03
9,15	-1,199284E+06	1,148725E+02	5,494773E+01	5,568179E+03
9,155	-1,199284E+06	1,147009E+02	5,468742E+01	5,568179E+03
9,16	-1,199284E+06	1,156758E+02	5,447064E+01	5,568179E+03
9,165	-1,199284E+06	1,153157E+02	5,432782E+01	5,568179E+03
9,17	-1,199284E+06	1,111729E+02	5,426448E+01	5,568179E+03
9,175	-1,199284E+06	1,129225E+02	5,430209E+01	5,568179E+03
9,18	-1,199284E+06	1,102647E+02	5,436623E+01	5,568179E+03
9,185	-1,199284E+06	1,096672E+02	5,436467E+01	5,568179E+03
9,19	-1,199284E+06	1,129479E+02	5,430310E+01	5,568179E+03
9,195	-1,199284E+06	1,146279E+02	5,409434E+01	5,568179E+03
9,2	-1,199284E+06	1,161293E+02	5,380569E+01	5,568179E+03
9,205	-1,199284E+06	1,143414E+02	5,356477E+01	5,568179E+03
9,21	-1,199284E+06	1,140650E+02	5,347194E+01	5,568179E+03
9,215	-1,199284E+06	1,123496E+02	5,354164E+01	5,568179E+03
9,22	-1,199284E+06	1,128298E+02	5,349259E+01	5,568179E+03
9,225	-1,199284E+06	1,133594E+02	5,330017E+01	5,568179E+03
9,23	-1,199284E+06	1,175430E+02	5,315120E+01	5,568179E+03
9,235	-1,199284E+06	1,142816E+02	5,327742E+01	5,568179E+03
9,24	-1,199284E+06	1,059644E+02	5,359752E+01	5,568179E+03
9,245	-1,199284E+06	1,122811E+02	5,402076E+01	5,568179E+03
9,25	-1,199284E+06	1,120810E+02	5,456479E+01	5,568179E+03
9,255	-1,199284E+06	1,124772E+02	5,472423E+01	5,568179E+03
9,26	-1,199284E+06	1,124248E+02	5,473568E+01	5,568179E+03
9,265	-1,199284E+06	1,130565E+02	5,477066E+01	5,568179E+03
9,27	-1,199284E+06	1,200320E+02	5,446528E+01	5,568179E+03
9,275	-1,199284E+06	1,111807E+02	5,404001E+01	5,568179E+03
9,28	-1,199284E+06	1,104450E+02	5,340600E+01	5,568179E+03
9,285	-1,199284E+06	1,126381E+02	5,283570E+01	5,568179E+03
9,29	-1,199284E+06	1,084970E+02	5,258568E+01	5,568179E+03
9,295	-1,199284E+06	1,071137E+02	5,220526E+01	5,568179E+03
9,3	-1,199284E+06	1,049162E+02	5,180617E+01	5,568179E+03
9,305	-1,199284E+06	1,071721E+02	5,154133E+01	5,568179E+03
9,31	-1,199284E+06	1,062111E+02	5,128788E+01	5,568179E+03
9,315	-1,199284E+06	1,073131E+02	5,119745E+01	5,568179E+03
9,32	-1,199284E+06	1,057900E+02	5,136221E+01	5,568179E+03
9,325	-1,199284E+06	1,091078E+02	5,153040E+01	5,568179E+03
9,33	-1,199284E+06	1,115583E+02	5,176649E+01	5,568179E+03
9,335	-1,199284E+06	1,040375E+02	5,215512E+01	5,568179E+03
9,34	-1,199284E+06	1,107618E+02	5,255053E+01	5,568179E+03
9,345	-1,199284E+06	1,097518E+02	5,315875E+01	5,568179E+03
9,35	-1,199284E+06	1,031172E+02	5,368175E+01	5,568179E+03
9,355	-1,199284E+06	1,092542E+02	5,380608E+01	5,568179E+03
9,36	-1,199284E+06	1,113636E+02	5,383736E+01	5,568179E+03
9,365	-1,199284E+06	1,080025E+02	5,364541E+01	5,568179E+03
9,37	-1,199284E+06	1,102949E+02	5,319925E+01	5,568179E+03
9,375	-1,199284E+06	1,087281E+02	5,287160E+01	5,568179E+03
9,38	-1,199284E+06	1,073872E+02	5,239736E+01	5,568179E+03
9,385	-1,199284E+06	1,083455E+02	5,175023E+01	5,568179E+03
9,39	-1,199284E+06	1,016944E+02	5,125555E+01	5,568179E+03
9,395	-1,199284E+06	1,038091E+02	5,074647E+01	5,568179E+03
9,4	-1,199284E+06	1,063949E+02	5,052831E+01	5,568179E+03
9,405	-1,199284E+06	1,065631E+02	5,080664E+01	5,568179E+03
9,41	-1,199284E+06	1,076817E+02	5,111487E+01	5,568179E+03
9,415	-1,199284E+06	1,037540E+02	5,145965E+01	5,568179E+03
9,42	-1,199284E+06	1,029745E+02	5,206635E+01	5,568179E+03
9,425	-1,199284E+06	1,094539E+02	5,269309E+01	5,568179E+03
9,43	-1,199284E+06	1,092209E+02	5,344839E+01	5,568179E+03
9,435	-1,199284E+06	1,005598E+02	5,418183E+01	5,568179E+03
9,44	-1,199284E+06	1,058842E+02	5,422341E+01	5,568179E+03
9,445	-1,199284E+06	1,019321E+02	5,394753E+01	5,568179E+03
9,45	-1,199284E+06	9,776811E+01	5,335516E+01	5,568179E+03
9,455	-1,199284E+06	1,048919E+02	5,242594E+01	5,568179E+03
9,46	-1,199284E+06	1,054745E+02	5,173164E+01	5,568179E+03
9,465	-1,199284E+06	1,046642E+02	5,106049E+01	5,568179E+03
9,47	-1,199284E+06	1,061790E+02	5,043175E+01	5,568179E+03
9,475	-1,199284E+06	1,054860E+02	5,035004E+01	5,568179E+03
9,48	-1,199284E+06	1,053467E+02	5,062907E+01	5,568179E+03
9,485	-1,199284E+06	1,060317E+02	5,115802E+01	5,568179E+03
9,49	-1,199284E+06	1,025805E+02	5,186419E+01	5,568179E+03
9,495	-1,199284E+06	1,076134E+02	5,221044E+01	5,568179E+03
9,5	-1,199284E+06	1,098580E+02	5,227619E+01	5,568179E+03
9,505	-1,199284E+06	9,947187E+01	5,234666E+01	5,568179E+03
9,51	-1,199284E+06	1,005189E+02	5,237895E+01	5,568179E+03
9,515	-1,199284E+06	1,048980E+02	5,253011E+01	5,568179E+03
9,52	-1,199284E+06	1,045396E+02	5,264713E+01	5,568179E+03
9,525	-1,199284E+06	1,009939E+02	5,249020E+01	5,568179E+03
9,53	-1,199284E+06	9,723691E+01	5,220354E+01	5,568179E+03
9,535	-1,199284E+06	9,947143E+01	5,206786E+01	5,568179E+03
9,54	-1,199284E+06	1,017535E+02	5,218108E+01	5,568179E+03
9,545	-1,199284E+06	1,034017E+02	5,231887E+01	5,568179E+03
9,55	-1,199284E+06	1,031518E+02	5,250374E+01	5,568179E+03
9,555	-1,199284E+06	1,057151E+02	5,277078E+01	5,568179E+03
9,56	-1,199284E+06	1,073449E+02	5,295732E+01	5,568179E+03
9,565	-1,199284E+06	1,037118E+02	5,300075E+01	5,568179E+03
9,57	-1,199284E+06	9,846582E+01	5,291159E+01	5,568179E+03
9,575	-1,199284E+06	9,533781E+01	5,275990E+01	5,568179E+03
9,58	-1,199284E+06	9,992283E+01	5,269047E+01	5,568179E+03
9,585	-1,199284E+06	1,023833E+02	5,281795E+01	5,568179E+03
9,59	-1,199284E+06	1,048520E+02	5,305340E+01	5,568179E+03
9,595	-1,199284E+06	1,034466E+02	5,340782E+01	5,568179E+03
9,6	-1,199284E+06	1,000281E+02	5,367577E+01	5,568179E+03
9,605	-1,199284E+06	1,081470E+02	5,365162E+01	5,568179E+03
9,61	-1,199284E+06	1,090855E+02	5,355160E+01	5,568179E+03
9,615	-1,199284E+06	1,046510E+02	5,331004E+01	5,568179E+03
9,62	-1,199284E+06	1,045587E+02	5,311470E+01	5,568179E+03
9,625	-1,199284E+06	1,037552E+02	5,315033E+01	5,568179E+03
9,63	-1,199284E+06	1,045372E+02	5,312827E+01	5,568179E+03
9,635	-1,199284E+06	1,023343E+02	5,319518E+01	5,568179E+03
9,64	-1,199284E+06	1,021923E+02	5,352309E+01	5,568179E+03
9,645	-1,199284E+06	1,056921E+02	5,390039E+01	5,568179E+03
9,65	-1,199284E+06	1,023305E+02	5,427812E+01	5,568179E+03
9,655	-1,199284E+06	1,056616E+02	5,443862E+01	5,568179E+03
9,66	-1,199284E+06	1,077449E+02	5,420731E+01	5,568179E+03
9,665	-1,199284E+06	1,018731E+02	5,367788E+01	5,568179E+03
9,67	-1,199284E+06	9,892948E+01	5,311382E+01	5,568179E+03
9,675	-1,199284E+06	1,027395E+02	5,276626E+01	5,568179E+03
9,68	-1,199284E+06	1,061398E+02	5,265191E+01	5,568179E+03
9,685	-1,199284E+06	1,027750E+02	5,256338E+01	5,568179E+03
9,69	-1,199284E+06	1,053296E+02	5,222472E+01	5,568179E+03
9,695	-1,199284E+06	1,010632E+02	5,200407E+01	5,568179E+03
9,7	-1,199284E+06	9,960153E+01	5,216271E+01	5,568179E+03
9,705	-1,199285E+06	1,032586E+02	5,258380E+01	5,568179E+03
9,71	-1,199284E+06	9,719254E+01	5,316662E+01	5,568179E+03
9,715	-1,199284E+06	1,021959E+02	5,371617E+01	5,568179E+03
9,72	-1,199284E+06	1,061220E+02	5,433139E+01	5,568179E+03
9,725	-1,199284E+06	1,035198E+02	5,493654E+01	5,568179E+03
9,73	-1,199284E+06	1,067406E+02	5,532565E+01	5,568179E+03
9,735	-1,199284E+06	1,053776E+02	5,536498E+01	5,568179E+03
9,74	-1,199284E+06	1,015289E+02	5,496967E+01	5,568179E+03
9,745	-1,199284E+06	1,039178E+02	5,427130E+01	5,568179E+03
9,75	-1,199284E+06	1,038893E+02	5,351294E+01	5,568179E+03
9,755	-1,199284E+06	1,024072E+02	5,281028E+01	5,568179E+03
9,76	-1,199284E+06	1,016499E+02	5,223753E+01	5,568179E+03
9,765	-1,199284E+06	1,020530E+02	5,191381E+01	5,568179E+03
9,77	-1,199284E+06	1,061355E+02	5,189425E+01	5,568179E+03
9,775	-1,199284E+06	1,041357E+02	5,200853E+01	5,568179E+03
9,78	-1,199284E+06	9,731530E+01	5,235783E+01	5,568179E+03
9,785	-1,199284E+06	1,001526E+02	5,303791E+01	5,568179E+03
9,79	-1,199284E+06	1,021292E+02	5,374237E+01	5,568179E+03
9,795	-1,199284E+06	9,710876E+01	5,426376E+01	5,568179E+03
9,8	-1,199284E+06	9,947487E+01	5,458536E+01	5,568179E+03
9,805	-1,199284E+06	1,069321E+02	5,476739E+01	5,568179E+03
9,81	-1,199284E+06	1,048796E+02	5,494884E+01	5,568179E+03
9,815	-1,199284E+06	1,052993E+02	5,495776E+01	5,568179E+03
9,82	-1,199284E+06	1,030212E+02	5,477872E+01	5,568179E+03
9,825	-1,199284E+06	1,014749E+02	5,438331E+01	5,568179E+03
9,83	-1,199284E+06	1,024084E+02	5,387782E+01	5,568179E+03
9,835	-1,199284E+06	1,034640E+02	5,356740E+01	5,568179E+03
9,84	-1,199284E+06	1,067681E+02	5,348443E+01	5,568179E+03
9,845	-1,199284E+06	1,073317E+02	5,356075E+01	5,568179E+03
9,85	-1,199284E+06	1,052511E+02	5,367841E+01	5,568179E+03
9,855	-1,199284E+06	1,064600E+02	5,353839E+01	5,568179E+03
9,86	-1,199284E+06	1,062942E+02	5,339178E+01	5,568179E+03
9,865	-1,199284E+06	1,059680E+02	5,345691E+01	5,568179E+03
9,87	-1,199285E+06	1,044117E+02	5,357217E+01	5,568179E+03
9,875	-1,199284E+06	9,661034E+01	5,379791E+01	5,568179E+03
9,88	-1,199284E+06	9,384669E+01	5,409916E+01	5,568179E+03
9,885	-1,199284E+06	1,052100E+02	5,450373E+01	5,568179E+03
9,89	-1,199284E+06	1,065622E+02	5,509938E+01	5,568179E+03
9,895	-1,199284E+06	1,005061E+02	5,549215E+01	5,568179E+03
9,9	-1,199284E+06	1,033633E+02	5,560758E+01	5,568179E+03
9,905	-1,199284E+06	1,047723E+02	5,544783E+01	5,568179E+03
9,91	-1,199284E+06	1,030530E+02	5,484503E+01	5,568179E+03
9,915	-1,199284E+06	1,037620E+02	5,420852E+01	5,568179E+03
9,92	-1,199284E+06	1,032217E+02	5,362583E+01	5,568179E+03
9,925	-1,199284E+06	1,025446E+02	5,289293E+01	5,568179E+03
9,93	-1,199284E+06	1,011897E+02	5,239355E+01	5,568179E+03
9,935	-1,199284E+06	1,028157E+02	5,224578E+01	5,568179E+03
9,94	-1,199284E+06	1,072256E+02	5,239347E+01	5,568179E+03
9,945	-1,199284E+06	1,050884E+02	5,300109E+01	5,568179E+03
9,95	-1,199284E+06	1,077490E+02	5,373258E+01	5,568179E+03
9,955	-1,199284E+06	1,058890E+02	5,434639E+01	5,568179E+03
9,96	-1,199284E+06	9,996041E+01	5,475276E+01	5,568179E+03
9,965	-1,199284E+06	1,002751E+02	5,483688E+01	5,568179E+03
9,97	-1,199284E+06	9,971443E+01	5,465947E+01	5,568179E+03
9,975	-1,199284E+06	1,011877E+02	5,443803E+01	5,568179E+03
9,98	-1,199284E+06	1,044398E+02	5,426203E+01	5,568179E+03
9,985	-1,199284E+06	1,061326E+02	5,403651E+01	5,568179E+03
9,99	-1,199284E+06	1,040007E+02	5,382286E+01	5,568179E+03
9,995	-1,199284E+06	9,901344E+01	5,363111E+01	5,568179E+03
10,0	-1,199284E+06	1,022865E+02	5,357190E+01	5,568179E+03
10,005	-1,199284E+06	1,031270E+02	5,387660E+01	5,568179E+03
10,01	-1,199284E+06	1,086609E+02	5,400669E+01	5,568179E+03
10,015	-1,199284E+06	1,043500E+02	5,393502E+01	5,568179E+03
10,02	-1,199284E+06	9,748943E+01	5,392430E+01	5,568179E+03
10,025	-1,199285E+06	1,080467E+02	5,401758E+01	5,568179E+03
10,03	-1,199284E+06	1,031535E+02	5,449481E+01	5,568179E+03
10,035	-1,199284E+06	1,014941E+02	5,490952E+01	5,568179E+03
10,04	-1,199284E+06	1,058768E+02	5,510721E+01	5,568179E+03
10,045	-1,199284E+06	1,074700E+02	5,509271E+01	5,568179E+03
10,05	-1,199284E+06	1,111447E+02	5,467902E+01	5,568179E+03
10,055	-1,199284E+06	1,026069E+02	5,429027E+01	5,568179E+03
10,06	-1,199284E+06	1,004504E+02	5,407148E+01	5,568179E+03
10,065	-1,199284E+06	1,042026E+02	5,399511E+01	5,568179E+03
10,07	-1,199284E+06	1,056684E+02	5,403391E+01	5,568179E+03
10,075	-1,199284E+06	1,061636E+02	5,427060E+01	5,568179E+03
10,08	-1,199284E+06	1,082572E+02	5,472160E+01	5,568179E+03
10,085	-1,199284E+06	1,073558E+02	5,520782E+01	5,568179E+03
10,09	-1,199284E+06	1,021323E+02	5,566880E+01	5,568179E+03
10,095	-1,199284E+06	1,085397E+02	5,575310E+01	5,568179E+03
10,1	-1,199284E+06	1,093343E+02	5,555506E+01	5,568179E+03
10,105	-1,199284E+06	1,081195E+02	5,535517E+01	5,568179E+03
10,11	-1,199284E+06	1,113384E+02	5,510762E+01	5,568179E+03
10,115	-1,199284E+06	1,082383E+02	5,493786E+01	5,568179E+03
10,12	-1,199284E+06	1,085986E+02	5,462883E+01	5,568179E+03
10,125	-1,199284E+06	1,095247E+02	5,402089E+01	5,568179E+03
10,13	-1,199284E+06	1,002913E+02	5,360838E+01	5,568179E+03
10,135	-1,199284E+06	1,010618E+02	5,329776E+01	5,568179E+03
10,14	-1,199284E+06	1,082686E+02	5,304155E+01	5,568179E+03
10,145	-1,199284E+06	1,015095E+02	5,326180E+01	5,568179E+03
10,15	-1,199284E+06	1,069163E+02	5,347425E+01	5,568179E+03
10,155	-1,199284E+06	1,105945E+02	5,373401E+01	5,568179E+03
10,16	-1,199284E+06	1,100857E+02	5,414683E+01	5,568179E+03
10,165	-1,199284E+06	1,120247E+02	5,437732E+01	5,568179E+03
10,17	-1,199284E+06	1,038607E+02	5,478014E+01	5,568179E+03
10,175	-1,199284E+06	1,046571E+02	5,514664E+01	5,568179E+03
10,18	-1,199284E+06	1,082956E+02	5,504248E+01	5,568179E+03
10,185	-1,199284E+06	1,128807E+02	5,475550E+01	5,568179E+03
10,19	-1,199284E+06	1,132136E+02	5,452439E+01	5,568179E+03
10,195	-1,199284E+06	1,132689E+02	5,428626E+01	5,568179E+03
10,2	-1,199284E+06	1,053376E+02	5,434545E+01	5,568179E+03
10,205	-1,199284E+06	1,058417E+02	5,427705E+01	5,568179E+03
10,21	-1,199284E+06	1,160797E+02	5,387152E+01	5,568179E+03
10,215	-1,199284E+06	1,106476E+02	5,361515E+01	5,568179E+03
10,22	-1,199284E+06	1,127248E+02	5,341534E+01	5,568179E+03
10,225	-1,199284E+06	1,153062E+02	5,338960E+01	5,568179E+03
10,23	-1,199284E+06	1,092468E+02	5,345809E+01	5,568179E+03
10,235	-1,199284E+06	1,159375E+02	5,313349E+01	5,568179E+03
10,24	-1,199284E+06	1,146176E+02	5,289149E+01	5,568179E+03
10,245	-1,199284E+06	1,130506E+02	5,305312E+01	5,568179E+03
10,25	-1,199284E+06	1,154795E+02	5,340911E+01	5,568179E+03
10,255	-1,199284E+06	1,145918E+02	5,393423E+01	5,568179E+03
10,26	-1,199284E+06	1,117782E+02	5,442544E+01	5,568179E+03
10,265	-1,199284E+06	1,122912E+02	5,443431E+01	5,568179E+03
10,27	-1,199284E+06	1,109778E+02	5,434497E+01	5,568179E+03
10,275	-1,199284E+06	1,095012E+02	5,435351E+01	5,568179E+03
10,28	-1,199284E+06	1,139040E+02	5,414441E+01	5,568179E+03
10,285	-1,199284E+06	1,097890E+02	5,392047E+01	5,568179E+03
10,29	-1,199284E+06	1,098851E+02	5,348078E+01	5,568179E+03
10,295	-1,199284E+06	1,169059E+02	5,279931E+01	5,568179E+03
10,3	-1,199284E+06	1,123354E+02	5,246520E+01	5,568179E+03
10,305	-1,199284E+06	1,140513E+02	5,225748E+01	5,568179E+03
10,31	-1,199284E+06	1,154418E+02	5,212036E+01	5,568179E+03
10,315	-1,199284E+06	1,138756E+02	5,217411E+01	5,568179E+03
10,32	-1,199284E+06	1,162750E+02	5,208446E+01	5,568179E+03
10,325	-1,199284E+06	1,152999E+02	5,203660E+01	5,568179E+03
10,33	-1,199284E+06	1,115797E+02	5,248719E+01	5,568179E+03
10,335	-1,199284E+06	1,111846E+02	5,327933E+01	5,568179E+03
10,34	-1,199284E+06	1,215191E+02	5,404643E+01	5,568179E+03
10,345	-1,199284E+06	1,190487E+02	5,466220E+01	5,568179E+03
10,35	-1,199283E+06	1,097371E+02	5,487651E+01	5,568179E+03
10,355	-1,199284E+06	1,069326E+02	5,492911E+01	5,568179E+03
10,36	-1,199284E+06	1,126675E+02	5,506055E+01	5,568179E+03
10,365	-1,199284E+06	1,192095E+02	5,496652E+01	5,568179E+03
10,37	-1,199283E+06	1,124676E+02	5,464117E+01	5,568179E+03
10,375	-1,199284E+06	1,159588E+02	5,421285E+01	5,568179E+03
10,38	-1,199284E+06	1,151674E+02	5,388401E+01	5,568179E+03
10,385	-1,199283E+06	1,138569E+02	5,381647E+01	5,568179E+03
10,39	-1,199284E+06	1,172774E+02	5,409796E+01	5,568179E+03
10,395	-1,199283E+06	1,176485E+02	5,423172E+01	5,568179E+03
10,4	-1,199284E+06	1,224320E+02	5,388698E+01	5,568179E+03
10,405	-1,199284E+06	1,208862E+02	5,342778E+01	5,568179E+03
10,41	-1,199284E+06	1,189273E+02	5,308367E+01	5,568179E+03
10,415	-1,199284E+06	1,181997E+02	5,318168E+01	5,568179E+03
10,42	-1,199283E+06	1,176026E+02	5,375205E+01	5,568179E+03
10,425	-1,199284E+06	1,204074E+02	5,430094E+01	5,568179E+03
10,43	-1,199283E+06	1,172843E+02	5,478872E+01	5,568179E+03
10,435	-1,199284E+06	1,229323E+02	5,524891E+01	5,568179E+03
10,44	-1,199284E+06	1,258831E+02	5,561455E+01	5,568179E+03
10,445	-1,199283E+06	1,212188E+02	5,561701E+01	5,568179E+03
10,45	-1,199283E+06	1,193673E+02	5,525168E+01	5,568179E+03
10,455	-1,199284E+06	1,234676E+02	5,463031E+01	5,568179E+03
10,46	-1,199283E+06	1,226071E+02	5,376473E+01	5,568179E+03
10,465	-1,199283E+06	1,164877E+02	5,314499E+01	5,568179E+03
10,47	-1,199283E+06	1,236190E+02	5,295491E+01	5,568179E+03
10,475	-1,199284E+06	1,266772E+02	5,282774E+01	5,568179E+03
10,48	-1,199283E+06	1,172832E+02	5,282158E+01	5,568179E+03
10,485	-1,199283E+06	1,182683E+02	5,296059E+01	5,568179E+03
10,49	-1,199283E+06	1,229029E+02	5,319123E+01	5,568179E+03
10,495	-1,199283E+06	1,264873E+02	5,363905E+01	5,568179E+03
10,5	-1,199283E+06	1,312475E+02	5,425402E+01	5,568179E+03
10,505	-1,199283E+06	1,278727E+02	5,477663E+01	5,568179E+03
10,51	-1,199283E+06	1,205894E+02	5,496500E+01	5,568179E+03
10,515	-1,199283E+06	1,172750E+02	5,464965E+01	5,568179E+03
10,52	-1,199283E+06	1,185249E+02	5,402136E+01	5,568179E+03
10,525	-1,199283E+06	1,238015E+02	5,354158E+01	5,568179E+03
10,53	-1,199283E+06	1,236125E+02	5,318753E+01	5,568179E+03
10,535	-1,199283E+06	1,213285E+02	5,272025E+01	5,568179E+03
10,54	-1,199283E+06	1,208248E+02	5,232569E+01	5,568179E+03
10,545	-1,199283E+06	1,212676E+02	5,217619E+01	5,568179E+03
10,55	-1,199283E+06	1,234101E+02	5,242999E+01	5,568179E+03
10,555	-1,199283E+06	1,267265E+02	5,303945E+01	5,568179E+03
10,56	-1,199283E+06	1,287326E+02	5,361195E+01	5,568179E+03
10,565	-1,199283E+06	1,229519E+02	5,383209E+01	5,568179E+03
10,57	-1,199283E+06	1,207618E+02	5,377280E+01	5,568179E+03
10,575	-1,199283E+06	1,303429E+02	5,373387E+01	5,568179E+03
10,58	-1,199283E+06	1,304299E+02	5,375743E+01	5,568179E+03
10,585	-1,199283E+06	1,316321E+02	5,362417E+01	5,568179E+03
10,59	-1,199283E+06	1,304257E+02	5,326218E+01	5,568179E+03
10,595	-1,199283E+06	1,283582E+02	5,262652E+01	5,568179E+03
10,6	-1,199283E+06	1,292666E+02	5,210210E+01	5,568179E+03
10,605	-1,199283E+06	1,258353E+02	5,180675E+01	5,568179E+03
10,61	-1,199283E+06	1,305181E+02	5,162307E+01	5,568179E+03
10,615	-1,199283E+06	1,299130E+02	5,174670E+01	5,568179E+03
10,62	-1,199283E+06	1,301676E+02	5,191750E+01	5,568179E+03
10,625	-1,199283E+06	1,300022E+02	5,234523E+01	5,568179E+03
10,63	-1,199283E+06	1,293722E+02	5,292144E+01	5,568179E+03
10,635	-1,199283E+06	1,359016E+02	5,321505E+01	5,568179E+03
10,64	-1,199283E+06	1,344340E+02	5,368127E+01	5,568179E+03
10,645	-1,199283E+06	1,340484E+02	5,412103E+01	5,568179E+03
10,65	-1,199283E+06	1,363118E+02	5,420028E+01	5,568179E+03
10,655	-1,199283E+06	1,283957E+02	5,432203E+01	5,568179E+03
10,66	-1,199283E+06	1,311217E+02	5,425292E+01	5,568179E+03
10,665	-1,199283E+06	1,333477E+02	5,406916E+01	5,568179E+03
10,67	-1,199283E+06	1,311929E+02	5,379563E+01	5,568179E+03
10,675	-1,199283E+06	1,344312E+02	5,310590E+01	5,568179E+03
10,68	-1,199283E+06	1,353491E+02	5,236387E+01	5,568179E+03
10,685	-1,199283E+06	1,323799E+02	5,190956E+01	5,568179E+03
10,69	-1,199283E+06	1,308877E+02	5,190553E+01	5,568179E+03
10,695	-1,199283E+06	1,335725E+02	5,237862E+01	5,568179E+03
10,7	-1,199283E+06	1,391265E+02	5,283299E+01	5,568179E+03
10,705	-1,199283E+06	1,411049E+02	5,298752E+01	5,568179E+03
10,71	-1,199283E+06	1,379924E+02	5,319974E+01	5,568179E+03
10,715	-1,199283E+06	1,373756E+02	5,386344E+01	5,568179E+03
10,72	-1,199283E+06	1,392468E+02	5,466994E+01	5,568179E+03
10,725	-1,199283E+06	1,444813E+02	5,514839E+01	5,568179E+03
10,73	-1,199283E+06	1,412180E+02	5,543511E+01	5,568179E+03
10,735	-1,199283E+06	1,425090E+02	5,536490E+01	5,568179E+03
10,74	-1,199283E+06	1,412107E+02	5,537965E+01	5,568179E+03
10,745	-1,199283E+06	1,352432E+02	5,558740E+01	5,568179E+03
10,75	-1,199283E+06	1,459811E+02	5,525624E+01	5,568179E+03
10,755	-1,199283E+06	1,508066E+02	5,464358E+01	5,568179E+03
10,76	-1,199283E+06	1,455284E+02	5,371938E+01	5,568179E+03
10,765	-1,199283E+06	1,411029E+02	5,260938E+01	5,568179E+03
10,77	-1,199283E+06	1,405224E+02	5,213570E+01	5,568179E+03
10,775	-1,199283E+06	1,435179E+02	5,186461E+01	5,568179E+03
10,78	-1,199283E+06	1,384623E+02	5,150148E+01	5,568179E+03
10,785	-1,199283E+06	1,449089E+02	5,157182E+01	5,568179E+03
10,79	-1,199283E+06	1,485240E+02	5,203929E+01	5,568179E+03
10,795	-1,199283E+06	1,485961E+02	5,276348E+01	5,568179E+03
10,8	-1,199283E+06	1,476477E+02	5,395855E+01	5,568179E+03
10,805	-1,199283E+06	1,528463E+02	5,478315E+01	5,568179E+03
10,81	-1,199283E+06	1,534786E+02	5,497732E+01	5,568179E+03
10,815	-1,199283E+06	1,423955E+02	5,500571E+01	5,568179E+03
10,82	-1,199283E+06	1,508859E+02	5,459462E+01	5,568179E+03
10,825	-1,199283E+06	1,528532E+02	5,406339E+01	5,568179E+03
10,83	-1,199283E+06	1,441903E+02	5,358254E+01	5,568179E+03
10,835	-1,199283E+06	1,419705E+02	5,286175E+01	5,568179E+03
10,84	-1,199283E+06	1,393970E+02	5,224475E+01	5,568179E+03
10,845	-1,199283E+06	1,393011E+02	5,197292E+01	5,568179E+03
10,85	-1,199283E+06	1,465112E+02	5,182137E+01	5,568179E+03
10,855	-1,199283E+06	1,632256E+02	5,192408E+01	5,568179E+03
10,86	-1,199283E+06	1,625111E+02	5,231542E+01	5,568179E+03
10,865	-1,199283E+06	1,590662E+02	5,236448E+01	5,568179E+03
10,87	-1,199283E+06	1,563268E+02	5,237201E+01	5,568179E+03
10,875	-1,199283E+06	1,483321E+02	5,254285E+01	5,568179E+03
10,88	-1,199283E+06	1,552765E+02	5,248762E+01	5,568179E+03
10,885	-1,199283E+06	1,487457E+02	5,273674E+01	5,568179E+03
10,89	-1,199283E+06	1,527114E+02	5,302657E+01	5,568179E+03
10,895	-1,199283E+06	1,644473E+02	5,295030E+01	5,568179E+03
10,9	-1,199283E+06	1,584914E+02	5,287339E+01	5,568179E+03
10,905	-1,199283E+06	1,513512E+02	5,291888E+01	5,568179E+03
10,91	-1,199283E+06	1,530117E+02	5,308206E+01	5,568179E+03
10,915	-1,199283E+06	1,609078E+02	5,308255E+01	5,568179E+03
10,92	-1,199283E+06	1,517081E+02	5,262674E+01	5,568179E+03
10,925	-1,199283E+06	1,536623E+02	5,189970E+01	5,568179E+03
10,93	-1,199283E+06	1,584023E+02	5,170163E+01	5,568179E+03
10,935	-1,199283E+06	1,539726E+02	5,231189E+01	5,568179E+03
10,94	-1,199283E+06	1,662193E+02	5,320012E+01	5,568179E+03
10,945	-1,199283E+06	1,686903E+02	5,397720E+01	5,568179E+03
10,95	-1,199283E+06	1,697996E+02	5,449130E+01	5,568179E+03
10,955	-1,199283E+06	1,724741E+02	5,495814E+01	5,568179E+03
10,96	-1,199283E+06	1,685551E+02	5,533988E+01	5,568179E+03
10,965	-1,199283E+06	1,599351E+02	5,544006E+01	5,568179E+03
10,97	-1,199283E+06	1,620458E+02	5,514843E+01	5,568179E+03
10,975	-1,199283E+06	1,718009E+02	5,459293E+01	5,568179E+03
10,98	-1,199283E+06	1,718834E+02	5,414941E+01	5,568179E+03
10,985	-1,199283E+06	1,769180E+02	5,397258E+01	5,568179E+03
10,99	-1,199283E+06	1,805406E+02	5,413075E+01	5,568179E+03
10,995	-1,199283E+06	1,726696E+02	5,440848E+01	5,568179E+03
11,0	-1,199283E+06	1,659350E+02	5,460723E+01	5,568179E+03
11,005	-1,199283E+06	1,660800E+02	5,499995E+01	5,568179E+03
11,01	-1,199283E+06	1,755965E+02	5,521937E+01	5,568179E+03
11,015	-1,199283E+06	1,731511E+02	5,518027E+01	5,568179E+03
11,02	-1,199282E+06	1,658180E+02	5,533655E+01	5,568179E+03
11,025	-1,199283E+06	1,748945E+02	5,528744E+01	5,568179E+03
11,03	-1,199283E+06	1,695177E+02	5,513217E+01	5,568179E+03
11,035	-1,199282E+06	1,653043E+02	5,512212E+01	5,568179E+03
11,04	-1,199283E+06	1,825754E+02	5,494142E+01	5,568179E+03
11,045	-1,199283E+06	1,790385E+02	5,481836E+01	5,568179E+03
11,05	-1,199283E+06	1,700076E+02	5,452119E+01	5,568179E+03
11,055	-1,199283E+06	1,744927E+02	5,373011E+01	5,568179E+03
11,06	-1,199283E+06	1,669096E+02	5,300109E+01	5,568179E+03
11,065	-1,199283E+06	1,605102E+02	5,252730E+01	5,568179E+03
11,07	-1,199283E+06	1,672932E+02	5,235284E+01	5,568179E+03
11,075	-1,199283E+06	1,766860E+02	5,276457E+01	5,568179E+03
11,08	-1,199283E+06	1,738217E+02	5,344988E+01	5,568179E+03
11,085	-1,199283E+06	1,865651E+02	5,373233E+01	5,568179E+03
11,09	-1,199283E+06	1,967035E+02	5,422040E+01	5,568179E+03
11,095	-1,199282E+06	1,893753E+02	5,477094E+01	5,568179E+03
11,1	-1,199283E+06	1,887411E+02	5,478139E+01	5,568179E+03
11,105	-1,199282E+06	1,728512E+02	5,495347E+01	5,568179E+03
11,11	-1,199283E+06	1,780979E+02	5,466268E+01	5,568179E+03
11,115	-1,199283E+06	1,870140E+02	5,384097E+01	5,568179E+03
11,12	-1,199282E+06	1,811751E+02	5,313219E+01	5,568179E+03
11,125	-1,199283E+06	1,863188E+02	5,240417E+01	5,568179E+03
11,13	-1,199282E+06	1,794210E+02	5,213810E+01	5,568179E+03
11,135	-1,199282E+06	1,846013E+02	5,222430E+01	5,568179E+03
11,14	-1,199283E+06	1,975979E+02	5,220775E+01	5,568179E+03
11,145	-1,199282E+06	1,828925E+02	5,237466E+01	5,568179E+03
11,15	-1,199283E+06	1,895569E+02	5,261034E+01	5,568179E+03
11,155	-1,199283E+06	2,009564E+02	5,294242E+01	5,568179E+03
11,16	-1,199282E+06	1,860533E+02	5,325949E+01	5,568179E+03
11,165	-1,199283E+06	1,922926E+02	5,315873E+01	5,568179E+03
11,17	-1,199283E+06	1,991611E+02	5,289921E+01	5,568179E+03
11,175	-1,199283E+06	1,912046E+02	5,244944E+01	5,568179E+03
11,18	-1,199282E+06	1,812445E+02	5,205559E+01	5,568179E+03
11,185	-1,199283E+06	1,928892E+02	5,180245E+01	5,568179E+03
11,19	-1,199283E+06	1,970916E+02	5,170102E+01	5,568179E+03
11,195	-1,199282E+06	1,919563E+02	5,167731E+01	5,568179E+03
11,2	-1,199283E+06	1,998647E+02	5,167698E+01	5,568179E+03
11,205	-1,199283E+06	2,003155E+02	5,169551E+01	5,568179E+03
11,21	-1,199282E+06	1,968417E+02	5,136237E+01	5,568179E+03
11,215	-1,199282E+06	1,962573E+02	5,098901E+01	5,568179E+03
11,22	-1,199282E+06	1,994350E+02	5,084267E+01	5,568179E+03
11,225	-1,199283E+06	2,101691E+02	5,060136E+01	5,568179E+03
11,23	-1,199282E+06	2,032403E+02	5,066384E+01	5,568179E+03
11,235	-1,199282E+06	2,010652E+02	5,078423E+01	5,568179E+03
11,24	-1,199283E+06	2,117969E+02	5,069181E+01	5,568179E+03
11,245	-1,199282E+06	2,062045E+02	5,093257E+01	5,568179E+03
11,25	-1,199282E+06	2,085833E+02	5,108896E+01	5,568179E+03
11,255	-1,199282E+06	2,036395E+02	5,135354E+01	5,568179E+03
11,26	-1,199282E+06	2,012878E+02	5,203708E+01	5,568179E+03
11,265	-1,199282E+06	2,099922E+02	5,244285E+01	5,568179E+03
11,27	-1,199282E+06	2,054892E+02	5,248916E+01	5,568179E+03
11,275	-1,199282E+06	2,058962E+02	5,243216E+01	5,568179E+03
11,28	-1,199282E+06	2,141431E+02	5,214451E+01	5,568179E+03
11,285	-1,199282E+06	2,088548E+02	5,200594E+01	5,568179E+03
11,29	-1,199282E+06	2,096736E+02	5,194514E+01	5,568179E+03
11,295	-1,199282E+06	2,121725E+02	5,179118E+01	5,568179E+03
11,3	-1,199282E+06	2,098226E+02	5,193073E+01	5,568179E+03
11,305	-1,199282E+06	2,036688E+02	5,217736E+01	5,568179E+03
11,31	-1,199282E+06	2,135600E+02	5,210854E+01	5,568179E+03
11,315	-1,199282E+06	2,248764E+02	5,191435E+01	5,568179E+03
11,32	-1,199282E+06	2,190246E+02	5,138394E+01	5,568179E+03
11,325	-1,199282E+06	2,178874E+02	5,087633E+01	5,568179E+03
11,33	-1,199282E+06	2,212516E+02	5,109302E+01	5,568179E+03
11,335	-1,199282E+06	2,243036E+02	5,132025E+01	5,568179E+03
11,34	-1,199282E+06	2,247194E+02	5,148590E+01	5,568179E+03
11,345	-1,199282E+06	2,200272E+02	5,199650E+01	5,568179E+03
11,35	-1,199282E+06	2,258035E+02	5,231287E+01	5,568179E+03
11,355	-1,199282E+06	2,224779E+02	5,278959E+01	5,568179E+03
11,36	-1,199281E+06	2,148522E+02	5,350856E+01	5,568179E+03
11,365	-1,199282E+06	2,386302E+02	5,356411E+01	5,568179E+03
11,37	-1,199282E+06	2,409917E+02	5,333543E+01	5,568179E+03
11,375	-1,199281E+06	2,301791E+02	5,274569E+01	5,568179E+03
11,38	-1,199282E+06	2,365930E+02	5,141798E+01	5,568179E+03
11,385	-1,199281E+06	2,209658E+02	5,013525E+01	5,568179E+03
11,39	-1,199281E+06	2,084546E+02	4,888375E+01	5,568179E+03
11,395	-1,199281E+06	2,157392E+02	4,808281E+01	5,568179E+03
11,4	-1,199282E+06	2,337457E+02	4,862109E+01	5,568179E+03
11,405	-1,199282E+06	2,405609E+02	4,964482E+01	5,568179E+03
11,41	-1,199281E+06	2,304725E+02	5,034906E+01	5,568179E+03
11,415	-1,199282E+06	2,415775E+02	5,100100E+01	5,568179E+03
11,42	-1,199282E+06	2,500959E+02	5,131255E+01	5,568179E+03
11,425	-1,199282E+06	2,492617E+02	5,105554E+01	5,568179E+03
11,43	-1,199281E+06	2,354819E+02	5,107432E+01	5,568179E+03
11,435	-1,199281E+06	2,264387E+02	5,101563E+01	5,568179E+03
11,44	-1,199282E+06	2,420508E+02	5,066541E+01	5,568179E+03
11,445	-1,199281E+06	2,191771E+02	5,105947E+01	5,568179E+03
11,45	-1,199281E+06	2,340578E+02	5,135651E+01	5,568179E+03
11,455	-1,199282E+06	2,561031E+02	5,188090E+01	5,568179E+03
11,46	-1,199281E+06	2,391270E+02	5,259550E+01	5,568179E+03
11,465	-1,199282E+06	2,555057E+02	5,220504E+01	5,568179E+03
11,47	-1,199281E+06	2,550724E+02	5,193893E+01	5,568179E+03
11,475	-1,199281E+06	2,444113E+02	5,203216E+01	5,568179E+03
11,48	-1,199281E+06	2,549116E+02	5,189707E+01	5,568179E+03
11,485	-1,199281E+06	2,621606E+02	5,202342E+01	5,568179E+03
11,49	-1,199281E+06	2,700255E+02	5,191438E+01	5,568179E+03
11,495	-1,199281E+06	2,653192E+02	5,151552E+01	5,568179E+03
11,5	-1,199281E+06	2,623698E+02	5,144563E+01	5,568179E+03
11,505	-1,199281E+06	2,608277E+02	5,172091E+01	5,568179E+03
11,51	-1,199281E+06	2,598272E+02	5,188954E+01	5,568179E+03
11,515	-1,199281E+06	2,551201E+02	5,183694E+01	5,568179E+03
11,52	-1,199280E+06	2,358150E+02	5,161553E+01	5,568179E+03
11,525	-1,199281E+06	2,640897E+02	5,115665E+01	5,568179E+03
11,53	-1,199281E+06	2,820602E+02	5,121151E+01	5,568179E+03
11,535	-1,199281E+06	2,678698E+02	5,140974E+01	5,568179E+03
11,54	-1,199281E+06	2,733905E+02	5,144340E+01	5,568179E+03
11,545	-1,199281E+06	2,572549E+02	5,151244E+01	5,568179E+03
11,55	-1,199280E+06	2,468316E+02	5,103082E+01	5,568179E+03
11,555	-1,199281E+06	2,691006E+02	5,080467E+01	5,568179E+03
11,56	-1,199280E+06	2,659587E+02	5,146366E+01	5,568179E+03
11,565	-1,199281E+06	2,865225E+02	5,216503E+01	5,568179E+03
11,57	-1,199281E+06	2,858852E+02	5,312032E+01	5,568179E+03
11,575	-1,199280E+06	2,639331E+02	5,339490E+01	5,568179E+03
11,58	-1,199281E+06	2,715811E+02	5,270249E+01	5,568179E+03
11,585	-1,199280E+06	2,584247E+02	5,195295E+01	5,568179E+03
11,59	-1,199281E+06	2,577504E+02	5,128619E+01	5,568179E+03
11,595	-1,199280E+06	2,651375E+02	5,149670E+01	5,568179E+03
11,6	-1,199281E+06	2,898805E+02	5,153372E+01	5,568179E+03
11,605	-1,199281E+06	2,993280E+02	5,078717E+01	5,568179E+03
11,61	-1,199280E+06	2,735541E+02	5,018951E+01	5,568179E+03
11,615	-1,199281E+06	2,892901E+02	4,988538E+01	5,568179E+03
11,62	-1,199280E+06	2,821599E+02	5,046524E+01	5,568179E+03
11,625	-1,199280E+06	2,822303E+02	5,086610E+01	5,568179E+03
11,63	-1,199281E+06	2,968741E+02	5,068101E+01	5,568179E+03
11,635	-1,199280E+06	2,845522E+02	5,087647E+01	5,568179E+03
11,64	-1,199281E+06	3,043058E+02	5,113823E+01	5,568179E+03
11,645	-1,199280E+06	2,920622E+02	5,175632E+01	5,568179E+03
11,65	-1,199280E+06	2,817777E+02	5,227677E+01	5,568179E+03
11,655	-1,199280E+06	3,001139E+02	5,244486E+01	5,568179E+03
11,66	-1,199280E+06	2,929124E+02	5,255923E+01	5,568179E+03
11,665	-1,199280E+06	3,004283E+02	5,213473E+01	5,568179E+03
11,67	-1,199280E+06	2,994758E+02	5,186626E+01	5,568179E+03
11,675	-1,199280E+06	2,992553E+02	5,154841E+01	5,568179E+03
11,68	-1,199280E+06	3,044768E+02	5,088844E+01	5,568179E+03
11,685	-1,199280E+06	3,029869E+02	5,032083E+01	5,568179E+03
11,69	-1,199280E+06	3,053056E+02	4,959810E+01	5,568179E+03
11,695	-1,199280E+06	3,108909E+02	4,908291E+01	5,568179E+03
11,7	-1,199280E+06	3,166654E+02	4,887869E+01	5,568179E+03
11,705	-1,199280E+06	3,070385E+02	4,885244E+01	5,568179E+03
11,71	-1,199280E+06	3,097004E+02	4,930366E+01	5,568179E+03
11,715	-1,199280E+06	3,226406E+02	5,003519E+01	5,568179E+03
11,72	-1,199280E+06	3,158819E+02	5,076233E+01	5,568179E+03
11,725	-1,199280E+06	3,123500E+02	5,125579E+01	5,568179E+03
11,73	-1,199280E+06	3,144127E+02	5,153808E+01	5,568179E+03
11,735	-1,199280E+06	3,071994E+02	5,154016E+01	5,568179E+03
11,74	-1,199279E+06	3,048273E+02	5,080728E+01	5,568179E+03
11,745	-1,199280E+06	3,186059E+02	4,960894E+01	5,568179E+03
11,75	-1,199279E+06	3,135679E+02	4,890016E+01	5,568179E+03
11,755	-1,199280E+06	3,278299E+02	4,837489E+01	5,568179E+03
11,76	-1,199279E+06	3,198282E+02	4,885620E+01	5,568179E+03
11,765	-1,199279E+06	3,226395E+02	4,961184E+01	5,568179E+03
11,77	-1,199280E+06	3,473212E+02	4,944673E+01	5,568179E+03
11,775	-1,199279E+06	3,212227E+02	4,923016E+01	5,568179E+03
11,78	-1,199279E+06	3,148819E+02	4,873177E+01	5,568179E+03
11,785	-1,199279E+06	3,304376E+02	4,845386E+01	5,568179E+03
11,79	-1,199279E+06	3,301943E+02	4,914348E+01	5,568179E+03
11,795	-1,199279E+06	3,411533E+02	4,986410E+01	5,568179E+03
11,8	-1,199280E+06	3,567653E+02	5,015962E+01	5,568179E+03
11,805	-1,199279E+06	3,376098E+02	5,031653E+01	5,568179E+03
11,81	-1,199279E+06	3,363108E+02	5,007155E+01	5,568179E+03
11,815	-1,199280E+06	3,590971E+02	4,999391E+01	5,568179E+03
11,82	-1,199279E+06	3,379757E+02	4,990994E+01	5,568179E+03
11,825	-1,199279E+06	3,352647E+02	4,872490E+01	5,568179E+03
11,83	-1,199279E+06	3,521930E+02	4,801843E+01	5,568179E+03
11,835	-1,199279E+06	3,531516E+02	4,817926E+01	5,568179E+03
11,84	-1,199279E+06	3,498588E+02	4,803258E+01	5,568179E+03
11,845	-1,199279E+06	3,307781E+02	4,860873E+01	5,568179E+03
11,85	-1,199278E+06	3,181619E+02	4,986815E+01	5,568179E+03
11,855	-1,199279E+06	3,503620E+02	5,043185E+01	5,568179E+03
11,86	-1,199279E+06	3,528119E+02	5,080364E+01	5,568179E+03
11,865	-1,199278E+06	3,365934E+02	5,080040E+01	5,568179E+03
11,87	-1,199279E+06	3,594307E+02	5,056668E+01	5,568179E+03
11,875	-1,199278E+06	3,575075E+02	5,122266E+01	5,568179E+03
11,88	-1,199278E+06	3,669739E+02	5,164323E+01	5,568179E+03
11,885	-1,199279E+06	3,932195E+02	5,145426E+01	5,568179E+03
11,89	-1,199278E+06	3,595659E+02	5,105252E+01	5,568179E+03
11,895	-1,199278E+06	3,436802E+02	5,008156E+01	5,568179E+03
11,9	-1,199279E+06	3,710677E+02	4,983898E+01	5,568179E+03
11,905	-1,199278E+06	3,715454E+02	5,068528E+01	5,568179E+03
11,91	-1,199279E+06	3,734602E+02	5,066938E+01	5,568179E+03
11,915	-1,199279E+06	3,656918E+02	5,033103E+01	5,568179E+03
11,92	-1,199278E+06	3,476594E+02	5,109946E+01	5,568179E+03
11,925	-1,199278E+06	3,624885E+02	5,222417E+01	5,568179E+03
11,93	-1,199279E+06	3,891450E+02	5,337400E+01	5,568179E+03
11,935	-1,199278E+06	3,877969E+02	5,416949E+01	5,568179E+03
11,94	-1,199279E+06	4,011858E+02	5,332314E+01	5,568179E+03
11,945	-1,199278E+06	3,883074E+02	5,195729E+01	5,568179E+03
11,95	-1,199278E+06	3,626520E+02	5,074616E+01	5,568179E+03
11,955	-1,199278E+06	3,804438E+02	4,974474E+01	5,568179E+03
11,96	-1,199278E+06	3,841660E+02	4,962656E+01	5,568179E+03
11,965	-1,199278E+06	3,896851E+02	4,908071E+01	5,568179E+03
11,97	-1,199278E+06	3,857883E+02	4,871460E+01	5,568179E+03
11,975	-1,199278E+06	3,788846E+02	4,971732E+01	5,568179E+03
11,98	-1,199279E+06	3,909802E+02	5,083834E+01	5,568179E+03
11,985	-1,199278E+06	3,836079E+02	5,226894E+01	5,568179E+03
11,99	-1,199279E+06	4,132498E+02	5,341391E+01	5,568179E+03
11,995	-1,199278E+06	4,195898E+02	5,339887E+01	5,568179E+03
12,0	-1,199278E+06	3,950146E+02	5,317387E+01	5,568179E+03
12,005	-1,199277E+06	3,682106E+02	5,371592E+01	5,568179E+03
12,01	-1,199277E+06	3,850094E+02	5,442480E+01	5,568179E+03
12,015	-1,199279E+06	4,307786E+02	5,489281E+01	5,568179E+03
12,02	-1,199277E+06	4,088701E+02	5,497222E+01	5,568179E+03
12,025	-1,199278E+06	4,021255E+02	5,388275E+01	5,568179E+03
12,03	-1,199277E+06	3,889302E+02	5,329737E+01	5,568179E+03
12,035	-1,199278E+06	4,145368E+02	5,321986E+01	5,568179E+03
12,04	-1,199278E+06	4,376459E+02	5,355942E+01	5,568179E+03
12,045	-1,199277E+06	4,068374E+02	5,434131E+01	5,568179E+03
12,05	-1,199278E+06	4,328211E+02	5,391166E+01	5,568179E+03
12,055	-1,199278E+06	4,276977E+02	5,350175E+01	5,568179E+03
12,06	-1,199277E+06	4,040641E+02	5,354948E+01	5,568179E+03
12,065	-1,199278E+06	4,182359E+02	5,340101E+01	5,568179E+03
12,07	-1,199278E+06	4,306222E+02	5,394707E+01	5,568179E+03
12,075	-1,199278E+06	4,383063E+02	5,467861E+01	5,568179E+03
12,08	-1,199277E+06	4,379269E+02	5,483967E+01	5,568179E+03
12,085	-1,199278E+06	4,436619E+02	5,502998E+01	5,568179E+03
12,09	-1,199277E+06	4,413610E+02	5,512124E+01	5,568179E+03
12,095	-1,199278E+06	4,638135E+02	5,448903E+01	5,568179E+03
12,1	-1,199277E+06	4,435638E+02	5,434757E+01	5,568179E+03
12,105	-1,199277E+06	4,216986E+02	5,399058E+01	5,568179E+03
12,11	-1,199278E+06	4,344689E+02	5,321522E+01	5,568179E+03
12,115	-1,199277E+06	4,119741E+02	5,337610E+01	5,568179E+03
12,12	-1,199277E+06	4,161735E+02	5,379378E+01	5,568179E+03
12,125	-1,199277E+06	4,468485E+02	5,444324E+01	5,568179E+03
12,13	-1,199277E+06	4,625158E+02	5,491365E+01	5,568179E+03
12,135	-1,199277E+06	4,660282E+02	5,436880E+01	5,568179E+03
12,14	-1,199278E+06	4,921664E+02	5,341330E+01	5,568179E+03
12,145	-1,199277E+06	4,936775E+02	5,314361E+01	5,568179E+03
12,15	-1,199277E+06	4,810501E+02	5,331529E+01	5,568179E+03
12,155	-1,199277E+06	4,760301E+02	5,350591E+01	5,568179E+03
12,16	-1,199277E+06	4,530644E+02	5,364048E+01	5,568179E+03
12,165	-1,199277E+06	4,594850E+02	5,325284E+01	5,568179E+03
12,17	-1,199277E+06	4,578802E+02	5,314715E+01	5,568179E+03
12,175	-1,199276E+06	4,364226E+02	5,363677E+01	5,568179E+03
12,18	-1,199277E+06	4,665593E+02	5,363545E+01	5,568179E+03
12,185	-1,199277E+06	4,726560E+02	5,375492E+01	5,568179E+03
12,19	-1,199277E+06	4,624579E+02	5,406076E+01	5,568179E+03
12,195	-1,199277E+06	4,894908E+02	5,378681E+01	5,568179E+03
12,2	-1,199277E+06	4,956367E+02	5,381831E+01	5,568179E+03
12,205	-1,199277E+06	4,857076E+02	5,356449E+01	5,568179E+03
12,21	-1,199277E+06	4,986034E+02	5,219276E+01	5,568179E+03
12,215	-1,199277E+06	4,903603E+02	5,090869E+01	5,568179E+03
12,22	-1,199277E+06	4,621131E+02	4,946652E+01	5,568179E+03
12,225	-1,199276E+06	4,529291E+02	4,810222E+01	5,568179E+03
12,23	-1,199277E+06	4,827525E+02	4,780146E+01	5,568179E+03
12,235	-1,199276E+06	4,856968E+02	4,779981E+01	5,568179E+03
12,24	-1,199277E+06	4,932660E+02	4,685648E+01	5,568179E+03
12,245	-1,199277E+06	4,938144E+02	4,633853E+01	5,568179E+03
12,25	-1,199276E+06	4,875118E+02	4,619121E+01	5,568179E+03
12,255	-1,199277E+06	5,085790E+02	4,607247E+01	5,568179E+03
12,26	-1,199276E+06	4,919676E+02	4,729548E+01	5,568179E+03
12,265	-1,199276E+06	4,866264E+02	4,850593E+01	5,568179E+03
12,27	-1,199276E+06	5,015070E+02	4,941543E+01	5,568179E+03
12,275	-1,199277E+06	5,172973E+02	5,068894E+01	5,568179E+03
12,28	-1,199276E+06	5,200571E+02	5,188513E+01	5,568179E+03
12,285	-1,199277E+06	5,415516E+02	5,205595E+01	5,568179E+03
12,29	-1,199276E+06	5,139539E+02	5,177558E+01	5,568179E+03
12,295	-1,199275E+06	4,846902E+02	5,115107E+01	5,568179E+03
12,3	-1,199277E+06	5,156102E+02	4,974316E+01	5,568179E+03
12,305	-1,199275E+06	4,855988E+02	4,866995E+01	5,568179E+03
12,31	-1,199277E+06	5,025366E+02	4,734790E+01	5,568179E+03
12,315	-1,199276E+06	5,049384E+02	4,688119E+01	5,568179E+03
12,32	-1,199276E+06	5,365700E+02	4,657938E+01	5,568179E+03
12,325	-1,199276E+06	5,425889E+02	4,626803E+01	5,568179E+03
12,33	-1,199276E+06	5,455032E+02	4,575136E+01	5,568179E+03
12,335	-1,199275E+06	5,270368E+02	4,605771E+01	5,568179E+03
12,34	-1,199275E+06	5,247427E+02	4,657745E+01	5,568179E+03
12,345	-1,199276E+06	5,343819E+02	4,724397E+01	5,568179E+03
12,35	-1,199275E+06	5,219627E+02	4,855150E+01	5,568179E+03
12,355	-1,199276E+06	5,231732E+02	4,934377E+01	5,568179E+03
12,36	-1,199275E+06	5,197758E+02	4,975168E+01	5,568179E+03
12,365	-1,199276E+06	5,135301E+02	5,040011E+01	5,568179E+03
12,37	-1,199275E+06	5,078091E+02	5,105779E+01	5,568179E+03
12,375	-1,199276E+06	5,425398E+02	5,178991E+01	5,568179E+03
12,38	-1,199276E+06	5,584166E+02	5,237004E+01	5,568179E+03
12,385	-1,199275E+06	5,504423E+02	5,119137E+01	5,568179E+03
12,39	-1,199275E+06	5,421403E+02	4,940727E+01	5,568179E+03
12,395	-1,199275E+06	5,220625E+02	4,867758E+01	5,568179E+03
12,4	-1,199275E+06	5,243791E+02	4,781761E+01	5,568179E+03
12,405	-1,199275E+06	5,250645E+02	4,687263E+01	5,568179E+03
12,41	-1,199275E+06	5,465653E+02	4,607166E+01	5,568179E+03
12,415	-1,199275E+06	5,588948E+02	4,542139E+01	5,568179E+03
12,42	-1,199275E+06	5,389905E+02	4,543812E+01	5,568179E+03
12,425	-1,199275E+06	5,352553E+02	4,563501E+01	5,568179E+03
12,43	-1,199275E+06	5,554334E+02	4,616106E+01	5,568179E+03
12,435	-1,199275E+06	5,785983E+02	4,739811E+01	5,568179E+03
12,44	-1,199275E+06	5,928804E+02	4,866569E+01	5,568179E+03
12,445	-1,199275E+06	5,990495E+02	4,950588E+01	5,568179E+03
12,45	-1,199275E+06	5,851441E+02	4,937858E+01	5,568179E+03
12,455	-1,199275E+06	5,560507E+02	4,855254E+01	5,568179E+03
12,46	-1,199274E+06	5,410287E+02	4,822079E+01	5,568179E+03
12,465	-1,199275E+06	5,704651E+02	4,815965E+01	5,568179E+03
12,47	-1,199275E+06	5,751317E+02	4,822758E+01	5,568179E+03
12,475	-1,199274E+06	5,607465E+02	4,830492E+01	5,568179E+03
12,48	-1,199275E+06	5,716931E+02	4,841993E+01	5,568179E+03
12,485	-1,199274E+06	5,682422E+02	4,876457E+01	5,568179E+03
12,49	-1,199275E+06	5,824924E+02	4,838773E+01	5,568179E+03
12,495	-1,199275E+06	5,877042E+02	4,730734E+01	5,568179E+03
12,5	-1,199274E+06	5,652401E+02	4,611199E+01	5,568179E+03
12,505	-1,199275E+06	5,742144E+02	4,529742E+01	5,568179E+03
12,51	-1,199275E+06	5,765992E+02	4,470163E+01	5,568179E+03
12,515	-1,199274E+06	5,525660E+02	4,374665E+01	5,568179E+03
12,52	-1,199274E+06	5,567478E+02	4,305553E+01	5,568179E+03
12,525	-1,199275E+06	5,836790E+02	4,296584E+01	5,568179E+03
12,53	-1,199274E+06	5,704458E+02	4,331785E+01	5,568179E+03
12,535	-1,199274E+06	5,709247E+02	4,459515E+01	5,568179E+03
12,54	-1,199275E+06	6,042170E+02	4,636876E+01	5,568179E+03
12,545	-1,199274E+06	6,024356E+02	4,768658E+01	5,568179E+03
12,55	-1,199275E+06	6,227056E+02	4,789450E+01	5,568179E+03
12,555	-1,199274E+06	6,228092E+02	4,755043E+01	5,568179E+03
12,56	-1,199274E+06	6,130944E+02	4,723684E+01	5,568179E+03
12,565	-1,199274E+06	6,036176E+02	4,765904E+01	5,568179E+03
12,57	-1,199273E+06	5,773774E+02	4,819271E+01	5,568179E+03
12,575	-1,199274E+06	5,912520E+02	4,796236E+01	5,568179E+03
12,58	-1,199274E+06	6,173475E+02	4,774638E+01	5,568179E+03
12,585	-1,199274E+06	6,244079E+02	4,786129E+01	5,568179E+03
12,59	-1,199273E+06	6,049112E+02	4,827019E+01	5,568179E+03
12,595	-1,199274E+06	6,281260E+02	4,780457E+01	5,568179E+03
12,6	-1,199274E+06	6,297563E+02	4,685211E+01	5,568179E+03
12,605	-1,199273E+06	5,942318E+02	4,600059E+01	5,568179E+03
12,61	-1,199274E+06	6,040266E+02	4,447265E+01	5,568179E+03
12,615	-1,199273E+06	5,925560E+02	4,354796E+01	5,568179E+03
12,62	-1,199273E+06	5,902825E+02	4,333125E+01	5,568179E+03
12,625	-1,199274E+06	6,148691E+02	4,358894E+01	5,568179E+03
12,63	-1,199273E+06	6,116604E+02	4,506030E+01	5,568179E+03
12,635	-1,199273E+06	6,185867E+02	4,654687E+01	5,568179E+03
12,64	-1,199274E+06	6,370345E+02	4,866670E+01	5,568179E+03
12,645	-1,199273E+06	6,256641E+02	5,199611E+01	5,568179E+03
12,65	-1,199274E+06	6,410137E+02	5,350262E+01	5,568179E+03
12,655	-1,199274E+06	6,265009E+02	5,402807E+01	5,568179E+03
12,66	-1,199273E+06	6,103615E+02	5,395872E+01	5,568179E+03
12,665	-1,199274E+06	6,383464E+02	5,241770E+01	5,568179E+03
12,67	-1,199273E+06	6,082136E+02	5,143327E+01	5,568179E+03
12,675	-1,199273E+06	6,117883E+02	5,063008E+01	5,568179E+03
12,68	-1,199273E+06	6,320192E+02	5,016104E+01	5,568179E+03
12,685	-1,199273E+06	6,399933E+02	4,911777E+01	5,568179E+03
12,69	-1,199273E+06	6,666812E+02	4,765653E+01	5,568179E+03
12,695	-1,199274E+06	6,638494E+02	4,730895E+01	5,568179E+03
12,7	-1,199273E+06	6,157344E+02	4,760131E+01	5,568179E+03
12,705	-1,199273E+06	6,088899E+02	4,775848E+01	5,568179E+03
12,71	-1,199274E+06	6,580167E+02	4,676411E+01	5,568179E+03
12,715	-1,199273E+06	6,390748E+02	4,513935E+01	5,568179E+03
12,72	-1,199272E+06	6,064984E+02	4,442252E+01	5,568179E+03
12,725	-1,199273E+06	6,341546E+02	4,537159E+01	5,568179E+03
12,73	-1,199274E+06	6,635202E+02	4,658783E+01	5,568179E+03
12,735	-1,199273E+06	6,306761E+02	4,686597E+01	5,568179E+03
12,74	-1,199273E+06	6,178028E+02	4,627123E+01	5,568179E+03
12,745	-1,199273E+06	6,144339E+02	4,596491E+01	5,568179E+03
12,75	-1,199273E+06	6,232191E+02	4,543122E+01	5,568179E+03
12,755	-1,199272E+06	6,072891E+02	4,578305E+01	5,568179E+03
12,76	-1,199273E+06	6,335499E+02	4,662593E+01	5,568179E+03
12,765	-1,199274E+06	6,713657E+02	4,676356E+01	5,568179E+03
12,77	-1,199272E+06	6,365735E+02	4,714944E+01	5,568179E+03
12,775	-1,199273E+06	6,727993E+02	4,659562E+01	5,568179E+03
12,78	-1,199274E+06	6,640929E+02	4,585588E+01	5,568179E+03
12,785	-1,199271E+06	5,799060E+02	4,640080E+01	5,568179E+03
12,79	-1,199273E+06	6,391435E+02	4,674683E+01	5,568179E+03
12,795	-1,199274E+06	6,684373E+02	4,767128E+01	5,568179E+03
12,8	-1,199272E+06	6,264777E+02	4,830958E+01	5,568179E+03
12,805	-1,199273E+06	6,245837E+02	4,806566E+01	5,568179E+03
12,81	-1,199272E+06	6,198158E+02	4,881033E+01	5,568179E+03
12,815	-1,199273E+06	6,561829E+02	4,956937E+01	5,568179E+03
12,82	-1,199273E+06	6,811045E+02	5,040677E+01	5,568179E+03
12,825	-1,199274E+06	6,901464E+02	5,117054E+01	5,568179E+03
12,83	-1,199272E+06	6,370742E+02	5,168829E+01	5,568179E+03
12,835	-1,199273E+06	6,757495E+02	5,141211E+01	5,568179E+03
12,84	-1,199273E+06	6,928553E+02	5,156281E+01	5,568179E+03
12,845	-1,199272E+06	6,573964E+02	5,135909E+01	5,568179E+03
12,85	-1,199274E+06	6,705349E+02	4,968790E+01	5,568179E+03
12,855	-1,199272E+06	6,328328E+02	4,805868E+01	5,568179E+03
12,86	-1,199273E+06	6,478245E+02	4,594127E+01	5,568179E+03
12,865	-1,199274E+06	6,847471E+02	4,496157E+01	5,568179E+03
12,87	-1,199272E+06	6,432900E+02	4,658588E+01	5,568179E+03
12,875	-1,199273E+06	6,721331E+02	4,769237E+01	5,568179E+03
12,88	-1,199274E+06	7,135098E+02	4,822035E+01	5,568179E+03
12,885	-1,199272E+06	6,574403E+02	4,947747E+01	5,568179E+03
12,89	-1,199273E+06	6,532847E+02	4,994064E+01	5,568179E+03
12,895	-1,199274E+06	6,600549E+02	5,018461E+01	5,568179E+03
12,9	-1,199272E+06	6,201968E+02	5,090855E+01	5,568179E+03
12,905	-1,199273E+06	6,583054E+02	5,073957E+01	5,568179E+03
12,91	-1,199273E+06	6,795990E+02	4,975395E+01	5,568179E+03
12,915	-1,199273E+06	6,433510E+02	4,828098E+01	5,568179E+03
12,92	-1,199272E+06	6,221360E+02	4,698990E+01	5,568179E+03
12,925	-1,199274E+06	6,652026E+02	4,649351E+01	5,568179E+03
12,93	-1,199273E+06	6,586666E+02	4,720108E+01	5,568179E+03
12,935	-1,199273E+06	6,504688E+02	4,742317E+01	5,568179E+03
12,94	-1,199273E+06	6,660265E+02	4,710536E+01	5,568179E+03
12,945	-1,199273E+06	6,464249E+02	4,750779E+01	5,568179E+03
12,95	-1,199272E+06	6,630769E+02	4,820919E+01	5,568179E+03
12,955	-1,199274E+06	6,991782E+02	4,872619E+01	5,568179E+03
12,96	-1,199272E+06	6,638378E+02	4,979853E+01	5,568179E+03
12,965	-1,199273E+06	6,707565E+02	4,998851E+01	5,568179E+03
12,97	-1,199273E+06	6,504590E+02	4,951430E+01	5,568179E+03
12,975	-1,199272E+06	6,173777E+02	4,981204E+01	5,568179E+03
12,98	-1,199273E+06	6,504506E+02	5,049818E+01	5,568179E+03
12,985	-1,199273E+06	6,836165E+02	5,096939E+01	5,568179E+03
12,99	-1,199273E+06	6,857122E+02	5,080368E+01	5,568179E+03
12,995	-1,199273E+06	6,675340E+02	4,991023E+01	5,568179E+03
13,0	-1,199274E+06	6,612690E+02	4,924326E+01	5,568179E+03
13,005	-1,199273E+06	6,357489E+02	4,963856E+01	5,568179E+03
13,01	-1,199273E+06	6,533927E+02	4,954127E+01	5,568179E+03
13,015	-1,199274E+06	6,815989E+02	4,861411E+01	5,568179E+03
13,02	-1,199274E+06	6,757347E+02	4,780779E+01	5,568179E+03
13,025	-1,199273E+06	6,522309E+02	4,677768E+01	5,568179E+03
13,03	-1,199274E+06	6,507550E+02	4,559419E+01	5,568179E+03
13,035	-1,199273E+06	6,230973E+02	4,554635E+01	5,568179E+03
13,04	-1,199273E+06	6,187329E+02	4,557718E+01	5,568179E+03
13,045	-1,199273E+06	6,228212E+02	4,625973E+01	5,568179E+03
13,05	-1,199273E+06	6,450503E+02	4,803157E+01	5,568179E+03
13,055	-1,199274E+06	6,948700E+02	4,972331E+01	5,568179E+03
13,06	-1,199273E+06	6,871103E+02	5,076535E+01	5,568179E+03
13,065	-1,199273E+06	6,872846E+02	5,063219E+01	5,568179E+03
13,07	-1,199273E+06	6,817162E+02	4,982913E+01	5,568179E+03
13,075	-1,199273E+06	6,529820E+02	4,892904E+01	5,568179E+03
13,08	-1,199272E+06	6,371546E+02	4,836318E+01	5,568179E+03
13,085	-1,199273E+06	6,620916E+02	4,750017E+01	5,568179E+03
13,09	-1,199273E+06	6,745321E+02	4,689076E+01	5,568179E+03
13,095	-1,199273E+06	6,585995E+02	4,692147E+01	5,568179E+03
13,1	-1,199273E+06	6,767519E+02	4,663448E+01	5,568179E+03
13,105	-1,199273E+06	6,711196E+02	4,693376E+01	5,568179E+03
13,11	-1,199272E+06	6,521116E+02	4,729567E+01	5,568179E+03
13,115	-1,199274E+06	6,865692E+02	4,649804E+01	5,568179E+03
13,12	-1,199273E+06	6,665992E+02	4,608211E+01	5,568179E+03
13,125	-1,199272E+06	6,363428E+02	4,526754E+01	5,568179E+03
13,13	-1,199274E+06	6,643518E+02	4,361412E+01	5,568179E+03
13,135	-1,199273E+06	6,423645E+02	4,335564E+01	5,568179E+03
13,14	-1,199273E+06	6,341619E+02	4,387278E+01	5,568179E+03
13,145	-1,199273E+06	6,636310E+02	4,453931E+01	5,568179E+03
13,15	-1,199274E+06	6,838575E+02	4,472198E+01	5,568179E+03
13,155	-1,199273E+06	6,465656E+02	4,446694E+01	5,568179E+03
13,16	-1,199273E+06	6,446091E+02	4,424570E+01	5,568179E+03
13,165	-1,199274E+06	6,582589E+02	4,419444E+01	5,568179E+03
13,17	-1,199273E+06	6,310352E+02	4,401326E+01	5,568179E+03
13,175	-1,199273E+06	6,443779E+02	4,311475E+01	5,568179E+03
13,18	-1,199274E+06	6,621939E+02	4,240798E+01	5,568179E+03
13,185	-1,199273E+06	6,461902E+02	4,227334E+01	5,568179E+03
13,19	-1,199273E+06	6,450359E+02	4,230928E+01	5,568179E+03
13,195	-1,199273E+06	6,464961E+02	4,307544E+01	5,568179E+03
13,2	-1,199273E+06	6,365683E+02	4,435130E+01	5,568179E+03
13,205	-1,199273E+06	6,593274E+02	4,525115E+01	5,568179E+03
13,21	-1,199273E+06	6,731476E+02	4,589174E+01	5,568179E+03
13,215	-1,199273E+06	6,528646E+02	4,606730E+01	5,568179E+03
13,22	-1,199273E+06	6,407415E+02	4,568951E+01	5,568179E+03
13,225	-1,199274E+06	6,534294E+02	4,455902E+01	5,568179E+03
13,23	-1,199272E+06	6,147102E+02	4,371037E+01	5,568179E+03
13,235	-1,199273E+06	6,262696E+02	4,348967E+01	5,568179E+03
13,24	-1,199274E+06	6,713581E+02	4,359753E+01	5,568179E+03
13,245	-1,199273E+06	6,418379E+02	4,381807E+01	5,568179E+03
13,25	-1,199273E+06	6,409486E+02	4,326002E+01	5,568179E+03
13,255	-1,199273E+06	6,422148E+02	4,230136E+01	5,568179E+03
13,26	-1,199273E+06	6,161901E+02	4,145303E+01	5,568179E+03
13,265	-1,199273E+06	6,060846E+02	4,088842E+01	5,568179E+03
13,27	-1,199273E+06	6,226962E+02	4,130463E+01	5,568179E+03
13,275	-1,199273E+06	6,356834E+02	4,221405E+01	5,568179E+03
13,28	-1,199274E+06	6,501022E+02	4,164130E+01	5,568179E+03
13,285	-1,199272E+06	6,252861E+02	4,126376E+01	5,568179E+03
13,29	-1,199273E+06	6,379825E+02	4,145956E+01	5,568179E+03
13,295	-1,199274E+06	6,528554E+02	4,093960E+01	5,568179E+03
13,3	-1,199273E+06	6,200085E+02	4,032013E+01	5,568179E+03
13,305	-1,199272E+06	5,685393E+02	4,025369E+01	5,568179E+03
13,31	-1,199273E+06	5,897909E+02	4,027318E+01	5,568179E+03
13,315	-1,199274E+06	6,541802E+02	4,160272E+01	5,568179E+03
13,32	-1,199274E+06	6,663917E+02	4,285320E+01	5,568179E+03
13,325	-1,199273E+06	6,289643E+02	4,236327E+01	5,568179E+03
13,33	-1,199273E+06	5,836115E+02	4,192334E+01	5,568179E+03
