#t	totalEnergy 	temperature  	pressure 	volume 		PtensXX 	PtensXY 	PtensXZ 	PtensYX 	PtensYY 	PtensYZ 	PtensZX 	PtensZY 	PtensZZ
0.0	-1.199278E+06	2.999999E+02	1.683553E+01	5.568179E+03
0.005	-1.199288E+06	5.306966E+02	2.269010E+01	5.568179E+03
0.01	-1.199285E+06	6.647854E+02	3.661526E+01	5.568179E+03
0.015	-1.199285E+06	7.423133E+02	4.821664E+01	5.568179E+03
0.02	-1.199287E+06	8.053293E+02	5.749928E+01	5.568179E+03
0.025	-1.199283E+06	6.984964E+02	6.337666E+01	5.568179E+03
0.03	-1.199285E+06	6.855599E+02	6.723644E+01	5.568179E+03
0.035	-1.199285E+06	6.969049E+02	6.859925E+01	5.568179E+03
0.04	-1.199284E+06	6.724908E+02	6.670842E+01	5.568179E+03
0.045	-1.199285E+06	6.806773E+02	6.284303E+01	5.568179E+03
0.05	-1.199285E+06	6.874784E+02	5.608429E+01	5.568179E+03
0.055	-1.199285E+06	6.817405E+02	5.006064E+01	5.568179E+03
0.06	-1.199285E+06	6.713798E+02	4.589675E+01	5.568179E+03
0.065	-1.199285E+06	6.389548E+02	4.327730E+01	5.568179E+03
0.07	-1.199284E+06	6.153447E+02	4.318738E+01	5.568179E+03
0.075	-1.199286E+06	7.073737E+02	4.295530E+01	5.568179E+03
0.08	-1.199287E+06	7.286199E+02	4.458343E+01	5.568179E+03
0.085	-1.199283E+06	6.525985E+02	4.823824E+01	5.568179E+03
0.09	-1.199288E+06	7.535067E+02	5.033792E+01	5.568179E+03
0.095	-1.199285E+06	7.072349E+02	5.406380E+01	5.568179E+03
0.1	-1.199284E+06	6.813040E+02	5.634644E+01	5.568179E+03
0.105	-1.199287E+06	7.065503E+02	5.696361E+01	5.568179E+03
0.11	-1.199283E+06	6.329875E+02	5.834847E+01	5.568179E+03
0.115	-1.199287E+06	7.094316E+02	5.784931E+01	5.568179E+03
0.12	-1.199285E+06	6.899332E+02	5.773397E+01	5.568179E+03
0.125	-1.199285E+06	6.691244E+02	5.601890E+01	5.568179E+03
0.13	-1.199286E+06	6.813279E+02	5.251364E+01	5.568179E+03
0.135	-1.199284E+06	5.945344E+02	4.891382E+01	5.568179E+03
0.14	-1.199285E+06	6.136413E+02	4.523550E+01	5.568179E+03
0.145	-1.199286E+06	6.922051E+02	4.488902E+01	5.568179E+03
0.15	-1.199285E+06	6.824735E+02	4.562963E+01	5.568179E+03
0.155	-1.199285E+06	6.721452E+02	4.512547E+01	5.568179E+03
0.16	-1.199286E+06	7.063545E+02	4.418936E+01	5.568179E+03
0.165	-1.199286E+06	6.707765E+02	4.320914E+01	5.568179E+03
0.17	-1.199284E+06	6.319423E+02	4.574656E+01	5.568179E+03
0.175	-1.199286E+06	6.770099E+02	4.918972E+01	5.568179E+03
0.18	-1.199285E+06	6.840712E+02	5.145451E+01	5.568179E+03
0.185	-1.199286E+06	6.800633E+02	5.298112E+01	5.568179E+03
0.19	-1.199285E+06	6.334908E+02	5.141087E+01	5.568179E+03
0.195	-1.199285E+06	6.259516E+02	5.093620E+01	5.568179E+03
0.2	-1.199286E+06	6.446489E+02	5.203423E+01	5.568179E+03
0.205	-1.199284E+06	6.242045E+02	5.075315E+01	5.568179E+03
0.21	-1.199286E+06	6.823191E+02	4.904557E+01	5.568179E+03
0.215	-1.199286E+06	6.977212E+02	4.533593E+01	5.568179E+03
0.22	-1.199285E+06	6.665254E+02	4.226530E+01	5.568179E+03
0.225	-1.199285E+06	6.585124E+02	4.380194E+01	5.568179E+03
0.23	-1.199286E+06	6.534011E+02	4.486895E+01	5.568179E+03
0.235	-1.199285E+06	6.374658E+02	4.517448E+01	5.568179E+03
0.24	-1.199286E+06	6.691917E+02	4.503981E+01	5.568179E+03
0.245	-1.199286E+06	6.805814E+02	4.494151E+01	5.568179E+03
0.25	-1.199285E+06	6.361140E+02	4.718855E+01	5.568179E+03
0.255	-1.199286E+06	6.451404E+02	4.931847E+01	5.568179E+03
0.26	-1.199285E+06	6.173956E+02	5.143981E+01	5.568179E+03
0.265	-1.199285E+06	6.528251E+02	5.248063E+01	5.568179E+03
0.27	-1.199288E+06	7.005467E+02	5.197733E+01	5.568179E+03
0.275	-1.199284E+06	6.288894E+02	5.180364E+01	5.568179E+03
0.28	-1.199287E+06	6.698809E+02	5.015729E+01	5.568179E+03
0.285	-1.199285E+06	6.231614E+02	4.950376E+01	5.568179E+03
0.29	-1.199285E+06	6.259505E+02	4.788217E+01	5.568179E+03
0.295	-1.199287E+06	6.590195E+02	4.567324E+01	5.568179E+03
0.3	-1.199285E+06	6.113863E+02	4.568678E+01	5.568179E+03
0.305	-1.199286E+06	6.218101E+02	4.627357E+01	5.568179E+03
0.31	-1.199287E+06	6.694929E+02	4.849875E+01	5.568179E+03
0.315	-1.199286E+06	6.568132E+02	5.192326E+01	5.568179E+03
0.32	-1.199285E+06	6.527442E+02	5.330872E+01	5.568179E+03
0.325	-1.199287E+06	6.820980E+02	5.319821E+01	5.568179E+03
0.33	-1.199284E+06	6.010583E+02	5.273467E+01	5.568179E+03
0.335	-1.199285E+06	6.161687E+02	5.209959E+01	5.568179E+03
0.34	-1.199287E+06	6.514107E+02	5.229281E+01	5.568179E+03
0.345	-1.199284E+06	6.006918E+02	5.132575E+01	5.568179E+03
0.35	-1.199287E+06	6.428947E+02	4.839792E+01	5.568179E+03
0.355	-1.199285E+06	6.045407E+02	4.553047E+01	5.568179E+03
0.36	-1.199286E+06	6.038360E+02	4.349792E+01	5.568179E+03
0.365	-1.199287E+06	6.337049E+02	4.421350E+01	5.568179E+03
0.37	-1.199285E+06	6.117016E+02	4.613589E+01	5.568179E+03
0.375	-1.199287E+06	6.605168E+02	4.683343E+01	5.568179E+03
0.38	-1.199287E+06	6.692665E+02	4.533984E+01	5.568179E+03
0.385	-1.199286E+06	6.151945E+02	4.415006E+01	5.568179E+03
0.39	-1.199285E+06	5.704136E+02	4.697847E+01	5.568179E+03
0.395	-1.199287E+06	6.004739E+02	5.027023E+01	5.568179E+03
0.4	-1.199287E+06	6.140874E+02	5.240545E+01	5.568179E+03
0.405	-1.199287E+06	6.070111E+02	5.289297E+01	5.568179E+03
0.41	-1.199286E+06	5.843626E+02	5.277117E+01	5.568179E+03
0.415	-1.199286E+06	5.993093E+02	5.471753E+01	5.568179E+03
0.42	-1.199288E+06	6.372451E+02	5.628429E+01	5.568179E+03
0.425	-1.199286E+06	5.969321E+02	5.596991E+01	5.568179E+03
0.43	-1.199287E+06	6.200782E+02	5.356693E+01	5.568179E+03
0.435	-1.199287E+06	6.256994E+02	4.987692E+01	5.568179E+03
0.44	-1.199286E+06	6.091758E+02	4.694913E+01	5.568179E+03
0.445	-1.199288E+06	6.426326E+02	4.585202E+01	5.568179E+03
0.45	-1.199287E+06	6.107390E+02	4.564846E+01	5.568179E+03
0.455	-1.199286E+06	5.714167E+02	4.447238E+01	5.568179E+03
0.46	-1.199287E+06	5.763877E+02	4.271750E+01	5.568179E+03
0.465	-1.199286E+06	5.640403E+02	4.274123E+01	5.568179E+03
0.47	-1.199287E+06	5.929582E+02	4.440047E+01	5.568179E+03
0.475	-1.199287E+06	6.093345E+02	4.733015E+01	5.568179E+03
0.48	-1.199286E+06	5.871333E+02	5.086857E+01	5.568179E+03
0.485	-1.199287E+06	5.960344E+02	5.332589E+01	5.568179E+03
0.49	-1.199287E+06	5.927605E+02	5.431905E+01	5.568179E+03
0.495	-1.199286E+06	5.557398E+02	5.450263E+01	5.568179E+03
0.5	-1.199287E+06	5.901088E+02	5.424133E+01	5.568179E+03
0.505	-1.199288E+06	5.996342E+02	5.352033E+01	5.568179E+03
0.51	-1.199285E+06	5.374709E+02	5.179935E+01	5.568179E+03
0.515	-1.199288E+06	5.905628E+02	4.869432E+01	5.568179E+03
0.52	-1.199287E+06	5.874405E+02	4.658004E+01	5.568179E+03
0.525	-1.199286E+06	5.685345E+02	4.603086E+01	5.568179E+03
0.53	-1.199289E+06	6.199964E+02	4.597223E+01	5.568179E+03
0.535	-1.199286E+06	5.722229E+02	4.671573E+01	5.568179E+03
0.54	-1.199287E+06	5.745075E+02	4.658535E+01	5.568179E+03
0.545	-1.199288E+06	5.989356E+02	4.601153E+01	5.568179E+03
0.55	-1.199286E+06	5.573832E+02	4.763885E+01	5.568179E+03
0.555	-1.199288E+06	5.848069E+02	5.027930E+01	5.568179E+03
0.56	-1.199287E+06	5.690366E+02	5.244365E+01	5.568179E+03
0.565	-1.199287E+06	5.478671E+02	5.353674E+01	5.568179E+03
0.57	-1.199288E+06	5.698859E+02	5.284160E+01	5.568179E+03
0.575	-1.199287E+06	5.552728E+02	5.135066E+01	5.568179E+03
0.58	-1.199287E+06	5.425098E+02	5.137486E+01	5.568179E+03
0.585	-1.199288E+06	5.805186E+02	5.132809E+01	5.568179E+03
0.59	-1.199288E+06	5.592931E+02	5.008493E+01	5.568179E+03
0.595	-1.199287E+06	5.307161E+02	4.843448E+01	5.568179E+03
0.6	-1.199288E+06	5.604316E+02	4.609783E+01	5.568179E+03
0.605	-1.199288E+06	5.484284E+02	4.481894E+01	5.568179E+03
0.61	-1.199287E+06	5.309245E+02	4.608594E+01	5.568179E+03
0.615	-1.199288E+06	5.259770E+02	4.861975E+01	5.568179E+03
0.62	-1.199288E+06	5.319380E+02	5.094828E+01	5.568179E+03
0.625	-1.199289E+06	5.468055E+02	5.227945E+01	5.568179E+03
0.63	-1.199287E+06	5.114647E+02	5.209789E+01	5.568179E+03
0.635	-1.199288E+06	5.453125E+02	5.105040E+01	5.568179E+03
0.64	-1.199288E+06	5.636666E+02	5.139325E+01	5.568179E+03
0.645	-1.199288E+06	5.598722E+02	5.092541E+01	5.568179E+03
0.65	-1.199289E+06	5.576022E+02	4.863182E+01	5.568179E+03
0.655	-1.199287E+06	5.164957E+02	4.580145E+01	5.568179E+03
0.66	-1.199288E+06	5.174643E+02	4.304254E+01	5.568179E+03
0.665	-1.199288E+06	5.194533E+02	4.316978E+01	5.568179E+03
0.67	-1.199288E+06	5.125126E+02	4.519944E+01	5.568179E+03
0.675	-1.199289E+06	5.292338E+02	4.628706E+01	5.568179E+03
0.68	-1.199288E+06	5.342727E+02	4.689043E+01	5.568179E+03
0.685	-1.199289E+06	5.361474E+02	4.674592E+01	5.568179E+03
0.69	-1.199288E+06	5.315706E+02	4.714302E+01	5.568179E+03
0.695	-1.199289E+06	5.459787E+02	4.835218E+01	5.568179E+03
0.7	-1.199288E+06	5.294695E+02	4.886697E+01	5.568179E+03
0.705	-1.199288E+06	5.098816E+02	4.812091E+01	5.568179E+03
0.71	-1.199289E+06	4.940273E+02	4.587687E+01	5.568179E+03
0.715	-1.199288E+06	4.621834E+02	4.405063E+01	5.568179E+03
0.72	-1.199289E+06	4.917860E+02	4.432237E+01	5.568179E+03
0.725	-1.199289E+06	5.186328E+02	4.584577E+01	5.568179E+03
0.73	-1.199288E+06	4.989739E+02	4.698762E+01	5.568179E+03
0.735	-1.199289E+06	5.005001E+02	4.616795E+01	5.568179E+03
0.74	-1.199289E+06	4.857949E+02	4.518964E+01	5.568179E+03
0.745	-1.199288E+06	4.868736E+02	4.598630E+01	5.568179E+03
0.75	-1.199290E+06	5.217710E+02	4.719809E+01	5.568179E+03
0.755	-1.199289E+06	4.926890E+02	4.808477E+01	5.568179E+03
0.76	-1.199289E+06	4.760907E+02	4.748287E+01	5.568179E+03
0.765	-1.199289E+06	4.805511E+02	4.621340E+01	5.568179E+03
0.77	-1.199289E+06	4.827468E+02	4.656691E+01	5.568179E+03
0.775	-1.199290E+06	5.234242E+02	4.843513E+01	5.568179E+03
0.78	-1.199289E+06	5.138888E+02	5.081582E+01	5.568179E+03
0.785	-1.199288E+06	4.818776E+02	5.224469E+01	5.568179E+03
0.79	-1.199290E+06	5.019656E+02	5.197812E+01	5.568179E+03
0.795	-1.199289E+06	4.765349E+02	5.134414E+01	5.568179E+03
0.8	-1.199289E+06	4.765693E+02	5.030419E+01	5.568179E+03
0.805	-1.199290E+06	4.934990E+02	4.937279E+01	5.568179E+03
0.81	-1.199289E+06	4.538675E+02	4.864244E+01	5.568179E+03
0.815	-1.199289E+06	4.504454E+02	4.662263E+01	5.568179E+03
0.82	-1.199289E+06	4.558544E+02	4.495151E+01	5.568179E+03
0.825	-1.199289E+06	4.639707E+02	4.457983E+01	5.568179E+03
0.83	-1.199290E+06	4.818053E+02	4.524119E+01	5.568179E+03
0.835	-1.199290E+06	4.870257E+02	4.700642E+01	5.568179E+03
0.84	-1.199289E+06	4.814308E+02	4.832967E+01	5.568179E+03
0.845	-1.199290E+06	4.934954E+02	4.756162E+01	5.568179E+03
0.85	-1.199289E+06	4.588914E+02	4.622639E+01	5.568179E+03
0.855	-1.199289E+06	4.390050E+02	4.577868E+01	5.568179E+03
0.86	-1.199290E+06	4.447893E+02	4.660777E+01	5.568179E+03
0.865	-1.199289E+06	4.137482E+02	4.837802E+01	5.568179E+03
0.87	-1.199290E+06	4.277767E+02	4.949730E+01	5.568179E+03
0.875	-1.199290E+06	4.506918E+02	4.882815E+01	5.568179E+03
0.88	-1.199290E+06	4.353935E+02	4.790227E+01	5.568179E+03
0.885	-1.199290E+06	4.516661E+02	4.793083E+01	5.568179E+03
0.89	-1.199290E+06	4.519809E+02	4.827815E+01	5.568179E+03
0.895	-1.199290E+06	4.338000E+02	4.812637E+01	5.568179E+03
0.9	-1.199290E+06	4.447573E+02	4.626410E+01	5.568179E+03
0.905	-1.199291E+06	4.551535E+02	4.379111E+01	5.568179E+03
0.91	-1.199290E+06	4.247953E+02	4.327376E+01	5.568179E+03
0.915	-1.199291E+06	4.325147E+02	4.344262E+01	5.568179E+03
0.92	-1.199291E+06	4.260015E+02	4.414195E+01	5.568179E+03
0.925	-1.199290E+06	4.027580E+02	4.538830E+01	5.568179E+03
0.93	-1.199292E+06	4.434602E+02	4.579187E+01	5.568179E+03
0.935	-1.199290E+06	4.269439E+02	4.679356E+01	5.568179E+03
0.94	-1.199291E+06	4.320893E+02	4.796671E+01	5.568179E+03
0.945	-1.199291E+06	4.349484E+02	4.880099E+01	5.568179E+03
0.95	-1.199290E+06	4.015868E+02	4.927580E+01	5.568179E+03
0.955	-1.199291E+06	4.198594E+02	4.889514E+01	5.568179E+03
0.96	-1.199291E+06	4.160968E+02	4.843011E+01	5.568179E+03
0.965	-1.199291E+06	4.098533E+02	4.796879E+01	5.568179E+03
0.97	-1.199291E+06	4.215141E+02	4.818849E+01	5.568179E+03
0.975	-1.199291E+06	4.178200E+02	4.837402E+01	5.568179E+03
0.98	-1.199291E+06	4.096800E+02	4.734879E+01	5.568179E+03
0.985	-1.199291E+06	3.929613E+02	4.579289E+01	5.568179E+03
0.99	-1.199291E+06	3.904941E+02	4.434456E+01	5.568179E+03
0.995	-1.199292E+06	4.162397E+02	4.441118E+01	5.568179E+03
1.0	-1.199291E+06	3.972038E+02	4.597803E+01	5.568179E+03
1.005	-1.199291E+06	3.996102E+02	4.652510E+01	5.568179E+03
1.01	-1.199292E+06	4.250962E+02	4.686163E+01	5.568179E+03
1.015	-1.199292E+06	4.135528E+02	4.680749E+01	5.568179E+03
1.02	-1.199291E+06	3.976893E+02	4.654422E+01	5.568179E+03
1.025	-1.199292E+06	4.108581E+02	4.765204E+01	5.568179E+03
1.03	-1.199291E+06	3.830952E+02	4.809516E+01	5.568179E+03
1.035	-1.199291E+06	3.618176E+02	4.732498E+01	5.568179E+03
1.04	-1.199292E+06	3.810961E+02	4.639077E+01	5.568179E+03
1.045	-1.199291E+06	3.765697E+02	4.550782E+01	5.568179E+03
1.05	-1.199292E+06	3.905024E+02	4.588085E+01	5.568179E+03
1.055	-1.199292E+06	3.888096E+02	4.656683E+01	5.568179E+03
1.06	-1.199291E+06	3.611336E+02	4.635409E+01	5.568179E+03
1.065	-1.199292E+06	3.623020E+02	4.571116E+01	5.568179E+03
1.07	-1.199292E+06	3.639190E+02	4.512077E+01	5.568179E+03
1.075	-1.199292E+06	3.679647E+02	4.601736E+01	5.568179E+03
1.08	-1.199292E+06	3.937420E+02	4.754716E+01	5.568179E+03
1.085	-1.199293E+06	4.018250E+02	4.872351E+01	5.568179E+03
1.09	-1.199291E+06	3.661114E+02	4.964780E+01	5.568179E+03
1.095	-1.199292E+06	3.750657E+02	4.885940E+01	5.568179E+03
1.1	-1.199292E+06	3.690263E+02	4.885304E+01	5.568179E+03
1.105	-1.199292E+06	3.548684E+02	4.973834E+01	5.568179E+03
1.11	-1.199293E+06	3.593977E+02	4.956297E+01	5.568179E+03
1.115	-1.199291E+06	3.319207E+02	4.972404E+01	5.568179E+03
1.12	-1.199292E+06	3.671459E+02	4.906841E+01	5.568179E+03
1.125	-1.199293E+06	3.819038E+02	4.796121E+01	5.568179E+03
1.13	-1.199292E+06	3.502293E+02	4.786020E+01	5.568179E+03
1.135	-1.199293E+06	3.647339E+02	4.750868E+01	5.568179E+03
1.14	-1.199292E+06	3.371790E+02	4.731065E+01	5.568179E+03
1.145	-1.199292E+06	3.262496E+02	4.774370E+01	5.568179E+03
1.15	-1.199293E+06	3.472941E+02	4.813798E+01	5.568179E+03
1.155	-1.199293E+06	3.595866E+02	4.837986E+01	5.568179E+03
1.16	-1.199293E+06	3.639598E+02	4.943659E+01	5.568179E+03
1.165	-1.199293E+06	3.546511E+02	5.101738E+01	5.568179E+03
1.17	-1.199293E+06	3.453037E+02	5.207438E+01	5.568179E+03
1.175	-1.199293E+06	3.366966E+02	5.249920E+01	5.568179E+03
1.18	-1.199293E+06	3.387270E+02	5.199431E+01	5.568179E+03
1.185	-1.199293E+06	3.393318E+02	5.146014E+01	5.568179E+03
1.19	-1.199293E+06	3.300331E+02	5.183514E+01	5.568179E+03
1.195	-1.199293E+06	3.312822E+02	5.185269E+01	5.568179E+03
1.2	-1.199293E+06	3.316217E+02	5.112884E+01	5.568179E+03
1.205	-1.199293E+06	3.189035E+02	4.997350E+01	5.568179E+03
1.21	-1.199293E+06	3.165130E+02	4.837723E+01	5.568179E+03
1.215	-1.199293E+06	3.238913E+02	4.815733E+01	5.568179E+03
1.22	-1.199293E+06	3.139042E+02	4.937582E+01	5.568179E+03
1.225	-1.199293E+06	3.209453E+02	5.052149E+01	5.568179E+03
1.23	-1.199294E+06	3.358901E+02	5.130567E+01	5.568179E+03
1.235	-1.199293E+06	3.166691E+02	5.102601E+01	5.568179E+03
1.24	-1.199293E+06	3.083377E+02	5.110955E+01	5.568179E+03
1.245	-1.199294E+06	3.313723E+02	5.227984E+01	5.568179E+03
1.25	-1.199293E+06	3.185848E+02	5.296837E+01	5.568179E+03
1.255	-1.199293E+06	3.235237E+02	5.281464E+01	5.568179E+03
1.26	-1.199294E+06	3.341930E+02	5.220589E+01	5.568179E+03
1.265	-1.199293E+06	2.992193E+02	5.203174E+01	5.568179E+03
1.27	-1.199293E+06	2.931581E+02	5.295663E+01	5.568179E+03
1.275	-1.199293E+06	3.073435E+02	5.420879E+01	5.568179E+03
1.28	-1.199294E+06	3.159405E+02	5.463491E+01	5.568179E+03
1.285	-1.199293E+06	3.076576E+02	5.402851E+01	5.568179E+03
1.29	-1.199293E+06	3.037292E+02	5.306732E+01	5.568179E+03
1.295	-1.199294E+06	3.227663E+02	5.235988E+01	5.568179E+03
1.3	-1.199294E+06	3.069490E+02	5.215297E+01	5.568179E+03
1.305	-1.199293E+06	2.873956E+02	5.203700E+01	5.568179E+03
1.31	-1.199293E+06	2.935973E+02	5.178503E+01	5.568179E+03
1.315	-1.199294E+06	3.177411E+02	5.152423E+01	5.568179E+03
1.32	-1.199294E+06	3.077099E+02	5.181335E+01	5.568179E+03
1.325	-1.199293E+06	2.816726E+02	5.290649E+01	5.568179E+03
1.33	-1.199294E+06	2.896004E+02	5.436439E+01	5.568179E+03
1.335	-1.199293E+06	2.840640E+02	5.547594E+01	5.568179E+03
1.34	-1.199293E+06	2.785360E+02	5.562958E+01	5.568179E+03
1.345	-1.199293E+06	2.812346E+02	5.545204E+01	5.568179E+03
1.35	-1.199294E+06	2.936227E+02	5.528493E+01	5.568179E+03
1.355	-1.199294E+06	2.904735E+02	5.520830E+01	5.568179E+03
1.36	-1.199293E+06	2.728298E+02	5.505131E+01	5.568179E+03
1.365	-1.199294E+06	3.003258E+02	5.422872E+01	5.568179E+03
1.37	-1.199294E+06	3.016757E+02	5.313148E+01	5.568179E+03
1.375	-1.199293E+06	2.741436E+02	5.227018E+01	5.568179E+03
1.38	-1.199294E+06	2.861338E+02	5.217272E+01	5.568179E+03
1.385	-1.199294E+06	2.880471E+02	5.294913E+01	5.568179E+03
1.39	-1.199294E+06	2.716014E+02	5.345240E+01	5.568179E+03
1.395	-1.199294E+06	2.702784E+02	5.318727E+01	5.568179E+03
1.4	-1.199294E+06	2.717663E+02	5.305319E+01	5.568179E+03
1.405	-1.199294E+06	2.786021E+02	5.334939E+01	5.568179E+03
1.41	-1.199294E+06	2.787632E+02	5.395060E+01	5.568179E+03
1.415	-1.199293E+06	2.662888E+02	5.485705E+01	5.568179E+03
1.42	-1.199294E+06	2.773830E+02	5.494030E+01	5.568179E+03
1.425	-1.199294E+06	2.757262E+02	5.416662E+01	5.568179E+03
1.43	-1.199293E+06	2.528807E+02	5.377334E+01	5.568179E+03
1.435	-1.199294E+06	2.593845E+02	5.393906E+01	5.568179E+03
1.44	-1.199294E+06	2.665346E+02	5.455321E+01	5.568179E+03
1.445	-1.199293E+06	2.487992E+02	5.507433E+01	5.568179E+03
1.45	-1.199294E+06	2.597881E+02	5.442061E+01	5.568179E+03
1.455	-1.199294E+06	2.586926E+02	5.381590E+01	5.568179E+03
1.46	-1.199294E+06	2.640253E+02	5.379464E+01	5.568179E+03
1.465	-1.199294E+06	2.707231E+02	5.381627E+01	5.568179E+03
1.47	-1.199294E+06	2.521495E+02	5.374512E+01	5.568179E+03
1.475	-1.199294E+06	2.563013E+02	5.282993E+01	5.568179E+03
1.48	-1.199294E+06	2.613284E+02	5.146964E+01	5.568179E+03
1.485	-1.199294E+06	2.469870E+02	5.111148E+01	5.568179E+03
1.49	-1.199294E+06	2.494960E+02	5.164523E+01	5.568179E+03
1.495	-1.199294E+06	2.582135E+02	5.247150E+01	5.568179E+03
1.5	-1.199294E+06	2.512187E+02	5.345662E+01	5.568179E+03
1.505	-1.199294E+06	2.550407E+02	5.405526E+01	5.568179E+03
1.51	-1.199295E+06	2.603476E+02	5.421275E+01	5.568179E+03
1.515	-1.199294E+06	2.408826E+02	5.464518E+01	5.568179E+03
1.52	-1.199294E+06	2.482267E+02	5.528377E+01	5.568179E+03
1.525	-1.199294E+06	2.413821E+02	5.590016E+01	5.568179E+03
1.53	-1.199294E+06	2.336467E+02	5.580451E+01	5.568179E+03
1.535	-1.199295E+06	2.453846E+02	5.463804E+01	5.568179E+03
1.54	-1.199294E+06	2.364817E+02	5.353308E+01	5.568179E+03
1.545	-1.199294E+06	2.422920E+02	5.338973E+01	5.568179E+03
1.55	-1.199295E+06	2.511706E+02	5.338969E+01	5.568179E+03
1.555	-1.199294E+06	2.375385E+02	5.284836E+01	5.568179E+03
1.56	-1.199294E+06	2.326541E+02	5.194439E+01	5.568179E+03
1.565	-1.199294E+06	2.416625E+02	5.102047E+01	5.568179E+03
1.57	-1.199294E+06	2.433652E+02	5.108936E+01	5.568179E+03
1.575	-1.199294E+06	2.346531E+02	5.191104E+01	5.568179E+03
1.58	-1.199294E+06	2.272726E+02	5.252193E+01	5.568179E+03
1.585	-1.199295E+06	2.252726E+02	5.298656E+01	5.568179E+03
1.59	-1.199294E+06	2.158053E+02	5.354004E+01	5.568179E+03
1.595	-1.199294E+06	2.219631E+02	5.453294E+01	5.568179E+03
1.6	-1.199295E+06	2.375238E+02	5.587611E+01	5.568179E+03
1.605	-1.199295E+06	2.286404E+02	5.679849E+01	5.568179E+03
1.61	-1.199294E+06	2.093281E+02	5.733269E+01	5.568179E+03
1.615	-1.199295E+06	2.283948E+02	5.699708E+01	5.568179E+03
1.62	-1.199295E+06	2.437603E+02	5.591009E+01	5.568179E+03
1.625	-1.199294E+06	2.256257E+02	5.520452E+01	5.568179E+03
1.63	-1.199294E+06	2.214359E+02	5.477915E+01	5.568179E+03
1.635	-1.199295E+06	2.291019E+02	5.452650E+01	5.568179E+03
1.64	-1.199295E+06	2.180964E+02	5.433387E+01	5.568179E+03
1.645	-1.199294E+06	2.107599E+02	5.359507E+01	5.568179E+03
1.65	-1.199295E+06	2.232137E+02	5.319950E+01	5.568179E+03
1.655	-1.199295E+06	2.289252E+02	5.364107E+01	5.568179E+03
1.66	-1.199295E+06	2.200196E+02	5.415013E+01	5.568179E+03
1.665	-1.199295E+06	2.113146E+02	5.469320E+01	5.568179E+03
1.67	-1.199295E+06	2.123373E+02	5.466490E+01	5.568179E+03
1.675	-1.199295E+06	2.133552E+02	5.399192E+01	5.568179E+03
1.68	-1.199294E+06	2.028833E+02	5.420642E+01	5.568179E+03
1.685	-1.199295E+06	2.061944E+02	5.499932E+01	5.568179E+03
1.69	-1.199295E+06	2.070161E+02	5.536565E+01	5.568179E+03
1.695	-1.199294E+06	1.934010E+02	5.519934E+01	5.568179E+03
1.7	-1.199295E+06	2.011633E+02	5.454270E+01	5.568179E+03
1.705	-1.199295E+06	2.089866E+02	5.431078E+01	5.568179E+03
1.71	-1.199295E+06	2.031059E+02	5.491316E+01	5.568179E+03
1.715	-1.199295E+06	2.042796E+02	5.571537E+01	5.568179E+03
1.72	-1.199295E+06	2.198948E+02	5.598063E+01	5.568179E+03
1.725	-1.199295E+06	2.147076E+02	5.560315E+01	5.568179E+03
1.73	-1.199295E+06	1.966108E+02	5.523236E+01	5.568179E+03
1.735	-1.199295E+06	2.032443E+02	5.547527E+01	5.568179E+03
1.74	-1.199295E+06	2.094844E+02	5.610219E+01	5.568179E+03
1.745	-1.199295E+06	2.057594E+02	5.617231E+01	5.568179E+03
1.75	-1.199295E+06	2.094815E+02	5.516480E+01	5.568179E+03
1.755	-1.199295E+06	1.933561E+02	5.395836E+01	5.568179E+03
1.76	-1.199295E+06	1.927877E+02	5.341900E+01	5.568179E+03
1.765	-1.199295E+06	2.000909E+02	5.377783E+01	5.568179E+03
1.77	-1.199295E+06	1.921468E+02	5.433826E+01	5.568179E+03
1.775	-1.199295E+06	1.999564E+02	5.439219E+01	5.568179E+03
1.78	-1.199295E+06	1.994567E+02	5.408683E+01	5.568179E+03
1.785	-1.199295E+06	1.859360E+02	5.387620E+01	5.568179E+03
1.79	-1.199295E+06	1.899641E+02	5.445198E+01	5.568179E+03
1.795	-1.199295E+06	1.934945E+02	5.575245E+01	5.568179E+03
1.8	-1.199295E+06	1.841006E+02	5.683799E+01	5.568179E+03
1.805	-1.199295E+06	1.814351E+02	5.727686E+01	5.568179E+03
1.81	-1.199295E+06	1.830683E+02	5.735991E+01	5.568179E+03
1.815	-1.199295E+06	1.768270E+02	5.745834E+01	5.568179E+03
1.82	-1.199295E+06	1.775834E+02	5.759967E+01	5.568179E+03
1.825	-1.199295E+06	1.894691E+02	5.726658E+01	5.568179E+03
1.83	-1.199295E+06	1.856045E+02	5.628180E+01	5.568179E+03
1.835	-1.199295E+06	1.858244E+02	5.481035E+01	5.568179E+03
1.84	-1.199295E+06	1.835403E+02	5.333011E+01	5.568179E+03
1.845	-1.199295E+06	1.788702E+02	5.253465E+01	5.568179E+03
1.85	-1.199295E+06	1.846533E+02	5.250302E+01	5.568179E+03
1.855	-1.199295E+06	1.817096E+02	5.269857E+01	5.568179E+03
1.86	-1.199295E+06	1.844223E+02	5.278773E+01	5.568179E+03
1.865	-1.199295E+06	1.878718E+02	5.294944E+01	5.568179E+03
1.87	-1.199295E+06	1.895870E+02	5.385819E+01	5.568179E+03
1.875	-1.199295E+06	1.841906E+02	5.582385E+01	5.568179E+03
1.88	-1.199295E+06	1.814476E+02	5.750407E+01	5.568179E+03
1.885	-1.199296E+06	1.880091E+02	5.812770E+01	5.568179E+03
1.89	-1.199295E+06	1.785031E+02	5.784028E+01	5.568179E+03
1.895	-1.199295E+06	1.739053E+02	5.705705E+01	5.568179E+03
1.9	-1.199295E+06	1.730859E+02	5.677699E+01	5.568179E+03
1.905	-1.199295E+06	1.700760E+02	5.652261E+01	5.568179E+03
1.91	-1.199296E+06	1.678179E+02	5.561194E+01	5.568179E+03
1.915	-1.199295E+06	1.671174E+02	5.447551E+01	5.568179E+03
1.92	-1.199296E+06	1.745061E+02	5.326960E+01	5.568179E+03
1.925	-1.199295E+06	1.716718E+02	5.263408E+01	5.568179E+03
1.93	-1.199296E+06	1.747308E+02	5.291706E+01	5.568179E+03
1.935	-1.199296E+06	1.736411E+02	5.330550E+01	5.568179E+03
1.94	-1.199295E+06	1.691350E+02	5.315928E+01	5.568179E+03
1.945	-1.199296E+06	1.670856E+02	5.282989E+01	5.568179E+03
1.95	-1.199295E+06	1.559932E+02	5.282243E+01	5.568179E+03
1.955	-1.199296E+06	1.639846E+02	5.323704E+01	5.568179E+03
1.96	-1.199296E+06	1.598952E+02	5.414946E+01	5.568179E+03
1.965	-1.199295E+06	1.585317E+02	5.477799E+01	5.568179E+03
1.97	-1.199296E+06	1.689360E+02	5.477530E+01	5.568179E+03
1.975	-1.199295E+06	1.582455E+02	5.478532E+01	5.568179E+03
1.98	-1.199296E+06	1.644720E+02	5.492806E+01	5.568179E+03
1.985	-1.199296E+06	1.683900E+02	5.535380E+01	5.568179E+03
1.99	-1.199296E+06	1.684999E+02	5.562195E+01	5.568179E+03
1.995	-1.199296E+06	1.638164E+02	5.531995E+01	5.568179E+03
2.0	-1.199296E+06	1.626326E+02	5.448552E+01	5.568179E+03
2.005	-1.199296E+06	1.626552E+02	5.370796E+01	5.568179E+03
2.01	-1.199296E+06	1.579084E+02	5.342205E+01	5.568179E+03
2.015	-1.199296E+06	1.616223E+02	5.333081E+01	5.568179E+03
2.02	-1.199295E+06	1.549828E+02	5.333722E+01	5.568179E+03
2.025	-1.199296E+06	1.662863E+02	5.297909E+01	5.568179E+03
2.03	-1.199296E+06	1.627915E+02	5.245442E+01	5.568179E+03
2.035	-1.199295E+06	1.524601E+02	5.249446E+01	5.568179E+03
2.04	-1.199296E+06	1.644510E+02	5.328222E+01	5.568179E+03
2.045	-1.199296E+06	1.580897E+02	5.415375E+01	5.568179E+03
2.05	-1.199296E+06	1.518710E+02	5.422161E+01	5.568179E+03
2.055	-1.199296E+06	1.563528E+02	5.355778E+01	5.568179E+03
2.06	-1.199296E+06	1.557912E+02	5.316196E+01	5.568179E+03
2.065	-1.199296E+06	1.532609E+02	5.362178E+01	5.568179E+03
2.07	-1.199296E+06	1.543056E+02	5.419144E+01	5.568179E+03
2.075	-1.199296E+06	1.561161E+02	5.420343E+01	5.568179E+03
2.08	-1.199296E+06	1.503949E+02	5.390334E+01	5.568179E+03
2.085	-1.199296E+06	1.549103E+02	5.365279E+01	5.568179E+03
2.09	-1.199296E+06	1.586170E+02	5.403714E+01	5.568179E+03
2.095	-1.199296E+06	1.523790E+02	5.481964E+01	5.568179E+03
2.1	-1.199296E+06	1.471235E+02	5.522702E+01	5.568179E+03
2.105	-1.199296E+06	1.402333E+02	5.516483E+01	5.568179E+03
2.11	-1.199296E+06	1.414066E+02	5.464953E+01	5.568179E+03
2.115	-1.199296E+06	1.482358E+02	5.417701E+01	5.568179E+03
2.12	-1.199296E+06	1.529889E+02	5.424233E+01	5.568179E+03
2.125	-1.199296E+06	1.468151E+02	5.450098E+01	5.568179E+03
2.13	-1.199296E+06	1.448516E+02	5.436037E+01	5.568179E+03
2.135	-1.199296E+06	1.484221E+02	5.399189E+01	5.568179E+03
2.14	-1.199296E+06	1.494111E+02	5.368790E+01	5.568179E+03
2.145	-1.199296E+06	1.500612E+02	5.354874E+01	5.568179E+03
2.15	-1.199296E+06	1.488983E+02	5.385175E+01	5.568179E+03
2.155	-1.199296E+06	1.449257E+02	5.430824E+01	5.568179E+03
2.16	-1.199296E+06	1.423303E+02	5.430535E+01	5.568179E+03
2.165	-1.199296E+06	1.391428E+02	5.403334E+01	5.568179E+03
2.17	-1.199296E+06	1.361411E+02	5.383624E+01	5.568179E+03
2.175	-1.199296E+06	1.479290E+02	5.390489E+01	5.568179E+03
2.18	-1.199296E+06	1.453615E+02	5.445852E+01	5.568179E+03
2.185	-1.199296E+06	1.438993E+02	5.463295E+01	5.568179E+03
2.19	-1.199296E+06	1.515673E+02	5.411319E+01	5.568179E+03
2.195	-1.199296E+06	1.336114E+02	5.359516E+01	5.568179E+03
2.2	-1.199296E+06	1.350735E+02	5.321742E+01	5.568179E+03
2.205	-1.199296E+06	1.414590E+02	5.332351E+01	5.568179E+03
2.21	-1.199296E+06	1.320809E+02	5.367338E+01	5.568179E+03
2.215	-1.199296E+06	1.376226E+02	5.352040E+01	5.568179E+03
2.22	-1.199296E+06	1.378181E+02	5.302678E+01	5.568179E+03
2.225	-1.199296E+06	1.378042E+02	5.268053E+01	5.568179E+03
2.23	-1.199296E+06	1.389183E+02	5.295517E+01	5.568179E+03
2.235	-1.199296E+06	1.367297E+02	5.377694E+01	5.568179E+03
2.24	-1.199296E+06	1.408141E+02	5.460734E+01	5.568179E+03
2.245	-1.199296E+06	1.474219E+02	5.476351E+01	5.568179E+03
2.25	-1.199296E+06	1.383374E+02	5.454172E+01	5.568179E+03
2.255	-1.199296E+06	1.279640E+02	5.490541E+01	5.568179E+03
2.26	-1.199296E+06	1.339000E+02	5.558377E+01	5.568179E+03
2.265	-1.199296E+06	1.300156E+02	5.594136E+01	5.568179E+03
2.27	-1.199296E+06	1.330697E+02	5.558546E+01	5.568179E+03
2.275	-1.199296E+06	1.363604E+02	5.468985E+01	5.568179E+03
2.28	-1.199296E+06	1.339056E+02	5.394613E+01	5.568179E+03
2.285	-1.199296E+06	1.402416E+02	5.363652E+01	5.568179E+03
2.29	-1.199297E+06	1.409362E+02	5.339376E+01	5.568179E+03
2.295	-1.199296E+06	1.293197E+02	5.293681E+01	5.568179E+03
2.3	-1.199296E+06	1.258497E+02	5.220534E+01	5.568179E+03
2.305	-1.199296E+06	1.261089E+02	5.159336E+01	5.568179E+03
2.31	-1.199296E+06	1.193936E+02	5.152638E+01	5.568179E+03
2.315	-1.199296E+06	1.259065E+02	5.182750E+01	5.568179E+03
2.32	-1.199296E+06	1.289537E+02	5.227539E+01	5.568179E+03
2.325	-1.199296E+06	1.254933E+02	5.259563E+01	5.568179E+03
2.33	-1.199297E+06	1.335415E+02	5.274399E+01	5.568179E+03
2.335	-1.199296E+06	1.290091E+02	5.308725E+01	5.568179E+03
2.34	-1.199296E+06	1.288601E+02	5.352970E+01	5.568179E+03
2.345	-1.199296E+06	1.268833E+02	5.394101E+01	5.568179E+03
2.35	-1.199296E+06	1.229781E+02	5.410724E+01	5.568179E+03
2.355	-1.199297E+06	1.277415E+02	5.384992E+01	5.568179E+03
2.36	-1.199296E+06	1.256862E+02	5.336797E+01	5.568179E+03
2.365	-1.199297E+06	1.295043E+02	5.299070E+01	5.568179E+03
2.37	-1.199296E+06	1.255947E+02	5.309257E+01	5.568179E+03
2.375	-1.199296E+06	1.259470E+02	5.329974E+01	5.568179E+03
2.38	-1.199297E+06	1.318710E+02	5.316478E+01	5.568179E+03
2.385	-1.199296E+06	1.256652E+02	5.265314E+01	5.568179E+03
2.39	-1.199297E+06	1.262869E+02	5.224317E+01	5.568179E+03
2.395	-1.199297E+06	1.293119E+02	5.252284E+01	5.568179E+03
2.4	-1.199297E+06	1.297650E+02	5.290342E+01	5.568179E+03
2.405	-1.199296E+06	1.194979E+02	5.308382E+01	5.568179E+03
2.41	-1.199296E+06	1.214000E+02	5.309061E+01	5.568179E+03
2.415	-1.199297E+06	1.324673E+02	5.302330E+01	5.568179E+03
2.42	-1.199296E+06	1.228916E+02	5.325576E+01	5.568179E+03
2.425	-1.199296E+06	1.182027E+02	5.342559E+01	5.568179E+03
2.43	-1.199296E+06	1.175481E+02	5.351583E+01	5.568179E+03
2.435	-1.199297E+06	1.218147E+02	5.347292E+01	5.568179E+03
2.44	-1.199297E+06	1.263343E+02	5.307568E+01	5.568179E+03
2.445	-1.199296E+06	1.201108E+02	5.298917E+01	5.568179E+03
2.45	-1.199297E+06	1.217442E+02	5.345688E+01	5.568179E+03
2.455	-1.199297E+06	1.204073E+02	5.406756E+01	5.568179E+03
2.46	-1.199297E+06	1.170972E+02	5.432543E+01	5.568179E+03
2.465	-1.199297E+06	1.187295E+02	5.400981E+01	5.568179E+03
2.47	-1.199297E+06	1.180760E+02	5.345377E+01	5.568179E+03
2.475	-1.199296E+06	1.178797E+02	5.314408E+01	5.568179E+03
2.48	-1.199297E+06	1.234802E+02	5.302204E+01	5.568179E+03
2.485	-1.199297E+06	1.213882E+02	5.264771E+01	5.568179E+03
2.49	-1.199296E+06	1.138018E+02	5.189315E+01	5.568179E+03
2.495	-1.199297E+06	1.160472E+02	5.107798E+01	5.568179E+03
2.5	-1.199297E+06	1.148812E+02	5.058759E+01	5.568179E+03
2.505	-1.199297E+06	1.120944E+02	5.062652E+01	5.568179E+03
2.51	-1.199297E+06	1.146352E+02	5.107473E+01	5.568179E+03
2.515	-1.199297E+06	1.168246E+02	5.151645E+01	5.568179E+03
2.52	-1.199296E+06	1.121629E+02	5.191002E+01	5.568179E+03
2.525	-1.199296E+06	1.153487E+02	5.232652E+01	5.568179E+03
2.53	-1.199297E+06	1.240437E+02	5.287593E+01	5.568179E+03
2.535	-1.199297E+06	1.162537E+02	5.362712E+01	5.568179E+03
2.54	-1.199297E+06	1.178315E+02	5.406689E+01	5.568179E+03
2.545	-1.199297E+06	1.204502E+02	5.402251E+01	5.568179E+03
2.55	-1.199297E+06	1.136312E+02	5.355295E+01	5.568179E+03
2.555	-1.199297E+06	1.118840E+02	5.309792E+01	5.568179E+03
2.56	-1.199297E+06	1.099184E+02	5.317141E+01	5.568179E+03
2.565	-1.199297E+06	1.128941E+02	5.325984E+01	5.568179E+03
2.57	-1.199297E+06	1.156086E+02	5.294968E+01	5.568179E+03
2.575	-1.199297E+06	1.119168E+02	5.238972E+01	5.568179E+03
2.58	-1.199297E+06	1.141639E+02	5.175877E+01	5.568179E+03
2.585	-1.199297E+06	1.178038E+02	5.156866E+01	5.568179E+03
2.59	-1.199297E+06	1.154897E+02	5.172521E+01	5.568179E+03
2.595	-1.199297E+06	1.092108E+02	5.168407E+01	5.568179E+03
2.6	-1.199297E+06	1.096315E+02	5.152764E+01	5.568179E+03
2.605	-1.199297E+06	1.141815E+02	5.148761E+01	5.568179E+03
2.61	-1.199297E+06	1.149031E+02	5.169865E+01	5.568179E+03
2.615	-1.199297E+06	1.169714E+02	5.222200E+01	5.568179E+03
2.62	-1.199297E+06	1.140623E+02	5.260555E+01	5.568179E+03
2.625	-1.199297E+06	1.128682E+02	5.235903E+01	5.568179E+03
2.63	-1.199297E+06	1.144357E+02	5.188924E+01	5.568179E+03
2.635	-1.199297E+06	1.101818E+02	5.166811E+01	5.568179E+03
2.64	-1.199297E+06	1.084037E+02	5.168215E+01	5.568179E+03
2.645	-1.199297E+06	1.075922E+02	5.187333E+01	5.568179E+03
2.65	-1.199297E+06	1.057653E+02	5.184905E+01	5.568179E+03
2.655	-1.199297E+06	1.118280E+02	5.136158E+01	5.568179E+03
2.66	-1.199297E+06	1.103310E+02	5.080488E+01	5.568179E+03
2.665	-1.199297E+06	1.062371E+02	5.057356E+01	5.568179E+03
2.67	-1.199297E+06	1.105204E+02	5.087676E+01	5.568179E+03
2.675	-1.199297E+06	1.099164E+02	5.146808E+01	5.568179E+03
2.68	-1.199297E+06	1.121139E+02	5.179488E+01	5.568179E+03
2.685	-1.199297E+06	1.117360E+02	5.187310E+01	5.568179E+03
2.69	-1.199297E+06	1.079401E+02	5.186309E+01	5.568179E+03
2.695	-1.199297E+06	1.116400E+02	5.189700E+01	5.568179E+03
2.7	-1.199297E+06	1.067868E+02	5.207652E+01	5.568179E+03
2.705	-1.199297E+06	1.029780E+02	5.207120E+01	5.568179E+03
2.71	-1.199297E+06	1.105336E+02	5.179579E+01	5.568179E+03
2.715	-1.199297E+06	1.116262E+02	5.141194E+01	5.568179E+03
2.72	-1.199297E+06	1.060796E+02	5.127003E+01	5.568179E+03
2.725	-1.199297E+06	1.042466E+02	5.172940E+01	5.568179E+03
2.73	-1.199297E+06	1.056499E+02	5.235847E+01	5.568179E+03
2.735	-1.199297E+06	1.090953E+02	5.259745E+01	5.568179E+03
2.74	-1.199297E+06	1.039243E+02	5.252167E+01	5.568179E+03
2.745	-1.199297E+06	1.033971E+02	5.238508E+01	5.568179E+03
2.75	-1.199297E+06	1.071952E+02	5.261219E+01	5.568179E+03
2.755	-1.199297E+06	1.036245E+02	5.311437E+01	5.568179E+03
2.76	-1.199297E+06	1.066478E+02	5.330133E+01	5.568179E+03
2.765	-1.199297E+06	1.078464E+02	5.307761E+01	5.568179E+03
2.77	-1.199297E+06	1.028852E+02	5.259991E+01	5.568179E+03
2.775	-1.199297E+06	1.066494E+02	5.217706E+01	5.568179E+03
2.78	-1.199297E+06	1.106035E+02	5.210015E+01	5.568179E+03
2.785	-1.199297E+06	1.059601E+02	5.208112E+01	5.568179E+03
2.79	-1.199297E+06	1.016123E+02	5.182197E+01	5.568179E+03
2.795	-1.199297E+06	1.016311E+02	5.142242E+01	5.568179E+03
2.8	-1.199297E+06	1.038176E+02	5.114296E+01	5.568179E+03
2.805	-1.199297E+06	1.052372E+02	5.124644E+01	5.568179E+03
2.81	-1.199297E+06	1.015837E+02	5.164902E+01	5.568179E+03
2.815	-1.199297E+06	9.816370E+01	5.208582E+01	5.568179E+03
2.82	-1.199297E+06	1.052950E+02	5.244522E+01	5.568179E+03
2.825	-1.199297E+06	1.065011E+02	5.276510E+01	5.568179E+03
2.83	-1.199297E+06	1.037594E+02	5.311806E+01	5.568179E+03
2.835	-1.199297E+06	1.078257E+02	5.344602E+01	5.568179E+03
2.84	-1.199297E+06	1.047337E+02	5.345179E+01	5.568179E+03
2.845	-1.199297E+06	9.957280E+01	5.302716E+01	5.568179E+03
2.85	-1.199297E+06	1.023640E+02	5.240600E+01	5.568179E+03
2.855	-1.199297E+06	1.021602E+02	5.191385E+01	5.568179E+03
2.86	-1.199297E+06	9.837695E+01	5.177993E+01	5.568179E+03
2.865	-1.199297E+06	1.035205E+02	5.192049E+01	5.568179E+03
2.87	-1.199297E+06	1.042414E+02	5.205486E+01	5.568179E+03
2.875	-1.199297E+06	1.013538E+02	5.182898E+01	5.568179E+03
2.88	-1.199297E+06	1.015940E+02	5.152783E+01	5.568179E+03
2.885	-1.199297E+06	1.030142E+02	5.162210E+01	5.568179E+03
2.89	-1.199297E+06	1.067895E+02	5.196655E+01	5.568179E+03
2.895	-1.199297E+06	1.026510E+02	5.244508E+01	5.568179E+03
2.9	-1.199297E+06	9.995635E+01	5.285765E+01	5.568179E+03
2.905	-1.199297E+06	9.894177E+01	5.317491E+01	5.568179E+03
2.91	-1.199297E+06	9.676839E+01	5.359176E+01	5.568179E+03
2.915	-1.199297E+06	9.716470E+01	5.400974E+01	5.568179E+03
2.92	-1.199297E+06	9.188282E+01	5.434968E+01	5.568179E+03
2.925	-1.199297E+06	9.860844E+01	5.433707E+01	5.568179E+03
2.93	-1.199297E+06	1.102878E+02	5.357718E+01	5.568179E+03
2.935	-1.199297E+06	1.053297E+02	5.234934E+01	5.568179E+03
2.94	-1.199297E+06	1.050125E+02	5.128101E+01	5.568179E+03
2.945	-1.199297E+06	1.038004E+02	5.071676E+01	5.568179E+03
2.95	-1.199297E+06	1.017214E+02	5.050181E+01	5.568179E+03
2.955	-1.199297E+06	1.012436E+02	5.036126E+01	5.568179E+03
2.96	-1.199297E+06	9.849078E+01	5.031286E+01	5.568179E+03
2.965	-1.199297E+06	1.022209E+02	5.074253E+01	5.568179E+03
2.97	-1.199297E+06	1.027835E+02	5.166549E+01	5.568179E+03
2.975	-1.199297E+06	1.009973E+02	5.264579E+01	5.568179E+03
2.98	-1.199297E+06	1.045793E+02	5.345273E+01	5.568179E+03
2.985	-1.199297E+06	9.993845E+01	5.385511E+01	5.568179E+03
2.99	-1.199297E+06	9.393990E+01	5.390884E+01	5.568179E+03
2.995	-1.199297E+06	1.004338E+02	5.405674E+01	5.568179E+03
3.0	-1.199297E+06	1.060896E+02	5.411375E+01	5.568179E+03
3.005	-1.199297E+06	9.361497E+01	5.390260E+01	5.568179E+03
3.01	-1.199297E+06	9.384727E+01	5.338805E+01	5.568179E+03
3.015	-1.199297E+06	1.018962E+02	5.258397E+01	5.568179E+03
3.02	-1.199297E+06	9.804116E+01	5.186483E+01	5.568179E+03
3.025	-1.199297E+06	9.637837E+01	5.158892E+01	5.568179E+03
3.03	-1.199297E+06	9.881793E+01	5.152858E+01	5.568179E+03
3.035	-1.199297E+06	9.547527E+01	5.139856E+01	5.568179E+03
3.04	-1.199297E+06	9.384652E+01	5.126271E+01	5.568179E+03
3.045	-1.199297E+06	9.667285E+01	5.129255E+01	5.568179E+03
3.05	-1.199297E+06	9.412795E+01	5.181584E+01	5.568179E+03
3.055	-1.199297E+06	9.684477E+01	5.272106E+01	5.568179E+03
3.06	-1.199297E+06	9.422346E+01	5.353211E+01	5.568179E+03
3.065	-1.199297E+06	9.360104E+01	5.386885E+01	5.568179E+03
3.07	-1.199297E+06	9.800899E+01	5.383916E+01	5.568179E+03
3.075	-1.199297E+06	9.560178E+01	5.387277E+01	5.568179E+03
3.08	-1.199297E+06	9.858190E+01	5.411262E+01	5.568179E+03
3.085	-1.199297E+06	1.028718E+02	5.436196E+01	5.568179E+03
3.09	-1.199297E+06	1.033910E+02	5.427073E+01	5.568179E+03
3.095	-1.199297E+06	1.024334E+02	5.370983E+01	5.568179E+03
3.1	-1.199297E+06	9.964474E+01	5.310031E+01	5.568179E+03
3.105	-1.199297E+06	9.693225E+01	5.299684E+01	5.568179E+03
3.11	-1.199297E+06	9.551643E+01	5.331831E+01	5.568179E+03
3.115	-1.199297E+06	9.429692E+01	5.373188E+01	5.568179E+03
3.12	-1.199297E+06	9.629364E+01	5.409427E+01	5.568179E+03
3.125	-1.199297E+06	1.006831E+02	5.438996E+01	5.568179E+03
3.13	-1.199297E+06	1.028063E+02	5.475584E+01	5.568179E+03
3.135	-1.199297E+06	1.008251E+02	5.520228E+01	5.568179E+03
3.14	-1.199297E+06	9.980802E+01	5.529489E+01	5.568179E+03
3.145	-1.199297E+06	1.021654E+02	5.477296E+01	5.568179E+03
3.15	-1.199297E+06	1.004828E+02	5.383556E+01	5.568179E+03
3.155	-1.199297E+06	9.638101E+01	5.284209E+01	5.568179E+03
3.16	-1.199297E+06	9.816811E+01	5.233778E+01	5.568179E+03
3.165	-1.199297E+06	9.766990E+01	5.239249E+01	5.568179E+03
3.17	-1.199297E+06	9.561397E+01	5.252721E+01	5.568179E+03
3.175	-1.199297E+06	9.446422E+01	5.280593E+01	5.568179E+03
3.18	-1.199297E+06	9.395860E+01	5.334279E+01	5.568179E+03
3.185	-1.199297E+06	9.899434E+01	5.397846E+01	5.568179E+03
3.19	-1.199297E+06	9.810992E+01	5.485258E+01	5.568179E+03
3.195	-1.199297E+06	9.541475E+01	5.559941E+01	5.568179E+03
3.2	-1.199297E+06	9.781492E+01	5.581845E+01	5.568179E+03
3.205	-1.199297E+06	9.267414E+01	5.579846E+01	5.568179E+03
3.21	-1.199297E+06	9.131122E+01	5.559049E+01	5.568179E+03
3.215	-1.199297E+06	9.662193E+01	5.536291E+01	5.568179E+03
3.22	-1.199297E+06	9.370065E+01	5.523239E+01	5.568179E+03
3.225	-1.199297E+06	9.601851E+01	5.472017E+01	5.568179E+03
3.23	-1.199297E+06	1.044164E+02	5.387583E+01	5.568179E+03
3.235	-1.199297E+06	1.038715E+02	5.306113E+01	5.568179E+03
3.24	-1.199297E+06	1.021577E+02	5.248396E+01	5.568179E+03
3.245	-1.199297E+06	1.005569E+02	5.244902E+01	5.568179E+03
3.25	-1.199297E+06	9.586369E+01	5.266594E+01	5.568179E+03
3.255	-1.199297E+06	9.994891E+01	5.265309E+01	5.568179E+03
3.26	-1.199297E+06	9.836586E+01	5.273999E+01	5.568179E+03
3.265	-1.199297E+06	9.407249E+01	5.321160E+01	5.568179E+03
3.27	-1.199297E+06	9.674973E+01	5.410409E+01	5.568179E+03
3.275	-1.199297E+06	9.118711E+01	5.526964E+01	5.568179E+03
3.28	-1.199297E+06	9.438653E+01	5.604125E+01	5.568179E+03
3.285	-1.199297E+06	1.039307E+02	5.618842E+01	5.568179E+03
3.29	-1.199297E+06	1.009232E+02	5.610761E+01	5.568179E+03
3.295	-1.199297E+06	9.879876E+01	5.593953E+01	5.568179E+03
3.3	-1.199297E+06	1.006635E+02	5.557808E+01	5.568179E+03
3.305	-1.199297E+06	9.260692E+01	5.493477E+01	5.568179E+03
3.31	-1.199297E+06	8.863594E+01	5.389421E+01	5.568179E+03
3.315	-1.199297E+06	1.003948E+02	5.279675E+01	5.568179E+03
3.32	-1.199297E+06	9.692778E+01	5.212224E+01	5.568179E+03
3.325	-1.199297E+06	9.469219E+01	5.173447E+01	5.568179E+03
3.33	-1.199297E+06	9.703718E+01	5.187117E+01	5.568179E+03
3.335	-1.199297E+06	9.139818E+01	5.234766E+01	5.568179E+03
3.34	-1.199297E+06	1.011053E+02	5.262212E+01	5.568179E+03
3.345	-1.199297E+06	1.000417E+02	5.321420E+01	5.568179E+03
3.35	-1.199297E+06	9.313174E+01	5.411292E+01	5.568179E+03
3.355	-1.199297E+06	1.019650E+02	5.510818E+01	5.568179E+03
3.36	-1.199297E+06	9.701488E+01	5.621929E+01	5.568179E+03
3.365	-1.199297E+06	9.546773E+01	5.662660E+01	5.568179E+03
3.37	-1.199297E+06	9.703278E+01	5.641606E+01	5.568179E+03
3.375	-1.199297E+06	9.395331E+01	5.604297E+01	5.568179E+03
3.38	-1.199297E+06	9.842347E+01	5.550515E+01	5.568179E+03
3.385	-1.199297E+06	1.014727E+02	5.504908E+01	5.568179E+03
3.39	-1.199297E+06	9.866755E+01	5.460080E+01	5.568179E+03
3.395	-1.199297E+06	9.690666E+01	5.403258E+01	5.568179E+03
3.4	-1.199297E+06	9.613741E+01	5.357041E+01	5.568179E+03
3.405	-1.199297E+06	9.240717E+01	5.347271E+01	5.568179E+03
3.41	-1.199297E+06	9.372950E+01	5.388069E+01	5.568179E+03
3.415	-1.199297E+06	1.009045E+02	5.448834E+01	5.568179E+03
3.42	-1.199297E+06	9.798472E+01	5.493122E+01	5.568179E+03
3.425	-1.199297E+06	9.649181E+01	5.514821E+01	5.568179E+03
3.43	-1.199297E+06	1.023395E+02	5.554303E+01	5.568179E+03
3.435	-1.199297E+06	1.035530E+02	5.629863E+01	5.568179E+03
3.44	-1.199297E+06	1.013945E+02	5.687023E+01	5.568179E+03
3.445	-1.199297E+06	1.013536E+02	5.691088E+01	5.568179E+03
3.45	-1.199297E+06	1.051944E+02	5.633367E+01	5.568179E+03
3.455	-1.199297E+06	1.011570E+02	5.548405E+01	5.568179E+03
3.46	-1.199297E+06	9.277254E+01	5.496696E+01	5.568179E+03
3.465	-1.199297E+06	9.623238E+01	5.479306E+01	5.568179E+03
3.47	-1.199297E+06	1.003264E+02	5.465858E+01	5.568179E+03
3.475	-1.199297E+06	9.698015E+01	5.424351E+01	5.568179E+03
3.48	-1.199297E+06	9.819587E+01	5.372863E+01	5.568179E+03
3.485	-1.199297E+06	9.890160E+01	5.372105E+01	5.568179E+03
3.49	-1.199297E+06	1.000001E+02	5.415865E+01	5.568179E+03
3.495	-1.199297E+06	9.973248E+01	5.465741E+01	5.568179E+03
3.5	-1.199297E+06	9.509359E+01	5.505301E+01	5.568179E+03
3.505	-1.199297E+06	9.740258E+01	5.539038E+01	5.568179E+03
3.51	-1.199297E+06	9.976886E+01	5.579005E+01	5.568179E+03
3.515	-1.199297E+06	1.007292E+02	5.619409E+01	5.568179E+03
3.52	-1.199297E+06	9.637933E+01	5.655852E+01	5.568179E+03
3.525	-1.199297E+06	9.348666E+01	5.661975E+01	5.568179E+03
3.53	-1.199297E+06	9.922304E+01	5.628961E+01	5.568179E+03
3.535	-1.199297E+06	1.029753E+02	5.568078E+01	5.568179E+03
3.54	-1.199297E+06	1.050203E+02	5.497033E+01	5.568179E+03
3.545	-1.199297E+06	9.929248E+01	5.468956E+01	5.568179E+03
3.55	-1.199297E+06	9.391854E+01	5.468959E+01	5.568179E+03
3.555	-1.199297E+06	9.452171E+01	5.474766E+01	5.568179E+03
3.56	-1.199297E+06	9.552983E+01	5.502689E+01	5.568179E+03
3.565	-1.199297E+06	1.002938E+02	5.541157E+01	5.568179E+03
3.57	-1.199297E+06	1.030189E+02	5.601399E+01	5.568179E+03
3.575	-1.199297E+06	1.006092E+02	5.662370E+01	5.568179E+03
3.58	-1.199297E+06	1.009263E+02	5.674541E+01	5.568179E+03
3.585	-1.199297E+06	1.052637E+02	5.646417E+01	5.568179E+03
3.59	-1.199297E+06	1.031200E+02	5.585916E+01	5.568179E+03
3.595	-1.199297E+06	9.422373E+01	5.515704E+01	5.568179E+03
3.6	-1.199297E+06	9.939849E+01	5.459134E+01	5.568179E+03
3.605	-1.199297E+06	9.933124E+01	5.413544E+01	5.568179E+03
3.61	-1.199297E+06	9.733951E+01	5.369694E+01	5.568179E+03
3.615	-1.199297E+06	1.011440E+02	5.340547E+01	5.568179E+03
3.62	-1.199297E+06	1.003346E+02	5.348151E+01	5.568179E+03
3.625	-1.199297E+06	1.023805E+02	5.399206E+01	5.568179E+03
3.63	-1.199297E+06	1.007394E+02	5.480345E+01	5.568179E+03
3.635	-1.199297E+06	9.823339E+01	5.547925E+01	5.568179E+03
3.64	-1.199297E+06	9.962600E+01	5.577165E+01	5.568179E+03
3.645	-1.199297E+06	1.004480E+02	5.585364E+01	5.568179E+03
3.65	-1.199297E+06	9.980036E+01	5.599910E+01	5.568179E+03
3.655	-1.199297E+06	9.992072E+01	5.620310E+01	5.568179E+03
3.66	-1.199297E+06	1.021454E+02	5.632344E+01	5.568179E+03
3.665	-1.199297E+06	1.030292E+02	5.608887E+01	5.568179E+03
3.67	-1.199297E+06	1.018622E+02	5.545652E+01	5.568179E+03
3.675	-1.199297E+06	1.040833E+02	5.503210E+01	5.568179E+03
3.68	-1.199297E+06	1.098287E+02	5.490392E+01	5.568179E+03
3.685	-1.199297E+06	1.079390E+02	5.468188E+01	5.568179E+03
3.69	-1.199297E+06	1.066183E+02	5.429997E+01	5.568179E+03
3.695	-1.199297E+06	1.052278E+02	5.377369E+01	5.568179E+03
3.7	-1.199297E+06	1.027921E+02	5.339283E+01	5.568179E+03
3.705	-1.199297E+06	1.077765E+02	5.352389E+01	5.568179E+03
3.71	-1.199297E+06	1.056005E+02	5.402782E+01	5.568179E+03
3.715	-1.199297E+06	1.025367E+02	5.466323E+01	5.568179E+03
3.72	-1.199297E+06	1.032261E+02	5.520733E+01	5.568179E+03
3.725	-1.199297E+06	1.007580E+02	5.538286E+01	5.568179E+03
3.73	-1.199297E+06	1.012602E+02	5.546834E+01	5.568179E+03
3.735	-1.199297E+06	1.075883E+02	5.575418E+01	5.568179E+03
3.74	-1.199297E+06	1.066968E+02	5.606298E+01	5.568179E+03
3.745	-1.199297E+06	1.018163E+02	5.603644E+01	5.568179E+03
3.75	-1.199297E+06	1.066943E+02	5.542249E+01	5.568179E+03
3.755	-1.199297E+06	1.046314E+02	5.451104E+01	5.568179E+03
3.76	-1.199297E+06	1.008839E+02	5.370173E+01	5.568179E+03
3.765	-1.199297E+06	1.010592E+02	5.332033E+01	5.568179E+03
3.77	-1.199297E+06	9.889708E+01	5.325925E+01	5.568179E+03
3.775	-1.199297E+06	1.026680E+02	5.299873E+01	5.568179E+03
3.78	-1.199297E+06	1.073211E+02	5.251691E+01	5.568179E+03
3.785	-1.199297E+06	1.081105E+02	5.236946E+01	5.568179E+03
3.79	-1.199297E+06	1.135760E+02	5.272924E+01	5.568179E+03
3.795	-1.199297E+06	1.105928E+02	5.328733E+01	5.568179E+03
3.8	-1.199297E+06	1.005330E+02	5.373706E+01	5.568179E+03
3.805	-1.199297E+06	1.061348E+02	5.396880E+01	5.568179E+03
3.81	-1.199297E+06	1.083634E+02	5.430592E+01	5.568179E+03
3.815	-1.199297E+06	1.089417E+02	5.490289E+01	5.568179E+03
3.82	-1.199297E+06	1.120548E+02	5.560866E+01	5.568179E+03
3.825	-1.199297E+06	1.092499E+02	5.603625E+01	5.568179E+03
3.83	-1.199297E+06	1.116378E+02	5.597520E+01	5.568179E+03
3.835	-1.199297E+06	1.101970E+02	5.560744E+01	5.568179E+03
3.84	-1.199297E+06	1.075515E+02	5.515100E+01	5.568179E+03
3.845	-1.199297E+06	1.091812E+02	5.497439E+01	5.568179E+03
3.85	-1.199297E+06	1.063255E+02	5.498853E+01	5.568179E+03
3.855	-1.199297E+06	1.103675E+02	5.475630E+01	5.568179E+03
3.86	-1.199297E+06	1.144334E+02	5.433519E+01	5.568179E+03
3.865	-1.199297E+06	1.077599E+02	5.389384E+01	5.568179E+03
3.87	-1.199297E+06	1.055869E+02	5.373632E+01	5.568179E+03
3.875	-1.199297E+06	1.112685E+02	5.398946E+01	5.568179E+03
3.88	-1.199297E+06	1.097855E+02	5.412299E+01	5.568179E+03
3.885	-1.199297E+06	1.080361E+02	5.377960E+01	5.568179E+03
3.89	-1.199297E+06	1.114911E+02	5.330538E+01	5.568179E+03
3.895	-1.199297E+06	1.081537E+02	5.314902E+01	5.568179E+03
3.9	-1.199297E+06	1.050648E+02	5.342862E+01	5.568179E+03
3.905	-1.199297E+06	1.087849E+02	5.400747E+01	5.568179E+03
3.91	-1.199297E+06	1.069093E+02	5.449375E+01	5.568179E+03
3.915	-1.199297E+06	1.092046E+02	5.457787E+01	5.568179E+03
3.92	-1.199297E+06	1.103555E+02	5.467001E+01	5.568179E+03
3.925	-1.199297E+06	1.144259E+02	5.485738E+01	5.568179E+03
3.93	-1.199297E+06	1.163745E+02	5.490994E+01	5.568179E+03
3.935	-1.199297E+06	1.080756E+02	5.481595E+01	5.568179E+03
3.94	-1.199297E+06	1.179030E+02	5.429545E+01	5.568179E+03
3.945	-1.199297E+06	1.192583E+02	5.354184E+01	5.568179E+03
3.95	-1.199297E+06	1.112260E+02	5.295911E+01	5.568179E+03
3.955	-1.199297E+06	1.159812E+02	5.281678E+01	5.568179E+03
3.96	-1.199297E+06	1.154844E+02	5.321262E+01	5.568179E+03
3.965	-1.199297E+06	1.145081E+02	5.347866E+01	5.568179E+03
3.97	-1.199297E+06	1.131779E+02	5.331730E+01	5.568179E+03
3.975	-1.199297E+06	1.087883E+02	5.322441E+01	5.568179E+03
3.98	-1.199297E+06	1.156387E+02	5.342352E+01	5.568179E+03
3.985	-1.199297E+06	1.238596E+02	5.397438E+01	5.568179E+03
3.99	-1.199297E+06	1.230276E+02	5.450666E+01	5.568179E+03
3.995	-1.199297E+06	1.249693E+02	5.421982E+01	5.568179E+03
4.0	-1.199297E+06	1.201611E+02	5.353815E+01	5.568179E+03
4.005	-1.199297E+06	1.141300E+02	5.322765E+01	5.568179E+03
4.01	-1.199297E+06	1.154406E+02	5.316719E+01	5.568179E+03
4.015	-1.199297E+06	1.111234E+02	5.341249E+01	5.568179E+03
4.02	-1.199297E+06	1.113005E+02	5.370641E+01	5.568179E+03
4.025	-1.199297E+06	1.208891E+02	5.347635E+01	5.568179E+03
4.03	-1.199297E+06	1.234187E+02	5.303760E+01	5.568179E+03
4.035	-1.199297E+06	1.180551E+02	5.283564E+01	5.568179E+03
4.04	-1.199297E+06	1.208553E+02	5.281900E+01	5.568179E+03
4.045	-1.199297E+06	1.160563E+02	5.291300E+01	5.568179E+03
4.05	-1.199297E+06	1.148537E+02	5.253729E+01	5.568179E+03
4.055	-1.199297E+06	1.231718E+02	5.171201E+01	5.568179E+03
4.06	-1.199297E+06	1.199453E+02	5.116138E+01	5.568179E+03
4.065	-1.199297E+06	1.197320E+02	5.112183E+01	5.568179E+03
4.07	-1.199297E+06	1.190359E+02	5.153782E+01	5.568179E+03
4.075	-1.199296E+06	1.171270E+02	5.185101E+01	5.568179E+03
4.08	-1.199297E+06	1.253245E+02	5.174015E+01	5.568179E+03
4.085	-1.199296E+06	1.190568E+02	5.168975E+01	5.568179E+03
4.09	-1.199297E+06	1.200473E+02	5.185661E+01	5.568179E+03
4.095	-1.199297E+06	1.245129E+02	5.238893E+01	5.568179E+03
4.1	-1.199296E+06	1.160364E+02	5.285638E+01	5.568179E+03
4.105	-1.199296E+06	1.204307E+02	5.270834E+01	5.568179E+03
4.11	-1.199297E+06	1.263492E+02	5.245862E+01	5.568179E+03
4.115	-1.199296E+06	1.259007E+02	5.225937E+01	5.568179E+03
4.12	-1.199297E+06	1.240276E+02	5.200792E+01	5.568179E+03
4.125	-1.199296E+06	1.115944E+02	5.188389E+01	5.568179E+03
4.13	-1.199296E+06	1.132578E+02	5.152673E+01	5.568179E+03
4.135	-1.199297E+06	1.254458E+02	5.104082E+01	5.568179E+03
4.14	-1.199296E+06	1.261655E+02	5.079370E+01	5.568179E+03
4.145	-1.199296E+06	1.289513E+02	5.066400E+01	5.568179E+03
4.15	-1.199297E+06	1.316026E+02	5.085856E+01	5.568179E+03
4.155	-1.199296E+06	1.258088E+02	5.133625E+01	5.568179E+03
4.16	-1.199296E+06	1.298325E+02	5.149946E+01	5.568179E+03
4.165	-1.199297E+06	1.323923E+02	5.145605E+01	5.568179E+03
4.17	-1.199296E+06	1.256728E+02	5.155308E+01	5.568179E+03
4.175	-1.199296E+06	1.256853E+02	5.182084E+01	5.568179E+03
4.18	-1.199296E+06	1.294907E+02	5.219704E+01	5.568179E+03
4.185	-1.199296E+06	1.268540E+02	5.233786E+01	5.568179E+03
4.19	-1.199296E+06	1.274951E+02	5.197270E+01	5.568179E+03
4.195	-1.199296E+06	1.288949E+02	5.149927E+01	5.568179E+03
4.2	-1.199296E+06	1.251338E+02	5.127649E+01	5.568179E+03
4.205	-1.199296E+06	1.312505E+02	5.121174E+01	5.568179E+03
4.21	-1.199296E+06	1.307501E+02	5.151149E+01	5.568179E+03
4.215	-1.199296E+06	1.297595E+02	5.184664E+01	5.568179E+03
4.22	-1.199297E+06	1.345905E+02	5.179145E+01	5.568179E+03
4.225	-1.199296E+06	1.295431E+02	5.195771E+01	5.568179E+03
4.23	-1.199296E+06	1.383790E+02	5.212737E+01	5.568179E+03
4.235	-1.199296E+06	1.387068E+02	5.192164E+01	5.568179E+03
4.24	-1.199296E+06	1.322398E+02	5.153189E+01	5.568179E+03
4.245	-1.199296E+06	1.397465E+02	5.072299E+01	5.568179E+03
4.25	-1.199296E+06	1.355656E+02	4.986552E+01	5.568179E+03
4.255	-1.199296E+06	1.294151E+02	4.974668E+01	5.568179E+03
4.26	-1.199296E+06	1.332368E+02	5.006524E+01	5.568179E+03
4.265	-1.199296E+06	1.307168E+02	5.048291E+01	5.568179E+03
4.27	-1.199296E+06	1.286857E+02	5.104549E+01	5.568179E+03
4.275	-1.199296E+06	1.395614E+02	5.148964E+01	5.568179E+03
4.28	-1.199296E+06	1.381606E+02	5.208726E+01	5.568179E+03
4.285	-1.199296E+06	1.347378E+02	5.274674E+01	5.568179E+03
4.29	-1.199296E+06	1.427060E+02	5.305699E+01	5.568179E+03
4.295	-1.199296E+06	1.403052E+02	5.306770E+01	5.568179E+03
4.3	-1.199296E+06	1.401011E+02	5.265189E+01	5.568179E+03
4.305	-1.199296E+06	1.427624E+02	5.205164E+01	5.568179E+03
4.31	-1.199296E+06	1.420592E+02	5.159744E+01	5.568179E+03
4.315	-1.199296E+06	1.378254E+02	5.134712E+01	5.568179E+03
4.32	-1.199296E+06	1.358319E+02	5.116860E+01	5.568179E+03
4.325	-1.199296E+06	1.389107E+02	5.079808E+01	5.568179E+03
4.33	-1.199296E+06	1.430304E+02	5.027382E+01	5.568179E+03
4.335	-1.199296E+06	1.418407E+02	5.011433E+01	5.568179E+03
4.34	-1.199296E+06	1.327818E+02	5.055506E+01	5.568179E+03
4.345	-1.199296E+06	1.392103E+02	5.115028E+01	5.568179E+03
4.35	-1.199296E+06	1.488566E+02	5.150860E+01	5.568179E+03
4.355	-1.199296E+06	1.421781E+02	5.150692E+01	5.568179E+03
4.36	-1.199296E+06	1.430131E+02	5.143759E+01	5.568179E+03
4.365	-1.199296E+06	1.404986E+02	5.180779E+01	5.568179E+03
4.37	-1.199296E+06	1.386827E+02	5.235151E+01	5.568179E+03
4.375	-1.199296E+06	1.415458E+02	5.282371E+01	5.568179E+03
4.38	-1.199296E+06	1.504756E+02	5.306775E+01	5.568179E+03
4.385	-1.199296E+06	1.485225E+02	5.306835E+01	5.568179E+03
4.39	-1.199296E+06	1.436358E+02	5.292872E+01	5.568179E+03
4.395	-1.199296E+06	1.513328E+02	5.295739E+01	5.568179E+03
4.4	-1.199296E+06	1.503235E+02	5.309157E+01	5.568179E+03
4.405	-1.199296E+06	1.512149E+02	5.278183E+01	5.568179E+03
4.41	-1.199296E+06	1.499415E+02	5.212692E+01	5.568179E+03
4.415	-1.199296E+06	1.473910E+02	5.150041E+01	5.568179E+03
4.42	-1.199296E+06	1.573518E+02	5.126105E+01	5.568179E+03
4.425	-1.199296E+06	1.551322E+02	5.137497E+01	5.568179E+03
4.43	-1.199296E+06	1.518331E+02	5.126892E+01	5.568179E+03
4.435	-1.199296E+06	1.546389E+02	5.099338E+01	5.568179E+03
4.44	-1.199296E+06	1.515976E+02	5.090093E+01	5.568179E+03
4.445	-1.199296E+06	1.515526E+02	5.116522E+01	5.568179E+03
4.45	-1.199296E+06	1.509469E+02	5.186664E+01	5.568179E+03
4.455	-1.199296E+06	1.531141E+02	5.254473E+01	5.568179E+03
4.46	-1.199296E+06	1.542844E+02	5.279756E+01	5.568179E+03
4.465	-1.199296E+06	1.577790E+02	5.243848E+01	5.568179E+03
4.47	-1.199296E+06	1.502990E+02	5.195618E+01	5.568179E+03
4.475	-1.199295E+06	1.434897E+02	5.174297E+01	5.568179E+03
4.48	-1.199296E+06	1.604931E+02	5.149515E+01	5.568179E+03
4.485	-1.199296E+06	1.599858E+02	5.123923E+01	5.568179E+03
4.49	-1.199296E+06	1.609418E+02	5.078622E+01	5.568179E+03
4.495	-1.199296E+06	1.644875E+02	5.047143E+01	5.568179E+03
4.5	-1.199296E+06	1.557193E+02	5.063253E+01	5.568179E+03
4.505	-1.199296E+06	1.594338E+02	5.101512E+01	5.568179E+03
4.51	-1.199296E+06	1.647607E+02	5.155775E+01	5.568179E+03
4.515	-1.199296E+06	1.592805E+02	5.197536E+01	5.568179E+03
4.52	-1.199296E+06	1.594322E+02	5.203279E+01	5.568179E+03
4.525	-1.199296E+06	1.630686E+02	5.208306E+01	5.568179E+03
4.53	-1.199296E+06	1.695464E+02	5.220650E+01	5.568179E+03
4.535	-1.199296E+06	1.676350E+02	5.241456E+01	5.568179E+03
4.54	-1.199296E+06	1.625667E+02	5.233641E+01	5.568179E+03
4.545	-1.199295E+06	1.580189E+02	5.171258E+01	5.568179E+03
4.55	-1.199295E+06	1.580704E+02	5.098376E+01	5.568179E+03
4.555	-1.199296E+06	1.646129E+02	5.050591E+01	5.568179E+03
4.56	-1.199296E+06	1.657323E+02	5.058275E+01	5.568179E+03
4.565	-1.199295E+06	1.653010E+02	5.104802E+01	5.568179E+03
4.57	-1.199295E+06	1.650357E+02	5.138336E+01	5.568179E+03
4.575	-1.199295E+06	1.612757E+02	5.170295E+01	5.568179E+03
4.58	-1.199295E+06	1.663107E+02	5.215801E+01	5.568179E+03
4.585	-1.199296E+06	1.836810E+02	5.272084E+01	5.568179E+03
4.59	-1.199295E+06	1.779120E+02	5.327658E+01	5.568179E+03
4.595	-1.199295E+06	1.729185E+02	5.328635E+01	5.568179E+03
4.6	-1.199296E+06	1.870596E+02	5.280783E+01	5.568179E+03
4.605	-1.199295E+06	1.752065E+02	5.210201E+01	5.568179E+03
4.61	-1.199295E+06	1.698148E+02	5.139986E+01	5.568179E+03
4.615	-1.199295E+06	1.663297E+02	5.145002E+01	5.568179E+03
4.62	-1.199295E+06	1.632505E+02	5.169842E+01	5.568179E+03
4.625	-1.199295E+06	1.700610E+02	5.185213E+01	5.568179E+03
4.63	-1.199295E+06	1.795980E+02	5.180557E+01	5.568179E+03
4.635	-1.199296E+06	1.912086E+02	5.155743E+01	5.568179E+03
4.64	-1.199295E+06	1.801546E+02	5.207267E+01	5.568179E+03
4.645	-1.199295E+06	1.819660E+02	5.268820E+01	5.568179E+03
4.65	-1.199295E+06	1.832727E+02	5.298062E+01	5.568179E+03
4.655	-1.199295E+06	1.821188E+02	5.306499E+01	5.568179E+03
4.66	-1.199296E+06	1.803974E+02	5.308046E+01	5.568179E+03
4.665	-1.199295E+06	1.644223E+02	5.372994E+01	5.568179E+03
4.67	-1.199296E+06	1.851567E+02	5.449069E+01	5.568179E+03
4.675	-1.199295E+06	1.802187E+02	5.508248E+01	5.568179E+03
4.68	-1.199295E+06	1.750957E+02	5.525459E+01	5.568179E+03
4.685	-1.199296E+06	1.937162E+02	5.505535E+01	5.568179E+03
4.69	-1.199295E+06	1.845505E+02	5.477991E+01	5.568179E+03
4.695	-1.199295E+06	1.927959E+02	5.415656E+01	5.568179E+03
4.7	-1.199295E+06	1.882057E+02	5.377863E+01	5.568179E+03
4.705	-1.199295E+06	1.857436E+02	5.346361E+01	5.568179E+03
4.71	-1.199295E+06	1.879413E+02	5.294363E+01	5.568179E+03
4.715	-1.199295E+06	1.829522E+02	5.255488E+01	5.568179E+03
4.72	-1.199295E+06	1.907714E+02	5.261171E+01	5.568179E+03
4.725	-1.199295E+06	1.812561E+02	5.336999E+01	5.568179E+03
4.73	-1.199295E+06	1.975704E+02	5.413031E+01	5.568179E+03
4.735	-1.199295E+06	1.979102E+02	5.476076E+01	5.568179E+03
4.74	-1.199295E+06	1.926410E+02	5.479737E+01	5.568179E+03
4.745	-1.199296E+06	2.041377E+02	5.463159E+01	5.568179E+03
4.75	-1.199295E+06	1.877511E+02	5.490303E+01	5.568179E+03
4.755	-1.199295E+06	1.884519E+02	5.483210E+01	5.568179E+03
4.76	-1.199295E+06	1.965489E+02	5.502696E+01	5.568179E+03
4.765	-1.199295E+06	2.022325E+02	5.505640E+01	5.568179E+03
4.77	-1.199295E+06	1.977685E+02	5.427274E+01	5.568179E+03
4.775	-1.199294E+06	1.841201E+02	5.436506E+01	5.568179E+03
4.78	-1.199295E+06	2.124529E+02	5.492131E+01	5.568179E+03
4.785	-1.199295E+06	2.218955E+02	5.477562E+01	5.568179E+03
4.79	-1.199295E+06	2.057224E+02	5.412835E+01	5.568179E+03
4.795	-1.199295E+06	2.019461E+02	5.313865E+01	5.568179E+03
4.8	-1.199295E+06	2.011738E+02	5.241413E+01	5.568179E+03
4.805	-1.199295E+06	2.104856E+02	5.261193E+01	5.568179E+03
4.81	-1.199295E+06	2.116964E+02	5.325968E+01	5.568179E+03
4.815	-1.199295E+06	2.078688E+02	5.365099E+01	5.568179E+03
4.82	-1.199295E+06	2.026477E+02	5.405460E+01	5.568179E+03
4.825	-1.199295E+06	1.979289E+02	5.448258E+01	5.568179E+03
4.83	-1.199295E+06	1.940468E+02	5.520017E+01	5.568179E+03
4.835	-1.199295E+06	2.014310E+02	5.647416E+01	5.568179E+03
4.84	-1.199295E+06	2.143341E+02	5.715139E+01	5.568179E+03
4.845	-1.199295E+06	2.173172E+02	5.687564E+01	5.568179E+03
4.85	-1.199295E+06	2.190204E+02	5.643036E+01	5.568179E+03
4.855	-1.199295E+06	2.227512E+02	5.546550E+01	5.568179E+03
4.86	-1.199295E+06	2.097881E+02	5.447990E+01	5.568179E+03
4.865	-1.199294E+06	2.023689E+02	5.392499E+01	5.568179E+03
4.87	-1.199295E+06	2.159200E+02	5.316111E+01	5.568179E+03
4.875	-1.199295E+06	2.157143E+02	5.283032E+01	5.568179E+03
4.88	-1.199294E+06	2.174512E+02	5.292346E+01	5.568179E+03
4.885	-1.199295E+06	2.244103E+02	5.321985E+01	5.568179E+03
4.89	-1.199294E+06	2.203490E+02	5.433497E+01	5.568179E+03
4.895	-1.199295E+06	2.368172E+02	5.543297E+01	5.568179E+03
4.9	-1.199295E+06	2.402082E+02	5.598951E+01	5.568179E+03
4.905	-1.199294E+06	2.287316E+02	5.604099E+01	5.568179E+03
4.91	-1.199295E+06	2.290878E+02	5.565580E+01	5.568179E+03
4.915	-1.199294E+06	2.276443E+02	5.580802E+01	5.568179E+03
4.92	-1.199295E+06	2.270025E+02	5.649288E+01	5.568179E+03
4.925	-1.199295E+06	2.271040E+02	5.652709E+01	5.568179E+03
4.93	-1.199294E+06	2.237260E+02	5.604462E+01	5.568179E+03
4.935	-1.199294E+06	2.241831E+02	5.572458E+01	5.568179E+03
4.94	-1.199294E+06	2.267294E+02	5.562567E+01	5.568179E+03
4.945	-1.199294E+06	2.294719E+02	5.584842E+01	5.568179E+03
4.95	-1.199294E+06	2.291754E+02	5.601298E+01	5.568179E+03
4.955	-1.199294E+06	2.429995E+02	5.547660E+01	5.568179E+03
4.96	-1.199294E+06	2.405633E+02	5.478852E+01	5.568179E+03
4.965	-1.199294E+06	2.262778E+02	5.396130E+01	5.568179E+03
4.97	-1.199295E+06	2.356581E+02	5.318979E+01	5.568179E+03
4.975	-1.199294E+06	2.158167E+02	5.369653E+01	5.568179E+03
4.98	-1.199294E+06	2.188811E+02	5.430280E+01	5.568179E+03
4.985	-1.199295E+06	2.509119E+02	5.436105E+01	5.568179E+03
4.99	-1.199294E+06	2.459201E+02	5.467808E+01	5.568179E+03
4.995	-1.199294E+06	2.457207E+02	5.512419E+01	5.568179E+03
5.0	-1.199294E+06	2.471341E+02	5.603542E+01	5.568179E+03
5.005	-1.199294E+06	2.440418E+02	5.667791E+01	5.568179E+03
5.01	-1.199294E+06	2.497615E+02	5.630656E+01	5.568179E+03
5.015	-1.199294E+06	2.498532E+02	5.595157E+01	5.568179E+03
5.02	-1.199294E+06	2.608842E+02	5.609408E+01	5.568179E+03
5.025	-1.199294E+06	2.593746E+02	5.646995E+01	5.568179E+03
5.03	-1.199294E+06	2.503735E+02	5.644697E+01	5.568179E+03
5.035	-1.199294E+06	2.530316E+02	5.611943E+01	5.568179E+03
5.04	-1.199294E+06	2.573081E+02	5.591093E+01	5.568179E+03
5.045	-1.199294E+06	2.715004E+02	5.584834E+01	5.568179E+03
5.05	-1.199294E+06	2.669500E+02	5.613665E+01	5.568179E+03
5.055	-1.199294E+06	2.637513E+02	5.591113E+01	5.568179E+03
5.06	-1.199294E+06	2.519159E+02	5.514775E+01	5.568179E+03
5.065	-1.199294E+06	2.425322E+02	5.443508E+01	5.568179E+03
5.07	-1.199294E+06	2.606068E+02	5.366527E+01	5.568179E+03
5.075	-1.199294E+06	2.609442E+02	5.298849E+01	5.568179E+03
5.08	-1.199294E+06	2.623459E+02	5.245530E+01	5.568179E+03
5.085	-1.199294E+06	2.612627E+02	5.186469E+01	5.568179E+03
5.09	-1.199294E+06	2.588638E+02	5.107174E+01	5.568179E+03
5.095	-1.199294E+06	2.501487E+02	5.045170E+01	5.568179E+03
5.1	-1.199293E+06	2.431430E+02	5.043942E+01	5.568179E+03
5.105	-1.199294E+06	2.792880E+02	5.136471E+01	5.568179E+03
5.11	-1.199294E+06	2.762087E+02	5.319965E+01	5.568179E+03
5.115	-1.199293E+06	2.593994E+02	5.452056E+01	5.568179E+03
5.12	-1.199294E+06	2.683528E+02	5.517590E+01	5.568179E+03
5.125	-1.199294E+06	2.719845E+02	5.571284E+01	5.568179E+03
5.13	-1.199294E+06	2.793500E+02	5.639472E+01	5.568179E+03
5.135	-1.199293E+06	2.829920E+02	5.728101E+01	5.568179E+03
5.14	-1.199294E+06	2.881407E+02	5.758636E+01	5.568179E+03
5.145	-1.199293E+06	2.780004E+02	5.702590E+01	5.568179E+03
5.15	-1.199293E+06	2.739561E+02	5.584952E+01	5.568179E+03
5.155	-1.199294E+06	2.845927E+02	5.474654E+01	5.568179E+03
5.16	-1.199293E+06	2.868835E+02	5.407846E+01	5.568179E+03
5.165	-1.199294E+06	2.946000E+02	5.360060E+01	5.568179E+03
5.17	-1.199293E+06	2.942092E+02	5.348132E+01	5.568179E+03
5.175	-1.199294E+06	3.057345E+02	5.319736E+01	5.568179E+03
5.18	-1.199294E+06	2.998787E+02	5.300419E+01	5.568179E+03
5.185	-1.199293E+06	2.770981E+02	5.357135E+01	5.568179E+03
5.19	-1.199294E+06	2.917541E+02	5.442752E+01	5.568179E+03
5.195	-1.199293E+06	2.917654E+02	5.529842E+01	5.568179E+03
5.2	-1.199293E+06	2.922130E+02	5.560240E+01	5.568179E+03
5.205	-1.199293E+06	2.941705E+02	5.554351E+01	5.568179E+03
5.21	-1.199293E+06	3.004700E+02	5.568745E+01	5.568179E+03
5.215	-1.199293E+06	3.073995E+02	5.625320E+01	5.568179E+03
5.22	-1.199293E+06	2.957229E+02	5.706927E+01	5.568179E+03
5.225	-1.199293E+06	2.985579E+02	5.775981E+01	5.568179E+03
5.23	-1.199293E+06	2.936962E+02	5.816788E+01	5.568179E+03
5.235	-1.199293E+06	3.078827E+02	5.771261E+01	5.568179E+03
5.24	-1.199293E+06	3.226746E+02	5.717680E+01	5.568179E+03
5.245	-1.199293E+06	3.025902E+02	5.675893E+01	5.568179E+03
5.25	-1.199293E+06	3.004998E+02	5.563246E+01	5.568179E+03
5.255	-1.199293E+06	3.073298E+02	5.461377E+01	5.568179E+03
5.26	-1.199293E+06	3.111565E+02	5.376689E+01	5.568179E+03
5.265	-1.199292E+06	2.957866E+02	5.307409E+01	5.568179E+03
5.27	-1.199293E+06	3.122215E+02	5.306147E+01	5.568179E+03
5.275	-1.199293E+06	3.143410E+02	5.385137E+01	5.568179E+03
5.28	-1.199292E+06	3.055889E+02	5.439152E+01	5.568179E+03
5.285	-1.199293E+06	3.226264E+02	5.450455E+01	5.568179E+03
5.29	-1.199292E+06	3.174402E+02	5.457328E+01	5.568179E+03
5.295	-1.199293E+06	3.347995E+02	5.486451E+01	5.568179E+03
5.3	-1.199293E+06	3.346699E+02	5.614791E+01	5.568179E+03
5.305	-1.199292E+06	3.230070E+02	5.698131E+01	5.568179E+03
5.31	-1.199293E+06	3.384545E+02	5.652342E+01	5.568179E+03
5.315	-1.199292E+06	3.195478E+02	5.607521E+01	5.568179E+03
5.32	-1.199292E+06	3.237472E+02	5.555535E+01	5.568179E+03
5.325	-1.199293E+06	3.400222E+02	5.556717E+01	5.568179E+03
5.33	-1.199293E+06	3.374049E+02	5.590801E+01	5.568179E+03
5.335	-1.199293E+06	3.294163E+02	5.511445E+01	5.568179E+03
5.34	-1.199292E+06	3.236261E+02	5.392517E+01	5.568179E+03
5.345	-1.199292E+06	3.282284E+02	5.329934E+01	5.568179E+03
5.35	-1.199292E+06	3.390723E+02	5.339667E+01	5.568179E+03
5.355	-1.199293E+06	3.400789E+02	5.449550E+01	5.568179E+03
5.36	-1.199292E+06	3.274385E+02	5.553982E+01	5.568179E+03
5.365	-1.199293E+06	3.507005E+02	5.524517E+01	5.568179E+03
5.37	-1.199292E+06	3.467140E+02	5.464955E+01	5.568179E+03
5.375	-1.199292E+06	3.451823E+02	5.407194E+01	5.568179E+03
5.38	-1.199293E+06	3.705147E+02	5.365560E+01	5.568179E+03
5.385	-1.199292E+06	3.509216E+02	5.402135E+01	5.568179E+03
5.39	-1.199292E+06	3.439025E+02	5.410810E+01	5.568179E+03
5.395	-1.199293E+06	3.649821E+02	5.343921E+01	5.568179E+03
5.4	-1.199292E+06	3.505272E+02	5.335483E+01	5.568179E+03
5.405	-1.199292E+06	3.488999E+02	5.371295E+01	5.568179E+03
5.41	-1.199292E+06	3.629808E+02	5.401722E+01	5.568179E+03
5.415	-1.199292E+06	3.524846E+02	5.485720E+01	5.568179E+03
5.42	-1.199292E+06	3.481270E+02	5.533143E+01	5.568179E+03
5.425	-1.199292E+06	3.702964E+02	5.467875E+01	5.568179E+03
5.43	-1.199291E+06	3.637652E+02	5.468472E+01	5.568179E+03
5.435	-1.199292E+06	3.872682E+02	5.499695E+01	5.568179E+03
5.44	-1.199292E+06	3.790144E+02	5.506327E+01	5.568179E+03
5.445	-1.199291E+06	3.491442E+02	5.486485E+01	5.568179E+03
5.45	-1.199292E+06	3.866685E+02	5.362481E+01	5.568179E+03
5.455	-1.199292E+06	3.803816E+02	5.219937E+01	5.568179E+03
5.46	-1.199291E+06	3.615081E+02	5.144087E+01	5.568179E+03
5.465	-1.199292E+06	3.724904E+02	5.165011E+01	5.568179E+03
5.47	-1.199292E+06	3.849164E+02	5.187078E+01	5.568179E+03
5.475	-1.199292E+06	3.799246E+02	5.206980E+01	5.568179E+03
5.48	-1.199291E+06	3.759360E+02	5.284331E+01	5.568179E+03
5.485	-1.199292E+06	4.113608E+02	5.357399E+01	5.568179E+03
5.49	-1.199291E+06	4.082820E+02	5.483946E+01	5.568179E+03
5.495	-1.199291E+06	3.901445E+02	5.578424E+01	5.568179E+03
5.5	-1.199291E+06	3.836155E+02	5.556616E+01	5.568179E+03
5.505	-1.199291E+06	3.828881E+02	5.484052E+01	5.568179E+03
5.51	-1.199291E+06	3.910304E+02	5.386697E+01	5.568179E+03
5.515	-1.199292E+06	4.062908E+02	5.296904E+01	5.568179E+03
5.52	-1.199291E+06	3.939021E+02	5.293114E+01	5.568179E+03
5.525	-1.199291E+06	3.889471E+02	5.277897E+01	5.568179E+03
5.53	-1.199291E+06	4.041958E+02	5.232639E+01	5.568179E+03
5.535	-1.199291E+06	4.017178E+02	5.204752E+01	5.568179E+03
5.54	-1.199291E+06	4.078883E+02	5.116723E+01	5.568179E+03
5.545	-1.199292E+06	4.249075E+02	5.034307E+01	5.568179E+03
5.55	-1.199291E+06	3.979868E+02	5.051466E+01	5.568179E+03
5.555	-1.199290E+06	4.007910E+02	4.999942E+01	5.568179E+03
5.56	-1.199292E+06	4.376798E+02	4.913006E+01	5.568179E+03
5.565	-1.199291E+06	4.095951E+02	4.945699E+01	5.568179E+03
5.57	-1.199290E+06	3.988403E+02	4.976360E+01	5.568179E+03
5.575	-1.199291E+06	4.227947E+02	5.068221E+01	5.568179E+03
5.58	-1.199290E+06	3.984965E+02	5.241764E+01	5.568179E+03
5.585	-1.199291E+06	4.198626E+02	5.233251E+01	5.568179E+03
5.59	-1.199291E+06	4.289472E+02	5.202725E+01	5.568179E+03
5.595	-1.199290E+06	4.191325E+02	5.232894E+01	5.568179E+03
5.6	-1.199291E+06	4.418803E+02	5.178583E+01	5.568179E+03
5.605	-1.199291E+06	4.405584E+02	5.095566E+01	5.568179E+03
5.61	-1.199290E+06	4.133799E+02	4.997170E+01	5.568179E+03
5.615	-1.199291E+06	4.287450E+02	4.852408E+01	5.568179E+03
5.62	-1.199290E+06	4.167770E+02	4.857292E+01	5.568179E+03
5.625	-1.199290E+06	4.120164E+02	4.937428E+01	5.568179E+03
5.63	-1.199291E+06	4.414198E+02	4.973976E+01	5.568179E+03
5.635	-1.199291E+06	4.423592E+02	5.018335E+01	5.568179E+03
5.64	-1.199290E+06	4.238899E+02	5.045796E+01	5.568179E+03
5.645	-1.199290E+06	4.481524E+02	5.029264E+01	5.568179E+03
5.65	-1.199290E+06	4.561058E+02	5.090774E+01	5.568179E+03
5.655	-1.199290E+06	4.607269E+02	5.181873E+01	5.568179E+03
5.66	-1.199291E+06	4.811405E+02	5.187316E+01	5.568179E+03
5.665	-1.199290E+06	4.496564E+02	5.159234E+01	5.568179E+03
5.67	-1.199290E+06	4.373751E+02	5.073116E+01	5.568179E+03
5.675	-1.199290E+06	4.508097E+02	4.966554E+01	5.568179E+03
5.68	-1.199290E+06	4.651183E+02	4.968798E+01	5.568179E+03
5.685	-1.199290E+06	4.721890E+02	5.040404E+01	5.568179E+03
5.69	-1.199289E+06	4.534715E+02	5.062331E+01	5.568179E+03
5.695	-1.199289E+06	4.599182E+02	5.081112E+01	5.568179E+03
5.7	-1.199290E+06	4.807010E+02	5.161822E+01	5.568179E+03
5.705	-1.199290E+06	4.855049E+02	5.235938E+01	5.568179E+03
5.71	-1.199290E+06	4.798361E+02	5.327260E+01	5.568179E+03
5.715	-1.199290E+06	4.824482E+02	5.419204E+01	5.568179E+03
5.72	-1.199290E+06	4.867329E+02	5.434947E+01	5.568179E+03
5.725	-1.199289E+06	4.736000E+02	5.402609E+01	5.568179E+03
5.73	-1.199290E+06	4.810318E+02	5.290497E+01	5.568179E+03
5.735	-1.199289E+06	4.744598E+02	5.157490E+01	5.568179E+03
5.74	-1.199289E+06	4.706694E+02	4.992570E+01	5.568179E+03
5.745	-1.199289E+06	4.669812E+02	4.851503E+01	5.568179E+03
5.75	-1.199289E+06	4.826391E+02	4.814608E+01	5.568179E+03
5.755	-1.199289E+06	4.862661E+02	4.852111E+01	5.568179E+03
5.76	-1.199289E+06	5.102637E+02	4.944229E+01	5.568179E+03
5.765	-1.199290E+06	5.194570E+02	5.096389E+01	5.568179E+03
5.77	-1.199289E+06	4.932155E+02	5.185338E+01	5.568179E+03
5.775	-1.199289E+06	4.912362E+02	5.231800E+01	5.568179E+03
5.78	-1.199289E+06	5.051543E+02	5.323826E+01	5.568179E+03
5.785	-1.199289E+06	5.095567E+02	5.486930E+01	5.568179E+03
5.79	-1.199289E+06	5.032640E+02	5.642935E+01	5.568179E+03
5.795	-1.199289E+06	5.143278E+02	5.692003E+01	5.568179E+03
5.8	-1.199289E+06	5.084776E+02	5.692476E+01	5.568179E+03
5.805	-1.199288E+06	4.942258E+02	5.599538E+01	5.568179E+03
5.81	-1.199289E+06	5.217630E+02	5.389206E+01	5.568179E+03
5.815	-1.199288E+06	5.071372E+02	5.232024E+01	5.568179E+03
5.82	-1.199289E+06	5.071781E+02	5.038722E+01	5.568179E+03
5.825	-1.199288E+06	4.654350E+02	4.919052E+01	5.568179E+03
5.83	-1.199287E+06	4.622311E+02	4.908283E+01	5.568179E+03
5.835	-1.199290E+06	5.409439E+02	4.883414E+01	5.568179E+03
5.84	-1.199288E+06	5.302456E+02	4.964106E+01	5.568179E+03
5.845	-1.199288E+06	5.239399E+02	5.059015E+01	5.568179E+03
5.85	-1.199288E+06	5.402237E+02	5.122734E+01	5.568179E+03
5.855	-1.199288E+06	5.473773E+02	5.190040E+01	5.568179E+03
5.86	-1.199288E+06	5.453176E+02	5.234117E+01	5.568179E+03
5.865	-1.199289E+06	5.583803E+02	5.163353E+01	5.568179E+03
5.87	-1.199289E+06	5.381676E+02	4.982092E+01	5.568179E+03
5.875	-1.199287E+06	4.888288E+02	4.865213E+01	5.568179E+03
5.88	-1.199288E+06	5.207883E+02	4.865412E+01	5.568179E+03
5.885	-1.199288E+06	5.294711E+02	4.880002E+01	5.568179E+03
5.89	-1.199288E+06	5.030712E+02	4.886588E+01	5.568179E+03
5.895	-1.199288E+06	5.141405E+02	4.854283E+01	5.568179E+03
5.9	-1.199288E+06	5.361520E+02	4.854988E+01	5.568179E+03
5.905	-1.199288E+06	5.618522E+02	4.982145E+01	5.568179E+03
5.91	-1.199288E+06	5.766784E+02	5.016270E+01	5.568179E+03
5.915	-1.199288E+06	5.700066E+02	4.898715E+01	5.568179E+03
5.92	-1.199287E+06	5.353683E+02	4.809886E+01	5.568179E+03
5.925	-1.199289E+06	5.858662E+02	4.717128E+01	5.568179E+03
5.93	-1.199288E+06	5.707693E+02	4.848999E+01	5.568179E+03
5.935	-1.199287E+06	5.331826E+02	5.027559E+01	5.568179E+03
5.94	-1.199288E+06	5.603428E+02	5.048011E+01	5.568179E+03
5.945	-1.199287E+06	5.525764E+02	5.086737E+01	5.568179E+03
5.95	-1.199288E+06	5.727976E+02	5.048082E+01	5.568179E+03
5.955	-1.199288E+06	5.793170E+02	5.068386E+01	5.568179E+03
5.96	-1.199287E+06	5.685602E+02	5.207499E+01	5.568179E+03
5.965	-1.199287E+06	5.786977E+02	5.180290E+01	5.568179E+03
5.97	-1.199288E+06	5.954049E+02	4.973663E+01	5.568179E+03
5.975	-1.199287E+06	5.720002E+02	4.787787E+01	5.568179E+03
5.98	-1.199286E+06	5.530522E+02	4.661945E+01	5.568179E+03
5.985	-1.199288E+06	5.941674E+02	4.657683E+01	5.568179E+03
5.99	-1.199287E+06	5.652277E+02	4.743464E+01	5.568179E+03
5.995	-1.199286E+06	5.443111E+02	4.709986E+01	5.568179E+03
6.0	-1.199288E+06	6.071250E+02	4.639004E+01	5.568179E+03
6.005	-1.199287E+06	5.832962E+02	4.682608E+01	5.568179E+03
6.01	-1.199286E+06	5.689368E+02	4.740897E+01	5.568179E+03
6.015	-1.199287E+06	5.975538E+02	4.843009E+01	5.568179E+03
6.02	-1.199287E+06	5.931102E+02	4.973904E+01	5.568179E+03
6.025	-1.199286E+06	5.845433E+02	4.979402E+01	5.568179E+03
6.03	-1.199287E+06	6.092811E+02	4.881168E+01	5.568179E+03
6.035	-1.199287E+06	5.757863E+02	4.843383E+01	5.568179E+03
6.04	-1.199286E+06	5.397884E+02	4.802919E+01	5.568179E+03
6.045	-1.199287E+06	5.746601E+02	4.775192E+01	5.568179E+03
6.05	-1.199286E+06	5.699504E+02	4.811875E+01	5.568179E+03
6.055	-1.199287E+06	6.096970E+02	4.718503E+01	5.568179E+03
6.06	-1.199287E+06	6.145977E+02	4.635314E+01	5.568179E+03
6.065	-1.199285E+06	5.803502E+02	4.647549E+01	5.568179E+03
6.07	-1.199287E+06	6.316913E+02	4.678130E+01	5.568179E+03
6.075	-1.199286E+06	6.262616E+02	4.810645E+01	5.568179E+03
6.08	-1.199286E+06	6.200784E+02	4.806000E+01	5.568179E+03
6.085	-1.199286E+06	6.175411E+02	4.626443E+01	5.568179E+03
6.09	-1.199286E+06	5.957297E+02	4.529458E+01	5.568179E+03
6.095	-1.199286E+06	6.103188E+02	4.578065E+01	5.568179E+03
6.1	-1.199286E+06	6.247009E+02	4.695900E+01	5.568179E+03
6.105	-1.199286E+06	6.281167E+02	4.790216E+01	5.568179E+03
6.11	-1.199286E+06	6.271278E+02	4.808558E+01	5.568179E+03
6.115	-1.199287E+06	6.496820E+02	4.765732E+01	5.568179E+03
6.12	-1.199286E+06	6.316570E+02	4.826665E+01	5.568179E+03
6.125	-1.199285E+06	6.128366E+02	4.976908E+01	5.568179E+03
6.13	-1.199287E+06	6.480896E+02	5.074675E+01	5.568179E+03
6.135	-1.199286E+06	6.456073E+02	5.153770E+01	5.568179E+03
6.14	-1.199287E+06	6.443517E+02	5.143975E+01	5.568179E+03
6.145	-1.199286E+06	6.117051E+02	5.041773E+01	5.568179E+03
6.15	-1.199286E+06	6.076921E+02	4.952590E+01	5.568179E+03
6.155	-1.199286E+06	6.234571E+02	4.914512E+01	5.568179E+03
6.16	-1.199287E+06	6.589834E+02	4.724639E+01	5.568179E+03
6.165	-1.199286E+06	6.228889E+02	4.493440E+01	5.568179E+03
6.17	-1.199285E+06	5.877206E+02	4.265491E+01	5.568179E+03
6.175	-1.199286E+06	6.037722E+02	4.087267E+01	5.568179E+03
6.18	-1.199286E+06	5.812552E+02	4.102028E+01	5.568179E+03
6.185	-1.199285E+06	5.945613E+02	4.215921E+01	5.568179E+03
6.19	-1.199287E+06	6.489174E+02	4.320785E+01	5.568179E+03
6.195	-1.199285E+06	6.191365E+02	4.453572E+01	5.568179E+03
6.2	-1.199285E+06	6.158236E+02	4.625760E+01	5.568179E+03
6.205	-1.199286E+06	6.578562E+02	4.901737E+01	5.568179E+03
6.21	-1.199286E+06	6.702153E+02	5.111170E+01	5.568179E+03
6.215	-1.199285E+06	6.398609E+02	5.138174E+01	5.568179E+03
6.22	-1.199287E+06	6.704404E+02	5.078197E+01	5.568179E+03
6.225	-1.199286E+06	6.385359E+02	5.117592E+01	5.568179E+03
6.23	-1.199285E+06	6.232319E+02	5.242804E+01	5.568179E+03
6.235	-1.199287E+06	6.859336E+02	5.371952E+01	5.568179E+03
6.24	-1.199286E+06	6.715525E+02	5.453512E+01	5.568179E+03
6.245	-1.199285E+06	6.324849E+02	5.445150E+01	5.568179E+03
6.25	-1.199286E+06	6.540111E+02	5.298968E+01	5.568179E+03
6.255	-1.199286E+06	6.718525E+02	5.132912E+01	5.568179E+03
6.26	-1.199285E+06	6.610865E+02	5.039083E+01	5.568179E+03
6.265	-1.199286E+06	6.813160E+02	4.879603E+01	5.568179E+03
6.27	-1.199286E+06	7.005275E+02	4.651385E+01	5.568179E+03
6.275	-1.199285E+06	6.700367E+02	4.485604E+01	5.568179E+03
6.28	-1.199285E+06	6.431512E+02	4.427755E+01	5.568179E+03
6.285	-1.199285E+06	6.446423E+02	4.518542E+01	5.568179E+03
6.29	-1.199285E+06	6.578563E+02	4.712972E+01	5.568179E+03
6.295	-1.199286E+06	6.739752E+02	4.801418E+01	5.568179E+03
6.3	-1.199285E+06	6.470960E+02	4.849643E+01	5.568179E+03
6.305	-1.199285E+06	6.443617E+02	4.904538E+01	5.568179E+03
6.31	-1.199286E+06	6.705589E+02	4.882670E+01	5.568179E+03
6.315	-1.199286E+06	6.718415E+02	4.966260E+01	5.568179E+03
6.32	-1.199285E+06	6.632363E+02	5.157769E+01	5.568179E+03
6.325	-1.199286E+06	7.006333E+02	5.161036E+01	5.568179E+03
6.33	-1.199286E+06	6.939332E+02	5.086774E+01	5.568179E+03
6.335	-1.199284E+06	6.351934E+02	5.007117E+01	5.568179E+03
6.34	-1.199286E+06	6.738480E+02	4.851291E+01	5.568179E+03
6.345	-1.199286E+06	6.848356E+02	4.824939E+01	5.568179E+03
6.35	-1.199285E+06	6.740806E+02	4.779484E+01	5.568179E+03
6.355	-1.199286E+06	7.056953E+02	4.623227E+01	5.568179E+03
6.36	-1.199285E+06	6.702678E+02	4.537529E+01	5.568179E+03
6.365	-1.199285E+06	6.565134E+02	4.452147E+01	5.568179E+03
6.37	-1.199286E+06	6.765396E+02	4.397509E+01	5.568179E+03
6.375	-1.199285E+06	6.486691E+02	4.430923E+01	5.568179E+03
6.38	-1.199285E+06	6.605449E+02	4.474986E+01	5.568179E+03
6.385	-1.199287E+06	7.260910E+02	4.502393E+01	5.568179E+03
6.39	-1.199285E+06	6.872101E+02	4.600764E+01	5.568179E+03
6.395	-1.199285E+06	6.604030E+02	4.652628E+01	5.568179E+03
6.4	-1.199285E+06	6.624335E+02	4.729217E+01	5.568179E+03
6.405	-1.199285E+06	6.762399E+02	4.843049E+01	5.568179E+03
6.41	-1.199285E+06	6.707326E+02	4.871858E+01	5.568179E+03
6.415	-1.199285E+06	6.435898E+02	4.821524E+01	5.568179E+03
6.42	-1.199285E+06	6.676771E+02	4.793112E+01	5.568179E+03
6.425	-1.199286E+06	7.090058E+02	4.754692E+01	5.568179E+03
6.43	-1.199285E+06	6.948859E+02	4.744141E+01	5.568179E+03
6.435	-1.199285E+06	6.770069E+02	4.800973E+01	5.568179E+03
6.44	-1.199285E+06	6.811195E+02	4.886268E+01	5.568179E+03
6.445	-1.199286E+06	7.125048E+02	4.969752E+01	5.568179E+03
6.45	-1.199285E+06	6.887399E+02	5.027082E+01	5.568179E+03
6.455	-1.199285E+06	6.883381E+02	4.963967E+01	5.568179E+03
6.46	-1.199286E+06	7.032352E+02	4.905586E+01	5.568179E+03
6.465	-1.199285E+06	6.779871E+02	4.849419E+01	5.568179E+03
6.47	-1.199285E+06	6.798874E+02	4.797583E+01	5.568179E+03
6.475	-1.199285E+06	6.906194E+02	4.878894E+01	5.568179E+03
6.48	-1.199285E+06	6.985946E+02	4.933790E+01	5.568179E+03
6.485	-1.199286E+06	7.019273E+02	4.909011E+01	5.568179E+03
6.49	-1.199284E+06	6.726313E+02	4.959589E+01	5.568179E+03
6.495	-1.199285E+06	7.030749E+02	4.982605E+01	5.568179E+03
6.5	-1.199286E+06	7.278575E+02	4.971821E+01	5.568179E+03
6.505	-1.199285E+06	6.783598E+02	5.043170E+01	5.568179E+03
6.51	-1.199285E+06	6.808766E+02	5.099970E+01	5.568179E+03
6.515	-1.199286E+06	7.065085E+02	5.095378E+01	5.568179E+03
6.52	-1.199285E+06	6.710542E+02	5.122449E+01	5.568179E+03
6.525	-1.199285E+06	6.780802E+02	5.080670E+01	5.568179E+03
6.53	-1.199286E+06	6.879404E+02	5.035629E+01	5.568179E+03
6.535	-1.199285E+06	6.750805E+02	5.128102E+01	5.568179E+03
6.54	-1.199286E+06	6.920880E+02	5.169007E+01	5.568179E+03
6.545	-1.199285E+06	6.683912E+02	5.123515E+01	5.568179E+03
6.55	-1.199285E+06	6.607062E+02	5.104996E+01	5.568179E+03
6.555	-1.199285E+06	6.916002E+02	5.124540E+01	5.568179E+03
6.56	-1.199287E+06	7.396650E+02	5.074882E+01	5.568179E+03
6.565	-1.199284E+06	6.546087E+02	5.086273E+01	5.568179E+03
6.57	-1.199285E+06	6.416227E+02	5.106208E+01	5.568179E+03
6.575	-1.199286E+06	6.924568E+02	5.187627E+01	5.568179E+03
6.58	-1.199285E+06	6.701507E+02	5.317981E+01	5.568179E+03
6.585	-1.199285E+06	6.859834E+02	5.348907E+01	5.568179E+03
6.59	-1.199286E+06	7.067007E+02	5.378211E+01	5.568179E+03
6.595	-1.199285E+06	6.629838E+02	5.391119E+01	5.568179E+03
6.6	-1.199285E+06	6.543770E+02	5.345483E+01	5.568179E+03
6.605	-1.199286E+06	6.994201E+02	5.276150E+01	5.568179E+03
6.61	-1.199286E+06	6.810641E+02	5.231434E+01	5.568179E+03
6.615	-1.199285E+06	6.588916E+02	5.224127E+01	5.568179E+03
6.62	-1.199287E+06	7.119299E+02	5.120967E+01	5.568179E+03
6.625	-1.199285E+06	6.697268E+02	5.016043E+01	5.568179E+03
6.63	-1.199285E+06	6.525045E+02	4.924241E+01	5.568179E+03
6.635	-1.199286E+06	6.794137E+02	4.913672E+01	5.568179E+03
6.64	-1.199285E+06	6.542413E+02	5.029205E+01	5.568179E+03
6.645	-1.199285E+06	6.577861E+02	5.113929E+01	5.568179E+03
6.65	-1.199286E+06	6.828340E+02	5.136466E+01	5.568179E+03
6.655	-1.199286E+06	6.830887E+02	5.138846E+01	5.568179E+03
6.66	-1.199286E+06	6.918397E+02	5.067448E+01	5.568179E+03
6.665	-1.199286E+06	6.927313E+02	4.920758E+01	5.568179E+03
6.67	-1.199285E+06	6.321165E+02	4.802543E+01	5.568179E+03
6.675	-1.199285E+06	6.458833E+02	4.782117E+01	5.568179E+03
6.68	-1.199287E+06	6.868831E+02	4.887874E+01	5.568179E+03
6.685	-1.199285E+06	6.466384E+02	5.033528E+01	5.568179E+03
6.69	-1.199286E+06	6.541020E+02	5.061181E+01	5.568179E+03
6.695	-1.199286E+06	6.541257E+02	5.000541E+01	5.568179E+03
6.7	-1.199285E+06	6.447449E+02	4.896718E+01	5.568179E+03
6.705	-1.199286E+06	6.659527E+02	4.824344E+01	5.568179E+03
6.71	-1.199287E+06	6.908757E+02	4.799073E+01	5.568179E+03
6.715	-1.199286E+06	6.384437E+02	4.865949E+01	5.568179E+03
6.72	-1.199286E+06	6.377770E+02	4.888855E+01	5.568179E+03
6.725	-1.199287E+06	6.726592E+02	4.931094E+01	5.568179E+03
6.73	-1.199285E+06	6.618104E+02	5.116079E+01	5.568179E+03
6.735	-1.199287E+06	7.110761E+02	5.217507E+01	5.568179E+03
6.74	-1.199286E+06	6.712152E+02	5.260950E+01	5.568179E+03
6.745	-1.199285E+06	6.476698E+02	5.226513E+01	5.568179E+03
6.75	-1.199287E+06	6.798696E+02	5.128096E+01	5.568179E+03
6.755	-1.199286E+06	6.447908E+02	5.096355E+01	5.568179E+03
6.76	-1.199286E+06	6.342475E+02	5.085279E+01	5.568179E+03
6.765	-1.199286E+06	6.397552E+02	5.168635E+01	5.568179E+03
6.77	-1.199287E+06	6.452584E+02	5.310879E+01	5.568179E+03
6.775	-1.199286E+06	6.254844E+02	5.477638E+01	5.568179E+03
6.78	-1.199286E+06	6.641711E+02	5.633936E+01	5.568179E+03
6.785	-1.199287E+06	6.862675E+02	5.700585E+01	5.568179E+03
6.79	-1.199286E+06	6.548983E+02	5.645806E+01	5.568179E+03
6.795	-1.199287E+06	6.532546E+02	5.532760E+01	5.568179E+03
6.8	-1.199285E+06	6.549198E+02	5.400438E+01	5.568179E+03
6.805	-1.199287E+06	7.086435E+02	5.236993E+01	5.568179E+03
6.81	-1.199286E+06	6.872138E+02	5.118949E+01	5.568179E+03
6.815	-1.199286E+06	6.673124E+02	5.007337E+01	5.568179E+03
6.82	-1.199287E+06	6.643259E+02	5.028290E+01	5.568179E+03
6.825	-1.199286E+06	6.439064E+02	5.058744E+01	5.568179E+03
6.83	-1.199287E+06	6.288850E+02	4.973854E+01	5.568179E+03
6.835	-1.199286E+06	6.092010E+02	5.000112E+01	5.568179E+03
6.84	-1.199287E+06	6.277249E+02	5.141974E+01	5.568179E+03
6.845	-1.199286E+06	6.342138E+02	5.296860E+01	5.568179E+03
6.85	-1.199287E+06	6.390554E+02	5.391191E+01	5.568179E+03
6.855	-1.199286E+06	6.355174E+02	5.339272E+01	5.568179E+03
6.86	-1.199287E+06	6.451462E+02	5.214040E+01	5.568179E+03
6.865	-1.199287E+06	6.405921E+02	5.180977E+01	5.568179E+03
6.87	-1.199285E+06	6.135387E+02	5.195950E+01	5.568179E+03
6.875	-1.199288E+06	6.601025E+02	5.162362E+01	5.568179E+03
6.88	-1.199286E+06	6.213832E+02	5.182957E+01	5.568179E+03
6.885	-1.199286E+06	6.046774E+02	5.102075E+01	5.568179E+03
6.89	-1.199288E+06	6.351061E+02	5.019045E+01	5.568179E+03
6.895	-1.199286E+06	6.088057E+02	5.159429E+01	5.568179E+03
6.9	-1.199287E+06	6.535086E+02	5.256691E+01	5.568179E+03
6.905	-1.199287E+06	6.361858E+02	5.243627E+01	5.568179E+03
6.91	-1.199286E+06	5.816244E+02	5.189488E+01	5.568179E+03
6.915	-1.199287E+06	5.974043E+02	5.051231E+01	5.568179E+03
6.92	-1.199286E+06	5.830102E+02	4.919307E+01	5.568179E+03
6.925	-1.199287E+06	5.795218E+02	4.877309E+01	5.568179E+03
6.93	-1.199286E+06	5.915962E+02	4.873172E+01	5.568179E+03
6.935	-1.199288E+06	6.183106E+02	4.825900E+01	5.568179E+03
6.94	-1.199286E+06	5.767774E+02	4.906620E+01	5.568179E+03
6.945	-1.199288E+06	6.171324E+02	4.999609E+01	5.568179E+03
6.95	-1.199288E+06	6.286133E+02	5.183695E+01	5.568179E+03
6.955	-1.199286E+06	5.992686E+02	5.382831E+01	5.568179E+03
6.96	-1.199288E+06	6.193246E+02	5.413141E+01	5.568179E+03
6.965	-1.199288E+06	6.161474E+02	5.427460E+01	5.568179E+03
6.97	-1.199286E+06	5.923744E+02	5.498598E+01	5.568179E+03
6.975	-1.199288E+06	6.233772E+02	5.469544E+01	5.568179E+03
6.98	-1.199287E+06	6.038550E+02	5.486111E+01	5.568179E+03
6.985	-1.199287E+06	5.826329E+02	5.451226E+01	5.568179E+03
6.99	-1.199288E+06	5.853376E+02	5.241716E+01	5.568179E+03
6.995	-1.199287E+06	5.430127E+02	5.135758E+01	5.568179E+03
7.0	-1.199287E+06	5.742580E+02	5.127918E+01	5.568179E+03
7.005	-1.199289E+06	6.486781E+02	5.184929E+01	5.568179E+03
7.01	-1.199287E+06	6.117313E+02	5.229527E+01	5.568179E+03
7.015	-1.199287E+06	5.698657E+02	5.089648E+01	5.568179E+03
7.02	-1.199288E+06	5.836023E+02	4.988396E+01	5.568179E+03
7.025	-1.199287E+06	5.710515E+02	5.064500E+01	5.568179E+03
7.03	-1.199288E+06	5.934310E+02	5.084999E+01	5.568179E+03
7.035	-1.199288E+06	5.911665E+02	5.068564E+01	5.568179E+03
7.04	-1.199287E+06	5.391718E+02	5.137226E+01	5.568179E+03
7.045	-1.199287E+06	5.529176E+02	5.263114E+01	5.568179E+03
7.05	-1.199289E+06	5.875017E+02	5.441741E+01	5.568179E+03
7.055	-1.199287E+06	5.536381E+02	5.577751E+01	5.568179E+03
7.06	-1.199288E+06	5.675740E+02	5.554121E+01	5.568179E+03
7.065	-1.199288E+06	5.532628E+02	5.642917E+01	5.568179E+03
7.07	-1.199288E+06	5.538549E+02	5.745871E+01	5.568179E+03
7.075	-1.199288E+06	5.869605E+02	5.700488E+01	5.568179E+03
7.08	-1.199288E+06	5.745273E+02	5.622069E+01	5.568179E+03
7.085	-1.199287E+06	5.477890E+02	5.554583E+01	5.568179E+03
7.09	-1.199289E+06	5.773189E+02	5.476515E+01	5.568179E+03
7.095	-1.199288E+06	5.506427E+02	5.482441E+01	5.568179E+03
7.1	-1.199288E+06	5.653925E+02	5.372315E+01	5.568179E+03
7.105	-1.199289E+06	5.856047E+02	5.225778E+01	5.568179E+03
7.11	-1.199288E+06	5.682534E+02	5.245381E+01	5.568179E+03
7.115	-1.199289E+06	5.755893E+02	5.299096E+01	5.568179E+03
7.12	-1.199288E+06	5.562036E+02	5.357343E+01	5.568179E+03
7.125	-1.199289E+06	5.400210E+02	5.401778E+01	5.568179E+03
7.13	-1.199288E+06	5.165276E+02	5.406886E+01	5.568179E+03
7.135	-1.199288E+06	5.232675E+02	5.448480E+01	5.568179E+03
7.14	-1.199289E+06	5.508792E+02	5.547959E+01	5.568179E+03
7.145	-1.199288E+06	5.346719E+02	5.625969E+01	5.568179E+03
7.15	-1.199289E+06	5.449732E+02	5.597202E+01	5.568179E+03
7.155	-1.199288E+06	5.376535E+02	5.581088E+01	5.568179E+03
7.16	-1.199288E+06	5.410129E+02	5.509526E+01	5.568179E+03
7.165	-1.199289E+06	5.525166E+02	5.360580E+01	5.568179E+03
7.17	-1.199288E+06	5.152523E+02	5.289848E+01	5.568179E+03
7.175	-1.199289E+06	5.398076E+02	5.205627E+01	5.568179E+03
7.18	-1.199289E+06	5.367552E+02	5.144960E+01	5.568179E+03
7.185	-1.199289E+06	5.223203E+02	5.046136E+01	5.568179E+03
7.19	-1.199288E+06	4.977794E+02	4.956863E+01	5.568179E+03
7.195	-1.199289E+06	4.989571E+02	4.951258E+01	5.568179E+03
7.2	-1.199288E+06	4.936974E+02	5.056877E+01	5.568179E+03
7.205	-1.199289E+06	5.087644E+02	5.168957E+01	5.568179E+03
7.21	-1.199290E+06	5.321724E+02	5.207182E+01	5.568179E+03
7.215	-1.199288E+06	4.980337E+02	5.287117E+01	5.568179E+03
7.22	-1.199289E+06	5.157229E+02	5.379954E+01	5.568179E+03
7.225	-1.199289E+06	5.292072E+02	5.486590E+01	5.568179E+03
7.23	-1.199289E+06	5.166860E+02	5.567978E+01	5.568179E+03
7.235	-1.199289E+06	4.895912E+02	5.570429E+01	5.568179E+03
7.24	-1.199289E+06	4.783473E+02	5.533037E+01	5.568179E+03
7.245	-1.199289E+06	5.019927E+02	5.543680E+01	5.568179E+03
7.25	-1.199289E+06	5.255370E+02	5.541348E+01	5.568179E+03
7.255	-1.199290E+06	5.246475E+02	5.508569E+01	5.568179E+03
7.26	-1.199288E+06	4.683622E+02	5.515743E+01	5.568179E+03
7.265	-1.199289E+06	4.800532E+02	5.370562E+01	5.568179E+03
7.27	-1.199290E+06	4.821410E+02	5.243806E+01	5.568179E+03
7.275	-1.199288E+06	4.557975E+02	5.285790E+01	5.568179E+03
7.28	-1.199290E+06	5.012422E+02	5.340660E+01	5.568179E+03
7.285	-1.199290E+06	5.039229E+02	5.440266E+01	5.568179E+03
7.29	-1.199289E+06	4.728387E+02	5.492700E+01	5.568179E+03
7.295	-1.199289E+06	4.761045E+02	5.407285E+01	5.568179E+03
7.3	-1.199290E+06	4.890084E+02	5.369792E+01	5.568179E+03
7.305	-1.199289E+06	4.725960E+02	5.428754E+01	5.568179E+03
7.31	-1.199290E+06	4.775793E+02	5.434097E+01	5.568179E+03
7.315	-1.199290E+06	4.891229E+02	5.415127E+01	5.568179E+03
7.32	-1.199290E+06	4.803049E+02	5.412047E+01	5.568179E+03
7.325	-1.199290E+06	4.652869E+02	5.443010E+01	5.568179E+03
7.33	-1.199290E+06	4.695990E+02	5.537029E+01	5.568179E+03
7.335	-1.199290E+06	4.829089E+02	5.613098E+01	5.568179E+03
7.34	-1.199290E+06	4.820366E+02	5.557158E+01	5.568179E+03
7.345	-1.199290E+06	4.493854E+02	5.508735E+01	5.568179E+03
7.35	-1.199289E+06	4.300969E+02	5.520485E+01	5.568179E+03
7.355	-1.199291E+06	4.645386E+02	5.475638E+01	5.568179E+03
7.36	-1.199290E+06	4.518887E+02	5.472146E+01	5.568179E+03
7.365	-1.199290E+06	4.570066E+02	5.439155E+01	5.568179E+03
7.37	-1.199291E+06	4.817755E+02	5.395375E+01	5.568179E+03
7.375	-1.199290E+06	4.522975E+02	5.392228E+01	5.568179E+03
7.38	-1.199291E+06	4.588103E+02	5.256355E+01	5.568179E+03
7.385	-1.199290E+06	4.408786E+02	5.173347E+01	5.568179E+03
7.39	-1.199290E+06	4.401364E+02	5.190344E+01	5.568179E+03
7.395	-1.199291E+06	4.540686E+02	5.250815E+01	5.568179E+03
7.4	-1.199290E+06	4.365689E+02	5.365357E+01	5.568179E+03
7.405	-1.199291E+06	4.550795E+02	5.393199E+01	5.568179E+03
7.41	-1.199291E+06	4.447763E+02	5.369810E+01	5.568179E+03
7.415	-1.199290E+06	4.071478E+02	5.377683E+01	5.568179E+03
7.42	-1.199290E+06	4.043955E+02	5.455514E+01	5.568179E+03
7.425	-1.199290E+06	4.240602E+02	5.616754E+01	5.568179E+03
7.43	-1.199291E+06	4.546008E+02	5.706802E+01	5.568179E+03
7.435	-1.199290E+06	4.245562E+02	5.722754E+01	5.568179E+03
7.44	-1.199290E+06	4.089836E+02	5.722936E+01	5.568179E+03
7.445	-1.199291E+06	4.446458E+02	5.722205E+01	5.568179E+03
7.45	-1.199291E+06	4.435481E+02	5.697834E+01	5.568179E+03
7.455	-1.199291E+06	4.487949E+02	5.577986E+01	5.568179E+03
7.46	-1.199291E+06	4.446565E+02	5.405446E+01	5.568179E+03
7.465	-1.199291E+06	4.100784E+02	5.178653E+01	5.568179E+03
7.47	-1.199291E+06	3.990736E+02	5.011300E+01	5.568179E+03
7.475	-1.199291E+06	4.159997E+02	5.035909E+01	5.568179E+03
7.48	-1.199291E+06	4.313901E+02	5.147830E+01	5.568179E+03
7.485	-1.199291E+06	4.251180E+02	5.238531E+01	5.568179E+03
7.49	-1.199291E+06	4.139351E+02	5.329018E+01	5.568179E+03
7.495	-1.199291E+06	4.119785E+02	5.447153E+01	5.568179E+03
7.5	-1.199292E+06	4.248171E+02	5.526315E+01	5.568179E+03
7.505	-1.199291E+06	3.979915E+02	5.565812E+01	5.568179E+03
7.51	-1.199291E+06	3.795900E+02	5.556046E+01	5.568179E+03
7.515	-1.199291E+06	3.946056E+02	5.552701E+01	5.568179E+03
7.52	-1.199292E+06	4.084945E+02	5.589435E+01	5.568179E+03
7.525	-1.199291E+06	3.999269E+02	5.606380E+01	5.568179E+03
7.53	-1.199292E+06	3.944079E+02	5.516216E+01	5.568179E+03
7.535	-1.199291E+06	3.658572E+02	5.424283E+01	5.568179E+03
7.54	-1.199292E+06	3.706215E+02	5.381717E+01	5.568179E+03
7.545	-1.199291E+06	3.776348E+02	5.407739E+01	5.568179E+03
7.55	-1.199292E+06	3.903588E+02	5.425571E+01	5.568179E+03
7.555	-1.199292E+06	3.925868E+02	5.391509E+01	5.568179E+03
7.56	-1.199291E+06	3.737662E+02	5.365141E+01	5.568179E+03
7.565	-1.199292E+06	3.729950E+02	5.370459E+01	5.568179E+03
7.57	-1.199292E+06	3.830207E+02	5.363457E+01	5.568179E+03
7.575	-1.199292E+06	3.927556E+02	5.313278E+01	5.568179E+03
7.58	-1.199292E+06	3.682364E+02	5.294144E+01	5.568179E+03
7.585	-1.199292E+06	3.588330E+02	5.327049E+01	5.568179E+03
7.59	-1.199292E+06	3.754676E+02	5.421831E+01	5.568179E+03
7.595	-1.199292E+06	3.731901E+02	5.517152E+01	5.568179E+03
7.6	-1.199292E+06	3.690087E+02	5.556363E+01	5.568179E+03
7.605	-1.199292E+06	3.831183E+02	5.601386E+01	5.568179E+03
7.61	-1.199293E+06	3.877512E+02	5.660422E+01	5.568179E+03
7.615	-1.199292E+06	3.540444E+02	5.698703E+01	5.568179E+03
7.62	-1.199292E+06	3.502999E+02	5.698326E+01	5.568179E+03
7.625	-1.199293E+06	3.768196E+02	5.660076E+01	5.568179E+03
7.63	-1.199292E+06	3.770499E+02	5.588246E+01	5.568179E+03
7.635	-1.199293E+06	3.807198E+02	5.498639E+01	5.568179E+03
7.64	-1.199292E+06	3.545141E+02	5.478411E+01	5.568179E+03
7.645	-1.199293E+06	3.617960E+02	5.439321E+01	5.568179E+03
7.65	-1.199293E+06	3.592602E+02	5.421434E+01	5.568179E+03
7.655	-1.199292E+06	3.493126E+02	5.434406E+01	5.568179E+03
7.66	-1.199293E+06	3.840920E+02	5.379167E+01	5.568179E+03
7.665	-1.199292E+06	3.534457E+02	5.337343E+01	5.568179E+03
7.67	-1.199292E+06	3.154012E+02	5.326705E+01	5.568179E+03
7.675	-1.199292E+06	3.349547E+02	5.320895E+01	5.568179E+03
7.68	-1.199293E+06	3.645694E+02	5.302171E+01	5.568179E+03
7.685	-1.199293E+06	3.454599E+02	5.251192E+01	5.568179E+03
7.69	-1.199292E+06	3.233071E+02	5.205733E+01	5.568179E+03
7.695	-1.199293E+06	3.405369E+02	5.261565E+01	5.568179E+03
7.7	-1.199292E+06	3.290079E+02	5.397614E+01	5.568179E+03
7.705	-1.199293E+06	3.325291E+02	5.467924E+01	5.568179E+03
7.71	-1.199293E+06	3.371365E+02	5.512131E+01	5.568179E+03
7.715	-1.199292E+06	3.265522E+02	5.519764E+01	5.568179E+03
7.72	-1.199293E+06	3.312944E+02	5.478573E+01	5.568179E+03
7.725	-1.199292E+06	3.136858E+02	5.509625E+01	5.568179E+03
7.73	-1.199293E+06	3.302026E+02	5.527291E+01	5.568179E+03
7.735	-1.199293E+06	3.417994E+02	5.482130E+01	5.568179E+03
7.74	-1.199293E+06	3.184731E+02	5.382891E+01	5.568179E+03
7.745	-1.199293E+06	3.299251E+02	5.225707E+01	5.568179E+03
7.75	-1.199293E+06	3.302936E+02	5.120044E+01	5.568179E+03
7.755	-1.199293E+06	3.093466E+02	5.074203E+01	5.568179E+03
7.76	-1.199293E+06	3.161906E+02	5.030481E+01	5.568179E+03
7.765	-1.199293E+06	3.221994E+02	5.013581E+01	5.568179E+03
7.77	-1.199293E+06	3.279066E+02	5.017580E+01	5.568179E+03
7.775	-1.199293E+06	3.262285E+02	5.055139E+01	5.568179E+03
7.78	-1.199294E+06	3.304071E+02	5.138252E+01	5.568179E+03
7.785	-1.199293E+06	3.039599E+02	5.253788E+01	5.568179E+03
7.79	-1.199293E+06	3.034575E+02	5.292384E+01	5.568179E+03
7.795	-1.199294E+06	3.132650E+02	5.284044E+01	5.568179E+03
7.8	-1.199293E+06	2.900955E+02	5.253095E+01	5.568179E+03
7.805	-1.199294E+06	3.095033E+02	5.178097E+01	5.568179E+03
7.81	-1.199293E+06	2.977471E+02	5.188914E+01	5.568179E+03
7.815	-1.199293E+06	2.830653E+02	5.207641E+01	5.568179E+03
7.82	-1.199294E+06	2.986839E+02	5.217355E+01	5.568179E+03
7.825	-1.199293E+06	2.944198E+02	5.261756E+01	5.568179E+03
7.83	-1.199294E+06	2.992545E+02	5.244583E+01	5.568179E+03
7.835	-1.199293E+06	2.899540E+02	5.252682E+01	5.568179E+03
7.84	-1.199293E+06	2.862400E+02	5.295576E+01	5.568179E+03
7.845	-1.199294E+06	3.113218E+02	5.245285E+01	5.568179E+03
7.85	-1.199294E+06	2.994938E+02	5.147224E+01	5.568179E+03
7.855	-1.199293E+06	2.853814E+02	5.062656E+01	5.568179E+03
7.86	-1.199294E+06	2.953592E+02	5.041452E+01	5.568179E+03
7.865	-1.199294E+06	2.976705E+02	5.053750E+01	5.568179E+03
7.87	-1.199293E+06	2.887670E+02	5.046297E+01	5.568179E+03
7.875	-1.199294E+06	2.918272E+02	5.069904E+01	5.568179E+03
7.88	-1.199294E+06	2.863013E+02	5.144211E+01	5.568179E+03
7.885	-1.199293E+06	2.660632E+02	5.246903E+01	5.568179E+03
7.89	-1.199294E+06	2.722516E+02	5.353211E+01	5.568179E+03
7.895	-1.199294E+06	2.911510E+02	5.398539E+01	5.568179E+03
7.9	-1.199294E+06	2.909989E+02	5.366956E+01	5.568179E+03
7.905	-1.199294E+06	2.719024E+02	5.310723E+01	5.568179E+03
7.91	-1.199294E+06	2.683025E+02	5.288100E+01	5.568179E+03
7.915	-1.199294E+06	2.858486E+02	5.308274E+01	5.568179E+03
7.92	-1.199294E+06	2.713105E+02	5.334482E+01	5.568179E+03
7.925	-1.199294E+06	2.682078E+02	5.295150E+01	5.568179E+03
7.93	-1.199294E+06	2.868315E+02	5.199930E+01	5.568179E+03
7.935	-1.199294E+06	2.691837E+02	5.139455E+01	5.568179E+03
7.94	-1.199294E+06	2.546387E+02	5.127610E+01	5.568179E+03
7.945	-1.199294E+06	2.723935E+02	5.139897E+01	5.568179E+03
7.95	-1.199294E+06	2.659182E+02	5.204165E+01	5.568179E+03
7.955	-1.199294E+06	2.725644E+02	5.233618E+01	5.568179E+03
7.96	-1.199294E+06	2.767670E+02	5.232972E+01	5.568179E+03
7.965	-1.199294E+06	2.611012E+02	5.255880E+01	5.568179E+03
7.97	-1.199294E+06	2.512505E+02	5.260735E+01	5.568179E+03
7.975	-1.199294E+06	2.398567E+02	5.274410E+01	5.568179E+03
7.98	-1.199294E+06	2.525850E+02	5.314172E+01	5.568179E+03
7.985	-1.199295E+06	2.772486E+02	5.307615E+01	5.568179E+03
7.99	-1.199294E+06	2.521005E+02	5.294762E+01	5.568179E+03
7.995	-1.199294E+06	2.407145E+02	5.292211E+01	5.568179E+03
8.0	-1.199294E+06	2.560162E+02	5.314211E+01	5.568179E+03
8.005	-1.199295E+06	2.741091E+02	5.321713E+01	5.568179E+03
8.01	-1.199294E+06	2.555926E+02	5.271356E+01	5.568179E+03
8.015	-1.199294E+06	2.479375E+02	5.178918E+01	5.568179E+03
8.02	-1.199295E+06	2.609780E+02	5.118868E+01	5.568179E+03
8.025	-1.199295E+06	2.505775E+02	5.093695E+01	5.568179E+03
8.03	-1.199295E+06	2.442704E+02	5.092342E+01	5.568179E+03
8.035	-1.199295E+06	2.451402E+02	5.150232E+01	5.568179E+03
8.04	-1.199295E+06	2.449485E+02	5.211983E+01	5.568179E+03
8.045	-1.199295E+06	2.456529E+02	5.235575E+01	5.568179E+03
8.05	-1.199294E+06	2.355485E+02	5.259236E+01	5.568179E+03
8.055	-1.199295E+06	2.491660E+02	5.241833E+01	5.568179E+03
8.06	-1.199295E+06	2.453338E+02	5.213170E+01	5.568179E+03
8.065	-1.199294E+06	2.238656E+02	5.192774E+01	5.568179E+03
8.07	-1.199295E+06	2.320973E+02	5.141230E+01	5.568179E+03
8.075	-1.199295E+06	2.470225E+02	5.099147E+01	5.568179E+03
8.08	-1.199295E+06	2.338910E+02	5.096322E+01	5.568179E+03
8.085	-1.199295E+06	2.363982E+02	5.106538E+01	5.568179E+03
8.09	-1.199295E+06	2.322338E+02	5.163611E+01	5.568179E+03
8.095	-1.199295E+06	2.299540E+02	5.191184E+01	5.568179E+03
8.1	-1.199295E+06	2.306521E+02	5.166021E+01	5.568179E+03
8.105	-1.199294E+06	2.238855E+02	5.153256E+01	5.568179E+03
8.11	-1.199295E+06	2.436548E+02	5.137481E+01	5.568179E+03
8.115	-1.199295E+06	2.297626E+02	5.122480E+01	5.568179E+03
8.12	-1.199294E+06	2.062358E+02	5.110111E+01	5.568179E+03
8.125	-1.199295E+06	2.195641E+02	5.106188E+01	5.568179E+03
8.13	-1.199295E+06	2.251736E+02	5.120378E+01	5.568179E+03
8.135	-1.199295E+06	2.227132E+02	5.153427E+01	5.568179E+03
8.14	-1.199295E+06	2.169795E+02	5.194390E+01	5.568179E+03
8.145	-1.199295E+06	2.306803E+02	5.168012E+01	5.568179E+03
8.15	-1.199295E+06	2.315662E+02	5.117362E+01	5.568179E+03
8.155	-1.199295E+06	2.165919E+02	5.090717E+01	5.568179E+03
8.16	-1.199295E+06	2.320539E+02	5.070243E+01	5.568179E+03
8.165	-1.199295E+06	2.302478E+02	5.093310E+01	5.568179E+03
8.17	-1.199295E+06	2.179402E+02	5.098041E+01	5.568179E+03
8.175	-1.199295E+06	2.099040E+02	5.091905E+01	5.568179E+03
8.18	-1.199295E+06	2.202910E+02	5.114452E+01	5.568179E+03
8.185	-1.199296E+06	2.279216E+02	5.139231E+01	5.568179E+03
8.19	-1.199295E+06	2.116092E+02	5.188650E+01	5.568179E+03
8.195	-1.199296E+06	2.277655E+02	5.216753E+01	5.568179E+03
8.2	-1.199295E+06	2.240445E+02	5.230938E+01	5.568179E+03
8.205	-1.199295E+06	2.134476E+02	5.196645E+01	5.568179E+03
8.21	-1.199296E+06	2.075078E+02	5.109893E+01	5.568179E+03
8.215	-1.199295E+06	1.944070E+02	5.041754E+01	5.568179E+03
8.22	-1.199296E+06	1.976389E+02	5.013685E+01	5.568179E+03
8.225	-1.199295E+06	1.986403E+02	5.038151E+01	5.568179E+03
8.23	-1.199296E+06	2.133208E+02	5.044394E+01	5.568179E+03
8.235	-1.199296E+06	2.132413E+02	5.009683E+01	5.568179E+03
8.24	-1.199295E+06	2.006541E+02	4.981769E+01	5.568179E+03
8.245	-1.199296E+06	2.054341E+02	5.020369E+01	5.568179E+03
8.25	-1.199296E+06	2.144784E+02	5.128014E+01	5.568179E+03
8.255	-1.199296E+06	2.067976E+02	5.235218E+01	5.568179E+03
8.26	-1.199295E+06	1.975853E+02	5.298699E+01	5.568179E+03
8.265	-1.199296E+06	1.986267E+02	5.333538E+01	5.568179E+03
8.27	-1.199295E+06	1.938167E+02	5.355140E+01	5.568179E+03
8.275	-1.199296E+06	1.997927E+02	5.347176E+01	5.568179E+03
8.28	-1.199296E+06	1.962837E+02	5.299201E+01	5.568179E+03
8.285	-1.199296E+06	1.933335E+02	5.174006E+01	5.568179E+03
8.29	-1.199296E+06	1.903824E+02	5.016411E+01	5.568179E+03
8.295	-1.199296E+06	1.874537E+02	4.894135E+01	5.568179E+03
8.3	-1.199296E+06	1.953502E+02	4.831713E+01	5.568179E+03
8.305	-1.199296E+06	1.929107E+02	4.826715E+01	5.568179E+03
8.31	-1.199296E+06	1.932919E+02	4.827018E+01	5.568179E+03
8.315	-1.199296E+06	1.960234E+02	4.835537E+01	5.568179E+03
8.32	-1.199296E+06	1.864358E+02	4.892503E+01	5.568179E+03
8.325	-1.199296E+06	1.901935E+02	5.000435E+01	5.568179E+03
8.33	-1.199296E+06	1.907756E+02	5.144562E+01	5.568179E+03
8.335	-1.199296E+06	1.895386E+02	5.240313E+01	5.568179E+03
8.34	-1.199296E+06	1.862617E+02	5.293525E+01	5.568179E+03
8.345	-1.199296E+06	1.832244E+02	5.338989E+01	5.568179E+03
8.35	-1.199296E+06	1.959542E+02	5.339436E+01	5.568179E+03
8.355	-1.199296E+06	1.944422E+02	5.329595E+01	5.568179E+03
8.36	-1.199296E+06	1.833455E+02	5.295656E+01	5.568179E+03
8.365	-1.199296E+06	1.776131E+02	5.218707E+01	5.568179E+03
8.37	-1.199296E+06	1.755018E+02	5.162623E+01	5.568179E+03
8.375	-1.199296E+06	1.825162E+02	5.134765E+01	5.568179E+03
8.38	-1.199296E+06	1.851185E+02	5.135275E+01	5.568179E+03
8.385	-1.199296E+06	1.819967E+02	5.167006E+01	5.568179E+03
8.39	-1.199296E+06	1.776154E+02	5.196668E+01	5.568179E+03
8.395	-1.199296E+06	1.775866E+02	5.190340E+01	5.568179E+03
8.4	-1.199296E+06	1.832200E+02	5.139947E+01	5.568179E+03
8.405	-1.199296E+06	1.819560E+02	5.088148E+01	5.568179E+03
8.41	-1.199296E+06	1.821629E+02	5.053604E+01	5.568179E+03
8.415	-1.199296E+06	1.745278E+02	5.044264E+01	5.568179E+03
8.42	-1.199296E+06	1.655304E+02	5.065339E+01	5.568179E+03
8.425	-1.199296E+06	1.716593E+02	5.110578E+01	5.568179E+03
8.43	-1.199296E+06	1.705309E+02	5.185131E+01	5.568179E+03
8.435	-1.199296E+06	1.673926E+02	5.256401E+01	5.568179E+03
8.44	-1.199296E+06	1.721806E+02	5.306208E+01	5.568179E+03
8.445	-1.199296E+06	1.662056E+02	5.346129E+01	5.568179E+03
8.45	-1.199296E+06	1.626918E+02	5.345226E+01	5.568179E+03
8.455	-1.199296E+06	1.687080E+02	5.313220E+01	5.568179E+03
8.46	-1.199296E+06	1.706181E+02	5.283553E+01	5.568179E+03
8.465	-1.199296E+06	1.726396E+02	5.253149E+01	5.568179E+03
8.47	-1.199296E+06	1.666486E+02	5.242042E+01	5.568179E+03
8.475	-1.199296E+06	1.703054E+02	5.210365E+01	5.568179E+03
8.48	-1.199296E+06	1.685041E+02	5.159475E+01	5.568179E+03
8.485	-1.199296E+06	1.676010E+02	5.130619E+01	5.568179E+03
8.49	-1.199296E+06	1.731412E+02	5.143186E+01	5.568179E+03
8.495	-1.199296E+06	1.689441E+02	5.181769E+01	5.568179E+03
8.5	-1.199296E+06	1.708463E+02	5.194568E+01	5.568179E+03
8.505	-1.199296E+06	1.600187E+02	5.195576E+01	5.568179E+03
8.51	-1.199296E+06	1.620347E+02	5.200404E+01	5.568179E+03
8.515	-1.199297E+06	1.745282E+02	5.253803E+01	5.568179E+03
8.52	-1.199296E+06	1.599952E+02	5.369732E+01	5.568179E+03
8.525	-1.199297E+06	1.669293E+02	5.446781E+01	5.568179E+03
8.53	-1.199296E+06	1.634460E+02	5.502469E+01	5.568179E+03
8.535	-1.199296E+06	1.580768E+02	5.541278E+01	5.568179E+03
8.54	-1.199297E+06	1.661265E+02	5.573516E+01	5.568179E+03
8.545	-1.199296E+06	1.580791E+02	5.618302E+01	5.568179E+03
8.55	-1.199297E+06	1.639523E+02	5.603590E+01	5.568179E+03
8.555	-1.199296E+06	1.592425E+02	5.561352E+01	5.568179E+03
8.56	-1.199296E+06	1.606587E+02	5.486741E+01	5.568179E+03
8.565	-1.199297E+06	1.629942E+02	5.391014E+01	5.568179E+03
8.57	-1.199296E+06	1.526521E+02	5.323536E+01	5.568179E+03
8.575	-1.199297E+06	1.578400E+02	5.251218E+01	5.568179E+03
8.58	-1.199296E+06	1.465730E+02	5.197624E+01	5.568179E+03
8.585	-1.199296E+06	1.426995E+02	5.170051E+01	5.568179E+03
8.59	-1.199297E+06	1.530365E+02	5.159559E+01	5.568179E+03
8.595	-1.199296E+06	1.512684E+02	5.189677E+01	5.568179E+03
8.6	-1.199297E+06	1.537075E+02	5.261114E+01	5.568179E+03
8.605	-1.199297E+06	1.468490E+02	5.356616E+01	5.568179E+03
8.61	-1.199297E+06	1.475492E+02	5.422292E+01	5.568179E+03
8.615	-1.199297E+06	1.501679E+02	5.474524E+01	5.568179E+03
8.62	-1.199297E+06	1.537843E+02	5.498248E+01	5.568179E+03
8.625	-1.199297E+06	1.641757E+02	5.494417E+01	5.568179E+03
8.63	-1.199297E+06	1.502759E+02	5.542316E+01	5.568179E+03
8.635	-1.199297E+06	1.507999E+02	5.574810E+01	5.568179E+03
8.64	-1.199297E+06	1.511658E+02	5.572701E+01	5.568179E+03
8.645	-1.199297E+06	1.473648E+02	5.528046E+01	5.568179E+03
8.65	-1.199297E+06	1.506023E+02	5.437087E+01	5.568179E+03
8.655	-1.199297E+06	1.450159E+02	5.385272E+01	5.568179E+03
8.66	-1.199297E+06	1.496730E+02	5.345294E+01	5.568179E+03
8.665	-1.199297E+06	1.470392E+02	5.292248E+01	5.568179E+03
8.67	-1.199297E+06	1.431760E+02	5.251096E+01	5.568179E+03
8.675	-1.199297E+06	1.435402E+02	5.230549E+01	5.568179E+03
8.68	-1.199297E+06	1.343324E+02	5.258272E+01	5.568179E+03
8.685	-1.199297E+06	1.392147E+02	5.330470E+01	5.568179E+03
8.69	-1.199297E+06	1.457038E+02	5.412848E+01	5.568179E+03
8.695	-1.199297E+06	1.400576E+02	5.481308E+01	5.568179E+03
8.7	-1.199297E+06	1.419565E+02	5.528311E+01	5.568179E+03
8.705	-1.199297E+06	1.452891E+02	5.545364E+01	5.568179E+03
8.71	-1.199297E+06	1.461513E+02	5.538223E+01	5.568179E+03
8.715	-1.199297E+06	1.382100E+02	5.537363E+01	5.568179E+03
8.72	-1.199297E+06	1.379796E+02	5.531078E+01	5.568179E+03
8.725	-1.199297E+06	1.390209E+02	5.530013E+01	5.568179E+03
8.73	-1.199297E+06	1.329072E+02	5.535873E+01	5.568179E+03
8.735	-1.199297E+06	1.433394E+02	5.547537E+01	5.568179E+03
8.74	-1.199297E+06	1.377048E+02	5.591676E+01	5.568179E+03
8.745	-1.199297E+06	1.259184E+02	5.605780E+01	5.568179E+03
8.75	-1.199297E+06	1.374037E+02	5.564770E+01	5.568179E+03
8.755	-1.199297E+06	1.412319E+02	5.500108E+01	5.568179E+03
8.76	-1.199297E+06	1.413893E+02	5.409907E+01	5.568179E+03
8.765	-1.199297E+06	1.328472E+02	5.354172E+01	5.568179E+03
8.77	-1.199297E+06	1.346592E+02	5.351747E+01	5.568179E+03
8.775	-1.199297E+06	1.500200E+02	5.371947E+01	5.568179E+03
8.78	-1.199297E+06	1.403793E+02	5.400427E+01	5.568179E+03
8.785	-1.199297E+06	1.373870E+02	5.405370E+01	5.568179E+03
8.79	-1.199297E+06	1.343774E+02	5.421691E+01	5.568179E+03
8.795	-1.199297E+06	1.307359E+02	5.470726E+01	5.568179E+03
8.8	-1.199297E+06	1.340828E+02	5.530265E+01	5.568179E+03
8.805	-1.199297E+06	1.400859E+02	5.554953E+01	5.568179E+03
8.81	-1.199297E+06	1.390919E+02	5.546777E+01	5.568179E+03
8.815	-1.199297E+06	1.242103E+02	5.555659E+01	5.568179E+03
8.82	-1.199297E+06	1.320385E+02	5.585410E+01	5.568179E+03
8.825	-1.199297E+06	1.307549E+02	5.639321E+01	5.568179E+03
8.83	-1.199297E+06	1.294321E+02	5.655354E+01	5.568179E+03
8.835	-1.199297E+06	1.323788E+02	5.632531E+01	5.568179E+03
8.84	-1.199297E+06	1.242549E+02	5.609544E+01	5.568179E+03
8.845	-1.199297E+06	1.343164E+02	5.567334E+01	5.568179E+03
8.85	-1.199297E+06	1.253985E+02	5.548615E+01	5.568179E+03
8.855	-1.199297E+06	1.226306E+02	5.527737E+01	5.568179E+03
8.86	-1.199297E+06	1.301145E+02	5.475484E+01	5.568179E+03
8.865	-1.199297E+06	1.271849E+02	5.413077E+01	5.568179E+03
8.87	-1.199297E+06	1.298539E+02	5.354366E+01	5.568179E+03
8.875	-1.199297E+06	1.288335E+02	5.330387E+01	5.568179E+03
8.88	-1.199297E+06	1.324088E+02	5.339405E+01	5.568179E+03
8.885	-1.199297E+06	1.245491E+02	5.364898E+01	5.568179E+03
8.89	-1.199297E+06	1.225340E+02	5.372614E+01	5.568179E+03
8.895	-1.199297E+06	1.198982E+02	5.406748E+01	5.568179E+03
8.9	-1.199297E+06	1.155481E+02	5.485121E+01	5.568179E+03
8.905	-1.199297E+06	1.257096E+02	5.577705E+01	5.568179E+03
8.91	-1.199297E+06	1.207056E+02	5.701172E+01	5.568179E+03
8.915	-1.199297E+06	1.264885E+02	5.770501E+01	5.568179E+03
8.92	-1.199297E+06	1.261605E+02	5.747922E+01	5.568179E+03
8.925	-1.199297E+06	1.112428E+02	5.681785E+01	5.568179E+03
8.93	-1.199297E+06	1.155586E+02	5.598754E+01	5.568179E+03
8.935	-1.199297E+06	1.227594E+02	5.532667E+01	5.568179E+03
8.94	-1.199297E+06	1.277175E+02	5.460117E+01	5.568179E+03
8.945	-1.199297E+06	1.241656E+02	5.368496E+01	5.568179E+03
8.95	-1.199297E+06	1.205857E+02	5.278107E+01	5.568179E+03
8.955	-1.199297E+06	1.192914E+02	5.210920E+01	5.568179E+03
8.96	-1.199297E+06	1.160556E+02	5.204659E+01	5.568179E+03
8.965	-1.199297E+06	1.158787E+02	5.273392E+01	5.568179E+03
8.97	-1.199297E+06	1.188756E+02	5.387227E+01	5.568179E+03
8.975	-1.199297E+06	1.276164E+02	5.503181E+01	5.568179E+03
8.98	-1.199297E+06	1.268592E+02	5.610615E+01	5.568179E+03
8.985	-1.199297E+06	1.201657E+02	5.709002E+01	5.568179E+03
8.99	-1.199298E+06	1.282500E+02	5.769151E+01	5.568179E+03
8.995	-1.199297E+06	1.220366E+02	5.791165E+01	5.568179E+03
9.0	-1.199297E+06	1.146814E+02	5.758058E+01	5.568179E+03
9.005	-1.199297E+06	1.183911E+02	5.683142E+01	5.568179E+03
9.01	-1.199297E+06	1.156583E+02	5.611560E+01	5.568179E+03
9.015	-1.199297E+06	1.132230E+02	5.555369E+01	5.568179E+03
9.02	-1.199297E+06	1.184127E+02	5.516289E+01	5.568179E+03
9.025	-1.199297E+06	1.197456E+02	5.496303E+01	5.568179E+03
9.03	-1.199297E+06	1.216582E+02	5.472844E+01	5.568179E+03
9.035	-1.199297E+06	1.177850E+02	5.471658E+01	5.568179E+03
9.04	-1.199297E+06	1.142352E+02	5.512557E+01	5.568179E+03
9.045	-1.199297E+06	1.162380E+02	5.561591E+01	5.568179E+03
9.05	-1.199297E+06	1.182431E+02	5.587357E+01	5.568179E+03
9.055	-1.199298E+06	1.196195E+02	5.585268E+01	5.568179E+03
9.06	-1.199297E+06	1.129607E+02	5.565416E+01	5.568179E+03
9.065	-1.199298E+06	1.114755E+02	5.526453E+01	5.568179E+03
9.07	-1.199297E+06	1.064833E+02	5.507306E+01	5.568179E+03
9.075	-1.199298E+06	1.145231E+02	5.515310E+01	5.568179E+03
9.08	-1.199298E+06	1.174565E+02	5.540945E+01	5.568179E+03
9.085	-1.199297E+06	1.150578E+02	5.552934E+01	5.568179E+03
9.09	-1.199298E+06	1.191086E+02	5.558315E+01	5.568179E+03
9.095	-1.199297E+06	1.115462E+02	5.579561E+01	5.568179E+03
9.1	-1.199297E+06	1.130444E+02	5.588264E+01	5.568179E+03
9.105	-1.199298E+06	1.190063E+02	5.578166E+01	5.568179E+03
9.11	-1.199297E+06	1.120604E+02	5.547821E+01	5.568179E+03
9.115	-1.199297E+06	1.066895E+02	5.511861E+01	5.568179E+03
9.12	-1.199297E+06	1.037564E+02	5.514394E+01	5.568179E+03
9.125	-1.199297E+06	1.109313E+02	5.545372E+01	5.568179E+03
9.13	-1.199297E+06	1.150382E+02	5.597256E+01	5.568179E+03
9.135	-1.199297E+06	1.118854E+02	5.646446E+01	5.568179E+03
9.14	-1.199297E+06	1.137527E+02	5.660744E+01	5.568179E+03
9.145	-1.199297E+06	1.182246E+02	5.645449E+01	5.568179E+03
9.15	-1.199298E+06	1.208329E+02	5.601130E+01	5.568179E+03
9.155	-1.199297E+06	1.125292E+02	5.548908E+01	5.568179E+03
9.16	-1.199297E+06	1.082614E+02	5.486994E+01	5.568179E+03
9.165	-1.199298E+06	1.084761E+02	5.420009E+01	5.568179E+03
9.17	-1.199297E+06	1.054110E+02	5.387785E+01	5.568179E+03
9.175	-1.199298E+06	1.094811E+02	5.393195E+01	5.568179E+03
9.18	-1.199298E+06	1.083359E+02	5.425790E+01	5.568179E+03
9.185	-1.199297E+06	1.044209E+02	5.476565E+01	5.568179E+03
9.19	-1.199298E+06	1.099980E+02	5.533387E+01	5.568179E+03
9.195	-1.199298E+06	1.071456E+02	5.582949E+01	5.568179E+03
9.2	-1.199297E+06	1.023560E+02	5.610868E+01	5.568179E+03
9.205	-1.199298E+06	1.063550E+02	5.642848E+01	5.568179E+03
9.21	-1.199297E+06	1.090154E+02	5.675288E+01	5.568179E+03
9.215	-1.199298E+06	1.127317E+02	5.671183E+01	5.568179E+03
9.22	-1.199297E+06	1.070292E+02	5.642506E+01	5.568179E+03
9.225	-1.199297E+06	1.038465E+02	5.575148E+01	5.568179E+03
9.23	-1.199298E+06	1.078505E+02	5.494858E+01	5.568179E+03
9.235	-1.199297E+06	1.039880E+02	5.456564E+01	5.568179E+03
9.24	-1.199298E+06	1.088030E+02	5.432071E+01	5.568179E+03
9.245	-1.199298E+06	1.084402E+02	5.417038E+01	5.568179E+03
9.25	-1.199297E+06	1.021101E+02	5.413294E+01	5.568179E+03
9.255	-1.199298E+06	1.089000E+02	5.420602E+01	5.568179E+03
9.26	-1.199297E+06	1.078537E+02	5.462604E+01	5.568179E+03
9.265	-1.199297E+06	1.026281E+02	5.497107E+01	5.568179E+03
9.27	-1.199297E+06	1.007912E+02	5.508526E+01	5.568179E+03
9.275	-1.199297E+06	1.057102E+02	5.520566E+01	5.568179E+03
9.28	-1.199298E+06	1.135822E+02	5.533345E+01	5.568179E+03
9.285	-1.199297E+06	1.076820E+02	5.552357E+01	5.568179E+03
9.29	-1.199298E+06	1.084214E+02	5.559405E+01	5.568179E+03
9.295	-1.199298E+06	1.062359E+02	5.553865E+01	5.568179E+03
9.3	-1.199298E+06	1.046723E+02	5.528644E+01	5.568179E+03
9.305	-1.199298E+06	1.042311E+02	5.502751E+01	5.568179E+03
9.31	-1.199297E+06	1.017451E+02	5.482923E+01	5.568179E+03
9.315	-1.199298E+06	1.064310E+02	5.454671E+01	5.568179E+03
9.32	-1.199298E+06	1.013573E+02	5.437148E+01	5.568179E+03
9.325	-1.199298E+06	1.043514E+02	5.411872E+01	5.568179E+03
9.33	-1.199298E+06	1.095976E+02	5.378683E+01	5.568179E+03
9.335	-1.199297E+06	9.890439E+01	5.362243E+01	5.568179E+03
9.34	-1.199298E+06	1.000824E+02	5.362681E+01	5.568179E+03
9.345	-1.199298E+06	1.030052E+02	5.393877E+01	5.568179E+03
9.35	-1.199298E+06	1.019074E+02	5.431631E+01	5.568179E+03
9.355	-1.199298E+06	1.007429E+02	5.460899E+01	5.568179E+03
9.36	-1.199297E+06	1.034622E+02	5.478001E+01	5.568179E+03
9.365	-1.199298E+06	1.098473E+02	5.470704E+01	5.568179E+03
9.37	-1.199298E+06	1.083858E+02	5.463068E+01	5.568179E+03
9.375	-1.199298E+06	1.054980E+02	5.469751E+01	5.568179E+03
9.38	-1.199298E+06	1.027745E+02	5.476896E+01	5.568179E+03
9.385	-1.199297E+06	9.896031E+01	5.464188E+01	5.568179E+03
9.39	-1.199298E+06	1.005608E+02	5.433700E+01	5.568179E+03
9.395	-1.199298E+06	1.021387E+02	5.409565E+01	5.568179E+03
9.4	-1.199298E+06	1.041644E+02	5.388198E+01	5.568179E+03
9.405	-1.199298E+06	1.035375E+02	5.371680E+01	5.568179E+03
9.41	-1.199298E+06	1.050787E+02	5.351162E+01	5.568179E+03
9.415	-1.199298E+06	1.069144E+02	5.323439E+01	5.568179E+03
9.42	-1.199298E+06	1.027013E+02	5.306941E+01	5.568179E+03
9.425	-1.199298E+06	9.579502E+01	5.302169E+01	5.568179E+03
9.43	-1.199298E+06	9.687454E+01	5.310757E+01	5.568179E+03
9.435	-1.199298E+06	1.007786E+02	5.337486E+01	5.568179E+03
9.44	-1.199298E+06	1.029005E+02	5.353349E+01	5.568179E+03
9.445	-1.199298E+06	1.032184E+02	5.362301E+01	5.568179E+03
9.45	-1.199298E+06	9.953051E+01	5.380294E+01	5.568179E+03
9.455	-1.199298E+06	9.972001E+01	5.384072E+01	5.568179E+03
9.46	-1.199298E+06	9.722383E+01	5.367998E+01	5.568179E+03
9.465	-1.199298E+06	9.753687E+01	5.330101E+01	5.568179E+03
9.47	-1.199298E+06	9.983451E+01	5.295350E+01	5.568179E+03
9.475	-1.199298E+06	9.818744E+01	5.287520E+01	5.568179E+03
9.48	-1.199298E+06	1.026585E+02	5.284742E+01	5.568179E+03
9.485	-1.199298E+06	1.002168E+02	5.291049E+01	5.568179E+03
9.49	-1.199298E+06	9.879685E+01	5.295268E+01	5.568179E+03
9.495	-1.199298E+06	9.771524E+01	5.298960E+01	5.568179E+03
9.5	-1.199297E+06	9.421760E+01	5.308935E+01	5.568179E+03
9.505	-1.199298E+06	9.977265E+01	5.313517E+01	5.568179E+03
9.51	-1.199297E+06	9.840335E+01	5.338989E+01	5.568179E+03
9.515	-1.199298E+06	1.044313E+02	5.361124E+01	5.568179E+03
9.52	-1.199298E+06	1.031011E+02	5.370746E+01	5.568179E+03
9.525	-1.199297E+06	9.127876E+01	5.381307E+01	5.568179E+03
9.53	-1.199298E+06	9.901260E+01	5.374845E+01	5.568179E+03
9.535	-1.199298E+06	1.010710E+02	5.372108E+01	5.568179E+03
9.54	-1.199298E+06	1.035632E+02	5.367596E+01	5.568179E+03
9.545	-1.199298E+06	1.042732E+02	5.351079E+01	5.568179E+03
9.55	-1.199298E+06	9.720312E+01	5.324542E+01	5.568179E+03
9.555	-1.199298E+06	9.444937E+01	5.291486E+01	5.568179E+03
9.56	-1.199298E+06	9.218504E+01	5.269176E+01	5.568179E+03
9.565	-1.199298E+06	9.867610E+01	5.270435E+01	5.568179E+03
9.57	-1.199297E+06	9.813750E+01	5.297298E+01	5.568179E+03
9.575	-1.199298E+06	1.008265E+02	5.300193E+01	5.568179E+03
9.58	-1.199298E+06	1.028171E+02	5.287358E+01	5.568179E+03
9.585	-1.199297E+06	9.480492E+01	5.271916E+01	5.568179E+03
9.59	-1.199298E+06	9.771429E+01	5.243275E+01	5.568179E+03
9.595	-1.199298E+06	9.530065E+01	5.247576E+01	5.568179E+03
9.6	-1.199298E+06	9.951208E+01	5.246803E+01	5.568179E+03
9.605	-1.199298E+06	1.075179E+02	5.224233E+01	5.568179E+03
9.61	-1.199297E+06	9.539725E+01	5.220666E+01	5.568179E+03
9.615	-1.199298E+06	9.539078E+01	5.212778E+01	5.568179E+03
9.62	-1.199298E+06	9.841350E+01	5.222456E+01	5.568179E+03
9.625	-1.199297E+06	9.481936E+01	5.234536E+01	5.568179E+03
9.63	-1.199298E+06	1.033113E+02	5.216042E+01	5.568179E+03
9.635	-1.199298E+06	1.003019E+02	5.210926E+01	5.568179E+03
9.64	-1.199298E+06	9.647635E+01	5.208397E+01	5.568179E+03
9.645	-1.199298E+06	9.773146E+01	5.213635E+01	5.568179E+03
9.65	-1.199297E+06	9.230333E+01	5.236454E+01	5.568179E+03
9.655	-1.199298E+06	9.557160E+01	5.246767E+01	5.568179E+03
9.66	-1.199297E+06	9.726008E+01	5.256492E+01	5.568179E+03
9.665	-1.199298E+06	1.021173E+02	5.260696E+01	5.568179E+03
9.67	-1.199298E+06	1.036926E+02	5.262954E+01	5.568179E+03
9.675	-1.199298E+06	9.903805E+01	5.250827E+01	5.568179E+03
9.68	-1.199298E+06	9.690715E+01	5.230807E+01	5.568179E+03
9.685	-1.199298E+06	9.580962E+01	5.227877E+01	5.568179E+03
9.69	-1.199298E+06	9.957087E+01	5.220651E+01	5.568179E+03
9.695	-1.199298E+06	9.453955E+01	5.215750E+01	5.568179E+03
9.7	-1.199298E+06	9.326565E+01	5.201058E+01	5.568179E+03
9.705	-1.199298E+06	9.822669E+01	5.162629E+01	5.568179E+03
9.71	-1.199297E+06	9.348148E+01	5.122992E+01	5.568179E+03
9.715	-1.199298E+06	9.749198E+01	5.078342E+01	5.568179E+03
9.72	-1.199298E+06	9.981247E+01	5.058787E+01	5.568179E+03
9.725	-1.199298E+06	9.745691E+01	5.089043E+01	5.568179E+03
9.73	-1.199298E+06	1.035021E+02	5.140464E+01	5.568179E+03
9.735	-1.199298E+06	9.899174E+01	5.197319E+01	5.568179E+03
9.74	-1.199298E+06	9.643055E+01	5.234017E+01	5.568179E+03
9.745	-1.199298E+06	9.609186E+01	5.251799E+01	5.568179E+03
9.75	-1.199297E+06	9.169524E+01	5.260906E+01	5.568179E+03
9.755	-1.199298E+06	9.670350E+01	5.257405E+01	5.568179E+03
9.76	-1.199298E+06	9.891558E+01	5.256312E+01	5.568179E+03
9.765	-1.199298E+06	9.447062E+01	5.251404E+01	5.568179E+03
9.77	-1.199298E+06	9.544766E+01	5.234615E+01	5.568179E+03
9.775	-1.199298E+06	9.978501E+01	5.214115E+01	5.568179E+03
9.78	-1.199298E+06	9.844800E+01	5.190779E+01	5.568179E+03
9.785	-1.199298E+06	9.482962E+01	5.178983E+01	5.568179E+03
9.79	-1.199298E+06	9.613438E+01	5.185781E+01	5.568179E+03
9.795	-1.199298E+06	9.694316E+01	5.191011E+01	5.568179E+03
9.8	-1.199298E+06	9.749186E+01	5.177286E+01	5.568179E+03
9.805	-1.199298E+06	9.781843E+01	5.151990E+01	5.568179E+03
9.81	-1.199298E+06	9.732932E+01	5.139897E+01	5.568179E+03
9.815	-1.199298E+06	9.019559E+01	5.163620E+01	5.568179E+03
9.82	-1.199298E+06	9.228916E+01	5.197997E+01	5.568179E+03
9.825	-1.199298E+06	1.031335E+02	5.230408E+01	5.568179E+03
9.83	-1.199298E+06	1.015657E+02	5.264825E+01	5.568179E+03
9.835	-1.199298E+06	9.921354E+01	5.282680E+01	5.568179E+03
9.84	-1.199298E+06	9.746351E+01	5.308724E+01	5.568179E+03
9.845	-1.199298E+06	9.753762E+01	5.341168E+01	5.568179E+03
9.85	-1.199298E+06	9.433792E+01	5.342111E+01	5.568179E+03
9.855	-1.199297E+06	9.281024E+01	5.331820E+01	5.568179E+03
9.86	-1.199298E+06	9.838493E+01	5.325924E+01	5.568179E+03
9.865	-1.199298E+06	9.952960E+01	5.293639E+01	5.568179E+03
9.87	-1.199298E+06	9.877685E+01	5.249677E+01	5.568179E+03
9.875	-1.199298E+06	9.564330E+01	5.219014E+01	5.568179E+03
9.88	-1.199298E+06	1.019372E+02	5.184128E+01	5.568179E+03
9.885	-1.199298E+06	9.763142E+01	5.177187E+01	5.568179E+03
9.89	-1.199297E+06	9.292885E+01	5.177343E+01	5.568179E+03
9.895	-1.199298E+06	1.019708E+02	5.159477E+01	5.568179E+03
9.9	-1.199298E+06	9.549696E+01	5.177818E+01	5.568179E+03
9.905	-1.199298E+06	9.585911E+01	5.215224E+01	5.568179E+03
9.91	-1.199298E+06	1.032111E+02	5.248020E+01	5.568179E+03
9.915	-1.199298E+06	9.701082E+01	5.287687E+01	5.568179E+03
9.92	-1.199298E+06	9.525499E+01	5.318554E+01	5.568179E+03
9.925	-1.199298E+06	9.497023E+01	5.344653E+01	5.568179E+03
9.93	-1.199298E+06	9.297787E+01	5.350203E+01	5.568179E+03
9.935	-1.199298E+06	9.783518E+01	5.326728E+01	5.568179E+03
9.94	-1.199298E+06	1.059823E+02	5.294084E+01	5.568179E+03
9.945	-1.199298E+06	1.005384E+02	5.259487E+01	5.568179E+03
9.95	-1.199298E+06	1.028850E+02	5.217692E+01	5.568179E+03
9.955	-1.199298E+06	1.001652E+02	5.194873E+01	5.568179E+03
9.96	-1.199297E+06	9.027401E+01	5.190874E+01	5.568179E+03
9.965	-1.199298E+06	1.025161E+02	5.187941E+01	5.568179E+03
9.97	-1.199298E+06	1.024345E+02	5.210054E+01	5.568179E+03
9.975	-1.199298E+06	1.003208E+02	5.220173E+01	5.568179E+03
9.98	-1.199298E+06	9.829985E+01	5.215167E+01	5.568179E+03
9.985	-1.199298E+06	9.303701E+01	5.221450E+01	5.568179E+03
9.99	-1.199298E+06	9.592810E+01	5.228522E+01	5.568179E+03
9.995	-1.199298E+06	9.585015E+01	5.251240E+01	5.568179E+03
10.0	-1.199298E+06	9.785659E+01	5.279252E+01	5.568179E+03
10.005	-1.199298E+06	1.007594E+02	5.274110E+01	5.568179E+03
10.01	-1.199298E+06	1.007271E+02	5.245385E+01	5.568179E+03
10.015	-1.199298E+06	9.818277E+01	5.208837E+01	5.568179E+03
10.02	-1.199298E+06	9.673058E+01	5.162829E+01	5.568179E+03
10.025	-1.199298E+06	9.645525E+01	5.138262E+01	5.568179E+03
10.03	-1.199297E+06	9.949030E+01	5.148375E+01	5.568179E+03
10.035	-1.199298E+06	1.075591E+02	5.164462E+01	5.568179E+03
10.04	-1.199298E+06	1.026630E+02	5.189117E+01	5.568179E+03
10.045	-1.199298E+06	1.006690E+02	5.200899E+01	5.568179E+03
10.05	-1.199298E+06	1.004554E+02	5.194037E+01	5.568179E+03
10.055	-1.199298E+06	9.948188E+01	5.186911E+01	5.568179E+03
10.06	-1.199298E+06	1.001973E+02	5.174073E+01	5.568179E+03
10.065	-1.199298E+06	9.855665E+01	5.157395E+01	5.568179E+03
10.07	-1.199298E+06	9.758795E+01	5.150068E+01	5.568179E+03
10.075	-1.199297E+06	9.388720E+01	5.144653E+01	5.568179E+03
10.08	-1.199297E+06	9.599031E+01	5.140399E+01	5.568179E+03
10.085	-1.199297E+06	9.531920E+01	5.156481E+01	5.568179E+03
10.09	-1.199297E+06	9.695224E+01	5.180354E+01	5.568179E+03
10.095	-1.199298E+06	1.001170E+02	5.213951E+01	5.568179E+03
10.1	-1.199297E+06	9.877377E+01	5.256628E+01	5.568179E+03
10.105	-1.199298E+06	1.064421E+02	5.280499E+01	5.568179E+03
10.11	-1.199297E+06	9.657254E+01	5.318255E+01	5.568179E+03
10.115	-1.199297E+06	9.999429E+01	5.352738E+01	5.568179E+03
10.12	-1.199298E+06	1.115310E+02	5.381873E+01	5.568179E+03
10.125	-1.199297E+06	1.014918E+02	5.418053E+01	5.568179E+03
10.13	-1.199298E+06	9.797566E+01	5.415641E+01	5.568179E+03
10.135	-1.199298E+06	9.631006E+01	5.391971E+01	5.568179E+03
10.14	-1.199298E+06	9.982599E+01	5.365904E+01	5.568179E+03
10.145	-1.199298E+06	1.052787E+02	5.336542E+01	5.568179E+03
10.15	-1.199297E+06	1.027431E+02	5.325369E+01	5.568179E+03
10.155	-1.199298E+06	1.043134E+02	5.326264E+01	5.568179E+03
10.16	-1.199298E+06	1.055045E+02	5.330680E+01	5.568179E+03
10.165	-1.199297E+06	1.031104E+02	5.350187E+01	5.568179E+03
10.17	-1.199298E+06	1.071226E+02	5.368582E+01	5.568179E+03
10.175	-1.199298E+06	1.077076E+02	5.362382E+01	5.568179E+03
10.18	-1.199298E+06	9.858334E+01	5.346061E+01	5.568179E+03
10.185	-1.199298E+06	9.967638E+01	5.336327E+01	5.568179E+03
10.19	-1.199298E+06	1.068383E+02	5.343266E+01	5.568179E+03
10.195	-1.199298E+06	1.034532E+02	5.366978E+01	5.568179E+03
10.2	-1.199297E+06	9.687638E+01	5.382960E+01	5.568179E+03
10.205	-1.199298E+06	9.869735E+01	5.401377E+01	5.568179E+03
10.21	-1.199297E+06	1.013475E+02	5.448346E+01	5.568179E+03
10.215	-1.199298E+06	1.044809E+02	5.494507E+01	5.568179E+03
10.22	-1.199298E+06	1.064347E+02	5.528598E+01	5.568179E+03
10.225	-1.199297E+06	1.002257E+02	5.552017E+01	5.568179E+03
10.23	-1.199298E+06	1.032775E+02	5.530319E+01	5.568179E+03
10.235	-1.199298E+06	9.689727E+01	5.494479E+01	5.568179E+03
10.24	-1.199297E+06	9.477833E+01	5.450551E+01	5.568179E+03
10.245	-1.199298E+06	1.029000E+02	5.391418E+01	5.568179E+03
10.25	-1.199297E+06	1.011290E+02	5.356318E+01	5.568179E+03
10.255	-1.199298E+06	1.129808E+02	5.331288E+01	5.568179E+03
10.26	-1.199298E+06	1.124141E+02	5.313497E+01	5.568179E+03
10.265	-1.199297E+06	1.086469E+02	5.302108E+01	5.568179E+03
10.27	-1.199298E+06	1.097206E+02	5.316434E+01	5.568179E+03
10.275	-1.199297E+06	1.039535E+02	5.368936E+01	5.568179E+03
10.28	-1.199298E+06	1.057260E+02	5.446437E+01	5.568179E+03
10.285	-1.199298E+06	1.082882E+02	5.529816E+01	5.568179E+03
10.29	-1.199298E+06	1.099662E+02	5.585761E+01	5.568179E+03
10.295	-1.199297E+06	1.044927E+02	5.627518E+01	5.568179E+03
10.3	-1.199298E+06	1.083034E+02	5.649458E+01	5.568179E+03
10.305	-1.199298E+06	1.110003E+02	5.640416E+01	5.568179E+03
10.31	-1.199297E+06	1.046261E+02	5.603436E+01	5.568179E+03
10.315	-1.199298E+06	1.110977E+02	5.542651E+01	5.568179E+03
10.32	-1.199298E+06	1.089470E+02	5.487415E+01	5.568179E+03
10.325	-1.199298E+06	1.075020E+02	5.422344E+01	5.568179E+03
10.33	-1.199298E+06	1.075434E+02	5.375540E+01	5.568179E+03
10.335	-1.199297E+06	1.061246E+02	5.358742E+01	5.568179E+03
10.34	-1.199298E+06	1.110009E+02	5.331160E+01	5.568179E+03
10.345	-1.199297E+06	1.029448E+02	5.316571E+01	5.568179E+03
10.35	-1.199297E+06	9.971851E+01	5.307323E+01	5.568179E+03
10.355	-1.199298E+06	1.064263E+02	5.306995E+01	5.568179E+03
10.36	-1.199297E+06	1.067589E+02	5.342874E+01	5.568179E+03
10.365	-1.199297E+06	1.077285E+02	5.389242E+01	5.568179E+03
10.37	-1.199298E+06	1.111834E+02	5.431515E+01	5.568179E+03
10.375	-1.199297E+06	1.100684E+02	5.451083E+01	5.568179E+03
10.38	-1.199298E+06	1.068161E+02	5.448289E+01	5.568179E+03
10.385	-1.199297E+06	1.047992E+02	5.472505E+01	5.568179E+03
10.39	-1.199298E+06	1.132119E+02	5.517590E+01	5.568179E+03
10.395	-1.199297E+06	1.107662E+02	5.562924E+01	5.568179E+03
10.4	-1.199297E+06	1.050654E+02	5.574374E+01	5.568179E+03
10.405	-1.199297E+06	1.074645E+02	5.540028E+01	5.568179E+03
10.41	-1.199297E+06	1.045215E+02	5.503927E+01	5.568179E+03
10.415	-1.199297E+06	1.105614E+02	5.487539E+01	5.568179E+03
10.42	-1.199297E+06	1.127921E+02	5.488068E+01	5.568179E+03
10.425	-1.199297E+06	1.160422E+02	5.485981E+01	5.568179E+03
10.43	-1.199298E+06	1.188279E+02	5.480553E+01	5.568179E+03
10.435	-1.199297E+06	1.115491E+02	5.464053E+01	5.568179E+03
10.44	-1.199298E+06	1.141069E+02	5.437664E+01	5.568179E+03
10.445	-1.199297E+06	1.067826E+02	5.431395E+01	5.568179E+03
10.45	-1.199297E+06	1.050717E+02	5.428017E+01	5.568179E+03
10.455	-1.199298E+06	1.152803E+02	5.442863E+01	5.568179E+03
10.46	-1.199297E+06	1.177635E+02	5.471353E+01	5.568179E+03
10.465	-1.199298E+06	1.192992E+02	5.475544E+01	5.568179E+03
10.47	-1.199297E+06	1.139023E+02	5.481903E+01	5.568179E+03
10.475	-1.199297E+06	1.154061E+02	5.487394E+01	5.568179E+03
10.48	-1.199298E+06	1.173233E+02	5.494756E+01	5.568179E+03
10.485	-1.199297E+06	1.141680E+02	5.522474E+01	5.568179E+03
10.49	-1.199298E+06	1.166856E+02	5.546346E+01	5.568179E+03
10.495	-1.199298E+06	1.151118E+02	5.563135E+01	5.568179E+03
10.5	-1.199297E+06	1.117722E+02	5.581785E+01	5.568179E+03
10.505	-1.199298E+06	1.188651E+02	5.599216E+01	5.568179E+03
10.51	-1.199298E+06	1.229736E+02	5.624180E+01	5.568179E+03
10.515	-1.199297E+06	1.180735E+02	5.627519E+01	5.568179E+03
10.52	-1.199297E+06	1.175071E+02	5.590250E+01	5.568179E+03
10.525	-1.199297E+06	1.161800E+02	5.549814E+01	5.568179E+03
10.53	-1.199298E+06	1.188481E+02	5.514495E+01	5.568179E+03
10.535	-1.199297E+06	1.190972E+02	5.469338E+01	5.568179E+03
10.54	-1.199297E+06	1.181513E+02	5.415304E+01	5.568179E+03
10.545	-1.199297E+06	1.172754E+02	5.373977E+01	5.568179E+03
10.55	-1.199297E+06	1.169006E+02	5.341011E+01	5.568179E+03
10.555	-1.199297E+06	1.192735E+02	5.343734E+01	5.568179E+03
10.56	-1.199297E+06	1.184423E+02	5.380562E+01	5.568179E+03
10.565	-1.199297E+06	1.184745E+02	5.398971E+01	5.568179E+03
10.57	-1.199297E+06	1.161929E+02	5.426234E+01	5.568179E+03
10.575	-1.199297E+06	1.125863E+02	5.475746E+01	5.568179E+03
10.58	-1.199297E+06	1.154598E+02	5.520661E+01	5.568179E+03
10.585	-1.199297E+06	1.150169E+02	5.582212E+01	5.568179E+03
10.59	-1.199297E+06	1.193773E+02	5.627698E+01	5.568179E+03
10.595	-1.199297E+06	1.225493E+02	5.620845E+01	5.568179E+03
10.6	-1.199297E+06	1.176491E+02	5.600803E+01	5.568179E+03
10.605	-1.199297E+06	1.239747E+02	5.576226E+01	5.568179E+03
10.61	-1.199298E+06	1.280917E+02	5.543527E+01	5.568179E+03
10.615	-1.199297E+06	1.172213E+02	5.512332E+01	5.568179E+03
10.62	-1.199297E+06	1.172587E+02	5.479954E+01	5.568179E+03
10.625	-1.199298E+06	1.254089E+02	5.471320E+01	5.568179E+03
10.63	-1.199297E+06	1.219637E+02	5.475428E+01	5.568179E+03
10.635	-1.199297E+06	1.240547E+02	5.456568E+01	5.568179E+03
10.64	-1.199297E+06	1.238889E+02	5.454384E+01	5.568179E+03
10.645	-1.199297E+06	1.241831E+02	5.469277E+01	5.568179E+03
10.65	-1.199297E+06	1.282601E+02	5.490922E+01	5.568179E+03
10.655	-1.199297E+06	1.284137E+02	5.527178E+01	5.568179E+03
10.66	-1.199297E+06	1.313750E+02	5.538631E+01	5.568179E+03
10.665	-1.199297E+06	1.233498E+02	5.537586E+01	5.568179E+03
10.67	-1.199297E+06	1.180674E+02	5.568416E+01	5.568179E+03
10.675	-1.199297E+06	1.224076E+02	5.617657E+01	5.568179E+03
10.68	-1.199297E+06	1.336742E+02	5.642001E+01	5.568179E+03
10.685	-1.199297E+06	1.293030E+02	5.644281E+01	5.568179E+03
10.69	-1.199297E+06	1.288063E+02	5.584051E+01	5.568179E+03
10.695	-1.199297E+06	1.342194E+02	5.500342E+01	5.568179E+03
10.7	-1.199297E+06	1.228367E+02	5.449070E+01	5.568179E+03
10.705	-1.199297E+06	1.279438E+02	5.389221E+01	5.568179E+03
10.71	-1.199297E+06	1.256990E+02	5.367048E+01	5.568179E+03
10.715	-1.199297E+06	1.258590E+02	5.366731E+01	5.568179E+03
10.72	-1.199297E+06	1.335097E+02	5.357544E+01	5.568179E+03
10.725	-1.199297E+06	1.268904E+02	5.393815E+01	5.568179E+03
10.73	-1.199297E+06	1.319610E+02	5.445941E+01	5.568179E+03
10.735	-1.199297E+06	1.353213E+02	5.477468E+01	5.568179E+03
10.74	-1.199297E+06	1.291317E+02	5.495707E+01	5.568179E+03
10.745	-1.199297E+06	1.278678E+02	5.494259E+01	5.568179E+03
10.75	-1.199297E+06	1.296772E+02	5.489801E+01	5.568179E+03
10.755	-1.199297E+06	1.279675E+02	5.512288E+01	5.568179E+03
10.76	-1.199297E+06	1.307465E+02	5.528365E+01	5.568179E+03
10.765	-1.199297E+06	1.352369E+02	5.521724E+01	5.568179E+03
10.77	-1.199297E+06	1.289892E+02	5.534405E+01	5.568179E+03
10.775	-1.199297E+06	1.354972E+02	5.526211E+01	5.568179E+03
10.78	-1.199297E+06	1.363946E+02	5.497774E+01	5.568179E+03
10.785	-1.199297E+06	1.320515E+02	5.496437E+01	5.568179E+03
10.79	-1.199297E+06	1.471812E+02	5.480260E+01	5.568179E+03
10.795	-1.199297E+06	1.405599E+02	5.471223E+01	5.568179E+03
10.8	-1.199297E+06	1.354873E+02	5.450866E+01	5.568179E+03
10.805	-1.199297E+06	1.474279E+02	5.394632E+01	5.568179E+03
10.81	-1.199297E+06	1.320096E+02	5.394261E+01	5.568179E+03
10.815	-1.199297E+06	1.303339E+02	5.404233E+01	5.568179E+03
10.82	-1.199297E+06	1.418627E+02	5.405273E+01	5.568179E+03
10.825	-1.199297E+06	1.357676E+02	5.446293E+01	5.568179E+03
10.83	-1.199297E+06	1.399028E+02	5.465866E+01	5.568179E+03
10.835	-1.199297E+06	1.434441E+02	5.478429E+01	5.568179E+03
10.84	-1.199297E+06	1.376966E+02	5.513647E+01	5.568179E+03
10.845	-1.199297E+06	1.468839E+02	5.503514E+01	5.568179E+03
10.85	-1.199297E+06	1.456960E+02	5.473545E+01	5.568179E+03
10.855	-1.199297E+06	1.412056E+02	5.447629E+01	5.568179E+03
10.86	-1.199297E+06	1.421748E+02	5.412616E+01	5.568179E+03
10.865	-1.199297E+06	1.361569E+02	5.401998E+01	5.568179E+03
10.87	-1.199297E+06	1.360311E+02	5.411663E+01	5.568179E+03
10.875	-1.199297E+06	1.407052E+02	5.423642E+01	5.568179E+03
10.88	-1.199297E+06	1.430349E+02	5.446000E+01	5.568179E+03
10.885	-1.199297E+06	1.345095E+02	5.464309E+01	5.568179E+03
10.89	-1.199297E+06	1.467951E+02	5.442064E+01	5.568179E+03
10.895	-1.199297E+06	1.501383E+02	5.427000E+01	5.568179E+03
10.9	-1.199297E+06	1.445395E+02	5.398134E+01	5.568179E+03
10.905	-1.199297E+06	1.485027E+02	5.358304E+01	5.568179E+03
10.91	-1.199297E+06	1.384138E+02	5.373879E+01	5.568179E+03
10.915	-1.199297E+06	1.481043E+02	5.387413E+01	5.568179E+03
10.92	-1.199297E+06	1.516229E+02	5.422312E+01	5.568179E+03
10.925	-1.199297E+06	1.408618E+02	5.480507E+01	5.568179E+03
10.93	-1.199297E+06	1.539215E+02	5.486515E+01	5.568179E+03
10.935	-1.199297E+06	1.524035E+02	5.506663E+01	5.568179E+03
10.94	-1.199297E+06	1.487778E+02	5.532002E+01	5.568179E+03
10.945	-1.199297E+06	1.580416E+02	5.502986E+01	5.568179E+03
10.95	-1.199297E+06	1.462456E+02	5.461218E+01	5.568179E+03
10.955	-1.199297E+06	1.438118E+02	5.405796E+01	5.568179E+03
10.96	-1.199297E+06	1.481041E+02	5.365325E+01	5.568179E+03
10.965	-1.199297E+06	1.473820E+02	5.362230E+01	5.568179E+03
10.97	-1.199297E+06	1.571005E+02	5.363109E+01	5.568179E+03
10.975	-1.199297E+06	1.579415E+02	5.380721E+01	5.568179E+03
10.98	-1.199297E+06	1.547491E+02	5.416179E+01	5.568179E+03
10.985	-1.199297E+06	1.549758E+02	5.435068E+01	5.568179E+03
10.99	-1.199297E+06	1.571479E+02	5.398748E+01	5.568179E+03
10.995	-1.199297E+06	1.580251E+02	5.324229E+01	5.568179E+03
11.0	-1.199297E+06	1.594192E+02	5.248762E+01	5.568179E+03
11.005	-1.199297E+06	1.605662E+02	5.168264E+01	5.568179E+03
11.01	-1.199296E+06	1.510271E+02	5.110751E+01	5.568179E+03
11.015	-1.199297E+06	1.576317E+02	5.098405E+01	5.568179E+03
11.02	-1.199297E+06	1.666448E+02	5.133047E+01	5.568179E+03
11.025	-1.199296E+06	1.548801E+02	5.220943E+01	5.568179E+03
11.03	-1.199297E+06	1.570839E+02	5.337989E+01	5.568179E+03
11.035	-1.199297E+06	1.574980E+02	5.450646E+01	5.568179E+03
11.04	-1.199296E+06	1.577734E+02	5.528150E+01	5.568179E+03
11.045	-1.199297E+06	1.691076E+02	5.564844E+01	5.568179E+03
11.05	-1.199297E+06	1.717608E+02	5.560823E+01	5.568179E+03
11.055	-1.199297E+06	1.670784E+02	5.535777E+01	5.568179E+03
11.06	-1.199297E+06	1.680167E+02	5.490265E+01	5.568179E+03
11.065	-1.199297E+06	1.707014E+02	5.423228E+01	5.568179E+03
11.07	-1.199296E+06	1.668048E+02	5.363676E+01	5.568179E+03
11.075	-1.199297E+06	1.684231E+02	5.286504E+01	5.568179E+03
11.08	-1.199297E+06	1.652927E+02	5.209258E+01	5.568179E+03
11.085	-1.199296E+06	1.574789E+02	5.187439E+01	5.568179E+03
11.09	-1.199297E+06	1.724573E+02	5.182531E+01	5.568179E+03
11.095	-1.199297E+06	1.731433E+02	5.206770E+01	5.568179E+03
11.1	-1.199296E+06	1.575258E+02	5.288323E+01	5.568179E+03
11.105	-1.199297E+06	1.694878E+02	5.378912E+01	5.568179E+03
11.11	-1.199296E+06	1.734230E+02	5.477508E+01	5.568179E+03
11.115	-1.199296E+06	1.737832E+02	5.535578E+01	5.568179E+03
11.12	-1.199297E+06	1.858718E+02	5.523073E+01	5.568179E+03
11.125	-1.199296E+06	1.717951E+02	5.496116E+01	5.568179E+03
11.13	-1.199296E+06	1.638217E+02	5.440044E+01	5.568179E+03
11.135	-1.199296E+06	1.728266E+02	5.365778E+01	5.568179E+03
11.14	-1.199296E+06	1.705487E+02	5.321862E+01	5.568179E+03
11.145	-1.199296E+06	1.761782E+02	5.291515E+01	5.568179E+03
11.15	-1.199296E+06	1.811122E+02	5.264944E+01	5.568179E+03
11.155	-1.199296E+06	1.763459E+02	5.243504E+01	5.568179E+03
11.16	-1.199296E+06	1.757845E+02	5.210006E+01	5.568179E+03
11.165	-1.199296E+06	1.846249E+02	5.159931E+01	5.568179E+03
11.17	-1.199296E+06	1.747645E+02	5.142989E+01	5.568179E+03
11.175	-1.199296E+06	1.723804E+02	5.136926E+01	5.568179E+03
11.18	-1.199296E+06	1.855100E+02	5.155501E+01	5.568179E+03
11.185	-1.199296E+06	1.777509E+02	5.224844E+01	5.568179E+03
11.19	-1.199296E+06	1.820305E+02	5.282022E+01	5.568179E+03
11.195	-1.199296E+06	1.842526E+02	5.356125E+01	5.568179E+03
11.2	-1.199296E+06	1.833178E+02	5.403277E+01	5.568179E+03
11.205	-1.199296E+06	1.916860E+02	5.369571E+01	5.568179E+03
11.21	-1.199296E+06	1.775882E+02	5.351672E+01	5.568179E+03
11.215	-1.199296E+06	1.842151E+02	5.337230E+01	5.568179E+03
11.22	-1.199296E+06	2.004346E+02	5.306183E+01	5.568179E+03
11.225	-1.199296E+06	1.935702E+02	5.280161E+01	5.568179E+03
11.23	-1.199296E+06	1.903837E+02	5.211189E+01	5.568179E+03
11.235	-1.199296E+06	1.902215E+02	5.130136E+01	5.568179E+03
11.24	-1.199296E+06	1.797343E+02	5.104702E+01	5.568179E+03
11.245	-1.199296E+06	1.836418E+02	5.093384E+01	5.568179E+03
11.25	-1.199296E+06	1.932125E+02	5.107083E+01	5.568179E+03
11.255	-1.199296E+06	1.923317E+02	5.145295E+01	5.568179E+03
11.26	-1.199296E+06	1.975620E+02	5.166185E+01	5.568179E+03
11.265	-1.199296E+06	2.031381E+02	5.215881E+01	5.568179E+03
11.27	-1.199296E+06	1.999506E+02	5.265794E+01	5.568179E+03
11.275	-1.199296E+06	1.993497E+02	5.282154E+01	5.568179E+03
11.28	-1.199296E+06	2.067469E+02	5.287396E+01	5.568179E+03
11.285	-1.199296E+06	1.991640E+02	5.262411E+01	5.568179E+03
11.29	-1.199296E+06	1.921413E+02	5.191256E+01	5.568179E+03
11.295	-1.199296E+06	1.944920E+02	5.113352E+01	5.568179E+03
11.3	-1.199296E+06	1.928814E+02	5.057059E+01	5.568179E+03
11.305	-1.199296E+06	1.995914E+02	5.008312E+01	5.568179E+03
11.31	-1.199296E+06	2.034836E+02	4.970710E+01	5.568179E+03
11.315	-1.199295E+06	2.028172E+02	4.956055E+01	5.568179E+03
11.32	-1.199296E+06	2.026413E+02	4.964930E+01	5.568179E+03
11.325	-1.199295E+06	2.023381E+02	4.988147E+01	5.568179E+03
11.33	-1.199296E+06	2.122697E+02	5.029068E+01	5.568179E+03
11.335	-1.199296E+06	2.092052E+02	5.090222E+01	5.568179E+03
11.34	-1.199295E+06	1.956950E+02	5.147314E+01	5.568179E+03
11.345	-1.199296E+06	2.105258E+02	5.193264E+01	5.568179E+03
11.35	-1.199296E+06	2.190644E+02	5.196808E+01	5.568179E+03
11.355	-1.199295E+06	2.100400E+02	5.159540E+01	5.568179E+03
11.36	-1.199295E+06	2.086586E+02	5.156807E+01	5.568179E+03
11.365	-1.199295E+06	2.009892E+02	5.155811E+01	5.568179E+03
11.37	-1.199295E+06	2.078938E+02	5.102549E+01	5.568179E+03
11.375	-1.199295E+06	2.096855E+02	5.044320E+01	5.568179E+03
11.38	-1.199295E+06	2.138582E+02	4.972110E+01	5.568179E+03
11.385	-1.199296E+06	2.317890E+02	4.928869E+01	5.568179E+03
11.39	-1.199295E+06	2.227188E+02	4.956121E+01	5.568179E+03
11.395	-1.199295E+06	2.234386E+02	4.986842E+01	5.568179E+03
11.4	-1.199295E+06	2.249166E+02	5.049671E+01	5.568179E+03
11.405	-1.199295E+06	2.212628E+02	5.123303E+01	5.568179E+03
11.41	-1.199295E+06	2.278241E+02	5.176208E+01	5.568179E+03
11.415	-1.199295E+06	2.208426E+02	5.222946E+01	5.568179E+03
11.42	-1.199295E+06	2.230900E+02	5.244071E+01	5.568179E+03
11.425	-1.199295E+06	2.342124E+02	5.267581E+01	5.568179E+03
11.43	-1.199295E+06	2.357435E+02	5.253963E+01	5.568179E+03
11.435	-1.199295E+06	2.342966E+02	5.186520E+01	5.568179E+03
11.44	-1.199295E+06	2.257279E+02	5.138332E+01	5.568179E+03
11.445	-1.199295E+06	2.236751E+02	5.063351E+01	5.568179E+03
11.45	-1.199295E+06	2.166646E+02	4.973760E+01	5.568179E+03
11.455	-1.199295E+06	2.200196E+02	4.913226E+01	5.568179E+03
11.46	-1.199295E+06	2.380579E+02	4.855193E+01	5.568179E+03
11.465	-1.199294E+06	2.249036E+02	4.841283E+01	5.568179E+03
11.47	-1.199295E+06	2.367459E+02	4.846962E+01	5.568179E+03
11.475	-1.199295E+06	2.447042E+02	4.872240E+01	5.568179E+03
11.48	-1.199294E+06	2.386736E+02	4.926496E+01	5.568179E+03
11.485	-1.199295E+06	2.464130E+02	4.975946E+01	5.568179E+03
11.49	-1.199295E+06	2.340266E+02	5.013234E+01	5.568179E+03
11.495	-1.199294E+06	2.234425E+02	5.078062E+01	5.568179E+03
11.5	-1.199294E+06	2.344046E+02	5.163805E+01	5.568179E+03
11.505	-1.199295E+06	2.604525E+02	5.201929E+01	5.568179E+03
11.51	-1.199295E+06	2.470661E+02	5.205383E+01	5.568179E+03
11.515	-1.199294E+06	2.173234E+02	5.172871E+01	5.568179E+03
11.52	-1.199295E+06	2.326032E+02	5.119015E+01	5.568179E+03
11.525	-1.199294E+06	2.252107E+02	5.103219E+01	5.568179E+03
11.53	-1.199294E+06	2.453125E+02	5.048768E+01	5.568179E+03
11.535	-1.199295E+06	2.596149E+02	5.026261E+01	5.568179E+03
11.54	-1.199294E+06	2.498834E+02	5.003982E+01	5.568179E+03
11.545	-1.199295E+06	2.570705E+02	4.934555E+01	5.568179E+03
11.55	-1.199294E+06	2.508795E+02	4.933126E+01	5.568179E+03
11.555	-1.199294E+06	2.556915E+02	4.936063E+01	5.568179E+03
11.56	-1.199294E+06	2.542817E+02	4.929811E+01	5.568179E+03
11.565	-1.199294E+06	2.572205E+02	4.938250E+01	5.568179E+03
11.57	-1.199294E+06	2.613474E+02	4.961662E+01	5.568179E+03
11.575	-1.199294E+06	2.591529E+02	5.042736E+01	5.568179E+03
11.58	-1.199294E+06	2.640579E+02	5.168245E+01	5.568179E+03
11.585	-1.199294E+06	2.575519E+02	5.257126E+01	5.568179E+03
11.59	-1.199294E+06	2.578190E+02	5.266041E+01	5.568179E+03
11.595	-1.199294E+06	2.526999E+02	5.246568E+01	5.568179E+03
11.6	-1.199294E+06	2.513728E+02	5.224960E+01	5.568179E+03
11.605	-1.199294E+06	2.757624E+02	5.201029E+01	5.568179E+03
11.61	-1.199294E+06	2.734877E+02	5.197923E+01	5.568179E+03
11.615	-1.199294E+06	2.675948E+02	5.182480E+01	5.568179E+03
11.62	-1.199294E+06	2.758802E+02	5.154174E+01	5.568179E+03
11.625	-1.199294E+06	2.719367E+02	5.129937E+01	5.568179E+03
11.63	-1.199294E+06	2.716887E+02	5.099067E+01	5.568179E+03
11.635	-1.199294E+06	2.815476E+02	5.080091E+01	5.568179E+03
11.64	-1.199294E+06	2.841216E+02	5.080742E+01	5.568179E+03
11.645	-1.199294E+06	2.658154E+02	5.064704E+01	5.568179E+03
11.65	-1.199294E+06	2.665785E+02	5.029009E+01	5.568179E+03
11.655	-1.199294E+06	2.841253E+02	5.011965E+01	5.568179E+03
11.66	-1.199294E+06	2.774849E+02	4.988933E+01	5.568179E+03
11.665	-1.199294E+06	2.722619E+02	4.983584E+01	5.568179E+03
11.67	-1.199294E+06	2.765970E+02	5.069652E+01	5.568179E+03
11.675	-1.199294E+06	2.920787E+02	5.163032E+01	5.568179E+03
11.68	-1.199294E+06	2.873085E+02	5.248955E+01	5.568179E+03
11.685	-1.199293E+06	2.832970E+02	5.314388E+01	5.568179E+03
11.69	-1.199294E+06	3.008410E+02	5.289872E+01	5.568179E+03
11.695	-1.199294E+06	2.926289E+02	5.239305E+01	5.568179E+03
11.7	-1.199293E+06	2.860279E+02	5.206792E+01	5.568179E+03
11.705	-1.199294E+06	2.938667E+02	5.176870E+01	5.568179E+03
11.71	-1.199294E+06	2.971694E+02	5.147341E+01	5.568179E+03
11.715	-1.199293E+06	2.907239E+02	5.100728E+01	5.568179E+03
11.72	-1.199293E+06	2.950769E+02	5.012680E+01	5.568179E+03
11.725	-1.199294E+06	3.076837E+02	4.941956E+01	5.568179E+03
11.73	-1.199294E+06	3.046061E+02	4.944340E+01	5.568179E+03
11.735	-1.199293E+06	2.912583E+02	4.985101E+01	5.568179E+03
11.74	-1.199293E+06	2.942783E+02	5.053016E+01	5.568179E+03
11.745	-1.199293E+06	2.902067E+02	5.178666E+01	5.568179E+03
11.75	-1.199293E+06	2.812698E+02	5.277211E+01	5.568179E+03
11.755	-1.199293E+06	2.914237E+02	5.341888E+01	5.568179E+03
11.76	-1.199293E+06	3.167153E+02	5.368488E+01	5.568179E+03
11.765	-1.199294E+06	3.319050E+02	5.269215E+01	5.568179E+03
11.77	-1.199293E+06	3.115340E+02	5.161028E+01	5.568179E+03
11.775	-1.199293E+06	2.950453E+02	5.059228E+01	5.568179E+03
11.78	-1.199294E+06	3.143406E+02	4.880408E+01	5.568179E+03
11.785	-1.199293E+06	2.981732E+02	4.795916E+01	5.568179E+03
11.79	-1.199293E+06	3.098102E+02	4.775521E+01	5.568179E+03
11.795	-1.199294E+06	3.383726E+02	4.782088E+01	5.568179E+03
11.8	-1.199293E+06	3.230872E+02	4.889839E+01	5.568179E+03
11.805	-1.199293E+06	3.171495E+02	5.023553E+01	5.568179E+03
11.81	-1.199293E+06	3.221805E+02	5.169448E+01	5.568179E+03
11.815	-1.199293E+06	3.278409E+02	5.337142E+01	5.568179E+03
11.82	-1.199292E+06	3.190968E+02	5.473862E+01	5.568179E+03
11.825	-1.199293E+06	3.370341E+02	5.520972E+01	5.568179E+03
11.83	-1.199293E+06	3.346503E+02	5.520099E+01	5.568179E+03
11.835	-1.199292E+06	3.293090E+02	5.445116E+01	5.568179E+03
11.84	-1.199293E+06	3.612178E+02	5.285053E+01	5.568179E+03
11.845	-1.199292E+06	3.541620E+02	5.137931E+01	5.568179E+03
11.85	-1.199293E+06	3.460929E+02	5.001223E+01	5.568179E+03
11.855	-1.199293E+06	3.372302E+02	4.869486E+01	5.568179E+03
11.86	-1.199292E+06	3.211647E+02	4.796298E+01	5.568179E+03
11.865	-1.199293E+06	3.450673E+02	4.784126E+01	5.568179E+03
11.87	-1.199293E+06	3.540325E+02	4.801753E+01	5.568179E+03
11.875	-1.199292E+06	3.422197E+02	4.875222E+01	5.568179E+03
11.88	-1.199292E+06	3.489814E+02	5.007495E+01	5.568179E+03
11.885	-1.199293E+06	3.618496E+02	5.144012E+01	5.568179E+03
11.89	-1.199292E+06	3.367675E+02	5.305755E+01	5.568179E+03
11.895	-1.199292E+06	3.442757E+02	5.381809E+01	5.568179E+03
11.9	-1.199293E+06	3.604996E+02	5.367285E+01	5.568179E+03
11.905	-1.199292E+06	3.377797E+02	5.330707E+01	5.568179E+03
11.91	-1.199292E+06	3.447973E+02	5.237327E+01	5.568179E+03
11.915	-1.199292E+06	3.493072E+02	5.190010E+01	5.568179E+03
11.92	-1.199292E+06	3.598978E+02	5.153988E+01	5.568179E+03
11.925	-1.199292E+06	3.588669E+02	5.075941E+01	5.568179E+03
11.93	-1.199292E+06	3.639391E+02	4.952357E+01	5.568179E+03
11.935	-1.199292E+06	3.536385E+02	4.818227E+01	5.568179E+03
11.94	-1.199292E+06	3.452419E+02	4.729858E+01	5.568179E+03
11.945	-1.199292E+06	3.456307E+02	4.756268E+01	5.568179E+03
11.95	-1.199292E+06	3.769892E+02	4.783451E+01	5.568179E+03
11.955	-1.199292E+06	4.036278E+02	4.803146E+01	5.568179E+03
11.96	-1.199292E+06	3.875255E+02	4.893458E+01	5.568179E+03
11.965	-1.199291E+06	3.739245E+02	5.004293E+01	5.568179E+03
11.97	-1.199293E+06	3.881336E+02	5.098486E+01	5.568179E+03
11.975	-1.199291E+06	3.576063E+02	5.236947E+01	5.568179E+03
11.98	-1.199292E+06	3.585917E+02	5.319998E+01	5.568179E+03
11.985	-1.199292E+06	3.718693E+02	5.352715E+01	5.568179E+03
11.99	-1.199291E+06	3.668726E+02	5.360404E+01	5.568179E+03
11.995	-1.199292E+06	4.008940E+02	5.280569E+01	5.568179E+03
12.0	-1.199292E+06	4.172799E+02	5.129436E+01	5.568179E+03
12.005	-1.199292E+06	3.825145E+02	4.958923E+01	5.568179E+03
12.01	-1.199292E+06	3.745577E+02	4.809433E+01	5.568179E+03
12.015	-1.199292E+06	3.875635E+02	4.749997E+01	5.568179E+03
12.02	-1.199291E+06	3.845862E+02	4.775945E+01	5.568179E+03
12.025	-1.199292E+06	4.046874E+02	4.849834E+01	5.568179E+03
12.03	-1.199292E+06	4.170046E+02	4.982228E+01	5.568179E+03
12.035	-1.199291E+06	4.020749E+02	5.134161E+01	5.568179E+03
12.04	-1.199292E+06	3.960763E+02	5.253373E+01	5.568179E+03
12.045	-1.199292E+06	3.928552E+02	5.377411E+01	5.568179E+03
12.05	-1.199291E+06	3.903402E+02	5.572913E+01	5.568179E+03
12.055	-1.199292E+06	3.976591E+02	5.772362E+01	5.568179E+03
12.06	-1.199291E+06	4.073147E+02	5.895171E+01	5.568179E+03
12.065	-1.199292E+06	4.247445E+02	5.917394E+01	5.568179E+03
12.07	-1.199292E+06	4.159620E+02	5.826644E+01	5.568179E+03
12.075	-1.199291E+06	3.876515E+02	5.676965E+01	5.568179E+03
12.08	-1.199291E+06	3.955375E+02	5.506799E+01	5.568179E+03
12.085	-1.199292E+06	4.136754E+02	5.329545E+01	5.568179E+03
12.09	-1.199291E+06	4.117555E+02	5.216574E+01	5.568179E+03
12.095	-1.199291E+06	4.192206E+02	5.162869E+01	5.568179E+03
12.1	-1.199291E+06	4.332693E+02	5.137811E+01	5.568179E+03
12.105	-1.199291E+06	4.351286E+02	5.156493E+01	5.568179E+03
12.11	-1.199291E+06	4.240995E+02	5.242289E+01	5.568179E+03
12.115	-1.199291E+06	4.322515E+02	5.357034E+01	5.568179E+03
12.12	-1.199291E+06	4.276873E+02	5.473551E+01	5.568179E+03
12.125	-1.199291E+06	4.085237E+02	5.610872E+01	5.568179E+03
12.13	-1.199291E+06	4.260556E+02	5.732774E+01	5.568179E+03
12.135	-1.199291E+06	4.265190E+02	5.826511E+01	5.568179E+03
12.14	-1.199290E+06	4.176821E+02	5.873392E+01	5.568179E+03
12.145	-1.199291E+06	4.538519E+02	5.804209E+01	5.568179E+03
12.15	-1.199291E+06	4.680050E+02	5.713871E+01	5.568179E+03
12.155	-1.199291E+06	4.675346E+02	5.596737E+01	5.568179E+03
12.16	-1.199291E+06	4.604377E+02	5.399151E+01	5.568179E+03
12.165	-1.199291E+06	4.414565E+02	5.235742E+01	5.568179E+03
12.17	-1.199290E+06	4.211843E+02	5.170959E+01	5.568179E+03
12.175	-1.199291E+06	4.452269E+02	5.123838E+01	5.568179E+03
12.18	-1.199290E+06	4.470964E+02	5.221996E+01	5.568179E+03
12.185	-1.199291E+06	4.598591E+02	5.359496E+01	5.568179E+03
12.19	-1.199291E+06	4.677645E+02	5.429386E+01	5.568179E+03
12.195	-1.199290E+06	4.432828E+02	5.555086E+01	5.568179E+03
12.2	-1.199290E+06	4.409973E+02	5.622231E+01	5.568179E+03
12.205	-1.199290E+06	4.505748E+02	5.610973E+01	5.568179E+03
12.21	-1.199290E+06	4.633017E+02	5.672089E+01	5.568179E+03
12.215	-1.199290E+06	4.817333E+02	5.653394E+01	5.568179E+03
12.22	-1.199291E+06	4.930233E+02	5.565509E+01	5.568179E+03
12.225	-1.199290E+06	4.822172E+02	5.555885E+01	5.568179E+03
12.23	-1.199291E+06	4.899576E+02	5.455085E+01	5.568179E+03
12.235	-1.199290E+06	4.686467E+02	5.348676E+01	5.568179E+03
12.24	-1.199289E+06	4.417926E+02	5.281279E+01	5.568179E+03
12.245	-1.199291E+06	4.783342E+02	5.116809E+01	5.568179E+03
12.25	-1.199290E+06	4.827652E+02	5.045373E+01	5.568179E+03
12.255	-1.199290E+06	4.950361E+02	5.003599E+01	5.568179E+03
12.26	-1.199291E+06	4.979549E+02	4.912806E+01	5.568179E+03
12.265	-1.199290E+06	4.520472E+02	4.892622E+01	5.568179E+03
12.27	-1.199289E+06	4.371855E+02	4.944758E+01	5.568179E+03
12.275	-1.199290E+06	4.745510E+02	5.119713E+01	5.568179E+03
12.28	-1.199290E+06	5.106763E+02	5.374101E+01	5.568179E+03
12.285	-1.199290E+06	4.931666E+02	5.538175E+01	5.568179E+03
12.29	-1.199289E+06	4.842693E+02	5.594251E+01	5.568179E+03
12.295	-1.199290E+06	5.063074E+02	5.560748E+01	5.568179E+03
12.3	-1.199289E+06	4.904608E+02	5.457573E+01	5.568179E+03
12.305	-1.199290E+06	5.003098E+02	5.278801E+01	5.568179E+03
12.31	-1.199290E+06	5.133060E+02	5.072008E+01	5.568179E+03
12.315	-1.199290E+06	5.073033E+02	4.816694E+01	5.568179E+03
12.32	-1.199290E+06	4.937916E+02	4.576094E+01	5.568179E+03
12.325	-1.199289E+06	4.653630E+02	4.473495E+01	5.568179E+03
12.33	-1.199290E+06	4.936598E+02	4.464586E+01	5.568179E+03
12.335	-1.199289E+06	4.947505E+02	4.625698E+01	5.568179E+03
12.34	-1.199290E+06	5.218298E+02	4.881215E+01	5.568179E+03
12.345	-1.199290E+06	5.511962E+02	5.183028E+01	5.568179E+03
12.35	-1.199289E+06	5.145585E+02	5.460162E+01	5.568179E+03
12.355	-1.199289E+06	5.073215E+02	5.623417E+01	5.568179E+03
12.36	-1.199289E+06	5.105541E+02	5.820601E+01	5.568179E+03
12.365	-1.199289E+06	5.334392E+02	5.957409E+01	5.568179E+03
12.37	-1.199290E+06	5.394949E+02	5.942295E+01	5.568179E+03
12.375	-1.199288E+06	5.004925E+02	5.886244E+01	5.568179E+03
12.38	-1.199290E+06	5.605734E+02	5.658668E+01	5.568179E+03
12.385	-1.199290E+06	5.578649E+02	5.409179E+01	5.568179E+03
12.39	-1.199288E+06	5.282862E+02	5.182733E+01	5.568179E+03
12.395	-1.199290E+06	5.639368E+02	4.928518E+01	5.568179E+03
12.4	-1.199289E+06	5.315705E+02	4.772684E+01	5.568179E+03
12.405	-1.199288E+06	4.996277E+02	4.654416E+01	5.568179E+03
12.41	-1.199290E+06	5.417092E+02	4.596362E+01	5.568179E+03
12.415	-1.199289E+06	5.198300E+02	4.704665E+01	5.568179E+03
12.42	-1.199289E+06	5.070284E+02	4.864637E+01	5.568179E+03
12.425	-1.199289E+06	5.361406E+02	5.109822E+01	5.568179E+03
12.43	-1.199289E+06	5.690036E+02	5.396044E+01	5.568179E+03
12.435	-1.199289E+06	5.740956E+02	5.631389E+01	5.568179E+03
12.44	-1.199289E+06	5.777785E+02	5.777101E+01	5.568179E+03
12.445	-1.199289E+06	5.818352E+02	5.847731E+01	5.568179E+03
12.45	-1.199289E+06	5.587105E+02	5.809938E+01	5.568179E+03
12.455	-1.199289E+06	5.455534E+02	5.657935E+01	5.568179E+03
12.46	-1.199288E+06	5.268814E+02	5.534311E+01	5.568179E+03
12.465	-1.199288E+06	5.396302E+02	5.346281E+01	5.568179E+03
12.47	-1.199290E+06	5.751612E+02	5.109964E+01	5.568179E+03
12.475	-1.199288E+06	5.273590E+02	5.027066E+01	5.568179E+03
12.48	-1.199289E+06	5.488428E+02	4.910814E+01	5.568179E+03
12.485	-1.199289E+06	5.702845E+02	4.929432E+01	5.568179E+03
12.49	-1.199288E+06	5.571295E+02	5.104180E+01	5.568179E+03
12.495	-1.199289E+06	5.838110E+02	5.167545E+01	5.568179E+03
12.5	-1.199288E+06	5.655666E+02	5.318021E+01	5.568179E+03
12.505	-1.199289E+06	5.757856E+02	5.430587E+01	5.568179E+03
12.51	-1.199288E+06	5.616439E+02	5.462490E+01	5.568179E+03
12.515	-1.199288E+06	5.785332E+02	5.558769E+01	5.568179E+03
12.52	-1.199289E+06	6.081853E+02	5.613977E+01	5.568179E+03
12.525	-1.199288E+06	5.812461E+02	5.607516E+01	5.568179E+03
12.53	-1.199288E+06	5.677798E+02	5.593709E+01	5.568179E+03
12.535	-1.199288E+06	5.738503E+02	5.483237E+01	5.568179E+03
12.54	-1.199288E+06	5.878811E+02	5.279337E+01	5.568179E+03
12.545	-1.199287E+06	5.616967E+02	5.134509E+01	5.568179E+03
12.55	-1.199288E+06	5.711444E+02	5.075613E+01	5.568179E+03
12.555	-1.199288E+06	5.876063E+02	5.147126E+01	5.568179E+03
12.56	-1.199288E+06	5.853629E+02	5.233868E+01	5.568179E+03
12.565	-1.199288E+06	6.069938E+02	5.225004E+01	5.568179E+03
12.57	-1.199287E+06	6.037903E+02	5.246822E+01	5.568179E+03
12.575	-1.199288E+06	6.118886E+02	5.305949E+01	5.568179E+03
12.58	-1.199287E+06	6.082585E+02	5.428102E+01	5.568179E+03
12.585	-1.199288E+06	6.057994E+02	5.524136E+01	5.568179E+03
12.59	-1.199287E+06	5.840330E+02	5.546600E+01	5.568179E+03
12.595	-1.199287E+06	5.887791E+02	5.529974E+01	5.568179E+03
12.6	-1.199288E+06	6.178818E+02	5.398197E+01	5.568179E+03
12.605	-1.199287E+06	5.926264E+02	5.227376E+01	5.568179E+03
12.61	-1.199288E+06	6.172919E+02	5.033567E+01	5.568179E+03
12.615	-1.199287E+06	5.975685E+02	4.912457E+01	5.568179E+03
12.62	-1.199288E+06	6.104817E+02	4.871426E+01	5.568179E+03
12.625	-1.199287E+06	5.978030E+02	4.869630E+01	5.568179E+03
12.63	-1.199286E+06	5.780272E+02	4.840276E+01	5.568179E+03
12.635	-1.199288E+06	6.118494E+02	4.877754E+01	5.568179E+03
12.64	-1.199287E+06	6.048355E+02	5.030591E+01	5.568179E+03
12.645	-1.199287E+06	6.232855E+02	5.127416E+01	5.568179E+03
12.65	-1.199287E+06	6.269084E+02	5.186559E+01	5.568179E+03
12.655	-1.199287E+06	6.124399E+02	5.235009E+01	5.568179E+03
12.66	-1.199287E+06	6.277739E+02	5.288436E+01	5.568179E+03
12.665	-1.199287E+06	6.215171E+02	5.314477E+01	5.568179E+03
12.67	-1.199286E+06	6.127403E+02	5.322972E+01	5.568179E+03
12.675	-1.199287E+06	6.337422E+02	5.393666E+01	5.568179E+03
12.68	-1.199287E+06	6.355298E+02	5.458953E+01	5.568179E+03
12.685	-1.199286E+06	6.279280E+02	5.498222E+01	5.568179E+03
12.69	-1.199287E+06	6.531574E+02	5.518919E+01	5.568179E+03
12.695	-1.199287E+06	6.534324E+02	5.482512E+01	5.568179E+03
12.7	-1.199286E+06	6.124588E+02	5.390788E+01	5.568179E+03
12.705	-1.199287E+06	6.394010E+02	5.236302E+01	5.568179E+03
12.71	-1.199287E+06	6.808586E+02	5.110889E+01	5.568179E+03
12.715	-1.199287E+06	6.778859E+02	5.043670E+01	5.568179E+03
12.72	-1.199288E+06	6.694505E+02	4.895249E+01	5.568179E+03
12.725	-1.199286E+06	6.007191E+02	4.805247E+01	5.568179E+03
12.73	-1.199286E+06	6.105401E+02	4.761637E+01	5.568179E+03
12.735	-1.199287E+06	6.657814E+02	4.710607E+01	5.568179E+03
12.74	-1.199286E+06	6.456224E+02	4.848321E+01	5.568179E+03
12.745	-1.199286E+06	6.394150E+02	5.069706E+01	5.568179E+03
12.75	-1.199287E+06	6.638544E+02	5.216443E+01	5.568179E+03
12.755	-1.199287E+06	6.621590E+02	5.335627E+01	5.568179E+03
12.76	-1.199286E+06	6.614843E+02	5.367315E+01	5.568179E+03
12.765	-1.199287E+06	6.755765E+02	5.328565E+01	5.568179E+03
12.77	-1.199286E+06	6.432452E+02	5.256004E+01	5.568179E+03
12.775	-1.199286E+06	6.324452E+02	5.059312E+01	5.568179E+03
12.78	-1.199287E+06	6.454225E+02	4.879855E+01	5.568179E+03
12.785	-1.199286E+06	6.403496E+02	4.710364E+01	5.568179E+03
12.79	-1.199287E+06	6.532034E+02	4.500155E+01	5.568179E+03
12.795	-1.199286E+06	6.359952E+02	4.374885E+01	5.568179E+03
12.8	-1.199285E+06	6.289995E+02	4.309690E+01	5.568179E+03
12.805	-1.199286E+06	6.763470E+02	4.376785E+01	5.568179E+03
12.81	-1.199287E+06	7.025089E+02	4.542908E+01	5.568179E+03
12.815	-1.199285E+06	6.560391E+02	4.613202E+01	5.568179E+03
12.82	-1.199286E+06	6.452704E+02	4.628256E+01	5.568179E+03
12.825	-1.199286E+06	6.281903E+02	4.732779E+01	5.568179E+03
12.83	-1.199286E+06	6.425929E+02	4.780560E+01	5.568179E+03
12.835	-1.199286E+06	6.548781E+02	4.809780E+01	5.568179E+03
12.84	-1.199285E+06	6.341591E+02	4.891644E+01	5.568179E+03
12.845	-1.199286E+06	6.763728E+02	4.936055E+01	5.568179E+03
12.85	-1.199286E+06	6.904459E+02	4.954746E+01	5.568179E+03
12.855	-1.199285E+06	6.769653E+02	4.909892E+01	5.568179E+03
12.86	-1.199287E+06	6.928805E+02	4.781918E+01	5.568179E+03
12.865	-1.199285E+06	6.529563E+02	4.646461E+01	5.568179E+03
12.87	-1.199286E+06	6.554404E+02	4.520791E+01	5.568179E+03
12.875	-1.199286E+06	6.590149E+02	4.538526E+01	5.568179E+03
12.88	-1.199286E+06	6.654779E+02	4.603484E+01	5.568179E+03
12.885	-1.199286E+06	6.576362E+02	4.736654E+01	5.568179E+03
12.89	-1.199286E+06	6.504717E+02	4.840147E+01	5.568179E+03
12.895	-1.199286E+06	6.668910E+02	4.946847E+01	5.568179E+03
12.9	-1.199286E+06	6.995209E+02	5.146555E+01	5.568179E+03
12.905	-1.199286E+06	7.208304E+02	5.240626E+01	5.568179E+03
12.91	-1.199286E+06	6.887673E+02	5.292405E+01	5.568179E+03
12.915	-1.199285E+06	6.784034E+02	5.305126E+01	5.568179E+03
12.92	-1.199287E+06	7.077967E+02	5.210663E+01	5.568179E+03
12.925	-1.199285E+06	6.749894E+02	5.126347E+01	5.568179E+03
12.93	-1.199286E+06	6.808063E+02	4.977211E+01	5.568179E+03
12.935	-1.199286E+06	6.925417E+02	4.825105E+01	5.568179E+03
12.94	-1.199285E+06	6.616342E+02	4.715536E+01	5.568179E+03
12.945	-1.199286E+06	6.633482E+02	4.657654E+01	5.568179E+03
12.95	-1.199285E+06	6.756345E+02	4.693792E+01	5.568179E+03
12.955	-1.199286E+06	7.040871E+02	4.725016E+01	5.568179E+03
12.96	-1.199286E+06	7.167115E+02	4.820304E+01	5.568179E+03
12.965	-1.199285E+06	7.095994E+02	4.881309E+01	5.568179E+03
12.97	-1.199286E+06	7.151747E+02	4.857853E+01	5.568179E+03
12.975	-1.199285E+06	6.787040E+02	4.960075E+01	5.568179E+03
12.98	-1.199286E+06	6.753899E+02	5.025088E+01	5.568179E+03
12.985	-1.199286E+06	6.677999E+02	5.053188E+01	5.568179E+03
12.99	-1.199285E+06	6.565093E+02	5.068366E+01	5.568179E+03
12.995	-1.199286E+06	6.970927E+02	4.957438E+01	5.568179E+03
13.0	-1.199286E+06	7.031683E+02	4.923147E+01	5.568179E+03
13.005	-1.199285E+06	6.930321E+02	4.892300E+01	5.568179E+03
13.01	-1.199286E+06	6.887195E+02	4.674357E+01	5.568179E+03
13.015	-1.199285E+06	6.544793E+02	4.501555E+01	5.568179E+03
13.02	-1.199285E+06	6.544315E+02	4.414427E+01	5.568179E+03
13.025	-1.199286E+06	6.870794E+02	4.290844E+01	5.568179E+03
13.03	-1.199285E+06	6.554804E+02	4.253649E+01	5.568179E+03
13.035	-1.199285E+06	6.702183E+02	4.312905E+01	5.568179E+03
13.04	-1.199286E+06	7.228846E+02	4.413955E+01	5.568179E+03
13.045	-1.199285E+06	7.000854E+02	4.505748E+01	5.568179E+03
13.05	-1.199285E+06	6.730830E+02	4.523535E+01	5.568179E+03
13.055	-1.199286E+06	6.772646E+02	4.506380E+01	5.568179E+03
13.06	-1.199285E+06	6.514838E+02	4.553523E+01	5.568179E+03
13.065	-1.199285E+06	6.436636E+02	4.614876E+01	5.568179E+03
13.07	-1.199287E+06	6.863366E+02	4.630496E+01	5.568179E+03
13.075	-1.199284E+06	6.327798E+02	4.635926E+01	5.568179E+03
13.08	-1.199285E+06	6.568454E+02	4.475162E+01	5.568179E+03
13.085	-1.199287E+06	7.234223E+02	4.317230E+01	5.568179E+03
13.09	-1.199285E+06	6.881592E+02	4.271248E+01	5.568179E+03
13.095	-1.199285E+06	6.905839E+02	4.161373E+01	5.568179E+03
13.1	-1.199286E+06	6.912752E+02	4.082218E+01	5.568179E+03
13.105	-1.199284E+06	6.131732E+02	4.140780E+01	5.568179E+03
13.11	-1.199285E+06	6.532496E+02	4.212520E+01	5.568179E+03
13.115	-1.199286E+06	7.056652E+02	4.491691E+01	5.568179E+03
13.12	-1.199286E+06	7.030156E+02	4.789016E+01	5.568179E+03
13.125	-1.199285E+06	6.844413E+02	4.809452E+01	5.568179E+03
13.13	-1.199285E+06	6.744495E+02	4.779798E+01	5.568179E+03
13.135	-1.199285E+06	6.766614E+02	4.795180E+01	5.568179E+03
13.14	-1.199285E+06	6.719502E+02	4.770109E+01	5.568179E+03
13.145	-1.199285E+06	6.827599E+02	4.808184E+01	5.568179E+03
13.15	-1.199286E+06	7.053712E+02	4.845225E+01	5.568179E+03
13.155	-1.199285E+06	6.798083E+02	4.738805E+01	5.568179E+03
13.16	-1.199285E+06	6.633115E+02	4.555066E+01	5.568179E+03
13.165	-1.199286E+06	6.781265E+02	4.395596E+01	5.568179E+03
13.17	-1.199286E+06	6.860245E+02	4.287046E+01	5.568179E+03
13.175	-1.199285E+06	6.646100E+02	4.331453E+01	5.568179E+03
13.18	-1.199285E+06	6.606173E+02	4.444017E+01	5.568179E+03
13.185	-1.199287E+06	6.927311E+02	4.462649E+01	5.568179E+03
13.19	-1.199285E+06	6.528864E+02	4.562205E+01	5.568179E+03
13.195	-1.199285E+06	6.802909E+02	4.702251E+01	5.568179E+03
13.2	-1.199287E+06	7.318292E+02	4.845777E+01	5.568179E+03
13.205	-1.199285E+06	6.886262E+02	4.988036E+01	5.568179E+03
13.21	-1.199286E+06	6.822373E+02	4.883386E+01	5.568179E+03
13.215	-1.199286E+06	6.528428E+02	4.743484E+01	5.568179E+03
13.22	-1.199285E+06	6.307727E+02	4.706378E+01	5.568179E+03
13.225	-1.199286E+06	6.915447E+02	4.570542E+01	5.568179E+03
13.23	-1.199286E+06	6.889607E+02	4.554571E+01	5.568179E+03
13.235	-1.199286E+06	6.736746E+02	4.591797E+01	5.568179E+03
13.24	-1.199286E+06	6.569427E+02	4.465477E+01	5.568179E+03
13.245	-1.199285E+06	6.033780E+02	4.368674E+01	5.568179E+03
13.25	-1.199286E+06	6.324526E+02	4.269459E+01	5.568179E+03
13.255	-1.199286E+06	6.676117E+02	4.148438E+01	5.568179E+03
13.26	-1.199286E+06	6.584531E+02	4.119372E+01	5.568179E+03
13.265	-1.199285E+06	6.377014E+02	4.158997E+01	5.568179E+03
13.27	-1.199286E+06	6.681529E+02	4.182780E+01	5.568179E+03
13.275	-1.199286E+06	6.553525E+02	4.259095E+01	5.568179E+03
13.28	-1.199285E+06	6.205420E+02	4.373446E+01	5.568179E+03
13.285	-1.199286E+06	6.546486E+02	4.598397E+01	5.568179E+03
13.29	-1.199286E+06	6.782208E+02	4.896033E+01	5.568179E+03
13.295	-1.199286E+06	6.744939E+02	5.081715E+01	5.568179E+03
13.3	-1.199286E+06	6.488645E+02	5.214403E+01	5.568179E+03
13.305	-1.199286E+06	6.588805E+02	5.220834E+01	5.568179E+03
13.31	-1.199287E+06	6.858014E+02	5.080712E+01	5.568179E+03
13.315	-1.199286E+06	6.659325E+02	4.953072E+01	5.568179E+03
13.32	-1.199286E+06	6.496639E+02	4.833114E+01	5.568179E+03
13.325	-1.199286E+06	6.601084E+02	4.676874E+01	5.568179E+03
13.33	-1.199286E+06	6.602675E+02	4.487834E+01	5.568179E+03
